provider,region,instance_type,product_name,hourly_price_usd,gpu_type
Azure,germanywestcentral,Standard_NC80adis_H100_v5,Virtual Machines NCadsH100v5 Series,3.63,H100
Azure,eastus2,Standard_NC320lds_xl_RTXPRO6000BSE_v6,Virtual Machines NCldsxlRTX6kv6,2.86,RTX PRO 6000
Azure,eastus,Standard_NC320ds_xl_RTXPRO6000BSE_v6,Virtual Machines NCdsxlRTX6kv6 Windows,6.2616,RTX PRO 6000
Azure,switzerlandwest,Standard_ND96ams_A100_v4,Virtual Machines NDamsr A100 v4 Series Linux,15.83894,A100
Azure,usgovarizona,Standard_NV4as_v4,Virtual Machines NVasv4 Series,0.053777,Other
Azure,eastus2,Standard_NC48ads_A100_v4,NCads A100 v4 Series Linux,7.346,A100
Azure,usgovvirginia,Standard_ND96isr_H200_v5,Virtual Machines NDsrH200v5 Series,106.0,H200
Azure,southindia,Standard_NC64as_T4_v3,Virtual Machines NCasT4 v3 Series Windows,3.627,Other
Azure,usgovvirginia,Standard_NV72ads_A10_v5,Virtual Machines NVadsA10v5 Series,8.15,A10
Azure,westus3,Standard_NV36ads_A10_v5,Virtual Machines NVadsA10v5 Series Windows,4.856,A10
Azure,uaenorth,Standard_NC40ads_H100_v5,Virtual Machines NCadsH100v5 Series,9.98,H100
Azure,southafricanorth,Standard_NV24s_v3,Virtual Machines NVSv3 Series,0.584,Other
Azure,northcentralus,Standard_NC96ads_A100_v4,NCads A100 v4 Series Linux,3.526,A100
Azure,eastus,Standard_NC24r_Promo,Virtual Machines NC Promo Series Windows,2.846,Other
Azure,germanywestcentral,Standard_NV16as_v4,Virtual Machines NVasv4 Series Windows,1.901,Other
Azure,westus,Standard_ND96isr_H200_v5,Virtual Machines NDsrH200v5 Series,110.24,H200
Azure,italynorth,Standard_NC8as_T4_v3,Virtual Machines NCasT4 v3 Series Windows,0.499,Other
Azure,germanywestcentral,Standard_ND96is_MI300X_v5,Virtual Machines NDMI300Xv5 Srs,12.48,MI300X
Azure,qatarcentral,Standard_NV36ads_A10_v5,Virtual Machines NVadsA10v5 Series,0.915,A10
Azure,australiaeast,Standard_NV24s_v3,Virtual Machines NVSv3 Series,0.636,Other
Azure,ukwest,Standard_ND96isr_H200_v5,Virtual Machines NDsrH200v5 Series,111.088,H200
Azure,usgovarizona,Standard_NV72ads_A10_v5,Virtual Machines NVadsA10v5 Series,1.50612,A10
Azure,eastus,Standard_NV4ads_V710_v5,Virtual Machines NVadsV710v5 Series,0.0667,Other
Azure,southcentralus,Standard_NC80adis_H100_v5,Virtual Machines NCadsH100v5 Series Windows,20.44,H100
Azure,australiaeast,Standard_NC8as_T4_v3,Virtual Machines NCasT4 v3 Series,0.978,Other
Azure,germanywestcentral,Standard_NC4as_T4_v3,Virtual Machines NCasT4 v3 Series Windows,0.295458,Other
Azure,eastus2,Standard_ND96isrf_H100_v5,Virtual Machines NDsrf H100 v5 Series Windows,102.736,H100
Azure,northeurope,Standard_NC64ds_xl_RTXPRO6000BSE_v6,Virtual Machines NCdsxlRTX6kv6 Windows,1.3988,RTX PRO 6000
Azure,centralus,Standard_ND96isr_H100_v5,Virtual Machines NDsr H100 v5 Series Windows,125.35,H100
Azure,indonesiacentral,Standard_NV72ads_A10_v5,Virtual Machines NVadsA10v5 Series Windows,2.088055,A10
Azure,southindia,Standard_NC16as_T4_v3,Virtual Machines NCasT4 v3 Series,0.49213,Other
Azure,eastus2,Standard_NC64lds_xl_RTXPRO6000BSE_v6,Virtual Machines NCldsxlRTX6kv6 Windows,5.384,RTX PRO 6000
Azure,polandcentral,Standard_NV16as_v4,Virtual Machines NVasv4 Series,0.215292,Other
Azure,westus,Standard_ND96ams_A100_v4,Virtual Machines NDamsr A100 v4 Series Linux,42.601,A100
Azure,eastus2,Standard_NG32ads_V620_v1,Virtual Machines NGadsV620v1 Series,0.508,Other
Azure,italynorth,Standard_NC4as_T4_v3,Virtual Machines NCasT4 v3 Series Windows,0.799,Other
Azure,canadaeast,Standard_ND96amsr_A100_v4,Virtual Machines NDamsr A100 v4 Series Windows,43.74,A100
Azure,uksouth,Standard_NC80adis_H100_v5,Virtual Machines NCadsH100v5 Series,17.45,H100
Azure,westus,Standard_NV18ads_A10_v5,Virtual Machines NVadsA10v5 Series,0.384384,A10
Azure,southcentralus,Standard_NC8ads_A10_v4,Virtual Machines NCadsA10v4 Series,1.32,A10
Azure,centralindia,Standard_NC96ads_A100_v4,NCads A100 v4 Series Windows,9.994,A100
Azure,swedencentral,Standard_NV4as_v4,Virtual Machines NVasv4 Series Windows,0.094248,Other
Azure,westeurope,Standard_NV18ads_A10_v5,Virtual Machines NVadsA10v5 Series,0.422864,A10
Azure,eastus,Standard_NP20s,Virtual Machines NP Series,0.60984,Other
Azure,malaysiawest,Standard_NV6ads_A10_v5,Virtual Machines NVadsA10v5 Series Windows,0.807,A10
Azure,canadacentral,Standard_NV4as_v4,Virtual Machines NVasv4 Series Windows,0.464,Other
Azure,malaysiawest,Standard_NV12ads_A10_v5,Virtual Machines NVadsA10v5 Series Windows,0.298267,A10
Azure,eastus,Standard_NC48ads_A100_v4,NCads A100 v4 Series Linux,1.469,A100
Azure,italynorth,Standard_NV16as_v4,Virtual Machines NVasv4 Series,0.215292,Other
Azure,koreacentral,Standard_NV18ads_A10_v5,Virtual Machines NVadsA10v5 Series,0.432,A10
Azure,westus2,Standard_NP10s,Virtual Machines NP Series,0.33,Other
Azure,brazilsouth,Standard_NC8as_T4_v3,Virtual Machines NCasT4 v3 Series Windows,0.47705,Other
Azure,polandcentral,Standard_NC16as_T4_v3,Virtual Machines NCasT4 v3 Series Windows,0.895,Other
Azure,southcentralus,Standard_NV16as_v4,Virtual Machines NVasv4 Series Windows,0.742,Other
Azure,westus2,Standard_ND96isr_H200_v5,Virtual Machines NDsrH200v5 Series Windows,89.216,H200
Azure,westeurope,Standard_NV12ads_V710_v5,Virtual Machines NVadsV710v5 Series Windows,0.34225,Other
Azure,westus3,Standard_ND96isr_H200_v5,Virtual Machines NDsrH200v5 Series Windows,89.216,H200
Azure,uksouth,Standard_NV48s_v3,Virtual Machines NVSv3 Series,5.7,Other
Azure,canadacentral,Standard_NC12s_v3,Virtual Machines NCSv3 Series Windows,7.284,Other
Azure,westus3,Standard_NV16as_v4,Virtual Machines NVasv4 Series Windows,0.667,Other
Azure,westus2,Standard_NC12s_v3,Virtual Machines NCSv3 Series,1.130976,Other
Azure,polandcentral,Standard_ND96isr_H100_v5,Virtual Machines NDsr H100 v5 Series Windows,24.436474,H100
Azure,westeurope,Standard_NC8as_T4_v3,Virtual Machines NCasT4 v3 Series,0.94,Other
Azure,chilecentral,Standard_NV32as_v4,Virtual Machines NVasv4 Series Windows,0.754354,Other
Azure,japaneast,Standard_NV6ads_A10_v5,Virtual Machines NVadsA10v5 Series Windows,0.374,A10
Azure,eastus,Standard_NV36ads_A10_v5,Virtual Machines NVadsA10v5 Series Windows,4.856,A10
Azure,westus,Standard_NC96ads_A100_v4,NCads A100 v4 Series Windows,23.516,A100
Azure,eastus,Standard_NV36adms_A10_v5,Virtual Machines NVadsA10v5 Series Windows,6.176,A10
Azure,germanywestcentral,Standard_NV72ads_A10_v5,Virtual Machines NVadsA10v5 Series Windows,2.178422,A10
Azure,westus2,Standard_NC32lds_xl_RTXPRO6000BSE_v6,Virtual Machines NCldsxlRTX6kv6,0.2486,RTX PRO 6000
Azure,polandcentral,Standard_NC4as_T4_v3,Virtual Machines NCasT4 v3 Series,0.656,Other
Azure,eastus,Standard_NC32ds_xl_RTXPRO6000BSE_v6,Virtual Machines NCdsxlRTX6kv6 Windows,2.914,RTX PRO 6000
Azure,usgovarizona,Standard_NC24rs_v3,Virtual Machines NCSv3 Series Windows,3.285005,Other
Azure,eastus2,Standard_NV12ads_A10_v5,Virtual Machines NVadsA10v5 Series,0.182,A10
Azure,swedencentral,Standard_NC64as_T4_v3,Virtual Machines NCasT4 v3 Series Windows,3.019,Other
Azure,southeastasia,Standard_ND96isr_H200_v5,Virtual Machines NDsrH200v5 Series,110.24,H200
Azure,switzerlandnorth,Standard_NC24s_v3,Virtual Machines NCSv3 Series,16.821,Other
Azure,westus3,Standard_NC24ads_A100_v4,NCads A100 v4 Series Linux,3.673,A100
Azure,southindia,Standard_ND96ams_A100_v4,Virtual Machines NDamsr A100 v4 Series Windows,53.899,A100
Azure,brazilsouth,Standard_NV72ads_A10_v5,Virtual Machines NVadsA10v5 Series Windows,16.352,A10
Azure,norwayeast,Standard_ND96isr_H200_v5,Virtual Machines NDsrH200v5 Series,121.264,H200
Azure,northeurope,Standard_NV24s_v3,Virtual Machines NVSv3 Series Windows,0.651235,Other
Azure,swedencentral,Standard_NV72ads_A10_v5,Virtual Machines NVadsA10v5 Series,1.695,A10
Azure,canadacentral,Standard_NC40ads_H100_v5,Virtual Machines NCadsH100v5 Series Windows,4.172,H100
Azure,usgovvirginia,Standard_NC12s_v3,Virtual Machines NCSv3 Series Windows,8.08,Other
Azure,westus3,Standard_ND96isr_H100_v5,Virtual Machines NDsr H100 v5 Series,98.32,H100
Azure,eastus,Standard_NC24s_v3,Virtual Machines NCSv3 Series,2.448,Other
Azure,westus3,Standard_NG32ads_V620_v1,Virtual Machines NGadsV620v1 Series,2.54,Other
Azure,eastus2,Standard_NC24rs_v3,Virtual Machines NCSv3 Series Windows,5.83488,Other
Azure,westeurope,Standard_NV16as_v4,Virtual Machines NVasv4 Series,1.165,Other
Azure,eastus2,Standard_NC64ds_xl_RTXPRO6000BSE_v6,Virtual Machines NCdsxlRTX6kv6,0.566,RTX PRO 6000
Azure,australiaeast,Standard_NC24r_Promo,Virtual Machines NC Promo Series,3.006,Other
Azure,koreacentral,Standard_NC6s_v3,Virtual Machines NCSv3 Series Windows,1.804,Other
Azure,usgovvirginia,Standard_NC16as_T4_v3,Virtual Machines NCasT4 v3 Series,1.505,Other
Azure,italynorth,Standard_NC48ads_A100_v4,NCads A100 v4 Series Windows,2.185812,A100
Azure,usgovarizona,Standard_NV8as_v4,Virtual Machines NVasv4 Series Windows,0.17556,Other
Azure,northeurope,Standard_NV48s_v3,Virtual Machines NVSv3 Series Windows,2.819,Other
Azure,mexicocentral,Standard_NV16as_v4,Virtual Machines NVasv4 Series Windows,0.325433,Other
Azure,southcentralus,Standard_NC8as_T4_v3,Virtual Machines NCasT4 v3 Series Windows,0.508,Other
Azure,spaincentral,Standard_ND96is_noIB_H100_v5,Virtual Machines NDsH100v5 Series,21.258283,H100
Azure,northeurope,Standard_NC24s_v3,Virtual Machines NCSv3 Series Windows,5.729,Other
Azure,polandcentral,Standard_NC64as_T4_v3,Virtual Machines NCasT4 v3 Series,1.647547,Other
Azure,eastus2,Standard_ND96is_MI300X_v5,Virtual Machines NDMI300Xv5 Srs,8.8704,MI300X
Azure,uksouth,Standard_NV72ads_A10_v5,Virtual Machines NVadsA10v5 Series Windows,11.462,A10
Azure,southeastus,Standard_ND96isf_H100_v5,Virtual Machines NDsrf H100 v5 Series Windows,22.07436,H100
Azure,westeurope,Standard_NP40s,Virtual Machines NP Series,1.716,Other
Azure,eastus,Standard_ND96isr_H100_v5,Virtual Machines NDsr H100 v5 Series,98.32,H100
Azure,uksouth,Standard_NC12_Promo,Virtual Machines NC Promo Series,1.129,Other
Azure,canadacentral,Standard_ND96ams_A100_v4,Virtual Machines NDamsr A100 v4 Series Windows,17.496,A100
Azure,polandcentral,Standard_ND96is_MI300X_v5,Virtual Machines NDMI300Xv5 Srs Windows,78.336,MI300X
Azure,jioindiacentral,Standard_NV18ads_A10_v5,Virtual Machines NVadsA10v5 Series Windows,3.068,A10
Azure,westeurope,Standard_NV12ads_V710_v5,Virtual Machines NVadsV710v5 Series Windows,0.741,Other
Azure,northeurope,Standard_NC24rs_v3,Virtual Machines NCSv3 Series Windows,2.891196,Other
Azure,southcentralus,Standard_ND96isr_H100_v5,Virtual Machines NDsr H100 v5 Series Windows,48.954,H100
Azure,eastus,Standard_NC8lds_xl_RTXPRO6000BSE_v6,Virtual Machines NCldsxlRTX6kv6,0.11,RTX PRO 6000
Azure,westus2,Standard_NV32as_v4,Virtual Machines NVasv4 Series,1.864,Other
Azure,uaenorth,Standard_NC40ads_H100_v5,Virtual Machines NCadsH100v5 Series,1.844304,H100
Azure,japaneast,Standard_NC24rs_v3,Virtual Machines NCSv3 Series Windows,3.614318,Other
Azure,southcentralus,Standard_NV16as_v4,Virtual Machines NVasv4 Series Windows,0.342619,Other
Azure,eastus,Standard_NV6ads_A10_v5,Virtual Machines NVadsA10v5 Series,0.454,A10
Azure,westus3,Standard_NG16ads_V620_v1,Virtual Machines NGadsV620v1 Series,0.254,Other
Azure,australiaeast,Standard_NC8as_T4_v3,Virtual Machines NCasT4 v3 Series Windows,0.39034,Other
Azure,eastus2,Standard_NV12_Promo,Virtual Machines NV Promo Series,1.442,Other
Azure,centralus,Standard_NC4as_T4_v3,Virtual Machines NCasT4 v3 Series Windows,0.778,Other
Azure,francecentral,Standard_NV48s_v3,Virtual Machines NVSv3 Series,5.7,Other
Azure,southeastasia,Standard_NC40ads_H100_v5,Virtual Machines NCadsH100v5 Series Windows,4.366,H100
Azure,swedencentral,Standard_ND40s_v2,Virtual Machines NDSv2 Series,12.24,Other
Azure,switzerlandnorth,Standard_NV18ads_A10_v5,Virtual Machines NVadsA10v5 Series,0.458,A10
Azure,uksouth,Standard_NC64as_T4_v3,Virtual Machines NCasT4 v3 Series,2.917207,Other
Azure,japaneast,Standard_NC64as_T4_v3,Virtual Machines NCasT4 v3 Series,1.175,Other
Azure,westus,Standard_NV12s_v3,Virtual Machines NVSv3 Series Windows,0.312682,Other
Azure,swedencentral,Standard_ND40rs_v2,Virtual Machines NDrSv2 Series Windows,9.549,Other
Azure,italynorth,Standard_NV4as_v4,Virtual Machines NVasv4 Series,0.291,Other
Azure,germanywestcentral,Standard_NC48ads_A100_v4,NCads A100 v4 Series Linux,1.91,A100
Azure,japaneast,Standard_NV18ads_A10_v5,Virtual Machines NVadsA10v5 Series Windows,3.148,A10
Azure,attdallas1,Standard_NC4as_T4_v3,Virtual Machines NCasT4 v3 Series,0.0686,Other
Azure,eastus2,Standard_NG32adms_V620,Virtual Machines NGadsV620v1 Series Windows,0.882235,Other
Azure,eastus2,Standard_ND96ams_A100_v4,Virtual Machines NDamsr A100 v4 Series Linux,8.5202,A100
Azure,westus2,Standard_NV12s_v3,Virtual Machines NVSv3 Series Windows,0.677,Other
Azure,polandcentral,Standard_NV72ads_A10_v5,Virtual Machines NVadsA10v5 Series,1.566365,A10
Azure,westus2,Standard_NV24s_v3,Virtual Machines NVSv3 Series,2.28,Other
Azure,westus2,Standard_NV12ads_A10_v5,Virtual Machines NVadsA10v5 Series Windows,1.46,A10
Azure,italynorth,Standard_NC48ads_A100_v4,NCads A100 v4 Series Linux,9.55,A100
Azure,brazilsouth,Standard_NV72ads_A10_v5,Virtual Machines NVadsA10v5 Series,2.608,A10
Azure,indonesiacentral,Standard_NC40ads_H100_v5,Virtual Machines NCadsH100v5 Series Windows,2.209546,H100
Azure,westus,Standard_NC320lds_xl_RTXPRO6000BSE_v6,Virtual Machines NCldsxlRTX6kv6,3.718,RTX PRO 6000
Azure,westeurope,Standard_NV16as_v4,Virtual Machines NVasv4 Series Windows,0.351305,Other
Azure,uksouth,Standard_NV8as_v4,Virtual Machines NVasv4 Series Windows,0.17556,Other
Azure,eastus,Standard_ND96asr_v4,Virtual Machines NDasr A100 v4 Series Windows,12.645,Other
Azure,spaincentral,Standard_NV36ads_A10_v5,Virtual Machines NVadsA10v5 Series Windows,5.816,A10
Azure,southcentralus,Standard_NV12s_v3,Virtual Machines NVSv3 Series,1.368,Other
Azure,northcentralus,Standard_NC4as_T4_v3,Virtual Machines NCasT4 v3 Series Windows,0.2059,Other
Azure,japaneast,Standard_ND96ams_A100_v4,Virtual Machines NDamsr A100 v4 Series Linux,12.35442,A100
Azure,westus2,Standard_NV36adms_A10_v5,Virtual Machines NVadsA10v5 Series,4.52,A10
Azure,southeastasia,Standard_NV32as_v4,Virtual Machines NVasv4 Series,0.44777,Other
Azure,southcentralus,Standard_NV36ads_A10_v5,Virtual Machines NVadsA10v5 Series,0.768,A10
Azure,eastus2,Standard_NV24_Promo,Virtual Machines NV Promo Series Windows,3.988,Other
Azure,westeurope,Standard_ND96is_noIB_H100_v5,Virtual Machines NDsH100v5 Series,21.258283,H100
Azure,polandcentral,Standard_ND96isr_H200_v5,Virtual Machines NDsrH200v5 Series Windows,135.008,H200
Azure,switzerlandnorth,Standard_NV12ads_A10_v5,Virtual Machines NVadsA10v5 Series,1.298,A10
Azure,southeastus,Standard_ND96is_noIB_H100_v5,Virtual Machines NDsH100v5 Series Windows,22.07436,H100
Azure,southcentralus,Standard_NP10s,Virtual Machines NP Series Windows,0.976,Other
Azure,eastasia,Standard_ND40s_v2,Virtual Machines NDSv2 Series,5.841,Other
Azure,northeurope,Standard_NC48ads_A100_v4,NCads A100 v4 Series Windows,2.240976,A100
Azure,centralus,Standard_NV6ads_A10_v5,Virtual Machines NVadsA10v5 Series Windows,0.834,A10
Azure,westeurope,Standard_ND96asr_A100_v4,Virtual Machines NDasr A100 v4 Series,7.77854,A100
Azure,eastus2,Standard_NV32as_v4,Virtual Machines NVasv4 Series Windows,1.334,Other
Azure,germanywestcentral,Standard_NV36adms_A10_v5,Virtual Machines NVadsA10v5 Series,1.085885,A10
Azure,switzerlandnorth,Standard_ND96ams_A100_v4,Virtual Machines NDamsr A100 v4 Series Windows,13.33202,A100
Azure,southcentralus,Standard_NC12_Promo,Virtual Machines NC Promo Series,0.95,Other
Azure,westeurope,Standard_NC48ads_A100_v4,NCads A100 v4 Series Linux,1.91,A100
Azure,centralindia,Standard_NV12ads_A10_v5,Virtual Machines NVadsA10v5 Series Windows,0.729,A10
Azure,usgovarizona,Standard_NV8as_v4,Virtual Machines NVasv4 Series Windows,0.38,Other
Azure,eastus2,Standard_NC6s_v3,Virtual Machines NCSv3 Series,0.565488,Other
Azure,eastus,Standard_NC48ads_A100_v4,NCads A100 v4 Series Windows,3.822,A100
Azure,westus3,Standard_NG32ads_V620_v1,Virtual Machines NGadsV620v1 Series Windows,1.605,Other
Azure,qatarcentral,Standard_NV72ads_A10_v5,Virtual Machines NVadsA10v5 Series Windows,5.054,A10
Azure,northcentralus,Standard_ND96is_noIB_H100_v5,Virtual Machines NDsH100v5 Series,19.620401,H100
Azure,switzerlandnorth,Standard_NC96ads_A100_v4,NCads A100 v4 Series Windows,25.426,A100
Azure,northcentralus,Standard_NV32as_v4,Virtual Machines NVasv4 Series Windows,0.685423,Other
Azure,japaneast,Standard_NC96ads_A100_v4,NCads A100 v4 Series Windows,4.989486,A100
Azure,spaincentral,Standard_NC96ads_A100_v4,NCads A100 v4 Series Windows,23.516,A100
Azure,westus,Standard_NC48ads_A100_v4,NCads A100 v4 Series Linux,9.55,A100
Azure,canadacentral,Standard_NV18ads_A10_v5,Virtual Machines NVadsA10v5 Series Windows,0.50783,A10
Azure,switzerlandwest,Standard_ND96ams_A100_v4,Virtual Machines NDamsr A100 v4 Series Windows,16.9871,A100
Azure,jioindiawest,Standard_NV36adms_A10_v5,Virtual Machines NVadsA10v5 Series,6.328,A10
Azure,southeastus,Standard_ND96is_flex_H100_v5,Virtual Machines NDsfH100v5 Series,21.258283,H100
Azure,westus3,Standard_ND96asr_A100_v4,Virtual Machines NDasr A100 v4 Series Windows,12.645,A100
Azure,westeurope,Standard_NV4ads_V710_v5,Virtual Machines NVadsV710v5 Series Windows,0.247,Other
Azure,eastus,Standard_NV72ads_A10_v5,Virtual Machines NVadsA10v5 Series Windows,1.816954,A10
Azure,brazilsouth,Standard_NC64as_T4_v3,Virtual Machines NCasT4 v3 Series Windows,4.131,Other
Azure,westeurope,Standard_NV18ads_A10_v5,Virtual Machines NVadsA10v5 Series Windows,0.591196,A10
Azure,uksouth,Standard_NC80adis_H100_v5,Virtual Machines NCadsH100v5 Series Windows,21.13,H100
Azure,uksouth,Standard_NV8as_v4,Virtual Machines NVasv4 Series Windows,0.38,Other
Azure,polandcentral,Standard_NV6ads_A10_v5,Virtual Machines NVadsA10v5 Series,0.118,A10
Azure,australiaeast,Standard_NC80adis_H100_v5,Virtual Machines NCadsH100v5 Series,4.048,H100
Azure,indonesiacentral,Standard_ND128isr_NDR_GB200_v6,Virtual Machines NDsrGB200NDRv6 Windows,132.428,GB200
Azure,northeurope,Standard_NC64as_T4_v3,Virtual Machines NCasT4 v3 Series Windows,7.797,Other
Azure,mexicocentral,Standard_NV36ads_A10_v5,Virtual Machines NVadsA10v5 Series Windows,5.188,A10
Azure,malaysiawest,Standard_NC64as_T4_v3,Virtual Machines NCasT4 v3 Series Windows,8.155,Other
Azure,southcentralus,Standard_ND40rs_v2,Virtual Machines NDrSv2 Series,4.885742,Other
Azure,usgovvirginia,Standard_NV32as_v4,Virtual Machines NVasv4 Series,0.430584,Other
Azure,centralus,Standard_NC8as_T4_v3,Virtual Machines NCasT4 v3 Series,0.849,Other
Azure,brazilsouth,Standard_NV36ads_A10_v5,Virtual Machines NVadsA10v5 Series Windows,8.056,A10
Azure,southafricanorth,Standard_NV48s_v3,Virtual Machines NVSv3 Series,5.841,Other
Azure,malaysiawest,Standard_NC80adis_H100_v5,Virtual Machines NCadsH100v5 Series,3.018338,H100
Azure,qatarcentral,Standard_NV6ads_A10_v5,Virtual Machines NVadsA10v5 Series Windows,0.37,A10
Azure,centralindia,Standard_NC12s_v3,Virtual Machines NCSv3 Series,1.694,Other
Azure,eastus2,Standard_NV36ads_A10_v5,Virtual Machines NVadsA10v5 Series Windows,0.995966,A10
Azure,francecentral,Standard_NV6ads_A10_v5,Virtual Machines NVadsA10v5 Series Windows,0.155786,A10
Azure,francecentral,Standard_NV36ads_A10_v5,Virtual Machines NVadsA10v5 Series,4.0,A10
Azure,usgovarizona,Standard_NV4as_v4,Virtual Machines NVasv4 Series Windows,0.475,Other
Azure,attdallas1,Standard_NV8as_v4,Virtual Machines NVasv4 Series,0.196,Other
Azure,koreacentral,Standard_NC16as_T4_v3,Virtual Machines NCasT4 v3 Series Windows,2.217,Other
Azure,southcentralus,Standard_NM16ads_MA35D  ,Virtual Machines NMadsMA35D Series,0.468,Other
Azure,francecentral,Standard_NC24rs_v3,Virtual Machines NCSv3 Series,2.911154,Other
Azure,norwaywest,Standard_NV48s_v3,Virtual Machines NVSv3 Series,1.63,Other
Azure,southcentralus,Standard_NV72ads_A10_v5,Virtual Machines NVadsA10v5 Series,1.565,A10
Azure,centralus,Standard_NG16ads_V620_v1,Virtual Machines NGadsV620v1 Series,0.288288,Other
Azure,southcentralus,Standard_NC80adis_H100_v5,Virtual Machines NCadsH100v5 Series,16.76,H100
Azure,jioindiawest,Standard_NC24ads_A100_v4,NCads A100 v4 Series Linux,5.142,A100
Azure,usgovarizona,Standard_NV48s_v3,Virtual Machines NVSv3 Series,1.05336,Other
Azure,swedencentral,Standard_NG8ads_V620_v1,Virtual Machines NGadsV620v1 Series,0.826,Other
Azure,southcentralus,Standard_ND96is_H100_v5,Virtual Machines NDsr H100 v5 Series,21.234,H100
Azure,northeurope,Standard_NC4as_T4_v3,Virtual Machines NCasT4 v3 Series Windows,0.502615,Other
Azure,eastasia,Standard_NC6s_v3,Virtual Machines NCSv3 Series Windows,5.019,Other
Azure,southeastasia,Standard_NV36adms_A10_v5,Virtual Machines NVadsA10v5 Series,1.175,A10
Azure,southcentralus,Standard_NV48s_v3,Virtual Machines NVSv3 Series Windows,7.68,Other
Azure,spaincentral,Standard_NV36adms_A10_v5,Virtual Machines NVadsA10v5 Series Windows,7.532,A10
Azure,usgovvirginia,Standard_NC6s_v3,Virtual Machines NCSv3 Series,0.734,Other
Azure,germanywestcentral,Standard_NC64as_T4_v3,Virtual Machines NCasT4 v3 Series Windows,2.937735,Other
Azure,norwayeast,Standard_ND96isr_H200_v5,Virtual Machines NDsrH200v5 Series Windows,125.68,H200
Azure,northeurope,Standard_NV36ads_A10_v5,Virtual Machines NVadsA10v5 Series Windows,2.198,A10
Azure,attdallas1,Standard_NC4as_T4_v3,Virtual Machines NCasT4 v3 Series,0.343,Other
Azure,southcentralus,Standard_NM16ads_MA35D  ,Virtual Machines NMadsMA35D Series Windows,0.568445,Other
Azure,centralindia,Standard_NV18ads_A10_v5,Virtual Machines NVadsA10v5 Series Windows,1.227,A10
Azure,italynorth,Standard_ND96amsr_A100_v4,Virtual Machines NDamsr A100 v4 Series Windows,11.79828,A100
Azure,qatarcentral,Standard_NV18ads_A10_v5,Virtual Machines NVadsA10v5 Series Windows,1.246,A10
Azure,westus,Standard_NV4ads_V710_v5,Virtual Machines NVadsV710v5 Series,0.433,Other
Azure,westus,Standard_NV6_Promo,Virtual Machines NV Promo Series,0.744,Other
Azure,northeurope,Standard_NC24s_v3,Virtual Machines NCSv3 Series,2.644,Other
Azure,southcentralus,Standard_NP40s,Virtual Machines NP Series Windows,9.76,Other
Azure,southeastasia,Standard_NV8as_v4,Virtual Machines NVasv4 Series Windows,0.974,Other
Azure,japaneast,Standard_NV16as_v4,Virtual Machines NVasv4 Series Windows,0.385678,Other
Azure,southafricanorth,Standard_NV24s_v3,Virtual Machines NVSv3 Series,2.921,Other
Azure,jioindiawest,Standard_NC40ads_H100_v5,Virtual Machines NCadsH100v5 Series,9.772,H100
Azure,australiacentral2,Standard_NC4as_T4_v3,Virtual Machines NCasT4 v3 Series Windows,0.1302,Other
Azure,southeastasia,Standard_NC16lds_xl_RTXPRO6000BSE_v6,Virtual Machines NCldsxlRTX6kv6 Windows,2.318,RTX PRO 6000
Azure,westus3,Standard_ND96amsr_A100_v4,Virtual Machines NDamsr A100 v4 Series Linux,6.554,A100
Azure,uksouth,Standard_NG16ads_V620_v1,Virtual Machines NGadsV620v1 Series,1.59,Other
Azure,canadacentral,Standard_NC12s_v3,Virtual Machines NCSv3 Series,1.244074,Other
Azure,indonesiacentral,Standard_ND128isr_NDR_GB200_v6,Virtual Machines NDsrGB200NDRv6 Series,126.54,GB200
Azure,israelcentral,Standard_NV36adms_A10_v5,Virtual Machines NVadsA10v5 Series,1.293,A10
Azure,japanwest,Standard_ND96isr_H200_v5,Virtual Machines NDsrH200v5 Series,131.44,H200
Azure,uksouth,Standard_NV36adms_A10_v5,Virtual Machines NVadsA10v5 Series Windows,7.306,A10
Azure,japaneast,Standard_NC48ads_A100_v4,NCads A100 v4 Series Windows,5.144,A100
Azure,westus,Standard_ND96amsr_A100_v4,Virtual Machines NDamsr A100 v4 Series Windows,12.22442,A100
Azure,northcentralus,Standard_ND96is_MI300X_v5,Virtual Machines NDMI300Xv5 Srs,57.6,MI300X
Azure,westeurope,Standard_ND96amsr_A100_v4,Virtual Machines NDamsr A100 v4 Series Linux,10.65012,A100
Azure,malaysiawest,Standard_NC16as_T4_v3,Virtual Machines NCasT4 v3 Series Windows,0.6322,Other
Azure,switzerlandnorth,Standard_NC6s_v3,Virtual Machines NCSv3 Series,0.777084,Other
Azure,uaenorth,Standard_NV6ads_A10_v5,Virtual Machines NVadsA10v5 Series Windows,0.925,A10
Azure,canadacentral,Standard_NV36adms_A10_v5,Virtual Machines NVadsA10v5 Series,5.424,A10
Azure,northeurope,Standard_NC24ads_A100_v4,NCads A100 v4 Series Windows,2.205,A100
Azure,spaincentral,Standard_NV12ads_V710_v5,Virtual Machines NVadsV710v5 Series Windows,0.34225,Other
Azure,koreacentral,Standard_NC64as_T4_v3,Virtual Machines NCasT4 v3 Series Windows,2.40613,Other
Azure,brazilsouth,Standard_ND128isr_NDR_GB200_v6,Virtual Machines NDsrGB200NDRv6 Windows,222.208,GB200
Azure,westus,Standard_ND96is_MI300X_v5,Virtual Machines NDMI300Xv5 Srs,12.571,MI300X
Azure,koreacentral,Standard_NC96ads_A100_v4,NCads A100 v4 Series Windows,9.7,A100
Azure,attdallas1,Standard_NV16ahs_v4,Virtual Machines NVasv4 VDI Series,0.548,Other
Azure,eastus2,Standard_ND96isr_MI300X_v5,Virtual Machines NDMI300Xv5 Srs Windows,9.686477,MI300X
Azure,southcentralus,Standard_NC8as_T4_v3,Virtual Machines NCasT4 v3 Series,0.18,Other
Azure,westeurope,Standard_NV24_Promo,Virtual Machines NV Promo Series Windows,4.382,Other
Azure,centralus,Standard_NC256ds_xl_RTXPRO6000BSE_v6,Virtual Machines NCdsxlRTX6kv6 Windows,27.482,RTX PRO 6000
Azure,canadacentral,Standard_NC96ads_A100_v4,NCads A100 v4 Series Linux,3.526,A100
Azure,westus,Standard_NC128lds_xl_RTXPRO6000BSE_v6,Virtual Machines NCldsxlRTX6kv6,7.15,RTX PRO 6000
Azure,brazilsouth,Standard_NC24s_v3,Virtual Machines NCSv3 Series Windows,10.234,Other
Azure,westus2,Standard_NC64as_T4_v3,Virtual Machines NCasT4 v3 Series,0.87,Other
Azure,westus3,Standard_ND128isr_NDR_GB200_v6,Virtual Machines NDsrGB200NDRv6 Series,108.16,GB200
Azure,uaenorth,Standard_NV12ads_A10_v5,Virtual Machines NVadsA10v5 Series,0.26,A10
Azure,westus,Standard_NV8ads_V710_v5,Virtual Machines NVadsV710v5 Series Windows,1.235,Other
Azure,eastus2,Standard_ND96is_flex_H100_v5,Virtual Machines NDsfH100v5 Series Windows,17.168659,H100
Azure,japaneast,Standard_NG16ads_V620_v1,Virtual Machines NGadsV620v1 Series Windows,2.576,Other
Azure,uaenorth,Standard_NC40ads_H100_v5,Virtual Machines NCadsH100v5 Series Windows,2.184336,H100
Azure,westus,Standard_NC80adis_H100_v5,Virtual Machines NCadsH100v5 Series Windows,8.731,H100
Azure,germanywestcentral,Standard_NV32as_v4,Virtual Machines NVasv4 Series,0.466,Other
Azure,usgovvirginia,Standard_ND96asr_A100_v4,Virtual Machines NDasr A100 v4 Series Windows,15.368,A100
Azure,mexicocentral,Standard_ND96isr_H200_v5,Virtual Machines NDsrH200v5 Series Windows,97.696,H200
Azure,koreacentral,Standard_NV36adms_A10_v5,Virtual Machines NVadsA10v5 Series Windows,1.433678,A10
Azure,usgovvirginia,Standard_NV12ads_A10_v5,Virtual Machines NVadsA10v5 Series Windows,1.687,A10
Azure,northcentralus,Standard_NV12ads_V710_v5,Virtual Machines NVadsV710v5 Series,1.2,Other
Azure,uksouth,Standard_NC24rs_v3,Virtual Machines NCSv3 Series,3.158,Other
Azure,centralindia,Standard_NV24_Promo,Virtual Machines NV Promo Series Windows,5.227,Other
Azure,canadacentral,Standard_NV16as_v4,Virtual Machines NVasv4 Series Windows,0.342619,Other
Azure,qatarcentral,Standard_NV12ads_A10_v5,Virtual Machines NVadsA10v5 Series,0.26,A10
Azure,francecentral,Standard_NC4as_T4_v3,Virtual Machines NCasT4 v3 Series Windows,0.799,Other
Azure,italynorth,Standard_NV6ads_A10_v5,Virtual Machines NVadsA10v5 Series,0.59,A10
Azure,norwayeast,Standard_ND96amsr_A100_v4,Virtual Machines NDamsr A100 v4 Series Linux,12.18386,A100
Azure,canadacentral,Standard_NC4as_T4_v3,Virtual Machines NCasT4 v3 Series,0.16936,Other
Azure,uksouth,Standard_NV12s_v3,Virtual Machines NVSv3 Series Windows,0.791,Other
Azure,uksouth,Standard_NC24rs_v3,Virtual Machines NCSv3 Series Windows,6.758,Other
Azure,australiaeast,Standard_NC24rs_v3,Virtual Machines NCSv3 Series,3.442824,Other
Azure,westus,Standard_NC128lds_xl_RTXPRO6000BSE_v6,Virtual Machines NCldsxlRTX6kv6,1.43,RTX PRO 6000
Azure,jioindiacentral,Standard_NV6ads_A10_v5,Virtual Machines NVadsA10v5 Series,0.636,A10
Azure,japaneast,Standard_ND96isr_H100_v5,Virtual Machines NDsr H100 v5 Series Windows,146.98,H100
Azure,malaysiawest,Standard_NC40ads_H100_v5,Virtual Machines NCadsH100v5 Series Windows,4.003,H100
Azure,australiaeast,Standard_NV12ads_V710_v5,Virtual Machines NVadsV710v5 Series Windows,0.4004,Other
Azure,japaneast,Standard_NP20s,Virtual Machines NP Series Windows,2.282,Other
Azure,switzerlandnorth,Standard_NC24rs_v3,Virtual Machines NCSv3 Series,3.701,Other
Azure,spaincentral,Standard_ND96isr_H100_v5,Virtual Machines NDsr H100 v5 Series,23.620397,H100
Azure,westus,Standard_NC24ads_A100_v4,NCads A100 v4 Series Linux,4.775,A100
Azure,qatarcentral,Standard_NC12s_v3,Virtual Machines NCSv3 Series,8.411,Other
Azure,italynorth,Standard_ND96amsr_A100_v4,Virtual Machines NDamsr A100 v4 Series Linux,40.962,A100
Azure,westus3,Standard_NC24s_v3,Virtual Machines NCSv3 Series Windows,5.338,Other
Azure,southafricanorth,Standard_NV48s_v3,Virtual Machines NVSv3 Series Windows,8.049,Other
Azure,usgovvirginia,Standard_NV8as_v4,Virtual Machines NVasv4 Series Windows,0.17556,Other
Azure,westcentralus,Standard_ND96isr_MI300X_v5,Virtual Machines NDMI300Xv5 Srs,11.52,MI300X
Azure,northcentralus,Standard_ND96isr_H100_v5,Virtual Machines NDsr H100 v5 Series,21.803443,H100
Azure,australiaeast,Standard_NV72ads_A10_v5,Virtual Machines NVadsA10v5 Series,1.891,A10
Azure,westus,Standard_NV48s_v3,Virtual Machines NVSv3 Series Windows,2.708,Other
Azure,westus,Standard_NV12s_v2,Virtual Machines NVSv2 Series,0.307,Other
Azure,southcentralus,Standard_NC64as_T4_v3,Virtual Machines NCasT4 v3 Series Windows,8.166,Other
Azure,norwayeast,Standard_ND96ams_A100_v4,Virtual Machines NDamsr A100 v4 Series Windows,20.511,A100
Azure,westus3,Standard_NV36adms_A10_v5,Virtual Machines NVadsA10v5 Series Windows,1.141325,A10
Azure,mexicocentral,Standard_NV18ads_A10_v5,Virtual Machines NVadsA10v5 Series Windows,1.038,A10
Azure,westus,Standard_NC4as_T4_v3,Virtual Machines NCasT4 v3 Series Windows,0.326,Other
Azure,francecentral,Standard_NC16as_T4_v3,Virtual Machines NCasT4 v3 Series Windows,0.857,Other
Azure,japaneast,Standard_NV48s_v3,Virtual Machines NVSv3 Series,1.167936,Other
Azure,spaincentral,Standard_NV32as_v4,Virtual Machines NVasv4 Series,2.423,Other
Azure,canadacentral,Standard_ND96isr_MI300X_v5,Virtual Machines NDMI300Xv5 Srs Windows,62.016,MI300X
Azure,westus,Standard_NV6ads_A10_v5,Virtual Machines NVadsA10v5 Series Windows,0.346,A10
Azure,centralus,Standard_NC64lds_xl_RTXPRO6000BSE_v6,Virtual Machines NCldsxlRTX6kv6,3.003,RTX PRO 6000
Azure,indonesiacentral,Standard_NV18ads_A10_v5,Virtual Machines NVadsA10v5 Series,1.96,A10
Azure,eastus2,Standard_NC64as_T4_v3,Virtual Machines NCasT4 v3 Series,0.87,Other
Azure,koreasouth,Standard_NC40ads_H100_v5,Virtual Machines NCadsH100v5 Series,8.725,H100
Azure,koreacentral,Standard_NV36adms_A10_v5,Virtual Machines NVadsA10v5 Series,1.22,A10
Azure,eastus2,Standard_NC256lds_xl_RTXPRO6000BSE_v6,Virtual Machines NCldsxlRTX6kv6,2.2,RTX PRO 6000
Azure,eastus,Standard_NC16lds_xl_RTXPRO6000BSE_v6,Virtual Machines NCldsxlRTX6kv6 Windows,0.3732,RTX PRO 6000
Azure,israelcentral,Standard_NV72ads_A10_v5,Virtual Machines NVadsA10v5 Series Windows,5.054,A10
Azure,northcentralus,Standard_NV24ads_V710_v5,Virtual Machines NVadsV710v5 Series,0.44352,Other
Azure,usgovvirginia,Standard_NV4as_v4,Virtual Machines NVasv4 Series,0.0582,Other
Azure,southcentralus,Standard_NC40ads_H100_v5,Virtual Machines NCadsH100v5 Series,5.223254,H100
Azure,spaincentral,Standard_NC48ads_A100_v4,NCads A100 v4 Series Windows,2.172878,A100
Azure,centralus,Standard_NG16ads_V620_v1,Virtual Machines NGadsV620v1 Series Windows,2.296,Other
Azure,northcentralus,Standard_NV32as_v4,Virtual Machines NVasv4 Series,0.447,Other
Azure,attatlanta1,Standard_NV4as_v4,Virtual Machines NVasv4 Series,0.0816,Other
Azure,japanwest,Standard_ND96isr_H100_v5,Virtual Machines NDsr H100 v5 Series Windows,62.725,H100
Azure,australiaeast,Standard_ND128isr_NDR_GB200_v6,Virtual Machines NDsrGB200NDRv6 Series,156.84,GB200
Azure,francecentral,Standard_NV16as_v4,Virtual Machines NVasv4 Series,1.165,Other
Azure,japanwest,Standard_ND96isr_H100_v5,Virtual Machines NDsr H100 v5 Series,28.162781,H100
Azure,eastus,Standard_NV12ads_V710_v5,Virtual Machines NVadsV710v5 Series,0.1848,Other
Azure,uksouth,Standard_NC64as_T4_v3,Virtual Machines NCasT4 v3 Series,5.092,Other
Azure,centralindia,Standard_NV4as_v4,Virtual Machines NVasv4 Series,0.0652,Other
Azure,norwaywest,Standard_NV24s_v3,Virtual Machines NVSv3 Series,0.815,Other
Azure,westus2,Standard_NV72ads_A10_v5,Virtual Machines NVadsA10v5 Series,1.304,A10
Azure,eastus,Standard_NC16as_T4_v3,Virtual Machines NCasT4 v3 Series,1.204,Other
Azure,attatlanta1,Standard_NV16ahs_v4,Virtual Machines NVasv4 VDI Series,0.457,Other
Azure,norwayeast,Standard_NV12s_v3,Virtual Machines NVSv3 Series,1.568,Other
Azure,attatlanta1,Standard_NC64as_T4_v3,Virtual Machines NCasT4 v3 Series,7.6,Other
Azure,westus3,Standard_NV6ads_A10_v5,Virtual Machines NVadsA10v5 Series,0.0908,A10
Azure,southeastus,Standard_ND96is_flex_H100_v5,Virtual Machines NDsfH100v5 Series Windows,22.07436,H100
Azure,westus3,Standard_NC40ads_H100_v5,Virtual Machines NCadsH100v5 Series Windows,3.528,H100
Azure,northcentralus,Standard_NV6ads_A10_v5,Virtual Machines NVadsA10v5 Series,0.545,A10
Azure,japaneast,Standard_NP20s,Virtual Machines NP Series,0.884268,Other
Azure,israelcentral,Standard_NV18ads_A10_v5,Virtual Machines NVadsA10v5 Series,0.458,A10
Azure,francecentral,Standard_NC16as_T4_v3,Virtual Machines NCasT4 v3 Series,0.281,Other
Azure,francecentral,Standard_ND96is_MI300X_v5,Virtual Machines NDMI300Xv5 Srs Windows,11.904077,MI300X
Azure,qatarcentral,Standard_NC24rs_v3,Virtual Machines NCSv3 Series Windows,3.666432,Other
Azure,westeurope,Standard_ND96ams_A100_v4,Virtual Machines NDamsr A100 v4 Series Windows,11.79828,A100
Azure,italynorth,Standard_ND96amsr_A100_v4,Virtual Machines NDamsr A100 v4 Series Windows,18.151,A100
Azure,centralindia,Standard_NV12s_v3,Virtual Machines NVSv3 Series Windows,0.39695,Other
Azure,attatlanta1,Standard_NC4as_T4_v3,Virtual Machines NCasT4 v3 Series Windows,1.104,Other
Azure,attdallas1,Standard_NV8as_v4,Virtual Machines NVasv4 Series Windows,1.347,Other
Azure,northcentralus,Standard_NC64as_T4_v3,Virtual Machines NCasT4 v3 Series,0.87,Other
Azure,usgovarizona,Standard_ND96ams_A100_v4,Virtual Machines NDamsr A100 v4 Series Linux,10.65012,A100
Azure,polandcentral,Standard_ND96is_H100_v5,Virtual Machines NDsr H100 v5 Series Windows,47.78,H100
Azure,northcentralus,Standard_NC16as_T4_v3,Virtual Machines NCasT4 v3 Series Windows,1.94,Other
Azure,westus,Standard_ND96is_noIB_H100_v5,Virtual Machines NDsH100v5 Series Windows,119.45,H100
Azure,uaenorth,Standard_NC40ads_H100_v5,Virtual Machines NCadsH100v5 Series,1.996,H100
Azure,swedencentral,Standard_NC96ads_A100_v4,NCads A100 v4 Series Windows,11.520488,A100
Azure,centralus,Standard_NC80adis_H100_v5,Virtual Machines NCadsH100v5 Series Windows,20.85,H100
Azure,norwaywest,Standard_NV48s_v3,Virtual Machines NVSv3 Series Windows,10.359,Other
Azure,japaneast,Standard_ND96amsr_A100_v4,Virtual Machines NDamsr A100 v4 Series Linux,47.517,A100
Azure,koreacentral,Standard_NV8as_v4,Virtual Machines NVasv4 Series,0.629,Other
Azure,eastus2,Standard_NV32as_v4,Virtual Machines NVasv4 Series,0.373,Other
Azure,eastus,Standard_NV12ads_V710_v5,Virtual Machines NVadsV710v5 Series Windows,0.28681,Other
Azure,westeurope,Standard_NV12s_v3,Virtual Machines NVSv3 Series,0.286,Other
Azure,westus2,Standard_NP20s,Virtual Machines NP Series Windows,1.688,Other
Azure,koreacentral,Standard_NV16as_v4,Virtual Machines NVasv4 Series Windows,0.798,Other
Azure,usgovvirginia,Standard_NC64as_T4_v3,Virtual Machines NCasT4 v3 Series,5.44,Other
Azure,westus3,Standard_NC12s_v3,Virtual Machines NCSv3 Series Windows,1.232986,Other
Azure,italynorth,Standard_ND96asr_v4,Virtual Machines NDasr A100 v4 Series Windows,8.75006,Other
Azure,usgovvirginia,Standard_ND96ams_A100_v4,Virtual Machines NDamsr A100 v4 Series Linux,10.65012,A100
Azure,centralus,Standard_NC24s_v3,Virtual Machines NCSv3 Series Windows,2.759988,Other
Azure,southeastasia,Standard_NV18ads_A10_v5,Virtual Machines NVadsA10v5 Series Windows,1.163,A10
Azure,northcentralus,Standard_ND96is_H100_v5,Virtual Machines NDsr H100 v5 Series Windows,20.43925,H100
Azure,spaincentral,Standard_ND96is_flex_H100_v5,Virtual Machines NDsfH100v5 Series,21.258283,H100
Azure,australiaeast,Standard_ND96amsr_A100_v4,Virtual Machines NDamsr A100 v4 Series Windows,13.50232,A100
Azure,eastus,Standard_NC16lds_xl_RTXPRO6000BSE_v6,Virtual Machines NCldsxlRTX6kv6,1.13,RTX PRO 6000
Azure,westus,Standard_NV48s_v3,Virtual Machines NVSv3 Series Windows,6.768,Other
Azure,israelcentral,Standard_NC4as_T4_v3,Virtual Machines NCasT4 v3 Series,0.145,Other
Azure,centralindia,Standard_NC80adis_H100_v5,Virtual Machines NCadsH100v5 Series,14.07168,H100
Azure,swedencentral,Standard_NV36adms_A10_v5,Virtual Machines NVadsA10v5 Series Windows,1.403212,A10
Azure,southcentralus,Standard_NC16ads_A10_v4,Virtual Machines NCadsA10v4 Series Windows,0.623885,A10
Azure,swedencentral,Standard_ND96is_H100_v5,Virtual Machines NDsr H100 v5 Series Windows,47.78,H100
Azure,westus2,Standard_NC64lds_xl_RTXPRO6000BSE_v6,Virtual Machines NCldsxlRTX6kv6 Windows,5.384,RTX PRO 6000
Azure,uksouth,Standard_NV32as_v4,Virtual Machines NVasv4 Series Windows,3.802,Other
Azure,koreacentral,Standard_NC16as_T4_v3,Virtual Machines NCasT4 v3 Series Windows,0.64293,Other
Azure,swedencentral,Standard_NV4as_v4,Virtual Machines NVasv4 Series Windows,0.51,Other
Azure,australiasoutheast,Standard_ND96isr_MI300X_v5,Virtual Machines NDMI300Xv5 Srs Windows,71.616,MI300X
Azure,uaenorth,Standard_NV18ads_A10_v5,Virtual Machines NVadsA10v5 Series,2.288,A10
Azure,westus3,Standard_NG16ads_V620_v1,Virtual Machines NGadsV620v1 Series,0.234696,Other
Azure,eastasia,Standard_ND40s_v2,Virtual Machines NDSv2 Series,5.397084,Other
Azure,brazilsouth,Standard_NC96ads_A100_v4,NCads A100 v4 Series Windows,13.52,A100
Azure,usgovarizona,Standard_NV4as_v4,Virtual Machines NVasv4 Series,0.291,Other
Azure,southeastasia,Standard_NP40s,Virtual Machines NP Series,1.585584,Other
Azure,eastus,Standard_NC64as_T4_v3,Virtual Machines NCasT4 v3 Series,1.689882,Other
Azure,polandcentral,Standard_NC8as_T4_v3,Virtual Machines NCasT4 v3 Series,0.187,Other
Azure,koreacentral,Standard_NC4as_T4_v3,Virtual Machines NCasT4 v3 Series Windows,0.831,Other
Azure,eastus,Standard_NP10s,Virtual Machines NP Series,0.30492,Other
Azure,switzerlandnorth,Standard_NC24ads_A100_v4,NCads A100 v4 Series Windows,2.543,A100
Azure,westeurope,Standard_NC8ads_A10_v4,Virtual Machines NCadsA10v4 Series,1.43,A10
Azure,northeurope,Standard_NV12s_v3,Virtual Machines NVSv3 Series Windows,0.325618,Other
Azure,japaneast,Standard_NP10s,Virtual Machines NP Series,2.392,Other
Azure,koreacentral,Standard_NC4as_T4_v3,Virtual Machines NCasT4 v3 Series Windows,0.24099,Other
Azure,westeurope,Standard_NC8as_T4_v3,Virtual Machines NCasT4 v3 Series,0.188,Other
Azure,westus2,Standard_NC320lds_xl_RTXPRO6000BSE_v6,Virtual Machines NCldsxlRTX6kv6 Windows,5.804,RTX PRO 6000
Azure,uksouth,Standard_ND96isr_H200_v5,Virtual Machines NDsrH200v5 Series,106.0,H200
Azure,israelcentral,Standard_NC12s_v3,Virtual Machines NCSv3 Series Windows,8.963,Other
Azure,italynorth,Standard_ND96asr_A100_v4,Virtual Machines NDasr A100 v4 Series Windows,39.773,A100
Azure,japaneast,Standard_NC12s_v3,Virtual Machines NCSv3 Series,1.678,Other
Azure,malaysiawest,Standard_NV36ads_A10_v5,Virtual Machines NVadsA10v5 Series,3.744,A10
Azure,centralus,Standard_NC64as_T4_v3,Virtual Machines NCasT4 v3 Series,0.981,Other
Azure,westeurope,Standard_NC24s_v3,Virtual Machines NCSv3 Series Windows,3.029981,Other
Azure,westus2,Standard_ND40rs_v2,Virtual Machines NDrSv2 Series,4.406,Other
Azure,ukwest,Standard_ND96amsr_A100_v4,Virtual Machines NDamsr A100 v4 Series Linux,11.16154,A100
Azure,southeastasia,Standard_NC24rs_v3,Virtual Machines NCSv3 Series Windows,19.734,Other
Azure,italynorth,Standard_NC4as_T4_v3,Virtual Machines NCasT4 v3 Series,0.615,Other
Azure,northcentralus,Standard_ND96is_noIB_H100_v5,Virtual Machines NDsH100v5 Series Windows,20.436478,H100
Azure,jioindiacentral,Standard_NV36adms_A10_v5,Virtual Machines NVadsA10v5 Series Windows,7.984,A10
Azure,brazilsouth,Standard_NC24s_v3,Virtual Machines NCSv3 Series,24.48,Other
Azure,switzerlandnorth,Standard_NC48ads_A100_v4,NCads A100 v4 Series Windows,2.349362,A100
Azure,eastus2,Standard_ND96isr_H200_v5,Virtual Machines NDsrH200v5 Series Windows,89.216,H200
Azure,italynorth,Standard_NV12ads_A10_v5,Virtual Machines NVadsA10v5 Series,0.236,A10
Azure,westeurope,Standard_NC48ads_A100_v4,NCads A100 v4 Series Linux,3.81045,A100
Azure,southeastasia,Standard_NC40ads_H100_v5,Virtual Machines NCadsH100v5 Series,1.815,H100
Azure,brazilsouth,Standard_NV6ads_A10_v5,Virtual Machines NVadsA10v5 Series,0.908,A10
Azure,centralus,Standard_NM16ads_MA35D  ,Virtual Machines NMadsMA35D Series,0.443335,Other
Azure,northcentralus,Standard_NV72ads_A10_v5,Virtual Machines NVadsA10v5 Series Windows,11.136,A10
Azure,uksouth,Standard_ND96isr_H100_v5,Virtual Machines NDsr H100 v5 Series,22.71192,H100
Azure,southcentralus,Standard_NP20s,Virtual Machines NP Series Windows,0.901824,Other
Azure,eastasia,Standard_NV36ads_A10_v5,Virtual Machines NVadsA10v5 Series Windows,6.616,A10
Azure,eastus2,Standard_NC256lds_xl_RTXPRO6000BSE_v6,Virtual Machines NCldsxlRTX6kv6,11.0,RTX PRO 6000
Azure,uksouth,Standard_NC80adis_H100_v5,Virtual Machines NCadsH100v5 Series,3.49,H100
Azure,eastus,Standard_ND40rs_v2,Virtual Machines NDrSv2 Series Windows,4.411546,Other
Azure,southcentralus,Standard_NC8as_T4_v3,Virtual Machines NCasT4 v3 Series Windows,1.27,Other
Azure,swedencentral,Standard_NC8as_T4_v3,Virtual Machines NCasT4 v3 Series Windows,0.466,Other
Azure,eastus,Standard_NC12s_v3,Virtual Machines NCSv3 Series,6.12,Other
Azure,uksouth,Standard_NV4as_v4,Virtual Machines NVasv4 Series,0.291,Other
Azure,northcentralus,Standard_NC4as_T4_v3,Virtual Machines NCasT4 v3 Series,0.526,Other
Azure,westus3,Standard_NC24rs_v3,Virtual Machines NCSv3 Series,2.692,Other
Azure,italynorth,Standard_NC4as_T4_v3,Virtual Machines NCasT4 v3 Series Windows,0.23171,Other
Azure,israelcentral,Standard_NV72ads_A10_v5,Virtual Machines NVadsA10v5 Series,1.865,A10
Azure,westeurope,Standard_NV12ads_A10_v5,Virtual Machines NVadsA10v5 Series,0.236,A10
Azure,indonesiacentral,Standard_NV12ads_A10_v5,Virtual Machines NVadsA10v5 Series Windows,1.664,A10
Azure,germanywestcentral,Standard_ND128isr_NDR_GB200_v6,Virtual Machines NDsrGB200NDRv6 Windows,146.488,GB200
Azure,northcentralus,Standard_ND128isr_NDR_GB200_v6,Virtual Machines NDsrGB200NDRv6 Windows,135.688,GB200
Azure,australiaeast,Standard_NV12s_v3,Virtual Machines NVSv3 Series,1.59,Other
Azure,polandcentral,Standard_NC24ads_A100_v4,NCads A100 v4 Series Linux,4.775,A100
Azure,polandcentral,Standard_ND96isr_H100_v5,Virtual Machines NDsr H100 v5 Series Windows,132.232,H100
Azure,jioindiawest,Standard_NV12ads_A10_v5,Virtual Machines NVadsA10v5 Series Windows,1.823,A10
Azure,polandcentral,Standard_NV8as_v4,Virtual Machines NVasv4 Series Windows,0.17556,Other
Azure,switzerlandnorth,Standard_NC80adis_H100_v5,Virtual Machines NCadsH100v5 Series,19.963,H100
Azure,swedencentral,Standard_NV36ads_A10_v5,Virtual Machines NVadsA10v5 Series Windows,1.083521,A10
Azure,germanywestcentral,Standard_NC48ads_A100_v4,NCads A100 v4 Series Windows,2.390401,A100
Azure,australiaeast,Standard_NV4as_v4,Virtual Machines NVasv4 Series,0.062462,Other
Azure,australiaeast,Standard_NC4as_T4_v3,Virtual Machines NCasT4 v3 Series Windows,0.347,Other
Azure,southcentralus,Standard_NV28adms_V710_v5,Virtual Machines NVadsV710v5 Series Windows,0.770246,Other
Azure,southcentralus,Standard_NV32as_v4,Virtual Machines NVasv4 Series Windows,3.708,Other
Azure,japaneast,Standard_NC16as_T4_v3,Virtual Machines NCasT4 v3 Series,0.47125,Other
Azure,eastus,Standard_NV32as_v4,Virtual Machines NVasv4 Series Windows,3.336,Other
Azure,koreacentral,Standard_NV12ads_A10_v5,Virtual Machines NVadsA10v5 Series,0.245,A10
Azure,francecentral,Standard_NV4as_v4,Virtual Machines NVasv4 Series Windows,0.08778,Other
Azure,canadacentral,Standard_NC6s_v3,Virtual Machines NCSv3 Series,0.622037,Other
Azure,eastus2,Standard_NC256ds_xl_RTXPRO6000BSE_v6,Virtual Machines NCdsxlRTX6kv6 Windows,4.9072,RTX PRO 6000
Azure,westeurope,Standard_NCC40ads_H100_v5,Virtual Machines NCCadsv5 Srs Win,1.984752,H100
Azure,westeurope,Standard_NC4as_T4_v3,Virtual Machines NCasT4 v3 Series,0.132,Other
Azure,brazilsouth,Standard_NV48s_v3,Virtual Machines NVSv3 Series,1.55,Other
Azure,westus,Standard_NV24ads_V710_v5,Virtual Machines NVadsV710v5 Series Windows,3.704,Other
Azure,southeastasia,Standard_NV6ads_A10_v5,Virtual Machines NVadsA10v5 Series,0.59,A10
Azure,southeastasia,Standard_NV6ads_A10_v5,Virtual Machines NVadsA10v5 Series,0.118,A10
Azure,southcentralus,Standard_NC24ads_A100_v4,NCads A100 v4 Series Linux,0.882,A100
Azure,southeastasia,Standard_NC256ds_xl_RTXPRO6000BSE_v6,Virtual Machines NCdsxlRTX6kv6,17.864,RTX PRO 6000
Azure,spaincentral,Standard_NV8as_v4,Virtual Machines NVasv4 Series,0.111989,Other
Azure,westus2,Standard_NC320ds_xl_RTXPRO6000BSE_v6,Virtual Machines NCdsxlRTX6kv6,16.588,RTX PRO 6000
Azure,australiasoutheast,Standard_ND128isr_NDR_GB200_v6,Virtual Machines NDsrGB200NDRv6 Windows,157.328,GB200
Azure,eastus2,Standard_NC320ds_xl_RTXPRO6000BSE_v6,Virtual Machines NCdsxlRTX6kv6,16.588,RTX PRO 6000
Azure,canadacentral,Standard_NC64as_T4_v3,Virtual Machines NCasT4 v3 Series Windows,3.106,Other
Azure,francecentral,Standard_NC6s_v3,Virtual Machines NCSv3 Series,3.58,Other
Azure,westus2,Standard_NC128lds_xl_RTXPRO6000BSE_v6,Virtual Machines NCldsxlRTX6kv6,1.1,RTX PRO 6000
Azure,koreacentral,Standard_NV36ads_A10_v5,Virtual Machines NVadsA10v5 Series Windows,5.976,A10
Azure,brazilsouth,Standard_NC4as_T4_v3,Virtual Machines NCasT4 v3 Series Windows,0.431,Other
Azure,australiaeast,Standard_NC48ads_A100_v4,NCads A100 v4 Series Linux,1.96849,A100
Azure,southcentralus,Standard_NV36adms_A10_v5,Virtual Machines NVadsA10v5 Series Windows,7.08,A10
Azure,usgovvirginia,Standard_NV24_Promo,Virtual Machines NV Promo Series,3.278,Other
Azure,eastus2,Standard_ND96isrf_H100_v5,Virtual Machines NDsrf H100 v5 Series,98.32,H100
Azure,canadaeast,Standard_ND96amsr_A100_v4,Virtual Machines NDamsr A100 v4 Series Windows,17.496,A100
Azure,northeurope,Standard_NC16lds_xl_RTXPRO6000BSE_v6,Virtual Machines NCldsxlRTX6kv6,1.617,RTX PRO 6000
Azure,canadacentral,Standard_ND96isr_H100_v5,Virtual Machines NDsr H100 v5 Series Windows,22.61952,H100
Azure,southafricanorth,Standard_NV36adms_A10_v5,Virtual Machines NVadsA10v5 Series,6.599,A10
Azure,canadacentral,Standard_NC40ads_H100_v5,Virtual Machines NCadsH100v5 Series,1.746347,H100
Azure,southeastasia,Standard_NV24_Promo,Virtual Machines NV Promo Series,3.815,Other
Azure,attatlanta1,Standard_NV16ahs_v4,Virtual Machines NVasv4 VDI Series Windows,0.663,Other
Azure,northeurope,Standard_NC256lds_xl_RTXPRO6000BSE_v6,Virtual Machines NCldsxlRTX6kv6,15.74,RTX PRO 6000
Azure,australiaeast,Standard_NV12ads_A10_v5,Virtual Machines NVadsA10v5 Series,0.263,A10
Azure,switzerlandnorth,Standard_NC24ads_A100_v4,NCads A100 v4 Series Linux,1.05,A100
Azure,westus2,Standard_NC40ads_H100_v5,Virtual Machines NCadsH100v5 Series Windows,3.528,H100
Azure,northcentralus,Standard_NV4ads_V710_v5,Virtual Machines NVadsV710v5 Series Windows,0.234,Other
Azure,eastus2,Standard_ND96ams_A100_v4,Virtual Machines NDamsr A100 v4 Series Linux,6.554,A100
Azure,uksouth,Standard_NV6ads_A10_v5,Virtual Machines NVadsA10v5 Series,0.113,A10
Azure,francecentral,Standard_NV16as_v4,Virtual Machines NVasv4 Series Windows,0.351305,Other
Azure,francecentral,Standard_NC24ads_A100_v4,NCads A100 v4 Series Linux,0.918,A100
Azure,northeurope,Standard_NC8as_T4_v3,Virtual Machines NCasT4 v3 Series Windows,1.206,Other
Azure,germanywestcentral,Standard_NV8as_v4,Virtual Machines NVasv4 Series Windows,0.17556,Other
Azure,southeastasia,Standard_NC24rs_v3,Virtual Machines NCSv3 Series Windows,3.646843,Other
Azure,eastasia,Standard_NC24s_v3,Virtual Machines NCSv3 Series Windows,20.076,Other
Azure,centralus,Standard_ND96is_flex_H100_v5,Virtual Machines NDsfH100v5 Series,20.113632,H100
Azure,uksouth,Standard_NM16ads_MA35D  ,Virtual Machines NMadsMA35D Series,2.438,Other
Azure,westus,Standard_NC6s_v3,Virtual Machines NCSv3 Series,0.735134,Other
Azure,francecentral,Standard_ND96amsr_A100_v4,Virtual Machines NDamsr A100 v4 Series Linux,10.65012,A100
Azure,germanynorth,Standard_ND96amsr_A100_v4,Virtual Machines NDamsr A100 v4 Series Linux,14.39906,A100
Azure,centralindia,Standard_NC16as_T4_v3,Virtual Machines NCasT4 v3 Series,1.324,Other
Azure,southcentralus,Standard_NC12s_v3,Virtual Machines NCSv3 Series Windows,1.393688,Other
Azure,israelcentral,Standard_NV36ads_A10_v5,Virtual Machines NVadsA10v5 Series Windows,2.493,A10
Azure,australiacentral,Standard_NC4as_T4_v3,Virtual Machines NCasT4 v3 Series Windows,0.868,Other
Azure,francecentral,Standard_NC24ads_A100_v4,NCads A100 v4 Series Linux,4.591,A100
Azure,koreacentral,Standard_NV36ads_A10_v5,Virtual Machines NVadsA10v5 Series Windows,1.104365,A10
Azure,northeurope,Standard_ND96isr_MI300X_v5,Virtual Machines NDMI300Xv5 Srs,57.6,MI300X
Azure,uksouth,Standard_NV36adms_A10_v5,Virtual Machines NVadsA10v5 Series,5.65,A10
Azure,spaincentral,Standard_ND96ams_A100_v4,Virtual Machines NDamsr A100 v4 Series Linux,8.192,A100
Azure,polandcentral,Standard_ND96amsr_A100_v4,Virtual Machines NDamsr A100 v4 Series Windows,51.306,A100
Azure,italynorth,Standard_NV32as_v4,Virtual Machines NVasv4 Series,2.33,Other
Azure,westus2,Standard_NC8as_T4_v3,Virtual Machines NCasT4 v3 Series Windows,0.3248,Other
Azure,polandcentral,Standard_ND96isr_MI300X_v5,Virtual Machines NDMI300Xv5 Srs,14.784,MI300X
Azure,malaysiawest,Standard_NC80adis_H100_v5,Virtual Machines NCadsH100v5 Series,16.333,H100
Azure,italynorth,Standard_ND128isr_NDR_GB200_v6,Virtual Machines NDsrGB200NDRv6 Series,140.6,GB200
Azure,centralus,Standard_NV72ads_A10_v5,Virtual Machines NVadsA10v5 Series,1.604,A10
Azure,usgovvirginia,Standard_ND40rs_v2,Virtual Machines NDrSv2 Series Windows,11.752,Other
Azure,australiaeast,Standard_NV36adms_A10_v5,Virtual Machines NVadsA10v5 Series,1.311,A10
Azure,brazilsouth,Standard_NV18ads_A10_v5,Virtual Machines NVadsA10v5 Series,0.59136,A10
Azure,germanynorth,Standard_ND96ams_A100_v4,Virtual Machines NDamsr A100 v4 Series Linux,55.381,A100
Azure,germanywestcentral,Standard_NC64as_T4_v3,Virtual Machines NCasT4 v3 Series,1.086,Other
Azure,swedencentral,Standard_ND96amsr_A100_v4,Virtual Machines NDamsr A100 v4 Series Linux,10.65012,A100
Azure,brazilsouth,Standard_NC24ads_A100_v4,NCads A100 v4 Series Windows,1.56156,A100
Azure,canadacentral,Standard_ND96ams_A100_v4,Virtual Machines NDamsr A100 v4 Series Windows,43.74,A100
Azure,switzerlandnorth,Standard_NV36adms_A10_v5,Virtual Machines NVadsA10v5 Series Windows,8.12,A10
Azure,eastus2,Standard_NC48ads_A100_v4,NCads A100 v4 Series Windows,9.554,A100
Azure,malaysiawest,Standard_NC8as_T4_v3,Virtual Machines NCasT4 v3 Series Windows,0.3683,Other
Azure,westus2,Standard_NC8as_T4_v3,Virtual Machines NCasT4 v3 Series,0.752,Other
Azure,westeurope,Standard_NV72ads_A10_v5,Virtual Machines NVadsA10v5 Series,8.476,A10
Azure,italynorth,Standard_NV36adms_A10_v5,Virtual Machines NVadsA10v5 Series,1.085885,A10
Azure,eastus,Standard_ND96amsr_A100_v4,Virtual Machines NDamsr A100 v4 Series Linux,6.554,A100
Azure,westus,Standard_NV6_Promo,Virtual Machines NV Promo Series Windows,1.02,Other
Azure,eastus,Standard_NV24ads_V710_v5,Virtual Machines NVadsV710v5 Series,2.0,Other
Azure,southeastus,Standard_ND96isf_H100_v5,Virtual Machines NDsrf H100 v5 Series Windows,119.45,H100
Azure,southcentralus,Standard_NV36adms_A10_v5,Virtual Machines NVadsA10v5 Series,1.002355,A10
Azure,japaneast,Standard_NC64as_T4_v3,Virtual Machines NCasT4 v3 Series,1.70375,Other
Azure,northcentralus,Standard_NV6ads_A10_v5,Virtual Machines NVadsA10v5 Series Windows,0.328,A10
Azure,centralus,Standard_NC256lds_xl_RTXPRO6000BSE_v6,Virtual Machines NCldsxlRTX6kv6 Windows,25.316,RTX PRO 6000
Azure,westeurope,Standard_NV8as_v4,Virtual Machines NVasv4 Series Windows,0.38,Other
Azure,japaneast,Standard_NC40ads_H100_v5,Virtual Machines NCadsH100v5 Series,2.024,H100
Azure,eastus,Standard_ND96asr_v4,Virtual Machines NDasr A100 v4 Series,5.98334,Other
Azure,centralus,Standard_ND96isr_MI300X_v5,Virtual Machines NDMI300Xv5 Srs,10.910777,MI300X
Azure,uaenorth,Standard_ND96isr_MI300X_v5,Virtual Machines NDMI300Xv5 Srs,13.728,MI300X
Azure,northcentralus,Standard_NV12ads_V710_v5,Virtual Machines NVadsV710v5 Series Windows,1.752,Other
Azure,westus,Standard_NV48s_v3,Virtual Machines NVSv3 Series,0.912,Other
Azure,australiasoutheast,Standard_ND128isr_NDR_GB200_v6,Virtual Machines NDsrGB200NDRv6 Series,151.44,GB200
Azure,southeastasia,Standard_NC6s_v3,Virtual Machines NCSv3 Series Windows,0.833448,Other
Azure,westus2,Standard_ND128isr_NDR_GB200_v6,Virtual Machines NDsrGB200NDRv6 Windows,114.048,GB200
Azure,polandcentral,Standard_ND96ams_A100_v4,Virtual Machines NDamsr A100 v4 Series Linux,46.89,A100
Azure,westeurope,Standard_NV6ads_A10_v5,Virtual Machines NVadsA10v5 Series,0.119947,A10
Azure,northcentralus,Standard_NV32as_v4,Virtual Machines NVasv4 Series,2.237,Other
Azure,uksouth,Standard_ND128isr_NDR_GB200_v6,Virtual Machines NDsrGB200NDRv6 Series,135.2,GB200
Azure,westus2,Standard_ND96asr_A100_v4,Virtual Machines NDasr A100 v4 Series,27.197,A100
Azure,uksouth,Standard_NV36ads_A10_v5,Virtual Machines NVadsA10v5 Series Windows,5.656,A10
Azure,southcentralus2,Standard_ND96isr_H200_v5,Virtual Machines NDsrH200v5 Series Windows,97.696,H200
Azure,uaenorth,Standard_NV72ads_A10_v5,Virtual Machines NVadsA10v5 Series,9.324,A10
Azure,polandcentral,Standard_ND96ams_A100_v4,Virtual Machines NDamsr A100 v4 Series Windows,20.522,A100
Azure,northeurope,Standard_NC32lds_xl_RTXPRO6000BSE_v6,Virtual Machines NCldsxlRTX6kv6 Windows,3.251,RTX PRO 6000
Azure,francecentral,Standard_NV12s_v3,Virtual Machines NVSv3 Series Windows,0.36535,Other
Azure,australiaeast,Standard_NV8ads_V710_v5,Virtual Machines NVadsV710v5 Series,0.967,Other
Azure,westus3,Standard_NC40ads_H100_v5,Virtual Machines NCadsH100v5 Series Windows,8.82,H100
Azure,eastus,Standard_NC16as_T4_v3,Virtual Machines NCasT4 v3 Series Windows,0.776,Other
Azure,polandcentral,Standard_NV32as_v4,Virtual Machines NVasv4 Series Windows,1.521,Other
Azure,japaneast,Standard_NC96ads_A100_v4,NCads A100 v4 Series Linux,21.303,A100
Azure,northeurope,Standard_NV8as_v4,Virtual Machines NVasv4 Series Windows,0.17131,Other
Azure,southafricawest,Standard_ND96isr_H100_v5,Virtual Machines NDsr H100 v5 Series,34.485158,H100
Azure,northeurope,Standard_NV16as_v4,Virtual Machines NVasv4 Series,1.118,Other
Azure,eastus2,Standard_NV12ads_A10_v5,Virtual Machines NVadsA10v5 Series,0.167798,A10
Azure,qatarcentral,Standard_NV18ads_A10_v5,Virtual Machines NVadsA10v5 Series Windows,0.575837,A10
Azure,switzerlandnorth,Standard_NV72ads_A10_v5,Virtual Machines NVadsA10v5 Series Windows,5.054,A10
Azure,westus,Standard_NV36adms_A10_v5,Virtual Machines NVadsA10v5 Series Windows,1.391914,A10
Azure,francecentral,Standard_ND96isr_MI300X_v5,Virtual Machines NDMI300Xv5 Srs Windows,25.766,MI300X
Azure,westeurope,Standard_NV12ads_V710_v5,Virtual Machines NVadsV710v5 Series,1.3,Other
Azure,swedencentral,Standard_NC80adis_H100_v5,Virtual Machines NCadsH100v5 Series Windows,8.731,H100
Azure,southeastus,Standard_ND96isrf_H100_v5,Virtual Machines NDsrf H100 v5 Series,23.620397,H100
Azure,westcentralus,Standard_ND96is_H100_v5,Virtual Machines NDsr H100 v5 Series,21.237,H100
Azure,westeurope,Standard_NV24_Promo,Virtual Machines NV Promo Series,3.278,Other
Azure,qatarcentral,Standard_NC12s_v3,Virtual Machines NCSv3 Series Windows,3.607,Other
Azure,northeurope,Standard_NC32ds_xl_RTXPRO6000BSE_v6,Virtual Machines NCdsxlRTX6kv6 Windows,0.707,RTX PRO 6000
Azure,koreacentral,Standard_NC96ads_A100_v4,NCads A100 v4 Series Linux,3.967,A100
Azure,southcentralus,Standard_NV12ads_A10_v5,Virtual Machines NVadsA10v5 Series,1.09,A10
Azure,eastus,Standard_NM16ads_MA35D  ,Virtual Machines NMadsMA35D Series,1.95,Other
Azure,uksouth,Standard_NV36adms_A10_v5,Virtual Machines NVadsA10v5 Series Windows,1.350149,A10
Azure,southcentralus,Standard_NV12s_v3,Virtual Machines NVSv3 Series,0.274,Other
Azure,switzerlandnorth,Standard_NC12s_v3,Virtual Machines NCSv3 Series Windows,8.963,Other
Azure,jioindiacentral,Standard_NV36ads_A10_v5,Virtual Machines NVadsA10v5 Series Windows,6.136,A10
Azure,westeurope,Standard_NC24rs_v3,Virtual Machines NCSv3 Series Windows,18.036,Other
Azure,centralus,Standard_ND96is_H100_v5,Virtual Machines NDsr H100 v5 Series Windows,45.302,H100
Azure,northcentralus,Standard_NC64as_T4_v3,Virtual Machines NCasT4 v3 Series Windows,7.296,Other
Azure,spaincentral,Standard_NC40ads_H100_v5,Virtual Machines NCadsH100v5 Series,9.074,H100
Azure,australiasoutheast,Standard_ND96is_MI300X_v5,Virtual Machines NDMI300Xv5 Srs Windows,28.646,MI300X
Azure,southindia,Standard_NC64as_T4_v3,Virtual Machines NCasT4 v3 Series,1.77567,Other
Azure,israelcentral,Standard_NV12ads_A10_v5,Virtual Machines NVadsA10v5 Series Windows,0.34188,A10
Azure,southeastasia,Standard_NC128lds_xl_RTXPRO6000BSE_v6,Virtual Machines NCldsxlRTX6kv6,1.54,RTX PRO 6000
Azure,northeurope,Standard_NC64lds_xl_RTXPRO6000BSE_v6,Virtual Machines NCldsxlRTX6kv6,0.6982,RTX PRO 6000
Azure,southeastasia,Standard_NV48s_v3,Virtual Machines NVSv3 Series,6.36,Other
Azure,swedencentral,Standard_ND96isrf_H100_v5,Virtual Machines NDsrf H100 v5 Series Windows,24.436474,H100
Azure,eastus,Standard_NC24ads_A100_v4,NCads A100 v4 Series Linux,0.746721,A100
Azure,westus3,Standard_NV36ads_A10_v5,Virtual Machines NVadsA10v5 Series Windows,1.942,A10
Azure,brazilsouth,Standard_NV36adms_A10_v5,Virtual Machines NVadsA10v5 Series Windows,4.278,A10
Azure,japanwest,Standard_ND96ams_A100_v4,Virtual Machines NDamsr A100 v4 Series Windows,14.3546,A100
Azure,uaenorth,Standard_ND96isr_H100_v5,Virtual Machines NDsr H100 v5 Series,25.98251,H100
Azure,mexicocentral,Standard_NV12ads_A10_v5,Virtual Machines NVadsA10v5 Series Windows,0.287179,A10
Azure,israelcentral,Standard_NV72ads_A10_v5,Virtual Machines NVadsA10v5 Series,9.324,A10
Azure,switzerlandnorth,Standard_NC96ads_A100_v4,NCads A100 v4 Series Windows,10.17,A100
Azure,centralus,Standard_ND96is_H100_v5,Virtual Machines NDsr H100 v5 Series Windows,20.929709,H100
Azure,southcentralus,Standard_NV12ads_V710_v5,Virtual Machines NVadsV710v5 Series,0.22176,Other
Azure,westeurope,Standard_ND40rs_v2,Virtual Machines NDrSv2 Series,5.086805,Other
Azure,switzerlandnorth,Standard_ND96is_H100_v5,Virtual Machines NDsr H100 v5 Series Windows,130.954,H100
Azure,southcentralus,Standard_NM16ads_MA35D  ,Virtual Machines NMadsMA35D Series,0.432432,Other
Azure,southcentralus,Standard_ND96is_flex_H100_v5,Virtual Machines NDsfH100v5 Series,106.186,H100
Azure,australiaeast,Standard_NC12s_v3,Virtual Machines NCSv3 Series Windows,1.666896,Other
Azure,francecentral,Standard_NC4as_T4_v3,Virtual Machines NCasT4 v3 Series Windows,0.32,Other
Azure,brazilsouth,Standard_NC6s_v3,Virtual Machines NCSv3 Series,1.224,Other
Azure,spaincentral,Standard_NC48ads_A100_v4,NCads A100 v4 Series Linux,9.55,A100
Azure,canadacentral,Standard_NV8as_v4,Virtual Machines NVasv4 Series,0.559,Other
Azure,centralus,Standard_ND96amsr_A100_v4,Virtual Machines NDamsr A100 v4 Series Linux,7.406,A100
Azure,westus,Standard_NV72ads_A10_v5,Virtual Machines NVadsA10v5 Series,8.476,A10
Azure,attatlanta1,Standard_NV4as_v4,Virtual Machines NVasv4 Series Windows,0.592,Other
Azure,japaneast,Standard_ND96amsr_A100_v4,Virtual Machines NDamsr A100 v4 Series Windows,20.773,A100
Azure,malaysiawest,Standard_NV36ads_A10_v5,Virtual Machines NVadsA10v5 Series,0.749,A10
Azure,swedencentral,Standard_NV16as_v4,Virtual Machines NVasv4 Series Windows,2.041,Other
Azure,southeastasia,Standard_NC80adis_H100_v5,Virtual Machines NCadsH100v5 Series Windows,8.731,H100
Azure,southafricanorth,Standard_NV48s_v3,Virtual Machines NVSv3 Series Windows,3.22,Other
Azure,westeurope,Standard_NG16ads_V620_v1,Virtual Machines NGadsV620v1 Series,1.651,Other
Azure,uaenorth,Standard_NV6ads_A10_v5,Virtual Machines NVadsA10v5 Series,0.649,A10
Azure,canadacentral,Standard_ND96isr_H100_v5,Virtual Machines NDsr H100 v5 Series,21.803443,H100
Azure,eastus,Standard_NC320ds_xl_RTXPRO6000BSE_v6,Virtual Machines NCdsxlRTX6kv6 Windows,31.308,RTX PRO 6000
Azure,usgovarizona,Standard_NV16as_v4,Virtual Machines NVasv4 Series Windows,1.901,Other
Azure,australiaeast,Standard_NV8ads_V710_v5,Virtual Machines NVadsV710v5 Series Windows,1.335,Other
Azure,westus3,Standard_NC8as_T4_v3,Virtual Machines NCasT4 v3 Series,0.21808,Other
Azure,uksouth,Standard_NV72ads_A10_v5,Virtual Machines NVadsA10v5 Series Windows,4.585,A10
Azure,uksouth,Standard_NV4as_v4,Virtual Machines NVasv4 Series,0.053777,Other
Azure,switzerlandnorth,Standard_NC48ads_A100_v4,NCads A100 v4 Series Linux,2.101,A100
Azure,northcentralus,Standard_NC64as_T4_v3,Virtual Machines NCasT4 v3 Series Windows,2.917,Other
Azure,brazilsouth,Standard_NV18ads_A10_v5,Virtual Machines NVadsA10v5 Series,0.64,A10
Azure,westeurope,Standard_NV16as_v4,Virtual Machines NVasv4 Series,0.233,Other
Azure,polandcentral,Standard_NV6ads_A10_v5,Virtual Machines NVadsA10v5 Series,0.109032,A10
Azure,spaincentral,Standard_ND96isf_H100_v5,Virtual Machines NDsrf H100 v5 Series,21.258283,H100
Azure,westeurope,Standard_NV12s_v3,Virtual Machines NVSv3 Series,0.263525,Other
Azure,westeurope,Standard_NV12ads_V710_v5,Virtual Machines NVadsV710v5 Series,0.24024,Other
Azure,francecentral,Standard_NV18ads_A10_v5,Virtual Machines NVadsA10v5 Series Windows,2.828,A10
Azure,westeurope,Standard_NV36ads_A10_v5,Virtual Machines NVadsA10v5 Series,0.832,A10
Azure,mexicocentral,Standard_NV18ads_A10_v5,Virtual Machines NVadsA10v5 Series,1.766,A10
Azure,qatarcentral,Standard_NV72ads_A10_v5,Virtual Machines NVadsA10v5 Series,1.865,A10
Azure,southindia,Standard_NC8as_T4_v3,Virtual Machines NCasT4 v3 Series,0.30711,Other
Azure,usgovarizona,Standard_ND96is_H100_v5,Virtual Machines NDsr H100 v5 Series Windows,115.026,H100
Azure,eastus,Standard_ND40s_v2,Virtual Machines NDSv2 Series Windows,2.431968,Other
Azure,westeurope,Standard_NV72ads_A10_v5,Virtual Machines NVadsA10v5 Series,1.695,A10
Azure,westus2,Standard_ND96amsr_A100_v4,Virtual Machines NDamsr A100 v4 Series Windows,14.874,A100
Azure,westeurope,Standard_NV12ads_A10_v5,Virtual Machines NVadsA10v5 Series,0.239894,A10
Azure,eastus2,Standard_NV6ads_A10_v5,Virtual Machines NVadsA10v5 Series Windows,0.292,A10
Azure,southcentralus,Standard_NC96ads_A100_v4,NCads A100 v4 Series Linux,3.258024,A100
Azure,centralindia,Standard_NV48s_v3,Virtual Machines NVSv3 Series Windows,3.437,Other
Azure,westus3,Standard_NV18ads_A10_v5,Virtual Machines NVadsA10v5 Series Windows,0.448694,A10
Azure,israelcentral,Standard_NV6ads_A10_v5,Virtual Machines NVadsA10v5 Series Windows,0.17094,A10
Azure,jioindiacentral,Standard_NC96ads_A100_v4,NCads A100 v4 Series Linux,20.569,A100
Azure,eastus,Standard_ND96is_H100_v5,Virtual Machines NDsr H100 v5 Series,88.488,H100
Azure,westus3,Standard_NC64as_T4_v3,Virtual Machines NCasT4 v3 Series,1.26208,Other
Azure,germanywestcentral,Standard_NV6ads_A10_v5,Virtual Machines NVadsA10v5 Series Windows,0.160037,A10
Azure,swedencentral,Standard_NC40ads_H100_v5,Virtual Machines NCadsH100v5 Series Windows,6.286464,H100
Azure,centralus,Standard_ND96is_MI300X_v5,Virtual Machines NDMI300Xv5 Srs Windows,63.457,MI300X
Azure,westeurope,Standard_NG16ads_V620_v1,Virtual Machines NGadsV620v1 Series,0.33,Other
Azure,centralindia,Standard_NC4as_T4_v3,Virtual Machines NCasT4 v3 Series Windows,0.763,Other
Azure,spaincentral,Standard_NC80adis_H100_v5,Virtual Machines NCadsH100v5 Series Windows,8.731,H100
Azure,swedencentral,Standard_NC16as_T4_v3,Virtual Machines NCasT4 v3 Series Windows,0.58348,Other
Azure,usgovarizona,Standard_NV48s_v3,Virtual Machines NVSv3 Series Windows,3.163,Other
Azure,italynorth,Standard_NV72ads_A10_v5,Virtual Machines NVadsA10v5 Series,1.566365,A10
Azure,attdallas1,Standard_NV8as_v4,Virtual Machines NVasv4 Series,0.1958,Other
Azure,australiaeast,Standard_NV16as_v4,Virtual Machines NVasv4 Series,0.27,Other
Azure,canadacentral,Standard_NC8as_T4_v3,Virtual Machines NCasT4 v3 Series,0.834,Other
Azure,eastus,Standard_ND96asr_A100_v4,Virtual Machines NDasr A100 v4 Series,5.439,A100
Azure,westus2,Standard_NV36ads_A10_v5,Virtual Machines NVadsA10v5 Series Windows,1.942,A10
Azure,malaysiawest,Standard_NV36ads_A10_v5,Virtual Machines NVadsA10v5 Series,0.691891,A10
Azure,uksouth,Standard_NC6_Promo,Virtual Machines NC Promo Series,0.564,Other
Azure,centralindia,Standard_NV16as_v4,Virtual Machines NVasv4 Series Windows,0.816,Other
Azure,eastasia,Standard_NV36adms_A10_v5,Virtual Machines NVadsA10v5 Series Windows,3.465,A10
Azure,westus,Standard_NV12ads_V710_v5,Virtual Machines NVadsV710v5 Series Windows,0.34225,Other
Azure,westus2,Standard_NC24s_v3,Virtual Machines NCSv3 Series,2.261952,Other
Azure,westus2,Standard_ND96is_flex_H100_v5,Virtual Machines NDsfH100v5 Series Windows,17.168659,H100
Azure,australiaeast,Standard_NV72ads_A10_v5,Virtual Machines NVadsA10v5 Series,1.747099,A10
Azure,westeurope,Standard_NC40ads_H100_v5,Virtual Machines NCadsH100v5 Series,1.816,H100
Azure,westeurope,Standard_ND96is_H100_v5,Virtual Machines NDsr H100 v5 Series Windows,47.78,H100
Azure,australiaeast,Standard_NV36ads_A10_v5,Virtual Machines NVadsA10v5 Series Windows,1.163501,A10
Azure,southcentralus,Standard_NV12ads_V710_v5,Virtual Machines NVadsV710v5 Series Windows,0.701,Other
Azure,eastus2,Standard_NC128lds_xl_RTXPRO6000BSE_v6,Virtual Machines NCldsxlRTX6kv6 Windows,11.388,RTX PRO 6000
Azure,germanywestcentral,Standard_NV36adms_A10_v5,Virtual Machines NVadsA10v5 Series,1.175,A10
Azure,uksouth,Standard_NV18ads_A10_v5,Virtual Machines NVadsA10v5 Series,0.3696,A10
Azure,westus2,Standard_NC256ds_xl_RTXPRO6000BSE_v6,Virtual Machines NCdsxlRTX6kv6,2.552,RTX PRO 6000
Azure,spaincentral,Standard_NC24ads_A100_v4,NCads A100 v4 Series Windows,1.086439,A100
Azure,eastasia,Standard_NC12s_v3,Virtual Machines NCSv3 Series,1.897,Other
Azure,canadacentral,Standard_NC24rs_v3,Virtual Machines NCSv3 Series,2.736888,Other
Azure,australiaeast,Standard_NV6ads_A10_v5,Virtual Machines NVadsA10v5 Series,0.658,A10
Azure,centralindia,Standard_NC80adis_H100_v5,Virtual Machines NCadsH100v5 Series,19.544,H100
Azure,westus,Standard_NV8ads_V710_v5,Virtual Machines NVadsV710v5 Series Windows,0.228228,Other
Azure,southeastasia,Standard_NM16ads_MA35D  ,Virtual Machines NMadsMA35D Series,0.468468,Other
Azure,francecentral,Standard_ND96amsr_A100_v4,Virtual Machines NDamsr A100 v4 Series Linux,8.192,A100
Azure,brazilsouth,Standard_NV12ads_A10_v5,Virtual Machines NVadsA10v5 Series Windows,0.947,A10
Azure,australiaeast,Standard_NV28adms_V710_v5,Virtual Machines NVadsV710v5 Series Windows,4.768,Other
Azure,westus3,Standard_NV36adms_A10_v5,Virtual Machines NVadsA10v5 Series Windows,6.176,A10
Azure,ukwest,Standard_ND96amsr_A100_v4,Virtual Machines NDamsr A100 v4 Series Linux,8.586,A100
Azure,canadacentral,Standard_NV12ads_A10_v5,Virtual Machines NVadsA10v5 Series Windows,0.657,A10
Azure,eastus2,Standard_NV4as_v4,Virtual Machines NVasv4 Series,0.233,Other
Azure,southcentralus,Standard_NV36ads_A10_v5,Virtual Machines NVadsA10v5 Series Windows,5.496,A10
Azure,eastus,Standard_NV28adms_V710_v5,Virtual Machines NVadsV710v5 Series Windows,0.681542,Other
Azure,koreasouth,Standard_NV6ads_A10_v5,Virtual Machines NVadsA10v5 Series,0.104782,A10
Azure,northeurope,Standard_NC40ads_H100_v5,Virtual Machines NCadsH100v5 Series Windows,1.967602,H100
Azure,japaneast,Standard_NC4as_T4_v3,Virtual Machines NCasT4 v3 Series Windows,0.358,Other
Azure,westus2,Standard_NC96ads_A100_v4,NCads A100 v4 Series Windows,6.754678,A100
Azure,australiaeast,Standard_NV12ads_V710_v5,Virtual Machines NVadsV710v5 Series,0.29,Other
Azure,mexicocentral,Standard_NV36adms_A10_v5,Virtual Machines NVadsA10v5 Series,0.998,A10
Azure,germanywestcentral,Standard_NC16as_T4_v3,Virtual Machines NCasT4 v3 Series Windows,0.896,Other
Azure,eastus2,Standard_NV8as_v4,Virtual Machines NVasv4 Series Windows,0.334,Other
Azure,polandcentral,Standard_NV36ads_A10_v5,Virtual Machines NVadsA10v5 Series,4.16,A10
Azure,southcentralus,Standard_NC32ads_A10_v4,Virtual Machines NCadsA10v4 Series,5.28,A10
Azure,southeastus,Standard_ND96is_noIB_H100_v5,Virtual Machines NDsH100v5 Series Windows,119.45,H100
Azure,northcentralus,Standard_NC8as_T4_v3,Virtual Machines NCasT4 v3 Series,0.21808,Other
Azure,francecentral,Standard_NC6s_v3,Virtual Machines NCSv3 Series,0.716,Other
Azure,westeurope,Standard_NV48s_v3,Virtual Machines NVSv3 Series Windows,1.461398,Other
Azure,attatlanta1,Standard_NC64as_T4_v3,Virtual Machines NCasT4 v3 Series Windows,4.217,Other
Azure,australiaeast,Standard_NC64as_T4_v3,Virtual Machines NCasT4 v3 Series Windows,8.602,Other
Azure,spaincentral,Standard_NV72ads_A10_v5,Virtual Machines NVadsA10v5 Series Windows,2.178422,A10
Azure,switzerlandnorth,Standard_NC12s_v3,Virtual Machines NCSv3 Series Windows,3.585,Other
Azure,centralus,Standard_NC4as_T4_v3,Virtual Machines NCasT4 v3 Series,0.352361,Other
Azure,westus3,Standard_NC6s_v3,Virtual Machines NCSv3 Series Windows,0.616493,Other
Azure,southcentralus,Standard_ND96isr_H100_v5,Virtual Machines NDsr H100 v5 Series Windows,122.384,H100
Azure,japaneast,Standard_NV32as_v4,Virtual Machines NVasv4 Series,2.703,Other
Azure,canadacentral,Standard_NP40s,Virtual Machines NP Series Windows,1.803648,Other
Azure,westcentralus,Standard_ND96isr_MI300X_v5,Virtual Machines NDMI300Xv5 Srs Windows,62.016,MI300X
Azure,uaenorth,Standard_ND96is_H100_v5,Virtual Machines NDsr H100 v5 Series Windows,52.382,H100
Azure,francesouth,Standard_ND96ams_A100_v4,Virtual Machines NDamsr A100 v4 Series Windows,57.664,A100
Azure,polandcentral,Standard_NV6ads_A10_v5,Virtual Machines NVadsA10v5 Series,0.59,A10
Azure,northcentralus,Standard_NV4as_v4,Virtual Machines NVasv4 Series Windows,0.464,Other
Azure,northcentralus,Standard_ND96isrf_H100_v5,Virtual Machines NDsrf H100 v5 Series,117.984,H100
Azure,spaincentral,Standard_ND96amsr_A100_v4,Virtual Machines NDamsr A100 v4 Series Linux,10.65012,A100
Azure,francecentral,Standard_ND96is_MI300X_v5,Virtual Machines NDMI300Xv5 Srs Windows,25.766,MI300X
Azure,japaneast,Standard_NV24s_v3,Virtual Machines NVSv3 Series,0.583968,Other
Azure,westus3,Standard_NC96ads_A100_v4,NCads A100 v4 Series Linux,5.346419,A100
Azure,canadacentral,Standard_NC64as_T4_v3,Virtual Machines NCasT4 v3 Series,4.82,Other
Azure,polandcentral,Standard_NV12ads_A10_v5,Virtual Machines NVadsA10v5 Series Windows,1.732,A10
Azure,eastus2,Standard_NC32lds_xl_RTXPRO6000BSE_v6,Virtual Machines NCldsxlRTX6kv6 Windows,2.715,RTX PRO 6000
Azure,italynorth,Standard_ND96amsr_A100_v4,Virtual Machines NDamsr A100 v4 Series Linux,10.65012,A100
Azure,centralindia,Standard_NV8as_v4,Virtual Machines NVasv4 Series Windows,0.408,Other
Azure,koreacentral,Standard_ND96isr_H100_v5,Virtual Machines NDsr H100 v5 Series,132.732,H100
Azure,polandcentral,Standard_ND96isr_H200_v5,Virtual Machines NDsrH200v5 Series,130.592,H200
Azure,swedencentral,Standard_NG16ads_V620_v1,Virtual Machines NGadsV620v1 Series Windows,0.441118,Other
Azure,switzerlandwest,Standard_ND96amsr_A100_v4,Virtual Machines NDamsr A100 v4 Series Linux,15.83894,A100
Azure,australiaeast,Standard_NV16as_v4,Virtual Machines NVasv4 Series Windows,0.385678,Other
Azure,eastus2,Standard_NC24r_Promo,Virtual Machines NC Promo Series Windows,2.846,Other
Azure,northcentralus,Standard_NC6_Promo,Virtual Machines NC Promo Series,0.396,Other
Azure,australiaeast,Standard_NC4as_T4_v3,Virtual Machines NCasT4 v3 Series Windows,0.25172,Other
Azure,southafricanorth,Standard_ND96amsr_A100_v4,Virtual Machines NDamsr A100 v4 Series Linux,47.844,A100
Azure,koreasouth,Standard_NV72ads_A10_v5,Virtual Machines NVadsA10v5 Series Windows,11.462,A10
Azure,centralindia,Standard_NC12s_v3,Virtual Machines NCSv3 Series Windows,9.02,Other
Azure,centralindia,Standard_NC16as_T4_v3,Virtual Machines NCasT4 v3 Series Windows,0.824,Other
Azure,southeastasia,Standard_NP40s,Virtual Machines NP Series Windows,4.168,Other
Azure,mexicocentral,Standard_NV36ads_A10_v5,Virtual Machines NVadsA10v5 Series,0.652714,A10
Azure,italynorth,Standard_NC8as_T4_v3,Virtual Machines NCasT4 v3 Series,0.879,Other
Azure,australiaeast,Standard_NV4as_v4,Virtual Machines NVasv4 Series Windows,0.096466,Other
Azure,westeurope,Standard_NV8ads_V710_v5,Virtual Machines NVadsV710v5 Series Windows,1.235,Other
Azure,southeastasia,Standard_NC80adis_H100_v5,Virtual Machines NCadsH100v5 Series,3.63,H100
Azure,qatarcentral,Standard_NV12ads_A10_v5,Virtual Machines NVadsA10v5 Series,0.23987,A10
Azure,northeurope,Standard_NC256ds_xl_RTXPRO6000BSE_v6,Virtual Machines NCdsxlRTX6kv6 Windows,6.0068,RTX PRO 6000
Azure,southindia,Standard_ND128isr_NDR_GB200_v6,Virtual Machines NDsrGB200NDRv6 Windows,169.208,GB200
Azure,eastasia,Standard_NV36ads_A10_v5,Virtual Machines NVadsA10v5 Series Windows,2.646,A10
Azure,westus,Standard_NV36ads_A10_v5,Virtual Machines NVadsA10v5 Series Windows,2.326,A10
Azure,westeurope,Standard_NC96ads_A100_v4,NCads A100 v4 Series Linux,7.6209,A100
Azure,westus2,Standard_NC4as_T4_v3,Virtual Machines NCasT4 v3 Series,0.105,Other
Azure,uaenorth,Standard_NV24s_v3,Virtual Machines NVSv3 Series,0.514114,Other
Azure,northcentralus,Standard_NC24r_Promo,Virtual Machines NC Promo Series,1.742,Other
Azure,eastasia,Standard_NC24rs_v3,Virtual Machines NCSv3 Series Windows,4.06061,Other
Azure,southeastasia,Standard_NV36adms_A10_v5,Virtual Machines NVadsA10v5 Series,5.876,A10
Azure,westus2,Standard_NC96ads_A100_v4,NCads A100 v4 Series Linux,14.692,A100
Azure,centralus,Standard_ND96isr_MI300X_v5,Virtual Machines NDMI300Xv5 Srs,59.041,MI300X
Azure,koreasouth,Standard_NV36ads_A10_v5,Virtual Machines NVadsA10v5 Series,4.0,A10
Azure,switzerlandnorth,Standard_NC12s_v3,Virtual Machines NCSv3 Series,8.411,Other
Azure,westus,Standard_NC8as_T4_v3,Virtual Machines NCasT4 v3 Series Windows,0.3683,Other
Azure,canadacentral,Standard_NP20s,Virtual Machines NP Series,0.731808,Other
Azure,southcentralus,Standard_ND40s_v2,Virtual Machines NDSv2 Series,2.714342,Other
Azure,westus2,Standard_NC128ds_xl_RTXPRO6000BSE_v6,Virtual Machines NCdsxlRTX6kv6 Windows,12.268,RTX PRO 6000
Azure,eastus2,Standard_ND96isr_H200_v5,Virtual Machines NDsrH200v5 Series,16.96,H200
Azure,canadacentral,Standard_NC48ads_A100_v4,NCads A100 v4 Series Linux,1.971034,A100
Azure,brazilsouth,Standard_NV6ads_A10_v5,Virtual Machines NVadsA10v5 Series Windows,0.474,A10
Azure,switzerlandnorth,Standard_NV48s_v3,Virtual Machines NVSv3 Series,6.27,Other
Azure,australiaeast,Standard_NV12s_v3,Virtual Machines NVSv3 Series Windows,0.395842,Other
Azure,centralindia,Standard_NV48s_v3,Virtual Machines NVSv3 Series,1.277,Other
Azure,polandcentral,Standard_ND96is_flex_H100_v5,Virtual Machines NDsfH100v5 Series,115.034,H100
Azure,usgovarizona,Standard_NV16as_v4,Virtual Machines NVasv4 Series Windows,0.351305,Other
Azure,uksouth,Standard_NC48ads_A100_v4,NCads A100 v4 Series Linux,2.142394,A100
Azure,southeastasia,Standard_NC48ads_A100_v4,NCads A100 v4 Series Windows,2.172878,A100
Azure,westus2,Standard_NC16as_T4_v3,Virtual Machines NCasT4 v3 Series Windows,0.5626,Other
Azure,eastasia,Standard_NV72ads_A10_v5,Virtual Machines NVadsA10v5 Series,2.021,A10
Azure,usgovvirginia,Standard_NC24s_v3,Virtual Machines NCSv3 Series,14.688,Other
Azure,westus,Standard_NC24rs_v3,Virtual Machines NCSv3 Series,17.503,Other
Azure,usgovarizona,Standard_NV12s_v3,Virtual Machines NVSv3 Series,0.26334,Other
Azure,uksouth,Standard_NC96ads_A100_v4,NCads A100 v4 Series Linux,3.673,A100
Azure,uksouth,Standard_ND96is_MI300X_v5,Virtual Machines NDMI300Xv5 Srs,60.0,MI300X
Azure,usgovarizona,Standard_NV8as_v4,Virtual Machines NVasv4 Series,0.116,Other
Azure,southcentralus,Standard_NC24ads_A100_v4,NCads A100 v4 Series Windows,5.512,A100
Azure,italynorth,Standard_NV8as_v4,Virtual Machines NVasv4 Series Windows,0.17556,Other
Azure,northeurope,Standard_NC96ads_A100_v4,NCads A100 v4 Series Linux,3.584179,A100
Azure,westus2,Standard_ND96isr_H100_v5,Virtual Machines NDsr H100 v5 Series,98.32,H100
Azure,westus2,Standard_NC24rs_v3,Virtual Machines NCSv3 Series,13.46,Other
Azure,centralindia,Standard_NC80adis_H100_v5,Virtual Machines NCadsH100v5 Series Windows,23.224,H100
Azure,centralus,Standard_NC6s_v3,Virtual Machines NCSv3 Series,0.639038,Other
Azure,westeurope,Standard_NP20s,Virtual Machines NP Series Windows,5.21,Other
Azure,germanynorth,Standard_ND96amsr_A100_v4,Virtual Machines NDamsr A100 v4 Series Windows,15.54722,A100
Azure,eastus2,Standard_NC6_Promo,Virtual Machines NC Promo Series,0.396,Other
Azure,eastus,Standard_NV12ads_A10_v5,Virtual Machines NVadsA10v5 Series Windows,1.46,A10
Azure,westus2,Standard_NV4as_v4,Virtual Machines NVasv4 Series Windows,0.077062,Other
Azure,francecentral,Standard_NC64as_T4_v3,Virtual Machines NCasT4 v3 Series Windows,2.32609,Other
Azure,koreacentral,Standard_NV36adms_A10_v5,Virtual Machines NVadsA10v5 Series,1.12765,A10
Azure,australiaeast,Standard_NC12s_v3,Virtual Machines NCSv3 Series Windows,3.608,Other
Azure,uksouth,Standard_ND96is_MI300X_v5,Virtual Machines NDMI300Xv5 Srs Windows,25.766,MI300X
Azure,australiaeast,Standard_NV18ads_A10_v5,Virtual Machines NVadsA10v5 Series Windows,0.58175,A10
Azure,australiaeast,Standard_ND96ams_A100_v4,Virtual Machines NDamsr A100 v4 Series Windows,20.773,A100
Azure,eastus2,Standard_NC4as_T4_v3,Virtual Machines NCasT4 v3 Series,0.526,Other
Azure,swedencentral,Standard_ND96isf_H100_v5,Virtual Machines NDsrf H100 v5 Series,21.258283,H100
Azure,westeurope,Standard_NC48ads_A100_v4,NCads A100 v4 Series Windows,4.703,A100
Azure,mexicocentral,Standard_NV18ads_A10_v5,Virtual Machines NVadsA10v5 Series Windows,0.479371,A10
Azure,westus3,Standard_NV18ads_A10_v5,Virtual Machines NVadsA10v5 Series,0.29568,A10
Azure,japaneast,Standard_NV6ads_A10_v5,Virtual Machines NVadsA10v5 Series Windows,0.172603,A10
Azure,canadacentral,Standard_NV8as_v4,Virtual Machines NVasv4 Series Windows,0.17131,Other
Azure,polandcentral,Standard_ND96isr_MI300X_v5,Virtual Machines NDMI300Xv5 Srs Windows,14.476493,MI300X
Azure,southeastasia,Standard_NC16lds_xl_RTXPRO6000BSE_v6,Virtual Machines NCldsxlRTX6kv6 Windows,0.4636,RTX PRO 6000
Azure,norwaywest,Standard_NV12s_v3,Virtual Machines NVSv3 Series,0.376622,Other
Azure,francecentral,Standard_NV24s_v3,Virtual Machines NVSv3 Series Windows,1.582,Other
Azure,australiaeast,Standard_NV28adms_V710_v5,Virtual Machines NVadsV710v5 Series,0.696,Other
Azure,francecentral,Standard_NC24rs_v3,Virtual Machines NCSv3 Series Windows,6.7428,Other
Azure,northcentralus,Standard_NC48ads_A100_v4,NCads A100 v4 Series Windows,11.023,A100
Azure,attdallas1,Standard_NC8as_T4_v3,Virtual Machines NCasT4 v3 Series Windows,0.858,Other
Azure,australiaeast,Standard_NC24s_v3,Virtual Machines NCSv3 Series Windows,3.333792,Other
Azure,usgovarizona,Standard_NC6s_v3,Virtual Machines NCSv3 Series,0.734,Other
Azure,eastasia,Standard_NV36adms_A10_v5,Virtual Machines NVadsA10v5 Series,7.006,A10
Azure,germanywestcentral,Standard_NV32as_v4,Virtual Machines NVasv4 Series Windows,0.70261,Other
Azure,westus,Standard_NV48s_v3,Virtual Machines NVSv3 Series,4.56,Other
Azure,westus2,Standard_NC64lds_xl_RTXPRO6000BSE_v6,Virtual Machines NCldsxlRTX6kv6,2.44,RTX PRO 6000
Azure,malaysiawest,Standard_NC16as_T4_v3,Virtual Machines NCasT4 v3 Series,1.444,Other
Azure,westus2,Standard_NC320ds_xl_RTXPRO6000BSE_v6,Virtual Machines NCdsxlRTX6kv6 Windows,31.308,RTX PRO 6000
Azure,australiaeast,Standard_NV36adms_A10_v5,Virtual Machines NVadsA10v5 Series Windows,3.284,A10
Azure,southcentralus,Standard_NC80adis_H100_v5,Virtual Machines NCadsH100v5 Series,10.446508,H100
Azure,uksouth,Standard_ND96amsr_A100_v4,Virtual Machines NDamsr A100 v4 Series Windows,45.378,A100
Azure,swedencentral,Standard_NC4as_T4_v3,Virtual Machines NCasT4 v3 Series Windows,0.21518,Other
Azure,mexicocentral,Standard_NV12ads_A10_v5,Virtual Machines NVadsA10v5 Series Windows,0.622,A10
Azure,canadacentral,Standard_NC6s_v3,Virtual Machines NCSv3 Series,3.366,Other
Azure,westus2,Standard_NC64as_T4_v3,Virtual Machines NCasT4 v3 Series,1.26208,Other
Azure,southcentralus,Standard_NV32as_v4,Virtual Machines NVasv4 Series,0.413398,Other
Azure,francecentral,Standard_NV12s_v3,Virtual Machines NVSv3 Series,0.285,Other
Azure,francecentral,Standard_NC12s_v3,Virtual Machines NCSv3 Series,1.323168,Other
Azure,southcentralus,Standard_NP20s,Virtual Machines NP Series,0.731808,Other
Azure,koreacentral,Standard_NC12s_v3,Virtual Machines NCSv3 Series Windows,1.666896,Other
Azure,jioindiacentral,Standard_NV72ads_A10_v5,Virtual Machines NVadsA10v5 Series Windows,12.44,A10
Azure,usgovvirginia,Standard_NV36ads_A10_v5,Virtual Machines NVadsA10v5 Series Windows,5.656,A10
Azure,eastus,Standard_NC32ds_xl_RTXPRO6000BSE_v6,Virtual Machines NCdsxlRTX6kv6 Windows,0.5828,RTX PRO 6000
Azure,germanywestcentral,Standard_NV36ads_A10_v5,Virtual Machines NVadsA10v5 Series,0.768768,A10
Azure,westus3,Standard_NV16as_v4,Virtual Machines NVasv4 Series,0.186,Other
Azure,australiacentral,Standard_NC64as_T4_v3,Virtual Machines NCasT4 v3 Series Windows,2.49081,Other
Azure,northeurope,Standard_NV16as_v4,Virtual Machines NVasv4 Series,0.206606,Other
Azure,westus3,Standard_NC6s_v3,Virtual Machines NCSv3 Series Windows,1.334,Other
Azure,southcentralus,Standard_NV6ads_A10_v5,Virtual Machines NVadsA10v5 Series Windows,0.821,A10
Azure,mexicocentral,Standard_NV16as_v4,Virtual Machines NVasv4 Series,0.205,Other
Azure,germanywestcentral,Standard_NV36adms_A10_v5,Virtual Machines NVadsA10v5 Series Windows,3.013,A10
Azure,southcentralus,Standard_NC32ads_A10_v4,Virtual Machines NCadsA10v4 Series,1.056,A10
Azure,westeurope,Standard_ND96is_flex_H100_v5,Virtual Machines NDsfH100v5 Series Windows,119.45,H100
Azure,centralus,Standard_NC64ds_xl_RTXPRO6000BSE_v6,Virtual Machines NCdsxlRTX6kv6,0.6968,RTX PRO 6000
Azure,usgovarizona,Standard_NV36ads_A10_v5,Virtual Machines NVadsA10v5 Series,0.7392,A10
Azure,francecentral,Standard_NC96ads_A100_v4,NCads A100 v4 Series Windows,4.209929,A100
Azure,centralus,Standard_NC24s_v3,Virtual Machines NCSv3 Series,2.766,Other
Azure,westus3,Standard_NC24s_v3,Virtual Machines NCSv3 Series Windows,2.465971,Other
Azure,germanywestcentral,Standard_NC16as_T4_v3,Virtual Machines NCasT4 v3 Series,1.504,Other
Azure,westus3,Standard_NV6ads_A10_v5,Virtual Machines NVadsA10v5 Series Windows,0.134904,A10
Azure,westus,Standard_NC64ds_xl_RTXPRO6000BSE_v6,Virtual Machines NCdsxlRTX6kv6 Windows,6.624,RTX PRO 6000
Azure,northeurope,Standard_NC8as_T4_v3,Virtual Machines NCasT4 v3 Series Windows,0.482,Other
Azure,swedencentral,Standard_NC96ads_A100_v4,NCads A100 v4 Series Linux,19.1,A100
Azure,japaneast,Standard_ND96amsr_A100_v4,Virtual Machines NDamsr A100 v4 Series Windows,13.50258,A100
Azure,southcentralus,Standard_NC64as_T4_v3,Virtual Machines NCasT4 v3 Series,1.51438,Other
Azure,indonesiacentral,Standard_NV36adms_A10_v5,Virtual Machines NVadsA10v5 Series Windows,1.329266,A10
Azure,southeastasia,Standard_NP10s,Virtual Machines NP Series,0.429,Other
Azure,uaenorth,Standard_NV24s_v3,Virtual Machines NVSv3 Series Windows,1.554,Other
Azure,northeurope,Standard_NC64as_T4_v3,Virtual Machines NCasT4 v3 Series Windows,3.119,Other
Azure,usgovarizona,Standard_NV24s_v3,Virtual Machines NVSv3 Series,2.85,Other
Azure,japaneast,Standard_NV4as_v4,Virtual Machines NVasv4 Series,0.338,Other
Azure,canadacentral,Standard_NV32as_v4,Virtual Machines NVasv4 Series Windows,3.709,Other
Azure,usgovvirginia,Standard_NC12s_v3,Virtual Machines NCSv3 Series,7.344,Other
Azure,southcentralus,Standard_NV6_Promo,Virtual Machines NV Promo Series,0.69,Other
Azure,uaecentral,Standard_ND128isr_NDR_GB200_v6,Virtual Machines NDsrGB200NDRv6 Windows,207.048,GB200
Azure,italynorth,Standard_NV32as_v4,Virtual Machines NVasv4 Series,0.430584,Other
Azure,germanywestcentral,Standard_ND96isr_MI300X_v5,Virtual Machines NDMI300Xv5 Srs Windows,66.816,MI300X
Azure,attatlanta1,Standard_NC4as_T4_v3,Virtual Machines NCasT4 v3 Series Windows,0.2208,Other
Azure,westus,Standard_NC12s_v3,Virtual Machines NCSv3 Series Windows,8.508,Other
Azure,eastus,Standard_ND96ams_A100_v4,Virtual Machines NDamsr A100 v4 Series Windows,9.66836,A100
Azure,westus2,Standard_NV12ads_A10_v5,Virtual Machines NVadsA10v5 Series,0.182,A10
Azure,italynorth,Standard_NC8as_T4_v3,Virtual Machines NCasT4 v3 Series,0.176,Other
Azure,eastus2,Standard_NG16ads_V620_v1,Virtual Machines NGadsV620v1 Series,0.254,Other
Azure,northeurope,Standard_NV12s_v3,Virtual Machines NVSv3 Series,1.21,Other
Azure,usgovvirginia,Standard_NV18ads_A10_v5,Virtual Machines NVadsA10v5 Series Windows,2.828,A10
Azure,southcentralus,Standard_NC24r_Promo,Virtual Machines NC Promo Series Windows,3.195,Other
Azure,swedencentral,Standard_NV36ads_A10_v5,Virtual Machines NVadsA10v5 Series,0.832,A10
Azure,eastus2,Standard_NC96ads_A100_v4,NCads A100 v4 Series Linux,3.449682,A100
Azure,southcentralus,Standard_NV4ads_V710_v5,Virtual Machines NVadsV710v5 Series,0.07392,Other
Azure,eastus2,Standard_NC16as_T4_v3,Virtual Machines NCasT4 v3 Series,0.858091,Other
Azure,italynorth,Standard_NC8as_T4_v3,Virtual Machines NCasT4 v3 Series,0.25491,Other
Azure,koreacentral,Standard_NC24s_v3,Virtual Machines NCSv3 Series,3.387,Other
Azure,westeurope,Standard_NV12s_v3,Virtual Machines NVSv3 Series,1.426,Other
Azure,westus2,Standard_NC64ds_xl_RTXPRO6000BSE_v6,Virtual Machines NCdsxlRTX6kv6 Windows,5.774,RTX PRO 6000
Azure,australiacentral2,Standard_NC16as_T4_v3,Virtual Machines NCasT4 v3 Series,0.1565,Other
Azure,francecentral,Standard_NC48ads_A100_v4,NCads A100 v4 Series Windows,2.105057,A100
Azure,northcentralus,Standard_NC48ads_A100_v4,NCads A100 v4 Series Linux,8.815,A100
Azure,mexicocentral,Standard_NV36ads_A10_v5,Virtual Machines NVadsA10v5 Series,3.532,A10
Azure,australiaeast,Standard_NC24s_v3,Virtual Machines NCSv3 Series Windows,18.04,Other
Azure,australiacentral,Standard_NC8as_T4_v3,Virtual Machines NCasT4 v3 Series Windows,0.39005,Other
Azure,germanywestcentral,Standard_NV12ads_A10_v5,Virtual Machines NVadsA10v5 Series,1.18,A10
Azure,japanwest,Standard_NC8as_T4_v3,Virtual Machines NCasT4 v3 Series Windows,0.42485,Other
Azure,brazilsouth,Standard_NV12s_v3,Virtual Machines NVSv3 Series,0.358142,Other
Azure,australiaeast,Standard_NV12ads_A10_v5,Virtual Machines NVadsA10v5 Series,1.317,A10
Azure,japaneast,Standard_NV36adms_A10_v5,Virtual Machines NVadsA10v5 Series Windows,1.517208,A10
Azure,southeastasia,Standard_NC256ds_xl_RTXPRO6000BSE_v6,Virtual Machines NCdsxlRTX6kv6,3.5728,RTX PRO 6000
Azure,usgovarizona,Standard_ND96ams_A100_v4,Virtual Machines NDamsr A100 v4 Series Linux,8.192,A100
Azure,brazilsouth,Standard_NC24s_v3,Virtual Machines NCSv3 Series,4.896,Other
Azure,uaenorth,Standard_NV24s_v3,Virtual Machines NVSv3 Series Windows,3.886,Other
Azure,southcentralus,Standard_NCC40ads_H100_v5,Virtual Machines NCCadsv5 Srs,7.89,H100
Azure,eastus,Standard_NC40ads_H100_v5,Virtual Machines NCadsH100v5 Series,2.192418,H100
Azure,attatlanta1,Standard_NV16as_v4,Virtual Machines NVasv4 Series,1.631,Other
Azure,southeastasia,Standard_NC8as_T4_v3,Virtual Machines NCasT4 v3 Series Windows,0.568,Other
Azure,northeurope,Standard_NC64as_T4_v3,Virtual Machines NCasT4 v3 Series Windows,5.082864,Other
Azure,centralus,Standard_NC16as_T4_v3,Virtual Machines NCasT4 v3 Series Windows,1.371203,Other
Azure,westus3,Standard_ND96isr_MI300X_v5,Virtual Machines NDMI300Xv5 Srs Windows,52.416,MI300X
Azure,brazilsouth,Standard_NC16as_T4_v3,Virtual Machines NCasT4 v3 Series,2.046,Other
Azure,westus2,Standard_NC64lds_xl_RTXPRO6000BSE_v6,Virtual Machines NCldsxlRTX6kv6,0.488,RTX PRO 6000
Azure,japaneast,Standard_NV24s_v3,Virtual Machines NVSv3 Series,0.632,Other
Azure,westeurope,Standard_NV28adms_V710_v5,Virtual Machines NVadsV710v5 Series,0.624,Other
Azure,spaincentral,Standard_NV12ads_A10_v5,Virtual Machines NVadsA10v5 Series,1.18,A10
Azure,uaenorth,Standard_ND96ams_A100_v4,Virtual Machines NDamsr A100 v4 Series Windows,20.511,A100
Azure,westus,Standard_ND96isr_H100_v5,Virtual Machines NDsr H100 v5 Series Windows,52.893,H100
Azure,francecentral,Standard_NC6s_v3,Virtual Machines NCSv3 Series Windows,0.712589,Other
Azure,northcentralus,Standard_NV8ads_V710_v5,Virtual Machines NVadsV710v5 Series Windows,1.168,Other
Azure,germanywestcentral,Standard_NV32as_v4,Virtual Machines NVasv4 Series,0.430584,Other
Azure,switzerlandnorth,Standard_NC48ads_A100_v4,NCads A100 v4 Series Windows,12.713,A100
Azure,canadacentral,Standard_NC24s_v3,Virtual Machines NCSv3 Series,2.693,Other
Azure,southcentralus,Standard_NC16as_T4_v3,Virtual Machines NCasT4 v3 Series,0.289,Other
Azure,eastus,Standard_NC64lds_xl_RTXPRO6000BSE_v6,Virtual Machines NCldsxlRTX6kv6,2.44,RTX PRO 6000
Azure,northeurope,Standard_ND96isr_MI300X_v5,Virtual Machines NDMI300Xv5 Srs,10.64448,MI300X
Azure,switzerlandnorth,Standard_NV36adms_A10_v5,Virtual Machines NVadsA10v5 Series,1.194547,A10
Azure,qatarcentral,Standard_NV18ads_A10_v5,Virtual Machines NVadsA10v5 Series,0.422822,A10
Azure,westus3,Standard_NC12s_v3,Virtual Machines NCSv3 Series,6.12,Other
Azure,eastus2,Standard_NC40ads_H100_v5,Virtual Machines NCadsH100v5 Series Windows,8.82,H100
Azure,southcentralus,Standard_NC6s_v3,Virtual Machines NCSv3 Series Windows,0.696844,Other
Azure,eastus2,Standard_NC80adis_H100_v5,Virtual Machines NCadsH100v5 Series Windows,15.876,H100
Azure,eastus,Standard_NC24ads_A100_v4,NCads A100 v4 Series Windows,1.911,A100
Azure,eastus,Standard_NC32lds_xl_RTXPRO6000BSE_v6,Virtual Machines NCldsxlRTX6kv6 Windows,0.543,RTX PRO 6000
Azure,centralus,Standard_NC64as_T4_v3,Virtual Machines NCasT4 v3 Series Windows,3.14,Other
Azure,switzerlandnorth,Standard_NV48s_v3,Virtual Machines NVSv3 Series Windows,1.566734,Other
Azure,southeastasia,Standard_NC16lds_xl_RTXPRO6000BSE_v6,Virtual Machines NCldsxlRTX6kv6,0.3164,RTX PRO 6000
Azure,westeurope,Standard_NV6ads_A10_v5,Virtual Machines NVadsA10v5 Series Windows,0.176058,A10
Azure,southcentralus,Standard_NC40ads_H100_v5,Virtual Machines NCadsH100v5 Series,8.38,H100
Azure,brazilsouth,Standard_NV12ads_A10_v5,Virtual Machines NVadsA10v5 Series Windows,2.368,A10
Azure,uksouth,Standard_NV32as_v4,Virtual Machines NVasv4 Series Windows,0.70261,Other
Azure,centralus,Standard_ND96is_noIB_H100_v5,Virtual Machines NDsH100v5 Series Windows,113.256,H100
Azure,westeurope,Standard_ND96amsr_A100_v4,Virtual Machines NDamsr A100 v4 Series Linux,8.192,A100
Azure,swedencentral,Standard_NV4as_v4,Virtual Machines NVasv4 Series,0.326,Other
Azure,australiaeast,Standard_NC24_Promo,Virtual Machines NC Promo Series,2.732,Other
Azure,italynorth,Standard_NV12ads_A10_v5,Virtual Machines NVadsA10v5 Series,0.218064,A10
Azure,eastus,Standard_NC48ads_A100_v4,NCads A100 v4 Series Windows,9.554,A100
Azure,southcentralus,Standard_NP20s,Virtual Machines NP Series Windows,4.88,Other
Azure,eastus,Standard_NC128ds_xl_RTXPRO6000BSE_v6,Virtual Machines NCdsxlRTX6kv6 Windows,2.4536,RTX PRO 6000
Azure,koreacentral,Standard_NV32as_v4,Virtual Machines NVasv4 Series,2.516,Other
Azure,polandcentral,Standard_NV36adms_A10_v5,Virtual Machines NVadsA10v5 Series,1.085885,A10
Azure,westus,Standard_NV6ads_A10_v5,Virtual Machines NVadsA10v5 Series Windows,0.160037,A10
Azure,malaysiawest,Standard_NC40ads_H100_v5,Virtual Machines NCadsH100v5 Series,8.167,H100
Azure,westus3,Standard_NC32ads_A10_v4,Virtual Machines NCadsA10v4 Series Windows,2.349,A10
Azure,eastus,Standard_NC24rs_v3,Virtual Machines NCSv3 Series,2.692,Other
Azure,eastus,Standard_NP10s,Virtual Machines NP Series,0.33,Other
Azure,polandcentral,Standard_NV4as_v4,Virtual Machines NVasv4 Series,0.0582,Other
Azure,spaincentral,Standard_NV72ads_A10_v5,Virtual Machines NVadsA10v5 Series,8.476,A10
Azure,malaysiawest,Standard_NC40ads_H100_v5,Virtual Machines NCadsH100v5 Series,1.509262,H100
Azure,westus3,Standard_NV36ads_A10_v5,Virtual Machines NVadsA10v5 Series,3.2,A10
Azure,centralus,Standard_NM16ads_MA35D  ,Virtual Machines NMadsMA35D Series Windows,1.254,Other
Azure,westus3,Standard_NG16ads_V620_v1,Virtual Machines NGadsV620v1 Series Windows,0.370709,Other
Azure,mexicocentral,Standard_NV36adms_A10_v5,Virtual Machines NVadsA10v5 Series,0.921967,A10
Azure,westeurope,Standard_NV12ads_A10_v5,Virtual Machines NVadsA10v5 Series Windows,0.693,A10
Azure,northcentralus,Standard_NV12ads_V710_v5,Virtual Machines NVadsV710v5 Series Windows,0.701,Other
Azure,westus,Standard_NV72ads_A10_v5,Virtual Machines NVadsA10v5 Series Windows,11.788,A10
Azure,centralus,Standard_NC24rs_v3,Virtual Machines NCSv3 Series Windows,6.527,Other
Azure,australiacentral2,Standard_NC8as_T4_v3,Virtual Machines NCasT4 v3 Series,0.195,Other
Azure,germanywestcentral,Standard_NV36ads_A10_v5,Virtual Machines NVadsA10v5 Series Windows,2.326,A10
Azure,usgovvirginia,Standard_NV12ads_A10_v5,Virtual Machines NVadsA10v5 Series Windows,0.675,A10
Azure,brazilsouth,Standard_NC48ads_A100_v4,NCads A100 v4 Series Linux,2.938,A100
Azure,eastus,Standard_NC128ds_xl_RTXPRO6000BSE_v6,Virtual Machines NCdsxlRTX6kv6 Windows,12.268,RTX PRO 6000
Azure,usgovvirginia,Standard_NC24rs_v3,Virtual Machines NCSv3 Series,3.231,Other
Azure,germanywestcentral,Standard_NV36ads_A10_v5,Virtual Machines NVadsA10v5 Series,4.16,A10
Azure,koreacentral,Standard_NV32as_v4,Virtual Machines NVasv4 Series,0.464957,Other
Azure,eastasia,Standard_NV6ads_A10_v5,Virtual Machines NVadsA10v5 Series Windows,0.181104,A10
Azure,southindia,Standard_NC4as_T4_v3,Virtual Machines NCasT4 v3 Series,0.742,Other
Azure,southcentralus,Standard_ND96isr_H100_v5,Virtual Machines NDsr H100 v5 Series,23.594,H100
Azure,italynorth,Standard_NC24ads_A100_v4,NCads A100 v4 Series Windows,5.879,A100
Azure,northeurope,Standard_NV6ads_A10_v5,Virtual Machines NVadsA10v5 Series,0.545,A10
Azure,eastus2,Standard_NV12s_v3,Virtual Machines NVSv3 Series,0.228,Other
Azure,southindia,Standard_NC16as_T4_v3,Virtual Machines NCasT4 v3 Series,1.697,Other
Azure,southeastasia,Standard_NV32as_v4,Virtual Machines NVasv4 Series Windows,3.895,Other
Azure,australiaeast,Standard_NV16as_v4,Virtual Machines NVasv4 Series,0.249665,Other
Azure,uaenorth,Standard_NV36adms_A10_v5,Virtual Machines NVadsA10v5 Series,1.194547,A10
Azure,southcentralus,Standard_ND40s_v2,Virtual Machines NDSv2 Series Windows,2.884358,Other
Azure,japaneast,Standard_NG32adms_V620,Virtual Machines NGadsV620v1 Series Windows,6.256,Other
Azure,southcentralus,Standard_NC24rs_v3,Virtual Machines NCSv3 Series,14.8104,Other
Azure,francecentral,Standard_NC24ads_A100_v4,NCads A100 v4 Series Linux,0.848417,A100
Azure,eastus2,Standard_ND96isr_H100_v5,Virtual Machines NDsr H100 v5 Series Windows,41.094,H100
Azure,westus,Standard_NV12s_v3,Virtual Machines NVSv3 Series,0.228,Other
Azure,canadacentral,Standard_ND96isr_MI300X_v5,Virtual Machines NDMI300Xv5 Srs,57.6,MI300X
Azure,polandcentral,Standard_NC4as_T4_v3,Virtual Machines NCasT4 v3 Series Windows,0.336,Other
Azure,westus,Standard_NM16ads_MA35D  ,Virtual Machines NMadsMA35D Series Windows,1.308,Other
Azure,centralindia,Standard_NV12s_v3,Virtual Machines NVSv3 Series,0.294941,Other
Azure,canadacentral,Standard_NV12ads_A10_v5,Virtual Machines NVadsA10v5 Series,0.218,A10
Azure,indonesiacentral,Standard_NC80adis_H100_v5,Virtual Machines NCadsH100v5 Series,3.220868,H100
Azure,japanwest,Standard_NC8as_T4_v3,Virtual Machines NCasT4 v3 Series,1.097,Other
Azure,eastus,Standard_ND96asr_A100_v4,Virtual Machines NDasr A100 v4 Series,27.197,A100
Azure,australiaeast,Standard_NC8as_T4_v3,Virtual Machines NCasT4 v3 Series,0.196,Other
Azure,israelcentral,Standard_NC6s_v3,Virtual Machines NCSv3 Series,0.841,Other
Azure,uksouth,Standard_NM16ads_MA35D  ,Virtual Machines NMadsMA35D Series,0.450542,Other
Azure,westus,Standard_NC12s_v3,Virtual Machines NCSv3 Series,7.956,Other
Azure,jioindiawest,Standard_NV72ads_A10_v5,Virtual Machines NVadsA10v5 Series,9.128,A10
Azure,westus,Standard_NC32lds_xl_RTXPRO6000BSE_v6,Virtual Machines NCldsxlRTX6kv6 Windows,0.6176,RTX PRO 6000
Azure,australiacentral,Standard_NC64as_T4_v3,Virtual Machines NCasT4 v3 Series,5.645,Other
Azure,usgovarizona,Standard_NV72ads_A10_v5,Virtual Machines NVadsA10v5 Series Windows,11.462,A10
Azure,centralindia,Standard_NV8as_v4,Virtual Machines NVasv4 Series Windows,0.188496,Other
Azure,eastus,Standard_NV12ads_V710_v5,Virtual Machines NVadsV710v5 Series Windows,0.621,Other
Azure,centralus,Standard_NC24s_v3,Virtual Machines NCSv3 Series Windows,5.974,Other
Azure,westus,Standard_NV18ads_A10_v5,Virtual Machines NVadsA10v5 Series Windows,2.908,A10
Azure,eastus2,Standard_NV12s_v3,Virtual Machines NVSv3 Series Windows,0.677,Other
Azure,eastus,Standard_NC24s_v3,Virtual Machines NCSv3 Series Windows,5.338,Other
Azure,swedencentral,Standard_NC64as_T4_v3,Virtual Machines NCasT4 v3 Series,0.921,Other
Azure,eastus,Standard_ND96ams_A100_v4,Virtual Machines NDamsr A100 v4 Series Linux,32.77,A100
Azure,centralus,Standard_NC12s_v3,Virtual Machines NCSv3 Series,1.383,Other
Azure,francecentral,Standard_NC4as_T4_v3,Virtual Machines NCasT4 v3 Series,0.615,Other
Azure,westus3,Standard_NC4as_T4_v3,Virtual Machines NCasT4 v3 Series Windows,0.2059,Other
Azure,malaysiawest,Standard_NC64as_T4_v3,Virtual Machines NCasT4 v3 Series,1.51119,Other
Azure,centralus,Standard_NCC40ads_H100_v5,Virtual Machines NCCadsv5 Srs Win,9.73,H100
Azure,japaneast,Standard_ND96isr_H100_v5,Virtual Machines NDsr H100 v5 Series,28.513,H100
Azure,eastus,Standard_NP40s,Virtual Machines NP Series Windows,3.376,Other
Azure,italynorth,Standard_NV72ads_A10_v5,Virtual Machines NVadsA10v5 Series Windows,4.715,A10
Azure,uksouth,Standard_NC24s_v3,Virtual Machines NCSv3 Series,14.356,Other
Azure,southeastasia,Standard_NC12s_v3,Virtual Machines NCSv3 Series Windows,9.02,Other
Azure,switzerlandnorth,Standard_NV12s_v3,Virtual Machines NVSv3 Series Windows,0.391961,Other
Azure,northeurope,Standard_NV72ads_A10_v5,Virtual Machines NVadsA10v5 Series Windows,11.136,A10
Azure,brazilsouth,Standard_NV6ads_A10_v5,Virtual Machines NVadsA10v5 Series,0.167798,A10
Azure,polandcentral,Standard_NV36adms_A10_v5,Virtual Machines NVadsA10v5 Series Windows,3.013,A10
Azure,brazilsouth,Standard_NV48s_v3,Virtual Machines NVSv3 Series Windows,3.984,Other
Azure,westus2,Standard_NC64ds_xl_RTXPRO6000BSE_v6,Virtual Machines NCdsxlRTX6kv6 Windows,1.1548,RTX PRO 6000
Azure,germanywestcentral,Standard_NV8as_v4,Virtual Machines NVasv4 Series Windows,0.95,Other
Azure,jioindiawest,Standard_NV36ads_A10_v5,Virtual Machines NVadsA10v5 Series Windows,6.136,A10
Azure,spaincentral,Standard_NV28adms_V710_v5,Virtual Machines NVadsV710v5 Series,3.12,Other
Azure,australiaeast,Standard_NC6_Promo,Virtual Machines NC Promo Series Windows,0.959,Other
Azure,westus2,Standard_NC24rs_v3,Virtual Machines NCSv3 Series Windows,5.827,Other
Azure,australiaeast,Standard_NV36adms_A10_v5,Virtual Machines NVadsA10v5 Series Windows,1.517208,A10
Azure,australiaeast,Standard_ND96isr_H100_v5,Virtual Machines NDsr H100 v5 Series Windows,147.016,H100
Azure,eastus2,Standard_NC64ds_xl_RTXPRO6000BSE_v6,Virtual Machines NCdsxlRTX6kv6 Windows,1.1548,RTX PRO 6000
Azure,switzerlandnorth,Standard_NC40ads_H100_v5,Virtual Machines NCadsH100v5 Series,1.996,H100
Azure,brazilsouth,Standard_NC12s_v3,Virtual Machines NCSv3 Series Windows,2.363962,Other
Azure,westeurope,Standard_NC96ads_A100_v4,NCads A100 v4 Series Windows,9.406,A100
Azure,usgovvirginia,Standard_NV18ads_A10_v5,Virtual Machines NVadsA10v5 Series Windows,1.131,A10
Azure,switzerlandnorth,Standard_ND96amsr_A100_v4,Virtual Machines NDamsr A100 v4 Series Windows,13.33202,A100
Azure,australiaeast,Standard_NV16as_v4,Virtual Machines NVasv4 Series,1.351,Other
Azure,eastus2,Standard_NV36adms_A10_v5,Virtual Machines NVadsA10v5 Series Windows,6.176,A10
Azure,germanywestcentral,Standard_NC80adis_H100_v5,Virtual Machines NCadsH100v5 Series Windows,21.828,H100
Azure,westus2,Standard_NV6ads_A10_v5,Virtual Machines NVadsA10v5 Series Windows,0.134904,A10
Azure,uksouth,Standard_NC80adis_H100_v5,Virtual Machines NCadsH100v5 Series Windows,7.788518,H100
Azure,francecentral,Standard_ND96is_MI300X_v5,Virtual Machines NDMI300Xv5 Srs,12.0,MI300X
Azure,ukwest,Standard_ND96ams_A100_v4,Virtual Machines NDamsr A100 v4 Series Windows,47.345,A100
Azure,uksouth,Standard_NC12s_v3,Virtual Machines NCSv3 Series Windows,7.73,Other
Azure,southcentralus,Standard_ND96is_H100_v5,Virtual Machines NDsr H100 v5 Series Windows,20.436478,H100
Azure,southeastasia,Standard_NP10s,Virtual Machines NP Series Windows,2.605,Other
Azure,northeurope,Standard_NC24ads_A100_v4,NCads A100 v4 Series Linux,4.408,A100
Azure,australiacentral,Standard_NC4as_T4_v3,Virtual Machines NCasT4 v3 Series Windows,0.347,Other
Azure,westeurope,Standard_ND96amsr_A100_v4,Virtual Machines NDamsr A100 v4 Series Linux,40.962,A100
Azure,indonesiacentral,Standard_NV72ads_A10_v5,Virtual Machines NVadsA10v5 Series,1.475998,A10
Azure,centralus,Standard_NV72ads_A10_v5,Virtual Machines NVadsA10v5 Series,8.02,A10
Azure,australiacentral2,Standard_NC4as_T4_v3,Virtual Machines NCasT4 v3 Series,0.684,Other
Azure,southcentralus,Standard_NC4as_T4_v3,Virtual Machines NCasT4 v3 Series,0.631,Other
Azure,germanywestcentral,Standard_NV18ads_A10_v5,Virtual Machines NVadsA10v5 Series Windows,2.908,A10
Azure,southcentralus,Standard_NC24s_v3,Virtual Machines NCSv3 Series,2.488147,Other
Azure,westeurope,Standard_NV36ads_A10_v5,Virtual Machines NVadsA10v5 Series,0.845728,A10
Azure,eastus,Standard_NC256lds_xl_RTXPRO6000BSE_v6,Virtual Machines NCldsxlRTX6kv6 Windows,22.776,RTX PRO 6000
Azure,italynorth,Standard_NV16as_v4,Virtual Machines NVasv4 Series Windows,0.76,Other
Azure,westus2,Standard_NC6s_v3,Virtual Machines NCSv3 Series Windows,3.336,Other
Azure,japaneast,Standard_NC64as_T4_v3,Virtual Machines NCasT4 v3 Series Windows,3.528,Other
Azure,centralus,Standard_NV12ads_A10_v5,Virtual Machines NVadsA10v5 Series Windows,0.308431,A10
Azure,swedencentral,Standard_NC8as_T4_v3,Virtual Machines NCasT4 v3 Series Windows,0.33756,Other
Azure,eastus2,Standard_NV24s_v3,Virtual Machines NVSv3 Series,0.421344,Other
Azure,eastus2,Standard_NC320lds_xl_RTXPRO6000BSE_v6,Virtual Machines NCldsxlRTX6kv6 Windows,5.804,RTX PRO 6000
Azure,centralus,Standard_NC80adis_H100_v5,Virtual Machines NCadsH100v5 Series,17.17,H100
Azure,eastus,Standard_NP40s,Virtual Machines NP Series,1.21968,Other
Azure,koreasouth,Standard_ND96isr_H200_v5,Virtual Machines NDsrH200v5 Series,106.0,H200
Azure,westus3,Standard_NC6s_v3,Virtual Machines NCSv3 Series,0.565488,Other
Azure,westus2,Standard_NC16lds_xl_RTXPRO6000BSE_v6,Virtual Machines NCldsxlRTX6kv6 Windows,0.3732,RTX PRO 6000
Azure,polandcentral,Standard_NC64as_T4_v3,Virtual Machines NCasT4 v3 Series,5.416,Other
Azure,eastus,Standard_ND96is_noIB_H100_v5,Virtual Machines NDsH100v5 Series Windows,92.904,H100
Azure,westus,Standard_NC64lds_xl_RTXPRO6000BSE_v6,Virtual Machines NCldsxlRTX6kv6,3.172,RTX PRO 6000
Azure,francecentral,Standard_NC12s_v3,Virtual Machines NCSv3 Series,7.16,Other
Azure,westeurope,Standard_NC8ads_A10_v4,Virtual Machines NCadsA10v4 Series Windows,1.798,A10
Azure,southeastasia,Standard_NC320lds_xl_RTXPRO6000BSE_v6,Virtual Machines NCldsxlRTX6kv6,4.004,RTX PRO 6000
Azure,japanwest,Standard_NC8as_T4_v3,Virtual Machines NCasT4 v3 Series,0.31813,Other
Azure,koreasouth,Standard_NV6ads_A10_v5,Virtual Machines NVadsA10v5 Series Windows,0.337,A10
Azure,centralus,Standard_NC12s_v3,Virtual Machines NCSv3 Series,6.916,Other
Azure,uksouth,Standard_NV4as_v4,Virtual Machines NVasv4 Series Windows,0.19,Other
Azure,centralindia,Standard_NC24rs_v3,Virtual Machines NCSv3 Series Windows,19.734,Other
Azure,usgovarizona,Standard_NV6ads_A10_v5,Virtual Machines NVadsA10v5 Series Windows,0.155786,A10
Azure,mexicocentral,Standard_NV6ads_A10_v5,Virtual Machines NVadsA10v5 Series Windows,0.777,A10
Azure,polandcentral,Standard_NV36ads_A10_v5,Virtual Machines NVadsA10v5 Series Windows,5.816,A10
Azure,westeurope,Standard_ND96isr_H100_v5,Virtual Machines NDsr H100 v5 Series Windows,132.232,H100
Azure,australiaeast,Standard_NV4ads_V710_v5,Virtual Machines NVadsV710v5 Series,0.483,Other
Azure,westus3,Standard_NC16ads_A10_v4,Virtual Machines NCadsA10v4 Series,0.44,A10
Azure,southcentralus,Standard_ND96is_H100_v5,Virtual Machines NDsr H100 v5 Series Windows,44.235,H100
Azure,italynorth,Standard_NV6ads_A10_v5,Virtual Machines NVadsA10v5 Series,0.118,A10
Azure,westus3,Standard_NV4as_v4,Virtual Machines NVasv4 Series Windows,0.167,Other
Azure,northeurope,Standard_NC48ads_A100_v4,NCads A100 v4 Series Linux,8.815,A100
Azure,northeurope,Standard_NV24s_v3,Virtual Machines NVSv3 Series,0.447216,Other
Azure,swedencentral,Standard_NV72ads_A10_v5,Virtual Machines NVadsA10v5 Series Windows,2.196104,A10
Azure,westeurope,Standard_NV32as_v4,Virtual Machines NVasv4 Series,0.430584,Other
Azure,westus2,Standard_NV72ads_A10_v5,Virtual Machines NVadsA10v5 Series,6.52,A10
Azure,northcentralus,Standard_NC8as_T4_v3,Virtual Machines NCasT4 v3 Series Windows,1.12,Other
Azure,uaenorth,Standard_NV72ads_A10_v5,Virtual Machines NVadsA10v5 Series Windows,12.636,A10
Azure,norwayeast,Standard_ND96ams_A100_v4,Virtual Machines NDamsr A100 v4 Series Linux,46.861,A100
Azure,northcentralus,Standard_NV36adms_A10_v5,Virtual Machines NVadsA10v5 Series Windows,7.08,A10
Azure,southindia,Standard_ND96amsr_A100_v4,Virtual Machines NDamsr A100 v4 Series Windows,53.899,A100
Azure,uksouth,Standard_NC12s_v3,Virtual Machines NCSv3 Series,7.178,Other
Azure,eastus,Standard_ND96is_flex_H100_v5,Virtual Machines NDsfH100v5 Series,16.352582,H100
Azure,westus2,Standard_NV8as_v4,Virtual Machines NVasv4 Series Windows,0.154123,Other
Azure,southcentralus,Standard_NC24ads_A100_v4,NCads A100 v4 Series Windows,2.205,A100
Azure,canadacentral,Standard_NC12s_v3,Virtual Machines NCSv3 Series Windows,1.346083,Other
Azure,westeurope,Standard_NV36ads_A10_v5,Virtual Machines NVadsA10v5 Series Windows,1.182393,A10
Azure,westeurope,Standard_NC32ads_A10_v4,Virtual Machines NCadsA10v4 Series,1.057056,A10
Azure,australiaeast,Standard_NV24ads_V710_v5,Virtual Machines NVadsV710v5 Series,2.9,Other
Azure,israelcentral,Standard_NV72ads_A10_v5,Virtual Machines NVadsA10v5 Series Windows,12.636,A10
Azure,westus2,Standard_NC24ads_A100_v4,NCads A100 v4 Series Linux,3.673,A100
Azure,switzerlandnorth,Standard_NC24rs_v3,Virtual Machines NCSv3 Series Windows,3.623374,Other
Azure,westus3,Standard_NC96ads_A100_v4,NCads A100 v4 Series Windows,19.108,A100
Azure,southafricanorth,Standard_NV6ads_A10_v5,Virtual Machines NVadsA10v5 Series Windows,0.939,A10
Azure,australiaeast,Standard_NC40ads_H100_v5,Virtual Machines NCadsH100v5 Series Windows,4.784,H100
Azure,usgovvirginia,Standard_NV12s_v3,Virtual Machines NVSv3 Series Windows,1.977,Other
Azure,westus2,Standard_ND96isr_H200_v5,Virtual Machines NDsrH200v5 Series,84.8,H200
Azure,southcentralus,Standard_ND96asr_v4,Virtual Machines NDasr A100 v4 Series Windows,8.15012,Other
Azure,usgovvirginia,Standard_NV24s_v3,Virtual Machines NVSv3 Series Windows,3.954,Other
Azure,chilecentral,Standard_NV4as_v4,Virtual Machines NVasv4 Series,0.326,Other
Azure,uksouth,Standard_NC64as_T4_v3,Virtual Machines NCasT4 v3 Series Windows,4.604628,Other
Azure,eastus,Standard_NC40ads_H100_v5,Virtual Machines NCadsH100v5 Series Windows,2.770362,H100
Azure,koreacentral,Standard_NV16as_v4,Virtual Machines NVasv4 Series,1.258,Other
Azure,eastus2,Standard_NV18ads_A10_v5,Virtual Machines NVadsA10v5 Series Windows,0.971,A10
Azure,australiaeast,Standard_NV32as_v4,Virtual Machines NVasv4 Series Windows,4.175,Other
Azure,southeastasia,Standard_NV32as_v4,Virtual Machines NVasv4 Series Windows,1.558,Other
Azure,brazilsouth,Standard_ND96amsr_A100_v4,Virtual Machines NDamsr A100 v4 Series Windows,18.18856,A100
Azure,australiaeast,Standard_NV72ads_A10_v5,Virtual Machines NVadsA10v5 Series Windows,2.359157,A10
Azure,brazilsouth,Standard_NC48ads_A100_v4,NCads A100 v4 Series Linux,14.692,A100
Azure,westus,Standard_NC32lds_xl_RTXPRO6000BSE_v6,Virtual Machines NCldsxlRTX6kv6 Windows,3.088,RTX PRO 6000
Azure,polandcentral,Standard_NC16as_T4_v3,Virtual Machines NCasT4 v3 Series,0.456604,Other
Azure,koreacentral,Standard_NC40ads_H100_v5,Virtual Machines NCadsH100v5 Series Windows,4.505,H100
Azure,australiaeast,Standard_NC80adis_H100_v5,Virtual Machines NCadsH100v5 Series,20.242,H100
Azure,westus2,Standard_NV36adms_A10_v5,Virtual Machines NVadsA10v5 Series Windows,2.47,A10
Azure,uaenorth,Standard_NV48s_v3,Virtual Machines NVSv3 Series Windows,7.771,Other
Azure,eastus,Standard_ND96is_H100_v5,Virtual Machines NDsr H100 v5 Series Windows,92.904,H100
Azure,westeurope,Standard_NC24rs_v3,Virtual Machines NCSv3 Series,3.364,Other
Azure,italynorth,Standard_ND96asr_A100_v4,Virtual Machines NDasr A100 v4 Series,7.071,A100
Azure,koreacentral,Standard_NC4as_T4_v3,Virtual Machines NCasT4 v3 Series,0.647,Other
Azure,uksouth,Standard_ND128isr_NDR_GB200_v6,Virtual Machines NDsrGB200NDRv6 Windows,141.088,GB200
Azure,westus3,Standard_NC24ads_A100_v4,NCads A100 v4 Series Linux,1.336605,A100
Azure,japaneast,Standard_NC80adis_H100_v5,Virtual Machines NCadsH100v5 Series,20.242,H100
Azure,westeurope,Standard_NV8ads_V710_v5,Virtual Machines NVadsV710v5 Series Windows,0.494,Other
Azure,southeastasia,Standard_ND40rs_v2,Virtual Machines NDrSv2 Series Windows,5.974954,Other
Azure,southeastasia,Standard_NC24rs_v3,Virtual Machines NCSv3 Series,18.63,Other
Azure,northcentralus,Standard_NC80adis_H100_v5,Virtual Machines NCadsH100v5 Series Windows,20.432,H100
Azure,italynorth,Standard_NV36adms_A10_v5,Virtual Machines NVadsA10v5 Series Windows,1.391914,A10
Azure,italynorth,Standard_NC64as_T4_v3,Virtual Machines NCasT4 v3 Series,1.016,Other
Azure,australiaeast,Standard_NV6_Promo,Virtual Machines NV Promo Series,0.954,Other
Azure,eastus,Standard_NC16as_T4_v3,Virtual Machines NCasT4 v3 Series Windows,1.94,Other
Azure,southcentralus,Standard_NC48ads_A100_v4,NCads A100 v4 Series Windows,2.03705,A100
Azure,germanywestcentral,Standard_NC64as_T4_v3,Virtual Machines NCasT4 v3 Series,5.428,Other
Azure,germanywestcentral,Standard_NC16as_T4_v3,Virtual Machines NCasT4 v3 Series,0.301,Other
Azure,eastus,Standard_NC64ds_xl_RTXPRO6000BSE_v6,Virtual Machines NCdsxlRTX6kv6,2.83,RTX PRO 6000
Azure,eastus,Standard_NC6s_v3,Virtual Machines NCSv3 Series Windows,3.336,Other
Azure,centralus,Standard_NC40ads_H100_v5,Virtual Machines NCadsH100v5 Series Windows,10.425,H100
Azure,usgovvirginia,Standard_NV12s_v3,Virtual Machines NVSv3 Series,0.285,Other
Azure,westus3,Standard_NC64as_T4_v3,Virtual Machines NCasT4 v3 Series Windows,2.11584,Other
Azure,japaneast,Standard_NC24s_v3,Virtual Machines NCSv3 Series Windows,3.304224,Other
Azure,swedencentral,Standard_NV6ads_A10_v5,Virtual Machines NVadsA10v5 Series Windows,0.866,A10
Azure,swedencentral,Standard_NC8as_T4_v3,Virtual Machines NCasT4 v3 Series,0.796,Other
Azure,canadacentral,Standard_NC24ads_A100_v4,NCads A100 v4 Series Linux,0.985629,A100
Azure,northeurope,Standard_NV6_Promo,Virtual Machines NV Promo Series,0.726,Other
Azure,northeurope,Standard_NV16as_v4,Virtual Machines NVasv4 Series Windows,0.742,Other
Azure,brazilsouth,Standard_NV12s_v3,Virtual Machines NVSv3 Series,1.938,Other
Azure,israelcentral,Standard_NC24rs_v3,Virtual Machines NCSv3 Series Windows,7.843,Other
Azure,switzerlandnorth,Standard_NC80adis_H100_v5,Virtual Machines NCadsH100v5 Series Windows,12.533154,H100
Azure,northeurope,Standard_ND96isr_MI300X_v5,Virtual Machines NDMI300Xv5 Srs Windows,11.460557,MI300X
Azure,uksouth,Standard_NC4as_T4_v3,Virtual Machines NCasT4 v3 Series Windows,0.799,Other
Azure,southafricanorth,Standard_NV12s_v3,Virtual Machines NVSv3 Series Windows,2.012,Other
Azure,uksouth,Standard_ND96is_H100_v5,Virtual Machines NDsr H100 v5 Series,110.61,H100
Azure,eastus,Standard_NP40s,Virtual Machines NP Series,1.32,Other
Azure,brazilsouth,Standard_NC12s_v3,Virtual Machines NCSv3 Series Windows,5.117,Other
Azure,japaneast,Standard_NC96ads_A100_v4,NCads A100 v4 Series Windows,10.288,A100
Azure,qatarcentral,Standard_NV12ads_A10_v5,Virtual Machines NVadsA10v5 Series Windows,0.34188,A10
Azure,northcentralus,Standard_NC4as_T4_v3,Virtual Machines NCasT4 v3 Series,0.15254,Other
Azure,brazilsouth,Standard_NV72ads_A10_v5,Virtual Machines NVadsA10v5 Series,13.04,A10
Azure,eastus,Standard_NV4as_v4,Virtual Machines NVasv4 Series,0.043058,Other
Azure,southindia,Standard_ND96ams_A100_v4,Virtual Machines NDamsr A100 v4 Series Windows,14.01374,A100
Azure,southcentralus,Standard_NV12s_v2,Virtual Machines NVSv2 Series,0.274,Other
Azure,southeastasia,Standard_NC12s_v3,Virtual Machines NCSv3 Series,8.468,Other
Azure,mexicocentral,Standard_NV12ads_A10_v5,Virtual Machines NVadsA10v5 Series Windows,1.554,A10
Azure,canadacentral,Standard_NP40s,Virtual Machines NP Series,1.463616,Other
Azure,southeastasia,Standard_NC16as_T4_v3,Virtual Machines NCasT4 v3 Series,0.48865,Other
Azure,uaenorth,Standard_ND96is_MI300X_v5,Virtual Machines NDMI300Xv5 Srs Windows,29.222,MI300X
Azure,southcentralus,Standard_NV72ads_A10_v5,Virtual Machines NVadsA10v5 Series Windows,4.454,A10
Azure,westeurope,Standard_NC12s_v3,Virtual Machines NCSv3 Series,7.646,Other
Azure,centralindia,Standard_NC96ads_A100_v4,NCads A100 v4 Series Windows,24.985,A100
Azure,westus3,Standard_ND96ams_A100_v4,Virtual Machines NDamsr A100 v4 Series Windows,37.186,A100
Azure,italynorth,Standard_NV12ads_A10_v5,Virtual Machines NVadsA10v5 Series Windows,0.320074,A10
Azure,brazilsouth,Standard_ND96ams_A100_v4,Virtual Machines NDamsr A100 v4 Series Linux,65.54,A100
Azure,westeurope,Standard_NC24rs_v3,Virtual Machines NCSv3 Series,3.108521,Other
Azure,centralus,Standard_NC256lds_xl_RTXPRO6000BSE_v6,Virtual Machines NCldsxlRTX6kv6 Windows,5.0632,RTX PRO 6000
Azure,swedencentral,Standard_NV72ads_A10_v5,Virtual Machines NVadsA10v5 Series,8.476,A10
Azure,westus2,Standard_ND96is_noIB_H100_v5,Virtual Machines NDsH100v5 Series Windows,92.904,H100
Azure,eastus,Standard_NM16ads_MA35D  ,Virtual Machines NMadsMA35D Series Windows,1.074,Other
Azure,westus3,Standard_NC16as_T4_v3,Virtual Machines NCasT4 v3 Series,0.241,Other
Azure,centralus,Standard_NC96ads_A100_v4,NCads A100 v4 Series Windows,8.407,A100
Azure,jioindiacentral,Standard_NC48ads_A100_v4,NCads A100 v4 Series Linux,10.284,A100
Azure,francecentral,Standard_NC24rs_v3,Virtual Machines NCSv3 Series Windows,16.857,Other
Azure,eastasia,Standard_NC12s_v3,Virtual Machines NCSv3 Series Windows,1.855022,Other
Azure,spaincentral,Standard_NV12ads_V710_v5,Virtual Machines NVadsV710v5 Series,1.3,Other
Azure,southeastasia,Standard_NC12s_v3,Virtual Machines NCSv3 Series Windows,1.666896,Other
Azure,koreasouth,Standard_NV18ads_A10_v5,Virtual Machines NVadsA10v5 Series Windows,1.131,A10
Azure,eastus,Standard_NC24rs_v3,Virtual Machines NCSv3 Series,2.487408,Other
Azure,uksouth,Standard_ND96isr_H100_v5,Virtual Machines NDsr H100 v5 Series Windows,127.316,H100
Azure,northeurope,Standard_NV48s_v3,Virtual Machines NVSv3 Series Windows,7.046,Other
Azure,centralindia,Standard_NV72ads_A10_v5,Virtual Machines NVadsA10v5 Series,1.686854,A10
Azure,swedencentral,Standard_NV72ads_A10_v5,Virtual Machines NVadsA10v5 Series Windows,11.788,A10
Azure,westeurope,Standard_NG16ads_V620_v1,Virtual Machines NGadsV620v1 Series Windows,0.441118,Other
Azure,switzerlandnorth,Standard_NV48s_v3,Virtual Machines NVSv3 Series Windows,8.478,Other
Azure,switzerlandnorth,Standard_ND96ams_A100_v4,Virtual Machines NDamsr A100 v4 Series Linux,12.18386,A100
Azure,canadacentral,Standard_ND96is_MI300X_v5,Virtual Machines NDMI300Xv5 Srs Windows,62.016,MI300X
Azure,mexicocentral,Standard_NV72ads_A10_v5,Virtual Machines NVadsA10v5 Series,1.439,A10
Azure,westus,Standard_NV36adms_A10_v5,Virtual Machines NVadsA10v5 Series,1.175,A10
Azure,australiaeast,Standard_NV4as_v4,Virtual Machines NVasv4 Series,0.0676,Other
Azure,centralindia,Standard_NC24ads_A100_v4,NCads A100 v4 Series Windows,6.246,A100
Azure,uaenorth,Standard_NV12ads_A10_v5,Virtual Machines NVadsA10v5 Series Windows,0.74,A10
Azure,switzerlandnorth,Standard_NV6ads_A10_v5,Virtual Machines NVadsA10v5 Series,0.649,A10
Azure,southafricanorth,Standard_NV72ads_A10_v5,Virtual Machines NVadsA10v5 Series Windows,5.132,A10
Azure,southafricanorth,Standard_NV6ads_A10_v5,Virtual Machines NVadsA10v5 Series Windows,0.376,A10
Azure,jioindiawest,Standard_NV12ads_A10_v5,Virtual Machines NVadsA10v5 Series,1.271,A10
Azure,swedencentral,Standard_ND96ams_A100_v4,Virtual Machines NDamsr A100 v4 Series Linux,10.65012,A100
Azure,westus3,Standard_NV4as_v4,Virtual Machines NVasv4 Series,0.0466,Other
Azure,westeurope,Standard_NV24s_v3,Virtual Machines NVSv3 Series Windows,3.954,Other
Azure,eastus2,Standard_NC64as_T4_v3,Virtual Machines NCasT4 v3 Series,4.352,Other
Azure,brazilsouth,Standard_NV12s_v3,Virtual Machines NVSv3 Series Windows,2.49,Other
Azure,westeurope,Standard_NC24_Promo,Virtual Machines NC Promo Series,2.059,Other
Azure,eastus,Standard_NC96ads_A100_v4,NCads A100 v4 Series Linux,2.986884,A100
Azure,australiaeast,Standard_NV24ads_V710_v5,Virtual Machines NVadsV710v5 Series Windows,4.004,Other
Azure,japaneast,Standard_ND96ams_A100_v4,Virtual Machines NDamsr A100 v4 Series Windows,13.50258,A100
Azure,uksouth,Standard_NV6ads_A10_v5,Virtual Machines NVadsA10v5 Series,0.104782,A10
Azure,usgovarizona,Standard_NV8as_v4,Virtual Machines NVasv4 Series,0.582,Other
Azure,westus3,Standard_NC96ads_A100_v4,NCads A100 v4 Series Windows,7.402439,A100
Azure,switzerlandnorth,Standard_NV12s_v3,Virtual Machines NVSv3 Series Windows,0.848,Other
Azure,southcentralus,Standard_NC16ads_A10_v4,Virtual Machines NCadsA10v4 Series Windows,3.376,A10
Azure,canadacentral,Standard_NV18ads_A10_v5,Virtual Machines NVadsA10v5 Series Windows,1.099,A10
Azure,eastus2,Standard_ND96amsr_A100_v4,Virtual Machines NDamsr A100 v4 Series Linux,8.5202,A100
Azure,westus,Standard_ND96amsr_A100_v4,Virtual Machines NDamsr A100 v4 Series Windows,18.807,A100
Azure,eastus2,Standard_NG8ads_V620_v1,Virtual Machines NGadsV620v1 Series,0.635,Other
Azure,westus,Standard_NV12s_v3,Virtual Machines NVSv3 Series Windows,0.678,Other
Azure,uksouth,Standard_NG16ads_V620_v1,Virtual Machines NGadsV620v1 Series,0.293832,Other
Azure,usgovarizona,Standard_ND96is_H100_v5,Virtual Machines NDsr H100 v5 Series Windows,21.256805,H100
Azure,koreacentral,Standard_NC96ads_A100_v4,NCads A100 v4 Series Linux,3.665323,A100
Azure,centralus,Standard_ND96isr_H100_v5,Virtual Machines NDsr H100 v5 Series,120.934,H100
Azure,swedencentral,Standard_NG8ads_V620_v1,Virtual Machines NGadsV620v1 Series,0.152645,Other
Azure,qatarcentral,Standard_NV72ads_A10_v5,Virtual Machines NVadsA10v5 Series,9.324,A10
Azure,spaincentral,Standard_NC48ads_A100_v4,NCads A100 v4 Series Windows,11.758,A100
Azure,southeastasia,Standard_NC128lds_xl_RTXPRO6000BSE_v6,Virtual Machines NCldsxlRTX6kv6,7.7,RTX PRO 6000
Azure,australiaeast,Standard_NV4ads_V710_v5,Virtual Machines NVadsV710v5 Series,0.0966,Other
Azure,uksouth,Standard_NV36ads_A10_v5,Virtual Machines NVadsA10v5 Series,4.0,A10
Azure,northcentralus,Standard_NV12ads_V710_v5,Virtual Machines NVadsV710v5 Series,0.24,Other
Azure,centralus,Standard_NC80adis_H100_v5,Virtual Machines NCadsH100v5 Series Windows,4.514025,H100
Azure,westeurope,Standard_ND96is_noIB_H100_v5,Virtual Machines NDsH100v5 Series Windows,119.45,H100
Azure,westus3,Standard_NC96ads_A100_v4,NCads A100 v4 Series Windows,7.643,A100
Azure,northcentralus,Standard_NV6ads_A10_v5,Virtual Machines NVadsA10v5 Series,0.109,A10
Azure,centralus,Standard_ND96amsr_A100_v4,Virtual Machines NDamsr A100 v4 Series Windows,16.578,A100
Azure,spaincentral,Standard_ND96amsr_A100_v4,Virtual Machines NDamsr A100 v4 Series Windows,45.378,A100
Azure,mexicocentral,Standard_NV8as_v4,Virtual Machines NVasv4 Series,0.103,Other
Azure,spaincentral,Standard_NV32as_v4,Virtual Machines NVasv4 Series Windows,3.895,Other
Azure,southcentralus,Standard_NP40s,Virtual Machines NP Series Windows,1.803648,Other
Azure,westeurope,Standard_NC6s_v3,Virtual Machines NCSv3 Series,3.823,Other
Azure,westus3,Standard_NC32ads_A10_v4,Virtual Machines NCadsA10v4 Series,0.88,A10
Azure,usgovvirginia,Standard_ND96asr_A100_v4,Virtual Machines NDasr A100 v4 Series,34.003,A100
Azure,spaincentral,Standard_NV28adms_V710_v5,Virtual Machines NVadsV710v5 Series Windows,0.814598,Other
Azure,centralus,Standard_NC48ads_A100_v4,NCads A100 v4 Series Windows,10.509,A100
Azure,centralindia,Standard_NC64as_T4_v3,Virtual Machines NCasT4 v3 Series,4.787,Other
Azure,canadacentral,Standard_NC24rs_v3,Virtual Machines NCSv3 Series Windows,2.940907,Other
Azure,attdallas1,Standard_NC16as_T4_v3,Virtual Machines NCasT4 v3 Series Windows,1.521,Other
Azure,westus,Standard_NV6s_v2,Virtual Machines NVSv2 Series Windows,0.905,Other
Azure,westeurope,Standard_NV72ads_A10_v5,Virtual Machines NVadsA10v5 Series Windows,11.788,A10
Azure,westus3,Standard_NV18ads_A10_v5,Virtual Machines NVadsA10v5 Series,0.32,A10
Azure,westeurope,Standard_NC16as_T4_v3,Virtual Machines NCasT4 v3 Series Windows,0.896,Other
Azure,koreacentral,Standard_NC6s_v3,Virtual Machines NCSv3 Series,0.847,Other
Azure,canadacentral,Standard_NV72ads_A10_v5,Virtual Machines NVadsA10v5 Series,1.445875,A10
Azure,westus3,Standard_NV4as_v4,Virtual Machines NVasv4 Series Windows,0.077062,Other
Azure,centralus,Standard_ND96is_flex_H100_v5,Virtual Machines NDsfH100v5 Series,108.84,H100
Azure,germanywestcentral,Standard_NV18ads_A10_v5,Virtual Machines NVadsA10v5 Series Windows,0.537398,A10
Azure,norwaywest,Standard_NV24s_v3,Virtual Machines NVSv3 Series Windows,2.072,Other
Azure,northeurope,Standard_NC96ads_A100_v4,NCads A100 v4 Series Linux,17.63,A100
Azure,jioindiacentral,Standard_NV6ads_A10_v5,Virtual Machines NVadsA10v5 Series Windows,0.912,A10
Azure,australiaeast,Standard_NC80adis_H100_v5,Virtual Machines NCadsH100v5 Series Windows,23.922,H100
Azure,eastus2,Standard_NV16as_v4,Virtual Machines NVasv4 Series,0.932,Other
Azure,uksouth,Standard_NV12s_v3,Virtual Machines NVSv3 Series Windows,0.36535,Other
Azure,uaenorth,Standard_ND96is_MI300X_v5,Virtual Machines NDMI300Xv5 Srs Windows,73.056,MI300X
Azure,australiaeast,Standard_NV36ads_A10_v5,Virtual Machines NVadsA10v5 Series Windows,2.518,A10
Azure,northcentralus,Standard_NV16as_v4,Virtual Machines NVasv4 Series Windows,1.854,Other
Azure,northcentralus,Standard_ND96is_MI300X_v5,Virtual Machines NDMI300Xv5 Srs,10.64448,MI300X
Azure,spaincentral,Standard_NV8ads_V710_v5,Virtual Machines NVadsV710v5 Series,0.867,Other
Azure,centralus,Standard_NC64ds_xl_RTXPRO6000BSE_v6,Virtual Machines NCdsxlRTX6kv6 Windows,6.428,RTX PRO 6000
Azure,mexicocentral,Standard_NV72ads_A10_v5,Virtual Machines NVadsA10v5 Series Windows,1.941878,A10
Azure,westeurope,Standard_NV36ads_A10_v5,Virtual Machines NVadsA10v5 Series Windows,2.326,A10
Azure,eastus,Standard_NV16as_v4,Virtual Machines NVasv4 Series Windows,0.308246,Other
Azure,usgovvirginia,Standard_ND96asr_v4,Virtual Machines NDasr A100 v4 Series,7.48066,Other
Azure,southeastasia,Standard_NC6s_v3,Virtual Machines NCSv3 Series,0.847,Other
Azure,switzerlandnorth,Standard_NC12s_v3,Virtual Machines NCSv3 Series,1.554353,Other
Azure,uksouth,Standard_ND96isr_H100_v5,Virtual Machines NDsr H100 v5 Series,24.58,H100
Azure,usgovvirginia,Standard_NC64as_T4_v3,Virtual Machines NCasT4 v3 Series Windows,8.384,Other
Azure,japaneast,Standard_NV32as_v4,Virtual Machines NVasv4 Series Windows,0.77154,Other
Azure,northcentralus,Standard_NV36ads_A10_v5,Virtual Machines NVadsA10v5 Series,3.84,A10
Azure,southeastasia,Standard_NV36ads_A10_v5,Virtual Machines NVadsA10v5 Series Windows,5.816,A10
Azure,qatarcentral,Standard_NC6s_v3,Virtual Machines NCSv3 Series,0.777084,Other
Azure,swedencentral,Standard_NC64as_T4_v3,Virtual Machines NCasT4 v3 Series,1.33487,Other
Azure,attatlanta1,Standard_NV16as_v4,Virtual Machines NVasv4 Series Windows,0.947,Other
Azure,westus,Standard_NC96ads_A100_v4,NCads A100 v4 Series Linux,19.1,A100
Azure,southeastasia,Standard_NC24rs_v3,Virtual Machines NCSv3 Series Windows,7.893,Other
Azure,uksouth,Standard_ND96isr_H200_v5,Virtual Machines NDsrH200v5 Series Windows,110.416,H200
Azure,southafricanorth,Standard_ND96isr_H100_v5,Virtual Machines NDsr H100 v5 Series,31.170586,H100
Azure,canadacentral,Standard_NC48ads_A100_v4,NCads A100 v4 Series Windows,11.023,A100
Azure,westus,Standard_NM16ads_MA35D  ,Virtual Machines NMadsMA35D Series,2.535,Other
Azure,koreacentral,Standard_NC40ads_H100_v5,Virtual Machines NCadsH100v5 Series Windows,11.263,H100
Azure,swedencentral,Standard_NC8as_T4_v3,Virtual Machines NCasT4 v3 Series Windows,1.164,Other
Azure,usgovarizona,Standard_NV36adms_A10_v5,Virtual Machines NVadsA10v5 Series Windows,1.350149,A10
Azure,swedencentral,Standard_NV18ads_A10_v5,Virtual Machines NVadsA10v5 Series,2.08,A10
Azure,northeurope,Standard_NV12ads_A10_v5,Virtual Machines NVadsA10v5 Series Windows,1.642,A10
Azure,germanywestcentral,Standard_NC4as_T4_v3,Virtual Machines NCasT4 v3 Series,0.132,Other
Azure,southcentralus,Standard_NC12s_v3,Virtual Machines NCSv3 Series Windows,7.5416,Other
Azure,eastus2,Standard_NG16ads_V620_v1,Virtual Machines NGadsV620v1 Series Windows,0.802,Other
Azure,westus2,Standard_NC48ads_A100_v4,NCads A100 v4 Series Linux,1.469,A100
Azure,southafricanorth,Standard_ND96ams_A100_v4,Virtual Machines NDamsr A100 v4 Series Linux,47.844,A100
Azure,westus3,Standard_NV6ads_A10_v5,Virtual Machines NVadsA10v5 Series,0.083899,A10
Azure,northeurope,Standard_NV24s_v3,Virtual Machines NVSv3 Series Windows,1.41,Other
Azure,northeurope,Standard_NV36adms_A10_v5,Virtual Machines NVadsA10v5 Series Windows,7.08,A10
Azure,francecentral,Standard_NC8as_T4_v3,Virtual Machines NCasT4 v3 Series,0.25462,Other
Azure,eastus2,Standard_NC24ads_A100_v4,NCads A100 v4 Series Windows,1.911,A100
Azure,polandcentral,Standard_ND96isrf_H100_v5,Virtual Machines NDsrf H100 v5 Series,23.620397,H100
Azure,italynorth,Standard_NV36ads_A10_v5,Virtual Machines NVadsA10v5 Series,0.768768,A10
Azure,swedencentral,Standard_ND96is_MI300X_v5,Virtual Machines NDMI300Xv5 Srs Windows,71.616,MI300X
Azure,northeurope,Standard_NC32ds_xl_RTXPRO6000BSE_v6,Virtual Machines NCdsxlRTX6kv6,0.4126,RTX PRO 6000
Azure,swedencentral,Standard_ND96is_noIB_H100_v5,Virtual Machines NDsH100v5 Series Windows,119.45,H100
Azure,westus,Standard_NC12s_v3,Virtual Machines NCSv3 Series,1.470269,Other
Azure,qatarcentral,Standard_NC24s_v3,Virtual Machines NCSv3 Series,16.821,Other
Azure,israelcentral,Standard_NC16as_T4_v3,Virtual Machines NCasT4 v3 Series,0.331,Other
Azure,brazilsouth,Standard_NV36ads_A10_v5,Virtual Machines NVadsA10v5 Series,1.28,A10
Azure,switzerlandnorth,Standard_NV12s_v3,Virtual Machines NVSv3 Series Windows,2.121,Other
Azure,northcentralus,Standard_NV28adms_V710_v5,Virtual Machines NVadsV710v5 Series,0.532224,Other
Azure,japaneast,Standard_NC80adis_H100_v5,Virtual Machines NCadsH100v5 Series Windows,9.569,H100
Azure,southafricanorth,Standard_NV18ads_A10_v5,Virtual Machines NVadsA10v5 Series,2.336,A10
Azure,koreacentral,Standard_NC48ads_A100_v4,NCads A100 v4 Series Windows,2.2407,A100
Azure,japaneast,Standard_NG8ads_V620_v1,Virtual Machines NGadsV620v1 Series,0.92,Other
Azure,westeurope,Standard_ND40rs_v2,Virtual Machines NDrSv2 Series,5.505,Other
Azure,koreasouth,Standard_NC40ads_H100_v5,Virtual Machines NCadsH100v5 Series,1.61238,H100
Azure,northeurope,Standard_NC48ads_A100_v4,NCads A100 v4 Series Windows,11.023,A100
Azure,centralindia,Standard_NC24s_v3,Virtual Machines NCSv3 Series Windows,7.216,Other
Azure,eastus,Standard_NV24ads_V710_v5,Virtual Machines NVadsV710v5 Series,0.3696,Other
Azure,northcentralus,Standard_NV36ads_A10_v5,Virtual Machines NVadsA10v5 Series,0.768,A10
Azure,westus,Standard_NC32ds_xl_RTXPRO6000BSE_v6,Virtual Machines NCdsxlRTX6kv6,0.3748,RTX PRO 6000
Azure,australiasoutheast,Standard_ND96is_MI300X_v5,Virtual Machines NDMI300Xv5 Srs,67.2,MI300X
Azure,brazilsouth,Standard_ND96isr_H200_v5,Virtual Machines NDsrH200v5 Series,33.92,H200
Azure,australiaeast,Standard_NC96ads_A100_v4,NCads A100 v4 Series Linux,4.261,A100
Azure,centralus,Standard_ND96isr_H200_v5,Virtual Machines NDsrH200v5 Series,19.165,H200
Azure,swedencentral,Standard_NG32adms_V620,Virtual Machines NGadsV620v1 Series,4.293,Other
Azure,westus,Standard_NC128ds_xl_RTXPRO6000BSE_v6,Virtual Machines NCdsxlRTX6kv6,1.6588,RTX PRO 6000
Azure,japaneast,Standard_NV6ads_A10_v5,Virtual Machines NVadsA10v5 Series,0.132,A10
Azure,brazilsouth,Standard_ND96isr_H200_v5,Virtual Machines NDsrH200v5 Series,169.6,H200
Azure,centralus,Standard_NC256ds_xl_RTXPRO6000BSE_v6,Virtual Machines NCdsxlRTX6kv6,15.706,RTX PRO 6000
Azure,westus,Standard_NV4ads_V710_v5,Virtual Machines NVadsV710v5 Series Windows,0.114022,Other
Azure,japaneast,Standard_NV18ads_A10_v5,Virtual Machines NVadsA10v5 Series Windows,0.58175,A10
Azure,francecentral,Standard_ND96ams_A100_v4,Virtual Machines NDamsr A100 v4 Series Windows,11.79828,A100
Azure,uaenorth,Standard_NV12s_v3,Virtual Machines NVSv3 Series,1.391,Other
Azure,northeurope,Standard_NC16lds_xl_RTXPRO6000BSE_v6,Virtual Machines NCldsxlRTX6kv6 Windows,0.4706,RTX PRO 6000
Azure,usgovvirginia,Standard_NV4as_v4,Virtual Machines NVasv4 Series Windows,0.475,Other
Azure,eastus2,Standard_NG32ads_V620_v1,Virtual Machines NGadsV620v1 Series Windows,4.012,Other
Azure,southeastasia,Standard_NV16as_v4,Virtual Machines NVasv4 Series Windows,0.35999,Other
Azure,northeurope,Standard_NC40ads_H100_v5,Virtual Machines NCadsH100v5 Series Windows,4.086,H100
Azure,uksouth,Standard_NV6_Promo,Virtual Machines NV Promo Series Windows,1.177,Other
Azure,westus3,Standard_NV12ads_A10_v5,Virtual Machines NVadsA10v5 Series,0.167798,A10
Azure,australiaeast,Standard_NC6s_v3,Virtual Machines NCSv3 Series,4.234,Other
Azure,usgovarizona,Standard_NV72ads_A10_v5,Virtual Machines NVadsA10v5 Series,8.15,A10
Azure,southcentralus,Standard_NC24rs_v3,Virtual Machines NCSv3 Series Windows,6.63696,Other
Azure,japanwest,Standard_ND96isr_H100_v5,Virtual Machines NDsr H100 v5 Series,30.479,H100
Azure,southeastasia,Standard_NC24s_v3,Virtual Machines NCSv3 Series Windows,3.333792,Other
Azure,brazilsouth,Standard_NC96ads_A100_v4,NCads A100 v4 Series Windows,6.24624,A100
Azure,southcentralus,Standard_NC12s_v3,Virtual Machines NCSv3 Series,1.244074,Other
Azure,koreasouth,Standard_NV12ads_A10_v5,Virtual Machines NVadsA10v5 Series,0.227,A10
Azure,southcentralus,Standard_NV32as_v4,Virtual Machines NVasv4 Series,2.237,Other
Azure,chilecentral,Standard_NV16as_v4,Virtual Machines NVasv4 Series,1.305,Other
Azure,germanynorth,Standard_ND96ams_A100_v4,Virtual Machines NDamsr A100 v4 Series Windows,59.797,A100
Azure,uksouth,Standard_NC8as_T4_v3,Virtual Machines NCasT4 v3 Series Windows,1.248,Other
Azure,brazilsouth,Standard_NC48ads_A100_v4,NCads A100 v4 Series Windows,6.76,A100
Azure,southafricanorth,Standard_NV36adms_A10_v5,Virtual Machines NVadsA10v5 Series Windows,1.525524,A10
Azure,westus2,Standard_NC16lds_xl_RTXPRO6000BSE_v6,Virtual Machines NCldsxlRTX6kv6,1.13,RTX PRO 6000
Azure,eastus2,Standard_NC32ds_xl_RTXPRO6000BSE_v6,Virtual Machines NCdsxlRTX6kv6 Windows,2.914,RTX PRO 6000
Azure,southcentralus,Standard_NV28adms_V710_v5,Virtual Machines NVadsV710v5 Series,2.88,Other
Azure,westus2,Standard_NV4as_v4,Virtual Machines NVasv4 Series,0.043058,Other
Azure,centralus,Standard_ND96isr_MI300X_v5,Virtual Machines NDMI300Xv5 Srs Windows,63.457,MI300X
Azure,norwayeast,Standard_NV48s_v3,Virtual Machines NVSv3 Series Windows,3.391,Other
Azure,westus,Standard_NV36adms_A10_v5,Virtual Machines NVadsA10v5 Series,5.876,A10
Azure,westus3,Standard_ND96asr_A100_v4,Virtual Machines NDasr A100 v4 Series Windows,31.613,A100
Azure,eastus,Standard_ND128isr_NDR_GB200_v6,Virtual Machines NDsrGB200NDRv6 Windows,114.048,GB200
Azure,westus2,Standard_NV4as_v4,Virtual Machines NVasv4 Series,0.233,Other
Azure,northeurope,Standard_NC128ds_xl_RTXPRO6000BSE_v6,Virtual Machines NCdsxlRTX6kv6,1.8258,RTX PRO 6000
Azure,westus,Standard_ND96isr_H100_v5,Virtual Machines NDsr H100 v5 Series,25.563,H100
Azure,westus3,Standard_NC40ads_H100_v5,Virtual Machines NCadsH100v5 Series,1.396,H100
Azure,koreacentral,Standard_NC6s_v3,Virtual Machines NCSv3 Series,0.782443,Other
Azure,jioindiawest,Standard_NC96ads_A100_v4,NCads A100 v4 Series Linux,4.114,A100
Azure,southcentralus,Standard_ND40rs_v2,Virtual Machines NDrSv2 Series,26.438,Other
Azure,centralus,Standard_NC96ads_A100_v4,NCads A100 v4 Series Linux,3.712207,A100
Azure,attdallas1,Standard_NV32ahs_v4,Virtual Machines NVasv4 VDI Series Windows,1.508,Other
Azure,swedencentral,Standard_ND96ams_A100_v4,Virtual Machines NDamsr A100 v4 Series Windows,18.151,A100
Azure,westeurope,Standard_NC80adis_H100_v5,Virtual Machines NCadsH100v5 Series,3.632,H100
Azure,westcentralus,Standard_ND96isr_H100_v5,Virtual Machines NDsr H100 v5 Series Windows,122.4,H100
Azure,usgovvirginia,Standard_NV72ads_A10_v5,Virtual Machines NVadsA10v5 Series Windows,2.118178,A10
Azure,eastus2,Standard_NV24s_v3,Virtual Machines NVSv3 Series Windows,3.384,Other
Azure,koreasouth,Standard_NV36ads_A10_v5,Virtual Machines NVadsA10v5 Series,0.7392,A10
Azure,westeurope,Standard_NC96ads_A100_v4,NCads A100 v4 Series Linux,3.82,A100
Azure,southcentralus,Standard_NCC40ads_H100_v5,Virtual Machines NCCadsv5 Srs Win,1.798104,H100
Azure,norwayeast,Standard_NV24s_v3,Virtual Machines NVSv3 Series,0.579348,Other
Azure,southafricanorth,Standard_ND96isr_H200_v5,Virtual Machines NDsrH200v5 Series Windows,128.224,H200
Azure,southeastasia,Standard_NP40s,Virtual Machines NP Series Windows,10.42,Other
Azure,canadacentral,Standard_NC4as_T4_v3,Virtual Machines NCasT4 v3 Series Windows,0.307,Other
Azure,eastus2,Standard_NG8ads_V620_v1,Virtual Machines NGadsV620v1 Series Windows,0.401,Other
Azure,northeurope,Standard_NC40ads_H100_v5,Virtual Machines NCadsH100v5 Series,1.675,H100
Azure,switzerlandnorth,Standard_NC48ads_A100_v4,NCads A100 v4 Series Linux,10.505,A100
Azure,eastus,Standard_NC256lds_xl_RTXPRO6000BSE_v6,Virtual Machines NCldsxlRTX6kv6,2.2,RTX PRO 6000
Azure,westus3,Standard_NG32adms_V620,Virtual Machines NGadsV620v1 Series,0.61021,Other
Azure,jioindiacentral,Standard_NC80adis_H100_v5,Virtual Machines NCadsH100v5 Series,19.544,H100
Azure,westus3,Standard_NG8ads_V620_v1,Virtual Machines NGadsV620v1 Series,0.127,Other
Azure,koreasouth,Standard_ND128isr_NDR_GB200_v6,Virtual Machines NDsrGB200NDRv6 Series,124.4,GB200
Azure,koreasouth,Standard_ND128isr_NDR_GB200_v6,Virtual Machines NDsrGB200NDRv6 Windows,130.288,GB200
Azure,canadaeast,Standard_ND96ams_A100_v4,Virtual Machines NDamsr A100 v4 Series Linux,7.865,A100
Azure,polandcentral,Standard_ND96is_MI300X_v5,Virtual Machines NDMI300Xv5 Srs,14.784,MI300X
Azure,canadacentral,Standard_NV6ads_A10_v5,Virtual Machines NVadsA10v5 Series Windows,0.151721,A10
Azure,westeurope,Standard_NM16ads_MA35D  ,Virtual Machines NMadsMA35D Series Windows,1.308,Other
Azure,eastasia,Standard_NC6s_v3,Virtual Machines NCSv3 Series,0.876506,Other
Azure,westus2,Standard_NV4as_v4,Virtual Machines NVasv4 Series Windows,0.417,Other
Azure,westus3,Standard_NC8as_T4_v3,Virtual Machines NCasT4 v3 Series,0.752,Other
Azure,canadacentral,Standard_NC80adis_H100_v5,Virtual Machines NCadsH100v5 Series,17.18,H100
Azure,usgovarizona,Standard_NV8as_v4,Virtual Machines NVasv4 Series,0.107554,Other
Azure,chilecentral,Standard_NV8as_v4,Virtual Machines NVasv4 Series Windows,0.188496,Other
Azure,italynorth,Standard_NV18ads_A10_v5,Virtual Machines NVadsA10v5 Series,0.384384,A10
Azure,indonesiacentral,Standard_NV36adms_A10_v5,Virtual Machines NVadsA10v5 Series Windows,7.193,A10
Azure,centralindia,Standard_NV32as_v4,Virtual Machines NVasv4 Series Windows,4.082,Other
Azure,japanwest,Standard_ND96amsr_A100_v4,Virtual Machines NDamsr A100 v4 Series Windows,55.21,A100
Azure,usgovarizona,Standard_NC24_Promo,Virtual Machines NC Promo Series,1.901,Other
Azure,eastus2,Standard_NC32lds_xl_RTXPRO6000BSE_v6,Virtual Machines NCldsxlRTX6kv6 Windows,0.543,RTX PRO 6000
Azure,centralindia,Standard_NV6ads_A10_v5,Virtual Machines NVadsA10v5 Series Windows,0.168538,A10
Azure,westus2,Standard_ND40rs_v2,Virtual Machines NDrSv2 Series Windows,4.411546,Other
Azure,spaincentral,Standard_NV4as_v4,Virtual Machines NVasv4 Series,0.055994,Other
Azure,eastus,Standard_NV24s_v3,Virtual Machines NVSv3 Series,0.456,Other
Azure,southcentralus,Standard_NC80adis_H100_v5,Virtual Machines NCadsH100v5 Series Windows,8.176,H100
Azure,spaincentral,Standard_ND96isr_H200_v5,Virtual Machines NDsrH200v5 Series Windows,114.656,H200
Azure,eastus2,Standard_ND96is_H100_v5,Virtual Machines NDsr H100 v5 Series,17.698,H100
Azure,italynorth,Standard_NC48ads_A100_v4,NCads A100 v4 Series Windows,11.758,A100
Azure,southcentralus,Standard_NV12ads_A10_v5,Virtual Machines NVadsA10v5 Series,0.201432,A10
Azure,eastus,Standard_ND96is_flex_H100_v5,Virtual Machines NDsfH100v5 Series Windows,92.904,H100
Azure,northcentralus,Standard_NV6ads_A10_v5,Virtual Machines NVadsA10v5 Series Windows,0.151721,A10
Azure,canadacentral,Standard_NV72ads_A10_v5,Virtual Machines NVadsA10v5 Series,7.824,A10
Azure,australiacentral2,Standard_NC64as_T4_v3,Virtual Machines NCasT4 v3 Series,1.129,Other
Azure,spaincentral,Standard_NC40ads_H100_v5,Virtual Machines NCadsH100v5 Series Windows,4.366,H100
Azure,italynorth,Standard_ND96ams_A100_v4,Virtual Machines NDamsr A100 v4 Series Windows,18.151,A100
Azure,germanywestcentral,Standard_ND96isr_MI300X_v5,Virtual Machines NDMI300Xv5 Srs,12.48,MI300X
Azure,westus,Standard_NC64ds_xl_RTXPRO6000BSE_v6,Virtual Machines NCdsxlRTX6kv6,3.68,RTX PRO 6000
Azure,westus3,Standard_NV6ads_A10_v5,Virtual Machines NVadsA10v5 Series Windows,0.73,A10
Azure,southeastasia,Standard_NV72ads_A10_v5,Virtual Machines NVadsA10v5 Series Windows,4.715,A10
Azure,australiacentral,Standard_NC16as_T4_v3,Virtual Machines NCasT4 v3 Series,1.565,Other
Azure,uaenorth,Standard_NV36adms_A10_v5,Virtual Machines NVadsA10v5 Series Windows,1.500576,A10
Azure,uksouth,Standard_NC4as_T4_v3,Virtual Machines NCasT4 v3 Series,0.352334,Other
Azure,westus,Standard_NC24s_v3,Virtual Machines NCSv3 Series Windows,17.016,Other
Azure,francecentral,Standard_NV32as_v4,Virtual Machines NVasv4 Series Windows,0.70261,Other
Azure,koreasouth,Standard_NV6ads_A10_v5,Virtual Machines NVadsA10v5 Series Windows,0.155786,A10
Azure,westus3,Standard_NV16as_v4,Virtual Machines NVasv4 Series Windows,1.668,Other
Azure,koreacentral,Standard_NC24rs_v3,Virtual Machines NCSv3 Series,18.63,Other
Azure,southcentralus,Standard_NV6s_v2,Virtual Machines NVSv2 Series Windows,0.822,Other
Azure,japaneast,Standard_NC40ads_H100_v5,Virtual Machines NCadsH100v5 Series,7.28712,H100
Azure,westus,Standard_NV18ads_A10_v5,Virtual Machines NVadsA10v5 Series Windows,1.163,A10
Azure,malaysiawest,Standard_NV72ads_A10_v5,Virtual Machines NVadsA10v5 Series Windows,4.376,A10
Azure,uaenorth,Standard_ND96is_H100_v5,Virtual Machines NDsr H100 v5 Series,23.384222,H100
Azure,germanywestcentral,Standard_NV16as_v4,Virtual Machines NVasv4 Series Windows,0.76,Other
Azure,uksouth,Standard_NC80adis_H100_v5,Virtual Machines NCadsH100v5 Series Windows,8.452,H100
Azure,northcentralus,Standard_NC4as_T4_v3,Virtual Machines NCasT4 v3 Series Windows,0.71,Other
Azure,eastus2,Standard_NC48ads_A100_v4,NCads A100 v4 Series Linux,1.469,A100
Azure,canadacentral,Standard_NV6ads_A10_v5,Virtual Machines NVadsA10v5 Series,0.109,A10
Azure,northcentralus,Standard_NV4as_v4,Virtual Machines NVasv4 Series,0.051744,Other
Azure,switzerlandnorth,Standard_NV12ads_A10_v5,Virtual Machines NVadsA10v5 Series,0.26,A10
Azure,westeurope,Standard_ND96amsr_A100_v4,Virtual Machines NDamsr A100 v4 Series Windows,11.79828,A100
Azure,westus2,Standard_NP40s,Virtual Machines NP Series Windows,8.44,Other
Azure,southcentralus,Standard_NV8ads_V710_v5,Virtual Machines NVadsV710v5 Series,0.16,Other
Azure,centralindia,Standard_NV36adms_A10_v5,Virtual Machines NVadsA10v5 Series,1.169414,A10
Azure,spaincentral,Standard_NV36ads_A10_v5,Virtual Machines NVadsA10v5 Series,0.768768,A10
Azure,westus3,Standard_ND96amsr_A100_v4,Virtual Machines NDamsr A100 v4 Series Windows,14.874,A100
Azure,centralus,Standard_NC80adis_H100_v5,Virtual Machines NCadsH100v5 Series,3.549039,H100
Azure,eastus,Standard_ND96amsr_A100_v4,Virtual Machines NDamsr A100 v4 Series Windows,14.874,A100
Azure,koreacentral,Standard_NV32as_v4,Virtual Machines NVasv4 Series Windows,1.595,Other
Azure,centralus,Standard_NC24rs_v3,Virtual Machines NCSv3 Series Windows,3.015566,Other
Azure,eastus2,Standard_ND96isf_H100_v5,Virtual Machines NDsrf H100 v5 Series Windows,92.904,H100
Azure,usgovarizona,Standard_NV4as_v4,Virtual Machines NVasv4 Series,0.0582,Other
Azure,australiacentral2,Standard_NC8as_T4_v3,Virtual Machines NCasT4 v3 Series Windows,0.538,Other
Azure,uksouth,Standard_NV32as_v4,Virtual Machines NVasv4 Series,0.466,Other
Azure,brazilsouth,Standard_NV24s_v3,Virtual Machines NVSv3 Series Windows,1.992,Other
Azure,westeurope,Standard_NV24ads_V710_v5,Virtual Machines NVadsV710v5 Series Windows,3.704,Other
Azure,southeastasia,Standard_NC8as_T4_v3,Virtual Machines NCasT4 v3 Series,0.21,Other
Azure,spaincentral,Standard_ND96isr_H200_v5,Virtual Machines NDsrH200v5 Series,110.24,H200
Azure,indonesiacentral,Standard_ND96isr_H200_v5,Virtual Machines NDsrH200v5 Series Windows,103.632,H200
Azure,centralindia,Standard_NC6s_v3,Virtual Machines NCSv3 Series,0.782443,Other
Azure,uksouth,Standard_ND96isr_MI300X_v5,Virtual Machines NDMI300Xv5 Srs Windows,64.416,MI300X
Azure,uaenorth,Standard_NV12s_v3,Virtual Machines NVSv3 Series Windows,0.777,Other
Azure,westus3,Standard_NV12ads_A10_v5,Virtual Machines NVadsA10v5 Series,0.908,A10
Azure,francecentral,Standard_NC24ads_A100_v4,NCads A100 v4 Series Windows,2.278,A100
Azure,israelcentral,Standard_NC16as_T4_v3,Virtual Machines NCasT4 v3 Series Windows,2.393,Other
Azure,eastus2,Standard_NG8ads_V620_v1,Virtual Machines NGadsV620v1 Series Windows,1.003,Other
Azure,northcentralus,Standard_NV8as_v4,Virtual Machines NVasv4 Series,0.112,Other
Azure,westus2,Standard_NV12s_v3,Virtual Machines NVSv3 Series Windows,0.312682,Other
Azure,westeurope,Standard_NV28adms_V710_v5,Virtual Machines NVadsV710v5 Series Windows,1.763,Other
Azure,eastus2,Standard_NC8as_T4_v3,Virtual Machines NCasT4 v3 Series,0.15,Other
Azure,eastus,Standard_NV18ads_A10_v5,Virtual Machines NVadsA10v5 Series,0.29568,A10
Azure,norwaywest,Standard_NV24s_v3,Virtual Machines NVSv3 Series Windows,0.957264,Other
Azure,westus,Standard_NC16as_T4_v3,Virtual Machines NCasT4 v3 Series Windows,2.181,Other
Azure,westus2,Standard_NC256ds_xl_RTXPRO6000BSE_v6,Virtual Machines NCdsxlRTX6kv6 Windows,4.9072,RTX PRO 6000
Azure,westus3,Standard_ND96is_flex_H100_v5,Virtual Machines NDsfH100v5 Series,88.488,H100
Azure,westeurope,Standard_NV8as_v4,Virtual Machines NVasv4 Series,0.582,Other
Azure,eastus,Standard_ND128isr_NDR_GB200_v6,Virtual Machines NDsrGB200NDRv6 Series,108.16,GB200
Azure,westus2,Standard_NV12ads_A10_v5,Virtual Machines NVadsA10v5 Series,0.167798,A10
Azure,attdallas1,Standard_NC4as_T4_v3,Virtual Machines NCasT4 v3 Series Windows,0.1054,Other
Azure,eastasia,Standard_NC24rs_v3,Virtual Machines NCSv3 Series Windows,8.789,Other
Azure,australiasoutheast,Standard_ND96is_MI300X_v5,Virtual Machines NDMI300Xv5 Srs Windows,13.234637,MI300X
Azure,germanywestcentral,Standard_NC40ads_H100_v5,Virtual Machines NCadsH100v5 Series Windows,4.366,H100
Azure,malaysiawest,Standard_NV6ads_A10_v5,Virtual Machines NVadsA10v5 Series Windows,0.149134,A10
Azure,koreasouth,Standard_ND96is_MI300X_v5,Virtual Machines NDMI300Xv5 Srs Windows,11.904077,MI300X
Azure,usgovarizona,Standard_NV12s_v3,Virtual Machines NVSv3 Series Windows,0.791,Other
Azure,eastus,Standard_NV16as_v4,Virtual Machines NVasv4 Series,0.932,Other
Azure,eastus2,Standard_NV72ads_A10_v5,Virtual Machines NVadsA10v5 Series Windows,2.016543,A10
Azure,centralus,Standard_ND96is_noIB_H100_v5,Virtual Machines NDsH100v5 Series,20.113632,H100
Azure,southeastasia,Standard_ND40s_v2,Virtual Machines NDSv2 Series,4.673,Other
Azure,eastasia,Standard_NV6ads_A10_v5,Virtual Machines NVadsA10v5 Series,0.141,A10
Azure,eastus2,Standard_NV8as_v4,Virtual Machines NVasv4 Series,0.0932,Other
Azure,brazilsouth,Standard_NC48ads_A100_v4,NCads A100 v4 Series Windows,16.9,A100
Azure,francecentral,Standard_NV12ads_A10_v5,Virtual Machines NVadsA10v5 Series Windows,0.675,A10
Azure,usgovarizona,Standard_NC12s_v3,Virtual Machines NCSv3 Series,1.469,Other
Azure,southeastasia,Standard_NC24ads_A100_v4,NCads A100 v4 Series Linux,0.88242,A100
Azure,eastus,Standard_NC48ads_A100_v4,NCads A100 v4 Series Linux,7.346,A100
Azure,southindia,Standard_NC4as_T4_v3,Virtual Machines NCasT4 v3 Series Windows,0.926,Other
Azure,ukwest,Standard_ND96isr_H200_v5,Virtual Machines NDsrH200v5 Series Windows,115.504,H200
Azure,westeurope,Standard_NC24r_Promo,Virtual Machines NC Promo Series Windows,3.369,Other
Azure,koreacentral,Standard_NV12ads_A10_v5,Virtual Machines NVadsA10v5 Series Windows,0.711,A10
Azure,canadacentral,Standard_NC24s_v3,Virtual Machines NCSv3 Series Windows,14.568,Other
Azure,southafricanorth,Standard_NV12ads_A10_v5,Virtual Machines NVadsA10v5 Series Windows,0.751,A10
Azure,usgovarizona,Standard_NC24rs_v3,Virtual Machines NCSv3 Series,2.985814,Other
Azure,westus2,Standard_NC12s_v3,Virtual Machines NCSv3 Series,6.12,Other
Azure,eastus2,Standard_NV48s_v3,Virtual Machines NVSv3 Series Windows,2.707,Other
Azure,germanywestcentral,Standard_ND96is_MI300X_v5,Virtual Machines NDMI300Xv5 Srs,62.4,MI300X
Azure,centralindia,Standard_NV24_Promo,Virtual Machines NV Promo Series,4.123,Other
Azure,southafricanorth,Standard_NV24s_v3,Virtual Machines NVSv3 Series Windows,1.61,Other
Azure,swedencentral,Standard_NV12ads_A10_v5,Virtual Machines NVadsA10v5 Series Windows,0.322672,A10
Azure,uksouth,Standard_NC6s_v3,Virtual Machines NCSv3 Series,0.663247,Other
Azure,japaneast,Standard_ND96isr_H100_v5,Virtual Machines NDsr H100 v5 Series,142.564,H100
Azure,japaneast,Standard_NV36adms_A10_v5,Virtual Machines NVadsA10v5 Series Windows,8.21,A10
Azure,polandcentral,Standard_ND96is_H100_v5,Virtual Machines NDsr H100 v5 Series,21.258283,H100
Azure,southafricanorth,Standard_NV18ads_A10_v5,Virtual Machines NVadsA10v5 Series,0.467,A10
Azure,italynorth,Standard_ND96asr_v4,Virtual Machines NDasr A100 v4 Series Windows,15.909,Other
Azure,westus2,Standard_NC6_Promo,Virtual Machines NC Promo Series Windows,0.672,Other
Azure,uksouth,Standard_NC12s_v3,Virtual Machines NCSv3 Series Windows,1.428504,Other
Azure,uksouth,Standard_NC12_Promo,Virtual Machines NC Promo Series Windows,1.681,Other
Azure,japaneast,Standard_ND96amsr_A100_v4,Virtual Machines NDamsr A100 v4 Series Linux,12.35442,A100
Azure,norwayeast,Standard_NV12s_v3,Virtual Machines NVSv3 Series Windows,0.848,Other
Azure,westus3,Standard_NC6s_v3,Virtual Machines NCSv3 Series Windows,3.336,Other
Azure,francecentral,Standard_NV6ads_A10_v5,Virtual Machines NVadsA10v5 Series,0.104782,A10
Azure,northeurope,Standard_ND96is_MI300X_v5,Virtual Machines NDMI300Xv5 Srs Windows,62.016,MI300X
Azure,swedencentral,Standard_ND96isr_MI300X_v5,Virtual Machines NDMI300Xv5 Srs Windows,71.616,MI300X
Azure,eastus2,Standard_NV8as_v4,Virtual Machines NVasv4 Series Windows,0.834,Other
Azure,usgovvirginia,Standard_NV8as_v4,Virtual Machines NVasv4 Series,0.116,Other
Azure,centralus,Standard_NC48ads_A100_v4,NCads A100 v4 Series Linux,8.301,A100
Azure,koreacentral,Standard_NV4as_v4,Virtual Machines NVasv4 Series,0.315,Other
Azure,centralus,Standard_ND96amsr_A100_v4,Virtual Machines NDamsr A100 v4 Series Linux,37.03,A100
Azure,brazilsouth,Standard_NV18ads_A10_v5,Virtual Machines NVadsA10v5 Series Windows,0.744374,A10
Azure,northcentralus,Standard_NV8as_v4,Virtual Machines NVasv4 Series Windows,0.927,Other
Azure,koreasouth,Standard_NV12ads_A10_v5,Virtual Machines NVadsA10v5 Series,0.209748,A10
Azure,southafricanorth,Standard_NV48s_v3,Virtual Machines NVSv3 Series,1.168,Other
Azure,eastus2,Standard_ND96is_noIB_H100_v5,Virtual Machines NDsH100v5 Series,88.488,H100
Azure,northeurope,Standard_NC24rs_v3,Virtual Machines NCSv3 Series,2.687177,Other
Azure,southindia,Standard_NC16as_T4_v3,Virtual Machines NCasT4 v3 Series Windows,2.433,Other
Azure,westus,Standard_ND96is_H100_v5,Virtual Machines NDsr H100 v5 Series,115.034,H100
Azure,westus,Standard_NC16as_T4_v3,Virtual Machines NCasT4 v3 Series,0.289,Other
Azure,brazilsouth,Standard_NC16as_T4_v3,Virtual Machines NCasT4 v3 Series,0.59334,Other
Azure,indonesiacentral,Standard_NC80adis_H100_v5,Virtual Machines NCadsH100v5 Series Windows,20.013,H100
Azure,northcentralus,Standard_NV4ads_V710_v5,Virtual Machines NVadsV710v5 Series,0.07392,Other
Azure,eastus,Standard_NV8as_v4,Virtual Machines NVasv4 Series Windows,0.834,Other
Azure,polandcentral,Standard_ND96ams_A100_v4,Virtual Machines NDamsr A100 v4 Series Linux,12.1914,A100
Azure,eastus2,Standard_NC48ads_A100_v4,NCads A100 v4 Series Linux,1.724841,A100
Azure,uaenorth,Standard_NC80adis_H100_v5,Virtual Machines NCadsH100v5 Series,3.992,H100
Azure,westcentralus,Standard_ND96isr_H100_v5,Virtual Machines NDsr H100 v5 Series,117.984,H100
Azure,westeurope,Standard_NC12s_v3,Virtual Machines NCSv3 Series Windows,8.198,Other
Azure,westus,Standard_ND96is_MI300X_v5,Virtual Machines NDMI300Xv5 Srs Windows,26.908,MI300X
Azure,switzerlandnorth,Standard_ND96ams_A100_v4,Virtual Machines NDamsr A100 v4 Series Linux,9.372,A100
Azure,polandcentral,Standard_ND96is_H100_v5,Virtual Machines NDsr H100 v5 Series Windows,119.45,H100
Azure,westus2,Standard_NV48s_v3,Virtual Machines NVSv3 Series,0.842688,Other
Azure,jioindiawest,Standard_NC12s_v3,Virtual Machines NCSv3 Series Windows,9.02,Other
Azure,australiaeast,Standard_NC64as_T4_v3,Virtual Machines NCasT4 v3 Series Windows,2.49458,Other
Azure,qatarcentral,Standard_NV6ads_A10_v5,Virtual Machines NVadsA10v5 Series Windows,0.17094,A10
Azure,eastus,Standard_NC64ds_xl_RTXPRO6000BSE_v6,Virtual Machines NCdsxlRTX6kv6 Windows,5.774,RTX PRO 6000
Azure,eastus,Standard_NC8as_T4_v3,Virtual Machines NCasT4 v3 Series Windows,0.448,Other
Azure,swedencentral,Standard_NV36adms_A10_v5,Virtual Machines NVadsA10v5 Series Windows,7.532,A10
Azure,westus,Standard_NV6s_v2,Virtual Machines NVSv2 Series Windows,0.167244,Other
Azure,canadacentral,Standard_NC16as_T4_v3,Virtual Machines NCasT4 v3 Series,0.267,Other
Azure,westus3,Standard_NV32as_v4,Virtual Machines NVasv4 Series Windows,1.334,Other
Azure,westeurope,Standard_NV24s_v3,Virtual Machines NVSv3 Series,2.85,Other
Azure,uksouth,Standard_ND96amsr_A100_v4,Virtual Machines NDamsr A100 v4 Series Linux,10.65012,A100
Azure,centralus,Standard_NC256ds_xl_RTXPRO6000BSE_v6,Virtual Machines NCdsxlRTX6kv6,3.1412,RTX PRO 6000
Azure,centralus,Standard_ND96isr_H100_v5,Virtual Machines NDsr H100 v5 Series,22.348603,H100
Azure,spaincentral,Standard_NV6ads_A10_v5,Virtual Machines NVadsA10v5 Series,0.109032,A10
Azure,germanynorth,Standard_ND96ams_A100_v4,Virtual Machines NDamsr A100 v4 Series Linux,11.076,A100
Azure,northcentralus,Standard_NC16as_T4_v3,Virtual Machines NCasT4 v3 Series,1.204,Other
Azure,francecentral,Standard_NV16as_v4,Virtual Machines NVasv4 Series Windows,1.901,Other
Azure,eastus2,Standard_NV12ads_A10_v5,Virtual Machines NVadsA10v5 Series Windows,0.299446,A10
Azure,eastus2,Standard_NC16as_T4_v3,Virtual Machines NCasT4 v3 Series Windows,0.776,Other
Azure,southindia,Standard_NC16as_T4_v3,Virtual Machines NCasT4 v3 Series Windows,0.973,Other
Azure,southeastasia,Standard_NC256lds_xl_RTXPRO6000BSE_v6,Virtual Machines NCldsxlRTX6kv6,3.08,RTX PRO 6000
Azure,southeastasia,Standard_NC64as_T4_v3,Virtual Machines NCasT4 v3 Series,6.089,Other
Azure,westus,Standard_NC24rs_v3,Virtual Machines NCSv3 Series Windows,18.607,Other
Azure,polandcentral,Standard_ND96ams_A100_v4,Virtual Machines NDamsr A100 v4 Series Windows,51.306,A100
Azure,qatarcentral,Standard_NV18ads_A10_v5,Virtual Machines NVadsA10v5 Series,0.458,A10
Azure,usgovarizona,Standard_NV32as_v4,Virtual Machines NVasv4 Series Windows,0.70261,Other
Azure,japaneast,Standard_NC64as_T4_v3,Virtual Machines NCasT4 v3 Series Windows,2.55751,Other
Azure,koreacentral,Standard_ND96is_H100_v5,Virtual Machines NDsr H100 v5 Series Windows,22.8921,H100
Azure,uksouth,Standard_NC24s_v3,Virtual Machines NCSv3 Series,2.871,Other
Azure,westus3,Standard_ND96is_H100_v5,Virtual Machines NDsr H100 v5 Series,88.488,H100
Azure,polandcentral,Standard_ND96is_MI300X_v5,Virtual Machines NDMI300Xv5 Srs Windows,14.476493,MI300X
Azure,northcentralus,Standard_ND96isr_MI300X_v5,Virtual Machines NDMI300Xv5 Srs,10.64448,MI300X
Azure,westus2,Standard_NV8as_v4,Virtual Machines NVasv4 Series,0.086117,Other
Azure,japaneast,Standard_NC16as_T4_v3,Virtual Machines NCasT4 v3 Series Windows,2.361,Other
Azure,southcentralus,Standard_NV36ads_A10_v5,Virtual Machines NVadsA10v5 Series Windows,1.015661,A10
Azure,southcentralus,Standard_NC32ads_A10_v4,Virtual Machines NCadsA10v4 Series Windows,6.752,A10
Azure,germanywestcentral,Standard_NV8as_v4,Virtual Machines NVasv4 Series,0.107554,Other
Azure,japaneast,Standard_NV12ads_A10_v5,Virtual Machines NVadsA10v5 Series Windows,1.869,A10
Azure,northeurope,Standard_NC256lds_xl_RTXPRO6000BSE_v6,Virtual Machines NCldsxlRTX6kv6 Windows,27.516,RTX PRO 6000
Azure,eastus2,Standard_NC48ads_A100_v4,NCads A100 v4 Series Windows,3.822,A100
Azure,israelcentral,Standard_NC12s_v3,Virtual Machines NCSv3 Series,1.554353,Other
Azure,northeurope,Standard_NV36ads_A10_v5,Virtual Machines NVadsA10v5 Series Windows,5.496,A10
Azure,eastus,Standard_NC12s_v3,Virtual Machines NCSv3 Series Windows,2.669,Other
Azure,francecentral,Standard_NC24s_v3,Virtual Machines NCSv3 Series,14.321,Other
Azure,northcentralus,Standard_ND96isr_MI300X_v5,Virtual Machines NDMI300Xv5 Srs Windows,11.460557,MI300X
Azure,australiacentral,Standard_NC64as_T4_v3,Virtual Machines NCasT4 v3 Series Windows,3.436,Other
Azure,italynorth,Standard_NV12ads_A10_v5,Virtual Machines NVadsA10v5 Series Windows,0.693,A10
Azure,centralus,Standard_ND96isr_MI300X_v5,Virtual Machines NDMI300Xv5 Srs,11.808,MI300X
Azure,southcentralus,Standard_NM16ads_MA35D  ,Virtual Machines NMadsMA35D Series Windows,3.076,Other
Azure,indonesiacentral,Standard_NC80adis_H100_v5,Virtual Machines NCadsH100v5 Series,16.333,H100
Azure,germanywestcentral,Standard_ND96isr_H200_v5,Virtual Machines NDsrH200v5 Series,110.24,H200
Azure,westus2,Standard_NC80adis_H100_v5,Virtual Machines NCadsH100v5 Series Windows,15.876,H100
Azure,northcentralus,Standard_NC80adis_H100_v5,Virtual Machines NCadsH100v5 Series,16.752,H100
Azure,usgovarizona,Standard_NV12ads_A10_v5,Virtual Machines NVadsA10v5 Series,1.135,A10
Azure,eastus2,Standard_NV16as_v4,Virtual Machines NVasv4 Series,0.186,Other
Azure,spaincentral,Standard_NV4as_v4,Virtual Machines NVasv4 Series,0.303,Other
Azure,centralus,Standard_NV18ads_A10_v5,Virtual Machines NVadsA10v5 Series Windows,2.796,A10
Azure,usgovarizona,Standard_NV32as_v4,Virtual Machines NVasv4 Series Windows,3.802,Other
Azure,koreacentral,Standard_NV72ads_A10_v5,Virtual Machines NVadsA10v5 Series Windows,4.846,A10
Azure,westus,Standard_NV6ads_A10_v5,Virtual Machines NVadsA10v5 Series Windows,0.866,A10
Azure,japaneast,Standard_NP20s,Virtual Machines NP Series,4.785,Other
Azure,southeastasia,Standard_NC96ads_A100_v4,NCads A100 v4 Series Windows,9.406,A100
Azure,westus3,Standard_ND96ams_A100_v4,Virtual Machines NDamsr A100 v4 Series Linux,6.554,A100
Azure,westeurope,Standard_NC6_Promo,Virtual Machines NC Promo Series Windows,0.791,Other
Azure,francecentral,Standard_NV4as_v4,Virtual Machines NVasv4 Series Windows,0.475,Other
Azure,southeastasia,Standard_NV72ads_A10_v5,Virtual Machines NVadsA10v5 Series Windows,2.178422,A10
Azure,westus,Standard_NC48ads_A100_v4,NCads A100 v4 Series Windows,2.429203,A100
Azure,southcentralus,Standard_NC24ads_A100_v4,NCads A100 v4 Series Linux,4.408,A100
Azure,westus3,Standard_NC12s_v3,Virtual Machines NCSv3 Series,1.224,Other
Azure,eastus,Standard_NC256ds_xl_RTXPRO6000BSE_v6,Virtual Machines NCdsxlRTX6kv6 Windows,4.9072,RTX PRO 6000
Azure,westeurope,Standard_ND96isr_H100_v5,Virtual Machines NDsr H100 v5 Series,23.620397,H100
Azure,koreacentral,Standard_ND128isr_NDR_GB200_v6,Virtual Machines NDsrGB200NDRv6 Series,146.0,GB200
Azure,mexicocentral,Standard_NV6ads_A10_v5,Virtual Machines NVadsA10v5 Series,0.501,A10
Azure,westus3,Standard_ND96ams_A100_v4,Virtual Machines NDamsr A100 v4 Series Windows,14.874,A100
Azure,northeurope,Standard_NC24s_v3,Virtual Machines NCSv3 Series,2.442871,Other
Azure,swedencentral,Standard_NC80adis_H100_v5,Virtual Machines NCadsH100v5 Series Windows,12.572928,H100
Azure,usgovarizona,Standard_NC6_Promo,Virtual Machines NC Promo Series,0.475,Other
Azure,switzerlandnorth,Standard_NC96ads_A100_v4,NCads A100 v4 Series Linux,21.01,A100
Azure,northeurope,Standard_NV18ads_A10_v5,Virtual Machines NVadsA10v5 Series Windows,0.50783,A10
Azure,qatarcentral,Standard_NC12s_v3,Virtual Machines NCSv3 Series,1.682,Other
Azure,koreacentral,Standard_NC16as_T4_v3,Virtual Machines NCasT4 v3 Series,0.42949,Other
Azure,japaneast,Standard_NV36ads_A10_v5,Virtual Machines NVadsA10v5 Series Windows,6.296,A10
Azure,westus2,Standard_ND40rs_v2,Virtual Machines NDrSv2 Series,4.071514,Other
Azure,israelcentral,Standard_NV6ads_A10_v5,Virtual Machines NVadsA10v5 Series,0.13,A10
Azure,eastasia,Standard_NV72ads_A10_v5,Virtual Machines NVadsA10v5 Series Windows,5.367,A10
Azure,northeurope,Standard_NV32as_v4,Virtual Machines NVasv4 Series Windows,3.709,Other
Azure,southeastasia,Standard_NC8as_T4_v3,Virtual Machines NCasT4 v3 Series,0.30508,Other
Azure,centralindia,Standard_NC64as_T4_v3,Virtual Machines NCasT4 v3 Series Windows,7.731,Other
Azure,northeurope,Standard_NV36adms_A10_v5,Virtual Machines NVadsA10v5 Series Windows,2.832,A10
Azure,jioindiawest,Standard_NC40ads_H100_v5,Virtual Machines NCadsH100v5 Series Windows,11.612,H100
Azure,westus2,Standard_NC64ds_xl_RTXPRO6000BSE_v6,Virtual Machines NCdsxlRTX6kv6,0.566,RTX PRO 6000
Azure,westeurope,Standard_ND96asr_v4,Virtual Machines NDasr A100 v4 Series Windows,39.773,Other
Azure,eastus,Standard_NV72ads_A10_v5,Virtual Machines NVadsA10v5 Series Windows,9.832,A10
Azure,westus,Standard_NC128lds_xl_RTXPRO6000BSE_v6,Virtual Machines NCldsxlRTX6kv6 Windows,13.038,RTX PRO 6000
Azure,westus,Standard_ND96is_noIB_H100_v5,Virtual Machines NDsH100v5 Series,115.034,H100
Azure,centralindia,Standard_NV36adms_A10_v5,Virtual Machines NVadsA10v5 Series Windows,3.194,A10
Azure,northeurope,Standard_NC96ads_A100_v4,NCads A100 v4 Series Linux,3.526,A100
Azure,brazilsouth,Standard_NC64as_T4_v3,Virtual Machines NCasT4 v3 Series Windows,2.99483,Other
Azure,southeastasia,Standard_NC320lds_xl_RTXPRO6000BSE_v6,Virtual Machines NCldsxlRTX6kv6,20.02,RTX PRO 6000
Azure,japaneast,Standard_NV12ads_A10_v5,Virtual Machines NVadsA10v5 Series,1.317,A10
Azure,germanywestcentral,Standard_NC16as_T4_v3,Virtual Machines NCasT4 v3 Series Windows,0.786016,Other
Azure,eastus2,Standard_NV72ads_A10_v5,Virtual Machines NVadsA10v5 Series,6.52,A10
Azure,eastus,Standard_NC128ds_xl_RTXPRO6000BSE_v6,Virtual Machines NCdsxlRTX6kv6,1.276,RTX PRO 6000
Azure,eastus,Standard_ND96amsr_A100_v4,Virtual Machines NDamsr A100 v4 Series Windows,9.66836,A100
Azure,westeurope,Standard_NM16ads_MA35D  ,Virtual Machines NMadsMA35D Series,0.468468,Other
Azure,southafricanorth,Standard_ND96amsr_A100_v4,Virtual Machines NDamsr A100 v4 Series Windows,52.26,A100
Azure,australiaeast,Standard_NC4as_T4_v3,Virtual Machines NCasT4 v3 Series,0.19836,Other
Azure,eastus,Standard_ND96is_noIB_H100_v5,Virtual Machines NDsH100v5 Series,88.488,H100
Azure,japaneast,Standard_ND96ams_A100_v4,Virtual Machines NDamsr A100 v4 Series Windows,20.773,A100
Azure,swedencentral,Standard_NC8as_T4_v3,Virtual Machines NCasT4 v3 Series,0.23084,Other
Azure,israelcentral,Standard_NV36adms_A10_v5,Virtual Machines NVadsA10v5 Series Windows,1.500576,A10
Azure,swedencentral,Standard_ND96is_H100_v5,Virtual Machines NDsr H100 v5 Series Windows,119.45,H100
Azure,canadacentral,Standard_NC40ads_H100_v5,Virtual Machines NCadsH100v5 Series Windows,10.43,H100
Azure,westus3,Standard_NG16ads_V620_v1,Virtual Machines NGadsV620v1 Series Windows,0.802,Other
Azure,southeastasia,Standard_NV12ads_A10_v5,Virtual Machines NVadsA10v5 Series,0.236,A10
Azure,attdallas1,Standard_NC4as_T4_v3,Virtual Machines NCasT4 v3 Series Windows,0.527,Other
Azure,westus,Standard_NC96ads_A100_v4,NCads A100 v4 Series Windows,9.406,A100
Azure,swedencentral,Standard_ND96is_MI300X_v5,Virtual Machines NDMI300Xv5 Srs Windows,28.646,MI300X
Azure,canadacentral,Standard_NV8as_v4,Virtual Machines NVasv4 Series Windows,0.927,Other
Azure,switzerlandnorth,Standard_NC40ads_H100_v5,Virtual Machines NCadsH100v5 Series Windows,6.266312,H100
Azure,australiaeast,Standard_NV18ads_A10_v5,Virtual Machines NVadsA10v5 Series Windows,3.148,A10
Azure,northcentralus,Standard_NV8as_v4,Virtual Machines NVasv4 Series,0.559,Other
Azure,southeastasia,Standard_NV16as_v4,Virtual Machines NVasv4 Series Windows,0.779,Other
Azure,usgovvirginia,Standard_NV48s_v3,Virtual Machines NVSv3 Series Windows,3.163,Other
Azure,switzerlandnorth,Standard_NC24rs_v3,Virtual Machines NCSv3 Series,3.419354,Other
Azure,japanwest,Standard_ND96isr_H200_v5,Virtual Machines NDsrH200v5 Series Windows,135.856,H200
Azure,westus,Standard_NC40ads_H100_v5,Virtual Machines NCadsH100v5 Series Windows,10.914,H100
Azure,canadacentral,Standard_ND96isr_MI300X_v5,Virtual Machines NDMI300Xv5 Srs Windows,11.460557,MI300X
Azure,westus3,Standard_NC16ads_A10_v4,Virtual Machines NCadsA10v4 Series,2.2,A10
Azure,italynorth,Standard_ND96asr_v4,Virtual Machines NDasr A100 v4 Series Windows,39.773,Other
Azure,australiaeast,Standard_NV12ads_V710_v5,Virtual Machines NVadsV710v5 Series,1.45,Other
Azure,southcentralus,Standard_NV24s_v3,Virtual Machines NVSv3 Series,0.548,Other
Azure,qatarcentral,Standard_NC6s_v3,Virtual Machines NCSv3 Series Windows,1.804,Other
Azure,israelcentral,Standard_NC24rs_v3,Virtual Machines NCSv3 Series,3.419354,Other
Azure,centralindia,Standard_NC16as_T4_v3,Virtual Machines NCasT4 v3 Series Windows,2.06,Other
Azure,westeurope,Standard_NCC40ads_H100_v5,Virtual Machines NCCadsv5 Srs,8.9,H100
Azure,centralindia,Standard_NV12ads_A10_v5,Virtual Machines NVadsA10v5 Series Windows,0.33689,A10
Azure,southcentralus,Standard_ND96asr_A100_v4,Virtual Machines NDasr A100 v4 Series Windows,37.046,A100
Azure,northeurope,Standard_NC4as_T4_v3,Virtual Machines NCasT4 v3 Series Windows,0.308,Other
Azure,polandcentral,Standard_ND96is_noIB_H100_v5,Virtual Machines NDsH100v5 Series,21.258283,H100
Azure,westeurope,Standard_NC4as_T4_v3,Virtual Machines NCasT4 v3 Series Windows,0.842,Other
Azure,northeurope,Standard_NM16ads_MA35D  ,Virtual Machines NMadsMA35D Series Windows,1.23,Other
Azure,westus2,Standard_NV12_Promo,Virtual Machines NV Promo Series,1.311,Other
Azure,southcentralus,Standard_NC32ads_A10_v4,Virtual Machines NCadsA10v4 Series,0.975744,A10
Azure,uksouth,Standard_NV24s_v3,Virtual Machines NVSv3 Series,0.52668,Other
Azure,koreacentral,Standard_NV4as_v4,Virtual Machines NVasv4 Series,0.058212,Other
Azure,southcentralus,Standard_ND96amsr_A100_v4,Virtual Machines NDamsr A100 v4 Series Windows,43.74,A100
Azure,westeurope,Standard_NCC40ads_H100_v5,Virtual Machines NCCadsv5 Srs,1.78,H100
Azure,japaneast,Standard_NV4as_v4,Virtual Machines NVasv4 Series,0.062462,Other
Azure,francecentral,Standard_NC96ads_A100_v4,NCads A100 v4 Series Windows,9.112,A100
Azure,japaneast,Standard_NV18ads_A10_v5,Virtual Machines NVadsA10v5 Series,0.464,A10
Azure,westus2,Standard_NC320ds_xl_RTXPRO6000BSE_v6,Virtual Machines NCdsxlRTX6kv6,3.3176,RTX PRO 6000
Azure,switzerlandnorth,Standard_NC24s_v3,Virtual Machines NCSv3 Series,3.108521,Other
Azure,germanywestcentral,Standard_NV16as_v4,Virtual Machines NVasv4 Series Windows,0.351305,Other
Azure,northeurope,Standard_NV72ads_A10_v5,Virtual Machines NVadsA10v5 Series,7.824,A10
Azure,southeastasia,Standard_NV6ads_A10_v5,Virtual Machines NVadsA10v5 Series,0.109032,A10
Azure,uksouth,Standard_NV16as_v4,Virtual Machines NVasv4 Series,0.215292,Other
Azure,uaenorth,Standard_NV6ads_A10_v5,Virtual Machines NVadsA10v5 Series,0.119935,A10
Azure,westus,Standard_NC8as_T4_v3,Virtual Machines NCasT4 v3 Series Windows,1.27,Other
Azure,australiaeast,Standard_NC48ads_A100_v4,NCads A100 v4 Series Windows,5.144,A100
Azure,australiaeast,Standard_ND96isr_H100_v5,Virtual Machines NDsr H100 v5 Series,26.35248,H100
Azure,eastus,Standard_NV24s_v3,Virtual Machines NVSv3 Series,2.28,Other
Azure,westus,Standard_NC12s_v3,Virtual Machines NCSv3 Series Windows,1.572278,Other
Azure,southcentralus,Standard_ND96is_H100_v5,Virtual Machines NDsr H100 v5 Series,19.620401,H100
Azure,westus2,Standard_NC24ads_A100_v4,NCads A100 v4 Series Linux,0.735,A100
Azure,francecentral,Standard_NV16as_v4,Virtual Machines NVasv4 Series,0.215292,Other
Azure,spaincentral,Standard_NV28adms_V710_v5,Virtual Machines NVadsV710v5 Series,0.576576,Other
Azure,koreacentral,Standard_NC24ads_A100_v4,NCads A100 v4 Series Windows,2.425,A100
Azure,germanywestcentral,Standard_ND128isr_NDR_GB200_v6,Virtual Machines NDsrGB200NDRv6 Series,140.6,GB200
Azure,polandcentral,Standard_NC8as_T4_v3,Virtual Machines NCasT4 v3 Series,0.937,Other
Azure,japaneast,Standard_NG32adms_V620,Virtual Machines NGadsV620v1 Series,0.884083,Other
Azure,westus3,Standard_ND96asr_A100_v4,Virtual Machines NDasr A100 v4 Series Windows,6.95486,A100
Azure,southeastasia,Standard_NP10s,Virtual Machines NP Series,2.145,Other
Azure,westeurope,Standard_NC12_Promo,Virtual Machines NC Promo Series Windows,1.582,Other
Azure,eastus2,Standard_ND96ams_A100_v4,Virtual Machines NDamsr A100 v4 Series Linux,32.77,A100
Azure,southcentralus,Standard_NP10s,Virtual Machines NP Series,1.98,Other
Azure,switzerlandnorth,Standard_NC96ads_A100_v4,NCads A100 v4 Series Linux,4.202,A100
Azure,eastus2,Standard_ND96ams_A100_v4,Virtual Machines NDamsr A100 v4 Series Windows,14.874,A100
Azure,japaneast,Standard_NV24s_v3,Virtual Machines NVSv3 Series,3.16,Other
Azure,switzerlandnorth,Standard_ND96isr_H100_v5,Virtual Machines NDsr H100 v5 Series,25.98251,H100
Azure,uksouth,Standard_NV24s_v3,Virtual Machines NVSv3 Series Windows,0.730699,Other
Azure,koreacentral,Standard_NV36adms_A10_v5,Virtual Machines NVadsA10v5 Series Windows,7.758,A10
Azure,eastus2,Standard_NC64ds_xl_RTXPRO6000BSE_v6,Virtual Machines NCdsxlRTX6kv6 Windows,5.774,RTX PRO 6000
Azure,mexicocentral,Standard_NV32as_v4,Virtual Machines NVasv4 Series Windows,0.65105,Other
Azure,westus,Standard_NM16ads_MA35D  ,Virtual Machines NMadsMA35D Series Windows,3.271,Other
Azure,westeurope,Standard_NC16as_T4_v3,Virtual Machines NCasT4 v3 Series,1.080138,Other
Azure,eastus2,Standard_NV48s_v3,Virtual Machines NVSv3 Series,4.56,Other
Azure,southcentralus,Standard_NV8ads_V710_v5,Virtual Machines NVadsV710v5 Series Windows,1.168,Other
Azure,canadacentral,Standard_NC12s_v3,Virtual Machines NCSv3 Series Windows,2.914,Other
Azure,italynorth,Standard_NV32as_v4,Virtual Machines NVasv4 Series Windows,0.70261,Other
Azure,northcentralus,Standard_NC8as_T4_v3,Virtual Machines NCasT4 v3 Series,0.15,Other
Azure,westus3,Standard_ND96is_H100_v5,Virtual Machines NDsr H100 v5 Series Windows,17.168659,H100
Azure,eastasia,Standard_NV72ads_A10_v5,Virtual Machines NVadsA10v5 Series,10.106,A10
Azure,polandcentral,Standard_NC96ads_A100_v4,NCads A100 v4 Series Linux,4.27076,A100
Azure,jioindiawest,Standard_NC6s_v3,Virtual Machines NCSv3 Series Windows,4.51,Other
Azure,japaneast,Standard_ND96isr_H100_v5,Virtual Machines NDsr H100 v5 Series Windows,58.792,H100
Azure,southeastasia,Standard_NC32ds_xl_RTXPRO6000BSE_v6,Virtual Machines NCdsxlRTX6kv6 Windows,3.491,RTX PRO 6000
Azure,westus2,Standard_ND96isr_H100_v5,Virtual Machines NDsr H100 v5 Series,18.169536,H100
Azure,uksouth,Standard_NC40ads_H100_v5,Virtual Machines NCadsH100v5 Series,1.745,H100
Azure,australiaeast,Standard_NV24s_v3,Virtual Machines NVSv3 Series Windows,0.791498,Other
Azure,uksouth,Standard_NV48s_v3,Virtual Machines NVSv3 Series Windows,7.908,Other
Azure,usgovvirginia,Standard_NV8as_v4,Virtual Machines NVasv4 Series Windows,0.38,Other
Azure,usgovvirginia,Standard_NV18ads_A10_v5,Virtual Machines NVadsA10v5 Series Windows,0.522614,A10
Azure,westus3,Standard_ND96is_flex_H100_v5,Virtual Machines NDsfH100v5 Series Windows,17.168659,H100
Azure,westus2,Standard_NC64as_T4_v3,Virtual Machines NCasT4 v3 Series,4.352,Other
Azure,japaneast,Standard_NC8as_T4_v3,Virtual Machines NCasT4 v3 Series Windows,0.40107,Other
Azure,switzerlandnorth,Standard_NC96ads_A100_v4,NCads A100 v4 Series Linux,3.882648,A100
Azure,indonesiacentral,Standard_NV36ads_A10_v5,Virtual Machines NVadsA10v5 Series,3.92,A10
Azure,eastus,Standard_NV8ads_V710_v5,Virtual Machines NVadsV710v5 Series Windows,1.035,Other
Azure,southcentralus,Standard_NV6s_v2,Virtual Machines NVSv2 Series Windows,0.329,Other
Azure,mexicocentral,Standard_NV6ads_A10_v5,Virtual Machines NVadsA10v5 Series,0.1,A10
Azure,switzerlandwest,Standard_ND96ams_A100_v4,Virtual Machines NDamsr A100 v4 Series Linux,60.919,A100
Azure,japaneast,Standard_NP10s,Virtual Machines NP Series Windows,1.141,Other
Azure,uaecentral,Standard_ND128isr_NDR_GB200_v6,Virtual Machines NDsrGB200NDRv6 Series,201.16,GB200
Azure,japaneast,Standard_NV48s_v3,Virtual Machines NVSv3 Series,6.32,Other
Azure,eastus2,Standard_ND96is_H100_v5,Virtual Machines NDsr H100 v5 Series Windows,17.168659,H100
Azure,centralindia,Standard_NC16as_T4_v3,Virtual Machines NCasT4 v3 Series,0.38396,Other
Azure,westus,Standard_ND96ams_A100_v4,Virtual Machines NDamsr A100 v4 Series Linux,11.07626,A100
Azure,westcentralus,Standard_ND96is_H100_v5,Virtual Machines NDsr H100 v5 Series Windows,20.43925,H100
Azure,westus,Standard_NV12s_v3,Virtual Machines NVSv3 Series,1.14,Other
Azure,westeurope,Standard_ND96isr_H100_v5,Virtual Machines NDsr H100 v5 Series Windows,24.436474,H100
Azure,southcentralus,Standard_NC64as_T4_v3,Virtual Machines NCasT4 v3 Series,1.044,Other
Azure,eastus2,Standard_NV18ads_A10_v5,Virtual Machines NVadsA10v5 Series,0.32,A10
Azure,francecentral,Standard_ND96amsr_A100_v4,Virtual Machines NDamsr A100 v4 Series Windows,45.378,A100
Azure,northcentralus,Standard_ND96is_H100_v5,Virtual Machines NDsr H100 v5 Series,106.186,H100
Azure,australiacentral,Standard_NC4as_T4_v3,Virtual Machines NCasT4 v3 Series,0.137,Other
Azure,westus2,Standard_NV18ads_A10_v5,Virtual Machines NVadsA10v5 Series Windows,0.448694,A10
Azure,eastus,Standard_NP20s,Virtual Machines NP Series Windows,0.779856,Other
Azure,uksouth,Standard_NV32as_v4,Virtual Machines NVasv4 Series,2.33,Other
Azure,eastus2,Standard_NC96ads_A100_v4,NCads A100 v4 Series Linux,2.938,A100
Azure,westus3,Standard_NC24rs_v3,Virtual Machines NCSv3 Series,2.487408,Other
Azure,centralus,Standard_ND96is_H100_v5,Virtual Machines NDsr H100 v5 Series,20.113632,H100
Azure,australiaeast,Standard_NC80adis_H100_v5,Virtual Machines NCadsH100v5 Series,7.833654,H100
Azure,australiaeast,Standard_ND96amsr_A100_v4,Virtual Machines NDamsr A100 v4 Series Linux,47.516,A100
Azure,koreacentral,Standard_NV72ads_A10_v5,Virtual Machines NVadsA10v5 Series,8.802,A10
Azure,southafricanorth,Standard_NV12s_v3,Virtual Machines NVSv3 Series,0.269808,Other
Azure,qatarcentral,Standard_NC24s_v3,Virtual Machines NCSv3 Series,3.364,Other
Azure,swedencentral,Standard_NV16as_v4,Virtual Machines NVasv4 Series Windows,0.377177,Other
Azure,eastus,Standard_NV48s_v3,Virtual Machines NVSv3 Series,0.912,Other
Azure,westus2,Standard_NC4as_T4_v3,Virtual Machines NCasT4 v3 Series Windows,0.71,Other
Azure,uksouth,Standard_ND96is_H100_v5,Virtual Machines NDsr H100 v5 Series Windows,21.256805,H100
Azure,westus3,Standard_NC4as_T4_v3,Virtual Machines NCasT4 v3 Series,0.526,Other
Azure,westus2,Standard_NV16as_v4,Virtual Machines NVasv4 Series,0.172234,Other
Azure,switzerlandnorth,Standard_NC24ads_A100_v4,NCads A100 v4 Series Windows,6.356,A100
Azure,malaysiawest,Standard_NV36ads_A10_v5,Virtual Machines NVadsA10v5 Series Windows,2.16,A10
Azure,eastus2,Standard_NV6ads_A10_v5,Virtual Machines NVadsA10v5 Series,0.083899,A10
Azure,swedencentral,Standard_ND40rs_v2,Virtual Machines NDrSv2 Series Windows,4.411546,Other
Azure,northeurope,Standard_NV8as_v4,Virtual Machines NVasv4 Series,0.112,Other
Azure,westeurope,Standard_ND40s_v2,Virtual Machines NDSv2 Series,18.03,Other
Azure,germanywestcentral,Standard_NC4as_T4_v3,Virtual Machines NCasT4 v3 Series,0.658,Other
Azure,usgovarizona,Standard_NC6s_v3,Virtual Machines NCSv3 Series,0.678586,Other
Azure,francecentral,Standard_ND96isr_MI300X_v5,Virtual Machines NDMI300Xv5 Srs,11.088,MI300X
Azure,westus3,Standard_NG32adms_V620,Virtual Machines NGadsV620v1 Series Windows,0.882235,Other
Azure,westeurope,Standard_NP10s,Virtual Machines NP Series Windows,1.042,Other
Azure,qatarcentral,Standard_NV36adms_A10_v5,Virtual Machines NVadsA10v5 Series Windows,8.12,A10
Azure,northeurope,Standard_NC320lds_xl_RTXPRO6000BSE_v6,Virtual Machines NCldsxlRTX6kv6,20.462,RTX PRO 6000
Azure,canadacentral,Standard_NV36ads_A10_v5,Virtual Machines NVadsA10v5 Series,0.709632,A10
Azure,japaneast,Standard_NV16as_v4,Virtual Machines NVasv4 Series,0.27,Other
Azure,southeastasia,Standard_NV36ads_A10_v5,Virtual Machines NVadsA10v5 Series Windows,2.326,A10
Azure,japaneast,Standard_NV4as_v4,Virtual Machines NVasv4 Series,0.0676,Other
Azure,eastus2,Standard_ND96is_H100_v5,Virtual Machines NDsr H100 v5 Series Windows,37.162,H100
Azure,southcentralus,Standard_ND96ams_A100_v4,Virtual Machines NDamsr A100 v4 Series Windows,17.496,A100
Azure,norwaywest,Standard_NV12s_v3,Virtual Machines NVSv3 Series Windows,1.036,Other
Azure,australiasoutheast,Standard_ND96isr_MI300X_v5,Virtual Machines NDMI300Xv5 Srs,67.2,MI300X
Azure,eastasia,Standard_NC6s_v3,Virtual Machines NCSv3 Series,4.743,Other
Azure,centralus,Standard_NC24ads_A100_v4,NCads A100 v4 Series Linux,4.15,A100
Azure,southafricanorth,Standard_ND96isr_H100_v5,Virtual Machines NDsr H100 v5 Series Windows,69.235,H100
Azure,polandcentral,Standard_NV32as_v4,Virtual Machines NVasv4 Series,2.33,Other
Azure,canadacentral,Standard_NV4as_v4,Virtual Machines NVasv4 Series Windows,0.185,Other
Azure,canadacentral,Standard_NP20s,Virtual Machines NP Series,3.96,Other
Azure,centralindia,Standard_NV8as_v4,Virtual Machines NVasv4 Series,0.652,Other
Azure,uksouth,Standard_NG8ads_V620_v1,Virtual Machines NGadsV620v1 Series,0.795,Other
Azure,eastus,Standard_NV8ads_V710_v5,Virtual Machines NVadsV710v5 Series,0.123262,Other
Azure,westus3,Standard_NC48ads_A100_v4,NCads A100 v4 Series Linux,2.673209,A100
Azure,israelcentral,Standard_NC64as_T4_v3,Virtual Machines NCasT4 v3 Series,1.73333,Other
Azure,northeurope,Standard_NC16as_T4_v3,Virtual Machines NCasT4 v3 Series,0.268,Other
Azure,koreacentral,Standard_NV12ads_A10_v5,Virtual Machines NVadsA10v5 Series Windows,0.328574,A10
Azure,brazilsouth,Standard_NV6ads_A10_v5,Virtual Machines NVadsA10v5 Series,0.182,A10
Azure,swedencentral,Standard_ND96is_H100_v5,Virtual Machines NDsr H100 v5 Series,21.258283,H100
Azure,northcentralus,Standard_NC16as_T4_v3,Virtual Machines NCasT4 v3 Series,0.34916,Other
Azure,japanwest,Standard_NC4as_T4_v3,Virtual Machines NCasT4 v3 Series,0.768,Other
Azure,eastus2,Standard_NCC40ads_H100_v5,Virtual Machines NCCadsv5 Srs Win,8.82,H100
Azure,israelcentral,Standard_NC4as_T4_v3,Virtual Machines NCasT4 v3 Series Windows,0.363,Other
Azure,centralus,Standard_NC24rs_v3,Virtual Machines NCSv3 Series,15.214,Other
Azure,westus,Standard_NV12ads_A10_v5,Virtual Machines NVadsA10v5 Series,1.18,A10
Azure,uaenorth,Standard_ND96isr_H200_v5,Virtual Machines NDsrH200v5 Series Windows,125.68,H200
Azure,koreasouth,Standard_ND96is_MI300X_v5,Virtual Machines NDMI300Xv5 Srs Windows,25.766,MI300X
Azure,southcentralus,Standard_NV24s_v2,Virtual Machines NVSv2 Series,0.547,Other
Azure,southindia,Standard_NC8as_T4_v3,Virtual Machines NCasT4 v3 Series,1.059,Other
Azure,southcentralus,Standard_NC24s_v3,Virtual Machines NCSv3 Series,13.464,Other
Azure,usgovvirginia,Standard_NC6s_v3,Virtual Machines NCSv3 Series Windows,0.746592,Other
Azure,swedencentral,Standard_ND96is_noIB_H100_v5,Virtual Machines NDsH100v5 Series,21.258283,H100
Azure,northcentralus,Standard_NV16as_v4,Virtual Machines NVasv4 Series Windows,0.742,Other
Azure,usgovarizona,Standard_NV12ads_A10_v5,Virtual Machines NVadsA10v5 Series Windows,1.687,A10
Azure,francecentral,Standard_NV8as_v4,Virtual Machines NVasv4 Series Windows,0.17556,Other
Azure,israelcentral,Standard_NC8as_T4_v3,Virtual Machines NCasT4 v3 Series,1.034,Other
Azure,westus3,Standard_ND96is_noIB_H100_v5,Virtual Machines NDsH100v5 Series,88.488,H100
Azure,southeastasia,Standard_NC24ads_A100_v4,NCads A100 v4 Series Windows,5.879,A100
Azure,westus,Standard_ND96isr_H200_v5,Virtual Machines NDsrH200v5 Series Windows,114.656,H200
Azure,eastus,Standard_NC96ads_A100_v4,NCads A100 v4 Series Windows,5.306292,A100
Azure,southeastasia,Standard_NC64lds_xl_RTXPRO6000BSE_v6,Virtual Machines NCldsxlRTX6kv6,3.416,RTX PRO 6000
Azure,koreacentral,Standard_NC40ads_H100_v5,Virtual Machines NCadsH100v5 Series,9.423,H100
Azure,attdallas1,Standard_NC16as_T4_v3,Virtual Machines NCasT4 v3 Series,0.157,Other
Azure,canadacentral,Standard_NV32as_v4,Virtual Machines NVasv4 Series,0.413398,Other
Azure,southcentralus,Standard_NC64as_T4_v3,Virtual Machines NCasT4 v3 Series Windows,2.36814,Other
Azure,eastus2,Standard_ND96isr_H200_v5,Virtual Machines NDsrH200v5 Series,84.8,H200
Azure,uaenorth,Standard_ND96amsr_A100_v4,Virtual Machines NDamsr A100 v4 Series Linux,9.372,A100
Azure,australiaeast,Standard_NV36ads_A10_v5,Virtual Machines NVadsA10v5 Series,0.928,A10
Azure,eastus2,Standard_NC24s_v3,Virtual Machines NCSv3 Series Windows,2.469519,Other
Azure,qatarcentral,Standard_NV72ads_A10_v5,Virtual Machines NVadsA10v5 Series,1.723075,A10
Azure,usgovvirginia,Standard_NC8as_T4_v3,Virtual Machines NCasT4 v3 Series Windows,0.5232,Other
Azure,usgovvirginia,Standard_NC24_Promo,Virtual Machines NC Promo Series,1.901,Other
Azure,westus,Standard_NC24s_v3,Virtual Machines NCSv3 Series,2.940538,Other
Azure,westus3,Standard_NC24s_v3,Virtual Machines NCSv3 Series,2.448,Other
Azure,eastus,Standard_NV4as_v4,Virtual Machines NVasv4 Series,0.233,Other
Azure,canadacentral,Standard_ND96amsr_A100_v4,Virtual Machines NDamsr A100 v4 Series Linux,39.324,A100
Azure,eastus2,Standard_NC24ads_A100_v4,NCads A100 v4 Series Windows,4.777,A100
Azure,centralindia,Standard_NV4as_v4,Virtual Machines NVasv4 Series,0.060245,Other
Azure,koreasouth,Standard_NV18ads_A10_v5,Virtual Machines NVadsA10v5 Series,0.3696,A10
Azure,westus3,Standard_NC16as_T4_v3,Virtual Machines NCasT4 v3 Series,1.204,Other
Azure,southeastasia,Standard_NV36ads_A10_v5,Virtual Machines NVadsA10v5 Series,0.768768,A10
Azure,japaneast,Standard_NV36ads_A10_v5,Virtual Machines NVadsA10v5 Series Windows,2.518,A10
Azure,centralus,Standard_NC8as_T4_v3,Virtual Machines NCasT4 v3 Series Windows,0.796161,Other
Azure,northeurope,Standard_NC8as_T4_v3,Virtual Machines NCasT4 v3 Series,0.546292,Other
Azure,northcentralus,Standard_NV8ads_V710_v5,Virtual Machines NVadsV710v5 Series,0.8,Other
Azure,centralindia,Standard_NC24ads_A100_v4,NCads A100 v4 Series Windows,1.211724,A100
Azure,southeastasia,Standard_NC24s_v3,Virtual Machines NCSv3 Series Windows,18.04,Other
Azure,southcentralus,Standard_NV8ads_V710_v5,Virtual Machines NVadsV710v5 Series,0.14784,Other
Azure,japaneast,Standard_NC16as_T4_v3,Virtual Machines NCasT4 v3 Series Windows,0.944,Other
Azure,centralus,Standard_NG32adms_V620,Virtual Machines NGadsV620v1 Series Windows,1.021574,Other
Azure,australiaeast,Standard_NV12ads_A10_v5,Virtual Machines NVadsA10v5 Series,0.243382,A10
Azure,northeurope,Standard_NC80adis_H100_v5,Virtual Machines NCadsH100v5 Series,3.35,H100
Azure,westeurope,Standard_NV4ads_V710_v5,Virtual Machines NVadsV710v5 Series,0.080018,Other
Azure,canadacentral,Standard_NV36ads_A10_v5,Virtual Machines NVadsA10v5 Series Windows,2.198,A10
Azure,westeurope,Standard_NC12s_v3,Virtual Machines NCSv3 Series Windows,3.279,Other
Azure,westus2,Standard_ND96asr_A100_v4,Virtual Machines NDasr A100 v4 Series Windows,6.95486,A100
Azure,westus3,Standard_NV4as_v4,Virtual Machines NVasv4 Series,0.233,Other
Azure,israelcentral,Standard_NC16as_T4_v3,Virtual Machines NCasT4 v3 Series Windows,0.69397,Other
Azure,swedencentral,Standard_ND96isrf_H100_v5,Virtual Machines NDsrf H100 v5 Series,127.816,H100
Azure,polandcentral,Standard_NV8as_v4,Virtual Machines NVasv4 Series,0.107554,Other
Azure,eastasia,Standard_NV36ads_A10_v5,Virtual Machines NVadsA10v5 Series Windows,1.222637,A10
Azure,centralindia,Standard_NV36ads_A10_v5,Virtual Machines NVadsA10v5 Series Windows,2.454,A10
Azure,jioindiacentral,Standard_NC80adis_H100_v5,Virtual Machines NCadsH100v5 Series Windows,23.224,H100
Azure,westus2,Standard_NV24s_v3,Virtual Machines NVSv3 Series Windows,1.354,Other
Azure,uksouth,Standard_NC96ads_A100_v4,NCads A100 v4 Series Windows,22.781,A100
Azure,canadacentral,Standard_NC8as_T4_v3,Virtual Machines NCasT4 v3 Series Windows,0.481,Other
Azure,southeastasia,Standard_NC320lds_xl_RTXPRO6000BSE_v6,Virtual Machines NCldsxlRTX6kv6 Windows,34.74,RTX PRO 6000
Azure,centralindia,Standard_NC8as_T4_v3,Virtual Machines NCasT4 v3 Series,0.165,Other
Azure,francecentral,Standard_NV16as_v4,Virtual Machines NVasv4 Series Windows,0.76,Other
Azure,eastus2,Standard_NC4as_T4_v3,Virtual Machines NCasT4 v3 Series Windows,0.71,Other
Azure,southcentralus,Standard_NC8as_T4_v3,Virtual Machines NCasT4 v3 Series,0.902,Other
Azure,eastus,Standard_NC80adis_H100_v5,Virtual Machines NCadsH100v5 Series Windows,17.64,H100
Azure,westus3,Standard_NC8as_T4_v3,Virtual Machines NCasT4 v3 Series,0.15,Other
Azure,southeastasia,Standard_NC256ds_xl_RTXPRO6000BSE_v6,Virtual Machines NCdsxlRTX6kv6 Windows,29.64,RTX PRO 6000
Azure,westus2,Standard_NV18ads_A10_v5,Virtual Machines NVadsA10v5 Series,0.29568,A10
Azure,uaenorth,Standard_ND96amsr_A100_v4,Virtual Machines NDamsr A100 v4 Series Windows,51.277,A100
Azure,francecentral,Standard_NV36ads_A10_v5,Virtual Machines NVadsA10v5 Series,0.7392,A10
Azure,australiaeast,Standard_NC24s_v3,Virtual Machines NCSv3 Series,3.387,Other
Azure,eastus,Standard_NC256ds_xl_RTXPRO6000BSE_v6,Virtual Machines NCdsxlRTX6kv6 Windows,24.536,RTX PRO 6000
Azure,northcentralus,Standard_NV16as_v4,Virtual Machines NVasv4 Series,1.118,Other
Azure,eastus2,Standard_NV36adms_A10_v5,Virtual Machines NVadsA10v5 Series,0.835296,A10
Azure,centralindia,Standard_NV24s_v3,Virtual Machines NVSv3 Series Windows,1.718,Other
Azure,eastus,Standard_NC8lds_xl_RTXPRO6000BSE_v6,Virtual Machines NCldsxlRTX6kv6,0.55,RTX PRO 6000
Azure,westus2,Standard_NC48ads_A100_v4,NCads A100 v4 Series Linux,2.596811,A100
Azure,westus,Standard_NC24ads_A100_v4,NCads A100 v4 Series Windows,5.879,A100
Azure,northeurope,Standard_NC16lds_xl_RTXPRO6000BSE_v6,Virtual Machines NCldsxlRTX6kv6,0.3234,RTX PRO 6000
Azure,francecentral,Standard_NV72ads_A10_v5,Virtual Machines NVadsA10v5 Series,1.50612,A10
Azure,eastus,Standard_NV24s_v3,Virtual Machines NVSv3 Series Windows,1.354,Other
Azure,malaysiawest,Standard_ND96isr_H200_v5,Virtual Machines NDsrH200v5 Series,99.216,H200
Azure,canadacentral,Standard_NC6s_v3,Virtual Machines NCSv3 Series Windows,1.457,Other
Azure,eastus,Standard_NC8as_T4_v3,Virtual Machines NCasT4 v3 Series Windows,1.12,Other
Azure,canadacentral,Standard_NP40s,Virtual Machines NP Series Windows,3.904,Other
Azure,ukwest,Standard_ND96ams_A100_v4,Virtual Machines NDamsr A100 v4 Series Linux,42.929,A100
Azure,australiaeast,Standard_ND96ams_A100_v4,Virtual Machines NDamsr A100 v4 Series Linux,47.516,A100
Azure,australiacentral,Standard_NC16as_T4_v3,Virtual Machines NCasT4 v3 Series,0.313,Other
Azure,eastus2,Standard_ND96isr_H100_v5,Virtual Machines NDsr H100 v5 Series Windows,18.985613,H100
Azure,southeastasia,Standard_NV36adms_A10_v5,Virtual Machines NVadsA10v5 Series Windows,3.013,A10
Azure,uksouth,Standard_ND96is_MI300X_v5,Virtual Machines NDMI300Xv5 Srs,11.088,MI300X
Azure,centralus,Standard_NCC40ads_H100_v5,Virtual Machines NCCadsv5 Srs Win,1.798104,H100
Azure,centralus,Standard_NC16as_T4_v3,Virtual Machines NCasT4 v3 Series Windows,2.096,Other
Azure,westus3,Standard_NV12ads_A10_v5,Virtual Machines NVadsA10v5 Series Windows,1.46,A10
Azure,southeastasia,Standard_NC64as_T4_v3,Virtual Machines NCasT4 v3 Series,1.218,Other
Azure,malaysiawest,Standard_NC4as_T4_v3,Virtual Machines NCasT4 v3 Series Windows,0.23635,Other
Azure,swedencentral,Standard_NG8ads_V620_v1,Virtual Machines NGadsV620v1 Series Windows,0.477,Other
Azure,italynorth,Standard_NC96ads_A100_v4,NCads A100 v4 Series Windows,4.371624,A100
Azure,westus3,Standard_NV32as_v4,Virtual Machines NVasv4 Series,1.864,Other
Azure,westus,Standard_NC6s_v3,Virtual Machines NCSv3 Series Windows,1.702,Other
Azure,westus2,Standard_NV16as_v4,Virtual Machines NVasv4 Series Windows,0.308246,Other
Azure,germanywestcentral,Standard_NV72ads_A10_v5,Virtual Machines NVadsA10v5 Series,1.695,A10
Azure,germanywestcentral,Standard_NC48ads_A100_v4,NCads A100 v4 Series Linux,1.941515,A100
Azure,centralus,Standard_ND96isr_H200_v5,Virtual Machines NDsrH200v5 Series Windows,100.24,H200
Azure,westus2,Standard_NV72ads_A10_v5,Virtual Machines NVadsA10v5 Series Windows,9.832,A10
Azure,southeastasia,Standard_NC32lds_xl_RTXPRO6000BSE_v6,Virtual Machines NCldsxlRTX6kv6 Windows,3.212,RTX PRO 6000
Azure,southeastasia,Standard_NC64ds_xl_RTXPRO6000BSE_v6,Virtual Machines NCdsxlRTX6kv6 Windows,1.3814,RTX PRO 6000
Azure,westus2,Standard_NC320ds_xl_RTXPRO6000BSE_v6,Virtual Machines NCdsxlRTX6kv6 Windows,6.2616,RTX PRO 6000
Azure,japaneast,Standard_NM16ads_MA35D  ,Virtual Machines NMadsMA35D Series,0.522614,Other
Azure,westus3,Standard_NG32ads_V620_v1,Virtual Machines NGadsV620v1 Series,0.469392,Other
Azure,westus2,Standard_NV36adms_A10_v5,Virtual Machines NVadsA10v5 Series,0.904,A10
Azure,eastus2,Standard_ND96is_noIB_H100_v5,Virtual Machines NDsH100v5 Series,16.352582,H100
Azure,eastus,Standard_NV12ads_V710_v5,Virtual Machines NVadsV710v5 Series Windows,1.552,Other
Azure,westus2,Standard_NC6_Promo,Virtual Machines NC Promo Series,0.396,Other
Azure,southcentralus,Standard_ND40s_v2,Virtual Machines NDSv2 Series Windows,15.608,Other
Azure,koreacentral,Standard_NC40ads_H100_v5,Virtual Machines NCadsH100v5 Series,5.195842,H100
Azure,southafricanorth,Standard_NV18ads_A10_v5,Virtual Machines NVadsA10v5 Series,0.431693,A10
Azure,eastus,Standard_ND40rs_v2,Virtual Machines NDrSv2 Series,4.406,Other
Azure,uaenorth,Standard_ND96isr_H100_v5,Virtual Machines NDsr H100 v5 Series Windows,145.014,H100
Azure,usgovvirginia,Standard_NC24s_v3,Virtual Machines NCSv3 Series Windows,6.464,Other
Azure,polandcentral,Standard_NC8as_T4_v3,Virtual Machines NCasT4 v3 Series Windows,0.397372,Other
Azure,eastus2,Standard_NG32ads_V620_v1,Virtual Machines NGadsV620v1 Series,2.54,Other
Azure,westus2,Standard_ND96is_noIB_H100_v5,Virtual Machines NDsH100v5 Series,88.488,H100
Azure,usgovvirginia,Standard_NC12s_v3,Virtual Machines NCSv3 Series,1.469,Other
Azure,eastus2,Standard_NC12s_v3,Virtual Machines NCSv3 Series Windows,2.67264,Other
Azure,eastus2,Standard_NV48s_v3,Virtual Machines NVSv3 Series Windows,6.768,Other
Azure,centralindia,Standard_NC80adis_H100_v5,Virtual Machines NCadsH100v5 Series,3.909,H100
Azure,southafricanorth,Standard_NV18ads_A10_v5,Virtual Machines NVadsA10v5 Series Windows,1.266,A10
Azure,eastus,Standard_NC12s_v3,Virtual Machines NCSv3 Series Windows,1.232986,Other
Azure,brazilsouth,Standard_NV18ads_A10_v5,Virtual Machines NVadsA10v5 Series,3.2,A10
Azure,southcentralus,Standard_NC48ads_A100_v4,NCads A100 v4 Series Windows,11.023,A100
Azure,uksouth,Standard_NC24rs_v3,Virtual Machines NCSv3 Series,15.792,Other
Azure,swedencentral,Standard_ND96isr_MI300X_v5,Virtual Machines NDMI300Xv5 Srs,67.2,MI300X
Azure,southcentralus,Standard_NV12ads_A10_v5,Virtual Machines NVadsA10v5 Series Windows,0.657,A10
Azure,usgovarizona,Standard_NV16as_v4,Virtual Machines NVasv4 Series,0.215292,Other
Azure,spaincentral,Standard_ND96is_noIB_H100_v5,Virtual Machines NDsH100v5 Series Windows,119.45,H100
Azure,centralindia,Standard_NC96ads_A100_v4,NCads A100 v4 Series Linux,3.801151,A100
Azure,southeastasia,Standard_NC256ds_xl_RTXPRO6000BSE_v6,Virtual Machines NCdsxlRTX6kv6 Windows,5.928,RTX PRO 6000
Azure,francecentral,Standard_NV8as_v4,Virtual Machines NVasv4 Series Windows,0.38,Other
Azure,australiaeast,Standard_NV12_Promo,Virtual Machines NV Promo Series Windows,2.46,Other
Azure,westus3,Standard_NG16ads_V620_v1,Virtual Machines NGadsV620v1 Series Windows,2.006,Other
Azure,eastus,Standard_NV72ads_A10_v5,Virtual Machines NVadsA10v5 Series,1.204896,A10
Azure,canadacentral,Standard_NC6s_v3,Virtual Machines NCSv3 Series,0.673,Other
Azure,eastus2,Standard_ND96isr_H100_v5,Virtual Machines NDsr H100 v5 Series,19.664,H100
Azure,eastus,Standard_NV12_Promo,Virtual Machines NV Promo Series Windows,1.92,Other
Azure,southcentralus,Standard_NCC40ads_H100_v5,Virtual Machines NCCadsv5 Srs,1.458072,H100
Azure,westeurope,Standard_NV6_Promo,Virtual Machines NV Promo Series,0.819,Other
Azure,southafricanorth,Standard_ND96ams_A100_v4,Virtual Machines NDamsr A100 v4 Series Windows,52.26,A100
Azure,southeastasia,Standard_NV36ads_A10_v5,Virtual Machines NVadsA10v5 Series Windows,1.074797,A10
Azure,northeurope,Standard_NC256ds_xl_RTXPRO6000BSE_v6,Virtual Machines NCdsxlRTX6kv6 Windows,30.034,RTX PRO 6000
Azure,southeastasia,Standard_NC16as_T4_v3,Virtual Machines NCasT4 v3 Series,0.337,Other
Azure,polandcentral,Standard_NV12ads_A10_v5,Virtual Machines NVadsA10v5 Series Windows,0.693,A10
Azure,northeurope,Standard_NC32ds_xl_RTXPRO6000BSE_v6,Virtual Machines NCdsxlRTX6kv6,2.063,RTX PRO 6000
Azure,brazilsouth,Standard_NC64as_T4_v3,Virtual Machines NCasT4 v3 Series,2.14107,Other
Azure,centralus,Standard_NC64as_T4_v3,Virtual Machines NCasT4 v3 Series Windows,7.851,Other
Azure,italynorth,Standard_NC48ads_A100_v4,NCads A100 v4 Series Windows,4.703,A100
Azure,southcentralus,Standard_NC4as_T4_v3,Virtual Machines NCasT4 v3 Series Windows,0.815,Other
Azure,usgovvirginia,Standard_NC24s_v3,Virtual Machines NCSv3 Series,2.938,Other
Azure,uksouth,Standard_ND96isr_MI300X_v5,Virtual Machines NDMI300Xv5 Srs,60.0,MI300X
Azure,attdallas1,Standard_NC16as_T4_v3,Virtual Machines NCasT4 v3 Series Windows,0.608,Other
Azure,francecentral,Standard_NV48s_v3,Virtual Machines NVSv3 Series,1.14,Other
Azure,centralus,Standard_NC320ds_xl_RTXPRO6000BSE_v6,Virtual Machines NCdsxlRTX6kv6,4.0836,RTX PRO 6000
Azure,eastus,Standard_NC96ads_A100_v4,NCads A100 v4 Series Windows,19.108,A100
Azure,centralus,Standard_NG32ads_V620_v1,Virtual Machines NGadsV620v1 Series,0.576576,Other
Azure,australiacentral,Standard_NC64as_T4_v3,Virtual Machines NCasT4 v3 Series Windows,8.589,Other
Azure,westus2,Standard_ND96amsr_A100_v4,Virtual Machines NDamsr A100 v4 Series Windows,37.186,A100
Azure,uksouth,Standard_ND96isr_H100_v5,Virtual Machines NDsr H100 v5 Series Windows,50.926,H100
Azure,westus,Standard_NC8as_T4_v3,Virtual Machines NCasT4 v3 Series,0.902,Other
Azure,attatlanta1,Standard_NV4as_v4,Virtual Machines NVasv4 Series Windows,0.1184,Other
Azure,swedencentral,Standard_ND96is_MI300X_v5,Virtual Machines NDMI300Xv5 Srs,12.41856,MI300X
Azure,norwaywest,Standard_NV48s_v3,Virtual Machines NVSv3 Series Windows,1.914343,Other
Azure,usgovarizona,Standard_NV36ads_A10_v5,Virtual Machines NVadsA10v5 Series Windows,1.045229,A10
Azure,germanywestcentral,Standard_NV12ads_A10_v5,Virtual Machines NVadsA10v5 Series Windows,1.732,A10
Azure,malaysiawest,Standard_NV72ads_A10_v5,Virtual Machines NVadsA10v5 Series,1.409654,A10
Azure,eastus,Standard_NC16lds_xl_RTXPRO6000BSE_v6,Virtual Machines NCldsxlRTX6kv6 Windows,1.866,RTX PRO 6000
Azure,canadacentral,Standard_NV16as_v4,Virtual Machines NVasv4 Series Windows,0.742,Other
Azure,centralus,Standard_ND96is_flex_H100_v5,Virtual Machines NDsfH100v5 Series Windows,20.929709,H100
Azure,jioindiacentral,Standard_NC96ads_A100_v4,NCads A100 v4 Series Windows,24.985,A100
Azure,israelcentral,Standard_NC64as_T4_v3,Virtual Machines NCasT4 v3 Series Windows,8.921,Other
Azure,australiasoutheast,Standard_ND96is_MI300X_v5,Virtual Machines NDMI300Xv5 Srs,13.44,MI300X
Azure,westus3,Standard_ND96isr_MI300X_v5,Virtual Machines NDMI300Xv5 Srs Windows,9.686477,MI300X
Azure,westus2,Standard_ND96asr_A100_v4,Virtual Machines NDasr A100 v4 Series,5.98334,A100
Azure,germanywestcentral,Standard_NV32as_v4,Virtual Machines NVasv4 Series Windows,3.802,Other
Azure,northeurope,Standard_NC64lds_xl_RTXPRO6000BSE_v6,Virtual Machines NCldsxlRTX6kv6 Windows,6.435,RTX PRO 6000
Azure,eastus2,Standard_NG32adms_V620,Virtual Machines NGadsV620v1 Series Windows,1.91,Other
Azure,polandcentral,Standard_ND96is_MI300X_v5,Virtual Machines NDMI300Xv5 Srs,13.660416,MI300X
Azure,swedencentral,Standard_ND96is_MI300X_v5,Virtual Machines NDMI300Xv5 Srs,13.44,MI300X
Azure,centralindia,Standard_NV6ads_A10_v5,Virtual Machines NVadsA10v5 Series,0.636,A10
Azure,israelcentral,Standard_NC8as_T4_v3,Virtual Machines NCasT4 v3 Series Windows,0.40658,Other
Azure,northeurope,Standard_NC24ads_A100_v4,NCads A100 v4 Series Windows,1.12059,A100
Azure,koreacentral,Standard_NC8as_T4_v3,Virtual Machines NCasT4 v3 Series,0.26825,Other
Azure,northcentralus,Standard_NV28adms_V710_v5,Virtual Machines NVadsV710v5 Series Windows,4.168,Other
Azure,uaecentral,Standard_ND96amsr_A100_v4,Virtual Machines NDamsr A100 v4 Series Linux,12.184,A100
Azure,eastus2,Standard_NC96ads_A100_v4,NCads A100 v4 Series Windows,19.108,A100
Azure,southcentralus,Standard_NV24s_v2,Virtual Machines NVSv2 Series Windows,3.288,Other
Azure,japaneast,Standard_NC6s_v3,Virtual Machines NCSv3 Series,0.839,Other
Azure,polandcentral,Standard_NV4as_v4,Virtual Machines NVasv4 Series Windows,0.08778,Other
Azure,chilecentral,Standard_NV8as_v4,Virtual Machines NVasv4 Series Windows,1.02,Other
Azure,attdallas1,Standard_NC64as_T4_v3,Virtual Machines NCasT4 v3 Series Windows,2.31,Other
Azure,westus2,Standard_ND40rs_v2,Virtual Machines NDrSv2 Series,22.032,Other
Azure,uaenorth,Standard_NV18ads_A10_v5,Virtual Machines NVadsA10v5 Series Windows,1.246,A10
Azure,swedencentral,Standard_ND96isf_H100_v5,Virtual Machines NDsrf H100 v5 Series Windows,22.07436,H100
Azure,brazilsouth,Standard_NC64as_T4_v3,Virtual Machines NCasT4 v3 Series Windows,10.327,Other
Azure,jioindiacentral,Standard_NC48ads_A100_v4,NCads A100 v4 Series Windows,12.492,A100
Azure,southcentralus,Standard_NV18ads_A10_v5,Virtual Machines NVadsA10v5 Series Windows,0.50783,A10
Azure,westus2,Standard_NC16as_T4_v3,Virtual Machines NCasT4 v3 Series,0.241,Other
Azure,jioindiawest,Standard_NC96ads_A100_v4,NCads A100 v4 Series Linux,20.569,A100
Azure,australiaeast,Standard_NV36ads_A10_v5,Virtual Machines NVadsA10v5 Series Windows,6.296,A10
Azure,mexicocentral,Standard_NV32as_v4,Virtual Machines NVasv4 Series Windows,3.523,Other
Azure,polandcentral,Standard_ND96amsr_A100_v4,Virtual Machines NDamsr A100 v4 Series Linux,9.378,A100
Azure,switzerlandnorth,Standard_NC6s_v3,Virtual Machines NCSv3 Series,4.205,Other
Azure,switzerlandnorth,Standard_ND96ams_A100_v4,Virtual Machines NDamsr A100 v4 Series Windows,20.511,A100
Azure,eastus,Standard_NV24s_v3,Virtual Machines NVSv3 Series Windows,3.384,Other
Azure,germanywestcentral,Standard_NV6ads_A10_v5,Virtual Machines NVadsA10v5 Series,0.109032,A10
Azure,germanywestcentral,Standard_NV4as_v4,Virtual Machines NVasv4 Series Windows,0.475,Other
Azure,centralindia,Standard_NC24ads_A100_v4,NCads A100 v4 Series Linux,5.142,A100
Azure,westus2,Standard_NV8as_v4,Virtual Machines NVasv4 Series Windows,0.334,Other
Azure,germanywestcentral,Standard_ND96isr_H200_v5,Virtual Machines NDsrH200v5 Series Windows,114.656,H200
Azure,centralindia,Standard_NC24rs_v3,Virtual Machines NCSv3 Series,18.63,Other
Azure,eastus2,Standard_NG16ads_V620_v1,Virtual Machines NGadsV620v1 Series,1.27,Other
Azure,centralus,Standard_NV36ads_A10_v5,Virtual Machines NVadsA10v5 Series Windows,2.237,A10
Azure,westeurope,Standard_ND96is_flex_H100_v5,Virtual Machines NDsfH100v5 Series Windows,22.07436,H100
Azure,japaneast,Standard_ND96is_H100_v5,Virtual Machines NDsr H100 v5 Series Windows,24.527395,H100
Azure,uksouth,Standard_NC16as_T4_v3,Virtual Machines NCasT4 v3 Series,0.807216,Other
Azure,usgovvirginia,Standard_NV36ads_A10_v5,Virtual Machines NVadsA10v5 Series,4.0,A10
Azure,southcentralus,Standard_NP10s,Virtual Machines NP Series,0.365904,Other
Azure,eastus2,Standard_NV12_Promo,Virtual Machines NV Promo Series Windows,1.994,Other
Azure,westus,Standard_NV12_Promo,Virtual Machines NV Promo Series Windows,2.04,Other
Azure,westus,Standard_NC32ds_xl_RTXPRO6000BSE_v6,Virtual Machines NCdsxlRTX6kv6 Windows,0.6692,RTX PRO 6000
Azure,polandcentral,Standard_NC96ads_A100_v4,NCads A100 v4 Series Linux,19.1,A100
Azure,polandcentral,Standard_NC24ads_A100_v4,NCads A100 v4 Series Windows,2.352,A100
Azure,westus,Standard_NC4as_T4_v3,Virtual Machines NCasT4 v3 Series,0.126,Other
Azure,usgovarizona,Standard_NV48s_v3,Virtual Machines NVSv3 Series Windows,1.461398,Other
Azure,japanwest,Standard_NC16as_T4_v3,Virtual Machines NCasT4 v3 Series Windows,0.72297,Other
Azure,centralus,Standard_ND96is_noIB_H100_v5,Virtual Machines NDsH100v5 Series,108.84,H100
Azure,westus,Standard_NC64ds_xl_RTXPRO6000BSE_v6,Virtual Machines NCdsxlRTX6kv6,0.736,RTX PRO 6000
Azure,usgovvirginia,Standard_NC24r_Promo,Virtual Machines NC Promo Series Windows,3.195,Other
Azure,australiaeast,Standard_ND96amsr_A100_v4,Virtual Machines NDamsr A100 v4 Series Windows,20.773,A100
Azure,attdallas1,Standard_NC64as_T4_v3,Virtual Machines NCasT4 v3 Series Windows,1.155,Other
Azure,francecentral,Standard_NC16as_T4_v3,Virtual Machines NCasT4 v3 Series Windows,0.62147,Other
Azure,centralus,Standard_NG32ads_V620_v1,Virtual Machines NGadsV620v1 Series Windows,4.592,Other
Azure,spaincentral,Standard_ND96ams_A100_v4,Virtual Machines NDamsr A100 v4 Series Linux,10.65012,A100
Azure,jioindiawest,Standard_NV36ads_A10_v5,Virtual Machines NVadsA10v5 Series,4.48,A10
Azure,usgovvirginia,Standard_NV6ads_A10_v5,Virtual Machines NVadsA10v5 Series,0.567,A10
Azure,southeastasia,Standard_NV72ads_A10_v5,Virtual Machines NVadsA10v5 Series Windows,11.788,A10
Azure,southcentralus,Standard_NV12s_v2,Virtual Machines NVSv2 Series Windows,0.658,Other
Azure,switzerlandnorth,Standard_NV36ads_A10_v5,Virtual Machines NVadsA10v5 Series,4.576,A10
Azure,italynorth,Standard_NV72ads_A10_v5,Virtual Machines NVadsA10v5 Series,8.476,A10
Azure,germanywestcentral,Standard_ND96is_MI300X_v5,Virtual Machines NDMI300Xv5 Srs,11.53152,MI300X
Azure,northeurope,Standard_NV6ads_A10_v5,Virtual Machines NVadsA10v5 Series Windows,0.328,A10
Azure,koreasouth,Standard_ND96isr_MI300X_v5,Virtual Machines NDMI300Xv5 Srs,11.088,MI300X
Azure,brazilsouth,Standard_ND96is_MI300X_v5,Virtual Machines NDMI300Xv5 Srs Windows,100.416,MI300X
Azure,eastus2,Standard_ND96is_noIB_H100_v5,Virtual Machines NDsH100v5 Series Windows,92.904,H100
Azure,spaincentral,Standard_ND96isrf_H100_v5,Virtual Machines NDsrf H100 v5 Series,127.816,H100
Azure,usgovvirginia,Standard_ND96asr_v4,Virtual Machines NDasr A100 v4 Series,34.003,Other
Azure,swedencentral,Standard_NC80adis_H100_v5,Virtual Machines NCadsH100v5 Series Windows,21.828,H100
Azure,australiacentral2,Standard_NC16as_T4_v3,Virtual Machines NCasT4 v3 Series,0.313,Other
Azure,italynorth,Standard_NC64as_T4_v3,Virtual Machines NCasT4 v3 Series,5.081,Other
Azure,eastus,Standard_NC24ads_A100_v4,NCads A100 v4 Series Linux,0.735,A100
Azure,uaenorth,Standard_NC80adis_H100_v5,Virtual Machines NCadsH100v5 Series,3.688608,H100
Azure,westus2,Standard_NP40s,Virtual Machines NP Series Windows,1.559712,Other
Azure,usgovvirginia,Standard_NV4as_v4,Virtual Machines NVasv4 Series Windows,0.19,Other
Azure,japaneast,Standard_NV32as_v4,Virtual Machines NVasv4 Series Windows,4.175,Other
Azure,westus,Standard_NC64as_T4_v3,Virtual Machines NCasT4 v3 Series,1.044,Other
Azure,westus2,Standard_NV24s_v3,Virtual Machines NVSv3 Series Windows,0.625363,Other
Azure,australiaeast,Standard_NV12_Promo,Virtual Machines NV Promo Series,1.908,Other
Azure,japaneast,Standard_NV48s_v3,Virtual Machines NVSv3 Series,1.264,Other
Azure,westeurope,Standard_NV4ads_V710_v5,Virtual Machines NVadsV710v5 Series,0.433,Other
Azure,usgovvirginia,Standard_NV12_Promo,Virtual Machines NV Promo Series Windows,2.191,Other
Azure,eastus,Standard_NV12_Promo,Virtual Machines NV Promo Series,1.368,Other
Azure,centralus,Standard_NV18ads_A10_v5,Virtual Machines NVadsA10v5 Series,0.363686,A10
Azure,westus2,Standard_NC16lds_xl_RTXPRO6000BSE_v6,Virtual Machines NCldsxlRTX6kv6,0.226,RTX PRO 6000
Azure,centralus,Standard_NC8as_T4_v3,Virtual Machines NCasT4 v3 Series Windows,1.217,Other
Azure,northeurope,Standard_ND96isr_H200_v5,Virtual Machines NDsrH200v5 Series,101.76,H200
Azure,centralindia,Standard_NV6_Promo,Virtual Machines NV Promo Series,1.031,Other
Azure,northcentralus,Standard_NV72ads_A10_v5,Virtual Machines NVadsA10v5 Series,1.445875,A10
Azure,switzerlandwest,Standard_ND96amsr_A100_v4,Virtual Machines NDamsr A100 v4 Series Linux,12.184,A100
Azure,canadacentral,Standard_NC48ads_A100_v4,NCads A100 v4 Series Linux,1.763,A100
Azure,japaneast,Standard_NC24s_v3,Virtual Machines NCSv3 Series,16.776,Other
Azure,francecentral,Standard_NV18ads_A10_v5,Virtual Machines NVadsA10v5 Series,0.4,A10
Azure,usgovarizona,Standard_NC6s_v3,Virtual Machines NCSv3 Series,3.672,Other
Azure,westus,Standard_NC256lds_xl_RTXPRO6000BSE_v6,Virtual Machines NCldsxlRTX6kv6,14.3,RTX PRO 6000
Azure,eastus,Standard_NV18ads_A10_v5,Virtual Machines NVadsA10v5 Series Windows,0.448694,A10
Azure,germanywestcentral,Standard_NC24ads_A100_v4,NCads A100 v4 Series Linux,0.955,A100
Azure,westeurope,Standard_NV18ads_A10_v5,Virtual Machines NVadsA10v5 Series Windows,1.163,A10
Azure,westcentralus,Standard_ND96isr_H100_v5,Virtual Machines NDsr H100 v5 Series,23.597,H100
Azure,koreasouth,Standard_ND96is_MI300X_v5,Virtual Machines NDMI300Xv5 Srs Windows,64.416,MI300X
Azure,eastasia,Standard_NC6s_v3,Virtual Machines NCSv3 Series Windows,0.927511,Other
Azure,spaincentral,Standard_NV8ads_V710_v5,Virtual Machines NVadsV710v5 Series Windows,0.228228,Other
Azure,spaincentral,Standard_ND96isr_H100_v5,Virtual Machines NDsr H100 v5 Series Windows,52.893,H100
Azure,southeastasia,Standard_NC128ds_xl_RTXPRO6000BSE_v6,Virtual Machines NCdsxlRTX6kv6 Windows,2.964,RTX PRO 6000
Azure,germanywestcentral,Standard_NV6ads_A10_v5,Virtual Machines NVadsA10v5 Series Windows,0.866,A10
Azure,southcentralus,Standard_ND96is_noIB_H100_v5,Virtual Machines NDsH100v5 Series Windows,20.436478,H100
Azure,polandcentral,Standard_NV16as_v4,Virtual Machines NVasv4 Series,0.233,Other
Azure,spaincentral,Standard_NV28adms_V710_v5,Virtual Machines NVadsV710v5 Series Windows,4.408,Other
Azure,centralus,Standard_NC48ads_A100_v4,NCads A100 v4 Series Linux,1.856104,A100
Azure,koreacentral,Standard_ND96isr_H100_v5,Virtual Machines NDsr H100 v5 Series,24.528874,H100
Azure,eastus,Standard_NV12ads_A10_v5,Virtual Machines NVadsA10v5 Series Windows,0.269808,A10
Azure,switzerlandnorth,Standard_NV18ads_A10_v5,Virtual Machines NVadsA10v5 Series Windows,1.246,A10
Azure,switzerlandnorth,Standard_NV12s_v3,Virtual Machines NVSv3 Series,0.289951,Other
Azure,italynorth,Standard_NC16as_T4_v3,Virtual Machines NCasT4 v3 Series,1.408,Other
Azure,southcentralus,Standard_NC4as_T4_v3,Virtual Machines NCasT4 v3 Series,0.18299,Other
Azure,indonesiacentral,Standard_NV6ads_A10_v5,Virtual Machines NVadsA10v5 Series Windows,0.832,A10
Azure,italynorth,Standard_NV36adms_A10_v5,Virtual Machines NVadsA10v5 Series,5.876,A10
Azure,australiaeast,Standard_NV12s_v3,Virtual Machines NVSv3 Series,0.318,Other
Azure,francecentral,Standard_ND96is_MI300X_v5,Virtual Machines NDMI300Xv5 Srs,11.088,MI300X
Azure,westus3,Standard_NC80adis_H100_v5,Virtual Machines NCadsH100v5 Series Windows,12.072816,H100
Azure,canadacentral,Standard_NV6ads_A10_v5,Virtual Machines NVadsA10v5 Series Windows,0.328,A10
Azure,westeurope,Standard_NV32as_v4,Virtual Machines NVasv4 Series,2.33,Other
Azure,japaneast,Standard_NG32ads_V620_v1,Virtual Machines NGadsV620v1 Series Windows,0.95209,Other
Azure,westeurope,Standard_NG16ads_V620_v1,Virtual Machines NGadsV620v1 Series Windows,0.955,Other
Azure,australiasoutheast,Standard_ND96isr_MI300X_v5,Virtual Machines NDMI300Xv5 Srs,12.41856,MI300X
Azure,uksouth,Standard_NC8as_T4_v3,Virtual Machines NCasT4 v3 Series Windows,0.499,Other
Azure,eastus2,Standard_NCC40ads_H100_v5,Virtual Machines NCCadsv5 Srs Win,1.629936,H100
Azure,usgovvirginia,Standard_NV6_Promo,Virtual Machines NV Promo Series,0.819,Other
Azure,spaincentral,Standard_NC24ads_A100_v4,NCads A100 v4 Series Windows,5.879,A100
Azure,uksouth,Standard_NV16as_v4,Virtual Machines NVasv4 Series,1.165,Other
Azure,centralindia,Standard_NC12s_v3,Virtual Machines NCSv3 Series Windows,3.608,Other
Azure,centralindia,Standard_NV72ads_A10_v5,Virtual Machines NVadsA10v5 Series,1.826,A10
Azure,israelcentral,Standard_NV18ads_A10_v5,Virtual Machines NVadsA10v5 Series Windows,0.575837,A10
Azure,southeastasia,Standard_NC4as_T4_v3,Virtual Machines NCasT4 v3 Series Windows,0.2668,Other
Azure,westcentralus,Standard_ND96is_MI300X_v5,Virtual Machines NDMI300Xv5 Srs,57.6,MI300X
Azure,westus3,Standard_NC8ads_A10_v4,Virtual Machines NCadsA10v4 Series Windows,0.587,A10
Azure,westus3,Standard_NC12s_v3,Virtual Machines NCSv3 Series,1.130976,Other
Azure,qatarcentral,Standard_NC24rs_v3,Virtual Machines NCSv3 Series,3.419354,Other
Azure,qatarcentral,Standard_NV36adms_A10_v5,Virtual Machines NVadsA10v5 Series,6.464,A10
Azure,centralus,Standard_NC16as_T4_v3,Virtual Machines NCasT4 v3 Series,0.272,Other
Azure,germanywestcentral,Standard_NC16as_T4_v3,Virtual Machines NCasT4 v3 Series Windows,2.24,Other
Azure,usgovarizona,Standard_NV48s_v3,Virtual Machines NVSv3 Series,5.7,Other
Azure,koreacentral,Standard_NV12ads_A10_v5,Virtual Machines NVadsA10v5 Series,0.226565,A10
Azure,northcentralus,Standard_NV18ads_A10_v5,Virtual Machines NVadsA10v5 Series Windows,1.099,A10
Azure,eastus2,Standard_NC8as_T4_v3,Virtual Machines NCasT4 v3 Series,0.53595,Other
Azure,eastus,Standard_NV28adms_V710_v5,Virtual Machines NVadsV710v5 Series Windows,1.475,Other
Azure,northeurope,Standard_NC256ds_xl_RTXPRO6000BSE_v6,Virtual Machines NCdsxlRTX6kv6,18.258,RTX PRO 6000
Azure,italynorth,Standard_NV16as_v4,Virtual Machines NVasv4 Series Windows,0.351305,Other
Azure,australiaeast,Standard_NC12s_v3,Virtual Machines NCSv3 Series,1.694,Other
Azure,spaincentral,Standard_ND96is_noIB_H100_v5,Virtual Machines NDsH100v5 Series,115.034,H100
Azure,polandcentral,Standard_NV32as_v4,Virtual Machines NVasv4 Series,0.466,Other
Azure,eastus,Standard_NC64ds_xl_RTXPRO6000BSE_v6,Virtual Machines NCdsxlRTX6kv6 Windows,1.1548,RTX PRO 6000
Azure,westeurope,Standard_NV8ads_V710_v5,Virtual Machines NVadsV710v5 Series,0.160222,Other
Azure,westus2,Standard_NC24ads_A100_v4,NCads A100 v4 Series Windows,4.777,A100
Azure,spaincentral,Standard_NV12ads_A10_v5,Virtual Machines NVadsA10v5 Series Windows,0.320074,A10
Azure,germanywestcentral,Standard_NV8as_v4,Virtual Machines NVasv4 Series Windows,0.38,Other
Azure,westeurope,Standard_NV36adms_A10_v5,Virtual Machines NVadsA10v5 Series,1.194591,A10
Azure,westus2,Standard_NC320lds_xl_RTXPRO6000BSE_v6,Virtual Machines NCldsxlRTX6kv6,14.3,RTX PRO 6000
Azure,canadacentral,Standard_NV32as_v4,Virtual Machines NVasv4 Series,0.447,Other
Azure,indonesiacentral,Standard_ND96isr_H200_v5,Virtual Machines NDsrH200v5 Series,99.216,H200
Azure,francecentral,Standard_NC48ads_A100_v4,NCads A100 v4 Series Windows,4.556,A100
Azure,uaenorth,Standard_NV36ads_A10_v5,Virtual Machines NVadsA10v5 Series,4.576,A10
Azure,southcentralus,Standard_NC24s_v3,Virtual Machines NCSv3 Series Windows,2.787375,Other
Azure,eastus2,Standard_ND96is_H100_v5,Virtual Machines NDsr H100 v5 Series,88.488,H100
Azure,centralus,Standard_NC6s_v3,Virtual Machines NCSv3 Series Windows,1.494,Other
Azure,southafricanorth,Standard_ND96amsr_A100_v4,Virtual Machines NDamsr A100 v4 Series Windows,20.904,A100
Azure,qatarcentral,Standard_NV12ads_A10_v5,Virtual Machines NVadsA10v5 Series Windows,0.74,A10
Azure,northcentralus,Standard_ND96isr_H100_v5,Virtual Machines NDsr H100 v5 Series,117.984,H100
Azure,eastus,Standard_NV18ads_A10_v5,Virtual Machines NVadsA10v5 Series,0.32,A10
Azure,westeurope,Standard_NV4ads_V710_v5,Virtual Machines NVadsV710v5 Series,0.0867,Other
Azure,brazilsouth,Standard_ND96is_MI300X_v5,Virtual Machines NDMI300Xv5 Srs Windows,40.166,MI300X
Azure,eastasia,Standard_NV18ads_A10_v5,Virtual Machines NVadsA10v5 Series Windows,3.308,A10
Azure,usgovarizona,Standard_NV24s_v3,Virtual Machines NVSv3 Series Windows,1.582,Other
Azure,westeurope,Standard_NV48s_v3,Virtual Machines NVSv3 Series,1.14,Other
Azure,eastus,Standard_NV36adms_A10_v5,Virtual Machines NVadsA10v5 Series Windows,1.141325,A10
Azure,uksouth,Standard_ND96ams_A100_v4,Virtual Machines NDamsr A100 v4 Series Linux,8.192,A100
Azure,westus2,Standard_NC24ads_A100_v4,NCads A100 v4 Series Windows,1.911,A100
Azure,polandcentral,Standard_ND96amsr_A100_v4,Virtual Machines NDamsr A100 v4 Series Linux,46.89,A100
Azure,northeurope,Standard_NC32lds_xl_RTXPRO6000BSE_v6,Virtual Machines NCldsxlRTX6kv6 Windows,0.6502,RTX PRO 6000
Azure,westus2,Standard_NC256lds_xl_RTXPRO6000BSE_v6,Virtual Machines NCldsxlRTX6kv6 Windows,4.5552,RTX PRO 6000
Azure,westus,Standard_ND96is_flex_H100_v5,Virtual Machines NDsfH100v5 Series Windows,22.07436,H100
Azure,northeurope,Standard_NC6_Promo,Virtual Machines NC Promo Series Windows,0.704,Other
Azure,westeurope,Standard_NV28adms_V710_v5,Virtual Machines NVadsV710v5 Series Windows,4.408,Other
Azure,italynorth,Standard_NV72ads_A10_v5,Virtual Machines NVadsA10v5 Series Windows,2.178422,A10
Azure,koreacentral,Standard_NC48ads_A100_v4,NCads A100 v4 Series Windows,12.125,A100
Azure,centralus,Standard_NV36adms_A10_v5,Virtual Machines NVadsA10v5 Series,5.56,A10
Azure,koreacentral,Standard_NC4as_T4_v3,Virtual Machines NCasT4 v3 Series,0.129,Other
Azure,eastasia,Standard_NV6ads_A10_v5,Virtual Machines NVadsA10v5 Series,0.704,A10
Azure,spaincentral,Standard_ND96is_flex_H100_v5,Virtual Machines NDsfH100v5 Series Windows,119.45,H100
Azure,usgovvirginia,Standard_NC16as_T4_v3,Virtual Machines NCasT4 v3 Series Windows,0.8964,Other
Azure,westus,Standard_NC16lds_xl_RTXPRO6000BSE_v6,Virtual Machines NCldsxlRTX6kv6,1.469,RTX PRO 6000
Azure,japaneast,Standard_NV18ads_A10_v5,Virtual Machines NVadsA10v5 Series,0.428736,A10
Azure,northcentralus,Standard_NC96ads_A100_v4,NCads A100 v4 Series Linux,3.258024,A100
Azure,centralus,Standard_NC64as_T4_v3,Virtual Machines NCasT4 v3 Series Windows,5.136124,Other
Azure,swedencentral,Standard_NV6ads_A10_v5,Virtual Machines NVadsA10v5 Series,0.109917,A10
Azure,canadaeast,Standard_ND96ams_A100_v4,Virtual Machines NDamsr A100 v4 Series Windows,11.3724,A100
Azure,centralus,Standard_ND96is_MI300X_v5,Virtual Machines NDMI300Xv5 Srs,10.910777,MI300X
Azure,westeurope,Standard_NV36adms_A10_v5,Virtual Machines NVadsA10v5 Series Windows,1.531256,A10
Azure,eastus,Standard_NV4as_v4,Virtual Machines NVasv4 Series,0.0466,Other
Azure,southeastasia,Standard_NV48s_v3,Virtual Machines NVSv3 Series Windows,1.583366,Other
Azure,centralindia,Standard_NC64as_T4_v3,Virtual Machines NCasT4 v3 Series,0.957,Other
Azure,canadacentral,Standard_ND96is_MI300X_v5,Virtual Machines NDMI300Xv5 Srs Windows,11.460557,MI300X
Azure,jioindiawest,Standard_NC48ads_A100_v4,NCads A100 v4 Series Windows,4.997,A100
Azure,westeurope,Standard_NC8ads_A10_v4,Virtual Machines NCadsA10v4 Series Windows,0.33227,A10
Azure,eastasia,Standard_NC24rs_v3,Virtual Machines NCSv3 Series,20.869,Other
Azure,australiaeast,Standard_NC24rs_v3,Virtual Machines NCSv3 Series,18.63,Other
Azure,southcentralus,Standard_NP10s,Virtual Machines NP Series Windows,0.450912,Other
Azure,jioindiawest,Standard_NC48ads_A100_v4,NCads A100 v4 Series Windows,12.492,A100
Azure,swedencentral,Standard_ND96amsr_A100_v4,Virtual Machines NDamsr A100 v4 Series Linux,8.192,A100
Azure,centralindia,Standard_NC24rs_v3,Virtual Machines NCSv3 Series,3.726,Other
Azure,swedencentral,Standard_NC80adis_H100_v5,Virtual Machines NCadsH100v5 Series,10.453248,H100
Azure,westus,Standard_NC64as_T4_v3,Virtual Machines NCasT4 v3 Series,5.222,Other
Azure,malaysiawest,Standard_NV72ads_A10_v5,Virtual Machines NVadsA10v5 Series,7.628,A10
Azure,japaneast,Standard_NM16ads_MA35D  ,Virtual Machines NMadsMA35D Series Windows,1.425,Other
Azure,usgovarizona,Standard_ND40rs_v2,Virtual Machines NDrSv2 Series,5.089392,Other
Azure,italynorth,Standard_NV6ads_A10_v5,Virtual Machines NVadsA10v5 Series,0.109032,A10
Azure,centralindia,Standard_NV4as_v4,Virtual Machines NVasv4 Series Windows,0.204,Other
Azure,eastus2,Standard_NV18ads_A10_v5,Virtual Machines NVadsA10v5 Series Windows,0.497983,A10
Azure,westeurope,Standard_NM16ads_MA35D  ,Virtual Machines NMadsMA35D Series,2.535,Other
Azure,brazilsouth,Standard_NC12s_v3,Virtual Machines NCSv3 Series,2.448,Other
Azure,swedencentral,Standard_ND96is_flex_H100_v5,Virtual Machines NDsfH100v5 Series,21.258283,H100
Azure,canadacentral,Standard_NC64as_T4_v3,Virtual Machines NCasT4 v3 Series Windows,2.25156,Other
Azure,francecentral,Standard_NV72ads_A10_v5,Virtual Machines NVadsA10v5 Series Windows,4.585,A10
Azure,northeurope,Standard_NC320ds_xl_RTXPRO6000BSE_v6,Virtual Machines NCdsxlRTX6kv6,23.736,RTX PRO 6000
Azure,centralus,Standard_NC64lds_xl_RTXPRO6000BSE_v6,Virtual Machines NCldsxlRTX6kv6,0.6006,RTX PRO 6000
Azure,southeastasia,Standard_NC320ds_xl_RTXPRO6000BSE_v6,Virtual Machines NCdsxlRTX6kv6,4.6446,RTX PRO 6000
Azure,uksouth,Standard_NC96ads_A100_v4,NCads A100 v4 Series Windows,5.806877,A100
Azure,attdallas1,Standard_NC8as_T4_v3,Virtual Machines NCasT4 v3 Series,0.49,Other
Azure,westus,Standard_NC256lds_xl_RTXPRO6000BSE_v6,Virtual Machines NCldsxlRTX6kv6 Windows,5.2152,RTX PRO 6000
Azure,southcentralus,Standard_NC16ads_A10_v4,Virtual Machines NCadsA10v4 Series,2.64,A10
Azure,japaneast,Standard_NV36adms_A10_v5,Virtual Machines NVadsA10v5 Series,6.554,A10
Azure,westus3,Standard_ND96is_H100_v5,Virtual Machines NDsr H100 v5 Series,17.698,H100
Azure,qatarcentral,Standard_NC24s_v3,Virtual Machines NCSv3 Series Windows,7.214,Other
Azure,southeastus,Standard_ND96is_flex_H100_v5,Virtual Machines NDsfH100v5 Series Windows,119.45,H100
Azure,canadacentral,Standard_NV72ads_A10_v5,Virtual Machines NVadsA10v5 Series Windows,11.136,A10
Azure,brazilsouth,Standard_NV24s_v3,Virtual Machines NVSv3 Series,3.876,Other
Azure,northeurope,Standard_NC48ads_A100_v4,NCads A100 v4 Series Linux,1.763,A100
Azure,switzerlandnorth,Standard_NC24ads_A100_v4,NCads A100 v4 Series Linux,0.97057,A100
Azure,uksouth,Standard_NV4as_v4,Virtual Machines NVasv4 Series Windows,0.08778,Other
Azure,eastus,Standard_NP20s,Virtual Machines NP Series,3.3,Other
Azure,westeurope,Standard_NC24rs_v3,Virtual Machines NCSv3 Series Windows,7.214,Other
Azure,canadacentral,Standard_NV36ads_A10_v5,Virtual Machines NVadsA10v5 Series Windows,1.015661,A10
Azure,southcentralus,Standard_NC24rs_v3,Virtual Machines NCSv3 Series,2.736962,Other
Azure,francecentral,Standard_NC4as_T4_v3,Virtual Machines NCasT4 v3 Series,0.17835,Other
Azure,usgovarizona,Standard_NV72ads_A10_v5,Virtual Machines NVadsA10v5 Series Windows,2.118178,A10
Azure,westus,Standard_NV12s_v2,Virtual Machines NVSv2 Series,0.283483,Other
Azure,japaneast,Standard_NV32as_v4,Virtual Machines NVasv4 Series,0.499514,Other
Azure,swedencentral,Standard_NV12ads_A10_v5,Virtual Machines NVadsA10v5 Series Windows,1.732,A10
Azure,uksouth,Standard_NC48ads_A100_v4,NCads A100 v4 Series Windows,2.903566,A100
Azure,centralus,Standard_NC96ads_A100_v4,NCads A100 v4 Series Windows,5.340674,A100
Azure,italynorth,Standard_NC96ads_A100_v4,NCads A100 v4 Series Linux,19.1,A100
Azure,australiaeast,Standard_ND96amsr_A100_v4,Virtual Machines NDamsr A100 v4 Series Linux,9.503,A100
Azure,polandcentral,Standard_NC8as_T4_v3,Virtual Machines NCasT4 v3 Series,0.285035,Other
Azure,koreacentral,Standard_NC24s_v3,Virtual Machines NCSv3 Series Windows,7.216,Other
Azure,uksouth,Standard_NV18ads_A10_v5,Virtual Machines NVadsA10v5 Series,2.0,A10
Azure,germanywestcentral,Standard_NC40ads_H100_v5,Virtual Machines NCadsH100v5 Series Windows,10.914,H100
Azure,westcentralus,Standard_ND96isrf_H100_v5,Virtual Machines NDsrf H100 v5 Series,127.816,H100
Azure,southcentralus,Standard_ND96isr_H100_v5,Virtual Machines NDsr H100 v5 Series,21.800486,H100
Azure,eastus2,Standard_NC8lds_xl_RTXPRO6000BSE_v6,Virtual Machines NCldsxlRTX6kv6,0.55,RTX PRO 6000
Azure,italynorth,Standard_ND128isr_NDR_GB200_v6,Virtual Machines NDsrGB200NDRv6 Windows,146.488,GB200
Azure,canadacentral,Standard_NC24ads_A100_v4,NCads A100 v4 Series Linux,4.408,A100
Azure,spaincentral,Standard_NC40ads_H100_v5,Virtual Machines NCadsH100v5 Series Windows,10.914,H100
Azure,westus,Standard_NC64as_T4_v3,Virtual Machines NCasT4 v3 Series Windows,2.36814,Other
Azure,japaneast,Standard_NV6_Promo,Virtual Machines NV Promo Series Windows,1.224,Other
Azure,attatlanta1,Standard_NV4as_v4,Virtual Machines NVasv4 Series Windows,0.237,Other
Azure,francecentral,Standard_NV36adms_A10_v5,Virtual Machines NVadsA10v5 Series Windows,1.350149,A10
Azure,eastasia,Standard_NV36ads_A10_v5,Virtual Machines NVadsA10v5 Series,0.916608,A10
Azure,westus3,Standard_ND96isr_H100_v5,Virtual Machines NDsr H100 v5 Series,19.664,H100
Azure,koreacentral,Standard_NV18ads_A10_v5,Virtual Machines NVadsA10v5 Series Windows,1.195,A10
Azure,eastus,Standard_NC6_Promo,Virtual Machines NC Promo Series Windows,0.672,Other
Azure,westus2,Standard_NC32ds_xl_RTXPRO6000BSE_v6,Virtual Machines NCdsxlRTX6kv6 Windows,0.5828,RTX PRO 6000
Azure,westcentralus,Standard_ND96is_MI300X_v5,Virtual Machines NDMI300Xv5 Srs,10.64448,MI300X
Azure,westus2,Standard_NC64as_T4_v3,Virtual Machines NCasT4 v3 Series Windows,7.296,Other
Azure,westeurope,Standard_NC6s_v3,Virtual Machines NCSv3 Series,0.765,Other
Azure,westus2,Standard_NV12s_v3,Virtual Machines NVSv3 Series,0.210672,Other
Azure,koreacentral,Standard_ND96is_H100_v5,Virtual Machines NDsr H100 v5 Series Windows,123.875,H100
Azure,southcentralus,Standard_ND96ams_A100_v4,Virtual Machines NDamsr A100 v4 Series Linux,39.324,A100
Azure,uksouth,Standard_NV8as_v4,Virtual Machines NVasv4 Series,0.116,Other
Azure,switzerlandnorth,Standard_NC80adis_H100_v5,Virtual Machines NCadsH100v5 Series Windows,23.643,H100
Azure,northcentralus,Standard_NC48ads_A100_v4,NCads A100 v4 Series Windows,4.409,A100
Azure,usgovvirginia,Standard_NV48s_v3,Virtual Machines NVSv3 Series Windows,7.908,Other
Azure,australiacentral2,Standard_NC4as_T4_v3,Virtual Machines NCasT4 v3 Series Windows,0.868,Other
Azure,southafricanorth,Standard_ND96ams_A100_v4,Virtual Machines NDamsr A100 v4 Series Linux,12.43944,A100
Azure,swedencentral,Standard_ND96isr_H200_v5,Virtual Machines NDsrH200v5 Series,110.272,H200
Azure,southcentralus,Standard_ND96asr_A100_v4,Virtual Machines NDasr A100 v4 Series Windows,14.819,A100
Azure,eastasia,Standard_NV6ads_A10_v5,Virtual Machines NVadsA10v5 Series,0.130099,A10
Azure,southeastasia,Standard_NC32ds_xl_RTXPRO6000BSE_v6,Virtual Machines NCdsxlRTX6kv6,0.4038,RTX PRO 6000
Azure,westus,Standard_NV8ads_V710_v5,Virtual Machines NVadsV710v5 Series,0.867,Other
Azure,westeurope,Standard_NG32ads_V620_v1,Virtual Machines NGadsV620v1 Series Windows,4.774,Other
Azure,francecentral,Standard_NC48ads_A100_v4,NCads A100 v4 Series Linux,1.697018,A100
Azure,switzerlandnorth,Standard_ND96amsr_A100_v4,Virtual Machines NDamsr A100 v4 Series Linux,46.861,A100
Azure,westus3,Standard_NV4as_v4,Virtual Machines NVasv4 Series Windows,0.417,Other
Azure,eastus,Standard_NV36adms_A10_v5,Virtual Machines NVadsA10v5 Series Windows,2.47,A10
Azure,uaenorth,Standard_NV48s_v3,Virtual Machines NVSv3 Series Windows,1.436081,Other
Azure,ukwest,Standard_ND96ams_A100_v4,Virtual Machines NDamsr A100 v4 Series Linux,8.586,A100
Azure,northeurope,Standard_NV32as_v4,Virtual Machines NVasv4 Series,2.237,Other
Azure,westus,Standard_NC128ds_xl_RTXPRO6000BSE_v6,Virtual Machines NCdsxlRTX6kv6 Windows,2.8364,RTX PRO 6000
Azure,westcentralus,Standard_ND96is_H100_v5,Virtual Machines NDsr H100 v5 Series,19.623173,H100
Azure,usgovvirginia,Standard_NC12s_v3,Virtual Machines NCSv3 Series Windows,1.493184,Other
Azure,switzerlandnorth,Standard_NV48s_v3,Virtual Machines NVSv3 Series,1.254,Other
Azure,uksouth,Standard_NV48s_v3,Virtual Machines NVSv3 Series Windows,1.461398,Other
Azure,eastus2,Standard_NC96ads_A100_v4,NCads A100 v4 Series Linux,14.692,A100
Azure,westus2,Standard_NV36ads_A10_v5,Virtual Machines NVadsA10v5 Series,3.2,A10
Azure,westus,Standard_NV6s_v2,Virtual Machines NVSv2 Series,0.141742,Other
Azure,eastus2,Standard_NC24s_v3,Virtual Machines NCSv3 Series Windows,13.3632,Other
Azure,attdallas1,Standard_NV4as_v4,Virtual Machines NVasv4 Series,0.0979,Other
Azure,italynorth,Standard_NV8as_v4,Virtual Machines NVasv4 Series Windows,0.95,Other
Azure,westus,Standard_NV36ads_A10_v5,Virtual Machines NVadsA10v5 Series,0.832,A10
Azure,swedencentral,Standard_ND96isr_H100_v5,Virtual Machines NDsr H100 v5 Series,23.620397,H100
Azure,eastus,Standard_NC40ads_H100_v5,Virtual Machines NCadsH100v5 Series,6.98,H100
Azure,mexicocentral,Standard_NV12ads_A10_v5,Virtual Machines NVadsA10v5 Series,0.18517,A10
Azure,japaneast,Standard_NV24s_v3,Virtual Machines NVSv3 Series Windows,0.787987,Other
Azure,centralus,Standard_NCC40ads_H100_v5,Virtual Machines NCCadsv5 Srs,1.458072,H100
Azure,francecentral,Standard_ND96ams_A100_v4,Virtual Machines NDamsr A100 v4 Series Windows,45.378,A100
Azure,centralindia,Standard_NC12s_v3,Virtual Machines NCSv3 Series,8.468,Other
Azure,centralindia,Standard_NV48s_v3,Virtual Machines NVSv3 Series Windows,8.592,Other
Azure,centralus,Standard_NV18ads_A10_v5,Virtual Machines NVadsA10v5 Series Windows,0.516701,A10
Azure,northeurope,Standard_NC256lds_xl_RTXPRO6000BSE_v6,Virtual Machines NCldsxlRTX6kv6,3.148,RTX PRO 6000
Azure,southeastasia,Standard_NC256lds_xl_RTXPRO6000BSE_v6,Virtual Machines NCldsxlRTX6kv6,15.4,RTX PRO 6000
Azure,japaneast,Standard_NC4as_T4_v3,Virtual Machines NCasT4 v3 Series Windows,0.894,Other
Azure,koreasouth,Standard_NV36adms_A10_v5,Virtual Machines NVadsA10v5 Series,5.65,A10
Azure,uaenorth,Standard_NV12s_v3,Virtual Machines NVSv3 Series,0.257057,Other
Azure,qatarcentral,Standard_NV36ads_A10_v5,Virtual Machines NVadsA10v5 Series Windows,1.151674,A10
Azure,brazilsouth,Standard_NC6s_v3,Virtual Machines NCSv3 Series Windows,1.181981,Other
Azure,northeurope,Standard_NC24ads_A100_v4,NCads A100 v4 Series Linux,0.896146,A100
Azure,southcentralus,Standard_NV72ads_A10_v5,Virtual Machines NVadsA10v5 Series Windows,11.136,A10
Azure,norwayeast,Standard_ND96ams_A100_v4,Virtual Machines NDamsr A100 v4 Series Linux,12.18386,A100
Azure,japaneast,Standard_ND96amsr_A100_v4,Virtual Machines NDamsr A100 v4 Series Windows,51.933,A100
Azure,japanwest,Standard_NC16as_T4_v3,Virtual Machines NCasT4 v3 Series Windows,2.493,Other
Azure,eastus2,Standard_NV12ads_A10_v5,Virtual Machines NVadsA10v5 Series Windows,0.584,A10
Azure,germanywestcentral,Standard_NV16as_v4,Virtual Machines NVasv4 Series,0.215292,Other
Azure,mexicocentral,Standard_NV8as_v4,Virtual Machines NVasv4 Series,0.513,Other
Azure,usgovvirginia,Standard_ND96asr_A100_v4,Virtual Machines NDasr A100 v4 Series Windows,38.419,A100
Azure,westeurope,Standard_ND96asr_v4,Virtual Machines NDasr A100 v4 Series,7.071,Other
Azure,westeurope,Standard_NV8as_v4,Virtual Machines NVasv4 Series,0.107554,Other
Azure,westeurope,Standard_NC12s_v3,Virtual Machines NCSv3 Series,1.412981,Other
Azure,northeurope,Standard_NC16lds_xl_RTXPRO6000BSE_v6,Virtual Machines NCldsxlRTX6kv6 Windows,2.353,RTX PRO 6000
Azure,polandcentral,Standard_NC48ads_A100_v4,NCads A100 v4 Series Linux,1.91,A100
Azure,centralus,Standard_NC12s_v3,Virtual Machines NCSv3 Series Windows,7.468,Other
Azure,germanywestcentral,Standard_NV72ads_A10_v5,Virtual Machines NVadsA10v5 Series Windows,4.715,A10
Azure,germanywestcentral,Standard_ND96isr_MI300X_v5,Virtual Machines NDMI300Xv5 Srs,62.4,MI300X
Azure,northeurope,Standard_NC16as_T4_v3,Virtual Machines NCasT4 v3 Series Windows,0.831,Other
Azure,southeastasia,Standard_NC4as_T4_v3,Virtual Machines NCasT4 v3 Series Windows,0.92,Other
Azure,northeurope,Standard_NV18ads_A10_v5,Virtual Machines NVadsA10v5 Series Windows,1.099,A10
Azure,northeurope,Standard_NV8as_v4,Virtual Machines NVasv4 Series,0.103303,Other
Azure,westeurope,Standard_ND96asr_A100_v4,Virtual Machines NDasr A100 v4 Series,35.357,A100
Azure,westus2,Standard_NV6ads_A10_v5,Virtual Machines NVadsA10v5 Series Windows,0.73,A10
Azure,centralus,Standard_NC128ds_xl_RTXPRO6000BSE_v6,Virtual Machines NCdsxlRTX6kv6,7.853,RTX PRO 6000
Azure,westus3,Standard_ND96asr_A100_v4,Virtual Machines NDasr A100 v4 Series,5.439,A100
Azure,northcentralus,Standard_NV18ads_A10_v5,Virtual Machines NVadsA10v5 Series,0.384,A10
Azure,germanywestcentral,Standard_NC96ads_A100_v4,NCads A100 v4 Series Windows,4.780803,A100
Azure,malaysiawest,Standard_NV72ads_A10_v5,Virtual Machines NVadsA10v5 Series Windows,10.94,A10
Azure,attdallas1,Standard_NC4as_T4_v3,Virtual Machines NCasT4 v3 Series Windows,0.211,Other
Azure,australiaeast,Standard_ND128isr_NDR_GB200_v6,Virtual Machines NDsrGB200NDRv6 Windows,162.728,GB200
Azure,eastus,Standard_NC6s_v3,Virtual Machines NCSv3 Series,0.612,Other
Azure,brazilsouth,Standard_ND96amsr_A100_v4,Virtual Machines NDamsr A100 v4 Series Linux,13.108,A100
Azure,eastus,Standard_NC8as_T4_v3,Virtual Machines NCasT4 v3 Series Windows,0.434896,Other
Azure,francecentral,Standard_NV32as_v4,Virtual Machines NVasv4 Series Windows,1.521,Other
Azure,usgovarizona,Standard_NV6ads_A10_v5,Virtual Machines NVadsA10v5 Series,0.567,A10
Azure,koreasouth,Standard_ND96isr_MI300X_v5,Virtual Machines NDMI300Xv5 Srs Windows,25.766,MI300X
Azure,northeurope,Standard_NV48s_v3,Virtual Machines NVSv3 Series Windows,1.302101,Other
Azure,southcentralus,Standard_ND96amsr_A100_v4,Virtual Machines NDamsr A100 v4 Series Linux,7.865,A100
Azure,canadacentral,Standard_ND96isr_H100_v5,Virtual Machines NDsr H100 v5 Series,117.984,H100
Azure,westus,Standard_NC24s_v3,Virtual Machines NCSv3 Series,15.912,Other
Azure,southcentralus,Standard_NV6ads_A10_v5,Virtual Machines NVadsA10v5 Series,0.545,A10
Azure,spaincentral,Standard_NV8ads_V710_v5,Virtual Machines NVadsV710v5 Series,0.160222,Other
Azure,switzerlandnorth,Standard_NV24s_v3,Virtual Machines NVSv3 Series,0.579348,Other
Azure,westus,Standard_NV12s_v2,Virtual Machines NVSv2 Series,1.534,Other
Azure,koreacentral,Standard_NV8as_v4,Virtual Machines NVasv4 Series Windows,0.997,Other
Azure,australiaeast,Standard_NV72ads_A10_v5,Virtual Machines NVadsA10v5 Series Windows,12.766,A10
Azure,eastus2,Standard_NV12s_v3,Virtual Machines NVSv3 Series Windows,1.692,Other
Azure,australiaeast,Standard_NC6s_v3,Virtual Machines NCSv3 Series Windows,4.51,Other
Azure,polandcentral,Standard_ND96is_flex_H100_v5,Virtual Machines NDsfH100v5 Series Windows,119.45,H100
Azure,canadacentral,Standard_NV16as_v4,Virtual Machines NVasv4 Series Windows,1.854,Other
Azure,uaenorth,Standard_ND96is_H100_v5,Virtual Machines NDsr H100 v5 Series Windows,130.954,H100
Azure,norwayeast,Standard_ND96amsr_A100_v4,Virtual Machines NDamsr A100 v4 Series Windows,20.511,A100
Azure,attdallas1,Standard_NV4as_v4,Virtual Machines NVasv4 Series Windows,0.673,Other
Azure,southeastasia,Standard_NC6s_v3,Virtual Machines NCSv3 Series,4.234,Other
Azure,southafricanorth,Standard_ND96amsr_A100_v4,Virtual Machines NDamsr A100 v4 Series Linux,12.43944,A100
Azure,canadacentral,Standard_NC40ads_H100_v5,Virtual Machines NCadsH100v5 Series Windows,2.120419,H100
Azure,centralus,Standard_NC24ads_A100_v4,NCads A100 v4 Series Linux,0.83,A100
Azure,uksouth,Standard_ND96ams_A100_v4,Virtual Machines NDamsr A100 v4 Series Windows,45.378,A100
Azure,westus,Standard_NV24s_v2,Virtual Machines NVSv2 Series Windows,1.448,Other
Azure,attdallas1,Standard_NC8as_T4_v3,Virtual Machines NCasT4 v3 Series,0.098,Other
Azure,australiaeast,Standard_NV8as_v4,Virtual Machines NVasv4 Series,0.124925,Other
Azure,centralindia,Standard_NV4as_v4,Virtual Machines NVasv4 Series Windows,0.094248,Other
Azure,israelcentral,Standard_NV36ads_A10_v5,Virtual Machines NVadsA10v5 Series Windows,1.151674,A10
Azure,uaenorth,Standard_NV12ads_A10_v5,Virtual Machines NVadsA10v5 Series,1.298,A10
Azure,westeurope,Standard_NG32ads_V620_v1,Virtual Machines NGadsV620v1 Series,3.302,Other
Azure,japaneast,Standard_NG32adms_V620,Virtual Machines NGadsV620v1 Series Windows,1.156109,Other
Azure,northeurope,Standard_NC40ads_H100_v5,Virtual Machines NCadsH100v5 Series,1.547885,H100
Azure,eastus,Standard_NV36ads_A10_v5,Virtual Machines NVadsA10v5 Series,0.64,A10
Azure,canadacentral,Standard_NP20s,Virtual Machines NP Series Windows,0.901824,Other
Azure,eastasia,Standard_NV72ads_A10_v5,Virtual Machines NVadsA10v5 Series Windows,13.418,A10
Azure,attdallas1,Standard_NV16as_v4,Virtual Machines NVasv4 Series Windows,0.5386,Other
Azure,southcentralus,Standard_NC16as_T4_v3,Virtual Machines NCasT4 v3 Series,0.41905,Other
Azure,uksouth,Standard_NC8as_T4_v3,Virtual Machines NCasT4 v3 Series,0.88,Other
Azure,uaenorth,Standard_NV12ads_A10_v5,Virtual Machines NVadsA10v5 Series,0.23987,A10
Azure,westeurope,Standard_ND96is_noIB_H100_v5,Virtual Machines NDsH100v5 Series,115.034,H100
Azure,westus3,Standard_NC40ads_H100_v5,Virtual Machines NCadsH100v5 Series,3.89135,H100
Azure,eastasia,Standard_NC6s_v3,Virtual Machines NCSv3 Series,0.949,Other
Azure,southeastasia,Standard_NV6_Promo,Virtual Machines NV Promo Series,0.954,Other
Azure,brazilsouth,Standard_NC4as_T4_v3,Virtual Machines NCasT4 v3 Series,0.894,Other
Azure,attatlanta1,Standard_NC8as_T4_v3,Virtual Machines NCasT4 v3 Series Windows,0.673,Other
Azure,centralindia,Standard_NV18ads_A10_v5,Virtual Machines NVadsA10v5 Series,0.448,A10
Azure,usgovvirginia,Standard_NV12ads_A10_v5,Virtual Machines NVadsA10v5 Series Windows,0.311758,A10
Azure,eastus2,Standard_NV6ads_A10_v5,Virtual Machines NVadsA10v5 Series Windows,0.73,A10
Azure,eastus2,Standard_ND96is_MI300X_v5,Virtual Machines NDMI300Xv5 Srs Windows,52.416,MI300X
Azure,canadaeast,Standard_ND128isr_NDR_GB200_v6,Virtual Machines NDsrGB200NDRv6 Series,129.8,GB200
Azure,francecentral,Standard_NV36ads_A10_v5,Virtual Machines NVadsA10v5 Series Windows,5.656,A10
Azure,westus2,Standard_NV12ads_A10_v5,Virtual Machines NVadsA10v5 Series,0.908,A10
Azure,northeurope,Standard_NV24_Promo,Virtual Machines NV Promo Series,2.904,Other
Azure,northeurope,Standard_NC24r_Promo,Virtual Machines NC Promo Series Windows,2.986,Other
Azure,westus,Standard_NV6s_v2,Virtual Machines NVSv2 Series Windows,0.362,Other
Azure,eastasia,Standard_NC24rs_v3,Virtual Machines NCSv3 Series Windows,21.973,Other
Azure,canadacentral,Standard_ND96is_MI300X_v5,Virtual Machines NDMI300Xv5 Srs,11.52,MI300X
Azure,southcentralus,Standard_ND96ams_A100_v4,Virtual Machines NDamsr A100 v4 Series Windows,11.3724,A100
Azure,southcentralus,Standard_ND96amsr_A100_v4,Virtual Machines NDamsr A100 v4 Series Windows,17.496,A100
Azure,spaincentral,Standard_NC80adis_H100_v5,Virtual Machines NCadsH100v5 Series,3.63,H100
Azure,eastus2,Standard_NV24_Promo,Virtual Machines NV Promo Series,2.884,Other
Azure,germanywestcentral,Standard_NC8as_T4_v3,Virtual Machines NCasT4 v3 Series,0.939,Other
Azure,polandcentral,Standard_NC4as_T4_v3,Virtual Machines NCasT4 v3 Series,0.199555,Other
Azure,centralindia,Standard_NV36ads_A10_v5,Virtual Machines NVadsA10v5 Series,0.896,A10
Azure,australiaeast,Standard_ND96isr_H200_v5,Virtual Machines NDsrH200v5 Series,122.96,H200
Azure,southeastasia,Standard_NC24s_v3,Virtual Machines NCSv3 Series,3.129773,Other
Azure,eastus2,Standard_ND96is_MI300X_v5,Virtual Machines NDMI300Xv5 Srs,48.0,MI300X
Azure,southafricawest,Standard_ND96isr_H100_v5,Virtual Machines NDsr H100 v5 Series Windows,35.301235,H100
Azure,westus2,Standard_NC24s_v3,Virtual Machines NCSv3 Series Windows,5.338,Other
Azure,eastus,Standard_ND40s_v2,Virtual Machines NDSv2 Series,2.448,Other
Azure,malaysiawest,Standard_NV12ads_A10_v5,Virtual Machines NVadsA10v5 Series Windows,1.614,A10
Azure,koreacentral,Standard_NC24s_v3,Virtual Machines NCSv3 Series Windows,3.333792,Other
Azure,southcentralus,Standard_NP10s,Virtual Machines NP Series Windows,2.44,Other
Azure,westeurope,Standard_NV8as_v4,Virtual Machines NVasv4 Series Windows,0.95,Other
Azure,israelcentral,Standard_NV6ads_A10_v5,Virtual Machines NVadsA10v5 Series,0.649,A10
Azure,mexicocentral,Standard_NV72ads_A10_v5,Virtual Machines NVadsA10v5 Series Windows,4.203,A10
Azure,westus2,Standard_NC32lds_xl_RTXPRO6000BSE_v6,Virtual Machines NCldsxlRTX6kv6,1.243,RTX PRO 6000
Azure,polandcentral,Standard_ND96is_noIB_H100_v5,Virtual Machines NDsH100v5 Series Windows,119.45,H100
Azure,malaysiawest,Standard_NC4as_T4_v3,Virtual Machines NCasT4 v3 Series Windows,0.815,Other
Azure,westus2,Standard_NC8as_T4_v3,Virtual Machines NCasT4 v3 Series,0.15,Other
Azure,westus,Standard_NV36adms_A10_v5,Virtual Machines NVadsA10v5 Series Windows,7.532,A10
Azure,uksouth,Standard_NV12s_v3,Virtual Machines NVSv3 Series,1.425,Other
Azure,uksouth,Standard_NG8ads_V620_v1,Virtual Machines NGadsV620v1 Series,0.146916,Other
Azure,eastus2,Standard_ND128isr_NDR_GB200_v6,Virtual Machines NDsrGB200NDRv6 Windows,114.048,GB200
Azure,uaenorth,Standard_NV48s_v3,Virtual Machines NVSv3 Series Windows,3.108,Other
Azure,eastus,Standard_NV36ads_A10_v5,Virtual Machines NVadsA10v5 Series,3.2,A10
Azure,francecentral,Standard_NV36adms_A10_v5,Virtual Machines NVadsA10v5 Series,1.04412,A10
Azure,canadacentral,Standard_NC80adis_H100_v5,Virtual Machines NCadsH100v5 Series,3.436,H100
Azure,uaenorth,Standard_ND96is_MI300X_v5,Virtual Machines NDMI300Xv5 Srs,13.728,MI300X
Azure,mexicocentral,Standard_NV18ads_A10_v5,Virtual Machines NVadsA10v5 Series,0.353,A10
Azure,japaneast,Standard_NV12_Promo,Virtual Machines NV Promo Series Windows,2.448,Other
Azure,westcentralus,Standard_ND96isrf_H100_v5,Virtual Machines NDsrf H100 v5 Series Windows,24.436474,H100
Azure,chilecentral,Standard_NV16as_v4,Virtual Machines NVasv4 Series,0.241164,Other
Azure,southeastasia,Standard_NV18ads_A10_v5,Virtual Machines NVadsA10v5 Series,0.416,A10
Azure,eastasia,Standard_NC12s_v3,Virtual Machines NCSv3 Series Windows,4.015,Other
Azure,norwaywest,Standard_NV12s_v3,Virtual Machines NVSv3 Series Windows,2.59,Other
Azure,italynorth,Standard_ND96ams_A100_v4,Virtual Machines NDamsr A100 v4 Series Linux,8.192,A100
Azure,southeastasia,Standard_NC8as_T4_v3,Virtual Machines NCasT4 v3 Series Windows,0.4118,Other
Azure,francecentral,Standard_NC24rs_v3,Virtual Machines NCSv3 Series,15.753,Other
Azure,polandcentral,Standard_NC16as_T4_v3,Virtual Machines NCasT4 v3 Series,1.501,Other
Azure,usgovarizona,Standard_ND96ams_A100_v4,Virtual Machines NDamsr A100 v4 Series Linux,40.962,A100
Azure,italynorth,Standard_NV12ads_A10_v5,Virtual Machines NVadsA10v5 Series Windows,1.732,A10
Azure,westeurope,Standard_NC64as_T4_v3,Virtual Machines NCasT4 v3 Series Windows,3.354,Other
Azure,centralus,Standard_ND96amsr_A100_v4,Virtual Machines NDamsr A100 v4 Series Windows,41.446,A100
Azure,westus,Standard_NC24ads_A100_v4,NCads A100 v4 Series Windows,1.214601,A100
Azure,uksouth,Standard_NV12s_v3,Virtual Machines NVSv3 Series,0.285,Other
Azure,eastus2,Standard_NC64as_T4_v3,Virtual Machines NCasT4 v3 Series Windows,5.226125,Other
Azure,swedencentral,Standard_NC8as_T4_v3,Virtual Machines NCasT4 v3 Series,0.159,Other
Azure,australiaeast,Standard_NV16as_v4,Virtual Machines NVasv4 Series Windows,2.087,Other
Azure,centralindia,Standard_NC64as_T4_v3,Virtual Machines NCasT4 v3 Series Windows,3.092,Other
Azure,canadacentral,Standard_NC80adis_H100_v5,Virtual Machines NCadsH100v5 Series Windows,4.240838,H100
Azure,canadacentral,Standard_NC4as_T4_v3,Virtual Machines NCasT4 v3 Series,0.117,Other
Azure,northcentralus,Standard_NV72ads_A10_v5,Virtual Machines NVadsA10v5 Series,1.565,A10
Azure,polandcentral,Standard_NV16as_v4,Virtual Machines NVasv4 Series Windows,1.901,Other
Azure,polandcentral,Standard_ND96isr_H100_v5,Virtual Machines NDsr H100 v5 Series,127.816,H100
Azure,polandcentral,Standard_NV8as_v4,Virtual Machines NVasv4 Series Windows,0.95,Other
Azure,eastus2,Standard_NC96ads_A100_v4,NCads A100 v4 Series Windows,4.777,A100
Azure,francecentral,Standard_ND96amsr_A100_v4,Virtual Machines NDamsr A100 v4 Series Windows,18.151,A100
Azure,eastus,Standard_NC80adis_H100_v5,Virtual Machines NCadsH100v5 Series Windows,7.056,H100
Azure,koreasouth,Standard_NV36adms_A10_v5,Virtual Machines NVadsA10v5 Series Windows,1.350149,A10
Azure,northcentralus,Standard_NV18ads_A10_v5,Virtual Machines NVadsA10v5 Series Windows,0.50783,A10
Azure,usgovarizona,Standard_ND40rs_v2,Virtual Machines NDrSv2 Series,5.508,Other
Azure,eastus2,Standard_ND96isr_H100_v5,Virtual Machines NDsr H100 v5 Series,98.32,H100
Azure,westus,Standard_NC8as_T4_v3,Virtual Machines NCasT4 v3 Series,0.18,Other
Azure,switzerlandnorth,Standard_NC24ads_A100_v4,NCads A100 v4 Series Linux,5.252,A100
Azure,japaneast,Standard_ND96ams_A100_v4,Virtual Machines NDamsr A100 v4 Series Linux,9.503,A100
Azure,uksouth,Standard_NC48ads_A100_v4,NCads A100 v4 Series Linux,9.183,A100
Azure,usgovarizona,Standard_NV18ads_A10_v5,Virtual Machines NVadsA10v5 Series Windows,2.828,A10
Azure,westus2,Standard_NV72ads_A10_v5,Virtual Machines NVadsA10v5 Series,1.204896,A10
Azure,sgxsingapore1,Standard_NC8as_T4_v3,Virtual Machines NCasT4 v3 Series,0.3682,Other
Azure,eastus,Standard_NV28adms_V710_v5,Virtual Machines NVadsV710v5 Series,2.4,Other
Azure,swedencentral,Standard_ND96isr_MI300X_v5,Virtual Machines NDMI300Xv5 Srs,12.41856,MI300X
Azure,francecentral,Standard_NV8as_v4,Virtual Machines NVasv4 Series,0.107554,Other
Azure,israelcentral,Standard_NV72ads_A10_v5,Virtual Machines NVadsA10v5 Series Windows,2.335133,A10
Azure,malaysiawest,Standard_NV36adms_A10_v5,Virtual Machines NVadsA10v5 Series,1.058,A10
Azure,westus,Standard_ND96amsr_A100_v4,Virtual Machines NDamsr A100 v4 Series Linux,8.52,A100
Azure,uksouth,Standard_NC64as_T4_v3,Virtual Machines NCasT4 v3 Series Windows,8.036,Other
Azure,spaincentral,Standard_NV16as_v4,Virtual Machines NVasv4 Series Windows,1.948,Other
Azure,polandcentral,Standard_NC48ads_A100_v4,NCads A100 v4 Series Linux,2.13538,A100
Azure,brazilsouth,Standard_ND96ams_A100_v4,Virtual Machines NDamsr A100 v4 Series Windows,18.18856,A100
Azure,australiaeast,Standard_NC24rs_v3,Virtual Machines NCSv3 Series Windows,3.646843,Other
Azure,westus3,Standard_NC4as_T4_v3,Virtual Machines NCasT4 v3 Series,0.105,Other
Azure,uksouth,Standard_NV48s_v3,Virtual Machines NVSv3 Series Windows,3.163,Other
Azure,centralindia,Standard_NC48ads_A100_v4,NCads A100 v4 Series Linux,1.900483,A100
Azure,swedencentral,Standard_NG32adms_V620,Virtual Machines NGadsV620v1 Series,0.859,Other
Azure,polandcentral,Standard_NC8as_T4_v3,Virtual Machines NCasT4 v3 Series Windows,1.305,Other
Azure,mexicocentral,Standard_NV36ads_A10_v5,Virtual Machines NVadsA10v5 Series,0.706,A10
Azure,westus3,Standard_NC24s_v3,Virtual Machines NCSv3 Series Windows,13.344,Other
Azure,usgovvirginia,Standard_NV8as_v4,Virtual Machines NVasv4 Series,0.582,Other
Azure,francecentral,Standard_NV72ads_A10_v5,Virtual Machines NVadsA10v5 Series,1.63,A10
Azure,usgovarizona,Standard_ND96isr_H200_v5,Virtual Machines NDsrH200v5 Series Windows,110.416,H200
Azure,japaneast,Standard_NC80adis_H100_v5,Virtual Machines NCadsH100v5 Series Windows,17.22384,H100
Azure,northcentralus,Standard_NV36ads_A10_v5,Virtual Machines NVadsA10v5 Series Windows,2.198,A10
Azure,westeurope,Standard_NV12ads_A10_v5,Virtual Machines NVadsA10v5 Series Windows,0.352116,A10
Azure,eastus,Standard_ND96ams_A100_v4,Virtual Machines NDamsr A100 v4 Series Linux,6.554,A100
Azure,usgovarizona,Standard_NV6ads_A10_v5,Virtual Machines NVadsA10v5 Series,0.104782,A10
Azure,uaecentral,Standard_ND96ams_A100_v4,Virtual Machines NDamsr A100 v4 Series Linux,12.184,A100
Azure,usgovvirginia,Standard_NV8as_v4,Virtual Machines NVasv4 Series,0.107554,Other
Azure,centralindia,Standard_NC24s_v3,Virtual Machines NCSv3 Series,3.387,Other
Azure,southeastasia,Standard_NC6s_v3,Virtual Machines NCSv3 Series,0.782443,Other
Azure,italynorth,Standard_NV18ads_A10_v5,Virtual Machines NVadsA10v5 Series Windows,0.537398,A10
Azure,centralindia,Standard_NC40ads_H100_v5,Virtual Machines NCadsH100v5 Series Windows,11.612,H100
Azure,qatarcentral,Standard_NC6s_v3,Virtual Machines NCSv3 Series Windows,4.509,Other
Azure,swedencentral,Standard_ND96is_flex_H100_v5,Virtual Machines NDsfH100v5 Series Windows,22.07436,H100
Azure,uaenorth,Standard_NC80adis_H100_v5,Virtual Machines NCadsH100v5 Series Windows,9.456,H100
Azure,switzerlandwest,Standard_ND96ams_A100_v4,Virtual Machines NDamsr A100 v4 Series Windows,65.335,A100
Azure,switzerlandnorth,Standard_NV6ads_A10_v5,Virtual Machines NVadsA10v5 Series Windows,0.37,A10
Azure,eastus,Standard_NV4as_v4,Virtual Machines NVasv4 Series Windows,0.077062,Other
Azure,canadacentral,Standard_NV12ads_A10_v5,Virtual Machines NVadsA10v5 Series Windows,1.642,A10
Azure,westus3,Standard_ND96isr_H200_v5,Virtual Machines NDsrH200v5 Series,16.96,H200
Azure,uksouth,Standard_ND96amsr_A100_v4,Virtual Machines NDamsr A100 v4 Series Windows,11.79828,A100
Azure,westeurope,Standard_NC16as_T4_v3,Virtual Machines NCasT4 v3 Series,0.301,Other
Azure,centralus,Standard_ND96is_H100_v5,Virtual Machines NDsr H100 v5 Series,21.768,H100
Azure,centralus,Standard_NC40ads_H100_v5,Virtual Machines NCadsH100v5 Series Windows,2.257012,H100
Azure,usgovvirginia,Standard_NV6ads_A10_v5,Virtual Machines NVadsA10v5 Series,0.104782,A10
Azure,northeurope,Standard_NM16ads_MA35D  ,Virtual Machines NMadsMA35D Series,0.468,Other
Azure,westeurope,Standard_NC8as_T4_v3,Virtual Machines NCasT4 v3 Series Windows,1.308,Other
Azure,sgxsingapore1,Standard_NC8as_T4_v3,Virtual Machines NCasT4 v3 Series Windows,2.485,Other
Azure,eastus,Standard_NC40ads_H100_v5,Virtual Machines NCadsH100v5 Series Windows,3.528,H100
Azure,southcentralus,Standard_NV18ads_A10_v5,Virtual Machines NVadsA10v5 Series,0.354816,A10
Azure,italynorth,Standard_ND96asr_v4,Virtual Machines NDasr A100 v4 Series,7.77854,Other
Azure,germanywestcentral,Standard_NC4as_T4_v3,Virtual Machines NCasT4 v3 Series Windows,0.842,Other
Azure,southcentralus,Standard_NC16as_T4_v3,Virtual Machines NCasT4 v3 Series Windows,0.63249,Other
Azure,westus,Standard_ND96is_H100_v5,Virtual Machines NDsr H100 v5 Series Windows,119.45,H100
Azure,westus,Standard_NV72ads_A10_v5,Virtual Machines NVadsA10v5 Series Windows,2.178422,A10
Azure,uksouth,Standard_NG32adms_V620,Virtual Machines NGadsV620v1 Series,0.763963,Other
Azure,australiacentral2,Standard_NC64as_T4_v3,Virtual Machines NCasT4 v3 Series,5.645,Other
Azure,brazilsouth,Standard_NV6ads_A10_v5,Virtual Machines NVadsA10v5 Series Windows,1.184,A10
Azure,northcentralus,Standard_ND96isr_MI300X_v5,Virtual Machines NDMI300Xv5 Srs,11.52,MI300X
Azure,westeurope,Standard_NV12s_v3,Virtual Machines NVSv3 Series Windows,0.7908,Other
Azure,southcentralus,Standard_NC12_Promo,Virtual Machines NC Promo Series Windows,1.502,Other
Azure,westeurope,Standard_ND96ams_A100_v4,Virtual Machines NDamsr A100 v4 Series Linux,10.65012,A100
Azure,swedencentral,Standard_NV36ads_A10_v5,Virtual Machines NVadsA10v5 Series,0.775008,A10
Azure,eastus,Standard_NC128lds_xl_RTXPRO6000BSE_v6,Virtual Machines NCldsxlRTX6kv6,5.5,RTX PRO 6000
Azure,eastus2,Standard_NC16lds_xl_RTXPRO6000BSE_v6,Virtual Machines NCldsxlRTX6kv6 Windows,0.3732,RTX PRO 6000
Azure,westus2,Standard_NC6s_v3,Virtual Machines NCSv3 Series,0.565488,Other
Azure,italynorth,Standard_NC4as_T4_v3,Virtual Machines NCasT4 v3 Series,0.17835,Other
Azure,southcentralus,Standard_NV28adms_V710_v5,Virtual Machines NVadsV710v5 Series Windows,4.168,Other
Azure,westus3,Standard_NC48ads_A100_v4,NCads A100 v4 Series Windows,3.822,A100
Azure,westus,Standard_NV12s_v2,Virtual Machines NVSv2 Series Windows,0.334488,Other
Azure,northcentralus,Standard_ND96isr_H100_v5,Virtual Machines NDsr H100 v5 Series,23.597,H100
Azure,westeurope,Standard_NC64as_T4_v3,Virtual Machines NCasT4 v3 Series,3.904288,Other
Azure,switzerlandnorth,Standard_NC24rs_v3,Virtual Machines NCSv3 Series,18.503,Other
Azure,southcentralus,Standard_NV32as_v4,Virtual Machines NVasv4 Series Windows,1.483,Other
Azure,uaenorth,Standard_NV18ads_A10_v5,Virtual Machines NVadsA10v5 Series Windows,3.116,A10
Azure,polandcentral,Standard_NV18ads_A10_v5,Virtual Machines NVadsA10v5 Series Windows,0.537398,A10
Azure,uksouth,Standard_ND96is_H100_v5,Virtual Machines NDsr H100 v5 Series,22.122,H100
Azure,usgovvirginia,Standard_NC64as_T4_v3,Virtual Machines NCasT4 v3 Series,1.088,Other
Azure,westus2,Standard_NC96ads_A100_v4,NCads A100 v4 Series Windows,19.108,A100
Azure,usgovvirginia,Standard_NV18ads_A10_v5,Virtual Machines NVadsA10v5 Series,2.0,A10
Azure,centralindia,Standard_NC8as_T4_v3,Virtual Machines NCasT4 v3 Series Windows,0.478,Other
Azure,eastus2,Standard_ND128isr_NDR_GB200_v6,Virtual Machines NDsrGB200NDRv6 Series,108.16,GB200
Azure,polandcentral,Standard_NV4as_v4,Virtual Machines NVasv4 Series,0.291,Other
Azure,eastus,Standard_ND96amsr_A100_v4,Virtual Machines NDamsr A100 v4 Series Windows,37.186,A100
Azure,eastus,Standard_NV4ads_V710_v5,Virtual Machines NVadsV710v5 Series,0.061538,Other
Azure,centralindia,Standard_NC24ads_A100_v4,NCads A100 v4 Series Linux,1.028,A100
Azure,eastus2,Standard_ND96amsr_A100_v4,Virtual Machines NDamsr A100 v4 Series Linux,6.554,A100
Azure,centralus,Standard_NC320ds_xl_RTXPRO6000BSE_v6,Virtual Machines NCdsxlRTX6kv6 Windows,7.0276,RTX PRO 6000
Azure,francecentral,Standard_NV12ads_A10_v5,Virtual Machines NVadsA10v5 Series Windows,0.311758,A10
Azure,usgovvirginia,Standard_NV48s_v3,Virtual Machines NVSv3 Series,1.05336,Other
Azure,mexicocentral,Standard_NV36adms_A10_v5,Virtual Machines NVadsA10v5 Series Windows,2.658,A10
Azure,eastus2,Standard_NC6s_v3,Virtual Machines NCSv3 Series Windows,0.61738,Other
Azure,centralus,Standard_NV72ads_A10_v5,Virtual Machines NVadsA10v5 Series Windows,2.094154,A10
Azure,japaneast,Standard_NV72ads_A10_v5,Virtual Machines NVadsA10v5 Series,1.747099,A10
Azure,southindia,Standard_NC4as_T4_v3,Virtual Machines NCasT4 v3 Series,0.148,Other
Azure,switzerlandnorth,Standard_NC80adis_H100_v5,Virtual Machines NCadsH100v5 Series,10.410704,H100
Azure,uksouth,Standard_NV36ads_A10_v5,Virtual Machines NVadsA10v5 Series,0.7392,A10
Azure,attatlanta1,Standard_NV32as_v4,Virtual Machines NVasv4 Series Windows,0.9468,Other
Azure,centralindia,Standard_NC4as_T4_v3,Virtual Machines NCasT4 v3 Series,0.579,Other
Azure,westcentralus,Standard_ND96isr_MI300X_v5,Virtual Machines NDMI300Xv5 Srs,10.64448,MI300X
Azure,westus3,Standard_NC80adis_H100_v5,Virtual Machines NCadsH100v5 Series Windows,7.056,H100
Azure,westeurope,Standard_ND96is_noIB_H100_v5,Virtual Machines NDsH100v5 Series Windows,22.07436,H100
Azure,canadacentral,Standard_NP40s,Virtual Machines NP Series,1.584,Other
Azure,southeastasia,Standard_ND40rs_v2,Virtual Machines NDrSv2 Series Windows,12.933,Other
Azure,australiaeast,Standard_NV8ads_V710_v5,Virtual Machines NVadsV710v5 Series,0.1934,Other
Azure,canadacentral,Standard_ND96isr_H100_v5,Virtual Machines NDsr H100 v5 Series Windows,122.4,H100
Azure,eastus2,Standard_NV36ads_A10_v5,Virtual Machines NVadsA10v5 Series,3.2,A10
Azure,germanywestcentral,Standard_NV36adms_A10_v5,Virtual Machines NVadsA10v5 Series,5.876,A10
Azure,westeurope,Standard_NP20s,Virtual Machines NP Series Windows,2.084,Other
Azure,centralus,Standard_NV36adms_A10_v5,Virtual Machines NVadsA10v5 Series Windows,7.216,A10
Azure,eastus2,Standard_NV72ads_A10_v5,Virtual Machines NVadsA10v5 Series Windows,3.933,A10
Azure,spaincentral,Standard_NC96ads_A100_v4,NCads A100 v4 Series Windows,4.345757,A100
Azure,westeurope,Standard_NV18ads_A10_v5,Virtual Machines NVadsA10v5 Series,0.416,A10
Azure,westus3,Standard_NC48ads_A100_v4,NCads A100 v4 Series Linux,7.346,A100
Azure,westus2,Standard_NC4as_T4_v3,Virtual Machines NCasT4 v3 Series Windows,0.2059,Other
Azure,eastasia,Standard_NV6ads_A10_v5,Virtual Machines NVadsA10v5 Series Windows,0.392,A10
Azure,westeurope,Standard_ND96isr_H100_v5,Virtual Machines NDsr H100 v5 Series,25.563,H100
Azure,swedencentral,Standard_NV36adms_A10_v5,Virtual Machines NVadsA10v5 Series,5.876,A10
Azure,westeurope,Standard_NC16ads_A10_v4,Virtual Machines NCadsA10v4 Series,0.528528,A10
Azure,westus,Standard_ND96is_MI300X_v5,Virtual Machines NDMI300Xv5 Srs,11.615234,MI300X
Azure,centralus,Standard_NM16ads_MA35D  ,Virtual Machines NMadsMA35D Series,2.399,Other
Azure,southcentralus,Standard_NV18ads_A10_v5,Virtual Machines NVadsA10v5 Series,1.92,A10
Azure,eastus,Standard_NV8ads_V710_v5,Virtual Machines NVadsV710v5 Series,0.133,Other
Azure,westus2,Standard_NC128lds_xl_RTXPRO6000BSE_v6,Virtual Machines NCldsxlRTX6kv6 Windows,11.388,RTX PRO 6000
Azure,southcentralus,Standard_NV24s_v3,Virtual Machines NVSv3 Series Windows,0.709632,Other
Azure,southeastasia,Standard_NV12_Promo,Virtual Machines NV Promo Series,1.908,Other
Azure,centralus,Standard_NG32adms_V620,Virtual Machines NGadsV620v1 Series Windows,5.528,Other
Azure,westus,Standard_NC40ads_H100_v5,Virtual Machines NCadsH100v5 Series,9.074,H100
Azure,spaincentral,Standard_NV6ads_A10_v5,Virtual Machines NVadsA10v5 Series Windows,0.866,A10
Azure,eastasia,Standard_NV12ads_A10_v5,Virtual Machines NVadsA10v5 Series Windows,0.362023,A10
Azure,southeastasia,Standard_NV12ads_A10_v5,Virtual Machines NVadsA10v5 Series,1.18,A10
Azure,koreacentral,Standard_NV16as_v4,Virtual Machines NVasv4 Series,0.232478,Other
Azure,uksouth,Standard_NV36ads_A10_v5,Virtual Machines NVadsA10v5 Series,0.8,A10
Azure,israelcentral,Standard_NC8as_T4_v3,Virtual Machines NCasT4 v3 Series,0.207,Other
Azure,eastus2,Standard_ND96isr_H100_v5,Virtual Machines NDsr H100 v5 Series Windows,102.736,H100
Azure,uaenorth,Standard_NC40ads_H100_v5,Virtual Machines NCadsH100v5 Series Windows,4.728,H100
Azure,israelcentral,Standard_NC4as_T4_v3,Virtual Machines NCasT4 v3 Series Windows,0.908,Other
Azure,swedencentral,Standard_NC4as_T4_v3,Virtual Machines NCasT4 v3 Series Windows,0.297,Other
Azure,northeurope,Standard_NC96ads_A100_v4,NCads A100 v4 Series Windows,8.819,A100
Azure,westus2,Standard_NP20s,Virtual Machines NP Series,3.3,Other
Azure,southcentralus,Standard_NC96ads_A100_v4,NCads A100 v4 Series Linux,17.63,A100
Azure,westus3,Standard_NV36adms_A10_v5,Virtual Machines NVadsA10v5 Series Windows,2.47,A10
Azure,southcentralus,Standard_NCC40ads_H100_v5,Virtual Machines NCCadsv5 Srs Win,9.73,H100
Azure,koreacentral,Standard_NC48ads_A100_v4,NCads A100 v4 Series Windows,4.85,A100
Azure,eastus2,Standard_NG8ads_V620_v1,Virtual Machines NGadsV620v1 Series,0.117348,Other
Azure,usgovarizona,Standard_NV24s_v3,Virtual Machines NVSv3 Series,0.57,Other
Azure,centralus,Standard_NC256lds_xl_RTXPRO6000BSE_v6,Virtual Machines NCldsxlRTX6kv6,2.708,RTX PRO 6000
Azure,australiaeast,Standard_NV28adms_V710_v5,Virtual Machines NVadsV710v5 Series Windows,0.9536,Other
Azure,eastasia,Standard_NV36adms_A10_v5,Virtual Machines NVadsA10v5 Series,1.401,A10
Azure,australiaeast,Standard_NV24_Promo,Virtual Machines NV Promo Series,3.815,Other
Azure,eastasia,Standard_ND40s_v2,Virtual Machines NDSv2 Series,29.205,Other
Azure,japaneast,Standard_NG16ads_V620_v1,Virtual Machines NGadsV620v1 Series Windows,0.476045,Other
Azure,northeurope,Standard_NV4as_v4,Virtual Machines NVasv4 Series,0.0559,Other
Azure,eastasia,Standard_NV18ads_A10_v5,Virtual Machines NVadsA10v5 Series,2.48,A10
Azure,southeastasia,Standard_NV24s_v3,Virtual Machines NVSv3 Series Windows,1.714,Other
Azure,germanywestcentral,Standard_NV18ads_A10_v5,Virtual Machines NVadsA10v5 Series Windows,1.163,A10
Azure,eastus,Standard_ND96amsr_A100_v4,Virtual Machines NDamsr A100 v4 Series Linux,8.5202,A100
Azure,centralindia,Standard_NV24s_v3,Virtual Machines NVSv3 Series Windows,0.793901,Other
Azure,eastus,Standard_NC64ds_xl_RTXPRO6000BSE_v6,Virtual Machines NCdsxlRTX6kv6,0.566,RTX PRO 6000
Azure,eastus2,Standard_NC320ds_xl_RTXPRO6000BSE_v6,Virtual Machines NCdsxlRTX6kv6 Windows,31.308,RTX PRO 6000
Azure,italynorth,Standard_NC8as_T4_v3,Virtual Machines NCasT4 v3 Series Windows,0.36163,Other
Azure,eastus2,Standard_NC32ds_xl_RTXPRO6000BSE_v6,Virtual Machines NCdsxlRTX6kv6,0.2884,RTX PRO 6000
Azure,francecentral,Standard_NV18ads_A10_v5,Virtual Machines NVadsA10v5 Series,0.3696,A10
Azure,eastus,Standard_NC32ds_xl_RTXPRO6000BSE_v6,Virtual Machines NCdsxlRTX6kv6,1.442,RTX PRO 6000
Azure,southafricanorth,Standard_NV6ads_A10_v5,Virtual Machines NVadsA10v5 Series,0.133,A10
Azure,japaneast,Standard_NP20s,Virtual Machines NP Series Windows,5.705,Other
Azure,eastus,Standard_NV24ads_V710_v5,Virtual Machines NVadsV710v5 Series Windows,0.573619,Other
Azure,uksouth,Standard_ND96ams_A100_v4,Virtual Machines NDamsr A100 v4 Series Windows,18.151,A100
Azure,eastasia,Standard_NV72ads_A10_v5,Virtual Machines NVadsA10v5 Series,1.867589,A10
Azure,northeurope,Standard_NC16as_T4_v3,Virtual Machines NCasT4 v3 Series,0.87485,Other
Azure,centralindia,Standard_NC48ads_A100_v4,NCads A100 v4 Series Windows,4.997,A100
Azure,northeurope,Standard_NV24_Promo,Virtual Machines NV Promo Series Windows,4.008,Other
Azure,usgovvirginia,Standard_NV24_Promo,Virtual Machines NV Promo Series Windows,4.382,Other
Azure,uksouth,Standard_NC16as_T4_v3,Virtual Machines NCasT4 v3 Series Windows,0.858,Other
Azure,uaecentral,Standard_ND96ams_A100_v4,Virtual Machines NDamsr A100 v4 Series Linux,60.919,A100
Azure,spaincentral,Standard_NC24ads_A100_v4,NCads A100 v4 Series Linux,0.88242,A100
Azure,northcentralus,Standard_ND96is_flex_H100_v5,Virtual Machines NDsfH100v5 Series Windows,110.602,H100
Azure,polandcentral,Standard_ND96ams_A100_v4,Virtual Machines NDamsr A100 v4 Series Windows,13.33956,A100
Azure,southafricanorth,Standard_NV12ads_A10_v5,Virtual Machines NVadsA10v5 Series Windows,1.878,A10
Azure,switzerlandnorth,Standard_NC6s_v3,Virtual Machines NCSv3 Series Windows,0.828089,Other
Azure,southafricanorth,Standard_NV48s_v3,Virtual Machines NVSv3 Series Windows,1.487455,Other
Azure,swedencentral,Standard_NV36adms_A10_v5,Virtual Machines NVadsA10v5 Series,1.094699,A10
Azure,japaneast,Standard_NV36adms_A10_v5,Virtual Machines NVadsA10v5 Series Windows,3.284,A10
Azure,brazilsouth,Standard_NC4as_T4_v3,Virtual Machines NCasT4 v3 Series Windows,1.078,Other
Azure,canadacentral,Standard_NV6ads_A10_v5,Virtual Machines NVadsA10v5 Series,0.100716,A10
Azure,japaneast,Standard_NC48ads_A100_v4,NCads A100 v4 Series Windows,12.86,A100
Azure,norwaywest,Standard_NV24s_v3,Virtual Machines NVSv3 Series Windows,5.18,Other
Azure,westus2,Standard_NC320lds_xl_RTXPRO6000BSE_v6,Virtual Machines NCldsxlRTX6kv6 Windows,29.02,RTX PRO 6000
Azure,southafricanorth,Standard_ND96isr_H100_v5,Virtual Machines NDsr H100 v5 Series Windows,31.986662,H100
Azure,koreasouth,Standard_ND96isr_MI300X_v5,Virtual Machines NDMI300Xv5 Srs Windows,64.416,MI300X
Azure,northcentralus,Standard_NV8ads_V710_v5,Virtual Machines NVadsV710v5 Series,0.16,Other
Azure,usgovvirginia,Standard_NV32as_v4,Virtual Machines NVasv4 Series Windows,3.802,Other
Azure,chilecentral,Standard_NV32as_v4,Virtual Machines NVasv4 Series,2.61,Other
Azure,eastus,Standard_NM16ads_MA35D  ,Virtual Machines NMadsMA35D Series Windows,2.686,Other
Azure,westeurope,Standard_ND96isr_H100_v5,Virtual Machines NDsr H100 v5 Series,127.816,H100
Azure,westus,Standard_NC16lds_xl_RTXPRO6000BSE_v6,Virtual Machines NCldsxlRTX6kv6,0.2938,RTX PRO 6000
Azure,israelcentral,Standard_NC24s_v3,Virtual Machines NCSv3 Series Windows,3.31254,Other
Azure,uaenorth,Standard_ND96is_MI300X_v5,Virtual Machines NDMI300Xv5 Srs,12.684672,MI300X
Azure,japaneast,Standard_NV12s_v3,Virtual Machines NVSv3 Series,1.58,Other
Azure,japaneast,Standard_ND96is_H100_v5,Virtual Machines NDsr H100 v5 Series,25.662,H100
Azure,polandcentral,Standard_NC64as_T4_v3,Virtual Machines NCasT4 v3 Series Windows,8.36,Other
Azure,southeastasia,Standard_NP10s,Virtual Machines NP Series Windows,0.481404,Other
Azure,japaneast,Standard_ND96amsr_A100_v4,Virtual Machines NDamsr A100 v4 Series Linux,9.503,A100
Azure,northeurope,Standard_NC320ds_xl_RTXPRO6000BSE_v6,Virtual Machines NCdsxlRTX6kv6 Windows,38.456,RTX PRO 6000
Azure,swedencentral,Standard_NV36adms_A10_v5,Virtual Machines NVadsA10v5 Series,1.175,A10
Azure,italynorth,Standard_NV36adms_A10_v5,Virtual Machines NVadsA10v5 Series,1.175,A10
Azure,centralus,Standard_NV36adms_A10_v5,Virtual Machines NVadsA10v5 Series Windows,2.886,A10
Azure,uksouth,Standard_NV48s_v3,Virtual Machines NVSv3 Series,1.14,Other
Azure,northeurope,Standard_NV24s_v3,Virtual Machines NVSv3 Series Windows,3.524,Other
Azure,westus2,Standard_NV48s_v3,Virtual Machines NVSv3 Series Windows,2.707,Other
Azure,sgxsingapore1,Standard_NC8as_T4_v3,Virtual Machines NCasT4 v3 Series Windows,0.497,Other
Azure,canadacentral,Standard_NV36adms_A10_v5,Virtual Machines NVadsA10v5 Series,1.002355,A10
Azure,mexicocentral,Standard_NV36adms_A10_v5,Virtual Machines NVadsA10v5 Series Windows,6.645,A10
Azure,southcentralus,Standard_NV24ads_V710_v5,Virtual Machines NVadsV710v5 Series Windows,1.402,Other
Azure,northcentralus,Standard_NV28adms_V710_v5,Virtual Machines NVadsV710v5 Series Windows,0.770246,Other
Azure,australiaeast,Standard_NV48s_v3,Virtual Machines NVSv3 Series Windows,1.582997,Other
Azure,brazilsouth,Standard_NV24s_v3,Virtual Machines NVSv3 Series,0.775,Other
Azure,attatlanta1,Standard_NC4as_T4_v3,Virtual Machines NCasT4 v3 Series,0.184,Other
Azure,switzerlandnorth,Standard_ND96isr_H100_v5,Virtual Machines NDsr H100 v5 Series,140.598,H100
Azure,koreacentral,Standard_NV12ads_A10_v5,Virtual Machines NVadsA10v5 Series Windows,1.778,A10
Azure,westus2,Standard_ND96is_noIB_H100_v5,Virtual Machines NDsH100v5 Series,16.352582,H100
Azure,eastus2,Standard_NC16lds_xl_RTXPRO6000BSE_v6,Virtual Machines NCldsxlRTX6kv6,1.13,RTX PRO 6000
Azure,canadacentral,Standard_NV4as_v4,Virtual Machines NVasv4 Series Windows,0.085747,Other
Azure,japanwest,Standard_ND96is_H100_v5,Virtual Machines NDsr H100 v5 Series Windows,56.629,H100
Azure,northeurope,Standard_NV36adms_A10_v5,Virtual Machines NVadsA10v5 Series,5.424,A10
Azure,koreacentral,Standard_NC64as_T4_v3,Virtual Machines NCasT4 v3 Series Windows,8.297,Other
Azure,eastus2,Standard_NC24ads_A100_v4,NCads A100 v4 Series Linux,0.735,A100
Azure,norwaywest,Standard_NV12s_v3,Virtual Machines NVSv3 Series,0.408,Other
Azure,northcentralus,Standard_NC8as_T4_v3,Virtual Machines NCasT4 v3 Series,0.752,Other
Azure,westeurope,Standard_NC32ads_A10_v4,Virtual Machines NCadsA10v4 Series Windows,2.877,A10
Azure,centralus,Standard_NV36ads_A10_v5,Virtual Machines NVadsA10v5 Series,3.936,A10
Azure,uksouth,Standard_ND96isr_MI300X_v5,Virtual Machines NDMI300Xv5 Srs,12.0,MI300X
Azure,northeurope,Standard_NC64as_T4_v3,Virtual Machines NCasT4 v3 Series,0.971,Other
Azure,japaneast,Standard_NC64as_T4_v3,Virtual Machines NCasT4 v3 Series Windows,8.819,Other
Azure,italynorth,Standard_NC16as_T4_v3,Virtual Machines NCasT4 v3 Series,0.282,Other
Azure,eastus2,Standard_NV24s_v3,Virtual Machines NVSv3 Series Windows,1.354,Other
Azure,polandcentral,Standard_ND96isr_MI300X_v5,Virtual Machines NDMI300Xv5 Srs Windows,78.336,MI300X
Azure,uksouth,Standard_ND96amsr_A100_v4,Virtual Machines NDamsr A100 v4 Series Linux,8.192,A100
Azure,northcentralus,Standard_NC40ads_H100_v5,Virtual Machines NCadsH100v5 Series Windows,10.216,H100
Azure,southcentralus,Standard_ND96is_flex_H100_v5,Virtual Machines NDsfH100v5 Series,19.623173,H100
Azure,indonesiacentral,Standard_NV18ads_A10_v5,Virtual Machines NVadsA10v5 Series Windows,0.515222,A10
Azure,centralus,Standard_NG8ads_V620_v1,Virtual Machines NGadsV620v1 Series Windows,1.148,Other
Azure,polandcentral,Standard_ND96isr_H100_v5,Virtual Machines NDsr H100 v5 Series,25.563,H100
Azure,australiaeast,Standard_NV36ads_A10_v5,Virtual Machines NVadsA10v5 Series,4.64,A10
Azure,usgovvirginia,Standard_NV72ads_A10_v5,Virtual Machines NVadsA10v5 Series,1.50612,A10
Azure,southcentralus,Standard_NC8ads_A10_v4,Virtual Machines NCadsA10v4 Series Windows,0.311942,A10
Azure,italynorth,Standard_NC24ads_A100_v4,NCads A100 v4 Series Linux,0.955,A100
Azure,spaincentral,Standard_NC40ads_H100_v5,Virtual Machines NCadsH100v5 Series,4.367316,H100
Azure,jioindiacentral,Standard_NV36ads_A10_v5,Virtual Machines NVadsA10v5 Series,4.48,A10
Azure,usgovarizona,Standard_NV32as_v4,Virtual Machines NVasv4 Series,2.33,Other
Azure,westus,Standard_ND96isr_H200_v5,Virtual Machines NDsrH200v5 Series Windows,45.862,H200
Azure,australiaeast,Standard_NV18ads_A10_v5,Virtual Machines NVadsA10v5 Series Windows,1.259,A10
Azure,usgovarizona,Standard_NV32as_v4,Virtual Machines NVasv4 Series Windows,1.521,Other
Azure,southeastasia,Standard_NV36adms_A10_v5,Virtual Machines NVadsA10v5 Series Windows,7.532,A10
Azure,polandcentral,Standard_ND96ams_A100_v4,Virtual Machines NDamsr A100 v4 Series Linux,9.378,A100
Azure,centralus,Standard_NC96ads_A100_v4,NCads A100 v4 Series Windows,21.018,A100
Azure,canadacentral,Standard_NV8as_v4,Virtual Machines NVasv4 Series,0.103303,Other
Azure,israelcentral,Standard_NC24rs_v3,Virtual Machines NCSv3 Series Windows,19.607,Other
Azure,westus3,Standard_NC24s_v3,Virtual Machines NCSv3 Series,2.261952,Other
Azure,westus3,Standard_ND96isr_MI300X_v5,Virtual Machines NDMI300Xv5 Srs,9.6,MI300X
Azure,italynorth,Standard_NC8as_T4_v3,Virtual Machines NCasT4 v3 Series Windows,1.247,Other
Azure,australiaeast,Standard_NC96ads_A100_v4,NCads A100 v4 Series Linux,3.936794,A100
Azure,swedencentral,Standard_NG32ads_V620_v1,Virtual Machines NGadsV620v1 Series,0.66,Other
Azure,eastus,Standard_NV12s_v3,Virtual Machines NVSv3 Series,0.210672,Other
Azure,centralus,Standard_NC8as_T4_v3,Virtual Machines NCasT4 v3 Series,0.17,Other
Azure,westeurope,Standard_NC24s_v3,Virtual Machines NCSv3 Series,3.058,Other
Azure,swedencentral,Standard_NC80adis_H100_v5,Virtual Machines NCadsH100v5 Series,3.63,H100
Azure,ukwest,Standard_ND96amsr_A100_v4,Virtual Machines NDamsr A100 v4 Series Windows,47.345,A100
Azure,westeurope,Standard_ND96ams_A100_v4,Virtual Machines NDamsr A100 v4 Series Linux,8.192,A100
Azure,australiacentral2,Standard_NC16as_T4_v3,Virtual Machines NCasT4 v3 Series Windows,2.301,Other
Azure,uaenorth,Standard_ND96ams_A100_v4,Virtual Machines NDamsr A100 v4 Series Windows,13.33202,A100
Azure,westus2,Standard_ND96asr_v4,Virtual Machines NDasr A100 v4 Series,27.197,Other
Azure,usgovvirginia,Standard_NV32as_v4,Virtual Machines NVasv4 Series,0.466,Other
Azure,southcentralus,Standard_NV48s_v3,Virtual Machines NVSv3 Series Windows,3.072,Other
Azure,usgovarizona,Standard_NV12ads_A10_v5,Virtual Machines NVadsA10v5 Series Windows,0.311758,A10
Azure,westeurope,Standard_NC24ads_A100_v4,NCads A100 v4 Series Windows,5.879,A100
Azure,uksouth,Standard_NV12ads_A10_v5,Virtual Machines NVadsA10v5 Series,0.227,A10
Azure,eastus,Standard_NV18ads_A10_v5,Virtual Machines NVadsA10v5 Series Windows,2.428,A10
Azure,swedencentral,Standard_NC40ads_H100_v5,Virtual Machines NCadsH100v5 Series,5.226624,H100
Azure,koreacentral,Standard_NV72ads_A10_v5,Virtual Machines NVadsA10v5 Series,1.76,A10
Azure,westus2,Standard_ND128isr_NDR_GB200_v6,Virtual Machines NDsrGB200NDRv6 Series,108.16,GB200
Azure,francecentral,Standard_NV24s_v3,Virtual Machines NVSv3 Series Windows,3.954,Other
Azure,eastus,Standard_NC320lds_xl_RTXPRO6000BSE_v6,Virtual Machines NCldsxlRTX6kv6 Windows,5.804,RTX PRO 6000
Azure,australiaeast,Standard_NC4as_T4_v3,Virtual Machines NCasT4 v3 Series,0.137,Other
Azure,westeurope,Standard_ND96is_H100_v5,Virtual Machines NDsr H100 v5 Series,23.007,H100
Azure,mexicocentral,Standard_NV32as_v4,Virtual Machines NVasv4 Series,0.41,Other
Azure,polandcentral,Standard_ND96isr_MI300X_v5,Virtual Machines NDMI300Xv5 Srs,13.660416,MI300X
Azure,francesouth,Standard_ND96ams_A100_v4,Virtual Machines NDamsr A100 v4 Series Linux,10.65,A100
Azure,eastus,Standard_NC80adis_H100_v5,Virtual Machines NCadsH100v5 Series,4.384836,H100
Azure,swedencentral,Standard_NC4as_T4_v3,Virtual Machines NCasT4 v3 Series,0.558,Other
Azure,westeurope,Standard_NM16ads_MA35D  ,Virtual Machines NMadsMA35D Series Windows,0.604481,Other
Azure,francecentral,Standard_NV24s_v3,Virtual Machines NVSv3 Series,0.57,Other
Azure,northeurope,Standard_NV4as_v4,Virtual Machines NVasv4 Series Windows,0.085747,Other
Azure,polandcentral,Standard_NV72ads_A10_v5,Virtual Machines NVadsA10v5 Series,1.695,A10
Azure,mexicocentral,Standard_NV72ads_A10_v5,Virtual Machines NVadsA10v5 Series Windows,10.508,A10
Azure,germanywestcentral,Standard_NC24ads_A100_v4,NCads A100 v4 Series Linux,0.970758,A100
Azure,eastus,Standard_NV12ads_A10_v5,Virtual Machines NVadsA10v5 Series,0.182,A10
Azure,francecentral,Standard_NV18ads_A10_v5,Virtual Machines NVadsA10v5 Series Windows,1.131,A10
Azure,italynorth,Standard_NC64as_T4_v3,Virtual Machines NCasT4 v3 Series Windows,3.21,Other
Azure,australiaeast,Standard_NV12s_v3,Virtual Machines NVSv3 Series,0.293832,Other
Azure,westeurope,Standard_NV18ads_A10_v5,Virtual Machines NVadsA10v5 Series Windows,2.908,A10
Azure,northcentralus,Standard_NV36ads_A10_v5,Virtual Machines NVadsA10v5 Series Windows,5.496,A10
Azure,swedencentral,Standard_NV18ads_A10_v5,Virtual Machines NVadsA10v5 Series Windows,2.908,A10
Azure,israelcentral,Standard_NV36ads_A10_v5,Virtual Machines NVadsA10v5 Series Windows,6.232,A10
Azure,francecentral,Standard_NV32as_v4,Virtual Machines NVasv4 Series,2.33,Other
Azure,westeurope,Standard_NV8ads_V710_v5,Virtual Machines NVadsV710v5 Series,0.173,Other
Azure,usgovvirginia,Standard_NV48s_v3,Virtual Machines NVSv3 Series,1.14,Other
Azure,francecentral,Standard_NV16as_v4,Virtual Machines NVasv4 Series,0.233,Other
Azure,brazilsouth,Standard_NC24rs_v3,Virtual Machines NCSv3 Series,26.928,Other
Azure,southcentralus,Standard_NV32as_v4,Virtual Machines NVasv4 Series Windows,0.685238,Other
Azure,japaneast,Standard_NC40ads_H100_v5,Virtual Machines NCadsH100v5 Series Windows,8.61192,H100
Azure,japaneast,Standard_NP40s,Virtual Machines NP Series Windows,11.41,Other
Azure,switzerlandnorth,Standard_NV36ads_A10_v5,Virtual Machines NVadsA10v5 Series Windows,2.493,A10
Azure,eastus2,Standard_NV72ads_A10_v5,Virtual Machines NVadsA10v5 Series Windows,9.832,A10
Azure,eastus,Standard_NC4as_T4_v3,Virtual Machines NCasT4 v3 Series,0.105,Other
Azure,polandcentral,Standard_NV36adms_A10_v5,Virtual Machines NVadsA10v5 Series Windows,7.532,A10
Azure,uksouth,Standard_ND96ams_A100_v4,Virtual Machines NDamsr A100 v4 Series Windows,11.79828,A100
Azure,attdallas1,Standard_NV4as_v4,Virtual Machines NVasv4 Series,0.489,Other
Azure,westus3,Standard_NC24rs_v3,Virtual Machines NCSv3 Series Windows,14.568,Other
Azure,ukwest,Standard_ND96amsr_A100_v4,Virtual Machines NDamsr A100 v4 Series Windows,12.3097,A100
Azure,koreacentral,Standard_NV32as_v4,Virtual Machines NVasv4 Series Windows,3.988,Other
Azure,canadacentral,Standard_NV6ads_A10_v5,Virtual Machines NVadsA10v5 Series,0.545,A10
Azure,polandcentral,Standard_NV12ads_A10_v5,Virtual Machines NVadsA10v5 Series,0.218064,A10
Azure,spaincentral,Standard_NV32as_v4,Virtual Machines NVasv4 Series,0.44777,Other
Azure,uksouth,Standard_NV12ads_A10_v5,Virtual Machines NVadsA10v5 Series Windows,0.675,A10
Azure,usgovvirginia,Standard_NV36adms_A10_v5,Virtual Machines NVadsA10v5 Series Windows,7.306,A10
Azure,polandcentral,Standard_NV6ads_A10_v5,Virtual Machines NVadsA10v5 Series Windows,0.160037,A10
Azure,koreacentral,Standard_NC24s_v3,Virtual Machines NCSv3 Series,3.129773,Other
Azure,westus2,Standard_NC96ads_A100_v4,NCads A100 v4 Series Windows,7.643,A100
Azure,switzerlandnorth,Standard_ND96isr_H100_v5,Virtual Machines NDsr H100 v5 Series Windows,58.005,H100
Azure,brazilsouth,Standard_NC64as_T4_v3,Virtual Machines NCasT4 v3 Series,1.477,Other
Azure,westus3,Standard_NV16as_v4,Virtual Machines NVasv4 Series,0.172234,Other
Azure,japaneast,Standard_NV6ads_A10_v5,Virtual Machines NVadsA10v5 Series Windows,0.934,A10
Azure,westus,Standard_NV36ads_A10_v5,Virtual Machines NVadsA10v5 Series Windows,5.816,A10
Azure,centralindia,Standard_NV36adms_A10_v5,Virtual Machines NVadsA10v5 Series Windows,1.475443,A10
Azure,centralindia,Standard_NV12ads_A10_v5,Virtual Machines NVadsA10v5 Series,0.254,A10
Azure,southcentralus,Standard_ND96ams_A100_v4,Virtual Machines NDamsr A100 v4 Series Linux,7.865,A100
Azure,jioindiawest,Standard_NC24rs_v3,Virtual Machines NCSv3 Series Windows,19.734,Other
Azure,australiaeast,Standard_NV4ads_V710_v5,Virtual Machines NVadsV710v5 Series Windows,0.667,Other
Azure,southcentralus,Standard_NV16as_v4,Virtual Machines NVasv4 Series,1.118,Other
Azure,koreacentral,Standard_NC40ads_H100_v5,Virtual Machines NCadsH100v5 Series Windows,6.25547,H100
Azure,koreacentral,Standard_NC8as_T4_v3,Virtual Machines NCasT4 v3 Series,0.925,Other
Azure,centralus,Standard_NV36ads_A10_v5,Virtual Machines NVadsA10v5 Series Windows,1.033402,A10
Azure,southeastasia,Standard_NC64ds_xl_RTXPRO6000BSE_v6,Virtual Machines NCdsxlRTX6kv6,0.7926,RTX PRO 6000
Azure,francecentral,Standard_NV32as_v4,Virtual Machines NVasv4 Series Windows,3.802,Other
Azure,canadacentral,Standard_NV12ads_A10_v5,Virtual Machines NVadsA10v5 Series,0.201432,A10
Azure,eastus,Standard_NP40s,Virtual Machines NP Series,6.6,Other
Azure,northcentralus,Standard_NV32as_v4,Virtual Machines NVasv4 Series,0.413398,Other
Azure,swedencentral,Standard_NV6ads_A10_v5,Virtual Machines NVadsA10v5 Series,0.59,A10
Azure,usgovvirginia,Standard_ND96asr_A100_v4,Virtual Machines NDasr A100 v4 Series Windows,8.45218,A100
Azure,koreacentral,Standard_NV18ads_A10_v5,Virtual Machines NVadsA10v5 Series Windows,0.552182,A10
Azure,westeurope,Standard_NC8ads_A10_v4,Virtual Machines NCadsA10v4 Series,0.286,A10
Azure,australiasoutheast,Standard_ND96isr_H200_v5,Virtual Machines NDsrH200v5 Series Windows,114.656,H200
Azure,japaneast,Standard_NV32as_v4,Virtual Machines NVasv4 Series,0.541,Other
Azure,southcentralus,Standard_NV72ads_A10_v5,Virtual Machines NVadsA10v5 Series Windows,2.057933,A10
Azure,westus,Standard_NM16ads_MA35D  ,Virtual Machines NMadsMA35D Series,0.507,Other
Azure,australiaeast,Standard_NV12s_v3,Virtual Machines NVSv3 Series Windows,2.142,Other
Azure,usgovvirginia,Standard_NV12s_v3,Virtual Machines NVSv3 Series Windows,0.791,Other
Azure,japaneast,Standard_NP20s,Virtual Machines NP Series Windows,1.054284,Other
Azure,westeurope,Standard_NV12ads_A10_v5,Virtual Machines NVadsA10v5 Series,1.18,A10
Azure,southcentralus,Standard_NC40ads_H100_v5,Virtual Machines NCadsH100v5 Series Windows,4.088,H100
Azure,uaenorth,Standard_NV72ads_A10_v5,Virtual Machines NVadsA10v5 Series Windows,5.054,A10
Azure,australiaeast,Standard_NV32as_v4,Virtual Machines NVasv4 Series,0.541,Other
Azure,southeastasia,Standard_NM16ads_MA35D  ,Virtual Machines NMadsMA35D Series,0.507,Other
Azure,southcentralus,Standard_NV8as_v4,Virtual Machines NVasv4 Series Windows,0.927,Other
Azure,southeastasia,Standard_NP40s,Virtual Machines NP Series Windows,1.925616,Other
Azure,centralus,Standard_ND96isrf_H100_v5,Virtual Machines NDsrf H100 v5 Series,22.348603,H100
Azure,francecentral,Standard_ND96isr_MI300X_v5,Virtual Machines NDMI300Xv5 Srs,60.0,MI300X
Azure,attdallas1,Standard_NV16ahs_v4,Virtual Machines NVasv4 VDI Series Windows,0.754,Other
Azure,usgovvirginia,Standard_NV36ads_A10_v5,Virtual Machines NVadsA10v5 Series Windows,1.045229,A10
Azure,brazilsouth,Standard_ND128isr_NDR_GB200_v6,Virtual Machines NDsrGB200NDRv6 Series,216.32,GB200
Azure,eastus,Standard_NC256ds_xl_RTXPRO6000BSE_v6,Virtual Machines NCdsxlRTX6kv6,2.552,RTX PRO 6000
Azure,southcentralus,Standard_NV24_Promo,Virtual Machines NV Promo Series,2.76,Other
Azure,polandcentral,Standard_ND96is_noIB_H100_v5,Virtual Machines NDsH100v5 Series,115.034,H100
Azure,japaneast,Standard_ND96is_H100_v5,Virtual Machines NDsr H100 v5 Series Windows,53.089,H100
Azure,brazilsouth,Standard_ND96is_MI300X_v5,Virtual Machines NDMI300Xv5 Srs Windows,18.556877,MI300X
Azure,francecentral,Standard_NC96ads_A100_v4,NCads A100 v4 Series Linux,3.673,A100
Azure,germanywestcentral,Standard_ND96isr_MI300X_v5,Virtual Machines NDMI300Xv5 Srs,11.53152,MI300X
Azure,uaenorth,Standard_ND96ams_A100_v4,Virtual Machines NDamsr A100 v4 Series Linux,9.372,A100
Azure,eastus,Standard_NC12s_v3,Virtual Machines NCSv3 Series,1.130976,Other
Azure,northcentralus,Standard_NV8as_v4,Virtual Machines NVasv4 Series,0.103303,Other
Azure,northeurope,Standard_NC96ads_A100_v4,NCads A100 v4 Series Windows,22.046,A100
Azure,southcentralus,Standard_ND96ams_A100_v4,Virtual Machines NDamsr A100 v4 Series Windows,43.74,A100
Azure,swedencentral,Standard_NG8ads_V620_v1,Virtual Machines NGadsV620v1 Series,0.165,Other
Azure,eastus,Standard_NC256lds_xl_RTXPRO6000BSE_v6,Virtual Machines NCldsxlRTX6kv6,11.0,RTX PRO 6000
Azure,brazilsouth,Standard_NV36adms_A10_v5,Virtual Machines NVadsA10v5 Series,9.04,A10
Azure,australiaeast,Standard_NV12ads_A10_v5,Virtual Machines NVadsA10v5 Series Windows,0.747,A10
Azure,westus,Standard_NC24rs_v3,Virtual Machines NCSv3 Series,3.501,Other
Azure,attdallas1,Standard_NV16as_v4,Virtual Machines NVasv4 Series Windows,2.693,Other
Azure,westeurope,Standard_NC24s_v3,Virtual Machines NCSv3 Series Windows,16.396,Other
Azure,eastus,Standard_NV12ads_V710_v5,Virtual Machines NVadsV710v5 Series,1.0,Other
Azure,centralindia,Standard_NV24s_v3,Virtual Machines NVSv3 Series Windows,4.296,Other
Azure,germanywestcentral,Standard_NV6ads_A10_v5,Virtual Machines NVadsA10v5 Series Windows,0.346,A10
Azure,westus3,Standard_ND96ams_A100_v4,Virtual Machines NDamsr A100 v4 Series Linux,32.77,A100
Azure,westus,Standard_NC32lds_xl_RTXPRO6000BSE_v6,Virtual Machines NCldsxlRTX6kv6,1.616,RTX PRO 6000
Azure,switzerlandnorth,Standard_NV36ads_A10_v5,Virtual Machines NVadsA10v5 Series Windows,1.151674,A10
Azure,eastasia,Standard_NV12ads_A10_v5,Virtual Machines NVadsA10v5 Series,0.260014,A10
Azure,eastus,Standard_NC8as_T4_v3,Virtual Machines NCasT4 v3 Series,0.292002,Other
Azure,uksouth,Standard_NC48ads_A100_v4,NCads A100 v4 Series Linux,1.837,A100
Azure,uksouth,Standard_NC4as_T4_v3,Virtual Machines NCasT4 v3 Series,0.615,Other
Azure,usgovarizona,Standard_ND96isr_H200_v5,Virtual Machines NDsrH200v5 Series,106.0,H200
Azure,westeurope,Standard_NV4as_v4,Virtual Machines NVasv4 Series Windows,0.19,Other
Azure,attatlanta1,Standard_NC4as_T4_v3,Virtual Machines NCasT4 v3 Series,0.92,Other
Azure,canadacentral,Standard_NV36ads_A10_v5,Virtual Machines NVadsA10v5 Series,0.768,A10
Azure,eastus,Standard_NV16as_v4,Virtual Machines NVasv4 Series Windows,0.667,Other
Azure,southindia,Standard_NC64as_T4_v3,Virtual Machines NCasT4 v3 Series Windows,9.067,Other
Azure,westus,Standard_NC32ds_xl_RTXPRO6000BSE_v6,Virtual Machines NCdsxlRTX6kv6 Windows,3.346,RTX PRO 6000
Azure,switzerlandwest,Standard_ND96amsr_A100_v4,Virtual Machines NDamsr A100 v4 Series Windows,26.134,A100
Azure,southafricanorth,Standard_ND96ams_A100_v4,Virtual Machines NDamsr A100 v4 Series Windows,20.904,A100
Azure,northcentralus,Standard_NC40ads_H100_v5,Virtual Machines NCadsH100v5 Series,8.376,H100
Azure,westus,Standard_NV12ads_V710_v5,Virtual Machines NVadsV710v5 Series,0.24024,Other
Azure,centralindia,Standard_NC6s_v3,Virtual Machines NCSv3 Series Windows,0.833448,Other
Azure,westus,Standard_NC80adis_H100_v5,Virtual Machines NCadsH100v5 Series,18.148,H100
Azure,norwaywest,Standard_NV48s_v3,Virtual Machines NVSv3 Series,8.151,Other
Azure,germanynorth,Standard_ND96amsr_A100_v4,Virtual Machines NDamsr A100 v4 Series Windows,23.919,A100
Azure,swedencentral,Standard_ND96is_MI300X_v5,Virtual Machines NDMI300Xv5 Srs Windows,13.234637,MI300X
Azure,centralindia,Standard_NC6s_v3,Virtual Machines NCSv3 Series,4.234,Other
Azure,canadacentral,Standard_NV36adms_A10_v5,Virtual Machines NVadsA10v5 Series Windows,1.308384,A10
Azure,canadacentral,Standard_NC4as_T4_v3,Virtual Machines NCasT4 v3 Series Windows,0.768,Other
Azure,westus3,Standard_NG8ads_V620_v1,Virtual Machines NGadsV620v1 Series Windows,1.003,Other
Azure,polandcentral,Standard_NC16as_T4_v3,Virtual Machines NCasT4 v3 Series Windows,0.681166,Other
Azure,swedencentral,Standard_NV72ads_A10_v5,Virtual Machines NVadsA10v5 Series,1.579079,A10
Azure,spaincentral,Standard_NV12ads_V710_v5,Virtual Machines NVadsV710v5 Series Windows,1.852,Other
Azure,westcentralus,Standard_ND96is_H100_v5,Virtual Machines NDsr H100 v5 Series Windows,44.241,H100
Azure,australiaeast,Standard_NC24rs_v3,Virtual Machines NCSv3 Series Windows,19.734,Other
Azure,eastus2,Standard_NC40ads_H100_v5,Virtual Machines NCadsH100v5 Series Windows,3.528,H100
Azure,westus2,Standard_NC256ds_xl_RTXPRO6000BSE_v6,Virtual Machines NCdsxlRTX6kv6,12.76,RTX PRO 6000
Azure,westeurope,Standard_NC4as_T4_v3,Virtual Machines NCasT4 v3 Series Windows,0.609271,Other
Azure,southindia,Standard_NC4as_T4_v3,Virtual Machines NCasT4 v3 Series,0.21518,Other
Azure,brazilsouth,Standard_NC24rs_v3,Virtual Machines NCSv3 Series,4.976294,Other
Azure,eastasia,Standard_NV12ads_A10_v5,Virtual Machines NVadsA10v5 Series Windows,1.959,A10
Azure,uksouth,Standard_NV12ads_A10_v5,Virtual Machines NVadsA10v5 Series Windows,1.687,A10
Azure,koreacentral,Standard_NV18ads_A10_v5,Virtual Machines NVadsA10v5 Series,0.399168,A10
Azure,usgovarizona,Standard_NV18ads_A10_v5,Virtual Machines NVadsA10v5 Series,0.3696,A10
Azure,westus3,Standard_NV8as_v4,Virtual Machines NVasv4 Series Windows,0.154123,Other
Azure,centralindia,Standard_NV72ads_A10_v5,Virtual Machines NVadsA10v5 Series Windows,12.44,A10
Azure,spaincentral,Standard_NC24ads_A100_v4,NCads A100 v4 Series Linux,4.775,A100
Azure,swedencentral,Standard_ND96isr_H100_v5,Virtual Machines NDsr H100 v5 Series Windows,132.232,H100
Azure,westus3,Standard_ND96amsr_A100_v4,Virtual Machines NDamsr A100 v4 Series Linux,32.77,A100
Azure,westeurope,Standard_NV8ads_V710_v5,Virtual Machines NVadsV710v5 Series Windows,0.228228,Other
Azure,westus3,Standard_ND96is_MI300X_v5,Virtual Machines NDMI300Xv5 Srs Windows,52.416,MI300X
Azure,westeurope,Standard_NV16as_v4,Virtual Machines NVasv4 Series Windows,0.76,Other
Azure,centralindia,Standard_NV8as_v4,Virtual Machines NVasv4 Series Windows,1.02,Other
Azure,eastus2,Standard_NC12s_v3,Virtual Machines NCSv3 Series,1.224,Other
Azure,eastus,Standard_NC8lds_xl_RTXPRO6000BSE_v6,Virtual Machines NCldsxlRTX6kv6 Windows,0.918,RTX PRO 6000
Azure,southcentralus,Standard_ND96asr_v4,Virtual Machines NDasr A100 v4 Series,32.63,Other
Azure,usgovarizona,Standard_NV12s_v3,Virtual Machines NVSv3 Series,0.285,Other
Azure,westeurope,Standard_NM16ads_MA35D  ,Virtual Machines NMadsMA35D Series,0.507,Other
Azure,canadacentral,Standard_ND96amsr_A100_v4,Virtual Machines NDamsr A100 v4 Series Linux,7.865,A100
Azure,francecentral,Standard_NV12s_v3,Virtual Machines NVSv3 Series Windows,0.791,Other
Azure,swedencentral,Standard_ND40s_v2,Virtual Machines NDSv2 Series,2.261952,Other
Azure,attatlanta1,Standard_NV4as_v4,Virtual Machines NVasv4 Series,0.408,Other
Azure,eastus,Standard_NC24_Promo,Virtual Machines NC Promo Series Windows,2.688,Other
Azure,northeurope,Standard_NV12ads_A10_v5,Virtual Machines NVadsA10v5 Series,1.09,A10
Azure,spaincentral,Standard_NV8as_v4,Virtual Machines NVasv4 Series Windows,0.974,Other
Azure,brazilsouth,Standard_NC96ads_A100_v4,NCads A100 v4 Series Linux,5.877,A100
Azure,uaenorth,Standard_ND96isr_H100_v5,Virtual Machines NDsr H100 v5 Series Windows,58.005,H100
Azure,southindia,Standard_ND96amsr_A100_v4,Virtual Machines NDamsr A100 v4 Series Linux,9.897,A100
Azure,usgovvirginia,Standard_NV24s_v3,Virtual Machines NVSv3 Series,0.57,Other
Azure,switzerlandnorth,Standard_NC24ads_A100_v4,NCads A100 v4 Series Windows,1.174589,A100
Azure,northeurope,Standard_NC128lds_xl_RTXPRO6000BSE_v6,Virtual Machines NCldsxlRTX6kv6 Windows,2.7516,RTX PRO 6000
Azure,eastus2,Standard_ND96isrf_H100_v5,Virtual Machines NDsrf H100 v5 Series,18.169536,H100
Azure,westeurope,Standard_NV36adms_A10_v5,Virtual Machines NVadsA10v5 Series Windows,7.532,A10
Azure,canadacentral,Standard_NC24s_v3,Virtual Machines NCSv3 Series,13.464,Other
Azure,southcentralus,Standard_NC24s_v3,Virtual Machines NCSv3 Series Windows,6.03328,Other
Azure,brazilsouth,Standard_ND96isr_MI300X_v5,Virtual Machines NDMI300Xv5 Srs Windows,40.166,MI300X
Azure,japaneast,Standard_NP40s,Virtual Machines NP Series,1.914,Other
Azure,australiaeast,Standard_NC24_Promo,Virtual Machines NC Promo Series Windows,3.836,Other
Azure,westus,Standard_NV48s_v3,Virtual Machines NVSv3 Series,0.842688,Other
Azure,southeastasia,Standard_NC64as_T4_v3,Virtual Machines NCasT4 v3 Series,1.76581,Other
Azure,uksouth,Standard_NC40ads_H100_v5,Virtual Machines NCadsH100v5 Series Windows,4.226,H100
Azure,francecentral,Standard_NC16as_T4_v3,Virtual Machines NCasT4 v3 Series Windows,2.143,Other
Azure,koreacentral,Standard_NC6s_v3,Virtual Machines NCSv3 Series Windows,4.51,Other
Azure,usgovvirginia,Standard_NC4as_T4_v3,Virtual Machines NCasT4 v3 Series,0.19082,Other
Azure,centralindia,Standard_NV48s_v3,Virtual Machines NVSv3 Series Windows,1.587802,Other
Azure,centralindia,Standard_NV32as_v4,Virtual Machines NVasv4 Series,2.61,Other
Azure,usgovarizona,Standard_NV24s_v3,Virtual Machines NVSv3 Series Windows,3.954,Other
Azure,centralindia,Standard_NC24ads_A100_v4,NCads A100 v4 Series Linux,0.950242,A100
Azure,uksouth,Standard_NC40ads_H100_v5,Virtual Machines NCadsH100v5 Series,8.725,H100
Azure,westus2,Standard_NP10s,Virtual Machines NP Series,1.65,Other
Azure,polandcentral,Standard_NV36adms_A10_v5,Virtual Machines NVadsA10v5 Series,5.876,A10
Azure,southindia,Standard_ND96amsr_A100_v4,Virtual Machines NDamsr A100 v4 Series Windows,21.559,A100
Azure,centralindia,Standard_NV36adms_A10_v5,Virtual Machines NVadsA10v5 Series,1.266,A10
Azure,israelcentral,Standard_NV18ads_A10_v5,Virtual Machines NVadsA10v5 Series,2.288,A10
Azure,southafricawest,Standard_ND96isr_H100_v5,Virtual Machines NDsr H100 v5 Series,37.322,H100
Azure,eastus,Standard_NP20s,Virtual Machines NP Series Windows,1.688,Other
Azure,australiaeast,Standard_NV6ads_A10_v5,Virtual Machines NVadsA10v5 Series,0.121598,A10
Azure,attatlanta1,Standard_NC8as_T4_v3,Virtual Machines NCasT4 v3 Series,0.263,Other
Azure,southcentralus,Standard_NV48s_v3,Virtual Machines NVSv3 Series Windows,1.419264,Other
Azure,germanywestcentral,Standard_NV36ads_A10_v5,Virtual Machines NVadsA10v5 Series Windows,1.074797,A10
Azure,canadaeast,Standard_ND96ams_A100_v4,Virtual Machines NDamsr A100 v4 Series Linux,39.324,A100
Azure,southeastasia,Standard_NV72ads_A10_v5,Virtual Machines NVadsA10v5 Series,8.476,A10
Azure,southindia,Standard_ND96amsr_A100_v4,Virtual Machines NDamsr A100 v4 Series Windows,14.01374,A100
Azure,swedencentral,Standard_ND96is_H100_v5,Virtual Machines NDsr H100 v5 Series Windows,22.07436,H100
Azure,usgovvirginia,Standard_NV6ads_A10_v5,Virtual Machines NVadsA10v5 Series,0.113,A10
Azure,uksouth,Standard_NC24s_v3,Virtual Machines NCSv3 Series,2.652989,Other
Azure,canadacentral,Standard_NP10s,Virtual Machines NP Series Windows,2.44,Other
Azure,southcentralus,Standard_NM16ads_MA35D  ,Virtual Machines NMadsMA35D Series,2.34,Other
Azure,usgovvirginia,Standard_NC6s_v3,Virtual Machines NCSv3 Series,3.672,Other
Azure,mexicocentral,Standard_NV4as_v4,Virtual Machines NVasv4 Series Windows,0.081312,Other
Azure,eastus,Standard_NC64lds_xl_RTXPRO6000BSE_v6,Virtual Machines NCldsxlRTX6kv6 Windows,5.384,RTX PRO 6000
Azure,canadacentral,Standard_NP40s,Virtual Machines NP Series,7.92,Other
Azure,northeurope,Standard_NC24rs_v3,Virtual Machines NCSv3 Series,14.541,Other
Azure,westus2,Standard_ND96asr_v4,Virtual Machines NDasr A100 v4 Series Windows,6.95486,Other
Azure,northcentralus,Standard_NV24ads_V710_v5,Virtual Machines NVadsV710v5 Series,0.48,Other
Azure,australiaeast,Standard_NV24ads_V710_v5,Virtual Machines NVadsV710v5 Series,0.58,Other
Azure,westus,Standard_NC256lds_xl_RTXPRO6000BSE_v6,Virtual Machines NCldsxlRTX6kv6,2.86,RTX PRO 6000
Azure,swedencentral,Standard_NV18ads_A10_v5,Virtual Machines NVadsA10v5 Series,0.387504,A10
Azure,southindia,Standard_ND96ams_A100_v4,Virtual Machines NDamsr A100 v4 Series Windows,21.559,A100
Azure,southindia,Standard_NC8as_T4_v3,Virtual Machines NCasT4 v3 Series,0.212,Other
Azure,westeurope,Standard_NC4as_T4_v3,Virtual Machines NCasT4 v3 Series Windows,0.337,Other
Azure,centralus,Standard_NM16ads_MA35D  ,Virtual Machines NMadsMA35D Series,0.48,Other
Azure,usgovarizona,Standard_NC6_Promo,Virtual Machines NC Promo Series Windows,0.751,Other
Azure,brazilsouth,Standard_NV36adms_A10_v5,Virtual Machines NVadsA10v5 Series,1.808,A10
Azure,eastus2,Standard_NG16ads_V620_v1,Virtual Machines NGadsV620v1 Series Windows,2.006,Other
Azure,westus2,Standard_NC48ads_A100_v4,NCads A100 v4 Series Linux,7.346,A100
Azure,centralindia,Standard_NC4as_T4_v3,Virtual Machines NCasT4 v3 Series,0.116,Other
Azure,spaincentral,Standard_ND96isf_H100_v5,Virtual Machines NDsrf H100 v5 Series Windows,119.45,H100
Azure,norwayeast,Standard_NV24s_v3,Virtual Machines NVSv3 Series Windows,0.783367,Other
Azure,koreasouth,Standard_NV36ads_A10_v5,Virtual Machines NVadsA10v5 Series Windows,2.262,A10
Azure,westus,Standard_NC24s_v3,Virtual Machines NCSv3 Series Windows,6.806,Other
Azure,francecentral,Standard_NC48ads_A100_v4,NCads A100 v4 Series Windows,11.391,A100
Azure,japaneast,Standard_NC24rs_v3,Virtual Machines NCSv3 Series,3.410299,Other
Azure,northeurope,Standard_NV4as_v4,Virtual Machines NVasv4 Series Windows,0.185,Other
Azure,usgovvirginia,Standard_ND40rs_v2,Virtual Machines NDrSv2 Series Windows,5.429239,Other
Azure,australiaeast,Standard_NV28adms_V710_v5,Virtual Machines NVadsV710v5 Series,3.48,Other
Azure,australiaeast,Standard_NV4as_v4,Virtual Machines NVasv4 Series Windows,0.522,Other
Azure,germanywestcentral,Standard_NV6ads_A10_v5,Virtual Machines NVadsA10v5 Series,0.118,A10
Azure,northcentralus,Standard_NC16as_T4_v3,Virtual Machines NCasT4 v3 Series Windows,0.5626,Other
Azure,westeurope,Standard_ND96amsr_A100_v4,Virtual Machines NDamsr A100 v4 Series Windows,45.378,A100
Azure,southcentralus,Standard_NV24ads_V710_v5,Virtual Machines NVadsV710v5 Series,0.44352,Other
Azure,usgovvirginia,Standard_NC6_Promo,Virtual Machines NC Promo Series Windows,0.751,Other
Azure,southcentralus,Standard_NC32ads_A10_v4,Virtual Machines NCadsA10v4 Series Windows,2.701,A10
Azure,northcentralus,Standard_NV28adms_V710_v5,Virtual Machines NVadsV710v5 Series,0.576,Other
Azure,northcentralus,Standard_NV36ads_A10_v5,Virtual Machines NVadsA10v5 Series Windows,1.015661,A10
Azure,eastus,Standard_NV12ads_A10_v5,Virtual Machines NVadsA10v5 Series,0.167798,A10
Azure,switzerlandnorth,Standard_NC6s_v3,Virtual Machines NCSv3 Series Windows,1.793,Other
Azure,qatarcentral,Standard_NV36ads_A10_v5,Virtual Machines NVadsA10v5 Series Windows,2.493,A10
Azure,southafricanorth,Standard_ND96amsr_A100_v4,Virtual Machines NDamsr A100 v4 Series Linux,9.569,A100
Azure,eastus,Standard_NV12s_v3,Virtual Machines NVSv3 Series Windows,1.692,Other
Azure,uksouth,Standard_NV24s_v3,Virtual Machines NVSv3 Series,0.57,Other
Azure,westeurope,Standard_NP20s,Virtual Machines NP Series,0.792792,Other
Azure,westeurope,Standard_NC24r_Promo,Virtual Machines NC Promo Series,2.265,Other
Azure,westus,Standard_NV28adms_V710_v5,Virtual Machines NVadsV710v5 Series,3.12,Other
Azure,centralindia,Standard_NV36ads_A10_v5,Virtual Machines NVadsA10v5 Series,4.48,A10
Azure,germanywestcentral,Standard_NV18ads_A10_v5,Virtual Machines NVadsA10v5 Series,0.416,A10
Azure,southcentralus,Standard_NC64as_T4_v3,Virtual Machines NCasT4 v3 Series,5.222,Other
Azure,swedencentral,Standard_NC96ads_A100_v4,NCads A100 v4 Series Windows,9.406,A100
Azure,centralus,Standard_NC128lds_xl_RTXPRO6000BSE_v6,Virtual Machines NCldsxlRTX6kv6,6.77,RTX PRO 6000
Azure,japanwest,Standard_ND96is_H100_v5,Virtual Machines NDsr H100 v5 Series Windows,141.572,H100
Azure,australiaeast,Standard_NC24s_v3,Virtual Machines NCSv3 Series,16.936,Other
Azure,francecentral,Standard_NV4as_v4,Virtual Machines NVasv4 Series,0.053777,Other
Azure,northeurope,Standard_NC4as_T4_v3,Virtual Machines NCasT4 v3 Series Windows,0.771,Other
Azure,southcentralus,Standard_ND96asr_v4,Virtual Machines NDasr A100 v4 Series,7.1786,Other
Azure,westus,Standard_NV12ads_A10_v5,Virtual Machines NVadsA10v5 Series Windows,0.320074,A10
Azure,eastus,Standard_ND96asr_v4,Virtual Machines NDasr A100 v4 Series,27.197,Other
Azure,westeurope,Standard_NV24ads_V710_v5,Virtual Machines NVadsV710v5 Series,2.6,Other
Azure,westus,Standard_NV24ads_V710_v5,Virtual Machines NVadsV710v5 Series,2.6,Other
Azure,eastus2,Standard_NC16lds_xl_RTXPRO6000BSE_v6,Virtual Machines NCldsxlRTX6kv6,0.226,RTX PRO 6000
Azure,southeastasia,Standard_NV16as_v4,Virtual Machines NVasv4 Series,0.242,Other
Azure,uksouth,Standard_NC24_Promo,Virtual Machines NC Promo Series Windows,3.361,Other
Azure,japaneast,Standard_NC4as_T4_v3,Virtual Machines NCasT4 v3 Series,0.71,Other
Azure,canadacentral,Standard_NP40s,Virtual Machines NP Series Windows,9.76,Other
Azure,northeurope,Standard_NV12_Promo,Virtual Machines NV Promo Series Windows,2.004,Other
Azure,norwaywest,Standard_NV12s_v3,Virtual Machines NVSv3 Series,2.038,Other
Azure,southeastasia,Standard_NC32ds_xl_RTXPRO6000BSE_v6,Virtual Machines NCdsxlRTX6kv6 Windows,0.6982,RTX PRO 6000
Azure,koreacentral,Standard_NC64as_T4_v3,Virtual Machines NCasT4 v3 Series,5.353,Other
Azure,usgovarizona,Standard_NC24s_v3,Virtual Machines NCSv3 Series Windows,2.986368,Other
Azure,westus,Standard_NV24s_v2,Virtual Machines NVSv2 Series,0.614,Other
Azure,eastus,Standard_ND96asr_A100_v4,Virtual Machines NDasr A100 v4 Series Windows,31.613,A100
Azure,spaincentral,Standard_ND96isrf_H100_v5,Virtual Machines NDsrf H100 v5 Series,23.620397,H100
Azure,francecentral,Standard_NV72ads_A10_v5,Virtual Machines NVadsA10v5 Series Windows,2.118178,A10
Azure,usgovarizona,Standard_ND96isr_H100_v5,Virtual Machines NDsr H100 v5 Series Windows,127.316,H100
Azure,centralindia,Standard_NC48ads_A100_v4,NCads A100 v4 Series Windows,2.423448,A100
Azure,francecentral,Standard_NC12s_v3,Virtual Machines NCSv3 Series Windows,1.425178,Other
Azure,jioindiacentral,Standard_NC48ads_A100_v4,NCads A100 v4 Series Linux,2.057,A100
Azure,japaneast,Standard_NC96ads_A100_v4,NCads A100 v4 Series Windows,25.719,A100
Azure,usgovvirginia,Standard_NV72ads_A10_v5,Virtual Machines NVadsA10v5 Series Windows,4.585,A10
Azure,eastus,Standard_NV72ads_A10_v5,Virtual Machines NVadsA10v5 Series,6.52,A10
Azure,southafricanorth,Standard_NV36adms_A10_v5,Virtual Machines NVadsA10v5 Series Windows,8.255,A10
Azure,brazilsouth,Standard_NV36ads_A10_v5,Virtual Machines NVadsA10v5 Series Windows,3.222,A10
Azure,japaneast,Standard_NC8as_T4_v3,Virtual Machines NCasT4 v3 Series,1.015,Other
Azure,southafricanorth,Standard_ND96amsr_A100_v4,Virtual Machines NDamsr A100 v4 Series Windows,13.5876,A100
Azure,southcentralus,Standard_NV24ads_V710_v5,Virtual Machines NVadsV710v5 Series,0.48,Other
Azure,qatarcentral,Standard_NV18ads_A10_v5,Virtual Machines NVadsA10v5 Series Windows,3.116,A10
Azure,polandcentral,Standard_NC48ads_A100_v4,NCads A100 v4 Series Windows,11.758,A100
Azure,brazilsouth,Standard_NC12s_v3,Virtual Machines NCSv3 Series,12.24,Other
Azure,northcentralus,Standard_NC48ads_A100_v4,NCads A100 v4 Series Windows,2.03705,A100
Azure,westeurope,Standard_NC64as_T4_v3,Virtual Machines NCasT4 v3 Series,5.44,Other
Azure,japaneast,Standard_NV72ads_A10_v5,Virtual Machines NVadsA10v5 Series,9.454,A10
Azure,westcentralus,Standard_ND96isrf_H100_v5,Virtual Machines NDsrf H100 v5 Series Windows,132.232,H100
Azure,usgovvirginia,Standard_ND96ams_A100_v4,Virtual Machines NDamsr A100 v4 Series Linux,40.962,A100
Azure,westus,Standard_NV12ads_A10_v5,Virtual Machines NVadsA10v5 Series,0.218064,A10
Azure,canadacentral,Standard_NV72ads_A10_v5,Virtual Machines NVadsA10v5 Series Windows,2.057933,A10
Azure,uaenorth,Standard_ND96isr_H200_v5,Virtual Machines NDsrH200v5 Series,121.264,H200
Azure,westcentralus,Standard_ND96is_MI300X_v5,Virtual Machines NDMI300Xv5 Srs Windows,11.460557,MI300X
Azure,westus2,Standard_ND96asr_A100_v4,Virtual Machines NDasr A100 v4 Series Windows,31.613,A100
Azure,westeurope,Standard_NCC40ads_H100_v5,Virtual Machines NCCadsv5 Srs Win,10.74,H100
Azure,japaneast,Standard_NC24ads_A100_v4,NCads A100 v4 Series Windows,1.24742,A100
Azure,germanywestcentral,Standard_NC40ads_H100_v5,Virtual Machines NCadsH100v5 Series Windows,3.598346,H100
Azure,centralindia,Standard_NV72ads_A10_v5,Virtual Machines NVadsA10v5 Series Windows,4.976,A10
Azure,westus2,Standard_NV32as_v4,Virtual Machines NVasv4 Series,0.373,Other
Azure,southcentralus,Standard_NV36ads_A10_v5,Virtual Machines NVadsA10v5 Series Windows,2.198,A10
Azure,westus3,Standard_NV18ads_A10_v5,Virtual Machines NVadsA10v5 Series,1.6,A10
Azure,southafricanorth,Standard_ND96isr_H100_v5,Virtual Machines NDsr H100 v5 Series,168.672,H100
Azure,uksouth,Standard_NG32adms_V620,Virtual Machines NGadsV620v1 Series Windows,5.606,Other
Azure,centralus,Standard_NC12s_v3,Virtual Machines NCSv3 Series,1.278077,Other
Azure,westus2,Standard_NC24rs_v3,Virtual Machines NCSv3 Series,2.487408,Other
Azure,attatlanta1,Standard_NV16as_v4,Virtual Machines NVasv4 Series Windows,0.4734,Other
Azure,westus2,Standard_NV6ads_A10_v5,Virtual Machines NVadsA10v5 Series,0.454,A10
Azure,southcentralus,Standard_NV18ads_A10_v5,Virtual Machines NVadsA10v5 Series Windows,1.099,A10
Azure,malaysiawest,Standard_NV12ads_A10_v5,Virtual Machines NVadsA10v5 Series,0.212,A10
Azure,japaneast,Standard_NV18ads_A10_v5,Virtual Machines NVadsA10v5 Series Windows,1.259,A10
Azure,southeastasia,Standard_NC128lds_xl_RTXPRO6000BSE_v6,Virtual Machines NCldsxlRTX6kv6 Windows,2.7176,RTX PRO 6000
Azure,uaecentral,Standard_ND96ams_A100_v4,Virtual Machines NDamsr A100 v4 Series Linux,15.83894,A100
Azure,usgovvirginia,Standard_NC8as_T4_v3,Virtual Machines NCasT4 v3 Series,0.188,Other
Azure,centralus,Standard_NC8as_T4_v3,Virtual Machines NCasT4 v3 Series,0.503627,Other
Azure,australiaeast,Standard_NC24s_v3,Virtual Machines NCSv3 Series,3.129773,Other
Azure,westus,Standard_NC320lds_xl_RTXPRO6000BSE_v6,Virtual Machines NCldsxlRTX6kv6,18.59,RTX PRO 6000
Azure,usgovvirginia,Standard_ND96asr_A100_v4,Virtual Machines NDasr A100 v4 Series,7.48066,A100
Azure,eastus,Standard_NC8as_T4_v3,Virtual Machines NCasT4 v3 Series,0.15,Other
Azure,centralindia,Standard_NV8as_v4,Virtual Machines NVasv4 Series,0.12049,Other
Azure,australiaeast,Standard_NC24ads_A100_v4,NCads A100 v4 Series Linux,5.326,A100
Azure,japaneast,Standard_NV8as_v4,Virtual Machines NVasv4 Series,0.676,Other
Azure,italynorth,Standard_ND96amsr_A100_v4,Virtual Machines NDamsr A100 v4 Series Linux,8.192,A100
Azure,southeastasia,Standard_NC320lds_xl_RTXPRO6000BSE_v6,Virtual Machines NCldsxlRTX6kv6 Windows,6.948,RTX PRO 6000
Azure,qatarcentral,Standard_NV36ads_A10_v5,Virtual Machines NVadsA10v5 Series Windows,6.232,A10
Azure,westeurope,Standard_NC80adis_H100_v5,Virtual Machines NCadsH100v5 Series,16.344,H100
Azure,brazilsouth,Standard_NC96ads_A100_v4,NCads A100 v4 Series Linux,29.384,A100
Azure,southeastasia,Standard_NC80adis_H100_v5,Virtual Machines NCadsH100v5 Series,18.148,H100
Azure,southeastasia,Standard_ND40rs_v2,Virtual Machines NDrSv2 Series,5.634922,Other
Azure,italynorth,Standard_ND96asr_A100_v4,Virtual Machines NDasr A100 v4 Series Windows,15.909,A100
Azure,japaneast,Standard_NC8as_T4_v3,Virtual Machines NCasT4 v3 Series,0.203,Other
Azure,westus,Standard_NC256ds_xl_RTXPRO6000BSE_v6,Virtual Machines NCdsxlRTX6kv6 Windows,5.6728,RTX PRO 6000
Azure,australiaeast,Standard_NC64as_T4_v3,Virtual Machines NCasT4 v3 Series,5.658,Other
Azure,uksouth,Standard_NC6s_v3,Virtual Machines NCSv3 Series Windows,0.714252,Other
Azure,japanwest,Standard_ND96amsr_A100_v4,Virtual Machines NDamsr A100 v4 Series Windows,22.084,A100
Azure,southcentralus,Standard_NC24_Promo,Virtual Machines NC Promo Series Windows,3.005,Other
Azure,switzerlandnorth,Standard_NV12ads_A10_v5,Virtual Machines NVadsA10v5 Series Windows,1.85,A10
Azure,eastus,Standard_NC4as_T4_v3,Virtual Machines NCasT4 v3 Series Windows,0.71,Other
Azure,eastus,Standard_NV32as_v4,Virtual Machines NVasv4 Series Windows,0.616493,Other
Azure,westus3,Standard_NV4as_v4,Virtual Machines NVasv4 Series,0.043058,Other
Azure,eastus,Standard_NM16ads_MA35D  ,Virtual Machines NMadsMA35D Series,0.39,Other
Azure,southcentralus,Standard_NV28adms_V710_v5,Virtual Machines NVadsV710v5 Series Windows,1.667,Other
Azure,westus3,Standard_NC80adis_H100_v5,Virtual Machines NCadsH100v5 Series Windows,17.64,H100
Azure,francecentral,Standard_NC24s_v3,Virtual Machines NCSv3 Series Windows,6.17,Other
Azure,eastus2,Standard_NC64lds_xl_RTXPRO6000BSE_v6,Virtual Machines NCldsxlRTX6kv6 Windows,1.0768,RTX PRO 6000
Azure,northcentralus,Standard_NC96ads_A100_v4,NCads A100 v4 Series Windows,8.819,A100
Azure,centralindia,Standard_NV24s_v3,Virtual Machines NVSv3 Series,0.638,Other
Azure,westus2,Standard_NC48ads_A100_v4,NCads A100 v4 Series Windows,3.377339,A100
Azure,brazilsouth,Standard_NC6s_v3,Virtual Machines NCSv3 Series,1.130976,Other
Azure,japaneast,Standard_NV36ads_A10_v5,Virtual Machines NVadsA10v5 Series,0.857472,A10
Azure,southcentralus,Standard_ND96is_noIB_H100_v5,Virtual Machines NDsH100v5 Series,106.171,H100
Azure,westeurope,Standard_NV36ads_A10_v5,Virtual Machines NVadsA10v5 Series Windows,5.816,A10
Azure,centralus,Standard_NC24s_v3,Virtual Machines NCSv3 Series,13.831,Other
Azure,centralus,Standard_NC64lds_xl_RTXPRO6000BSE_v6,Virtual Machines NCldsxlRTX6kv6 Windows,1.1894,RTX PRO 6000
Azure,malaysiawest,Standard_NV6ads_A10_v5,Virtual Machines NVadsA10v5 Series,0.531,A10
Azure,eastus,Standard_NV28adms_V710_v5,Virtual Machines NVadsV710v5 Series,0.48,Other
Azure,westeurope,Standard_NC40ads_H100_v5,Virtual Machines NCadsH100v5 Series Windows,9.828,H100
Azure,northcentralus,Standard_NV4ads_V710_v5,Virtual Machines NVadsV710v5 Series,0.08,Other
Azure,canadacentral,Standard_NV36adms_A10_v5,Virtual Machines NVadsA10v5 Series Windows,2.832,A10
Azure,southeastasia,Standard_NC24rs_v3,Virtual Machines NCSv3 Series,3.726,Other
Azure,germanywestcentral,Standard_NV18ads_A10_v5,Virtual Machines NVadsA10v5 Series,0.384384,A10
Azure,westus3,Standard_NC80adis_H100_v5,Virtual Machines NCadsH100v5 Series,13.96,H100
Azure,attatlanta1,Standard_NC64as_T4_v3,Virtual Machines NCasT4 v3 Series,1.52,Other
Azure,westus2,Standard_NV12_Promo,Virtual Machines NV Promo Series Windows,1.863,Other
Azure,mexicocentral,Standard_NV36ads_A10_v5,Virtual Machines NVadsA10v5 Series Windows,0.958742,A10
Azure,canadacentral,Standard_NC40ads_H100_v5,Virtual Machines NCadsH100v5 Series,1.718,H100
Azure,northcentralus,Standard_NC40ads_H100_v5,Virtual Machines NCadsH100v5 Series Windows,1.887917,H100
Azure,attatlanta1,Standard_NV8ahs_v4,Virtual Machines NVasv4 VDI Series,0.228,Other
Azure,koreacentral,Standard_ND128isr_NDR_GB200_v6,Virtual Machines NDsrGB200NDRv6 Windows,151.888,GB200
Azure,eastasia,Standard_ND40s_v2,Virtual Machines NDSv2 Series Windows,5.5671,Other
Azure,eastus,Standard_NV36ads_A10_v5,Virtual Machines NVadsA10v5 Series Windows,0.897389,A10
Azure,australiasoutheast,Standard_ND96is_MI300X_v5,Virtual Machines NDMI300Xv5 Srs,12.41856,MI300X
Azure,australiaeast,Standard_NV16as_v4,Virtual Machines NVasv4 Series Windows,0.835,Other
Azure,westcentralus,Standard_ND96is_MI300X_v5,Virtual Machines NDMI300Xv5 Srs Windows,24.806,MI300X
Azure,switzerlandnorth,Standard_NV6ads_A10_v5,Virtual Machines NVadsA10v5 Series,0.13,A10
Azure,brazilsouth,Standard_ND96isr_MI300X_v5,Virtual Machines NDMI300Xv5 Srs,96.0,MI300X
Azure,centralus,Standard_NV36adms_A10_v5,Virtual Machines NVadsA10v5 Series,1.112,A10
Azure,indonesiacentral,Standard_NV36ads_A10_v5,Virtual Machines NVadsA10v5 Series,0.724416,A10
Azure,centralus,Standard_NC48ads_A100_v4,NCads A100 v4 Series Windows,4.204,A100
Azure,francecentral,Standard_ND96isr_H200_v5,Virtual Machines NDsrH200v5 Series Windows,110.416,H200
Azure,australiasoutheast,Standard_ND96isr_H200_v5,Virtual Machines NDsrH200v5 Series,110.24,H200
Azure,japaneast,Standard_NC96ads_A100_v4,NCads A100 v4 Series Linux,4.132782,A100
Azure,jioindiawest,Standard_NV6ads_A10_v5,Virtual Machines NVadsA10v5 Series,0.636,A10
Azure,westeurope,Standard_NV12s_v3,Virtual Machines NVSv3 Series Windows,0.365534,Other
Azure,brazilsouth,Standard_NC16as_T4_v3,Virtual Machines NCasT4 v3 Series Windows,1.113,Other
Azure,southeastasia,Standard_NC24ads_A100_v4,NCads A100 v4 Series Linux,0.955,A100
Azure,qatarcentral,Standard_NC6s_v3,Virtual Machines NCSv3 Series Windows,0.833263,Other
Azure,southcentralus,Standard_NV36adms_A10_v5,Virtual Machines NVadsA10v5 Series,1.085,A10
Azure,uaenorth,Standard_NV18ads_A10_v5,Virtual Machines NVadsA10v5 Series,0.422822,A10
Azure,westeurope,Standard_NV28adms_V710_v5,Virtual Machines NVadsV710v5 Series,0.576576,Other
Azure,northeurope,Standard_NV48s_v3,Virtual Machines NVSv3 Series,4.838,Other
Azure,switzerlandnorth,Standard_ND96is_H100_v5,Virtual Machines NDsr H100 v5 Series Windows,24.200299,H100
Azure,westus3,Standard_NV72ads_A10_v5,Virtual Machines NVadsA10v5 Series,1.304,A10
Azure,westus3,Standard_ND96is_MI300X_v5,Virtual Machines NDMI300Xv5 Srs Windows,20.966,MI300X
Azure,australiaeast,Standard_NC24rs_v3,Virtual Machines NCSv3 Series,3.726,Other
Azure,uaenorth,Standard_NV72ads_A10_v5,Virtual Machines NVadsA10v5 Series Windows,2.335133,A10
Azure,japaneast,Standard_NC6s_v3,Virtual Machines NCSv3 Series Windows,4.47,Other
Azure,southcentralus,Standard_NC8as_T4_v3,Virtual Machines NCasT4 v3 Series Windows,0.3683,Other
Azure,swedencentral,Standard_ND96isf_H100_v5,Virtual Machines NDsrf H100 v5 Series Windows,119.45,H100
Azure,koreacentral,Standard_NC80adis_H100_v5,Virtual Machines NCadsH100v5 Series,3.769,H100
Azure,norwayeast,Standard_NV12s_v3,Virtual Machines NVSv3 Series Windows,2.12,Other
Azure,canadacentral,Standard_NC16as_T4_v3,Virtual Machines NCasT4 v3 Series,1.336,Other
Azure,koreacentral,Standard_NV6ads_A10_v5,Virtual Machines NVadsA10v5 Series,0.123,A10
Azure,westcentralus,Standard_ND96is_MI300X_v5,Virtual Machines NDMI300Xv5 Srs,11.52,MI300X
Azure,northcentralus,Standard_ND96isr_H100_v5,Virtual Machines NDsr H100 v5 Series Windows,122.4,H100
Azure,canadacentral,Standard_NV32as_v4,Virtual Machines NVasv4 Series,2.237,Other
Azure,germanywestcentral,Standard_NC48ads_A100_v4,NCads A100 v4 Series Linux,9.55,A100
Azure,japanwest,Standard_NC64as_T4_v3,Virtual Machines NCasT4 v3 Series Windows,9.285,Other
Azure,centralus,Standard_ND96isr_MI300X_v5,Virtual Machines NDMI300Xv5 Srs Windows,11.726854,MI300X
Azure,japaneast,Standard_NV12s_v3,Virtual Machines NVSv3 Series Windows,0.393994,Other
Azure,eastus,Standard_ND40s_v2,Virtual Machines NDSv2 Series,12.24,Other
Azure,southeastasia,Standard_NV6ads_A10_v5,Virtual Machines NVadsA10v5 Series Windows,0.160037,A10
Azure,attatlanta1,Standard_NC8as_T4_v3,Virtual Machines NCasT4 v3 Series Windows,1.683,Other
Azure,polandcentral,Standard_ND96is_MI300X_v5,Virtual Machines NDMI300Xv5 Srs Windows,31.334,MI300X
Azure,southcentralus,Standard_NV12_Promo,Virtual Machines NV Promo Series,1.38,Other
Azure,uaenorth,Standard_ND96is_H100_v5,Virtual Machines NDsr H100 v5 Series Windows,24.200299,H100
Azure,northeurope,Standard_NV8as_v4,Virtual Machines NVasv4 Series Windows,0.927,Other
Azure,canadacentral,Standard_NC48ads_A100_v4,NCads A100 v4 Series Linux,8.815,A100
Azure,swedencentral,Standard_NC48ads_A100_v4,NCads A100 v4 Series Linux,1.91,A100
Azure,japaneast,Standard_NV16as_v4,Virtual Machines NVasv4 Series Windows,2.087,Other
Azure,norwayeast,Standard_NV12s_v3,Virtual Machines NVSv3 Series,0.289766,Other
Azure,northeurope,Standard_NV6_Promo,Virtual Machines NV Promo Series Windows,1.002,Other
Azure,indonesiacentral,Standard_NV36adms_A10_v5,Virtual Machines NVadsA10v5 Series,1.023238,A10
Azure,koreacentral,Standard_NV6ads_A10_v5,Virtual Machines NVadsA10v5 Series,0.113282,A10
Azure,westeurope,Standard_NV4as_v4,Virtual Machines NVasv4 Series,0.053777,Other
Azure,southcentralus,Standard_NC6_Promo,Virtual Machines NC Promo Series,0.475,Other
Azure,australiaeast,Standard_ND96isr_H200_v5,Virtual Machines NDsrH200v5 Series Windows,50.95,H200
Azure,eastus,Standard_NC24ads_A100_v4,NCads A100 v4 Series Linux,3.673,A100
Azure,eastus,Standard_NC6s_v3,Virtual Machines NCSv3 Series Windows,1.334,Other
Azure,westus,Standard_NV18ads_A10_v5,Virtual Machines NVadsA10v5 Series,0.416,A10
Azure,italynorth,Standard_NV4as_v4,Virtual Machines NVasv4 Series Windows,0.475,Other
Azure,jioindiawest,Standard_NC48ads_A100_v4,NCads A100 v4 Series Linux,2.057,A100
Azure,germanywestcentral,Standard_NC48ads_A100_v4,NCads A100 v4 Series Windows,4.703,A100
Azure,uksouth,Standard_NC24ads_A100_v4,NCads A100 v4 Series Linux,1.07108,A100
Azure,southafricanorth,Standard_NV72ads_A10_v5,Virtual Machines NVadsA10v5 Series,1.904,A10
Azure,israelcentral,Standard_NC12s_v3,Virtual Machines NCSv3 Series Windows,1.656362,Other
Azure,japaneast,Standard_NC48ads_A100_v4,NCads A100 v4 Series Linux,2.13,A100
Azure,centralus,Standard_NC4as_T4_v3,Virtual Machines NCasT4 v3 Series,0.119,Other
Azure,qatarcentral,Standard_NC12s_v3,Virtual Machines NCSv3 Series,1.554353,Other
Azure,westeurope,Standard_ND40rs_v2,Virtual Machines NDrSv2 Series Windows,5.426837,Other
Azure,southcentralus,Standard_NC80adis_H100_v5,Virtual Machines NCadsH100v5 Series Windows,14.156744,H100
Azure,malaysiawest,Standard_NC8as_T4_v3,Virtual Machines NCasT4 v3 Series,0.26158,Other
Azure,northcentralus,Standard_NV12ads_A10_v5,Virtual Machines NVadsA10v5 Series Windows,0.657,A10
Azure,westus3,Standard_ND96is_MI300X_v5,Virtual Machines NDMI300Xv5 Srs,8.8704,MI300X
Azure,southeastasia,Standard_NC96ads_A100_v4,NCads A100 v4 Series Linux,19.1,A100
Azure,italynorth,Standard_NV72ads_A10_v5,Virtual Machines NVadsA10v5 Series,1.695,A10
Azure,northeurope,Standard_NC24s_v3,Virtual Machines NCSv3 Series Windows,2.64689,Other
Azure,canadacentral,Standard_NV16as_v4,Virtual Machines NVasv4 Series,0.224,Other
Azure,southcentralus,Standard_NC12s_v3,Virtual Machines NCSv3 Series,1.3464,Other
Azure,japaneast,Standard_NC24ads_A100_v4,NCads A100 v4 Series Linux,5.326,A100
Azure,swedencentral,Standard_ND96is_flex_H100_v5,Virtual Machines NDsfH100v5 Series Windows,119.45,H100
Azure,japaneast,Standard_NC24ads_A100_v4,NCads A100 v4 Series Windows,6.43,A100
Azure,usgovvirginia,Standard_NC4as_T4_v3,Virtual Machines NCasT4 v3 Series,0.132,Other
Azure,switzerlandnorth,Standard_NV48s_v3,Virtual Machines NVSv3 Series,1.158696,Other
Azure,canadacentral,Standard_NV16as_v4,Virtual Machines NVasv4 Series,0.206606,Other
Azure,southcentralus,Standard_NV6ads_A10_v5,Virtual Machines NVadsA10v5 Series Windows,0.328,A10
Azure,uksouth,Standard_NV16as_v4,Virtual Machines NVasv4 Series Windows,0.351305,Other
Azure,westeurope,Standard_NV24s_v3,Virtual Machines NVSv3 Series,0.57,Other
Azure,usgovvirginia,Standard_NV8as_v4,Virtual Machines NVasv4 Series Windows,0.95,Other
Azure,australiacentral2,Standard_NC8as_T4_v3,Virtual Machines NCasT4 v3 Series,0.0977,Other
Azure,centralus,Standard_NC96ads_A100_v4,NCads A100 v4 Series Linux,16.602,A100
Azure,northcentralus,Standard_NV16as_v4,Virtual Machines NVasv4 Series,0.206606,Other
Azure,eastus2,Standard_NC80adis_H100_v5,Virtual Machines NCadsH100v5 Series,2.792,H100
Azure,eastus,Standard_NV36ads_A10_v5,Virtual Machines NVadsA10v5 Series,0.59136,A10
Azure,usgovarizona,Standard_NV36ads_A10_v5,Virtual Machines NVadsA10v5 Series,4.0,A10
Azure,usgovarizona,Standard_ND96ams_A100_v4,Virtual Machines NDamsr A100 v4 Series Windows,11.79828,A100
Azure,westus2,Standard_NC16as_T4_v3,Virtual Machines NCasT4 v3 Series,1.204,Other
Azure,westeurope,Standard_ND96is_H100_v5,Virtual Machines NDsr H100 v5 Series,115.034,H100
Azure,westus2,Standard_NC4as_T4_v3,Virtual Machines NCasT4 v3 Series,0.526,Other
Azure,australiaeast,Standard_NC16as_T4_v3,Virtual Machines NCasT4 v3 Series,0.313,Other
Azure,southcentralus,Standard_NV4ads_V710_v5,Virtual Machines NVadsV710v5 Series Windows,0.107923,Other
Azure,germanywestcentral,Standard_NC40ads_H100_v5,Virtual Machines NCadsH100v5 Series,1.815,H100
Azure,westus2,Standard_NC12_Promo,Virtual Machines NC Promo Series,0.792,Other
Azure,westeurope,Standard_NV32as_v4,Virtual Machines NVasv4 Series Windows,0.70261,Other
Azure,northeurope,Standard_NV16as_v4,Virtual Machines NVasv4 Series,0.224,Other
Azure,southeastasia,Standard_ND40s_v2,Virtual Machines NDSv2 Series Windows,4.488053,Other
Azure,southcentralus,Standard_NC16ads_A10_v4,Virtual Machines NCadsA10v4 Series,0.487872,A10
Azure,southeastasia,Standard_NC96ads_A100_v4,NCads A100 v4 Series Linux,3.82,A100
Azure,francecentral,Standard_NV36adms_A10_v5,Virtual Machines NVadsA10v5 Series Windows,7.306,A10
Azure,westus2,Standard_NC32ds_xl_RTXPRO6000BSE_v6,Virtual Machines NCdsxlRTX6kv6 Windows,2.914,RTX PRO 6000
Azure,westus3,Standard_NC6s_v3,Virtual Machines NCSv3 Series,0.612,Other
Azure,westus2,Standard_NC128ds_xl_RTXPRO6000BSE_v6,Virtual Machines NCdsxlRTX6kv6,6.38,RTX PRO 6000
Azure,jioindiawest,Standard_NC24ads_A100_v4,NCads A100 v4 Series Linux,1.028,A100
Azure,koreacentral,Standard_NC12s_v3,Virtual Machines NCSv3 Series Windows,3.608,Other
Azure,southcentralus,Standard_NV28adms_V710_v5,Virtual Machines NVadsV710v5 Series,0.576,Other
Azure,northcentralus,Standard_NV18ads_A10_v5,Virtual Machines NVadsA10v5 Series,1.92,A10
Azure,eastus,Standard_ND96is_flex_H100_v5,Virtual Machines NDsfH100v5 Series Windows,17.168659,H100
Azure,westeurope,Standard_NC24s_v3,Virtual Machines NCSv3 Series Windows,6.558,Other
Azure,brazilsouth,Standard_NC24s_v3,Virtual Machines NCSv3 Series Windows,4.727923,Other
Azure,centralindia,Standard_NV12_Promo,Virtual Machines NV Promo Series,2.062,Other
Azure,eastus,Standard_NC320ds_xl_RTXPRO6000BSE_v6,Virtual Machines NCdsxlRTX6kv6,3.3176,RTX PRO 6000
Azure,northeurope,Standard_NV8as_v4,Virtual Machines NVasv4 Series,0.559,Other
Azure,southcentralus,Standard_NV72ads_A10_v5,Virtual Machines NVadsA10v5 Series,7.824,A10
Azure,uaenorth,Standard_ND96amsr_A100_v4,Virtual Machines NDamsr A100 v4 Series Linux,12.18386,A100
Azure,southeastasia,Standard_NM16ads_MA35D  ,Virtual Machines NMadsMA35D Series Windows,0.604481,Other
Azure,westus3,Standard_NV12ads_A10_v5,Virtual Machines NVadsA10v5 Series,0.182,A10
Azure,canadacentral,Standard_NV36ads_A10_v5,Virtual Machines NVadsA10v5 Series,3.84,A10
Azure,westus,Standard_NC12s_v3,Virtual Machines NCSv3 Series,1.591,Other
Azure,eastus,Standard_ND96isr_H100_v5,Virtual Machines NDsr H100 v5 Series Windows,102.736,H100
Azure,brazilsouth,Standard_NV36ads_A10_v5,Virtual Machines NVadsA10v5 Series Windows,1.488749,A10
Azure,attatlanta1,Standard_NV32as_v4,Virtual Machines NVasv4 Series,0.652,Other
Azure,francesouth,Standard_ND96ams_A100_v4,Virtual Machines NDamsr A100 v4 Series Windows,14.99264,A100
Azure,westus,Standard_NC16as_T4_v3,Virtual Machines NCasT4 v3 Series Windows,0.63249,Other
Azure,northeurope,Standard_NV48s_v3,Virtual Machines NVSv3 Series,0.894062,Other
Azure,centralus,Standard_NC32lds_xl_RTXPRO6000BSE_v6,Virtual Machines NCldsxlRTX6kv6 Windows,0.6004,RTX PRO 6000
Azure,japaneast,Standard_NC24rs_v3,Virtual Machines NCSv3 Series Windows,19.558,Other
Azure,canadacentral,Standard_ND96isr_MI300X_v5,Virtual Machines NDMI300Xv5 Srs,10.64448,MI300X
Azure,southcentralus,Standard_NV36adms_A10_v5,Virtual Machines NVadsA10v5 Series,5.424,A10
Azure,koreacentral,Standard_NC12s_v3,Virtual Machines NCSv3 Series,8.468,Other
Azure,westus,Standard_NC40ads_H100_v5,Virtual Machines NCadsH100v5 Series,1.815,H100
Azure,japaneast,Standard_NC24s_v3,Virtual Machines NCSv3 Series,3.100205,Other
Azure,westus2,Standard_NC24ads_A100_v4,NCads A100 v4 Series Windows,1.68867,A100
Azure,eastus2,Standard_ND96amsr_A100_v4,Virtual Machines NDamsr A100 v4 Series Linux,32.77,A100
Azure,qatarcentral,Standard_NC24rs_v3,Virtual Machines NCSv3 Series,18.503,Other
Azure,attdallas1,Standard_NV32as_v4,Virtual Machines NVasv4 Series Windows,2.155,Other
Azure,usgovarizona,Standard_ND96isrf_H200_v5,Virtual Machines NDsrfH200v5 Series Windows,110.416,H200
Azure,southcentralus,Standard_NV24ads_V710_v5,Virtual Machines NVadsV710v5 Series Windows,3.504,Other
Azure,japaneast,Standard_NC24ads_A100_v4,NCads A100 v4 Series Linux,1.065,A100
Azure,brazilsouth,Standard_ND96is_MI300X_v5,Virtual Machines NDMI300Xv5 Srs,17.7408,MI300X
Azure,brazilsouth,Standard_NC24ads_A100_v4,NCads A100 v4 Series Linux,1.357541,A100
Azure,northeurope,Standard_NV36ads_A10_v5,Virtual Machines NVadsA10v5 Series,0.709632,A10
Azure,koreacentral,Standard_NV72ads_A10_v5,Virtual Machines NVadsA10v5 Series,1.62661,A10
Azure,southeastasia,Standard_NC64ds_xl_RTXPRO6000BSE_v6,Virtual Machines NCdsxlRTX6kv6 Windows,6.907,RTX PRO 6000
Azure,malaysiawest,Standard_NC16as_T4_v3,Virtual Machines NCasT4 v3 Series Windows,2.18,Other
Azure,westus3,Standard_NC16as_T4_v3,Virtual Machines NCasT4 v3 Series,0.34916,Other
Azure,australiaeast,Standard_ND96amsr_A100_v4,Virtual Machines NDamsr A100 v4 Series Linux,12.35416,A100
Azure,westus,Standard_NV24s_v2,Virtual Machines NVSv2 Series,0.567151,Other
Azure,northcentralus,Standard_NV8ads_V710_v5,Virtual Machines NVadsV710v5 Series Windows,0.215846,Other
Azure,australiacentral2,Standard_NC4as_T4_v3,Virtual Machines NCasT4 v3 Series,0.0684,Other
Azure,centralus,Standard_NV36adms_A10_v5,Virtual Machines NVadsA10v5 Series Windows,1.333517,A10
Azure,switzerlandnorth,Standard_ND96ams_A100_v4,Virtual Machines NDamsr A100 v4 Series Linux,46.861,A100
Azure,germanywestcentral,Standard_NV16as_v4,Virtual Machines NVasv4 Series,1.165,Other
Azure,westeurope,Standard_NV12s_v3,Virtual Machines NVSv3 Series Windows,1.978,Other
Azure,germanywestcentral,Standard_NV18ads_A10_v5,Virtual Machines NVadsA10v5 Series,2.08,A10
Azure,eastus,Standard_NV24ads_V710_v5,Virtual Machines NVadsV710v5 Series Windows,1.242,Other
Azure,eastus,Standard_ND96isr_H100_v5,Virtual Machines NDsr H100 v5 Series,18.169536,H100
Azure,usgovarizona,Standard_NV4as_v4,Virtual Machines NVasv4 Series Windows,0.08778,Other
Azure,centralus,Standard_NV18ads_A10_v5,Virtual Machines NVadsA10v5 Series Windows,1.118,A10
Azure,westus3,Standard_NV32as_v4,Virtual Machines NVasv4 Series,0.373,Other
Azure,eastus,Standard_ND96isr_H100_v5,Virtual Machines NDsr H100 v5 Series Windows,41.094,H100
Azure,switzerlandnorth,Standard_NC96ads_A100_v4,NCads A100 v4 Series Windows,4.698725,A100
Azure,eastus,Standard_NV24s_v3,Virtual Machines NVSv3 Series,0.421344,Other
Azure,centralus,Standard_NC128ds_xl_RTXPRO6000BSE_v6,Virtual Machines NCdsxlRTX6kv6 Windows,2.7482,RTX PRO 6000
Azure,australiaeast,Standard_NC40ads_H100_v5,Virtual Machines NCadsH100v5 Series,10.121,H100
Azure,centralus,Standard_NV72ads_A10_v5,Virtual Machines NVadsA10v5 Series Windows,4.533,A10
Azure,uksouth,Standard_NC24rs_v3,Virtual Machines NCSv3 Series Windows,3.122381,Other
Azure,centralus,Standard_NC6s_v3,Virtual Machines NCSv3 Series Windows,3.734,Other
Azure,koreasouth,Standard_ND96isr_MI300X_v5,Virtual Machines NDMI300Xv5 Srs Windows,11.904077,MI300X
Azure,japaneast,Standard_NC64as_T4_v3,Virtual Machines NCasT4 v3 Series,5.875,Other
Azure,polandcentral,Standard_NC4as_T4_v3,Virtual Machines NCasT4 v3 Series,0.131,Other
Azure,usgovvirginia,Standard_NC24s_v3,Virtual Machines NCSv3 Series,2.714342,Other
Azure,northcentralus,Standard_NV24_Promo,Virtual Machines NV Promo Series,2.736,Other
Azure,canadaeast,Standard_ND96ams_A100_v4,Virtual Machines NDamsr A100 v4 Series Windows,43.74,A100
Azure,northeurope,Standard_ND96is_MI300X_v5,Virtual Machines NDMI300Xv5 Srs,57.6,MI300X
Azure,koreacentral,Standard_NC48ads_A100_v4,NCads A100 v4 Series Linux,1.832662,A100
Azure,usgovvirginia,Standard_NC12_Promo,Virtual Machines NC Promo Series,0.95,Other
Azure,indonesiacentral,Standard_NV36adms_A10_v5,Virtual Machines NVadsA10v5 Series,5.537,A10
Azure,westeurope,Standard_NV4as_v4,Virtual Machines NVasv4 Series Windows,0.475,Other
Azure,usgovvirginia,Standard_NC64as_T4_v3,Virtual Machines NCasT4 v3 Series Windows,2.43136,Other
Azure,canadacentral,Standard_NP20s,Virtual Machines NP Series Windows,1.952,Other
Azure,westus2,Standard_ND96amsr_A100_v4,Virtual Machines NDamsr A100 v4 Series Linux,32.77,A100
Azure,westus,Standard_ND96amsr_A100_v4,Virtual Machines NDamsr A100 v4 Series Windows,47.017,A100
Azure,northcentralus,Standard_ND96isr_H200_v5,Virtual Machines NDsrH200v5 Series,101.76,H200
Azure,jioindiacentral,Standard_NC24ads_A100_v4,NCads A100 v4 Series Windows,2.498,A100
Azure,eastus2,Standard_NC8lds_xl_RTXPRO6000BSE_v6,Virtual Machines NCldsxlRTX6kv6 Windows,0.1836,RTX PRO 6000
Azure,southcentralus,Standard_NC8ads_A10_v4,Virtual Machines NCadsA10v4 Series,0.264,A10
Azure,switzerlandnorth,Standard_NC40ads_H100_v5,Virtual Machines NCadsH100v5 Series,9.981,H100
Azure,eastus2,Standard_NC40ads_H100_v5,Virtual Machines NCadsH100v5 Series,1.396,H100
Azure,japanwest,Standard_ND96isr_H100_v5,Virtual Machines NDsr H100 v5 Series,152.396,H100
Azure,eastus,Standard_NC24rs_v3,Virtual Machines NCSv3 Series Windows,2.690688,Other
Azure,eastus2,Standard_NV4as_v4,Virtual Machines NVasv4 Series Windows,0.077062,Other
Azure,centralindia,Standard_NC16as_T4_v3,Virtual Machines NCasT4 v3 Series,0.265,Other
Azure,brazilsouth,Standard_ND96amsr_A100_v4,Virtual Machines NDamsr A100 v4 Series Linux,17.0404,A100
Azure,eastus,Standard_NV48s_v3,Virtual Machines NVSv3 Series,0.842688,Other
Azure,koreasouth,Standard_NV72ads_A10_v5,Virtual Machines NVadsA10v5 Series,8.15,A10
Azure,brazilsouth,Standard_NC24ads_A100_v4,NCads A100 v4 Series Windows,8.45,A100
Azure,francecentral,Standard_NV4as_v4,Virtual Machines NVasv4 Series Windows,0.19,Other
Azure,eastus,Standard_ND96amsr_A100_v4,Virtual Machines NDamsr A100 v4 Series Linux,32.77,A100
Azure,eastus2,Standard_NC256ds_xl_RTXPRO6000BSE_v6,Virtual Machines NCdsxlRTX6kv6,12.76,RTX PRO 6000
Azure,eastus,Standard_NV8ads_V710_v5,Virtual Machines NVadsV710v5 Series Windows,0.191268,Other
Azure,canadacentral,Standard_NV18ads_A10_v5,Virtual Machines NVadsA10v5 Series,1.92,A10
Azure,westus3,Standard_ND96amsr_A100_v4,Virtual Machines NDamsr A100 v4 Series Windows,37.186,A100
Azure,usgovarizona,Standard_NC24s_v3,Virtual Machines NCSv3 Series Windows,16.16,Other
Azure,spaincentral,Standard_NV8ads_V710_v5,Virtual Machines NVadsV710v5 Series Windows,1.235,Other
Azure,koreacentral,Standard_NC24rs_v3,Virtual Machines NCSv3 Series,3.442824,Other
Azure,germanywestcentral,Standard_NC24ads_A100_v4,NCads A100 v4 Series Windows,5.879,A100
Azure,koreasouth,Standard_ND96is_MI300X_v5,Virtual Machines NDMI300Xv5 Srs,12.0,MI300X
Azure,westus2,Standard_NC32ds_xl_RTXPRO6000BSE_v6,Virtual Machines NCdsxlRTX6kv6,0.2884,RTX PRO 6000
Azure,westus,Standard_NC128ds_xl_RTXPRO6000BSE_v6,Virtual Machines NCdsxlRTX6kv6,8.294,RTX PRO 6000
Azure,koreacentral,Standard_NV72ads_A10_v5,Virtual Machines NVadsA10v5 Series Windows,12.114,A10
Azure,mexicocentral,Standard_NV12ads_A10_v5,Virtual Machines NVadsA10v5 Series,0.2,A10
Azure,westus3,Standard_NC16as_T4_v3,Virtual Machines NCasT4 v3 Series Windows,1.94,Other
Azure,eastus2,Standard_NV12s_v3,Virtual Machines NVSv3 Series Windows,0.312682,Other
Azure,southeastasia,Standard_NV32as_v4,Virtual Machines NVasv4 Series Windows,0.719796,Other
Azure,westeurope,Standard_NC16ads_A10_v4,Virtual Machines NCadsA10v4 Series,2.86,A10
Azure,mexicocentral,Standard_NV4as_v4,Virtual Machines NVasv4 Series Windows,0.176,Other
Azure,koreacentral,Standard_NC48ads_A100_v4,NCads A100 v4 Series Linux,1.983,A100
Azure,westus,Standard_ND96ams_A100_v4,Virtual Machines NDamsr A100 v4 Series Windows,12.22442,A100
Azure,australiaeast,Standard_NC64as_T4_v3,Virtual Machines NCasT4 v3 Series,1.132,Other
Azure,uksouth,Standard_ND96isr_MI300X_v5,Virtual Machines NDMI300Xv5 Srs Windows,25.766,MI300X
Azure,switzerlandnorth,Standard_NC40ads_H100_v5,Virtual Machines NCadsH100v5 Series Windows,11.821,H100
Azure,attatlanta1,Standard_NV32as_v4,Virtual Machines NVasv4 Series Windows,4.734,Other
Azure,eastus,Standard_NC320ds_xl_RTXPRO6000BSE_v6,Virtual Machines NCdsxlRTX6kv6,16.588,RTX PRO 6000
Azure,westeurope,Standard_NC16ads_A10_v4,Virtual Machines NCadsA10v4 Series,0.572,A10
Azure,uksouth,Standard_NV24_Promo,Virtual Machines NV Promo Series Windows,4.709,Other
Azure,westus3,Standard_NV16as_v4,Virtual Machines NVasv4 Series,0.932,Other
Azure,spaincentral,Standard_ND96amsr_A100_v4,Virtual Machines NDamsr A100 v4 Series Windows,18.151,A100
Azure,southeastasia,Standard_NV16as_v4,Virtual Machines NVasv4 Series,0.223978,Other
Azure,northcentralus,Standard_NV8ads_V710_v5,Virtual Machines NVadsV710v5 Series Windows,0.467,Other
Azure,eastasia,Standard_NV18ads_A10_v5,Virtual Machines NVadsA10v5 Series Windows,0.611318,A10
Azure,westus,Standard_NC48ads_A100_v4,NCads A100 v4 Series Windows,11.758,A100
Azure,swedencentral,Standard_NC16as_T4_v3,Virtual Machines NCasT4 v3 Series,0.255,Other
Azure,koreasouth,Standard_ND128isrf_NDR_GB200_v6,Virtual Machines NDsrfGB200NDRv6 Windows,130.288,GB200
Azure,francecentral,Standard_ND96ams_A100_v4,Virtual Machines NDamsr A100 v4 Series Linux,8.192,A100
Azure,francecentral,Standard_NC24rs_v3,Virtual Machines NCSv3 Series,3.151,Other
Azure,southcentralus,Standard_NV24s_v3,Virtual Machines NVSv3 Series Windows,1.536,Other
Azure,sgxsingapore1,Standard_NC4as_T4_v3,Virtual Machines NCasT4 v3 Series,1.288,Other
Azure,eastus2,Standard_NC8as_T4_v3,Virtual Machines NCasT4 v3 Series Windows,0.802256,Other
Azure,southcentralus,Standard_NV12ads_V710_v5,Virtual Machines NVadsV710v5 Series,1.2,Other
Azure,centralindia,Standard_NV16as_v4,Virtual Machines NVasv4 Series,0.261,Other
Azure,southafricanorth,Standard_NV18ads_A10_v5,Virtual Machines NVadsA10v5 Series Windows,3.164,A10
Azure,eastus2,Standard_NV4as_v4,Virtual Machines NVasv4 Series,0.0466,Other
Azure,northeurope,Standard_NC24s_v3,Virtual Machines NCSv3 Series,13.219,Other
Azure,swedencentral,Standard_ND96is_noIB_H100_v5,Virtual Machines NDsH100v5 Series Windows,22.07436,H100
Azure,westus,Standard_NV12ads_V710_v5,Virtual Machines NVadsV710v5 Series,1.3,Other
Azure,southafricanorth,Standard_NV12s_v3,Virtual Machines NVSv3 Series,0.292,Other
Azure,switzerlandnorth,Standard_NV18ads_A10_v5,Virtual Machines NVadsA10v5 Series,0.422822,A10
Azure,uksouth,Standard_NV6ads_A10_v5,Virtual Machines NVadsA10v5 Series Windows,0.155786,A10
Azure,germanywestcentral,Standard_NC24ads_A100_v4,NCads A100 v4 Series Linux,4.775,A100
Azure,westeurope,Standard_NV24ads_V710_v5,Virtual Machines NVadsV710v5 Series,0.48048,Other
Azure,swedencentral,Standard_ND96isr_MI300X_v5,Virtual Machines NDMI300Xv5 Srs,13.44,MI300X
Azure,eastus2,Standard_NV12ads_A10_v5,Virtual Machines NVadsA10v5 Series Windows,1.46,A10
Azure,usgovarizona,Standard_ND96ams_A100_v4,Virtual Machines NDamsr A100 v4 Series Windows,45.378,A100
Azure,israelcentral,Standard_NV36ads_A10_v5,Virtual Machines NVadsA10v5 Series,0.915,A10
Azure,swedencentral,Standard_NV8as_v4,Virtual Machines NVasv4 Series,0.12049,Other
Azure,eastus2,Standard_NV18ads_A10_v5,Virtual Machines NVadsA10v5 Series,0.29568,A10
Azure,polandcentral,Standard_NC64as_T4_v3,Virtual Machines NCasT4 v3 Series,1.083,Other
Azure,polandcentral,Standard_NC24ads_A100_v4,NCads A100 v4 Series Windows,5.879,A100
Azure,westus2,Standard_NC8as_T4_v3,Virtual Machines NCasT4 v3 Series Windows,0.448,Other
Azure,francecentral,Standard_NC96ads_A100_v4,NCads A100 v4 Series Linux,18.365,A100
Azure,polandcentral,Standard_NV18ads_A10_v5,Virtual Machines NVadsA10v5 Series,2.08,A10
Azure,italynorth,Standard_NV4as_v4,Virtual Machines NVasv4 Series,0.053777,Other
Azure,westus2,Standard_ND96asr_v4,Virtual Machines NDasr A100 v4 Series,5.439,Other
Azure,centralus,Standard_NC64as_T4_v3,Virtual Machines NCasT4 v3 Series,4.907,Other
Azure,southeastasia,Standard_NV8as_v4,Virtual Machines NVasv4 Series,0.111989,Other
Azure,spaincentral,Standard_NC80adis_H100_v5,Virtual Machines NCadsH100v5 Series Windows,21.828,H100
Azure,northcentralus,Standard_NC24_Promo,Virtual Machines NC Promo Series Windows,2.688,Other
Azure,centralus,Standard_NC24s_v3,Virtual Machines NCSv3 Series Windows,14.935,Other
Azure,southeastasia,Standard_NV6ads_A10_v5,Virtual Machines NVadsA10v5 Series Windows,0.866,A10
Azure,canadaeast,Standard_ND96ams_A100_v4,Virtual Machines NDamsr A100 v4 Series Linux,10.22424,A100
Azure,japanwest,Standard_NC64as_T4_v3,Virtual Machines NCasT4 v3 Series,6.341,Other
Azure,southcentralus,Standard_ND96is_noIB_H100_v5,Virtual Machines NDsH100v5 Series,19.620401,H100
Azure,norwayeast,Standard_NV24s_v3,Virtual Machines NVSv3 Series,0.627,Other
Azure,uksouth,Standard_NC24s_v3,Virtual Machines NCSv3 Series Windows,6.184,Other
Azure,westus2,Standard_ND96is_H100_v5,Virtual Machines NDsr H100 v5 Series Windows,17.168659,H100
Azure,eastus,Standard_NC32ds_xl_RTXPRO6000BSE_v6,Virtual Machines NCdsxlRTX6kv6,0.2884,RTX PRO 6000
Azure,germanywestcentral,Standard_NV4as_v4,Virtual Machines NVasv4 Series,0.291,Other
Azure,westus3,Standard_NG32ads_V620_v1,Virtual Machines NGadsV620v1 Series Windows,4.012,Other
Azure,westus2,Standard_ND96asr_A100_v4,Virtual Machines NDasr A100 v4 Series Windows,12.645,A100
Azure,francecentral,Standard_NC12s_v3,Virtual Machines NCSv3 Series,1.432,Other
Azure,southcentralus,Standard_NP40s,Virtual Machines NP Series,1.463616,Other
Azure,brazilsouth,Standard_NC64as_T4_v3,Virtual Machines NCasT4 v3 Series,7.383,Other
Azure,uaenorth,Standard_ND96isr_H100_v5,Virtual Machines NDsr H100 v5 Series,140.598,H100
Azure,northeurope,Standard_NC96ads_A100_v4,NCads A100 v4 Series Windows,4.481952,A100
Azure,westus,Standard_NC64lds_xl_RTXPRO6000BSE_v6,Virtual Machines NCldsxlRTX6kv6 Windows,6.116,RTX PRO 6000
Azure,westus,Standard_NC48ads_A100_v4,NCads A100 v4 Series Linux,1.91,A100
Azure,uksouth,Standard_ND96is_MI300X_v5,Virtual Machines NDMI300Xv5 Srs,12.0,MI300X
Azure,eastus2,Standard_NC16lds_xl_RTXPRO6000BSE_v6,Virtual Machines NCldsxlRTX6kv6 Windows,1.866,RTX PRO 6000
Azure,westeurope,Standard_NC48ads_A100_v4,NCads A100 v4 Series Linux,9.55,A100
Azure,southcentralus,Standard_NV36adms_A10_v5,Virtual Machines NVadsA10v5 Series Windows,2.832,A10
Azure,southcentralus,Standard_NC8as_T4_v3,Virtual Machines NCasT4 v3 Series,0.26158,Other
Azure,northeurope,Standard_NV6ads_A10_v5,Virtual Machines NVadsA10v5 Series Windows,0.821,A10
Azure,eastus2,Standard_NC320ds_xl_RTXPRO6000BSE_v6,Virtual Machines NCdsxlRTX6kv6,3.3176,RTX PRO 6000
Azure,spaincentral,Standard_NV8as_v4,Virtual Machines NVasv4 Series Windows,0.179995,Other
Azure,swedencentral,Standard_NC4as_T4_v3,Virtual Machines NCasT4 v3 Series,0.16182,Other
Azure,eastus,Standard_NC40ads_H100_v5,Virtual Machines NCadsH100v5 Series,1.396,H100
Azure,eastus,Standard_NC32lds_xl_RTXPRO6000BSE_v6,Virtual Machines NCldsxlRTX6kv6,0.2486,RTX PRO 6000
Azure,centralindia,Standard_NC4as_T4_v3,Virtual Machines NCasT4 v3 Series Windows,0.22127,Other
Azure,westus3,Standard_NC40ads_H100_v5,Virtual Machines NCadsH100v5 Series,6.98,H100
Azure,italynorth,Standard_NC24ads_A100_v4,NCads A100 v4 Series Windows,2.352,A100
Azure,jioindiawest,Standard_NC24s_v3,Virtual Machines NCSv3 Series Windows,18.04,Other
Azure,westus3,Standard_ND96is_noIB_H100_v5,Virtual Machines NDsH100v5 Series,16.352582,H100
Azure,centralus,Standard_ND96is_H100_v5,Virtual Machines NDsr H100 v5 Series,108.84,H100
Azure,northeurope,Standard_NC24rs_v3,Virtual Machines NCSv3 Series Windows,6.258,Other
Azure,westeurope,Standard_NV6_Promo,Virtual Machines NV Promo Series Windows,1.095,Other
Azure,westus3,Standard_NV6ads_A10_v5,Virtual Machines NVadsA10v5 Series,0.454,A10
Azure,koreacentral,Standard_NC16as_T4_v3,Virtual Machines NCasT4 v3 Series,0.296,Other
Azure,westus2,Standard_ND96is_H100_v5,Virtual Machines NDsr H100 v5 Series Windows,92.904,H100
Azure,norwayeast,Standard_ND96ams_A100_v4,Virtual Machines NDamsr A100 v4 Series Windows,51.277,A100
Azure,southeastasia,Standard_NP20s,Virtual Machines NP Series,0.858,Other
Azure,southeastasia,Standard_NC256lds_xl_RTXPRO6000BSE_v6,Virtual Machines NCldsxlRTX6kv6 Windows,5.4352,RTX PRO 6000
Azure,koreacentral,Standard_NC24ads_A100_v4,NCads A100 v4 Series Linux,0.916423,A100
Azure,uksouth,Standard_NC24ads_A100_v4,NCads A100 v4 Series Windows,5.695,A100
Azure,westus3,Standard_NC8ads_A10_v4,Virtual Machines NCadsA10v4 Series Windows,1.468,A10
Azure,germanywestcentral,Standard_NC80adis_H100_v5,Virtual Machines NCadsH100v5 Series,5.983396,H100
Azure,westus2,Standard_ND96amsr_A100_v4,Virtual Machines NDamsr A100 v4 Series Linux,6.554,A100
Azure,uksouth,Standard_NC24rs_v3,Virtual Machines NCSv3 Series Windows,16.896,Other
Azure,eastus2,Standard_NG8ads_V620_v1,Virtual Machines NGadsV620v1 Series,0.127,Other
Azure,westus3,Standard_NC8ads_A10_v4,Virtual Machines NCadsA10v4 Series,1.1,A10
Azure,westus3,Standard_NG32ads_V620_v1,Virtual Machines NGadsV620v1 Series Windows,0.741418,Other
Azure,indonesiacentral,Standard_NV12ads_A10_v5,Virtual Machines NVadsA10v5 Series,0.205498,A10
Azure,northeurope,Standard_NV36adms_A10_v5,Virtual Machines NVadsA10v5 Series Windows,1.308384,A10
Azure,westus2,Standard_ND96is_H100_v5,Virtual Machines NDsr H100 v5 Series,88.488,H100
Azure,switzerlandnorth,Standard_NV48s_v3,Virtual Machines NVSv3 Series Windows,3.391,Other
Azure,centralindia,Standard_NV12s_v3,Virtual Machines NVSv3 Series Windows,0.859,Other
Azure,westus2,Standard_NP40s,Virtual Machines NP Series,1.32,Other
Azure,centralus,Standard_NC64as_T4_v3,Virtual Machines NCasT4 v3 Series,2.910832,Other
Azure,eastus,Standard_ND96isrf_H100_v5,Virtual Machines NDsrf H100 v5 Series Windows,102.736,H100
Azure,southafricawest,Standard_ND96isr_H100_v5,Virtual Machines NDsr H100 v5 Series Windows,191.024,H100
Azure,qatarcentral,Standard_NV36ads_A10_v5,Virtual Machines NVadsA10v5 Series,0.845645,A10
Azure,uksouth,Standard_ND96is_MI300X_v5,Virtual Machines NDMI300Xv5 Srs Windows,11.904077,MI300X
Azure,koreacentral,Standard_NC96ads_A100_v4,NCads A100 v4 Series Windows,24.25,A100
Azure,australiaeast,Standard_NC8as_T4_v3,Virtual Machines NCasT4 v3 Series Windows,1.346,Other
Azure,eastasia,Standard_NV12ads_A10_v5,Virtual Machines NVadsA10v5 Series,1.407,A10
Azure,westeurope,Standard_NC6s_v3,Virtual Machines NCSv3 Series Windows,4.099,Other
Azure,australiaeast,Standard_NV4as_v4,Virtual Machines NVasv4 Series Windows,0.209,Other
Azure,northeurope,Standard_NC12s_v3,Virtual Machines NCSv3 Series Windows,7.162,Other
Azure,westus,Standard_NC64as_T4_v3,Virtual Machines NCasT4 v3 Series,1.51438,Other
Azure,eastasia,Standard_NC12s_v3,Virtual Machines NCSv3 Series Windows,10.038,Other
Azure,northcentralus,Standard_NV12ads_A10_v5,Virtual Machines NVadsA10v5 Series Windows,1.642,A10
Azure,francecentral,Standard_ND96amsr_A100_v4,Virtual Machines NDamsr A100 v4 Series Linux,40.962,A100
Azure,westus,Standard_NC320ds_xl_RTXPRO6000BSE_v6,Virtual Machines NCdsxlRTX6kv6,21.564,RTX PRO 6000
Azure,eastus,Standard_NC96ads_A100_v4,NCads A100 v4 Series Linux,14.692,A100
Azure,australiaeast,Standard_NC24s_v3,Virtual Machines NCSv3 Series Windows,7.216,Other
Azure,southeastasia,Standard_NV8as_v4,Virtual Machines NVasv4 Series,0.606,Other
Azure,malaysiawest,Standard_NC40ads_H100_v5,Virtual Machines NCadsH100v5 Series Windows,1.911337,H100
Azure,japanwest,Standard_NC16as_T4_v3,Virtual Machines NCasT4 v3 Series,0.50953,Other
Azure,westeurope,Standard_NV4ads_V710_v5,Virtual Machines NVadsV710v5 Series Windows,0.114022,Other
Azure,southcentralus,Standard_NP20s,Virtual Machines NP Series,0.792,Other
Azure,southafricanorth,Standard_NV12s_v3,Virtual Machines NVSv3 Series Windows,0.371818,Other
Azure,northcentralus,Standard_ND96is_H100_v5,Virtual Machines NDsr H100 v5 Series Windows,44.241,H100
Azure,northeurope,Standard_NC6s_v3,Virtual Machines NCSv3 Series Windows,1.432,Other
Azure,francecentral,Standard_NC24ads_A100_v4,NCads A100 v4 Series Windows,5.695,A100
Azure,norwaywest,Standard_NV48s_v3,Virtual Machines NVSv3 Series Windows,4.144,Other
Azure,koreacentral,Standard_NC8as_T4_v3,Virtual Machines NCasT4 v3 Series Windows,1.293,Other
Azure,jioindiacentral,Standard_NC96ads_A100_v4,NCads A100 v4 Series Linux,4.114,A100
Azure,northcentralus,Standard_NV72ads_A10_v5,Virtual Machines NVadsA10v5 Series Windows,4.454,A10
Azure,eastus,Standard_ND96is_H100_v5,Virtual Machines NDsr H100 v5 Series,16.352582,H100
Azure,westus3,Standard_NV32as_v4,Virtual Machines NVasv4 Series Windows,0.616493,Other
Azure,swedencentral,Standard_NC48ads_A100_v4,NCads A100 v4 Series Linux,9.55,A100
Azure,westus2,Standard_NV36adms_A10_v5,Virtual Machines NVadsA10v5 Series,0.835296,A10
Azure,eastus2,Standard_NC32ds_xl_RTXPRO6000BSE_v6,Virtual Machines NCdsxlRTX6kv6,1.442,RTX PRO 6000
Azure,southcentralus,Standard_ND96is_noIB_H100_v5,Virtual Machines NDsH100v5 Series Windows,110.587,H100
Azure,attatlanta1,Standard_NC8as_T4_v3,Virtual Machines NCasT4 v3 Series Windows,0.3366,Other
Azure,italynorth,Standard_ND96asr_v4,Virtual Machines NDasr A100 v4 Series,7.071,Other
Azure,southeastasia,Standard_NP40s,Virtual Machines NP Series,8.58,Other
Azure,eastus2,Standard_ND96isr_H100_v5,Virtual Machines NDsr H100 v5 Series,18.169536,H100
Azure,northcentralus,Standard_NC24ads_A100_v4,NCads A100 v4 Series Windows,2.205,A100
Azure,koreacentral,Standard_NC48ads_A100_v4,NCads A100 v4 Series Linux,9.917,A100
Azure,eastus,Standard_NC48ads_A100_v4,NCads A100 v4 Series Linux,1.493442,A100
Azure,southeastasia,Standard_NC320ds_xl_RTXPRO6000BSE_v6,Virtual Machines NCdsxlRTX6kv6,23.223,RTX PRO 6000
Azure,westus3,Standard_NC4as_T4_v3,Virtual Machines NCasT4 v3 Series,0.15254,Other
Azure,westeurope,Standard_NV12_Promo,Virtual Machines NV Promo Series Windows,2.191,Other
Azure,canadacentral,Standard_NC16as_T4_v3,Virtual Machines NCasT4 v3 Series Windows,0.60088,Other
Azure,israelcentral,Standard_NC64as_T4_v3,Virtual Machines NCasT4 v3 Series,5.977,Other
Azure,usgovvirginia,Standard_NV24s_v3,Virtual Machines NVSv3 Series,2.85,Other
Azure,chilecentral,Standard_NV16as_v4,Virtual Machines NVasv4 Series Windows,0.377177,Other
Azure,australiasoutheast,Standard_ND96isr_MI300X_v5,Virtual Machines NDMI300Xv5 Srs Windows,28.646,MI300X
Azure,northcentralus,Standard_NV8ads_V710_v5,Virtual Machines NVadsV710v5 Series,0.14784,Other
Azure,northeurope,Standard_NC256lds_xl_RTXPRO6000BSE_v6,Virtual Machines NCldsxlRTX6kv6 Windows,5.5032,RTX PRO 6000
Azure,uksouth,Standard_NC16as_T4_v3,Virtual Machines NCasT4 v3 Series Windows,2.145,Other
Azure,germanywestcentral,Standard_NV12ads_A10_v5,Virtual Machines NVadsA10v5 Series Windows,0.320074,A10
Azure,southeastasia,Standard_NV24s_v3,Virtual Machines NVSv3 Series,0.636,Other
Azure,francecentral,Standard_NC64as_T4_v3,Virtual Machines NCasT4 v3 Series Windows,8.021,Other
Azure,westus3,Standard_NC6s_v3,Virtual Machines NCSv3 Series,3.06,Other
Azure,northcentralus,Standard_ND96is_MI300X_v5,Virtual Machines NDMI300Xv5 Srs,11.52,MI300X
Azure,polandcentral,Standard_NC48ads_A100_v4,NCads A100 v4 Series Windows,2.629089,A100
Azure,centralindia,Standard_NC8as_T4_v3,Virtual Machines NCasT4 v3 Series Windows,0.34655,Other
Azure,northeurope,Standard_NC128ds_xl_RTXPRO6000BSE_v6,Virtual Machines NCdsxlRTX6kv6 Windows,15.017,RTX PRO 6000
Azure,uksouth,Standard_NV18ads_A10_v5,Virtual Machines NVadsA10v5 Series Windows,2.828,A10
Azure,northeurope,Standard_NV6ads_A10_v5,Virtual Machines NVadsA10v5 Series Windows,0.151721,A10
Azure,westus,Standard_NV72ads_A10_v5,Virtual Machines NVadsA10v5 Series,1.695,A10
Azure,uksouth,Standard_NG32ads_V620_v1,Virtual Machines NGadsV620v1 Series Windows,4.652,Other
Azure,centralus,Standard_NC24ads_A100_v4,NCads A100 v4 Series Linux,0.92794,A100
Azure,swedencentral,Standard_NG16ads_V620_v1,Virtual Machines NGadsV620v1 Series Windows,0.955,Other
Azure,japaneast,Standard_NC40ads_H100_v5,Virtual Machines NCadsH100v5 Series Windows,11.961,H100
Azure,japaneast,Standard_NP40s,Virtual Machines NP Series,9.57,Other
Azure,eastus2,Standard_ND96is_H100_v5,Virtual Machines NDsr H100 v5 Series Windows,92.904,H100
Azure,japaneast,Standard_NP20s,Virtual Machines NP Series,0.957,Other
Azure,japaneast,Standard_NG8ads_V620_v1,Virtual Machines NGadsV620v1 Series Windows,0.238022,Other
Azure,northcentralus,Standard_NV6ads_A10_v5,Virtual Machines NVadsA10v5 Series,0.100716,A10
Azure,spaincentral,Standard_ND128isr_NDR_GB200_v6,Virtual Machines NDsrGB200NDRv6 Series,140.6,GB200
Azure,germanywestcentral,Standard_NC96ads_A100_v4,NCads A100 v4 Series Linux,19.1,A100
Azure,australiacentral,Standard_NC4as_T4_v3,Virtual Machines NCasT4 v3 Series Windows,0.25172,Other
Azure,canadacentral,Standard_NC24ads_A100_v4,NCads A100 v4 Series Windows,2.205,A100
Azure,australiaeast,Standard_NC48ads_A100_v4,NCads A100 v4 Series Linux,10.652,A100
Azure,southcentralus,Standard_NC24s_v3,Virtual Machines NCSv3 Series,2.6928,Other
Azure,northeurope,Standard_NM16ads_MA35D  ,Virtual Machines NMadsMA35D Series,0.432432,Other
Azure,koreasouth,Standard_ND128isrf_NDR_GB200_v6,Virtual Machines NDsrfGB200NDRv6 Series,24.88,GB200
Azure,westus2,Standard_NP20s,Virtual Machines NP Series,0.60984,Other
Azure,westus2,Standard_NC4as_T4_v3,Virtual Machines NCasT4 v3 Series Windows,0.284,Other
Azure,usgovarizona,Standard_NC12s_v3,Virtual Machines NCSv3 Series Windows,1.493184,Other
Azure,francecentral,Standard_NV12s_v3,Virtual Machines NVSv3 Series Windows,1.977,Other
Azure,westus2,Standard_NV6ads_A10_v5,Virtual Machines NVadsA10v5 Series,0.0908,A10
Azure,westeurope,Standard_ND96asr_A100_v4,Virtual Machines NDasr A100 v4 Series Windows,8.75006,A100
Azure,centralus,Standard_NC320lds_xl_RTXPRO6000BSE_v6,Virtual Machines NCldsxlRTX6kv6,3.5204,RTX PRO 6000
Azure,polandcentral,Standard_NC16as_T4_v3,Virtual Machines NCasT4 v3 Series,0.3,Other
Azure,northeurope,Standard_NV12s_v3,Virtual Machines NVSv3 Series Windows,0.705,Other
Azure,southeastasia,Standard_NC64lds_xl_RTXPRO6000BSE_v6,Virtual Machines NCldsxlRTX6kv6 Windows,1.272,RTX PRO 6000
Azure,westus2,Standard_NV24_Promo,Virtual Machines NV Promo Series Windows,3.726,Other
Azure,mexicocentral,Standard_NV72ads_A10_v5,Virtual Machines NVadsA10v5 Series,7.196,A10
Azure,eastus2,Standard_NC8lds_xl_RTXPRO6000BSE_v6,Virtual Machines NCldsxlRTX6kv6,0.11,RTX PRO 6000
Azure,westeurope,Standard_NV16as_v4,Virtual Machines NVasv4 Series,0.215292,Other
Azure,westus2,Standard_NC40ads_H100_v5,Virtual Machines NCadsH100v5 Series Windows,7.938,H100
Azure,germanywestcentral,Standard_NC48ads_A100_v4,NCads A100 v4 Series Windows,11.758,A100
Azure,brazilsouth,Standard_NC6s_v3,Virtual Machines NCSv3 Series Windows,6.396,Other
Azure,westeurope,Standard_NV72ads_A10_v5,Virtual Machines NVadsA10v5 Series Windows,4.715,A10
Azure,centralus,Standard_ND96isr_H100_v5,Virtual Machines NDsr H100 v5 Series Windows,50.14,H100
Azure,westeurope,Standard_NV12ads_V710_v5,Virtual Machines NVadsV710v5 Series Windows,1.852,Other
Azure,centralus,Standard_NC64ds_xl_RTXPRO6000BSE_v6,Virtual Machines NCdsxlRTX6kv6 Windows,1.2856,RTX PRO 6000
Azure,usgovvirginia,Standard_NV36ads_A10_v5,Virtual Machines NVadsA10v5 Series,0.8,A10
Azure,australiaeast,Standard_ND96ams_A100_v4,Virtual Machines NDamsr A100 v4 Series Windows,51.932,A100
Azure,francesouth,Standard_ND96ams_A100_v4,Virtual Machines NDamsr A100 v4 Series Windows,23.066,A100
Azure,southeastasia,Standard_ND40s_v2,Virtual Machines NDSv2 Series,23.366,Other
Azure,westeurope,Standard_NP40s,Virtual Machines NP Series Windows,4.168,Other
Azure,westus,Standard_NC16as_T4_v3,Virtual Machines NCasT4 v3 Series,0.41905,Other
Azure,israelcentral,Standard_NC6s_v3,Virtual Machines NCSv3 Series,4.205,Other
Azure,japaneast,Standard_NG32adms_V620,Virtual Machines NGadsV620v1 Series,4.784,Other
Azure,mexicocentral,Standard_NV8as_v4,Virtual Machines NVasv4 Series Windows,0.881,Other
Azure,westus3,Standard_NV12ads_A10_v5,Virtual Machines NVadsA10v5 Series Windows,0.584,A10
Azure,mexicocentral,Standard_NV4as_v4,Virtual Machines NVasv4 Series Windows,0.44,Other
Azure,southeastasia,Standard_NV4as_v4,Virtual Machines NVasv4 Series,0.0606,Other
Azure,eastus,Standard_NC16as_T4_v3,Virtual Machines NCasT4 v3 Series,0.467513,Other
Azure,swedencentral,Standard_ND96is_noIB_H100_v5,Virtual Machines NDsH100v5 Series,115.034,H100
Azure,westeurope,Standard_NP40s,Virtual Machines NP Series Windows,10.42,Other
Azure,uksouth,Standard_NC4as_T4_v3,Virtual Machines NCasT4 v3 Series Windows,0.32,Other
Azure,koreasouth,Standard_NV36adms_A10_v5,Virtual Machines NVadsA10v5 Series Windows,7.306,A10
Azure,switzerlandnorth,Standard_ND96amsr_A100_v4,Virtual Machines NDamsr A100 v4 Series Windows,20.511,A100
Azure,westeurope,Standard_NG32adms_V620,Virtual Machines NGadsV620v1 Series,0.84014,Other
Azure,westus3,Standard_NC48ads_A100_v4,NCads A100 v4 Series Windows,3.70122,A100
Azure,brazilsouth,Standard_NC24rs_v3,Virtual Machines NCSv3 Series Windows,28.032,Other
Azure,southcentralus,Standard_NV4as_v4,Virtual Machines NVasv4 Series Windows,0.185,Other
Azure,northeurope,Standard_NC320ds_xl_RTXPRO6000BSE_v6,Virtual Machines NCdsxlRTX6kv6 Windows,7.6912,RTX PRO 6000
Azure,centralus,Standard_ND96isr_H100_v5,Virtual Machines NDsr H100 v5 Series,24.187,H100
Azure,italynorth,Standard_NV16as_v4,Virtual Machines NVasv4 Series Windows,1.901,Other
Azure,southafricanorth,Standard_NV36adms_A10_v5,Virtual Machines NVadsA10v5 Series,1.219495,A10
Azure,usgovarizona,Standard_ND96isrf_H200_v5,Virtual Machines NDsrfH200v5 Series,106.0,H200
Azure,centralus,Standard_NC32lds_xl_RTXPRO6000BSE_v6,Virtual Machines NCldsxlRTX6kv6 Windows,3.002,RTX PRO 6000
Azure,attdallas1,Standard_NC64as_T4_v3,Virtual Machines NCasT4 v3 Series Windows,5.775,Other
Azure,northcentralus,Standard_NV24ads_V710_v5,Virtual Machines NVadsV710v5 Series Windows,1.402,Other
Azure,centralus,Standard_NG16ads_V620_v1,Virtual Machines NGadsV620v1 Series Windows,0.424301,Other
Azure,indonesiacentral,Standard_NV36ads_A10_v5,Virtual Machines NVadsA10v5 Series Windows,5.576,A10
Azure,eastus2,Standard_NC8lds_xl_RTXPRO6000BSE_v6,Virtual Machines NCldsxlRTX6kv6 Windows,0.918,RTX PRO 6000
Azure,westus2,Standard_NC96ads_A100_v4,NCads A100 v4 Series Linux,5.193622,A100
Azure,westus2,Standard_NV18ads_A10_v5,Virtual Machines NVadsA10v5 Series Windows,0.971,A10
Azure,eastus2,Standard_NV6ads_A10_v5,Virtual Machines NVadsA10v5 Series Windows,0.149723,A10
Azure,eastus2,Standard_NC8as_T4_v3,Virtual Machines NCasT4 v3 Series,0.752,Other
Azure,westus2,Standard_NC24_Promo,Virtual Machines NC Promo Series,1.584,Other
Azure,attdallas1,Standard_NV8ahs_v4,Virtual Machines NVasv4 VDI Series Windows,0.377,Other
Azure,usgovarizona,Standard_NV24s_v3,Virtual Machines NVSv3 Series Windows,0.730699,Other
Azure,eastus2,Standard_NC24rs_v3,Virtual Machines NCSv3 Series Windows,2.695715,Other
Azure,westus,Standard_NV6ads_A10_v5,Virtual Machines NVadsA10v5 Series,0.118,A10
Azure,usgovvirginia,Standard_ND96ams_A100_v4,Virtual Machines NDamsr A100 v4 Series Linux,8.192,A100
Azure,westeurope,Standard_NG32adms_V620,Virtual Machines NGadsV620v1 Series,4.293,Other
Azure,westus,Standard_NC16lds_xl_RTXPRO6000BSE_v6,Virtual Machines NCldsxlRTX6kv6 Windows,2.205,RTX PRO 6000
Azure,germanywestcentral,Standard_NV72ads_A10_v5,Virtual Machines NVadsA10v5 Series,8.476,A10
Azure,westus2,Standard_NV16as_v4,Virtual Machines NVasv4 Series,0.186,Other
Azure,westeurope,Standard_ND40s_v2,Virtual Machines NDSv2 Series,3.606,Other
Azure,centralindia,Standard_NC48ads_A100_v4,NCads A100 v4 Series Windows,12.492,A100
Azure,southeastus,Standard_ND96isf_H100_v5,Virtual Machines NDsrf H100 v5 Series,21.258283,H100
Azure,westus,Standard_NV12s_v3,Virtual Machines NVSv3 Series Windows,1.692,Other
Azure,eastus2,Standard_NC24ads_A100_v4,NCads A100 v4 Series Linux,3.673,A100
Azure,usgovvirginia,Standard_NV12s_v3,Virtual Machines NVSv3 Series Windows,0.36535,Other
Azure,eastus,Standard_NP20s,Virtual Machines NP Series Windows,4.22,Other
Azure,northcentralus,Standard_NC24ads_A100_v4,NCads A100 v4 Series Linux,4.408,A100
Azure,southeastasia,Standard_NC48ads_A100_v4,NCads A100 v4 Series Windows,4.703,A100
Azure,spaincentral,Standard_NC96ads_A100_v4,NCads A100 v4 Series Linux,19.1,A100
Azure,germanywestcentral,Standard_NC96ads_A100_v4,NCads A100 v4 Series Linux,3.88303,A100
Azure,ukwest,Standard_ND96amsr_A100_v4,Virtual Machines NDamsr A100 v4 Series Windows,18.938,A100
Azure,australiaeast,Standard_NV32as_v4,Virtual Machines NVasv4 Series,2.703,Other
Azure,sgxsingapore1,Standard_NC4as_T4_v3,Virtual Machines NCasT4 v3 Series Windows,0.322,Other
Azure,uaenorth,Standard_NC40ads_H100_v5,Virtual Machines NCadsH100v5 Series Windows,11.82,H100
Azure,eastus2,Standard_NC8as_T4_v3,Virtual Machines NCasT4 v3 Series Windows,0.448,Other
Azure,westus3,Standard_NV72ads_A10_v5,Virtual Machines NVadsA10v5 Series Windows,3.933,A10
Azure,polandcentral,Standard_NV8as_v4,Virtual Machines NVasv4 Series,0.582,Other
Azure,uaenorth,Standard_NV36adms_A10_v5,Virtual Machines NVadsA10v5 Series,6.464,A10
Azure,canadacentral,Standard_ND96is_MI300X_v5,Virtual Machines NDMI300Xv5 Srs,57.6,MI300X
Azure,northeurope,Standard_NC6_Promo,Virtual Machines NC Promo Series,0.428,Other
Azure,attdallas1,Standard_NC8as_T4_v3,Virtual Machines NCasT4 v3 Series Windows,0.343,Other
Azure,francecentral,Standard_NC64as_T4_v3,Virtual Machines NCasT4 v3 Series,1.47233,Other
Azure,chilecentral,Standard_NV8as_v4,Virtual Machines NVasv4 Series,0.13,Other
Azure,southeastasia,Standard_NV4as_v4,Virtual Machines NVasv4 Series Windows,0.487,Other
Azure,spaincentral,Standard_NV24ads_V710_v5,Virtual Machines NVadsV710v5 Series,0.48048,Other
Azure,canadacentral,Standard_NC4as_T4_v3,Virtual Machines NCasT4 v3 Series,0.584,Other
Azure,uksouth,Standard_NM16ads_MA35D  ,Virtual Machines NMadsMA35D Series Windows,3.174,Other
Azure,swedencentral,Standard_NG32ads_V620_v1,Virtual Machines NGadsV620v1 Series Windows,4.774,Other
Azure,southcentralus,Standard_NV48s_v3,Virtual Machines NVSv3 Series,1.011226,Other
Azure,southcentralus,Standard_NP40s,Virtual Machines NP Series,7.92,Other
Azure,eastus,Standard_NV24s_v3,Virtual Machines NVSv3 Series Windows,0.625363,Other
Azure,japaneast,Standard_NC40ads_H100_v5,Virtual Machines NCadsH100v5 Series Windows,4.784,H100
Azure,westeurope,Standard_NV36ads_A10_v5,Virtual Machines NVadsA10v5 Series,4.16,A10
Azure,uaenorth,Standard_ND96amsr_A100_v4,Virtual Machines NDamsr A100 v4 Series Windows,13.33202,A100
Azure,westeurope,Standard_NV24s_v3,Virtual Machines NVSv3 Series,0.52668,Other
Azure,japanwest,Standard_ND96amsr_A100_v4,Virtual Machines NDamsr A100 v4 Series Linux,13.20644,A100
Azure,westus3,Standard_NV8as_v4,Virtual Machines NVasv4 Series,0.086117,Other
Azure,southeastasia,Standard_ND40s_v2,Virtual Machines NDSv2 Series Windows,9.714,Other
Azure,westeurope,Standard_ND96asr_A100_v4,Virtual Machines NDasr A100 v4 Series,7.071,A100
Azure,usgovvirginia,Standard_ND40rs_v2,Virtual Machines NDrSv2 Series,27.54,Other
Azure,centralindia,Standard_NC16as_T4_v3,Virtual Machines NCasT4 v3 Series Windows,0.5974,Other
Azure,northeurope,Standard_NC80adis_H100_v5,Virtual Machines NCadsH100v5 Series Windows,3.935203,H100
Azure,westus3,Standard_ND96isr_H200_v5,Virtual Machines NDsrH200v5 Series,84.8,H200
Azure,southcentralus,Standard_NV4as_v4,Virtual Machines NVasv4 Series,0.28,Other
Azure,southcentralus,Standard_NC4as_T4_v3,Virtual Machines NCasT4 v3 Series Windows,0.23635,Other
Azure,westus3,Standard_NC16ads_A10_v4,Virtual Machines NCadsA10v4 Series Windows,1.174,A10
Azure,germanynorth,Standard_ND96amsr_A100_v4,Virtual Machines NDamsr A100 v4 Series Linux,55.381,A100
Azure,westeurope,Standard_NC12s_v3,Virtual Machines NCSv3 Series Windows,1.51499,Other
Azure,eastus,Standard_NM16ads_MA35D  ,Virtual Machines NMadsMA35D Series,0.36036,Other
Azure,westus3,Standard_ND96is_MI300X_v5,Virtual Machines NDMI300Xv5 Srs Windows,9.686477,MI300X
Azure,canadacentral,Standard_NC8as_T4_v3,Virtual Machines NCasT4 v3 Series Windows,0.34858,Other
Azure,italynorth,Standard_NV18ads_A10_v5,Virtual Machines NVadsA10v5 Series Windows,1.163,A10
Azure,southeastasia,Standard_NM16ads_MA35D  ,Virtual Machines NMadsMA35D Series,2.535,Other
Azure,centralindia,Standard_NV16as_v4,Virtual Machines NVasv4 Series,1.305,Other
Azure,eastus,Standard_NV48s_v3,Virtual Machines NVSv3 Series,4.56,Other
Azure,southafricanorth,Standard_NV72ads_A10_v5,Virtual Machines NVadsA10v5 Series Windows,12.831,A10
Azure,uksouth,Standard_NC96ads_A100_v4,NCads A100 v4 Series Linux,18.365,A100
Azure,westus2,Standard_NC6s_v3,Virtual Machines NCSv3 Series Windows,1.334,Other
Azure,southeastasia,Standard_NV12s_v3,Virtual Machines NVSv3 Series Windows,2.142,Other
Azure,centralus,Standard_NC256lds_xl_RTXPRO6000BSE_v6,Virtual Machines NCldsxlRTX6kv6,13.54,RTX PRO 6000
Azure,canadacentral,Standard_NC40ads_H100_v5,Virtual Machines NCadsH100v5 Series,8.59,H100
Azure,malaysiawest,Standard_NV36adms_A10_v5,Virtual Machines NVadsA10v5 Series Windows,1.283251,A10
Azure,westus2,Standard_NV12s_v3,Virtual Machines NVSv3 Series,1.14,Other
Azure,northeurope,Standard_NV16as_v4,Virtual Machines NVasv4 Series Windows,0.342619,Other
Azure,westcentralus,Standard_ND96isr_MI300X_v5,Virtual Machines NDMI300Xv5 Srs Windows,11.460557,MI300X
Azure,eastus2,Standard_ND96amsr_A100_v4,Virtual Machines NDamsr A100 v4 Series Windows,9.66836,A100
Azure,northcentralus,Standard_NC24r_Promo,Virtual Machines NC Promo Series Windows,2.846,Other
Azure,koreacentral,Standard_NV72ads_A10_v5,Virtual Machines NVadsA10v5 Series Windows,2.238667,A10
Azure,southafricanorth,Standard_NV36ads_A10_v5,Virtual Machines NVadsA10v5 Series,4.672,A10
Azure,francecentral,Standard_NV24s_v3,Virtual Machines NVSv3 Series Windows,0.730699,Other
Azure,eastus2,Standard_NG32ads_V620_v1,Virtual Machines NGadsV620v1 Series Windows,1.605,Other
Azure,westus3,Standard_NV8as_v4,Virtual Machines NVasv4 Series Windows,0.334,Other
Azure,canadacentral,Standard_NV18ads_A10_v5,Virtual Machines NVadsA10v5 Series Windows,2.748,A10
Azure,attatlanta1,Standard_NC16as_T4_v3,Virtual Machines NCasT4 v3 Series Windows,1.137,Other
Azure,polandcentral,Standard_NC16as_T4_v3,Virtual Machines NCasT4 v3 Series Windows,2.237,Other
Azure,eastus,Standard_NC320lds_xl_RTXPRO6000BSE_v6,Virtual Machines NCldsxlRTX6kv6,2.86,RTX PRO 6000
Azure,malaysiawest,Standard_NC64as_T4_v3,Virtual Machines NCasT4 v3 Series Windows,2.36495,Other
Azure,japanwest,Standard_ND96is_H100_v5,Virtual Machines NDsr H100 v5 Series,137.156,H100
Azure,centralus,Standard_NC16lds_xl_RTXPRO6000BSE_v6,Virtual Machines NCldsxlRTX6kv6 Windows,0.4254,RTX PRO 6000
Azure,uaenorth,Standard_NV36adms_A10_v5,Virtual Machines NVadsA10v5 Series,1.293,A10
Azure,centralus,Standard_NV6ads_A10_v5,Virtual Machines NVadsA10v5 Series,0.103118,A10
Azure,uksouth,Standard_NV72ads_A10_v5,Virtual Machines NVadsA10v5 Series,8.15,A10
Azure,westus3,Standard_NG8ads_V620_v1,Virtual Machines NGadsV620v1 Series,0.117348,Other
Azure,eastus,Standard_NV12s_v3,Virtual Machines NVSv3 Series,1.14,Other
Azure,mexicocentral,Standard_NV32as_v4,Virtual Machines NVasv4 Series,0.379025,Other
Azure,eastus,Standard_ND40s_v2,Virtual Machines NDSv2 Series Windows,5.264,Other
Azure,northeurope,Standard_NV32as_v4,Virtual Machines NVasv4 Series Windows,1.484,Other
Azure,spaincentral,Standard_NV12ads_V710_v5,Virtual Machines NVadsV710v5 Series,0.24024,Other
Azure,uaenorth,Standard_NV36ads_A10_v5,Virtual Machines NVadsA10v5 Series Windows,6.232,A10
Azure,westus2,Standard_NC24ads_A100_v4,NCads A100 v4 Series Linux,1.298406,A100
Azure,westeurope,Standard_ND96ams_A100_v4,Virtual Machines NDamsr A100 v4 Series Linux,40.962,A100
Azure,centralus,Standard_NC48ads_A100_v4,NCads A100 v4 Series Linux,1.66,A100
Azure,koreasouth,Standard_NV36ads_A10_v5,Virtual Machines NVadsA10v5 Series,0.8,A10
Azure,northeurope,Standard_NV12_Promo,Virtual Machines NV Promo Series,1.452,Other
Azure,southcentralus,Standard_NC6s_v3,Virtual Machines NCSv3 Series Windows,1.50832,Other
Azure,francecentral,Standard_NV24s_v3,Virtual Machines NVSv3 Series,2.85,Other
Azure,japaneast,Standard_NV18ads_A10_v5,Virtual Machines NVadsA10v5 Series,2.32,A10
Azure,westus3,Standard_NV36ads_A10_v5,Virtual Machines NVadsA10v5 Series Windows,0.897389,A10
Azure,eastus,Standard_NC12s_v3,Virtual Machines NCSv3 Series Windows,6.672,Other
Azure,spaincentral,Standard_NV32as_v4,Virtual Machines NVasv4 Series Windows,0.719796,Other
Azure,westeurope,Standard_NV72ads_A10_v5,Virtual Machines NVadsA10v5 Series,1.723171,A10
Azure,westus,Standard_NV6s_v2,Virtual Machines NVSv2 Series,0.767,Other
Azure,australiaeast,Standard_NV36adms_A10_v5,Virtual Machines NVadsA10v5 Series,1.211179,A10
Azure,centralus,Standard_NC6s_v3,Virtual Machines NCSv3 Series,3.458,Other
Azure,australiaeast,Standard_NC16as_T4_v3,Virtual Machines NCasT4 v3 Series Windows,0.92,Other
Azure,attdallas1,Standard_NV32ahs_v4,Virtual Machines NVasv4 VDI Series,1.096,Other
Azure,uksouth,Standard_NC96ads_A100_v4,NCads A100 v4 Series Linux,4.284554,A100
Azure,australiaeast,Standard_ND96isr_H100_v5,Virtual Machines NDsr H100 v5 Series Windows,27.168557,H100
Azure,francecentral,Standard_NV24s_v3,Virtual Machines NVSv3 Series,0.52668,Other
Azure,brazilsouth,Standard_ND96is_MI300X_v5,Virtual Machines NDMI300Xv5 Srs,19.2,MI300X
Azure,centralus,Standard_NC40ads_H100_v5,Virtual Machines NCadsH100v5 Series,8.585,H100
Azure,switzerlandnorth,Standard_NV18ads_A10_v5,Virtual Machines NVadsA10v5 Series Windows,0.575837,A10
Azure,westus2,Standard_ND96isr_H100_v5,Virtual Machines NDsr H100 v5 Series Windows,18.985613,H100
Azure,italynorth,Standard_NC64as_T4_v3,Virtual Machines NCasT4 v3 Series,1.47349,Other
Azure,italynorth,Standard_NC96ads_A100_v4,NCads A100 v4 Series Linux,3.52968,A100
Azure,attatlanta1,Standard_NV32ahs_v4,Virtual Machines NVasv4 VDI Series Windows,1.326,Other
Azure,westus,Standard_ND96is_noIB_H100_v5,Virtual Machines NDsH100v5 Series Windows,22.07436,H100
Azure,eastus2,Standard_NC128ds_xl_RTXPRO6000BSE_v6,Virtual Machines NCdsxlRTX6kv6 Windows,12.268,RTX PRO 6000
Azure,westus2,Standard_ND96is_noIB_H100_v5,Virtual Machines NDsH100v5 Series Windows,17.168659,H100
Azure,northcentralus,Standard_NV72ads_A10_v5,Virtual Machines NVadsA10v5 Series Windows,2.057933,A10
Azure,centralus,Standard_NM16ads_MA35D  ,Virtual Machines NMadsMA35D Series Windows,0.579348,Other
Azure,canadacentral,Standard_NV6ads_A10_v5,Virtual Machines NVadsA10v5 Series Windows,0.821,A10
Azure,southcentralus,Standard_ND96asr_A100_v4,Virtual Machines NDasr A100 v4 Series,7.198178,A100
Azure,westeurope,Standard_NC24s_v3,Virtual Machines NCSv3 Series,15.292,Other
Azure,southeastasia,Standard_NV4as_v4,Virtual Machines NVasv4 Series,0.055994,Other
Azure,eastus2,Standard_NCC40ads_H100_v5,Virtual Machines NCCadsv5 Srs Win,3.528,H100
Azure,mexicocentral,Standard_NV72ads_A10_v5,Virtual Machines NVadsA10v5 Series,1.329821,A10
Azure,koreacentral,Standard_ND96isr_H100_v5,Virtual Machines NDsr H100 v5 Series Windows,137.148,H100
Azure,westus2,Standard_NC80adis_H100_v5,Virtual Machines NCadsH100v5 Series,13.96,H100
Azure,eastus,Standard_NC6s_v3,Virtual Machines NCSv3 Series,0.565488,Other
Azure,brazilsouth,Standard_NC16as_T4_v3,Virtual Machines NCasT4 v3 Series Windows,2.782,Other
Azure,swedencentral,Standard_NC16as_T4_v3,Virtual Machines NCasT4 v3 Series Windows,2.012,Other
Azure,switzerlandnorth,Standard_NV18ads_A10_v5,Virtual Machines NVadsA10v5 Series,2.288,A10
Azure,northcentralus,Standard_ND96is_flex_H100_v5,Virtual Machines NDsfH100v5 Series,106.186,H100
Azure,canadacentral,Standard_NP10s,Virtual Machines NP Series Windows,0.450912,Other
Azure,westeurope,Standard_ND96amsr_A100_v4,Virtual Machines NDamsr A100 v4 Series Windows,18.151,A100
Azure,eastus,Standard_ND40s_v2,Virtual Machines NDSv2 Series,2.261952,Other
Azure,australiaeast,Standard_NV24s_v3,Virtual Machines NVSv3 Series,0.587479,Other
Azure,eastus2,Standard_NV24s_v3,Virtual Machines NVSv3 Series,0.456,Other
Azure,southeastasia,Standard_NC40ads_H100_v5,Virtual Machines NCadsH100v5 Series Windows,10.914,H100
Azure,italynorth,Standard_NV8as_v4,Virtual Machines NVasv4 Series,0.116,Other
Azure,usgovvirginia,Standard_NC6_Promo,Virtual Machines NC Promo Series,0.475,Other
Azure,jioindiacentral,Standard_NC40ads_H100_v5,Virtual Machines NCadsH100v5 Series,9.772,H100
Azure,usgovvirginia,Standard_NV36ads_A10_v5,Virtual Machines NVadsA10v5 Series,0.7392,A10
Azure,australiaeast,Standard_NV32as_v4,Virtual Machines NVasv4 Series,0.499514,Other
Azure,jioindiawest,Standard_NV72ads_A10_v5,Virtual Machines NVadsA10v5 Series Windows,12.44,A10
Azure,japaneast,Standard_NV12ads_A10_v5,Virtual Machines NVadsA10v5 Series Windows,0.747,A10
Azure,westeurope,Standard_NP20s,Virtual Machines NP Series,0.858,Other
Azure,eastus2,Standard_NC128lds_xl_RTXPRO6000BSE_v6,Virtual Machines NCldsxlRTX6kv6,1.1,RTX PRO 6000
Azure,westeurope,Standard_NC40ads_H100_v5,Virtual Machines NCadsH100v5 Series,8.172,H100
Azure,northcentralus,Standard_ND96isr_MI300X_v5,Virtual Machines NDMI300Xv5 Srs,57.6,MI300X
Azure,eastus,Standard_NC16as_T4_v3,Virtual Machines NCasT4 v3 Series Windows,0.753302,Other
Azure,spaincentral,Standard_NC80adis_H100_v5,Virtual Machines NCadsH100v5 Series,18.148,H100
Azure,francecentral,Standard_NV6ads_A10_v5,Virtual Machines NVadsA10v5 Series,0.113,A10
Azure,israelcentral,Standard_NC8as_T4_v3,Virtual Machines NCasT4 v3 Series,0.29986,Other
Azure,japaneast,Standard_NG16ads_V620_v1,Virtual Machines NGadsV620v1 Series,1.84,Other
Azure,southcentralus,Standard_NV6s_v2,Virtual Machines NVSv2 Series Windows,0.151906,Other
Azure,northcentralus,Standard_NV32as_v4,Virtual Machines NVasv4 Series Windows,1.484,Other
Azure,brazilsouth,Standard_ND96isr_MI300X_v5,Virtual Machines NDMI300Xv5 Srs,19.2,MI300X
Azure,swedencentral,Standard_ND96isr_MI300X_v5,Virtual Machines NDMI300Xv5 Srs Windows,13.234637,MI300X
Azure,attdallas1,Standard_NV32as_v4,Virtual Machines NVasv4 Series Windows,1.0772,Other
Azure,westus,Standard_NC96ads_A100_v4,NCads A100 v4 Series Linux,3.82,A100
Azure,uaenorth,Standard_NV6ads_A10_v5,Virtual Machines NVadsA10v5 Series Windows,0.17094,A10
Azure,swedencentral,Standard_ND96ams_A100_v4,Virtual Machines NDamsr A100 v4 Series Linux,8.192,A100
Azure,australiaeast,Standard_NV12ads_A10_v5,Virtual Machines NVadsA10v5 Series Windows,1.869,A10
Azure,southcentralus,Standard_NV8as_v4,Virtual Machines NVasv4 Series,0.112,Other
Azure,eastus2,Standard_ND96is_H100_v5,Virtual Machines NDsr H100 v5 Series,16.352582,H100
Azure,italynorth,Standard_NC16as_T4_v3,Virtual Machines NCasT4 v3 Series Windows,2.144,Other
Azure,usgovvirginia,Standard_NV6ads_A10_v5,Virtual Machines NVadsA10v5 Series Windows,0.843,A10
Azure,northeurope,Standard_NC320lds_xl_RTXPRO6000BSE_v6,Virtual Machines NCldsxlRTX6kv6,4.0924,RTX PRO 6000
Azure,usgovarizona,Standard_NC6s_v3,Virtual Machines NCSv3 Series Windows,0.746592,Other
Azure,westus,Standard_NC80adis_H100_v5,Virtual Machines NCadsH100v5 Series Windows,19.6452,H100
Azure,brazilsouth,Standard_NC8as_T4_v3,Virtual Machines NCasT4 v3 Series,0.255,Other
Azure,westus2,Standard_NP20s,Virtual Machines NP Series,0.66,Other
Azure,polandcentral,Standard_NC24ads_A100_v4,NCads A100 v4 Series Linux,0.955,A100
Azure,germanywestcentral,Standard_NC24ads_A100_v4,NCads A100 v4 Series Windows,1.195201,A100
Azure,italynorth,Standard_NC24ads_A100_v4,NCads A100 v4 Series Linux,0.88242,A100
Azure,israelcentral,Standard_NC6s_v3,Virtual Machines NCSv3 Series Windows,4.481,Other
Azure,westeurope,Standard_NC80adis_H100_v5,Virtual Machines NCadsH100v5 Series,18.16,H100
Azure,swedencentral,Standard_ND96amsr_A100_v4,Virtual Machines NDamsr A100 v4 Series Windows,18.151,A100
Azure,eastus2,Standard_NV72ads_A10_v5,Virtual Machines NVadsA10v5 Series,1.204896,A10
Azure,brazilsouth,Standard_NC4as_T4_v3,Virtual Machines NCasT4 v3 Series,0.179,Other
Azure,northeurope,Standard_NV18ads_A10_v5,Virtual Machines NVadsA10v5 Series,0.354816,A10
Azure,usgovvirginia,Standard_NC24rs_v3,Virtual Machines NCSv3 Series,2.985814,Other
Azure,westeurope,Standard_NCC40ads_H100_v5,Virtual Machines NCCadsv5 Srs Win,4.296,H100
Azure,uaenorth,Standard_NV36ads_A10_v5,Virtual Machines NVadsA10v5 Series Windows,1.151674,A10
Azure,spaincentral,Standard_ND128isr_NDR_GB200_v6,Virtual Machines NDsrGB200NDRv6 Windows,146.488,GB200
Azure,westus,Standard_ND96is_H100_v5,Virtual Machines NDsr H100 v5 Series,21.258283,H100
Azure,centralindia,Standard_NV36ads_A10_v5,Virtual Machines NVadsA10v5 Series Windows,6.136,A10
Azure,japanwest,Standard_ND96ams_A100_v4,Virtual Machines NDamsr A100 v4 Series Linux,13.20644,A100
Azure,swedencentral,Standard_NC40ads_H100_v5,Virtual Machines NCadsH100v5 Series,9.074,H100
Azure,eastus2,Standard_NV36ads_A10_v5,Virtual Machines NVadsA10v5 Series,0.64,A10
Azure,westus3,Standard_ND96is_H100_v5,Virtual Machines NDsr H100 v5 Series Windows,37.162,H100
Azure,centralus,Standard_NC128lds_xl_RTXPRO6000BSE_v6,Virtual Machines NCldsxlRTX6kv6,1.354,RTX PRO 6000
Azure,qatarcentral,Standard_NV36ads_A10_v5,Virtual Machines NVadsA10v5 Series,4.576,A10
Azure,japaneast,Standard_NP10s,Virtual Machines NP Series Windows,2.852,Other
Azure,malaysiawest,Standard_NV36ads_A10_v5,Virtual Machines NVadsA10v5 Series Windows,5.4,A10
Azure,usgovvirginia,Standard_NV18ads_A10_v5,Virtual Machines NVadsA10v5 Series,0.4,A10
Azure,centralus,Standard_NC16lds_xl_RTXPRO6000BSE_v6,Virtual Machines NCldsxlRTX6kv6,0.2782,RTX PRO 6000
Azure,australiaeast,Standard_NV48s_v3,Virtual Machines NVSv3 Series Windows,3.426,Other
Azure,eastus2,Standard_NV32as_v4,Virtual Machines NVasv4 Series Windows,0.616493,Other
Azure,australiaeast,Standard_NC4as_T4_v3,Virtual Machines NCasT4 v3 Series,0.684,Other
Azure,australiacentral2,Standard_NC64as_T4_v3,Virtual Machines NCasT4 v3 Series Windows,3.436,Other
Azure,canadacentral,Standard_NP10s,Virtual Machines NP Series,1.98,Other
Azure,westeurope,Standard_NC8as_T4_v3,Virtual Machines NCasT4 v3 Series Windows,0.946469,Other
Azure,eastus2,Standard_NV72ads_A10_v5,Virtual Machines NVadsA10v5 Series,1.304,A10
Azure,southeastus,Standard_ND96isrf_H100_v5,Virtual Machines NDsrf H100 v5 Series Windows,24.436474,H100
Azure,eastus,Standard_ND40rs_v2,Virtual Machines NDrSv2 Series Windows,9.549,Other
Azure,australiaeast,Standard_NV32as_v4,Virtual Machines NVasv4 Series Windows,1.67,Other
Azure,germanywestcentral,Standard_NV12ads_A10_v5,Virtual Machines NVadsA10v5 Series,0.218064,A10
Azure,westus3,Standard_NC16as_T4_v3,Virtual Machines NCasT4 v3 Series Windows,0.776,Other
Azure,westus2,Standard_NC24s_v3,Virtual Machines NCSv3 Series Windows,13.344,Other
Azure,eastus2,Standard_NV8as_v4,Virtual Machines NVasv4 Series Windows,0.154123,Other
Azure,polandcentral,Standard_ND96isr_H100_v5,Virtual Machines NDsr H100 v5 Series,23.620397,H100
Azure,switzerlandwest,Standard_ND96amsr_A100_v4,Virtual Machines NDamsr A100 v4 Series Windows,65.335,A100
Azure,westus2,Standard_NC12_Promo,Virtual Machines NC Promo Series Windows,1.344,Other
Azure,koreacentral,Standard_NV12ads_A10_v5,Virtual Machines NVadsA10v5 Series,1.226,A10
Azure,japaneast,Standard_NC24rs_v3,Virtual Machines NCSv3 Series,18.454,Other
Azure,japaneast,Standard_NG32ads_V620_v1,Virtual Machines NGadsV620v1 Series,0.680064,Other
Azure,westus,Standard_NC256ds_xl_RTXPRO6000BSE_v6,Virtual Machines NCdsxlRTX6kv6 Windows,28.364,RTX PRO 6000
Azure,switzerlandnorth,Standard_NC24s_v3,Virtual Machines NCSv3 Series,3.364,Other
Azure,germanywestcentral,Standard_ND96isr_MI300X_v5,Virtual Machines NDMI300Xv5 Srs Windows,12.347597,MI300X
Azure,westus2,Standard_NC80adis_H100_v5,Virtual Machines NCadsH100v5 Series,2.792,H100
Azure,australiaeast,Standard_NC96ads_A100_v4,NCads A100 v4 Series Windows,10.288,A100
Azure,southeastasia,Standard_NC96ads_A100_v4,NCads A100 v4 Series Linux,3.52968,A100
Azure,attdallas1,Standard_NV4as_v4,Virtual Machines NVasv4 Series Windows,0.1346,Other
Azure,southcentralus,Standard_NC12s_v3,Virtual Machines NCSv3 Series,6.732,Other
Azure,usgovarizona,Standard_NV18ads_A10_v5,Virtual Machines NVadsA10v5 Series Windows,0.522614,A10
Azure,eastus,Standard_NV28adms_V710_v5,Virtual Machines NVadsV710v5 Series,0.44352,Other
Azure,germanynorth,Standard_ND96ams_A100_v4,Virtual Machines NDamsr A100 v4 Series Windows,15.54722,A100
Azure,malaysiawest,Standard_NV36adms_A10_v5,Virtual Machines NVadsA10v5 Series,5.288,A10
Azure,japaneast,Standard_NM16ads_MA35D  ,Virtual Machines NMadsMA35D Series,0.566,Other
Azure,northeurope,Standard_NV18ads_A10_v5,Virtual Machines NVadsA10v5 Series,0.384,A10
Azure,westeurope,Standard_NC16ads_A10_v4,Virtual Machines NCadsA10v4 Series Windows,1.438,A10
Azure,swedencentral,Standard_NC96ads_A100_v4,NCads A100 v4 Series Windows,23.516,A100
Azure,centralus,Standard_NC320ds_xl_RTXPRO6000BSE_v6,Virtual Machines NCdsxlRTX6kv6 Windows,35.138,RTX PRO 6000
Azure,australiaeast,Standard_NV6_Promo,Virtual Machines NV Promo Series Windows,1.23,Other
Azure,uksouth,Standard_NV12ads_A10_v5,Virtual Machines NVadsA10v5 Series,1.135,A10
Azure,swedencentral,Standard_NV8as_v4,Virtual Machines NVasv4 Series Windows,0.188496,Other
Azure,usgovarizona,Standard_NV4as_v4,Virtual Machines NVasv4 Series Windows,0.19,Other
Azure,westeurope,Standard_NG16ads_V620_v1,Virtual Machines NGadsV620v1 Series,0.305105,Other
Azure,koreacentral,Standard_NC24s_v3,Virtual Machines NCSv3 Series Windows,18.04,Other
Azure,israelcentral,Standard_NC6s_v3,Virtual Machines NCSv3 Series Windows,1.793,Other
Azure,swedencentral,Standard_NV6ads_A10_v5,Virtual Machines NVadsA10v5 Series Windows,0.161336,A10
Azure,attatlanta1,Standard_NC64as_T4_v3,Virtual Machines NCasT4 v3 Series Windows,10.544,Other
Azure,indonesiacentral,Standard_NV18ads_A10_v5,Virtual Machines NVadsA10v5 Series Windows,2.788,A10
Azure,italynorth,Standard_ND96asr_A100_v4,Virtual Machines NDasr A100 v4 Series,7.77854,A100
Azure,westus2,Standard_NC12s_v3,Virtual Machines NCSv3 Series,1.224,Other
Azure,uaenorth,Standard_NV12ads_A10_v5,Virtual Machines NVadsA10v5 Series Windows,1.85,A10
Azure,southcentralus,Standard_NP20s,Virtual Machines NP Series Windows,1.952,Other
Azure,westus,Standard_NC4as_T4_v3,Virtual Machines NCasT4 v3 Series,0.18299,Other
Azure,indonesiacentral,Standard_NV6ads_A10_v5,Virtual Machines NVadsA10v5 Series Windows,0.153754,A10
Azure,westeurope,Standard_NV24ads_V710_v5,Virtual Machines NVadsV710v5 Series Windows,0.684499,Other
Azure,usgovvirginia,Standard_NV48s_v3,Virtual Machines NVSv3 Series,5.7,Other
Azure,francecentral,Standard_NV36adms_A10_v5,Virtual Machines NVadsA10v5 Series Windows,2.922,A10
Azure,usgovvirginia,Standard_NC24r_Promo,Virtual Machines NC Promo Series,2.091,Other
Azure,northeurope,Standard_NV36ads_A10_v5,Virtual Machines NVadsA10v5 Series,3.84,A10
Azure,southcentralus,Standard_NV12_Promo,Virtual Machines NV Promo Series Windows,1.932,Other
Azure,spaincentral,Standard_NV6ads_A10_v5,Virtual Machines NVadsA10v5 Series Windows,0.160037,A10
Azure,westus3,Standard_NG32adms_V620,Virtual Machines NGadsV620v1 Series,0.66,Other
Azure,norwayeast,Standard_NV24s_v3,Virtual Machines NVSv3 Series Windows,4.239,Other
Azure,israelcentral,Standard_NC4as_T4_v3,Virtual Machines NCasT4 v3 Series,0.20996,Other
Azure,westus3,Standard_NV72ads_A10_v5,Virtual Machines NVadsA10v5 Series,6.52,A10
Azure,brazilsouth,Standard_NV36ads_A10_v5,Virtual Machines NVadsA10v5 Series,6.4,A10
Azure,canadacentral,Standard_ND96isr_MI300X_v5,Virtual Machines NDMI300Xv5 Srs Windows,24.806,MI300X
Azure,canadaeast,Standard_ND96amsr_A100_v4,Virtual Machines NDamsr A100 v4 Series Linux,39.324,A100
Azure,japaneast,Standard_NV32as_v4,Virtual Machines NVasv4 Series Windows,1.67,Other
Azure,qatarcentral,Standard_NV36adms_A10_v5,Virtual Machines NVadsA10v5 Series Windows,3.248,A10
Azure,centralus,Standard_NC48ads_A100_v4,NCads A100 v4 Series Windows,2.670337,A100
Azure,westeurope,Standard_ND96asr_v4,Virtual Machines NDasr A100 v4 Series,7.77854,Other
Azure,westeurope,Standard_NP10s,Virtual Machines NP Series,2.145,Other
Azure,eastus,Standard_NV36adms_A10_v5,Virtual Machines NVadsA10v5 Series,0.835296,A10
Azure,japaneast,Standard_NV36ads_A10_v5,Virtual Machines NVadsA10v5 Series,4.64,A10
Azure,eastasia,Standard_NV18ads_A10_v5,Virtual Machines NVadsA10v5 Series Windows,1.323,A10
Azure,uksouth,Standard_NM16ads_MA35D  ,Virtual Machines NMadsMA35D Series,0.488,Other
Azure,australiacentral2,Standard_NC64as_T4_v3,Virtual Machines NCasT4 v3 Series,0.5645,Other
Azure,japaneast,Standard_NV72ads_A10_v5,Virtual Machines NVadsA10v5 Series Windows,2.359157,A10
Azure,brazilsouth,Standard_ND96ams_A100_v4,Virtual Machines NDamsr A100 v4 Series Windows,69.956,A100
Azure,southeastasia,Standard_NC40ads_H100_v5,Virtual Machines NCadsH100v5 Series,9.074,H100
Azure,japaneast,Standard_NC96ads_A100_v4,NCads A100 v4 Series Linux,4.261,A100
Azure,spaincentral,Standard_NV72ads_A10_v5,Virtual Machines NVadsA10v5 Series,1.566365,A10
Azure,centralindia,Standard_NV32as_v4,Virtual Machines NVasv4 Series Windows,1.633,Other
Azure,southcentralus,Standard_NC40ads_H100_v5,Virtual Machines NCadsH100v5 Series Windows,10.22,H100
Azure,southcentralus,Standard_NC4as_T4_v3,Virtual Machines NCasT4 v3 Series,0.126,Other
Azure,swedencentral,Standard_NC16as_T4_v3,Virtual Machines NCasT4 v3 Series Windows,0.805,Other
Azure,switzerlandnorth,Standard_NV36adms_A10_v5,Virtual Machines NVadsA10v5 Series,1.293,A10
Azure,usgovvirginia,Standard_NC6s_v3,Virtual Machines NCSv3 Series Windows,4.04,Other
Azure,northeurope,Standard_ND96isr_MI300X_v5,Virtual Machines NDMI300Xv5 Srs Windows,24.806,MI300X
Azure,mexicocentral,Standard_NV6ads_A10_v5,Virtual Machines NVadsA10v5 Series,0.092585,A10
Azure,canadacentral,Standard_NC24ads_A100_v4,NCads A100 v4 Series Linux,0.882,A100
Azure,usgovvirginia,Standard_NC4as_T4_v3,Virtual Machines NCasT4 v3 Series Windows,0.24418,Other
Azure,chilecentral,Standard_NV32as_v4,Virtual Machines NVasv4 Series Windows,1.633,Other
Azure,italynorth,Standard_ND96ams_A100_v4,Virtual Machines NDamsr A100 v4 Series Linux,40.962,A100
Azure,swedencentral,Standard_NV12ads_A10_v5,Virtual Machines NVadsA10v5 Series Windows,0.693,A10
Azure,eastus2,Standard_NC12s_v3,Virtual Machines NCSv3 Series Windows,6.6816,Other
Azure,francecentral,Standard_NV18ads_A10_v5,Virtual Machines NVadsA10v5 Series Windows,0.522614,A10
Azure,southafricanorth,Standard_ND96isr_H100_v5,Virtual Machines NDsr H100 v5 Series Windows,173.088,H100
Azure,westus2,Standard_NV48s_v3,Virtual Machines NVSv3 Series Windows,6.768,Other
Azure,westus2,Standard_NV16as_v4,Virtual Machines NVasv4 Series Windows,1.668,Other
Azure,northeurope,Standard_NV72ads_A10_v5,Virtual Machines NVadsA10v5 Series Windows,4.454,A10
Azure,westus,Standard_NV24s_v2,Virtual Machines NVSv2 Series,3.069,Other
Azure,uaenorth,Standard_NV72ads_A10_v5,Virtual Machines NVadsA10v5 Series,1.865,A10
Azure,westeurope,Standard_NC8as_T4_v3,Virtual Machines NCasT4 v3 Series,0.674638,Other
Azure,centralindia,Standard_NV4as_v4,Virtual Machines NVasv4 Series,0.326,Other
Azure,westeurope,Standard_NC24ads_A100_v4,NCads A100 v4 Series Linux,4.775,A100
Azure,japaneast,Standard_NP10s,Virtual Machines NP Series Windows,0.52705,Other
Azure,southcentralus,Standard_NV6_Promo,Virtual Machines NV Promo Series Windows,0.966,Other
Azure,southeastasia,Standard_NC128lds_xl_RTXPRO6000BSE_v6,Virtual Machines NCldsxlRTX6kv6 Windows,13.588,RTX PRO 6000
Azure,switzerlandnorth,Standard_NC48ads_A100_v4,NCads A100 v4 Series Linux,1.941324,A100
Azure,switzerlandnorth,Standard_NC12s_v3,Virtual Machines NCSv3 Series,1.682,Other
Azure,germanywestcentral,Standard_NV12ads_A10_v5,Virtual Machines NVadsA10v5 Series Windows,0.693,A10
Azure,eastus2,Standard_NC4as_T4_v3,Virtual Machines NCasT4 v3 Series Windows,0.284,Other
Azure,jioindiawest,Standard_NC96ads_A100_v4,NCads A100 v4 Series Windows,24.985,A100
Azure,centralindia,Standard_NC8as_T4_v3,Virtual Machines NCasT4 v3 Series,0.23983,Other
Azure,westus,Standard_NC24s_v3,Virtual Machines NCSv3 Series,3.182,Other
Azure,centralus,Standard_NC6s_v3,Virtual Machines NCSv3 Series,0.692,Other
Azure,northeurope,Standard_NC48ads_A100_v4,NCads A100 v4 Series Windows,4.409,A100
Azure,westus3,Standard_ND96is_H100_v5,Virtual Machines NDsr H100 v5 Series Windows,92.904,H100
Azure,francecentral,Standard_NV32as_v4,Virtual Machines NVasv4 Series,0.466,Other
Azure,koreacentral,Standard_NC24ads_A100_v4,NCads A100 v4 Series Windows,6.063,A100
Azure,usgovvirginia,Standard_NC64as_T4_v3,Virtual Machines NCasT4 v3 Series Windows,3.3536,Other
Azure,northeurope,Standard_NV6ads_A10_v5,Virtual Machines NVadsA10v5 Series,0.109,A10
Azure,westeurope,Standard_ND96ams_A100_v4,Virtual Machines NDamsr A100 v4 Series Windows,45.378,A100
Azure,spaincentral,Standard_NV4ads_V710_v5,Virtual Machines NVadsV710v5 Series Windows,0.114022,Other
Azure,westus3,Standard_NC24rs_v3,Virtual Machines NCSv3 Series,13.46,Other
Azure,francecentral,Standard_NV12ads_A10_v5,Virtual Machines NVadsA10v5 Series,1.135,A10
Azure,koreasouth,Standard_NV12ads_A10_v5,Virtual Machines NVadsA10v5 Series Windows,0.311758,A10
Azure,francecentral,Standard_NV48s_v3,Virtual Machines NVSv3 Series,1.05336,Other
Azure,centralus,Standard_ND128isr_NDR_GB200_v6,Virtual Machines NDsrGB200NDRv6 Windows,138.925,GB200
Azure,northcentralus,Standard_NV12ads_A10_v5,Virtual Machines NVadsA10v5 Series,0.218,A10
Azure,italynorth,Standard_NC48ads_A100_v4,NCads A100 v4 Series Linux,1.91,A100
Azure,southcentralus,Standard_NC6s_v3,Virtual Machines NCSv3 Series Windows,3.7708,Other
Azure,westus2,Standard_NC80adis_H100_v5,Virtual Machines NCadsH100v5 Series Windows,17.64,H100
Azure,southeastasia,Standard_NC80adis_H100_v5,Virtual Machines NCadsH100v5 Series,6.072321,H100
Azure,southeastasia,Standard_NP20s,Virtual Machines NP Series Windows,0.962808,Other
Azure,switzerlandnorth,Standard_NV12ads_A10_v5,Virtual Machines NVadsA10v5 Series Windows,0.74,A10
Azure,germanywestcentral,Standard_NC8as_T4_v3,Virtual Machines NCasT4 v3 Series Windows,0.523,Other
Azure,westus2,Standard_NV24s_v3,Virtual Machines NVSv3 Series Windows,3.384,Other
Azure,italynorth,Standard_NV36ads_A10_v5,Virtual Machines NVadsA10v5 Series Windows,1.074797,A10
Azure,southindia,Standard_ND96amsr_A100_v4,Virtual Machines NDamsr A100 v4 Series Linux,12.86558,A100
Azure,centralindia,Standard_NV12s_v3,Virtual Machines NVSv3 Series,0.319,Other
Azure,uaenorth,Standard_NV24s_v3,Virtual Machines NVSv3 Series,2.782,Other
Azure,japaneast,Standard_ND96isr_H200_v5,Virtual Machines NDsrH200v5 Series Windows,110.416,H200
Azure,westeurope,Standard_NV8as_v4,Virtual Machines NVasv4 Series Windows,0.17556,Other
Azure,westus,Standard_NV24ads_V710_v5,Virtual Machines NVadsV710v5 Series,0.48048,Other
Azure,southeastasia,Standard_NV12ads_A10_v5,Virtual Machines NVadsA10v5 Series Windows,1.732,A10
Azure,italynorth,Standard_NC24ads_A100_v4,NCads A100 v4 Series Linux,4.775,A100
Azure,northeurope,Standard_NC4as_T4_v3,Virtual Machines NCasT4 v3 Series,0.117,Other
Azure,eastus,Standard_ND96ams_A100_v4,Virtual Machines NDamsr A100 v4 Series Linux,8.5202,A100
Azure,southeastasia,Standard_NC4as_T4_v3,Virtual Machines NCasT4 v3 Series,0.21344,Other
Azure,switzerlandnorth,Standard_NC48ads_A100_v4,NCads A100 v4 Series Windows,5.085,A100
Azure,italynorth,Standard_NC48ads_A100_v4,NCads A100 v4 Series Linux,1.76484,A100
Azure,usgovvirginia,Standard_NC12s_v3,Virtual Machines NCSv3 Series Windows,3.232,Other
Azure,southeastus,Standard_ND96is_flex_H100_v5,Virtual Machines NDsfH100v5 Series,115.034,H100
Azure,japaneast,Standard_NP40s,Virtual Machines NP Series,1.768536,Other
Azure,australiaeast,Standard_NC48ads_A100_v4,NCads A100 v4 Series Windows,2.376528,A100
Azure,canadacentral,Standard_ND96isr_H100_v5,Virtual Machines NDsr H100 v5 Series Windows,48.96,H100
Azure,centralus,Standard_NC32lds_xl_RTXPRO6000BSE_v6,Virtual Machines NCldsxlRTX6kv6,1.53,RTX PRO 6000
Azure,sgxsingapore1,Standard_NC4as_T4_v3,Virtual Machines NCasT4 v3 Series,0.2576,Other
Azure,koreasouth,Standard_NC80adis_H100_v5,Virtual Machines NCadsH100v5 Series Windows,3.904824,H100
Azure,southafricanorth,Standard_NV6ads_A10_v5,Virtual Machines NVadsA10v5 Series Windows,0.173527,A10
Azure,germanywestcentral,Standard_NC96ads_A100_v4,NCads A100 v4 Series Linux,3.82,A100
Azure,westus3,Standard_NG32adms_V620,Virtual Machines NGadsV620v1 Series Windows,1.91,Other
Azure,brazilsouth,Standard_NV72ads_A10_v5,Virtual Machines NVadsA10v5 Series Windows,3.02185,A10
Azure,eastus2,Standard_NCC40ads_H100_v5,Virtual Machines NCCadsv5 Srs,1.289904,H100
Azure,southeastasia,Standard_ND40s_v2,Virtual Machines NDSv2 Series Windows,24.286,Other
Azure,westus,Standard_NV24s_v3,Virtual Machines NVSv3 Series,0.421344,Other
Azure,westus3,Standard_NG32ads_V620_v1,Virtual Machines NGadsV620v1 Series,0.508,Other
Azure,eastasia,Standard_NV6ads_A10_v5,Virtual Machines NVadsA10v5 Series Windows,0.98,A10
Azure,usgovvirginia,Standard_NV24s_v3,Virtual Machines NVSv3 Series Windows,1.582,Other
Azure,australiaeast,Standard_NC16as_T4_v3,Virtual Machines NCasT4 v3 Series Windows,0.66729,Other
Azure,northeurope,Standard_NC24r_Promo,Virtual Machines NC Promo Series,1.882,Other
Azure,polandcentral,Standard_NV12ads_A10_v5,Virtual Machines NVadsA10v5 Series,0.236,A10
Azure,northcentralus,Standard_NC80adis_H100_v5,Virtual Machines NCadsH100v5 Series Windows,3.775834,H100
Azure,westeurope,Standard_NP10s,Virtual Machines NP Series Windows,2.605,Other
Azure,swedencentral,Standard_NV36ads_A10_v5,Virtual Machines NVadsA10v5 Series,4.16,A10
Azure,switzerlandnorth,Standard_NV36adms_A10_v5,Virtual Machines NVadsA10v5 Series Windows,1.500576,A10
Azure,italynorth,Standard_NV4as_v4,Virtual Machines NVasv4 Series,0.0582,Other
Azure,westeurope,Standard_ND96asr_A100_v4,Virtual Machines NDasr A100 v4 Series Windows,39.773,A100
Azure,uksouth,Standard_NG32ads_V620_v1,Virtual Machines NGadsV620v1 Series Windows,0.85969,Other
Azure,swedencentral,Standard_NC24ads_A100_v4,NCads A100 v4 Series Windows,2.880122,A100
Azure,canadacentral,Standard_NV8as_v4,Virtual Machines NVasv4 Series,0.112,Other
Azure,uaenorth,Standard_ND96amsr_A100_v4,Virtual Machines NDamsr A100 v4 Series Windows,20.511,A100
Azure,eastus,Standard_NV32as_v4,Virtual Machines NVasv4 Series Windows,1.334,Other
Azure,southeastasia,Standard_NV12s_v3,Virtual Machines NVSv3 Series Windows,0.857,Other
Azure,centralindia,Standard_NV36ads_A10_v5,Virtual Machines NVadsA10v5 Series Windows,1.133933,A10
Azure,centralus,Standard_NC24rs_v3,Virtual Machines NCSv3 Series Windows,16.318,Other
Azure,southafricanorth,Standard_NV72ads_A10_v5,Virtual Machines NVadsA10v5 Series,9.519,A10
Azure,attdallas1,Standard_NC8as_T4_v3,Virtual Machines NCasT4 v3 Series Windows,0.1716,Other
Azure,jioindiawest,Standard_NC24ads_A100_v4,NCads A100 v4 Series Windows,2.498,A100
Azure,canadacentral,Standard_NV18ads_A10_v5,Virtual Machines NVadsA10v5 Series,0.384,A10
Azure,israelcentral,Standard_NV36adms_A10_v5,Virtual Machines NVadsA10v5 Series,1.194547,A10
Azure,eastus2,Standard_NC320lds_xl_RTXPRO6000BSE_v6,Virtual Machines NCldsxlRTX6kv6,14.3,RTX PRO 6000
Azure,southeastasia,Standard_NP20s,Virtual Machines NP Series,0.792792,Other
Azure,usgovvirginia,Standard_NV6ads_A10_v5,Virtual Machines NVadsA10v5 Series Windows,0.155786,A10
Azure,northeurope,Standard_NM16ads_MA35D  ,Virtual Machines NMadsMA35D Series,2.34,Other
Azure,israelcentral,Standard_NC64as_T4_v3,Virtual Machines NCasT4 v3 Series Windows,2.58709,Other
Azure,spaincentral,Standard_NC80adis_H100_v5,Virtual Machines NCadsH100v5 Series,8.734632,H100
Azure,swedencentral,Standard_NC16as_T4_v3,Virtual Machines NCasT4 v3 Series,1.276,Other
Azure,eastus,Standard_NC16lds_xl_RTXPRO6000BSE_v6,Virtual Machines NCldsxlRTX6kv6,0.226,RTX PRO 6000
Azure,italynorth,Standard_NC96ads_A100_v4,NCads A100 v4 Series Windows,23.516,A100
Azure,brazilsouth,Standard_NC8as_T4_v3,Virtual Machines NCasT4 v3 Series Windows,0.658,Other
Azure,koreacentral,Standard_NC8as_T4_v3,Virtual Machines NCasT4 v3 Series Windows,0.517,Other
Azure,uaenorth,Standard_NC80adis_H100_v5,Virtual Machines NCadsH100v5 Series Windows,23.64,H100
Azure,brazilsouth,Standard_ND96isr_MI300X_v5,Virtual Machines NDMI300Xv5 Srs Windows,18.556877,MI300X
Azure,northeurope,Standard_ND96is_MI300X_v5,Virtual Machines NDMI300Xv5 Srs,11.52,MI300X
Azure,eastus2,Standard_NC24s_v3,Virtual Machines NCSv3 Series Windows,5.34528,Other
Azure,centralus,Standard_NC256ds_xl_RTXPRO6000BSE_v6,Virtual Machines NCdsxlRTX6kv6 Windows,5.4964,RTX PRO 6000
Azure,swedencentral,Standard_NG8ads_V620_v1,Virtual Machines NGadsV620v1 Series Windows,1.194,Other
Azure,westus2,Standard_NC6s_v3,Virtual Machines NCSv3 Series,3.06,Other
Azure,westus2,Standard_ND96asr_A100_v4,Virtual Machines NDasr A100 v4 Series,5.439,A100
Azure,eastus,Standard_NC4as_T4_v3,Virtual Machines NCasT4 v3 Series Windows,0.284,Other
Azure,southeastasia,Standard_NV48s_v3,Virtual Machines NVSv3 Series Windows,8.568,Other
Azure,australiaeast,Standard_NV24s_v3,Virtual Machines NVSv3 Series,3.179,Other
Azure,westeurope,Standard_NP10s,Virtual Machines NP Series,0.429,Other
Azure,brazilsouth,Standard_NV72ads_A10_v5,Virtual Machines NVadsA10v5 Series Windows,6.541,A10
Azure,uksouth,Standard_NC6s_v3,Virtual Machines NCSv3 Series Windows,1.546,Other
Azure,italynorth,Standard_NV18ads_A10_v5,Virtual Machines NVadsA10v5 Series Windows,2.908,A10
Azure,uksouth,Standard_NV48s_v3,Virtual Machines NVSv3 Series,1.05336,Other
Azure,japaneast,Standard_ND96ams_A100_v4,Virtual Machines NDamsr A100 v4 Series Linux,47.517,A100
Azure,westus2,Standard_NC12s_v3,Virtual Machines NCSv3 Series Windows,1.232986,Other
Azure,southcentralus,Standard_NV4ads_V710_v5,Virtual Machines NVadsV710v5 Series,0.08,Other
Azure,usgovarizona,Standard_NV16as_v4,Virtual Machines NVasv4 Series,1.165,Other
Azure,centralindia,Standard_NC24s_v3,Virtual Machines NCSv3 Series,16.936,Other
Azure,koreacentral,Standard_NC6s_v3,Virtual Machines NCSv3 Series Windows,0.833448,Other
Azure,swedencentral,Standard_NV72ads_A10_v5,Virtual Machines NVadsA10v5 Series Windows,4.715,A10
Azure,southafricanorth,Standard_ND96isr_H200_v5,Virtual Machines NDsrH200v5 Series,123.808,H200
Azure,southcentralus,Standard_NV12s_v3,Virtual Machines NVSv3 Series Windows,0.354816,Other
Azure,southcentralus,Standard_NV8ads_V710_v5,Virtual Machines NVadsV710v5 Series Windows,0.467,Other
Azure,westeurope,Standard_NV36adms_A10_v5,Virtual Machines NVadsA10v5 Series,1.175,A10
Azure,koreacentral,Standard_NC80adis_H100_v5,Virtual Machines NCadsH100v5 Series Windows,22.526,H100
Azure,centralus,Standard_NG32ads_V620_v1,Virtual Machines NGadsV620v1 Series,3.12,Other
Azure,francecentral,Standard_NV32as_v4,Virtual Machines NVasv4 Series,0.430584,Other
Azure,italynorth,Standard_NC24ads_A100_v4,NCads A100 v4 Series Windows,1.092906,A100
Azure,centralus,Standard_NG32adms_V620,Virtual Machines NGadsV620v1 Series,4.056,Other
Azure,usgovvirginia,Standard_NV32as_v4,Virtual Machines NVasv4 Series Windows,0.70261,Other
Azure,francecentral,Standard_NV36ads_A10_v5,Virtual Machines NVadsA10v5 Series,0.8,A10
Azure,eastasia,Standard_NC6s_v3,Virtual Machines NCSv3 Series Windows,2.008,Other
Azure,swedencentral,Standard_NV32as_v4,Virtual Machines NVasv4 Series Windows,0.754354,Other
Azure,malaysiawest,Standard_NC80adis_H100_v5,Virtual Machines NCadsH100v5 Series Windows,3.822483,H100
Azure,canadacentral,Standard_NC8as_T4_v3,Virtual Machines NCasT4 v3 Series Windows,1.202,Other
Azure,westus,Standard_NV12ads_A10_v5,Virtual Machines NVadsA10v5 Series Windows,1.732,A10
Azure,uaenorth,Standard_NV6ads_A10_v5,Virtual Machines NVadsA10v5 Series Windows,0.37,A10
Azure,koreacentral,Standard_NV4as_v4,Virtual Machines NVasv4 Series Windows,0.499,Other
Azure,eastus,Standard_NV12ads_V710_v5,Virtual Machines NVadsV710v5 Series,0.2,Other
Azure,westeurope,Standard_ND96is_H100_v5,Virtual Machines NDsr H100 v5 Series,21.258283,H100
Azure,chilecentral,Standard_NV8as_v4,Virtual Machines NVasv4 Series Windows,0.408,Other
Azure,southcentralus,Standard_NC24ads_A100_v4,NCads A100 v4 Series Windows,1.018618,A100
Azure,israelcentral,Standard_NV12ads_A10_v5,Virtual Machines NVadsA10v5 Series Windows,1.85,A10
Azure,northeurope,Standard_NV18ads_A10_v5,Virtual Machines NVadsA10v5 Series Windows,2.748,A10
Azure,centralus,Standard_NC32ds_xl_RTXPRO6000BSE_v6,Virtual Machines NCdsxlRTX6kv6 Windows,0.6494,RTX PRO 6000
Azure,westeurope,Standard_NP40s,Virtual Machines NP Series,8.58,Other
Azure,westus2,Standard_NC128ds_xl_RTXPRO6000BSE_v6,Virtual Machines NCdsxlRTX6kv6 Windows,2.4536,RTX PRO 6000
Azure,koreacentral,Standard_NV36adms_A10_v5,Virtual Machines NVadsA10v5 Series,6.102,A10
Azure,australiacentral2,Standard_NC16as_T4_v3,Virtual Machines NCasT4 v3 Series Windows,0.92,Other
Azure,westus3,Standard_NV8as_v4,Virtual Machines NVasv4 Series,0.466,Other
Azure,germanywestcentral,Standard_NC40ads_H100_v5,Virtual Machines NCadsH100v5 Series,9.074,H100
Azure,brazilsouth,Standard_NC8as_T4_v3,Virtual Machines NCasT4 v3 Series Windows,1.645,Other
Azure,southeastasia,Standard_NC16as_T4_v3,Virtual Machines NCasT4 v3 Series Windows,2.421,Other
Azure,brazilsouth,Standard_NV12ads_A10_v5,Virtual Machines NVadsA10v5 Series,0.363,A10
Azure,polandcentral,Standard_NC64as_T4_v3,Virtual Machines NCasT4 v3 Series Windows,2.54562,Other
Azure,canadaeast,Standard_ND128isr_NDR_GB200_v6,Virtual Machines NDsrGB200NDRv6 Windows,135.688,GB200
Azure,southcentralus,Standard_NC96ads_A100_v4,NCads A100 v4 Series Windows,8.819,A100
Azure,eastus2,Standard_NC6s_v3,Virtual Machines NCSv3 Series,0.612,Other
Azure,westus2,Standard_NC8as_T4_v3,Virtual Machines NCasT4 v3 Series,0.21808,Other
Azure,centralus,Standard_NV36ads_A10_v5,Virtual Machines NVadsA10v5 Series Windows,5.592,A10
Azure,usgovvirginia,Standard_NC6s_v3,Virtual Machines NCSv3 Series,0.678586,Other
Azure,switzerlandnorth,Standard_NV12s_v3,Virtual Machines NVSv3 Series,1.569,Other
Azure,spaincentral,Standard_NC40ads_H100_v5,Virtual Machines NCadsH100v5 Series,1.815,H100
Azure,japaneast,Standard_NV8as_v4,Virtual Machines NVasv4 Series Windows,0.417,Other
Azure,jioindiawest,Standard_NV36adms_A10_v5,Virtual Machines NVadsA10v5 Series Windows,7.984,A10
Azure,uksouth,Standard_NV18ads_A10_v5,Virtual Machines NVadsA10v5 Series Windows,1.131,A10
Azure,eastus,Standard_NC8lds_xl_RTXPRO6000BSE_v6,Virtual Machines NCldsxlRTX6kv6 Windows,0.1836,RTX PRO 6000
Azure,eastus,Standard_NV48s_v3,Virtual Machines NVSv3 Series Windows,2.707,Other
Azure,southeastasia,Standard_NC4as_T4_v3,Virtual Machines NCasT4 v3 Series Windows,0.368,Other
Azure,southafricanorth,Standard_ND96ams_A100_v4,Virtual Machines NDamsr A100 v4 Series Linux,9.569,A100
Azure,usgovarizona,Standard_NC24r_Promo,Virtual Machines NC Promo Series Windows,3.195,Other
Azure,westus2,Standard_ND40rs_v2,Virtual Machines NDrSv2 Series Windows,9.549,Other
Azure,switzerlandnorth,Standard_NV72ads_A10_v5,Virtual Machines NVadsA10v5 Series,9.324,A10
Azure,polandcentral,Standard_ND96is_H100_v5,Virtual Machines NDsr H100 v5 Series,23.007,H100
Azure,usgovarizona,Standard_NV18ads_A10_v5,Virtual Machines NVadsA10v5 Series,2.0,A10
Azure,polandcentral,Standard_NV18ads_A10_v5,Virtual Machines NVadsA10v5 Series Windows,1.163,A10
Azure,centralus,Standard_NV6ads_A10_v5,Virtual Machines NVadsA10v5 Series,0.558,A10
Azure,centralus,Standard_NV72ads_A10_v5,Virtual Machines NVadsA10v5 Series,1.482096,A10
Azure,francecentral,Standard_ND96is_MI300X_v5,Virtual Machines NDMI300Xv5 Srs,60.0,MI300X
Azure,brazilsouth,Standard_NV12s_v3,Virtual Machines NVSv3 Series,0.388,Other
Azure,westus,Standard_NC4as_T4_v3,Virtual Machines NCasT4 v3 Series,0.631,Other
Azure,southcentralus,Standard_ND96asr_v4,Virtual Machines NDasr A100 v4 Series Windows,37.046,Other
Azure,westus,Standard_ND96isr_H200_v5,Virtual Machines NDsrH200v5 Series,22.048,H200
Azure,koreacentral,Standard_NV8as_v4,Virtual Machines NVasv4 Series,0.116239,Other
Azure,southeastasia,Standard_NV12s_v3,Virtual Machines NVSv3 Series Windows,0.395842,Other
Azure,polandcentral,Standard_NV36adms_A10_v5,Virtual Machines NVadsA10v5 Series Windows,1.391914,A10
Azure,eastus2,Standard_NC16as_T4_v3,Virtual Machines NCasT4 v3 Series,0.241,Other
Azure,swedencentral,Standard_NC24ads_A100_v4,NCads A100 v4 Series Windows,5.879,A100
Azure,centralindia,Standard_NC48ads_A100_v4,NCads A100 v4 Series Linux,2.057,A100
Azure,koreacentral,Standard_NC64as_T4_v3,Virtual Machines NCasT4 v3 Series Windows,3.319,Other
Azure,southcentralus,Standard_NV8as_v4,Virtual Machines NVasv4 Series,0.559,Other
Azure,koreasouth,Standard_ND128isrf_NDR_GB200_v6,Virtual Machines NDsrfGB200NDRv6 Windows,26.0576,GB200
Azure,westus,Standard_NC6s_v3,Virtual Machines NCSv3 Series Windows,4.254,Other
Azure,koreacentral,Standard_NV6ads_A10_v5,Virtual Machines NVadsA10v5 Series,0.613,A10
Azure,norwayeast,Standard_ND96amsr_A100_v4,Virtual Machines NDamsr A100 v4 Series Linux,9.372,A100
Azure,westcentralus,Standard_ND96isr_MI300X_v5,Virtual Machines NDMI300Xv5 Srs,57.6,MI300X
Azure,southeastasia,Standard_NC32lds_xl_RTXPRO6000BSE_v6,Virtual Machines NCldsxlRTX6kv6,1.74,RTX PRO 6000
Azure,eastus2,Standard_NC4as_T4_v3,Virtual Machines NCasT4 v3 Series,0.105,Other
Azure,germanywestcentral,Standard_ND96is_MI300X_v5,Virtual Machines NDMI300Xv5 Srs Windows,26.726,MI300X
Azure,polandcentral,Standard_NV4as_v4,Virtual Machines NVasv4 Series,0.053777,Other
Azure,uksouth,Standard_NV24s_v3,Virtual Machines NVSv3 Series Windows,3.954,Other
Azure,switzerlandwest,Standard_ND96ams_A100_v4,Virtual Machines NDamsr A100 v4 Series Linux,12.184,A100
Azure,northeurope,Standard_ND96isr_H200_v5,Virtual Machines NDsrH200v5 Series Windows,106.176,H200
Azure,polandcentral,Standard_NC24ads_A100_v4,NCads A100 v4 Series Linux,1.06769,A100
Azure,brazilsouth,Standard_NC8as_T4_v3,Virtual Machines NCasT4 v3 Series,1.277,Other
Azure,jioindiacentral,Standard_NV12ads_A10_v5,Virtual Machines NVadsA10v5 Series Windows,1.823,A10
Azure,canadacentral,Standard_NV12ads_A10_v5,Virtual Machines NVadsA10v5 Series,1.09,A10
Azure,australiaeast,Standard_NV72ads_A10_v5,Virtual Machines NVadsA10v5 Series,9.454,A10
Azure,centralus,Standard_NV18ads_A10_v5,Virtual Machines NVadsA10v5 Series,0.394,A10
Azure,swedencentral,Standard_NG16ads_V620_v1,Virtual Machines NGadsV620v1 Series,0.305105,Other
Azure,northcentralus,Standard_NC6_Promo,Virtual Machines NC Promo Series Windows,0.672,Other
Azure,westeurope,Standard_NM16ads_MA35D  ,Virtual Machines NMadsMA35D Series Windows,3.271,Other
Azure,australiaeast,Standard_ND96ams_A100_v4,Virtual Machines NDamsr A100 v4 Series Windows,13.50232,A100
Azure,eastus2,Standard_NCC40ads_H100_v5,Virtual Machines NCCadsv5 Srs,6.98,H100
Azure,westus3,Standard_NV12ads_A10_v5,Virtual Machines NVadsA10v5 Series Windows,0.269808,A10
Azure,spaincentral,Standard_NV18ads_A10_v5,Virtual Machines NVadsA10v5 Series Windows,2.908,A10
Azure,southcentralus,Standard_NC40ads_H100_v5,Virtual Machines NCadsH100v5 Series,1.676,H100
Azure,westus2,Standard_NV8as_v4,Virtual Machines NVasv4 Series,0.0932,Other
Azure,uaenorth,Standard_NV18ads_A10_v5,Virtual Machines NVadsA10v5 Series,0.458,A10
Azure,attdallas1,Standard_NC64as_T4_v3,Virtual Machines NCasT4 v3 Series,0.566,Other
Azure,centralindia,Standard_NV12ads_A10_v5,Virtual Machines NVadsA10v5 Series,1.271,A10
Azure,uksouth,Standard_NV8as_v4,Virtual Machines NVasv4 Series Windows,0.95,Other
Azure,southeastasia,Standard_NV4as_v4,Virtual Machines NVasv4 Series,0.303,Other
Azure,japaneast,Standard_NV24s_v3,Virtual Machines NVSv3 Series Windows,4.264,Other
Azure,westus2,Standard_NV36ads_A10_v5,Virtual Machines NVadsA10v5 Series,0.59136,A10
Azure,westus3,Standard_NG16ads_V620_v1,Virtual Machines NGadsV620v1 Series,1.27,Other
Azure,westus,Standard_ND96is_MI300X_v5,Virtual Machines NDMI300Xv5 Srs Windows,12.431311,MI300X
Azure,usgovvirginia,Standard_ND96isr_H200_v5,Virtual Machines NDsrH200v5 Series Windows,110.416,H200
Azure,israelcentral,Standard_NV6ads_A10_v5,Virtual Machines NVadsA10v5 Series,0.119935,A10
Azure,eastus2,Standard_ND96isf_H100_v5,Virtual Machines NDsrf H100 v5 Series,16.352582,H100
Azure,southeastasia,Standard_NC64as_T4_v3,Virtual Machines NCasT4 v3 Series Windows,9.033,Other
Azure,northcentralus,Standard_NV12ads_V710_v5,Virtual Machines NVadsV710v5 Series,0.22176,Other
Azure,brazilsouth,Standard_NV12ads_A10_v5,Virtual Machines NVadsA10v5 Series Windows,0.437606,A10
Azure,westus3,Standard_NC32ads_A10_v4,Virtual Machines NCadsA10v4 Series,0.81312,A10
Azure,uksouth,Standard_NC12s_v3,Virtual Machines NCSv3 Series,1.326494,Other
Azure,germanywestcentral,Standard_NC8as_T4_v3,Virtual Machines NCasT4 v3 Series Windows,1.307,Other
Azure,northeurope,Standard_NC32lds_xl_RTXPRO6000BSE_v6,Virtual Machines NCldsxlRTX6kv6,1.779,RTX PRO 6000
Azure,swedencentral,Standard_ND96ams_A100_v4,Virtual Machines NDamsr A100 v4 Series Windows,11.79828,A100
Azure,switzerlandnorth,Standard_NV36ads_A10_v5,Virtual Machines NVadsA10v5 Series,0.915,A10
Azure,israelcentral,Standard_NC64as_T4_v3,Virtual Machines NCasT4 v3 Series,1.195,Other
Azure,australiaeast,Standard_ND96ams_A100_v4,Virtual Machines NDamsr A100 v4 Series Linux,12.35416,A100
Azure,uksouth,Standard_NV72ads_A10_v5,Virtual Machines NVadsA10v5 Series,1.50612,A10
Azure,malaysiawest,Standard_NV18ads_A10_v5,Virtual Machines NVadsA10v5 Series Windows,2.7,A10
Azure,japanwest,Standard_ND96ams_A100_v4,Virtual Machines NDamsr A100 v4 Series Linux,50.794,A100
Azure,swedencentral,Standard_ND96isrf_H100_v5,Virtual Machines NDsrf H100 v5 Series,23.620397,H100
Azure,eastus2,Standard_NG8ads_V620_v1,Virtual Machines NGadsV620v1 Series Windows,0.185354,Other
Azure,swedencentral,Standard_NC96ads_A100_v4,NCads A100 v4 Series Linux,8.31996,A100
Azure,francecentral,Standard_ND96isr_MI300X_v5,Virtual Machines NDMI300Xv5 Srs Windows,64.416,MI300X
Azure,italynorth,Standard_ND96asr_A100_v4,Virtual Machines NDasr A100 v4 Series Windows,8.75006,A100
Azure,usgovvirginia,Standard_NV72ads_A10_v5,Virtual Machines NVadsA10v5 Series Windows,11.462,A10
Azure,northeurope,Standard_NV72ads_A10_v5,Virtual Machines NVadsA10v5 Series,1.565,A10
Azure,usgovarizona,Standard_NV12s_v3,Virtual Machines NVSv3 Series Windows,0.36535,Other
Azure,switzerlandnorth,Standard_NV6ads_A10_v5,Virtual Machines NVadsA10v5 Series,0.119935,A10
Azure,israelcentral,Standard_NC16as_T4_v3,Virtual Machines NCasT4 v3 Series,1.657,Other
Azure,israelcentral,Standard_NV36adms_A10_v5,Virtual Machines NVadsA10v5 Series Windows,3.248,A10
Azure,eastus,Standard_NC128lds_xl_RTXPRO6000BSE_v6,Virtual Machines NCldsxlRTX6kv6 Windows,11.388,RTX PRO 6000
Azure,westus3,Standard_ND96asr_A100_v4,Virtual Machines NDasr A100 v4 Series,5.98334,A100
Azure,usgovarizona,Standard_NC12_Promo,Virtual Machines NC Promo Series Windows,1.502,Other
Azure,usgovarizona,Standard_NC12s_v3,Virtual Machines NCSv3 Series,1.357171,Other
Azure,canadacentral,Standard_NC12s_v3,Virtual Machines NCSv3 Series,6.732,Other
Azure,qatarcentral,Standard_NC6s_v3,Virtual Machines NCSv3 Series,4.205,Other
Azure,westeurope,Standard_NC12s_v3,Virtual Machines NCSv3 Series,1.529,Other
Azure,japaneast,Standard_NV8as_v4,Virtual Machines NVasv4 Series,0.124925,Other
Azure,usgovvirginia,Standard_ND40rs_v2,Virtual Machines NDrSv2 Series,5.089392,Other
Azure,eastus,Standard_NC24rs_v3,Virtual Machines NCSv3 Series Windows,5.82,Other
Azure,canadacentral,Standard_NC96ads_A100_v4,NCads A100 v4 Series Windows,22.046,A100
Azure,eastus,Standard_ND96isr_H100_v5,Virtual Machines NDsr H100 v5 Series,19.664,H100
Azure,westus2,Standard_NV36adms_A10_v5,Virtual Machines NVadsA10v5 Series Windows,1.141325,A10
Azure,eastus2,Standard_NC256lds_xl_RTXPRO6000BSE_v6,Virtual Machines NCldsxlRTX6kv6 Windows,4.5552,RTX PRO 6000
Azure,japanwest,Standard_NC64as_T4_v3,Virtual Machines NCasT4 v3 Series Windows,2.69265,Other
Azure,uaenorth,Standard_NV48s_v3,Virtual Machines NVSv3 Series,1.028042,Other
Azure,westeurope,Standard_NV16as_v4,Virtual Machines NVasv4 Series Windows,1.901,Other
Azure,southeastasia,Standard_NC12s_v3,Virtual Machines NCSv3 Series Windows,3.608,Other
Azure,southcentralus,Standard_NC40ads_H100_v5,Virtual Machines NCadsH100v5 Series Windows,7.078372,H100
Azure,polandcentral,Standard_ND96amsr_A100_v4,Virtual Machines NDamsr A100 v4 Series Windows,13.33956,A100
Azure,switzerlandnorth,Standard_NC24rs_v3,Virtual Machines NCSv3 Series Windows,7.843,Other
Azure,canadacentral,Standard_NC24ads_A100_v4,NCads A100 v4 Series Windows,1.232483,A100
Azure,eastus,Standard_NC64as_T4_v3,Virtual Machines NCasT4 v3 Series,4.352,Other
Azure,japaneast,Standard_ND96isr_H100_v5,Virtual Machines NDsr H100 v5 Series,26.345827,H100
Azure,polandcentral,Standard_NV72ads_A10_v5,Virtual Machines NVadsA10v5 Series Windows,2.178422,A10
Azure,japaneast,Standard_NV36adms_A10_v5,Virtual Machines NVadsA10v5 Series,1.311,A10
Azure,swedencentral,Standard_NC24ads_A100_v4,NCads A100 v4 Series Linux,0.955,A100
Azure,uksouth,Standard_NV12_Promo,Virtual Machines NV Promo Series Windows,2.355,Other
Azure,usgovarizona,Standard_NV36ads_A10_v5,Virtual Machines NVadsA10v5 Series Windows,5.656,A10
Azure,uksouth,Standard_NC6s_v3,Virtual Machines NCSv3 Series Windows,3.865,Other
Azure,eastus,Standard_NC6s_v3,Virtual Machines NCSv3 Series,3.06,Other
Azure,mexicocentral,Standard_NV18ads_A10_v5,Virtual Machines NVadsA10v5 Series,0.326357,A10
Azure,southcentralus,Standard_NV72ads_A10_v5,Virtual Machines NVadsA10v5 Series,1.445875,A10
Azure,eastus,Standard_NP40s,Virtual Machines NP Series Windows,1.559712,Other
Azure,switzerlandnorth,Standard_NV36adms_A10_v5,Virtual Machines NVadsA10v5 Series,6.464,A10
Azure,northeurope,Standard_NC256ds_xl_RTXPRO6000BSE_v6,Virtual Machines NCdsxlRTX6kv6,3.6516,RTX PRO 6000
Azure,polandcentral,Standard_NC8as_T4_v3,Virtual Machines NCasT4 v3 Series Windows,0.522,Other
Azure,eastus,Standard_NC4as_T4_v3,Virtual Machines NCasT4 v3 Series Windows,0.275693,Other
Azure,israelcentral,Standard_NC4as_T4_v3,Virtual Machines NCasT4 v3 Series Windows,0.26332,Other
Azure,japaneast,Standard_NC8as_T4_v3,Virtual Machines NCasT4 v3 Series Windows,1.383,Other
Azure,northcentralus,Standard_NC4as_T4_v3,Virtual Machines NCasT4 v3 Series Windows,0.284,Other
Azure,koreacentral,Standard_NV18ads_A10_v5,Virtual Machines NVadsA10v5 Series Windows,2.988,A10
Azure,usgovvirginia,Standard_NV32as_v4,Virtual Machines NVasv4 Series,2.33,Other
Azure,attdallas1,Standard_NV8as_v4,Virtual Machines NVasv4 Series Windows,0.539,Other
Azure,attatlanta1,Standard_NV32as_v4,Virtual Machines NVasv4 Series Windows,1.894,Other
Azure,southcentralus,Standard_NV36adms_A10_v5,Virtual Machines NVadsA10v5 Series Windows,1.308384,A10
Azure,swedencentral,Standard_ND96is_flex_H100_v5,Virtual Machines NDsfH100v5 Series,115.034,H100
Azure,japaneast,Standard_NV24_Promo,Virtual Machines NV Promo Series Windows,4.895,Other
Azure,koreasouth,Standard_NV12ads_A10_v5,Virtual Machines NVadsA10v5 Series Windows,0.675,A10
Azure,westus,Standard_NV24_Promo,Virtual Machines NV Promo Series Windows,4.08,Other
Azure,northcentralus,Standard_ND96isrf_H100_v5,Virtual Machines NDsrf H100 v5 Series Windows,22.61952,H100
Azure,australiaeast,Standard_NC8as_T4_v3,Virtual Machines NCasT4 v3 Series Windows,0.538,Other
Azure,uksouth,Standard_NC24r_Promo,Virtual Machines NC Promo Series,2.484,Other
Azure,australiaeast,Standard_NC4as_T4_v3,Virtual Machines NCasT4 v3 Series Windows,0.868,Other
Azure,koreacentral,Standard_NC80adis_H100_v5,Virtual Machines NCadsH100v5 Series,10.391684,H100
Azure,northeurope,Standard_ND96is_MI300X_v5,Virtual Machines NDMI300Xv5 Srs,10.64448,MI300X
Azure,uksouth,Standard_NC8as_T4_v3,Virtual Machines NCasT4 v3 Series Windows,0.715104,Other
Azure,westus,Standard_NC16as_T4_v3,Virtual Machines NCasT4 v3 Series,1.445,Other
Azure,mexicocentral,Standard_NV12ads_A10_v5,Virtual Machines NVadsA10v5 Series,1.002,A10
Azure,eastasia,Standard_NV12ads_A10_v5,Virtual Machines NVadsA10v5 Series Windows,0.784,A10
Azure,westus,Standard_NC8as_T4_v3,Virtual Machines NCasT4 v3 Series Windows,0.508,Other
Azure,eastus2,Standard_ND96amsr_A100_v4,Virtual Machines NDamsr A100 v4 Series Windows,14.874,A100
Azure,francecentral,Standard_NV48s_v3,Virtual Machines NVSv3 Series Windows,1.461398,Other
Azure,germanywestcentral,Standard_NV72ads_A10_v5,Virtual Machines NVadsA10v5 Series Windows,11.788,A10
Azure,eastus,Standard_NC24r_Promo,Virtual Machines NC Promo Series,1.742,Other
Azure,israelcentral,Standard_NC24s_v3,Virtual Machines NCSv3 Series,3.364,Other
Azure,centralus,Standard_ND128isr_NDR_GB200_v6,Virtual Machines NDsrGB200NDRv6 Series,133.037,GB200
Azure,malaysiawest,Standard_ND96isr_H200_v5,Virtual Machines NDsrH200v5 Series Windows,103.632,H200
Azure,westus2,Standard_NP10s,Virtual Machines NP Series Windows,0.389928,Other
Azure,uaenorth,Standard_NV12s_v3,Virtual Machines NVSv3 Series,0.278,Other
Azure,westus3,Standard_NG8ads_V620_v1,Virtual Machines NGadsV620v1 Series Windows,0.401,Other
Azure,usgovarizona,Standard_NC24rs_v3,Virtual Machines NCSv3 Series,3.231,Other
Azure,spaincentral,Standard_NV18ads_A10_v5,Virtual Machines NVadsA10v5 Series,0.384384,A10
Azure,qatarcentral,Standard_NV12ads_A10_v5,Virtual Machines NVadsA10v5 Series,1.298,A10
Azure,qatarcentral,Standard_NC12s_v3,Virtual Machines NCSv3 Series Windows,1.666526,Other
Azure,attatlanta1,Standard_NV8as_v4,Virtual Machines NVasv4 Series Windows,0.473,Other
Azure,westus2,Standard_NV24_Promo,Virtual Machines NV Promo Series,2.622,Other
Azure,eastus,Standard_NC4as_T4_v3,Virtual Machines NCasT4 v3 Series,0.204246,Other
Azure,australiaeast,Standard_NC96ads_A100_v4,NCads A100 v4 Series Windows,4.752871,A100
Azure,norwaywest,Standard_NV24s_v3,Virtual Machines NVSv3 Series,0.753245,Other
Azure,westus2,Standard_NV32as_v4,Virtual Machines NVasv4 Series,0.344467,Other
Azure,uksouth,Standard_ND96isr_H100_v5,Virtual Machines NDsr H100 v5 Series,122.9,H100
Azure,usgovvirginia,Standard_NC64as_T4_v3,Virtual Machines NCasT4 v3 Series,1.5776,Other
Azure,eastus2,Standard_NG32ads_V620_v1,Virtual Machines NGadsV620v1 Series,0.469392,Other
Azure,australiacentral2,Standard_NC8as_T4_v3,Virtual Machines NCasT4 v3 Series Windows,0.20175,Other
Azure,japaneast,Standard_NP10s,Virtual Machines NP Series,0.442042,Other
Azure,norwaywest,Standard_NV12s_v3,Virtual Machines NVSv3 Series Windows,0.478632,Other
Azure,switzerlandnorth,Standard_ND96is_H100_v5,Virtual Machines NDsr H100 v5 Series,23.384222,H100
Azure,eastus2,Standard_NC128lds_xl_RTXPRO6000BSE_v6,Virtual Machines NCldsxlRTX6kv6 Windows,2.2776,RTX PRO 6000
Azure,usgovarizona,Standard_NV36adms_A10_v5,Virtual Machines NVadsA10v5 Series Windows,7.306,A10
Azure,southeastus,Standard_ND96isf_H100_v5,Virtual Machines NDsrf H100 v5 Series,115.034,H100
Azure,northeurope,Standard_NC80adis_H100_v5,Virtual Machines NCadsH100v5 Series,3.09577,H100
Azure,westus2,Standard_NV32as_v4,Virtual Machines NVasv4 Series Windows,0.616493,Other
Azure,chilecentral,Standard_NV4as_v4,Virtual Machines NVasv4 Series,0.060245,Other
Azure,northcentralus,Standard_NC16as_T4_v3,Virtual Machines NCasT4 v3 Series Windows,0.776,Other
Azure,usgovarizona,Standard_ND40rs_v2,Virtual Machines NDrSv2 Series Windows,29.379,Other
Azure,westeurope,Standard_NP20s,Virtual Machines NP Series Windows,0.962808,Other
Azure,germanywestcentral,Standard_NV4as_v4,Virtual Machines NVasv4 Series Windows,0.19,Other
Azure,southcentralus,Standard_NV16as_v4,Virtual Machines NVasv4 Series,0.224,Other
Azure,attdallas1,Standard_NC16as_T4_v3,Virtual Machines NCasT4 v3 Series,0.785,Other
Azure,uksouth,Standard_NV4as_v4,Virtual Machines NVasv4 Series Windows,0.475,Other
Azure,eastus,Standard_NC40ads_H100_v5,Virtual Machines NCadsH100v5 Series Windows,8.82,H100
Azure,eastus2,Standard_NG32adms_V620,Virtual Machines NGadsV620v1 Series,3.302,Other
Azure,australiaeast,Standard_NC80adis_H100_v5,Virtual Machines NCadsH100v5 Series Windows,9.569,H100
Azure,usgovvirginia,Standard_NV36adms_A10_v5,Virtual Machines NVadsA10v5 Series,1.04412,A10
Azure,northcentralus,Standard_NC64as_T4_v3,Virtual Machines NCasT4 v3 Series,4.352,Other
Azure,centralindia,Standard_NV16as_v4,Virtual Machines NVasv4 Series Windows,2.041,Other
Azure,eastus2,Standard_NV12s_v3,Virtual Machines NVSv3 Series,0.210672,Other
Azure,westus3,Standard_NV16as_v4,Virtual Machines NVasv4 Series Windows,0.308246,Other
Azure,canadacentral,Standard_NC24rs_v3,Virtual Machines NCSv3 Series Windows,15.914,Other
Azure,westeurope,Standard_NC80adis_H100_v5,Virtual Machines NCadsH100v5 Series Windows,21.84,H100
Azure,southafricanorth,Standard_NV36ads_A10_v5,Virtual Machines NVadsA10v5 Series,0.863386,A10
Azure,westeurope,Standard_NG8ads_V620_v1,Virtual Machines NGadsV620v1 Series Windows,1.194,Other
Azure,eastus2,Standard_ND96isr_MI300X_v5,Virtual Machines NDMI300Xv5 Srs,8.8704,MI300X
Azure,eastus2,Standard_ND96is_flex_H100_v5,Virtual Machines NDsfH100v5 Series,88.488,H100
Azure,italynorth,Standard_NV12ads_A10_v5,Virtual Machines NVadsA10v5 Series,1.18,A10
Azure,eastus,Standard_ND96is_H100_v5,Virtual Machines NDsr H100 v5 Series Windows,37.162,H100
Azure,southeastasia,Standard_NC48ads_A100_v4,NCads A100 v4 Series Linux,1.76484,A100
Azure,southcentralus,Standard_NC8ads_A10_v4,Virtual Machines NCadsA10v4 Series,0.243936,A10
Azure,usgovvirginia,Standard_ND40rs_v2,Virtual Machines NDrSv2 Series Windows,29.379,Other
Azure,israelcentral,Standard_NC16as_T4_v3,Virtual Machines NCasT4 v3 Series Windows,0.957,Other
Azure,canadacentral,Standard_NC96ads_A100_v4,NCads A100 v4 Series Linux,17.63,A100
Azure,malaysiawest,Standard_NV18ads_A10_v5,Virtual Machines NVadsA10v5 Series Windows,0.49896,A10
Azure,westus2,Standard_NV16as_v4,Virtual Machines NVasv4 Series,0.932,Other
Azure,japaneast,Standard_NV6_Promo,Virtual Machines NV Promo Series,0.948,Other
Azure,eastasia,Standard_NC12s_v3,Virtual Machines NCSv3 Series,1.753013,Other
Azure,spaincentral,Standard_ND96isr_H100_v5,Virtual Machines NDsr H100 v5 Series Windows,132.232,H100
Azure,southcentralus,Standard_NV24s_v2,Virtual Machines NVSv2 Series Windows,1.315,Other
Azure,westus,Standard_ND96isr_H100_v5,Virtual Machines NDsr H100 v5 Series Windows,132.232,H100
Azure,uaenorth,Standard_NV18ads_A10_v5,Virtual Machines NVadsA10v5 Series Windows,0.575837,A10
Azure,centralindia,Standard_NV32as_v4,Virtual Machines NVasv4 Series Windows,0.754354,Other
Azure,japanwest,Standard_ND96ams_A100_v4,Virtual Machines NDamsr A100 v4 Series Windows,22.084,A100
Azure,southafricanorth,Standard_NV12s_v3,Virtual Machines NVSv3 Series,1.46,Other
Azure,usgovvirginia,Standard_NV16as_v4,Virtual Machines NVasv4 Series Windows,0.351305,Other
Azure,koreasouth,Standard_NV18ads_A10_v5,Virtual Machines NVadsA10v5 Series Windows,0.522614,A10
Azure,koreasouth,Standard_NV12ads_A10_v5,Virtual Machines NVadsA10v5 Series,1.135,A10
Azure,koreacentral,Standard_NV36ads_A10_v5,Virtual Machines NVadsA10v5 Series,0.798336,A10
Azure,polandcentral,Standard_NV36adms_A10_v5,Virtual Machines NVadsA10v5 Series,1.175,A10
Azure,southeastasia,Standard_NC16as_T4_v3,Virtual Machines NCasT4 v3 Series,1.685,Other
Azure,swedencentral,Standard_ND40s_v2,Virtual Machines NDSv2 Series,2.448,Other
Azure,southcentralus,Standard_NV8ads_V710_v5,Virtual Machines NVadsV710v5 Series,0.8,Other
Azure,malaysiawest,Standard_NV36adms_A10_v5,Virtual Machines NVadsA10v5 Series Windows,2.778,A10
Azure,brazilsouth,Standard_NV48s_v3,Virtual Machines NVSv3 Series,7.752,Other
Azure,koreacentral,Standard_NV16as_v4,Virtual Machines NVasv4 Series Windows,0.368491,Other
Azure,germanywestcentral,Standard_NC8as_T4_v3,Virtual Machines NCasT4 v3 Series,0.188,Other
Azure,malaysiawest,Standard_NV36adms_A10_v5,Virtual Machines NVadsA10v5 Series,0.977222,A10
Azure,usgovvirginia,Standard_ND40rs_v2,Virtual Machines NDrSv2 Series,5.508,Other
Azure,australiaeast,Standard_NV8as_v4,Virtual Machines NVasv4 Series,0.135,Other
Azure,switzerlandnorth,Standard_NV12ads_A10_v5,Virtual Machines NVadsA10v5 Series Windows,0.34188,A10
Azure,westeurope,Standard_NC8as_T4_v3,Virtual Machines NCasT4 v3 Series Windows,0.523,Other
Azure,centralus,Standard_ND96is_flex_H100_v5,Virtual Machines NDsfH100v5 Series Windows,113.256,H100
Azure,northcentralus,Standard_NV6ads_A10_v5,Virtual Machines NVadsA10v5 Series Windows,0.821,A10
Azure,attatlanta1,Standard_NV4ahs_v4,Virtual Machines NVasv4 VDI Series Windows,0.166,Other
Azure,canadacentral,Standard_NC24rs_v3,Virtual Machines NCSv3 Series Windows,6.366,Other
Azure,westeurope,Standard_NC16as_T4_v3,Virtual Machines NCasT4 v3 Series Windows,1.621588,Other
Azure,northcentralus,Standard_NC24ads_A100_v4,NCads A100 v4 Series Linux,0.814598,A100
Azure,uksouth,Standard_NC24ads_A100_v4,NCads A100 v4 Series Linux,4.591,A100
Azure,uaenorth,Standard_NV6ads_A10_v5,Virtual Machines NVadsA10v5 Series,0.13,A10
Azure,germanywestcentral,Standard_ND96isr_MI300X_v5,Virtual Machines NDMI300Xv5 Srs Windows,26.726,MI300X
Azure,japaneast,Standard_ND96isr_H200_v5,Virtual Machines NDsrH200v5 Series,106.0,H200
Azure,eastus,Standard_ND96isr_H100_v5,Virtual Machines NDsr H100 v5 Series Windows,18.985613,H100
Azure,australiaeast,Standard_NV48s_v3,Virtual Machines NVSv3 Series,1.174958,Other
Azure,eastus,Standard_NC64as_T4_v3,Virtual Machines NCasT4 v3 Series Windows,2.833037,Other
Azure,mexicocentral,Standard_NV8as_v4,Virtual Machines NVasv4 Series,0.094802,Other
Azure,japaneast,Standard_ND96is_H100_v5,Virtual Machines NDsr H100 v5 Series,128.308,H100
Azure,westus,Standard_NC128lds_xl_RTXPRO6000BSE_v6,Virtual Machines NCldsxlRTX6kv6 Windows,2.6076,RTX PRO 6000
Azure,francecentral,Standard_NV36ads_A10_v5,Virtual Machines NVadsA10v5 Series Windows,1.045229,A10
Azure,westeurope,Standard_NV32as_v4,Virtual Machines NVasv4 Series Windows,3.802,Other
Azure,australiaeast,Standard_NV24_Promo,Virtual Machines NV Promo Series Windows,4.919,Other
Azure,northcentralus,Standard_ND96isrf_H100_v5,Virtual Machines NDsrf H100 v5 Series,21.803443,H100
Azure,eastus2,Standard_NC320lds_xl_RTXPRO6000BSE_v6,Virtual Machines NCldsxlRTX6kv6 Windows,29.02,RTX PRO 6000
Azure,eastus2,Standard_NC24rs_v3,Virtual Machines NCSv3 Series,2.6928,Other
Azure,usgovarizona,Standard_NC24rs_v3,Virtual Machines NCSv3 Series,16.157,Other
Azure,southafricanorth,Standard_NV6ads_A10_v5,Virtual Machines NVadsA10v5 Series,0.663,A10
Azure,centralus,Standard_NV72ads_A10_v5,Virtual Machines NVadsA10v5 Series Windows,11.332,A10
Azure,qatarcentral,Standard_NC24s_v3,Virtual Machines NCSv3 Series,3.108521,Other
Azure,eastus,Standard_NC24ads_A100_v4,NCads A100 v4 Series Windows,1.326573,A100
Azure,canadacentral,Standard_NP10s,Virtual Machines NP Series,0.396,Other
Azure,centralindia,Standard_NC24rs_v3,Virtual Machines NCSv3 Series Windows,7.894,Other
Azure,northeurope,Standard_NV48s_v3,Virtual Machines NVSv3 Series,0.968,Other
Azure,eastus,Standard_ND96isrf_H100_v5,Virtual Machines NDsrf H100 v5 Series Windows,18.985613,H100
Azure,koreacentral,Standard_ND96is_H100_v5,Virtual Machines NDsr H100 v5 Series,22.076023,H100
Azure,francecentral,Standard_NV72ads_A10_v5,Virtual Machines NVadsA10v5 Series Windows,11.462,A10
Azure,westus2,Standard_NC64as_T4_v3,Virtual Machines NCasT4 v3 Series Windows,2.11584,Other
Azure,westus,Standard_NV18ads_A10_v5,Virtual Machines NVadsA10v5 Series,2.08,A10
Azure,southcentralus2,Standard_ND96isr_H200_v5,Virtual Machines NDsrH200v5 Series,93.28,H200
Azure,israelcentral,Standard_NC12s_v3,Virtual Machines NCSv3 Series,1.682,Other
Azure,uksouth,Standard_NC24s_v3,Virtual Machines NCSv3 Series Windows,2.857008,Other
Azure,usgovvirginia,Standard_NC12s_v3,Virtual Machines NCSv3 Series,1.357171,Other
Azure,australiasoutheast,Standard_ND96is_MI300X_v5,Virtual Machines NDMI300Xv5 Srs Windows,71.616,MI300X
Azure,southeastasia,Standard_NV4as_v4,Virtual Machines NVasv4 Series Windows,0.195,Other
Azure,northeurope,Standard_NC12s_v3,Virtual Machines NCSv3 Series,6.61,Other
Azure,uksouth,Standard_ND96amsr_A100_v4,Virtual Machines NDamsr A100 v4 Series Windows,18.151,A100
Azure,northcentralus,Standard_NV36adms_A10_v5,Virtual Machines NVadsA10v5 Series Windows,2.832,A10
Azure,southeastasia,Standard_NC128ds_xl_RTXPRO6000BSE_v6,Virtual Machines NCdsxlRTX6kv6 Windows,14.82,RTX PRO 6000
Azure,westus,Standard_NC48ads_A100_v4,NCads A100 v4 Series Windows,4.703,A100
Azure,australiaeast,Standard_NV8ads_V710_v5,Virtual Machines NVadsV710v5 Series Windows,0.267,Other
Azure,centralindia,Standard_NC4as_T4_v3,Virtual Machines NCasT4 v3 Series,0.16791,Other
Azure,australiaeast,Standard_NC12_Promo,Virtual Machines NC Promo Series,1.366,Other
Azure,usgovarizona,Standard_ND96is_H100_v5,Virtual Machines NDsr H100 v5 Series,110.61,H100
Azure,westeurope,Standard_NV4ads_V710_v5,Virtual Machines NVadsV710v5 Series Windows,0.617,Other
Azure,westeurope,Standard_NV36adms_A10_v5,Virtual Machines NVadsA10v5 Series Windows,3.013,A10
Azure,centralus,Standard_NC32ds_xl_RTXPRO6000BSE_v6,Virtual Machines NCdsxlRTX6kv6 Windows,3.247,RTX PRO 6000
Azure,southcentralus,Standard_NV12ads_A10_v5,Virtual Machines NVadsA10v5 Series Windows,0.303442,A10
Azure,swedencentral,Standard_NV36ads_A10_v5,Virtual Machines NVadsA10v5 Series Windows,5.816,A10
Azure,uksouth,Standard_NC4as_T4_v3,Virtual Machines NCasT4 v3 Series,0.123,Other
Azure,usgovvirginia,Standard_NV32as_v4,Virtual Machines NVasv4 Series Windows,1.521,Other
Azure,polandcentral,Standard_ND96is_flex_H100_v5,Virtual Machines NDsfH100v5 Series,21.258283,H100
Azure,southeastasia,Standard_NC96ads_A100_v4,NCads A100 v4 Series Windows,23.516,A100
Azure,jioindiawest,Standard_NC24s_v3,Virtual Machines NCSv3 Series,16.936,Other
Azure,canadacentral,Standard_NC16as_T4_v3,Virtual Machines NCasT4 v3 Series Windows,2.072,Other
Azure,australiacentral,Standard_NC8as_T4_v3,Virtual Machines NCasT4 v3 Series Windows,0.538,Other
Azure,westus3,Standard_ND96amsr_A100_v4,Virtual Machines NDamsr A100 v4 Series Windows,9.66836,A100
Azure,francecentral,Standard_NV12ads_A10_v5,Virtual Machines NVadsA10v5 Series,0.209748,A10
Azure,francecentral,Standard_NC24ads_A100_v4,NCads A100 v4 Series Windows,1.052436,A100
Azure,italynorth,Standard_ND96isr_H200_v5,Virtual Machines NDsrH200v5 Series,110.24,H200
Azure,southcentralus,Standard_NC24rs_v3,Virtual Machines NCSv3 Series,2.96208,Other
Azure,centralindia,Standard_NV48s_v3,Virtual Machines NVSv3 Series,1.179763,Other
Azure,westus,Standard_NC256ds_xl_RTXPRO6000BSE_v6,Virtual Machines NCdsxlRTX6kv6,3.3176,RTX PRO 6000
Azure,spaincentral,Standard_NV24ads_V710_v5,Virtual Machines NVadsV710v5 Series Windows,0.684499,Other
Azure,usgovarizona,Standard_ND96is_H100_v5,Virtual Machines NDsr H100 v5 Series,20.440728,H100
Azure,uksouth,Standard_ND96isr_MI300X_v5,Virtual Machines NDMI300Xv5 Srs Windows,11.904077,MI300X
Azure,northeurope,Standard_NV72ads_A10_v5,Virtual Machines NVadsA10v5 Series,1.445875,A10
Azure,spaincentral,Standard_NV36adms_A10_v5,Virtual Machines NVadsA10v5 Series,1.085885,A10
Azure,centralindia,Standard_NV6ads_A10_v5,Virtual Machines NVadsA10v5 Series Windows,0.365,A10
Azure,eastus,Standard_NC24ads_A100_v4,NCads A100 v4 Series Windows,4.777,A100
Azure,westeurope,Standard_NV12ads_A10_v5,Virtual Machines NVadsA10v5 Series Windows,1.732,A10
Azure,brazilsouth,Standard_NV12s_v3,Virtual Machines NVSv3 Series Windows,0.460152,Other
Azure,southcentralus,Standard_NV12s_v2,Virtual Machines NVSv2 Series Windows,1.644,Other
Azure,eastus,Standard_NC64as_T4_v3,Virtual Machines NCasT4 v3 Series,0.87,Other
Azure,usgovvirginia,Standard_NV4as_v4,Virtual Machines NVasv4 Series Windows,0.08778,Other
Azure,japaneast,Standard_NC48ads_A100_v4,NCads A100 v4 Series Linux,2.066488,A100
Azure,westcentralus,Standard_ND96isr_H100_v5,Virtual Machines NDsr H100 v5 Series Windows,48.96,H100
Azure,francecentral,Standard_NC96ads_A100_v4,NCads A100 v4 Series Windows,22.781,A100
Azure,northcentralus,Standard_ND96is_H100_v5,Virtual Machines NDsr H100 v5 Series,19.623173,H100
Azure,centralus,Standard_NG32adms_V620,Virtual Machines NGadsV620v1 Series,0.749549,Other
Azure,southeastasia,Standard_NV36adms_A10_v5,Virtual Machines NVadsA10v5 Series,1.085885,A10
Azure,brazilsouth,Standard_NC24ads_A100_v4,NCads A100 v4 Series Linux,1.469,A100
Azure,germanywestcentral,Standard_NC80adis_H100_v5,Virtual Machines NCadsH100v5 Series Windows,7.196692,H100
Azure,eastus,Standard_NV24ads_V710_v5,Virtual Machines NVadsV710v5 Series Windows,3.104,Other
Azure,qatarcentral,Standard_NV6ads_A10_v5,Virtual Machines NVadsA10v5 Series,0.649,A10
Azure,eastus2,Standard_NC24ads_A100_v4,NCads A100 v4 Series Linux,0.86242,A100
Azure,westus,Standard_ND96amsr_A100_v4,Virtual Machines NDamsr A100 v4 Series Linux,11.07626,A100
Azure,centralus,Standard_ND96isrf_H100_v5,Virtual Machines NDsrf H100 v5 Series Windows,125.35,H100
Azure,swedencentral,Standard_NC24ads_A100_v4,NCads A100 v4 Series Linux,4.775,A100
Azure,japaneast,Standard_NC4as_T4_v3,Virtual Machines NCasT4 v3 Series,0.142,Other
Azure,southindia,Standard_ND96amsr_A100_v4,Virtual Machines NDamsr A100 v4 Series Linux,49.483,A100
Azure,swedencentral,Standard_NC64as_T4_v3,Virtual Machines NCasT4 v3 Series,4.603,Other
Azure,westeurope,Standard_NG8ads_V620_v1,Virtual Machines NGadsV620v1 Series,0.165,Other
Azure,southindia,Standard_NC16as_T4_v3,Virtual Machines NCasT4 v3 Series,0.339,Other
Azure,eastus2,Standard_ND96isr_MI300X_v5,Virtual Machines NDMI300Xv5 Srs,9.6,MI300X
Azure,eastus2,Standard_NC48ads_A100_v4,NCads A100 v4 Series Windows,2.3885,A100
Azure,southcentralus,Standard_NC6_Promo,Virtual Machines NC Promo Series Windows,0.751,Other
Azure,westus,Standard_NV24s_v3,Virtual Machines NVSv3 Series Windows,1.354,Other
Azure,eastasia,Standard_NC24s_v3,Virtual Machines NCSv3 Series Windows,3.710045,Other
Azure,westus2,Standard_ND96amsr_A100_v4,Virtual Machines NDamsr A100 v4 Series Linux,8.5202,A100
Azure,eastus,Standard_NV4as_v4,Virtual Machines NVasv4 Series Windows,0.417,Other
Azure,germanywestcentral,Standard_NC96ads_A100_v4,NCads A100 v4 Series Windows,23.516,A100
Azure,centralus,Standard_NG16ads_V620_v1,Virtual Machines NGadsV620v1 Series,1.56,Other
Azure,eastus,Standard_NC80adis_H100_v5,Virtual Machines NCadsH100v5 Series Windows,5.540724,H100
Azure,francecentral,Standard_NV8as_v4,Virtual Machines NVasv4 Series Windows,0.95,Other
Azure,brazilsouth,Standard_ND96ams_A100_v4,Virtual Machines NDamsr A100 v4 Series Windows,27.982,A100
Azure,southcentralus,Standard_NC24rs_v3,Virtual Machines NCSv3 Series Windows,3.066276,Other
Azure,southafricanorth,Standard_NV24s_v3,Virtual Machines NVSv3 Series Windows,0.74382,Other
Azure,attatlanta1,Standard_NV4ahs_v4,Virtual Machines NVasv4 VDI Series,0.114,Other
Azure,switzerlandnorth,Standard_NV24s_v3,Virtual Machines NVSv3 Series Windows,1.696,Other
Azure,brazilsouth,Standard_NV48s_v3,Virtual Machines NVSv3 Series,1.43257,Other
Azure,uaenorth,Standard_ND96isr_H100_v5,Virtual Machines NDsr H100 v5 Series,28.12,H100
Azure,southcentralus,Standard_NV8as_v4,Virtual Machines NVasv4 Series Windows,0.17131,Other
Azure,usgovarizona,Standard_ND96isr_H100_v5,Virtual Machines NDsr H100 v5 Series Windows,23.527997,H100
Azure,australiaeast,Standard_NC6s_v3,Virtual Machines NCSv3 Series,0.782443,Other
Azure,uaecentral,Standard_ND96ams_A100_v4,Virtual Machines NDamsr A100 v4 Series Windows,16.9871,A100
Azure,swedencentral,Standard_ND40rs_v2,Virtual Machines NDrSv2 Series Windows,23.872,Other
Azure,australiaeast,Standard_NC24ads_A100_v4,NCads A100 v4 Series Windows,1.188264,A100
Azure,westus3,Standard_ND96is_noIB_H100_v5,Virtual Machines NDsH100v5 Series Windows,17.168659,H100
Azure,japaneast,Standard_NV48s_v3,Virtual Machines NVSv3 Series Windows,3.411,Other
Azure,centralus,Standard_ND96is_H100_v5,Virtual Machines NDsr H100 v5 Series Windows,113.256,H100
Azure,westus3,Standard_NC24ads_A100_v4,NCads A100 v4 Series Windows,1.911,A100
Azure,eastus,Standard_ND96asr_v4,Virtual Machines NDasr A100 v4 Series,5.439,Other
Azure,brazilsouth,Standard_NC24s_v3,Virtual Machines NCSv3 Series Windows,25.584,Other
Azure,eastus,Standard_NV12s_v3,Virtual Machines NVSv3 Series,0.228,Other
Azure,koreacentral,Standard_NC24s_v3,Virtual Machines NCSv3 Series,16.936,Other
Azure,uaenorth,Standard_NV24s_v3,Virtual Machines NVSv3 Series Windows,0.718133,Other
Azure,eastus,Standard_ND96ams_A100_v4,Virtual Machines NDamsr A100 v4 Series Windows,14.874,A100
Azure,eastus,Standard_NC4as_T4_v3,Virtual Machines NCasT4 v3 Series,0.526,Other
Azure,australiaeast,Standard_NC16as_T4_v3,Virtual Machines NCasT4 v3 Series Windows,2.301,Other
Azure,polandcentral,Standard_NC24ads_A100_v4,NCads A100 v4 Series Windows,1.314544,A100
Azure,westus,Standard_NV6ads_A10_v5,Virtual Machines NVadsA10v5 Series,0.59,A10
Azure,uaenorth,Standard_ND96ams_A100_v4,Virtual Machines NDamsr A100 v4 Series Windows,51.277,A100
Azure,spaincentral,Standard_NV18ads_A10_v5,Virtual Machines NVadsA10v5 Series Windows,0.537398,A10
Azure,israelcentral,Standard_NV36ads_A10_v5,Virtual Machines NVadsA10v5 Series,4.576,A10
Azure,usgovvirginia,Standard_NC16as_T4_v3,Virtual Machines NCasT4 v3 Series Windows,0.64989,Other
Azure,westeurope,Standard_NC48ads_A100_v4,NCads A100 v4 Series Windows,11.758,A100
Azure,westeurope,Standard_NC4as_T4_v3,Virtual Machines NCasT4 v3 Series,0.472247,Other
Azure,centralindia,Standard_NC4as_T4_v3,Virtual Machines NCasT4 v3 Series Windows,0.305,Other
Azure,eastus2,Standard_NC32ds_xl_RTXPRO6000BSE_v6,Virtual Machines NCdsxlRTX6kv6 Windows,0.5828,RTX PRO 6000
Azure,canadacentral,Standard_NC8as_T4_v3,Virtual Machines NCasT4 v3 Series,0.167,Other
Azure,spaincentral,Standard_NV4as_v4,Virtual Machines NVasv4 Series Windows,0.487,Other
Azure,israelcentral,Standard_NV18ads_A10_v5,Virtual Machines NVadsA10v5 Series Windows,3.116,A10
Azure,westus,Standard_ND96is_flex_H100_v5,Virtual Machines NDsfH100v5 Series,21.258283,H100
Azure,westus,Standard_NV24_Promo,Virtual Machines NV Promo Series,2.976,Other
Azure,westus2,Standard_NV6_Promo,Virtual Machines NV Promo Series,0.656,Other
Azure,australiaeast,Standard_NC24ads_A100_v4,NCads A100 v4 Series Linux,1.065,A100
Azure,canadacentral,Standard_NP20s,Virtual Machines NP Series,0.792,Other
Azure,japaneast,Standard_NC24rs_v3,Virtual Machines NCSv3 Series Windows,7.823,Other
Azure,germanywestcentral,Standard_NC40ads_H100_v5,Virtual Machines NCadsH100v5 Series,2.991698,H100
Azure,australiaeast,Standard_NC40ads_H100_v5,Virtual Machines NCadsH100v5 Series Windows,5.026012,H100
Azure,italynorth,Standard_NV4as_v4,Virtual Machines NVasv4 Series Windows,0.19,Other
Azure,northcentralus,Standard_NV4as_v4,Virtual Machines NVasv4 Series,0.28,Other
Azure,japaneast,Standard_NV12s_v3,Virtual Machines NVSv3 Series Windows,2.132,Other
Azure,southeastasia,Standard_NC8as_T4_v3,Virtual Machines NCasT4 v3 Series,1.052,Other
Azure,westus2,Standard_NC24r_Promo,Virtual Machines NC Promo Series,1.742,Other
Azure,westus2,Standard_NC48ads_A100_v4,NCads A100 v4 Series Windows,9.554,A100
Azure,westeurope,Standard_NG16ads_V620_v1,Virtual Machines NGadsV620v1 Series Windows,2.387,Other
Azure,canadacentral,Standard_ND96amsr_A100_v4,Virtual Machines NDamsr A100 v4 Series Windows,11.3724,A100
Azure,westus,Standard_NV12_Promo,Virtual Machines NV Promo Series,1.488,Other
Azure,koreasouth,Standard_NV18ads_A10_v5,Virtual Machines NVadsA10v5 Series Windows,2.828,A10
Azure,uaecentral,Standard_ND96amsr_A100_v4,Virtual Machines NDamsr A100 v4 Series Windows,26.134,A100
Azure,japaneast,Standard_NV72ads_A10_v5,Virtual Machines NVadsA10v5 Series,1.891,A10
Azure,usgovarizona,Standard_ND96isr_H100_v5,Virtual Machines NDsr H100 v5 Series,122.9,H100
Azure,australiaeast,Standard_NV24s_v3,Virtual Machines NVSv3 Series Windows,1.713,Other
Azure,francecentral,Standard_NC16as_T4_v3,Virtual Machines NCasT4 v3 Series,0.40803,Other
Azure,centralus,Standard_NC96ads_A100_v4,NCads A100 v4 Series Linux,3.32,A100
Azure,eastus,Standard_ND96ams_A100_v4,Virtual Machines NDamsr A100 v4 Series Windows,37.186,A100
Azure,southafricawest,Standard_ND96isr_H100_v5,Virtual Machines NDsr H100 v5 Series,186.608,H100
Azure,koreasouth,Standard_NC40ads_H100_v5,Virtual Machines NCadsH100v5 Series Windows,10.565,H100
Azure,brazilsouth,Standard_NC4as_T4_v3,Virtual Machines NCasT4 v3 Series,0.25926,Other
Azure,australiaeast,Standard_NV12s_v3,Virtual Machines NVSv3 Series Windows,0.857,Other
Azure,eastus,Standard_NC12s_v3,Virtual Machines NCSv3 Series,1.224,Other
Azure,eastus,Standard_NV4ads_V710_v5,Virtual Machines NVadsV710v5 Series Windows,0.095542,Other
Azure,northeurope,Standard_NV36adms_A10_v5,Virtual Machines NVadsA10v5 Series,1.002355,A10
Azure,japaneast,Standard_NG32ads_V620_v1,Virtual Machines NGadsV620v1 Series,3.68,Other
Azure,westus3,Standard_NC64as_T4_v3,Virtual Machines NCasT4 v3 Series,4.352,Other
Azure,westus,Standard_NC64lds_xl_RTXPRO6000BSE_v6,Virtual Machines NCldsxlRTX6kv6,0.6344,RTX PRO 6000
Azure,koreacentral,Standard_NV8as_v4,Virtual Machines NVasv4 Series Windows,0.399,Other
Azure,uksouth,Standard_NV12s_v3,Virtual Machines NVSv3 Series,0.26334,Other
Azure,germanywestcentral,Standard_NV36ads_A10_v5,Virtual Machines NVadsA10v5 Series,0.832,A10
Azure,westus,Standard_NC24rs_v3,Virtual Machines NCSv3 Series,3.234554,Other
Azure,germanywestcentral,Standard_NC96ads_A100_v4,NCads A100 v4 Series Windows,9.406,A100
Azure,francecentral,Standard_ND96amsr_A100_v4,Virtual Machines NDamsr A100 v4 Series Windows,11.79828,A100
Azure,westeurope,Standard_NC24rs_v3,Virtual Machines NCSv3 Series,16.821,Other
Azure,westus3,Standard_NC32ads_A10_v4,Virtual Machines NCadsA10v4 Series Windows,5.872,A10
Azure,uksouth,Standard_ND96is_H100_v5,Virtual Machines NDsr H100 v5 Series,20.440728,H100
Azure,centralus,Standard_NC128ds_xl_RTXPRO6000BSE_v6,Virtual Machines NCdsxlRTX6kv6,1.5706,RTX PRO 6000
Azure,southeastasia,Standard_NC24rs_v3,Virtual Machines NCSv3 Series,3.442824,Other
Azure,japaneast,Standard_NC6s_v3,Virtual Machines NCSv3 Series,4.194,Other
Azure,usgovvirginia,Standard_NC4as_T4_v3,Virtual Machines NCasT4 v3 Series Windows,0.842,Other
Azure,brazilsouth,Standard_NC96ads_A100_v4,NCads A100 v4 Series Windows,33.8,A100
Azure,westeurope,Standard_NV24ads_V710_v5,Virtual Machines NVadsV710v5 Series,0.52,Other
Azure,southeastasia,Standard_NC80adis_H100_v5,Virtual Machines NCadsH100v5 Series Windows,21.828,H100
Azure,usgovarizona,Standard_NC24rs_v3,Virtual Machines NCSv3 Series Windows,17.776,Other
Azure,eastus2,Standard_NC40ads_H100_v5,Virtual Machines NCadsH100v5 Series,6.282,H100
Azure,usgovarizona,Standard_NC24s_v3,Virtual Machines NCSv3 Series,2.938,Other
Azure,westeurope,Standard_ND96ams_A100_v4,Virtual Machines NDamsr A100 v4 Series Windows,18.151,A100
Azure,australiaeast,Standard_ND96isr_H100_v5,Virtual Machines NDsr H100 v5 Series,28.52,H100
Azure,brazilsouth,Standard_NC48ads_A100_v4,NCads A100 v4 Series Linux,2.715082,A100
Azure,swedencentral,Standard_NV8as_v4,Virtual Machines NVasv4 Series Windows,1.02,Other
Azure,westeurope,Standard_NV12_Promo,Virtual Machines NV Promo Series,1.639,Other
Azure,westeurope,Standard_NC16as_T4_v3,Virtual Machines NCasT4 v3 Series Windows,2.241,Other
Azure,westus2,Standard_NC32ds_xl_RTXPRO6000BSE_v6,Virtual Machines NCdsxlRTX6kv6,1.442,RTX PRO 6000
Azure,jioindiawest,Standard_NC80adis_H100_v5,Virtual Machines NCadsH100v5 Series Windows,23.224,H100
Azure,japaneast,Standard_NC16as_T4_v3,Virtual Machines NCasT4 v3 Series Windows,0.68469,Other
Azure,centralindia,Standard_NC80adis_H100_v5,Virtual Machines NCadsH100v5 Series Windows,16.72128,H100
Azure,centralus,Standard_NV36ads_A10_v5,Virtual Machines NVadsA10v5 Series,0.787,A10
Azure,eastus2,Standard_NC40ads_H100_v5,Virtual Machines NCadsH100v5 Series Windows,7.938,H100
Azure,westus2,Standard_NC256lds_xl_RTXPRO6000BSE_v6,Virtual Machines NCldsxlRTX6kv6,11.0,RTX PRO 6000
Azure,northeurope,Standard_NV24s_v3,Virtual Machines NVSv3 Series,0.484,Other
Azure,koreasouth,Standard_NV6ads_A10_v5,Virtual Machines NVadsA10v5 Series Windows,0.843,A10
Azure,northeurope,Standard_NC32ds_xl_RTXPRO6000BSE_v6,Virtual Machines NCdsxlRTX6kv6 Windows,3.535,RTX PRO 6000
Azure,southeastasia,Standard_NC64as_T4_v3,Virtual Machines NCasT4 v3 Series Windows,2.61957,Other
Azure,italynorth,Standard_NC16as_T4_v3,Virtual Machines NCasT4 v3 Series Windows,0.858,Other
Azure,swedencentral,Standard_NC4as_T4_v3,Virtual Machines NCasT4 v3 Series Windows,0.742,Other
Azure,polandcentral,Standard_NC4as_T4_v3,Virtual Machines NCasT4 v3 Series Windows,0.25578,Other
Azure,westus3,Standard_NV18ads_A10_v5,Virtual Machines NVadsA10v5 Series Windows,0.971,A10
Azure,francecentral,Standard_NV72ads_A10_v5,Virtual Machines NVadsA10v5 Series,8.15,A10
Azure,westeurope,Standard_NC32ads_A10_v4,Virtual Machines NCadsA10v4 Series Windows,1.329082,A10
Azure,attdallas1,Standard_NV8as_v4,Virtual Machines NVasv4 Series Windows,0.2694,Other
Azure,centralus,Standard_ND96isr_H200_v5,Virtual Machines NDsrH200v5 Series,95.824,H200
Azure,israelcentral,Standard_NC12s_v3,Virtual Machines NCSv3 Series,8.411,Other
Azure,brazilsouth,Standard_NC24ads_A100_v4,NCads A100 v4 Series Linux,7.346,A100
Azure,uksouth,Standard_NV16as_v4,Virtual Machines NVasv4 Series Windows,1.901,Other
Azure,polandcentral,Standard_NV8as_v4,Virtual Machines NVasv4 Series Windows,0.38,Other
Azure,westus,Standard_NC96ads_A100_v4,NCads A100 v4 Series Windows,4.858406,A100
Azure,eastus,Standard_NP10s,Virtual Machines NP Series Windows,0.389928,Other
Azure,australiacentral2,Standard_NC64as_T4_v3,Virtual Machines NCasT4 v3 Series Windows,8.589,Other
Azure,swedencentral,Standard_ND96isrf_H100_v5,Virtual Machines NDsrf H100 v5 Series Windows,132.232,H100
Azure,northeurope,Standard_NV12ads_A10_v5,Virtual Machines NVadsA10v5 Series,0.218,A10
Azure,northcentralus,Standard_ND96isr_H100_v5,Virtual Machines NDsr H100 v5 Series Windows,48.96,H100
Azure,indonesiacentral,Standard_NV6ads_A10_v5,Virtual Machines NVadsA10v5 Series,0.556,A10
Azure,westeurope,Standard_NG32ads_V620_v1,Virtual Machines NGadsV620v1 Series,0.66,Other
Azure,westus,Standard_NM16ads_MA35D  ,Virtual Machines NMadsMA35D Series Windows,0.604481,Other
Azure,usgovvirginia,Standard_NV12_Promo,Virtual Machines NV Promo Series,1.639,Other
Azure,eastus,Standard_NV48s_v3,Virtual Machines NVSv3 Series Windows,6.768,Other
Azure,westus3,Standard_NC96ads_A100_v4,NCads A100 v4 Series Linux,2.938,A100
Azure,japaneast,Standard_NV72ads_A10_v5,Virtual Machines NVadsA10v5 Series Windows,12.766,A10
Azure,swedencentral,Standard_ND96amsr_A100_v4,Virtual Machines NDamsr A100 v4 Series Linux,40.962,A100
Azure,westus3,Standard_NC16ads_A10_v4,Virtual Machines NCadsA10v4 Series,0.40656,A10
Azure,westus3,Standard_NC40ads_H100_v5,Virtual Machines NCadsH100v5 Series Windows,6.036408,H100
Azure,westeurope,Standard_NG32adms_V620,Virtual Machines NGadsV620v1 Series,0.859,Other
Azure,westus3,Standard_NC80adis_H100_v5,Virtual Machines NCadsH100v5 Series,7.7827,H100
Azure,eastus,Standard_NV6ads_A10_v5,Virtual Machines NVadsA10v5 Series Windows,0.73,A10
Azure,swedencentral,Standard_NC24ads_A100_v4,NCads A100 v4 Series Linux,2.07999,A100
Azure,germanywestcentral,Standard_NC8as_T4_v3,Virtual Machines NCasT4 v3 Series Windows,0.458626,Other
Azure,switzerlandnorth,Standard_NV24s_v3,Virtual Machines NVSv3 Series,0.627,Other
Azure,westeurope,Standard_ND96is_flex_H100_v5,Virtual Machines NDsfH100v5 Series,21.258283,H100
Azure,jioindiacentral,Standard_NC24ads_A100_v4,NCads A100 v4 Series Windows,6.246,A100
Azure,westus,Standard_ND96is_H100_v5,Virtual Machines NDsr H100 v5 Series Windows,47.78,H100
Azure,westus,Standard_NV72ads_A10_v5,Virtual Machines NVadsA10v5 Series Windows,4.715,A10
Azure,southeastasia,Standard_NC40ads_H100_v5,Virtual Machines NCadsH100v5 Series,3.03616,H100
Azure,australiacentral,Standard_NC8as_T4_v3,Virtual Machines NCasT4 v3 Series Windows,1.345,Other
Azure,westus,Standard_ND96ams_A100_v4,Virtual Machines NDamsr A100 v4 Series Linux,8.52,A100
Azure,australiaeast,Standard_NC16as_T4_v3,Virtual Machines NCasT4 v3 Series,1.565,Other
Azure,centralus,Standard_ND96amsr_A100_v4,Virtual Machines NDamsr A100 v4 Series Windows,10.77596,A100
Azure,westeurope,Standard_ND96is_flex_H100_v5,Virtual Machines NDsfH100v5 Series,115.034,H100
Azure,uksouth,Standard_NV4as_v4,Virtual Machines NVasv4 Series,0.0582,Other
Azure,centralindia,Standard_NC48ads_A100_v4,NCads A100 v4 Series Linux,10.284,A100
Azure,japaneast,Standard_NV8as_v4,Virtual Machines NVasv4 Series Windows,1.044,Other
Azure,polandcentral,Standard_ND96isrf_H100_v5,Virtual Machines NDsrf H100 v5 Series Windows,24.436474,H100
Azure,italynorth,Standard_NV8as_v4,Virtual Machines NVasv4 Series Windows,0.38,Other
Azure,eastus2,Standard_NC128ds_xl_RTXPRO6000BSE_v6,Virtual Machines NCdsxlRTX6kv6,6.38,RTX PRO 6000
Azure,southcentralus,Standard_NV4as_v4,Virtual Machines NVasv4 Series Windows,0.464,Other
Azure,northcentralus,Standard_NV24ads_V710_v5,Virtual Machines NVadsV710v5 Series Windows,3.504,Other
Azure,attatlanta1,Standard_NC16as_T4_v3,Virtual Machines NCasT4 v3 Series Windows,2.842,Other
Azure,southcentralus,Standard_NC24s_v3,Virtual Machines NCSv3 Series Windows,15.0832,Other
Azure,eastus,Standard_NV8as_v4,Virtual Machines NVasv4 Series Windows,0.334,Other
Azure,brazilsouth,Standard_NV12s_v3,Virtual Machines NVSv3 Series Windows,0.996,Other
Azure,malaysiawest,Standard_NC16as_T4_v3,Virtual Machines NCasT4 v3 Series,0.41876,Other
Azure,northcentralus,Standard_NC12_Promo,Virtual Machines NC Promo Series,0.792,Other
Azure,westus,Standard_NV12ads_V710_v5,Virtual Machines NVadsV710v5 Series Windows,1.852,Other
Azure,northcentralus,Standard_ND96is_MI300X_v5,Virtual Machines NDMI300Xv5 Srs Windows,11.460557,MI300X
Azure,northeurope,Standard_NV72ads_A10_v5,Virtual Machines NVadsA10v5 Series Windows,2.057933,A10
Azure,westus,Standard_NC32lds_xl_RTXPRO6000BSE_v6,Virtual Machines NCldsxlRTX6kv6,0.3232,RTX PRO 6000
Azure,westeurope,Standard_NC24ads_A100_v4,NCads A100 v4 Series Windows,2.352,A100
Azure,swedencentral,Standard_ND96isr_H100_v5,Virtual Machines NDsr H100 v5 Series Windows,24.436474,H100
Azure,francecentral,Standard_NV48s_v3,Virtual Machines NVSv3 Series Windows,7.908,Other
Azure,canadaeast,Standard_ND96amsr_A100_v4,Virtual Machines NDamsr A100 v4 Series Linux,10.22424,A100
Azure,westus3,Standard_NC24rs_v3,Virtual Machines NCSv3 Series Windows,2.692166,Other
Azure,uaecentral,Standard_ND96ams_A100_v4,Virtual Machines NDamsr A100 v4 Series Windows,65.335,A100
Azure,centralindia,Standard_NC24s_v3,Virtual Machines NCSv3 Series Windows,18.04,Other
Azure,southeastasia,Standard_NC48ads_A100_v4,NCads A100 v4 Series Windows,11.758,A100
Azure,spaincentral,Standard_NV36adms_A10_v5,Virtual Machines NVadsA10v5 Series,5.876,A10
Azure,japaneast,Standard_NV36ads_A10_v5,Virtual Machines NVadsA10v5 Series,0.928,A10
Azure,southcentralus,Standard_NV12s_v2,Virtual Machines NVSv2 Series,1.368,Other
Azure,westus3,Standard_ND96ams_A100_v4,Virtual Machines NDamsr A100 v4 Series Linux,8.5202,A100
Azure,westus2,Standard_NV24s_v3,Virtual Machines NVSv3 Series,0.456,Other
Azure,northeurope,Standard_NV4as_v4,Virtual Machines NVasv4 Series,0.28,Other
Azure,brazilsouth,Standard_NC12s_v3,Virtual Machines NCSv3 Series,2.261952,Other
Azure,southeastasia,Standard_NV24s_v3,Virtual Machines NVSv3 Series Windows,4.284,Other
Azure,eastus2,Standard_NV18ads_A10_v5,Virtual Machines NVadsA10v5 Series Windows,2.428,A10
Azure,westus,Standard_NC64as_T4_v3,Virtual Machines NCasT4 v3 Series Windows,3.266,Other
Azure,francecentral,Standard_NC8as_T4_v3,Virtual Machines NCasT4 v3 Series Windows,0.36134,Other
Azure,francecentral,Standard_NC48ads_A100_v4,NCads A100 v4 Series Linux,1.837,A100
Azure,canadacentral,Standard_NV72ads_A10_v5,Virtual Machines NVadsA10v5 Series Windows,4.454,A10
Azure,attatlanta1,Standard_NV32as_v4,Virtual Machines NVasv4 Series,3.262,Other
Azure,attatlanta1,Standard_NC8as_T4_v3,Virtual Machines NCasT4 v3 Series,1.315,Other
Azure,eastus,Standard_NC8as_T4_v3,Virtual Machines NCasT4 v3 Series,0.752,Other
Azure,australiaeast,Standard_NC12_Promo,Virtual Machines NC Promo Series Windows,1.918,Other
Azure,canadaeast,Standard_ND96amsr_A100_v4,Virtual Machines NDamsr A100 v4 Series Windows,11.3724,A100
Azure,swedencentral,Standard_NG32ads_V620_v1,Virtual Machines NGadsV620v1 Series,0.61021,Other
Azure,eastus,Standard_NV36ads_A10_v5,Virtual Machines NVadsA10v5 Series Windows,1.942,A10
Azure,koreasouth,Standard_NV36adms_A10_v5,Virtual Machines NVadsA10v5 Series,1.13,A10
Azure,centralus,Standard_NC16as_T4_v3,Virtual Machines NCasT4 v3 Series Windows,0.838,Other
Azure,centralindia,Standard_NV32as_v4,Virtual Machines NVasv4 Series,0.482328,Other
Azure,uksouth,Standard_NC40ads_H100_v5,Virtual Machines NCadsH100v5 Series,3.216035,H100
Azure,japaneast,Standard_NM16ads_MA35D  ,Virtual Machines NMadsMA35D Series,2.828,Other
Azure,brazilsouth,Standard_NC12s_v3,Virtual Machines NCSv3 Series Windows,12.792,Other
Azure,japaneast,Standard_NP40s,Virtual Machines NP Series Windows,2.108568,Other
Azure,southeastasia,Standard_NV18ads_A10_v5,Virtual Machines NVadsA10v5 Series,2.08,A10
Azure,southeastasia,Standard_NV36ads_A10_v5,Virtual Machines NVadsA10v5 Series,0.832,A10
Azure,israelcentral,Standard_NC4as_T4_v3,Virtual Machines NCasT4 v3 Series,0.724,Other
Azure,eastus2,Standard_ND96ams_A100_v4,Virtual Machines NDamsr A100 v4 Series Windows,9.66836,A100
Azure,eastus2,Standard_ND96is_MI300X_v5,Virtual Machines NDMI300Xv5 Srs,9.6,MI300X
Azure,usgovvirginia,Standard_NV16as_v4,Virtual Machines NVasv4 Series,0.215292,Other
Azure,southcentralus,Standard_NC48ads_A100_v4,NCads A100 v4 Series Windows,4.409,A100
Azure,japaneast,Standard_NG16ads_V620_v1,Virtual Machines NGadsV620v1 Series,0.340032,Other
Azure,westeurope,Standard_ND96asr_v4,Virtual Machines NDasr A100 v4 Series Windows,8.75006,Other
Azure,westeurope,Standard_NC32ads_A10_v4,Virtual Machines NCadsA10v4 Series,5.72,A10
Azure,attatlanta1,Standard_NC4as_T4_v3,Virtual Machines NCasT4 v3 Series Windows,0.442,Other
Azure,westus,Standard_NV24ads_V710_v5,Virtual Machines NVadsV710v5 Series Windows,0.684499,Other
Azure,francecentral,Standard_ND96isr_MI300X_v5,Virtual Machines NDMI300Xv5 Srs Windows,11.904077,MI300X
Azure,polandcentral,Standard_NC96ads_A100_v4,NCads A100 v4 Series Linux,3.82,A100
Azure,swedencentral,Standard_NC48ads_A100_v4,NCads A100 v4 Series Windows,11.758,A100
Azure,koreacentral,Standard_NC16as_T4_v3,Virtual Machines NCasT4 v3 Series,1.481,Other
Azure,southcentralus,Standard_NC16as_T4_v3,Virtual Machines NCasT4 v3 Series Windows,0.872,Other
Azure,southeastasia,Standard_ND40rs_v2,Virtual Machines NDrSv2 Series Windows,32.332,Other
Azure,japanwest,Standard_ND96amsr_A100_v4,Virtual Machines NDamsr A100 v4 Series Linux,50.794,A100
Azure,canadacentral,Standard_NC8as_T4_v3,Virtual Machines NCasT4 v3 Series,0.24186,Other
Azure,eastus2,Standard_NC24rs_v3,Virtual Machines NCSv3 Series Windows,14.5872,Other
Azure,brazilsouth,Standard_NV72ads_A10_v5,Virtual Machines NVadsA10v5 Series,2.409792,A10
Azure,usgovvirginia,Standard_NV24s_v3,Virtual Machines NVSv3 Series,0.52668,Other
Azure,eastus2,Standard_NC80adis_H100_v5,Virtual Machines NCadsH100v5 Series,12.564,H100
Azure,italynorth,Standard_ND96ams_A100_v4,Virtual Machines NDamsr A100 v4 Series Windows,11.79828,A100
Azure,southindia,Standard_NC8as_T4_v3,Virtual Machines NCasT4 v3 Series Windows,1.427,Other
Azure,westeurope,Standard_NC24s_v3,Virtual Machines NCSv3 Series,2.825962,Other
Azure,indonesiacentral,Standard_NV72ads_A10_v5,Virtual Machines NVadsA10v5 Series Windows,11.299,A10
Azure,southeastasia,Standard_NC6s_v3,Virtual Machines NCSv3 Series Windows,4.51,Other
Azure,japaneast,Standard_NV12s_v3,Virtual Machines NVSv3 Series Windows,0.853,Other
Azure,japaneast,Standard_NV16as_v4,Virtual Machines NVasv4 Series Windows,0.835,Other
Azure,eastus2,Standard_NC64ds_xl_RTXPRO6000BSE_v6,Virtual Machines NCdsxlRTX6kv6,2.83,RTX PRO 6000
Azure,westus2,Standard_NC8as_T4_v3,Virtual Machines NCasT4 v3 Series Windows,1.12,Other
Azure,germanynorth,Standard_ND96ams_A100_v4,Virtual Machines NDamsr A100 v4 Series Linux,14.39906,A100
Azure,southafricanorth,Standard_NV6ads_A10_v5,Virtual Machines NVadsA10v5 Series,0.122522,A10
Azure,centralindia,Standard_NC12s_v3,Virtual Machines NCSv3 Series Windows,1.666896,Other
Azure,eastus2,Standard_NV6_Promo,Virtual Machines NV Promo Series,0.721,Other
Azure,northeurope,Standard_NV32as_v4,Virtual Machines NVasv4 Series,0.413398,Other
Azure,uksouth,Standard_ND96isr_MI300X_v5,Virtual Machines NDMI300Xv5 Srs,11.088,MI300X
Azure,australiaeast,Standard_NV18ads_A10_v5,Virtual Machines NVadsA10v5 Series,0.428736,A10
Azure,switzerlandnorth,Standard_NV6ads_A10_v5,Virtual Machines NVadsA10v5 Series Windows,0.17094,A10
Azure,southcentralus,Standard_NC6s_v3,Virtual Machines NCSv3 Series,3.366,Other
Azure,westus3,Standard_NG8ads_V620_v1,Virtual Machines NGadsV620v1 Series Windows,0.185354,Other
Azure,southcentralus,Standard_NP20s,Virtual Machines NP Series,3.96,Other
Azure,westus,Standard_NC48ads_A100_v4,NCads A100 v4 Series Linux,1.97303,A100
Azure,southcentralus,Standard_NV36ads_A10_v5,Virtual Machines NVadsA10v5 Series,3.84,A10
Azure,eastus2,Standard_NV6_Promo,Virtual Machines NV Promo Series Windows,0.997,Other
Azure,westus,Standard_NV28adms_V710_v5,Virtual Machines NVadsV710v5 Series Windows,4.408,Other
Azure,eastus2,Standard_NV16as_v4,Virtual Machines NVasv4 Series Windows,1.668,Other
Azure,francecentral,Standard_NV36adms_A10_v5,Virtual Machines NVadsA10v5 Series,1.13,A10
Azure,southcentralus,Standard_NV36ads_A10_v5,Virtual Machines NVadsA10v5 Series,0.709632,A10
Azure,switzerlandnorth,Standard_ND96amsr_A100_v4,Virtual Machines NDamsr A100 v4 Series Linux,12.18386,A100
Azure,switzerlandnorth,Standard_NC80adis_H100_v5,Virtual Machines NCadsH100v5 Series Windows,9.457,H100
Azure,southcentralus,Standard_NC24ads_A100_v4,NCads A100 v4 Series Linux,0.814598,A100
Azure,koreasouth,Standard_NC80adis_H100_v5,Virtual Machines NCadsH100v5 Series,3.22476,H100
Azure,australiaeast,Standard_NC80adis_H100_v5,Virtual Machines NCadsH100v5 Series Windows,10.052024,H100
Azure,westus,Standard_NV36adms_A10_v5,Virtual Machines NVadsA10v5 Series Windows,3.013,A10
Azure,koreacentral,Standard_NC24ads_A100_v4,NCads A100 v4 Series Linux,0.992,A100
Azure,uaenorth,Standard_ND96is_H100_v5,Virtual Machines NDsr H100 v5 Series,126.538,H100
Azure,koreasouth,Standard_NV18ads_A10_v5,Virtual Machines NVadsA10v5 Series,2.0,A10
Azure,polandcentral,Standard_ND96isrf_H100_v5,Virtual Machines NDsrf H100 v5 Series Windows,132.232,H100
Azure,southcentralus,Standard_NV24s_v2,Virtual Machines NVSv2 Series Windows,0.607622,Other
Azure,southcentralus,Standard_ND40rs_v2,Virtual Machines NDrSv2 Series Windows,5.225774,Other
Azure,australiaeast,Standard_ND96isr_H100_v5,Virtual Machines NDsr H100 v5 Series Windows,58.806,H100
Azure,eastasia,Standard_NC24rs_v3,Virtual Machines NCSv3 Series,4.174,Other
Azure,israelcentral,Standard_NV36ads_A10_v5,Virtual Machines NVadsA10v5 Series,0.845645,A10
Azure,germanywestcentral,Standard_NC4as_T4_v3,Virtual Machines NCasT4 v3 Series,0.223983,Other
Azure,westus2,Standard_NC256ds_xl_RTXPRO6000BSE_v6,Virtual Machines NCdsxlRTX6kv6 Windows,24.536,RTX PRO 6000
Azure,centralus,Standard_NV12ads_A10_v5,Virtual Machines NVadsA10v5 Series,1.117,A10
Azure,westus3,Standard_ND96is_flex_H100_v5,Virtual Machines NDsfH100v5 Series,16.352582,H100
Azure,southafricanorth,Standard_ND96ams_A100_v4,Virtual Machines NDamsr A100 v4 Series Windows,13.5876,A100
Azure,uksouth,Standard_ND96is_H100_v5,Virtual Machines NDsr H100 v5 Series Windows,115.026,H100
Azure,brazilsouth,Standard_ND96amsr_A100_v4,Virtual Machines NDamsr A100 v4 Series Windows,69.956,A100
Azure,westus3,Standard_NC24ads_A100_v4,NCads A100 v4 Series Windows,1.85061,A100
Azure,eastus2,Standard_NC128ds_xl_RTXPRO6000BSE_v6,Virtual Machines NCdsxlRTX6kv6,1.276,RTX PRO 6000
Azure,southcentralus,Standard_NC6s_v3,Virtual Machines NCSv3 Series,0.622037,Other
Azure,uksouth,Standard_NC24rs_v3,Virtual Machines NCSv3 Series,2.918362,Other
Azure,francesouth,Standard_ND96ams_A100_v4,Virtual Machines NDamsr A100 v4 Series Linux,13.84448,A100
Azure,attatlanta1,Standard_NC16as_T4_v3,Virtual Machines NCasT4 v3 Series,0.4212,Other
Azure,northeurope,Standard_NC12s_v3,Virtual Machines NCSv3 Series,1.322,Other
Azure,koreacentral,Standard_NC24rs_v3,Virtual Machines NCSv3 Series Windows,19.734,Other
Azure,southcentralus,Standard_NV18ads_A10_v5,Virtual Machines NVadsA10v5 Series Windows,2.748,A10
Azure,eastus,Standard_NV32as_v4,Virtual Machines NVasv4 Series,0.373,Other
Azure,uksouth,Standard_NC96ads_A100_v4,NCads A100 v4 Series Windows,9.112,A100
Azure,mexicocentral,Standard_NV8as_v4,Virtual Machines NVasv4 Series Windows,0.162809,Other
Azure,israelcentral,Standard_NV12ads_A10_v5,Virtual Machines NVadsA10v5 Series Windows,0.74,A10
Azure,eastus,Standard_NC64as_T4_v3,Virtual Machines NCasT4 v3 Series Windows,7.296,Other
Azure,italynorth,Standard_ND96isr_H200_v5,Virtual Machines NDsrH200v5 Series Windows,114.656,H200
Azure,spaincentral,Standard_NV36ads_A10_v5,Virtual Machines NVadsA10v5 Series Windows,1.074797,A10
Azure,usgovarizona,Standard_ND96isr_H100_v5,Virtual Machines NDsr H100 v5 Series,22.71192,H100
Azure,centralus,Standard_NC320lds_xl_RTXPRO6000BSE_v6,Virtual Machines NCldsxlRTX6kv6 Windows,32.322,RTX PRO 6000
Azure,eastasia,Standard_NV36ads_A10_v5,Virtual Machines NVadsA10v5 Series,0.992,A10
Azure,southeastus,Standard_ND96is_noIB_H100_v5,Virtual Machines NDsH100v5 Series,21.258283,H100
Azure,southeastasia,Standard_NP20s,Virtual Machines NP Series,4.29,Other
Azure,southafricanorth,Standard_NV18ads_A10_v5,Virtual Machines NVadsA10v5 Series Windows,0.584707,A10
Azure,francecentral,Standard_ND96isr_H200_v5,Virtual Machines NDsrH200v5 Series,106.0,H200
Azure,germanywestcentral,Standard_NC16as_T4_v3,Virtual Machines NCasT4 v3 Series,0.511962,Other
Azure,southeastasia,Standard_NC8as_T4_v3,Virtual Machines NCasT4 v3 Series Windows,1.42,Other
Azure,westus2,Standard_NV36ads_A10_v5,Virtual Machines NVadsA10v5 Series,0.64,A10
Azure,centralus,Standard_ND96amsr_A100_v4,Virtual Machines NDamsr A100 v4 Series Linux,9.6278,A100
Azure,westus3,Standard_NG32adms_V620,Virtual Machines NGadsV620v1 Series Windows,4.774,Other
Azure,israelcentral,Standard_NC64as_T4_v3,Virtual Machines NCasT4 v3 Series Windows,3.569,Other
Azure,canadacentral,Standard_NC96ads_A100_v4,NCads A100 v4 Series Windows,8.819,A100
Azure,eastus,Standard_NM16ads_MA35D  ,Virtual Machines NMadsMA35D Series Windows,0.496373,Other
Azure,centralindia,Standard_NC24s_v3,Virtual Machines NCSv3 Series,3.129773,Other
Azure,israelcentral,Standard_NC24rs_v3,Virtual Machines NCSv3 Series,18.503,Other
Azure,qatarcentral,Standard_NV72ads_A10_v5,Virtual Machines NVadsA10v5 Series Windows,2.335133,A10
Azure,eastus,Standard_NV6_Promo,Virtual Machines NV Promo Series,0.684,Other
Azure,koreacentral,Standard_NV36ads_A10_v5,Virtual Machines NVadsA10v5 Series,4.32,A10
Azure,spaincentral,Standard_ND96amsr_A100_v4,Virtual Machines NDamsr A100 v4 Series Windows,11.79828,A100
Azure,northcentralus,Standard_NV8as_v4,Virtual Machines NVasv4 Series Windows,0.371,Other
Azure,westus,Standard_NV18ads_A10_v5,Virtual Machines NVadsA10v5 Series Windows,0.537398,A10
Azure,southcentralus,Standard_NV48s_v3,Virtual Machines NVSv3 Series,1.094,Other
Azure,eastasia,Standard_ND40s_v2,Virtual Machines NDSv2 Series Windows,30.125,Other
Azure,westus,Standard_NV24s_v3,Virtual Machines NVSv3 Series,0.456,Other
Azure,australiaeast,Standard_NC6s_v3,Virtual Machines NCSv3 Series,0.847,Other
Azure,francecentral,Standard_NC6s_v3,Virtual Machines NCSv3 Series,0.661584,Other
Azure,francecentral,Standard_NV12s_v3,Virtual Machines NVSv3 Series,0.26334,Other
Azure,uaecentral,Standard_ND96amsr_A100_v4,Virtual Machines NDamsr A100 v4 Series Windows,65.335,A100
Azure,westus3,Standard_NV6ads_A10_v5,Virtual Machines NVadsA10v5 Series Windows,0.292,A10
Azure,indonesiacentral,Standard_NC80adis_H100_v5,Virtual Machines NCadsH100v5 Series Windows,4.41887,H100
Azure,polandcentral,Standard_NV72ads_A10_v5,Virtual Machines NVadsA10v5 Series,8.476,A10
Azure,centralus,Standard_NC24ads_A100_v4,NCads A100 v4 Series Windows,2.102,A100
Azure,westus,Standard_NC12s_v3,Virtual Machines NCSv3 Series Windows,3.403,Other
Azure,centralindia,Standard_NC6s_v3,Virtual Machines NCSv3 Series,0.847,Other
Azure,koreacentral,Standard_NC96ads_A100_v4,NCads A100 v4 Series Linux,19.834,A100
Azure,centralus,Standard_ND96isrf_H100_v5,Virtual Machines NDsrf H100 v5 Series Windows,23.16468,H100
Azure,southafricawest,Standard_ND96isr_H100_v5,Virtual Machines NDsr H100 v5 Series Windows,76.41,H100
Azure,southeastasia,Standard_NC4as_T4_v3,Virtual Machines NCasT4 v3 Series,0.147,Other
Azure,polandcentral,Standard_ND96is_H100_v5,Virtual Machines NDsr H100 v5 Series Windows,22.07436,H100
Azure,polandcentral,Standard_NV12ads_A10_v5,Virtual Machines NVadsA10v5 Series Windows,0.320074,A10
Azure,usgovarizona,Standard_NV16as_v4,Virtual Machines NVasv4 Series Windows,0.76,Other
Azure,jioindiacentral,Standard_NV72ads_A10_v5,Virtual Machines NVadsA10v5 Series,9.128,A10
Azure,germanynorth,Standard_ND96amsr_A100_v4,Virtual Machines NDamsr A100 v4 Series Windows,59.797,A100
Azure,swedencentral,Standard_ND96ams_A100_v4,Virtual Machines NDamsr A100 v4 Series Linux,40.962,A100
Azure,koreacentral,Standard_NC64as_T4_v3,Virtual Machines NCasT4 v3 Series,1.071,Other
Azure,centralus,Standard_NC320ds_xl_RTXPRO6000BSE_v6,Virtual Machines NCdsxlRTX6kv6,20.418,RTX PRO 6000
Azure,canadacentral,Standard_NC6s_v3,Virtual Machines NCSv3 Series Windows,3.642,Other
Azure,northeurope,Standard_NC12s_v3,Virtual Machines NCSv3 Series,1.221528,Other
Azure,japaneast,Standard_NV6ads_A10_v5,Virtual Machines NVadsA10v5 Series,0.121598,A10
Azure,westus,Standard_NC6s_v3,Virtual Machines NCSv3 Series,3.978,Other
Azure,qatarcentral,Standard_NC24s_v3,Virtual Machines NCSv3 Series Windows,3.333053,Other
Azure,southeastasia,Standard_NV72ads_A10_v5,Virtual Machines NVadsA10v5 Series,1.695,A10
Azure,westus3,Standard_ND96is_H100_v5,Virtual Machines NDsr H100 v5 Series,16.352582,H100
Azure,germanywestcentral,Standard_NV12ads_A10_v5,Virtual Machines NVadsA10v5 Series,0.236,A10
Azure,westus2,Standard_NC80adis_H100_v5,Virtual Machines NCadsH100v5 Series,12.564,H100
Azure,brazilsouth,Standard_NV24s_v3,Virtual Machines NVSv3 Series Windows,4.98,Other
Azure,japanwest,Standard_ND96amsr_A100_v4,Virtual Machines NDamsr A100 v4 Series Windows,14.3546,A100
Azure,westus3,Standard_NV8as_v4,Virtual Machines NVasv4 Series Windows,0.834,Other
Azure,centralindia,Standard_NV6ads_A10_v5,Virtual Machines NVadsA10v5 Series,0.117533,A10
Azure,spaincentral,Standard_ND96is_flex_H100_v5,Virtual Machines NDsfH100v5 Series,115.034,H100
Azure,westeurope,Standard_NV32as_v4,Virtual Machines NVasv4 Series Windows,1.521,Other
Azure,centralus,Standard_NV18ads_A10_v5,Virtual Machines NVadsA10v5 Series,1.968,A10
Azure,eastus2,Standard_ND96ams_A100_v4,Virtual Machines NDamsr A100 v4 Series Windows,37.186,A100
Azure,westus3,Standard_ND96isr_MI300X_v5,Virtual Machines NDMI300Xv5 Srs,8.8704,MI300X
Azure,uksouth,Standard_NC8as_T4_v3,Virtual Machines NCasT4 v3 Series,0.504152,Other
Azure,westus2,Standard_NC128ds_xl_RTXPRO6000BSE_v6,Virtual Machines NCdsxlRTX6kv6,1.276,RTX PRO 6000
Azure,westeurope,Standard_NC24ads_A100_v4,NCads A100 v4 Series Linux,0.955,A100
Azure,chilecentral,Standard_NV8as_v4,Virtual Machines NVasv4 Series,0.652,Other
Azure,brazilsouth,Standard_NV36ads_A10_v5,Virtual Machines NVadsA10v5 Series,1.18272,A10
Azure,swedencentral,Standard_ND96is_H100_v5,Virtual Machines NDsr H100 v5 Series,115.034,H100
Azure,norwayeast,Standard_NV12s_v3,Virtual Machines NVSv3 Series Windows,0.391776,Other
Azure,australiaeast,Standard_NV36adms_A10_v5,Virtual Machines NVadsA10v5 Series Windows,8.21,A10
Azure,usgovvirginia,Standard_NC8as_T4_v3,Virtual Machines NCasT4 v3 Series,0.2726,Other
Azure,swedencentral,Standard_NG8ads_V620_v1,Virtual Machines NGadsV620v1 Series Windows,0.220651,Other
Azure,japanwest,Standard_ND96is_H100_v5,Virtual Machines NDsr H100 v5 Series,25.346429,H100
Azure,switzerlandnorth,Standard_ND96isr_H100_v5,Virtual Machines NDsr H100 v5 Series Windows,145.014,H100
Azure,westus2,Standard_ND96is_flex_H100_v5,Virtual Machines NDsfH100v5 Series,88.488,H100
Azure,centralus,Standard_ND96isr_H100_v5,Virtual Machines NDsr H100 v5 Series Windows,23.16468,H100
Azure,jioindiawest,Standard_NV18ads_A10_v5,Virtual Machines NVadsA10v5 Series,2.24,A10
Azure,southeastasia,Standard_NC32lds_xl_RTXPRO6000BSE_v6,Virtual Machines NCldsxlRTX6kv6 Windows,0.6424,RTX PRO 6000
Azure,westus,Standard_NV24s_v3,Virtual Machines NVSv3 Series Windows,3.384,Other
Azure,italynorth,Standard_NC96ads_A100_v4,NCads A100 v4 Series Linux,3.82,A100
Azure,uksouth,Standard_NV6ads_A10_v5,Virtual Machines NVadsA10v5 Series Windows,0.337,A10
Azure,swedencentral,Standard_NC64as_T4_v3,Virtual Machines NCasT4 v3 Series Windows,2.18863,Other
Azure,westcentralus,Standard_ND96is_MI300X_v5,Virtual Machines NDMI300Xv5 Srs Windows,62.016,MI300X
Azure,malaysiawest,Standard_NV36adms_A10_v5,Virtual Machines NVadsA10v5 Series Windows,6.944,A10
Azure,canadaeast,Standard_ND96amsr_A100_v4,Virtual Machines NDamsr A100 v4 Series Linux,7.865,A100
Azure,westus,Standard_NC64ds_xl_RTXPRO6000BSE_v6,Virtual Machines NCdsxlRTX6kv6 Windows,1.3248,RTX PRO 6000
Azure,uksouth,Standard_NC6s_v3,Virtual Machines NCSv3 Series,3.589,Other
Azure,westus2,Standard_NC64lds_xl_RTXPRO6000BSE_v6,Virtual Machines NCldsxlRTX6kv6 Windows,1.0768,RTX PRO 6000
Azure,usgovvirginia,Standard_NV16as_v4,Virtual Machines NVasv4 Series Windows,0.76,Other
Azure,francecentral,Standard_NC64as_T4_v3,Virtual Machines NCasT4 v3 Series Windows,3.209,Other
Azure,japaneast,Standard_NG8ads_V620_v1,Virtual Machines NGadsV620v1 Series,0.170016,Other
Azure,southcentralus,Standard_NV12s_v2,Virtual Machines NVSv2 Series Windows,0.303811,Other
Azure,attdallas1,Standard_NV4as_v4,Virtual Machines NVasv4 Series Windows,0.269,Other
Azure,canadacentral,Standard_NC48ads_A100_v4,NCads A100 v4 Series Windows,4.409,A100
Azure,southcentralus,Standard_NC96ads_A100_v4,NCads A100 v4 Series Linux,3.526,A100
Azure,eastus,Standard_NP20s,Virtual Machines NP Series,0.66,Other
Azure,japaneast,Standard_NC40ads_H100_v5,Virtual Machines NCadsH100v5 Series,10.121,H100
Azure,japanwest,Standard_ND96amsr_A100_v4,Virtual Machines NDamsr A100 v4 Series Linux,10.159,A100
Azure,japaneast,Standard_NC48ads_A100_v4,NCads A100 v4 Series Linux,10.652,A100
Azure,northcentralus,Standard_ND96is_MI300X_v5,Virtual Machines NDMI300Xv5 Srs Windows,62.016,MI300X
Azure,southcentralus,Standard_NC16as_T4_v3,Virtual Machines NCasT4 v3 Series Windows,2.181,Other
Azure,westeurope,Standard_NC64as_T4_v3,Virtual Machines NCasT4 v3 Series Windows,8.384,Other
Azure,japanwest,Standard_NC8as_T4_v3,Virtual Machines NCasT4 v3 Series Windows,1.465,Other
Azure,jioindiawest,Standard_NC80adis_H100_v5,Virtual Machines NCadsH100v5 Series,19.544,H100
Azure,francecentral,Standard_NV6ads_A10_v5,Virtual Machines NVadsA10v5 Series Windows,0.843,A10
Azure,centralus,Standard_NC12s_v3,Virtual Machines NCSv3 Series Windows,2.987,Other
Azure,uksouth,Standard_NV12s_v3,Virtual Machines NVSv3 Series Windows,1.977,Other
Azure,northeurope,Standard_NC24rs_v3,Virtual Machines NCSv3 Series Windows,15.645,Other
Azure,eastus2,Standard_NC24rs_v3,Virtual Machines NCSv3 Series,13.464,Other
Azure,westus2,Standard_NV36adms_A10_v5,Virtual Machines NVadsA10v5 Series Windows,6.176,A10
Azure,southcentralus,Standard_NC4as_T4_v3,Virtual Machines NCasT4 v3 Series Windows,0.326,Other
Azure,eastasia,Standard_NV18ads_A10_v5,Virtual Machines NVadsA10v5 Series,0.458304,A10
Azure,canadacentral,Standard_NC4as_T4_v3,Virtual Machines NCasT4 v3 Series Windows,0.22272,Other
Azure,southeastasia,Standard_NC48ads_A100_v4,NCads A100 v4 Series Linux,9.55,A100
Azure,koreacentral,Standard_ND96is_H100_v5,Virtual Machines NDsr H100 v5 Series,119.459,H100
Azure,southeastasia,Standard_NC24ads_A100_v4,NCads A100 v4 Series Linux,4.775,A100
Azure,germanynorth,Standard_ND96amsr_A100_v4,Virtual Machines NDamsr A100 v4 Series Linux,11.076,A100
Azure,australiacentral,Standard_NC64as_T4_v3,Virtual Machines NCasT4 v3 Series,1.129,Other
Azure,eastasia,Standard_NC24rs_v3,Virtual Machines NCSv3 Series,3.856591,Other
Azure,eastus,Standard_ND40rs_v2,Virtual Machines NDrSv2 Series Windows,23.872,Other
Azure,westus3,Standard_NC48ads_A100_v4,NCads A100 v4 Series Windows,9.554,A100
Azure,eastus,Standard_NV6ads_A10_v5,Virtual Machines NVadsA10v5 Series,0.0908,A10
Azure,australiacentral2,Standard_NC16as_T4_v3,Virtual Machines NCasT4 v3 Series,1.565,Other
Azure,southcentralus,Standard_NP10s,Virtual Machines NP Series,0.396,Other
Azure,japaneast,Standard_NP40s,Virtual Machines NP Series Windows,4.564,Other
Azure,italynorth,Standard_NV72ads_A10_v5,Virtual Machines NVadsA10v5 Series Windows,11.788,A10
Azure,koreasouth,Standard_NV72ads_A10_v5,Virtual Machines NVadsA10v5 Series Windows,4.585,A10
Azure,italynorth,Standard_NC4as_T4_v3,Virtual Machines NCasT4 v3 Series,0.123,Other
Azure,southindia,Standard_NC64as_T4_v3,Virtual Machines NCasT4 v3 Series,1.225,Other
Azure,westeurope,Standard_NP40s,Virtual Machines NP Series Windows,1.925616,Other
Azure,westeurope,Standard_ND40rs_v2,Virtual Machines NDrSv2 Series Windows,29.366,Other
Azure,westus2,Standard_NV6_Promo,Virtual Machines NV Promo Series Windows,0.932,Other
Azure,eastus,Standard_ND40rs_v2,Virtual Machines NDrSv2 Series,22.032,Other
Azure,centralus,Standard_NV6ads_A10_v5,Virtual Machines NVadsA10v5 Series,0.112,A10
Azure,westeurope,Standard_ND96is_H100_v5,Virtual Machines NDsr H100 v5 Series Windows,22.07436,H100
Azure,southeastasia,Standard_NV6ads_A10_v5,Virtual Machines NVadsA10v5 Series Windows,0.346,A10
Azure,malaysiawest,Standard_NC40ads_H100_v5,Virtual Machines NCadsH100v5 Series Windows,10.007,H100
Azure,northcentralus,Standard_NV4ads_V710_v5,Virtual Machines NVadsV710v5 Series Windows,0.107923,Other
Azure,southcentralus,Standard_ND96is_H100_v5,Virtual Machines NDsr H100 v5 Series,106.171,H100
Azure,westeurope,Standard_NC96ads_A100_v4,NCads A100 v4 Series Windows,10.553981,A100
Azure,westus,Standard_ND96isr_H100_v5,Virtual Machines NDsr H100 v5 Series,127.816,H100
Azure,westus,Standard_NV72ads_A10_v5,Virtual Machines NVadsA10v5 Series,1.566365,A10
Azure,brazilsouth,Standard_NV12ads_A10_v5,Virtual Machines NVadsA10v5 Series,1.816,A10
Azure,southeastasia,Standard_NV48s_v3,Virtual Machines NVSv3 Series,1.272,Other
Azure,canadacentral,Standard_NC96ads_A100_v4,NCads A100 v4 Series Linux,3.942068,A100
Azure,eastus2,Standard_NV36adms_A10_v5,Virtual Machines NVadsA10v5 Series Windows,1.266698,A10
Azure,malaysiawest,Standard_NV18ads_A10_v5,Virtual Machines NVadsA10v5 Series,0.374,A10
Azure,koreacentral,Standard_NV36ads_A10_v5,Virtual Machines NVadsA10v5 Series,0.864,A10
Azure,westus2,Standard_NV12s_v3,Virtual Machines NVSv3 Series,0.228,Other
Azure,northcentralus,Standard_NV12ads_A10_v5,Virtual Machines NVadsA10v5 Series,0.201432,A10
Azure,indonesiacentral,Standard_NV6ads_A10_v5,Virtual Machines NVadsA10v5 Series,0.102749,A10
Azure,westus2,Standard_NP10s,Virtual Machines NP Series Windows,2.11,Other
Azure,mexicocentral,Standard_NV8as_v4,Virtual Machines NVasv4 Series Windows,0.352,Other
Azure,canadacentral,Standard_NC64as_T4_v3,Virtual Machines NCasT4 v3 Series,1.3978,Other
Azure,southeastasia,Standard_NV72ads_A10_v5,Virtual Machines NVadsA10v5 Series,1.566365,A10
Azure,eastasia,Standard_NC24s_v3,Virtual Machines NCSv3 Series,3.794,Other
Azure,australiaeast,Standard_NV6ads_A10_v5,Virtual Machines NVadsA10v5 Series Windows,0.374,A10
Azure,westeurope,Standard_NC40ads_H100_v5,Virtual Machines NCadsH100v5 Series Windows,4.368,H100
Azure,westeurope,Standard_NC32ads_A10_v4,Virtual Machines NCadsA10v4 Series Windows,7.192,A10
Azure,northcentralus,Standard_NC24ads_A100_v4,NCads A100 v4 Series Windows,5.512,A100
Azure,centralindia,Standard_NV12ads_A10_v5,Virtual Machines NVadsA10v5 Series,0.234881,A10
Azure,centralus,Standard_NG8ads_V620_v1,Virtual Machines NGadsV620v1 Series Windows,0.21215,Other
Azure,eastus,Standard_NV72ads_A10_v5,Virtual Machines NVadsA10v5 Series,1.304,A10
Azure,northeurope,Standard_NC12s_v3,Virtual Machines NCSv3 Series Windows,2.865,Other
Azure,westus,Standard_ND96is_noIB_H100_v5,Virtual Machines NDsH100v5 Series,21.258283,H100
Azure,swedencentral,Standard_NG32ads_V620_v1,Virtual Machines NGadsV620v1 Series,3.302,Other
Azure,spaincentral,Standard_NV12ads_A10_v5,Virtual Machines NVadsA10v5 Series,0.218064,A10
Azure,australiaeast,Standard_NC24r_Promo,Virtual Machines NC Promo Series Windows,4.11,Other
Azure,japaneast,Standard_NV72ads_A10_v5,Virtual Machines NVadsA10v5 Series Windows,5.106,A10
Azure,japaneast,Standard_ND96is_H100_v5,Virtual Machines NDsr H100 v5 Series Windows,132.724,H100
Azure,southcentralus,Standard_ND96amsr_A100_v4,Virtual Machines NDamsr A100 v4 Series Linux,10.22424,A100
Azure,southeastasia,Standard_ND40rs_v2,Virtual Machines NDrSv2 Series,30.492,Other
Azure,koreasouth,Standard_NV36adms_A10_v5,Virtual Machines NVadsA10v5 Series Windows,2.922,A10
Azure,uksouth,Standard_NV18ads_A10_v5,Virtual Machines NVadsA10v5 Series,0.4,A10
Azure,uksouth,Standard_NG16ads_V620_v1,Virtual Machines NGadsV620v1 Series Windows,0.429845,Other
Azure,swedencentral,Standard_NG16ads_V620_v1,Virtual Machines NGadsV620v1 Series,0.33,Other
Azure,mexicocentral,Standard_NV18ads_A10_v5,Virtual Machines NVadsA10v5 Series Windows,2.594,A10
Azure,westeurope,Standard_NV6ads_A10_v5,Virtual Machines NVadsA10v5 Series Windows,0.866,A10
Azure,attatlanta1,Standard_NV16as_v4,Virtual Machines NVasv4 Series Windows,2.367,Other
Azure,eastus,Standard_NV6ads_A10_v5,Virtual Machines NVadsA10v5 Series Windows,0.134904,A10
Azure,attatlanta1,Standard_NV16as_v4,Virtual Machines NVasv4 Series,0.3262,Other
Azure,westus3,Standard_ND96is_MI300X_v5,Virtual Machines NDMI300Xv5 Srs,48.0,MI300X
Azure,southeastasia,Standard_NC48ads_A100_v4,NCads A100 v4 Series Linux,1.91,A100
Azure,westus3,Standard_NV36ads_A10_v5,Virtual Machines NVadsA10v5 Series,0.59136,A10
Azure,eastus,Standard_NC48ads_A100_v4,NCads A100 v4 Series Windows,2.653146,A100
Azure,brazilsouth,Standard_NV48s_v3,Virtual Machines NVSv3 Series Windows,1.840608,Other
Azure,southcentralus,Standard_NV24s_v3,Virtual Machines NVSv3 Series Windows,3.84,Other
Azure,westeurope,Standard_NV12ads_V710_v5,Virtual Machines NVadsV710v5 Series,0.26,Other
Azure,australiacentral2,Standard_NC16as_T4_v3,Virtual Machines NCasT4 v3 Series Windows,0.34515,Other
Azure,chilecentral,Standard_NV32as_v4,Virtual Machines NVasv4 Series Windows,4.082,Other
Azure,germanywestcentral,Standard_NV36adms_A10_v5,Virtual Machines NVadsA10v5 Series Windows,1.391914,A10
Azure,westus2,Standard_NC16as_T4_v3,Virtual Machines NCasT4 v3 Series Windows,1.94,Other
Azure,eastus2,Standard_NV16as_v4,Virtual Machines NVasv4 Series Windows,0.667,Other
Azure,westus,Standard_NC16lds_xl_RTXPRO6000BSE_v6,Virtual Machines NCldsxlRTX6kv6 Windows,0.441,RTX PRO 6000
Azure,usgovvirginia,Standard_NV16as_v4,Virtual Machines NVasv4 Series,1.165,Other
Azure,eastus2,Standard_NC320ds_xl_RTXPRO6000BSE_v6,Virtual Machines NCdsxlRTX6kv6 Windows,6.2616,RTX PRO 6000
Azure,japaneast,Standard_NC24rs_v3,Virtual Machines NCSv3 Series,3.691,Other
Azure,southeastasia,Standard_NC12s_v3,Virtual Machines NCSv3 Series,1.564886,Other
Azure,northcentralus,Standard_ND96isr_MI300X_v5,Virtual Machines NDMI300Xv5 Srs Windows,62.016,MI300X
Azure,eastus,Standard_NC32lds_xl_RTXPRO6000BSE_v6,Virtual Machines NCldsxlRTX6kv6 Windows,2.715,RTX PRO 6000
Azure,usgovvirginia,Standard_NC4as_T4_v3,Virtual Machines NCasT4 v3 Series Windows,0.3368,Other
Azure,centralindia,Standard_NC64as_T4_v3,Virtual Machines NCasT4 v3 Series,1.38823,Other
Azure,uksouth,Standard_NC16as_T4_v3,Virtual Machines NCasT4 v3 Series,1.409,Other
Azure,eastus,Standard_NV4as_v4,Virtual Machines NVasv4 Series Windows,0.167,Other
Azure,westeurope,Standard_NV18ads_A10_v5,Virtual Machines NVadsA10v5 Series,2.08,A10
Azure,southindia,Standard_NC64as_T4_v3,Virtual Machines NCasT4 v3 Series Windows,2.62943,Other
Azure,canadacentral,Standard_ND96amsr_A100_v4,Virtual Machines NDamsr A100 v4 Series Windows,17.496,A100
Azure,koreasouth,Standard_NV36ads_A10_v5,Virtual Machines NVadsA10v5 Series Windows,5.656,A10
Azure,usgovarizona,Standard_ND40rs_v2,Virtual Machines NDrSv2 Series,27.54,Other
Azure,jioindiawest,Standard_NV6ads_A10_v5,Virtual Machines NVadsA10v5 Series Windows,0.912,A10
Azure,japaneast,Standard_NV24_Promo,Virtual Machines NV Promo Series,3.791,Other
Azure,australiaeast,Standard_NV36ads_A10_v5,Virtual Machines NVadsA10v5 Series,0.857472,A10
Azure,uksouth,Standard_NC24r_Promo,Virtual Machines NC Promo Series Windows,3.588,Other
Azure,southafricanorth,Standard_NV24s_v3,Virtual Machines NVSv3 Series,0.539801,Other
Azure,eastus2,Standard_NV36adms_A10_v5,Virtual Machines NVadsA10v5 Series Windows,2.47,A10
Azure,southeastasia,Standard_NC24s_v3,Virtual Machines NCSv3 Series,3.387,Other
Azure,spaincentral,Standard_NV36adms_A10_v5,Virtual Machines NVadsA10v5 Series Windows,1.391914,A10
Azure,northcentralus,Standard_ND96isrf_H100_v5,Virtual Machines NDsrf H100 v5 Series Windows,122.4,H100
Azure,centralindia,Standard_NC64as_T4_v3,Virtual Machines NCasT4 v3 Series Windows,2.24199,Other
Azure,japaneast,Standard_ND96is_H100_v5,Virtual Machines NDsr H100 v5 Series,23.711318,H100
Azure,polandcentral,Standard_NV6ads_A10_v5,Virtual Machines NVadsA10v5 Series Windows,0.866,A10
Azure,australiacentral,Standard_NC8as_T4_v3,Virtual Machines NCasT4 v3 Series,0.28333,Other
Azure,westus2,Standard_NV72ads_A10_v5,Virtual Machines NVadsA10v5 Series Windows,1.816954,A10
Azure,koreacentral,Standard_NC6s_v3,Virtual Machines NCSv3 Series,4.234,Other
Azure,australiacentral,Standard_NC64as_T4_v3,Virtual Machines NCasT4 v3 Series,1.63705,Other
Azure,spaincentral,Standard_NV6ads_A10_v5,Virtual Machines NVadsA10v5 Series,0.59,A10
Azure,canadacentral,Standard_NV8as_v4,Virtual Machines NVasv4 Series Windows,0.371,Other
Azure,westeurope,Standard_NV72ads_A10_v5,Virtual Machines NVadsA10v5 Series Windows,2.3965,A10
Azure,australiaeast,Standard_NV6ads_A10_v5,Virtual Machines NVadsA10v5 Series,0.132,A10
Azure,eastasia,Standard_NV72ads_A10_v5,Virtual Machines NVadsA10v5 Series Windows,2.479646,A10
Azure,australiaeast,Standard_NV12ads_V710_v5,Virtual Machines NVadsV710v5 Series Windows,2.002,Other
Azure,centralus,Standard_NCC40ads_H100_v5,Virtual Machines NCCadsv5 Srs,7.89,H100
Azure,eastus2,Standard_NC64lds_xl_RTXPRO6000BSE_v6,Virtual Machines NCldsxlRTX6kv6,2.44,RTX PRO 6000
Azure,chilecentral,Standard_NV8as_v4,Virtual Machines NVasv4 Series,0.12049,Other
Azure,westus3,Standard_NV72ads_A10_v5,Virtual Machines NVadsA10v5 Series Windows,9.832,A10
Azure,southcentralus,Standard_NV12s_v3,Virtual Machines NVSv3 Series Windows,1.92,Other
Azure,centralus,Standard_NC32lds_xl_RTXPRO6000BSE_v6,Virtual Machines NCldsxlRTX6kv6,0.306,RTX PRO 6000
Azure,uksouth,Standard_NC64as_T4_v3,Virtual Machines NCasT4 v3 Series,1.018,Other
Azure,usgovarizona,Standard_NV12s_v3,Virtual Machines NVSv3 Series,1.425,Other
Azure,polandcentral,Standard_ND96amsr_A100_v4,Virtual Machines NDamsr A100 v4 Series Windows,20.522,A100
Azure,northcentralus,Standard_NV4ads_V710_v5,Virtual Machines NVadsV710v5 Series,0.4,Other
Azure,westeurope,Standard_NV6ads_A10_v5,Virtual Machines NVadsA10v5 Series Windows,0.346,A10
Azure,eastus2,Standard_ND96isr_H200_v5,Virtual Machines NDsrH200v5 Series Windows,35.686,H200
Azure,uksouth,Standard_NC12s_v3,Virtual Machines NCSv3 Series Windows,3.092,Other
Azure,chilecentral,Standard_NV4as_v4,Virtual Machines NVasv4 Series Windows,0.094248,Other
Azure,spaincentral,Standard_ND96ams_A100_v4,Virtual Machines NDamsr A100 v4 Series Windows,11.79828,A100
Azure,westus,Standard_NC40ads_H100_v5,Virtual Machines NCadsH100v5 Series Windows,9.8226,H100
Azure,centralus,Standard_NC128lds_xl_RTXPRO6000BSE_v6,Virtual Machines NCldsxlRTX6kv6 Windows,2.5316,RTX PRO 6000
Azure,francecentral,Standard_NC12s_v3,Virtual Machines NCSv3 Series Windows,7.712,Other
Azure,australiaeast,Standard_NV8as_v4,Virtual Machines NVasv4 Series Windows,1.044,Other
Azure,malaysiawest,Standard_NV18ads_A10_v5,Virtual Machines NVadsA10v5 Series,1.872,A10
Azure,brazilsouth,Standard_NV6ads_A10_v5,Virtual Machines NVadsA10v5 Series Windows,0.218803,A10
Azure,southeastasia,Standard_NV18ads_A10_v5,Virtual Machines NVadsA10v5 Series Windows,0.537398,A10
Azure,southeastasia,Standard_NV4as_v4,Virtual Machines NVasv4 Series Windows,0.089998,Other
Azure,israelcentral,Standard_NV12ads_A10_v5,Virtual Machines NVadsA10v5 Series,0.23987,A10
Azure,australiaeast,Standard_NC6s_v3,Virtual Machines NCSv3 Series Windows,1.804,Other
Azure,koreacentral,Standard_NC80adis_H100_v5,Virtual Machines NCadsH100v5 Series,18.846,H100
Azure,indonesiacentral,Standard_NV12ads_A10_v5,Virtual Machines NVadsA10v5 Series,1.112,A10
Azure,centralus,Standard_NG8ads_V620_v1,Virtual Machines NGadsV620v1 Series,0.78,Other
Azure,japaneast,Standard_NV12ads_A10_v5,Virtual Machines NVadsA10v5 Series,0.263,A10
Azure,southcentralus,Standard_NC48ads_A100_v4,NCads A100 v4 Series Linux,1.629012,A100
Azure,swedencentral,Standard_NC40ads_H100_v5,Virtual Machines NCadsH100v5 Series,1.815,H100
Azure,canadacentral,Standard_NV4as_v4,Virtual Machines NVasv4 Series,0.28,Other
Azure,italynorth,Standard_NV32as_v4,Virtual Machines NVasv4 Series,0.466,Other
Azure,australiaeast,Standard_NV48s_v3,Virtual Machines NVSv3 Series,6.358,Other
Azure,northcentralus,Standard_NV72ads_A10_v5,Virtual Machines NVadsA10v5 Series,7.824,A10
Azure,westus2,Standard_NV18ads_A10_v5,Virtual Machines NVadsA10v5 Series Windows,2.428,A10
Azure,eastus2,Standard_NV6ads_A10_v5,Virtual Machines NVadsA10v5 Series,0.454,A10
Azure,northeurope,Standard_NC320lds_xl_RTXPRO6000BSE_v6,Virtual Machines NCldsxlRTX6kv6 Windows,35.182,RTX PRO 6000
Azure,israelcentral,Standard_NC6s_v3,Virtual Machines NCSv3 Series Windows,0.828089,Other
Azure,eastus2,Standard_NV48s_v3,Virtual Machines NVSv3 Series,0.912,Other
Azure,westus,Standard_NC16as_T4_v3,Virtual Machines NCasT4 v3 Series Windows,0.872,Other
Azure,eastus,Standard_NV24ads_V710_v5,Virtual Machines NVadsV710v5 Series,0.4,Other
Azure,koreacentral,Standard_NV16as_v4,Virtual Machines NVasv4 Series,0.252,Other
Azure,mexicocentral,Standard_NV6ads_A10_v5,Virtual Machines NVadsA10v5 Series Windows,0.14359,A10
Azure,northcentralus,Standard_NV4as_v4,Virtual Machines NVasv4 Series,0.0559,Other
Azure,swedencentral,Standard_NG32ads_V620_v1,Virtual Machines NGadsV620v1 Series Windows,1.91,Other
Azure,koreacentral,Standard_NC12s_v3,Virtual Machines NCSv3 Series,1.694,Other
Azure,australiacentral,Standard_NC8as_T4_v3,Virtual Machines NCasT4 v3 Series,0.977,Other
Azure,westus,Standard_ND96isr_MI300X_v5,Virtual Machines NDMI300Xv5 Srs,11.615234,MI300X
Azure,eastasia,Standard_NC24s_v3,Virtual Machines NCSv3 Series,3.506026,Other
Azure,usgovvirginia,Standard_NC24s_v3,Virtual Machines NCSv3 Series Windows,16.16,Other
Azure,uksouth,Standard_NV18ads_A10_v5,Virtual Machines NVadsA10v5 Series Windows,0.522614,A10
Azure,uaenorth,Standard_NV36adms_A10_v5,Virtual Machines NVadsA10v5 Series Windows,3.248,A10
Azure,westus2,Standard_NP10s,Virtual Machines NP Series Windows,0.844,Other
Azure,westeurope,Standard_NC96ads_A100_v4,NCads A100 v4 Series Linux,19.1,A100
Azure,swedencentral,Standard_NV32as_v4,Virtual Machines NVasv4 Series,2.61,Other
Azure,switzerlandnorth,Standard_NC24s_v3,Virtual Machines NCSv3 Series Windows,3.31254,Other
Azure,uaenorth,Standard_NV48s_v3,Virtual Machines NVSv3 Series,1.113,Other
Azure,attatlanta1,Standard_NV8as_v4,Virtual Machines NVasv4 Series,0.816,Other
Azure,eastus2,Standard_NC24ads_A100_v4,NCads A100 v4 Series Windows,1.19425,A100
Azure,uksouth,Standard_NV24s_v3,Virtual Machines NVSv3 Series,2.85,Other
Azure,uaenorth,Standard_NV72ads_A10_v5,Virtual Machines NVadsA10v5 Series,1.723075,A10
Azure,southeastasia,Standard_NV8as_v4,Virtual Machines NVasv4 Series,0.121,Other
Azure,centralus,Standard_NC16as_T4_v3,Virtual Machines NCasT4 v3 Series,1.36,Other
Azure,uaenorth,Standard_NV36ads_A10_v5,Virtual Machines NVadsA10v5 Series,0.845645,A10
Azure,northcentralus,Standard_NC24ads_A100_v4,NCads A100 v4 Series Windows,1.018618,A100
Azure,westus2,Standard_NC24s_v3,Virtual Machines NCSv3 Series,12.24,Other
Azure,australiacentral2,Standard_NC8as_T4_v3,Virtual Machines NCasT4 v3 Series Windows,1.345,Other
Azure,italynorth,Standard_NV36adms_A10_v5,Virtual Machines NVadsA10v5 Series Windows,3.013,A10
Azure,usgovarizona,Standard_NC24s_v3,Virtual Machines NCSv3 Series,14.688,Other
Azure,israelcentral,Standard_NC8as_T4_v3,Virtual Machines NCasT4 v3 Series Windows,0.561,Other
Azure,southeastasia,Standard_NC24ads_A100_v4,NCads A100 v4 Series Windows,2.352,A100
Azure,switzerlandnorth,Standard_NC24s_v3,Virtual Machines NCSv3 Series Windows,17.925,Other
Azure,japaneast,Standard_NV16as_v4,Virtual Machines NVasv4 Series,0.249665,Other
Azure,israelcentral,Standard_NV12ads_A10_v5,Virtual Machines NVadsA10v5 Series,1.298,A10
Azure,australiaeast,Standard_NC64as_T4_v3,Virtual Machines NCasT4 v3 Series,1.64082,Other
Azure,eastus2,Standard_NCC40ads_H100_v5,Virtual Machines NCCadsv5 Srs,1.396,H100
Azure,italynorth,Standard_ND96ams_A100_v4,Virtual Machines NDamsr A100 v4 Series Linux,10.65012,A100
Azure,usgovvirginia,Standard_NC12_Promo,Virtual Machines NC Promo Series Windows,1.502,Other
Azure,southeastasia,Standard_NC320ds_xl_RTXPRO6000BSE_v6,Virtual Machines NCdsxlRTX6kv6 Windows,7.5886,RTX PRO 6000
Azure,northcentralus,Standard_NV16as_v4,Virtual Machines NVasv4 Series Windows,0.342619,Other
Azure,germanywestcentral,Standard_NV72ads_A10_v5,Virtual Machines NVadsA10v5 Series,1.566365,A10
Azure,francesouth,Standard_ND96ams_A100_v4,Virtual Machines NDamsr A100 v4 Series Linux,53.248,A100
Azure,southeastasia,Standard_NC24s_v3,Virtual Machines NCSv3 Series Windows,7.216,Other
Azure,australiaeast,Standard_NV8as_v4,Virtual Machines NVasv4 Series,0.676,Other
Azure,uksouth,Standard_NV36ads_A10_v5,Virtual Machines NVadsA10v5 Series Windows,1.045229,A10
Azure,spaincentral,Standard_ND96isrf_H100_v5,Virtual Machines NDsrf H100 v5 Series Windows,132.232,H100
Azure,swedencentral,Standard_ND96isr_H100_v5,Virtual Machines NDsr H100 v5 Series Windows,52.893,H100
Azure,polandcentral,Standard_NV32as_v4,Virtual Machines NVasv4 Series Windows,3.802,Other
Azure,koreasouth,Standard_ND96isr_H200_v5,Virtual Machines NDsrH200v5 Series Windows,110.416,H200
Azure,japaneast,Standard_NC12s_v3,Virtual Machines NCSv3 Series Windows,3.576,Other
Azure,uaenorth,Standard_ND96isr_MI300X_v5,Virtual Machines NDMI300Xv5 Srs Windows,13.500749,MI300X
Azure,swedencentral,Standard_ND96isr_MI300X_v5,Virtual Machines NDMI300Xv5 Srs Windows,28.646,MI300X
Azure,westus,Standard_NC256lds_xl_RTXPRO6000BSE_v6,Virtual Machines NCldsxlRTX6kv6 Windows,26.076,RTX PRO 6000
Azure,polandcentral,Standard_NV6ads_A10_v5,Virtual Machines NVadsA10v5 Series Windows,0.346,A10
Azure,uksouth,Standard_NV36ads_A10_v5,Virtual Machines NVadsA10v5 Series Windows,2.262,A10
Azure,australiaeast,Standard_NC12s_v3,Virtual Machines NCSv3 Series,1.564886,Other
Azure,northeurope,Standard_NC128ds_xl_RTXPRO6000BSE_v6,Virtual Machines NCdsxlRTX6kv6 Windows,3.0034,RTX PRO 6000
Azure,canadacentral,Standard_NC48ads_A100_v4,NCads A100 v4 Series Windows,2.464743,A100
Azure,attdallas1,Standard_NV4ahs_v4,Virtual Machines NVasv4 VDI Series Windows,0.189,Other
Azure,westus3,Standard_NC80adis_H100_v5,Virtual Machines NCadsH100v5 Series,2.792,H100
Azure,chilecentral,Standard_NV32as_v4,Virtual Machines NVasv4 Series,0.522,Other
Azure,koreasouth,Standard_NV72ads_A10_v5,Virtual Machines NVadsA10v5 Series,1.50612,A10
Azure,northcentralus,Standard_NV6_Promo,Virtual Machines NV Promo Series Windows,0.96,Other
Azure,centralus,Standard_NC128lds_xl_RTXPRO6000BSE_v6,Virtual Machines NCldsxlRTX6kv6 Windows,12.658,RTX PRO 6000
Azure,eastus2,Standard_NC8as_T4_v3,Virtual Machines NCasT4 v3 Series Windows,1.12,Other
Azure,westus,Standard_ND96is_flex_H100_v5,Virtual Machines NDsfH100v5 Series,115.034,H100
Azure,attatlanta1,Standard_NV8as_v4,Virtual Machines NVasv4 Series Windows,1.184,Other
Azure,westus3,Standard_ND128isr_NDR_GB200_v6,Virtual Machines NDsrGB200NDRv6 Windows,114.048,GB200
Azure,westeurope,Standard_ND96asr_v4,Virtual Machines NDasr A100 v4 Series,35.357,Other
Azure,centralindia,Standard_NC24rs_v3,Virtual Machines NCSv3 Series Windows,3.646843,Other
Azure,polandcentral,Standard_NV16as_v4,Virtual Machines NVasv4 Series,1.165,Other
Azure,indonesiacentral,Standard_NC40ads_H100_v5,Virtual Machines NCadsH100v5 Series,1.610532,H100
Azure,northeurope,Standard_ND96isr_MI300X_v5,Virtual Machines NDMI300Xv5 Srs,11.52,MI300X
Azure,australiaeast,Standard_NV6ads_A10_v5,Virtual Machines NVadsA10v5 Series Windows,0.172603,A10
Azure,indonesiacentral,Standard_NC40ads_H100_v5,Virtual Machines NCadsH100v5 Series,8.167,H100
Azure,westus2,Standard_NV12s_v3,Virtual Machines NVSv3 Series Windows,1.692,Other
Azure,qatarcentral,Standard_NV6ads_A10_v5,Virtual Machines NVadsA10v5 Series,0.119935,A10
Azure,canadacentral,Standard_NC24s_v3,Virtual Machines NCSv3 Series,2.488147,Other
Azure,canadacentral,Standard_ND96ams_A100_v4,Virtual Machines NDamsr A100 v4 Series Linux,7.865,A100
Azure,southeastus,Standard_ND96isrf_H100_v5,Virtual Machines NDsrf H100 v5 Series,127.816,H100
Azure,southafricanorth,Standard_NV36ads_A10_v5,Virtual Machines NVadsA10v5 Series Windows,1.169414,A10
Azure,eastasia,Standard_NC24s_v3,Virtual Machines NCSv3 Series Windows,8.03,Other
Azure,northcentralus,Standard_NV32as_v4,Virtual Machines NVasv4 Series Windows,3.709,Other
Azure,canadacentral,Standard_NV16as_v4,Virtual Machines NVasv4 Series,1.118,Other
Azure,swedencentral,Standard_NG32adms_V620,Virtual Machines NGadsV620v1 Series Windows,5.765,Other
Azure,eastus,Standard_NV36adms_A10_v5,Virtual Machines NVadsA10v5 Series,0.904,A10
Azure,centralindia,Standard_NV36adms_A10_v5,Virtual Machines NVadsA10v5 Series Windows,7.984,A10
Azure,westus2,Standard_NC4as_T4_v3,Virtual Machines NCasT4 v3 Series,0.15254,Other
Azure,northeurope,Standard_NC128lds_xl_RTXPRO6000BSE_v6,Virtual Machines NCldsxlRTX6kv6,1.574,RTX PRO 6000
Azure,koreasouth,Standard_NV6ads_A10_v5,Virtual Machines NVadsA10v5 Series,0.113,A10
Azure,westus2,Standard_NC256lds_xl_RTXPRO6000BSE_v6,Virtual Machines NCldsxlRTX6kv6 Windows,22.776,RTX PRO 6000
Azure,westcentralus,Standard_ND96isrf_H100_v5,Virtual Machines NDsrf H100 v5 Series,23.620397,H100
Azure,israelcentral,Standard_NC24s_v3,Virtual Machines NCSv3 Series Windows,17.925,Other
Azure,southcentralus,Standard_ND40rs_v2,Virtual Machines NDrSv2 Series,5.288,Other
Azure,westus2,Standard_NV8as_v4,Virtual Machines NVasv4 Series Windows,0.834,Other
Azure,polandcentral,Standard_NC96ads_A100_v4,NCads A100 v4 Series Windows,23.516,A100
Azure,koreacentral,Standard_NC24rs_v3,Virtual Machines NCSv3 Series Windows,3.646843,Other
Azure,eastus2,Standard_NC64as_T4_v3,Virtual Machines NCasT4 v3 Series Windows,2.918,Other
Azure,polandcentral,Standard_ND96is_H100_v5,Virtual Machines NDsr H100 v5 Series,115.034,H100
Azure,westus3,Standard_NC8ads_A10_v4,Virtual Machines NCadsA10v4 Series Windows,0.271286,A10
Azure,northcentralus,Standard_NC16as_T4_v3,Virtual Machines NCasT4 v3 Series,0.241,Other
Azure,ukwest,Standard_ND96amsr_A100_v4,Virtual Machines NDamsr A100 v4 Series Linux,42.929,A100
Azure,japanwest,Standard_NC16as_T4_v3,Virtual Machines NCasT4 v3 Series,1.757,Other
Azure,australiaeast,Standard_NV12ads_A10_v5,Virtual Machines NVadsA10v5 Series Windows,0.345391,A10
Azure,brazilsouth,Standard_ND96isr_MI300X_v5,Virtual Machines NDMI300Xv5 Srs Windows,100.416,MI300X
Azure,westus2,Standard_ND40rs_v2,Virtual Machines NDrSv2 Series Windows,23.872,Other
Azure,centralindia,Standard_NC96ads_A100_v4,NCads A100 v4 Series Windows,4.84709,A100
Azure,eastus2,Standard_NC24s_v3,Virtual Machines NCSv3 Series,2.261952,Other
Azure,francecentral,Standard_NV8as_v4,Virtual Machines NVasv4 Series,0.116,Other
Azure,spaincentral,Standard_ND96isr_H100_v5,Virtual Machines NDsr H100 v5 Series Windows,24.436474,H100
Azure,westeurope,Standard_NC24rs_v3,Virtual Machines NCSv3 Series Windows,3.333053,Other
Azure,usgovarizona,Standard_NV12s_v3,Virtual Machines NVSv3 Series Windows,1.977,Other
Azure,italynorth,Standard_NV16as_v4,Virtual Machines NVasv4 Series,1.165,Other
Azure,westcentralus,Standard_ND96is_H100_v5,Virtual Machines NDsr H100 v5 Series Windows,110.602,H100
Azure,eastus2,Standard_NV24s_v3,Virtual Machines NVSv3 Series Windows,0.625363,Other
Azure,qatarcentral,Standard_NC24rs_v3,Virtual Machines NCSv3 Series,3.7,Other
Azure,australiaeast,Standard_NV32as_v4,Virtual Machines NVasv4 Series Windows,0.77154,Other
Azure,westus3,Standard_ND96isr_H100_v5,Virtual Machines NDsr H100 v5 Series Windows,102.736,H100
Azure,southeastasia,Standard_NV16as_v4,Virtual Machines NVasv4 Series,1.212,Other
Azure,eastus,Standard_NV12s_v3,Virtual Machines NVSv3 Series Windows,0.312682,Other
Azure,westeurope,Standard_NV6ads_A10_v5,Virtual Machines NVadsA10v5 Series,0.118,A10
Azure,westeurope,Standard_ND40s_v2,Virtual Machines NDSv2 Series,3.331944,Other
Azure,uksouth,Standard_NC24ads_A100_v4,NCads A100 v4 Series Windows,2.278,A100
Azure,northcentralus,Standard_NV12_Promo,Virtual Machines NV Promo Series Windows,1.92,Other
Azure,northcentralus,Standard_NV36adms_A10_v5,Virtual Machines NVadsA10v5 Series,5.424,A10
Azure,francecentral,Standard_NV36ads_A10_v5,Virtual Machines NVadsA10v5 Series Windows,2.262,A10
Azure,eastus2,Standard_NV16as_v4,Virtual Machines NVasv4 Series,0.172234,Other
Azure,brazilsouth,Standard_ND96isr_H200_v5,Virtual Machines NDsrH200v5 Series Windows,69.606,H200
Azure,eastus2,Standard_NG16ads_V620_v1,Virtual Machines NGadsV620v1 Series Windows,0.370709,Other
Azure,westus2,Standard_NC16as_T4_v3,Virtual Machines NCasT4 v3 Series,0.34916,Other
Azure,usgovarizona,Standard_NV48s_v3,Virtual Machines NVSv3 Series Windows,7.908,Other
Azure,usgovvirginia,Standard_NC8as_T4_v3,Virtual Machines NCasT4 v3 Series,0.94,Other
Azure,australiaeast,Standard_NC24ads_A100_v4,NCads A100 v4 Series Windows,2.572,A100
Azure,eastus2,Standard_ND96isr_MI300X_v5,Virtual Machines NDMI300Xv5 Srs Windows,52.416,MI300X
Azure,jioindiawest,Standard_NC48ads_A100_v4,NCads A100 v4 Series Linux,10.284,A100
Azure,westus2,Standard_ND96is_flex_H100_v5,Virtual Machines NDsfH100v5 Series,16.352582,H100
Azure,eastus2,Standard_NG32adms_V620,Virtual Machines NGadsV620v1 Series,0.61021,Other
Azure,spaincentral,Standard_NC80adis_H100_v5,Virtual Machines NCadsH100v5 Series Windows,10.51673,H100
Azure,usgovvirginia,Standard_NC24rs_v3,Virtual Machines NCSv3 Series Windows,7.11,Other
Azure,northcentralus,Standard_NV24_Promo,Virtual Machines NV Promo Series Windows,3.84,Other
Azure,northcentralus,Standard_ND96is_noIB_H100_v5,Virtual Machines NDsH100v5 Series Windows,110.587,H100
Azure,japanwest,Standard_NC4as_T4_v3,Virtual Machines NCasT4 v3 Series Windows,0.27608,Other
Azure,koreasouth,Standard_NV12ads_A10_v5,Virtual Machines NVadsA10v5 Series Windows,1.687,A10
Azure,koreasouth,Standard_NV6ads_A10_v5,Virtual Machines NVadsA10v5 Series,0.567,A10
Azure,northcentralus,Standard_NV12ads_V710_v5,Virtual Machines NVadsV710v5 Series Windows,0.32377,Other
Azure,australiaeast,Standard_NC8as_T4_v3,Virtual Machines NCasT4 v3 Series,0.28362,Other
Azure,eastus,Standard_ND96asr_v4,Virtual Machines NDasr A100 v4 Series Windows,6.95486,Other
Azure,attdallas1,Standard_NV32as_v4,Virtual Machines NVasv4 Series Windows,5.386,Other
Azure,northeurope,Standard_NC40ads_H100_v5,Virtual Machines NCadsH100v5 Series Windows,10.216,H100
Azure,westus2,Standard_ND96is_flex_H100_v5,Virtual Machines NDsfH100v5 Series Windows,92.904,H100
Azure,eastus,Standard_NV8as_v4,Virtual Machines NVasv4 Series,0.466,Other
Azure,southcentralus,Standard_NV6ads_A10_v5,Virtual Machines NVadsA10v5 Series,0.109,A10
Azure,eastasia,Standard_NV36adms_A10_v5,Virtual Machines NVadsA10v5 Series,1.294709,A10
Azure,swedencentral,Standard_NV18ads_A10_v5,Virtual Machines NVadsA10v5 Series Windows,1.163,A10
Azure,southeastasia,Standard_NP40s,Virtual Machines NP Series,1.716,Other
Azure,northeurope,Standard_NC16as_T4_v3,Virtual Machines NCasT4 v3 Series,1.342,Other
Azure,westeurope,Standard_NV36adms_A10_v5,Virtual Machines NVadsA10v5 Series,5.876,A10
Azure,usgovvirginia,Standard_NV36ads_A10_v5,Virtual Machines NVadsA10v5 Series Windows,2.262,A10
Azure,westus,Standard_NC320ds_xl_RTXPRO6000BSE_v6,Virtual Machines NCdsxlRTX6kv6 Windows,7.2568,RTX PRO 6000
Azure,westeurope,Standard_NG32adms_V620,Virtual Machines NGadsV620v1 Series Windows,2.306,Other
Azure,switzerlandnorth,Standard_NC6s_v3,Virtual Machines NCSv3 Series Windows,4.481,Other
Azure,switzerlandnorth,Standard_NV72ads_A10_v5,Virtual Machines NVadsA10v5 Series Windows,12.636,A10
Azure,northcentralus,Standard_NC8as_T4_v3,Virtual Machines NCasT4 v3 Series Windows,0.448,Other
Azure,usgovarizona,Standard_NV8as_v4,Virtual Machines NVasv4 Series Windows,0.95,Other
Azure,francecentral,Standard_NC24rs_v3,Virtual Machines NCSv3 Series Windows,3.115174,Other
Azure,switzerlandnorth,Standard_ND96ams_A100_v4,Virtual Machines NDamsr A100 v4 Series Windows,51.277,A100
Azure,francecentral,Standard_NC64as_T4_v3,Virtual Machines NCasT4 v3 Series,1.015,Other
Azure,usgovvirginia,Standard_NC24rs_v3,Virtual Machines NCSv3 Series,16.157,Other
Azure,sgxsingapore1,Standard_NC4as_T4_v3,Virtual Machines NCasT4 v3 Series Windows,1.61,Other
Azure,australiaeast,Standard_NC40ads_H100_v5,Virtual Machines NCadsH100v5 Series,3.916827,H100
Azure,israelcentral,Standard_NC24s_v3,Virtual Machines NCSv3 Series Windows,7.17,Other
Azure,qatarcentral,Standard_NC24rs_v3,Virtual Machines NCSv3 Series Windows,7.935,Other
Azure,australiaeast,Standard_NV36adms_A10_v5,Virtual Machines NVadsA10v5 Series,6.554,A10
Azure,usgovarizona,Standard_NC6s_v3,Virtual Machines NCSv3 Series Windows,4.04,Other
Azure,westus2,Standard_NV36ads_A10_v5,Virtual Machines NVadsA10v5 Series Windows,4.856,A10
Azure,southeastasia,Standard_NV32as_v4,Virtual Machines NVasv4 Series,2.423,Other
Azure,eastus,Standard_NV16as_v4,Virtual Machines NVasv4 Series,0.172234,Other
Azure,southeastasia,Standard_NV12ads_A10_v5,Virtual Machines NVadsA10v5 Series Windows,0.693,A10
Azure,westeurope,Standard_NV8as_v4,Virtual Machines NVasv4 Series,0.116,Other
Azure,westus2,Standard_NC12s_v3,Virtual Machines NCSv3 Series Windows,6.672,Other
Azure,westus2,Standard_NP40s,Virtual Machines NP Series,6.6,Other
Azure,australiaeast,Standard_NC48ads_A100_v4,NCads A100 v4 Series Windows,12.86,A100
Azure,eastus,Standard_NC24rs_v3,Virtual Machines NCSv3 Series Windows,14.56,Other
Azure,southcentralus,Standard_ND40rs_v2,Virtual Machines NDrSv2 Series Windows,11.311,Other
Azure,centralindia,Standard_NC40ads_H100_v5,Virtual Machines NCadsH100v5 Series Windows,8.36064,H100
Azure,usgovarizona,Standard_NC24s_v3,Virtual Machines NCSv3 Series Windows,6.464,Other
Azure,westus2,Standard_NC24r_Promo,Virtual Machines NC Promo Series Windows,2.846,Other
Azure,uaenorth,Standard_ND96is_MI300X_v5,Virtual Machines NDMI300Xv5 Srs,68.64,MI300X
Azure,eastasia,Standard_NV36adms_A10_v5,Virtual Machines NVadsA10v5 Series Windows,1.600738,A10
Azure,eastus2,Standard_NV12s_v3,Virtual Machines NVSv3 Series,1.14,Other
Azure,northeurope,Standard_NC6s_v3,Virtual Machines NCSv3 Series,0.661,Other
Azure,francecentral,Standard_NC6s_v3,Virtual Machines NCSv3 Series Windows,1.5424,Other
Azure,chilecentral,Standard_NV16as_v4,Virtual Machines NVasv4 Series,0.261,Other
Azure,attdallas1,Standard_NV32as_v4,Virtual Machines NVasv4 Series,0.783,Other
Azure,northcentralus,Standard_ND96is_H100_v5,Virtual Machines NDsr H100 v5 Series,21.237,H100
Azure,westus2,Standard_NV6ads_A10_v5,Virtual Machines NVadsA10v5 Series Windows,0.292,A10
Azure,uksouth,Standard_NM16ads_MA35D  ,Virtual Machines NMadsMA35D Series Windows,0.586555,Other
Azure,usgovarizona,Standard_NC24s_v3,Virtual Machines NCSv3 Series,2.714342,Other
Azure,southcentralus,Standard_NC96ads_A100_v4,NCads A100 v4 Series Windows,4.074101,A100
Azure,uksouth,Standard_NV36adms_A10_v5,Virtual Machines NVadsA10v5 Series,1.13,A10
Azure,eastus2,Standard_ND96is_flex_H100_v5,Virtual Machines NDsfH100v5 Series,16.352582,H100
Azure,westeurope,Standard_NC80adis_H100_v5,Virtual Machines NCadsH100v5 Series Windows,19.656,H100
Azure,uaecentral,Standard_ND96ams_A100_v4,Virtual Machines NDamsr A100 v4 Series Windows,26.134,A100
Azure,northeurope,Standard_NC80adis_H100_v5,Virtual Machines NCadsH100v5 Series,16.752,H100
Azure,centralus,Standard_NC4as_T4_v3,Virtual Machines NCasT4 v3 Series Windows,0.508968,Other
Azure,francecentral,Standard_NC12s_v3,Virtual Machines NCSv3 Series Windows,3.0848,Other
Azure,southeastasia,Standard_NV24_Promo,Virtual Machines NV Promo Series Windows,4.919,Other
Azure,southafricanorth,Standard_NV36adms_A10_v5,Virtual Machines NVadsA10v5 Series,1.32,A10
Azure,uksouth,Standard_NC40ads_H100_v5,Virtual Machines NCadsH100v5 Series Windows,10.565,H100
Azure,usgovarizona,Standard_NV24s_v3,Virtual Machines NVSv3 Series,0.52668,Other
Azure,swedencentral,Standard_NC4as_T4_v3,Virtual Machines NCasT4 v3 Series,0.112,Other
Azure,japaneast,Standard_NV12s_v3,Virtual Machines NVSv3 Series,0.291984,Other
Azure,westus3,Standard_NC64as_T4_v3,Virtual Machines NCasT4 v3 Series,0.87,Other
Azure,swedencentral,Standard_ND96isr_H100_v5,Virtual Machines NDsr H100 v5 Series,127.816,H100
Azure,japaneast,Standard_NG32ads_V620_v1,Virtual Machines NGadsV620v1 Series Windows,5.152,Other
Azure,eastus,Standard_NC12_Promo,Virtual Machines NC Promo Series Windows,1.344,Other
Azure,westeurope,Standard_NV28adms_V710_v5,Virtual Machines NVadsV710v5 Series Windows,0.814598,Other
Azure,westus,Standard_NC24rs_v3,Virtual Machines NCSv3 Series Windows,7.443,Other
Azure,japanwest,Standard_NC64as_T4_v3,Virtual Machines NCasT4 v3 Series,1.83889,Other
Azure,israelcentral,Standard_NC8as_T4_v3,Virtual Machines NCasT4 v3 Series Windows,1.402,Other
Azure,canadacentral,Standard_NC80adis_H100_v5,Virtual Machines NCadsH100v5 Series Windows,20.86,H100
Azure,switzerlandnorth,Standard_NC24rs_v3,Virtual Machines NCSv3 Series Windows,19.607,Other
Azure,northeurope,Standard_NV6ads_A10_v5,Virtual Machines NVadsA10v5 Series,0.100716,A10
Azure,northeurope,Standard_NV12ads_A10_v5,Virtual Machines NVadsA10v5 Series,0.201432,A10
Azure,eastus,Standard_NV12ads_A10_v5,Virtual Machines NVadsA10v5 Series Windows,0.584,A10
Azure,northcentralus,Standard_NV36adms_A10_v5,Virtual Machines NVadsA10v5 Series,1.085,A10
Azure,polandcentral,Standard_NC48ads_A100_v4,NCads A100 v4 Series Windows,4.703,A100
Azure,northeurope,Standard_NV4as_v4,Virtual Machines NVasv4 Series,0.051744,Other
Azure,westeurope,Standard_NC16ads_A10_v4,Virtual Machines NCadsA10v4 Series Windows,3.596,A10
Azure,westus,Standard_ND96ams_A100_v4,Virtual Machines NDamsr A100 v4 Series Windows,47.017,A100
Azure,westus3,Standard_ND96isr_H100_v5,Virtual Machines NDsr H100 v5 Series,18.169536,H100
Azure,swedencentral,Standard_NV18ads_A10_v5,Virtual Machines NVadsA10v5 Series Windows,0.54176,A10
Azure,southeastasia,Standard_NC32ds_xl_RTXPRO6000BSE_v6,Virtual Machines NCdsxlRTX6kv6,2.019,RTX PRO 6000
Azure,malaysiawest,Standard_NC80adis_H100_v5,Virtual Machines NCadsH100v5 Series,3.267,H100
Azure,eastus2,Standard_NC32lds_xl_RTXPRO6000BSE_v6,Virtual Machines NCldsxlRTX6kv6,0.2486,RTX PRO 6000
Azure,northeurope,Standard_NV12ads_A10_v5,Virtual Machines NVadsA10v5 Series Windows,0.303442,A10
Azure,eastasia,Standard_NV12ads_A10_v5,Virtual Machines NVadsA10v5 Series,0.281,A10
Azure,centralindia,Standard_NV4as_v4,Virtual Machines NVasv4 Series Windows,0.51,Other
Azure,uksouth,Standard_NV72ads_A10_v5,Virtual Machines NVadsA10v5 Series Windows,2.118178,A10
Azure,francecentral,Standard_NV48s_v3,Virtual Machines NVSv3 Series Windows,3.163,Other
Azure,northeurope,Standard_NV36adms_A10_v5,Virtual Machines NVadsA10v5 Series,1.085,A10
Azure,westus,Standard_NC24ads_A100_v4,NCads A100 v4 Series Linux,0.986515,A100
Azure,southeastasia,Standard_NC64as_T4_v3,Virtual Machines NCasT4 v3 Series Windows,3.613,Other
Azure,uksouth,Standard_ND96is_H100_v5,Virtual Machines NDsr H100 v5 Series Windows,46.01,H100
Azure,westeurope,Standard_NC8ads_A10_v4,Virtual Machines NCadsA10v4 Series Windows,0.719,A10
Azure,switzerlandwest,Standard_ND96amsr_A100_v4,Virtual Machines NDamsr A100 v4 Series Linux,60.919,A100
Azure,westus2,Standard_NV48s_v3,Virtual Machines NVSv3 Series Windows,1.250726,Other
Azure,uksouth,Standard_NC6_Promo,Virtual Machines NC Promo Series Windows,0.84,Other
Azure,attdallas1,Standard_NV4as_v4,Virtual Machines NVasv4 Series,0.0978,Other
Azure,southindia,Standard_NC4as_T4_v3,Virtual Machines NCasT4 v3 Series Windows,0.37,Other
Azure,usgovarizona,Standard_NC24rs_v3,Virtual Machines NCSv3 Series Windows,7.11,Other
Azure,southeastasia,Standard_NV36ads_A10_v5,Virtual Machines NVadsA10v5 Series,4.16,A10
Azure,centralus,Standard_NV12ads_A10_v5,Virtual Machines NVadsA10v5 Series,0.206422,A10
Azure,canadaeast,Standard_ND96ams_A100_v4,Virtual Machines NDamsr A100 v4 Series Windows,17.496,A100
Azure,brazilsouth,Standard_ND96isr_MI300X_v5,Virtual Machines NDMI300Xv5 Srs,17.7408,MI300X
Azure,canadacentral,Standard_NC24s_v3,Virtual Machines NCSv3 Series Windows,5.827,Other
Azure,westeurope,Standard_NP20s,Virtual Machines NP Series,4.29,Other
Azure,norwayeast,Standard_ND96amsr_A100_v4,Virtual Machines NDamsr A100 v4 Series Linux,46.861,A100
Azure,uksouth,Standard_NV36adms_A10_v5,Virtual Machines NVadsA10v5 Series Windows,2.922,A10
Azure,northeurope,Standard_NC12_Promo,Virtual Machines NC Promo Series Windows,1.407,Other
Azure,eastus2,Standard_NG32ads_V620_v1,Virtual Machines NGadsV620v1 Series Windows,0.741418,Other
Azure,usgovvirginia,Standard_NV48s_v3,Virtual Machines NVSv3 Series Windows,1.461398,Other
Azure,mexicocentral,Standard_NV16as_v4,Virtual Machines NVasv4 Series Windows,1.761,Other
Azure,australiaeast,Standard_NV6ads_A10_v5,Virtual Machines NVadsA10v5 Series Windows,0.934,A10
Azure,uksouth,Standard_NC48ads_A100_v4,NCads A100 v4 Series Windows,11.391,A100
Azure,westus3,Standard_ND96is_noIB_H100_v5,Virtual Machines NDsH100v5 Series Windows,92.904,H100
Azure,southcentralus2,Standard_ND96isr_H200_v5,Virtual Machines NDsrH200v5 Series Windows,39.078,H200
Azure,japaneast,Standard_NV12ads_A10_v5,Virtual Machines NVadsA10v5 Series,0.243382,A10
Azure,germanywestcentral,Standard_NV8as_v4,Virtual Machines NVasv4 Series,0.116,Other
Azure,centralus,Standard_NM16ads_MA35D  ,Virtual Machines NMadsMA35D Series Windows,3.135,Other
Azure,westus2,Standard_NC80adis_H100_v5,Virtual Machines NCadsH100v5 Series Windows,7.056,H100
Azure,centralindia,Standard_NC80adis_H100_v5,Virtual Machines NCadsH100v5 Series Windows,9.29,H100
Azure,spaincentral,Standard_ND96ams_A100_v4,Virtual Machines NDamsr A100 v4 Series Windows,45.378,A100
Azure,centralindia,Standard_NV12ads_A10_v5,Virtual Machines NVadsA10v5 Series Windows,1.823,A10
Azure,uksouth,Standard_ND96amsr_A100_v4,Virtual Machines NDamsr A100 v4 Series Linux,40.962,A100
Azure,westus2,Standard_NC32lds_xl_RTXPRO6000BSE_v6,Virtual Machines NCldsxlRTX6kv6 Windows,2.715,RTX PRO 6000
Azure,eastus,Standard_NV28adms_V710_v5,Virtual Machines NVadsV710v5 Series Windows,3.688,Other
Azure,westeurope,Standard_NV48s_v3,Virtual Machines NVSv3 Series Windows,7.908,Other
Azure,italynorth,Standard_NV6ads_A10_v5,Virtual Machines NVadsA10v5 Series Windows,0.866,A10
Azure,northcentralus,Standard_NV18ads_A10_v5,Virtual Machines NVadsA10v5 Series Windows,2.748,A10
Azure,southcentralus,Standard_NV4as_v4,Virtual Machines NVasv4 Series Windows,0.085747,Other
Azure,australiaeast,Standard_NC24ads_A100_v4,NCads A100 v4 Series Windows,6.43,A100
Azure,westus2,Standard_NC96ads_A100_v4,NCads A100 v4 Series Linux,2.938,A100
Azure,spaincentral,Standard_ND96amsr_A100_v4,Virtual Machines NDamsr A100 v4 Series Linux,40.962,A100
Azure,koreacentral,Standard_NC64as_T4_v3,Virtual Machines NCasT4 v3 Series,1.55237,Other
Azure,usgovvirginia,Standard_NV4as_v4,Virtual Machines NVasv4 Series,0.291,Other
Azure,swedencentral,Standard_NV36ads_A10_v5,Virtual Machines NVadsA10v5 Series Windows,2.326,A10
Azure,eastus,Standard_NV36adms_A10_v5,Virtual Machines NVadsA10v5 Series,4.52,A10
Azure,norwayeast,Standard_ND96amsr_A100_v4,Virtual Machines NDamsr A100 v4 Series Windows,13.33202,A100
Azure,eastus2,Standard_ND96amsr_A100_v4,Virtual Machines NDamsr A100 v4 Series Windows,37.186,A100
Azure,switzerlandnorth,Standard_NV24s_v3,Virtual Machines NVSv3 Series Windows,0.783367,Other
Azure,japaneast,Standard_NC6s_v3,Virtual Machines NCSv3 Series Windows,0.826056,Other
Azure,westus,Standard_NC24ads_A100_v4,NCads A100 v4 Series Linux,0.955,A100
Azure,northeurope,Standard_NC64as_T4_v3,Virtual Machines NCasT4 v3 Series,3.163671,Other
Azure,uksouth,Standard_NC12s_v3,Virtual Machines NCSv3 Series,1.436,Other
Azure,italynorth,Standard_ND96asr_v4,Virtual Machines NDasr A100 v4 Series,35.357,Other
Azure,eastus2,Standard_NV16as_v4,Virtual Machines NVasv4 Series Windows,0.308246,Other
Azure,australiaeast,Standard_ND96isr_H100_v5,Virtual Machines NDsr H100 v5 Series,142.6,H100
Azure,koreacentral,Standard_NV6ads_A10_v5,Virtual Machines NVadsA10v5 Series Windows,0.356,A10
Azure,southeastasia,Standard_NC64lds_xl_RTXPRO6000BSE_v6,Virtual Machines NCldsxlRTX6kv6 Windows,6.36,RTX PRO 6000
Azure,canadacentral,Standard_NC80adis_H100_v5,Virtual Machines NCadsH100v5 Series,3.492694,H100
Azure,eastus,Standard_NC256lds_xl_RTXPRO6000BSE_v6,Virtual Machines NCldsxlRTX6kv6 Windows,4.5552,RTX PRO 6000
Azure,eastus2,Standard_NC4as_T4_v3,Virtual Machines NCasT4 v3 Series Windows,0.508573,Other
Azure,westus3,Standard_NC64as_T4_v3,Virtual Machines NCasT4 v3 Series Windows,2.918,Other
Azure,northcentralus,Standard_NC48ads_A100_v4,NCads A100 v4 Series Linux,1.763,A100
Azure,westeurope,Standard_NC48ads_A100_v4,NCads A100 v4 Series Windows,5.27699,A100
Azure,swedencentral,Standard_NV6ads_A10_v5,Virtual Machines NVadsA10v5 Series Windows,0.346,A10
Azure,southcentralus,Standard_NC32ads_A10_v4,Virtual Machines NCadsA10v4 Series Windows,1.24777,A10
Azure,eastus,Standard_NC80adis_H100_v5,Virtual Machines NCadsH100v5 Series,13.96,H100
Azure,norwaywest,Standard_NV24s_v3,Virtual Machines NVSv3 Series,4.076,Other
Azure,australiaeast,Standard_NV48s_v3,Virtual Machines NVSv3 Series Windows,8.566,Other
Azure,northcentralus,Standard_ND96is_noIB_H100_v5,Virtual Machines NDsH100v5 Series,106.171,H100
Azure,westeurope,Standard_NC4as_T4_v3,Virtual Machines NCasT4 v3 Series,0.658,Other
Azure,koreasouth,Standard_NV36ads_A10_v5,Virtual Machines NVadsA10v5 Series Windows,1.045229,A10
Azure,centralindia,Standard_NV72ads_A10_v5,Virtual Machines NVadsA10v5 Series,9.128,A10
Azure,westus2,Standard_NC48ads_A100_v4,NCads A100 v4 Series Windows,3.822,A100
Azure,westus3,Standard_NC16ads_A10_v4,Virtual Machines NCadsA10v4 Series Windows,2.936,A10
Azure,eastus2,Standard_NG32adms_V620,Virtual Machines NGadsV620v1 Series,0.66,Other
Azure,westus,Standard_NC80adis_H100_v5,Virtual Machines NCadsH100v5 Series,16.3332,H100
Azure,uaenorth,Standard_NC80adis_H100_v5,Virtual Machines NCadsH100v5 Series Windows,4.368672,H100
Azure,australiacentral,Standard_NC16as_T4_v3,Virtual Machines NCasT4 v3 Series,0.45385,Other
Azure,centralindia,Standard_NV12s_v3,Virtual Machines NVSv3 Series Windows,2.148,Other
Azure,southcentralus,Standard_NV24s_v3,Virtual Machines NVSv3 Series,2.736,Other
Azure,canadacentral,Standard_NC24s_v3,Virtual Machines NCSv3 Series Windows,2.692166,Other
Azure,westeurope,Standard_NV28adms_V710_v5,Virtual Machines NVadsV710v5 Series,3.12,Other
Azure,southcentralus,Standard_NC6s_v3,Virtual Machines NCSv3 Series,0.6732,Other
Azure,usgovarizona,Standard_NC12_Promo,Virtual Machines NC Promo Series,0.95,Other
Azure,attdallas1,Standard_NV32as_v4,Virtual Machines NVasv4 Series,3.914,Other
Azure,francecentral,Standard_NV4as_v4,Virtual Machines NVasv4 Series,0.0582,Other
Azure,northcentralus,Standard_NV12_Promo,Virtual Machines NV Promo Series,1.368,Other
Azure,japaneast,Standard_NV12ads_A10_v5,Virtual Machines NVadsA10v5 Series Windows,0.345391,A10
Azure,westus3,Standard_NC8ads_A10_v4,Virtual Machines NCadsA10v4 Series,0.20328,A10
Azure,northeurope,Standard_NC80adis_H100_v5,Virtual Machines NCadsH100v5 Series Windows,20.432,H100
Azure,polandcentral,Standard_ND96isrf_H100_v5,Virtual Machines NDsrf H100 v5 Series,127.816,H100
Azure,usgovvirginia,Standard_NC8as_T4_v3,Virtual Machines NCasT4 v3 Series Windows,1.308,Other
Azure,westus2,Standard_ND96is_H100_v5,Virtual Machines NDsr H100 v5 Series,16.352582,H100
Azure,southcentralus,Standard_ND40s_v2,Virtual Machines NDSv2 Series,14.688,Other
Azure,centralindia,Standard_NC24s_v3,Virtual Machines NCSv3 Series Windows,3.333792,Other
Azure,southindia,Standard_NC8as_T4_v3,Virtual Machines NCasT4 v3 Series Windows,0.41383,Other
Azure,northcentralus,Standard_NV16as_v4,Virtual Machines NVasv4 Series,0.224,Other
Azure,brazilsouth,Standard_NC8as_T4_v3,Virtual Machines NCasT4 v3 Series,0.37033,Other
Azure,uaenorth,Standard_NV36adms_A10_v5,Virtual Machines NVadsA10v5 Series Windows,8.12,A10
Azure,israelcentral,Standard_NC24rs_v3,Virtual Machines NCSv3 Series Windows,3.623374,Other
Azure,westus3,Standard_NC32ads_A10_v4,Virtual Machines NCadsA10v4 Series Windows,1.085146,A10
Azure,northcentralus,Standard_NC40ads_H100_v5,Virtual Machines NCadsH100v5 Series,1.547885,H100
Azure,northcentralus,Standard_ND96is_flex_H100_v5,Virtual Machines NDsfH100v5 Series Windows,20.43925,H100
Azure,swedencentral,Standard_NV12ads_A10_v5,Virtual Machines NVadsA10v5 Series,0.236,A10
Azure,eastus2,Standard_NG16ads_V620_v1,Virtual Machines NGadsV620v1 Series,0.234696,Other
Azure,eastus2,Standard_NC4as_T4_v3,Virtual Machines NCasT4 v3 Series,0.37488,Other
Azure,westus,Standard_NV8ads_V710_v5,Virtual Machines NVadsV710v5 Series,0.160222,Other
Azure,usgovarizona,Standard_ND40rs_v2,Virtual Machines NDrSv2 Series Windows,11.752,Other
Azure,centralindia,Standard_NV6ads_A10_v5,Virtual Machines NVadsA10v5 Series,0.127,A10
Azure,usgovarizona,Standard_NV36adms_A10_v5,Virtual Machines NVadsA10v5 Series,5.65,A10
Azure,southcentralus,Standard_NV18ads_A10_v5,Virtual Machines NVadsA10v5 Series,0.384,A10
Azure,eastus,Standard_ND40rs_v2,Virtual Machines NDrSv2 Series,4.071514,Other
Azure,uksouth,Standard_NV72ads_A10_v5,Virtual Machines NVadsA10v5 Series,1.63,A10
Azure,koreacentral,Standard_NC24rs_v3,Virtual Machines NCSv3 Series Windows,7.893,Other
Azure,uksouth,Standard_NV32as_v4,Virtual Machines NVasv4 Series Windows,1.521,Other
Azure,usgovarizona,Standard_NV32as_v4,Virtual Machines NVasv4 Series,0.466,Other
Azure,southeastasia,Standard_NC24s_v3,Virtual Machines NCSv3 Series,16.936,Other
Azure,spaincentral,Standard_NV4ads_V710_v5,Virtual Machines NVadsV710v5 Series Windows,0.617,Other
Azure,southcentralus,Standard_NV12ads_V710_v5,Virtual Machines NVadsV710v5 Series Windows,1.752,Other
Azure,eastus,Standard_NV4ads_V710_v5,Virtual Machines NVadsV710v5 Series,0.333,Other
Azure,westus3,Standard_NC4as_T4_v3,Virtual Machines NCasT4 v3 Series Windows,0.71,Other
Azure,swedencentral,Standard_NV6ads_A10_v5,Virtual Machines NVadsA10v5 Series,0.118,A10
Azure,westus3,Standard_NC16as_T4_v3,Virtual Machines NCasT4 v3 Series Windows,0.5626,Other
Azure,japaneast,Standard_NC80adis_H100_v5,Virtual Machines NCadsH100v5 Series,4.048,H100
Azure,attatlanta1,Standard_NV32ahs_v4,Virtual Machines NVasv4 VDI Series,0.913,Other
Azure,centralus,Standard_NV12ads_A10_v5,Virtual Machines NVadsA10v5 Series Windows,0.668,A10
Azure,westus,Standard_NC320lds_xl_RTXPRO6000BSE_v6,Virtual Machines NCldsxlRTX6kv6 Windows,6.662,RTX PRO 6000
Azure,italynorth,Standard_ND96amsr_A100_v4,Virtual Machines NDamsr A100 v4 Series Windows,45.378,A100
Azure,swedencentral,Standard_ND96isr_H100_v5,Virtual Machines NDsr H100 v5 Series,25.563,H100
Azure,westus,Standard_NV28adms_V710_v5,Virtual Machines NVadsV710v5 Series Windows,0.814598,Other
Azure,ukwest,Standard_ND96ams_A100_v4,Virtual Machines NDamsr A100 v4 Series Windows,12.3097,A100
Azure,eastus2,Standard_ND96isr_MI300X_v5,Virtual Machines NDMI300Xv5 Srs,48.0,MI300X
Azure,eastus2,Standard_NC40ads_H100_v5,Virtual Machines NCadsH100v5 Series,6.98,H100
Azure,westeurope,Standard_NV4as_v4,Virtual Machines NVasv4 Series,0.291,Other
Azure,canadacentral,Standard_NC24rs_v3,Virtual Machines NCSv3 Series,2.962,Other
Azure,attdallas1,Standard_NC64as_T4_v3,Virtual Machines NCasT4 v3 Series,0.5662,Other
Azure,southeastasia,Standard_NV48s_v3,Virtual Machines NVSv3 Series Windows,3.428,Other
Azure,usgovarizona,Standard_NC6s_v3,Virtual Machines NCSv3 Series Windows,1.616,Other
Azure,southafricanorth,Standard_NV24s_v3,Virtual Machines NVSv3 Series Windows,4.025,Other
Azure,westus3,Standard_NC24s_v3,Virtual Machines NCSv3 Series,12.24,Other
Azure,northcentralus,Standard_NV36adms_A10_v5,Virtual Machines NVadsA10v5 Series Windows,1.308384,A10
Azure,usgovarizona,Standard_NV6ads_A10_v5,Virtual Machines NVadsA10v5 Series Windows,0.843,A10
Azure,australiaeast,Standard_NC6s_v3,Virtual Machines NCSv3 Series Windows,0.833448,Other
Azure,israelcentral,Standard_NC12s_v3,Virtual Machines NCSv3 Series Windows,3.585,Other
Azure,southcentralus,Standard_NV12ads_A10_v5,Virtual Machines NVadsA10v5 Series Windows,1.642,A10
Azure,eastus2,Standard_ND96isf_H100_v5,Virtual Machines NDsrf H100 v5 Series Windows,17.168659,H100
Azure,koreacentral,Standard_NV16as_v4,Virtual Machines NVasv4 Series Windows,1.994,Other
Azure,eastus2,Standard_NC96ads_A100_v4,NCads A100 v4 Series Windows,7.643,A100
Azure,southeastasia,Standard_NV48s_v3,Virtual Machines NVSv3 Series,1.175328,Other
Azure,uksouth,Standard_NV12ads_A10_v5,Virtual Machines NVadsA10v5 Series,0.209748,A10
Azure,japaneast,Standard_NP10s,Virtual Machines NP Series,0.478,Other
Azure,japaneast,Standard_NV4as_v4,Virtual Machines NVasv4 Series Windows,0.209,Other
Azure,centralus,Standard_ND96is_MI300X_v5,Virtual Machines NDMI300Xv5 Srs,11.808,MI300X
Azure,italynorth,Standard_NV8as_v4,Virtual Machines NVasv4 Series,0.582,Other
Azure,usgovvirginia,Standard_NV12ads_A10_v5,Virtual Machines NVadsA10v5 Series,1.135,A10
Azure,northeurope,Standard_NC4as_T4_v3,Virtual Machines NCasT4 v3 Series,0.382665,Other
Azure,westeurope,Standard_NC64as_T4_v3,Virtual Machines NCasT4 v3 Series Windows,6.066662,Other
Azure,australiaeast,Standard_NV4as_v4,Virtual Machines NVasv4 Series,0.338,Other
Azure,eastus2,Standard_NC24rs_v3,Virtual Machines NCSv3 Series,2.488147,Other
Azure,southcentralus,Standard_NV12ads_A10_v5,Virtual Machines NVadsA10v5 Series,0.218,A10
Azure,usgovvirginia,Standard_NV16as_v4,Virtual Machines NVasv4 Series Windows,1.901,Other
Azure,brazilsouth,Standard_NV48s_v3,Virtual Machines NVSv3 Series Windows,9.96,Other
Azure,japaneast,Standard_NM16ads_MA35D  ,Virtual Machines NMadsMA35D Series Windows,3.564,Other
Azure,koreacentral,Standard_NV32as_v4,Virtual Machines NVasv4 Series,0.503,Other
Azure,eastus2,Standard_NV18ads_A10_v5,Virtual Machines NVadsA10v5 Series,1.6,A10
Azure,switzerlandnorth,Standard_NV24s_v3,Virtual Machines NVSv3 Series Windows,4.239,Other
Azure,francecentral,Standard_ND96ams_A100_v4,Virtual Machines NDamsr A100 v4 Series Linux,10.65012,A100
Azure,francecentral,Standard_NC8as_T4_v3,Virtual Machines NCasT4 v3 Series Windows,0.499,Other
Azure,japaneast,Standard_NV24s_v3,Virtual Machines NVSv3 Series Windows,1.706,Other
Azure,norwayeast,Standard_NV48s_v3,Virtual Machines NVSv3 Series Windows,1.566734,Other
Azure,westus,Standard_NC320ds_xl_RTXPRO6000BSE_v6,Virtual Machines NCdsxlRTX6kv6 Windows,36.284,RTX PRO 6000
Azure,southcentralus,Standard_NC24r_Promo,Virtual Machines NC Promo Series,2.091,Other
Azure,uaenorth,Standard_NV36ads_A10_v5,Virtual Machines NVadsA10v5 Series Windows,2.493,A10
Azure,japaneast,Standard_NC24s_v3,Virtual Machines NCSv3 Series,3.355,Other
Azure,westeurope,Standard_ND40s_v2,Virtual Machines NDSv2 Series Windows,18.95,Other
Azure,canadacentral,Standard_ND96is_MI300X_v5,Virtual Machines NDMI300Xv5 Srs,10.64448,MI300X
Azure,southcentralus,Standard_NC64as_T4_v3,Virtual Machines NCasT4 v3 Series Windows,3.266,Other
Azure,brazilsouth,Standard_NC96ads_A100_v4,NCads A100 v4 Series Linux,5.430163,A100
Azure,australiacentral2,Standard_NC4as_T4_v3,Virtual Machines NCasT4 v3 Series Windows,0.347,Other
Azure,usgovvirginia,Standard_NV12s_v3,Virtual Machines NVSv3 Series,0.26334,Other
Azure,spaincentral,Standard_NV24ads_V710_v5,Virtual Machines NVadsV710v5 Series Windows,3.704,Other
Azure,southcentralus,Standard_NC24rs_v3,Virtual Machines NCSv3 Series Windows,16.5924,Other
Azure,centralus,Standard_NC12s_v3,Virtual Machines NCSv3 Series Windows,1.380086,Other
Azure,westus3,Standard_NC8ads_A10_v4,Virtual Machines NCadsA10v4 Series,0.22,A10
Azure,northeurope,Standard_NC128lds_xl_RTXPRO6000BSE_v6,Virtual Machines NCldsxlRTX6kv6 Windows,13.758,RTX PRO 6000
Azure,westus2,Standard_NV4as_v4,Virtual Machines NVasv4 Series,0.0466,Other
Azure,attatlanta1,Standard_NV8as_v4,Virtual Machines NVasv4 Series,0.163,Other
Azure,eastus2,Standard_ND96isf_H100_v5,Virtual Machines NDsrf H100 v5 Series,88.488,H100
Azure,southcentralus,Standard_NV28adms_V710_v5,Virtual Machines NVadsV710v5 Series,0.532224,Other
Azure,westeurope,Standard_ND96isr_H100_v5,Virtual Machines NDsr H100 v5 Series Windows,52.893,H100
Azure,swedencentral,Standard_NV12ads_A10_v5,Virtual Machines NVadsA10v5 Series,0.219834,A10
Azure,malaysiawest,Standard_NV36ads_A10_v5,Virtual Machines NVadsA10v5 Series Windows,0.99792,A10
Azure,brazilsouth,Standard_ND96ams_A100_v4,Virtual Machines NDamsr A100 v4 Series Linux,13.108,A100
Azure,westeurope,Standard_NG32adms_V620,Virtual Machines NGadsV620v1 Series Windows,5.765,Other
Azure,italynorth,Standard_NC16as_T4_v3,Virtual Machines NCasT4 v3 Series,0.40832,Other
Azure,ukwest,Standard_ND96ams_A100_v4,Virtual Machines NDamsr A100 v4 Series Linux,11.16154,A100
Azure,malaysiawest,Standard_NC80adis_H100_v5,Virtual Machines NCadsH100v5 Series Windows,20.013,H100
Azure,australiaeast,Standard_NC6_Promo,Virtual Machines NC Promo Series,0.683,Other
Azure,eastus,Standard_NV8as_v4,Virtual Machines NVasv4 Series Windows,0.154123,Other
Azure,southafricanorth,Standard_NV36adms_A10_v5,Virtual Machines NVadsA10v5 Series Windows,3.302,A10
Azure,southeastasia,Standard_NC16as_T4_v3,Virtual Machines NCasT4 v3 Series Windows,0.70209,Other
Azure,southeastasia,Standard_NV8as_v4,Virtual Machines NVasv4 Series Windows,0.179995,Other
Azure,japanwest,Standard_ND96ams_A100_v4,Virtual Machines NDamsr A100 v4 Series Windows,55.21,A100
Azure,westeurope,Standard_NC6s_v3,Virtual Machines NCSv3 Series,0.70649,Other
Azure,canadacentral,Standard_NC24ads_A100_v4,NCads A100 v4 Series Windows,5.512,A100
Azure,polandcentral,Standard_NV8as_v4,Virtual Machines NVasv4 Series,0.116,Other
Azure,centralindia,Standard_NV48s_v3,Virtual Machines NVSv3 Series,6.384,Other
Azure,centralus,Standard_NC320lds_xl_RTXPRO6000BSE_v6,Virtual Machines NCldsxlRTX6kv6,17.602,RTX PRO 6000
Azure,northcentralus,Standard_NC64as_T4_v3,Virtual Machines NCasT4 v3 Series Windows,2.11584,Other
Azure,brazilsouth,Standard_NC24rs_v3,Virtual Machines NCSv3 Series Windows,5.180314,Other
Azure,usgovvirginia,Standard_NC24rs_v3,Virtual Machines NCSv3 Series Windows,17.776,Other
Azure,germanywestcentral,Standard_NC64as_T4_v3,Virtual Machines NCasT4 v3 Series Windows,8.372,Other
Azure,southcentralus,Standard_NC8ads_A10_v4,Virtual Machines NCadsA10v4 Series Windows,0.675,A10
Azure,australiaeast,Standard_NV72ads_A10_v5,Virtual Machines NVadsA10v5 Series Windows,5.106,A10
Azure,centralindia,Standard_NV12s_v3,Virtual Machines NVSv3 Series,1.596,Other
Azure,australiacentral,Standard_NC16as_T4_v3,Virtual Machines NCasT4 v3 Series Windows,0.92,Other
Azure,westcentralus,Standard_ND96isr_H100_v5,Virtual Machines NDsr H100 v5 Series,21.803443,H100
Azure,usgovvirginia,Standard_NC16as_T4_v3,Virtual Machines NCasT4 v3 Series,0.301,Other
Azure,eastus2,Standard_NC12s_v3,Virtual Machines NCSv3 Series,6.12,Other
Azure,australiaeast,Standard_NC24ads_A100_v4,NCads A100 v4 Series Linux,0.984245,A100
Azure,mexicocentral,Standard_NV36ads_A10_v5,Virtual Machines NVadsA10v5 Series Windows,2.075,A10
Azure,eastus,Standard_NV8as_v4,Virtual Machines NVasv4 Series,0.086117,Other
Azure,centralus,Standard_NC32ds_xl_RTXPRO6000BSE_v6,Virtual Machines NCdsxlRTX6kv6,0.355,RTX PRO 6000
Azure,centralus,Standard_NC24rs_v3,Virtual Machines NCSv3 Series,3.043,Other
Azure,westus2,Standard_NC24rs_v3,Virtual Machines NCSv3 Series Windows,2.692166,Other
Azure,southcentralus,Standard_NV6ads_A10_v5,Virtual Machines NVadsA10v5 Series Windows,0.151721,A10
Azure,centralindia,Standard_NV32as_v4,Virtual Machines NVasv4 Series,0.522,Other
Azure,eastus2,Standard_NV6ads_A10_v5,Virtual Machines NVadsA10v5 Series,0.0908,A10
Azure,eastus2,Standard_ND96isrf_H100_v5,Virtual Machines NDsrf H100 v5 Series Windows,18.985613,H100
Azure,westus,Standard_NV24s_v3,Virtual Machines NVSv3 Series Windows,0.625363,Other
Azure,southcentralus,Standard_ND40s_v2,Virtual Machines NDSv2 Series Windows,6.243,Other
Azure,eastasia,Standard_NV36ads_A10_v5,Virtual Machines NVadsA10v5 Series,4.96,A10
Azure,southeastasia,Standard_NV24s_v3,Virtual Machines NVSv3 Series,3.18,Other
Azure,uksouth,Standard_NV16as_v4,Virtual Machines NVasv4 Series Windows,0.76,Other
Azure,southcentralus,Standard_NV6s_v2,Virtual Machines NVSv2 Series,0.137,Other
Azure,northeurope,Standard_NC64as_T4_v3,Virtual Machines NCasT4 v3 Series,4.853,Other
Azure,australiaeast,Standard_NC12s_v3,Virtual Machines NCSv3 Series,8.468,Other
Azure,japaneast,Standard_NC4as_T4_v3,Virtual Machines NCasT4 v3 Series Windows,0.25926,Other
Azure,eastus,Standard_NV12ads_A10_v5,Virtual Machines NVadsA10v5 Series,0.908,A10
Azure,eastus2,Standard_NC80adis_H100_v5,Virtual Machines NCadsH100v5 Series Windows,7.056,H100
Azure,westeurope,Standard_ND40s_v2,Virtual Machines NDSv2 Series Windows,7.58,Other
Azure,southcentralus,Standard_NV32as_v4,Virtual Machines NVasv4 Series,0.447,Other
Azure,koreacentral,Standard_NC40ads_H100_v5,Virtual Machines NCadsH100v5 Series,1.885,H100
Azure,southindia,Standard_NC8as_T4_v3,Virtual Machines NCasT4 v3 Series Windows,0.571,Other
Azure,centralindia,Standard_NV72ads_A10_v5,Virtual Machines NVadsA10v5 Series Windows,2.298912,A10
Azure,eastus,Standard_NC12_Promo,Virtual Machines NC Promo Series,0.792,Other
Azure,eastus,Standard_ND96is_noIB_H100_v5,Virtual Machines NDsH100v5 Series Windows,17.168659,H100
Azure,northcentralus,Standard_NV8as_v4,Virtual Machines NVasv4 Series Windows,0.17131,Other
Azure,southcentralus,Standard_ND96amsr_A100_v4,Virtual Machines NDamsr A100 v4 Series Windows,11.3724,A100
Azure,switzerlandnorth,Standard_NV12s_v3,Virtual Machines NVSv3 Series,0.314,Other
Azure,centralindia,Standard_NV18ads_A10_v5,Virtual Machines NVadsA10v5 Series,2.24,A10
Azure,centralus,Standard_NV6ads_A10_v5,Virtual Machines NVadsA10v5 Series Windows,0.154123,A10
Azure,westus,Standard_NM16ads_MA35D  ,Virtual Machines NMadsMA35D Series,0.468468,Other
Azure,southeastasia,Standard_NC64lds_xl_RTXPRO6000BSE_v6,Virtual Machines NCldsxlRTX6kv6,0.6832,RTX PRO 6000
Azure,brazilsouth,Standard_ND96amsr_A100_v4,Virtual Machines NDamsr A100 v4 Series Linux,65.54,A100
Azure,eastus2,Standard_NV36adms_A10_v5,Virtual Machines NVadsA10v5 Series,4.52,A10
Azure,japaneast,Standard_NV4as_v4,Virtual Machines NVasv4 Series Windows,0.522,Other
Azure,northeurope,Standard_NC64ds_xl_RTXPRO6000BSE_v6,Virtual Machines NCdsxlRTX6kv6,4.05,RTX PRO 6000
Azure,southindia,Standard_NC4as_T4_v3,Virtual Machines NCasT4 v3 Series Windows,0.26854,Other
Azure,southcentralus,Standard_ND96asr_A100_v4,Virtual Machines NDasr A100 v4 Series,6.526,A100
Azure,northcentralus,Standard_NC96ads_A100_v4,NCads A100 v4 Series Windows,4.074101,A100
Azure,westus,Standard_NC24s_v3,Virtual Machines NCSv3 Series Windows,3.144557,Other
Azure,attatlanta1,Standard_NV8as_v4,Virtual Machines NVasv4 Series Windows,0.2368,Other
Azure,northcentralus,Standard_ND96isr_H100_v5,Virtual Machines NDsr H100 v5 Series Windows,22.61952,H100
Azure,germanywestcentral,Standard_ND96is_MI300X_v5,Virtual Machines NDMI300Xv5 Srs Windows,66.816,MI300X
Azure,malaysiawest,Standard_NV12ads_A10_v5,Virtual Machines NVadsA10v5 Series,1.062,A10
Azure,mexicocentral,Standard_NV6ads_A10_v5,Virtual Machines NVadsA10v5 Series Windows,0.311,A10
Azure,eastus,Standard_NV8as_v4,Virtual Machines NVasv4 Series,0.0932,Other
Azure,eastus,Standard_ND96isrf_H100_v5,Virtual Machines NDsrf H100 v5 Series,98.32,H100
Azure,japaneast,Standard_NC6s_v3,Virtual Machines NCSv3 Series Windows,1.788,Other
Azure,eastus2,Standard_NC256lds_xl_RTXPRO6000BSE_v6,Virtual Machines NCldsxlRTX6kv6 Windows,22.776,RTX PRO 6000
Azure,israelcentral,Standard_NV6ads_A10_v5,Virtual Machines NVadsA10v5 Series Windows,0.37,A10
Azure,malaysiawest,Standard_NC40ads_H100_v5,Virtual Machines NCadsH100v5 Series,1.633,H100
Azure,westcentralus,Standard_ND96isr_H100_v5,Virtual Machines NDsr H100 v5 Series Windows,22.61952,H100
Azure,eastus,Standard_NP10s,Virtual Machines NP Series Windows,2.11,Other
Azure,qatarcentral,Standard_NC24s_v3,Virtual Machines NCSv3 Series Windows,18.036,Other
Azure,japaneast,Standard_NV12_Promo,Virtual Machines NV Promo Series,1.896,Other
Azure,southcentralus,Standard_ND96isr_H100_v5,Virtual Machines NDsr H100 v5 Series,117.968,H100
Azure,uksouth,Standard_NG8ads_V620_v1,Virtual Machines NGadsV620v1 Series Windows,1.163,Other
Azure,westus3,Standard_NC4as_T4_v3,Virtual Machines NCasT4 v3 Series Windows,0.284,Other
Azure,westeurope,Standard_NP10s,Virtual Machines NP Series,0.396396,Other
Azure,westus,Standard_NV24s_v3,Virtual Machines NVSv3 Series,2.28,Other
Azure,westeurope,Standard_NP40s,Virtual Machines NP Series,1.585584,Other
Azure,northeurope,Standard_NC4as_T4_v3,Virtual Machines NCasT4 v3 Series,0.587,Other
Azure,australiaeast,Standard_ND96ams_A100_v4,Virtual Machines NDamsr A100 v4 Series Linux,9.503,A100
Azure,indonesiacentral,Standard_NV36ads_A10_v5,Virtual Machines NVadsA10v5 Series Windows,1.030445,A10
Azure,usgovvirginia,Standard_NC8as_T4_v3,Virtual Machines NCasT4 v3 Series Windows,0.37932,Other
Azure,southeastasia,Standard_NV18ads_A10_v5,Virtual Machines NVadsA10v5 Series Windows,2.908,A10
Azure,canadacentral,Standard_NV36ads_A10_v5,Virtual Machines NVadsA10v5 Series Windows,5.496,A10
Azure,koreacentral,Standard_NV8as_v4,Virtual Machines NVasv4 Series Windows,0.184246,Other
Azure,westus3,Standard_ND96isr_H200_v5,Virtual Machines NDsrH200v5 Series Windows,35.686,H200
Azure,southeastasia,Standard_NC128ds_xl_RTXPRO6000BSE_v6,Virtual Machines NCdsxlRTX6kv6,1.7864,RTX PRO 6000
Azure,eastus2,Standard_NC24s_v3,Virtual Machines NCSv3 Series,2.448,Other
Azure,westus3,Standard_NV32as_v4,Virtual Machines NVasv4 Series,0.344467,Other
Azure,usgovarizona,Standard_NV12ads_A10_v5,Virtual Machines NVadsA10v5 Series,0.209748,A10
Azure,brazilsouth,Standard_NC24s_v3,Virtual Machines NCSv3 Series,4.523904,Other
Azure,southcentralus,Standard_NV24ads_V710_v5,Virtual Machines NVadsV710v5 Series Windows,0.647539,Other
Azure,southeastus,Standard_ND96is_noIB_H100_v5,Virtual Machines NDsH100v5 Series,115.034,H100
Azure,uksouth,Standard_NV32as_v4,Virtual Machines NVasv4 Series,0.430584,Other
Azure,eastasia,Standard_NC12s_v3,Virtual Machines NCSv3 Series,9.486,Other
Azure,canadacentral,Standard_NV32as_v4,Virtual Machines NVasv4 Series Windows,1.484,Other
Azure,brazilsouth,Standard_NC24rs_v3,Virtual Machines NCSv3 Series Windows,11.213,Other
Azure,southeastasia,Standard_NM16ads_MA35D  ,Virtual Machines NMadsMA35D Series Windows,1.308,Other
Azure,southcentralus,Standard_ND96is_H100_v5,Virtual Machines NDsr H100 v5 Series Windows,110.587,H100
Azure,usgovarizona,Standard_ND40rs_v2,Virtual Machines NDrSv2 Series Windows,5.429239,Other
Azure,australiasoutheast,Standard_ND96isr_MI300X_v5,Virtual Machines NDMI300Xv5 Srs,13.44,MI300X
Azure,uaenorth,Standard_ND96ams_A100_v4,Virtual Machines NDamsr A100 v4 Series Linux,12.18386,A100
Azure,northeurope,Standard_ND96is_MI300X_v5,Virtual Machines NDMI300Xv5 Srs Windows,24.806,MI300X
Azure,switzerlandnorth,Standard_NC40ads_H100_v5,Virtual Machines NCadsH100v5 Series,5.205092,H100
Azure,swedencentral,Standard_NV32as_v4,Virtual Machines NVasv4 Series Windows,4.082,Other
Azure,southcentralus,Standard_NV24s_v2,Virtual Machines NVSv2 Series,0.505613,Other
Azure,centralindia,Standard_NV18ads_A10_v5,Virtual Machines NVadsA10v5 Series Windows,0.566966,A10
Azure,australiaeast,Standard_NC24rs_v3,Virtual Machines NCSv3 Series Windows,7.893,Other
Azure,westus,Standard_NV28adms_V710_v5,Virtual Machines NVadsV710v5 Series,0.576576,Other
Azure,uksouth,Standard_NV24s_v3,Virtual Machines NVSv3 Series Windows,1.582,Other
Azure,spaincentral,Standard_NV72ads_A10_v5,Virtual Machines NVadsA10v5 Series Windows,11.788,A10
Azure,koreasouth,Standard_NV72ads_A10_v5,Virtual Machines NVadsA10v5 Series Windows,2.118178,A10
Azure,australiacentral,Standard_NC16as_T4_v3,Virtual Machines NCasT4 v3 Series Windows,2.301,Other
Azure,attdallas1,Standard_NV32as_v4,Virtual Machines NVasv4 Series,0.7828,Other
Azure,uksouth,Standard_NG32ads_V620_v1,Virtual Machines NGadsV620v1 Series,0.587664,Other
Azure,uksouth,Standard_NG32adms_V620,Virtual Machines NGadsV620v1 Series,4.134,Other
Azure,japanwest,Standard_ND96is_H100_v5,Virtual Machines NDsr H100 v5 Series Windows,26.162506,H100
Azure,westus3,Standard_NG8ads_V620_v1,Virtual Machines NGadsV620v1 Series,0.635,Other
Azure,southeastasia,Standard_NV24s_v3,Virtual Machines NVSv3 Series,0.587664,Other
Azure,westus,Standard_NV12s_v2,Virtual Machines NVSv2 Series Windows,1.81,Other
Azure,switzerlandnorth,Standard_ND96is_H100_v5,Virtual Machines NDsr H100 v5 Series Windows,52.382,H100
Azure,usgovarizona,Standard_ND96ams_A100_v4,Virtual Machines NDamsr A100 v4 Series Windows,18.151,A100
Azure,germanywestcentral,Standard_NC64as_T4_v3,Virtual Machines NCasT4 v3 Series,1.847691,Other
Azure,mexicocentral,Standard_NV4as_v4,Virtual Machines NVasv4 Series,0.256,Other
Azure,switzerlandnorth,Standard_NC6s_v3,Virtual Machines NCSv3 Series,0.841,Other
Azure,spaincentral,Standard_NC96ads_A100_v4,NCads A100 v4 Series Linux,3.52968,A100
Azure,northeurope,Standard_NV32as_v4,Virtual Machines NVasv4 Series,0.447,Other
Azure,koreacentral,Standard_ND96isr_H100_v5,Virtual Machines NDsr H100 v5 Series Windows,25.34495,H100
Azure,centralindia,Standard_NC40ads_H100_v5,Virtual Machines NCadsH100v5 Series,7.03584,H100
Azure,australiaeast,Standard_ND96isr_H200_v5,Virtual Machines NDsrH200v5 Series Windows,127.376,H200
Azure,australiacentral,Standard_NC4as_T4_v3,Virtual Machines NCasT4 v3 Series,0.19836,Other
Azure,koreasouth,Standard_NC80adis_H100_v5,Virtual Machines NCadsH100v5 Series,17.45,H100
Azure,centralus,Standard_NC6s_v3,Virtual Machines NCSv3 Series Windows,0.690043,Other
Azure,norwayeast,Standard_ND96ams_A100_v4,Virtual Machines NDamsr A100 v4 Series Linux,9.372,A100
Azure,australiacentral,Standard_NC16as_T4_v3,Virtual Machines NCasT4 v3 Series Windows,0.66729,Other
Azure,japanwest,Standard_ND96isr_H100_v5,Virtual Machines NDsr H100 v5 Series Windows,156.812,H100
Azure,westus3,Standard_NV36adms_A10_v5,Virtual Machines NVadsA10v5 Series,0.904,A10
Azure,westeurope,Standard_NG32ads_V620_v1,Virtual Machines NGadsV620v1 Series,0.61021,Other
Azure,westus3,Standard_ND96isr_MI300X_v5,Virtual Machines NDMI300Xv5 Srs,48.0,MI300X
Azure,brazilsouth,Standard_NV24s_v3,Virtual Machines NVSv3 Series Windows,0.920304,Other
Azure,spaincentral,Standard_ND96is_flex_H100_v5,Virtual Machines NDsfH100v5 Series Windows,22.07436,H100
Azure,eastus,Standard_ND96asr_v4,Virtual Machines NDasr A100 v4 Series Windows,31.613,Other
Azure,spaincentral,Standard_NC48ads_A100_v4,NCads A100 v4 Series Linux,1.76484,A100
Azure,eastus,Standard_ND96is_noIB_H100_v5,Virtual Machines NDsH100v5 Series,16.352582,H100
Azure,eastus,Standard_NP10s,Virtual Machines NP Series,1.65,Other
Azure,westus,Standard_NV36adms_A10_v5,Virtual Machines NVadsA10v5 Series,1.085885,A10
Azure,australiaeast,Standard_NV24s_v3,Virtual Machines NVSv3 Series Windows,4.283,Other
Azure,eastus,Standard_NV24_Promo,Virtual Machines NV Promo Series,2.736,Other
Azure,australiaeast,Standard_NC48ads_A100_v4,NCads A100 v4 Series Linux,2.13,A100
Azure,switzerlandnorth,Standard_ND96is_H100_v5,Virtual Machines NDsr H100 v5 Series,25.308,H100
Azure,centralindia,Standard_NC96ads_A100_v4,NCads A100 v4 Series Linux,4.114,A100
Azure,canadacentral,Standard_NV18ads_A10_v5,Virtual Machines NVadsA10v5 Series,0.354816,A10
Azure,malaysiawest,Standard_NC8as_T4_v3,Virtual Machines NCasT4 v3 Series Windows,1.27,Other
Azure,eastus2,Standard_NC6s_v3,Virtual Machines NCSv3 Series Windows,1.33632,Other
Azure,qatarcentral,Standard_NV36adms_A10_v5,Virtual Machines NVadsA10v5 Series,1.293,A10
Azure,northcentralus,Standard_NC8as_T4_v3,Virtual Machines NCasT4 v3 Series Windows,0.3248,Other
Azure,southcentralus,Standard_ND96amsr_A100_v4,Virtual Machines NDamsr A100 v4 Series Linux,39.324,A100
Azure,mexicocentral,Standard_NV4as_v4,Virtual Machines NVasv4 Series,0.047309,Other
Azure,centralus,Standard_ND96isr_MI300X_v5,Virtual Machines NDMI300Xv5 Srs Windows,25.383,MI300X
Azure,northeurope,Standard_NV24s_v3,Virtual Machines NVSv3 Series,2.42,Other
Azure,westus3,Standard_NC24ads_A100_v4,NCads A100 v4 Series Windows,4.777,A100
Azure,japaneast,Standard_ND96ams_A100_v4,Virtual Machines NDamsr A100 v4 Series Windows,51.933,A100
Azure,westeurope,Standard_NC6s_v3,Virtual Machines NCSv3 Series Windows,1.64,Other
Azure,italynorth,Standard_NV8as_v4,Virtual Machines NVasv4 Series,0.107554,Other
Azure,northcentralus,Standard_NC80adis_H100_v5,Virtual Machines NCadsH100v5 Series,3.09577,H100
Azure,usgovvirginia,Standard_NC16as_T4_v3,Virtual Machines NCasT4 v3 Series,0.43645,Other
Azure,southcentralus,Standard_NC96ads_A100_v4,NCads A100 v4 Series Windows,22.046,A100
Azure,northcentralus,Standard_NC24ads_A100_v4,NCads A100 v4 Series Linux,0.882,A100
Azure,francecentral,Standard_NV36adms_A10_v5,Virtual Machines NVadsA10v5 Series,5.65,A10
Azure,eastus,Standard_NC128ds_xl_RTXPRO6000BSE_v6,Virtual Machines NCdsxlRTX6kv6,6.38,RTX PRO 6000
Azure,westus2,Standard_NC40ads_H100_v5,Virtual Machines NCadsH100v5 Series,6.98,H100
Azure,centralus,Standard_NV12ads_A10_v5,Virtual Machines NVadsA10v5 Series,0.223,A10
Azure,canadacentral,Standard_NC64as_T4_v3,Virtual Machines NCasT4 v3 Series,0.964,Other
Azure,westeurope,Standard_NV4as_v4,Virtual Machines NVasv4 Series Windows,0.08778,Other
Azure,westeurope,Standard_NC6_Promo,Virtual Machines NC Promo Series,0.515,Other
Azure,canadacentral,Standard_ND96amsr_A100_v4,Virtual Machines NDamsr A100 v4 Series Linux,10.22424,A100
Azure,westus3,Standard_NC16ads_A10_v4,Virtual Machines NCadsA10v4 Series Windows,0.542573,A10
Azure,italynorth,Standard_NV6ads_A10_v5,Virtual Machines NVadsA10v5 Series Windows,0.160037,A10
Azure,italynorth,Standard_NV16as_v4,Virtual Machines NVasv4 Series,0.233,Other
Azure,switzerlandnorth,Standard_NV72ads_A10_v5,Virtual Machines NVadsA10v5 Series Windows,2.335133,A10
Azure,eastus,Standard_NC24rs_v3,Virtual Machines NCSv3 Series,13.46,Other
Azure,francecentral,Standard_NV18ads_A10_v5,Virtual Machines NVadsA10v5 Series,2.0,A10
Azure,westeurope,Standard_NCC40ads_H100_v5,Virtual Machines NCCadsv5 Srs,1.64472,H100
Azure,centralindia,Standard_NC24ads_A100_v4,NCads A100 v4 Series Windows,2.498,A100
Azure,japanwest,Standard_NC4as_T4_v3,Virtual Machines NCasT4 v3 Series Windows,0.952,Other
Azure,indonesiacentral,Standard_NV12ads_A10_v5,Virtual Machines NVadsA10v5 Series Windows,0.307507,A10
Azure,brazilsouth,Standard_NC48ads_A100_v4,NCads A100 v4 Series Windows,3.12312,A100
Azure,australiaeast,Standard_ND96isr_H200_v5,Virtual Machines NDsrH200v5 Series,24.592,H200
Azure,northeurope,Standard_NC64lds_xl_RTXPRO6000BSE_v6,Virtual Machines NCldsxlRTX6kv6 Windows,1.287,RTX PRO 6000
Azure,koreacentral,Standard_NC4as_T4_v3,Virtual Machines NCasT4 v3 Series,0.18763,Other
Azure,westus2,Standard_NC24rs_v3,Virtual Machines NCSv3 Series Windows,14.568,Other
Azure,westus3,Standard_NC8as_T4_v3,Virtual Machines NCasT4 v3 Series Windows,0.3248,Other
Azure,centralus,Standard_NC24rs_v3,Virtual Machines NCSv3 Series,2.811547,Other
Azure,swedencentral,Standard_NV8as_v4,Virtual Machines NVasv4 Series,0.652,Other
Azure,westeurope,Standard_NC24ads_A100_v4,NCads A100 v4 Series Linux,1.905225,A100
Azure,switzerlandwest,Standard_ND96amsr_A100_v4,Virtual Machines NDamsr A100 v4 Series Windows,16.9871,A100
Azure,eastus,Standard_NC96ads_A100_v4,NCads A100 v4 Series Linux,2.938,A100
Azure,westus3,Standard_NV32as_v4,Virtual Machines NVasv4 Series Windows,3.336,Other
Azure,germanywestcentral,Standard_NC4as_T4_v3,Virtual Machines NCasT4 v3 Series Windows,0.337,Other
Azure,italynorth,Standard_NC4as_T4_v3,Virtual Machines NCasT4 v3 Series Windows,0.32,Other
Azure,francecentral,Standard_NV12s_v3,Virtual Machines NVSv3 Series,1.425,Other
Azure,westus2,Standard_NP20s,Virtual Machines NP Series Windows,0.779856,Other
Azure,mexicocentral,Standard_ND96isr_H200_v5,Virtual Machines NDsrH200v5 Series,93.28,H200
Azure,malaysiawest,Standard_NC8as_T4_v3,Virtual Machines NCasT4 v3 Series,0.902,Other
Azure,polandcentral,Standard_ND96is_MI300X_v5,Virtual Machines NDMI300Xv5 Srs,73.92,MI300X
Azure,westus3,Standard_NC8as_T4_v3,Virtual Machines NCasT4 v3 Series Windows,0.448,Other
Azure,westus2,Standard_NV16as_v4,Virtual Machines NVasv4 Series Windows,0.667,Other
Azure,uksouth,Standard_NC48ads_A100_v4,NCads A100 v4 Series Windows,4.556,A100
Azure,brazilsouth,Standard_NC16as_T4_v3,Virtual Machines NCasT4 v3 Series,0.409,Other
Azure,swedencentral,Standard_NG16ads_V620_v1,Virtual Machines NGadsV620v1 Series Windows,2.387,Other
Azure,southcentralus,Standard_NV6ads_A10_v5,Virtual Machines NVadsA10v5 Series,0.100716,A10
Azure,francecentral,Standard_NV12ads_A10_v5,Virtual Machines NVadsA10v5 Series,0.227,A10
Azure,indonesiacentral,Standard_NC40ads_H100_v5,Virtual Machines NCadsH100v5 Series Windows,10.007,H100
Azure,westus,Standard_ND96isr_H100_v5,Virtual Machines NDsr H100 v5 Series Windows,24.436474,H100
Azure,qatarcentral,Standard_NV72ads_A10_v5,Virtual Machines NVadsA10v5 Series Windows,12.636,A10
Azure,swedencentral,Standard_NV32as_v4,Virtual Machines NVasv4 Series,0.482328,Other
Azure,uaenorth,Standard_ND96is_MI300X_v5,Virtual Machines NDMI300Xv5 Srs Windows,13.500749,MI300X
Azure,switzerlandnorth,Standard_NV24s_v3,Virtual Machines NVSv3 Series,3.135,Other
Azure,eastus2,Standard_NV36ads_A10_v5,Virtual Machines NVadsA10v5 Series,0.59136,A10
Azure,australiacentral2,Standard_NC8as_T4_v3,Virtual Machines NCasT4 v3 Series,0.977,Other
Azure,westus3,Standard_ND96asr_A100_v4,Virtual Machines NDasr A100 v4 Series,27.197,A100
Azure,uksouth,Standard_NG32ads_V620_v1,Virtual Machines NGadsV620v1 Series,3.18,Other
Azure,westus,Standard_NC24rs_v3,Virtual Machines NCSv3 Series Windows,3.438574,Other
Azure,centralindia,Standard_NC8as_T4_v3,Virtual Machines NCasT4 v3 Series Windows,1.195,Other
Azure,koreacentral,Standard_NC4as_T4_v3,Virtual Machines NCasT4 v3 Series Windows,0.332,Other
Azure,polandcentral,Standard_NV72ads_A10_v5,Virtual Machines NVadsA10v5 Series Windows,11.788,A10
Azure,eastus,Standard_NC6_Promo,Virtual Machines NC Promo Series,0.396,Other
Azure,eastus2,Standard_NV32as_v4,Virtual Machines NVasv4 Series Windows,3.336,Other
Azure,eastus,Standard_NC320lds_xl_RTXPRO6000BSE_v6,Virtual Machines NCldsxlRTX6kv6 Windows,29.02,RTX PRO 6000
Azure,southcentralus,Standard_NC48ads_A100_v4,NCads A100 v4 Series Linux,1.763,A100
Azure,northeurope,Standard_NV12s_v3,Virtual Machines NVSv3 Series Windows,1.762,Other
Azure,brazilsouth,Standard_NV36adms_A10_v5,Virtual Machines NVadsA10v5 Series Windows,10.696,A10
Azure,usgovvirginia,Standard_NV12ads_A10_v5,Virtual Machines NVadsA10v5 Series,0.209748,A10
Azure,usgovvirginia,Standard_NC16as_T4_v3,Virtual Machines NCasT4 v3 Series Windows,2.241,Other
Azure,westus3,Standard_ND96is_flex_H100_v5,Virtual Machines NDsfH100v5 Series Windows,92.904,H100
Azure,attdallas1,Standard_NV16as_v4,Virtual Machines NVasv4 Series,0.391,Other
Azure,usgovvirginia,Standard_NV12s_v3,Virtual Machines NVSv3 Series,1.425,Other
Azure,northcentralus,Standard_ND128isr_NDR_GB200_v6,Virtual Machines NDsrGB200NDRv6 Series,129.8,GB200
Azure,uksouth,Standard_NV36adms_A10_v5,Virtual Machines NVadsA10v5 Series,1.04412,A10
Azure,northeurope,Standard_NC6s_v3,Virtual Machines NCSv3 Series Windows,3.581,Other
Azure,southafricanorth,Standard_NV12ads_A10_v5,Virtual Machines NVadsA10v5 Series,1.326,A10
Azure,northcentralus,Standard_ND96isr_MI300X_v5,Virtual Machines NDMI300Xv5 Srs Windows,24.806,MI300X
Azure,westeurope,Standard_NC16ads_A10_v4,Virtual Machines NCadsA10v4 Series Windows,0.664541,A10
Azure,swedencentral,Standard_NV36adms_A10_v5,Virtual Machines NVadsA10v5 Series Windows,3.013,A10
Azure,japaneast,Standard_NV36ads_A10_v5,Virtual Machines NVadsA10v5 Series Windows,1.163501,A10
Azure,japaneast,Standard_NV48s_v3,Virtual Machines NVSv3 Series Windows,8.528,Other
Azure,northeurope,Standard_NC12s_v3,Virtual Machines NCSv3 Series Windows,1.323538,Other
Azure,spaincentral,Standard_NV16as_v4,Virtual Machines NVasv4 Series Windows,0.35999,Other
Azure,attatlanta1,Standard_NC16as_T4_v3,Virtual Machines NCasT4 v3 Series,2.106,Other
Azure,southcentralus,Standard_ND40rs_v2,Virtual Machines NDrSv2 Series Windows,28.278,Other
Azure,koreacentral,Standard_NV4as_v4,Virtual Machines NVasv4 Series Windows,0.092215,Other
Azure,southcentralus,Standard_NV12ads_V710_v5,Virtual Machines NVadsV710v5 Series,0.24,Other
Azure,attatlanta1,Standard_NV32as_v4,Virtual Machines NVasv4 Series,0.6524,Other
Azure,westus2,Standard_NV36ads_A10_v5,Virtual Machines NVadsA10v5 Series Windows,0.897389,A10
Azure,polandcentral,Standard_NV4as_v4,Virtual Machines NVasv4 Series Windows,0.475,Other
Azure,westus3,Standard_ND96amsr_A100_v4,Virtual Machines NDamsr A100 v4 Series Linux,8.5202,A100
Azure,westus3,Standard_NV8as_v4,Virtual Machines NVasv4 Series,0.0932,Other
Azure,switzerlandnorth,Standard_NC40ads_H100_v5,Virtual Machines NCadsH100v5 Series Windows,4.729,H100
Azure,norwayeast,Standard_NV12s_v3,Virtual Machines NVSv3 Series,0.314,Other
Azure,koreacentral,Standard_NV8as_v4,Virtual Machines NVasv4 Series,0.126,Other
Azure,northeurope,Standard_NM16ads_MA35D  ,Virtual Machines NMadsMA35D Series Windows,0.568445,Other
Azure,usgovarizona,Standard_NC24r_Promo,Virtual Machines NC Promo Series,2.091,Other
Azure,canadacentral,Standard_NC96ads_A100_v4,NCads A100 v4 Series Windows,4.929486,A100
Azure,uksouth,Standard_NC4as_T4_v3,Virtual Machines NCasT4 v3 Series Windows,0.457827,Other
Azure,malaysiawest,Standard_NV12ads_A10_v5,Virtual Machines NVadsA10v5 Series Windows,0.646,A10
Azure,southeastasia,Standard_NP10s,Virtual Machines NP Series Windows,1.042,Other
Azure,westeurope,Standard_NC24_Promo,Virtual Machines NC Promo Series Windows,3.163,Other
Azure,jioindiacentral,Standard_NC24ads_A100_v4,NCads A100 v4 Series Linux,1.028,A100
Azure,southcentralus,Standard_NC12s_v3,Virtual Machines NCSv3 Series Windows,3.01664,Other
Azure,canadacentral,Standard_NC16as_T4_v3,Virtual Machines NCasT4 v3 Series Windows,0.829,Other
Azure,westus2,Standard_NC256lds_xl_RTXPRO6000BSE_v6,Virtual Machines NCldsxlRTX6kv6,2.2,RTX PRO 6000
Azure,southeastasia,Standard_NC256lds_xl_RTXPRO6000BSE_v6,Virtual Machines NCldsxlRTX6kv6 Windows,27.176,RTX PRO 6000
Azure,swedencentral,Standard_ND96isr_H200_v5,Virtual Machines NDsrH200v5 Series Windows,114.688,H200
Azure,brazilsouth,Standard_NC16as_T4_v3,Virtual Machines NCasT4 v3 Series Windows,0.80678,Other
Azure,mexicocentral,Standard_NV16as_v4,Virtual Machines NVasv4 Series Windows,0.705,Other
Azure,eastus2,Standard_NV36ads_A10_v5,Virtual Machines NVadsA10v5 Series Windows,1.942,A10
Azure,swedencentral,Standard_NV16as_v4,Virtual Machines NVasv4 Series,0.241164,Other
Azure,southindia,Standard_ND96ams_A100_v4,Virtual Machines NDamsr A100 v4 Series Linux,12.86558,A100
Azure,australiaeast,Standard_NV8as_v4,Virtual Machines NVasv4 Series Windows,0.192931,Other
Azure,westeurope,Standard_NC12_Promo,Virtual Machines NC Promo Series,1.03,Other
Azure,usgovarizona,Standard_NC12s_v3,Virtual Machines NCSv3 Series,7.344,Other
Azure,malaysiawest,Standard_NV18ads_A10_v5,Virtual Machines NVadsA10v5 Series,0.345946,A10
Azure,westeurope,Standard_NG8ads_V620_v1,Virtual Machines NGadsV620v1 Series,0.826,Other
Azure,swedencentral,Standard_NG32adms_V620,Virtual Machines NGadsV620v1 Series Windows,1.065372,Other
Azure,norwayeast,Standard_NV48s_v3,Virtual Machines NVSv3 Series,1.158696,Other
Azure,attdallas1,Standard_NC64as_T4_v3,Virtual Machines NCasT4 v3 Series,2.831,Other
Azure,qatarcentral,Standard_NV6ads_A10_v5,Virtual Machines NVadsA10v5 Series Windows,0.925,A10
Azure,southcentralus,Standard_ND96is_flex_H100_v5,Virtual Machines NDsfH100v5 Series Windows,110.602,H100
Azure,westeurope,Standard_ND96asr_v4,Virtual Machines NDasr A100 v4 Series Windows,15.909,Other
Azure,southcentralus,Standard_ND96asr_A100_v4,Virtual Machines NDasr A100 v4 Series,32.63,A100
Azure,uksouth,Standard_NC16as_T4_v3,Virtual Machines NCasT4 v3 Series,0.282,Other
Azure,westus2,Standard_ND96isr_H100_v5,Virtual Machines NDsr H100 v5 Series Windows,102.736,H100
Azure,koreasouth,Standard_NV18ads_A10_v5,Virtual Machines NVadsA10v5 Series,0.4,A10
Azure,northcentralus,Standard_ND96isr_H200_v5,Virtual Machines NDsrH200v5 Series Windows,106.176,H200
Azure,southeastasia,Standard_NP20s,Virtual Machines NP Series Windows,5.21,Other
Azure,centralindia,Standard_NC40ads_H100_v5,Virtual Machines NCadsH100v5 Series Windows,4.645,H100
Azure,usgovvirginia,Standard_NV36adms_A10_v5,Virtual Machines NVadsA10v5 Series Windows,1.350149,A10
Azure,southeastasia,Standard_NV36adms_A10_v5,Virtual Machines NVadsA10v5 Series Windows,1.391914,A10
Azure,swedencentral,Standard_NC48ads_A100_v4,NCads A100 v4 Series Windows,5.760244,A100
Azure,eastus2,Standard_NC16as_T4_v3,Virtual Machines NCasT4 v3 Series Windows,1.94,Other
Azure,centralindia,Standard_NV16as_v4,Virtual Machines NVasv4 Series,0.241164,Other
Azure,northeurope,Standard_NC12_Promo,Virtual Machines NC Promo Series,0.855,Other
Azure,canadacentral,Standard_ND96ams_A100_v4,Virtual Machines NDamsr A100 v4 Series Windows,11.3724,A100
Azure,southafricanorth,Standard_NV72ads_A10_v5,Virtual Machines NVadsA10v5 Series,1.759111,A10
Azure,eastus,Standard_NV32as_v4,Virtual Machines NVasv4 Series,0.344467,Other
Azure,westus,Standard_ND96is_MI300X_v5,Virtual Machines NDMI300Xv5 Srs,62.853,MI300X
Azure,usgovvirginia,Standard_NV36adms_A10_v5,Virtual Machines NVadsA10v5 Series Windows,2.922,A10
Azure,canadacentral,Standard_ND96ams_A100_v4,Virtual Machines NDamsr A100 v4 Series Linux,10.22424,A100
Azure,westus2,Standard_NV48s_v3,Virtual Machines NVSv3 Series,0.912,Other
Azure,westus,Standard_NC320lds_xl_RTXPRO6000BSE_v6,Virtual Machines NCldsxlRTX6kv6 Windows,33.31,RTX PRO 6000
Azure,usgovarizona,Standard_NV16as_v4,Virtual Machines NVasv4 Series,0.233,Other
Azure,switzerlandnorth,Standard_NC12s_v3,Virtual Machines NCSv3 Series Windows,1.656362,Other
Azure,eastus2,Standard_NC12s_v3,Virtual Machines NCSv3 Series,1.130976,Other
Azure,centralus,Standard_NC32ds_xl_RTXPRO6000BSE_v6,Virtual Machines NCdsxlRTX6kv6,1.775,RTX PRO 6000
Azure,eastus,Standard_NC128lds_xl_RTXPRO6000BSE_v6,Virtual Machines NCldsxlRTX6kv6 Windows,2.2776,RTX PRO 6000
Azure,centralus,Standard_NC16lds_xl_RTXPRO6000BSE_v6,Virtual Machines NCldsxlRTX6kv6,1.391,RTX PRO 6000
Azure,swedencentral,Standard_NG32adms_V620,Virtual Machines NGadsV620v1 Series Windows,2.306,Other
Azure,japaneast,Standard_NG8ads_V620_v1,Virtual Machines NGadsV620v1 Series Windows,1.288,Other
Azure,westus,Standard_NV12ads_A10_v5,Virtual Machines NVadsA10v5 Series Windows,0.693,A10
Azure,israelcentral,Standard_NV18ads_A10_v5,Virtual Machines NVadsA10v5 Series Windows,1.246,A10
Azure,uaenorth,Standard_ND96isr_MI300X_v5,Virtual Machines NDMI300Xv5 Srs,68.64,MI300X
Azure,centralus,Standard_NC64ds_xl_RTXPRO6000BSE_v6,Virtual Machines NCdsxlRTX6kv6,3.484,RTX PRO 6000
Azure,eastus2,Standard_NV36ads_A10_v5,Virtual Machines NVadsA10v5 Series Windows,4.856,A10
Azure,uksouth,Standard_NC64as_T4_v3,Virtual Machines NCasT4 v3 Series Windows,3.214,Other
Azure,westus,Standard_NV4ads_V710_v5,Virtual Machines NVadsV710v5 Series,0.080018,Other
Azure,koreacentral,Standard_NC12s_v3,Virtual Machines NCSv3 Series,1.564886,Other
Azure,northcentralus,Standard_NC96ads_A100_v4,NCads A100 v4 Series Windows,22.046,A100
Azure,malaysiawest,Standard_NC4as_T4_v3,Virtual Machines NCasT4 v3 Series,0.18299,Other
Azure,northeurope,Standard_NV32as_v4,Virtual Machines NVasv4 Series Windows,0.685423,Other
Azure,japaneast,Standard_NV16as_v4,Virtual Machines NVasv4 Series,1.351,Other
Azure,norwayeast,Standard_NV48s_v3,Virtual Machines NVSv3 Series,6.27,Other
Azure,jioindiacentral,Standard_NC40ads_H100_v5,Virtual Machines NCadsH100v5 Series Windows,11.612,H100
Azure,southeastasia,Standard_NV12ads_A10_v5,Virtual Machines NVadsA10v5 Series Windows,0.320074,A10
Azure,mexicocentral,Standard_NV4as_v4,Virtual Machines NVasv4 Series,0.0513,Other
Azure,polandcentral,Standard_ND96isr_MI300X_v5,Virtual Machines NDMI300Xv5 Srs Windows,31.334,MI300X
Azure,westeurope,Standard_NV6ads_A10_v5,Virtual Machines NVadsA10v5 Series,0.59,A10
Azure,qatarcentral,Standard_NV36adms_A10_v5,Virtual Machines NVadsA10v5 Series,1.194547,A10
Azure,southeastasia,Standard_NC64ds_xl_RTXPRO6000BSE_v6,Virtual Machines NCdsxlRTX6kv6,3.963,RTX PRO 6000
Azure,northeurope,Standard_NV12ads_A10_v5,Virtual Machines NVadsA10v5 Series Windows,0.657,A10
Azure,uaenorth,Standard_NV48s_v3,Virtual Machines NVSv3 Series,5.563,Other
Azure,eastus,Standard_ND96asr_A100_v4,Virtual Machines NDasr A100 v4 Series Windows,6.95486,A100
Azure,northcentralus,Standard_NC96ads_A100_v4,NCads A100 v4 Series Linux,17.63,A100
Azure,japaneast,Standard_NV36adms_A10_v5,Virtual Machines NVadsA10v5 Series,1.211179,A10
Azure,eastus2,Standard_ND96is_MI300X_v5,Virtual Machines NDMI300Xv5 Srs Windows,20.966,MI300X
Azure,brazilsouth,Standard_NV36adms_A10_v5,Virtual Machines NVadsA10v5 Series Windows,1.976621,A10
Azure,eastus2,Standard_NV8as_v4,Virtual Machines NVasv4 Series,0.466,Other
Azure,southcentralus,Standard_NV6s_v2,Virtual Machines NVSv2 Series,0.126403,Other
Azure,uksouth,Standard_NC16as_T4_v3,Virtual Machines NCasT4 v3 Series Windows,1.229085,Other
Azure,swedencentral,Standard_ND96ams_A100_v4,Virtual Machines NDamsr A100 v4 Series Windows,45.378,A100
Azure,uksouth,Standard_NG8ads_V620_v1,Virtual Machines NGadsV620v1 Series Windows,0.214922,Other
Azure,japaneast,Standard_NC24ads_A100_v4,NCads A100 v4 Series Linux,1.033244,A100
Azure,japaneast,Standard_NC16as_T4_v3,Virtual Machines NCasT4 v3 Series,0.325,Other
Azure,koreacentral,Standard_NV18ads_A10_v5,Virtual Machines NVadsA10v5 Series,2.16,A10
Azure,southcentralus,Standard_NC16ads_A10_v4,Virtual Machines NCadsA10v4 Series Windows,1.35,A10
Azure,polandcentral,Standard_NV72ads_A10_v5,Virtual Machines NVadsA10v5 Series Windows,4.715,A10
Azure,canadacentral,Standard_NC24rs_v3,Virtual Machines NCSv3 Series,14.81,Other
Azure,germanywestcentral,Standard_NC64as_T4_v3,Virtual Machines NCasT4 v3 Series Windows,3.349,Other
Azure,australiacentral2,Standard_NC4as_T4_v3,Virtual Machines NCasT4 v3 Series,0.137,Other
Azure,westus2,Standard_NV6ads_A10_v5,Virtual Machines NVadsA10v5 Series,0.083899,A10
Azure,germanynorth,Standard_ND96ams_A100_v4,Virtual Machines NDamsr A100 v4 Series Windows,23.919,A100
Azure,northeurope,Standard_NV36ads_A10_v5,Virtual Machines NVadsA10v5 Series Windows,1.015661,A10
Azure,southcentralus,Standard_NV8as_v4,Virtual Machines NVasv4 Series,0.103303,Other
Azure,canadacentral,Standard_ND96ams_A100_v4,Virtual Machines NDamsr A100 v4 Series Linux,39.324,A100
Azure,southeastasia,Standard_NP20s,Virtual Machines NP Series Windows,2.084,Other
Azure,uksouth,Standard_NC24ads_A100_v4,NCads A100 v4 Series Linux,0.918,A100
Azure,centralus,Standard_NC24s_v3,Virtual Machines NCSv3 Series,2.555969,Other
Azure,polandcentral,Standard_ND96isr_H100_v5,Virtual Machines NDsr H100 v5 Series Windows,52.893,H100
Azure,usgovvirginia,Standard_NC6s_v3,Virtual Machines NCSv3 Series Windows,1.616,Other
Azure,southcentralus,Standard_NP40s,Virtual Machines NP Series,1.584,Other
Azure,westus,Standard_ND96is_H100_v5,Virtual Machines NDsr H100 v5 Series,23.007,H100
Azure,usgovvirginia,Standard_NC24_Promo,Virtual Machines NC Promo Series Windows,3.005,Other
Azure,southcentralus,Standard_NV12s_v3,Virtual Machines NVSv3 Series Windows,0.768,Other
Azure,switzerlandnorth,Standard_ND96isr_H100_v5,Virtual Machines NDsr H100 v5 Series,28.12,H100
Azure,centralus,Standard_NG8ads_V620_v1,Virtual Machines NGadsV620v1 Series,0.144144,Other
Azure,northeurope,Standard_NC6s_v3,Virtual Machines NCSv3 Series,3.305,Other
Azure,southcentralus,Standard_NV16as_v4,Virtual Machines NVasv4 Series Windows,1.854,Other
Azure,koreacentral,Standard_NC8as_T4_v3,Virtual Machines NCasT4 v3 Series Windows,0.37497,Other
Azure,attatlanta1,Standard_NV16as_v4,Virtual Machines NVasv4 Series,0.326,Other
Azure,switzerlandnorth,Standard_NC80adis_H100_v5,Virtual Machines NCadsH100v5 Series,3.993,H100
Azure,uaenorth,Standard_ND96is_H100_v5,Virtual Machines NDsr H100 v5 Series,25.308,H100
Azure,polandcentral,Standard_NV18ads_A10_v5,Virtual Machines NVadsA10v5 Series,0.416,A10
Azure,southafricanorth,Standard_NV12ads_A10_v5,Virtual Machines NVadsA10v5 Series Windows,0.347054,A10
Azure,westus2,Standard_NC64ds_xl_RTXPRO6000BSE_v6,Virtual Machines NCdsxlRTX6kv6,2.83,RTX PRO 6000
Azure,westus2,Standard_NC24s_v3,Virtual Machines NCSv3 Series,2.448,Other
Azure,eastus2,Standard_NC12_Promo,Virtual Machines NC Promo Series,0.792,Other
Azure,francecentral,Standard_NC64as_T4_v3,Virtual Machines NCasT4 v3 Series,5.077,Other
Azure,northeurope,Standard_NC64ds_xl_RTXPRO6000BSE_v6,Virtual Machines NCdsxlRTX6kv6,0.81,RTX PRO 6000
Azure,southafricanorth,Standard_NV48s_v3,Virtual Machines NVSv3 Series,1.079417,Other
Azure,eastus2,Standard_NC80adis_H100_v5,Virtual Machines NCadsH100v5 Series Windows,17.64,H100
Azure,northeurope,Standard_NV16as_v4,Virtual Machines NVasv4 Series Windows,1.854,Other
Azure,westus3,Standard_NC64as_T4_v3,Virtual Machines NCasT4 v3 Series Windows,7.296,Other
Azure,southafricanorth,Standard_NV12ads_A10_v5,Virtual Machines NVadsA10v5 Series,0.245045,A10
Azure,centralindia,Standard_NV24s_v3,Virtual Machines NVSv3 Series,3.192,Other
Azure,italynorth,Standard_NV32as_v4,Virtual Machines NVasv4 Series Windows,3.802,Other
Azure,koreasouth,Standard_NV36adms_A10_v5,Virtual Machines NVadsA10v5 Series,1.04412,A10
Azure,westus,Standard_NC40ads_H100_v5,Virtual Machines NCadsH100v5 Series,8.1666,H100
Azure,westus,Standard_NC24ads_A100_v4,NCads A100 v4 Series Windows,2.352,A100
Azure,norwayeast,Standard_NV48s_v3,Virtual Machines NVSv3 Series,1.254,Other
Azure,jioindiacentral,Standard_NC96ads_A100_v4,NCads A100 v4 Series Windows,9.994,A100
Azure,westus2,Standard_NV18ads_A10_v5,Virtual Machines NVadsA10v5 Series,0.32,A10
Azure,japaneast,Standard_NC80adis_H100_v5,Virtual Machines NCadsH100v5 Series Windows,23.922,H100
Azure,usgovarizona,Standard_NV36adms_A10_v5,Virtual Machines NVadsA10v5 Series,1.04412,A10
Azure,italynorth,Standard_NV6ads_A10_v5,Virtual Machines NVadsA10v5 Series Windows,0.346,A10
Azure,westus,Standard_NV12s_v2,Virtual Machines NVSv2 Series Windows,0.724,Other
Azure,switzerlandnorth,Standard_ND96is_H100_v5,Virtual Machines NDsr H100 v5 Series,126.538,H100
Azure,westeurope,Standard_NG32ads_V620_v1,Virtual Machines NGadsV620v1 Series Windows,0.882235,Other
Azure,westus2,Standard_NC128lds_xl_RTXPRO6000BSE_v6,Virtual Machines NCldsxlRTX6kv6,5.5,RTX PRO 6000
Azure,southcentralus,Standard_ND96asr_v4,Virtual Machines NDasr A100 v4 Series,6.526,Other
Azure,germanywestcentral,Standard_NV4as_v4,Virtual Machines NVasv4 Series,0.053777,Other
Azure,eastus2,Standard_NC256ds_xl_RTXPRO6000BSE_v6,Virtual Machines NCdsxlRTX6kv6 Windows,24.536,RTX PRO 6000
Azure,northeurope,Standard_ND96is_MI300X_v5,Virtual Machines NDMI300Xv5 Srs Windows,11.460557,MI300X
Azure,canadacentral,Standard_NV4as_v4,Virtual Machines NVasv4 Series,0.0559,Other
Azure,eastasia,Standard_NV36adms_A10_v5,Virtual Machines NVadsA10v5 Series Windows,8.662,A10
Azure,canadacentral,Standard_NV36adms_A10_v5,Virtual Machines NVadsA10v5 Series,1.085,A10
Azure,swedencentral,Standard_ND96amsr_A100_v4,Virtual Machines NDamsr A100 v4 Series Windows,45.378,A100
Azure,polandcentral,Standard_NV36ads_A10_v5,Virtual Machines NVadsA10v5 Series Windows,2.326,A10
Azure,brazilsouth,Standard_ND96isr_H200_v5,Virtual Machines NDsrH200v5 Series Windows,174.016,H200
Azure,attdallas1,Standard_NV4ahs_v4,Virtual Machines NVasv4 VDI Series,0.137,Other
Azure,southcentralus,Standard_NV6s_v2,Virtual Machines NVSv2 Series,0.684,Other
Azure,koreacentral,Standard_NC12s_v3,Virtual Machines NCSv3 Series Windows,9.02,Other
Azure,uksouth,Standard_NV12_Promo,Virtual Machines NV Promo Series,1.803,Other
Azure,israelcentral,Standard_NC16as_T4_v3,Virtual Machines NCasT4 v3 Series,0.48053,Other
Azure,southafricanorth,Standard_NV72ads_A10_v5,Virtual Machines NVadsA10v5 Series Windows,2.371169,A10
Azure,uksouth,Standard_NC80adis_H100_v5,Virtual Machines NCadsH100v5 Series,6.43207,H100
Azure,chilecentral,Standard_NV4as_v4,Virtual Machines NVasv4 Series Windows,0.51,Other
Azure,northcentralus,Standard_NC64as_T4_v3,Virtual Machines NCasT4 v3 Series,1.26208,Other
Azure,malaysiawest,Standard_NV18ads_A10_v5,Virtual Machines NVadsA10v5 Series Windows,1.08,A10
Azure,italynorth,Standard_NV18ads_A10_v5,Virtual Machines NVadsA10v5 Series,0.416,A10
Azure,spaincentral,Standard_ND96ams_A100_v4,Virtual Machines NDamsr A100 v4 Series Linux,40.962,A100
Azure,westus2,Standard_NC24s_v3,Virtual Machines NCSv3 Series Windows,2.465971,Other
Azure,southcentralus,Standard_ND96ams_A100_v4,Virtual Machines NDamsr A100 v4 Series Linux,10.22424,A100
Azure,eastus,Standard_NC96ads_A100_v4,NCads A100 v4 Series Windows,7.643,A100
Azure,swedencentral,Standard_NC48ads_A100_v4,NCads A100 v4 Series Linux,4.15998,A100
Azure,italynorth,Standard_NC96ads_A100_v4,NCads A100 v4 Series Windows,9.406,A100
Azure,koreacentral,Standard_NC16as_T4_v3,Virtual Machines NCasT4 v3 Series Windows,0.887,Other
Azure,koreasouth,Standard_NC40ads_H100_v5,Virtual Machines NCadsH100v5 Series Windows,1.952412,H100
Azure,malaysiawest,Standard_NV6ads_A10_v5,Virtual Machines NVadsA10v5 Series,0.106,A10
Azure,spaincentral,Standard_NV4ads_V710_v5,Virtual Machines NVadsV710v5 Series,0.433,Other
Azure,southcentralus,Standard_NV4as_v4,Virtual Machines NVasv4 Series,0.051744,Other
Azure,eastus2,Standard_NC6_Promo,Virtual Machines NC Promo Series Windows,0.672,Other
Azure,westus,Standard_ND96is_H100_v5,Virtual Machines NDsr H100 v5 Series Windows,22.07436,H100
Azure,westus,Standard_ND96isr_H100_v5,Virtual Machines NDsr H100 v5 Series,23.620397,H100
Azure,westus,Standard_NC64lds_xl_RTXPRO6000BSE_v6,Virtual Machines NCldsxlRTX6kv6 Windows,1.2232,RTX PRO 6000
Azure,westeurope,Standard_NC16as_T4_v3,Virtual Machines NCasT4 v3 Series,1.505,Other
Azure,eastus,Standard_NV8ads_V710_v5,Virtual Machines NVadsV710v5 Series,0.667,Other
Azure,eastus2,Standard_ND96isr_MI300X_v5,Virtual Machines NDMI300Xv5 Srs Windows,20.966,MI300X
Azure,australiacentral,Standard_NC4as_T4_v3,Virtual Machines NCasT4 v3 Series,0.684,Other
Azure,australiacentral,Standard_NC8as_T4_v3,Virtual Machines NCasT4 v3 Series,0.195,Other
Azure,japaneast,Standard_NV8as_v4,Virtual Machines NVasv4 Series,0.135,Other
Azure,koreasouth,Standard_NV72ads_A10_v5,Virtual Machines NVadsA10v5 Series,1.63,A10
Azure,switzerlandnorth,Standard_NV36ads_A10_v5,Virtual Machines NVadsA10v5 Series Windows,6.232,A10
Azure,italynorth,Standard_NV36ads_A10_v5,Virtual Machines NVadsA10v5 Series Windows,2.326,A10
Azure,usgovarizona,Standard_NC12s_v3,Virtual Machines NCSv3 Series Windows,3.232,Other
Azure,francecentral,Standard_NC8as_T4_v3,Virtual Machines NCasT4 v3 Series,0.176,Other
Azure,eastus,Standard_NC320lds_xl_RTXPRO6000BSE_v6,Virtual Machines NCldsxlRTX6kv6,14.3,RTX PRO 6000
Azure,attdallas1,Standard_NV16as_v4,Virtual Machines NVasv4 Series Windows,1.077,Other
Azure,koreasouth,Standard_ND96isr_MI300X_v5,Virtual Machines NDMI300Xv5 Srs,60.0,MI300X
Azure,spaincentral,Standard_ND96amsr_A100_v4,Virtual Machines NDamsr A100 v4 Series Linux,8.192,A100
Azure,koreacentral,Standard_NV32as_v4,Virtual Machines NVasv4 Series Windows,0.736982,Other
Azure,uaenorth,Standard_ND96isr_MI300X_v5,Virtual Machines NDMI300Xv5 Srs,12.684672,MI300X
Azure,switzerlandnorth,Standard_NV72ads_A10_v5,Virtual Machines NVadsA10v5 Series,1.723075,A10
Azure,westus,Standard_ND96isr_MI300X_v5,Virtual Machines NDMI300Xv5 Srs,62.853,MI300X
Azure,eastus,Standard_NV8ads_V710_v5,Virtual Machines NVadsV710v5 Series Windows,0.414,Other
Azure,northcentralus,Standard_NV36ads_A10_v5,Virtual Machines NVadsA10v5 Series,0.709632,A10
Azure,usgovarizona,Standard_NV32as_v4,Virtual Machines NVasv4 Series,0.430584,Other
Azure,southeastasia,Standard_NC16as_T4_v3,Virtual Machines NCasT4 v3 Series Windows,0.968,Other
Azure,northeurope,Standard_NC24ads_A100_v4,NCads A100 v4 Series Linux,0.882,A100
Azure,westus,Standard_NV36ads_A10_v5,Virtual Machines NVadsA10v5 Series,4.16,A10
Azure,westeurope,Standard_ND96asr_A100_v4,Virtual Machines NDasr A100 v4 Series Windows,15.909,A100
Azure,francecentral,Standard_ND96ams_A100_v4,Virtual Machines NDamsr A100 v4 Series Linux,40.962,A100
Azure,westus,Standard_NC64as_T4_v3,Virtual Machines NCasT4 v3 Series Windows,8.166,Other
Azure,francecentral,Standard_NV6ads_A10_v5,Virtual Machines NVadsA10v5 Series Windows,0.337,A10
Azure,israelcentral,Standard_NV12ads_A10_v5,Virtual Machines NVadsA10v5 Series,0.26,A10
Azure,centralus,Standard_ND96isr_H200_v5,Virtual Machines NDsrH200v5 Series Windows,40.096,H200
Azure,spaincentral,Standard_NV8as_v4,Virtual Machines NVasv4 Series,0.606,Other
Azure,israelcentral,Standard_NV6ads_A10_v5,Virtual Machines NVadsA10v5 Series Windows,0.925,A10
Azure,malaysiawest,Standard_NV72ads_A10_v5,Virtual Machines NVadsA10v5 Series,1.526,A10
Azure,uksouth,Standard_NV8as_v4,Virtual Machines NVasv4 Series,0.107554,Other
Azure,uaecentral,Standard_ND96amsr_A100_v4,Virtual Machines NDamsr A100 v4 Series Linux,15.83894,A100
Azure,eastus2,Standard_NV4as_v4,Virtual Machines NVasv4 Series Windows,0.417,Other
Azure,brazilsouth,Standard_NC6s_v3,Virtual Machines NCSv3 Series Windows,2.558,Other
Azure,centralindia,Standard_NV6ads_A10_v5,Virtual Machines NVadsA10v5 Series Windows,0.912,A10
Azure,westeurope,Standard_NC96ads_A100_v4,NCads A100 v4 Series Windows,23.516,A100
Azure,swedencentral,Standard_ND96isf_H100_v5,Virtual Machines NDsrf H100 v5 Series,115.034,H100
Azure,francecentral,Standard_NC4as_T4_v3,Virtual Machines NCasT4 v3 Series Windows,0.23171,Other
Azure,westeurope,Standard_NC40ads_H100_v5,Virtual Machines NCadsH100v5 Series Windows,10.92,H100
Azure,centralus,Standard_NV6ads_A10_v5,Virtual Machines NVadsA10v5 Series Windows,0.334,A10
Azure,westus2,Standard_NC16as_T4_v3,Virtual Machines NCasT4 v3 Series Windows,0.776,Other
Azure,eastus2,Standard_NC80adis_H100_v5,Virtual Machines NCadsH100v5 Series,13.96,H100
Azure,swedencentral,Standard_NC80adis_H100_v5,Virtual Machines NCadsH100v5 Series,18.148,H100
Azure,italynorth,Standard_ND96asr_A100_v4,Virtual Machines NDasr A100 v4 Series,35.357,A100
Azure,japaneast,Standard_NC8as_T4_v3,Virtual Machines NCasT4 v3 Series,0.29435,Other
Azure,polandcentral,Standard_NC48ads_A100_v4,NCads A100 v4 Series Linux,9.55,A100
Azure,swedencentral,Standard_NC48ads_A100_v4,NCads A100 v4 Series Windows,4.703,A100
Azure,westus2,Standard_NP40s,Virtual Machines NP Series,1.21968,Other
Azure,spaincentral,Standard_NV24ads_V710_v5,Virtual Machines NVadsV710v5 Series,2.6,Other
Azure,westus3,Standard_ND96ams_A100_v4,Virtual Machines NDamsr A100 v4 Series Windows,9.66836,A100
Azure,uaecentral,Standard_ND96amsr_A100_v4,Virtual Machines NDamsr A100 v4 Series Linux,60.919,A100
Azure,southeastasia,Standard_NC80adis_H100_v5,Virtual Machines NCadsH100v5 Series Windows,8.565307,H100
Azure,uksouth,Standard_NV12ads_A10_v5,Virtual Machines NVadsA10v5 Series Windows,0.311758,A10
Azure,westeurope,Standard_NP10s,Virtual Machines NP Series Windows,0.481404,Other
Azure,northeurope,Standard_NC128ds_xl_RTXPRO6000BSE_v6,Virtual Machines NCdsxlRTX6kv6,9.129,RTX PRO 6000
Azure,northeurope,Standard_NV12s_v3,Virtual Machines NVSv3 Series,0.223608,Other
Azure,usgovvirginia,Standard_ND96ams_A100_v4,Virtual Machines NDamsr A100 v4 Series Windows,11.79828,A100
Azure,uksouth,Standard_NV6_Promo,Virtual Machines NV Promo Series,0.901,Other
Azure,brazilsouth,Standard_NC6s_v3,Virtual Machines NCSv3 Series,6.12,Other
Azure,southcentralus,Standard_ND96asr_A100_v4,Virtual Machines NDasr A100 v4 Series Windows,8.15012,A100
Azure,japaneast,Standard_NM16ads_MA35D  ,Virtual Machines NMadsMA35D Series Windows,0.658627,Other
Azure,westus,Standard_NV12ads_A10_v5,Virtual Machines NVadsA10v5 Series,0.236,A10
Azure,swedencentral,Standard_NV12ads_A10_v5,Virtual Machines NVadsA10v5 Series,1.18,A10
Azure,koreacentral,Standard_NV6ads_A10_v5,Virtual Machines NVadsA10v5 Series Windows,0.889,A10
Azure,germanywestcentral,Standard_NC80adis_H100_v5,Virtual Machines NCadsH100v5 Series Windows,8.731,H100
Azure,polandcentral,Standard_NV32as_v4,Virtual Machines NVasv4 Series,0.430584,Other
Azure,norwayeast,Standard_ND96ams_A100_v4,Virtual Machines NDamsr A100 v4 Series Windows,13.33202,A100
Azure,brazilsouth,Standard_ND96is_MI300X_v5,Virtual Machines NDMI300Xv5 Srs,96.0,MI300X
Azure,uaenorth,Standard_NV24s_v3,Virtual Machines NVSv3 Series,0.556,Other
Azure,centralus,Standard_ND96is_MI300X_v5,Virtual Machines NDMI300Xv5 Srs Windows,11.726854,MI300X
Azure,southindia,Standard_NC16as_T4_v3,Virtual Machines NCasT4 v3 Series Windows,0.70557,Other
Azure,switzerlandnorth,Standard_NV36adms_A10_v5,Virtual Machines NVadsA10v5 Series Windows,3.248,A10
Azure,uaenorth,Standard_ND96isr_MI300X_v5,Virtual Machines NDMI300Xv5 Srs Windows,73.056,MI300X
Azure,centralindia,Standard_NC40ads_H100_v5,Virtual Machines NCadsH100v5 Series,1.954,H100
Azure,uksouth,Standard_NV6ads_A10_v5,Virtual Machines NVadsA10v5 Series,0.567,A10
Azure,westeurope,Standard_ND96is_H100_v5,Virtual Machines NDsr H100 v5 Series Windows,119.45,H100
Azure,northcentralus,Standard_NC24_Promo,Virtual Machines NC Promo Series,1.584,Other
Azure,eastus,Standard_NC24s_v3,Virtual Machines NCSv3 Series Windows,13.344,Other
Azure,israelcentral,Standard_NC24rs_v3,Virtual Machines NCSv3 Series,3.701,Other
Azure,northeurope,Standard_NV12s_v3,Virtual Machines NVSv3 Series,0.242,Other
Azure,polandcentral,Standard_NC4as_T4_v3,Virtual Machines NCasT4 v3 Series Windows,0.84,Other
Azure,norwayeast,Standard_NV48s_v3,Virtual Machines NVSv3 Series Windows,8.478,Other
Azure,eastus,Standard_NV24_Promo,Virtual Machines NV Promo Series Windows,3.84,Other
Azure,westus,Standard_NV48s_v3,Virtual Machines NVSv3 Series Windows,1.250726,Other
Azure,polandcentral,Standard_NC96ads_A100_v4,NCads A100 v4 Series Windows,5.258178,A100
Azure,westus,Standard_NC4as_T4_v3,Virtual Machines NCasT4 v3 Series Windows,0.815,Other
Azure,canadacentral,Standard_NC12s_v3,Virtual Machines NCSv3 Series,1.346,Other
Azure,westus,Standard_NC40ads_H100_v5,Virtual Machines NCadsH100v5 Series Windows,4.366,H100
Azure,australiaeast,Standard_ND96amsr_A100_v4,Virtual Machines NDamsr A100 v4 Series Windows,51.932,A100
Azure,northcentralus,Standard_NV12ads_A10_v5,Virtual Machines NVadsA10v5 Series Windows,0.303442,A10
Azure,centralindia,Standard_NV36adms_A10_v5,Virtual Machines NVadsA10v5 Series,6.328,A10
Azure,southcentralus2,Standard_ND96isr_H200_v5,Virtual Machines NDsrH200v5 Series,18.656,H200
Azure,northeurope,Standard_NC64ds_xl_RTXPRO6000BSE_v6,Virtual Machines NCdsxlRTX6kv6 Windows,6.994,RTX PRO 6000
Azure,uksouth,Standard_NC24ads_A100_v4,NCads A100 v4 Series Windows,1.451656,A100
Azure,northeurope,Standard_NC24_Promo,Virtual Machines NC Promo Series Windows,2.815,Other
Azure,usgovvirginia,Standard_NV36adms_A10_v5,Virtual Machines NVadsA10v5 Series,5.65,A10
Azure,australiaeast,Standard_NV4ads_V710_v5,Virtual Machines NVadsV710v5 Series Windows,0.1334,Other
Azure,eastus,Standard_NV6_Promo,Virtual Machines NV Promo Series Windows,0.96,Other
Azure,westus2,Standard_NC128lds_xl_RTXPRO6000BSE_v6,Virtual Machines NCldsxlRTX6kv6 Windows,2.2776,RTX PRO 6000
Azure,koreacentral,Standard_NC80adis_H100_v5,Virtual Machines NCadsH100v5 Series Windows,12.51094,H100
Azure,francecentral,Standard_NV6ads_A10_v5,Virtual Machines NVadsA10v5 Series,0.567,A10
Azure,spaincentral,Standard_NV4as_v4,Virtual Machines NVasv4 Series Windows,0.089998,Other
Azure,brazilsouth,Standard_NV24s_v3,Virtual Machines NVSv3 Series,0.716285,Other
Azure,southeastasia,Standard_NC4as_T4_v3,Virtual Machines NCasT4 v3 Series,0.736,Other
Azure,japanwest,Standard_ND96is_H100_v5,Virtual Machines NDsr H100 v5 Series,27.431,H100
Azure,spaincentral,Standard_ND96isf_H100_v5,Virtual Machines NDsrf H100 v5 Series Windows,22.07436,H100
Azure,southeastasia,Standard_NM16ads_MA35D  ,Virtual Machines NMadsMA35D Series Windows,3.271,Other
Azure,japaneast,Standard_NV8as_v4,Virtual Machines NVasv4 Series Windows,0.192931,Other
Azure,uaenorth,Standard_ND96amsr_A100_v4,Virtual Machines NDamsr A100 v4 Series Linux,46.861,A100
Azure,eastus2,Standard_NC6s_v3,Virtual Machines NCSv3 Series,3.06,Other
Azure,qatarcentral,Standard_NC24rs_v3,Virtual Machines NCSv3 Series Windows,19.84,Other
Azure,centralus,Standard_NV36adms_A10_v5,Virtual Machines NVadsA10v5 Series,1.027488,A10
Azure,koreasouth,Standard_NC80adis_H100_v5,Virtual Machines NCadsH100v5 Series Windows,21.13,H100
Azure,spaincentral,Standard_NV16as_v4,Virtual Machines NVasv4 Series,1.212,Other
Azure,westeurope,Standard_NV24ads_V710_v5,Virtual Machines NVadsV710v5 Series Windows,1.482,Other
Azure,uksouth,Standard_ND96ams_A100_v4,Virtual Machines NDamsr A100 v4 Series Linux,10.65012,A100
Azure,westus2,Standard_NC24rs_v3,Virtual Machines NCSv3 Series,2.692,Other
Azure,uaenorth,Standard_NV12ads_A10_v5,Virtual Machines NVadsA10v5 Series Windows,0.34188,A10
Azure,westus,Standard_NV36ads_A10_v5,Virtual Machines NVadsA10v5 Series Windows,1.074797,A10
Azure,westeurope,Standard_NV24s_v3,Virtual Machines NVSv3 Series Windows,0.730699,Other
Azure,centralindia,Standard_NC12s_v3,Virtual Machines NCSv3 Series,1.564886,Other
Azure,uksouth,Standard_NV6ads_A10_v5,Virtual Machines NVadsA10v5 Series Windows,0.843,A10
Azure,westus,Standard_ND96amsr_A100_v4,Virtual Machines NDamsr A100 v4 Series Linux,42.601,A100
Azure,polandcentral,Standard_NV36ads_A10_v5,Virtual Machines NVadsA10v5 Series,0.768768,A10
Azure,qatarcentral,Standard_NC12s_v3,Virtual Machines NCSv3 Series Windows,9.018,Other
Azure,southafricanorth,Standard_NV36ads_A10_v5,Virtual Machines NVadsA10v5 Series,0.934,A10
Azure,spaincentral,Standard_ND96ams_A100_v4,Virtual Machines NDamsr A100 v4 Series Windows,18.151,A100
Azure,australiaeast,Standard_NV48s_v3,Virtual Machines NVSv3 Series,1.272,Other
Azure,chilecentral,Standard_NV32as_v4,Virtual Machines NVasv4 Series,0.482328,Other
Azure,japaneast,Standard_NC12s_v3,Virtual Machines NCSv3 Series,1.550102,Other
Azure,canadacentral,Standard_ND96is_MI300X_v5,Virtual Machines NDMI300Xv5 Srs Windows,24.806,MI300X
Azure,eastus,Standard_NC128lds_xl_RTXPRO6000BSE_v6,Virtual Machines NCldsxlRTX6kv6,1.1,RTX PRO 6000
Azure,brazilsouth,Standard_NC24ads_A100_v4,NCads A100 v4 Series Windows,3.38,A100
Azure,uksouth,Standard_ND96is_MI300X_v5,Virtual Machines NDMI300Xv5 Srs Windows,64.416,MI300X
Azure,southcentralus,Standard_NV4ads_V710_v5,Virtual Machines NVadsV710v5 Series Windows,0.584,Other
Azure,southcentralus,Standard_NM16ads_MA35D  ,Virtual Machines NMadsMA35D Series Windows,1.23,Other
Azure,uksouth,Standard_NG16ads_V620_v1,Virtual Machines NGadsV620v1 Series Windows,2.326,Other
Azure,switzerlandnorth,Standard_ND96amsr_A100_v4,Virtual Machines NDamsr A100 v4 Series Linux,9.372,A100
Azure,koreacentral,Standard_NV6ads_A10_v5,Virtual Machines NVadsA10v5 Series Windows,0.164287,A10
Azure,northeurope,Standard_ND96isr_MI300X_v5,Virtual Machines NDMI300Xv5 Srs Windows,62.016,MI300X
Azure,westus3,Standard_NV36adms_A10_v5,Virtual Machines NVadsA10v5 Series,0.835296,A10
Azure,westus,Standard_ND96isr_MI300X_v5,Virtual Machines NDMI300Xv5 Srs Windows,67.269,MI300X
Azure,westeurope,Standard_NV8ads_V710_v5,Virtual Machines NVadsV710v5 Series,0.867,Other
Azure,westus2,Standard_NP40s,Virtual Machines NP Series Windows,3.376,Other
Azure,canadacentral,Standard_NC80adis_H100_v5,Virtual Machines NCadsH100v5 Series Windows,8.344,H100
Azure,westus2,Standard_ND96amsr_A100_v4,Virtual Machines NDamsr A100 v4 Series Windows,9.66836,A100
Azure,usgovvirginia,Standard_NV6_Promo,Virtual Machines NV Promo Series Windows,1.095,Other
Azure,centralus,Standard_NC64lds_xl_RTXPRO6000BSE_v6,Virtual Machines NCldsxlRTX6kv6 Windows,5.947,RTX PRO 6000
Azure,uksouth,Standard_NG32adms_V620,Virtual Machines NGadsV620v1 Series Windows,1.035989,Other
Azure,eastus2,Standard_NC64as_T4_v3,Virtual Machines NCasT4 v3 Series Windows,7.296,Other
Azure,polandcentral,Standard_NV18ads_A10_v5,Virtual Machines NVadsA10v5 Series Windows,2.908,A10
Azure,southeastus,Standard_ND96isrf_H100_v5,Virtual Machines NDsrf H100 v5 Series Windows,132.232,H100
Azure,israelcentral,Standard_NC24s_v3,Virtual Machines NCSv3 Series,3.108521,Other
Azure,eastus,Standard_NC256ds_xl_RTXPRO6000BSE_v6,Virtual Machines NCdsxlRTX6kv6,12.76,RTX PRO 6000
Azure,northeurope,Standard_NV8as_v4,Virtual Machines NVasv4 Series Windows,0.371,Other
Azure,jioindiawest,Standard_NV18ads_A10_v5,Virtual Machines NVadsA10v5 Series Windows,3.068,A10
Azure,francecentral,Standard_NC48ads_A100_v4,NCads A100 v4 Series Linux,9.183,A100
Azure,francecentral,Standard_NC24s_v3,Virtual Machines NCSv3 Series,2.864,Other
Azure,attatlanta1,Standard_NC16as_T4_v3,Virtual Machines NCasT4 v3 Series,0.421,Other
Azure,australiaeast,Standard_NC40ads_H100_v5,Virtual Machines NCadsH100v5 Series,2.024,H100
Azure,japaneast,Standard_NC24ads_A100_v4,NCads A100 v4 Series Windows,2.572,A100
Azure,southeastasia,Standard_NV18ads_A10_v5,Virtual Machines NVadsA10v5 Series,0.384384,A10
Azure,southcentralus,Standard_ND96is_flex_H100_v5,Virtual Machines NDsfH100v5 Series Windows,20.43925,H100
Azure,westus2,Standard_NV4as_v4,Virtual Machines NVasv4 Series Windows,0.167,Other
Azure,swedencentral,Standard_ND96amsr_A100_v4,Virtual Machines NDamsr A100 v4 Series Windows,11.79828,A100
Azure,eastus,Standard_NV12s_v3,Virtual Machines NVSv3 Series Windows,0.677,Other
Azure,northcentralus,Standard_NC12_Promo,Virtual Machines NC Promo Series Windows,1.344,Other
Azure,francecentral,Standard_NC24s_v3,Virtual Machines NCSv3 Series Windows,15.425,Other
Azure,uksouth,Standard_NC8as_T4_v3,Virtual Machines NCasT4 v3 Series,0.176,Other
Azure,koreacentral,Standard_NC24ads_A100_v4,NCads A100 v4 Series Linux,4.959,A100
Azure,northcentralus,Standard_NV28adms_V710_v5,Virtual Machines NVadsV710v5 Series Windows,1.667,Other
Azure,usgovvirginia,Standard_NV24s_v3,Virtual Machines NVSv3 Series Windows,0.730699,Other
Azure,westus,Standard_NC80adis_H100_v5,Virtual Machines NCadsH100v5 Series,3.63,H100
Azure,southcentralus,Standard_NV24ads_V710_v5,Virtual Machines NVadsV710v5 Series,2.4,Other
Azure,uksouth,Standard_NC24s_v3,Virtual Machines NCSv3 Series Windows,15.46,Other
Azure,jioindiawest,Standard_NC96ads_A100_v4,NCads A100 v4 Series Windows,9.994,A100
Azure,northcentralus,Standard_NC48ads_A100_v4,NCads A100 v4 Series Linux,1.629012,A100
Azure,canadacentral,Standard_NV72ads_A10_v5,Virtual Machines NVadsA10v5 Series,1.565,A10
Azure,northeurope,Standard_NC16as_T4_v3,Virtual Machines NCasT4 v3 Series Windows,1.354648,Other
Azure,centralus,Standard_NC24ads_A100_v4,NCads A100 v4 Series Windows,1.335041,A100
Azure,uaenorth,Standard_ND96isr_H100_v5,Virtual Machines NDsr H100 v5 Series Windows,26.798587,H100
Azure,italynorth,Standard_NV4as_v4,Virtual Machines NVasv4 Series Windows,0.08778,Other
Azure,uksouth,Standard_NV16as_v4,Virtual Machines NVasv4 Series,0.233,Other
Azure,westus,Standard_NC96ads_A100_v4,NCads A100 v4 Series Linux,3.94606,A100
Azure,eastus2,Standard_NC6s_v3,Virtual Machines NCSv3 Series Windows,3.3408,Other
Azure,westus2,Standard_NV12ads_A10_v5,Virtual Machines NVadsA10v5 Series Windows,0.584,A10
Azure,southcentralus,Standard_NP40s,Virtual Machines NP Series Windows,3.904,Other
Azure,eastus2,Standard_NC32lds_xl_RTXPRO6000BSE_v6,Virtual Machines NCldsxlRTX6kv6,1.243,RTX PRO 6000
Azure,eastus,Standard_NP40s,Virtual Machines NP Series Windows,8.44,Other
Azure,jioindiawest,Standard_NC12s_v3,Virtual Machines NCSv3 Series,8.468,Other
Azure,centralus,Standard_ND96isrf_H100_v5,Virtual Machines NDsrf H100 v5 Series,120.934,H100
Azure,northeurope,Standard_NV4as_v4,Virtual Machines NVasv4 Series Windows,0.464,Other
Azure,koreacentral,Standard_NC80adis_H100_v5,Virtual Machines NCadsH100v5 Series Windows,9.01,H100
Azure,uaenorth,Standard_NV12s_v3,Virtual Machines NVSv3 Series Windows,1.943,Other
Azure,southeastasia,Standard_NV24s_v3,Virtual Machines NVSv3 Series Windows,0.791683,Other
Azure,germanywestcentral,Standard_NC8as_T4_v3,Virtual Machines NCasT4 v3 Series,0.319636,Other
Azure,japanwest,Standard_NC4as_T4_v3,Virtual Machines NCasT4 v3 Series,0.22272,Other
Azure,japanwest,Standard_ND96isr_H100_v5,Virtual Machines NDsr H100 v5 Series Windows,28.978858,H100
Azure,westus3,Standard_NV36ads_A10_v5,Virtual Machines NVadsA10v5 Series,0.64,A10
Azure,uksouth,Standard_NC24_Promo,Virtual Machines NC Promo Series,2.257,Other
Azure,westus,Standard_NC320ds_xl_RTXPRO6000BSE_v6,Virtual Machines NCdsxlRTX6kv6,4.3128,RTX PRO 6000
Azure,eastus,Standard_NC32lds_xl_RTXPRO6000BSE_v6,Virtual Machines NCldsxlRTX6kv6,1.243,RTX PRO 6000
Azure,francecentral,Standard_NC8as_T4_v3,Virtual Machines NCasT4 v3 Series Windows,1.246,Other
Azure,westcentralus,Standard_ND96isr_MI300X_v5,Virtual Machines NDMI300Xv5 Srs Windows,24.806,MI300X
Azure,westus,Standard_NV36ads_A10_v5,Virtual Machines NVadsA10v5 Series,0.768768,A10
Azure,usgovvirginia,Standard_NV36adms_A10_v5,Virtual Machines NVadsA10v5 Series,1.13,A10
Azure,westus3,Standard_NC48ads_A100_v4,NCads A100 v4 Series Linux,1.469,A100
Azure,australiaeast,Standard_NC16as_T4_v3,Virtual Machines NCasT4 v3 Series,0.45385,Other
Azure,japaneast,Standard_NC24s_v3,Virtual Machines NCSv3 Series Windows,17.88,Other
Azure,centralus,Standard_ND96is_MI300X_v5,Virtual Machines NDMI300Xv5 Srs,59.041,MI300X
Azure,francecentral,Standard_NC24s_v3,Virtual Machines NCSv3 Series Windows,2.85054,Other
Azure,southcentralus,Standard_NV16as_v4,Virtual Machines NVasv4 Series,0.206606,Other
Azure,germanywestcentral,Standard_NV36ads_A10_v5,Virtual Machines NVadsA10v5 Series Windows,5.816,A10
Azure,southcentralus,Standard_NV8as_v4,Virtual Machines NVasv4 Series Windows,0.371,Other
Azure,swedencentral,Standard_NV18ads_A10_v5,Virtual Machines NVadsA10v5 Series,0.416,A10
Azure,australiaeast,Standard_NV24ads_V710_v5,Virtual Machines NVadsV710v5 Series Windows,0.8008,Other
Azure,eastus,Standard_ND96asr_A100_v4,Virtual Machines NDasr A100 v4 Series Windows,12.645,A100
Azure,usgovvirginia,Standard_ND96ams_A100_v4,Virtual Machines NDamsr A100 v4 Series Windows,45.378,A100
Azure,francecentral,Standard_ND96isr_MI300X_v5,Virtual Machines NDMI300Xv5 Srs,12.0,MI300X
Azure,northeurope,Standard_NC24ads_A100_v4,NCads A100 v4 Series Windows,5.512,A100
Azure,southeastasia,Standard_ND40rs_v2,Virtual Machines NDrSv2 Series,6.098,Other
Azure,chilecentral,Standard_NV16as_v4,Virtual Machines NVasv4 Series Windows,2.041,Other
Azure,northcentralus,Standard_NV28adms_V710_v5,Virtual Machines NVadsV710v5 Series,2.88,Other
Azure,southeastasia,Standard_NV12_Promo,Virtual Machines NV Promo Series Windows,2.46,Other
Azure,southcentralus,Standard_NC8ads_A10_v4,Virtual Machines NCadsA10v4 Series Windows,1.688,A10
Azure,switzerlandnorth,Standard_NV36ads_A10_v5,Virtual Machines NVadsA10v5 Series,0.845645,A10
Azure,koreasouth,Standard_ND96isr_MI300X_v5,Virtual Machines NDMI300Xv5 Srs,12.0,MI300X
Azure,centralus,Standard_ND96is_noIB_H100_v5,Virtual Machines NDsH100v5 Series Windows,20.929709,H100
Azure,westus3,Standard_NC12s_v3,Virtual Machines NCSv3 Series Windows,2.669,Other
Azure,malaysiawest,Standard_NV72ads_A10_v5,Virtual Machines NVadsA10v5 Series Windows,2.021712,A10
Azure,israelcentral,Standard_NC6s_v3,Virtual Machines NCSv3 Series,0.777084,Other
Azure,eastus,Standard_ND96asr_A100_v4,Virtual Machines NDasr A100 v4 Series,5.98334,A100
Azure,switzerlandnorth,Standard_NV18ads_A10_v5,Virtual Machines NVadsA10v5 Series Windows,3.116,A10
Azure,canadacentral,Standard_NC64as_T4_v3,Virtual Machines NCasT4 v3 Series Windows,7.764,Other
Azure,canadacentral,Standard_NV4as_v4,Virtual Machines NVasv4 Series,0.051744,Other
Azure,southcentralus,Standard_NC16ads_A10_v4,Virtual Machines NCadsA10v4 Series,0.528,A10
Azure,spaincentral,Standard_NV16as_v4,Virtual Machines NVasv4 Series,0.223978,Other
Azure,brazilsouth,Standard_NV12ads_A10_v5,Virtual Machines NVadsA10v5 Series,0.335597,A10
Azure,westus3,Standard_NC32ads_A10_v4,Virtual Machines NCadsA10v4 Series,4.4,A10
Azure,centralindia,Standard_NV36ads_A10_v5,Virtual Machines NVadsA10v5 Series,0.827904,A10
Azure,southcentralus,Standard_ND40s_v2,Virtual Machines NDSv2 Series,2.938,Other
Azure,centralindia,Standard_NC24rs_v3,Virtual Machines NCSv3 Series,3.442824,Other
Azure,southcentralus,Standard_NV4ads_V710_v5,Virtual Machines NVadsV710v5 Series,0.4,Other
Azure,brazilsouth,Standard_NV36adms_A10_v5,Virtual Machines NVadsA10v5 Series,1.670592,A10
Azure,polandcentral,Standard_NV36ads_A10_v5,Virtual Machines NVadsA10v5 Series,0.832,A10
Azure,japaneast,Standard_ND96isr_H100_v5,Virtual Machines NDsr H100 v5 Series Windows,27.161904,H100
Azure,westeurope,Standard_NC6s_v3,Virtual Machines NCSv3 Series Windows,0.757495,Other
Azure,southeastasia,Standard_NV8as_v4,Virtual Machines NVasv4 Series Windows,0.39,Other
Azure,eastus2,Standard_ND96is_flex_H100_v5,Virtual Machines NDsfH100v5 Series Windows,92.904,H100
Azure,francecentral,Standard_NC24s_v3,Virtual Machines NCSv3 Series,2.646521,Other
Azure,centralus,Standard_NC40ads_H100_v5,Virtual Machines NCadsH100v5 Series,1.77452,H100
Azure,westus,Standard_ND96is_flex_H100_v5,Virtual Machines NDsfH100v5 Series Windows,119.45,H100
Azure,westeurope,Standard_NG8ads_V620_v1,Virtual Machines NGadsV620v1 Series Windows,0.477,Other
Azure,australiaeast,Standard_NC12s_v3,Virtual Machines NCSv3 Series Windows,9.02,Other
Azure,westeurope,Standard_ND40rs_v2,Virtual Machines NDrSv2 Series Windows,11.746,Other
Azure,brazilsouth,Standard_NV18ads_A10_v5,Virtual Machines NVadsA10v5 Series Windows,1.611,A10
Azure,spaincentral,Standard_NV18ads_A10_v5,Virtual Machines NVadsA10v5 Series,2.08,A10
Azure,westus3,Standard_NC24ads_A100_v4,NCads A100 v4 Series Linux,0.735,A100
Azure,westus2,Standard_NC24_Promo,Virtual Machines NC Promo Series Windows,2.688,Other
Azure,australiacentral2,Standard_NC64as_T4_v3,Virtual Machines NCasT4 v3 Series Windows,1.28835,Other
Azure,southeastasia,Standard_NV6_Promo,Virtual Machines NV Promo Series Windows,1.23,Other
Azure,chilecentral,Standard_NV4as_v4,Virtual Machines NVasv4 Series,0.0652,Other
Azure,francecentral,Standard_ND96ams_A100_v4,Virtual Machines NDamsr A100 v4 Series Windows,18.151,A100
Azure,canadacentral,Standard_NV36adms_A10_v5,Virtual Machines NVadsA10v5 Series Windows,7.08,A10
Azure,jioindiacentral,Standard_NV12ads_A10_v5,Virtual Machines NVadsA10v5 Series,1.271,A10
Azure,eastus,Standard_NC24_Promo,Virtual Machines NC Promo Series,1.584,Other
Azure,westus3,Standard_ND96isr_MI300X_v5,Virtual Machines NDMI300Xv5 Srs Windows,20.966,MI300X
Azure,westus3,Standard_NC12s_v3,Virtual Machines NCSv3 Series Windows,6.672,Other
Azure,eastus2,Standard_NC24_Promo,Virtual Machines NC Promo Series,1.584,Other
Azure,italynorth,Standard_NV36ads_A10_v5,Virtual Machines NVadsA10v5 Series,0.832,A10
Azure,norwayeast,Standard_ND96amsr_A100_v4,Virtual Machines NDamsr A100 v4 Series Windows,51.277,A100
Azure,westus,Standard_ND96ams_A100_v4,Virtual Machines NDamsr A100 v4 Series Windows,18.807,A100
Azure,westus2,Standard_NC6s_v3,Virtual Machines NCSv3 Series,0.612,Other
Azure,francecentral,Standard_NV4as_v4,Virtual Machines NVasv4 Series,0.291,Other
Azure,eastus,Standard_NV6ads_A10_v5,Virtual Machines NVadsA10v5 Series,0.083899,A10
Azure,westeurope,Standard_NV24s_v3,Virtual Machines NVSv3 Series Windows,1.5816,Other
Azure,eastus,Standard_NC24s_v3,Virtual Machines NCSv3 Series Windows,2.465971,Other
Azure,centralindia,Standard_NV18ads_A10_v5,Virtual Machines NVadsA10v5 Series Windows,3.068,A10
Azure,centralus,Standard_ND96is_MI300X_v5,Virtual Machines NDMI300Xv5 Srs Windows,25.383,MI300X
Azure,qatarcentral,Standard_NV36adms_A10_v5,Virtual Machines NVadsA10v5 Series Windows,1.500576,A10
Azure,polandcentral,Standard_NV16as_v4,Virtual Machines NVasv4 Series Windows,0.351305,Other
Azure,northeurope,Standard_NC24rs_v3,Virtual Machines NCSv3 Series,2.908,Other
Azure,eastus,Standard_ND96is_flex_H100_v5,Virtual Machines NDsfH100v5 Series,88.488,H100
Azure,uksouth,Standard_NC6s_v3,Virtual Machines NCSv3 Series,0.718,Other
Azure,uaenorth,Standard_NV12s_v3,Virtual Machines NVSv3 Series Windows,0.359066,Other
Azure,mexicocentral,Standard_NV36adms_A10_v5,Virtual Machines NVadsA10v5 Series,4.989,A10
Azure,westus3,Standard_NC96ads_A100_v4,NCads A100 v4 Series Linux,14.692,A100
Azure,eastus,Standard_ND96isrf_H100_v5,Virtual Machines NDsrf H100 v5 Series,18.169536,H100
Azure,eastus2,Standard_NV32as_v4,Virtual Machines NVasv4 Series,1.864,Other
Azure,qatarcentral,Standard_NC6s_v3,Virtual Machines NCSv3 Series,0.842,Other
Azure,italynorth,Standard_NV32as_v4,Virtual Machines NVasv4 Series Windows,1.52,Other
Azure,southcentralus,Standard_NC80adis_H100_v5,Virtual Machines NCadsH100v5 Series,3.352,H100
Azure,attatlanta1,Standard_NV8as_v4,Virtual Machines NVasv4 Series,0.1632,Other
Azure,germanywestcentral,Standard_NC80adis_H100_v5,Virtual Machines NCadsH100v5 Series,18.148,H100
Azure,koreacentral,Standard_NV36ads_A10_v5,Virtual Machines NVadsA10v5 Series Windows,2.39,A10
Azure,centralus,Standard_NC16lds_xl_RTXPRO6000BSE_v6,Virtual Machines NCldsxlRTX6kv6 Windows,2.127,RTX PRO 6000
Azure,southafricanorth,Standard_NV36ads_A10_v5,Virtual Machines NVadsA10v5 Series Windows,2.531,A10
Azure,brazilsouth,Standard_NV18ads_A10_v5,Virtual Machines NVadsA10v5 Series Windows,4.028,A10
Azure,southeastasia,Standard_NC40ads_H100_v5,Virtual Machines NCadsH100v5 Series Windows,4.282654,H100
Azure,northeurope,Standard_NC6s_v3,Virtual Machines NCSv3 Series,0.610764,Other
Azure,westus,Standard_NC80adis_H100_v5,Virtual Machines NCadsH100v5 Series Windows,21.828,H100
Azure,northeurope,Standard_NC80adis_H100_v5,Virtual Machines NCadsH100v5 Series Windows,8.173,H100
Azure,northcentralus,Standard_NV24ads_V710_v5,Virtual Machines NVadsV710v5 Series,2.4,Other
Azure,usgovvirginia,Standard_NC4as_T4_v3,Virtual Machines NCasT4 v3 Series,0.658,Other
Azure,centralindia,Standard_NV24s_v3,Virtual Machines NVSv3 Series,0.589882,Other
Azure,koreacentral,Standard_NV36adms_A10_v5,Virtual Machines NVadsA10v5 Series Windows,3.103,A10
Azure,northeurope,Standard_NC16as_T4_v3,Virtual Machines NCasT4 v3 Series Windows,2.078,Other
Azure,swedencentral,Standard_NC40ads_H100_v5,Virtual Machines NCadsH100v5 Series Windows,4.366,H100
Azure,mexicocentral,Standard_NV36adms_A10_v5,Virtual Machines NVadsA10v5 Series Windows,1.227996,A10
Azure,southeastasia,Standard_NP10s,Virtual Machines NP Series,0.396396,Other
Azure,westus2,Standard_NV32as_v4,Virtual Machines NVasv4 Series Windows,3.336,Other
Azure,northcentralus,Standard_NC4as_T4_v3,Virtual Machines NCasT4 v3 Series,0.105,Other
Azure,westus2,Standard_NC64as_T4_v3,Virtual Machines NCasT4 v3 Series Windows,2.918,Other
Azure,japanwest,Standard_ND96ams_A100_v4,Virtual Machines NDamsr A100 v4 Series Linux,10.159,A100
Azure,southindia,Standard_ND96ams_A100_v4,Virtual Machines NDamsr A100 v4 Series Linux,9.897,A100
Azure,southeastasia,Standard_NC24ads_A100_v4,NCads A100 v4 Series Windows,1.086439,A100
Azure,chilecentral,Standard_NV16as_v4,Virtual Machines NVasv4 Series Windows,0.816,Other
Azure,francecentral,Standard_NC6s_v3,Virtual Machines NCSv3 Series Windows,3.856,Other
Azure,westus2,Standard_NC320lds_xl_RTXPRO6000BSE_v6,Virtual Machines NCldsxlRTX6kv6,2.86,RTX PRO 6000
Azure,polandcentral,Standard_NV12ads_A10_v5,Virtual Machines NVadsA10v5 Series,1.18,A10
Azure,koreacentral,Standard_NC8as_T4_v3,Virtual Machines NCasT4 v3 Series,0.185,Other
Azure,polandcentral,Standard_ND96amsr_A100_v4,Virtual Machines NDamsr A100 v4 Series Linux,12.1914,A100
Azure,brazilsouth,Standard_NC24rs_v3,Virtual Machines NCSv3 Series,5.386,Other
Azure,swedencentral,Standard_NV4as_v4,Virtual Machines NVasv4 Series,0.060245,Other
Azure,westus,Standard_NC8as_T4_v3,Virtual Machines NCasT4 v3 Series,0.26158,Other
Azure,westus2,Standard_NP10s,Virtual Machines NP Series,0.30492,Other
Azure,southcentralus,Standard_NV12ads_V710_v5,Virtual Machines NVadsV710v5 Series Windows,0.32377,Other
Azure,uksouth,Standard_ND96ams_A100_v4,Virtual Machines NDamsr A100 v4 Series Linux,40.962,A100
Azure,centralindia,Standard_NV8as_v4,Virtual Machines NVasv4 Series,0.13,Other
Azure,westus3,Standard_NG32adms_V620,Virtual Machines NGadsV620v1 Series,3.302,Other
Azure,southcentralus,Standard_NV8ads_V710_v5,Virtual Machines NVadsV710v5 Series Windows,0.215846,Other
Azure,spaincentral,Standard_NV12ads_A10_v5,Virtual Machines NVadsA10v5 Series Windows,1.732,A10
Azure,westeurope,Standard_NV48s_v3,Virtual Machines NVSv3 Series Windows,3.1632,Other
Azure,spaincentral,Standard_ND96isr_H100_v5,Virtual Machines NDsr H100 v5 Series,127.816,H100
Azure,polandcentral,Standard_NV36ads_A10_v5,Virtual Machines NVadsA10v5 Series Windows,1.074797,A10
Azure,westus3,Standard_ND96isr_H100_v5,Virtual Machines NDsr H100 v5 Series Windows,41.094,H100
Azure,usgovarizona,Standard_NV48s_v3,Virtual Machines NVSv3 Series,1.14,Other
Azure,westus3,Standard_NV18ads_A10_v5,Virtual Machines NVadsA10v5 Series Windows,2.428,A10
Azure,centralus,Standard_NC8as_T4_v3,Virtual Machines NCasT4 v3 Series Windows,0.487,Other
Azure,australiaeast,Standard_NV18ads_A10_v5,Virtual Machines NVadsA10v5 Series,2.32,A10
Azure,uaenorth,Standard_NV36ads_A10_v5,Virtual Machines NVadsA10v5 Series,0.915,A10
Azure,switzerlandnorth,Standard_NV12ads_A10_v5,Virtual Machines NVadsA10v5 Series,0.23987,A10
Azure,polandcentral,Standard_ND96is_flex_H100_v5,Virtual Machines NDsfH100v5 Series Windows,22.07436,H100
Azure,centralindia,Standard_NV6_Promo,Virtual Machines NV Promo Series Windows,1.307,Other
Azure,eastus,Standard_NC24s_v3,Virtual Machines NCSv3 Series,2.261952,Other
Azure,westeurope,Standard_NC64as_T4_v3,Virtual Machines NCasT4 v3 Series,1.088,Other
Azure,eastus2,Standard_NC128ds_xl_RTXPRO6000BSE_v6,Virtual Machines NCdsxlRTX6kv6 Windows,2.4536,RTX PRO 6000
Azure,attdallas1,Standard_NC16as_T4_v3,Virtual Machines NCasT4 v3 Series Windows,0.3042,Other
Azure,usgovvirginia,Standard_ND96ams_A100_v4,Virtual Machines NDamsr A100 v4 Series Windows,18.151,A100
Azure,southcentralus,Standard_NV24s_v3,Virtual Machines NVSv3 Series,0.505613,Other
Azure,eastus2,Standard_NV8as_v4,Virtual Machines NVasv4 Series,0.086117,Other
Azure,centralus,Standard_NC24ads_A100_v4,NCads A100 v4 Series Windows,5.254,A100
Azure,westus,Standard_NC6s_v3,Virtual Machines NCSv3 Series,0.796,Other
Azure,centralindia,Standard_NC8as_T4_v3,Virtual Machines NCasT4 v3 Series,0.827,Other
Azure,japaneast,Standard_NC24s_v3,Virtual Machines NCSv3 Series Windows,7.152,Other
Azure,malaysiawest,Standard_NC64as_T4_v3,Virtual Machines NCasT4 v3 Series,5.211,Other
Azure,southeastasia,Standard_NV12s_v3,Virtual Machines NVSv3 Series,0.293832,Other
Azure,swedencentral,Standard_NC16as_T4_v3,Virtual Machines NCasT4 v3 Series,0.37004,Other
Azure,ukwest,Standard_ND96ams_A100_v4,Virtual Machines NDamsr A100 v4 Series Windows,18.938,A100
Azure,norwayeast,Standard_NV24s_v3,Virtual Machines NVSv3 Series,3.135,Other
Azure,italynorth,Standard_NV36ads_A10_v5,Virtual Machines NVadsA10v5 Series Windows,5.816,A10
Azure,southeastasia,Standard_NC6s_v3,Virtual Machines NCSv3 Series Windows,1.804,Other
Azure,eastus,Standard_NV18ads_A10_v5,Virtual Machines NVadsA10v5 Series,1.6,A10
Azure,polandcentral,Standard_NV4as_v4,Virtual Machines NVasv4 Series Windows,0.19,Other
Azure,westus3,Standard_NC24rs_v3,Virtual Machines NCSv3 Series Windows,5.827,Other
Azure,attdallas1,Standard_NV8as_v4,Virtual Machines NVasv4 Series,0.979,Other
Azure,spaincentral,Standard_NV4ads_V710_v5,Virtual Machines NVadsV710v5 Series,0.080018,Other
Azure,chilecentral,Standard_NV4as_v4,Virtual Machines NVasv4 Series Windows,0.204,Other
Azure,polandcentral,Standard_NV16as_v4,Virtual Machines NVasv4 Series Windows,0.76,Other
Azure,australiaeast,Standard_NV18ads_A10_v5,Virtual Machines NVadsA10v5 Series,0.464,A10
Azure,spaincentral,Standard_NV36ads_A10_v5,Virtual Machines NVadsA10v5 Series,4.16,A10
Azure,southeastasia,Standard_ND40s_v2,Virtual Machines NDSv2 Series,4.318037,Other
Azure,polandcentral,Standard_NC96ads_A100_v4,NCads A100 v4 Series Windows,9.406,A100
Azure,eastus,Standard_ND96is_H100_v5,Virtual Machines NDsr H100 v5 Series,17.698,H100
Azure,westus2,Standard_NC40ads_H100_v5,Virtual Machines NCadsH100v5 Series,1.396,H100
Azure,northeurope,Standard_NC48ads_A100_v4,NCads A100 v4 Series Linux,1.79209,A100
Azure,eastus2,Standard_NV48s_v3,Virtual Machines NVSv3 Series,0.842688,Other
Azure,westus2,Standard_NC40ads_H100_v5,Virtual Machines NCadsH100v5 Series,6.282,H100
Azure,southeastasia,Standard_NV16as_v4,Virtual Machines NVasv4 Series Windows,1.948,Other
Azure,westeurope,Standard_NG8ads_V620_v1,Virtual Machines NGadsV620v1 Series Windows,0.220651,Other
Azure,centralus,Standard_NV36ads_A10_v5,Virtual Machines NVadsA10v5 Series,0.727373,A10
Azure,spaincentral,Standard_NC40ads_H100_v5,Virtual Machines NCadsH100v5 Series Windows,5.258365,H100
Azure,indonesiacentral,Standard_NV72ads_A10_v5,Virtual Machines NVadsA10v5 Series,7.987,A10
Azure,westus,Standard_NC256ds_xl_RTXPRO6000BSE_v6,Virtual Machines NCdsxlRTX6kv6,16.588,RTX PRO 6000
Azure,southindia,Standard_ND128isr_NDR_GB200_v6,Virtual Machines NDsrGB200NDRv6 Series,163.32,GB200
Azure,attdallas1,Standard_NV16as_v4,Virtual Machines NVasv4 Series,1.957,Other
Azure,northeurope,Standard_NC6s_v3,Virtual Machines NCSv3 Series Windows,0.661769,Other
Azure,spaincentral,Standard_ND96isrf_H100_v5,Virtual Machines NDsrf H100 v5 Series Windows,24.436474,H100
Azure,norwayeast,Standard_NV24s_v3,Virtual Machines NVSv3 Series Windows,1.696,Other
Azure,northeurope,Standard_NC8as_T4_v3,Virtual Machines NCasT4 v3 Series Windows,0.786191,Other
Azure,eastasia,Standard_NC24s_v3,Virtual Machines NCSv3 Series,18.972,Other
Azure,jioindiawest,Standard_NC24ads_A100_v4,NCads A100 v4 Series Windows,6.246,A100
Azure,northeurope,Standard_NV18ads_A10_v5,Virtual Machines NVadsA10v5 Series,1.92,A10
Azure,canadacentral,Standard_NP10s,Virtual Machines NP Series,0.365904,Other
Azure,francecentral,Standard_NV12ads_A10_v5,Virtual Machines NVadsA10v5 Series Windows,1.687,A10
Azure,southeastasia,Standard_NV12s_v3,Virtual Machines NVSv3 Series,1.59,Other
Azure,westus,Standard_NC4as_T4_v3,Virtual Machines NCasT4 v3 Series Windows,0.23635,Other
Azure,attdallas1,Standard_NV8ahs_v4,Virtual Machines NVasv4 VDI Series,0.274,Other
Azure,eastus,Standard_NC80adis_H100_v5,Virtual Machines NCadsH100v5 Series,2.792,H100
Azure,northcentralus,Standard_ND96is_H100_v5,Virtual Machines NDsr H100 v5 Series Windows,110.602,H100
Azure,northeurope,Standard_NC8as_T4_v3,Virtual Machines NCasT4 v3 Series,0.168,Other
Azure,indonesiacentral,Standard_NV18ads_A10_v5,Virtual Machines NVadsA10v5 Series,0.362208,A10
Azure,attatlanta1,Standard_NC16as_T4_v3,Virtual Machines NCasT4 v3 Series Windows,0.5684,Other
Azure,swedencentral,Standard_NC40ads_H100_v5,Virtual Machines NCadsH100v5 Series Windows,10.914,H100
Azure,eastus,Standard_NC64lds_xl_RTXPRO6000BSE_v6,Virtual Machines NCldsxlRTX6kv6,0.488,RTX PRO 6000
Azure,westus,Standard_NV6s_v2,Virtual Machines NVSv2 Series,0.153,Other
Azure,eastus2,Standard_NV24s_v3,Virtual Machines NVSv3 Series,2.28,Other
Azure,israelcentral,Standard_NV18ads_A10_v5,Virtual Machines NVadsA10v5 Series,0.422822,A10
Azure,eastus,Standard_NC6s_v3,Virtual Machines NCSv3 Series Windows,0.616493,Other
Azure,eastasia,Standard_NV18ads_A10_v5,Virtual Machines NVadsA10v5 Series,0.496,A10
Azure,uksouth,Standard_ND96isr_H100_v5,Virtual Machines NDsr H100 v5 Series Windows,23.527997,H100
Azure,northcentralus,Standard_NV4as_v4,Virtual Machines NVasv4 Series Windows,0.185,Other
Azure,malaysiawest,Standard_NV6ads_A10_v5,Virtual Machines NVadsA10v5 Series,0.098129,A10
Azure,australiaeast,Standard_NV8as_v4,Virtual Machines NVasv4 Series Windows,0.417,Other
Azure,southeastasia,Standard_ND96isr_H200_v5,Virtual Machines NDsrH200v5 Series Windows,114.656,H200
Azure,eastus,Standard_NV72ads_A10_v5,Virtual Machines NVadsA10v5 Series Windows,3.933,A10
Azure,germanywestcentral,Standard_NC24ads_A100_v4,NCads A100 v4 Series Windows,2.352,A100
Azure,northeurope,Standard_NC8as_T4_v3,Virtual Machines NCasT4 v3 Series,0.838,Other
Azure,israelcentral,Standard_NV36adms_A10_v5,Virtual Machines NVadsA10v5 Series Windows,8.12,A10
Azure,eastus2,Standard_NV48s_v3,Virtual Machines NVSv3 Series Windows,1.250726,Other
Azure,westus,Standard_ND96isr_MI300X_v5,Virtual Machines NDMI300Xv5 Srs Windows,12.431311,MI300X
Azure,southcentralus,Standard_NV4ads_V710_v5,Virtual Machines NVadsV710v5 Series Windows,0.234,Other
Azure,swedencentral,Standard_ND96is_H100_v5,Virtual Machines NDsr H100 v5 Series,23.007,H100
Azure,northcentralus,Standard_NV24ads_V710_v5,Virtual Machines NVadsV710v5 Series Windows,0.647539,Other
Azure,swedencentral,Standard_NG32ads_V620_v1,Virtual Machines NGadsV620v1 Series Windows,0.882235,Other
Azure,canadacentral,Standard_NC16as_T4_v3,Virtual Machines NCasT4 v3 Series,0.38744,Other
Azure,usgovvirginia,Standard_ND96asr_A100_v4,Virtual Machines NDasr A100 v4 Series,6.801,A100
Azure,westeurope,Standard_NC40ads_H100_v5,Virtual Machines NCadsH100v5 Series,9.08,H100
Azure,malaysiawest,Standard_NV12ads_A10_v5,Virtual Machines NVadsA10v5 Series,0.196258,A10
Azure,eastus2,Standard_NC12s_v3,Virtual Machines NCSv3 Series Windows,1.23476,Other
Azure,mexicocentral,Standard_NV16as_v4,Virtual Machines NVasv4 Series,0.18942,Other
Azure,eastus2,Standard_NC24s_v3,Virtual Machines NCSv3 Series,12.24,Other
Azure,mexicocentral,Standard_NV32as_v4,Virtual Machines NVasv4 Series,2.051,Other
Azure,jioindiacentral,Standard_NV18ads_A10_v5,Virtual Machines NVadsA10v5 Series,2.24,A10
Azure,westus3,Standard_NV36adms_A10_v5,Virtual Machines NVadsA10v5 Series,4.52,A10
Azure,switzerlandnorth,Standard_NC24s_v3,Virtual Machines NCSv3 Series Windows,7.17,Other
Azure,centralus,Standard_NC320lds_xl_RTXPRO6000BSE_v6,Virtual Machines NCldsxlRTX6kv6 Windows,6.4644,RTX PRO 6000
Azure,centralindia,Standard_NC6s_v3,Virtual Machines NCSv3 Series Windows,1.804,Other
Azure,northeurope,Standard_NC24_Promo,Virtual Machines NC Promo Series,1.711,Other
Azure,eastus,Standard_ND40s_v2,Virtual Machines NDSv2 Series Windows,13.16,Other
Azure,northcentralus,Standard_NV36adms_A10_v5,Virtual Machines NVadsA10v5 Series,1.002355,A10
Azure,italynorth,Standard_NV36ads_A10_v5,Virtual Machines NVadsA10v5 Series,4.16,A10
Azure,southindia,Standard_ND96ams_A100_v4,Virtual Machines NDamsr A100 v4 Series Linux,49.483,A100
Azure,westus2,Standard_NC32lds_xl_RTXPRO6000BSE_v6,Virtual Machines NCldsxlRTX6kv6 Windows,0.543,RTX PRO 6000
Azure,eastus2,Standard_ND96is_noIB_H100_v5,Virtual Machines NDsH100v5 Series Windows,17.168659,H100
Azure,southafricanorth,Standard_NV36ads_A10_v5,Virtual Machines NVadsA10v5 Series Windows,6.328,A10
Azure,mexicocentral,Standard_NV32as_v4,Virtual Machines NVasv4 Series Windows,1.409,Other
Azure,southcentralus,Standard_NV48s_v3,Virtual Machines NVSv3 Series,5.472,Other
Azure,japaneast,Standard_NC16as_T4_v3,Virtual Machines NCasT4 v3 Series,1.625,Other
Azure,japaneast,Standard_NV6ads_A10_v5,Virtual Machines NVadsA10v5 Series,0.658,A10
Azure,malaysiawest,Standard_NC80adis_H100_v5,Virtual Machines NCadsH100v5 Series Windows,8.005,H100
Azure,usgovvirginia,Standard_NV72ads_A10_v5,Virtual Machines NVadsA10v5 Series,1.63,A10
Azure,qatarcentral,Standard_NV12ads_A10_v5,Virtual Machines NVadsA10v5 Series Windows,1.85,A10
Azure,italynorth,Standard_NC64as_T4_v3,Virtual Machines NCasT4 v3 Series Windows,2.32725,Other
Azure,jioindiacentral,Standard_NC48ads_A100_v4,NCads A100 v4 Series Windows,4.997,A100
Azure,westus,Standard_NC32ds_xl_RTXPRO6000BSE_v6,Virtual Machines NCdsxlRTX6kv6,1.874,RTX PRO 6000
Azure,eastus,Standard_NC16as_T4_v3,Virtual Machines NCasT4 v3 Series,0.241,Other
Azure,eastus,Standard_NP10s,Virtual Machines NP Series Windows,0.844,Other
Azure,northeurope,Standard_NC320lds_xl_RTXPRO6000BSE_v6,Virtual Machines NCldsxlRTX6kv6 Windows,7.0364,RTX PRO 6000
Azure,northcentralus,Standard_ND96is_MI300X_v5,Virtual Machines NDMI300Xv5 Srs Windows,24.806,MI300X
Azure,northeurope,Standard_NM16ads_MA35D  ,Virtual Machines NMadsMA35D Series Windows,3.076,Other
Azure,centralus,Standard_NC16as_T4_v3,Virtual Machines NCasT4 v3 Series,0.806752,Other
Azure,eastus2,Standard_NC256ds_xl_RTXPRO6000BSE_v6,Virtual Machines NCdsxlRTX6kv6,2.552,RTX PRO 6000
Azure,westeurope,Standard_NV32as_v4,Virtual Machines NVasv4 Series,0.466,Other
Azure,westus2,Standard_NV18ads_A10_v5,Virtual Machines NVadsA10v5 Series,1.6,A10
Azure,eastus,Standard_NV4ads_V710_v5,Virtual Machines NVadsV710v5 Series Windows,0.207,Other
Azure,northeurope,Standard_NC32lds_xl_RTXPRO6000BSE_v6,Virtual Machines NCldsxlRTX6kv6,0.3558,RTX PRO 6000
Azure,swedencentral,Standard_ND96is_MI300X_v5,Virtual Machines NDMI300Xv5 Srs,67.2,MI300X
Azure,usgovvirginia,Standard_NV4as_v4,Virtual Machines NVasv4 Series,0.053777,Other
Azure,southcentralus,Standard_NV12s_v2,Virtual Machines NVSv2 Series,0.252806,Other
Azure,northcentralus,Standard_NV4ads_V710_v5,Virtual Machines NVadsV710v5 Series Windows,0.584,Other
Azure,centralus,Standard_NG32ads_V620_v1,Virtual Machines NGadsV620v1 Series Windows,0.848602,Other
Azure,centralindia,Standard_NC96ads_A100_v4,NCads A100 v4 Series Linux,20.569,A100
Azure,westeurope,Standard_NC80adis_H100_v5,Virtual Machines NCadsH100v5 Series Windows,8.736,H100
Azure,westeurope,Standard_NC32ads_A10_v4,Virtual Machines NCadsA10v4 Series,1.144,A10
Azure,japaneast,Standard_NC48ads_A100_v4,NCads A100 v4 Series Windows,2.49484,A100
Azure,westus3,Standard_NC8as_T4_v3,Virtual Machines NCasT4 v3 Series Windows,1.12,Other
Azure,eastus,Standard_NC64lds_xl_RTXPRO6000BSE_v6,Virtual Machines NCldsxlRTX6kv6 Windows,1.0768,RTX PRO 6000
Azure,attatlanta1,Standard_NC64as_T4_v3,Virtual Machines NCasT4 v3 Series Windows,2.1088,Other
Azure,australiaeast,Standard_NC64as_T4_v3,Virtual Machines NCasT4 v3 Series Windows,3.441,Other
Azure,koreacentral,Standard_NV4as_v4,Virtual Machines NVasv4 Series,0.0629,Other
Azure,brazilsouth,Standard_NC4as_T4_v3,Virtual Machines NCasT4 v3 Series Windows,0.31262,Other
Azure,attatlanta1,Standard_NV8ahs_v4,Virtual Machines NVasv4 VDI Series Windows,0.331,Other
Azure,southeastasia,Standard_NV32as_v4,Virtual Machines NVasv4 Series,0.485,Other
Azure,germanywestcentral,Standard_NV8as_v4,Virtual Machines NVasv4 Series,0.582,Other
Azure,eastus,Standard_NV16as_v4,Virtual Machines NVasv4 Series Windows,1.668,Other
Azure,japaneast,Standard_NV48s_v3,Virtual Machines NVSv3 Series Windows,1.575974,Other
Azure,southcentralus,Standard_NV12s_v3,Virtual Machines NVSv3 Series,0.252806,Other
Azure,eastus2,Standard_NV4as_v4,Virtual Machines NVasv4 Series,0.043058,Other
Azure,eastasia,Standard_ND40s_v2,Virtual Machines NDSv2 Series Windows,12.05,Other
Azure,japaneast,Standard_NC12s_v3,Virtual Machines NCSv3 Series Windows,8.94,Other
Azure,southeastasia,Standard_NC128ds_xl_RTXPRO6000BSE_v6,Virtual Machines NCdsxlRTX6kv6,8.932,RTX PRO 6000
Azure,westus2,Standard_NV72ads_A10_v5,Virtual Machines NVadsA10v5 Series Windows,3.933,A10
Azure,japaneast,Standard_NC12s_v3,Virtual Machines NCSv3 Series Windows,1.652112,Other
Azure,eastus2,Standard_NV4as_v4,Virtual Machines NVasv4 Series Windows,0.167,Other
Azure,southeastasia,Standard_NV12s_v3,Virtual Machines NVSv3 Series,0.318,Other
Azure,brazilsouth,Standard_ND96amsr_A100_v4,Virtual Machines NDamsr A100 v4 Series Windows,27.982,A100
Azure,usgovvirginia,Standard_NV12ads_A10_v5,Virtual Machines NVadsA10v5 Series,0.227,A10
Azure,eastus2,Standard_NC24r_Promo,Virtual Machines NC Promo Series,1.742,Other
Azure,switzerlandnorth,Standard_ND96amsr_A100_v4,Virtual Machines NDamsr A100 v4 Series Windows,51.277,A100
Azure,usgovvirginia,Standard_NC24rs_v3,Virtual Machines NCSv3 Series Windows,3.285005,Other
Azure,northeurope,Standard_NC40ads_H100_v5,Virtual Machines NCadsH100v5 Series,8.376,H100
Azure,eastus,Standard_NV32as_v4,Virtual Machines NVasv4 Series,1.864,Other
Azure,swedencentral,Standard_NC96ads_A100_v4,NCads A100 v4 Series Linux,3.82,A100
Azure,germanywestcentral,Standard_NV4as_v4,Virtual Machines NVasv4 Series,0.0582,Other
Azure,usgovarizona,Standard_NC12s_v3,Virtual Machines NCSv3 Series Windows,8.08,Other
Azure,polandcentral,Standard_NV18ads_A10_v5,Virtual Machines NVadsA10v5 Series,0.384384,A10
Azure,polandcentral,Standard_ND96isr_MI300X_v5,Virtual Machines NDMI300Xv5 Srs,73.92,MI300X
Azure,canadacentral,Standard_ND96amsr_A100_v4,Virtual Machines NDamsr A100 v4 Series Windows,43.74,A100
Azure,westeurope,Standard_NC24ads_A100_v4,NCads A100 v4 Series Windows,2.638495,A100
Azure,uksouth,Standard_NC40ads_H100_v5,Virtual Machines NCadsH100v5 Series Windows,3.894259,H100
Azure,southeastasia,Standard_NC96ads_A100_v4,NCads A100 v4 Series Windows,4.345757,A100
Azure,eastus,Standard_NV48s_v3,Virtual Machines NVSv3 Series Windows,1.250726,Other
Azure,centralindia,Standard_NC40ads_H100_v5,Virtual Machines NCadsH100v5 Series,9.772,H100
Azure,francecentral,Standard_ND96is_MI300X_v5,Virtual Machines NDMI300Xv5 Srs Windows,64.416,MI300X
Azure,spaincentral,Standard_ND96is_noIB_H100_v5,Virtual Machines NDsH100v5 Series Windows,22.07436,H100
Azure,westeurope,Standard_NV48s_v3,Virtual Machines NVSv3 Series,1.05336,Other
Azure,polandcentral,Standard_ND96is_noIB_H100_v5,Virtual Machines NDsH100v5 Series Windows,22.07436,H100
Azure,spaincentral,Standard_ND96isf_H100_v5,Virtual Machines NDsrf H100 v5 Series,115.034,H100
Azure,switzerlandnorth,Standard_NV6ads_A10_v5,Virtual Machines NVadsA10v5 Series Windows,0.925,A10
Azure,westus3,Standard_NV72ads_A10_v5,Virtual Machines NVadsA10v5 Series,1.204896,A10
Azure,centralindia,Standard_NV16as_v4,Virtual Machines NVasv4 Series Windows,0.377177,Other
Azure,usgovvirginia,Standard_NV18ads_A10_v5,Virtual Machines NVadsA10v5 Series,0.3696,A10
Azure,northeurope,Standard_NC24s_v3,Virtual Machines NCSv3 Series Windows,14.323,Other
Azure,eastus,Standard_NC64as_T4_v3,Virtual Machines NCasT4 v3 Series Windows,2.918,Other
Azure,northeurope,Standard_NC128lds_xl_RTXPRO6000BSE_v6,Virtual Machines NCldsxlRTX6kv6,7.87,RTX PRO 6000
Azure,southcentralus,Standard_NV24_Promo,Virtual Machines NV Promo Series Windows,3.864,Other
Azure,northcentralus,Standard_NV4as_v4,Virtual Machines NVasv4 Series Windows,0.085747,Other
Azure,japaneast,Standard_NV4as_v4,Virtual Machines NVasv4 Series Windows,0.096466,Other
Azure,westus2,Standard_NC16lds_xl_RTXPRO6000BSE_v6,Virtual Machines NCldsxlRTX6kv6 Windows,1.866,RTX PRO 6000
Azure,eastus2,Standard_NC64as_T4_v3,Virtual Machines NCasT4 v3 Series,3.10167,Other
Azure,westus2,Standard_NP20s,Virtual Machines NP Series Windows,4.22,Other
Azure,southeastasia,Standard_NC12s_v3,Virtual Machines NCSv3 Series,1.694,Other
Azure,centralindia,Standard_NC6s_v3,Virtual Machines NCSv3 Series Windows,4.51,Other
Azure,westus2,Standard_NV32as_v4,Virtual Machines NVasv4 Series Windows,1.334,Other
Azure,eastus,Standard_NC24s_v3,Virtual Machines NCSv3 Series,12.24,Other
Azure,swedencentral,Standard_NV16as_v4,Virtual Machines NVasv4 Series,1.305,Other
Azure,westus2,Standard_ND96asr_v4,Virtual Machines NDasr A100 v4 Series Windows,12.645,Other
Azure,eastus2,Standard_NC16as_T4_v3,Virtual Machines NCasT4 v3 Series Windows,1.389622,Other
Azure,westus3,Standard_ND96isr_H100_v5,Virtual Machines NDsr H100 v5 Series Windows,18.985613,H100
Azure,eastus,Standard_ND96is_H100_v5,Virtual Machines NDsr H100 v5 Series Windows,17.168659,H100
Azure,francecentral,Standard_NC4as_T4_v3,Virtual Machines NCasT4 v3 Series,0.123,Other
Azure,koreasouth,Standard_ND96is_MI300X_v5,Virtual Machines NDMI300Xv5 Srs,60.0,MI300X
Azure,westeurope,Standard_ND40rs_v2,Virtual Machines NDrSv2 Series,27.526,Other
Azure,canadacentral,Standard_ND96isr_H100_v5,Virtual Machines NDsr H100 v5 Series,23.597,H100
Azure,westeurope,Standard_NV4as_v4,Virtual Machines NVasv4 Series,0.0582,Other
Azure,jioindiawest,Standard_NC6s_v3,Virtual Machines NCSv3 Series,4.234,Other
Azure,usgovvirginia,Standard_NV6ads_A10_v5,Virtual Machines NVadsA10v5 Series Windows,0.337,A10
Azure,japaneast,Standard_NC4as_T4_v3,Virtual Machines NCasT4 v3 Series,0.2059,Other
Azure,southeastasia,Standard_NC32lds_xl_RTXPRO6000BSE_v6,Virtual Machines NCldsxlRTX6kv6,0.348,RTX PRO 6000
Azure,germanywestcentral,Standard_ND96is_MI300X_v5,Virtual Machines NDMI300Xv5 Srs Windows,12.347597,MI300X
Azure,southcentralus,Standard_NV4as_v4,Virtual Machines NVasv4 Series,0.0559,Other
Azure,westus,Standard_NV4ads_V710_v5,Virtual Machines NVadsV710v5 Series Windows,0.617,Other
Azure,eastus2,Standard_ND96is_MI300X_v5,Virtual Machines NDMI300Xv5 Srs Windows,9.686477,MI300X
Azure,switzerlandnorth,Standard_NV72ads_A10_v5,Virtual Machines NVadsA10v5 Series,1.865,A10
Azure,koreacentral,Standard_NC24ads_A100_v4,NCads A100 v4 Series Windows,1.120442,A100
Azure,uaecentral,Standard_ND96amsr_A100_v4,Virtual Machines NDamsr A100 v4 Series Windows,16.9871,A100
Azure,westeurope,Standard_NV48s_v3,Virtual Machines NVSv3 Series,5.7,Other
Azure,northeurope,Standard_NV36ads_A10_v5,Virtual Machines NVadsA10v5 Series,0.768,A10
Azure,westus2,Standard_NC40ads_H100_v5,Virtual Machines NCadsH100v5 Series Windows,8.82,H100
Azure,sgxsingapore1,Standard_NC8as_T4_v3,Virtual Machines NCasT4 v3 Series,1.841,Other
Azure,italynorth,Standard_NC16as_T4_v3,Virtual Machines NCasT4 v3 Series Windows,0.62176,Other
Azure,koreacentral,Standard_NC24rs_v3,Virtual Machines NCSv3 Series,3.726,Other
Azure,southafricanorth,Standard_NV12s_v3,Virtual Machines NVSv3 Series Windows,0.805,Other
Azure,northcentralus,Standard_NV6_Promo,Virtual Machines NV Promo Series,0.684,Other
Azure,japaneast,Standard_NC8as_T4_v3,Virtual Machines NCasT4 v3 Series Windows,0.553,Other
Azure,italynorth,Standard_ND96ams_A100_v4,Virtual Machines NDamsr A100 v4 Series Windows,45.378,A100
Azure,eastus,Standard_NV6ads_A10_v5,Virtual Machines NVadsA10v5 Series Windows,0.292,A10
Azure,swedencentral,Standard_NC64as_T4_v3,Virtual Machines NCasT4 v3 Series Windows,7.547,Other
Azure,norwaywest,Standard_NV48s_v3,Virtual Machines NVSv3 Series,1.506305,Other
Azure,westus2,Standard_NV12ads_A10_v5,Virtual Machines NVadsA10v5 Series Windows,0.269808,A10
Azure,westeurope,Standard_NC8ads_A10_v4,Virtual Machines NCadsA10v4 Series,0.264264,A10
Azure,uksouth,Standard_NV24_Promo,Virtual Machines NV Promo Series,3.605,Other
Azure,koreacentral,Standard_NV4as_v4,Virtual Machines NVasv4 Series Windows,0.199,Other
Azure,jioindiawest,Standard_NC24rs_v3,Virtual Machines NCSv3 Series,18.63,Other
Azure,southafricanorth,Standard_NV12ads_A10_v5,Virtual Machines NVadsA10v5 Series,0.265,A10
Azure,canadacentral,Standard_NC6s_v3,Virtual Machines NCSv3 Series Windows,0.673042,Other
Azure,attdallas1,Standard_NV16as_v4,Virtual Machines NVasv4 Series,0.3914,Other
Azure,westus,Standard_ND96isr_MI300X_v5,Virtual Machines NDMI300Xv5 Srs,12.571,MI300X
Azure,germanywestcentral,Standard_NV36adms_A10_v5,Virtual Machines NVadsA10v5 Series Windows,7.532,A10
Azure,southcentralus,Standard_NV24s_v2,Virtual Machines NVSv2 Series,2.736,Other
Azure,uksouth,Standard_NM16ads_MA35D  ,Virtual Machines NMadsMA35D Series Windows,1.269,Other
Azure,japaneast,Standard_NC12s_v3,Virtual Machines NCSv3 Series,8.388,Other
Azure,westeurope,Standard_ND40s_v2,Virtual Machines NDSv2 Series Windows,3.50196,Other
Azure,germanywestcentral,Standard_NV16as_v4,Virtual Machines NVasv4 Series,0.233,Other
Azure,uaenorth,Standard_ND96ams_A100_v4,Virtual Machines NDamsr A100 v4 Series Linux,46.861,A100
Azure,canadacentral,Standard_NV32as_v4,Virtual Machines NVasv4 Series Windows,0.685423,Other
Azure,westus2,Standard_ND96asr_v4,Virtual Machines NDasr A100 v4 Series,5.98334,Other
Azure,israelcentral,Standard_NV72ads_A10_v5,Virtual Machines NVadsA10v5 Series,1.723075,A10
Azure,eastus2,Standard_NV36adms_A10_v5,Virtual Machines NVadsA10v5 Series,0.904,A10
Azure,westcentralus,Standard_ND96is_H100_v5,Virtual Machines NDsr H100 v5 Series,106.186,H100
Azure,southcentralus,Standard_NC16as_T4_v3,Virtual Machines NCasT4 v3 Series,1.445,Other
Azure,eastus2,Standard_NV12ads_A10_v5,Virtual Machines NVadsA10v5 Series,0.908,A10
Azure,westus2,Standard_NV8as_v4,Virtual Machines NVasv4 Series,0.466,Other
Azure,westus3,Standard_NV72ads_A10_v5,Virtual Machines NVadsA10v5 Series Windows,1.816954,A10
Azure,francecentral,Standard_NC96ads_A100_v4,NCads A100 v4 Series Linux,3.393852,A100
Azure,japaneast,Standard_NC80adis_H100_v5,Virtual Machines NCadsH100v5 Series,14.57424,H100
Azure,westus,Standard_ND96is_MI300X_v5,Virtual Machines NDMI300Xv5 Srs Windows,67.269,MI300X
Azure,westeurope,Standard_NG8ads_V620_v1,Virtual Machines NGadsV620v1 Series,0.152645,Other
Azure,israelcentral,Standard_NV36adms_A10_v5,Virtual Machines NVadsA10v5 Series,6.464,A10
Azure,centralus,Standard_NC128ds_xl_RTXPRO6000BSE_v6,Virtual Machines NCdsxlRTX6kv6 Windows,13.741,RTX PRO 6000
Azure,eastus2,Standard_NV32as_v4,Virtual Machines NVasv4 Series,0.344467,Other
Azure,southcentralus,Standard_NC48ads_A100_v4,NCads A100 v4 Series Linux,8.815,A100
Azure,francecentral,Standard_NV8as_v4,Virtual Machines NVasv4 Series,0.582,Other
Azure,malaysiawest,Standard_NV6ads_A10_v5,Virtual Machines NVadsA10v5 Series Windows,0.323,A10
Azure,northeurope,Standard_NC64lds_xl_RTXPRO6000BSE_v6,Virtual Machines NCldsxlRTX6kv6,3.491,RTX PRO 6000
Azure,swedencentral,Standard_NG32adms_V620,Virtual Machines NGadsV620v1 Series,0.793346,Other
Azure,japaneast,Standard_NV12s_v3,Virtual Machines NVSv3 Series,0.316,Other
Azure,southcentralus,Standard_NC24_Promo,Virtual Machines NC Promo Series,1.901,Other
Azure,northcentralus,Standard_ND96is_flex_H100_v5,Virtual Machines NDsfH100v5 Series,19.623173,H100
Azure,koreasouth,Standard_ND128isrf_NDR_GB200_v6,Virtual Machines NDsrfGB200NDRv6 Series,124.4,GB200
Azure,usgovvirginia,Standard_NV16as_v4,Virtual Machines NVasv4 Series,0.233,Other
Azure,qatarcentral,Standard_NV18ads_A10_v5,Virtual Machines NVadsA10v5 Series,2.288,A10
Azure,eastus2,Standard_NC128lds_xl_RTXPRO6000BSE_v6,Virtual Machines NCldsxlRTX6kv6,5.5,RTX PRO 6000
Azure,polandcentral,Standard_NC64as_T4_v3,Virtual Machines NCasT4 v3 Series Windows,3.344,Other
Azure,southeastasia,Standard_NC320ds_xl_RTXPRO6000BSE_v6,Virtual Machines NCdsxlRTX6kv6 Windows,37.943,RTX PRO 6000
Azure,uksouth,Standard_NV8as_v4,Virtual Machines NVasv4 Series,0.582,Other
Azure,westeurope,Standard_NG32ads_V620_v1,Virtual Machines NGadsV620v1 Series Windows,1.91,Other
Azure,westus2,Standard_NC12s_v3,Virtual Machines NCSv3 Series Windows,2.669,Other
Azure,canadacentral,Standard_NP10s,Virtual Machines NP Series Windows,0.976,Other
Azure,northeurope,Standard_NC320ds_xl_RTXPRO6000BSE_v6,Virtual Machines NCdsxlRTX6kv6,4.7472,RTX PRO 6000
Azure,westeurope,Standard_NG32adms_V620,Virtual Machines NGadsV620v1 Series Windows,1.130516,Other
Azure,centralus,Standard_NC4as_T4_v3,Virtual Machines NCasT4 v3 Series Windows,0.311,Other
Azure,northcentralus,Standard_NV12ads_A10_v5,Virtual Machines NVadsA10v5 Series,1.09,A10
Azure,westus2,Standard_NV48s_v3,Virtual Machines NVSv3 Series,4.56,Other
Azure,israelcentral,Standard_NC24s_v3,Virtual Machines NCSv3 Series,16.821,Other
Azure,germanywestcentral,Standard_NV32as_v4,Virtual Machines NVasv4 Series Windows,1.521,Other
Azure,switzerlandwest,Standard_ND96ams_A100_v4,Virtual Machines NDamsr A100 v4 Series Windows,26.134,A100
Azure,australiaeast,Standard_NC96ads_A100_v4,NCads A100 v4 Series Linux,21.303,A100
Azure,spaincentral,Standard_ND96isr_H100_v5,Virtual Machines NDsr H100 v5 Series,25.563,H100
Azure,eastus2,Standard_NG32adms_V620,Virtual Machines NGadsV620v1 Series Windows,4.774,Other
Azure,francecentral,Standard_NC16as_T4_v3,Virtual Machines NCasT4 v3 Series,1.407,Other
Azure,australiaeast,Standard_NC96ads_A100_v4,NCads A100 v4 Series Windows,25.719,A100
Azure,japaneast,Standard_NC6s_v3,Virtual Machines NCSv3 Series,0.775051,Other
Azure,westus3,Standard_ND96is_MI300X_v5,Virtual Machines NDMI300Xv5 Srs,9.6,MI300X
Azure,centralindia,Standard_NV12_Promo,Virtual Machines NV Promo Series Windows,2.614,Other
Azure,eastus,Standard_NV16as_v4,Virtual Machines NVasv4 Series,0.186,Other
Azure,brazilsouth,Standard_ND96ams_A100_v4,Virtual Machines NDamsr A100 v4 Series Linux,17.0404,A100
Azure,germanywestcentral,Standard_NV4as_v4,Virtual Machines NVasv4 Series Windows,0.08778,Other
Azure,malaysiawest,Standard_NC4as_T4_v3,Virtual Machines NCasT4 v3 Series,0.631,Other
Azure,italynorth,Standard_NV36adms_A10_v5,Virtual Machines NVadsA10v5 Series Windows,7.532,A10
Azure,koreasouth,Standard_ND96is_MI300X_v5,Virtual Machines NDMI300Xv5 Srs,11.088,MI300X
Azure,centralus,Standard_NV12ads_A10_v5,Virtual Machines NVadsA10v5 Series Windows,1.669,A10
Azure,eastus2,Standard_NC64lds_xl_RTXPRO6000BSE_v6,Virtual Machines NCldsxlRTX6kv6,0.488,RTX PRO 6000
Azure,southindia,Standard_NC64as_T4_v3,Virtual Machines NCasT4 v3 Series,6.123,Other
Azure,mexicocentral,Standard_NV16as_v4,Virtual Machines NVasv4 Series,1.025,Other
Azure,francecentral,Standard_NC8as_T4_v3,Virtual Machines NCasT4 v3 Series,0.878,Other
Azure,swedencentral,Standard_NC24ads_A100_v4,NCads A100 v4 Series Windows,2.352,A100
Azure,jioindiacentral,Standard_NC24ads_A100_v4,NCads A100 v4 Series Linux,5.142,A100
Azure,westus2,Standard_NV24s_v3,Virtual Machines NVSv3 Series,0.421344,Other
Azure,canadacentral,Standard_NV12ads_A10_v5,Virtual Machines NVadsA10v5 Series Windows,0.303442,A10
Azure,polandcentral,Standard_NV32as_v4,Virtual Machines NVasv4 Series Windows,0.70261,Other
Azure,qatarcentral,Standard_NV6ads_A10_v5,Virtual Machines NVadsA10v5 Series,0.13,A10
Azure,italynorth,Standard_NV18ads_A10_v5,Virtual Machines NVadsA10v5 Series,2.08,A10
Azure,centralus,Standard_NC4as_T4_v3,Virtual Machines NCasT4 v3 Series,0.594,Other
Azure,southeastasia,Standard_NV12ads_A10_v5,Virtual Machines NVadsA10v5 Series,0.218064,A10
Azure,germanywestcentral,Standard_NV32as_v4,Virtual Machines NVasv4 Series,2.33,Other
Azure,australiaeast,Standard_NC40ads_H100_v5,Virtual Machines NCadsH100v5 Series Windows,11.961,H100
Azure,eastus,Standard_NV4ads_V710_v5,Virtual Machines NVadsV710v5 Series Windows,0.517,Other
Azure,australiasoutheast,Standard_ND96isr_MI300X_v5,Virtual Machines NDMI300Xv5 Srs Windows,13.234637,MI300X
Azure,uaenorth,Standard_NC80adis_H100_v5,Virtual Machines NCadsH100v5 Series,19.96,H100
Azure,westus,Standard_NC128ds_xl_RTXPRO6000BSE_v6,Virtual Machines NCdsxlRTX6kv6 Windows,14.182,RTX PRO 6000
Azure,eastus,Standard_NV18ads_A10_v5,Virtual Machines NVadsA10v5 Series Windows,0.971,A10
Azure,canadacentral,Standard_NP20s,Virtual Machines NP Series Windows,4.88,Other
Azure,germanywestcentral,Standard_NV6ads_A10_v5,Virtual Machines NVadsA10v5 Series,0.59,A10
Azure,usgovvirginia,Standard_NC24s_v3,Virtual Machines NCSv3 Series Windows,2.986368,Other
Azure,eastus2,Standard_NC16as_T4_v3,Virtual Machines NCasT4 v3 Series,1.204,Other
Azure,jioindiacentral,Standard_NV36adms_A10_v5,Virtual Machines NVadsA10v5 Series,6.328,A10
Azure,westus,Standard_NC6s_v3,Virtual Machines NCSv3 Series Windows,0.786139,Other
Azure,southcentralus,Standard_ND96asr_v4,Virtual Machines NDasr A100 v4 Series Windows,14.819,Other
Azure,southeastasia,Standard_NC16lds_xl_RTXPRO6000BSE_v6,Virtual Machines NCldsxlRTX6kv6,1.582,RTX PRO 6000
Azure,westus,Standard_ND96isr_MI300X_v5,Virtual Machines NDMI300Xv5 Srs Windows,26.908,MI300X
Azure,westus2,Standard_NC6s_v3,Virtual Machines NCSv3 Series Windows,0.616493,Other
Azure,westus,Standard_NV12s_v3,Virtual Machines NVSv3 Series,0.210672,Other
Azure,northcentralus,Standard_NV18ads_A10_v5,Virtual Machines NVadsA10v5 Series,0.354816,A10
Azure,centralindia,Standard_NV18ads_A10_v5,Virtual Machines NVadsA10v5 Series,0.413952,A10
Azure,uaenorth,Standard_ND96isr_MI300X_v5,Virtual Machines NDMI300Xv5 Srs Windows,29.222,MI300X
Azure,koreacentral,Standard_NC96ads_A100_v4,NCads A100 v4 Series Windows,4.4814,A100
Azure,switzerlandnorth,Standard_ND96isr_H100_v5,Virtual Machines NDsr H100 v5 Series Windows,26.798587,H100
Azure,southcentralus,Standard_ND96isr_H100_v5,Virtual Machines NDsr H100 v5 Series Windows,22.616563,H100
Azure,westus2,Standard_ND96asr_v4,Virtual Machines NDasr A100 v4 Series Windows,31.613,Other
Azure,canadacentral,Standard_ND96isr_MI300X_v5,Virtual Machines NDMI300Xv5 Srs,11.52,MI300X
Azure,italynorth,Standard_NC64as_T4_v3,Virtual Machines NCasT4 v3 Series Windows,8.025,Other
Azure,westus,Standard_NV6ads_A10_v5,Virtual Machines NVadsA10v5 Series,0.109032,A10
Azure,swedencentral,Standard_NG16ads_V620_v1,Virtual Machines NGadsV620v1 Series,1.651,Other
Azure,southafricanorth,Standard_ND96isr_H100_v5,Virtual Machines NDsr H100 v5 Series,33.734,H100
