snapshot_date,provider,region,sku,gpu_model,gpu_count,price_type,price_usd_hour,price_usd_per_gpu_hour,source
2026-08-17,AWS,af-south-1,g4dn.12xlarge,T4,4.0,ondemand,5.19,1.2975,instances.vantage.sh (AWS Price List mirror)
2026-08-17,AWS,af-south-1,g4dn.12xlarge,T4,4.0,spot,0.519,0.12975,instances.vantage.sh (AWS Price List mirror)
2026-08-17,AWS,af-south-1,g4dn.16xlarge,T4,1.0,ondemand,5.774,5.774,instances.vantage.sh (AWS Price List mirror)
2026-08-17,AWS,af-south-1,g4dn.16xlarge,T4,1.0,spot,0.5774,0.5774,instances.vantage.sh (AWS Price List mirror)
2026-08-17,AWS,af-south-1,g4dn.2xlarge,T4,1.0,ondemand,0.998,0.998,instances.vantage.sh (AWS Price List mirror)
2026-08-17,AWS,af-south-1,g4dn.2xlarge,T4,1.0,spot,0.15968,0.15968,instances.vantage.sh (AWS Price List mirror)
2026-08-17,AWS,af-south-1,g4dn.4xlarge,T4,1.0,ondemand,1.597,1.597,instances.vantage.sh (AWS Price List mirror)
2026-08-17,AWS,af-south-1,g4dn.4xlarge,T4,1.0,spot,0.35134,0.35134,instances.vantage.sh (AWS Price List mirror)
2026-08-17,AWS,af-south-1,g4dn.8xlarge,T4,1.0,ondemand,2.887,2.887,instances.vantage.sh (AWS Price List mirror)
2026-08-17,AWS,af-south-1,g4dn.8xlarge,T4,1.0,spot,0.31757,0.31757,instances.vantage.sh (AWS Price List mirror)
2026-08-17,AWS,af-south-1,g4dn.metal,T4,8.0,ondemand,10.381,1.297625,instances.vantage.sh (AWS Price List mirror)
2026-08-17,AWS,af-south-1,g4dn.metal,T4,8.0,spot,9.44671,1.18083875,instances.vantage.sh (AWS Price List mirror)
2026-08-17,AWS,af-south-1,g4dn.xlarge,T4,1.0,ondemand,0.698,0.698,instances.vantage.sh (AWS Price List mirror)
2026-08-17,AWS,af-south-1,g4dn.xlarge,T4,1.0,spot,0.16054,0.16054,instances.vantage.sh (AWS Price List mirror)
2026-08-17,AWS,af-south-1-los-1,g4dn.2xlarge,T4,1.0,ondemand,1.247,1.247,instances.vantage.sh (AWS Price List mirror)
2026-08-17,AWS,ap-east-1,g4dn.12xlarge,T4,4.0,ondemand,6.024,1.506,instances.vantage.sh (AWS Price List mirror)
2026-08-17,AWS,ap-east-1,g4dn.12xlarge,T4,4.0,spot,3.3132,0.8283,instances.vantage.sh (AWS Price List mirror)
2026-08-17,AWS,ap-east-1,g4dn.16xlarge,T4,1.0,ondemand,6.702,6.702,instances.vantage.sh (AWS Price List mirror)
2026-08-17,AWS,ap-east-1,g4dn.16xlarge,T4,1.0,spot,0.6702,0.6702,instances.vantage.sh (AWS Price List mirror)
2026-08-17,AWS,ap-east-1,g4dn.2xlarge,T4,1.0,ondemand,1.158,1.158,instances.vantage.sh (AWS Price List mirror)
2026-08-17,AWS,ap-east-1,g4dn.2xlarge,T4,1.0,spot,0.30108,0.30108,instances.vantage.sh (AWS Price List mirror)
2026-08-17,AWS,ap-east-1,g4dn.4xlarge,T4,1.0,ondemand,1.854,1.854,instances.vantage.sh (AWS Price List mirror)
2026-08-17,AWS,ap-east-1,g4dn.4xlarge,T4,1.0,spot,0.31518,0.31518,instances.vantage.sh (AWS Price List mirror)
2026-08-17,AWS,ap-east-1,g4dn.8xlarge,T4,1.0,ondemand,3.351,3.351,instances.vantage.sh (AWS Price List mirror)
2026-08-17,AWS,ap-east-1,g4dn.8xlarge,T4,1.0,spot,0.40212,0.40212,instances.vantage.sh (AWS Price List mirror)
2026-08-17,AWS,ap-east-1,g4dn.metal,T4,8.0,ondemand,12.048,1.506,instances.vantage.sh (AWS Price List mirror)
2026-08-17,AWS,ap-east-1,g4dn.metal,T4,8.0,spot,7.8312,0.9789,instances.vantage.sh (AWS Price List mirror)
2026-08-17,AWS,ap-east-1,g4dn.xlarge,T4,1.0,ondemand,0.81,0.81,instances.vantage.sh (AWS Price List mirror)
2026-08-17,AWS,ap-east-1,g4dn.xlarge,T4,1.0,spot,0.162,0.162,instances.vantage.sh (AWS Price List mirror)
2026-08-17,AWS,ap-east-1,g5.12xlarge,A10G,4.0,ondemand,8.7324,2.1831,instances.vantage.sh (AWS Price List mirror)
2026-08-17,AWS,ap-east-1,g5.12xlarge,A10G,4.0,spot,1.833804,0.458451,instances.vantage.sh (AWS Price List mirror)
2026-08-17,AWS,ap-east-1,g5.16xlarge,A10G,1.0,ondemand,6.30605,6.30605,instances.vantage.sh (AWS Price List mirror)
2026-08-17,AWS,ap-east-1,g5.16xlarge,A10G,1.0,spot,1.450392,1.450392,instances.vantage.sh (AWS Price List mirror)
2026-08-17,AWS,ap-east-1,g5.24xlarge,A10G,4.0,ondemand,12.5382,3.13455,instances.vantage.sh (AWS Price List mirror)
2026-08-17,AWS,ap-east-1,g5.24xlarge,A10G,4.0,spot,11.409762,2.8524405,instances.vantage.sh (AWS Price List mirror)
2026-08-17,AWS,ap-east-1,g5.2xlarge,A10G,1.0,ondemand,1.86595,1.86595,instances.vantage.sh (AWS Price List mirror)
2026-08-17,AWS,ap-east-1,g5.2xlarge,A10G,1.0,spot,0.410509,0.410509,instances.vantage.sh (AWS Price List mirror)
2026-08-17,AWS,ap-east-1,g5.48xlarge,A10G,8.0,ondemand,25.0764,3.13455,instances.vantage.sh (AWS Price List mirror)
2026-08-17,AWS,ap-east-1,g5.48xlarge,A10G,8.0,spot,12.5382,1.567275,instances.vantage.sh (AWS Price List mirror)
2026-08-17,AWS,ap-east-1,g5.4xlarge,A10G,1.0,ondemand,2.50025,2.50025,instances.vantage.sh (AWS Price List mirror)
2026-08-17,AWS,ap-east-1,g5.4xlarge,A10G,1.0,spot,2.10021,2.10021,instances.vantage.sh (AWS Price List mirror)
2026-08-17,AWS,ap-east-1,g5.8xlarge,A10G,1.0,ondemand,3.76885,3.76885,instances.vantage.sh (AWS Price List mirror)
2026-08-17,AWS,ap-east-1,g5.8xlarge,A10G,1.0,spot,1.055278,1.055278,instances.vantage.sh (AWS Price List mirror)
2026-08-17,AWS,ap-east-1,g5.xlarge,A10G,1.0,ondemand,1.5488,1.5488,instances.vantage.sh (AWS Price List mirror)
2026-08-17,AWS,ap-east-1,g5.xlarge,A10G,1.0,spot,0.3872,0.3872,instances.vantage.sh (AWS Price List mirror)
2026-08-17,AWS,ap-northeast-1,g2.2xlarge,K520,1.0,ondemand,0.898,0.898,instances.vantage.sh (AWS Price List mirror)
2026-08-17,AWS,ap-northeast-1,g2.8xlarge,K520,4.0,ondemand,3.592,0.898,instances.vantage.sh (AWS Price List mirror)
2026-08-17,AWS,ap-northeast-1,g3.16xlarge,M60,4.0,ondemand,6.32,1.58,instances.vantage.sh (AWS Price List mirror)
2026-08-17,AWS,ap-northeast-1,g3.4xlarge,M60,1.0,ondemand,1.58,1.58,instances.vantage.sh (AWS Price List mirror)
2026-08-17,AWS,ap-northeast-1,g3.8xlarge,M60,2.0,ondemand,3.16,1.58,instances.vantage.sh (AWS Price List mirror)
2026-08-17,AWS,ap-northeast-1,g3s.xlarge,M60,1.0,ondemand,1.04,1.04,instances.vantage.sh (AWS Price List mirror)
2026-08-17,AWS,ap-northeast-1,g4ad.16xlarge,V520,4.0,ondemand,4.68,1.17,instances.vantage.sh (AWS Price List mirror)
2026-08-17,AWS,ap-northeast-1,g4ad.16xlarge,V520,4.0,spot,2.2523,0.563075,instances.vantage.sh (AWS Price List mirror)
2026-08-17,AWS,ap-northeast-1,g4ad.2xlarge,V520,1.0,ondemand,0.7303,0.7303,instances.vantage.sh (AWS Price List mirror)
2026-08-17,AWS,ap-northeast-1,g4ad.2xlarge,V520,1.0,spot,0.2632,0.2632,instances.vantage.sh (AWS Price List mirror)
2026-08-17,AWS,ap-northeast-1,g4ad.4xlarge,V520,1.0,ondemand,1.17,1.17,instances.vantage.sh (AWS Price List mirror)
2026-08-17,AWS,ap-northeast-1,g4ad.4xlarge,V520,1.0,spot,0.6373,0.6373,instances.vantage.sh (AWS Price List mirror)
2026-08-17,AWS,ap-northeast-1,g4ad.8xlarge,V520,2.0,ondemand,2.34,1.17,instances.vantage.sh (AWS Price List mirror)
2026-08-17,AWS,ap-northeast-1,g4ad.8xlarge,V520,2.0,spot,0.927533,0.4637665,instances.vantage.sh (AWS Price List mirror)
2026-08-17,AWS,ap-northeast-1,g4ad.xlarge,V520,1.0,ondemand,0.51082,0.51082,instances.vantage.sh (AWS Price List mirror)
2026-08-17,AWS,ap-northeast-1,g4ad.xlarge,V520,1.0,spot,0.236933,0.236933,instances.vantage.sh (AWS Price List mirror)
2026-08-17,AWS,ap-northeast-1,g4dn.12xlarge,T4,4.0,ondemand,5.281,1.32025,instances.vantage.sh (AWS Price List mirror)
2026-08-17,AWS,ap-northeast-1,g4dn.12xlarge,T4,4.0,spot,2.4992,0.6248,instances.vantage.sh (AWS Price List mirror)
2026-08-17,AWS,ap-northeast-1,g4dn.16xlarge,T4,1.0,ondemand,5.875,5.875,instances.vantage.sh (AWS Price List mirror)
2026-08-17,AWS,ap-northeast-1,g4dn.16xlarge,T4,1.0,spot,1.385233,1.385233,instances.vantage.sh (AWS Price List mirror)
2026-08-17,AWS,ap-northeast-1,g4dn.2xlarge,T4,1.0,ondemand,1.015,1.015,instances.vantage.sh (AWS Price List mirror)
2026-08-17,AWS,ap-northeast-1,g4dn.2xlarge,T4,1.0,spot,0.460333,0.460333,instances.vantage.sh (AWS Price List mirror)
2026-08-17,AWS,ap-northeast-1,g4dn.4xlarge,T4,1.0,ondemand,1.625,1.625,instances.vantage.sh (AWS Price List mirror)
2026-08-17,AWS,ap-northeast-1,g4dn.4xlarge,T4,1.0,spot,0.578633,0.578633,instances.vantage.sh (AWS Price List mirror)
2026-08-17,AWS,ap-northeast-1,g4dn.8xlarge,T4,1.0,ondemand,2.938,2.938,instances.vantage.sh (AWS Price List mirror)
2026-08-17,AWS,ap-northeast-1,g4dn.8xlarge,T4,1.0,spot,1.039867,1.039867,instances.vantage.sh (AWS Price List mirror)
2026-08-17,AWS,ap-northeast-1,g4dn.metal,T4,8.0,ondemand,10.562,1.32025,instances.vantage.sh (AWS Price List mirror)
2026-08-17,AWS,ap-northeast-1,g4dn.metal,T4,8.0,spot,3.864767,0.483095875,instances.vantage.sh (AWS Price List mirror)
2026-08-17,AWS,ap-northeast-1,g4dn.xlarge,T4,1.0,ondemand,0.71,0.71,instances.vantage.sh (AWS Price List mirror)
2026-08-17,AWS,ap-northeast-1,g4dn.xlarge,T4,1.0,spot,0.278333,0.278333,instances.vantage.sh (AWS Price List mirror)
2026-08-17,AWS,ap-northeast-1,g5.12xlarge,A10G,4.0,ondemand,8.22609,2.0565225,instances.vantage.sh (AWS Price List mirror)
2026-08-17,AWS,ap-northeast-1,g5.12xlarge,A10G,4.0,spot,2.7908,0.6977,instances.vantage.sh (AWS Price List mirror)
2026-08-17,AWS,ap-northeast-1,g5.16xlarge,A10G,1.0,ondemand,5.94042,5.94042,instances.vantage.sh (AWS Price List mirror)
2026-08-17,AWS,ap-northeast-1,g5.16xlarge,A10G,1.0,spot,1.4614,1.4614,instances.vantage.sh (AWS Price List mirror)
2026-08-17,AWS,ap-northeast-1,g5.24xlarge,A10G,4.0,ondemand,11.81123,2.9528075,instances.vantage.sh (AWS Price List mirror)
2026-08-17,AWS,ap-northeast-1,g5.24xlarge,A10G,4.0,spot,11.8112,2.9528,instances.vantage.sh (AWS Price List mirror)
2026-08-17,AWS,ap-northeast-1,g5.2xlarge,A10G,1.0,ondemand,1.75776,1.75776,instances.vantage.sh (AWS Price List mirror)
2026-08-17,AWS,ap-northeast-1,g5.2xlarge,A10G,1.0,spot,0.7525,0.7525,instances.vantage.sh (AWS Price List mirror)
2026-08-17,AWS,ap-northeast-1,g5.48xlarge,A10G,8.0,ondemand,23.62246,2.9528075,instances.vantage.sh (AWS Price List mirror)
2026-08-17,AWS,ap-northeast-1,g5.48xlarge,A10G,8.0,spot,16.86055,2.10756875,instances.vantage.sh (AWS Price List mirror)
2026-08-17,AWS,ap-northeast-1,g5.4xlarge,A10G,1.0,ondemand,2.35528,2.35528,instances.vantage.sh (AWS Price List mirror)
2026-08-17,AWS,ap-northeast-1,g5.4xlarge,A10G,1.0,spot,0.91635,0.91635,instances.vantage.sh (AWS Price List mirror)
2026-08-17,AWS,ap-northeast-1,g5.8xlarge,A10G,1.0,ondemand,3.55033,3.55033,instances.vantage.sh (AWS Price List mirror)
2026-08-17,AWS,ap-northeast-1,g5.8xlarge,A10G,1.0,spot,1.2047,1.2047,instances.vantage.sh (AWS Price List mirror)
2026-08-17,AWS,ap-northeast-1,g5.xlarge,A10G,1.0,ondemand,1.459,1.459,instances.vantage.sh (AWS Price List mirror)
2026-08-17,AWS,ap-northeast-1,g5.xlarge,A10G,1.0,spot,0.85655,0.85655,instances.vantage.sh (AWS Price List mirror)
2026-08-17,AWS,ap-northeast-1,g5g.16xlarge,T4G,2.0,ondemand,3.7039,1.85195,instances.vantage.sh (AWS Price List mirror)
2026-08-17,AWS,ap-northeast-1,g5g.16xlarge,T4G,2.0,spot,0.5775,0.28875,instances.vantage.sh (AWS Price List mirror)
2026-08-17,AWS,ap-northeast-1,g5g.2xlarge,T4G,1.0,ondemand,0.7505,0.7505,instances.vantage.sh (AWS Price List mirror)
2026-08-17,AWS,ap-northeast-1,g5g.2xlarge,T4G,1.0,spot,0.22865,0.22865,instances.vantage.sh (AWS Price List mirror)
2026-08-17,AWS,ap-northeast-1,g5g.4xlarge,T4G,1.0,ondemand,1.1176,1.1176,instances.vantage.sh (AWS Price List mirror)
2026-08-17,AWS,ap-northeast-1,g5g.4xlarge,T4G,1.0,spot,0.28535,0.28535,instances.vantage.sh (AWS Price List mirror)
2026-08-17,AWS,ap-northeast-1,g5g.8xlarge,T4G,1.0,ondemand,1.8519,1.8519,instances.vantage.sh (AWS Price List mirror)
2026-08-17,AWS,ap-northeast-1,g5g.8xlarge,T4G,1.0,spot,0.30025,0.30025,instances.vantage.sh (AWS Price List mirror)
2026-08-17,AWS,ap-northeast-1,g5g.metal,T4G,2.0,ondemand,3.7039,1.85195,instances.vantage.sh (AWS Price List mirror)
2026-08-17,AWS,ap-northeast-1,g5g.metal,T4G,2.0,spot,0.5695,0.28475,instances.vantage.sh (AWS Price List mirror)
2026-08-17,AWS,ap-northeast-1,g5g.xlarge,T4G,1.0,ondemand,0.5669,0.5669,instances.vantage.sh (AWS Price List mirror)
2026-08-17,AWS,ap-northeast-1,g5g.xlarge,T4G,1.0,spot,0.16935,0.16935,instances.vantage.sh (AWS Price List mirror)
2026-08-17,AWS,ap-northeast-1,g6.12xlarge,L4,4.0,ondemand,6.67369,1.6684225,instances.vantage.sh (AWS Price List mirror)
2026-08-17,AWS,ap-northeast-1,g6.12xlarge,L4,4.0,spot,2.1869,0.546725,instances.vantage.sh (AWS Price List mirror)
2026-08-17,AWS,ap-northeast-1,g6.16xlarge,L4,1.0,ondemand,4.92637,4.92637,instances.vantage.sh (AWS Price List mirror)
2026-08-17,AWS,ap-northeast-1,g6.16xlarge,L4,1.0,spot,1.47145,1.47145,instances.vantage.sh (AWS Price List mirror)
2026-08-17,AWS,ap-northeast-1,g6.24xlarge,L4,4.0,ondemand,9.68103,2.4202575,instances.vantage.sh (AWS Price List mirror)
2026-08-17,AWS,ap-northeast-1,g6.24xlarge,L4,4.0,spot,2.9353,0.733825,instances.vantage.sh (AWS Price List mirror)
2026-08-17,AWS,ap-northeast-1,g6.2xlarge,L4,1.0,ondemand,1.41781,1.41781,instances.vantage.sh (AWS Price List mirror)
2026-08-17,AWS,ap-northeast-1,g6.2xlarge,L4,1.0,spot,0.5631,0.5631,instances.vantage.sh (AWS Price List mirror)
2026-08-17,AWS,ap-northeast-1,g6.48xlarge,L4,8.0,ondemand,19.36206,2.4202575,instances.vantage.sh (AWS Price List mirror)
2026-08-17,AWS,ap-northeast-1,g6.48xlarge,L4,8.0,spot,6.06775,0.75846875,instances.vantage.sh (AWS Price List mirror)
2026-08-17,AWS,ap-northeast-1,g6.4xlarge,L4,1.0,ondemand,1.91903,1.91903,instances.vantage.sh (AWS Price List mirror)
2026-08-17,AWS,ap-northeast-1,g6.4xlarge,L4,1.0,spot,0.62035,0.62035,instances.vantage.sh (AWS Price List mirror)
2026-08-17,AWS,ap-northeast-1,g6.8xlarge,L4,1.0,ondemand,2.92148,2.92148,instances.vantage.sh (AWS Price List mirror)
2026-08-17,AWS,ap-northeast-1,g6.8xlarge,L4,1.0,spot,0.99315,0.99315,instances.vantage.sh (AWS Price List mirror)
2026-08-17,AWS,ap-northeast-1,g6.xlarge,L4,1.0,ondemand,1.1672,1.1672,instances.vantage.sh (AWS Price List mirror)
2026-08-17,AWS,ap-northeast-1,g6.xlarge,L4,1.0,spot,0.52305,0.52305,instances.vantage.sh (AWS Price List mirror)
2026-08-17,AWS,ap-northeast-1,g6e.12xlarge,L40S,4.0,ondemand,15.21742,3.804355,instances.vantage.sh (AWS Price List mirror)
2026-08-17,AWS,ap-northeast-1,g6e.12xlarge,L40S,4.0,spot,4.8689,1.217225,instances.vantage.sh (AWS Price List mirror)
2026-08-17,AWS,ap-northeast-1,g6e.16xlarge,L40S,1.0,ondemand,10.98917,10.98917,instances.vantage.sh (AWS Price List mirror)
2026-08-17,AWS,ap-northeast-1,g6e.16xlarge,L40S,1.0,spot,1.81875,1.81875,instances.vantage.sh (AWS Price List mirror)
2026-08-17,AWS,ap-northeast-1,g6e.24xlarge,L40S,4.0,ondemand,21.84956,5.46239,instances.vantage.sh (AWS Price List mirror)
2026-08-17,AWS,ap-northeast-1,g6e.24xlarge,L40S,4.0,spot,5.2514,1.31285,instances.vantage.sh (AWS Price List mirror)
2026-08-17,AWS,ap-northeast-1,g6e.2xlarge,L40S,1.0,ondemand,3.25168,3.25168,instances.vantage.sh (AWS Price List mirror)
2026-08-17,AWS,ap-northeast-1,g6e.2xlarge,L40S,1.0,spot,1.2011,1.2011,instances.vantage.sh (AWS Price List mirror)
2026-08-17,AWS,ap-northeast-1,g6e.48xlarge,L40S,8.0,ondemand,43.69912,5.46239,instances.vantage.sh (AWS Price List mirror)
2026-08-17,AWS,ap-northeast-1,g6e.48xlarge,L40S,8.0,spot,12.7411,1.5926375,instances.vantage.sh (AWS Price List mirror)
2026-08-17,AWS,ap-northeast-1,g6e.4xlarge,L40S,1.0,ondemand,4.35703,4.35703,instances.vantage.sh (AWS Price List mirror)
2026-08-17,AWS,ap-northeast-1,g6e.4xlarge,L40S,1.0,spot,1.5669,1.5669,instances.vantage.sh (AWS Price List mirror)
2026-08-17,AWS,ap-northeast-1,g6e.8xlarge,L40S,1.0,ondemand,6.56775,6.56775,instances.vantage.sh (AWS Price List mirror)
2026-08-17,AWS,ap-northeast-1,g6e.8xlarge,L40S,1.0,spot,1.80135,1.80135,instances.vantage.sh (AWS Price List mirror)
2026-08-17,AWS,ap-northeast-1,g6e.xlarge,L40S,1.0,ondemand,2.699,2.699,instances.vantage.sh (AWS Price List mirror)
2026-08-17,AWS,ap-northeast-1,g6e.xlarge,L40S,1.0,spot,1.1867,1.1867,instances.vantage.sh (AWS Price List mirror)
2026-08-17,AWS,ap-northeast-1,g6f.2xlarge,L4,0.25,ondemand,0.68888,2.75552,instances.vantage.sh (AWS Price List mirror)
2026-08-17,AWS,ap-northeast-1,g6f.2xlarge,L4,0.25,spot,0.20215,0.8086,instances.vantage.sh (AWS Price List mirror)
2026-08-17,AWS,ap-northeast-1,g6f.4xlarge,L4,0.5,ondemand,1.37776,2.75552,instances.vantage.sh (AWS Price List mirror)
2026-08-17,AWS,ap-northeast-1,g6f.4xlarge,L4,0.5,spot,0.4189,0.8378,instances.vantage.sh (AWS Price List mirror)
2026-08-17,AWS,ap-northeast-1,g6f.large,L4,0.125,ondemand,0.29296,2.34368,instances.vantage.sh (AWS Price List mirror)
2026-08-17,AWS,ap-northeast-1,g6f.large,L4,0.125,spot,0.0641,0.5128,instances.vantage.sh (AWS Price List mirror)
2026-08-17,AWS,ap-northeast-1,g6f.xlarge,L4,0.125,ondemand,0.34444,2.75552,instances.vantage.sh (AWS Price List mirror)
2026-08-17,AWS,ap-northeast-1,g6f.xlarge,L4,0.125,spot,0.0967,0.7736,instances.vantage.sh (AWS Price List mirror)
2026-08-17,AWS,ap-northeast-1,g7e.12xlarge,NVIDIA RTX PRO 6000 Blackwell,2.0,ondemand,12.01727,6.008635,instances.vantage.sh (AWS Price List mirror)
2026-08-17,AWS,ap-northeast-1,g7e.12xlarge,NVIDIA RTX PRO 6000 Blackwell,2.0,spot,4.0747,2.03735,instances.vantage.sh (AWS Price List mirror)
2026-08-17,AWS,ap-northeast-1,g7e.24xlarge,NVIDIA RTX PRO 6000 Blackwell,4.0,ondemand,24.03454,6.008635,instances.vantage.sh (AWS Price List mirror)
2026-08-17,AWS,ap-northeast-1,g7e.24xlarge,NVIDIA RTX PRO 6000 Blackwell,4.0,spot,6.64335,1.6608375,instances.vantage.sh (AWS Price List mirror)
2026-08-17,AWS,ap-northeast-1,g7e.2xlarge,NVIDIA RTX PRO 6000 Blackwell,1.0,ondemand,4.87752,4.87752,instances.vantage.sh (AWS Price List mirror)
2026-08-17,AWS,ap-northeast-1,g7e.2xlarge,NVIDIA RTX PRO 6000 Blackwell,1.0,spot,1.9595,1.9595,instances.vantage.sh (AWS Price List mirror)
2026-08-17,AWS,ap-northeast-1,g7e.48xlarge,NVIDIA RTX PRO 6000 Blackwell,8.0,ondemand,48.06908,6.008635,instances.vantage.sh (AWS Price List mirror)
2026-08-17,AWS,ap-northeast-1,g7e.48xlarge,NVIDIA RTX PRO 6000 Blackwell,8.0,spot,15.526,1.94075,instances.vantage.sh (AWS Price List mirror)
2026-08-17,AWS,ap-northeast-1,g7e.4xlarge,NVIDIA RTX PRO 6000 Blackwell,1.0,ondemand,5.79852,5.79852,instances.vantage.sh (AWS Price List mirror)
2026-08-17,AWS,ap-northeast-1,g7e.4xlarge,NVIDIA RTX PRO 6000 Blackwell,1.0,spot,2.43955,2.43955,instances.vantage.sh (AWS Price List mirror)
2026-08-17,AWS,ap-northeast-1,g7e.8xlarge,NVIDIA RTX PRO 6000 Blackwell,1.0,ondemand,7.64051,7.64051,instances.vantage.sh (AWS Price List mirror)
2026-08-17,AWS,ap-northeast-1,g7e.8xlarge,NVIDIA RTX PRO 6000 Blackwell,1.0,spot,2.3702,2.3702,instances.vantage.sh (AWS Price List mirror)
2026-08-17,AWS,ap-northeast-1,gr6.4xlarge,L4,1.0,ondemand,2.2323,2.2323,instances.vantage.sh (AWS Price List mirror)
2026-08-17,AWS,ap-northeast-1,gr6.4xlarge,L4,1.0,spot,0.7368,0.7368,instances.vantage.sh (AWS Price List mirror)
2026-08-17,AWS,ap-northeast-1,gr6.8xlarge,L4,1.0,ondemand,3.54801,3.54801,instances.vantage.sh (AWS Price List mirror)
2026-08-17,AWS,ap-northeast-1,gr6.8xlarge,L4,1.0,spot,1.15135,1.15135,instances.vantage.sh (AWS Price List mirror)
2026-08-17,AWS,ap-northeast-1,gr6f.4xlarge,L4,0.5,ondemand,1.54602,3.09204,instances.vantage.sh (AWS Price List mirror)
2026-08-17,AWS,ap-northeast-1,gr6f.4xlarge,L4,0.5,spot,0.44865,0.8973,instances.vantage.sh (AWS Price List mirror)
2026-08-17,AWS,ap-northeast-1,p2.16xlarge,K80,16.0,ondemand,24.672,1.542,instances.vantage.sh (AWS Price List mirror)
2026-08-17,AWS,ap-northeast-1,p2.8xlarge,K80,8.0,ondemand,12.336,1.542,instances.vantage.sh (AWS Price List mirror)
2026-08-17,AWS,ap-northeast-1,p2.xlarge,K80,1.0,ondemand,1.542,1.542,instances.vantage.sh (AWS Price List mirror)
2026-08-17,AWS,ap-northeast-1,p3.16xlarge,V100,8.0,ondemand,33.552,4.194,instances.vantage.sh (AWS Price List mirror)
2026-08-17,AWS,ap-northeast-1,p3.16xlarge,V100,8.0,spot,18.4536,2.3067,instances.vantage.sh (AWS Price List mirror)
2026-08-17,AWS,ap-northeast-1,p3.2xlarge,V100,1.0,ondemand,4.194,4.194,instances.vantage.sh (AWS Price List mirror)
2026-08-17,AWS,ap-northeast-1,p3.2xlarge,V100,1.0,spot,4.194,4.194,instances.vantage.sh (AWS Price List mirror)
2026-08-17,AWS,ap-northeast-1,p3.8xlarge,V100,4.0,ondemand,16.776,4.194,instances.vantage.sh (AWS Price List mirror)
2026-08-17,AWS,ap-northeast-1,p3.8xlarge,V100,4.0,spot,5.8716,1.4679,instances.vantage.sh (AWS Price List mirror)
2026-08-17,AWS,ap-northeast-1,p3dn.24xlarge,V100,8.0,ondemand,42.783,5.347875,instances.vantage.sh (AWS Price List mirror)
2026-08-17,AWS,ap-northeast-1,p3dn.24xlarge,V100,8.0,spot,9.36,1.17,instances.vantage.sh (AWS Price List mirror)
2026-08-17,AWS,ap-northeast-1,p4d.24xlarge,A100,8.0,ondemand,30.09784,3.76223,instances.vantage.sh (AWS Price List mirror)
2026-08-17,AWS,ap-northeast-1,p4d.24xlarge,A100,8.0,spot,21.47575,2.68446875,instances.vantage.sh (AWS Price List mirror)
2026-08-17,AWS,ap-northeast-1,p4de.24xlarge,A100,8.0,ondemand,37.6223,4.7027875,instances.vantage.sh (AWS Price List mirror)
2026-08-17,AWS,ap-northeast-1,p4de.24xlarge,A100,8.0,spot,12.9731,1.6216375,instances.vantage.sh (AWS Price List mirror)
2026-08-17,AWS,ap-northeast-1,p5.48xlarge,H100,8.0,ondemand,68.8,8.6,instances.vantage.sh (AWS Price List mirror)
2026-08-17,AWS,ap-northeast-1,p5.48xlarge,H100,8.0,spot,18.82645,2.35330625,instances.vantage.sh (AWS Price List mirror)
2026-08-17,AWS,ap-northeast-1,p5.4xlarge,H100,1.0,ondemand,8.6,8.6,instances.vantage.sh (AWS Price List mirror)
2026-08-17,AWS,ap-northeast-1,p5.4xlarge,H100,1.0,spot,8.6,8.6,instances.vantage.sh (AWS Price List mirror)
2026-08-17,AWS,ap-northeast-1,p5en.48xlarge,H200,8.0,ondemand,79.12,9.89,instances.vantage.sh (AWS Price List mirror)
2026-08-17,AWS,ap-northeast-1,p5en.48xlarge,H200,8.0,spot,34.2112,4.2764,instances.vantage.sh (AWS Price List mirror)
2026-08-17,AWS,ap-northeast-1-tpe-1,g4dn.2xlarge,T4,1.0,ondemand,1.371,1.371,instances.vantage.sh (AWS Price List mirror)
2026-08-17,AWS,ap-northeast-1-wl1-kix1,g4dn.2xlarge,T4,1.0,ondemand,1.777,1.777,instances.vantage.sh (AWS Price List mirror)
2026-08-17,AWS,ap-northeast-1-wl1-nrt1,g4dn.2xlarge,T4,1.0,ondemand,1.777,1.777,instances.vantage.sh (AWS Price List mirror)
2026-08-17,AWS,ap-northeast-2,g2.2xlarge,K520,1.0,ondemand,0.898,0.898,instances.vantage.sh (AWS Price List mirror)
2026-08-17,AWS,ap-northeast-2,g2.8xlarge,K520,4.0,ondemand,3.592,0.898,instances.vantage.sh (AWS Price List mirror)
2026-08-17,AWS,ap-northeast-2,g3.16xlarge,M60,4.0,ondemand,5.68,1.42,instances.vantage.sh (AWS Price List mirror)
2026-08-17,AWS,ap-northeast-2,g3.4xlarge,M60,1.0,ondemand,1.42,1.42,instances.vantage.sh (AWS Price List mirror)
2026-08-17,AWS,ap-northeast-2,g3.8xlarge,M60,2.0,ondemand,2.84,1.42,instances.vantage.sh (AWS Price List mirror)
2026-08-17,AWS,ap-northeast-2,g3s.xlarge,M60,1.0,ondemand,0.934,0.934,instances.vantage.sh (AWS Price List mirror)
2026-08-17,AWS,ap-northeast-2,g4dn.12xlarge,T4,4.0,ondemand,4.812,1.203,instances.vantage.sh (AWS Price List mirror)
2026-08-17,AWS,ap-northeast-2,g4dn.12xlarge,T4,4.0,spot,2.505567,0.62639175,instances.vantage.sh (AWS Price List mirror)
2026-08-17,AWS,ap-northeast-2,g4dn.16xlarge,T4,1.0,ondemand,5.353,5.353,instances.vantage.sh (AWS Price List mirror)
2026-08-17,AWS,ap-northeast-2,g4dn.16xlarge,T4,1.0,spot,1.1131,1.1131,instances.vantage.sh (AWS Price List mirror)
2026-08-17,AWS,ap-northeast-2,g4dn.2xlarge,T4,1.0,ondemand,0.925,0.925,instances.vantage.sh (AWS Price List mirror)
2026-08-17,AWS,ap-northeast-2,g4dn.2xlarge,T4,1.0,spot,0.291,0.291,instances.vantage.sh (AWS Price List mirror)
2026-08-17,AWS,ap-northeast-2,g4dn.4xlarge,T4,1.0,ondemand,1.481,1.481,instances.vantage.sh (AWS Price List mirror)
2026-08-17,AWS,ap-northeast-2,g4dn.4xlarge,T4,1.0,spot,0.477867,0.477867,instances.vantage.sh (AWS Price List mirror)
2026-08-17,AWS,ap-northeast-2,g4dn.8xlarge,T4,1.0,ondemand,2.677,2.677,instances.vantage.sh (AWS Price List mirror)
2026-08-17,AWS,ap-northeast-2,g4dn.8xlarge,T4,1.0,spot,0.6475,0.6475,instances.vantage.sh (AWS Price List mirror)
2026-08-17,AWS,ap-northeast-2,g4dn.metal,T4,8.0,ondemand,9.624,1.203,instances.vantage.sh (AWS Price List mirror)
2026-08-17,AWS,ap-northeast-2,g4dn.metal,T4,8.0,spot,3.467567,0.433445875,instances.vantage.sh (AWS Price List mirror)
2026-08-17,AWS,ap-northeast-2,g4dn.xlarge,T4,1.0,ondemand,0.647,0.647,instances.vantage.sh (AWS Price List mirror)
2026-08-17,AWS,ap-northeast-2,g4dn.xlarge,T4,1.0,spot,0.2752,0.2752,instances.vantage.sh (AWS Price List mirror)
2026-08-17,AWS,ap-northeast-2,g5.12xlarge,A10G,4.0,ondemand,6.97442,1.743605,instances.vantage.sh (AWS Price List mirror)
2026-08-17,AWS,ap-northeast-2,g5.12xlarge,A10G,4.0,spot,3.0069,0.751725,instances.vantage.sh (AWS Price List mirror)
2026-08-17,AWS,ap-northeast-2,g5.16xlarge,A10G,1.0,ondemand,5.03653,5.03653,instances.vantage.sh (AWS Price List mirror)
2026-08-17,AWS,ap-northeast-2,g5.16xlarge,A10G,1.0,spot,1.2628,1.2628,instances.vantage.sh (AWS Price List mirror)
2026-08-17,AWS,ap-northeast-2,g5.24xlarge,A10G,4.0,ondemand,10.01404,2.50351,instances.vantage.sh (AWS Price List mirror)
2026-08-17,AWS,ap-northeast-2,g5.24xlarge,A10G,4.0,spot,3.551,0.88775,instances.vantage.sh (AWS Price List mirror)
2026-08-17,AWS,ap-northeast-2,g5.2xlarge,A10G,1.0,ondemand,1.4903,1.4903,instances.vantage.sh (AWS Price List mirror)
2026-08-17,AWS,ap-northeast-2,g5.2xlarge,A10G,1.0,spot,0.3992,0.3992,instances.vantage.sh (AWS Price List mirror)
2026-08-17,AWS,ap-northeast-2,g5.48xlarge,A10G,8.0,ondemand,20.02809,2.50351125,instances.vantage.sh (AWS Price List mirror)
2026-08-17,AWS,ap-northeast-2,g5.48xlarge,A10G,8.0,spot,7.549433,0.943679125,instances.vantage.sh (AWS Price List mirror)
2026-08-17,AWS,ap-northeast-2,g5.4xlarge,A10G,1.0,ondemand,1.99691,1.99691,instances.vantage.sh (AWS Price List mirror)
2026-08-17,AWS,ap-northeast-2,g5.4xlarge,A10G,1.0,spot,0.6473,0.6473,instances.vantage.sh (AWS Price List mirror)
2026-08-17,AWS,ap-northeast-2,g5.8xlarge,A10G,1.0,ondemand,3.01012,3.01012,instances.vantage.sh (AWS Price List mirror)
2026-08-17,AWS,ap-northeast-2,g5.8xlarge,A10G,1.0,spot,1.0265,1.0265,instances.vantage.sh (AWS Price List mirror)
2026-08-17,AWS,ap-northeast-2,g5.xlarge,A10G,1.0,ondemand,1.237,1.237,instances.vantage.sh (AWS Price List mirror)
2026-08-17,AWS,ap-northeast-2,g5.xlarge,A10G,1.0,spot,0.441767,0.441767,instances.vantage.sh (AWS Price List mirror)
2026-08-17,AWS,ap-northeast-2,g5g.16xlarge,T4G,2.0,ondemand,3.3752,1.6876,instances.vantage.sh (AWS Price List mirror)
2026-08-17,AWS,ap-northeast-2,g5g.16xlarge,T4G,2.0,spot,0.3703,0.18515,instances.vantage.sh (AWS Price List mirror)
2026-08-17,AWS,ap-northeast-2,g5g.2xlarge,T4G,1.0,ondemand,0.6839,0.6839,instances.vantage.sh (AWS Price List mirror)
2026-08-17,AWS,ap-northeast-2,g5g.2xlarge,T4G,1.0,spot,0.187,0.187,instances.vantage.sh (AWS Price List mirror)
2026-08-17,AWS,ap-northeast-2,g5g.4xlarge,T4G,1.0,ondemand,1.0185,1.0185,instances.vantage.sh (AWS Price List mirror)
2026-08-17,AWS,ap-northeast-2,g5g.4xlarge,T4G,1.0,spot,0.29535,0.29535,instances.vantage.sh (AWS Price List mirror)
2026-08-17,AWS,ap-northeast-2,g5g.8xlarge,T4G,1.0,ondemand,1.6876,1.6876,instances.vantage.sh (AWS Price List mirror)
2026-08-17,AWS,ap-northeast-2,g5g.8xlarge,T4G,1.0,spot,0.4534,0.4534,instances.vantage.sh (AWS Price List mirror)
2026-08-17,AWS,ap-northeast-2,g5g.metal,T4G,2.0,ondemand,3.3752,1.6876,instances.vantage.sh (AWS Price List mirror)
2026-08-17,AWS,ap-northeast-2,g5g.metal,T4G,2.0,spot,0.3556,0.1778,instances.vantage.sh (AWS Price List mirror)
2026-08-17,AWS,ap-northeast-2,g5g.xlarge,T4G,1.0,ondemand,0.5166,0.5166,instances.vantage.sh (AWS Price List mirror)
2026-08-17,AWS,ap-northeast-2,g5g.xlarge,T4G,1.0,spot,0.087,0.087,instances.vantage.sh (AWS Price List mirror)
2026-08-17,AWS,ap-northeast-2,g6.12xlarge,L4,4.0,ondemand,5.65823,1.4145575,instances.vantage.sh (AWS Price List mirror)
2026-08-17,AWS,ap-northeast-2,g6.12xlarge,L4,4.0,spot,1.384533,0.34613325,instances.vantage.sh (AWS Price List mirror)
2026-08-17,AWS,ap-northeast-2,g6.16xlarge,L4,1.0,ondemand,4.17678,4.17678,instances.vantage.sh (AWS Price List mirror)
2026-08-17,AWS,ap-northeast-2,g6.16xlarge,L4,1.0,spot,1.138333,1.138333,instances.vantage.sh (AWS Price List mirror)
2026-08-17,AWS,ap-northeast-2,g6.24xlarge,L4,4.0,ondemand,8.20797,2.0519925,instances.vantage.sh (AWS Price List mirror)
2026-08-17,AWS,ap-northeast-2,g6.24xlarge,L4,4.0,spot,2.1065,0.526625,instances.vantage.sh (AWS Price List mirror)
2026-08-17,AWS,ap-northeast-2,g6.2xlarge,L4,1.0,ondemand,1.20208,1.20208,instances.vantage.sh (AWS Price List mirror)
2026-08-17,AWS,ap-northeast-2,g6.2xlarge,L4,1.0,spot,0.346233,0.346233,instances.vantage.sh (AWS Price List mirror)
2026-08-17,AWS,ap-northeast-2,g6.48xlarge,L4,8.0,ondemand,16.41595,2.05199375,instances.vantage.sh (AWS Price List mirror)
2026-08-17,AWS,ap-northeast-2,g6.48xlarge,L4,8.0,spot,4.3046,0.538075,instances.vantage.sh (AWS Price List mirror)
2026-08-17,AWS,ap-northeast-2,g6.4xlarge,L4,1.0,ondemand,1.62704,1.62704,instances.vantage.sh (AWS Price List mirror)
2026-08-17,AWS,ap-northeast-2,g6.4xlarge,L4,1.0,spot,0.416133,0.416133,instances.vantage.sh (AWS Price List mirror)
2026-08-17,AWS,ap-northeast-2,g6.8xlarge,L4,1.0,ondemand,2.47695,2.47695,instances.vantage.sh (AWS Price List mirror)
2026-08-17,AWS,ap-northeast-2,g6.8xlarge,L4,1.0,spot,0.417433,0.417433,instances.vantage.sh (AWS Price List mirror)
2026-08-17,AWS,ap-northeast-2,g6.xlarge,L4,1.0,ondemand,0.9896,0.9896,instances.vantage.sh (AWS Price List mirror)
2026-08-17,AWS,ap-northeast-2,g6.xlarge,L4,1.0,spot,0.3072,0.3072,instances.vantage.sh (AWS Price List mirror)
2026-08-17,AWS,ap-northeast-2,g6e.12xlarge,L40S,4.0,ondemand,12.90014,3.225035,instances.vantage.sh (AWS Price List mirror)
2026-08-17,AWS,ap-northeast-2,g6e.12xlarge,L40S,4.0,spot,4.54535,1.1363375,instances.vantage.sh (AWS Price List mirror)
2026-08-17,AWS,ap-northeast-2,g6e.16xlarge,L40S,1.0,ondemand,9.31575,9.31575,instances.vantage.sh (AWS Price List mirror)
2026-08-17,AWS,ap-northeast-2,g6e.16xlarge,L40S,1.0,spot,1.15675,1.15675,instances.vantage.sh (AWS Price List mirror)
2026-08-17,AWS,ap-northeast-2,g6e.24xlarge,L40S,4.0,ondemand,18.52234,4.630585,instances.vantage.sh (AWS Price List mirror)
2026-08-17,AWS,ap-northeast-2,g6e.24xlarge,L40S,4.0,spot,4.5582,1.13955,instances.vantage.sh (AWS Price List mirror)
2026-08-17,AWS,ap-northeast-2,g6e.2xlarge,L40S,1.0,ondemand,2.75652,2.75652,instances.vantage.sh (AWS Price List mirror)
2026-08-17,AWS,ap-northeast-2,g6e.2xlarge,L40S,1.0,spot,0.9731,0.9731,instances.vantage.sh (AWS Price List mirror)
2026-08-17,AWS,ap-northeast-2,g6e.48xlarge,L40S,8.0,ondemand,37.04468,4.630585,instances.vantage.sh (AWS Price List mirror)
2026-08-17,AWS,ap-northeast-2,g6e.48xlarge,L40S,8.0,spot,10.74815,1.34351875,instances.vantage.sh (AWS Price List mirror)
2026-08-17,AWS,ap-northeast-2,g6e.4xlarge,L40S,1.0,ondemand,3.69355,3.69355,instances.vantage.sh (AWS Price List mirror)
2026-08-17,AWS,ap-northeast-2,g6e.4xlarge,L40S,1.0,spot,1.1931,1.1931,instances.vantage.sh (AWS Price List mirror)
2026-08-17,AWS,ap-northeast-2,g6e.8xlarge,L40S,1.0,ondemand,5.56762,5.56762,instances.vantage.sh (AWS Price List mirror)
2026-08-17,AWS,ap-northeast-2,g6e.8xlarge,L40S,1.0,spot,1.37055,1.37055,instances.vantage.sh (AWS Price List mirror)
2026-08-17,AWS,ap-northeast-2,g6e.xlarge,L40S,1.0,ondemand,2.288,2.288,instances.vantage.sh (AWS Price List mirror)
2026-08-17,AWS,ap-northeast-2,g6e.xlarge,L40S,1.0,spot,0.9955,0.9955,instances.vantage.sh (AWS Price List mirror)
2026-08-17,AWS,ap-northeast-2,g6f.2xlarge,L4,0.25,ondemand,0.58406,2.33624,instances.vantage.sh (AWS Price List mirror)
2026-08-17,AWS,ap-northeast-2,g6f.2xlarge,L4,0.25,spot,0.1401,0.5604,instances.vantage.sh (AWS Price List mirror)
2026-08-17,AWS,ap-northeast-2,g6f.4xlarge,L4,0.5,ondemand,1.16812,2.33624,instances.vantage.sh (AWS Price List mirror)
2026-08-17,AWS,ap-northeast-2,g6f.4xlarge,L4,0.5,spot,0.261167,0.522334,instances.vantage.sh (AWS Price List mirror)
2026-08-17,AWS,ap-northeast-2,g6f.large,L4,0.125,ondemand,0.24838,1.98704,instances.vantage.sh (AWS Price List mirror)
2026-08-17,AWS,ap-northeast-2,g6f.large,L4,0.125,spot,0.044733,0.357864,instances.vantage.sh (AWS Price List mirror)
2026-08-17,AWS,ap-northeast-2,g6f.xlarge,L4,0.125,ondemand,0.29203,2.33624,instances.vantage.sh (AWS Price List mirror)
2026-08-17,AWS,ap-northeast-2,g6f.xlarge,L4,0.125,spot,0.083467,0.667736,instances.vantage.sh (AWS Price List mirror)
2026-08-17,AWS,ap-northeast-2,g7e.12xlarge,NVIDIA RTX PRO 6000 Blackwell,2.0,ondemand,10.1873,5.09365,instances.vantage.sh (AWS Price List mirror)
2026-08-17,AWS,ap-northeast-2,g7e.12xlarge,NVIDIA RTX PRO 6000 Blackwell,2.0,spot,7.44315,3.721575,instances.vantage.sh (AWS Price List mirror)
2026-08-17,AWS,ap-northeast-2,g7e.24xlarge,NVIDIA RTX PRO 6000 Blackwell,4.0,ondemand,20.3746,5.09365,instances.vantage.sh (AWS Price List mirror)
2026-08-17,AWS,ap-northeast-2,g7e.24xlarge,NVIDIA RTX PRO 6000 Blackwell,4.0,spot,8.2711,2.067775,instances.vantage.sh (AWS Price List mirror)
2026-08-17,AWS,ap-northeast-2,g7e.2xlarge,NVIDIA RTX PRO 6000 Blackwell,1.0,ondemand,4.13478,4.13478,instances.vantage.sh (AWS Price List mirror)
2026-08-17,AWS,ap-northeast-2,g7e.2xlarge,NVIDIA RTX PRO 6000 Blackwell,1.0,spot,1.88645,1.88645,instances.vantage.sh (AWS Price List mirror)
2026-08-17,AWS,ap-northeast-2,g7e.48xlarge,NVIDIA RTX PRO 6000 Blackwell,8.0,ondemand,40.74921,5.09365125,instances.vantage.sh (AWS Price List mirror)
2026-08-17,AWS,ap-northeast-2,g7e.48xlarge,NVIDIA RTX PRO 6000 Blackwell,8.0,spot,27.24635,3.40579375,instances.vantage.sh (AWS Price List mirror)
2026-08-17,AWS,ap-northeast-2,g7e.4xlarge,NVIDIA RTX PRO 6000 Blackwell,1.0,ondemand,4.91553,4.91553,instances.vantage.sh (AWS Price List mirror)
2026-08-17,AWS,ap-northeast-2,g7e.4xlarge,NVIDIA RTX PRO 6000 Blackwell,1.0,spot,1.80815,1.80815,instances.vantage.sh (AWS Price List mirror)
2026-08-17,AWS,ap-northeast-2,g7e.8xlarge,NVIDIA RTX PRO 6000 Blackwell,1.0,ondemand,6.47703,6.47703,instances.vantage.sh (AWS Price List mirror)
2026-08-17,AWS,ap-northeast-2,g7e.8xlarge,NVIDIA RTX PRO 6000 Blackwell,1.0,spot,4.35515,4.35515,instances.vantage.sh (AWS Price List mirror)
2026-08-17,AWS,ap-northeast-2,gr6.4xlarge,L4,1.0,ondemand,1.8926,1.8926,instances.vantage.sh (AWS Price List mirror)
2026-08-17,AWS,ap-northeast-2,gr6.4xlarge,L4,1.0,spot,0.37065,0.37065,instances.vantage.sh (AWS Price List mirror)
2026-08-17,AWS,ap-northeast-2,gr6.8xlarge,L4,1.0,ondemand,3.00809,3.00809,instances.vantage.sh (AWS Price List mirror)
2026-08-17,AWS,ap-northeast-2,gr6.8xlarge,L4,1.0,spot,0.4257,0.4257,instances.vantage.sh (AWS Price List mirror)
2026-08-17,AWS,ap-northeast-2,gr6f.4xlarge,L4,0.5,ondemand,1.31075,2.6215,instances.vantage.sh (AWS Price List mirror)
2026-08-17,AWS,ap-northeast-2,gr6f.4xlarge,L4,0.5,spot,0.335233,0.670466,instances.vantage.sh (AWS Price List mirror)
2026-08-17,AWS,ap-northeast-2,p2.16xlarge,K80,16.0,ondemand,23.44,1.465,instances.vantage.sh (AWS Price List mirror)
2026-08-17,AWS,ap-northeast-2,p2.8xlarge,K80,8.0,ondemand,11.72,1.465,instances.vantage.sh (AWS Price List mirror)
2026-08-17,AWS,ap-northeast-2,p2.xlarge,K80,1.0,ondemand,1.465,1.465,instances.vantage.sh (AWS Price List mirror)
2026-08-17,AWS,ap-northeast-2,p3.16xlarge,V100,8.0,ondemand,33.872,4.234,instances.vantage.sh (AWS Price List mirror)
2026-08-17,AWS,ap-northeast-2,p3.16xlarge,V100,8.0,spot,33.872,4.234,instances.vantage.sh (AWS Price List mirror)
2026-08-17,AWS,ap-northeast-2,p3.2xlarge,V100,1.0,ondemand,4.234,4.234,instances.vantage.sh (AWS Price List mirror)
2026-08-17,AWS,ap-northeast-2,p3.2xlarge,V100,1.0,spot,4.234,4.234,instances.vantage.sh (AWS Price List mirror)
2026-08-17,AWS,ap-northeast-2,p3.8xlarge,V100,4.0,ondemand,16.936,4.234,instances.vantage.sh (AWS Price List mirror)
2026-08-17,AWS,ap-northeast-2,p3.8xlarge,V100,4.0,spot,9.82288,2.45572,instances.vantage.sh (AWS Price List mirror)
2026-08-17,AWS,ap-northeast-2,p4d.24xlarge,A100,8.0,ondemand,30.41028,3.801285,instances.vantage.sh (AWS Price List mirror)
2026-08-17,AWS,ap-northeast-2,p4d.24xlarge,A100,8.0,spot,11.18285,1.39785625,instances.vantage.sh (AWS Price List mirror)
2026-08-17,AWS,ap-northeast-2,p5.48xlarge,H100,8.0,ondemand,75.9552,9.4944,instances.vantage.sh (AWS Price List mirror)
2026-08-17,AWS,ap-northeast-2,p5en.48xlarge,H200,8.0,ondemand,87.34848,10.91856,instances.vantage.sh (AWS Price List mirror)
2026-08-17,AWS,ap-northeast-2,p5en.48xlarge,H200,8.0,spot,11.2243,1.4030375,instances.vantage.sh (AWS Price List mirror)
2026-08-17,AWS,ap-northeast-2-wl1-cjj1,g4dn.2xlarge,T4,1.0,ondemand,1.249,1.249,instances.vantage.sh (AWS Price List mirror)
2026-08-17,AWS,ap-northeast-2-wl1-sel1,g4dn.2xlarge,T4,1.0,ondemand,1.249,1.249,instances.vantage.sh (AWS Price List mirror)
2026-08-17,AWS,ap-northeast-3,g4dn.12xlarge,T4,4.0,ondemand,5.281,1.32025,instances.vantage.sh (AWS Price List mirror)
2026-08-17,AWS,ap-northeast-3,g4dn.12xlarge,T4,4.0,spot,1.5605,0.390125,instances.vantage.sh (AWS Price List mirror)
2026-08-17,AWS,ap-northeast-3,g4dn.16xlarge,T4,1.0,ondemand,5.875,5.875,instances.vantage.sh (AWS Price List mirror)
2026-08-17,AWS,ap-northeast-3,g4dn.16xlarge,T4,1.0,spot,1.68325,1.68325,instances.vantage.sh (AWS Price List mirror)
2026-08-17,AWS,ap-northeast-3,g4dn.2xlarge,T4,1.0,ondemand,1.015,1.015,instances.vantage.sh (AWS Price List mirror)
2026-08-17,AWS,ap-northeast-3,g4dn.2xlarge,T4,1.0,spot,0.34555,0.34555,instances.vantage.sh (AWS Price List mirror)
2026-08-17,AWS,ap-northeast-3,g4dn.4xlarge,T4,1.0,ondemand,1.625,1.625,instances.vantage.sh (AWS Price List mirror)
2026-08-17,AWS,ap-northeast-3,g4dn.4xlarge,T4,1.0,spot,0.5306,0.5306,instances.vantage.sh (AWS Price List mirror)
2026-08-17,AWS,ap-northeast-3,g4dn.8xlarge,T4,1.0,ondemand,2.938,2.938,instances.vantage.sh (AWS Price List mirror)
2026-08-17,AWS,ap-northeast-3,g4dn.8xlarge,T4,1.0,spot,0.8414,0.8414,instances.vantage.sh (AWS Price List mirror)
2026-08-17,AWS,ap-northeast-3,g4dn.metal,T4,8.0,ondemand,10.562,1.32025,instances.vantage.sh (AWS Price List mirror)
2026-08-17,AWS,ap-northeast-3,g4dn.metal,T4,8.0,spot,4.6019,0.5752375,instances.vantage.sh (AWS Price List mirror)
2026-08-17,AWS,ap-northeast-3,g4dn.xlarge,T4,1.0,ondemand,0.71,0.71,instances.vantage.sh (AWS Price List mirror)
2026-08-17,AWS,ap-northeast-3,g4dn.xlarge,T4,1.0,spot,0.3142,0.3142,instances.vantage.sh (AWS Price List mirror)
2026-08-17,AWS,ap-northeast-3,g6e.12xlarge,L40S,4.0,ondemand,15.21742,3.804355,instances.vantage.sh (AWS Price List mirror)
2026-08-17,AWS,ap-northeast-3,g6e.12xlarge,L40S,4.0,spot,6.1024,1.5256,instances.vantage.sh (AWS Price List mirror)
2026-08-17,AWS,ap-northeast-3,g6e.16xlarge,L40S,1.0,ondemand,10.98917,10.98917,instances.vantage.sh (AWS Price List mirror)
2026-08-17,AWS,ap-northeast-3,g6e.16xlarge,L40S,1.0,spot,2.20235,2.20235,instances.vantage.sh (AWS Price List mirror)
2026-08-17,AWS,ap-northeast-3,g6e.24xlarge,L40S,4.0,ondemand,21.84956,5.46239,instances.vantage.sh (AWS Price List mirror)
2026-08-17,AWS,ap-northeast-3,g6e.24xlarge,L40S,4.0,spot,6.8611,1.715275,instances.vantage.sh (AWS Price List mirror)
2026-08-17,AWS,ap-northeast-3,g6e.2xlarge,L40S,1.0,ondemand,3.25168,3.25168,instances.vantage.sh (AWS Price List mirror)
2026-08-17,AWS,ap-northeast-3,g6e.2xlarge,L40S,1.0,spot,1.0779,1.0779,instances.vantage.sh (AWS Price List mirror)
2026-08-17,AWS,ap-northeast-3,g6e.48xlarge,L40S,8.0,ondemand,43.69912,5.46239,instances.vantage.sh (AWS Price List mirror)
2026-08-17,AWS,ap-northeast-3,g6e.48xlarge,L40S,8.0,spot,10.37805,1.29725625,instances.vantage.sh (AWS Price List mirror)
2026-08-17,AWS,ap-northeast-3,g6e.4xlarge,L40S,1.0,ondemand,4.35703,4.35703,instances.vantage.sh (AWS Price List mirror)
2026-08-17,AWS,ap-northeast-3,g6e.4xlarge,L40S,1.0,spot,1.71115,1.71115,instances.vantage.sh (AWS Price List mirror)
2026-08-17,AWS,ap-northeast-3,g6e.8xlarge,L40S,1.0,ondemand,6.56775,6.56775,instances.vantage.sh (AWS Price List mirror)
2026-08-17,AWS,ap-northeast-3,g6e.8xlarge,L40S,1.0,spot,1.8878,1.8878,instances.vantage.sh (AWS Price List mirror)
2026-08-17,AWS,ap-northeast-3,g6e.xlarge,L40S,1.0,ondemand,2.699,2.699,instances.vantage.sh (AWS Price List mirror)
2026-08-17,AWS,ap-northeast-3,g6e.xlarge,L40S,1.0,spot,1.3817,1.3817,instances.vantage.sh (AWS Price List mirror)
2026-08-17,AWS,ap-south-1,g4dn.12xlarge,T4,4.0,ondemand,4.306,1.0765,instances.vantage.sh (AWS Price List mirror)
2026-08-17,AWS,ap-south-1,g4dn.12xlarge,T4,4.0,spot,1.562133,0.39053325,instances.vantage.sh (AWS Price List mirror)
2026-08-17,AWS,ap-south-1,g4dn.16xlarge,T4,1.0,ondemand,4.791,4.791,instances.vantage.sh (AWS Price List mirror)
2026-08-17,AWS,ap-south-1,g4dn.16xlarge,T4,1.0,spot,0.4791,0.4791,instances.vantage.sh (AWS Price List mirror)
2026-08-17,AWS,ap-south-1,g4dn.2xlarge,T4,1.0,ondemand,0.828,0.828,instances.vantage.sh (AWS Price List mirror)
2026-08-17,AWS,ap-south-1,g4dn.2xlarge,T4,1.0,spot,0.240267,0.240267,instances.vantage.sh (AWS Price List mirror)
2026-08-17,AWS,ap-south-1,g4dn.4xlarge,T4,1.0,ondemand,1.325,1.325,instances.vantage.sh (AWS Price List mirror)
2026-08-17,AWS,ap-south-1,g4dn.4xlarge,T4,1.0,spot,0.3092,0.3092,instances.vantage.sh (AWS Price List mirror)
2026-08-17,AWS,ap-south-1,g4dn.8xlarge,T4,1.0,ondemand,2.395,2.395,instances.vantage.sh (AWS Price List mirror)
2026-08-17,AWS,ap-south-1,g4dn.8xlarge,T4,1.0,spot,0.6702,0.6702,instances.vantage.sh (AWS Price List mirror)
2026-08-17,AWS,ap-south-1,g4dn.metal,T4,8.0,ondemand,8.612,1.0765,instances.vantage.sh (AWS Price List mirror)
2026-08-17,AWS,ap-south-1,g4dn.metal,T4,8.0,spot,2.832367,0.354045875,instances.vantage.sh (AWS Price List mirror)
2026-08-17,AWS,ap-south-1,g4dn.xlarge,T4,1.0,ondemand,0.579,0.579,instances.vantage.sh (AWS Price List mirror)
2026-08-17,AWS,ap-south-1,g4dn.xlarge,T4,1.0,spot,0.182267,0.182267,instances.vantage.sh (AWS Price List mirror)
2026-08-17,AWS,ap-south-1,g5.12xlarge,A10G,4.0,ondemand,6.81091,1.7027275,instances.vantage.sh (AWS Price List mirror)
2026-08-17,AWS,ap-south-1,g5.12xlarge,A10G,4.0,spot,1.9237,0.480925,instances.vantage.sh (AWS Price List mirror)
2026-08-17,AWS,ap-south-1,g5.16xlarge,A10G,1.0,ondemand,4.91846,4.91846,instances.vantage.sh (AWS Price List mirror)
2026-08-17,AWS,ap-south-1,g5.16xlarge,A10G,1.0,spot,1.4302,1.4302,instances.vantage.sh (AWS Price List mirror)
2026-08-17,AWS,ap-south-1,g5.24xlarge,A10G,4.0,ondemand,9.77928,2.44482,instances.vantage.sh (AWS Price List mirror)
2026-08-17,AWS,ap-south-1,g5.24xlarge,A10G,4.0,spot,3.6714,0.91785,instances.vantage.sh (AWS Price List mirror)
2026-08-17,AWS,ap-south-1,g5.2xlarge,A10G,1.0,ondemand,1.45536,1.45536,instances.vantage.sh (AWS Price List mirror)
2026-08-17,AWS,ap-south-1,g5.2xlarge,A10G,1.0,spot,0.40675,0.40675,instances.vantage.sh (AWS Price List mirror)
2026-08-17,AWS,ap-south-1,g5.48xlarge,A10G,8.0,ondemand,19.55855,2.44481875,instances.vantage.sh (AWS Price List mirror)
2026-08-17,AWS,ap-south-1,g5.48xlarge,A10G,8.0,spot,13.38835,1.67354375,instances.vantage.sh (AWS Price List mirror)
2026-08-17,AWS,ap-south-1,g5.4xlarge,A10G,1.0,ondemand,1.95009,1.95009,instances.vantage.sh (AWS Price List mirror)
2026-08-17,AWS,ap-south-1,g5.4xlarge,A10G,1.0,spot,0.71445,0.71445,instances.vantage.sh (AWS Price List mirror)
2026-08-17,AWS,ap-south-1,g5.8xlarge,A10G,1.0,ondemand,2.93955,2.93955,instances.vantage.sh (AWS Price List mirror)
2026-08-17,AWS,ap-south-1,g5.8xlarge,A10G,1.0,spot,1.24095,1.24095,instances.vantage.sh (AWS Price List mirror)
2026-08-17,AWS,ap-south-1,g5.xlarge,A10G,1.0,ondemand,1.208,1.208,instances.vantage.sh (AWS Price List mirror)
2026-08-17,AWS,ap-south-1,g5.xlarge,A10G,1.0,spot,0.52915,0.52915,instances.vantage.sh (AWS Price List mirror)
2026-08-17,AWS,ap-south-1,g6.12xlarge,L4,4.0,ondemand,5.52558,1.381395,instances.vantage.sh (AWS Price List mirror)
2026-08-17,AWS,ap-south-1,g6.12xlarge,L4,4.0,spot,3.4224,0.8556,instances.vantage.sh (AWS Price List mirror)
2026-08-17,AWS,ap-south-1,g6.16xlarge,L4,1.0,ondemand,4.07886,4.07886,instances.vantage.sh (AWS Price List mirror)
2026-08-17,AWS,ap-south-1,g6.16xlarge,L4,1.0,spot,0.96275,0.96275,instances.vantage.sh (AWS Price List mirror)
2026-08-17,AWS,ap-south-1,g6.24xlarge,L4,4.0,ondemand,8.01555,2.0038875,instances.vantage.sh (AWS Price List mirror)
2026-08-17,AWS,ap-south-1,g6.24xlarge,L4,4.0,spot,3.1221,0.780525,instances.vantage.sh (AWS Price List mirror)
2026-08-17,AWS,ap-south-1,g6.2xlarge,L4,1.0,ondemand,1.1739,1.1739,instances.vantage.sh (AWS Price List mirror)
2026-08-17,AWS,ap-south-1,g6.2xlarge,L4,1.0,spot,0.5236,0.5236,instances.vantage.sh (AWS Price List mirror)
2026-08-17,AWS,ap-south-1,g6.48xlarge,L4,8.0,ondemand,16.0311,2.0038875,instances.vantage.sh (AWS Price List mirror)
2026-08-17,AWS,ap-south-1,g6.48xlarge,L4,8.0,spot,10.0078,1.250975,instances.vantage.sh (AWS Price List mirror)
2026-08-17,AWS,ap-south-1,g6.4xlarge,L4,1.0,ondemand,1.58889,1.58889,instances.vantage.sh (AWS Price List mirror)
2026-08-17,AWS,ap-south-1,g6.4xlarge,L4,1.0,spot,0.4303,0.4303,instances.vantage.sh (AWS Price List mirror)
2026-08-17,AWS,ap-south-1,g6.8xlarge,L4,1.0,ondemand,2.41888,2.41888,instances.vantage.sh (AWS Price List mirror)
2026-08-17,AWS,ap-south-1,g6.8xlarge,L4,1.0,spot,0.5938,0.5938,instances.vantage.sh (AWS Price List mirror)
2026-08-17,AWS,ap-south-1,g6.xlarge,L4,1.0,ondemand,0.9664,0.9664,instances.vantage.sh (AWS Price List mirror)
2026-08-17,AWS,ap-south-1,g6.xlarge,L4,1.0,spot,0.41595,0.41595,instances.vantage.sh (AWS Price List mirror)
2026-08-17,AWS,ap-south-1,g6e.12xlarge,L40S,4.0,ondemand,12.60131,3.1503275,instances.vantage.sh (AWS Price List mirror)
2026-08-17,AWS,ap-south-1,g6e.12xlarge,L40S,4.0,spot,11.974,2.9935,instances.vantage.sh (AWS Price List mirror)
2026-08-17,AWS,ap-south-1,g6e.16xlarge,L40S,1.0,ondemand,9.09996,9.09996,instances.vantage.sh (AWS Price List mirror)
2026-08-17,AWS,ap-south-1,g6e.16xlarge,L40S,1.0,spot,3.3411,3.3411,instances.vantage.sh (AWS Price List mirror)
2026-08-17,AWS,ap-south-1,g6e.24xlarge,L40S,4.0,ondemand,18.09328,4.52332,instances.vantage.sh (AWS Price List mirror)
2026-08-17,AWS,ap-south-1,g6e.24xlarge,L40S,4.0,spot,17.4607,4.365175,instances.vantage.sh (AWS Price List mirror)
2026-08-17,AWS,ap-south-1,g6e.2xlarge,L40S,1.0,ondemand,2.69266,2.69266,instances.vantage.sh (AWS Price List mirror)
2026-08-17,AWS,ap-south-1,g6e.2xlarge,L40S,1.0,spot,1.15065,1.15065,instances.vantage.sh (AWS Price List mirror)
2026-08-17,AWS,ap-south-1,g6e.48xlarge,L40S,8.0,ondemand,36.18656,4.52332,instances.vantage.sh (AWS Price List mirror)
2026-08-17,AWS,ap-south-1,g6e.48xlarge,L40S,8.0,spot,34.8845,4.3605625,instances.vantage.sh (AWS Price List mirror)
2026-08-17,AWS,ap-south-1,g6e.4xlarge,L40S,1.0,ondemand,3.60799,3.60799,instances.vantage.sh (AWS Price List mirror)
2026-08-17,AWS,ap-south-1,g6e.4xlarge,L40S,1.0,spot,1.27885,1.27885,instances.vantage.sh (AWS Price List mirror)
2026-08-17,AWS,ap-south-1,g6e.8xlarge,L40S,1.0,ondemand,5.43865,5.43865,instances.vantage.sh (AWS Price List mirror)
2026-08-17,AWS,ap-south-1,g6e.8xlarge,L40S,1.0,spot,1.31245,1.31245,instances.vantage.sh (AWS Price List mirror)
2026-08-17,AWS,ap-south-1,g6e.xlarge,L40S,1.0,ondemand,2.235,2.235,instances.vantage.sh (AWS Price List mirror)
2026-08-17,AWS,ap-south-1,g6e.xlarge,L40S,1.0,spot,1.37625,1.37625,instances.vantage.sh (AWS Price List mirror)
2026-08-17,AWS,ap-south-1,g6f.2xlarge,L4,0.25,ondemand,0.57038,2.28152,instances.vantage.sh (AWS Price List mirror)
2026-08-17,AWS,ap-south-1,g6f.2xlarge,L4,0.25,spot,0.34945,1.3978,instances.vantage.sh (AWS Price List mirror)
2026-08-17,AWS,ap-south-1,g6f.4xlarge,L4,0.5,ondemand,1.14076,2.28152,instances.vantage.sh (AWS Price List mirror)
2026-08-17,AWS,ap-south-1,g6f.4xlarge,L4,0.5,spot,1.0997,2.1994,instances.vantage.sh (AWS Price List mirror)
2026-08-17,AWS,ap-south-1,g6f.large,L4,0.125,ondemand,0.24256,1.94048,instances.vantage.sh (AWS Price List mirror)
2026-08-17,AWS,ap-south-1,g6f.large,L4,0.125,spot,0.2338,1.8704,instances.vantage.sh (AWS Price List mirror)
2026-08-17,AWS,ap-south-1,g6f.xlarge,L4,0.125,ondemand,0.28519,2.28152,instances.vantage.sh (AWS Price List mirror)
2026-08-17,AWS,ap-south-1,g6f.xlarge,L4,0.125,spot,0.2749,2.1992,instances.vantage.sh (AWS Price List mirror)
2026-08-17,AWS,ap-south-1,g7e.12xlarge,NVIDIA RTX PRO 6000 Blackwell,2.0,ondemand,13.53377,6.766885,instances.vantage.sh (AWS Price List mirror)
2026-08-17,AWS,ap-south-1,g7e.24xlarge,NVIDIA RTX PRO 6000 Blackwell,4.0,ondemand,27.06754,6.766885,instances.vantage.sh (AWS Price List mirror)
2026-08-17,AWS,ap-south-1,g7e.2xlarge,NVIDIA RTX PRO 6000 Blackwell,1.0,ondemand,5.49303,5.49303,instances.vantage.sh (AWS Price List mirror)
2026-08-17,AWS,ap-south-1,g7e.48xlarge,NVIDIA RTX PRO 6000 Blackwell,8.0,ondemand,54.13507,6.76688375,instances.vantage.sh (AWS Price List mirror)
2026-08-17,AWS,ap-south-1,g7e.4xlarge,NVIDIA RTX PRO 6000 Blackwell,1.0,ondemand,6.53025,6.53025,instances.vantage.sh (AWS Price List mirror)
2026-08-17,AWS,ap-south-1,g7e.8xlarge,NVIDIA RTX PRO 6000 Blackwell,1.0,ondemand,8.60469,8.60469,instances.vantage.sh (AWS Price List mirror)
2026-08-17,AWS,ap-south-1,gr6.4xlarge,L4,1.0,ondemand,1.8483,1.8483,instances.vantage.sh (AWS Price List mirror)
2026-08-17,AWS,ap-south-1,gr6.4xlarge,L4,1.0,spot,0.43155,0.43155,instances.vantage.sh (AWS Price List mirror)
2026-08-17,AWS,ap-south-1,gr6.8xlarge,L4,1.0,ondemand,2.93768,2.93768,instances.vantage.sh (AWS Price List mirror)
2026-08-17,AWS,ap-south-1,gr6.8xlarge,L4,1.0,spot,0.64195,0.64195,instances.vantage.sh (AWS Price List mirror)
2026-08-17,AWS,ap-south-1,gr6f.4xlarge,L4,0.5,ondemand,1.28007,2.56014,instances.vantage.sh (AWS Price List mirror)
2026-08-17,AWS,ap-south-1,gr6f.4xlarge,L4,0.5,spot,1.2338,2.4676,instances.vantage.sh (AWS Price List mirror)
2026-08-17,AWS,ap-south-1,p2.16xlarge,K80,16.0,ondemand,27.488,1.718,instances.vantage.sh (AWS Price List mirror)
2026-08-17,AWS,ap-south-1,p2.8xlarge,K80,8.0,ondemand,13.744,1.718,instances.vantage.sh (AWS Price List mirror)
2026-08-17,AWS,ap-south-1,p2.xlarge,K80,1.0,ondemand,1.718,1.718,instances.vantage.sh (AWS Price List mirror)
2026-08-17,AWS,ap-south-1,p4d.24xlarge,A100,8.0,ondemand,26.3444,3.29305,instances.vantage.sh (AWS Price List mirror)
2026-08-17,AWS,ap-south-1,p4d.24xlarge,A100,8.0,spot,25.414367,3.176795875,instances.vantage.sh (AWS Price List mirror)
2026-08-17,AWS,ap-south-1,p5.48xlarge,H100,8.0,ondemand,66.048,8.256,instances.vantage.sh (AWS Price List mirror)
2026-08-17,AWS,ap-south-1,p5.48xlarge,H100,8.0,spot,14.184133,1.773016625,instances.vantage.sh (AWS Price List mirror)
2026-08-17,AWS,ap-south-1,p5.4xlarge,H100,1.0,ondemand,8.256,8.256,instances.vantage.sh (AWS Price List mirror)
2026-08-17,AWS,ap-south-1,p5.4xlarge,H100,1.0,spot,7.9589,7.9589,instances.vantage.sh (AWS Price List mirror)
2026-08-17,AWS,ap-south-1,p5en.48xlarge,H200,8.0,ondemand,75.9552,9.4944,instances.vantage.sh (AWS Price List mirror)
2026-08-17,AWS,ap-south-1,p5en.48xlarge,H200,8.0,spot,21.31585,2.66448125,instances.vantage.sh (AWS Price List mirror)
2026-08-17,AWS,ap-south-1,p6-b200.48xlarge,B200,8.0,ondemand,160.64525,20.08065625,instances.vantage.sh (AWS Price List mirror)
2026-08-17,AWS,ap-south-1,p6-b200.48xlarge,B200,8.0,spot,55.5045,6.9380625,instances.vantage.sh (AWS Price List mirror)
2026-08-17,AWS,ap-south-1-ccu-1,g4dn.2xlarge,T4,1.0,ondemand,1.2,1.2,instances.vantage.sh (AWS Price List mirror)
2026-08-17,AWS,ap-south-1-del-1,g4dn.2xlarge,T4,1.0,ondemand,1.2,1.2,instances.vantage.sh (AWS Price List mirror)
2026-08-17,AWS,ap-south-2,g6.12xlarge,L4,4.0,ondemand,5.52558,1.381395,instances.vantage.sh (AWS Price List mirror)
2026-08-17,AWS,ap-south-2,g6.16xlarge,L4,1.0,ondemand,4.07886,4.07886,instances.vantage.sh (AWS Price List mirror)
2026-08-17,AWS,ap-south-2,g6.24xlarge,L4,4.0,ondemand,8.01555,2.0038875,instances.vantage.sh (AWS Price List mirror)
2026-08-17,AWS,ap-south-2,g6.2xlarge,L4,1.0,ondemand,1.1739,1.1739,instances.vantage.sh (AWS Price List mirror)
2026-08-17,AWS,ap-south-2,g6.48xlarge,L4,8.0,ondemand,16.0311,2.0038875,instances.vantage.sh (AWS Price List mirror)
2026-08-17,AWS,ap-south-2,g6.4xlarge,L4,1.0,ondemand,1.58889,1.58889,instances.vantage.sh (AWS Price List mirror)
2026-08-17,AWS,ap-south-2,g6.8xlarge,L4,1.0,ondemand,2.41888,2.41888,instances.vantage.sh (AWS Price List mirror)
2026-08-17,AWS,ap-south-2,g6.xlarge,L4,1.0,ondemand,0.9664,0.9664,instances.vantage.sh (AWS Price List mirror)
2026-08-17,AWS,ap-south-2,g6e.12xlarge,L40S,4.0,ondemand,12.60131,3.1503275,instances.vantage.sh (AWS Price List mirror)
2026-08-17,AWS,ap-south-2,g6e.16xlarge,L40S,1.0,ondemand,9.09996,9.09996,instances.vantage.sh (AWS Price List mirror)
2026-08-17,AWS,ap-south-2,g6e.24xlarge,L40S,4.0,ondemand,18.09328,4.52332,instances.vantage.sh (AWS Price List mirror)
2026-08-17,AWS,ap-south-2,g6e.2xlarge,L40S,1.0,ondemand,2.69266,2.69266,instances.vantage.sh (AWS Price List mirror)
2026-08-17,AWS,ap-south-2,g6e.48xlarge,L40S,8.0,ondemand,36.18656,4.52332,instances.vantage.sh (AWS Price List mirror)
2026-08-17,AWS,ap-south-2,g6e.4xlarge,L40S,1.0,ondemand,3.60799,3.60799,instances.vantage.sh (AWS Price List mirror)
2026-08-17,AWS,ap-south-2,g6e.8xlarge,L40S,1.0,ondemand,5.43865,5.43865,instances.vantage.sh (AWS Price List mirror)
2026-08-17,AWS,ap-south-2,g6e.xlarge,L40S,1.0,ondemand,2.235,2.235,instances.vantage.sh (AWS Price List mirror)
2026-08-17,AWS,ap-southeast-1,g2.2xlarge,K520,1.0,ondemand,1.0,1.0,instances.vantage.sh (AWS Price List mirror)
2026-08-17,AWS,ap-southeast-1,g2.8xlarge,K520,4.0,ondemand,4.0,1.0,instances.vantage.sh (AWS Price List mirror)
2026-08-17,AWS,ap-southeast-1,g3.16xlarge,M60,4.0,ondemand,6.68,1.67,instances.vantage.sh (AWS Price List mirror)
2026-08-17,AWS,ap-southeast-1,g3.4xlarge,M60,1.0,ondemand,1.67,1.67,instances.vantage.sh (AWS Price List mirror)
2026-08-17,AWS,ap-southeast-1,g3.8xlarge,M60,2.0,ondemand,3.34,1.67,instances.vantage.sh (AWS Price List mirror)
2026-08-17,AWS,ap-southeast-1,g4dn.12xlarge,T4,4.0,ondemand,5.474,1.3685,instances.vantage.sh (AWS Price List mirror)
2026-08-17,AWS,ap-southeast-1,g4dn.12xlarge,T4,4.0,spot,2.029533,0.50738325,instances.vantage.sh (AWS Price List mirror)
2026-08-17,AWS,ap-southeast-1,g4dn.16xlarge,T4,1.0,ondemand,6.089,6.089,instances.vantage.sh (AWS Price List mirror)
2026-08-17,AWS,ap-southeast-1,g4dn.16xlarge,T4,1.0,spot,1.9874,1.9874,instances.vantage.sh (AWS Price List mirror)
2026-08-17,AWS,ap-southeast-1,g4dn.2xlarge,T4,1.0,ondemand,1.052,1.052,instances.vantage.sh (AWS Price List mirror)
2026-08-17,AWS,ap-southeast-1,g4dn.2xlarge,T4,1.0,spot,0.469233,0.469233,instances.vantage.sh (AWS Price List mirror)
2026-08-17,AWS,ap-southeast-1,g4dn.4xlarge,T4,1.0,ondemand,1.685,1.685,instances.vantage.sh (AWS Price List mirror)
2026-08-17,AWS,ap-southeast-1,g4dn.4xlarge,T4,1.0,spot,0.646667,0.646667,instances.vantage.sh (AWS Price List mirror)
2026-08-17,AWS,ap-southeast-1,g4dn.8xlarge,T4,1.0,ondemand,3.045,3.045,instances.vantage.sh (AWS Price List mirror)
2026-08-17,AWS,ap-southeast-1,g4dn.8xlarge,T4,1.0,spot,0.9746,0.9746,instances.vantage.sh (AWS Price List mirror)
2026-08-17,AWS,ap-southeast-1,g4dn.metal,T4,8.0,ondemand,10.948,1.3685,instances.vantage.sh (AWS Price List mirror)
2026-08-17,AWS,ap-southeast-1,g4dn.metal,T4,8.0,spot,3.864367,0.483045875,instances.vantage.sh (AWS Price List mirror)
2026-08-17,AWS,ap-southeast-1,g4dn.xlarge,T4,1.0,ondemand,0.736,0.736,instances.vantage.sh (AWS Price List mirror)
2026-08-17,AWS,ap-southeast-1,g4dn.xlarge,T4,1.0,spot,0.336533,0.336533,instances.vantage.sh (AWS Price List mirror)
2026-08-17,AWS,ap-southeast-1,g5g.16xlarge,T4G,2.0,ondemand,3.8395,1.91975,instances.vantage.sh (AWS Price List mirror)
2026-08-17,AWS,ap-southeast-1,g5g.16xlarge,T4G,2.0,spot,1.02005,0.510025,instances.vantage.sh (AWS Price List mirror)
2026-08-17,AWS,ap-southeast-1,g5g.2xlarge,T4G,1.0,ondemand,0.778,0.778,instances.vantage.sh (AWS Price List mirror)
2026-08-17,AWS,ap-southeast-1,g5g.2xlarge,T4G,1.0,spot,0.345,0.345,instances.vantage.sh (AWS Price List mirror)
2026-08-17,AWS,ap-southeast-1,g5g.4xlarge,T4G,1.0,ondemand,1.1586,1.1586,instances.vantage.sh (AWS Price List mirror)
2026-08-17,AWS,ap-southeast-1,g5g.4xlarge,T4G,1.0,spot,0.41155,0.41155,instances.vantage.sh (AWS Price List mirror)
2026-08-17,AWS,ap-southeast-1,g5g.8xlarge,T4G,1.0,ondemand,1.9198,1.9198,instances.vantage.sh (AWS Price List mirror)
2026-08-17,AWS,ap-southeast-1,g5g.8xlarge,T4G,1.0,spot,0.7385,0.7385,instances.vantage.sh (AWS Price List mirror)
2026-08-17,AWS,ap-southeast-1,g5g.metal,T4G,2.0,ondemand,3.8395,1.91975,instances.vantage.sh (AWS Price List mirror)
2026-08-17,AWS,ap-southeast-1,g5g.metal,T4G,2.0,spot,0.72055,0.360275,instances.vantage.sh (AWS Price List mirror)
2026-08-17,AWS,ap-southeast-1,g5g.xlarge,T4G,1.0,ondemand,0.5877,0.5877,instances.vantage.sh (AWS Price List mirror)
2026-08-17,AWS,ap-southeast-1,g5g.xlarge,T4G,1.0,spot,0.252,0.252,instances.vantage.sh (AWS Price List mirror)
2026-08-17,AWS,ap-southeast-1,p2.16xlarge,K80,16.0,ondemand,27.488,1.718,instances.vantage.sh (AWS Price List mirror)
2026-08-17,AWS,ap-southeast-1,p2.8xlarge,K80,8.0,ondemand,13.744,1.718,instances.vantage.sh (AWS Price List mirror)
2026-08-17,AWS,ap-southeast-1,p2.xlarge,K80,1.0,ondemand,1.718,1.718,instances.vantage.sh (AWS Price List mirror)
2026-08-17,AWS,ap-southeast-1,p3.16xlarge,V100,8.0,ondemand,33.872,4.234,instances.vantage.sh (AWS Price List mirror)
2026-08-17,AWS,ap-southeast-1,p3.16xlarge,V100,8.0,spot,33.19456,4.14932,instances.vantage.sh (AWS Price List mirror)
2026-08-17,AWS,ap-southeast-1,p3.2xlarge,V100,1.0,ondemand,4.234,4.234,instances.vantage.sh (AWS Price List mirror)
2026-08-17,AWS,ap-southeast-1,p3.2xlarge,V100,1.0,spot,4.234,4.234,instances.vantage.sh (AWS Price List mirror)
2026-08-17,AWS,ap-southeast-1,p3.8xlarge,V100,4.0,ondemand,16.936,4.234,instances.vantage.sh (AWS Price List mirror)
2026-08-17,AWS,ap-southeast-1,p3.8xlarge,V100,4.0,spot,16.936,4.234,instances.vantage.sh (AWS Price List mirror)
2026-08-17,AWS,ap-southeast-1,p4d.24xlarge,A100,8.0,ondemand,26.34917,3.29364625,instances.vantage.sh (AWS Price List mirror)
2026-08-17,AWS,ap-southeast-1,p4de.24xlarge,A100,8.0,ondemand,32.93646,4.1170575,instances.vantage.sh (AWS Price List mirror)
2026-08-17,AWS,ap-southeast-1,p4de.24xlarge,A100,8.0,spot,32.9365,4.1170625,instances.vantage.sh (AWS Price List mirror)
2026-08-17,AWS,ap-southeast-1-bkk-1,g4dn.2xlarge,T4,1.0,ondemand,1.578,1.578,instances.vantage.sh (AWS Price List mirror)
2026-08-17,AWS,ap-southeast-1-mnl-1,g4dn.2xlarge,T4,1.0,ondemand,1.368,1.368,instances.vantage.sh (AWS Price List mirror)
2026-08-17,AWS,ap-southeast-2,g2.2xlarge,K520,1.0,ondemand,0.898,0.898,instances.vantage.sh (AWS Price List mirror)
2026-08-17,AWS,ap-southeast-2,g2.8xlarge,K520,4.0,ondemand,3.592,0.898,instances.vantage.sh (AWS Price List mirror)
2026-08-17,AWS,ap-southeast-2,g3.16xlarge,M60,4.0,ondemand,7.016,1.754,instances.vantage.sh (AWS Price List mirror)
2026-08-17,AWS,ap-southeast-2,g3.4xlarge,M60,1.0,ondemand,1.754,1.754,instances.vantage.sh (AWS Price List mirror)
2026-08-17,AWS,ap-southeast-2,g3.8xlarge,M60,2.0,ondemand,3.508,1.754,instances.vantage.sh (AWS Price List mirror)
2026-08-17,AWS,ap-southeast-2,g3s.xlarge,M60,1.0,ondemand,1.154,1.154,instances.vantage.sh (AWS Price List mirror)
2026-08-17,AWS,ap-southeast-2,g4dn.12xlarge,T4,4.0,ondemand,5.087,1.27175,instances.vantage.sh (AWS Price List mirror)
2026-08-17,AWS,ap-southeast-2,g4dn.12xlarge,T4,4.0,spot,2.3747,0.593675,instances.vantage.sh (AWS Price List mirror)
2026-08-17,AWS,ap-southeast-2,g4dn.16xlarge,T4,1.0,ondemand,5.659,5.659,instances.vantage.sh (AWS Price List mirror)
2026-08-17,AWS,ap-southeast-2,g4dn.16xlarge,T4,1.0,spot,1.266467,1.266467,instances.vantage.sh (AWS Price List mirror)
2026-08-17,AWS,ap-southeast-2,g4dn.2xlarge,T4,1.0,ondemand,0.978,0.978,instances.vantage.sh (AWS Price List mirror)
2026-08-17,AWS,ap-southeast-2,g4dn.2xlarge,T4,1.0,spot,0.5759,0.5759,instances.vantage.sh (AWS Price List mirror)
2026-08-17,AWS,ap-southeast-2,g4dn.4xlarge,T4,1.0,ondemand,1.566,1.566,instances.vantage.sh (AWS Price List mirror)
2026-08-17,AWS,ap-southeast-2,g4dn.4xlarge,T4,1.0,spot,0.5926,0.5926,instances.vantage.sh (AWS Price List mirror)
2026-08-17,AWS,ap-southeast-2,g4dn.8xlarge,T4,1.0,ondemand,2.83,2.83,instances.vantage.sh (AWS Price List mirror)
2026-08-17,AWS,ap-southeast-2,g4dn.8xlarge,T4,1.0,spot,0.934233,0.934233,instances.vantage.sh (AWS Price List mirror)
2026-08-17,AWS,ap-southeast-2,g4dn.metal,T4,8.0,ondemand,10.174,1.27175,instances.vantage.sh (AWS Price List mirror)
2026-08-17,AWS,ap-southeast-2,g4dn.metal,T4,8.0,spot,4.403833,0.550479125,instances.vantage.sh (AWS Price List mirror)
2026-08-17,AWS,ap-southeast-2,g4dn.xlarge,T4,1.0,ondemand,0.684,0.684,instances.vantage.sh (AWS Price List mirror)
2026-08-17,AWS,ap-southeast-2,g4dn.xlarge,T4,1.0,spot,0.386067,0.386067,instances.vantage.sh (AWS Price List mirror)
2026-08-17,AWS,ap-southeast-2,g5.12xlarge,A10G,4.0,ondemand,7.37473,1.8436825,instances.vantage.sh (AWS Price List mirror)
2026-08-17,AWS,ap-southeast-2,g5.12xlarge,A10G,4.0,spot,4.11465,1.0286625,instances.vantage.sh (AWS Price List mirror)
2026-08-17,AWS,ap-southeast-2,g5.16xlarge,A10G,1.0,ondemand,5.32561,5.32561,instances.vantage.sh (AWS Price List mirror)
2026-08-17,AWS,ap-southeast-2,g5.16xlarge,A10G,1.0,spot,1.2878,1.2878,instances.vantage.sh (AWS Price List mirror)
2026-08-17,AWS,ap-southeast-2,g5.24xlarge,A10G,4.0,ondemand,10.58882,2.647205,instances.vantage.sh (AWS Price List mirror)
2026-08-17,AWS,ap-southeast-2,g5.24xlarge,A10G,4.0,spot,10.5888,2.6472,instances.vantage.sh (AWS Price List mirror)
2026-08-17,AWS,ap-southeast-2,g5.2xlarge,A10G,1.0,ondemand,1.57584,1.57584,instances.vantage.sh (AWS Price List mirror)
2026-08-17,AWS,ap-southeast-2,g5.2xlarge,A10G,1.0,spot,0.73255,0.73255,instances.vantage.sh (AWS Price List mirror)
2026-08-17,AWS,ap-southeast-2,g5.48xlarge,A10G,8.0,ondemand,21.17764,2.647205,instances.vantage.sh (AWS Price List mirror)
2026-08-17,AWS,ap-southeast-2,g5.48xlarge,A10G,8.0,spot,21.1776,2.6472,instances.vantage.sh (AWS Price List mirror)
2026-08-17,AWS,ap-southeast-2,g5.4xlarge,A10G,1.0,ondemand,2.11152,2.11152,instances.vantage.sh (AWS Price List mirror)
2026-08-17,AWS,ap-southeast-2,g5.4xlarge,A10G,1.0,spot,0.9748,0.9748,instances.vantage.sh (AWS Price List mirror)
2026-08-17,AWS,ap-southeast-2,g5.8xlarge,A10G,1.0,ondemand,3.18289,3.18289,instances.vantage.sh (AWS Price List mirror)
2026-08-17,AWS,ap-southeast-2,g5.8xlarge,A10G,1.0,spot,1.13005,1.13005,instances.vantage.sh (AWS Price List mirror)
2026-08-17,AWS,ap-southeast-2,g5.xlarge,A10G,1.0,ondemand,1.308,1.308,instances.vantage.sh (AWS Price List mirror)
2026-08-17,AWS,ap-southeast-2,g5.xlarge,A10G,1.0,spot,0.73045,0.73045,instances.vantage.sh (AWS Price List mirror)
2026-08-17,AWS,ap-southeast-2,g6.12xlarge,L4,4.0,ondemand,5.98299,1.4957475,instances.vantage.sh (AWS Price List mirror)
2026-08-17,AWS,ap-southeast-2,g6.12xlarge,L4,4.0,spot,3.2102,0.80255,instances.vantage.sh (AWS Price List mirror)
2026-08-17,AWS,ap-southeast-2,g6.16xlarge,L4,1.0,ondemand,4.41652,4.41652,instances.vantage.sh (AWS Price List mirror)
2026-08-17,AWS,ap-southeast-2,g6.16xlarge,L4,1.0,spot,1.501933,1.501933,instances.vantage.sh (AWS Price List mirror)
2026-08-17,AWS,ap-southeast-2,g6.24xlarge,L4,4.0,ondemand,8.67909,2.1697725,instances.vantage.sh (AWS Price List mirror)
2026-08-17,AWS,ap-southeast-2,g6.24xlarge,L4,4.0,spot,6.946133,1.73653325,instances.vantage.sh (AWS Price List mirror)
2026-08-17,AWS,ap-southeast-2,g6.2xlarge,L4,1.0,ondemand,1.27107,1.27107,instances.vantage.sh (AWS Price List mirror)
2026-08-17,AWS,ap-southeast-2,g6.2xlarge,L4,1.0,spot,0.6523,0.6523,instances.vantage.sh (AWS Price List mirror)
2026-08-17,AWS,ap-southeast-2,g6.48xlarge,L4,8.0,ondemand,17.35817,2.16977125,instances.vantage.sh (AWS Price List mirror)
2026-08-17,AWS,ap-southeast-2,g6.48xlarge,L4,8.0,spot,13.096167,1.637020875,instances.vantage.sh (AWS Price List mirror)
2026-08-17,AWS,ap-southeast-2,g6.4xlarge,L4,1.0,ondemand,1.72042,1.72042,instances.vantage.sh (AWS Price List mirror)
2026-08-17,AWS,ap-southeast-2,g6.4xlarge,L4,1.0,spot,1.0016,1.0016,instances.vantage.sh (AWS Price List mirror)
2026-08-17,AWS,ap-southeast-2,g6.8xlarge,L4,1.0,ondemand,2.61912,2.61912,instances.vantage.sh (AWS Price List mirror)
2026-08-17,AWS,ap-southeast-2,g6.8xlarge,L4,1.0,spot,1.051833,1.051833,instances.vantage.sh (AWS Price List mirror)
2026-08-17,AWS,ap-southeast-2,g6.xlarge,L4,1.0,ondemand,1.0464,1.0464,instances.vantage.sh (AWS Price List mirror)
2026-08-17,AWS,ap-southeast-2,g6.xlarge,L4,1.0,spot,0.6076,0.6076,instances.vantage.sh (AWS Price List mirror)
2026-08-17,AWS,ap-southeast-2,g6f.2xlarge,L4,0.25,ondemand,0.61759,2.47036,instances.vantage.sh (AWS Price List mirror)
2026-08-17,AWS,ap-southeast-2,g6f.2xlarge,L4,0.25,spot,0.54675,2.187,instances.vantage.sh (AWS Price List mirror)
2026-08-17,AWS,ap-southeast-2,g6f.4xlarge,L4,0.5,ondemand,1.23517,2.47034,instances.vantage.sh (AWS Price List mirror)
2026-08-17,AWS,ap-southeast-2,g6f.4xlarge,L4,0.5,spot,0.85155,1.7031,instances.vantage.sh (AWS Price List mirror)
2026-08-17,AWS,ap-southeast-2,g6f.large,L4,0.125,ondemand,0.26264,2.10112,instances.vantage.sh (AWS Price List mirror)
2026-08-17,AWS,ap-southeast-2,g6f.large,L4,0.125,spot,0.19185,1.5348,instances.vantage.sh (AWS Price List mirror)
2026-08-17,AWS,ap-southeast-2,g6f.xlarge,L4,0.125,ondemand,0.30879,2.47032,instances.vantage.sh (AWS Price List mirror)
2026-08-17,AWS,ap-southeast-2,g6f.xlarge,L4,0.125,spot,0.21505,1.7204,instances.vantage.sh (AWS Price List mirror)
2026-08-17,AWS,ap-southeast-2,gr6.4xlarge,L4,1.0,ondemand,2.0012,2.0012,instances.vantage.sh (AWS Price List mirror)
2026-08-17,AWS,ap-southeast-2,gr6.4xlarge,L4,1.0,spot,0.5834,0.5834,instances.vantage.sh (AWS Price List mirror)
2026-08-17,AWS,ap-southeast-2,gr6.8xlarge,L4,1.0,ondemand,3.1807,3.1807,instances.vantage.sh (AWS Price List mirror)
2026-08-17,AWS,ap-southeast-2,gr6.8xlarge,L4,1.0,spot,1.3193,1.3193,instances.vantage.sh (AWS Price List mirror)
2026-08-17,AWS,ap-southeast-2,gr6f.4xlarge,L4,0.5,ondemand,1.38597,2.77194,instances.vantage.sh (AWS Price List mirror)
2026-08-17,AWS,ap-southeast-2,gr6f.4xlarge,L4,0.5,spot,0.87035,1.7407,instances.vantage.sh (AWS Price List mirror)
2026-08-17,AWS,ap-southeast-2,p2.16xlarge,K80,16.0,ondemand,24.672,1.542,instances.vantage.sh (AWS Price List mirror)
2026-08-17,AWS,ap-southeast-2,p2.8xlarge,K80,8.0,ondemand,12.336,1.542,instances.vantage.sh (AWS Price List mirror)
2026-08-17,AWS,ap-southeast-2,p2.xlarge,K80,1.0,ondemand,1.542,1.542,instances.vantage.sh (AWS Price List mirror)
2026-08-17,AWS,ap-southeast-2,p3.16xlarge,V100,8.0,ondemand,33.872,4.234,instances.vantage.sh (AWS Price List mirror)
2026-08-17,AWS,ap-southeast-2,p3.16xlarge,V100,8.0,spot,33.872,4.234,instances.vantage.sh (AWS Price List mirror)
2026-08-17,AWS,ap-southeast-2,p3.2xlarge,V100,1.0,ondemand,4.234,4.234,instances.vantage.sh (AWS Price List mirror)
2026-08-17,AWS,ap-southeast-2,p3.2xlarge,V100,1.0,spot,4.234,4.234,instances.vantage.sh (AWS Price List mirror)
2026-08-17,AWS,ap-southeast-2,p3.8xlarge,V100,4.0,ondemand,16.936,4.234,instances.vantage.sh (AWS Price List mirror)
2026-08-17,AWS,ap-southeast-2,p3.8xlarge,V100,4.0,spot,9.3148,2.3287,instances.vantage.sh (AWS Price List mirror)
2026-08-17,AWS,ap-southeast-2,p4d.24xlarge,A100,8.0,ondemand,28.54493,3.56811625,instances.vantage.sh (AWS Price List mirror)
2026-08-17,AWS,ap-southeast-2,p4d.24xlarge,A100,8.0,spot,15.91595,1.98949375,instances.vantage.sh (AWS Price List mirror)
2026-08-17,AWS,ap-southeast-2,p5.48xlarge,H100,8.0,ondemand,71.552,8.944,instances.vantage.sh (AWS Price List mirror)
2026-08-17,AWS,ap-southeast-2,p5.48xlarge,H100,8.0,spot,55.460667,6.932583375,instances.vantage.sh (AWS Price List mirror)
2026-08-17,AWS,ap-southeast-2,p5.4xlarge,H100,1.0,ondemand,8.944,8.944,instances.vantage.sh (AWS Price List mirror)
2026-08-17,AWS,ap-southeast-2-akl-1,g4dn.2xlarge,T4,1.0,ondemand,1.418,1.418,instances.vantage.sh (AWS Price List mirror)
2026-08-17,AWS,ap-southeast-2-per-1,g4dn.2xlarge,T4,1.0,ondemand,1.418,1.418,instances.vantage.sh (AWS Price List mirror)
2026-08-17,AWS,ap-southeast-3,g5.12xlarge,A10G,4.0,ondemand,7.93854,1.984635,instances.vantage.sh (AWS Price List mirror)
2026-08-17,AWS,ap-southeast-3,g5.12xlarge,A10G,4.0,spot,2.143406,0.5358515,instances.vantage.sh (AWS Price List mirror)
2026-08-17,AWS,ap-southeast-3,g5.16xlarge,A10G,1.0,ondemand,5.73277,5.73277,instances.vantage.sh (AWS Price List mirror)
2026-08-17,AWS,ap-southeast-3,g5.16xlarge,A10G,1.0,spot,0.74526,0.74526,instances.vantage.sh (AWS Price List mirror)
2026-08-17,AWS,ap-southeast-3,g5.24xlarge,A10G,4.0,ondemand,11.39836,2.84959,instances.vantage.sh (AWS Price List mirror)
2026-08-17,AWS,ap-southeast-3,g5.24xlarge,A10G,4.0,spot,5.129262,1.2823155,instances.vantage.sh (AWS Price List mirror)
2026-08-17,AWS,ap-southeast-3,g5.2xlarge,A10G,1.0,ondemand,1.69632,1.69632,instances.vantage.sh (AWS Price List mirror)
2026-08-17,AWS,ap-southeast-3,g5.2xlarge,A10G,1.0,spot,0.407117,0.407117,instances.vantage.sh (AWS Price List mirror)
2026-08-17,AWS,ap-southeast-3,g5.48xlarge,A10G,8.0,ondemand,22.79672,2.84959,instances.vantage.sh (AWS Price List mirror)
2026-08-17,AWS,ap-southeast-3,g5.48xlarge,A10G,8.0,spot,10.942426,1.36780325,instances.vantage.sh (AWS Price List mirror)
2026-08-17,AWS,ap-southeast-3,g5.4xlarge,A10G,1.0,ondemand,2.27295,2.27295,instances.vantage.sh (AWS Price List mirror)
2026-08-17,AWS,ap-southeast-3,g5.4xlarge,A10G,1.0,spot,0.43186,0.43186,instances.vantage.sh (AWS Price List mirror)
2026-08-17,AWS,ap-southeast-3,g5.8xlarge,A10G,1.0,ondemand,3.42623,3.42623,instances.vantage.sh (AWS Price List mirror)
2026-08-17,AWS,ap-southeast-3,g5.8xlarge,A10G,1.0,spot,0.959344,0.959344,instances.vantage.sh (AWS Price List mirror)
2026-08-17,AWS,ap-southeast-3,g5.xlarge,A10G,1.0,ondemand,1.408,1.408,instances.vantage.sh (AWS Price List mirror)
2026-08-17,AWS,ap-southeast-3,g5.xlarge,A10G,1.0,spot,0.39424,0.39424,instances.vantage.sh (AWS Price List mirror)
2026-08-17,AWS,ap-southeast-3,g5g.metal,T4G,2.0,ondemand,3.8395,1.91975,instances.vantage.sh (AWS Price List mirror)
2026-08-17,AWS,ap-southeast-3,g5g.metal,T4G,2.0,spot,0.883085,0.4415425,instances.vantage.sh (AWS Price List mirror)
2026-08-17,AWS,ap-southeast-3,p5.48xlarge,H100,8.0,ondemand,75.9552,9.4944,instances.vantage.sh (AWS Price List mirror)
2026-08-17,AWS,ap-southeast-3,p5.48xlarge,H100,8.0,spot,75.9552,9.4944,instances.vantage.sh (AWS Price List mirror)
2026-08-17,AWS,ap-southeast-3,p5.4xlarge,H100,1.0,ondemand,9.4944,9.4944,instances.vantage.sh (AWS Price List mirror)
2026-08-17,AWS,ap-southeast-3,p5.4xlarge,H100,1.0,spot,9.4944,9.4944,instances.vantage.sh (AWS Price List mirror)
2026-08-17,AWS,ap-southeast-3,p5en.48xlarge,H200,8.0,ondemand,87.34848,10.91856,instances.vantage.sh (AWS Price List mirror)
2026-08-17,AWS,ap-southeast-3,p5en.48xlarge,H200,8.0,spot,27.951514,3.49393925,instances.vantage.sh (AWS Price List mirror)
2026-08-17,AWS,ap-southeast-5,g6.12xlarge,L4,4.0,ondemand,5.7966,1.44915,instances.vantage.sh (AWS Price List mirror)
2026-08-17,AWS,ap-southeast-5,g6.12xlarge,L4,4.0,spot,4.231518,1.0578795,instances.vantage.sh (AWS Price List mirror)
2026-08-17,AWS,ap-southeast-5,g6.16xlarge,L4,1.0,ondemand,4.27892,4.27892,instances.vantage.sh (AWS Price List mirror)
2026-08-17,AWS,ap-southeast-5,g6.16xlarge,L4,1.0,spot,0.855784,0.855784,instances.vantage.sh (AWS Price List mirror)
2026-08-17,AWS,ap-southeast-5,g6.24xlarge,L4,4.0,ondemand,8.4087,2.102175,instances.vantage.sh (AWS Price List mirror)
2026-08-17,AWS,ap-southeast-5,g6.24xlarge,L4,4.0,spot,3.699828,0.924957,instances.vantage.sh (AWS Price List mirror)
2026-08-17,AWS,ap-southeast-5,g6.2xlarge,L4,1.0,ondemand,1.23147,1.23147,instances.vantage.sh (AWS Price List mirror)
2026-08-17,AWS,ap-southeast-5,g6.2xlarge,L4,1.0,spot,1.083694,1.083694,instances.vantage.sh (AWS Price List mirror)
2026-08-17,AWS,ap-southeast-5,g6.48xlarge,L4,8.0,ondemand,16.81739,2.10217375,instances.vantage.sh (AWS Price List mirror)
2026-08-17,AWS,ap-southeast-5,g6.48xlarge,L4,8.0,spot,13.117564,1.6396955,instances.vantage.sh (AWS Price List mirror)
2026-08-17,AWS,ap-southeast-5,g6.4xlarge,L4,1.0,ondemand,1.66682,1.66682,instances.vantage.sh (AWS Price List mirror)
2026-08-17,AWS,ap-southeast-5,g6.4xlarge,L4,1.0,spot,0.900083,0.900083,instances.vantage.sh (AWS Price List mirror)
2026-08-17,AWS,ap-southeast-5,g6.8xlarge,L4,1.0,ondemand,2.53752,2.53752,instances.vantage.sh (AWS Price List mirror)
2026-08-17,AWS,ap-southeast-5,g6.8xlarge,L4,1.0,spot,0.68513,0.68513,instances.vantage.sh (AWS Price List mirror)
2026-08-17,AWS,ap-southeast-5,g6.xlarge,L4,1.0,ondemand,1.0138,1.0138,instances.vantage.sh (AWS Price List mirror)
2026-08-17,AWS,ap-southeast-5,g6.xlarge,L4,1.0,spot,0.91242,0.91242,instances.vantage.sh (AWS Price List mirror)
2026-08-17,AWS,ap-southeast-5,gr6.4xlarge,L4,1.0,ondemand,1.9388,1.9388,instances.vantage.sh (AWS Price List mirror)
2026-08-17,AWS,ap-southeast-5,gr6.4xlarge,L4,1.0,spot,0.542864,0.542864,instances.vantage.sh (AWS Price List mirror)
2026-08-17,AWS,ap-southeast-5,gr6.8xlarge,L4,1.0,ondemand,3.08152,3.08152,instances.vantage.sh (AWS Price List mirror)
2026-08-17,AWS,ap-southeast-5,gr6.8xlarge,L4,1.0,spot,0.554674,0.554674,instances.vantage.sh (AWS Price List mirror)
2026-08-17,AWS,ca-central-1,g3.16xlarge,M60,4.0,ondemand,5.664,1.416,instances.vantage.sh (AWS Price List mirror)
2026-08-17,AWS,ca-central-1,g3.4xlarge,M60,1.0,ondemand,1.416,1.416,instances.vantage.sh (AWS Price List mirror)
2026-08-17,AWS,ca-central-1,g3.8xlarge,M60,2.0,ondemand,2.832,1.416,instances.vantage.sh (AWS Price List mirror)
2026-08-17,AWS,ca-central-1,g4ad.16xlarge,V520,4.0,ondemand,3.872,0.968,instances.vantage.sh (AWS Price List mirror)
2026-08-17,AWS,ca-central-1,g4ad.16xlarge,V520,4.0,spot,0.5578,0.13945,instances.vantage.sh (AWS Price List mirror)
2026-08-17,AWS,ca-central-1,g4ad.2xlarge,V520,1.0,ondemand,0.60421,0.60421,instances.vantage.sh (AWS Price List mirror)
2026-08-17,AWS,ca-central-1,g4ad.2xlarge,V520,1.0,spot,0.1946,0.1946,instances.vantage.sh (AWS Price List mirror)
2026-08-17,AWS,ca-central-1,g4ad.4xlarge,V520,1.0,ondemand,0.968,0.968,instances.vantage.sh (AWS Price List mirror)
2026-08-17,AWS,ca-central-1,g4ad.4xlarge,V520,1.0,spot,0.30915,0.30915,instances.vantage.sh (AWS Price List mirror)
2026-08-17,AWS,ca-central-1,g4ad.8xlarge,V520,2.0,ondemand,1.936,0.968,instances.vantage.sh (AWS Price List mirror)
2026-08-17,AWS,ca-central-1,g4ad.8xlarge,V520,2.0,spot,0.59465,0.297325,instances.vantage.sh (AWS Price List mirror)
2026-08-17,AWS,ca-central-1,g4ad.xlarge,V520,1.0,ondemand,0.42263,0.42263,instances.vantage.sh (AWS Price List mirror)
2026-08-17,AWS,ca-central-1,g4ad.xlarge,V520,1.0,spot,0.1077,0.1077,instances.vantage.sh (AWS Price List mirror)
2026-08-17,AWS,ca-central-1,g4dn.12xlarge,T4,4.0,ondemand,4.343,1.08575,instances.vantage.sh (AWS Price List mirror)
2026-08-17,AWS,ca-central-1,g4dn.12xlarge,T4,4.0,spot,1.3573,0.339325,instances.vantage.sh (AWS Price List mirror)
2026-08-17,AWS,ca-central-1,g4dn.16xlarge,T4,1.0,ondemand,4.832,4.832,instances.vantage.sh (AWS Price List mirror)
2026-08-17,AWS,ca-central-1,g4dn.16xlarge,T4,1.0,spot,0.634,0.634,instances.vantage.sh (AWS Price List mirror)
2026-08-17,AWS,ca-central-1,g4dn.2xlarge,T4,1.0,ondemand,0.835,0.835,instances.vantage.sh (AWS Price List mirror)
2026-08-17,AWS,ca-central-1,g4dn.2xlarge,T4,1.0,spot,0.24855,0.24855,instances.vantage.sh (AWS Price List mirror)
2026-08-17,AWS,ca-central-1,g4dn.4xlarge,T4,1.0,ondemand,1.337,1.337,instances.vantage.sh (AWS Price List mirror)
2026-08-17,AWS,ca-central-1,g4dn.4xlarge,T4,1.0,spot,0.52785,0.52785,instances.vantage.sh (AWS Price List mirror)
2026-08-17,AWS,ca-central-1,g4dn.8xlarge,T4,1.0,ondemand,2.416,2.416,instances.vantage.sh (AWS Price List mirror)
2026-08-17,AWS,ca-central-1,g4dn.8xlarge,T4,1.0,spot,0.4739,0.4739,instances.vantage.sh (AWS Price List mirror)
2026-08-17,AWS,ca-central-1,g4dn.metal,T4,8.0,ondemand,8.687,1.085875,instances.vantage.sh (AWS Price List mirror)
2026-08-17,AWS,ca-central-1,g4dn.metal,T4,8.0,spot,6.1932,0.77415,instances.vantage.sh (AWS Price List mirror)
2026-08-17,AWS,ca-central-1,g4dn.xlarge,T4,1.0,ondemand,0.584,0.584,instances.vantage.sh (AWS Price List mirror)
2026-08-17,AWS,ca-central-1,g4dn.xlarge,T4,1.0,spot,0.21855,0.21855,instances.vantage.sh (AWS Price List mirror)
2026-08-17,AWS,ca-central-1,g5.12xlarge,A10G,4.0,ondemand,6.29784,1.57446,instances.vantage.sh (AWS Price List mirror)
2026-08-17,AWS,ca-central-1,g5.12xlarge,A10G,4.0,spot,1.8215,0.455375,instances.vantage.sh (AWS Price List mirror)
2026-08-17,AWS,ca-central-1,g5.16xlarge,A10G,1.0,ondemand,4.54794,4.54794,instances.vantage.sh (AWS Price List mirror)
2026-08-17,AWS,ca-central-1,g5.16xlarge,A10G,1.0,spot,1.1436,1.1436,instances.vantage.sh (AWS Price List mirror)
2026-08-17,AWS,ca-central-1,g5.24xlarge,A10G,4.0,ondemand,9.04259,2.2606475,instances.vantage.sh (AWS Price List mirror)
2026-08-17,AWS,ca-central-1,g5.24xlarge,A10G,4.0,spot,6.04595,1.5114875,instances.vantage.sh (AWS Price List mirror)
2026-08-17,AWS,ca-central-1,g5.2xlarge,A10G,1.0,ondemand,1.34573,1.34573,instances.vantage.sh (AWS Price List mirror)
2026-08-17,AWS,ca-central-1,g5.2xlarge,A10G,1.0,spot,0.53945,0.53945,instances.vantage.sh (AWS Price List mirror)
2026-08-17,AWS,ca-central-1,g5.48xlarge,A10G,8.0,ondemand,18.08518,2.2606475,instances.vantage.sh (AWS Price List mirror)
2026-08-17,AWS,ca-central-1,g5.48xlarge,A10G,8.0,spot,12.23035,1.52879375,instances.vantage.sh (AWS Price List mirror)
2026-08-17,AWS,ca-central-1,g5.4xlarge,A10G,1.0,ondemand,1.80319,1.80319,instances.vantage.sh (AWS Price List mirror)
2026-08-17,AWS,ca-central-1,g5.4xlarge,A10G,1.0,spot,0.7629,0.7629,instances.vantage.sh (AWS Price List mirror)
2026-08-17,AWS,ca-central-1,g5.8xlarge,A10G,1.0,ondemand,2.71811,2.71811,instances.vantage.sh (AWS Price List mirror)
2026-08-17,AWS,ca-central-1,g5.8xlarge,A10G,1.0,spot,0.91985,0.91985,instances.vantage.sh (AWS Price List mirror)
2026-08-17,AWS,ca-central-1,g5.xlarge,A10G,1.0,ondemand,1.117,1.117,instances.vantage.sh (AWS Price List mirror)
2026-08-17,AWS,ca-central-1,g5.xlarge,A10G,1.0,spot,0.49235,0.49235,instances.vantage.sh (AWS Price List mirror)
2026-08-17,AWS,ca-central-1,g6.12xlarge,L4,4.0,ondemand,5.10933,1.2773325,instances.vantage.sh (AWS Price List mirror)
2026-08-17,AWS,ca-central-1,g6.12xlarge,L4,4.0,spot,4.421367,1.10534175,instances.vantage.sh (AWS Price List mirror)
2026-08-17,AWS,ca-central-1,g6.16xlarge,L4,1.0,ondemand,3.7716,3.7716,instances.vantage.sh (AWS Price List mirror)
2026-08-17,AWS,ca-central-1,g6.16xlarge,L4,1.0,spot,1.0478,1.0478,instances.vantage.sh (AWS Price List mirror)
2026-08-17,AWS,ca-central-1,g6.24xlarge,L4,4.0,ondemand,7.41173,1.8529325,instances.vantage.sh (AWS Price List mirror)
2026-08-17,AWS,ca-central-1,g6.24xlarge,L4,4.0,spot,6.371167,1.59279175,instances.vantage.sh (AWS Price List mirror)
2026-08-17,AWS,ca-central-1,g6.2xlarge,L4,1.0,ondemand,1.08547,1.08547,instances.vantage.sh (AWS Price List mirror)
2026-08-17,AWS,ca-central-1,g6.2xlarge,L4,1.0,spot,0.656433,0.656433,instances.vantage.sh (AWS Price List mirror)
2026-08-17,AWS,ca-central-1,g6.48xlarge,L4,8.0,ondemand,14.82346,1.8529325,instances.vantage.sh (AWS Price List mirror)
2026-08-17,AWS,ca-central-1,g6.48xlarge,L4,8.0,spot,14.502867,1.812858375,instances.vantage.sh (AWS Price List mirror)
2026-08-17,AWS,ca-central-1,g6.4xlarge,L4,1.0,ondemand,1.4692,1.4692,instances.vantage.sh (AWS Price List mirror)
2026-08-17,AWS,ca-central-1,g6.4xlarge,L4,1.0,spot,1.197867,1.197867,instances.vantage.sh (AWS Price List mirror)
2026-08-17,AWS,ca-central-1,g6.8xlarge,L4,1.0,ondemand,2.23666,2.23666,instances.vantage.sh (AWS Price List mirror)
2026-08-17,AWS,ca-central-1,g6.8xlarge,L4,1.0,spot,0.841533,0.841533,instances.vantage.sh (AWS Price List mirror)
2026-08-17,AWS,ca-central-1,g6.xlarge,L4,1.0,ondemand,0.8936,0.8936,instances.vantage.sh (AWS Price List mirror)
2026-08-17,AWS,ca-central-1,g6.xlarge,L4,1.0,spot,0.722533,0.722533,instances.vantage.sh (AWS Price List mirror)
2026-08-17,AWS,ca-central-1,g6f.2xlarge,L4,0.25,ondemand,0.52741,2.10964,instances.vantage.sh (AWS Price List mirror)
2026-08-17,AWS,ca-central-1,g6f.2xlarge,L4,0.25,spot,0.5274,2.1096,instances.vantage.sh (AWS Price List mirror)
2026-08-17,AWS,ca-central-1,g6f.4xlarge,L4,0.5,ondemand,1.05482,2.10964,instances.vantage.sh (AWS Price List mirror)
2026-08-17,AWS,ca-central-1,g6f.4xlarge,L4,0.5,spot,1.0548,2.1096,instances.vantage.sh (AWS Price List mirror)
2026-08-17,AWS,ca-central-1,g6f.large,L4,0.125,ondemand,0.22429,1.79432,instances.vantage.sh (AWS Price List mirror)
2026-08-17,AWS,ca-central-1,g6f.large,L4,0.125,spot,0.2243,1.7944,instances.vantage.sh (AWS Price List mirror)
2026-08-17,AWS,ca-central-1,g6f.xlarge,L4,0.125,ondemand,0.26371,2.10968,instances.vantage.sh (AWS Price List mirror)
2026-08-17,AWS,ca-central-1,g6f.xlarge,L4,0.125,spot,0.2637,2.1096,instances.vantage.sh (AWS Price List mirror)
2026-08-17,AWS,ca-central-1,gr6.4xlarge,L4,1.0,ondemand,1.709,1.709,instances.vantage.sh (AWS Price List mirror)
2026-08-17,AWS,ca-central-1,gr6.4xlarge,L4,1.0,spot,0.4105,0.4105,instances.vantage.sh (AWS Price List mirror)
2026-08-17,AWS,ca-central-1,gr6.8xlarge,L4,1.0,ondemand,2.71628,2.71628,instances.vantage.sh (AWS Price List mirror)
2026-08-17,AWS,ca-central-1,gr6.8xlarge,L4,1.0,spot,0.6072,0.6072,instances.vantage.sh (AWS Price List mirror)
2026-08-17,AWS,ca-central-1,gr6f.4xlarge,L4,0.5,ondemand,1.1836,2.3672,instances.vantage.sh (AWS Price List mirror)
2026-08-17,AWS,ca-central-1,gr6f.4xlarge,L4,0.5,spot,0.8757,1.7514,instances.vantage.sh (AWS Price List mirror)
2026-08-17,AWS,ca-central-1,p3.16xlarge,V100,8.0,ondemand,26.928,3.366,instances.vantage.sh (AWS Price List mirror)
2026-08-17,AWS,ca-central-1,p3.16xlarge,V100,8.0,spot,11.84832,1.48104,instances.vantage.sh (AWS Price List mirror)
2026-08-17,AWS,ca-central-1,p3.2xlarge,V100,1.0,ondemand,3.366,3.366,instances.vantage.sh (AWS Price List mirror)
2026-08-17,AWS,ca-central-1,p3.2xlarge,V100,1.0,spot,3.366,3.366,instances.vantage.sh (AWS Price List mirror)
2026-08-17,AWS,ca-central-1,p3.8xlarge,V100,4.0,ondemand,13.464,3.366,instances.vantage.sh (AWS Price List mirror)
2026-08-17,AWS,ca-central-1,p3.8xlarge,V100,4.0,spot,7.13592,1.78398,instances.vantage.sh (AWS Price List mirror)
2026-08-17,AWS,ca-central-1,p4d.24xlarge,A100,8.0,ondemand,25.25174,3.1564675,instances.vantage.sh (AWS Price List mirror)
2026-08-17,AWS,ca-central-1,p4d.24xlarge,A100,8.0,spot,25.2517,3.1564625,instances.vantage.sh (AWS Price List mirror)
2026-08-17,AWS,ca-central-1,p5.48xlarge,H100,8.0,ondemand,63.296,7.912,instances.vantage.sh (AWS Price List mirror)
2026-08-17,AWS,ca-central-1,p5.48xlarge,H100,8.0,spot,58.3809,7.2976125,instances.vantage.sh (AWS Price List mirror)
2026-08-17,AWS,ca-central-1-wl1-yto1,g4dn.2xlarge,T4,1.0,ondemand,1.252,1.252,instances.vantage.sh (AWS Price List mirror)
2026-08-17,AWS,eu-central-1,dl2q.24xlarge,Qualcomm AI 100 Accelerators,8.0,ondemand,11.5952,1.4494,instances.vantage.sh (AWS Price List mirror)
2026-08-17,AWS,eu-central-1,dl2q.24xlarge,Qualcomm AI 100 Accelerators,8.0,spot,3.47856,0.43482,instances.vantage.sh (AWS Price List mirror)
2026-08-17,AWS,eu-central-1,g2.2xlarge,K520,1.0,ondemand,0.772,0.772,instances.vantage.sh (AWS Price List mirror)
2026-08-17,AWS,eu-central-1,g2.8xlarge,K520,4.0,ondemand,3.088,0.772,instances.vantage.sh (AWS Price List mirror)
2026-08-17,AWS,eu-central-1,g3.16xlarge,M60,4.0,ondemand,5.7,1.425,instances.vantage.sh (AWS Price List mirror)
2026-08-17,AWS,eu-central-1,g3.4xlarge,M60,1.0,ondemand,1.425,1.425,instances.vantage.sh (AWS Price List mirror)
2026-08-17,AWS,eu-central-1,g3.8xlarge,M60,2.0,ondemand,2.85,1.425,instances.vantage.sh (AWS Price List mirror)
2026-08-17,AWS,eu-central-1,g3s.xlarge,M60,1.0,ondemand,0.938,0.938,instances.vantage.sh (AWS Price List mirror)
2026-08-17,AWS,eu-central-1,g4ad.16xlarge,V520,4.0,ondemand,4.336,1.084,instances.vantage.sh (AWS Price List mirror)
2026-08-17,AWS,eu-central-1,g4ad.16xlarge,V520,4.0,spot,1.59595,0.3989875,instances.vantage.sh (AWS Price List mirror)
2026-08-17,AWS,eu-central-1,g4ad.2xlarge,V520,1.0,ondemand,0.67662,0.67662,instances.vantage.sh (AWS Price List mirror)
2026-08-17,AWS,eu-central-1,g4ad.2xlarge,V520,1.0,spot,0.24555,0.24555,instances.vantage.sh (AWS Price List mirror)
2026-08-17,AWS,eu-central-1,g4ad.4xlarge,V520,1.0,ondemand,1.084,1.084,instances.vantage.sh (AWS Price List mirror)
2026-08-17,AWS,eu-central-1,g4ad.4xlarge,V520,1.0,spot,0.4825,0.4825,instances.vantage.sh (AWS Price List mirror)
2026-08-17,AWS,eu-central-1,g4ad.8xlarge,V520,2.0,ondemand,2.168,1.084,instances.vantage.sh (AWS Price List mirror)
2026-08-17,AWS,eu-central-1,g4ad.8xlarge,V520,2.0,spot,0.947,0.4735,instances.vantage.sh (AWS Price List mirror)
2026-08-17,AWS,eu-central-1,g4ad.xlarge,V520,1.0,ondemand,0.47327,0.47327,instances.vantage.sh (AWS Price List mirror)
2026-08-17,AWS,eu-central-1,g4ad.xlarge,V520,1.0,spot,0.13875,0.13875,instances.vantage.sh (AWS Price List mirror)
2026-08-17,AWS,eu-central-1,g4dn.12xlarge,T4,4.0,ondemand,4.89,1.2225,instances.vantage.sh (AWS Price List mirror)
2026-08-17,AWS,eu-central-1,g4dn.12xlarge,T4,4.0,spot,1.881433,0.47035825,instances.vantage.sh (AWS Price List mirror)
2026-08-17,AWS,eu-central-1,g4dn.16xlarge,T4,1.0,ondemand,5.44,5.44,instances.vantage.sh (AWS Price List mirror)
2026-08-17,AWS,eu-central-1,g4dn.16xlarge,T4,1.0,spot,1.663833,1.663833,instances.vantage.sh (AWS Price List mirror)
2026-08-17,AWS,eu-central-1,g4dn.2xlarge,T4,1.0,ondemand,0.94,0.94,instances.vantage.sh (AWS Price List mirror)
2026-08-17,AWS,eu-central-1,g4dn.2xlarge,T4,1.0,spot,0.4366,0.4366,instances.vantage.sh (AWS Price List mirror)
2026-08-17,AWS,eu-central-1,g4dn.4xlarge,T4,1.0,ondemand,1.505,1.505,instances.vantage.sh (AWS Price List mirror)
2026-08-17,AWS,eu-central-1,g4dn.4xlarge,T4,1.0,spot,0.628167,0.628167,instances.vantage.sh (AWS Price List mirror)
2026-08-17,AWS,eu-central-1,g4dn.8xlarge,T4,1.0,ondemand,2.72,2.72,instances.vantage.sh (AWS Price List mirror)
2026-08-17,AWS,eu-central-1,g4dn.8xlarge,T4,1.0,spot,1.151633,1.151633,instances.vantage.sh (AWS Price List mirror)
2026-08-17,AWS,eu-central-1,g4dn.metal,T4,8.0,ondemand,9.78,1.2225,instances.vantage.sh (AWS Price List mirror)
2026-08-17,AWS,eu-central-1,g4dn.metal,T4,8.0,spot,4.093367,0.511670875,instances.vantage.sh (AWS Price List mirror)
2026-08-17,AWS,eu-central-1,g4dn.xlarge,T4,1.0,ondemand,0.658,0.658,instances.vantage.sh (AWS Price List mirror)
2026-08-17,AWS,eu-central-1,g4dn.xlarge,T4,1.0,spot,0.309167,0.309167,instances.vantage.sh (AWS Price List mirror)
2026-08-17,AWS,eu-central-1,g5.12xlarge,A10G,4.0,ondemand,7.09282,1.773205,instances.vantage.sh (AWS Price List mirror)
2026-08-17,AWS,eu-central-1,g5.12xlarge,A10G,4.0,spot,3.122767,0.78069175,instances.vantage.sh (AWS Price List mirror)
2026-08-17,AWS,eu-central-1,g5.16xlarge,A10G,1.0,ondemand,5.12204,5.12204,instances.vantage.sh (AWS Price List mirror)
2026-08-17,AWS,eu-central-1,g5.16xlarge,A10G,1.0,spot,1.866133,1.866133,instances.vantage.sh (AWS Price List mirror)
2026-08-17,AWS,eu-central-1,g5.24xlarge,A10G,4.0,ondemand,10.18405,2.5460125,instances.vantage.sh (AWS Price List mirror)
2026-08-17,AWS,eu-central-1,g5.24xlarge,A10G,4.0,spot,6.754867,1.68871675,instances.vantage.sh (AWS Price List mirror)
2026-08-17,AWS,eu-central-1,g5.2xlarge,A10G,1.0,ondemand,1.5156,1.5156,instances.vantage.sh (AWS Price List mirror)
2026-08-17,AWS,eu-central-1,g5.2xlarge,A10G,1.0,spot,0.721233,0.721233,instances.vantage.sh (AWS Price List mirror)
2026-08-17,AWS,eu-central-1,g5.48xlarge,A10G,8.0,ondemand,20.3681,2.5460125,instances.vantage.sh (AWS Price List mirror)
2026-08-17,AWS,eu-central-1,g5.48xlarge,A10G,8.0,spot,17.3666,2.170825,instances.vantage.sh (AWS Price List mirror)
2026-08-17,AWS,eu-central-1,g5.4xlarge,A10G,1.0,ondemand,2.03081,2.03081,instances.vantage.sh (AWS Price List mirror)
2026-08-17,AWS,eu-central-1,g5.4xlarge,A10G,1.0,spot,1.0928,1.0928,instances.vantage.sh (AWS Price List mirror)
2026-08-17,AWS,eu-central-1,g5.8xlarge,A10G,1.0,ondemand,3.06122,3.06122,instances.vantage.sh (AWS Price List mirror)
2026-08-17,AWS,eu-central-1,g5.8xlarge,A10G,1.0,spot,0.936233,0.936233,instances.vantage.sh (AWS Price List mirror)
2026-08-17,AWS,eu-central-1,g5.xlarge,A10G,1.0,ondemand,1.258,1.258,instances.vantage.sh (AWS Price List mirror)
2026-08-17,AWS,eu-central-1,g5.xlarge,A10G,1.0,spot,0.553,0.553,instances.vantage.sh (AWS Price List mirror)
2026-08-17,AWS,eu-central-1,g5g.16xlarge,T4G,2.0,ondemand,3.4326,1.7163,instances.vantage.sh (AWS Price List mirror)
2026-08-17,AWS,eu-central-1,g5g.16xlarge,T4G,2.0,spot,0.8724,0.4362,instances.vantage.sh (AWS Price List mirror)
2026-08-17,AWS,eu-central-1,g5g.2xlarge,T4G,1.0,ondemand,0.6955,0.6955,instances.vantage.sh (AWS Price List mirror)
2026-08-17,AWS,eu-central-1,g5g.2xlarge,T4G,1.0,spot,0.1904,0.1904,instances.vantage.sh (AWS Price List mirror)
2026-08-17,AWS,eu-central-1,g5g.4xlarge,T4G,1.0,ondemand,1.0358,1.0358,instances.vantage.sh (AWS Price List mirror)
2026-08-17,AWS,eu-central-1,g5g.4xlarge,T4G,1.0,spot,0.3266,0.3266,instances.vantage.sh (AWS Price List mirror)
2026-08-17,AWS,eu-central-1,g5g.8xlarge,T4G,1.0,ondemand,1.7163,1.7163,instances.vantage.sh (AWS Price List mirror)
2026-08-17,AWS,eu-central-1,g5g.8xlarge,T4G,1.0,spot,0.4096,0.4096,instances.vantage.sh (AWS Price List mirror)
2026-08-17,AWS,eu-central-1,g5g.metal,T4G,2.0,ondemand,3.4326,1.7163,instances.vantage.sh (AWS Price List mirror)
2026-08-17,AWS,eu-central-1,g5g.metal,T4G,2.0,spot,0.6897,0.34485,instances.vantage.sh (AWS Price List mirror)
2026-08-17,AWS,eu-central-1,g5g.xlarge,T4G,1.0,ondemand,0.5254,0.5254,instances.vantage.sh (AWS Price List mirror)
2026-08-17,AWS,eu-central-1,g5g.xlarge,T4G,1.0,spot,0.1173,0.1173,instances.vantage.sh (AWS Price List mirror)
2026-08-17,AWS,eu-central-1,g6.12xlarge,L4,4.0,ondemand,5.75429,1.4385725,instances.vantage.sh (AWS Price List mirror)
2026-08-17,AWS,eu-central-1,g6.12xlarge,L4,4.0,spot,2.533433,0.63335825,instances.vantage.sh (AWS Price List mirror)
2026-08-17,AWS,eu-central-1,g6.16xlarge,L4,1.0,ondemand,4.24769,4.24769,instances.vantage.sh (AWS Price List mirror)
2026-08-17,AWS,eu-central-1,g6.16xlarge,L4,1.0,spot,1.579033,1.579033,instances.vantage.sh (AWS Price List mirror)
2026-08-17,AWS,eu-central-1,g6.24xlarge,L4,4.0,ondemand,8.34732,2.08683,instances.vantage.sh (AWS Price List mirror)
2026-08-17,AWS,eu-central-1,g6.24xlarge,L4,4.0,spot,3.164667,0.79116675,instances.vantage.sh (AWS Price List mirror)
2026-08-17,AWS,eu-central-1,g6.2xlarge,L4,1.0,ondemand,1.22249,1.22249,instances.vantage.sh (AWS Price List mirror)
2026-08-17,AWS,eu-central-1,g6.2xlarge,L4,1.0,spot,0.551533,0.551533,instances.vantage.sh (AWS Price List mirror)
2026-08-17,AWS,eu-central-1,g6.48xlarge,L4,8.0,ondemand,16.69464,2.08683,instances.vantage.sh (AWS Price List mirror)
2026-08-17,AWS,eu-central-1,g6.48xlarge,L4,8.0,spot,6.002933,0.750366625,instances.vantage.sh (AWS Price List mirror)
2026-08-17,AWS,eu-central-1,g6.4xlarge,L4,1.0,ondemand,1.65466,1.65466,instances.vantage.sh (AWS Price List mirror)
2026-08-17,AWS,eu-central-1,g6.4xlarge,L4,1.0,spot,0.656,0.656,instances.vantage.sh (AWS Price List mirror)
2026-08-17,AWS,eu-central-1,g6.8xlarge,L4,1.0,ondemand,2.519,2.519,instances.vantage.sh (AWS Price List mirror)
2026-08-17,AWS,eu-central-1,g6.8xlarge,L4,1.0,spot,0.915167,0.915167,instances.vantage.sh (AWS Price List mirror)
2026-08-17,AWS,eu-central-1,g6.xlarge,L4,1.0,ondemand,1.0064,1.0064,instances.vantage.sh (AWS Price List mirror)
2026-08-17,AWS,eu-central-1,g6.xlarge,L4,1.0,spot,0.4801,0.4801,instances.vantage.sh (AWS Price List mirror)
2026-08-17,AWS,eu-central-1,g6e.12xlarge,L40S,4.0,ondemand,13.12002,3.280005,instances.vantage.sh (AWS Price List mirror)
2026-08-17,AWS,eu-central-1,g6e.12xlarge,L40S,4.0,spot,6.932767,1.73319175,instances.vantage.sh (AWS Price List mirror)
2026-08-17,AWS,eu-central-1,g6e.16xlarge,L40S,1.0,ondemand,9.47454,9.47454,instances.vantage.sh (AWS Price List mirror)
2026-08-17,AWS,eu-central-1,g6e.16xlarge,L40S,1.0,spot,2.645933,2.645933,instances.vantage.sh (AWS Price List mirror)
2026-08-17,AWS,eu-central-1,g6e.24xlarge,L40S,4.0,ondemand,18.83806,4.709515,instances.vantage.sh (AWS Price List mirror)
2026-08-17,AWS,eu-central-1,g6e.24xlarge,L40S,4.0,spot,11.923967,2.98099175,instances.vantage.sh (AWS Price List mirror)
2026-08-17,AWS,eu-central-1,g6e.2xlarge,L40S,1.0,ondemand,2.8035,2.8035,instances.vantage.sh (AWS Price List mirror)
2026-08-17,AWS,eu-central-1,g6e.2xlarge,L40S,1.0,spot,2.4313,2.4313,instances.vantage.sh (AWS Price List mirror)
2026-08-17,AWS,eu-central-1,g6e.48xlarge,L40S,8.0,ondemand,37.67612,4.709515,instances.vantage.sh (AWS Price List mirror)
2026-08-17,AWS,eu-central-1,g6e.48xlarge,L40S,8.0,spot,37.6761,4.7095125,instances.vantage.sh (AWS Price List mirror)
2026-08-17,AWS,eu-central-1,g6e.4xlarge,L40S,1.0,ondemand,3.75651,3.75651,instances.vantage.sh (AWS Price List mirror)
2026-08-17,AWS,eu-central-1,g6e.4xlarge,L40S,1.0,spot,1.304967,1.304967,instances.vantage.sh (AWS Price List mirror)
2026-08-17,AWS,eu-central-1,g6e.8xlarge,L40S,1.0,ondemand,5.66252,5.66252,instances.vantage.sh (AWS Price List mirror)
2026-08-17,AWS,eu-central-1,g6e.8xlarge,L40S,1.0,spot,3.1513,3.1513,instances.vantage.sh (AWS Price List mirror)
2026-08-17,AWS,eu-central-1,g6e.xlarge,L40S,1.0,ondemand,2.327,2.327,instances.vantage.sh (AWS Price List mirror)
2026-08-17,AWS,eu-central-1,g6e.xlarge,L40S,1.0,spot,1.8023,1.8023,instances.vantage.sh (AWS Price List mirror)
2026-08-17,AWS,eu-central-1,g6f.2xlarge,L4,0.25,ondemand,0.594,2.376,instances.vantage.sh (AWS Price List mirror)
2026-08-17,AWS,eu-central-1,g6f.2xlarge,L4,0.25,spot,0.2198,0.8792,instances.vantage.sh (AWS Price List mirror)
2026-08-17,AWS,eu-central-1,g6f.4xlarge,L4,0.5,ondemand,1.188,2.376,instances.vantage.sh (AWS Price List mirror)
2026-08-17,AWS,eu-central-1,g6f.4xlarge,L4,0.5,spot,0.45345,0.9069,instances.vantage.sh (AWS Price List mirror)
2026-08-17,AWS,eu-central-1,g6f.large,L4,0.125,ondemand,0.25261,2.02088,instances.vantage.sh (AWS Price List mirror)
2026-08-17,AWS,eu-central-1,g6f.large,L4,0.125,spot,0.08845,0.7076,instances.vantage.sh (AWS Price List mirror)
2026-08-17,AWS,eu-central-1,g6f.xlarge,L4,0.125,ondemand,0.297,2.376,instances.vantage.sh (AWS Price List mirror)
2026-08-17,AWS,eu-central-1,g6f.xlarge,L4,0.125,spot,0.1181,0.9448,instances.vantage.sh (AWS Price List mirror)
2026-08-17,AWS,eu-central-1,g7e.12xlarge,NVIDIA RTX PRO 6000 Blackwell,2.0,ondemand,14.09088,7.04544,instances.vantage.sh (AWS Price List mirror)
2026-08-17,AWS,eu-central-1,g7e.12xlarge,NVIDIA RTX PRO 6000 Blackwell,2.0,spot,3.9363,1.96815,instances.vantage.sh (AWS Price List mirror)
2026-08-17,AWS,eu-central-1,g7e.24xlarge,NVIDIA RTX PRO 6000 Blackwell,4.0,ondemand,28.18177,7.0454425,instances.vantage.sh (AWS Price List mirror)
2026-08-17,AWS,eu-central-1,g7e.24xlarge,NVIDIA RTX PRO 6000 Blackwell,4.0,spot,14.3321,3.583025,instances.vantage.sh (AWS Price List mirror)
2026-08-17,AWS,eu-central-1,g7e.2xlarge,NVIDIA RTX PRO 6000 Blackwell,1.0,ondemand,5.71915,5.71915,instances.vantage.sh (AWS Price List mirror)
2026-08-17,AWS,eu-central-1,g7e.2xlarge,NVIDIA RTX PRO 6000 Blackwell,1.0,spot,1.97315,1.97315,instances.vantage.sh (AWS Price List mirror)
2026-08-17,AWS,eu-central-1,g7e.48xlarge,NVIDIA RTX PRO 6000 Blackwell,8.0,ondemand,56.36354,7.0454425,instances.vantage.sh (AWS Price List mirror)
2026-08-17,AWS,eu-central-1,g7e.48xlarge,NVIDIA RTX PRO 6000 Blackwell,8.0,spot,20.39775,2.54971875,instances.vantage.sh (AWS Price List mirror)
2026-08-17,AWS,eu-central-1,g7e.4xlarge,NVIDIA RTX PRO 6000 Blackwell,1.0,ondemand,6.79907,6.79907,instances.vantage.sh (AWS Price List mirror)
2026-08-17,AWS,eu-central-1,g7e.4xlarge,NVIDIA RTX PRO 6000 Blackwell,1.0,spot,2.10715,2.10715,instances.vantage.sh (AWS Price List mirror)
2026-08-17,AWS,eu-central-1,g7e.8xlarge,NVIDIA RTX PRO 6000 Blackwell,1.0,ondemand,8.9589,8.9589,instances.vantage.sh (AWS Price List mirror)
2026-08-17,AWS,eu-central-1,g7e.8xlarge,NVIDIA RTX PRO 6000 Blackwell,1.0,spot,2.4154,2.4154,instances.vantage.sh (AWS Price List mirror)
2026-08-17,AWS,eu-central-1,gr6.4xlarge,L4,1.0,ondemand,1.9248,1.9248,instances.vantage.sh (AWS Price List mirror)
2026-08-17,AWS,eu-central-1,gr6.4xlarge,L4,1.0,spot,0.79095,0.79095,instances.vantage.sh (AWS Price List mirror)
2026-08-17,AWS,eu-central-1,gr6.8xlarge,L4,1.0,ondemand,3.05927,3.05927,instances.vantage.sh (AWS Price List mirror)
2026-08-17,AWS,eu-central-1,gr6.8xlarge,L4,1.0,spot,0.82715,0.82715,instances.vantage.sh (AWS Price List mirror)
2026-08-17,AWS,eu-central-1,gr6f.4xlarge,L4,0.5,ondemand,1.33305,2.6661,instances.vantage.sh (AWS Price List mirror)
2026-08-17,AWS,eu-central-1,gr6f.4xlarge,L4,0.5,spot,0.52545,1.0509,instances.vantage.sh (AWS Price List mirror)
2026-08-17,AWS,eu-central-1,p2.16xlarge,K80,16.0,ondemand,21.216,1.326,instances.vantage.sh (AWS Price List mirror)
2026-08-17,AWS,eu-central-1,p2.8xlarge,K80,8.0,ondemand,10.608,1.326,instances.vantage.sh (AWS Price List mirror)
2026-08-17,AWS,eu-central-1,p2.xlarge,K80,1.0,ondemand,1.326,1.326,instances.vantage.sh (AWS Price List mirror)
2026-08-17,AWS,eu-central-1,p3.16xlarge,V100,8.0,ondemand,30.584,3.823,instances.vantage.sh (AWS Price List mirror)
2026-08-17,AWS,eu-central-1,p3.16xlarge,V100,8.0,spot,30.584,3.823,instances.vantage.sh (AWS Price List mirror)
2026-08-17,AWS,eu-central-1,p3.2xlarge,V100,1.0,ondemand,3.823,3.823,instances.vantage.sh (AWS Price List mirror)
2026-08-17,AWS,eu-central-1,p3.2xlarge,V100,1.0,spot,3.823,3.823,instances.vantage.sh (AWS Price List mirror)
2026-08-17,AWS,eu-central-1,p3.8xlarge,V100,4.0,ondemand,15.292,3.823,instances.vantage.sh (AWS Price List mirror)
2026-08-17,AWS,eu-central-1,p3.8xlarge,V100,4.0,spot,10.10075,2.5251875,instances.vantage.sh (AWS Price List mirror)
2026-08-17,AWS,eu-central-1,p4d.24xlarge,A100,8.0,ondemand,27.43298,3.4291225,instances.vantage.sh (AWS Price List mirror)
2026-08-17,AWS,eu-central-1,p4d.24xlarge,A100,8.0,spot,22.185533,2.773191625,instances.vantage.sh (AWS Price List mirror)
2026-08-17,AWS,eu-central-1,p4de.24xlarge,A100,8.0,ondemand,34.29122,4.2864025,instances.vantage.sh (AWS Price List mirror)
2026-08-17,AWS,eu-central-1,p4de.24xlarge,A100,8.0,spot,23.1894,2.898675,instances.vantage.sh (AWS Price List mirror)
2026-08-17,AWS,eu-central-1-ham-1,g4dn.2xlarge,T4,1.0,ondemand,1.363,1.363,instances.vantage.sh (AWS Price List mirror)
2026-08-17,AWS,eu-central-1-waw-1,g4dn.2xlarge,T4,1.0,ondemand,1.175,1.175,instances.vantage.sh (AWS Price List mirror)
2026-08-17,AWS,eu-central-1-wl1-ber1,g4dn.2xlarge,T4,1.0,ondemand,1.222,1.222,instances.vantage.sh (AWS Price List mirror)
2026-08-17,AWS,eu-central-1-wl1-dtm1,g4dn.2xlarge,T4,1.0,ondemand,1.222,1.222,instances.vantage.sh (AWS Price List mirror)
2026-08-17,AWS,eu-central-1-wl1-muc1,g4dn.2xlarge,T4,1.0,ondemand,1.222,1.222,instances.vantage.sh (AWS Price List mirror)
2026-08-17,AWS,eu-central-2,g6.12xlarge,L4,4.0,ondemand,6.2037,1.550925,instances.vantage.sh (AWS Price List mirror)
2026-08-17,AWS,eu-central-2,g6.12xlarge,L4,4.0,spot,1.799073,0.44976825,instances.vantage.sh (AWS Price List mirror)
2026-08-17,AWS,eu-central-2,g6.16xlarge,L4,1.0,ondemand,4.57943,4.57943,instances.vantage.sh (AWS Price List mirror)
2026-08-17,AWS,eu-central-2,g6.16xlarge,L4,1.0,spot,0.870092,0.870092,instances.vantage.sh (AWS Price List mirror)
2026-08-17,AWS,eu-central-2,g6.24xlarge,L4,4.0,ondemand,8.99924,2.24981,instances.vantage.sh (AWS Price List mirror)
2026-08-17,AWS,eu-central-2,g6.24xlarge,L4,4.0,spot,1.88984,0.47246,instances.vantage.sh (AWS Price List mirror)
2026-08-17,AWS,eu-central-2,g6.2xlarge,L4,1.0,ondemand,1.31796,1.31796,instances.vantage.sh (AWS Price List mirror)
2026-08-17,AWS,eu-central-2,g6.2xlarge,L4,1.0,spot,0.382208,0.382208,instances.vantage.sh (AWS Price List mirror)
2026-08-17,AWS,eu-central-2,g6.48xlarge,L4,8.0,ondemand,17.99849,2.24981125,instances.vantage.sh (AWS Price List mirror)
2026-08-17,AWS,eu-central-2,g6.48xlarge,L4,8.0,spot,3.599698,0.44996225,instances.vantage.sh (AWS Price List mirror)
2026-08-17,AWS,eu-central-2,g6.4xlarge,L4,1.0,ondemand,1.78389,1.78389,instances.vantage.sh (AWS Price List mirror)
2026-08-17,AWS,eu-central-2,g6.4xlarge,L4,1.0,spot,0.48165,0.48165,instances.vantage.sh (AWS Price List mirror)
2026-08-17,AWS,eu-central-2,g6.8xlarge,L4,1.0,ondemand,2.71574,2.71574,instances.vantage.sh (AWS Price List mirror)
2026-08-17,AWS,eu-central-2,g6.8xlarge,L4,1.0,spot,0.570305,0.570305,instances.vantage.sh (AWS Price List mirror)
2026-08-17,AWS,eu-central-2,g6.xlarge,L4,1.0,ondemand,1.085,1.085,instances.vantage.sh (AWS Price List mirror)
2026-08-17,AWS,eu-central-2,g6.xlarge,L4,1.0,spot,0.22785,0.22785,instances.vantage.sh (AWS Price List mirror)
2026-08-17,AWS,eu-central-2,gr6.4xlarge,L4,1.0,ondemand,2.1649,2.1649,instances.vantage.sh (AWS Price List mirror)
2026-08-17,AWS,eu-central-2,gr6.4xlarge,L4,1.0,spot,0.454629,0.454629,instances.vantage.sh (AWS Price List mirror)
2026-08-17,AWS,eu-central-2,gr6.8xlarge,L4,1.0,ondemand,3.44089,3.44089,instances.vantage.sh (AWS Price List mirror)
2026-08-17,AWS,eu-central-2,gr6.8xlarge,L4,1.0,spot,0.722587,0.722587,instances.vantage.sh (AWS Price List mirror)
2026-08-17,AWS,eu-north-1,g4dn.12xlarge,T4,4.0,ondemand,4.15,1.0375,instances.vantage.sh (AWS Price List mirror)
2026-08-17,AWS,eu-north-1,g4dn.12xlarge,T4,4.0,spot,1.499067,0.37476675,instances.vantage.sh (AWS Price List mirror)
2026-08-17,AWS,eu-north-1,g4dn.16xlarge,T4,1.0,ondemand,4.617,4.617,instances.vantage.sh (AWS Price List mirror)
2026-08-17,AWS,eu-north-1,g4dn.16xlarge,T4,1.0,spot,0.4617,0.4617,instances.vantage.sh (AWS Price List mirror)
2026-08-17,AWS,eu-north-1,g4dn.2xlarge,T4,1.0,ondemand,0.798,0.798,instances.vantage.sh (AWS Price List mirror)
2026-08-17,AWS,eu-north-1,g4dn.2xlarge,T4,1.0,spot,0.1802,0.1802,instances.vantage.sh (AWS Price List mirror)
2026-08-17,AWS,eu-north-1,g4dn.4xlarge,T4,1.0,ondemand,1.277,1.277,instances.vantage.sh (AWS Price List mirror)
2026-08-17,AWS,eu-north-1,g4dn.4xlarge,T4,1.0,spot,0.3746,0.3746,instances.vantage.sh (AWS Price List mirror)
2026-08-17,AWS,eu-north-1,g4dn.8xlarge,T4,1.0,ondemand,2.308,2.308,instances.vantage.sh (AWS Price List mirror)
2026-08-17,AWS,eu-north-1,g4dn.8xlarge,T4,1.0,spot,0.408367,0.408367,instances.vantage.sh (AWS Price List mirror)
2026-08-17,AWS,eu-north-1,g4dn.metal,T4,8.0,ondemand,8.3,1.0375,instances.vantage.sh (AWS Price List mirror)
2026-08-17,AWS,eu-north-1,g4dn.metal,T4,8.0,spot,3.019933,0.377491625,instances.vantage.sh (AWS Price List mirror)
2026-08-17,AWS,eu-north-1,g4dn.xlarge,T4,1.0,ondemand,0.558,0.558,instances.vantage.sh (AWS Price List mirror)
2026-08-17,AWS,eu-north-1,g4dn.xlarge,T4,1.0,spot,0.157633,0.157633,instances.vantage.sh (AWS Price List mirror)
2026-08-17,AWS,eu-north-1,g5.12xlarge,A10G,4.0,ondemand,6.01593,1.5039825,instances.vantage.sh (AWS Price List mirror)
2026-08-17,AWS,eu-north-1,g5.12xlarge,A10G,4.0,spot,2.2889,0.572225,instances.vantage.sh (AWS Price List mirror)
2026-08-17,AWS,eu-north-1,g5.16xlarge,A10G,1.0,ondemand,4.34437,4.34437,instances.vantage.sh (AWS Price List mirror)
2026-08-17,AWS,eu-north-1,g5.16xlarge,A10G,1.0,spot,1.0702,1.0702,instances.vantage.sh (AWS Price List mirror)
2026-08-17,AWS,eu-north-1,g5.24xlarge,A10G,4.0,ondemand,8.63782,2.159455,instances.vantage.sh (AWS Price List mirror)
2026-08-17,AWS,eu-north-1,g5.24xlarge,A10G,4.0,spot,2.71425,0.6785625,instances.vantage.sh (AWS Price List mirror)
2026-08-17,AWS,eu-north-1,g5.2xlarge,A10G,1.0,ondemand,1.28549,1.28549,instances.vantage.sh (AWS Price List mirror)
2026-08-17,AWS,eu-north-1,g5.2xlarge,A10G,1.0,spot,0.4391,0.4391,instances.vantage.sh (AWS Price List mirror)
2026-08-17,AWS,eu-north-1,g5.48xlarge,A10G,8.0,ondemand,17.27564,2.159455,instances.vantage.sh (AWS Price List mirror)
2026-08-17,AWS,eu-north-1,g5.48xlarge,A10G,8.0,spot,4.8077,0.6009625,instances.vantage.sh (AWS Price List mirror)
2026-08-17,AWS,eu-north-1,g5.4xlarge,A10G,1.0,ondemand,1.72247,1.72247,instances.vantage.sh (AWS Price List mirror)
2026-08-17,AWS,eu-north-1,g5.4xlarge,A10G,1.0,spot,0.5429,0.5429,instances.vantage.sh (AWS Price List mirror)
2026-08-17,AWS,eu-north-1,g5.8xlarge,A10G,1.0,ondemand,2.59644,2.59644,instances.vantage.sh (AWS Price List mirror)
2026-08-17,AWS,eu-north-1,g5.8xlarge,A10G,1.0,spot,0.90845,0.90845,instances.vantage.sh (AWS Price List mirror)
2026-08-17,AWS,eu-north-1,g5.xlarge,A10G,1.0,ondemand,1.067,1.067,instances.vantage.sh (AWS Price List mirror)
2026-08-17,AWS,eu-north-1,g5.xlarge,A10G,1.0,spot,0.38835,0.38835,instances.vantage.sh (AWS Price List mirror)
2026-08-17,AWS,eu-north-1,g6.12xlarge,L4,4.0,ondemand,4.88062,1.220155,instances.vantage.sh (AWS Price List mirror)
2026-08-17,AWS,eu-north-1,g6.12xlarge,L4,4.0,spot,1.323,0.33075,instances.vantage.sh (AWS Price List mirror)
2026-08-17,AWS,eu-north-1,g6.16xlarge,L4,1.0,ondemand,3.60277,3.60277,instances.vantage.sh (AWS Price List mirror)
2026-08-17,AWS,eu-north-1,g6.16xlarge,L4,1.0,spot,1.0101,1.0101,instances.vantage.sh (AWS Price List mirror)
2026-08-17,AWS,eu-north-1,g6.24xlarge,L4,4.0,ondemand,7.07996,1.76999,instances.vantage.sh (AWS Price List mirror)
2026-08-17,AWS,eu-north-1,g6.24xlarge,L4,4.0,spot,1.67565,0.4189125,instances.vantage.sh (AWS Price List mirror)
2026-08-17,AWS,eu-north-1,g6.2xlarge,L4,1.0,ondemand,1.03688,1.03688,instances.vantage.sh (AWS Price List mirror)
2026-08-17,AWS,eu-north-1,g6.2xlarge,L4,1.0,spot,0.2692,0.2692,instances.vantage.sh (AWS Price List mirror)
2026-08-17,AWS,eu-north-1,g6.48xlarge,L4,8.0,ondemand,14.15992,1.76999,instances.vantage.sh (AWS Price List mirror)
2026-08-17,AWS,eu-north-1,g6.48xlarge,L4,8.0,spot,3.2634,0.407925,instances.vantage.sh (AWS Price List mirror)
2026-08-17,AWS,eu-north-1,g6.4xlarge,L4,1.0,ondemand,1.40343,1.40343,instances.vantage.sh (AWS Price List mirror)
2026-08-17,AWS,eu-north-1,g6.4xlarge,L4,1.0,spot,0.3184,0.3184,instances.vantage.sh (AWS Price List mirror)
2026-08-17,AWS,eu-north-1,g6.8xlarge,L4,1.0,ondemand,2.13655,2.13655,instances.vantage.sh (AWS Price List mirror)
2026-08-17,AWS,eu-north-1,g6.8xlarge,L4,1.0,spot,0.5378,0.5378,instances.vantage.sh (AWS Price List mirror)
2026-08-17,AWS,eu-north-1,g6.xlarge,L4,1.0,ondemand,0.8536,0.8536,instances.vantage.sh (AWS Price List mirror)
2026-08-17,AWS,eu-north-1,g6.xlarge,L4,1.0,spot,0.30065,0.30065,instances.vantage.sh (AWS Price List mirror)
2026-08-17,AWS,eu-north-1,g6e.12xlarge,L40S,4.0,ondemand,11.12975,2.7824375,instances.vantage.sh (AWS Price List mirror)
2026-08-17,AWS,eu-north-1,g6e.12xlarge,L40S,4.0,spot,7.3475,1.836875,instances.vantage.sh (AWS Price List mirror)
2026-08-17,AWS,eu-north-1,g6e.16xlarge,L40S,1.0,ondemand,8.03728,8.03728,instances.vantage.sh (AWS Price List mirror)
2026-08-17,AWS,eu-north-1,g6e.16xlarge,L40S,1.0,spot,2.3124,2.3124,instances.vantage.sh (AWS Price List mirror)
2026-08-17,AWS,eu-north-1,g6e.24xlarge,L40S,4.0,ondemand,15.98037,3.9950925,instances.vantage.sh (AWS Price List mirror)
2026-08-17,AWS,eu-north-1,g6e.24xlarge,L40S,4.0,spot,10.4132,2.6033,instances.vantage.sh (AWS Price List mirror)
2026-08-17,AWS,eu-north-1,g6e.2xlarge,L40S,1.0,ondemand,2.37822,2.37822,instances.vantage.sh (AWS Price List mirror)
2026-08-17,AWS,eu-north-1,g6e.2xlarge,L40S,1.0,spot,0.73905,0.73905,instances.vantage.sh (AWS Price List mirror)
2026-08-17,AWS,eu-north-1,g6e.48xlarge,L40S,8.0,ondemand,31.96075,3.99509375,instances.vantage.sh (AWS Price List mirror)
2026-08-17,AWS,eu-north-1,g6e.48xlarge,L40S,8.0,spot,20.05265,2.50658125,instances.vantage.sh (AWS Price List mirror)
2026-08-17,AWS,eu-north-1,g6e.4xlarge,L40S,1.0,ondemand,3.18666,3.18666,instances.vantage.sh (AWS Price List mirror)
2026-08-17,AWS,eu-north-1,g6e.4xlarge,L40S,1.0,spot,1.11115,1.11115,instances.vantage.sh (AWS Price List mirror)
2026-08-17,AWS,eu-north-1,g6e.8xlarge,L40S,1.0,ondemand,4.80353,4.80353,instances.vantage.sh (AWS Price List mirror)
2026-08-17,AWS,eu-north-1,g6e.8xlarge,L40S,1.0,spot,1.31665,1.31665,instances.vantage.sh (AWS Price List mirror)
2026-08-17,AWS,eu-north-1,g6e.xlarge,L40S,1.0,ondemand,1.974,1.974,instances.vantage.sh (AWS Price List mirror)
2026-08-17,AWS,eu-north-1,g6e.xlarge,L40S,1.0,spot,0.77505,0.77505,instances.vantage.sh (AWS Price List mirror)
2026-08-17,AWS,eu-north-1,g6f.2xlarge,L4,0.25,ondemand,0.50379,2.01516,instances.vantage.sh (AWS Price List mirror)
2026-08-17,AWS,eu-north-1,g6f.2xlarge,L4,0.25,spot,0.1289,0.5156,instances.vantage.sh (AWS Price List mirror)
2026-08-17,AWS,eu-north-1,g6f.4xlarge,L4,0.5,ondemand,1.00758,2.01516,instances.vantage.sh (AWS Price List mirror)
2026-08-17,AWS,eu-north-1,g6f.4xlarge,L4,0.5,spot,0.20265,0.4053,instances.vantage.sh (AWS Price List mirror)
2026-08-17,AWS,eu-north-1,g6f.large,L4,0.125,ondemand,0.21424,1.71392,instances.vantage.sh (AWS Price List mirror)
2026-08-17,AWS,eu-north-1,g6f.large,L4,0.125,spot,0.03115,0.2492,instances.vantage.sh (AWS Price List mirror)
2026-08-17,AWS,eu-north-1,g6f.xlarge,L4,0.125,ondemand,0.2519,2.0152,instances.vantage.sh (AWS Price List mirror)
2026-08-17,AWS,eu-north-1,g6f.xlarge,L4,0.125,spot,0.0625,0.5,instances.vantage.sh (AWS Price List mirror)
2026-08-17,AWS,eu-north-1,g7e.12xlarge,NVIDIA RTX PRO 6000 Blackwell,2.0,ondemand,11.95333,5.976665,instances.vantage.sh (AWS Price List mirror)
2026-08-17,AWS,eu-north-1,g7e.12xlarge,NVIDIA RTX PRO 6000 Blackwell,2.0,spot,6.0992,3.0496,instances.vantage.sh (AWS Price List mirror)
2026-08-17,AWS,eu-north-1,g7e.24xlarge,NVIDIA RTX PRO 6000 Blackwell,4.0,ondemand,23.90667,5.9766675,instances.vantage.sh (AWS Price List mirror)
2026-08-17,AWS,eu-north-1,g7e.24xlarge,NVIDIA RTX PRO 6000 Blackwell,4.0,spot,14.62525,3.6563125,instances.vantage.sh (AWS Price List mirror)
2026-08-17,AWS,eu-north-1,g7e.2xlarge,NVIDIA RTX PRO 6000 Blackwell,1.0,ondemand,4.85157,4.85157,instances.vantage.sh (AWS Price List mirror)
2026-08-17,AWS,eu-north-1,g7e.2xlarge,NVIDIA RTX PRO 6000 Blackwell,1.0,spot,2.7395,2.7395,instances.vantage.sh (AWS Price List mirror)
2026-08-17,AWS,eu-north-1,g7e.48xlarge,NVIDIA RTX PRO 6000 Blackwell,8.0,ondemand,47.81334,5.9766675,instances.vantage.sh (AWS Price List mirror)
2026-08-17,AWS,eu-north-1,g7e.48xlarge,NVIDIA RTX PRO 6000 Blackwell,8.0,spot,8.55565,1.06945625,instances.vantage.sh (AWS Price List mirror)
2026-08-17,AWS,eu-north-1,g7e.4xlarge,NVIDIA RTX PRO 6000 Blackwell,1.0,ondemand,5.76767,5.76767,instances.vantage.sh (AWS Price List mirror)
2026-08-17,AWS,eu-north-1,g7e.4xlarge,NVIDIA RTX PRO 6000 Blackwell,1.0,spot,3.43605,3.43605,instances.vantage.sh (AWS Price List mirror)
2026-08-17,AWS,eu-north-1,g7e.8xlarge,NVIDIA RTX PRO 6000 Blackwell,1.0,ondemand,7.59986,7.59986,instances.vantage.sh (AWS Price List mirror)
2026-08-17,AWS,eu-north-1,g7e.8xlarge,NVIDIA RTX PRO 6000 Blackwell,1.0,spot,1.77595,1.77595,instances.vantage.sh (AWS Price List mirror)
2026-08-17,AWS,eu-north-1,gr6.4xlarge,L4,1.0,ondemand,1.6326,1.6326,instances.vantage.sh (AWS Price List mirror)
2026-08-17,AWS,eu-north-1,gr6.4xlarge,L4,1.0,spot,0.34985,0.34985,instances.vantage.sh (AWS Price List mirror)
2026-08-17,AWS,eu-north-1,gr6.8xlarge,L4,1.0,ondemand,2.59485,2.59485,instances.vantage.sh (AWS Price List mirror)
2026-08-17,AWS,eu-north-1,gr6.8xlarge,L4,1.0,spot,0.4479,0.4479,instances.vantage.sh (AWS Price List mirror)
2026-08-17,AWS,eu-north-1,gr6f.4xlarge,L4,0.5,ondemand,1.13069,2.26138,instances.vantage.sh (AWS Price List mirror)
2026-08-17,AWS,eu-north-1,gr6f.4xlarge,L4,0.5,spot,0.22265,0.4453,instances.vantage.sh (AWS Price List mirror)
2026-08-17,AWS,eu-north-1,p4d.24xlarge,A100,8.0,ondemand,23.71569,2.96446125,instances.vantage.sh (AWS Price List mirror)
2026-08-17,AWS,eu-north-1,p4d.24xlarge,A100,8.0,spot,10.5523,1.3190375,instances.vantage.sh (AWS Price List mirror)
2026-08-17,AWS,eu-north-1,p5.48xlarge,H100,8.0,ondemand,58.8928,7.3616,instances.vantage.sh (AWS Price List mirror)
2026-08-17,AWS,eu-north-1,p5.48xlarge,H100,8.0,spot,14.9335,1.8666875,instances.vantage.sh (AWS Price List mirror)
2026-08-17,AWS,eu-north-1,p5en.48xlarge,H200,8.0,ondemand,67.72672,8.46584,instances.vantage.sh (AWS Price List mirror)
2026-08-17,AWS,eu-north-1,p5en.48xlarge,H200,8.0,spot,64.4333,8.0541625,instances.vantage.sh (AWS Price List mirror)
2026-08-17,AWS,eu-north-1-cph-1,g4dn.2xlarge,T4,1.0,ondemand,1.157,1.157,instances.vantage.sh (AWS Price List mirror)
2026-08-17,AWS,eu-north-1-hel-1,g4dn.2xlarge,T4,1.0,ondemand,0.997,0.997,instances.vantage.sh (AWS Price List mirror)
2026-08-17,AWS,eu-south-1,g4dn.12xlarge,T4,4.0,ondemand,4.58,1.145,instances.vantage.sh (AWS Price List mirror)
2026-08-17,AWS,eu-south-1,g4dn.12xlarge,T4,4.0,spot,2.1068,0.5267,instances.vantage.sh (AWS Price List mirror)
2026-08-17,AWS,eu-south-1,g4dn.16xlarge,T4,1.0,ondemand,5.095,5.095,instances.vantage.sh (AWS Price List mirror)
2026-08-17,AWS,eu-south-1,g4dn.16xlarge,T4,1.0,spot,0.5095,0.5095,instances.vantage.sh (AWS Price List mirror)
2026-08-17,AWS,eu-south-1,g4dn.2xlarge,T4,1.0,ondemand,0.88,0.88,instances.vantage.sh (AWS Price List mirror)
2026-08-17,AWS,eu-south-1,g4dn.2xlarge,T4,1.0,spot,0.1232,0.1232,instances.vantage.sh (AWS Price List mirror)
2026-08-17,AWS,eu-south-1,g4dn.4xlarge,T4,1.0,ondemand,1.41,1.41,instances.vantage.sh (AWS Price List mirror)
2026-08-17,AWS,eu-south-1,g4dn.4xlarge,T4,1.0,spot,0.3102,0.3102,instances.vantage.sh (AWS Price List mirror)
2026-08-17,AWS,eu-south-1,g4dn.8xlarge,T4,1.0,ondemand,2.547,2.547,instances.vantage.sh (AWS Price List mirror)
2026-08-17,AWS,eu-south-1,g4dn.8xlarge,T4,1.0,spot,0.2547,0.2547,instances.vantage.sh (AWS Price List mirror)
2026-08-17,AWS,eu-south-1,g4dn.metal,T4,8.0,ondemand,9.16,1.145,instances.vantage.sh (AWS Price List mirror)
2026-08-17,AWS,eu-south-1,g4dn.metal,T4,8.0,spot,2.8396,0.35495,instances.vantage.sh (AWS Price List mirror)
2026-08-17,AWS,eu-south-1,g4dn.xlarge,T4,1.0,ondemand,0.616,0.616,instances.vantage.sh (AWS Price List mirror)
2026-08-17,AWS,eu-south-1,g4dn.xlarge,T4,1.0,spot,0.08008,0.08008,instances.vantage.sh (AWS Price List mirror)
2026-08-17,AWS,eu-south-2,g5.12xlarge,A10G,4.0,ondemand,5.97646,1.494115,instances.vantage.sh (AWS Price List mirror)
2026-08-17,AWS,eu-south-2,g5.16xlarge,A10G,1.0,ondemand,4.31586,4.31586,instances.vantage.sh (AWS Price List mirror)
2026-08-17,AWS,eu-south-2,g5.24xlarge,A10G,4.0,ondemand,8.58115,2.1452875,instances.vantage.sh (AWS Price List mirror)
2026-08-17,AWS,eu-south-2,g5.2xlarge,A10G,1.0,ondemand,1.27706,1.27706,instances.vantage.sh (AWS Price List mirror)
2026-08-17,AWS,eu-south-2,g5.48xlarge,A10G,8.0,ondemand,17.16231,2.14528875,instances.vantage.sh (AWS Price List mirror)
2026-08-17,AWS,eu-south-2,g5.4xlarge,A10G,1.0,ondemand,1.71117,1.71117,instances.vantage.sh (AWS Price List mirror)
2026-08-17,AWS,eu-south-2,g5.8xlarge,A10G,1.0,ondemand,2.5794,2.5794,instances.vantage.sh (AWS Price List mirror)
2026-08-17,AWS,eu-south-2,g5.xlarge,A10G,1.0,ondemand,1.06,1.06,instances.vantage.sh (AWS Price List mirror)
2026-08-17,AWS,eu-south-2,g5g.16xlarge,T4G,2.0,ondemand,3.0622,1.5311,instances.vantage.sh (AWS Price List mirror)
2026-08-17,AWS,eu-south-2,g5g.16xlarge,T4G,2.0,spot,0.30622,0.15311,instances.vantage.sh (AWS Price List mirror)
2026-08-17,AWS,eu-south-2,g5g.2xlarge,T4G,1.0,ondemand,0.6205,0.6205,instances.vantage.sh (AWS Price List mirror)
2026-08-17,AWS,eu-south-2,g5g.2xlarge,T4G,1.0,spot,0.093075,0.093075,instances.vantage.sh (AWS Price List mirror)
2026-08-17,AWS,eu-south-2,g5g.4xlarge,T4G,1.0,ondemand,0.924,0.924,instances.vantage.sh (AWS Price List mirror)
2026-08-17,AWS,eu-south-2,g5g.4xlarge,T4G,1.0,spot,0.11088,0.11088,instances.vantage.sh (AWS Price List mirror)
2026-08-17,AWS,eu-south-2,g5g.8xlarge,T4G,1.0,ondemand,1.5311,1.5311,instances.vantage.sh (AWS Price List mirror)
2026-08-17,AWS,eu-south-2,g5g.8xlarge,T4G,1.0,spot,0.168421,0.168421,instances.vantage.sh (AWS Price List mirror)
2026-08-17,AWS,eu-south-2,g5g.metal,T4G,2.0,ondemand,3.0622,1.5311,instances.vantage.sh (AWS Price List mirror)
2026-08-17,AWS,eu-south-2,g5g.metal,T4G,2.0,spot,0.30622,0.15311,instances.vantage.sh (AWS Price List mirror)
2026-08-17,AWS,eu-south-2,g5g.xlarge,T4G,1.0,ondemand,0.4687,0.4687,instances.vantage.sh (AWS Price List mirror)
2026-08-17,AWS,eu-south-2,g5g.xlarge,T4G,1.0,spot,0.14061,0.14061,instances.vantage.sh (AWS Price List mirror)
2026-08-17,AWS,eu-south-2,g6.12xlarge,L4,4.0,ondemand,4.8486,1.21215,instances.vantage.sh (AWS Price List mirror)
2026-08-17,AWS,eu-south-2,g6.12xlarge,L4,4.0,spot,0.824262,0.2060655,instances.vantage.sh (AWS Price List mirror)
2026-08-17,AWS,eu-south-2,g6.16xlarge,L4,1.0,ondemand,3.57913,3.57913,instances.vantage.sh (AWS Price List mirror)
2026-08-17,AWS,eu-south-2,g6.16xlarge,L4,1.0,spot,0.393704,0.393704,instances.vantage.sh (AWS Price List mirror)
2026-08-17,AWS,eu-south-2,g6.24xlarge,L4,4.0,ondemand,7.03351,1.7583775,instances.vantage.sh (AWS Price List mirror)
2026-08-17,AWS,eu-south-2,g6.24xlarge,L4,4.0,spot,1.195697,0.29892425,instances.vantage.sh (AWS Price List mirror)
2026-08-17,AWS,eu-south-2,g6.2xlarge,L4,1.0,ondemand,1.03008,1.03008,instances.vantage.sh (AWS Price List mirror)
2026-08-17,AWS,eu-south-2,g6.2xlarge,L4,1.0,spot,0.13391,0.13391,instances.vantage.sh (AWS Price List mirror)
2026-08-17,AWS,eu-south-2,g6.48xlarge,L4,8.0,ondemand,14.06702,1.7583775,instances.vantage.sh (AWS Price List mirror)
2026-08-17,AWS,eu-south-2,g6.48xlarge,L4,8.0,spot,2.672734,0.33409175,instances.vantage.sh (AWS Price List mirror)
2026-08-17,AWS,eu-south-2,g6.4xlarge,L4,1.0,ondemand,1.39423,1.39423,instances.vantage.sh (AWS Price List mirror)
2026-08-17,AWS,eu-south-2,g6.4xlarge,L4,1.0,spot,0.167308,0.167308,instances.vantage.sh (AWS Price List mirror)
2026-08-17,AWS,eu-south-2,g6.8xlarge,L4,1.0,ondemand,2.12253,2.12253,instances.vantage.sh (AWS Price List mirror)
2026-08-17,AWS,eu-south-2,g6.8xlarge,L4,1.0,spot,0.233478,0.233478,instances.vantage.sh (AWS Price List mirror)
2026-08-17,AWS,eu-south-2,g6.xlarge,L4,1.0,ondemand,0.848,0.848,instances.vantage.sh (AWS Price List mirror)
2026-08-17,AWS,eu-south-2,g6.xlarge,L4,1.0,spot,0.14416,0.14416,instances.vantage.sh (AWS Price List mirror)
2026-08-17,AWS,eu-south-2,g6e.12xlarge,L40S,4.0,ondemand,11.05645,2.7641125,instances.vantage.sh (AWS Price List mirror)
2026-08-17,AWS,eu-south-2,g6e.12xlarge,L40S,4.0,spot,3.095806,0.7739515,instances.vantage.sh (AWS Price List mirror)
2026-08-17,AWS,eu-south-2,g6e.16xlarge,L40S,1.0,ondemand,7.98435,7.98435,instances.vantage.sh (AWS Price List mirror)
2026-08-17,AWS,eu-south-2,g6e.16xlarge,L40S,1.0,spot,0.798435,0.798435,instances.vantage.sh (AWS Price List mirror)
2026-08-17,AWS,eu-south-2,g6e.24xlarge,L40S,4.0,ondemand,15.87513,3.9687825,instances.vantage.sh (AWS Price List mirror)
2026-08-17,AWS,eu-south-2,g6e.24xlarge,L40S,4.0,spot,4.127534,1.0318835,instances.vantage.sh (AWS Price List mirror)
2026-08-17,AWS,eu-south-2,g6e.2xlarge,L40S,1.0,ondemand,2.36256,2.36256,instances.vantage.sh (AWS Price List mirror)
2026-08-17,AWS,eu-south-2,g6e.2xlarge,L40S,1.0,spot,0.567014,0.567014,instances.vantage.sh (AWS Price List mirror)
2026-08-17,AWS,eu-south-2,g6e.48xlarge,L40S,8.0,ondemand,31.75027,3.96878375,instances.vantage.sh (AWS Price List mirror)
2026-08-17,AWS,eu-south-2,g6e.48xlarge,L40S,8.0,spot,15.24013,1.90501625,instances.vantage.sh (AWS Price List mirror)
2026-08-17,AWS,eu-south-2,g6e.4xlarge,L40S,1.0,ondemand,3.16567,3.16567,instances.vantage.sh (AWS Price List mirror)
2026-08-17,AWS,eu-south-2,g6e.4xlarge,L40S,1.0,spot,0.664791,0.664791,instances.vantage.sh (AWS Price List mirror)
2026-08-17,AWS,eu-south-2,g6e.8xlarge,L40S,1.0,ondemand,4.7719,4.7719,instances.vantage.sh (AWS Price List mirror)
2026-08-17,AWS,eu-south-2,g6e.8xlarge,L40S,1.0,spot,0.668066,0.668066,instances.vantage.sh (AWS Price List mirror)
2026-08-17,AWS,eu-south-2,g6e.xlarge,L40S,1.0,ondemand,1.961,1.961,instances.vantage.sh (AWS Price List mirror)
2026-08-17,AWS,eu-south-2,g6e.xlarge,L40S,1.0,spot,0.62752,0.62752,instances.vantage.sh (AWS Price List mirror)
2026-08-17,AWS,eu-south-2,g6f.2xlarge,L4,0.25,ondemand,0.53438,2.13752,instances.vantage.sh (AWS Price List mirror)
2026-08-17,AWS,eu-south-2,g6f.2xlarge,L4,0.25,spot,0.15497,0.61988,instances.vantage.sh (AWS Price List mirror)
2026-08-17,AWS,eu-south-2,g6f.4xlarge,L4,0.5,ondemand,1.06875,2.1375,instances.vantage.sh (AWS Price List mirror)
2026-08-17,AWS,eu-south-2,g6f.4xlarge,L4,0.5,spot,0.309937,0.619874,instances.vantage.sh (AWS Price List mirror)
2026-08-17,AWS,eu-south-2,g6f.large,L4,0.125,ondemand,0.22725,1.818,instances.vantage.sh (AWS Price List mirror)
2026-08-17,AWS,eu-south-2,g6f.large,L4,0.125,spot,0.052268,0.418144,instances.vantage.sh (AWS Price List mirror)
2026-08-17,AWS,eu-south-2,g6f.xlarge,L4,0.125,ondemand,0.26719,2.13752,instances.vantage.sh (AWS Price List mirror)
2026-08-17,AWS,eu-south-2,g6f.xlarge,L4,0.125,spot,0.077485,0.61988,instances.vantage.sh (AWS Price List mirror)
2026-08-17,AWS,eu-south-2,g7.12xlarge,NVIDIA RTX PRO 4500 Blackwell,2.0,ondemand,7.48474,3.74237,instances.vantage.sh (AWS Price List mirror)
2026-08-17,AWS,eu-south-2,g7.24xlarge,NVIDIA RTX PRO 4500 Blackwell,4.0,ondemand,14.96947,3.7423675,instances.vantage.sh (AWS Price List mirror)
2026-08-17,AWS,eu-south-2,g7.2xlarge,NVIDIA RTX PRO 4500 Blackwell,1.0,ondemand,2.646,2.646,instances.vantage.sh (AWS Price List mirror)
2026-08-17,AWS,eu-south-2,g7.48xlarge,NVIDIA RTX PRO 4500 Blackwell,8.0,ondemand,29.93894,3.7423675,instances.vantage.sh (AWS Price List mirror)
2026-08-17,AWS,eu-south-2,g7.4xlarge,NVIDIA RTX PRO 4500 Blackwell,1.0,ondemand,3.19418,3.19418,instances.vantage.sh (AWS Price List mirror)
2026-08-17,AWS,eu-south-2,g7.8xlarge,NVIDIA RTX PRO 4500 Blackwell,1.0,ondemand,4.29055,4.29055,instances.vantage.sh (AWS Price List mirror)
2026-08-17,AWS,eu-south-2,g7e.12xlarge,NVIDIA RTX PRO 6000 Blackwell,2.0,ondemand,8.73134,4.36567,instances.vantage.sh (AWS Price List mirror)
2026-08-17,AWS,eu-south-2,g7e.12xlarge,NVIDIA RTX PRO 6000 Blackwell,2.0,spot,2.532089,1.2660445,instances.vantage.sh (AWS Price List mirror)
2026-08-17,AWS,eu-south-2,g7e.24xlarge,NVIDIA RTX PRO 6000 Blackwell,4.0,ondemand,17.46268,4.36567,instances.vantage.sh (AWS Price List mirror)
2026-08-17,AWS,eu-south-2,g7e.24xlarge,NVIDIA RTX PRO 6000 Blackwell,4.0,spot,5.064177,1.26604425,instances.vantage.sh (AWS Price List mirror)
2026-08-17,AWS,eu-south-2,g7e.2xlarge,NVIDIA RTX PRO 6000 Blackwell,1.0,ondemand,3.54384,3.54384,instances.vantage.sh (AWS Price List mirror)
2026-08-17,AWS,eu-south-2,g7e.2xlarge,NVIDIA RTX PRO 6000 Blackwell,1.0,spot,1.063152,1.063152,instances.vantage.sh (AWS Price List mirror)
2026-08-17,AWS,eu-south-2,g7e.48xlarge,NVIDIA RTX PRO 6000 Blackwell,8.0,ondemand,34.92536,4.36567,instances.vantage.sh (AWS Price List mirror)
2026-08-17,AWS,eu-south-2,g7e.48xlarge,NVIDIA RTX PRO 6000 Blackwell,8.0,spot,10.477608,1.309701,instances.vantage.sh (AWS Price List mirror)
2026-08-17,AWS,eu-south-2,g7e.4xlarge,NVIDIA RTX PRO 6000 Blackwell,1.0,ondemand,4.213,4.213,instances.vantage.sh (AWS Price List mirror)
2026-08-17,AWS,eu-south-2,g7e.4xlarge,NVIDIA RTX PRO 6000 Blackwell,1.0,spot,1.39029,1.39029,instances.vantage.sh (AWS Price List mirror)
2026-08-17,AWS,eu-south-2,g7e.8xlarge,NVIDIA RTX PRO 6000 Blackwell,1.0,ondemand,5.55133,5.55133,instances.vantage.sh (AWS Price List mirror)
2026-08-17,AWS,eu-south-2,g7e.8xlarge,NVIDIA RTX PRO 6000 Blackwell,1.0,spot,1.665399,1.665399,instances.vantage.sh (AWS Price List mirror)
2026-08-17,AWS,eu-south-2,gr6.4xlarge,L4,1.0,ondemand,1.6218,1.6218,instances.vantage.sh (AWS Price List mirror)
2026-08-17,AWS,eu-south-2,gr6.4xlarge,L4,1.0,spot,0.178398,0.178398,instances.vantage.sh (AWS Price List mirror)
2026-08-17,AWS,eu-south-2,gr6.8xlarge,L4,1.0,ondemand,2.57768,2.57768,instances.vantage.sh (AWS Price List mirror)
2026-08-17,AWS,eu-south-2,gr6.8xlarge,L4,1.0,spot,0.283545,0.283545,instances.vantage.sh (AWS Price List mirror)
2026-08-17,AWS,eu-south-2,gr6f.4xlarge,L4,0.5,ondemand,1.19925,2.3985,instances.vantage.sh (AWS Price List mirror)
2026-08-17,AWS,eu-south-2,gr6f.4xlarge,L4,0.5,spot,0.347782,0.695564,instances.vantage.sh (AWS Price List mirror)
2026-08-17,AWS,eu-south-2,p5en.48xlarge,H200,8.0,ondemand,68.35968,8.54496,instances.vantage.sh (AWS Price List mirror)
2026-08-17,AWS,eu-south-2,p5en.48xlarge,H200,8.0,spot,13.671936,1.708992,instances.vantage.sh (AWS Price List mirror)
2026-08-17,AWS,eu-west-1,g2.2xlarge,K520,1.0,ondemand,0.702,0.702,instances.vantage.sh (AWS Price List mirror)
2026-08-17,AWS,eu-west-1,g2.8xlarge,K520,4.0,ondemand,2.808,0.702,instances.vantage.sh (AWS Price List mirror)
2026-08-17,AWS,eu-west-1,g3.16xlarge,M60,4.0,ondemand,4.84,1.21,instances.vantage.sh (AWS Price List mirror)
2026-08-17,AWS,eu-west-1,g3.4xlarge,M60,1.0,ondemand,1.21,1.21,instances.vantage.sh (AWS Price List mirror)
2026-08-17,AWS,eu-west-1,g3.8xlarge,M60,2.0,ondemand,2.42,1.21,instances.vantage.sh (AWS Price List mirror)
2026-08-17,AWS,eu-west-1,g3s.xlarge,M60,1.0,ondemand,0.796,0.796,instances.vantage.sh (AWS Price List mirror)
2026-08-17,AWS,eu-west-1,g4ad.16xlarge,V520,4.0,ondemand,3.872,0.968,instances.vantage.sh (AWS Price List mirror)
2026-08-17,AWS,eu-west-1,g4ad.16xlarge,V520,4.0,spot,1.614567,0.40364175,instances.vantage.sh (AWS Price List mirror)
2026-08-17,AWS,eu-west-1,g4ad.2xlarge,V520,1.0,ondemand,0.60421,0.60421,instances.vantage.sh (AWS Price List mirror)
2026-08-17,AWS,eu-west-1,g4ad.2xlarge,V520,1.0,spot,0.262733,0.262733,instances.vantage.sh (AWS Price List mirror)
2026-08-17,AWS,eu-west-1,g4ad.4xlarge,V520,1.0,ondemand,0.968,0.968,instances.vantage.sh (AWS Price List mirror)
2026-08-17,AWS,eu-west-1,g4ad.4xlarge,V520,1.0,spot,0.452633,0.452633,instances.vantage.sh (AWS Price List mirror)
2026-08-17,AWS,eu-west-1,g4ad.8xlarge,V520,2.0,ondemand,1.936,0.968,instances.vantage.sh (AWS Price List mirror)
2026-08-17,AWS,eu-west-1,g4ad.8xlarge,V520,2.0,spot,0.9009,0.45045,instances.vantage.sh (AWS Price List mirror)
2026-08-17,AWS,eu-west-1,g4ad.xlarge,V520,1.0,ondemand,0.42263,0.42263,instances.vantage.sh (AWS Price List mirror)
2026-08-17,AWS,eu-west-1,g4ad.xlarge,V520,1.0,spot,0.2098,0.2098,instances.vantage.sh (AWS Price List mirror)
2026-08-17,AWS,eu-west-1,g4dn.12xlarge,T4,4.0,ondemand,4.362,1.0905,instances.vantage.sh (AWS Price List mirror)
2026-08-17,AWS,eu-west-1,g4dn.12xlarge,T4,4.0,spot,2.0437,0.510925,instances.vantage.sh (AWS Price List mirror)
2026-08-17,AWS,eu-west-1,g4dn.16xlarge,T4,1.0,ondemand,4.853,4.853,instances.vantage.sh (AWS Price List mirror)
2026-08-17,AWS,eu-west-1,g4dn.16xlarge,T4,1.0,spot,1.318167,1.318167,instances.vantage.sh (AWS Price List mirror)
2026-08-17,AWS,eu-west-1,g4dn.2xlarge,T4,1.0,ondemand,0.838,0.838,instances.vantage.sh (AWS Price List mirror)
2026-08-17,AWS,eu-west-1,g4dn.2xlarge,T4,1.0,spot,0.3978,0.3978,instances.vantage.sh (AWS Price List mirror)
2026-08-17,AWS,eu-west-1,g4dn.4xlarge,T4,1.0,ondemand,1.342,1.342,instances.vantage.sh (AWS Price List mirror)
2026-08-17,AWS,eu-west-1,g4dn.4xlarge,T4,1.0,spot,0.613967,0.613967,instances.vantage.sh (AWS Price List mirror)
2026-08-17,AWS,eu-west-1,g4dn.8xlarge,T4,1.0,ondemand,2.426,2.426,instances.vantage.sh (AWS Price List mirror)
2026-08-17,AWS,eu-west-1,g4dn.8xlarge,T4,1.0,spot,1.1011,1.1011,instances.vantage.sh (AWS Price List mirror)
2026-08-17,AWS,eu-west-1,g4dn.metal,T4,8.0,ondemand,8.724,1.0905,instances.vantage.sh (AWS Price List mirror)
2026-08-17,AWS,eu-west-1,g4dn.metal,T4,8.0,spot,4.313933,0.539241625,instances.vantage.sh (AWS Price List mirror)
2026-08-17,AWS,eu-west-1,g4dn.xlarge,T4,1.0,ondemand,0.587,0.587,instances.vantage.sh (AWS Price List mirror)
2026-08-17,AWS,eu-west-1,g4dn.xlarge,T4,1.0,spot,0.345867,0.345867,instances.vantage.sh (AWS Price List mirror)
2026-08-17,AWS,eu-west-1,g5.12xlarge,A10G,4.0,ondemand,6.33167,1.5829175,instances.vantage.sh (AWS Price List mirror)
2026-08-17,AWS,eu-west-1,g5.12xlarge,A10G,4.0,spot,3.3737,0.843425,instances.vantage.sh (AWS Price List mirror)
2026-08-17,AWS,eu-west-1,g5.16xlarge,A10G,1.0,ondemand,4.57237,4.57237,instances.vantage.sh (AWS Price List mirror)
2026-08-17,AWS,eu-west-1,g5.16xlarge,A10G,1.0,spot,1.7109,1.7109,instances.vantage.sh (AWS Price List mirror)
2026-08-17,AWS,eu-west-1,g5.24xlarge,A10G,4.0,ondemand,9.09117,2.2727925,instances.vantage.sh (AWS Price List mirror)
2026-08-17,AWS,eu-west-1,g5.24xlarge,A10G,4.0,spot,2.482467,0.62061675,instances.vantage.sh (AWS Price List mirror)
2026-08-17,AWS,eu-west-1,g5.2xlarge,A10G,1.0,ondemand,1.35296,1.35296,instances.vantage.sh (AWS Price List mirror)
2026-08-17,AWS,eu-west-1,g5.2xlarge,A10G,1.0,spot,1.014533,1.014533,instances.vantage.sh (AWS Price List mirror)
2026-08-17,AWS,eu-west-1,g5.48xlarge,A10G,8.0,ondemand,18.18233,2.27279125,instances.vantage.sh (AWS Price List mirror)
2026-08-17,AWS,eu-west-1,g5.48xlarge,A10G,8.0,spot,5.815733,0.726966625,instances.vantage.sh (AWS Price List mirror)
2026-08-17,AWS,eu-west-1,g5.4xlarge,A10G,1.0,ondemand,1.81287,1.81287,instances.vantage.sh (AWS Price List mirror)
2026-08-17,AWS,eu-west-1,g5.4xlarge,A10G,1.0,spot,1.034733,1.034733,instances.vantage.sh (AWS Price List mirror)
2026-08-17,AWS,eu-west-1,g5.8xlarge,A10G,1.0,ondemand,2.73271,2.73271,instances.vantage.sh (AWS Price List mirror)
2026-08-17,AWS,eu-west-1,g5.8xlarge,A10G,1.0,spot,1.479967,1.479967,instances.vantage.sh (AWS Price List mirror)
2026-08-17,AWS,eu-west-1,g5.xlarge,A10G,1.0,ondemand,1.123,1.123,instances.vantage.sh (AWS Price List mirror)
2026-08-17,AWS,eu-west-1,g5.xlarge,A10G,1.0,spot,0.853367,0.853367,instances.vantage.sh (AWS Price List mirror)
2026-08-17,AWS,eu-west-1,p2.16xlarge,K80,16.0,ondemand,15.552,0.972,instances.vantage.sh (AWS Price List mirror)
2026-08-17,AWS,eu-west-1,p2.8xlarge,K80,8.0,ondemand,7.776,0.972,instances.vantage.sh (AWS Price List mirror)
2026-08-17,AWS,eu-west-1,p2.xlarge,K80,1.0,ondemand,0.972,0.972,instances.vantage.sh (AWS Price List mirror)
2026-08-17,AWS,eu-west-1,p3.16xlarge,V100,8.0,ondemand,26.44,3.305,instances.vantage.sh (AWS Price List mirror)
2026-08-17,AWS,eu-west-1,p3.16xlarge,V100,8.0,spot,26.44,3.305,instances.vantage.sh (AWS Price List mirror)
2026-08-17,AWS,eu-west-1,p3.2xlarge,V100,1.0,ondemand,3.305,3.305,instances.vantage.sh (AWS Price List mirror)
2026-08-17,AWS,eu-west-1,p3.2xlarge,V100,1.0,spot,1.2338,1.2338,instances.vantage.sh (AWS Price List mirror)
2026-08-17,AWS,eu-west-1,p3.8xlarge,V100,4.0,ondemand,13.22,3.305,instances.vantage.sh (AWS Price List mirror)
2026-08-17,AWS,eu-west-1,p3.8xlarge,V100,4.0,spot,4.40865,1.1021625,instances.vantage.sh (AWS Price List mirror)
2026-08-17,AWS,eu-west-1,p3dn.24xlarge,V100,8.0,ondemand,33.711,4.213875,instances.vantage.sh (AWS Price List mirror)
2026-08-17,AWS,eu-west-1,p3dn.24xlarge,V100,8.0,spot,5.47045,0.68380625,instances.vantage.sh (AWS Price List mirror)
2026-08-17,AWS,eu-west-1,p4d.24xlarge,A100,8.0,ondemand,23.71569,2.96446125,instances.vantage.sh (AWS Price List mirror)
2026-08-17,AWS,eu-west-1,p4d.24xlarge,A100,8.0,spot,16.3201,2.0400125,instances.vantage.sh (AWS Price List mirror)
2026-08-17,AWS,eu-west-2,g3.16xlarge,M60,4.0,ondemand,5.716,1.429,instances.vantage.sh (AWS Price List mirror)
2026-08-17,AWS,eu-west-2,g3.4xlarge,M60,1.0,ondemand,1.429,1.429,instances.vantage.sh (AWS Price List mirror)
2026-08-17,AWS,eu-west-2,g3.8xlarge,M60,2.0,ondemand,2.858,1.429,instances.vantage.sh (AWS Price List mirror)
2026-08-17,AWS,eu-west-2,g3s.xlarge,M60,1.0,ondemand,0.94,0.94,instances.vantage.sh (AWS Price List mirror)
2026-08-17,AWS,eu-west-2,g4ad.16xlarge,V520,4.0,ondemand,4.056,1.014,instances.vantage.sh (AWS Price List mirror)
2026-08-17,AWS,eu-west-2,g4ad.16xlarge,V520,4.0,spot,0.97305,0.2432625,instances.vantage.sh (AWS Price List mirror)
2026-08-17,AWS,eu-west-2,g4ad.2xlarge,V520,1.0,ondemand,0.63292,0.63292,instances.vantage.sh (AWS Price List mirror)
2026-08-17,AWS,eu-west-2,g4ad.2xlarge,V520,1.0,spot,0.2154,0.2154,instances.vantage.sh (AWS Price List mirror)
2026-08-17,AWS,eu-west-2,g4ad.4xlarge,V520,1.0,ondemand,1.014,1.014,instances.vantage.sh (AWS Price List mirror)
2026-08-17,AWS,eu-west-2,g4ad.4xlarge,V520,1.0,spot,0.3383,0.3383,instances.vantage.sh (AWS Price List mirror)
2026-08-17,AWS,eu-west-2,g4ad.8xlarge,V520,2.0,ondemand,2.028,1.014,instances.vantage.sh (AWS Price List mirror)
2026-08-17,AWS,eu-west-2,g4ad.8xlarge,V520,2.0,spot,0.3601,0.18005,instances.vantage.sh (AWS Price List mirror)
2026-08-17,AWS,eu-west-2,g4ad.xlarge,V520,1.0,ondemand,0.44271,0.44271,instances.vantage.sh (AWS Price List mirror)
2026-08-17,AWS,eu-west-2,g4ad.xlarge,V520,1.0,spot,0.11145,0.11145,instances.vantage.sh (AWS Price List mirror)
2026-08-17,AWS,eu-west-2,g4dn.12xlarge,T4,4.0,ondemand,4.577,1.14425,instances.vantage.sh (AWS Price List mirror)
2026-08-17,AWS,eu-west-2,g4dn.12xlarge,T4,4.0,spot,1.633467,0.40836675,instances.vantage.sh (AWS Price List mirror)
2026-08-17,AWS,eu-west-2,g4dn.16xlarge,T4,1.0,ondemand,5.092,5.092,instances.vantage.sh (AWS Price List mirror)
2026-08-17,AWS,eu-west-2,g4dn.16xlarge,T4,1.0,spot,1.027633,1.027633,instances.vantage.sh (AWS Price List mirror)
2026-08-17,AWS,eu-west-2,g4dn.2xlarge,T4,1.0,ondemand,0.88,0.88,instances.vantage.sh (AWS Price List mirror)
2026-08-17,AWS,eu-west-2,g4dn.2xlarge,T4,1.0,spot,0.2799,0.2799,instances.vantage.sh (AWS Price List mirror)
2026-08-17,AWS,eu-west-2,g4dn.4xlarge,T4,1.0,ondemand,1.409,1.409,instances.vantage.sh (AWS Price List mirror)
2026-08-17,AWS,eu-west-2,g4dn.4xlarge,T4,1.0,spot,0.434967,0.434967,instances.vantage.sh (AWS Price List mirror)
2026-08-17,AWS,eu-west-2,g4dn.8xlarge,T4,1.0,ondemand,2.546,2.546,instances.vantage.sh (AWS Price List mirror)
2026-08-17,AWS,eu-west-2,g4dn.8xlarge,T4,1.0,spot,0.656867,0.656867,instances.vantage.sh (AWS Price List mirror)
2026-08-17,AWS,eu-west-2,g4dn.metal,T4,8.0,ondemand,9.154,1.14425,instances.vantage.sh (AWS Price List mirror)
2026-08-17,AWS,eu-west-2,g4dn.metal,T4,8.0,spot,2.721233,0.340154125,instances.vantage.sh (AWS Price List mirror)
2026-08-17,AWS,eu-west-2,g4dn.xlarge,T4,1.0,ondemand,0.615,0.615,instances.vantage.sh (AWS Price List mirror)
2026-08-17,AWS,eu-west-2,g4dn.xlarge,T4,1.0,spot,0.203133,0.203133,instances.vantage.sh (AWS Price List mirror)
2026-08-17,AWS,eu-west-2,g5.12xlarge,A10G,4.0,ondemand,7.19994,1.799985,instances.vantage.sh (AWS Price List mirror)
2026-08-17,AWS,eu-west-2,g5.12xlarge,A10G,4.0,spot,7.1999,1.799975,instances.vantage.sh (AWS Price List mirror)
2026-08-17,AWS,eu-west-2,g5.16xlarge,A10G,1.0,ondemand,5.1994,5.1994,instances.vantage.sh (AWS Price List mirror)
2026-08-17,AWS,eu-west-2,g5.16xlarge,A10G,1.0,spot,2.1993,2.1993,instances.vantage.sh (AWS Price List mirror)
2026-08-17,AWS,eu-west-2,g5.24xlarge,A10G,4.0,ondemand,10.33786,2.584465,instances.vantage.sh (AWS Price List mirror)
2026-08-17,AWS,eu-west-2,g5.24xlarge,A10G,4.0,spot,10.3379,2.584475,instances.vantage.sh (AWS Price List mirror)
2026-08-17,AWS,eu-west-2,g5.2xlarge,A10G,1.0,ondemand,1.53849,1.53849,instances.vantage.sh (AWS Price List mirror)
2026-08-17,AWS,eu-west-2,g5.2xlarge,A10G,1.0,spot,0.58075,0.58075,instances.vantage.sh (AWS Price List mirror)
2026-08-17,AWS,eu-west-2,g5.48xlarge,A10G,8.0,ondemand,20.67572,2.584465,instances.vantage.sh (AWS Price List mirror)
2026-08-17,AWS,eu-west-2,g5.48xlarge,A10G,8.0,spot,20.6757,2.5844625,instances.vantage.sh (AWS Price List mirror)
2026-08-17,AWS,eu-west-2,g5.4xlarge,A10G,1.0,ondemand,2.06148,2.06148,instances.vantage.sh (AWS Price List mirror)
2026-08-17,AWS,eu-west-2,g5.4xlarge,A10G,1.0,spot,0.73555,0.73555,instances.vantage.sh (AWS Price List mirror)
2026-08-17,AWS,eu-west-2,g5.8xlarge,A10G,1.0,ondemand,3.10745,3.10745,instances.vantage.sh (AWS Price List mirror)
2026-08-17,AWS,eu-west-2,g5.8xlarge,A10G,1.0,spot,0.7635,0.7635,instances.vantage.sh (AWS Price List mirror)
2026-08-17,AWS,eu-west-2,g5.xlarge,A10G,1.0,ondemand,1.277,1.277,instances.vantage.sh (AWS Price List mirror)
2026-08-17,AWS,eu-west-2,g5.xlarge,A10G,1.0,spot,0.48285,0.48285,instances.vantage.sh (AWS Price List mirror)
2026-08-17,AWS,eu-west-2,g6.12xlarge,L4,4.0,ondemand,5.8412,1.4603,instances.vantage.sh (AWS Price List mirror)
2026-08-17,AWS,eu-west-2,g6.12xlarge,L4,4.0,spot,2.4276,0.6069,instances.vantage.sh (AWS Price List mirror)
2026-08-17,AWS,eu-west-2,g6.16xlarge,L4,1.0,ondemand,4.31184,4.31184,instances.vantage.sh (AWS Price List mirror)
2026-08-17,AWS,eu-west-2,g6.16xlarge,L4,1.0,spot,1.3555,1.3555,instances.vantage.sh (AWS Price List mirror)
2026-08-17,AWS,eu-west-2,g6.24xlarge,L4,4.0,ondemand,8.47339,2.1183475,instances.vantage.sh (AWS Price List mirror)
2026-08-17,AWS,eu-west-2,g6.24xlarge,L4,4.0,spot,3.997367,0.99934175,instances.vantage.sh (AWS Price List mirror)
2026-08-17,AWS,eu-west-2,g6.2xlarge,L4,1.0,ondemand,1.24095,1.24095,instances.vantage.sh (AWS Price List mirror)
2026-08-17,AWS,eu-west-2,g6.2xlarge,L4,1.0,spot,0.486567,0.486567,instances.vantage.sh (AWS Price List mirror)
2026-08-17,AWS,eu-west-2,g6.48xlarge,L4,8.0,ondemand,16.94678,2.1183475,instances.vantage.sh (AWS Price List mirror)
2026-08-17,AWS,eu-west-2,g6.48xlarge,L4,8.0,spot,8.071733,1.008966625,instances.vantage.sh (AWS Price List mirror)
2026-08-17,AWS,eu-west-2,g6.4xlarge,L4,1.0,ondemand,1.67965,1.67965,instances.vantage.sh (AWS Price List mirror)
2026-08-17,AWS,eu-west-2,g6.4xlarge,L4,1.0,spot,0.643233,0.643233,instances.vantage.sh (AWS Price List mirror)
2026-08-17,AWS,eu-west-2,g6.8xlarge,L4,1.0,ondemand,2.55705,2.55705,instances.vantage.sh (AWS Price List mirror)
2026-08-17,AWS,eu-west-2,g6.8xlarge,L4,1.0,spot,0.851733,0.851733,instances.vantage.sh (AWS Price List mirror)
2026-08-17,AWS,eu-west-2,g6.xlarge,L4,1.0,ondemand,1.0216,1.0216,instances.vantage.sh (AWS Price List mirror)
2026-08-17,AWS,eu-west-2,g6.xlarge,L4,1.0,spot,0.400167,0.400167,instances.vantage.sh (AWS Price List mirror)
2026-08-17,AWS,eu-west-2,g6f.2xlarge,L4,0.25,ondemand,0.60298,2.41192,instances.vantage.sh (AWS Price List mirror)
2026-08-17,AWS,eu-west-2,g6f.2xlarge,L4,0.25,spot,0.15415,0.6166,instances.vantage.sh (AWS Price List mirror)
2026-08-17,AWS,eu-west-2,g6f.4xlarge,L4,0.5,ondemand,1.20595,2.4119,instances.vantage.sh (AWS Price List mirror)
2026-08-17,AWS,eu-west-2,g6f.4xlarge,L4,0.5,spot,0.3872,0.7744,instances.vantage.sh (AWS Price List mirror)
2026-08-17,AWS,eu-west-2,g6f.large,L4,0.125,ondemand,0.25642,2.05136,instances.vantage.sh (AWS Price List mirror)
2026-08-17,AWS,eu-west-2,g6f.large,L4,0.125,spot,0.04555,0.3644,instances.vantage.sh (AWS Price List mirror)
2026-08-17,AWS,eu-west-2,g6f.xlarge,L4,0.125,ondemand,0.30149,2.41192,instances.vantage.sh (AWS Price List mirror)
2026-08-17,AWS,eu-west-2,g6f.xlarge,L4,0.125,spot,0.1009,0.8072,instances.vantage.sh (AWS Price List mirror)
2026-08-17,AWS,eu-west-2,g7e.12xlarge,NVIDIA RTX PRO 6000 Blackwell,2.0,ondemand,14.40172,7.20086,instances.vantage.sh (AWS Price List mirror)
2026-08-17,AWS,eu-west-2,g7e.12xlarge,NVIDIA RTX PRO 6000 Blackwell,2.0,spot,4.52415,2.262075,instances.vantage.sh (AWS Price List mirror)
2026-08-17,AWS,eu-west-2,g7e.24xlarge,NVIDIA RTX PRO 6000 Blackwell,4.0,ondemand,28.80344,7.20086,instances.vantage.sh (AWS Price List mirror)
2026-08-17,AWS,eu-west-2,g7e.24xlarge,NVIDIA RTX PRO 6000 Blackwell,4.0,spot,9.38795,2.3469875,instances.vantage.sh (AWS Price List mirror)
2026-08-17,AWS,eu-west-2,g7e.2xlarge,NVIDIA RTX PRO 6000 Blackwell,1.0,ondemand,5.84531,5.84531,instances.vantage.sh (AWS Price List mirror)
2026-08-17,AWS,eu-west-2,g7e.2xlarge,NVIDIA RTX PRO 6000 Blackwell,1.0,spot,1.8191,1.8191,instances.vantage.sh (AWS Price List mirror)
2026-08-17,AWS,eu-west-2,g7e.48xlarge,NVIDIA RTX PRO 6000 Blackwell,8.0,ondemand,57.60687,7.20085875,instances.vantage.sh (AWS Price List mirror)
2026-08-17,AWS,eu-west-2,g7e.48xlarge,NVIDIA RTX PRO 6000 Blackwell,8.0,spot,15.89305,1.98663125,instances.vantage.sh (AWS Price List mirror)
2026-08-17,AWS,eu-west-2,g7e.4xlarge,NVIDIA RTX PRO 6000 Blackwell,1.0,ondemand,6.94905,6.94905,instances.vantage.sh (AWS Price List mirror)
2026-08-17,AWS,eu-west-2,g7e.4xlarge,NVIDIA RTX PRO 6000 Blackwell,1.0,spot,1.9509,1.9509,instances.vantage.sh (AWS Price List mirror)
2026-08-17,AWS,eu-west-2,g7e.8xlarge,NVIDIA RTX PRO 6000 Blackwell,1.0,ondemand,9.15653,9.15653,instances.vantage.sh (AWS Price List mirror)
2026-08-17,AWS,eu-west-2,g7e.8xlarge,NVIDIA RTX PRO 6000 Blackwell,1.0,spot,2.32255,2.32255,instances.vantage.sh (AWS Price List mirror)
2026-08-17,AWS,eu-west-2,gr6.4xlarge,L4,1.0,ondemand,1.9539,1.9539,instances.vantage.sh (AWS Price List mirror)
2026-08-17,AWS,eu-west-2,gr6.4xlarge,L4,1.0,spot,0.4588,0.4588,instances.vantage.sh (AWS Price List mirror)
2026-08-17,AWS,eu-west-2,gr6.8xlarge,L4,1.0,ondemand,3.10552,3.10552,instances.vantage.sh (AWS Price List mirror)
2026-08-17,AWS,eu-west-2,gr6.8xlarge,L4,1.0,spot,0.846,0.846,instances.vantage.sh (AWS Price List mirror)
2026-08-17,AWS,eu-west-2,gr6f.4xlarge,L4,0.5,ondemand,1.35321,2.70642,instances.vantage.sh (AWS Price List mirror)
2026-08-17,AWS,eu-west-2,gr6f.4xlarge,L4,0.5,spot,0.3457,0.6914,instances.vantage.sh (AWS Price List mirror)
2026-08-17,AWS,eu-west-2,p3.16xlarge,V100,8.0,ondemand,28.712,3.589,instances.vantage.sh (AWS Price List mirror)
2026-08-17,AWS,eu-west-2,p3.16xlarge,V100,8.0,spot,28.712,3.589,instances.vantage.sh (AWS Price List mirror)
2026-08-17,AWS,eu-west-2,p3.2xlarge,V100,1.0,ondemand,3.589,3.589,instances.vantage.sh (AWS Price List mirror)
2026-08-17,AWS,eu-west-2,p3.2xlarge,V100,1.0,spot,3.589,3.589,instances.vantage.sh (AWS Price List mirror)
2026-08-17,AWS,eu-west-2,p3.8xlarge,V100,4.0,ondemand,14.356,3.589,instances.vantage.sh (AWS Price List mirror)
2026-08-17,AWS,eu-west-2,p3.8xlarge,V100,4.0,spot,5.88596,1.47149,instances.vantage.sh (AWS Price List mirror)
2026-08-17,AWS,eu-west-2,p4d.24xlarge,A100,8.0,ondemand,28.54493,3.56811625,instances.vantage.sh (AWS Price List mirror)
2026-08-17,AWS,eu-west-2,p4d.24xlarge,A100,8.0,spot,18.1514,2.268925,instances.vantage.sh (AWS Price List mirror)
2026-08-17,AWS,eu-west-2,p5.48xlarge,H100,8.0,ondemand,71.552,8.944,instances.vantage.sh (AWS Price List mirror)
2026-08-17,AWS,eu-west-2,p5.48xlarge,H100,8.0,spot,41.122167,5.140270875,instances.vantage.sh (AWS Price List mirror)
2026-08-17,AWS,eu-west-2,p5.4xlarge,H100,1.0,ondemand,8.944,8.944,instances.vantage.sh (AWS Price List mirror)
2026-08-17,AWS,eu-west-2,p5.4xlarge,H100,1.0,spot,8.944,8.944,instances.vantage.sh (AWS Price List mirror)
2026-08-17,AWS,eu-west-2-wl1-lon1,g4dn.2xlarge,T4,1.0,ondemand,1.144,1.144,instances.vantage.sh (AWS Price List mirror)
2026-08-17,AWS,eu-west-2-wl1-man1,g4dn.2xlarge,T4,1.0,ondemand,1.144,1.144,instances.vantage.sh (AWS Price List mirror)
2026-08-17,AWS,eu-west-2-wl2-man1,g4dn.2xlarge,T4,1.0,ondemand,1.144,1.144,instances.vantage.sh (AWS Price List mirror)
2026-08-17,AWS,eu-west-3,g4dn.12xlarge,T4,4.0,ondemand,4.574,1.1435,instances.vantage.sh (AWS Price List mirror)
2026-08-17,AWS,eu-west-3,g4dn.12xlarge,T4,4.0,spot,1.304667,0.32616675,instances.vantage.sh (AWS Price List mirror)
2026-08-17,AWS,eu-west-3,g4dn.16xlarge,T4,1.0,ondemand,5.088,5.088,instances.vantage.sh (AWS Price List mirror)
2026-08-17,AWS,eu-west-3,g4dn.16xlarge,T4,1.0,spot,1.3085,1.3085,instances.vantage.sh (AWS Price List mirror)
2026-08-17,AWS,eu-west-3,g4dn.2xlarge,T4,1.0,ondemand,0.879,0.879,instances.vantage.sh (AWS Price List mirror)
2026-08-17,AWS,eu-west-3,g4dn.2xlarge,T4,1.0,spot,0.237867,0.237867,instances.vantage.sh (AWS Price List mirror)
2026-08-17,AWS,eu-west-3,g4dn.4xlarge,T4,1.0,ondemand,1.408,1.408,instances.vantage.sh (AWS Price List mirror)
2026-08-17,AWS,eu-west-3,g4dn.4xlarge,T4,1.0,spot,0.457133,0.457133,instances.vantage.sh (AWS Price List mirror)
2026-08-17,AWS,eu-west-3,g4dn.8xlarge,T4,1.0,ondemand,2.544,2.544,instances.vantage.sh (AWS Price List mirror)
2026-08-17,AWS,eu-west-3,g4dn.8xlarge,T4,1.0,spot,0.730467,0.730467,instances.vantage.sh (AWS Price List mirror)
2026-08-17,AWS,eu-west-3,g4dn.metal,T4,8.0,ondemand,9.148,1.1435,instances.vantage.sh (AWS Price List mirror)
2026-08-17,AWS,eu-west-3,g4dn.metal,T4,8.0,spot,2.995833,0.374479125,instances.vantage.sh (AWS Price List mirror)
2026-08-17,AWS,eu-west-3,g4dn.xlarge,T4,1.0,ondemand,0.615,0.615,instances.vantage.sh (AWS Price List mirror)
2026-08-17,AWS,eu-west-3,g4dn.xlarge,T4,1.0,spot,0.201567,0.201567,instances.vantage.sh (AWS Price List mirror)
2026-08-17,AWS,eu-west-3,g5.12xlarge,A10G,4.0,ondemand,7.19994,1.799985,instances.vantage.sh (AWS Price List mirror)
2026-08-17,AWS,eu-west-3,g5.16xlarge,A10G,1.0,ondemand,5.1994,5.1994,instances.vantage.sh (AWS Price List mirror)
2026-08-17,AWS,eu-west-3,g5.24xlarge,A10G,4.0,ondemand,10.33786,2.584465,instances.vantage.sh (AWS Price List mirror)
2026-08-17,AWS,eu-west-3,g5.2xlarge,A10G,1.0,ondemand,1.53849,1.53849,instances.vantage.sh (AWS Price List mirror)
2026-08-17,AWS,eu-west-3,g5.48xlarge,A10G,8.0,ondemand,20.67572,2.584465,instances.vantage.sh (AWS Price List mirror)
2026-08-17,AWS,eu-west-3,g5.4xlarge,A10G,1.0,ondemand,2.06148,2.06148,instances.vantage.sh (AWS Price List mirror)
2026-08-17,AWS,eu-west-3,g5.8xlarge,A10G,1.0,ondemand,3.10745,3.10745,instances.vantage.sh (AWS Price List mirror)
2026-08-17,AWS,eu-west-3,g5.xlarge,A10G,1.0,ondemand,1.277,1.277,instances.vantage.sh (AWS Price List mirror)
2026-08-17,AWS,eu-west-3,g6.12xlarge,L4,4.0,ondemand,5.8412,1.4603,instances.vantage.sh (AWS Price List mirror)
2026-08-17,AWS,eu-west-3,g6.12xlarge,L4,4.0,spot,1.8418,0.46045,instances.vantage.sh (AWS Price List mirror)
2026-08-17,AWS,eu-west-3,g6.16xlarge,L4,1.0,ondemand,4.31184,4.31184,instances.vantage.sh (AWS Price List mirror)
2026-08-17,AWS,eu-west-3,g6.16xlarge,L4,1.0,spot,1.39295,1.39295,instances.vantage.sh (AWS Price List mirror)
2026-08-17,AWS,eu-west-3,g6.24xlarge,L4,4.0,ondemand,8.47339,2.1183475,instances.vantage.sh (AWS Price List mirror)
2026-08-17,AWS,eu-west-3,g6.24xlarge,L4,4.0,spot,2.36085,0.5902125,instances.vantage.sh (AWS Price List mirror)
2026-08-17,AWS,eu-west-3,g6.2xlarge,L4,1.0,ondemand,1.24095,1.24095,instances.vantage.sh (AWS Price List mirror)
2026-08-17,AWS,eu-west-3,g6.2xlarge,L4,1.0,spot,0.34095,0.34095,instances.vantage.sh (AWS Price List mirror)
2026-08-17,AWS,eu-west-3,g6.48xlarge,L4,8.0,ondemand,16.94678,2.1183475,instances.vantage.sh (AWS Price List mirror)
2026-08-17,AWS,eu-west-3,g6.48xlarge,L4,8.0,spot,5.2992,0.6624,instances.vantage.sh (AWS Price List mirror)
2026-08-17,AWS,eu-west-3,g6.4xlarge,L4,1.0,ondemand,1.67965,1.67965,instances.vantage.sh (AWS Price List mirror)
2026-08-17,AWS,eu-west-3,g6.4xlarge,L4,1.0,spot,0.40735,0.40735,instances.vantage.sh (AWS Price List mirror)
2026-08-17,AWS,eu-west-3,g6.8xlarge,L4,1.0,ondemand,2.55705,2.55705,instances.vantage.sh (AWS Price List mirror)
2026-08-17,AWS,eu-west-3,g6.8xlarge,L4,1.0,spot,0.86345,0.86345,instances.vantage.sh (AWS Price List mirror)
2026-08-17,AWS,eu-west-3,g6.xlarge,L4,1.0,ondemand,1.0216,1.0216,instances.vantage.sh (AWS Price List mirror)
2026-08-17,AWS,eu-west-3,g6.xlarge,L4,1.0,spot,0.3749,0.3749,instances.vantage.sh (AWS Price List mirror)
2026-08-17,AWS,eu-west-3,gr6.4xlarge,L4,1.0,ondemand,1.9538,1.9538,instances.vantage.sh (AWS Price List mirror)
2026-08-17,AWS,eu-west-3,gr6.4xlarge,L4,1.0,spot,0.5198,0.5198,instances.vantage.sh (AWS Price List mirror)
2026-08-17,AWS,eu-west-3,gr6.8xlarge,L4,1.0,ondemand,3.10536,3.10536,instances.vantage.sh (AWS Price List mirror)
2026-08-17,AWS,eu-west-3,gr6.8xlarge,L4,1.0,spot,0.6245,0.6245,instances.vantage.sh (AWS Price List mirror)
2026-08-17,AWS,eu-west-3-wl1-cmn1,g4dn.12xlarge,T4,4.0,ondemand,5.234,1.3085,instances.vantage.sh (AWS Price List mirror)
2026-08-17,AWS,eu-west-3-wl1-cmn1,g4dn.2xlarge,T4,1.0,ondemand,1.006,1.006,instances.vantage.sh (AWS Price List mirror)
2026-08-17,AWS,eu-west-3-wl1-dss1,g4dn.12xlarge,T4,4.0,ondemand,5.234,1.3085,instances.vantage.sh (AWS Price List mirror)
2026-08-17,AWS,eu-west-3-wl1-dss1,g4dn.2xlarge,T4,1.0,ondemand,1.006,1.006,instances.vantage.sh (AWS Price List mirror)
2026-08-17,AWS,il-central-1,g5.12xlarge,A10G,4.0,ondemand,6.64825,1.6620625,instances.vantage.sh (AWS Price List mirror)
2026-08-17,AWS,il-central-1,g5.12xlarge,A10G,4.0,spot,2.526335,0.63158375,instances.vantage.sh (AWS Price List mirror)
2026-08-17,AWS,il-central-1,g5.16xlarge,A10G,1.0,ondemand,4.80099,4.80099,instances.vantage.sh (AWS Price List mirror)
2026-08-17,AWS,il-central-1,g5.16xlarge,A10G,1.0,spot,1.056218,1.056218,instances.vantage.sh (AWS Price List mirror)
2026-08-17,AWS,il-central-1,g5.24xlarge,A10G,4.0,ondemand,9.54572,2.38643,instances.vantage.sh (AWS Price List mirror)
2026-08-17,AWS,il-central-1,g5.24xlarge,A10G,4.0,spot,7.15929,1.7898225,instances.vantage.sh (AWS Price List mirror)
2026-08-17,AWS,il-central-1,g5.2xlarge,A10G,1.0,ondemand,1.42061,1.42061,instances.vantage.sh (AWS Price List mirror)
2026-08-17,AWS,il-central-1,g5.2xlarge,A10G,1.0,spot,0.298328,0.298328,instances.vantage.sh (AWS Price List mirror)
2026-08-17,AWS,il-central-1,g5.48xlarge,A10G,8.0,ondemand,19.09145,2.38643125,instances.vantage.sh (AWS Price List mirror)
2026-08-17,AWS,il-central-1,g5.48xlarge,A10G,8.0,spot,12.409442,1.55118025,instances.vantage.sh (AWS Price List mirror)
2026-08-17,AWS,il-central-1,g5.4xlarge,A10G,1.0,ondemand,1.90352,1.90352,instances.vantage.sh (AWS Price List mirror)
2026-08-17,AWS,il-central-1,g5.4xlarge,A10G,1.0,spot,0.799478,0.799478,instances.vantage.sh (AWS Price List mirror)
2026-08-17,AWS,il-central-1,g5.8xlarge,A10G,1.0,ondemand,2.86934,2.86934,instances.vantage.sh (AWS Price List mirror)
2026-08-17,AWS,il-central-1,g5.8xlarge,A10G,1.0,spot,0.803415,0.803415,instances.vantage.sh (AWS Price List mirror)
2026-08-17,AWS,il-central-1,g5.xlarge,A10G,1.0,ondemand,1.17915,1.17915,instances.vantage.sh (AWS Price List mirror)
2026-08-17,AWS,il-central-1,g5.xlarge,A10G,1.0,spot,0.330162,0.330162,instances.vantage.sh (AWS Price List mirror)
2026-08-17,AWS,il-central-1,p4de.24xlarge,A100,8.0,ondemand,35.57346,4.4466825,instances.vantage.sh (AWS Price List mirror)
2026-08-17,AWS,il-central-1,p4de.24xlarge,A100,8.0,spot,5.691754,0.71146925,instances.vantage.sh (AWS Price List mirror)
2026-08-17,AWS,me-central-1,g5.12xlarge,A10G,4.0,ondemand,6.9575,1.739375,instances.vantage.sh (AWS Price List mirror)
2026-08-17,AWS,me-central-1,g5.12xlarge,A10G,4.0,spot,6.6792,1.6698,instances.vantage.sh (AWS Price List mirror)
2026-08-17,AWS,me-central-1,g5.16xlarge,A10G,1.0,ondemand,5.02432,5.02432,instances.vantage.sh (AWS Price List mirror)
2026-08-17,AWS,me-central-1,g5.16xlarge,A10G,1.0,spot,2.009728,2.009728,instances.vantage.sh (AWS Price List mirror)
2026-08-17,AWS,me-central-1,g5.24xlarge,A10G,4.0,ondemand,9.98976,2.49744,instances.vantage.sh (AWS Price List mirror)
2026-08-17,AWS,me-central-1,g5.24xlarge,A10G,4.0,spot,9.59017,2.3975425,instances.vantage.sh (AWS Price List mirror)
2026-08-17,AWS,me-central-1,g5.2xlarge,A10G,1.0,ondemand,1.48669,1.48669,instances.vantage.sh (AWS Price List mirror)
2026-08-17,AWS,me-central-1,g5.2xlarge,A10G,1.0,spot,0.847413,0.847413,instances.vantage.sh (AWS Price List mirror)
2026-08-17,AWS,me-central-1,g5.48xlarge,A10G,8.0,ondemand,19.97951,2.49743875,instances.vantage.sh (AWS Price List mirror)
2026-08-17,AWS,me-central-1,g5.48xlarge,A10G,8.0,spot,19.18033,2.39754125,instances.vantage.sh (AWS Price List mirror)
2026-08-17,AWS,me-central-1,g5.4xlarge,A10G,1.0,ondemand,1.99206,1.99206,instances.vantage.sh (AWS Price List mirror)
2026-08-17,AWS,me-central-1,g5.4xlarge,A10G,1.0,spot,1.095633,1.095633,instances.vantage.sh (AWS Price List mirror)
2026-08-17,AWS,me-central-1,g5.8xlarge,A10G,1.0,ondemand,3.00282,3.00282,instances.vantage.sh (AWS Price List mirror)
2026-08-17,AWS,me-central-1,g5.8xlarge,A10G,1.0,spot,1.561466,1.561466,instances.vantage.sh (AWS Price List mirror)
2026-08-17,AWS,me-central-1,g5.xlarge,A10G,1.0,ondemand,1.234,1.234,instances.vantage.sh (AWS Price List mirror)
2026-08-17,AWS,me-central-1,g5.xlarge,A10G,1.0,spot,0.71572,0.71572,instances.vantage.sh (AWS Price List mirror)
2026-08-17,AWS,me-central-1,g6.12xlarge,L4,4.0,ondemand,5.65045,1.4126125,instances.vantage.sh (AWS Price List mirror)
2026-08-17,AWS,me-central-1,g6.12xlarge,L4,4.0,spot,2.316685,0.57917125,instances.vantage.sh (AWS Price List mirror)
2026-08-17,AWS,me-central-1,g6.16xlarge,L4,1.0,ondemand,4.17104,4.17104,instances.vantage.sh (AWS Price List mirror)
2026-08-17,AWS,me-central-1,g6.16xlarge,L4,1.0,spot,0.667366,0.667366,instances.vantage.sh (AWS Price List mirror)
2026-08-17,AWS,me-central-1,g6.24xlarge,L4,4.0,ondemand,8.19669,2.0491725,instances.vantage.sh (AWS Price List mirror)
2026-08-17,AWS,me-central-1,g6.24xlarge,L4,4.0,spot,7.540955,1.88523875,instances.vantage.sh (AWS Price List mirror)
2026-08-17,AWS,me-central-1,g6.2xlarge,L4,1.0,ondemand,1.20043,1.20043,instances.vantage.sh (AWS Price List mirror)
2026-08-17,AWS,me-central-1,g6.2xlarge,L4,1.0,spot,0.516185,0.516185,instances.vantage.sh (AWS Price List mirror)
2026-08-17,AWS,me-central-1,g6.48xlarge,L4,8.0,ondemand,16.39339,2.04917375,instances.vantage.sh (AWS Price List mirror)
2026-08-17,AWS,me-central-1,g6.48xlarge,L4,8.0,spot,15.901588,1.9876985,instances.vantage.sh (AWS Price List mirror)
2026-08-17,AWS,me-central-1,g6.4xlarge,L4,1.0,ondemand,1.6248,1.6248,instances.vantage.sh (AWS Price List mirror)
2026-08-17,AWS,me-central-1,g6.4xlarge,L4,1.0,spot,0.796152,0.796152,instances.vantage.sh (AWS Price List mirror)
2026-08-17,AWS,me-central-1,g6.8xlarge,L4,1.0,ondemand,2.47355,2.47355,instances.vantage.sh (AWS Price List mirror)
2026-08-17,AWS,me-central-1,g6.8xlarge,L4,1.0,spot,0.519446,0.519446,instances.vantage.sh (AWS Price List mirror)
2026-08-17,AWS,me-central-1,g6.xlarge,L4,1.0,ondemand,0.98824,0.98824,instances.vantage.sh (AWS Price List mirror)
2026-08-17,AWS,me-central-1,g6.xlarge,L4,1.0,spot,0.74118,0.74118,instances.vantage.sh (AWS Price List mirror)
2026-08-17,AWS,me-central-1,g6e.12xlarge,L40S,4.0,ondemand,12.87194,3.217985,instances.vantage.sh (AWS Price List mirror)
2026-08-17,AWS,me-central-1,g6e.12xlarge,L40S,4.0,spot,2.831827,0.70795675,instances.vantage.sh (AWS Price List mirror)
2026-08-17,AWS,me-central-1,g6e.16xlarge,L40S,1.0,ondemand,9.2954,9.2954,instances.vantage.sh (AWS Price List mirror)
2026-08-17,AWS,me-central-1,g6e.16xlarge,L40S,1.0,spot,2.137942,2.137942,instances.vantage.sh (AWS Price List mirror)
2026-08-17,AWS,me-central-1,g6e.24xlarge,L40S,4.0,ondemand,18.48186,4.620465,instances.vantage.sh (AWS Price List mirror)
2026-08-17,AWS,me-central-1,g6e.24xlarge,L40S,4.0,spot,4.066009,1.01650225,instances.vantage.sh (AWS Price List mirror)
2026-08-17,AWS,me-central-1,g6e.2xlarge,L40S,1.0,ondemand,2.75049,2.75049,instances.vantage.sh (AWS Price List mirror)
2026-08-17,AWS,me-central-1,g6e.2xlarge,L40S,1.0,spot,0.715127,0.715127,instances.vantage.sh (AWS Price List mirror)
2026-08-17,AWS,me-central-1,g6e.48xlarge,L40S,8.0,ondemand,36.96372,4.620465,instances.vantage.sh (AWS Price List mirror)
2026-08-17,AWS,me-central-1,g6e.48xlarge,L40S,8.0,spot,20.699683,2.587460375,instances.vantage.sh (AWS Price List mirror)
2026-08-17,AWS,me-central-1,g6e.4xlarge,L40S,1.0,ondemand,3.68548,3.68548,instances.vantage.sh (AWS Price List mirror)
2026-08-17,AWS,me-central-1,g6e.4xlarge,L40S,1.0,spot,0.84766,0.84766,instances.vantage.sh (AWS Price List mirror)
2026-08-17,AWS,me-central-1,g6e.8xlarge,L40S,1.0,ondemand,5.55545,5.55545,instances.vantage.sh (AWS Price List mirror)
2026-08-17,AWS,me-central-1,g6e.8xlarge,L40S,1.0,spot,1.333308,1.333308,instances.vantage.sh (AWS Price List mirror)
2026-08-17,AWS,me-central-1,g6e.xlarge,L40S,1.0,ondemand,2.283,2.283,instances.vantage.sh (AWS Price List mirror)
2026-08-17,AWS,me-central-1,g6e.xlarge,L40S,1.0,spot,0.59358,0.59358,instances.vantage.sh (AWS Price List mirror)
2026-08-17,AWS,me-central-1,p5en.48xlarge,H200,8.0,ondemand,75.9552,9.4944,instances.vantage.sh (AWS Price List mirror)
2026-08-17,AWS,me-south-1,g4dn.12xlarge,T4,4.0,ondemand,4.798,1.1995,instances.vantage.sh (AWS Price List mirror)
2026-08-17,AWS,me-south-1,g4dn.12xlarge,T4,4.0,spot,0.7197,0.179925,instances.vantage.sh (AWS Price List mirror)
2026-08-17,AWS,me-south-1,g4dn.16xlarge,T4,1.0,ondemand,5.338,5.338,instances.vantage.sh (AWS Price List mirror)
2026-08-17,AWS,me-south-1,g4dn.16xlarge,T4,1.0,spot,0.64056,0.64056,instances.vantage.sh (AWS Price List mirror)
2026-08-17,AWS,me-south-1,g4dn.2xlarge,T4,1.0,ondemand,0.922,0.922,instances.vantage.sh (AWS Price List mirror)
2026-08-17,AWS,me-south-1,g4dn.2xlarge,T4,1.0,spot,0.31348,0.31348,instances.vantage.sh (AWS Price List mirror)
2026-08-17,AWS,me-south-1,g4dn.4xlarge,T4,1.0,ondemand,1.477,1.477,instances.vantage.sh (AWS Price List mirror)
2026-08-17,AWS,me-south-1,g4dn.4xlarge,T4,1.0,spot,0.48741,0.48741,instances.vantage.sh (AWS Price List mirror)
2026-08-17,AWS,me-south-1,g4dn.8xlarge,T4,1.0,ondemand,2.669,2.669,instances.vantage.sh (AWS Price List mirror)
2026-08-17,AWS,me-south-1,g4dn.8xlarge,T4,1.0,spot,0.5338,0.5338,instances.vantage.sh (AWS Price List mirror)
2026-08-17,AWS,me-south-1,g4dn.metal,T4,8.0,ondemand,9.596,1.1995,instances.vantage.sh (AWS Price List mirror)
2026-08-17,AWS,me-south-1,g4dn.metal,T4,8.0,spot,0.9596,0.11995,instances.vantage.sh (AWS Price List mirror)
2026-08-17,AWS,me-south-1,g4dn.xlarge,T4,1.0,ondemand,0.645,0.645,instances.vantage.sh (AWS Price List mirror)
2026-08-17,AWS,me-south-1,g4dn.xlarge,T4,1.0,spot,0.129,0.129,instances.vantage.sh (AWS Price List mirror)
2026-08-17,AWS,me-south-1-mct-1,g4dn.2xlarge,T4,1.0,ondemand,1.153,1.153,instances.vantage.sh (AWS Price List mirror)
2026-08-17,AWS,sa-east-1,g4dn.12xlarge,T4,4.0,ondemand,6.649,1.66225,instances.vantage.sh (AWS Price List mirror)
2026-08-17,AWS,sa-east-1,g4dn.12xlarge,T4,4.0,spot,1.560867,0.39021675,instances.vantage.sh (AWS Price List mirror)
2026-08-17,AWS,sa-east-1,g4dn.16xlarge,T4,1.0,ondemand,7.397,7.397,instances.vantage.sh (AWS Price List mirror)
2026-08-17,AWS,sa-east-1,g4dn.16xlarge,T4,1.0,spot,0.7397,0.7397,instances.vantage.sh (AWS Price List mirror)
2026-08-17,AWS,sa-east-1,g4dn.2xlarge,T4,1.0,ondemand,1.278,1.278,instances.vantage.sh (AWS Price List mirror)
2026-08-17,AWS,sa-east-1,g4dn.2xlarge,T4,1.0,spot,0.186833,0.186833,instances.vantage.sh (AWS Price List mirror)
2026-08-17,AWS,sa-east-1,g4dn.4xlarge,T4,1.0,ondemand,2.046,2.046,instances.vantage.sh (AWS Price List mirror)
2026-08-17,AWS,sa-east-1,g4dn.4xlarge,T4,1.0,spot,0.237133,0.237133,instances.vantage.sh (AWS Price List mirror)
2026-08-17,AWS,sa-east-1,g4dn.8xlarge,T4,1.0,ondemand,3.698,3.698,instances.vantage.sh (AWS Price List mirror)
2026-08-17,AWS,sa-east-1,g4dn.8xlarge,T4,1.0,spot,0.500667,0.500667,instances.vantage.sh (AWS Price List mirror)
2026-08-17,AWS,sa-east-1,g4dn.metal,T4,8.0,ondemand,13.298,1.66225,instances.vantage.sh (AWS Price List mirror)
2026-08-17,AWS,sa-east-1,g4dn.metal,T4,8.0,spot,4.6154,0.576925,instances.vantage.sh (AWS Price List mirror)
2026-08-17,AWS,sa-east-1,g4dn.xlarge,T4,1.0,ondemand,0.894,0.894,instances.vantage.sh (AWS Price List mirror)
2026-08-17,AWS,sa-east-1,g4dn.xlarge,T4,1.0,spot,0.124,0.124,instances.vantage.sh (AWS Price List mirror)
2026-08-17,AWS,sa-east-1,g5.12xlarge,A10G,4.0,ondemand,9.64127,2.4103175,instances.vantage.sh (AWS Price List mirror)
2026-08-17,AWS,sa-east-1,g5.12xlarge,A10G,4.0,spot,8.0599,2.014975,instances.vantage.sh (AWS Price List mirror)
2026-08-17,AWS,sa-east-1,g5.16xlarge,A10G,1.0,ondemand,6.96239,6.96239,instances.vantage.sh (AWS Price List mirror)
2026-08-17,AWS,sa-east-1,g5.16xlarge,A10G,1.0,spot,5.81215,5.81215,instances.vantage.sh (AWS Price List mirror)
2026-08-17,AWS,sa-east-1,g5.24xlarge,A10G,4.0,ondemand,13.84318,3.460795,instances.vantage.sh (AWS Price List mirror)
2026-08-17,AWS,sa-east-1,g5.24xlarge,A10G,4.0,spot,11.5726,2.89315,instances.vantage.sh (AWS Price List mirror)
2026-08-17,AWS,sa-east-1,g5.2xlarge,A10G,1.0,ondemand,2.06016,2.06016,instances.vantage.sh (AWS Price List mirror)
2026-08-17,AWS,sa-east-1,g5.2xlarge,A10G,1.0,spot,0.3714,0.3714,instances.vantage.sh (AWS Price List mirror)
2026-08-17,AWS,sa-east-1,g5.48xlarge,A10G,8.0,ondemand,27.68636,3.460795,instances.vantage.sh (AWS Price List mirror)
2026-08-17,AWS,sa-east-1,g5.48xlarge,A10G,8.0,spot,23.1452,2.89315,instances.vantage.sh (AWS Price List mirror)
2026-08-17,AWS,sa-east-1,g5.4xlarge,A10G,1.0,ondemand,2.76048,2.76048,instances.vantage.sh (AWS Price List mirror)
2026-08-17,AWS,sa-east-1,g5.4xlarge,A10G,1.0,spot,1.2863,1.2863,instances.vantage.sh (AWS Price List mirror)
2026-08-17,AWS,sa-east-1,g5.8xlarge,A10G,1.0,ondemand,4.16111,4.16111,instances.vantage.sh (AWS Price List mirror)
2026-08-17,AWS,sa-east-1,g5.8xlarge,A10G,1.0,spot,2.60605,2.60605,instances.vantage.sh (AWS Price List mirror)
2026-08-17,AWS,sa-east-1,g5.xlarge,A10G,1.0,ondemand,1.71,1.71,instances.vantage.sh (AWS Price List mirror)
2026-08-17,AWS,sa-east-1,g5.xlarge,A10G,1.0,spot,0.43665,0.43665,instances.vantage.sh (AWS Price List mirror)
2026-08-17,AWS,sa-east-1,g6.12xlarge,L4,4.0,ondemand,7.82181,1.9554525,instances.vantage.sh (AWS Price List mirror)
2026-08-17,AWS,sa-east-1,g6.12xlarge,L4,4.0,spot,3.02605,0.7565125,instances.vantage.sh (AWS Price List mirror)
2026-08-17,AWS,sa-east-1,g6.16xlarge,L4,1.0,ondemand,5.77388,5.77388,instances.vantage.sh (AWS Price List mirror)
2026-08-17,AWS,sa-east-1,g6.16xlarge,L4,1.0,spot,2.4766,2.4766,instances.vantage.sh (AWS Price List mirror)
2026-08-17,AWS,sa-east-1,g6.24xlarge,L4,4.0,ondemand,11.34651,2.8366275,instances.vantage.sh (AWS Price List mirror)
2026-08-17,AWS,sa-east-1,g6.24xlarge,L4,4.0,spot,7.46295,1.8657375,instances.vantage.sh (AWS Price List mirror)
2026-08-17,AWS,sa-east-1,g6.2xlarge,L4,1.0,ondemand,1.66173,1.66173,instances.vantage.sh (AWS Price List mirror)
2026-08-17,AWS,sa-east-1,g6.2xlarge,L4,1.0,spot,0.4715,0.4715,instances.vantage.sh (AWS Price List mirror)
2026-08-17,AWS,sa-east-1,g6.48xlarge,L4,8.0,ondemand,22.69303,2.83662875,instances.vantage.sh (AWS Price List mirror)
2026-08-17,AWS,sa-east-1,g6.48xlarge,L4,8.0,spot,12.62335,1.57791875,instances.vantage.sh (AWS Price List mirror)
2026-08-17,AWS,sa-east-1,g6.4xlarge,L4,1.0,ondemand,2.24918,2.24918,instances.vantage.sh (AWS Price List mirror)
2026-08-17,AWS,sa-east-1,g6.4xlarge,L4,1.0,spot,0.8643,0.8643,instances.vantage.sh (AWS Price List mirror)
2026-08-17,AWS,sa-east-1,g6.8xlarge,L4,1.0,ondemand,3.42408,3.42408,instances.vantage.sh (AWS Price List mirror)
2026-08-17,AWS,sa-east-1,g6.8xlarge,L4,1.0,spot,0.55635,0.55635,instances.vantage.sh (AWS Price List mirror)
2026-08-17,AWS,sa-east-1,g6.xlarge,L4,1.0,ondemand,1.368,1.368,instances.vantage.sh (AWS Price List mirror)
2026-08-17,AWS,sa-east-1,g6.xlarge,L4,1.0,spot,0.25945,0.25945,instances.vantage.sh (AWS Price List mirror)
2026-08-17,AWS,sa-east-1,g6f.2xlarge,L4,0.25,ondemand,0.80742,3.22968,instances.vantage.sh (AWS Price List mirror)
2026-08-17,AWS,sa-east-1,g6f.2xlarge,L4,0.25,spot,0.55515,2.2206,instances.vantage.sh (AWS Price List mirror)
2026-08-17,AWS,sa-east-1,g6f.4xlarge,L4,0.5,ondemand,1.61483,3.22966,instances.vantage.sh (AWS Price List mirror)
2026-08-17,AWS,sa-east-1,g6f.4xlarge,L4,0.5,spot,1.3005,2.601,instances.vantage.sh (AWS Price List mirror)
2026-08-17,AWS,sa-east-1,g6f.large,L4,0.125,ondemand,0.34336,2.74688,instances.vantage.sh (AWS Price List mirror)
2026-08-17,AWS,sa-east-1,g6f.large,L4,0.125,spot,0.2125,1.7,instances.vantage.sh (AWS Price List mirror)
2026-08-17,AWS,sa-east-1,g6f.xlarge,L4,0.125,ondemand,0.40371,3.22968,instances.vantage.sh (AWS Price List mirror)
2026-08-17,AWS,sa-east-1,g6f.xlarge,L4,0.125,spot,0.29365,2.3492,instances.vantage.sh (AWS Price List mirror)
2026-08-17,AWS,sa-east-1,gr6.4xlarge,L4,1.0,ondemand,2.6164,2.6164,instances.vantage.sh (AWS Price List mirror)
2026-08-17,AWS,sa-east-1,gr6.4xlarge,L4,1.0,spot,0.3924,0.3924,instances.vantage.sh (AWS Price List mirror)
2026-08-17,AWS,sa-east-1,gr6.8xlarge,L4,1.0,ondemand,4.1585,4.1585,instances.vantage.sh (AWS Price List mirror)
2026-08-17,AWS,sa-east-1,gr6.8xlarge,L4,1.0,spot,1.81785,1.81785,instances.vantage.sh (AWS Price List mirror)
2026-08-17,AWS,sa-east-1,gr6f.4xlarge,L4,0.5,ondemand,1.81203,3.62406,instances.vantage.sh (AWS Price List mirror)
2026-08-17,AWS,sa-east-1,gr6f.4xlarge,L4,0.5,spot,1.3958,2.7916,instances.vantage.sh (AWS Price List mirror)
2026-08-17,AWS,sa-east-1,p4d.24xlarge,A100,8.0,ondemand,35.5569,4.4446125,instances.vantage.sh (AWS Price List mirror)
2026-08-17,AWS,sa-east-1,p4d.24xlarge,A100,8.0,spot,29.72925,3.71615625,instances.vantage.sh (AWS Price List mirror)
2026-08-17,AWS,sa-east-1,p5.48xlarge,H100,8.0,ondemand,92.4672,11.5584,instances.vantage.sh (AWS Price List mirror)
2026-08-17,AWS,sa-east-1,p5.48xlarge,H100,8.0,spot,77.3237,9.6654625,instances.vantage.sh (AWS Price List mirror)
2026-08-17,AWS,sa-east-1,p5.4xlarge,H100,1.0,ondemand,11.5584,11.5584,instances.vantage.sh (AWS Price List mirror)
2026-08-17,AWS,sa-east-1,p5.4xlarge,H100,1.0,spot,9.6626,9.6626,instances.vantage.sh (AWS Price List mirror)
2026-08-17,AWS,us-east-1,g2.2xlarge,K520,1.0,ondemand,0.65,0.65,instances.vantage.sh (AWS Price List mirror)
2026-08-17,AWS,us-east-1,g2.8xlarge,K520,4.0,ondemand,2.6,0.65,instances.vantage.sh (AWS Price List mirror)
2026-08-17,AWS,us-east-1,g3.16xlarge,M60,4.0,ondemand,4.56,1.14,instances.vantage.sh (AWS Price List mirror)
2026-08-17,AWS,us-east-1,g3.4xlarge,M60,1.0,ondemand,1.14,1.14,instances.vantage.sh (AWS Price List mirror)
2026-08-17,AWS,us-east-1,g3.8xlarge,M60,2.0,ondemand,2.28,1.14,instances.vantage.sh (AWS Price List mirror)
2026-08-17,AWS,us-east-1,g3s.xlarge,M60,1.0,ondemand,0.75,0.75,instances.vantage.sh (AWS Price List mirror)
2026-08-17,AWS,us-east-1,g4ad.16xlarge,V520,4.0,ondemand,3.468,0.867,instances.vantage.sh (AWS Price List mirror)
2026-08-17,AWS,us-east-1,g4ad.16xlarge,V520,4.0,spot,2.13725,0.5343125,instances.vantage.sh (AWS Price List mirror)
2026-08-17,AWS,us-east-1,g4ad.2xlarge,V520,1.0,ondemand,0.54117,0.54117,instances.vantage.sh (AWS Price List mirror)
2026-08-17,AWS,us-east-1,g4ad.2xlarge,V520,1.0,spot,0.233475,0.233475,instances.vantage.sh (AWS Price List mirror)
2026-08-17,AWS,us-east-1,g4ad.4xlarge,V520,1.0,ondemand,0.867,0.867,instances.vantage.sh (AWS Price List mirror)
2026-08-17,AWS,us-east-1,g4ad.4xlarge,V520,1.0,spot,0.380325,0.380325,instances.vantage.sh (AWS Price List mirror)
2026-08-17,AWS,us-east-1,g4ad.8xlarge,V520,2.0,ondemand,1.734,0.867,instances.vantage.sh (AWS Price List mirror)
2026-08-17,AWS,us-east-1,g4ad.8xlarge,V520,2.0,spot,0.73175,0.365875,instances.vantage.sh (AWS Price List mirror)
2026-08-17,AWS,us-east-1,g4ad.xlarge,V520,1.0,ondemand,0.37853,0.37853,instances.vantage.sh (AWS Price List mirror)
2026-08-17,AWS,us-east-1,g4ad.xlarge,V520,1.0,spot,0.13245,0.13245,instances.vantage.sh (AWS Price List mirror)
2026-08-17,AWS,us-east-1,g4dn.12xlarge,T4,4.0,ondemand,3.912,0.978,instances.vantage.sh (AWS Price List mirror)
2026-08-17,AWS,us-east-1,g4dn.12xlarge,T4,4.0,spot,1.62768,0.40692,instances.vantage.sh (AWS Price List mirror)
2026-08-17,AWS,us-east-1,g4dn.16xlarge,T4,1.0,ondemand,4.352,4.352,instances.vantage.sh (AWS Price List mirror)
2026-08-17,AWS,us-east-1,g4dn.16xlarge,T4,1.0,spot,1.4044,1.4044,instances.vantage.sh (AWS Price List mirror)
2026-08-17,AWS,us-east-1,g4dn.2xlarge,T4,1.0,ondemand,0.752,0.752,instances.vantage.sh (AWS Price List mirror)
2026-08-17,AWS,us-east-1,g4dn.2xlarge,T4,1.0,spot,0.3603,0.3603,instances.vantage.sh (AWS Price List mirror)
2026-08-17,AWS,us-east-1,g4dn.4xlarge,T4,1.0,ondemand,1.204,1.204,instances.vantage.sh (AWS Price List mirror)
2026-08-17,AWS,us-east-1,g4dn.4xlarge,T4,1.0,spot,0.50994,0.50994,instances.vantage.sh (AWS Price List mirror)
2026-08-17,AWS,us-east-1,g4dn.8xlarge,T4,1.0,ondemand,2.176,2.176,instances.vantage.sh (AWS Price List mirror)
2026-08-17,AWS,us-east-1,g4dn.8xlarge,T4,1.0,spot,0.79884,0.79884,instances.vantage.sh (AWS Price List mirror)
2026-08-17,AWS,us-east-1,g4dn.metal,T4,8.0,ondemand,7.824,0.978,instances.vantage.sh (AWS Price List mirror)
2026-08-17,AWS,us-east-1,g4dn.metal,T4,8.0,spot,5.4116,0.67645,instances.vantage.sh (AWS Price List mirror)
2026-08-17,AWS,us-east-1,g4dn.xlarge,T4,1.0,ondemand,0.526,0.526,instances.vantage.sh (AWS Price List mirror)
2026-08-17,AWS,us-east-1,g4dn.xlarge,T4,1.0,spot,0.3268,0.3268,instances.vantage.sh (AWS Price List mirror)
2026-08-17,AWS,us-east-1,g5.12xlarge,A10G,4.0,ondemand,5.672,1.418,instances.vantage.sh (AWS Price List mirror)
2026-08-17,AWS,us-east-1,g5.12xlarge,A10G,4.0,spot,4.00016,1.00004,instances.vantage.sh (AWS Price List mirror)
2026-08-17,AWS,us-east-1,g5.16xlarge,A10G,1.0,ondemand,4.096,4.096,instances.vantage.sh (AWS Price List mirror)
2026-08-17,AWS,us-east-1,g5.16xlarge,A10G,1.0,spot,2.43124,2.43124,instances.vantage.sh (AWS Price List mirror)
2026-08-17,AWS,us-east-1,g5.24xlarge,A10G,4.0,ondemand,8.144,2.036,instances.vantage.sh (AWS Price List mirror)
2026-08-17,AWS,us-east-1,g5.24xlarge,A10G,4.0,spot,4.69662,1.174155,instances.vantage.sh (AWS Price List mirror)
2026-08-17,AWS,us-east-1,g5.2xlarge,A10G,1.0,ondemand,1.212,1.212,instances.vantage.sh (AWS Price List mirror)
2026-08-17,AWS,us-east-1,g5.2xlarge,A10G,1.0,spot,1.09126,1.09126,instances.vantage.sh (AWS Price List mirror)
2026-08-17,AWS,us-east-1,g5.48xlarge,A10G,8.0,ondemand,16.288,2.036,instances.vantage.sh (AWS Price List mirror)
2026-08-17,AWS,us-east-1,g5.48xlarge,A10G,8.0,spot,9.93864,1.24233,instances.vantage.sh (AWS Price List mirror)
2026-08-17,AWS,us-east-1,g5.4xlarge,A10G,1.0,ondemand,1.624,1.624,instances.vantage.sh (AWS Price List mirror)
2026-08-17,AWS,us-east-1,g5.4xlarge,A10G,1.0,spot,0.99016,0.99016,instances.vantage.sh (AWS Price List mirror)
2026-08-17,AWS,us-east-1,g5.8xlarge,A10G,1.0,ondemand,2.448,2.448,instances.vantage.sh (AWS Price List mirror)
2026-08-17,AWS,us-east-1,g5.8xlarge,A10G,1.0,spot,1.1472,1.1472,instances.vantage.sh (AWS Price List mirror)
2026-08-17,AWS,us-east-1,g5.xlarge,A10G,1.0,ondemand,1.006,1.006,instances.vantage.sh (AWS Price List mirror)
2026-08-17,AWS,us-east-1,g5.xlarge,A10G,1.0,spot,0.6867,0.6867,instances.vantage.sh (AWS Price List mirror)
2026-08-17,AWS,us-east-1,g5g.16xlarge,T4G,2.0,ondemand,2.744,1.372,instances.vantage.sh (AWS Price List mirror)
2026-08-17,AWS,us-east-1,g5g.16xlarge,T4G,2.0,spot,0.815275,0.4076375,instances.vantage.sh (AWS Price List mirror)
2026-08-17,AWS,us-east-1,g5g.2xlarge,T4G,1.0,ondemand,0.556,0.556,instances.vantage.sh (AWS Price List mirror)
2026-08-17,AWS,us-east-1,g5g.2xlarge,T4G,1.0,spot,0.362275,0.362275,instances.vantage.sh (AWS Price List mirror)
2026-08-17,AWS,us-east-1,g5g.4xlarge,T4G,1.0,ondemand,0.828,0.828,instances.vantage.sh (AWS Price List mirror)
2026-08-17,AWS,us-east-1,g5g.4xlarge,T4G,1.0,spot,0.47005,0.47005,instances.vantage.sh (AWS Price List mirror)
2026-08-17,AWS,us-east-1,g5g.8xlarge,T4G,1.0,ondemand,1.372,1.372,instances.vantage.sh (AWS Price List mirror)
2026-08-17,AWS,us-east-1,g5g.8xlarge,T4G,1.0,spot,0.77515,0.77515,instances.vantage.sh (AWS Price List mirror)
2026-08-17,AWS,us-east-1,g5g.metal,T4G,2.0,ondemand,2.744,1.372,instances.vantage.sh (AWS Price List mirror)
2026-08-17,AWS,us-east-1,g5g.metal,T4G,2.0,spot,0.58265,0.291325,instances.vantage.sh (AWS Price List mirror)
2026-08-17,AWS,us-east-1,g5g.xlarge,T4G,1.0,ondemand,0.42,0.42,instances.vantage.sh (AWS Price List mirror)
2026-08-17,AWS,us-east-1,g5g.xlarge,T4G,1.0,spot,0.157875,0.157875,instances.vantage.sh (AWS Price List mirror)
2026-08-17,AWS,us-east-1,g6.12xlarge,L4,4.0,ondemand,4.6016,1.1504,instances.vantage.sh (AWS Price List mirror)
2026-08-17,AWS,us-east-1,g6.12xlarge,L4,4.0,spot,3.74608,0.93652,instances.vantage.sh (AWS Price List mirror)
2026-08-17,AWS,us-east-1,g6.16xlarge,L4,1.0,ondemand,3.3968,3.3968,instances.vantage.sh (AWS Price List mirror)
2026-08-17,AWS,us-east-1,g6.16xlarge,L4,1.0,spot,1.66502,1.66502,instances.vantage.sh (AWS Price List mirror)
2026-08-17,AWS,us-east-1,g6.24xlarge,L4,4.0,ondemand,6.6752,1.6688,instances.vantage.sh (AWS Price List mirror)
2026-08-17,AWS,us-east-1,g6.24xlarge,L4,4.0,spot,5.09728,1.27432,instances.vantage.sh (AWS Price List mirror)
2026-08-17,AWS,us-east-1,g6.2xlarge,L4,1.0,ondemand,0.9776,0.9776,instances.vantage.sh (AWS Price List mirror)
2026-08-17,AWS,us-east-1,g6.2xlarge,L4,1.0,spot,0.94612,0.94612,instances.vantage.sh (AWS Price List mirror)
2026-08-17,AWS,us-east-1,g6.48xlarge,L4,8.0,ondemand,13.3504,1.6688,instances.vantage.sh (AWS Price List mirror)
2026-08-17,AWS,us-east-1,g6.48xlarge,L4,8.0,spot,9.59836,1.199795,instances.vantage.sh (AWS Price List mirror)
2026-08-17,AWS,us-east-1,g6.4xlarge,L4,1.0,ondemand,1.3232,1.3232,instances.vantage.sh (AWS Price List mirror)
2026-08-17,AWS,us-east-1,g6.4xlarge,L4,1.0,spot,1.00882,1.00882,instances.vantage.sh (AWS Price List mirror)
2026-08-17,AWS,us-east-1,g6.8xlarge,L4,1.0,ondemand,2.0144,2.0144,instances.vantage.sh (AWS Price List mirror)
2026-08-17,AWS,us-east-1,g6.8xlarge,L4,1.0,spot,1.35686,1.35686,instances.vantage.sh (AWS Price List mirror)
2026-08-17,AWS,us-east-1,g6.xlarge,L4,1.0,ondemand,0.8048,0.8048,instances.vantage.sh (AWS Price List mirror)
2026-08-17,AWS,us-east-1,g6.xlarge,L4,1.0,spot,0.78146,0.78146,instances.vantage.sh (AWS Price List mirror)
2026-08-17,AWS,us-east-1,g6e.12xlarge,L40S,4.0,ondemand,10.49264,2.62316,instances.vantage.sh (AWS Price List mirror)
2026-08-17,AWS,us-east-1,g6e.12xlarge,L40S,4.0,spot,6.7157,1.678925,instances.vantage.sh (AWS Price List mirror)
2026-08-17,AWS,us-east-1,g6e.16xlarge,L40S,1.0,ondemand,7.57719,7.57719,instances.vantage.sh (AWS Price List mirror)
2026-08-17,AWS,us-east-1,g6e.16xlarge,L40S,1.0,spot,2.7385,2.7385,instances.vantage.sh (AWS Price List mirror)
2026-08-17,AWS,us-east-1,g6e.24xlarge,L40S,4.0,ondemand,15.06559,3.7663975,instances.vantage.sh (AWS Price List mirror)
2026-08-17,AWS,us-east-1,g6e.24xlarge,L40S,4.0,spot,6.291025,1.57275625,instances.vantage.sh (AWS Price List mirror)
2026-08-17,AWS,us-east-1,g6e.2xlarge,L40S,1.0,ondemand,2.24208,2.24208,instances.vantage.sh (AWS Price List mirror)
2026-08-17,AWS,us-east-1,g6e.2xlarge,L40S,1.0,spot,2.055675,2.055675,instances.vantage.sh (AWS Price List mirror)
2026-08-17,AWS,us-east-1,g6e.48xlarge,L40S,8.0,ondemand,30.13118,3.7663975,instances.vantage.sh (AWS Price List mirror)
2026-08-17,AWS,us-east-1,g6e.48xlarge,L40S,8.0,spot,17.485575,2.185696875,instances.vantage.sh (AWS Price List mirror)
2026-08-17,AWS,us-east-1,g6e.4xlarge,L40S,1.0,ondemand,3.00424,3.00424,instances.vantage.sh (AWS Price List mirror)
2026-08-17,AWS,us-east-1,g6e.4xlarge,L40S,1.0,spot,2.911225,2.911225,instances.vantage.sh (AWS Price List mirror)
2026-08-17,AWS,us-east-1,g6e.8xlarge,L40S,1.0,ondemand,4.52856,4.52856,instances.vantage.sh (AWS Price List mirror)
2026-08-17,AWS,us-east-1,g6e.8xlarge,L40S,1.0,spot,1.76375,1.76375,instances.vantage.sh (AWS Price List mirror)
2026-08-17,AWS,us-east-1,g6e.xlarge,L40S,1.0,ondemand,1.861,1.861,instances.vantage.sh (AWS Price List mirror)
2026-08-17,AWS,us-east-1,g6e.xlarge,L40S,1.0,spot,1.80455,1.80455,instances.vantage.sh (AWS Price List mirror)
2026-08-17,AWS,us-east-1,g6f.2xlarge,L4,0.25,ondemand,0.475,1.9,instances.vantage.sh (AWS Price List mirror)
2026-08-17,AWS,us-east-1,g6f.2xlarge,L4,0.25,spot,0.2358,0.9432,instances.vantage.sh (AWS Price List mirror)
2026-08-17,AWS,us-east-1,g6f.4xlarge,L4,0.5,ondemand,0.95,1.9,instances.vantage.sh (AWS Price List mirror)
2026-08-17,AWS,us-east-1,g6f.4xlarge,L4,0.5,spot,0.493475,0.98695,instances.vantage.sh (AWS Price List mirror)
2026-08-17,AWS,us-east-1,g6f.large,L4,0.125,ondemand,0.202,1.616,instances.vantage.sh (AWS Price List mirror)
2026-08-17,AWS,us-east-1,g6f.large,L4,0.125,spot,0.063475,0.5078,instances.vantage.sh (AWS Price List mirror)
2026-08-17,AWS,us-east-1,g6f.xlarge,L4,0.125,ondemand,0.2375,1.9,instances.vantage.sh (AWS Price List mirror)
2026-08-17,AWS,us-east-1,g6f.xlarge,L4,0.125,spot,0.12235,0.9788,instances.vantage.sh (AWS Price List mirror)
2026-08-17,AWS,us-east-1,g7.12xlarge,NVIDIA RTX PRO 4500 Blackwell,2.0,ondemand,7.12832,3.56416,instances.vantage.sh (AWS Price List mirror)
2026-08-17,AWS,us-east-1,g7.12xlarge,NVIDIA RTX PRO 4500 Blackwell,2.0,spot,2.22515,1.112575,instances.vantage.sh (AWS Price List mirror)
2026-08-17,AWS,us-east-1,g7.24xlarge,NVIDIA RTX PRO 4500 Blackwell,4.0,ondemand,14.25664,3.56416,instances.vantage.sh (AWS Price List mirror)
2026-08-17,AWS,us-east-1,g7.24xlarge,NVIDIA RTX PRO 4500 Blackwell,4.0,spot,3.30575,0.8264375,instances.vantage.sh (AWS Price List mirror)
2026-08-17,AWS,us-east-1,g7.2xlarge,NVIDIA RTX PRO 4500 Blackwell,1.0,ondemand,2.52,2.52,instances.vantage.sh (AWS Price List mirror)
2026-08-17,AWS,us-east-1,g7.2xlarge,NVIDIA RTX PRO 4500 Blackwell,1.0,spot,0.9508,0.9508,instances.vantage.sh (AWS Price List mirror)
2026-08-17,AWS,us-east-1,g7.48xlarge,NVIDIA RTX PRO 4500 Blackwell,8.0,ondemand,28.51328,3.56416,instances.vantage.sh (AWS Price List mirror)
2026-08-17,AWS,us-east-1,g7.48xlarge,NVIDIA RTX PRO 4500 Blackwell,8.0,spot,6.84715,0.85589375,instances.vantage.sh (AWS Price List mirror)
2026-08-17,AWS,us-east-1,g7.4xlarge,NVIDIA RTX PRO 4500 Blackwell,1.0,ondemand,3.04208,3.04208,instances.vantage.sh (AWS Price List mirror)
2026-08-17,AWS,us-east-1,g7.4xlarge,NVIDIA RTX PRO 4500 Blackwell,1.0,spot,1.1415,1.1415,instances.vantage.sh (AWS Price List mirror)
2026-08-17,AWS,us-east-1,g7.8xlarge,NVIDIA RTX PRO 4500 Blackwell,1.0,ondemand,4.08624,4.08624,instances.vantage.sh (AWS Price List mirror)
2026-08-17,AWS,us-east-1,g7.8xlarge,NVIDIA RTX PRO 4500 Blackwell,1.0,spot,1.34385,1.34385,instances.vantage.sh (AWS Price List mirror)
2026-08-17,AWS,us-east-1,g7e.12xlarge,NVIDIA RTX PRO 6000 Blackwell,2.0,ondemand,8.28608,4.14304,instances.vantage.sh (AWS Price List mirror)
2026-08-17,AWS,us-east-1,g7e.12xlarge,NVIDIA RTX PRO 6000 Blackwell,2.0,spot,4.1934,2.0967,instances.vantage.sh (AWS Price List mirror)
2026-08-17,AWS,us-east-1,g7e.24xlarge,NVIDIA RTX PRO 6000 Blackwell,4.0,ondemand,16.57216,4.14304,instances.vantage.sh (AWS Price List mirror)
2026-08-17,AWS,us-east-1,g7e.24xlarge,NVIDIA RTX PRO 6000 Blackwell,4.0,spot,9.9267,2.481675,instances.vantage.sh (AWS Price List mirror)
2026-08-17,AWS,us-east-1,g7e.2xlarge,NVIDIA RTX PRO 6000 Blackwell,1.0,ondemand,3.36312,3.36312,instances.vantage.sh (AWS Price List mirror)
2026-08-17,AWS,us-east-1,g7e.2xlarge,NVIDIA RTX PRO 6000 Blackwell,1.0,spot,1.46835,1.46835,instances.vantage.sh (AWS Price List mirror)
2026-08-17,AWS,us-east-1,g7e.48xlarge,NVIDIA RTX PRO 6000 Blackwell,8.0,ondemand,33.14432,4.14304,instances.vantage.sh (AWS Price List mirror)
2026-08-17,AWS,us-east-1,g7e.48xlarge,NVIDIA RTX PRO 6000 Blackwell,8.0,spot,11.25285,1.40660625,instances.vantage.sh (AWS Price List mirror)
2026-08-17,AWS,us-east-1,g7e.4xlarge,NVIDIA RTX PRO 6000 Blackwell,1.0,ondemand,3.99816,3.99816,instances.vantage.sh (AWS Price List mirror)
2026-08-17,AWS,us-east-1,g7e.4xlarge,NVIDIA RTX PRO 6000 Blackwell,1.0,spot,1.78185,1.78185,instances.vantage.sh (AWS Price List mirror)
2026-08-17,AWS,us-east-1,g7e.8xlarge,NVIDIA RTX PRO 6000 Blackwell,1.0,ondemand,5.26824,5.26824,instances.vantage.sh (AWS Price List mirror)
2026-08-17,AWS,us-east-1,g7e.8xlarge,NVIDIA RTX PRO 6000 Blackwell,1.0,spot,2.5582,2.5582,instances.vantage.sh (AWS Price List mirror)
2026-08-17,AWS,us-east-1,gr6.4xlarge,L4,1.0,ondemand,1.5392,1.5392,instances.vantage.sh (AWS Price List mirror)
2026-08-17,AWS,us-east-1,gr6.4xlarge,L4,1.0,spot,1.056025,1.056025,instances.vantage.sh (AWS Price List mirror)
2026-08-17,AWS,us-east-1,gr6.8xlarge,L4,1.0,ondemand,2.4464,2.4464,instances.vantage.sh (AWS Price List mirror)
2026-08-17,AWS,us-east-1,gr6.8xlarge,L4,1.0,spot,1.457975,1.457975,instances.vantage.sh (AWS Price List mirror)
2026-08-17,AWS,us-east-1,gr6f.4xlarge,L4,0.5,ondemand,1.066,2.132,instances.vantage.sh (AWS Price List mirror)
2026-08-17,AWS,us-east-1,gr6f.4xlarge,L4,0.5,spot,0.66755,1.3351,instances.vantage.sh (AWS Price List mirror)
2026-08-17,AWS,us-east-1,p2.16xlarge,K80,16.0,ondemand,14.4,0.9,instances.vantage.sh (AWS Price List mirror)
2026-08-17,AWS,us-east-1,p2.8xlarge,K80,8.0,ondemand,7.2,0.9,instances.vantage.sh (AWS Price List mirror)
2026-08-17,AWS,us-east-1,p2.xlarge,K80,1.0,ondemand,0.9,0.9,instances.vantage.sh (AWS Price List mirror)
2026-08-17,AWS,us-east-1,p3.16xlarge,V100,8.0,ondemand,24.48,3.06,instances.vantage.sh (AWS Price List mirror)
2026-08-17,AWS,us-east-1,p3.16xlarge,V100,8.0,spot,11.5076,1.43845,instances.vantage.sh (AWS Price List mirror)
2026-08-17,AWS,us-east-1,p3.2xlarge,V100,1.0,ondemand,3.06,3.06,instances.vantage.sh (AWS Price List mirror)
2026-08-17,AWS,us-east-1,p3.2xlarge,V100,1.0,spot,0.890725,0.890725,instances.vantage.sh (AWS Price List mirror)
2026-08-17,AWS,us-east-1,p3.8xlarge,V100,4.0,ondemand,12.24,3.06,instances.vantage.sh (AWS Price List mirror)
2026-08-17,AWS,us-east-1,p3.8xlarge,V100,4.0,spot,3.97955,0.9948875,instances.vantage.sh (AWS Price List mirror)
2026-08-17,AWS,us-east-1,p3dn.24xlarge,V100,8.0,ondemand,31.212,3.9015,instances.vantage.sh (AWS Price List mirror)
2026-08-17,AWS,us-east-1,p3dn.24xlarge,V100,8.0,spot,5.0556,0.63195,instances.vantage.sh (AWS Price List mirror)
2026-08-17,AWS,us-east-1,p4d.24xlarge,A100,8.0,ondemand,21.957642,2.74470525,instances.vantage.sh (AWS Price List mirror)
2026-08-17,AWS,us-east-1,p4d.24xlarge,A100,8.0,spot,17.896625,2.237078125,instances.vantage.sh (AWS Price List mirror)
2026-08-17,AWS,us-east-1,p4de.24xlarge,A100,8.0,ondemand,27.44705,3.43088125,instances.vantage.sh (AWS Price List mirror)
2026-08-17,AWS,us-east-1,p4de.24xlarge,A100,8.0,spot,24.72995,3.09124375,instances.vantage.sh (AWS Price List mirror)
2026-08-17,AWS,us-east-1,p5.48xlarge,H100,8.0,ondemand,55.04,6.88,instances.vantage.sh (AWS Price List mirror)
2026-08-17,AWS,us-east-1,p5.48xlarge,H100,8.0,spot,20.777733,2.597216625,instances.vantage.sh (AWS Price List mirror)
2026-08-17,AWS,us-east-1,p5.4xlarge,H100,1.0,ondemand,6.88,6.88,instances.vantage.sh (AWS Price List mirror)
2026-08-17,AWS,us-east-1,p5.4xlarge,H100,1.0,spot,2.85556,2.85556,instances.vantage.sh (AWS Price List mirror)
2026-08-17,AWS,us-east-1,p5en.48xlarge,H200,8.0,ondemand,63.296,7.912,instances.vantage.sh (AWS Price List mirror)
2026-08-17,AWS,us-east-1,p5en.48xlarge,H200,8.0,spot,27.1606,3.395075,instances.vantage.sh (AWS Price List mirror)
2026-08-17,AWS,us-east-1,p6-b200.48xlarge,B200,8.0,ondemand,113.9328,14.2416,instances.vantage.sh (AWS Price List mirror)
2026-08-17,AWS,us-east-1,p6-b200.48xlarge,B200,8.0,spot,42.1834,5.272925,instances.vantage.sh (AWS Price List mirror)
2026-08-17,AWS,us-east-1,p6-b300.48xlarge,NVIDIA B300,8.0,ondemand,142.416,17.802,instances.vantage.sh (AWS Price List mirror)
2026-08-17,AWS,us-east-1,p6-b300.48xlarge,NVIDIA B300,8.0,spot,44.7358,5.591975,instances.vantage.sh (AWS Price List mirror)
2026-08-17,AWS,us-east-1-atl-1,g4dn.2xlarge,T4,1.0,ondemand,1.015,1.015,instances.vantage.sh (AWS Price List mirror)
2026-08-17,AWS,us-east-1-atl-1,p5.48xlarge,H100,8.0,ondemand,55.04,6.88,instances.vantage.sh (AWS Price List mirror)
2026-08-17,AWS,us-east-1-atl-1,p5en.48xlarge,H200,8.0,ondemand,63.296,7.912,instances.vantage.sh (AWS Price List mirror)
2026-08-17,AWS,us-east-1-atl-1,p6-b200.48xlarge,B200,8.0,ondemand,113.9328,14.2416,instances.vantage.sh (AWS Price List mirror)
2026-08-17,AWS,us-east-1-atl-1,p6-b300.48xlarge,NVIDIA B300,8.0,ondemand,142.416,17.802,instances.vantage.sh (AWS Price List mirror)
2026-08-17,AWS,us-east-1-bos-1,g4dn.2xlarge,T4,1.0,ondemand,1.015,1.015,instances.vantage.sh (AWS Price List mirror)
2026-08-17,AWS,us-east-1-bos-1,g4dn.4xlarge,T4,1.0,ondemand,1.625,1.625,instances.vantage.sh (AWS Price List mirror)
2026-08-17,AWS,us-east-1-chi-1,g4dn.2xlarge,T4,1.0,ondemand,1.015,1.015,instances.vantage.sh (AWS Price List mirror)
2026-08-17,AWS,us-east-1-chi-1,g4dn.4xlarge,T4,1.0,ondemand,1.625,1.625,instances.vantage.sh (AWS Price List mirror)
2026-08-17,AWS,us-east-1-dfw-1,g4dn.2xlarge,T4,1.0,ondemand,1.015,1.015,instances.vantage.sh (AWS Price List mirror)
2026-08-17,AWS,us-east-1-dfw-1,g4dn.4xlarge,T4,1.0,ondemand,1.625,1.625,instances.vantage.sh (AWS Price List mirror)
2026-08-17,AWS,us-east-1-iah-1,g4dn.2xlarge,T4,1.0,ondemand,1.015,1.015,instances.vantage.sh (AWS Price List mirror)
2026-08-17,AWS,us-east-1-iah-1,g4dn.4xlarge,T4,1.0,ondemand,1.625,1.625,instances.vantage.sh (AWS Price List mirror)
2026-08-17,AWS,us-east-1-lim-1,g4dn.2xlarge,T4,1.0,ondemand,1.725,1.725,instances.vantage.sh (AWS Price List mirror)
2026-08-17,AWS,us-east-1-mci-1,g4dn.2xlarge,T4,1.0,ondemand,1.015,1.015,instances.vantage.sh (AWS Price List mirror)
2026-08-17,AWS,us-east-1-mia-1,g4dn.2xlarge,T4,1.0,ondemand,1.015,1.015,instances.vantage.sh (AWS Price List mirror)
2026-08-17,AWS,us-east-1-msp-1,g4dn.2xlarge,T4,1.0,ondemand,1.015,1.015,instances.vantage.sh (AWS Price List mirror)
2026-08-17,AWS,us-east-1-nyc-1,g4dn.2xlarge,T4,1.0,ondemand,1.015,1.015,instances.vantage.sh (AWS Price List mirror)
2026-08-17,AWS,us-east-1-nyc-1,g4dn.4xlarge,T4,1.0,ondemand,1.625,1.625,instances.vantage.sh (AWS Price List mirror)
2026-08-17,AWS,us-east-1-phl-1,g4dn.2xlarge,T4,1.0,ondemand,1.015,1.015,instances.vantage.sh (AWS Price List mirror)
2026-08-17,AWS,us-east-1-phl-1,g4dn.4xlarge,T4,1.0,ondemand,1.625,1.625,instances.vantage.sh (AWS Price List mirror)
2026-08-17,AWS,us-east-1-qro-1,g4dn.2xlarge,T4,1.0,ondemand,1.09,1.09,instances.vantage.sh (AWS Price List mirror)
2026-08-17,AWS,us-east-1-qro-1,g4dn.4xlarge,T4,1.0,ondemand,1.746,1.746,instances.vantage.sh (AWS Price List mirror)
2026-08-17,AWS,us-east-1-scl-1,g4dn.2xlarge,T4,1.0,ondemand,1.47,1.47,instances.vantage.sh (AWS Price List mirror)
2026-08-17,AWS,us-east-1-wl1,g4dn.2xlarge,T4,1.0,ondemand,1.317,1.317,instances.vantage.sh (AWS Price List mirror)
2026-08-17,AWS,us-east-1-wl1-atl1,g4dn.2xlarge,T4,1.0,ondemand,1.317,1.317,instances.vantage.sh (AWS Price List mirror)
2026-08-17,AWS,us-east-1-wl1-bna1,g4dn.2xlarge,T4,1.0,ondemand,1.317,1.317,instances.vantage.sh (AWS Price List mirror)
2026-08-17,AWS,us-east-1-wl1-chi1,g4dn.2xlarge,T4,1.0,ondemand,1.317,1.317,instances.vantage.sh (AWS Price List mirror)
2026-08-17,AWS,us-east-1-wl1-clt1,g4dn.2xlarge,T4,1.0,ondemand,1.317,1.317,instances.vantage.sh (AWS Price List mirror)
2026-08-17,AWS,us-east-1-wl1-dfw1,g4dn.2xlarge,T4,1.0,ondemand,1.317,1.317,instances.vantage.sh (AWS Price List mirror)
2026-08-17,AWS,us-east-1-wl1-dtw1,g4dn.2xlarge,T4,1.0,ondemand,1.317,1.317,instances.vantage.sh (AWS Price List mirror)
2026-08-17,AWS,us-east-1-wl1-iah1,g4dn.2xlarge,T4,1.0,ondemand,1.317,1.317,instances.vantage.sh (AWS Price List mirror)
2026-08-17,AWS,us-east-1-wl1-mia1,g4dn.2xlarge,T4,1.0,ondemand,1.317,1.317,instances.vantage.sh (AWS Price List mirror)
2026-08-17,AWS,us-east-1-wl1-msp1,g4dn.2xlarge,T4,1.0,ondemand,1.317,1.317,instances.vantage.sh (AWS Price List mirror)
2026-08-17,AWS,us-east-1-wl1-nyc1,g4dn.2xlarge,T4,1.0,ondemand,1.317,1.317,instances.vantage.sh (AWS Price List mirror)
2026-08-17,AWS,us-east-1-wl1-tpa1,g4dn.2xlarge,T4,1.0,ondemand,1.317,1.317,instances.vantage.sh (AWS Price List mirror)
2026-08-17,AWS,us-east-1-wl1-was1,g4dn.2xlarge,T4,1.0,ondemand,1.317,1.317,instances.vantage.sh (AWS Price List mirror)
2026-08-17,AWS,us-east-2,g3.16xlarge,M60,4.0,ondemand,4.56,1.14,instances.vantage.sh (AWS Price List mirror)
2026-08-17,AWS,us-east-2,g3.4xlarge,M60,1.0,ondemand,1.14,1.14,instances.vantage.sh (AWS Price List mirror)
2026-08-17,AWS,us-east-2,g3.8xlarge,M60,2.0,ondemand,2.28,1.14,instances.vantage.sh (AWS Price List mirror)
2026-08-17,AWS,us-east-2,g3s.xlarge,M60,1.0,ondemand,0.75,0.75,instances.vantage.sh (AWS Price List mirror)
2026-08-17,AWS,us-east-2,g4ad.16xlarge,V520,4.0,ondemand,3.468,0.867,instances.vantage.sh (AWS Price List mirror)
2026-08-17,AWS,us-east-2,g4ad.16xlarge,V520,4.0,spot,0.8006,0.20015,instances.vantage.sh (AWS Price List mirror)
2026-08-17,AWS,us-east-2,g4ad.2xlarge,V520,1.0,ondemand,0.54117,0.54117,instances.vantage.sh (AWS Price List mirror)
2026-08-17,AWS,us-east-2,g4ad.2xlarge,V520,1.0,spot,0.120333,0.120333,instances.vantage.sh (AWS Price List mirror)
2026-08-17,AWS,us-east-2,g4ad.4xlarge,V520,1.0,ondemand,0.867,0.867,instances.vantage.sh (AWS Price List mirror)
2026-08-17,AWS,us-east-2,g4ad.4xlarge,V520,1.0,spot,0.202633,0.202633,instances.vantage.sh (AWS Price List mirror)
2026-08-17,AWS,us-east-2,g4ad.8xlarge,V520,2.0,ondemand,1.734,0.867,instances.vantage.sh (AWS Price List mirror)
2026-08-17,AWS,us-east-2,g4ad.8xlarge,V520,2.0,spot,0.368233,0.1841165,instances.vantage.sh (AWS Price List mirror)
2026-08-17,AWS,us-east-2,g4ad.xlarge,V520,1.0,ondemand,0.37853,0.37853,instances.vantage.sh (AWS Price List mirror)
2026-08-17,AWS,us-east-2,g4ad.xlarge,V520,1.0,spot,0.096,0.096,instances.vantage.sh (AWS Price List mirror)
2026-08-17,AWS,us-east-2,g4dn.12xlarge,T4,4.0,ondemand,3.912,0.978,instances.vantage.sh (AWS Price List mirror)
2026-08-17,AWS,us-east-2,g4dn.12xlarge,T4,4.0,spot,1.293267,0.32331675,instances.vantage.sh (AWS Price List mirror)
2026-08-17,AWS,us-east-2,g4dn.16xlarge,T4,1.0,ondemand,4.352,4.352,instances.vantage.sh (AWS Price List mirror)
2026-08-17,AWS,us-east-2,g4dn.16xlarge,T4,1.0,spot,0.852367,0.852367,instances.vantage.sh (AWS Price List mirror)
2026-08-17,AWS,us-east-2,g4dn.2xlarge,T4,1.0,ondemand,0.752,0.752,instances.vantage.sh (AWS Price List mirror)
2026-08-17,AWS,us-east-2,g4dn.2xlarge,T4,1.0,spot,0.224567,0.224567,instances.vantage.sh (AWS Price List mirror)
2026-08-17,AWS,us-east-2,g4dn.4xlarge,T4,1.0,ondemand,1.204,1.204,instances.vantage.sh (AWS Price List mirror)
2026-08-17,AWS,us-east-2,g4dn.4xlarge,T4,1.0,spot,0.421,0.421,instances.vantage.sh (AWS Price List mirror)
2026-08-17,AWS,us-east-2,g4dn.8xlarge,T4,1.0,ondemand,2.176,2.176,instances.vantage.sh (AWS Price List mirror)
2026-08-17,AWS,us-east-2,g4dn.8xlarge,T4,1.0,spot,0.552767,0.552767,instances.vantage.sh (AWS Price List mirror)
2026-08-17,AWS,us-east-2,g4dn.metal,T4,8.0,ondemand,7.824,0.978,instances.vantage.sh (AWS Price List mirror)
2026-08-17,AWS,us-east-2,g4dn.metal,T4,8.0,spot,3.226633,0.403329125,instances.vantage.sh (AWS Price List mirror)
2026-08-17,AWS,us-east-2,g4dn.xlarge,T4,1.0,ondemand,0.526,0.526,instances.vantage.sh (AWS Price List mirror)
2026-08-17,AWS,us-east-2,g4dn.xlarge,T4,1.0,spot,0.189433,0.189433,instances.vantage.sh (AWS Price List mirror)
2026-08-17,AWS,us-east-2,g5.12xlarge,A10G,4.0,ondemand,5.672,1.418,instances.vantage.sh (AWS Price List mirror)
2026-08-17,AWS,us-east-2,g5.12xlarge,A10G,4.0,spot,2.832933,0.70823325,instances.vantage.sh (AWS Price List mirror)
2026-08-17,AWS,us-east-2,g5.16xlarge,A10G,1.0,ondemand,4.096,4.096,instances.vantage.sh (AWS Price List mirror)
2026-08-17,AWS,us-east-2,g5.16xlarge,A10G,1.0,spot,0.8911,0.8911,instances.vantage.sh (AWS Price List mirror)
2026-08-17,AWS,us-east-2,g5.24xlarge,A10G,4.0,ondemand,8.144,2.036,instances.vantage.sh (AWS Price List mirror)
2026-08-17,AWS,us-east-2,g5.24xlarge,A10G,4.0,spot,3.0426,0.76065,instances.vantage.sh (AWS Price List mirror)
2026-08-17,AWS,us-east-2,g5.2xlarge,A10G,1.0,ondemand,1.212,1.212,instances.vantage.sh (AWS Price List mirror)
2026-08-17,AWS,us-east-2,g5.2xlarge,A10G,1.0,spot,0.495067,0.495067,instances.vantage.sh (AWS Price List mirror)
2026-08-17,AWS,us-east-2,g5.48xlarge,A10G,8.0,ondemand,16.288,2.036,instances.vantage.sh (AWS Price List mirror)
2026-08-17,AWS,us-east-2,g5.48xlarge,A10G,8.0,spot,7.7292,0.96615,instances.vantage.sh (AWS Price List mirror)
2026-08-17,AWS,us-east-2,g5.4xlarge,A10G,1.0,ondemand,1.624,1.624,instances.vantage.sh (AWS Price List mirror)
2026-08-17,AWS,us-east-2,g5.4xlarge,A10G,1.0,spot,0.591167,0.591167,instances.vantage.sh (AWS Price List mirror)
2026-08-17,AWS,us-east-2,g5.8xlarge,A10G,1.0,ondemand,2.448,2.448,instances.vantage.sh (AWS Price List mirror)
2026-08-17,AWS,us-east-2,g5.8xlarge,A10G,1.0,spot,0.7722,0.7722,instances.vantage.sh (AWS Price List mirror)
2026-08-17,AWS,us-east-2,g5.xlarge,A10G,1.0,ondemand,1.006,1.006,instances.vantage.sh (AWS Price List mirror)
2026-08-17,AWS,us-east-2,g5.xlarge,A10G,1.0,spot,0.385933,0.385933,instances.vantage.sh (AWS Price List mirror)
2026-08-17,AWS,us-east-2,g6.12xlarge,L4,4.0,ondemand,4.6016,1.1504,instances.vantage.sh (AWS Price List mirror)
2026-08-17,AWS,us-east-2,g6.12xlarge,L4,4.0,spot,1.575,0.39375,instances.vantage.sh (AWS Price List mirror)
2026-08-17,AWS,us-east-2,g6.16xlarge,L4,1.0,ondemand,3.3968,3.3968,instances.vantage.sh (AWS Price List mirror)
2026-08-17,AWS,us-east-2,g6.16xlarge,L4,1.0,spot,1.0488,1.0488,instances.vantage.sh (AWS Price List mirror)
2026-08-17,AWS,us-east-2,g6.24xlarge,L4,4.0,ondemand,6.6752,1.6688,instances.vantage.sh (AWS Price List mirror)
2026-08-17,AWS,us-east-2,g6.24xlarge,L4,4.0,spot,2.2728,0.5682,instances.vantage.sh (AWS Price List mirror)
2026-08-17,AWS,us-east-2,g6.2xlarge,L4,1.0,ondemand,0.9776,0.9776,instances.vantage.sh (AWS Price List mirror)
2026-08-17,AWS,us-east-2,g6.2xlarge,L4,1.0,spot,0.2862,0.2862,instances.vantage.sh (AWS Price List mirror)
2026-08-17,AWS,us-east-2,g6.48xlarge,L4,8.0,ondemand,13.3504,1.6688,instances.vantage.sh (AWS Price List mirror)
2026-08-17,AWS,us-east-2,g6.48xlarge,L4,8.0,spot,4.859967,0.607495875,instances.vantage.sh (AWS Price List mirror)
2026-08-17,AWS,us-east-2,g6.4xlarge,L4,1.0,ondemand,1.3232,1.3232,instances.vantage.sh (AWS Price List mirror)
2026-08-17,AWS,us-east-2,g6.4xlarge,L4,1.0,spot,0.394633,0.394633,instances.vantage.sh (AWS Price List mirror)
2026-08-17,AWS,us-east-2,g6.8xlarge,L4,1.0,ondemand,2.0144,2.0144,instances.vantage.sh (AWS Price List mirror)
2026-08-17,AWS,us-east-2,g6.8xlarge,L4,1.0,spot,0.5978,0.5978,instances.vantage.sh (AWS Price List mirror)
2026-08-17,AWS,us-east-2,g6.xlarge,L4,1.0,ondemand,0.8048,0.8048,instances.vantage.sh (AWS Price List mirror)
2026-08-17,AWS,us-east-2,g6.xlarge,L4,1.0,spot,0.3028,0.3028,instances.vantage.sh (AWS Price List mirror)
2026-08-17,AWS,us-east-2,g6e.12xlarge,L40S,4.0,ondemand,10.49264,2.62316,instances.vantage.sh (AWS Price List mirror)
2026-08-17,AWS,us-east-2,g6e.12xlarge,L40S,4.0,spot,5.356533,1.33913325,instances.vantage.sh (AWS Price List mirror)
2026-08-17,AWS,us-east-2,g6e.16xlarge,L40S,1.0,ondemand,7.57719,7.57719,instances.vantage.sh (AWS Price List mirror)
2026-08-17,AWS,us-east-2,g6e.16xlarge,L40S,1.0,spot,2.8303,2.8303,instances.vantage.sh (AWS Price List mirror)
2026-08-17,AWS,us-east-2,g6e.24xlarge,L40S,4.0,ondemand,15.06559,3.7663975,instances.vantage.sh (AWS Price List mirror)
2026-08-17,AWS,us-east-2,g6e.24xlarge,L40S,4.0,spot,5.423733,1.35593325,instances.vantage.sh (AWS Price List mirror)
2026-08-17,AWS,us-east-2,g6e.2xlarge,L40S,1.0,ondemand,2.24208,2.24208,instances.vantage.sh (AWS Price List mirror)
2026-08-17,AWS,us-east-2,g6e.2xlarge,L40S,1.0,spot,1.635433,1.635433,instances.vantage.sh (AWS Price List mirror)
2026-08-17,AWS,us-east-2,g6e.48xlarge,L40S,8.0,ondemand,30.13118,3.7663975,instances.vantage.sh (AWS Price List mirror)
2026-08-17,AWS,us-east-2,g6e.48xlarge,L40S,8.0,spot,13.064167,1.633020875,instances.vantage.sh (AWS Price List mirror)
2026-08-17,AWS,us-east-2,g6e.4xlarge,L40S,1.0,ondemand,3.00424,3.00424,instances.vantage.sh (AWS Price List mirror)
2026-08-17,AWS,us-east-2,g6e.4xlarge,L40S,1.0,spot,1.546533,1.546533,instances.vantage.sh (AWS Price List mirror)
2026-08-17,AWS,us-east-2,g6e.8xlarge,L40S,1.0,ondemand,4.52856,4.52856,instances.vantage.sh (AWS Price List mirror)
2026-08-17,AWS,us-east-2,g6e.8xlarge,L40S,1.0,spot,1.4462,1.4462,instances.vantage.sh (AWS Price List mirror)
2026-08-17,AWS,us-east-2,g6e.xlarge,L40S,1.0,ondemand,1.861,1.861,instances.vantage.sh (AWS Price List mirror)
2026-08-17,AWS,us-east-2,g6e.xlarge,L40S,1.0,spot,1.2034,1.2034,instances.vantage.sh (AWS Price List mirror)
2026-08-17,AWS,us-east-2,g6f.2xlarge,L4,0.25,ondemand,0.475,1.9,instances.vantage.sh (AWS Price List mirror)
2026-08-17,AWS,us-east-2,g6f.2xlarge,L4,0.25,spot,0.103767,0.415068,instances.vantage.sh (AWS Price List mirror)
2026-08-17,AWS,us-east-2,g6f.4xlarge,L4,0.5,ondemand,0.95,1.9,instances.vantage.sh (AWS Price List mirror)
2026-08-17,AWS,us-east-2,g6f.4xlarge,L4,0.5,spot,0.3224,0.6448,instances.vantage.sh (AWS Price List mirror)
2026-08-17,AWS,us-east-2,g6f.large,L4,0.125,ondemand,0.202,1.616,instances.vantage.sh (AWS Price List mirror)
2026-08-17,AWS,us-east-2,g6f.large,L4,0.125,spot,0.045233,0.361864,instances.vantage.sh (AWS Price List mirror)
2026-08-17,AWS,us-east-2,g6f.xlarge,L4,0.125,ondemand,0.2375,1.9,instances.vantage.sh (AWS Price List mirror)
2026-08-17,AWS,us-east-2,g6f.xlarge,L4,0.125,spot,0.081333,0.650664,instances.vantage.sh (AWS Price List mirror)
2026-08-17,AWS,us-east-2,g7.12xlarge,NVIDIA RTX PRO 4500 Blackwell,2.0,ondemand,7.12832,3.56416,instances.vantage.sh (AWS Price List mirror)
2026-08-17,AWS,us-east-2,g7.12xlarge,NVIDIA RTX PRO 4500 Blackwell,2.0,spot,0.7128,0.3564,instances.vantage.sh (AWS Price List mirror)
2026-08-17,AWS,us-east-2,g7.24xlarge,NVIDIA RTX PRO 4500 Blackwell,4.0,ondemand,14.25664,3.56416,instances.vantage.sh (AWS Price List mirror)
2026-08-17,AWS,us-east-2,g7.24xlarge,NVIDIA RTX PRO 4500 Blackwell,4.0,spot,1.4257,0.356425,instances.vantage.sh (AWS Price List mirror)
2026-08-17,AWS,us-east-2,g7.2xlarge,NVIDIA RTX PRO 4500 Blackwell,1.0,ondemand,2.52,2.52,instances.vantage.sh (AWS Price List mirror)
2026-08-17,AWS,us-east-2,g7.2xlarge,NVIDIA RTX PRO 4500 Blackwell,1.0,spot,0.4509,0.4509,instances.vantage.sh (AWS Price List mirror)
2026-08-17,AWS,us-east-2,g7.48xlarge,NVIDIA RTX PRO 4500 Blackwell,8.0,ondemand,28.51328,3.56416,instances.vantage.sh (AWS Price List mirror)
2026-08-17,AWS,us-east-2,g7.48xlarge,NVIDIA RTX PRO 4500 Blackwell,8.0,spot,3.2357,0.4044625,instances.vantage.sh (AWS Price List mirror)
2026-08-17,AWS,us-east-2,g7.4xlarge,NVIDIA RTX PRO 4500 Blackwell,1.0,ondemand,3.04208,3.04208,instances.vantage.sh (AWS Price List mirror)
2026-08-17,AWS,us-east-2,g7.4xlarge,NVIDIA RTX PRO 4500 Blackwell,1.0,spot,0.482767,0.482767,instances.vantage.sh (AWS Price List mirror)
2026-08-17,AWS,us-east-2,g7.8xlarge,NVIDIA RTX PRO 4500 Blackwell,1.0,ondemand,4.08624,4.08624,instances.vantage.sh (AWS Price List mirror)
2026-08-17,AWS,us-east-2,g7.8xlarge,NVIDIA RTX PRO 4500 Blackwell,1.0,spot,0.422067,0.422067,instances.vantage.sh (AWS Price List mirror)
2026-08-17,AWS,us-east-2,g7e.12xlarge,NVIDIA RTX PRO 6000 Blackwell,2.0,ondemand,8.28608,4.14304,instances.vantage.sh (AWS Price List mirror)
2026-08-17,AWS,us-east-2,g7e.12xlarge,NVIDIA RTX PRO 6000 Blackwell,2.0,spot,3.09085,1.545425,instances.vantage.sh (AWS Price List mirror)
2026-08-17,AWS,us-east-2,g7e.24xlarge,NVIDIA RTX PRO 6000 Blackwell,4.0,ondemand,16.57216,4.14304,instances.vantage.sh (AWS Price List mirror)
2026-08-17,AWS,us-east-2,g7e.24xlarge,NVIDIA RTX PRO 6000 Blackwell,4.0,spot,5.985,1.49625,instances.vantage.sh (AWS Price List mirror)
2026-08-17,AWS,us-east-2,g7e.2xlarge,NVIDIA RTX PRO 6000 Blackwell,1.0,ondemand,3.36312,3.36312,instances.vantage.sh (AWS Price List mirror)
2026-08-17,AWS,us-east-2,g7e.2xlarge,NVIDIA RTX PRO 6000 Blackwell,1.0,spot,1.471,1.471,instances.vantage.sh (AWS Price List mirror)
2026-08-17,AWS,us-east-2,g7e.48xlarge,NVIDIA RTX PRO 6000 Blackwell,8.0,ondemand,33.14432,4.14304,instances.vantage.sh (AWS Price List mirror)
2026-08-17,AWS,us-east-2,g7e.48xlarge,NVIDIA RTX PRO 6000 Blackwell,8.0,spot,17.1416,2.1427,instances.vantage.sh (AWS Price List mirror)
2026-08-17,AWS,us-east-2,g7e.4xlarge,NVIDIA RTX PRO 6000 Blackwell,1.0,ondemand,3.99816,3.99816,instances.vantage.sh (AWS Price List mirror)
2026-08-17,AWS,us-east-2,g7e.4xlarge,NVIDIA RTX PRO 6000 Blackwell,1.0,spot,1.72055,1.72055,instances.vantage.sh (AWS Price List mirror)
2026-08-17,AWS,us-east-2,g7e.8xlarge,NVIDIA RTX PRO 6000 Blackwell,1.0,ondemand,5.26824,5.26824,instances.vantage.sh (AWS Price List mirror)
2026-08-17,AWS,us-east-2,g7e.8xlarge,NVIDIA RTX PRO 6000 Blackwell,1.0,spot,2.1522,2.1522,instances.vantage.sh (AWS Price List mirror)
2026-08-17,AWS,us-east-2,gr6.4xlarge,L4,1.0,ondemand,1.5392,1.5392,instances.vantage.sh (AWS Price List mirror)
2026-08-17,AWS,us-east-2,gr6.4xlarge,L4,1.0,spot,0.414367,0.414367,instances.vantage.sh (AWS Price List mirror)
2026-08-17,AWS,us-east-2,gr6.8xlarge,L4,1.0,ondemand,2.4464,2.4464,instances.vantage.sh (AWS Price List mirror)
2026-08-17,AWS,us-east-2,gr6.8xlarge,L4,1.0,spot,0.606333,0.606333,instances.vantage.sh (AWS Price List mirror)
2026-08-17,AWS,us-east-2,gr6f.4xlarge,L4,0.5,ondemand,1.066,2.132,instances.vantage.sh (AWS Price List mirror)
2026-08-17,AWS,us-east-2,gr6f.4xlarge,L4,0.5,spot,0.3137,0.6274,instances.vantage.sh (AWS Price List mirror)
2026-08-17,AWS,us-east-2,p2.16xlarge,K80,16.0,ondemand,14.4,0.9,instances.vantage.sh (AWS Price List mirror)
2026-08-17,AWS,us-east-2,p2.8xlarge,K80,8.0,ondemand,7.2,0.9,instances.vantage.sh (AWS Price List mirror)
2026-08-17,AWS,us-east-2,p2.xlarge,K80,1.0,ondemand,0.9,0.9,instances.vantage.sh (AWS Price List mirror)
2026-08-17,AWS,us-east-2,p3.16xlarge,V100,8.0,ondemand,24.48,3.06,instances.vantage.sh (AWS Price List mirror)
2026-08-17,AWS,us-east-2,p3.16xlarge,V100,8.0,spot,14.1719,1.7714875,instances.vantage.sh (AWS Price List mirror)
2026-08-17,AWS,us-east-2,p3.2xlarge,V100,1.0,ondemand,3.06,3.06,instances.vantage.sh (AWS Price List mirror)
2026-08-17,AWS,us-east-2,p3.2xlarge,V100,1.0,spot,0.5742,0.5742,instances.vantage.sh (AWS Price List mirror)
2026-08-17,AWS,us-east-2,p3.8xlarge,V100,4.0,ondemand,12.24,3.06,instances.vantage.sh (AWS Price List mirror)
2026-08-17,AWS,us-east-2,p3.8xlarge,V100,4.0,spot,2.5639,0.640975,instances.vantage.sh (AWS Price List mirror)
2026-08-17,AWS,us-east-2,p4d.24xlarge,A100,8.0,ondemand,21.95764,2.744705,instances.vantage.sh (AWS Price List mirror)
2026-08-17,AWS,us-east-2,p4d.24xlarge,A100,8.0,spot,12.7949,1.5993625,instances.vantage.sh (AWS Price List mirror)
2026-08-17,AWS,us-east-2,p5.48xlarge,H100,8.0,ondemand,55.04,6.88,instances.vantage.sh (AWS Price List mirror)
2026-08-17,AWS,us-east-2,p5.48xlarge,H100,8.0,spot,20.3262,2.540775,instances.vantage.sh (AWS Price List mirror)
2026-08-17,AWS,us-east-2,p5.4xlarge,H100,1.0,ondemand,6.88,6.88,instances.vantage.sh (AWS Price List mirror)
2026-08-17,AWS,us-east-2,p5.4xlarge,H100,1.0,spot,2.6295,2.6295,instances.vantage.sh (AWS Price List mirror)
2026-08-17,AWS,us-east-2,p5en.48xlarge,H200,8.0,ondemand,63.296,7.912,instances.vantage.sh (AWS Price List mirror)
2026-08-17,AWS,us-east-2,p5en.48xlarge,H200,8.0,spot,26.930833,3.366354125,instances.vantage.sh (AWS Price List mirror)
2026-08-17,AWS,us-east-2,p6-b200.48xlarge,B200,8.0,ondemand,113.9328,14.2416,instances.vantage.sh (AWS Price List mirror)
2026-08-17,AWS,us-east-2,p6-b200.48xlarge,B200,8.0,spot,41.955833,5.244479125,instances.vantage.sh (AWS Price List mirror)
2026-08-17,AWS,us-gov-east-1,g4dn.12xlarge,T4,4.0,ondemand,4.931,1.23275,instances.vantage.sh (AWS Price List mirror)
2026-08-17,AWS,us-gov-east-1,g4dn.16xlarge,T4,1.0,ondemand,5.486,5.486,instances.vantage.sh (AWS Price List mirror)
2026-08-17,AWS,us-gov-east-1,g4dn.2xlarge,T4,1.0,ondemand,0.948,0.948,instances.vantage.sh (AWS Price List mirror)
2026-08-17,AWS,us-gov-east-1,g4dn.4xlarge,T4,1.0,ondemand,1.518,1.518,instances.vantage.sh (AWS Price List mirror)
2026-08-17,AWS,us-gov-east-1,g4dn.8xlarge,T4,1.0,ondemand,2.743,2.743,instances.vantage.sh (AWS Price List mirror)
2026-08-17,AWS,us-gov-east-1,g4dn.xlarge,T4,1.0,ondemand,0.663,0.663,instances.vantage.sh (AWS Price List mirror)
2026-08-17,AWS,us-gov-east-1,g6.12xlarge,L4,4.0,ondemand,5.80003,1.4500075,instances.vantage.sh (AWS Price List mirror)
2026-08-17,AWS,us-gov-east-1,g6.16xlarge,L4,1.0,ondemand,4.28145,4.28145,instances.vantage.sh (AWS Price List mirror)
2026-08-17,AWS,us-gov-east-1,g6.24xlarge,L4,4.0,ondemand,8.41367,2.1034175,instances.vantage.sh (AWS Price List mirror)
2026-08-17,AWS,us-gov-east-1,g6.2xlarge,L4,1.0,ondemand,1.2322,1.2322,instances.vantage.sh (AWS Price List mirror)
2026-08-17,AWS,us-gov-east-1,g6.48xlarge,L4,8.0,ondemand,16.82734,2.1034175,instances.vantage.sh (AWS Price List mirror)
2026-08-17,AWS,us-gov-east-1,g6.4xlarge,L4,1.0,ondemand,1.66781,1.66781,instances.vantage.sh (AWS Price List mirror)
2026-08-17,AWS,us-gov-east-1,g6.8xlarge,L4,1.0,ondemand,2.53903,2.53903,instances.vantage.sh (AWS Price List mirror)
2026-08-17,AWS,us-gov-east-1,g6.xlarge,L4,1.0,ondemand,1.0144,1.0144,instances.vantage.sh (AWS Price List mirror)
2026-08-17,AWS,us-gov-east-1,gr6.4xlarge,L4,1.0,ondemand,1.9401,1.9401,instances.vantage.sh (AWS Price List mirror)
2026-08-17,AWS,us-gov-east-1,gr6.8xlarge,L4,1.0,ondemand,3.08359,3.08359,instances.vantage.sh (AWS Price List mirror)
2026-08-17,AWS,us-gov-east-1,p3dn.24xlarge,V100,8.0,ondemand,37.454,4.68175,instances.vantage.sh (AWS Price List mirror)
2026-08-17,AWS,us-gov-east-1,p6-b200.48xlarge,B200,8.0,ondemand,136.71936,17.08992,instances.vantage.sh (AWS Price List mirror)
2026-08-17,AWS,us-gov-east-1,p6-b300.48xlarge,NVIDIA B300,8.0,ondemand,170.9,21.3625,instances.vantage.sh (AWS Price List mirror)
2026-08-17,AWS,us-gov-west-1,g3.16xlarge,M60,4.0,ondemand,5.28,1.32,instances.vantage.sh (AWS Price List mirror)
2026-08-17,AWS,us-gov-west-1,g3.4xlarge,M60,1.0,ondemand,1.32,1.32,instances.vantage.sh (AWS Price List mirror)
2026-08-17,AWS,us-gov-west-1,g3.8xlarge,M60,2.0,ondemand,2.64,1.32,instances.vantage.sh (AWS Price List mirror)
2026-08-17,AWS,us-gov-west-1,g3s.xlarge,M60,1.0,ondemand,0.868,0.868,instances.vantage.sh (AWS Price List mirror)
2026-08-17,AWS,us-gov-west-1,g4dn.12xlarge,T4,4.0,ondemand,4.931,1.23275,instances.vantage.sh (AWS Price List mirror)
2026-08-17,AWS,us-gov-west-1,g4dn.16xlarge,T4,1.0,ondemand,5.486,5.486,instances.vantage.sh (AWS Price List mirror)
2026-08-17,AWS,us-gov-west-1,g4dn.2xlarge,T4,1.0,ondemand,0.948,0.948,instances.vantage.sh (AWS Price List mirror)
2026-08-17,AWS,us-gov-west-1,g4dn.4xlarge,T4,1.0,ondemand,1.518,1.518,instances.vantage.sh (AWS Price List mirror)
2026-08-17,AWS,us-gov-west-1,g4dn.8xlarge,T4,1.0,ondemand,2.743,2.743,instances.vantage.sh (AWS Price List mirror)
2026-08-17,AWS,us-gov-west-1,g4dn.metal,T4,8.0,ondemand,9.862,1.23275,instances.vantage.sh (AWS Price List mirror)
2026-08-17,AWS,us-gov-west-1,g4dn.xlarge,T4,1.0,ondemand,0.663,0.663,instances.vantage.sh (AWS Price List mirror)
2026-08-17,AWS,us-gov-west-1,g6.12xlarge,L4,4.0,ondemand,5.80003,1.4500075,instances.vantage.sh (AWS Price List mirror)
2026-08-17,AWS,us-gov-west-1,g6.16xlarge,L4,1.0,ondemand,4.28145,4.28145,instances.vantage.sh (AWS Price List mirror)
2026-08-17,AWS,us-gov-west-1,g6.24xlarge,L4,4.0,ondemand,8.41367,2.1034175,instances.vantage.sh (AWS Price List mirror)
2026-08-17,AWS,us-gov-west-1,g6.2xlarge,L4,1.0,ondemand,1.2322,1.2322,instances.vantage.sh (AWS Price List mirror)
2026-08-17,AWS,us-gov-west-1,g6.48xlarge,L4,8.0,ondemand,16.82734,2.1034175,instances.vantage.sh (AWS Price List mirror)
2026-08-17,AWS,us-gov-west-1,g6.4xlarge,L4,1.0,ondemand,1.66781,1.66781,instances.vantage.sh (AWS Price List mirror)
2026-08-17,AWS,us-gov-west-1,g6.8xlarge,L4,1.0,ondemand,2.53903,2.53903,instances.vantage.sh (AWS Price List mirror)
2026-08-17,AWS,us-gov-west-1,g6.xlarge,L4,1.0,ondemand,1.0144,1.0144,instances.vantage.sh (AWS Price List mirror)
2026-08-17,AWS,us-gov-west-1,gr6.4xlarge,L4,1.0,ondemand,1.9401,1.9401,instances.vantage.sh (AWS Price List mirror)
2026-08-17,AWS,us-gov-west-1,gr6.8xlarge,L4,1.0,ondemand,3.08359,3.08359,instances.vantage.sh (AWS Price List mirror)
2026-08-17,AWS,us-gov-west-1,p2.16xlarge,K80,16.0,ondemand,17.28,1.08,instances.vantage.sh (AWS Price List mirror)
2026-08-17,AWS,us-gov-west-1,p2.8xlarge,K80,8.0,ondemand,8.64,1.08,instances.vantage.sh (AWS Price List mirror)
2026-08-17,AWS,us-gov-west-1,p2.xlarge,K80,1.0,ondemand,1.08,1.08,instances.vantage.sh (AWS Price List mirror)
2026-08-17,AWS,us-gov-west-1,p3.16xlarge,V100,8.0,ondemand,29.376,3.672,instances.vantage.sh (AWS Price List mirror)
2026-08-17,AWS,us-gov-west-1,p3.2xlarge,V100,1.0,ondemand,3.672,3.672,instances.vantage.sh (AWS Price List mirror)
2026-08-17,AWS,us-gov-west-1,p3.8xlarge,V100,4.0,ondemand,14.688,3.672,instances.vantage.sh (AWS Price List mirror)
2026-08-17,AWS,us-gov-west-1,p3dn.24xlarge,V100,8.0,ondemand,37.454,4.68175,instances.vantage.sh (AWS Price List mirror)
2026-08-17,AWS,us-gov-west-1,p4d.24xlarge,A100,8.0,ondemand,26.3511,3.2938875,instances.vantage.sh (AWS Price List mirror)
2026-08-17,AWS,us-gov-west-1,p5.48xlarge,H100,8.0,ondemand,66.048,8.256,instances.vantage.sh (AWS Price List mirror)
2026-08-17,AWS,us-gov-west-1,p5.4xlarge,H100,1.0,ondemand,8.256,8.256,instances.vantage.sh (AWS Price List mirror)
2026-08-17,AWS,us-gov-west-1,p5en.48xlarge,H200,8.0,ondemand,75.9552,9.4944,instances.vantage.sh (AWS Price List mirror)
2026-08-17,AWS,us-gov-west-1,p6-b200.48xlarge,B200,8.0,ondemand,136.71936,17.08992,instances.vantage.sh (AWS Price List mirror)
2026-08-17,AWS,us-west-1,g2.2xlarge,K520,1.0,ondemand,0.702,0.702,instances.vantage.sh (AWS Price List mirror)
2026-08-17,AWS,us-west-1,g2.8xlarge,K520,4.0,ondemand,2.808,0.702,instances.vantage.sh (AWS Price List mirror)
2026-08-17,AWS,us-west-1,g3.16xlarge,M60,4.0,ondemand,6.136,1.534,instances.vantage.sh (AWS Price List mirror)
2026-08-17,AWS,us-west-1,g3.4xlarge,M60,1.0,ondemand,1.534,1.534,instances.vantage.sh (AWS Price List mirror)
2026-08-17,AWS,us-west-1,g3.8xlarge,M60,2.0,ondemand,3.068,1.534,instances.vantage.sh (AWS Price List mirror)
2026-08-17,AWS,us-west-1,g4dn.12xlarge,T4,4.0,ondemand,4.694,1.1735,instances.vantage.sh (AWS Price List mirror)
2026-08-17,AWS,us-west-1,g4dn.12xlarge,T4,4.0,spot,2.0752,0.5188,instances.vantage.sh (AWS Price List mirror)
2026-08-17,AWS,us-west-1,g4dn.16xlarge,T4,1.0,ondemand,5.222,5.222,instances.vantage.sh (AWS Price List mirror)
2026-08-17,AWS,us-west-1,g4dn.16xlarge,T4,1.0,spot,0.82675,0.82675,instances.vantage.sh (AWS Price List mirror)
2026-08-17,AWS,us-west-1,g4dn.2xlarge,T4,1.0,ondemand,0.902,0.902,instances.vantage.sh (AWS Price List mirror)
2026-08-17,AWS,us-west-1,g4dn.2xlarge,T4,1.0,spot,0.4092,0.4092,instances.vantage.sh (AWS Price List mirror)
2026-08-17,AWS,us-west-1,g4dn.4xlarge,T4,1.0,ondemand,1.445,1.445,instances.vantage.sh (AWS Price List mirror)
2026-08-17,AWS,us-west-1,g4dn.4xlarge,T4,1.0,spot,0.80345,0.80345,instances.vantage.sh (AWS Price List mirror)
2026-08-17,AWS,us-west-1,g4dn.8xlarge,T4,1.0,ondemand,2.611,2.611,instances.vantage.sh (AWS Price List mirror)
2026-08-17,AWS,us-west-1,g4dn.8xlarge,T4,1.0,spot,1.06085,1.06085,instances.vantage.sh (AWS Price List mirror)
2026-08-17,AWS,us-west-1,g4dn.metal,T4,8.0,ondemand,9.389,1.173625,instances.vantage.sh (AWS Price List mirror)
2026-08-17,AWS,us-west-1,g4dn.metal,T4,8.0,spot,3.39125,0.42390625,instances.vantage.sh (AWS Price List mirror)
2026-08-17,AWS,us-west-1,g4dn.xlarge,T4,1.0,ondemand,0.631,0.631,instances.vantage.sh (AWS Price List mirror)
2026-08-17,AWS,us-west-1,g4dn.xlarge,T4,1.0,spot,0.2913,0.2913,instances.vantage.sh (AWS Price List mirror)
2026-08-17,AWS,us-west-1,p5.48xlarge,H100,8.0,ondemand,68.8,8.6,instances.vantage.sh (AWS Price List mirror)
2026-08-17,AWS,us-west-1,p5.48xlarge,H100,8.0,spot,56.8158,7.101975,instances.vantage.sh (AWS Price List mirror)
2026-08-17,AWS,us-west-1,p5en.48xlarge,H200,8.0,ondemand,79.12,9.89,instances.vantage.sh (AWS Price List mirror)
2026-08-17,AWS,us-west-1,p5en.48xlarge,H200,8.0,spot,79.12,9.89,instances.vantage.sh (AWS Price List mirror)
2026-08-17,AWS,us-west-2,dl2q.24xlarge,Qualcomm AI 100 Accelerators,8.0,ondemand,8.9194,1.114925,instances.vantage.sh (AWS Price List mirror)
2026-08-17,AWS,us-west-2,dl2q.24xlarge,Qualcomm AI 100 Accelerators,8.0,spot,4.7413,0.5926625,instances.vantage.sh (AWS Price List mirror)
2026-08-17,AWS,us-west-2,g2.2xlarge,K520,1.0,ondemand,0.65,0.65,instances.vantage.sh (AWS Price List mirror)
2026-08-17,AWS,us-west-2,g2.8xlarge,K520,4.0,ondemand,2.6,0.65,instances.vantage.sh (AWS Price List mirror)
2026-08-17,AWS,us-west-2,g3.16xlarge,M60,4.0,ondemand,4.56,1.14,instances.vantage.sh (AWS Price List mirror)
2026-08-17,AWS,us-west-2,g3.4xlarge,M60,1.0,ondemand,1.14,1.14,instances.vantage.sh (AWS Price List mirror)
2026-08-17,AWS,us-west-2,g3.8xlarge,M60,2.0,ondemand,2.28,1.14,instances.vantage.sh (AWS Price List mirror)
2026-08-17,AWS,us-west-2,g3s.xlarge,M60,1.0,ondemand,0.75,0.75,instances.vantage.sh (AWS Price List mirror)
2026-08-17,AWS,us-west-2,g4ad.16xlarge,V520,4.0,ondemand,3.468,0.867,instances.vantage.sh (AWS Price List mirror)
2026-08-17,AWS,us-west-2,g4ad.16xlarge,V520,4.0,spot,1.367167,0.34179175,instances.vantage.sh (AWS Price List mirror)
2026-08-17,AWS,us-west-2,g4ad.2xlarge,V520,1.0,ondemand,0.54117,0.54117,instances.vantage.sh (AWS Price List mirror)
2026-08-17,AWS,us-west-2,g4ad.2xlarge,V520,1.0,spot,0.259633,0.259633,instances.vantage.sh (AWS Price List mirror)
2026-08-17,AWS,us-west-2,g4ad.4xlarge,V520,1.0,ondemand,0.867,0.867,instances.vantage.sh (AWS Price List mirror)
2026-08-17,AWS,us-west-2,g4ad.4xlarge,V520,1.0,spot,0.360767,0.360767,instances.vantage.sh (AWS Price List mirror)
2026-08-17,AWS,us-west-2,g4ad.8xlarge,V520,2.0,ondemand,1.734,0.867,instances.vantage.sh (AWS Price List mirror)
2026-08-17,AWS,us-west-2,g4ad.8xlarge,V520,2.0,spot,0.637367,0.3186835,instances.vantage.sh (AWS Price List mirror)
2026-08-17,AWS,us-west-2,g4ad.xlarge,V520,1.0,ondemand,0.37853,0.37853,instances.vantage.sh (AWS Price List mirror)
2026-08-17,AWS,us-west-2,g4ad.xlarge,V520,1.0,spot,0.164667,0.164667,instances.vantage.sh (AWS Price List mirror)
2026-08-17,AWS,us-west-2,g4dn.12xlarge,T4,4.0,ondemand,3.912,0.978,instances.vantage.sh (AWS Price List mirror)
2026-08-17,AWS,us-west-2,g4dn.12xlarge,T4,4.0,spot,1.526367,0.38159175,instances.vantage.sh (AWS Price List mirror)
2026-08-17,AWS,us-west-2,g4dn.16xlarge,T4,1.0,ondemand,4.352,4.352,instances.vantage.sh (AWS Price List mirror)
2026-08-17,AWS,us-west-2,g4dn.16xlarge,T4,1.0,spot,1.3041,1.3041,instances.vantage.sh (AWS Price List mirror)
2026-08-17,AWS,us-west-2,g4dn.2xlarge,T4,1.0,ondemand,0.752,0.752,instances.vantage.sh (AWS Price List mirror)
2026-08-17,AWS,us-west-2,g4dn.2xlarge,T4,1.0,spot,0.297967,0.297967,instances.vantage.sh (AWS Price List mirror)
2026-08-17,AWS,us-west-2,g4dn.4xlarge,T4,1.0,ondemand,1.204,1.204,instances.vantage.sh (AWS Price List mirror)
2026-08-17,AWS,us-west-2,g4dn.4xlarge,T4,1.0,spot,0.4336,0.4336,instances.vantage.sh (AWS Price List mirror)
2026-08-17,AWS,us-west-2,g4dn.8xlarge,T4,1.0,ondemand,2.176,2.176,instances.vantage.sh (AWS Price List mirror)
2026-08-17,AWS,us-west-2,g4dn.8xlarge,T4,1.0,spot,0.736467,0.736467,instances.vantage.sh (AWS Price List mirror)
2026-08-17,AWS,us-west-2,g4dn.metal,T4,8.0,ondemand,7.824,0.978,instances.vantage.sh (AWS Price List mirror)
2026-08-17,AWS,us-west-2,g4dn.metal,T4,8.0,spot,4.171867,0.521483375,instances.vantage.sh (AWS Price List mirror)
2026-08-17,AWS,us-west-2,g4dn.xlarge,T4,1.0,ondemand,0.526,0.526,instances.vantage.sh (AWS Price List mirror)
2026-08-17,AWS,us-west-2,g4dn.xlarge,T4,1.0,spot,0.228767,0.228767,instances.vantage.sh (AWS Price List mirror)
2026-08-17,AWS,us-west-2,g5.12xlarge,A10G,4.0,ondemand,5.672,1.418,instances.vantage.sh (AWS Price List mirror)
2026-08-17,AWS,us-west-2,g5.12xlarge,A10G,4.0,spot,3.643833,0.91095825,instances.vantage.sh (AWS Price List mirror)
2026-08-17,AWS,us-west-2,g5.16xlarge,A10G,1.0,ondemand,4.096,4.096,instances.vantage.sh (AWS Price List mirror)
2026-08-17,AWS,us-west-2,g5.16xlarge,A10G,1.0,spot,1.4272,1.4272,instances.vantage.sh (AWS Price List mirror)
2026-08-17,AWS,us-west-2,g5.24xlarge,A10G,4.0,ondemand,8.144,2.036,instances.vantage.sh (AWS Price List mirror)
2026-08-17,AWS,us-west-2,g5.24xlarge,A10G,4.0,spot,3.7603,0.940075,instances.vantage.sh (AWS Price List mirror)
2026-08-17,AWS,us-west-2,g5.2xlarge,A10G,1.0,ondemand,1.212,1.212,instances.vantage.sh (AWS Price List mirror)
2026-08-17,AWS,us-west-2,g5.2xlarge,A10G,1.0,spot,0.552633,0.552633,instances.vantage.sh (AWS Price List mirror)
2026-08-17,AWS,us-west-2,g5.48xlarge,A10G,8.0,ondemand,16.288,2.036,instances.vantage.sh (AWS Price List mirror)
2026-08-17,AWS,us-west-2,g5.48xlarge,A10G,8.0,spot,11.9441,1.4930125,instances.vantage.sh (AWS Price List mirror)
2026-08-17,AWS,us-west-2,g5.4xlarge,A10G,1.0,ondemand,1.624,1.624,instances.vantage.sh (AWS Price List mirror)
2026-08-17,AWS,us-west-2,g5.4xlarge,A10G,1.0,spot,0.602267,0.602267,instances.vantage.sh (AWS Price List mirror)
2026-08-17,AWS,us-west-2,g5.8xlarge,A10G,1.0,ondemand,2.448,2.448,instances.vantage.sh (AWS Price List mirror)
2026-08-17,AWS,us-west-2,g5.8xlarge,A10G,1.0,spot,0.914,0.914,instances.vantage.sh (AWS Price List mirror)
2026-08-17,AWS,us-west-2,g5.xlarge,A10G,1.0,ondemand,1.006,1.006,instances.vantage.sh (AWS Price List mirror)
2026-08-17,AWS,us-west-2,g5.xlarge,A10G,1.0,spot,0.492733,0.492733,instances.vantage.sh (AWS Price List mirror)
2026-08-17,AWS,us-west-2,g5g.16xlarge,T4G,2.0,ondemand,2.744,1.372,instances.vantage.sh (AWS Price List mirror)
2026-08-17,AWS,us-west-2,g5g.16xlarge,T4G,2.0,spot,1.029367,0.5146835,instances.vantage.sh (AWS Price List mirror)
2026-08-17,AWS,us-west-2,g5g.2xlarge,T4G,1.0,ondemand,0.556,0.556,instances.vantage.sh (AWS Price List mirror)
2026-08-17,AWS,us-west-2,g5g.2xlarge,T4G,1.0,spot,0.2618,0.2618,instances.vantage.sh (AWS Price List mirror)
2026-08-17,AWS,us-west-2,g5g.4xlarge,T4G,1.0,ondemand,0.828,0.828,instances.vantage.sh (AWS Price List mirror)
2026-08-17,AWS,us-west-2,g5g.4xlarge,T4G,1.0,spot,0.277333,0.277333,instances.vantage.sh (AWS Price List mirror)
2026-08-17,AWS,us-west-2,g5g.8xlarge,T4G,1.0,ondemand,1.372,1.372,instances.vantage.sh (AWS Price List mirror)
2026-08-17,AWS,us-west-2,g5g.8xlarge,T4G,1.0,spot,0.4753,0.4753,instances.vantage.sh (AWS Price List mirror)
2026-08-17,AWS,us-west-2,g5g.metal,T4G,2.0,ondemand,2.744,1.372,instances.vantage.sh (AWS Price List mirror)
2026-08-17,AWS,us-west-2,g5g.metal,T4G,2.0,spot,0.4993,0.24965,instances.vantage.sh (AWS Price List mirror)
2026-08-17,AWS,us-west-2,g5g.xlarge,T4G,1.0,ondemand,0.42,0.42,instances.vantage.sh (AWS Price List mirror)
2026-08-17,AWS,us-west-2,g5g.xlarge,T4G,1.0,spot,0.134333,0.134333,instances.vantage.sh (AWS Price List mirror)
2026-08-17,AWS,us-west-2,g6.12xlarge,L4,4.0,ondemand,4.6016,1.1504,instances.vantage.sh (AWS Price List mirror)
2026-08-17,AWS,us-west-2,g6.12xlarge,L4,4.0,spot,1.848475,0.46211875,instances.vantage.sh (AWS Price List mirror)
2026-08-17,AWS,us-west-2,g6.16xlarge,L4,1.0,ondemand,3.3968,3.3968,instances.vantage.sh (AWS Price List mirror)
2026-08-17,AWS,us-west-2,g6.16xlarge,L4,1.0,spot,1.4593,1.4593,instances.vantage.sh (AWS Price List mirror)
2026-08-17,AWS,us-west-2,g6.24xlarge,L4,4.0,ondemand,6.6752,1.6688,instances.vantage.sh (AWS Price List mirror)
2026-08-17,AWS,us-west-2,g6.24xlarge,L4,4.0,spot,3.164125,0.79103125,instances.vantage.sh (AWS Price List mirror)
2026-08-17,AWS,us-west-2,g6.2xlarge,L4,1.0,ondemand,0.9776,0.9776,instances.vantage.sh (AWS Price List mirror)
2026-08-17,AWS,us-west-2,g6.2xlarge,L4,1.0,spot,0.631975,0.631975,instances.vantage.sh (AWS Price List mirror)
2026-08-17,AWS,us-west-2,g6.48xlarge,L4,8.0,ondemand,13.3504,1.6688,instances.vantage.sh (AWS Price List mirror)
2026-08-17,AWS,us-west-2,g6.48xlarge,L4,8.0,spot,7.07745,0.88468125,instances.vantage.sh (AWS Price List mirror)
2026-08-17,AWS,us-west-2,g6.4xlarge,L4,1.0,ondemand,1.3232,1.3232,instances.vantage.sh (AWS Price List mirror)
2026-08-17,AWS,us-west-2,g6.4xlarge,L4,1.0,spot,0.648725,0.648725,instances.vantage.sh (AWS Price List mirror)
2026-08-17,AWS,us-west-2,g6.8xlarge,L4,1.0,ondemand,2.0144,2.0144,instances.vantage.sh (AWS Price List mirror)
2026-08-17,AWS,us-west-2,g6.8xlarge,L4,1.0,spot,0.923275,0.923275,instances.vantage.sh (AWS Price List mirror)
2026-08-17,AWS,us-west-2,g6.xlarge,L4,1.0,ondemand,0.8048,0.8048,instances.vantage.sh (AWS Price List mirror)
2026-08-17,AWS,us-west-2,g6.xlarge,L4,1.0,spot,0.543075,0.543075,instances.vantage.sh (AWS Price List mirror)
2026-08-17,AWS,us-west-2,g6e.12xlarge,L40S,4.0,ondemand,10.49264,2.62316,instances.vantage.sh (AWS Price List mirror)
2026-08-17,AWS,us-west-2,g6e.12xlarge,L40S,4.0,spot,6.649425,1.66235625,instances.vantage.sh (AWS Price List mirror)
2026-08-17,AWS,us-west-2,g6e.16xlarge,L40S,1.0,ondemand,7.57719,7.57719,instances.vantage.sh (AWS Price List mirror)
2026-08-17,AWS,us-west-2,g6e.16xlarge,L40S,1.0,spot,3.419075,3.419075,instances.vantage.sh (AWS Price List mirror)
2026-08-17,AWS,us-west-2,g6e.24xlarge,L40S,4.0,ondemand,15.06559,3.7663975,instances.vantage.sh (AWS Price List mirror)
2026-08-17,AWS,us-west-2,g6e.24xlarge,L40S,4.0,spot,6.91635,1.7290875,instances.vantage.sh (AWS Price List mirror)
2026-08-17,AWS,us-west-2,g6e.2xlarge,L40S,1.0,ondemand,2.24208,2.24208,instances.vantage.sh (AWS Price List mirror)
2026-08-17,AWS,us-west-2,g6e.2xlarge,L40S,1.0,spot,1.76305,1.76305,instances.vantage.sh (AWS Price List mirror)
2026-08-17,AWS,us-west-2,g6e.48xlarge,L40S,8.0,ondemand,30.13118,3.7663975,instances.vantage.sh (AWS Price List mirror)
2026-08-17,AWS,us-west-2,g6e.48xlarge,L40S,8.0,spot,12.687375,1.585921875,instances.vantage.sh (AWS Price List mirror)
2026-08-17,AWS,us-west-2,g6e.4xlarge,L40S,1.0,ondemand,3.00424,3.00424,instances.vantage.sh (AWS Price List mirror)
2026-08-17,AWS,us-west-2,g6e.4xlarge,L40S,1.0,spot,1.92565,1.92565,instances.vantage.sh (AWS Price List mirror)
2026-08-17,AWS,us-west-2,g6e.8xlarge,L40S,1.0,ondemand,4.52856,4.52856,instances.vantage.sh (AWS Price List mirror)
2026-08-17,AWS,us-west-2,g6e.8xlarge,L40S,1.0,spot,1.960025,1.960025,instances.vantage.sh (AWS Price List mirror)
2026-08-17,AWS,us-west-2,g6e.xlarge,L40S,1.0,ondemand,1.861,1.861,instances.vantage.sh (AWS Price List mirror)
2026-08-17,AWS,us-west-2,g6e.xlarge,L40S,1.0,spot,1.70175,1.70175,instances.vantage.sh (AWS Price List mirror)
2026-08-17,AWS,us-west-2,g6f.2xlarge,L4,0.25,ondemand,0.475,1.9,instances.vantage.sh (AWS Price List mirror)
2026-08-17,AWS,us-west-2,g6f.2xlarge,L4,0.25,spot,0.168525,0.6741,instances.vantage.sh (AWS Price List mirror)
2026-08-17,AWS,us-west-2,g6f.4xlarge,L4,0.5,ondemand,0.95,1.9,instances.vantage.sh (AWS Price List mirror)
2026-08-17,AWS,us-west-2,g6f.4xlarge,L4,0.5,spot,0.360175,0.72035,instances.vantage.sh (AWS Price List mirror)
2026-08-17,AWS,us-west-2,g6f.large,L4,0.125,ondemand,0.202,1.616,instances.vantage.sh (AWS Price List mirror)
2026-08-17,AWS,us-west-2,g6f.large,L4,0.125,spot,0.05775,0.462,instances.vantage.sh (AWS Price List mirror)
2026-08-17,AWS,us-west-2,g6f.xlarge,L4,0.125,ondemand,0.2375,1.9,instances.vantage.sh (AWS Price List mirror)
2026-08-17,AWS,us-west-2,g6f.xlarge,L4,0.125,spot,0.077175,0.6174,instances.vantage.sh (AWS Price List mirror)
2026-08-17,AWS,us-west-2,g7.12xlarge,NVIDIA RTX PRO 4500 Blackwell,2.0,ondemand,7.12832,3.56416,instances.vantage.sh (AWS Price List mirror)
2026-08-17,AWS,us-west-2,g7.12xlarge,NVIDIA RTX PRO 4500 Blackwell,2.0,spot,1.26385,0.631925,instances.vantage.sh (AWS Price List mirror)
2026-08-17,AWS,us-west-2,g7.24xlarge,NVIDIA RTX PRO 4500 Blackwell,4.0,ondemand,14.25664,3.56416,instances.vantage.sh (AWS Price List mirror)
2026-08-17,AWS,us-west-2,g7.24xlarge,NVIDIA RTX PRO 4500 Blackwell,4.0,spot,4.302725,1.07568125,instances.vantage.sh (AWS Price List mirror)
2026-08-17,AWS,us-west-2,g7.2xlarge,NVIDIA RTX PRO 4500 Blackwell,1.0,ondemand,2.52,2.52,instances.vantage.sh (AWS Price List mirror)
2026-08-17,AWS,us-west-2,g7.2xlarge,NVIDIA RTX PRO 4500 Blackwell,1.0,spot,0.878,0.878,instances.vantage.sh (AWS Price List mirror)
2026-08-17,AWS,us-west-2,g7.48xlarge,NVIDIA RTX PRO 4500 Blackwell,8.0,ondemand,28.51328,3.56416,instances.vantage.sh (AWS Price List mirror)
2026-08-17,AWS,us-west-2,g7.48xlarge,NVIDIA RTX PRO 4500 Blackwell,8.0,spot,9.032,1.129,instances.vantage.sh (AWS Price List mirror)
2026-08-17,AWS,us-west-2,g7.4xlarge,NVIDIA RTX PRO 4500 Blackwell,1.0,ondemand,3.04208,3.04208,instances.vantage.sh (AWS Price List mirror)
2026-08-17,AWS,us-west-2,g7.4xlarge,NVIDIA RTX PRO 4500 Blackwell,1.0,spot,0.930925,0.930925,instances.vantage.sh (AWS Price List mirror)
2026-08-17,AWS,us-west-2,g7.8xlarge,NVIDIA RTX PRO 4500 Blackwell,1.0,ondemand,4.08624,4.08624,instances.vantage.sh (AWS Price List mirror)
2026-08-17,AWS,us-west-2,g7.8xlarge,NVIDIA RTX PRO 4500 Blackwell,1.0,spot,0.951675,0.951675,instances.vantage.sh (AWS Price List mirror)
2026-08-17,AWS,us-west-2,g7e.12xlarge,NVIDIA RTX PRO 6000 Blackwell,2.0,ondemand,8.28608,4.14304,instances.vantage.sh (AWS Price List mirror)
2026-08-17,AWS,us-west-2,g7e.12xlarge,NVIDIA RTX PRO 6000 Blackwell,2.0,spot,5.00185,2.500925,instances.vantage.sh (AWS Price List mirror)
2026-08-17,AWS,us-west-2,g7e.24xlarge,NVIDIA RTX PRO 6000 Blackwell,4.0,ondemand,16.57216,4.14304,instances.vantage.sh (AWS Price List mirror)
2026-08-17,AWS,us-west-2,g7e.24xlarge,NVIDIA RTX PRO 6000 Blackwell,4.0,spot,12.91715,3.2292875,instances.vantage.sh (AWS Price List mirror)
2026-08-17,AWS,us-west-2,g7e.2xlarge,NVIDIA RTX PRO 6000 Blackwell,1.0,ondemand,3.36312,3.36312,instances.vantage.sh (AWS Price List mirror)
2026-08-17,AWS,us-west-2,g7e.2xlarge,NVIDIA RTX PRO 6000 Blackwell,1.0,spot,2.3218,2.3218,instances.vantage.sh (AWS Price List mirror)
2026-08-17,AWS,us-west-2,g7e.48xlarge,NVIDIA RTX PRO 6000 Blackwell,8.0,ondemand,33.14432,4.14304,instances.vantage.sh (AWS Price List mirror)
2026-08-17,AWS,us-west-2,g7e.48xlarge,NVIDIA RTX PRO 6000 Blackwell,8.0,spot,26.795075,3.349384375,instances.vantage.sh (AWS Price List mirror)
2026-08-17,AWS,us-west-2,g7e.4xlarge,NVIDIA RTX PRO 6000 Blackwell,1.0,ondemand,3.99816,3.99816,instances.vantage.sh (AWS Price List mirror)
2026-08-17,AWS,us-west-2,g7e.4xlarge,NVIDIA RTX PRO 6000 Blackwell,1.0,spot,2.992975,2.992975,instances.vantage.sh (AWS Price List mirror)
2026-08-17,AWS,us-west-2,g7e.8xlarge,NVIDIA RTX PRO 6000 Blackwell,1.0,ondemand,5.26824,5.26824,instances.vantage.sh (AWS Price List mirror)
2026-08-17,AWS,us-west-2,g7e.8xlarge,NVIDIA RTX PRO 6000 Blackwell,1.0,spot,3.67065,3.67065,instances.vantage.sh (AWS Price List mirror)
2026-08-17,AWS,us-west-2,gr6.4xlarge,L4,1.0,ondemand,1.5392,1.5392,instances.vantage.sh (AWS Price List mirror)
2026-08-17,AWS,us-west-2,gr6.4xlarge,L4,1.0,spot,0.5964,0.5964,instances.vantage.sh (AWS Price List mirror)
2026-08-17,AWS,us-west-2,gr6.8xlarge,L4,1.0,ondemand,2.4464,2.4464,instances.vantage.sh (AWS Price List mirror)
2026-08-17,AWS,us-west-2,gr6.8xlarge,L4,1.0,spot,0.865375,0.865375,instances.vantage.sh (AWS Price List mirror)
2026-08-17,AWS,us-west-2,gr6f.4xlarge,L4,0.5,ondemand,1.066,2.132,instances.vantage.sh (AWS Price List mirror)
2026-08-17,AWS,us-west-2,gr6f.4xlarge,L4,0.5,spot,0.37785,0.7557,instances.vantage.sh (AWS Price List mirror)
2026-08-17,AWS,us-west-2,p2.16xlarge,K80,16.0,ondemand,14.4,0.9,instances.vantage.sh (AWS Price List mirror)
2026-08-17,AWS,us-west-2,p2.8xlarge,K80,8.0,ondemand,7.2,0.9,instances.vantage.sh (AWS Price List mirror)
2026-08-17,AWS,us-west-2,p2.xlarge,K80,1.0,ondemand,0.9,0.9,instances.vantage.sh (AWS Price List mirror)
2026-08-17,AWS,us-west-2,p3.16xlarge,V100,8.0,ondemand,24.48,3.06,instances.vantage.sh (AWS Price List mirror)
2026-08-17,AWS,us-west-2,p3.16xlarge,V100,8.0,spot,13.117033,1.639629125,instances.vantage.sh (AWS Price List mirror)
2026-08-17,AWS,us-west-2,p3.2xlarge,V100,1.0,ondemand,3.06,3.06,instances.vantage.sh (AWS Price List mirror)
2026-08-17,AWS,us-west-2,p3.2xlarge,V100,1.0,spot,0.7914,0.7914,instances.vantage.sh (AWS Price List mirror)
2026-08-17,AWS,us-west-2,p3.8xlarge,V100,4.0,ondemand,12.24,3.06,instances.vantage.sh (AWS Price List mirror)
2026-08-17,AWS,us-west-2,p3.8xlarge,V100,4.0,spot,5.321133,1.33028325,instances.vantage.sh (AWS Price List mirror)
2026-08-17,AWS,us-west-2,p3dn.24xlarge,V100,8.0,ondemand,31.212,3.9015,instances.vantage.sh (AWS Price List mirror)
2026-08-17,AWS,us-west-2,p3dn.24xlarge,V100,8.0,spot,8.6241,1.0780125,instances.vantage.sh (AWS Price List mirror)
2026-08-17,AWS,us-west-2,p4d.24xlarge,A100,8.0,ondemand,21.95764,2.744705,instances.vantage.sh (AWS Price List mirror)
2026-08-17,AWS,us-west-2,p4d.24xlarge,A100,8.0,spot,17.414525,2.176815625,instances.vantage.sh (AWS Price List mirror)
2026-08-17,AWS,us-west-2,p4de.24xlarge,A100,8.0,ondemand,27.44705,3.43088125,instances.vantage.sh (AWS Price List mirror)
2026-08-17,AWS,us-west-2,p4de.24xlarge,A100,8.0,spot,22.994767,2.874345875,instances.vantage.sh (AWS Price List mirror)
2026-08-17,AWS,us-west-2,p5.48xlarge,H100,8.0,ondemand,55.04,6.88,instances.vantage.sh (AWS Price List mirror)
2026-08-17,AWS,us-west-2,p5.48xlarge,H100,8.0,spot,20.734625,2.591828125,instances.vantage.sh (AWS Price List mirror)
2026-08-17,AWS,us-west-2,p5.4xlarge,H100,1.0,ondemand,6.88,6.88,instances.vantage.sh (AWS Price List mirror)
2026-08-17,AWS,us-west-2,p5.4xlarge,H100,1.0,spot,2.6295,2.6295,instances.vantage.sh (AWS Price List mirror)
2026-08-17,AWS,us-west-2,p5en.48xlarge,H200,8.0,ondemand,63.296,7.912,instances.vantage.sh (AWS Price List mirror)
2026-08-17,AWS,us-west-2,p5en.48xlarge,H200,8.0,spot,26.978667,3.372333375,instances.vantage.sh (AWS Price List mirror)
2026-08-17,AWS,us-west-2,p6-b200.48xlarge,B200,8.0,ondemand,113.9328,14.2416,instances.vantage.sh (AWS Price List mirror)
2026-08-17,AWS,us-west-2,p6-b200.48xlarge,B200,8.0,spot,41.4228,5.17785,instances.vantage.sh (AWS Price List mirror)
2026-08-17,AWS,us-west-2,p6-b300.48xlarge,NVIDIA B300,8.0,ondemand,142.416,17.802,instances.vantage.sh (AWS Price List mirror)
2026-08-17,AWS,us-west-2,p6-b300.48xlarge,NVIDIA B300,8.0,spot,51.8955,6.4869375,instances.vantage.sh (AWS Price List mirror)
2026-08-17,AWS,us-west-2-den-1,g4dn.2xlarge,T4,1.0,ondemand,1.015,1.015,instances.vantage.sh (AWS Price List mirror)
2026-08-17,AWS,us-west-2-den-1,g4dn.4xlarge,T4,1.0,ondemand,1.625,1.625,instances.vantage.sh (AWS Price List mirror)
2026-08-17,AWS,us-west-2-hnl-1,g4dn.2xlarge,T4,1.0,ondemand,1.241,1.241,instances.vantage.sh (AWS Price List mirror)
2026-08-17,AWS,us-west-2-hnl-1,g4dn.4xlarge,T4,1.0,ondemand,1.987,1.987,instances.vantage.sh (AWS Price List mirror)
2026-08-17,AWS,us-west-2-lax-1,g4dn.12xlarge,T4,4.0,ondemand,4.694,1.1735,instances.vantage.sh (AWS Price List mirror)
2026-08-17,AWS,us-west-2-lax-1,g4dn.16xlarge,T4,1.0,ondemand,5.222,5.222,instances.vantage.sh (AWS Price List mirror)
2026-08-17,AWS,us-west-2-lax-1,g4dn.2xlarge,T4,1.0,ondemand,0.902,0.902,instances.vantage.sh (AWS Price List mirror)
2026-08-17,AWS,us-west-2-lax-1,g4dn.4xlarge,T4,1.0,ondemand,1.445,1.445,instances.vantage.sh (AWS Price List mirror)
2026-08-17,AWS,us-west-2-lax-1,g4dn.8xlarge,T4,1.0,ondemand,2.611,2.611,instances.vantage.sh (AWS Price List mirror)
2026-08-17,AWS,us-west-2-lax-1,g4dn.metal,T4,8.0,ondemand,9.389,1.173625,instances.vantage.sh (AWS Price List mirror)
2026-08-17,AWS,us-west-2-lax-1,g4dn.xlarge,T4,1.0,ondemand,0.631,0.631,instances.vantage.sh (AWS Price List mirror)
2026-08-17,AWS,us-west-2-lax-1,g5.4xlarge,A10G,1.0,ondemand,2.23098,2.23098,instances.vantage.sh (AWS Price List mirror)
2026-08-17,AWS,us-west-2-lax-1,g5.8xlarge,A10G,1.0,ondemand,3.36296,3.36296,instances.vantage.sh (AWS Price List mirror)
2026-08-17,AWS,us-west-2-lax-1,g7e.4xlarge,NVIDIA RTX PRO 6000 Blackwell,1.0,ondemand,5.35803,5.35803,instances.vantage.sh (AWS Price List mirror)
2026-08-17,AWS,us-west-2-lax-1,g7e.8xlarge,NVIDIA RTX PRO 6000 Blackwell,1.0,ondemand,7.0601,7.0601,instances.vantage.sh (AWS Price List mirror)
2026-08-17,AWS,us-west-2-pdx-1,g4dn.2xlarge,T4,1.0,ondemand,1.015,1.015,instances.vantage.sh (AWS Price List mirror)
2026-08-17,AWS,us-west-2-phx-1,g4dn.2xlarge,T4,1.0,ondemand,1.015,1.015,instances.vantage.sh (AWS Price List mirror)
2026-08-17,AWS,us-west-2-phx-1,g4dn.4xlarge,T4,1.0,ondemand,1.625,1.625,instances.vantage.sh (AWS Price List mirror)
2026-08-17,AWS,us-west-2-sea-1,g4dn.2xlarge,T4,1.0,ondemand,1.015,1.015,instances.vantage.sh (AWS Price List mirror)
2026-08-17,AWS,us-west-2-wl1,g4dn.2xlarge,T4,1.0,ondemand,1.317,1.317,instances.vantage.sh (AWS Price List mirror)
2026-08-17,AWS,us-west-2-wl1-den1,g4dn.2xlarge,T4,1.0,ondemand,1.317,1.317,instances.vantage.sh (AWS Price List mirror)
2026-08-17,AWS,us-west-2-wl1-las1,g4dn.2xlarge,T4,1.0,ondemand,1.317,1.317,instances.vantage.sh (AWS Price List mirror)
2026-08-17,AWS,us-west-2-wl1-lax1,g4dn.2xlarge,T4,1.0,ondemand,1.317,1.317,instances.vantage.sh (AWS Price List mirror)
2026-08-17,AWS,us-west-2-wl1-phx1,g4dn.2xlarge,T4,1.0,ondemand,1.317,1.317,instances.vantage.sh (AWS Price List mirror)
2026-08-17,AWS,us-west-2-wl1-sea1,g4dn.2xlarge,T4,1.0,ondemand,1.317,1.317,instances.vantage.sh (AWS Price List mirror)
