snapshot_date,provider,region,sku,gpu_model,gpu_count,price_type,price_usd_hour,price_usd_per_gpu_hour,source
2026-08-31,AWS,af-south-1,g4dn.12xlarge,T4,4.0,ondemand,5.19,1.2975,instances.vantage.sh (AWS Price List mirror)
2026-08-31,AWS,af-south-1,g4dn.12xlarge,T4,4.0,spot,0.519,0.12975,instances.vantage.sh (AWS Price List mirror)
2026-08-31,AWS,af-south-1,g4dn.16xlarge,T4,1.0,ondemand,5.774,5.774,instances.vantage.sh (AWS Price List mirror)
2026-08-31,AWS,af-south-1,g4dn.16xlarge,T4,1.0,spot,0.5774,0.5774,instances.vantage.sh (AWS Price List mirror)
2026-08-31,AWS,af-south-1,g4dn.2xlarge,T4,1.0,ondemand,0.998,0.998,instances.vantage.sh (AWS Price List mirror)
2026-08-31,AWS,af-south-1,g4dn.2xlarge,T4,1.0,spot,0.15968,0.15968,instances.vantage.sh (AWS Price List mirror)
2026-08-31,AWS,af-south-1,g4dn.4xlarge,T4,1.0,ondemand,1.597,1.597,instances.vantage.sh (AWS Price List mirror)
2026-08-31,AWS,af-south-1,g4dn.4xlarge,T4,1.0,spot,0.35134,0.35134,instances.vantage.sh (AWS Price List mirror)
2026-08-31,AWS,af-south-1,g4dn.8xlarge,T4,1.0,ondemand,2.887,2.887,instances.vantage.sh (AWS Price List mirror)
2026-08-31,AWS,af-south-1,g4dn.8xlarge,T4,1.0,spot,0.31757,0.31757,instances.vantage.sh (AWS Price List mirror)
2026-08-31,AWS,af-south-1,g4dn.metal,T4,8.0,ondemand,10.381,1.297625,instances.vantage.sh (AWS Price List mirror)
2026-08-31,AWS,af-south-1,g4dn.metal,T4,8.0,spot,9.44671,1.18083875,instances.vantage.sh (AWS Price List mirror)
2026-08-31,AWS,af-south-1,g4dn.xlarge,T4,1.0,ondemand,0.698,0.698,instances.vantage.sh (AWS Price List mirror)
2026-08-31,AWS,af-south-1,g4dn.xlarge,T4,1.0,spot,0.16054,0.16054,instances.vantage.sh (AWS Price List mirror)
2026-08-31,AWS,af-south-1-los-1,g4dn.2xlarge,T4,1.0,ondemand,1.247,1.247,instances.vantage.sh (AWS Price List mirror)
2026-08-31,AWS,ap-east-1,g4dn.12xlarge,T4,4.0,ondemand,6.024,1.506,instances.vantage.sh (AWS Price List mirror)
2026-08-31,AWS,ap-east-1,g4dn.12xlarge,T4,4.0,spot,3.3132,0.8283,instances.vantage.sh (AWS Price List mirror)
2026-08-31,AWS,ap-east-1,g4dn.16xlarge,T4,1.0,ondemand,6.702,6.702,instances.vantage.sh (AWS Price List mirror)
2026-08-31,AWS,ap-east-1,g4dn.16xlarge,T4,1.0,spot,0.6702,0.6702,instances.vantage.sh (AWS Price List mirror)
2026-08-31,AWS,ap-east-1,g4dn.2xlarge,T4,1.0,ondemand,1.158,1.158,instances.vantage.sh (AWS Price List mirror)
2026-08-31,AWS,ap-east-1,g4dn.2xlarge,T4,1.0,spot,0.30108,0.30108,instances.vantage.sh (AWS Price List mirror)
2026-08-31,AWS,ap-east-1,g4dn.4xlarge,T4,1.0,ondemand,1.854,1.854,instances.vantage.sh (AWS Price List mirror)
2026-08-31,AWS,ap-east-1,g4dn.4xlarge,T4,1.0,spot,0.31518,0.31518,instances.vantage.sh (AWS Price List mirror)
2026-08-31,AWS,ap-east-1,g4dn.8xlarge,T4,1.0,ondemand,3.351,3.351,instances.vantage.sh (AWS Price List mirror)
2026-08-31,AWS,ap-east-1,g4dn.8xlarge,T4,1.0,spot,0.40212,0.40212,instances.vantage.sh (AWS Price List mirror)
2026-08-31,AWS,ap-east-1,g4dn.metal,T4,8.0,ondemand,12.048,1.506,instances.vantage.sh (AWS Price List mirror)
2026-08-31,AWS,ap-east-1,g4dn.metal,T4,8.0,spot,7.8312,0.9789,instances.vantage.sh (AWS Price List mirror)
2026-08-31,AWS,ap-east-1,g4dn.xlarge,T4,1.0,ondemand,0.81,0.81,instances.vantage.sh (AWS Price List mirror)
2026-08-31,AWS,ap-east-1,g4dn.xlarge,T4,1.0,spot,0.162,0.162,instances.vantage.sh (AWS Price List mirror)
2026-08-31,AWS,ap-east-1,g5.12xlarge,A10G,4.0,ondemand,8.7324,2.1831,instances.vantage.sh (AWS Price List mirror)
2026-08-31,AWS,ap-east-1,g5.12xlarge,A10G,4.0,spot,1.833804,0.458451,instances.vantage.sh (AWS Price List mirror)
2026-08-31,AWS,ap-east-1,g5.16xlarge,A10G,1.0,ondemand,6.30605,6.30605,instances.vantage.sh (AWS Price List mirror)
2026-08-31,AWS,ap-east-1,g5.16xlarge,A10G,1.0,spot,1.450392,1.450392,instances.vantage.sh (AWS Price List mirror)
2026-08-31,AWS,ap-east-1,g5.24xlarge,A10G,4.0,ondemand,12.5382,3.13455,instances.vantage.sh (AWS Price List mirror)
2026-08-31,AWS,ap-east-1,g5.24xlarge,A10G,4.0,spot,11.409762,2.8524405,instances.vantage.sh (AWS Price List mirror)
2026-08-31,AWS,ap-east-1,g5.2xlarge,A10G,1.0,ondemand,1.86595,1.86595,instances.vantage.sh (AWS Price List mirror)
2026-08-31,AWS,ap-east-1,g5.2xlarge,A10G,1.0,spot,0.410509,0.410509,instances.vantage.sh (AWS Price List mirror)
2026-08-31,AWS,ap-east-1,g5.48xlarge,A10G,8.0,ondemand,25.0764,3.13455,instances.vantage.sh (AWS Price List mirror)
2026-08-31,AWS,ap-east-1,g5.48xlarge,A10G,8.0,spot,12.5382,1.567275,instances.vantage.sh (AWS Price List mirror)
2026-08-31,AWS,ap-east-1,g5.4xlarge,A10G,1.0,ondemand,2.50025,2.50025,instances.vantage.sh (AWS Price List mirror)
2026-08-31,AWS,ap-east-1,g5.4xlarge,A10G,1.0,spot,2.10021,2.10021,instances.vantage.sh (AWS Price List mirror)
2026-08-31,AWS,ap-east-1,g5.8xlarge,A10G,1.0,ondemand,3.76885,3.76885,instances.vantage.sh (AWS Price List mirror)
2026-08-31,AWS,ap-east-1,g5.8xlarge,A10G,1.0,spot,1.055278,1.055278,instances.vantage.sh (AWS Price List mirror)
2026-08-31,AWS,ap-east-1,g5.xlarge,A10G,1.0,ondemand,1.5488,1.5488,instances.vantage.sh (AWS Price List mirror)
2026-08-31,AWS,ap-east-1,g5.xlarge,A10G,1.0,spot,0.3872,0.3872,instances.vantage.sh (AWS Price List mirror)
2026-08-31,AWS,ap-northeast-1,g2.2xlarge,K520,1.0,ondemand,0.898,0.898,instances.vantage.sh (AWS Price List mirror)
2026-08-31,AWS,ap-northeast-1,g2.8xlarge,K520,4.0,ondemand,3.592,0.898,instances.vantage.sh (AWS Price List mirror)
2026-08-31,AWS,ap-northeast-1,g3.16xlarge,M60,4.0,ondemand,6.32,1.58,instances.vantage.sh (AWS Price List mirror)
2026-08-31,AWS,ap-northeast-1,g3.4xlarge,M60,1.0,ondemand,1.58,1.58,instances.vantage.sh (AWS Price List mirror)
2026-08-31,AWS,ap-northeast-1,g3.8xlarge,M60,2.0,ondemand,3.16,1.58,instances.vantage.sh (AWS Price List mirror)
2026-08-31,AWS,ap-northeast-1,g3s.xlarge,M60,1.0,ondemand,1.04,1.04,instances.vantage.sh (AWS Price List mirror)
2026-08-31,AWS,ap-northeast-1,g4ad.16xlarge,V520,4.0,ondemand,4.68,1.17,instances.vantage.sh (AWS Price List mirror)
2026-08-31,AWS,ap-northeast-1,g4ad.16xlarge,V520,4.0,spot,2.3082,0.57705,instances.vantage.sh (AWS Price List mirror)
2026-08-31,AWS,ap-northeast-1,g4ad.2xlarge,V520,1.0,ondemand,0.7303,0.7303,instances.vantage.sh (AWS Price List mirror)
2026-08-31,AWS,ap-northeast-1,g4ad.2xlarge,V520,1.0,spot,0.225367,0.225367,instances.vantage.sh (AWS Price List mirror)
2026-08-31,AWS,ap-northeast-1,g4ad.4xlarge,V520,1.0,ondemand,1.17,1.17,instances.vantage.sh (AWS Price List mirror)
2026-08-31,AWS,ap-northeast-1,g4ad.4xlarge,V520,1.0,spot,0.6442,0.6442,instances.vantage.sh (AWS Price List mirror)
2026-08-31,AWS,ap-northeast-1,g4ad.8xlarge,V520,2.0,ondemand,2.34,1.17,instances.vantage.sh (AWS Price List mirror)
2026-08-31,AWS,ap-northeast-1,g4ad.8xlarge,V520,2.0,spot,0.7365,0.36825,instances.vantage.sh (AWS Price List mirror)
2026-08-31,AWS,ap-northeast-1,g4ad.xlarge,V520,1.0,ondemand,0.51082,0.51082,instances.vantage.sh (AWS Price List mirror)
2026-08-31,AWS,ap-northeast-1,g4ad.xlarge,V520,1.0,spot,0.2471,0.2471,instances.vantage.sh (AWS Price List mirror)
2026-08-31,AWS,ap-northeast-1,g4dn.12xlarge,T4,4.0,ondemand,5.281,1.32025,instances.vantage.sh (AWS Price List mirror)
2026-08-31,AWS,ap-northeast-1,g4dn.12xlarge,T4,4.0,spot,2.483367,0.62084175,instances.vantage.sh (AWS Price List mirror)
2026-08-31,AWS,ap-northeast-1,g4dn.16xlarge,T4,1.0,ondemand,5.875,5.875,instances.vantage.sh (AWS Price List mirror)
2026-08-31,AWS,ap-northeast-1,g4dn.16xlarge,T4,1.0,spot,1.2292,1.2292,instances.vantage.sh (AWS Price List mirror)
2026-08-31,AWS,ap-northeast-1,g4dn.2xlarge,T4,1.0,ondemand,1.015,1.015,instances.vantage.sh (AWS Price List mirror)
2026-08-31,AWS,ap-northeast-1,g4dn.2xlarge,T4,1.0,spot,0.4672,0.4672,instances.vantage.sh (AWS Price List mirror)
2026-08-31,AWS,ap-northeast-1,g4dn.4xlarge,T4,1.0,ondemand,1.625,1.625,instances.vantage.sh (AWS Price List mirror)
2026-08-31,AWS,ap-northeast-1,g4dn.4xlarge,T4,1.0,spot,0.546333,0.546333,instances.vantage.sh (AWS Price List mirror)
2026-08-31,AWS,ap-northeast-1,g4dn.8xlarge,T4,1.0,ondemand,2.938,2.938,instances.vantage.sh (AWS Price List mirror)
2026-08-31,AWS,ap-northeast-1,g4dn.8xlarge,T4,1.0,spot,0.941733,0.941733,instances.vantage.sh (AWS Price List mirror)
2026-08-31,AWS,ap-northeast-1,g4dn.metal,T4,8.0,ondemand,10.562,1.32025,instances.vantage.sh (AWS Price List mirror)
2026-08-31,AWS,ap-northeast-1,g4dn.metal,T4,8.0,spot,4.493867,0.561733375,instances.vantage.sh (AWS Price List mirror)
2026-08-31,AWS,ap-northeast-1,g4dn.xlarge,T4,1.0,ondemand,0.71,0.71,instances.vantage.sh (AWS Price List mirror)
2026-08-31,AWS,ap-northeast-1,g4dn.xlarge,T4,1.0,spot,0.264233,0.264233,instances.vantage.sh (AWS Price List mirror)
2026-08-31,AWS,ap-northeast-1,g5.12xlarge,A10G,4.0,ondemand,8.22609,2.0565225,instances.vantage.sh (AWS Price List mirror)
2026-08-31,AWS,ap-northeast-1,g5.12xlarge,A10G,4.0,spot,2.4279,0.606975,instances.vantage.sh (AWS Price List mirror)
2026-08-31,AWS,ap-northeast-1,g5.16xlarge,A10G,1.0,ondemand,5.94042,5.94042,instances.vantage.sh (AWS Price List mirror)
2026-08-31,AWS,ap-northeast-1,g5.16xlarge,A10G,1.0,spot,0.98315,0.98315,instances.vantage.sh (AWS Price List mirror)
2026-08-31,AWS,ap-northeast-1,g5.24xlarge,A10G,4.0,ondemand,11.81123,2.9528075,instances.vantage.sh (AWS Price List mirror)
2026-08-31,AWS,ap-northeast-1,g5.24xlarge,A10G,4.0,spot,11.8112,2.9528,instances.vantage.sh (AWS Price List mirror)
2026-08-31,AWS,ap-northeast-1,g5.2xlarge,A10G,1.0,ondemand,1.75776,1.75776,instances.vantage.sh (AWS Price List mirror)
2026-08-31,AWS,ap-northeast-1,g5.2xlarge,A10G,1.0,spot,0.74175,0.74175,instances.vantage.sh (AWS Price List mirror)
2026-08-31,AWS,ap-northeast-1,g5.48xlarge,A10G,8.0,ondemand,23.62246,2.9528075,instances.vantage.sh (AWS Price List mirror)
2026-08-31,AWS,ap-northeast-1,g5.48xlarge,A10G,8.0,spot,21.69545,2.71193125,instances.vantage.sh (AWS Price List mirror)
2026-08-31,AWS,ap-northeast-1,g5.4xlarge,A10G,1.0,ondemand,2.35528,2.35528,instances.vantage.sh (AWS Price List mirror)
2026-08-31,AWS,ap-northeast-1,g5.4xlarge,A10G,1.0,spot,0.83205,0.83205,instances.vantage.sh (AWS Price List mirror)
2026-08-31,AWS,ap-northeast-1,g5.8xlarge,A10G,1.0,ondemand,3.55033,3.55033,instances.vantage.sh (AWS Price List mirror)
2026-08-31,AWS,ap-northeast-1,g5.8xlarge,A10G,1.0,spot,1.3104,1.3104,instances.vantage.sh (AWS Price List mirror)
2026-08-31,AWS,ap-northeast-1,g5.xlarge,A10G,1.0,ondemand,1.459,1.459,instances.vantage.sh (AWS Price List mirror)
2026-08-31,AWS,ap-northeast-1,g5.xlarge,A10G,1.0,spot,0.81065,0.81065,instances.vantage.sh (AWS Price List mirror)
2026-08-31,AWS,ap-northeast-1,g5g.16xlarge,T4G,2.0,ondemand,3.7039,1.85195,instances.vantage.sh (AWS Price List mirror)
2026-08-31,AWS,ap-northeast-1,g5g.16xlarge,T4G,2.0,spot,0.57315,0.286575,instances.vantage.sh (AWS Price List mirror)
2026-08-31,AWS,ap-northeast-1,g5g.2xlarge,T4G,1.0,ondemand,0.7505,0.7505,instances.vantage.sh (AWS Price List mirror)
2026-08-31,AWS,ap-northeast-1,g5g.2xlarge,T4G,1.0,spot,0.18955,0.18955,instances.vantage.sh (AWS Price List mirror)
2026-08-31,AWS,ap-northeast-1,g5g.4xlarge,T4G,1.0,ondemand,1.1176,1.1176,instances.vantage.sh (AWS Price List mirror)
2026-08-31,AWS,ap-northeast-1,g5g.4xlarge,T4G,1.0,spot,0.21395,0.21395,instances.vantage.sh (AWS Price List mirror)
2026-08-31,AWS,ap-northeast-1,g5g.8xlarge,T4G,1.0,ondemand,1.8519,1.8519,instances.vantage.sh (AWS Price List mirror)
2026-08-31,AWS,ap-northeast-1,g5g.8xlarge,T4G,1.0,spot,0.2897,0.2897,instances.vantage.sh (AWS Price List mirror)
2026-08-31,AWS,ap-northeast-1,g5g.metal,T4G,2.0,ondemand,3.7039,1.85195,instances.vantage.sh (AWS Price List mirror)
2026-08-31,AWS,ap-northeast-1,g5g.metal,T4G,2.0,spot,0.64095,0.320475,instances.vantage.sh (AWS Price List mirror)
2026-08-31,AWS,ap-northeast-1,g5g.xlarge,T4G,1.0,ondemand,0.5669,0.5669,instances.vantage.sh (AWS Price List mirror)
2026-08-31,AWS,ap-northeast-1,g5g.xlarge,T4G,1.0,spot,0.18105,0.18105,instances.vantage.sh (AWS Price List mirror)
2026-08-31,AWS,ap-northeast-1,g6.12xlarge,L4,4.0,ondemand,6.67369,1.6684225,instances.vantage.sh (AWS Price List mirror)
2026-08-31,AWS,ap-northeast-1,g6.12xlarge,L4,4.0,spot,2.1519,0.537975,instances.vantage.sh (AWS Price List mirror)
2026-08-31,AWS,ap-northeast-1,g6.16xlarge,L4,1.0,ondemand,4.92637,4.92637,instances.vantage.sh (AWS Price List mirror)
2026-08-31,AWS,ap-northeast-1,g6.16xlarge,L4,1.0,spot,1.53275,1.53275,instances.vantage.sh (AWS Price List mirror)
2026-08-31,AWS,ap-northeast-1,g6.24xlarge,L4,4.0,ondemand,9.68103,2.4202575,instances.vantage.sh (AWS Price List mirror)
2026-08-31,AWS,ap-northeast-1,g6.24xlarge,L4,4.0,spot,2.94415,0.7360375,instances.vantage.sh (AWS Price List mirror)
2026-08-31,AWS,ap-northeast-1,g6.2xlarge,L4,1.0,ondemand,1.41781,1.41781,instances.vantage.sh (AWS Price List mirror)
2026-08-31,AWS,ap-northeast-1,g6.2xlarge,L4,1.0,spot,0.53785,0.53785,instances.vantage.sh (AWS Price List mirror)
2026-08-31,AWS,ap-northeast-1,g6.48xlarge,L4,8.0,ondemand,19.36206,2.4202575,instances.vantage.sh (AWS Price List mirror)
2026-08-31,AWS,ap-northeast-1,g6.48xlarge,L4,8.0,spot,5.93845,0.74230625,instances.vantage.sh (AWS Price List mirror)
2026-08-31,AWS,ap-northeast-1,g6.4xlarge,L4,1.0,ondemand,1.91903,1.91903,instances.vantage.sh (AWS Price List mirror)
2026-08-31,AWS,ap-northeast-1,g6.4xlarge,L4,1.0,spot,0.63615,0.63615,instances.vantage.sh (AWS Price List mirror)
2026-08-31,AWS,ap-northeast-1,g6.8xlarge,L4,1.0,ondemand,2.92148,2.92148,instances.vantage.sh (AWS Price List mirror)
2026-08-31,AWS,ap-northeast-1,g6.8xlarge,L4,1.0,spot,1.05765,1.05765,instances.vantage.sh (AWS Price List mirror)
2026-08-31,AWS,ap-northeast-1,g6.xlarge,L4,1.0,ondemand,1.1672,1.1672,instances.vantage.sh (AWS Price List mirror)
2026-08-31,AWS,ap-northeast-1,g6.xlarge,L4,1.0,spot,0.48175,0.48175,instances.vantage.sh (AWS Price List mirror)
2026-08-31,AWS,ap-northeast-1,g6e.12xlarge,L40S,4.0,ondemand,15.21742,3.804355,instances.vantage.sh (AWS Price List mirror)
2026-08-31,AWS,ap-northeast-1,g6e.12xlarge,L40S,4.0,spot,4.9906,1.24765,instances.vantage.sh (AWS Price List mirror)
2026-08-31,AWS,ap-northeast-1,g6e.16xlarge,L40S,1.0,ondemand,10.98917,10.98917,instances.vantage.sh (AWS Price List mirror)
2026-08-31,AWS,ap-northeast-1,g6e.16xlarge,L40S,1.0,spot,1.8144,1.8144,instances.vantage.sh (AWS Price List mirror)
2026-08-31,AWS,ap-northeast-1,g6e.24xlarge,L40S,4.0,ondemand,21.84956,5.46239,instances.vantage.sh (AWS Price List mirror)
2026-08-31,AWS,ap-northeast-1,g6e.24xlarge,L40S,4.0,spot,5.4958,1.37395,instances.vantage.sh (AWS Price List mirror)
2026-08-31,AWS,ap-northeast-1,g6e.2xlarge,L40S,1.0,ondemand,3.25168,3.25168,instances.vantage.sh (AWS Price List mirror)
2026-08-31,AWS,ap-northeast-1,g6e.2xlarge,L40S,1.0,spot,1.22365,1.22365,instances.vantage.sh (AWS Price List mirror)
2026-08-31,AWS,ap-northeast-1,g6e.48xlarge,L40S,8.0,ondemand,43.69912,5.46239,instances.vantage.sh (AWS Price List mirror)
2026-08-31,AWS,ap-northeast-1,g6e.48xlarge,L40S,8.0,spot,13.641,1.705125,instances.vantage.sh (AWS Price List mirror)
2026-08-31,AWS,ap-northeast-1,g6e.4xlarge,L40S,1.0,ondemand,4.35703,4.35703,instances.vantage.sh (AWS Price List mirror)
2026-08-31,AWS,ap-northeast-1,g6e.4xlarge,L40S,1.0,spot,1.6084,1.6084,instances.vantage.sh (AWS Price List mirror)
2026-08-31,AWS,ap-northeast-1,g6e.8xlarge,L40S,1.0,ondemand,6.56775,6.56775,instances.vantage.sh (AWS Price List mirror)
2026-08-31,AWS,ap-northeast-1,g6e.8xlarge,L40S,1.0,spot,1.71445,1.71445,instances.vantage.sh (AWS Price List mirror)
2026-08-31,AWS,ap-northeast-1,g6e.xlarge,L40S,1.0,ondemand,2.699,2.699,instances.vantage.sh (AWS Price List mirror)
2026-08-31,AWS,ap-northeast-1,g6e.xlarge,L40S,1.0,spot,1.2053,1.2053,instances.vantage.sh (AWS Price List mirror)
2026-08-31,AWS,ap-northeast-1,g6f.2xlarge,L4,0.25,ondemand,0.68888,2.75552,instances.vantage.sh (AWS Price List mirror)
2026-08-31,AWS,ap-northeast-1,g6f.2xlarge,L4,0.25,spot,0.18985,0.7594,instances.vantage.sh (AWS Price List mirror)
2026-08-31,AWS,ap-northeast-1,g6f.4xlarge,L4,0.5,ondemand,1.37776,2.75552,instances.vantage.sh (AWS Price List mirror)
2026-08-31,AWS,ap-northeast-1,g6f.4xlarge,L4,0.5,spot,0.3747,0.7494,instances.vantage.sh (AWS Price List mirror)
2026-08-31,AWS,ap-northeast-1,g6f.large,L4,0.125,ondemand,0.29296,2.34368,instances.vantage.sh (AWS Price List mirror)
2026-08-31,AWS,ap-northeast-1,g6f.large,L4,0.125,spot,0.0676,0.5408,instances.vantage.sh (AWS Price List mirror)
2026-08-31,AWS,ap-northeast-1,g6f.xlarge,L4,0.125,ondemand,0.34444,2.75552,instances.vantage.sh (AWS Price List mirror)
2026-08-31,AWS,ap-northeast-1,g6f.xlarge,L4,0.125,spot,0.09355,0.7484,instances.vantage.sh (AWS Price List mirror)
2026-08-31,AWS,ap-northeast-1,g7e.12xlarge,NVIDIA RTX PRO 6000 Blackwell,2.0,ondemand,12.01727,6.008635,instances.vantage.sh (AWS Price List mirror)
2026-08-31,AWS,ap-northeast-1,g7e.12xlarge,NVIDIA RTX PRO 6000 Blackwell,2.0,spot,4.53705,2.268525,instances.vantage.sh (AWS Price List mirror)
2026-08-31,AWS,ap-northeast-1,g7e.24xlarge,NVIDIA RTX PRO 6000 Blackwell,4.0,ondemand,24.03454,6.008635,instances.vantage.sh (AWS Price List mirror)
2026-08-31,AWS,ap-northeast-1,g7e.24xlarge,NVIDIA RTX PRO 6000 Blackwell,4.0,spot,6.4159,1.603975,instances.vantage.sh (AWS Price List mirror)
2026-08-31,AWS,ap-northeast-1,g7e.2xlarge,NVIDIA RTX PRO 6000 Blackwell,1.0,ondemand,4.87752,4.87752,instances.vantage.sh (AWS Price List mirror)
2026-08-31,AWS,ap-northeast-1,g7e.2xlarge,NVIDIA RTX PRO 6000 Blackwell,1.0,spot,2.148,2.148,instances.vantage.sh (AWS Price List mirror)
2026-08-31,AWS,ap-northeast-1,g7e.48xlarge,NVIDIA RTX PRO 6000 Blackwell,8.0,ondemand,48.06908,6.008635,instances.vantage.sh (AWS Price List mirror)
2026-08-31,AWS,ap-northeast-1,g7e.48xlarge,NVIDIA RTX PRO 6000 Blackwell,8.0,spot,13.547,1.693375,instances.vantage.sh (AWS Price List mirror)
2026-08-31,AWS,ap-northeast-1,g7e.4xlarge,NVIDIA RTX PRO 6000 Blackwell,1.0,ondemand,5.79852,5.79852,instances.vantage.sh (AWS Price List mirror)
2026-08-31,AWS,ap-northeast-1,g7e.4xlarge,NVIDIA RTX PRO 6000 Blackwell,1.0,spot,2.6649,2.6649,instances.vantage.sh (AWS Price List mirror)
2026-08-31,AWS,ap-northeast-1,g7e.8xlarge,NVIDIA RTX PRO 6000 Blackwell,1.0,ondemand,7.64051,7.64051,instances.vantage.sh (AWS Price List mirror)
2026-08-31,AWS,ap-northeast-1,g7e.8xlarge,NVIDIA RTX PRO 6000 Blackwell,1.0,spot,2.91175,2.91175,instances.vantage.sh (AWS Price List mirror)
2026-08-31,AWS,ap-northeast-1,gr6.4xlarge,L4,1.0,ondemand,2.2323,2.2323,instances.vantage.sh (AWS Price List mirror)
2026-08-31,AWS,ap-northeast-1,gr6.4xlarge,L4,1.0,spot,0.7316,0.7316,instances.vantage.sh (AWS Price List mirror)
2026-08-31,AWS,ap-northeast-1,gr6.8xlarge,L4,1.0,ondemand,3.54801,3.54801,instances.vantage.sh (AWS Price List mirror)
2026-08-31,AWS,ap-northeast-1,gr6.8xlarge,L4,1.0,spot,1.1851,1.1851,instances.vantage.sh (AWS Price List mirror)
2026-08-31,AWS,ap-northeast-1,gr6f.4xlarge,L4,0.5,ondemand,1.54602,3.09204,instances.vantage.sh (AWS Price List mirror)
2026-08-31,AWS,ap-northeast-1,gr6f.4xlarge,L4,0.5,spot,0.4367,0.8734,instances.vantage.sh (AWS Price List mirror)
2026-08-31,AWS,ap-northeast-1,p2.16xlarge,K80,16.0,ondemand,24.672,1.542,instances.vantage.sh (AWS Price List mirror)
2026-08-31,AWS,ap-northeast-1,p2.8xlarge,K80,8.0,ondemand,12.336,1.542,instances.vantage.sh (AWS Price List mirror)
2026-08-31,AWS,ap-northeast-1,p2.xlarge,K80,1.0,ondemand,1.542,1.542,instances.vantage.sh (AWS Price List mirror)
2026-08-31,AWS,ap-northeast-1,p3.16xlarge,V100,8.0,ondemand,33.552,4.194,instances.vantage.sh (AWS Price List mirror)
2026-08-31,AWS,ap-northeast-1,p3.16xlarge,V100,8.0,spot,18.4536,2.3067,instances.vantage.sh (AWS Price List mirror)
2026-08-31,AWS,ap-northeast-1,p3.2xlarge,V100,1.0,ondemand,4.194,4.194,instances.vantage.sh (AWS Price List mirror)
2026-08-31,AWS,ap-northeast-1,p3.2xlarge,V100,1.0,spot,1.84536,1.84536,instances.vantage.sh (AWS Price List mirror)
2026-08-31,AWS,ap-northeast-1,p3.8xlarge,V100,4.0,ondemand,16.776,4.194,instances.vantage.sh (AWS Price List mirror)
2026-08-31,AWS,ap-northeast-1,p3.8xlarge,V100,4.0,spot,5.8716,1.4679,instances.vantage.sh (AWS Price List mirror)
2026-08-31,AWS,ap-northeast-1,p3dn.24xlarge,V100,8.0,ondemand,42.783,5.347875,instances.vantage.sh (AWS Price List mirror)
2026-08-31,AWS,ap-northeast-1,p3dn.24xlarge,V100,8.0,spot,6.5903,0.8237875,instances.vantage.sh (AWS Price List mirror)
2026-08-31,AWS,ap-northeast-1,p4d.24xlarge,A100,8.0,ondemand,30.09784,3.76223,instances.vantage.sh (AWS Price List mirror)
2026-08-31,AWS,ap-northeast-1,p4d.24xlarge,A100,8.0,spot,22.97655,2.87206875,instances.vantage.sh (AWS Price List mirror)
2026-08-31,AWS,ap-northeast-1,p4de.24xlarge,A100,8.0,ondemand,37.6223,4.7027875,instances.vantage.sh (AWS Price List mirror)
2026-08-31,AWS,ap-northeast-1,p4de.24xlarge,A100,8.0,spot,18.41345,2.30168125,instances.vantage.sh (AWS Price List mirror)
2026-08-31,AWS,ap-northeast-1,p5.48xlarge,H100,8.0,ondemand,68.8,8.6,instances.vantage.sh (AWS Price List mirror)
2026-08-31,AWS,ap-northeast-1,p5.48xlarge,H100,8.0,spot,22.1603,2.7700375,instances.vantage.sh (AWS Price List mirror)
2026-08-31,AWS,ap-northeast-1,p5.4xlarge,H100,1.0,ondemand,8.6,8.6,instances.vantage.sh (AWS Price List mirror)
2026-08-31,AWS,ap-northeast-1,p5.4xlarge,H100,1.0,spot,2.9498,2.9498,instances.vantage.sh (AWS Price List mirror)
2026-08-31,AWS,ap-northeast-1,p5en.48xlarge,H200,8.0,ondemand,79.12,9.89,instances.vantage.sh (AWS Price List mirror)
2026-08-31,AWS,ap-northeast-1,p5en.48xlarge,H200,8.0,spot,29.8354,3.729425,instances.vantage.sh (AWS Price List mirror)
2026-08-31,AWS,ap-northeast-1-tpe-1,g4dn.2xlarge,T4,1.0,ondemand,1.371,1.371,instances.vantage.sh (AWS Price List mirror)
2026-08-31,AWS,ap-northeast-1-wl1-kix1,g4dn.2xlarge,T4,1.0,ondemand,1.777,1.777,instances.vantage.sh (AWS Price List mirror)
2026-08-31,AWS,ap-northeast-1-wl1-nrt1,g4dn.2xlarge,T4,1.0,ondemand,1.777,1.777,instances.vantage.sh (AWS Price List mirror)
2026-08-31,AWS,ap-northeast-2,g2.2xlarge,K520,1.0,ondemand,0.898,0.898,instances.vantage.sh (AWS Price List mirror)
2026-08-31,AWS,ap-northeast-2,g2.8xlarge,K520,4.0,ondemand,3.592,0.898,instances.vantage.sh (AWS Price List mirror)
2026-08-31,AWS,ap-northeast-2,g3.16xlarge,M60,4.0,ondemand,5.68,1.42,instances.vantage.sh (AWS Price List mirror)
2026-08-31,AWS,ap-northeast-2,g3.4xlarge,M60,1.0,ondemand,1.42,1.42,instances.vantage.sh (AWS Price List mirror)
2026-08-31,AWS,ap-northeast-2,g3.8xlarge,M60,2.0,ondemand,2.84,1.42,instances.vantage.sh (AWS Price List mirror)
2026-08-31,AWS,ap-northeast-2,g3s.xlarge,M60,1.0,ondemand,0.934,0.934,instances.vantage.sh (AWS Price List mirror)
2026-08-31,AWS,ap-northeast-2,g4dn.12xlarge,T4,4.0,ondemand,4.812,1.203,instances.vantage.sh (AWS Price List mirror)
2026-08-31,AWS,ap-northeast-2,g4dn.12xlarge,T4,4.0,spot,2.289133,0.57228325,instances.vantage.sh (AWS Price List mirror)
2026-08-31,AWS,ap-northeast-2,g4dn.16xlarge,T4,1.0,ondemand,5.353,5.353,instances.vantage.sh (AWS Price List mirror)
2026-08-31,AWS,ap-northeast-2,g4dn.16xlarge,T4,1.0,spot,1.0119,1.0119,instances.vantage.sh (AWS Price List mirror)
2026-08-31,AWS,ap-northeast-2,g4dn.2xlarge,T4,1.0,ondemand,0.925,0.925,instances.vantage.sh (AWS Price List mirror)
2026-08-31,AWS,ap-northeast-2,g4dn.2xlarge,T4,1.0,spot,0.243067,0.243067,instances.vantage.sh (AWS Price List mirror)
2026-08-31,AWS,ap-northeast-2,g4dn.4xlarge,T4,1.0,ondemand,1.481,1.481,instances.vantage.sh (AWS Price List mirror)
2026-08-31,AWS,ap-northeast-2,g4dn.4xlarge,T4,1.0,spot,0.4663,0.4663,instances.vantage.sh (AWS Price List mirror)
2026-08-31,AWS,ap-northeast-2,g4dn.8xlarge,T4,1.0,ondemand,2.677,2.677,instances.vantage.sh (AWS Price List mirror)
2026-08-31,AWS,ap-northeast-2,g4dn.8xlarge,T4,1.0,spot,0.532,0.532,instances.vantage.sh (AWS Price List mirror)
2026-08-31,AWS,ap-northeast-2,g4dn.metal,T4,8.0,ondemand,9.624,1.203,instances.vantage.sh (AWS Price List mirror)
2026-08-31,AWS,ap-northeast-2,g4dn.metal,T4,8.0,spot,2.733967,0.341745875,instances.vantage.sh (AWS Price List mirror)
2026-08-31,AWS,ap-northeast-2,g4dn.xlarge,T4,1.0,ondemand,0.647,0.647,instances.vantage.sh (AWS Price List mirror)
2026-08-31,AWS,ap-northeast-2,g4dn.xlarge,T4,1.0,spot,0.216867,0.216867,instances.vantage.sh (AWS Price List mirror)
2026-08-31,AWS,ap-northeast-2,g5.12xlarge,A10G,4.0,ondemand,6.97442,1.743605,instances.vantage.sh (AWS Price List mirror)
2026-08-31,AWS,ap-northeast-2,g5.12xlarge,A10G,4.0,spot,2.499567,0.62489175,instances.vantage.sh (AWS Price List mirror)
2026-08-31,AWS,ap-northeast-2,g5.16xlarge,A10G,1.0,ondemand,5.03653,5.03653,instances.vantage.sh (AWS Price List mirror)
2026-08-31,AWS,ap-northeast-2,g5.16xlarge,A10G,1.0,spot,1.111933,1.111933,instances.vantage.sh (AWS Price List mirror)
2026-08-31,AWS,ap-northeast-2,g5.24xlarge,A10G,4.0,ondemand,10.01404,2.50351,instances.vantage.sh (AWS Price List mirror)
2026-08-31,AWS,ap-northeast-2,g5.24xlarge,A10G,4.0,spot,2.6995,0.674875,instances.vantage.sh (AWS Price List mirror)
2026-08-31,AWS,ap-northeast-2,g5.2xlarge,A10G,1.0,ondemand,1.4903,1.4903,instances.vantage.sh (AWS Price List mirror)
2026-08-31,AWS,ap-northeast-2,g5.2xlarge,A10G,1.0,spot,0.3319,0.3319,instances.vantage.sh (AWS Price List mirror)
2026-08-31,AWS,ap-northeast-2,g5.48xlarge,A10G,8.0,ondemand,20.02809,2.50351125,instances.vantage.sh (AWS Price List mirror)
2026-08-31,AWS,ap-northeast-2,g5.48xlarge,A10G,8.0,spot,6.273033,0.784129125,instances.vantage.sh (AWS Price List mirror)
2026-08-31,AWS,ap-northeast-2,g5.4xlarge,A10G,1.0,ondemand,1.99691,1.99691,instances.vantage.sh (AWS Price List mirror)
2026-08-31,AWS,ap-northeast-2,g5.4xlarge,A10G,1.0,spot,0.510167,0.510167,instances.vantage.sh (AWS Price List mirror)
2026-08-31,AWS,ap-northeast-2,g5.8xlarge,A10G,1.0,ondemand,3.01012,3.01012,instances.vantage.sh (AWS Price List mirror)
2026-08-31,AWS,ap-northeast-2,g5.8xlarge,A10G,1.0,spot,0.806933,0.806933,instances.vantage.sh (AWS Price List mirror)
2026-08-31,AWS,ap-northeast-2,g5.xlarge,A10G,1.0,ondemand,1.237,1.237,instances.vantage.sh (AWS Price List mirror)
2026-08-31,AWS,ap-northeast-2,g5.xlarge,A10G,1.0,spot,0.342467,0.342467,instances.vantage.sh (AWS Price List mirror)
2026-08-31,AWS,ap-northeast-2,g5g.16xlarge,T4G,2.0,ondemand,3.3752,1.6876,instances.vantage.sh (AWS Price List mirror)
2026-08-31,AWS,ap-northeast-2,g5g.16xlarge,T4G,2.0,spot,0.3375,0.16875,instances.vantage.sh (AWS Price List mirror)
2026-08-31,AWS,ap-northeast-2,g5g.2xlarge,T4G,1.0,ondemand,0.6839,0.6839,instances.vantage.sh (AWS Price List mirror)
2026-08-31,AWS,ap-northeast-2,g5g.2xlarge,T4G,1.0,spot,0.15675,0.15675,instances.vantage.sh (AWS Price List mirror)
2026-08-31,AWS,ap-northeast-2,g5g.4xlarge,T4G,1.0,ondemand,1.0185,1.0185,instances.vantage.sh (AWS Price List mirror)
2026-08-31,AWS,ap-northeast-2,g5g.4xlarge,T4G,1.0,spot,0.25955,0.25955,instances.vantage.sh (AWS Price List mirror)
2026-08-31,AWS,ap-northeast-2,g5g.8xlarge,T4G,1.0,ondemand,1.6876,1.6876,instances.vantage.sh (AWS Price List mirror)
2026-08-31,AWS,ap-northeast-2,g5g.8xlarge,T4G,1.0,spot,0.24375,0.24375,instances.vantage.sh (AWS Price List mirror)
2026-08-31,AWS,ap-northeast-2,g5g.metal,T4G,2.0,ondemand,3.3752,1.6876,instances.vantage.sh (AWS Price List mirror)
2026-08-31,AWS,ap-northeast-2,g5g.metal,T4G,2.0,spot,0.3375,0.16875,instances.vantage.sh (AWS Price List mirror)
2026-08-31,AWS,ap-northeast-2,g5g.xlarge,T4G,1.0,ondemand,0.5166,0.5166,instances.vantage.sh (AWS Price List mirror)
2026-08-31,AWS,ap-northeast-2,g5g.xlarge,T4G,1.0,spot,0.0625,0.0625,instances.vantage.sh (AWS Price List mirror)
2026-08-31,AWS,ap-northeast-2,g6.12xlarge,L4,4.0,ondemand,5.65823,1.4145575,instances.vantage.sh (AWS Price List mirror)
2026-08-31,AWS,ap-northeast-2,g6.12xlarge,L4,4.0,spot,1.547467,0.38686675,instances.vantage.sh (AWS Price List mirror)
2026-08-31,AWS,ap-northeast-2,g6.16xlarge,L4,1.0,ondemand,4.17678,4.17678,instances.vantage.sh (AWS Price List mirror)
2026-08-31,AWS,ap-northeast-2,g6.16xlarge,L4,1.0,spot,1.355733,1.355733,instances.vantage.sh (AWS Price List mirror)
2026-08-31,AWS,ap-northeast-2,g6.24xlarge,L4,4.0,ondemand,8.20797,2.0519925,instances.vantage.sh (AWS Price List mirror)
2026-08-31,AWS,ap-northeast-2,g6.24xlarge,L4,4.0,spot,2.836633,0.70915825,instances.vantage.sh (AWS Price List mirror)
2026-08-31,AWS,ap-northeast-2,g6.2xlarge,L4,1.0,ondemand,1.20208,1.20208,instances.vantage.sh (AWS Price List mirror)
2026-08-31,AWS,ap-northeast-2,g6.2xlarge,L4,1.0,spot,0.2626,0.2626,instances.vantage.sh (AWS Price List mirror)
2026-08-31,AWS,ap-northeast-2,g6.48xlarge,L4,8.0,ondemand,16.41595,2.05199375,instances.vantage.sh (AWS Price List mirror)
2026-08-31,AWS,ap-northeast-2,g6.48xlarge,L4,8.0,spot,4.81,0.60125,instances.vantage.sh (AWS Price List mirror)
2026-08-31,AWS,ap-northeast-2,g6.4xlarge,L4,1.0,ondemand,1.62704,1.62704,instances.vantage.sh (AWS Price List mirror)
2026-08-31,AWS,ap-northeast-2,g6.4xlarge,L4,1.0,spot,0.311267,0.311267,instances.vantage.sh (AWS Price List mirror)
2026-08-31,AWS,ap-northeast-2,g6.8xlarge,L4,1.0,ondemand,2.47695,2.47695,instances.vantage.sh (AWS Price List mirror)
2026-08-31,AWS,ap-northeast-2,g6.8xlarge,L4,1.0,spot,0.393167,0.393167,instances.vantage.sh (AWS Price List mirror)
2026-08-31,AWS,ap-northeast-2,g6.xlarge,L4,1.0,ondemand,0.9896,0.9896,instances.vantage.sh (AWS Price List mirror)
2026-08-31,AWS,ap-northeast-2,g6.xlarge,L4,1.0,spot,0.232833,0.232833,instances.vantage.sh (AWS Price List mirror)
2026-08-31,AWS,ap-northeast-2,g6e.12xlarge,L40S,4.0,ondemand,12.90014,3.225035,instances.vantage.sh (AWS Price List mirror)
2026-08-31,AWS,ap-northeast-2,g6e.12xlarge,L40S,4.0,spot,3.58185,0.8954625,instances.vantage.sh (AWS Price List mirror)
2026-08-31,AWS,ap-northeast-2,g6e.16xlarge,L40S,1.0,ondemand,9.31575,9.31575,instances.vantage.sh (AWS Price List mirror)
2026-08-31,AWS,ap-northeast-2,g6e.16xlarge,L40S,1.0,spot,1.95045,1.95045,instances.vantage.sh (AWS Price List mirror)
2026-08-31,AWS,ap-northeast-2,g6e.24xlarge,L40S,4.0,ondemand,18.52234,4.630585,instances.vantage.sh (AWS Price List mirror)
2026-08-31,AWS,ap-northeast-2,g6e.24xlarge,L40S,4.0,spot,4.60955,1.1523875,instances.vantage.sh (AWS Price List mirror)
2026-08-31,AWS,ap-northeast-2,g6e.2xlarge,L40S,1.0,ondemand,2.75652,2.75652,instances.vantage.sh (AWS Price List mirror)
2026-08-31,AWS,ap-northeast-2,g6e.2xlarge,L40S,1.0,spot,1.04235,1.04235,instances.vantage.sh (AWS Price List mirror)
2026-08-31,AWS,ap-northeast-2,g6e.48xlarge,L40S,8.0,ondemand,37.04468,4.630585,instances.vantage.sh (AWS Price List mirror)
2026-08-31,AWS,ap-northeast-2,g6e.48xlarge,L40S,8.0,spot,9.8982,1.237275,instances.vantage.sh (AWS Price List mirror)
2026-08-31,AWS,ap-northeast-2,g6e.4xlarge,L40S,1.0,ondemand,3.69355,3.69355,instances.vantage.sh (AWS Price List mirror)
2026-08-31,AWS,ap-northeast-2,g6e.4xlarge,L40S,1.0,spot,1.2885,1.2885,instances.vantage.sh (AWS Price List mirror)
2026-08-31,AWS,ap-northeast-2,g6e.8xlarge,L40S,1.0,ondemand,5.56762,5.56762,instances.vantage.sh (AWS Price List mirror)
2026-08-31,AWS,ap-northeast-2,g6e.8xlarge,L40S,1.0,spot,1.5757,1.5757,instances.vantage.sh (AWS Price List mirror)
2026-08-31,AWS,ap-northeast-2,g6e.xlarge,L40S,1.0,ondemand,2.288,2.288,instances.vantage.sh (AWS Price List mirror)
2026-08-31,AWS,ap-northeast-2,g6e.xlarge,L40S,1.0,spot,0.9802,0.9802,instances.vantage.sh (AWS Price List mirror)
2026-08-31,AWS,ap-northeast-2,g6f.2xlarge,L4,0.25,ondemand,0.58406,2.33624,instances.vantage.sh (AWS Price List mirror)
2026-08-31,AWS,ap-northeast-2,g6f.2xlarge,L4,0.25,spot,0.124867,0.499468,instances.vantage.sh (AWS Price List mirror)
2026-08-31,AWS,ap-northeast-2,g6f.4xlarge,L4,0.5,ondemand,1.16812,2.33624,instances.vantage.sh (AWS Price List mirror)
2026-08-31,AWS,ap-northeast-2,g6f.4xlarge,L4,0.5,spot,0.243133,0.486266,instances.vantage.sh (AWS Price List mirror)
2026-08-31,AWS,ap-northeast-2,g6f.large,L4,0.125,ondemand,0.24838,1.98704,instances.vantage.sh (AWS Price List mirror)
2026-08-31,AWS,ap-northeast-2,g6f.large,L4,0.125,spot,0.031833,0.254664,instances.vantage.sh (AWS Price List mirror)
2026-08-31,AWS,ap-northeast-2,g6f.xlarge,L4,0.125,ondemand,0.29203,2.33624,instances.vantage.sh (AWS Price List mirror)
2026-08-31,AWS,ap-northeast-2,g6f.xlarge,L4,0.125,spot,0.077833,0.622664,instances.vantage.sh (AWS Price List mirror)
2026-08-31,AWS,ap-northeast-2,g7e.12xlarge,NVIDIA RTX PRO 6000 Blackwell,2.0,ondemand,10.1873,5.09365,instances.vantage.sh (AWS Price List mirror)
2026-08-31,AWS,ap-northeast-2,g7e.12xlarge,NVIDIA RTX PRO 6000 Blackwell,2.0,spot,6.1656,3.0828,instances.vantage.sh (AWS Price List mirror)
2026-08-31,AWS,ap-northeast-2,g7e.24xlarge,NVIDIA RTX PRO 6000 Blackwell,4.0,ondemand,20.3746,5.09365,instances.vantage.sh (AWS Price List mirror)
2026-08-31,AWS,ap-northeast-2,g7e.24xlarge,NVIDIA RTX PRO 6000 Blackwell,4.0,spot,12.3001,3.075025,instances.vantage.sh (AWS Price List mirror)
2026-08-31,AWS,ap-northeast-2,g7e.2xlarge,NVIDIA RTX PRO 6000 Blackwell,1.0,ondemand,4.13478,4.13478,instances.vantage.sh (AWS Price List mirror)
2026-08-31,AWS,ap-northeast-2,g7e.2xlarge,NVIDIA RTX PRO 6000 Blackwell,1.0,spot,2.79435,2.79435,instances.vantage.sh (AWS Price List mirror)
2026-08-31,AWS,ap-northeast-2,g7e.48xlarge,NVIDIA RTX PRO 6000 Blackwell,8.0,ondemand,40.74921,5.09365125,instances.vantage.sh (AWS Price List mirror)
2026-08-31,AWS,ap-northeast-2,g7e.48xlarge,NVIDIA RTX PRO 6000 Blackwell,8.0,spot,23.8002,2.975025,instances.vantage.sh (AWS Price List mirror)
2026-08-31,AWS,ap-northeast-2,g7e.4xlarge,NVIDIA RTX PRO 6000 Blackwell,1.0,ondemand,4.91553,4.91553,instances.vantage.sh (AWS Price List mirror)
2026-08-31,AWS,ap-northeast-2,g7e.4xlarge,NVIDIA RTX PRO 6000 Blackwell,1.0,spot,2.03925,2.03925,instances.vantage.sh (AWS Price List mirror)
2026-08-31,AWS,ap-northeast-2,g7e.8xlarge,NVIDIA RTX PRO 6000 Blackwell,1.0,ondemand,6.47703,6.47703,instances.vantage.sh (AWS Price List mirror)
2026-08-31,AWS,ap-northeast-2,g7e.8xlarge,NVIDIA RTX PRO 6000 Blackwell,1.0,spot,3.8645,3.8645,instances.vantage.sh (AWS Price List mirror)
2026-08-31,AWS,ap-northeast-2,gr6.4xlarge,L4,1.0,ondemand,1.8926,1.8926,instances.vantage.sh (AWS Price List mirror)
2026-08-31,AWS,ap-northeast-2,gr6.4xlarge,L4,1.0,spot,0.2167,0.2167,instances.vantage.sh (AWS Price List mirror)
2026-08-31,AWS,ap-northeast-2,gr6.8xlarge,L4,1.0,ondemand,3.00809,3.00809,instances.vantage.sh (AWS Price List mirror)
2026-08-31,AWS,ap-northeast-2,gr6.8xlarge,L4,1.0,spot,0.3008,0.3008,instances.vantage.sh (AWS Price List mirror)
2026-08-31,AWS,ap-northeast-2,gr6f.4xlarge,L4,0.5,ondemand,1.31075,2.6215,instances.vantage.sh (AWS Price List mirror)
2026-08-31,AWS,ap-northeast-2,gr6f.4xlarge,L4,0.5,spot,0.332833,0.665666,instances.vantage.sh (AWS Price List mirror)
2026-08-31,AWS,ap-northeast-2,p2.16xlarge,K80,16.0,ondemand,23.44,1.465,instances.vantage.sh (AWS Price List mirror)
2026-08-31,AWS,ap-northeast-2,p2.8xlarge,K80,8.0,ondemand,11.72,1.465,instances.vantage.sh (AWS Price List mirror)
2026-08-31,AWS,ap-northeast-2,p2.xlarge,K80,1.0,ondemand,1.465,1.465,instances.vantage.sh (AWS Price List mirror)
2026-08-31,AWS,ap-northeast-2,p3.16xlarge,V100,8.0,ondemand,33.872,4.234,instances.vantage.sh (AWS Price List mirror)
2026-08-31,AWS,ap-northeast-2,p3.16xlarge,V100,8.0,spot,33.872,4.234,instances.vantage.sh (AWS Price List mirror)
2026-08-31,AWS,ap-northeast-2,p3.2xlarge,V100,1.0,ondemand,4.234,4.234,instances.vantage.sh (AWS Price List mirror)
2026-08-31,AWS,ap-northeast-2,p3.2xlarge,V100,1.0,spot,2.24402,2.24402,instances.vantage.sh (AWS Price List mirror)
2026-08-31,AWS,ap-northeast-2,p3.8xlarge,V100,4.0,ondemand,16.936,4.234,instances.vantage.sh (AWS Price List mirror)
2026-08-31,AWS,ap-northeast-2,p3.8xlarge,V100,4.0,spot,9.82288,2.45572,instances.vantage.sh (AWS Price List mirror)
2026-08-31,AWS,ap-northeast-2,p4d.24xlarge,A100,8.0,ondemand,30.41028,3.801285,instances.vantage.sh (AWS Price List mirror)
2026-08-31,AWS,ap-northeast-2,p4d.24xlarge,A100,8.0,spot,8.13395,1.01674375,instances.vantage.sh (AWS Price List mirror)
2026-08-31,AWS,ap-northeast-2,p5.48xlarge,H100,8.0,ondemand,75.9552,9.4944,instances.vantage.sh (AWS Price List mirror)
2026-08-31,AWS,ap-northeast-2,p5en.48xlarge,H200,8.0,ondemand,87.34848,10.91856,instances.vantage.sh (AWS Price List mirror)
2026-08-31,AWS,ap-northeast-2,p5en.48xlarge,H200,8.0,spot,16.5982,2.074775,instances.vantage.sh (AWS Price List mirror)
2026-08-31,AWS,ap-northeast-2,p6-b300.48xlarge,NVIDIA B300,8.0,ondemand,209.1735,26.1466875,instances.vantage.sh (AWS Price List mirror)
2026-08-31,AWS,ap-northeast-2,p6-b300.48xlarge,NVIDIA B300,8.0,spot,31.8496,3.9812,instances.vantage.sh (AWS Price List mirror)
2026-08-31,AWS,ap-northeast-2-wl1-cjj1,g4dn.2xlarge,T4,1.0,ondemand,1.249,1.249,instances.vantage.sh (AWS Price List mirror)
2026-08-31,AWS,ap-northeast-2-wl1-sel1,g4dn.2xlarge,T4,1.0,ondemand,1.249,1.249,instances.vantage.sh (AWS Price List mirror)
2026-08-31,AWS,ap-northeast-3,g4dn.12xlarge,T4,4.0,ondemand,5.281,1.32025,instances.vantage.sh (AWS Price List mirror)
2026-08-31,AWS,ap-northeast-3,g4dn.12xlarge,T4,4.0,spot,1.5527,0.388175,instances.vantage.sh (AWS Price List mirror)
2026-08-31,AWS,ap-northeast-3,g4dn.16xlarge,T4,1.0,ondemand,5.875,5.875,instances.vantage.sh (AWS Price List mirror)
2026-08-31,AWS,ap-northeast-3,g4dn.16xlarge,T4,1.0,spot,1.2285,1.2285,instances.vantage.sh (AWS Price List mirror)
2026-08-31,AWS,ap-northeast-3,g4dn.2xlarge,T4,1.0,ondemand,1.015,1.015,instances.vantage.sh (AWS Price List mirror)
2026-08-31,AWS,ap-northeast-3,g4dn.2xlarge,T4,1.0,spot,0.3076,0.3076,instances.vantage.sh (AWS Price List mirror)
2026-08-31,AWS,ap-northeast-3,g4dn.4xlarge,T4,1.0,ondemand,1.625,1.625,instances.vantage.sh (AWS Price List mirror)
2026-08-31,AWS,ap-northeast-3,g4dn.4xlarge,T4,1.0,spot,0.50285,0.50285,instances.vantage.sh (AWS Price List mirror)
2026-08-31,AWS,ap-northeast-3,g4dn.8xlarge,T4,1.0,ondemand,2.938,2.938,instances.vantage.sh (AWS Price List mirror)
2026-08-31,AWS,ap-northeast-3,g4dn.8xlarge,T4,1.0,spot,0.8199,0.8199,instances.vantage.sh (AWS Price List mirror)
2026-08-31,AWS,ap-northeast-3,g4dn.metal,T4,8.0,ondemand,10.562,1.32025,instances.vantage.sh (AWS Price List mirror)
2026-08-31,AWS,ap-northeast-3,g4dn.metal,T4,8.0,spot,4.4811,0.5601375,instances.vantage.sh (AWS Price List mirror)
2026-08-31,AWS,ap-northeast-3,g4dn.xlarge,T4,1.0,ondemand,0.71,0.71,instances.vantage.sh (AWS Price List mirror)
2026-08-31,AWS,ap-northeast-3,g4dn.xlarge,T4,1.0,spot,0.31395,0.31395,instances.vantage.sh (AWS Price List mirror)
2026-08-31,AWS,ap-northeast-3,g6e.12xlarge,L40S,4.0,ondemand,15.21742,3.804355,instances.vantage.sh (AWS Price List mirror)
2026-08-31,AWS,ap-northeast-3,g6e.12xlarge,L40S,4.0,spot,4.72795,1.1819875,instances.vantage.sh (AWS Price List mirror)
2026-08-31,AWS,ap-northeast-3,g6e.16xlarge,L40S,1.0,ondemand,10.98917,10.98917,instances.vantage.sh (AWS Price List mirror)
2026-08-31,AWS,ap-northeast-3,g6e.16xlarge,L40S,1.0,spot,2.0196,2.0196,instances.vantage.sh (AWS Price List mirror)
2026-08-31,AWS,ap-northeast-3,g6e.24xlarge,L40S,4.0,ondemand,21.84956,5.46239,instances.vantage.sh (AWS Price List mirror)
2026-08-31,AWS,ap-northeast-3,g6e.24xlarge,L40S,4.0,spot,5.44925,1.3623125,instances.vantage.sh (AWS Price List mirror)
2026-08-31,AWS,ap-northeast-3,g6e.2xlarge,L40S,1.0,ondemand,3.25168,3.25168,instances.vantage.sh (AWS Price List mirror)
2026-08-31,AWS,ap-northeast-3,g6e.2xlarge,L40S,1.0,spot,1.0153,1.0153,instances.vantage.sh (AWS Price List mirror)
2026-08-31,AWS,ap-northeast-3,g6e.48xlarge,L40S,8.0,ondemand,43.69912,5.46239,instances.vantage.sh (AWS Price List mirror)
2026-08-31,AWS,ap-northeast-3,g6e.48xlarge,L40S,8.0,spot,11.03725,1.37965625,instances.vantage.sh (AWS Price List mirror)
2026-08-31,AWS,ap-northeast-3,g6e.4xlarge,L40S,1.0,ondemand,4.35703,4.35703,instances.vantage.sh (AWS Price List mirror)
2026-08-31,AWS,ap-northeast-3,g6e.4xlarge,L40S,1.0,spot,1.44825,1.44825,instances.vantage.sh (AWS Price List mirror)
2026-08-31,AWS,ap-northeast-3,g6e.8xlarge,L40S,1.0,ondemand,6.56775,6.56775,instances.vantage.sh (AWS Price List mirror)
2026-08-31,AWS,ap-northeast-3,g6e.8xlarge,L40S,1.0,spot,1.7255,1.7255,instances.vantage.sh (AWS Price List mirror)
2026-08-31,AWS,ap-northeast-3,g6e.xlarge,L40S,1.0,ondemand,2.699,2.699,instances.vantage.sh (AWS Price List mirror)
2026-08-31,AWS,ap-northeast-3,g6e.xlarge,L40S,1.0,spot,1.2973,1.2973,instances.vantage.sh (AWS Price List mirror)
2026-08-31,AWS,ap-south-1,g4dn.12xlarge,T4,4.0,ondemand,4.306,1.0765,instances.vantage.sh (AWS Price List mirror)
2026-08-31,AWS,ap-south-1,g4dn.12xlarge,T4,4.0,spot,1.624633,0.40615825,instances.vantage.sh (AWS Price List mirror)
2026-08-31,AWS,ap-south-1,g4dn.16xlarge,T4,1.0,ondemand,4.791,4.791,instances.vantage.sh (AWS Price List mirror)
2026-08-31,AWS,ap-south-1,g4dn.16xlarge,T4,1.0,spot,0.638167,0.638167,instances.vantage.sh (AWS Price List mirror)
2026-08-31,AWS,ap-south-1,g4dn.2xlarge,T4,1.0,ondemand,0.828,0.828,instances.vantage.sh (AWS Price List mirror)
2026-08-31,AWS,ap-south-1,g4dn.2xlarge,T4,1.0,spot,0.2608,0.2608,instances.vantage.sh (AWS Price List mirror)
2026-08-31,AWS,ap-south-1,g4dn.4xlarge,T4,1.0,ondemand,1.325,1.325,instances.vantage.sh (AWS Price List mirror)
2026-08-31,AWS,ap-south-1,g4dn.4xlarge,T4,1.0,spot,0.348567,0.348567,instances.vantage.sh (AWS Price List mirror)
2026-08-31,AWS,ap-south-1,g4dn.8xlarge,T4,1.0,ondemand,2.395,2.395,instances.vantage.sh (AWS Price List mirror)
2026-08-31,AWS,ap-south-1,g4dn.8xlarge,T4,1.0,spot,0.6929,0.6929,instances.vantage.sh (AWS Price List mirror)
2026-08-31,AWS,ap-south-1,g4dn.metal,T4,8.0,ondemand,8.612,1.0765,instances.vantage.sh (AWS Price List mirror)
2026-08-31,AWS,ap-south-1,g4dn.metal,T4,8.0,spot,2.924033,0.365504125,instances.vantage.sh (AWS Price List mirror)
2026-08-31,AWS,ap-south-1,g4dn.xlarge,T4,1.0,ondemand,0.579,0.579,instances.vantage.sh (AWS Price List mirror)
2026-08-31,AWS,ap-south-1,g4dn.xlarge,T4,1.0,spot,0.198433,0.198433,instances.vantage.sh (AWS Price List mirror)
2026-08-31,AWS,ap-south-1,g5.12xlarge,A10G,4.0,ondemand,6.81091,1.7027275,instances.vantage.sh (AWS Price List mirror)
2026-08-31,AWS,ap-south-1,g5.12xlarge,A10G,4.0,spot,1.9785,0.494625,instances.vantage.sh (AWS Price List mirror)
2026-08-31,AWS,ap-south-1,g5.16xlarge,A10G,1.0,ondemand,4.91846,4.91846,instances.vantage.sh (AWS Price List mirror)
2026-08-31,AWS,ap-south-1,g5.16xlarge,A10G,1.0,spot,1.52795,1.52795,instances.vantage.sh (AWS Price List mirror)
2026-08-31,AWS,ap-south-1,g5.24xlarge,A10G,4.0,ondemand,9.77928,2.44482,instances.vantage.sh (AWS Price List mirror)
2026-08-31,AWS,ap-south-1,g5.24xlarge,A10G,4.0,spot,5.27045,1.3176125,instances.vantage.sh (AWS Price List mirror)
2026-08-31,AWS,ap-south-1,g5.2xlarge,A10G,1.0,ondemand,1.45536,1.45536,instances.vantage.sh (AWS Price List mirror)
2026-08-31,AWS,ap-south-1,g5.2xlarge,A10G,1.0,spot,0.5166,0.5166,instances.vantage.sh (AWS Price List mirror)
2026-08-31,AWS,ap-south-1,g5.48xlarge,A10G,8.0,ondemand,19.55855,2.44481875,instances.vantage.sh (AWS Price List mirror)
2026-08-31,AWS,ap-south-1,g5.48xlarge,A10G,8.0,spot,15.5949,1.9493625,instances.vantage.sh (AWS Price List mirror)
2026-08-31,AWS,ap-south-1,g5.4xlarge,A10G,1.0,ondemand,1.95009,1.95009,instances.vantage.sh (AWS Price List mirror)
2026-08-31,AWS,ap-south-1,g5.4xlarge,A10G,1.0,spot,0.7391,0.7391,instances.vantage.sh (AWS Price List mirror)
2026-08-31,AWS,ap-south-1,g5.8xlarge,A10G,1.0,ondemand,2.93955,2.93955,instances.vantage.sh (AWS Price List mirror)
2026-08-31,AWS,ap-south-1,g5.8xlarge,A10G,1.0,spot,1.5025,1.5025,instances.vantage.sh (AWS Price List mirror)
2026-08-31,AWS,ap-south-1,g5.xlarge,A10G,1.0,ondemand,1.208,1.208,instances.vantage.sh (AWS Price List mirror)
2026-08-31,AWS,ap-south-1,g5.xlarge,A10G,1.0,spot,0.49715,0.49715,instances.vantage.sh (AWS Price List mirror)
2026-08-31,AWS,ap-south-1,g6.12xlarge,L4,4.0,ondemand,5.52558,1.381395,instances.vantage.sh (AWS Price List mirror)
2026-08-31,AWS,ap-south-1,g6.12xlarge,L4,4.0,spot,3.5499,0.887475,instances.vantage.sh (AWS Price List mirror)
2026-08-31,AWS,ap-south-1,g6.16xlarge,L4,1.0,ondemand,4.07886,4.07886,instances.vantage.sh (AWS Price List mirror)
2026-08-31,AWS,ap-south-1,g6.16xlarge,L4,1.0,spot,1.1027,1.1027,instances.vantage.sh (AWS Price List mirror)
2026-08-31,AWS,ap-south-1,g6.24xlarge,L4,4.0,ondemand,8.01555,2.0038875,instances.vantage.sh (AWS Price List mirror)
2026-08-31,AWS,ap-south-1,g6.24xlarge,L4,4.0,spot,3.1237,0.780925,instances.vantage.sh (AWS Price List mirror)
2026-08-31,AWS,ap-south-1,g6.2xlarge,L4,1.0,ondemand,1.1739,1.1739,instances.vantage.sh (AWS Price List mirror)
2026-08-31,AWS,ap-south-1,g6.2xlarge,L4,1.0,spot,0.4479,0.4479,instances.vantage.sh (AWS Price List mirror)
2026-08-31,AWS,ap-south-1,g6.48xlarge,L4,8.0,ondemand,16.0311,2.0038875,instances.vantage.sh (AWS Price List mirror)
2026-08-31,AWS,ap-south-1,g6.48xlarge,L4,8.0,spot,11.9625,1.4953125,instances.vantage.sh (AWS Price List mirror)
2026-08-31,AWS,ap-south-1,g6.4xlarge,L4,1.0,ondemand,1.58889,1.58889,instances.vantage.sh (AWS Price List mirror)
2026-08-31,AWS,ap-south-1,g6.4xlarge,L4,1.0,spot,0.5245,0.5245,instances.vantage.sh (AWS Price List mirror)
2026-08-31,AWS,ap-south-1,g6.8xlarge,L4,1.0,ondemand,2.41888,2.41888,instances.vantage.sh (AWS Price List mirror)
2026-08-31,AWS,ap-south-1,g6.8xlarge,L4,1.0,spot,0.5986,0.5986,instances.vantage.sh (AWS Price List mirror)
2026-08-31,AWS,ap-south-1,g6.xlarge,L4,1.0,ondemand,0.9664,0.9664,instances.vantage.sh (AWS Price List mirror)
2026-08-31,AWS,ap-south-1,g6.xlarge,L4,1.0,spot,0.4395,0.4395,instances.vantage.sh (AWS Price List mirror)
2026-08-31,AWS,ap-south-1,g6e.12xlarge,L40S,4.0,ondemand,12.60131,3.1503275,instances.vantage.sh (AWS Price List mirror)
2026-08-31,AWS,ap-south-1,g6e.12xlarge,L40S,4.0,spot,11.3872,2.8468,instances.vantage.sh (AWS Price List mirror)
2026-08-31,AWS,ap-south-1,g6e.16xlarge,L40S,1.0,ondemand,9.09996,9.09996,instances.vantage.sh (AWS Price List mirror)
2026-08-31,AWS,ap-south-1,g6e.16xlarge,L40S,1.0,spot,2.33325,2.33325,instances.vantage.sh (AWS Price List mirror)
2026-08-31,AWS,ap-south-1,g6e.24xlarge,L40S,4.0,ondemand,18.09328,4.52332,instances.vantage.sh (AWS Price List mirror)
2026-08-31,AWS,ap-south-1,g6e.24xlarge,L40S,4.0,spot,15.7334,3.93335,instances.vantage.sh (AWS Price List mirror)
2026-08-31,AWS,ap-south-1,g6e.2xlarge,L40S,1.0,ondemand,2.69266,2.69266,instances.vantage.sh (AWS Price List mirror)
2026-08-31,AWS,ap-south-1,g6e.2xlarge,L40S,1.0,spot,1.181,1.181,instances.vantage.sh (AWS Price List mirror)
2026-08-31,AWS,ap-south-1,g6e.48xlarge,L40S,8.0,ondemand,36.18656,4.52332,instances.vantage.sh (AWS Price List mirror)
2026-08-31,AWS,ap-south-1,g6e.48xlarge,L40S,8.0,spot,35.9047,4.4880875,instances.vantage.sh (AWS Price List mirror)
2026-08-31,AWS,ap-south-1,g6e.4xlarge,L40S,1.0,ondemand,3.60799,3.60799,instances.vantage.sh (AWS Price List mirror)
2026-08-31,AWS,ap-south-1,g6e.4xlarge,L40S,1.0,spot,1.3985,1.3985,instances.vantage.sh (AWS Price List mirror)
2026-08-31,AWS,ap-south-1,g6e.8xlarge,L40S,1.0,ondemand,5.43865,5.43865,instances.vantage.sh (AWS Price List mirror)
2026-08-31,AWS,ap-south-1,g6e.8xlarge,L40S,1.0,spot,1.83105,1.83105,instances.vantage.sh (AWS Price List mirror)
2026-08-31,AWS,ap-south-1,g6e.xlarge,L40S,1.0,ondemand,2.235,2.235,instances.vantage.sh (AWS Price List mirror)
2026-08-31,AWS,ap-south-1,g6e.xlarge,L40S,1.0,spot,1.51415,1.51415,instances.vantage.sh (AWS Price List mirror)
2026-08-31,AWS,ap-south-1,g6f.2xlarge,L4,0.25,ondemand,0.57038,2.28152,instances.vantage.sh (AWS Price List mirror)
2026-08-31,AWS,ap-south-1,g6f.2xlarge,L4,0.25,spot,0.418,1.672,instances.vantage.sh (AWS Price List mirror)
2026-08-31,AWS,ap-south-1,g6f.4xlarge,L4,0.5,ondemand,1.14076,2.28152,instances.vantage.sh (AWS Price List mirror)
2026-08-31,AWS,ap-south-1,g6f.4xlarge,L4,0.5,spot,1.1319,2.2638,instances.vantage.sh (AWS Price List mirror)
2026-08-31,AWS,ap-south-1,g6f.large,L4,0.125,ondemand,0.24256,1.94048,instances.vantage.sh (AWS Price List mirror)
2026-08-31,AWS,ap-south-1,g6f.large,L4,0.125,spot,0.2407,1.9256,instances.vantage.sh (AWS Price List mirror)
2026-08-31,AWS,ap-south-1,g6f.xlarge,L4,0.125,ondemand,0.28519,2.28152,instances.vantage.sh (AWS Price List mirror)
2026-08-31,AWS,ap-south-1,g6f.xlarge,L4,0.125,spot,0.283,2.264,instances.vantage.sh (AWS Price List mirror)
2026-08-31,AWS,ap-south-1,g7e.12xlarge,NVIDIA RTX PRO 6000 Blackwell,2.0,ondemand,13.53377,6.766885,instances.vantage.sh (AWS Price List mirror)
2026-08-31,AWS,ap-south-1,g7e.12xlarge,NVIDIA RTX PRO 6000 Blackwell,2.0,spot,9.14155,4.570775,instances.vantage.sh (AWS Price List mirror)
2026-08-31,AWS,ap-south-1,g7e.24xlarge,NVIDIA RTX PRO 6000 Blackwell,4.0,ondemand,27.06754,6.766885,instances.vantage.sh (AWS Price List mirror)
2026-08-31,AWS,ap-south-1,g7e.24xlarge,NVIDIA RTX PRO 6000 Blackwell,4.0,spot,26.8752,6.7188,instances.vantage.sh (AWS Price List mirror)
2026-08-31,AWS,ap-south-1,g7e.2xlarge,NVIDIA RTX PRO 6000 Blackwell,1.0,ondemand,5.49303,5.49303,instances.vantage.sh (AWS Price List mirror)
2026-08-31,AWS,ap-south-1,g7e.2xlarge,NVIDIA RTX PRO 6000 Blackwell,1.0,spot,0.82815,0.82815,instances.vantage.sh (AWS Price List mirror)
2026-08-31,AWS,ap-south-1,g7e.48xlarge,NVIDIA RTX PRO 6000 Blackwell,8.0,ondemand,54.13507,6.76688375,instances.vantage.sh (AWS Price List mirror)
2026-08-31,AWS,ap-south-1,g7e.48xlarge,NVIDIA RTX PRO 6000 Blackwell,8.0,spot,29.5642,3.695525,instances.vantage.sh (AWS Price List mirror)
2026-08-31,AWS,ap-south-1,g7e.4xlarge,NVIDIA RTX PRO 6000 Blackwell,1.0,ondemand,6.53025,6.53025,instances.vantage.sh (AWS Price List mirror)
2026-08-31,AWS,ap-south-1,g7e.4xlarge,NVIDIA RTX PRO 6000 Blackwell,1.0,spot,1.89665,1.89665,instances.vantage.sh (AWS Price List mirror)
2026-08-31,AWS,ap-south-1,g7e.8xlarge,NVIDIA RTX PRO 6000 Blackwell,1.0,ondemand,8.60469,8.60469,instances.vantage.sh (AWS Price List mirror)
2026-08-31,AWS,ap-south-1,g7e.8xlarge,NVIDIA RTX PRO 6000 Blackwell,1.0,spot,8.5435,8.5435,instances.vantage.sh (AWS Price List mirror)
2026-08-31,AWS,ap-south-1,gr6.4xlarge,L4,1.0,ondemand,1.8483,1.8483,instances.vantage.sh (AWS Price List mirror)
2026-08-31,AWS,ap-south-1,gr6.4xlarge,L4,1.0,spot,0.31035,0.31035,instances.vantage.sh (AWS Price List mirror)
2026-08-31,AWS,ap-south-1,gr6.8xlarge,L4,1.0,ondemand,2.93768,2.93768,instances.vantage.sh (AWS Price List mirror)
2026-08-31,AWS,ap-south-1,gr6.8xlarge,L4,1.0,spot,0.4996,0.4996,instances.vantage.sh (AWS Price List mirror)
2026-08-31,AWS,ap-south-1,gr6f.4xlarge,L4,0.5,ondemand,1.28007,2.56014,instances.vantage.sh (AWS Price List mirror)
2026-08-31,AWS,ap-south-1,gr6f.4xlarge,L4,0.5,spot,1.25055,2.5011,instances.vantage.sh (AWS Price List mirror)
2026-08-31,AWS,ap-south-1,p2.16xlarge,K80,16.0,ondemand,27.488,1.718,instances.vantage.sh (AWS Price List mirror)
2026-08-31,AWS,ap-south-1,p2.8xlarge,K80,8.0,ondemand,13.744,1.718,instances.vantage.sh (AWS Price List mirror)
2026-08-31,AWS,ap-south-1,p2.xlarge,K80,1.0,ondemand,1.718,1.718,instances.vantage.sh (AWS Price List mirror)
2026-08-31,AWS,ap-south-1,p4d.24xlarge,A100,8.0,ondemand,26.3444,3.29305,instances.vantage.sh (AWS Price List mirror)
2026-08-31,AWS,ap-south-1,p4d.24xlarge,A100,8.0,spot,26.139667,3.267458375,instances.vantage.sh (AWS Price List mirror)
2026-08-31,AWS,ap-south-1,p5.48xlarge,H100,8.0,ondemand,66.048,8.256,instances.vantage.sh (AWS Price List mirror)
2026-08-31,AWS,ap-south-1,p5.48xlarge,H100,8.0,spot,18.9304,2.3663,instances.vantage.sh (AWS Price List mirror)
2026-08-31,AWS,ap-south-1,p5.4xlarge,H100,1.0,ondemand,8.256,8.256,instances.vantage.sh (AWS Price List mirror)
2026-08-31,AWS,ap-south-1,p5.4xlarge,H100,1.0,spot,2.4776,2.4776,instances.vantage.sh (AWS Price List mirror)
2026-08-31,AWS,ap-south-1,p5en.48xlarge,H200,8.0,ondemand,75.9552,9.4944,instances.vantage.sh (AWS Price List mirror)
2026-08-31,AWS,ap-south-1,p5en.48xlarge,H200,8.0,spot,24.89485,3.11185625,instances.vantage.sh (AWS Price List mirror)
2026-08-31,AWS,ap-south-1,p6-b200.48xlarge,B200,8.0,ondemand,160.64525,20.08065625,instances.vantage.sh (AWS Price List mirror)
2026-08-31,AWS,ap-south-1,p6-b200.48xlarge,B200,8.0,spot,47.7414,5.967675,instances.vantage.sh (AWS Price List mirror)
2026-08-31,AWS,ap-south-1-ccu-1,g4dn.2xlarge,T4,1.0,ondemand,1.2,1.2,instances.vantage.sh (AWS Price List mirror)
2026-08-31,AWS,ap-south-1-del-1,g4dn.2xlarge,T4,1.0,ondemand,1.2,1.2,instances.vantage.sh (AWS Price List mirror)
2026-08-31,AWS,ap-south-2,g6.12xlarge,L4,4.0,ondemand,5.52558,1.381395,instances.vantage.sh (AWS Price List mirror)
2026-08-31,AWS,ap-south-2,g6.16xlarge,L4,1.0,ondemand,4.07886,4.07886,instances.vantage.sh (AWS Price List mirror)
2026-08-31,AWS,ap-south-2,g6.24xlarge,L4,4.0,ondemand,8.01555,2.0038875,instances.vantage.sh (AWS Price List mirror)
2026-08-31,AWS,ap-south-2,g6.2xlarge,L4,1.0,ondemand,1.1739,1.1739,instances.vantage.sh (AWS Price List mirror)
2026-08-31,AWS,ap-south-2,g6.48xlarge,L4,8.0,ondemand,16.0311,2.0038875,instances.vantage.sh (AWS Price List mirror)
2026-08-31,AWS,ap-south-2,g6.4xlarge,L4,1.0,ondemand,1.58889,1.58889,instances.vantage.sh (AWS Price List mirror)
2026-08-31,AWS,ap-south-2,g6.8xlarge,L4,1.0,ondemand,2.41888,2.41888,instances.vantage.sh (AWS Price List mirror)
2026-08-31,AWS,ap-south-2,g6.xlarge,L4,1.0,ondemand,0.9664,0.9664,instances.vantage.sh (AWS Price List mirror)
2026-08-31,AWS,ap-south-2,g6e.12xlarge,L40S,4.0,ondemand,12.60131,3.1503275,instances.vantage.sh (AWS Price List mirror)
2026-08-31,AWS,ap-south-2,g6e.16xlarge,L40S,1.0,ondemand,9.09996,9.09996,instances.vantage.sh (AWS Price List mirror)
2026-08-31,AWS,ap-south-2,g6e.24xlarge,L40S,4.0,ondemand,18.09328,4.52332,instances.vantage.sh (AWS Price List mirror)
2026-08-31,AWS,ap-south-2,g6e.2xlarge,L40S,1.0,ondemand,2.69266,2.69266,instances.vantage.sh (AWS Price List mirror)
2026-08-31,AWS,ap-south-2,g6e.48xlarge,L40S,8.0,ondemand,36.18656,4.52332,instances.vantage.sh (AWS Price List mirror)
2026-08-31,AWS,ap-south-2,g6e.4xlarge,L40S,1.0,ondemand,3.60799,3.60799,instances.vantage.sh (AWS Price List mirror)
2026-08-31,AWS,ap-south-2,g6e.8xlarge,L40S,1.0,ondemand,5.43865,5.43865,instances.vantage.sh (AWS Price List mirror)
2026-08-31,AWS,ap-south-2,g6e.xlarge,L40S,1.0,ondemand,2.235,2.235,instances.vantage.sh (AWS Price List mirror)
2026-08-31,AWS,ap-south-2,p6-b300.48xlarge,NVIDIA B300,8.0,ondemand,200.80656,25.10082,instances.vantage.sh (AWS Price List mirror)
2026-08-31,AWS,ap-southeast-1,g2.2xlarge,K520,1.0,ondemand,1.0,1.0,instances.vantage.sh (AWS Price List mirror)
2026-08-31,AWS,ap-southeast-1,g2.8xlarge,K520,4.0,ondemand,4.0,1.0,instances.vantage.sh (AWS Price List mirror)
2026-08-31,AWS,ap-southeast-1,g3.16xlarge,M60,4.0,ondemand,6.68,1.67,instances.vantage.sh (AWS Price List mirror)
2026-08-31,AWS,ap-southeast-1,g3.4xlarge,M60,1.0,ondemand,1.67,1.67,instances.vantage.sh (AWS Price List mirror)
2026-08-31,AWS,ap-southeast-1,g3.8xlarge,M60,2.0,ondemand,3.34,1.67,instances.vantage.sh (AWS Price List mirror)
2026-08-31,AWS,ap-southeast-1,g4dn.12xlarge,T4,4.0,ondemand,5.474,1.3685,instances.vantage.sh (AWS Price List mirror)
2026-08-31,AWS,ap-southeast-1,g4dn.12xlarge,T4,4.0,spot,1.869233,0.46730825,instances.vantage.sh (AWS Price List mirror)
2026-08-31,AWS,ap-southeast-1,g4dn.16xlarge,T4,1.0,ondemand,6.089,6.089,instances.vantage.sh (AWS Price List mirror)
2026-08-31,AWS,ap-southeast-1,g4dn.16xlarge,T4,1.0,spot,1.587333,1.587333,instances.vantage.sh (AWS Price List mirror)
2026-08-31,AWS,ap-southeast-1,g4dn.2xlarge,T4,1.0,ondemand,1.052,1.052,instances.vantage.sh (AWS Price List mirror)
2026-08-31,AWS,ap-southeast-1,g4dn.2xlarge,T4,1.0,spot,0.441033,0.441033,instances.vantage.sh (AWS Price List mirror)
2026-08-31,AWS,ap-southeast-1,g4dn.4xlarge,T4,1.0,ondemand,1.685,1.685,instances.vantage.sh (AWS Price List mirror)
2026-08-31,AWS,ap-southeast-1,g4dn.4xlarge,T4,1.0,spot,0.5658,0.5658,instances.vantage.sh (AWS Price List mirror)
2026-08-31,AWS,ap-southeast-1,g4dn.8xlarge,T4,1.0,ondemand,3.045,3.045,instances.vantage.sh (AWS Price List mirror)
2026-08-31,AWS,ap-southeast-1,g4dn.8xlarge,T4,1.0,spot,0.924067,0.924067,instances.vantage.sh (AWS Price List mirror)
2026-08-31,AWS,ap-southeast-1,g4dn.metal,T4,8.0,ondemand,10.948,1.3685,instances.vantage.sh (AWS Price List mirror)
2026-08-31,AWS,ap-southeast-1,g4dn.metal,T4,8.0,spot,3.7323,0.4665375,instances.vantage.sh (AWS Price List mirror)
2026-08-31,AWS,ap-southeast-1,g4dn.xlarge,T4,1.0,ondemand,0.736,0.736,instances.vantage.sh (AWS Price List mirror)
2026-08-31,AWS,ap-southeast-1,g4dn.xlarge,T4,1.0,spot,0.317633,0.317633,instances.vantage.sh (AWS Price List mirror)
2026-08-31,AWS,ap-southeast-1,g5g.16xlarge,T4G,2.0,ondemand,3.8395,1.91975,instances.vantage.sh (AWS Price List mirror)
2026-08-31,AWS,ap-southeast-1,g5g.16xlarge,T4G,2.0,spot,0.90975,0.454875,instances.vantage.sh (AWS Price List mirror)
2026-08-31,AWS,ap-southeast-1,g5g.2xlarge,T4G,1.0,ondemand,0.778,0.778,instances.vantage.sh (AWS Price List mirror)
2026-08-31,AWS,ap-southeast-1,g5g.2xlarge,T4G,1.0,spot,0.37455,0.37455,instances.vantage.sh (AWS Price List mirror)
2026-08-31,AWS,ap-southeast-1,g5g.4xlarge,T4G,1.0,ondemand,1.1586,1.1586,instances.vantage.sh (AWS Price List mirror)
2026-08-31,AWS,ap-southeast-1,g5g.4xlarge,T4G,1.0,spot,0.4525,0.4525,instances.vantage.sh (AWS Price List mirror)
2026-08-31,AWS,ap-southeast-1,g5g.8xlarge,T4G,1.0,ondemand,1.9198,1.9198,instances.vantage.sh (AWS Price List mirror)
2026-08-31,AWS,ap-southeast-1,g5g.8xlarge,T4G,1.0,spot,0.76295,0.76295,instances.vantage.sh (AWS Price List mirror)
2026-08-31,AWS,ap-southeast-1,g5g.metal,T4G,2.0,ondemand,3.8395,1.91975,instances.vantage.sh (AWS Price List mirror)
2026-08-31,AWS,ap-southeast-1,g5g.metal,T4G,2.0,spot,0.73635,0.368175,instances.vantage.sh (AWS Price List mirror)
2026-08-31,AWS,ap-southeast-1,g5g.xlarge,T4G,1.0,ondemand,0.5877,0.5877,instances.vantage.sh (AWS Price List mirror)
2026-08-31,AWS,ap-southeast-1,g5g.xlarge,T4G,1.0,spot,0.259,0.259,instances.vantage.sh (AWS Price List mirror)
2026-08-31,AWS,ap-southeast-1,p2.16xlarge,K80,16.0,ondemand,27.488,1.718,instances.vantage.sh (AWS Price List mirror)
2026-08-31,AWS,ap-southeast-1,p2.8xlarge,K80,8.0,ondemand,13.744,1.718,instances.vantage.sh (AWS Price List mirror)
2026-08-31,AWS,ap-southeast-1,p2.xlarge,K80,1.0,ondemand,1.718,1.718,instances.vantage.sh (AWS Price List mirror)
2026-08-31,AWS,ap-southeast-1,p3.16xlarge,V100,8.0,ondemand,33.872,4.234,instances.vantage.sh (AWS Price List mirror)
2026-08-31,AWS,ap-southeast-1,p3.16xlarge,V100,8.0,spot,33.19456,4.14932,instances.vantage.sh (AWS Price List mirror)
2026-08-31,AWS,ap-southeast-1,p3.2xlarge,V100,1.0,ondemand,4.234,4.234,instances.vantage.sh (AWS Price List mirror)
2026-08-31,AWS,ap-southeast-1,p3.2xlarge,V100,1.0,spot,0.97382,0.97382,instances.vantage.sh (AWS Price List mirror)
2026-08-31,AWS,ap-southeast-1,p3.8xlarge,V100,4.0,ondemand,16.936,4.234,instances.vantage.sh (AWS Price List mirror)
2026-08-31,AWS,ap-southeast-1,p3.8xlarge,V100,4.0,spot,16.936,4.234,instances.vantage.sh (AWS Price List mirror)
2026-08-31,AWS,ap-southeast-1,p4d.24xlarge,A100,8.0,ondemand,26.34917,3.29364625,instances.vantage.sh (AWS Price List mirror)
2026-08-31,AWS,ap-southeast-1,p4de.24xlarge,A100,8.0,ondemand,32.93646,4.1170575,instances.vantage.sh (AWS Price List mirror)
2026-08-31,AWS,ap-southeast-1,p4de.24xlarge,A100,8.0,spot,32.9365,4.1170625,instances.vantage.sh (AWS Price List mirror)
2026-08-31,AWS,ap-southeast-1-bkk-1,g4dn.2xlarge,T4,1.0,ondemand,1.578,1.578,instances.vantage.sh (AWS Price List mirror)
2026-08-31,AWS,ap-southeast-1-mnl-1,g4dn.2xlarge,T4,1.0,ondemand,1.368,1.368,instances.vantage.sh (AWS Price List mirror)
2026-08-31,AWS,ap-southeast-2,g2.2xlarge,K520,1.0,ondemand,0.898,0.898,instances.vantage.sh (AWS Price List mirror)
2026-08-31,AWS,ap-southeast-2,g2.8xlarge,K520,4.0,ondemand,3.592,0.898,instances.vantage.sh (AWS Price List mirror)
2026-08-31,AWS,ap-southeast-2,g3.16xlarge,M60,4.0,ondemand,7.016,1.754,instances.vantage.sh (AWS Price List mirror)
2026-08-31,AWS,ap-southeast-2,g3.4xlarge,M60,1.0,ondemand,1.754,1.754,instances.vantage.sh (AWS Price List mirror)
2026-08-31,AWS,ap-southeast-2,g3.8xlarge,M60,2.0,ondemand,3.508,1.754,instances.vantage.sh (AWS Price List mirror)
2026-08-31,AWS,ap-southeast-2,g3s.xlarge,M60,1.0,ondemand,1.154,1.154,instances.vantage.sh (AWS Price List mirror)
2026-08-31,AWS,ap-southeast-2,g4dn.12xlarge,T4,4.0,ondemand,5.087,1.27175,instances.vantage.sh (AWS Price List mirror)
2026-08-31,AWS,ap-southeast-2,g4dn.12xlarge,T4,4.0,spot,2.404467,0.60111675,instances.vantage.sh (AWS Price List mirror)
2026-08-31,AWS,ap-southeast-2,g4dn.16xlarge,T4,1.0,ondemand,5.659,5.659,instances.vantage.sh (AWS Price List mirror)
2026-08-31,AWS,ap-southeast-2,g4dn.16xlarge,T4,1.0,spot,1.0947,1.0947,instances.vantage.sh (AWS Price List mirror)
2026-08-31,AWS,ap-southeast-2,g4dn.2xlarge,T4,1.0,ondemand,0.978,0.978,instances.vantage.sh (AWS Price List mirror)
2026-08-31,AWS,ap-southeast-2,g4dn.2xlarge,T4,1.0,spot,0.463467,0.463467,instances.vantage.sh (AWS Price List mirror)
2026-08-31,AWS,ap-southeast-2,g4dn.4xlarge,T4,1.0,ondemand,1.566,1.566,instances.vantage.sh (AWS Price List mirror)
2026-08-31,AWS,ap-southeast-2,g4dn.4xlarge,T4,1.0,spot,0.5733,0.5733,instances.vantage.sh (AWS Price List mirror)
2026-08-31,AWS,ap-southeast-2,g4dn.8xlarge,T4,1.0,ondemand,2.83,2.83,instances.vantage.sh (AWS Price List mirror)
2026-08-31,AWS,ap-southeast-2,g4dn.8xlarge,T4,1.0,spot,0.917533,0.917533,instances.vantage.sh (AWS Price List mirror)
2026-08-31,AWS,ap-southeast-2,g4dn.metal,T4,8.0,ondemand,10.174,1.27175,instances.vantage.sh (AWS Price List mirror)
2026-08-31,AWS,ap-southeast-2,g4dn.metal,T4,8.0,spot,4.2617,0.5327125,instances.vantage.sh (AWS Price List mirror)
2026-08-31,AWS,ap-southeast-2,g4dn.xlarge,T4,1.0,ondemand,0.684,0.684,instances.vantage.sh (AWS Price List mirror)
2026-08-31,AWS,ap-southeast-2,g4dn.xlarge,T4,1.0,spot,0.355533,0.355533,instances.vantage.sh (AWS Price List mirror)
2026-08-31,AWS,ap-southeast-2,g5.12xlarge,A10G,4.0,ondemand,7.37473,1.8436825,instances.vantage.sh (AWS Price List mirror)
2026-08-31,AWS,ap-southeast-2,g5.12xlarge,A10G,4.0,spot,3.36145,0.8403625,instances.vantage.sh (AWS Price List mirror)
2026-08-31,AWS,ap-southeast-2,g5.16xlarge,A10G,1.0,ondemand,5.32561,5.32561,instances.vantage.sh (AWS Price List mirror)
2026-08-31,AWS,ap-southeast-2,g5.16xlarge,A10G,1.0,spot,1.19195,1.19195,instances.vantage.sh (AWS Price List mirror)
2026-08-31,AWS,ap-southeast-2,g5.24xlarge,A10G,4.0,ondemand,10.58882,2.647205,instances.vantage.sh (AWS Price List mirror)
2026-08-31,AWS,ap-southeast-2,g5.24xlarge,A10G,4.0,spot,10.5888,2.6472,instances.vantage.sh (AWS Price List mirror)
2026-08-31,AWS,ap-southeast-2,g5.2xlarge,A10G,1.0,ondemand,1.57584,1.57584,instances.vantage.sh (AWS Price List mirror)
2026-08-31,AWS,ap-southeast-2,g5.2xlarge,A10G,1.0,spot,0.95695,0.95695,instances.vantage.sh (AWS Price List mirror)
2026-08-31,AWS,ap-southeast-2,g5.48xlarge,A10G,8.0,ondemand,21.17764,2.647205,instances.vantage.sh (AWS Price List mirror)
2026-08-31,AWS,ap-southeast-2,g5.48xlarge,A10G,8.0,spot,21.1776,2.6472,instances.vantage.sh (AWS Price List mirror)
2026-08-31,AWS,ap-southeast-2,g5.4xlarge,A10G,1.0,ondemand,2.11152,2.11152,instances.vantage.sh (AWS Price List mirror)
2026-08-31,AWS,ap-southeast-2,g5.4xlarge,A10G,1.0,spot,1.5147,1.5147,instances.vantage.sh (AWS Price List mirror)
2026-08-31,AWS,ap-southeast-2,g5.8xlarge,A10G,1.0,ondemand,3.18289,3.18289,instances.vantage.sh (AWS Price List mirror)
2026-08-31,AWS,ap-southeast-2,g5.8xlarge,A10G,1.0,spot,1.2162,1.2162,instances.vantage.sh (AWS Price List mirror)
2026-08-31,AWS,ap-southeast-2,g5.xlarge,A10G,1.0,ondemand,1.308,1.308,instances.vantage.sh (AWS Price List mirror)
2026-08-31,AWS,ap-southeast-2,g5.xlarge,A10G,1.0,spot,0.80645,0.80645,instances.vantage.sh (AWS Price List mirror)
2026-08-31,AWS,ap-southeast-2,g6.12xlarge,L4,4.0,ondemand,5.98299,1.4957475,instances.vantage.sh (AWS Price List mirror)
2026-08-31,AWS,ap-southeast-2,g6.12xlarge,L4,4.0,spot,3.3806,0.84515,instances.vantage.sh (AWS Price List mirror)
2026-08-31,AWS,ap-southeast-2,g6.16xlarge,L4,1.0,ondemand,4.41652,4.41652,instances.vantage.sh (AWS Price List mirror)
2026-08-31,AWS,ap-southeast-2,g6.16xlarge,L4,1.0,spot,1.660133,1.660133,instances.vantage.sh (AWS Price List mirror)
2026-08-31,AWS,ap-southeast-2,g6.24xlarge,L4,4.0,ondemand,8.67909,2.1697725,instances.vantage.sh (AWS Price List mirror)
2026-08-31,AWS,ap-southeast-2,g6.24xlarge,L4,4.0,spot,7.273467,1.81836675,instances.vantage.sh (AWS Price List mirror)
2026-08-31,AWS,ap-southeast-2,g6.2xlarge,L4,1.0,ondemand,1.27107,1.27107,instances.vantage.sh (AWS Price List mirror)
2026-08-31,AWS,ap-southeast-2,g6.2xlarge,L4,1.0,spot,0.526167,0.526167,instances.vantage.sh (AWS Price List mirror)
2026-08-31,AWS,ap-southeast-2,g6.48xlarge,L4,8.0,ondemand,17.35817,2.16977125,instances.vantage.sh (AWS Price List mirror)
2026-08-31,AWS,ap-southeast-2,g6.48xlarge,L4,8.0,spot,13.1352,1.6419,instances.vantage.sh (AWS Price List mirror)
2026-08-31,AWS,ap-southeast-2,g6.4xlarge,L4,1.0,ondemand,1.72042,1.72042,instances.vantage.sh (AWS Price List mirror)
2026-08-31,AWS,ap-southeast-2,g6.4xlarge,L4,1.0,spot,1.042033,1.042033,instances.vantage.sh (AWS Price List mirror)
2026-08-31,AWS,ap-southeast-2,g6.8xlarge,L4,1.0,ondemand,2.61912,2.61912,instances.vantage.sh (AWS Price List mirror)
2026-08-31,AWS,ap-southeast-2,g6.8xlarge,L4,1.0,spot,1.086667,1.086667,instances.vantage.sh (AWS Price List mirror)
2026-08-31,AWS,ap-southeast-2,g6.xlarge,L4,1.0,ondemand,1.0464,1.0464,instances.vantage.sh (AWS Price List mirror)
2026-08-31,AWS,ap-southeast-2,g6.xlarge,L4,1.0,spot,0.614933,0.614933,instances.vantage.sh (AWS Price List mirror)
2026-08-31,AWS,ap-southeast-2,g6f.2xlarge,L4,0.25,ondemand,0.61759,2.47036,instances.vantage.sh (AWS Price List mirror)
2026-08-31,AWS,ap-southeast-2,g6f.2xlarge,L4,0.25,spot,0.6176,2.4704,instances.vantage.sh (AWS Price List mirror)
2026-08-31,AWS,ap-southeast-2,g6f.4xlarge,L4,0.5,ondemand,1.23517,2.47034,instances.vantage.sh (AWS Price List mirror)
2026-08-31,AWS,ap-southeast-2,g6f.4xlarge,L4,0.5,spot,1.1109,2.2218,instances.vantage.sh (AWS Price List mirror)
2026-08-31,AWS,ap-southeast-2,g6f.large,L4,0.125,ondemand,0.26264,2.10112,instances.vantage.sh (AWS Price List mirror)
2026-08-31,AWS,ap-southeast-2,g6f.large,L4,0.125,spot,0.23565,1.8852,instances.vantage.sh (AWS Price List mirror)
2026-08-31,AWS,ap-southeast-2,g6f.xlarge,L4,0.125,ondemand,0.30879,2.47032,instances.vantage.sh (AWS Price List mirror)
2026-08-31,AWS,ap-southeast-2,g6f.xlarge,L4,0.125,spot,0.2131,1.7048,instances.vantage.sh (AWS Price List mirror)
2026-08-31,AWS,ap-southeast-2,gr6.4xlarge,L4,1.0,ondemand,2.0012,2.0012,instances.vantage.sh (AWS Price List mirror)
2026-08-31,AWS,ap-southeast-2,gr6.4xlarge,L4,1.0,spot,0.7536,0.7536,instances.vantage.sh (AWS Price List mirror)
2026-08-31,AWS,ap-southeast-2,gr6.8xlarge,L4,1.0,ondemand,3.1807,3.1807,instances.vantage.sh (AWS Price List mirror)
2026-08-31,AWS,ap-southeast-2,gr6.8xlarge,L4,1.0,spot,1.0707,1.0707,instances.vantage.sh (AWS Price List mirror)
2026-08-31,AWS,ap-southeast-2,gr6f.4xlarge,L4,0.5,ondemand,1.38597,2.77194,instances.vantage.sh (AWS Price List mirror)
2026-08-31,AWS,ap-southeast-2,gr6f.4xlarge,L4,0.5,spot,1.0437,2.0874,instances.vantage.sh (AWS Price List mirror)
2026-08-31,AWS,ap-southeast-2,p2.16xlarge,K80,16.0,ondemand,24.672,1.542,instances.vantage.sh (AWS Price List mirror)
2026-08-31,AWS,ap-southeast-2,p2.8xlarge,K80,8.0,ondemand,12.336,1.542,instances.vantage.sh (AWS Price List mirror)
2026-08-31,AWS,ap-southeast-2,p2.xlarge,K80,1.0,ondemand,1.542,1.542,instances.vantage.sh (AWS Price List mirror)
2026-08-31,AWS,ap-southeast-2,p3.16xlarge,V100,8.0,ondemand,33.872,4.234,instances.vantage.sh (AWS Price List mirror)
2026-08-31,AWS,ap-southeast-2,p3.16xlarge,V100,8.0,spot,19.98448,2.49806,instances.vantage.sh (AWS Price List mirror)
2026-08-31,AWS,ap-southeast-2,p3.2xlarge,V100,1.0,ondemand,4.234,4.234,instances.vantage.sh (AWS Price List mirror)
2026-08-31,AWS,ap-southeast-2,p3.2xlarge,V100,1.0,spot,0.97382,0.97382,instances.vantage.sh (AWS Price List mirror)
2026-08-31,AWS,ap-southeast-2,p3.8xlarge,V100,4.0,ondemand,16.936,4.234,instances.vantage.sh (AWS Price List mirror)
2026-08-31,AWS,ap-southeast-2,p3.8xlarge,V100,4.0,spot,9.3148,2.3287,instances.vantage.sh (AWS Price List mirror)
2026-08-31,AWS,ap-southeast-2,p4d.24xlarge,A100,8.0,ondemand,28.54493,3.56811625,instances.vantage.sh (AWS Price List mirror)
2026-08-31,AWS,ap-southeast-2,p4d.24xlarge,A100,8.0,spot,20.5504,2.5688,instances.vantage.sh (AWS Price List mirror)
2026-08-31,AWS,ap-southeast-2,p5.48xlarge,H100,8.0,ondemand,71.552,8.944,instances.vantage.sh (AWS Price List mirror)
2026-08-31,AWS,ap-southeast-2,p5.48xlarge,H100,8.0,spot,55.8591,6.9823875,instances.vantage.sh (AWS Price List mirror)
2026-08-31,AWS,ap-southeast-2,p5.4xlarge,H100,1.0,ondemand,8.944,8.944,instances.vantage.sh (AWS Price List mirror)
2026-08-31,AWS,ap-southeast-2,p5.4xlarge,H100,1.0,spot,3.0399,3.0399,instances.vantage.sh (AWS Price List mirror)
2026-08-31,AWS,ap-southeast-2-akl-1,g4dn.2xlarge,T4,1.0,ondemand,1.418,1.418,instances.vantage.sh (AWS Price List mirror)
2026-08-31,AWS,ap-southeast-2-per-1,g4dn.2xlarge,T4,1.0,ondemand,1.418,1.418,instances.vantage.sh (AWS Price List mirror)
2026-08-31,AWS,ap-southeast-3,g5.12xlarge,A10G,4.0,ondemand,7.93854,1.984635,instances.vantage.sh (AWS Price List mirror)
2026-08-31,AWS,ap-southeast-3,g5.12xlarge,A10G,4.0,spot,2.143406,0.5358515,instances.vantage.sh (AWS Price List mirror)
2026-08-31,AWS,ap-southeast-3,g5.16xlarge,A10G,1.0,ondemand,5.73277,5.73277,instances.vantage.sh (AWS Price List mirror)
2026-08-31,AWS,ap-southeast-3,g5.16xlarge,A10G,1.0,spot,0.74526,0.74526,instances.vantage.sh (AWS Price List mirror)
2026-08-31,AWS,ap-southeast-3,g5.24xlarge,A10G,4.0,ondemand,11.39836,2.84959,instances.vantage.sh (AWS Price List mirror)
2026-08-31,AWS,ap-southeast-3,g5.24xlarge,A10G,4.0,spot,5.129262,1.2823155,instances.vantage.sh (AWS Price List mirror)
2026-08-31,AWS,ap-southeast-3,g5.2xlarge,A10G,1.0,ondemand,1.69632,1.69632,instances.vantage.sh (AWS Price List mirror)
2026-08-31,AWS,ap-southeast-3,g5.2xlarge,A10G,1.0,spot,0.407117,0.407117,instances.vantage.sh (AWS Price List mirror)
2026-08-31,AWS,ap-southeast-3,g5.48xlarge,A10G,8.0,ondemand,22.79672,2.84959,instances.vantage.sh (AWS Price List mirror)
2026-08-31,AWS,ap-southeast-3,g5.48xlarge,A10G,8.0,spot,10.942426,1.36780325,instances.vantage.sh (AWS Price List mirror)
2026-08-31,AWS,ap-southeast-3,g5.4xlarge,A10G,1.0,ondemand,2.27295,2.27295,instances.vantage.sh (AWS Price List mirror)
2026-08-31,AWS,ap-southeast-3,g5.4xlarge,A10G,1.0,spot,0.43186,0.43186,instances.vantage.sh (AWS Price List mirror)
2026-08-31,AWS,ap-southeast-3,g5.8xlarge,A10G,1.0,ondemand,3.42623,3.42623,instances.vantage.sh (AWS Price List mirror)
2026-08-31,AWS,ap-southeast-3,g5.8xlarge,A10G,1.0,spot,0.959344,0.959344,instances.vantage.sh (AWS Price List mirror)
2026-08-31,AWS,ap-southeast-3,g5.xlarge,A10G,1.0,ondemand,1.408,1.408,instances.vantage.sh (AWS Price List mirror)
2026-08-31,AWS,ap-southeast-3,g5.xlarge,A10G,1.0,spot,0.39424,0.39424,instances.vantage.sh (AWS Price List mirror)
2026-08-31,AWS,ap-southeast-3,g5g.metal,T4G,2.0,ondemand,3.8395,1.91975,instances.vantage.sh (AWS Price List mirror)
2026-08-31,AWS,ap-southeast-3,g5g.metal,T4G,2.0,spot,0.883085,0.4415425,instances.vantage.sh (AWS Price List mirror)
2026-08-31,AWS,ap-southeast-3,p5.48xlarge,H100,8.0,ondemand,75.9552,9.4944,instances.vantage.sh (AWS Price List mirror)
2026-08-31,AWS,ap-southeast-3,p5.48xlarge,H100,8.0,spot,75.9552,9.4944,instances.vantage.sh (AWS Price List mirror)
2026-08-31,AWS,ap-southeast-3,p5.4xlarge,H100,1.0,ondemand,9.4944,9.4944,instances.vantage.sh (AWS Price List mirror)
2026-08-31,AWS,ap-southeast-3,p5.4xlarge,H100,1.0,spot,9.4944,9.4944,instances.vantage.sh (AWS Price List mirror)
2026-08-31,AWS,ap-southeast-3,p5en.48xlarge,H200,8.0,ondemand,87.34848,10.91856,instances.vantage.sh (AWS Price List mirror)
2026-08-31,AWS,ap-southeast-3,p5en.48xlarge,H200,8.0,spot,27.951514,3.49393925,instances.vantage.sh (AWS Price List mirror)
2026-08-31,AWS,ap-southeast-5,g6.12xlarge,L4,4.0,ondemand,5.7966,1.44915,instances.vantage.sh (AWS Price List mirror)
2026-08-31,AWS,ap-southeast-5,g6.12xlarge,L4,4.0,spot,4.231518,1.0578795,instances.vantage.sh (AWS Price List mirror)
2026-08-31,AWS,ap-southeast-5,g6.16xlarge,L4,1.0,ondemand,4.27892,4.27892,instances.vantage.sh (AWS Price List mirror)
2026-08-31,AWS,ap-southeast-5,g6.16xlarge,L4,1.0,spot,0.855784,0.855784,instances.vantage.sh (AWS Price List mirror)
2026-08-31,AWS,ap-southeast-5,g6.24xlarge,L4,4.0,ondemand,8.4087,2.102175,instances.vantage.sh (AWS Price List mirror)
2026-08-31,AWS,ap-southeast-5,g6.24xlarge,L4,4.0,spot,3.699828,0.924957,instances.vantage.sh (AWS Price List mirror)
2026-08-31,AWS,ap-southeast-5,g6.2xlarge,L4,1.0,ondemand,1.23147,1.23147,instances.vantage.sh (AWS Price List mirror)
2026-08-31,AWS,ap-southeast-5,g6.2xlarge,L4,1.0,spot,1.083694,1.083694,instances.vantage.sh (AWS Price List mirror)
2026-08-31,AWS,ap-southeast-5,g6.48xlarge,L4,8.0,ondemand,16.81739,2.10217375,instances.vantage.sh (AWS Price List mirror)
2026-08-31,AWS,ap-southeast-5,g6.48xlarge,L4,8.0,spot,13.117564,1.6396955,instances.vantage.sh (AWS Price List mirror)
2026-08-31,AWS,ap-southeast-5,g6.4xlarge,L4,1.0,ondemand,1.66682,1.66682,instances.vantage.sh (AWS Price List mirror)
2026-08-31,AWS,ap-southeast-5,g6.4xlarge,L4,1.0,spot,0.900083,0.900083,instances.vantage.sh (AWS Price List mirror)
2026-08-31,AWS,ap-southeast-5,g6.8xlarge,L4,1.0,ondemand,2.53752,2.53752,instances.vantage.sh (AWS Price List mirror)
2026-08-31,AWS,ap-southeast-5,g6.8xlarge,L4,1.0,spot,0.68513,0.68513,instances.vantage.sh (AWS Price List mirror)
2026-08-31,AWS,ap-southeast-5,g6.xlarge,L4,1.0,ondemand,1.0138,1.0138,instances.vantage.sh (AWS Price List mirror)
2026-08-31,AWS,ap-southeast-5,g6.xlarge,L4,1.0,spot,0.91242,0.91242,instances.vantage.sh (AWS Price List mirror)
2026-08-31,AWS,ap-southeast-5,gr6.4xlarge,L4,1.0,ondemand,1.9388,1.9388,instances.vantage.sh (AWS Price List mirror)
2026-08-31,AWS,ap-southeast-5,gr6.4xlarge,L4,1.0,spot,0.542864,0.542864,instances.vantage.sh (AWS Price List mirror)
2026-08-31,AWS,ap-southeast-5,gr6.8xlarge,L4,1.0,ondemand,3.08152,3.08152,instances.vantage.sh (AWS Price List mirror)
2026-08-31,AWS,ap-southeast-5,gr6.8xlarge,L4,1.0,spot,0.554674,0.554674,instances.vantage.sh (AWS Price List mirror)
2026-08-31,AWS,ca-central-1,g3.16xlarge,M60,4.0,ondemand,5.664,1.416,instances.vantage.sh (AWS Price List mirror)
2026-08-31,AWS,ca-central-1,g3.4xlarge,M60,1.0,ondemand,1.416,1.416,instances.vantage.sh (AWS Price List mirror)
2026-08-31,AWS,ca-central-1,g3.8xlarge,M60,2.0,ondemand,2.832,1.416,instances.vantage.sh (AWS Price List mirror)
2026-08-31,AWS,ca-central-1,g4ad.16xlarge,V520,4.0,ondemand,3.872,0.968,instances.vantage.sh (AWS Price List mirror)
2026-08-31,AWS,ca-central-1,g4ad.16xlarge,V520,4.0,spot,0.6817,0.170425,instances.vantage.sh (AWS Price List mirror)
2026-08-31,AWS,ca-central-1,g4ad.2xlarge,V520,1.0,ondemand,0.60421,0.60421,instances.vantage.sh (AWS Price List mirror)
2026-08-31,AWS,ca-central-1,g4ad.2xlarge,V520,1.0,spot,0.20855,0.20855,instances.vantage.sh (AWS Price List mirror)
2026-08-31,AWS,ca-central-1,g4ad.4xlarge,V520,1.0,ondemand,0.968,0.968,instances.vantage.sh (AWS Price List mirror)
2026-08-31,AWS,ca-central-1,g4ad.4xlarge,V520,1.0,spot,0.33225,0.33225,instances.vantage.sh (AWS Price List mirror)
2026-08-31,AWS,ca-central-1,g4ad.8xlarge,V520,2.0,ondemand,1.936,0.968,instances.vantage.sh (AWS Price List mirror)
2026-08-31,AWS,ca-central-1,g4ad.8xlarge,V520,2.0,spot,0.3945,0.19725,instances.vantage.sh (AWS Price List mirror)
2026-08-31,AWS,ca-central-1,g4ad.xlarge,V520,1.0,ondemand,0.42263,0.42263,instances.vantage.sh (AWS Price List mirror)
2026-08-31,AWS,ca-central-1,g4ad.xlarge,V520,1.0,spot,0.14815,0.14815,instances.vantage.sh (AWS Price List mirror)
2026-08-31,AWS,ca-central-1,g4dn.12xlarge,T4,4.0,ondemand,4.343,1.08575,instances.vantage.sh (AWS Price List mirror)
2026-08-31,AWS,ca-central-1,g4dn.12xlarge,T4,4.0,spot,1.7297,0.432425,instances.vantage.sh (AWS Price List mirror)
2026-08-31,AWS,ca-central-1,g4dn.16xlarge,T4,1.0,ondemand,4.832,4.832,instances.vantage.sh (AWS Price List mirror)
2026-08-31,AWS,ca-central-1,g4dn.16xlarge,T4,1.0,spot,0.638,0.638,instances.vantage.sh (AWS Price List mirror)
2026-08-31,AWS,ca-central-1,g4dn.2xlarge,T4,1.0,ondemand,0.835,0.835,instances.vantage.sh (AWS Price List mirror)
2026-08-31,AWS,ca-central-1,g4dn.2xlarge,T4,1.0,spot,0.27725,0.27725,instances.vantage.sh (AWS Price List mirror)
2026-08-31,AWS,ca-central-1,g4dn.4xlarge,T4,1.0,ondemand,1.337,1.337,instances.vantage.sh (AWS Price List mirror)
2026-08-31,AWS,ca-central-1,g4dn.4xlarge,T4,1.0,spot,0.5807,0.5807,instances.vantage.sh (AWS Price List mirror)
2026-08-31,AWS,ca-central-1,g4dn.8xlarge,T4,1.0,ondemand,2.416,2.416,instances.vantage.sh (AWS Price List mirror)
2026-08-31,AWS,ca-central-1,g4dn.8xlarge,T4,1.0,spot,0.4519,0.4519,instances.vantage.sh (AWS Price List mirror)
2026-08-31,AWS,ca-central-1,g4dn.metal,T4,8.0,ondemand,8.687,1.085875,instances.vantage.sh (AWS Price List mirror)
2026-08-31,AWS,ca-central-1,g4dn.metal,T4,8.0,spot,6.6134,0.826675,instances.vantage.sh (AWS Price List mirror)
2026-08-31,AWS,ca-central-1,g4dn.xlarge,T4,1.0,ondemand,0.584,0.584,instances.vantage.sh (AWS Price List mirror)
2026-08-31,AWS,ca-central-1,g4dn.xlarge,T4,1.0,spot,0.25,0.25,instances.vantage.sh (AWS Price List mirror)
2026-08-31,AWS,ca-central-1,g5.12xlarge,A10G,4.0,ondemand,6.29784,1.57446,instances.vantage.sh (AWS Price List mirror)
2026-08-31,AWS,ca-central-1,g5.12xlarge,A10G,4.0,spot,3.66325,0.9158125,instances.vantage.sh (AWS Price List mirror)
2026-08-31,AWS,ca-central-1,g5.16xlarge,A10G,1.0,ondemand,4.54794,4.54794,instances.vantage.sh (AWS Price List mirror)
2026-08-31,AWS,ca-central-1,g5.16xlarge,A10G,1.0,spot,1.6428,1.6428,instances.vantage.sh (AWS Price List mirror)
2026-08-31,AWS,ca-central-1,g5.24xlarge,A10G,4.0,ondemand,9.04259,2.2606475,instances.vantage.sh (AWS Price List mirror)
2026-08-31,AWS,ca-central-1,g5.24xlarge,A10G,4.0,spot,7.5053,1.876325,instances.vantage.sh (AWS Price List mirror)
2026-08-31,AWS,ca-central-1,g5.2xlarge,A10G,1.0,ondemand,1.34573,1.34573,instances.vantage.sh (AWS Price List mirror)
2026-08-31,AWS,ca-central-1,g5.2xlarge,A10G,1.0,spot,0.7535,0.7535,instances.vantage.sh (AWS Price List mirror)
2026-08-31,AWS,ca-central-1,g5.48xlarge,A10G,8.0,ondemand,18.08518,2.2606475,instances.vantage.sh (AWS Price List mirror)
2026-08-31,AWS,ca-central-1,g5.48xlarge,A10G,8.0,spot,15.46355,1.93294375,instances.vantage.sh (AWS Price List mirror)
2026-08-31,AWS,ca-central-1,g5.4xlarge,A10G,1.0,ondemand,1.80319,1.80319,instances.vantage.sh (AWS Price List mirror)
2026-08-31,AWS,ca-central-1,g5.4xlarge,A10G,1.0,spot,1.4962,1.4962,instances.vantage.sh (AWS Price List mirror)
2026-08-31,AWS,ca-central-1,g5.8xlarge,A10G,1.0,ondemand,2.71811,2.71811,instances.vantage.sh (AWS Price List mirror)
2026-08-31,AWS,ca-central-1,g5.8xlarge,A10G,1.0,spot,1.1534,1.1534,instances.vantage.sh (AWS Price List mirror)
2026-08-31,AWS,ca-central-1,g5.xlarge,A10G,1.0,ondemand,1.117,1.117,instances.vantage.sh (AWS Price List mirror)
2026-08-31,AWS,ca-central-1,g5.xlarge,A10G,1.0,spot,0.5356,0.5356,instances.vantage.sh (AWS Price List mirror)
2026-08-31,AWS,ca-central-1,g6.12xlarge,L4,4.0,ondemand,5.10933,1.2773325,instances.vantage.sh (AWS Price List mirror)
2026-08-31,AWS,ca-central-1,g6.12xlarge,L4,4.0,spot,5.1093,1.277325,instances.vantage.sh (AWS Price List mirror)
2026-08-31,AWS,ca-central-1,g6.16xlarge,L4,1.0,ondemand,3.7716,3.7716,instances.vantage.sh (AWS Price List mirror)
2026-08-31,AWS,ca-central-1,g6.16xlarge,L4,1.0,spot,1.340667,1.340667,instances.vantage.sh (AWS Price List mirror)
2026-08-31,AWS,ca-central-1,g6.24xlarge,L4,4.0,ondemand,7.41173,1.8529325,instances.vantage.sh (AWS Price List mirror)
2026-08-31,AWS,ca-central-1,g6.24xlarge,L4,4.0,spot,7.4117,1.852925,instances.vantage.sh (AWS Price List mirror)
2026-08-31,AWS,ca-central-1,g6.2xlarge,L4,1.0,ondemand,1.08547,1.08547,instances.vantage.sh (AWS Price List mirror)
2026-08-31,AWS,ca-central-1,g6.2xlarge,L4,1.0,spot,0.8614,0.8614,instances.vantage.sh (AWS Price List mirror)
2026-08-31,AWS,ca-central-1,g6.48xlarge,L4,8.0,ondemand,14.82346,1.8529325,instances.vantage.sh (AWS Price List mirror)
2026-08-31,AWS,ca-central-1,g6.48xlarge,L4,8.0,spot,14.8235,1.8529375,instances.vantage.sh (AWS Price List mirror)
2026-08-31,AWS,ca-central-1,g6.4xlarge,L4,1.0,ondemand,1.4692,1.4692,instances.vantage.sh (AWS Price List mirror)
2026-08-31,AWS,ca-central-1,g6.4xlarge,L4,1.0,spot,1.4692,1.4692,instances.vantage.sh (AWS Price List mirror)
2026-08-31,AWS,ca-central-1,g6.8xlarge,L4,1.0,ondemand,2.23666,2.23666,instances.vantage.sh (AWS Price List mirror)
2026-08-31,AWS,ca-central-1,g6.8xlarge,L4,1.0,spot,0.919667,0.919667,instances.vantage.sh (AWS Price List mirror)
2026-08-31,AWS,ca-central-1,g6.xlarge,L4,1.0,ondemand,0.8936,0.8936,instances.vantage.sh (AWS Price List mirror)
2026-08-31,AWS,ca-central-1,g6.xlarge,L4,1.0,spot,0.8936,0.8936,instances.vantage.sh (AWS Price List mirror)
2026-08-31,AWS,ca-central-1,g6f.2xlarge,L4,0.25,ondemand,0.52741,2.10964,instances.vantage.sh (AWS Price List mirror)
2026-08-31,AWS,ca-central-1,g6f.2xlarge,L4,0.25,spot,0.5274,2.1096,instances.vantage.sh (AWS Price List mirror)
2026-08-31,AWS,ca-central-1,g6f.4xlarge,L4,0.5,ondemand,1.05482,2.10964,instances.vantage.sh (AWS Price List mirror)
2026-08-31,AWS,ca-central-1,g6f.4xlarge,L4,0.5,spot,1.0548,2.1096,instances.vantage.sh (AWS Price List mirror)
2026-08-31,AWS,ca-central-1,g6f.large,L4,0.125,ondemand,0.22429,1.79432,instances.vantage.sh (AWS Price List mirror)
2026-08-31,AWS,ca-central-1,g6f.large,L4,0.125,spot,0.2243,1.7944,instances.vantage.sh (AWS Price List mirror)
2026-08-31,AWS,ca-central-1,g6f.xlarge,L4,0.125,ondemand,0.26371,2.10968,instances.vantage.sh (AWS Price List mirror)
2026-08-31,AWS,ca-central-1,g6f.xlarge,L4,0.125,spot,0.2637,2.1096,instances.vantage.sh (AWS Price List mirror)
2026-08-31,AWS,ca-central-1,gr6.4xlarge,L4,1.0,ondemand,1.709,1.709,instances.vantage.sh (AWS Price List mirror)
2026-08-31,AWS,ca-central-1,gr6.4xlarge,L4,1.0,spot,0.5656,0.5656,instances.vantage.sh (AWS Price List mirror)
2026-08-31,AWS,ca-central-1,gr6.8xlarge,L4,1.0,ondemand,2.71628,2.71628,instances.vantage.sh (AWS Price List mirror)
2026-08-31,AWS,ca-central-1,gr6.8xlarge,L4,1.0,spot,0.88135,0.88135,instances.vantage.sh (AWS Price List mirror)
2026-08-31,AWS,ca-central-1,gr6f.4xlarge,L4,0.5,ondemand,1.1836,2.3672,instances.vantage.sh (AWS Price List mirror)
2026-08-31,AWS,ca-central-1,gr6f.4xlarge,L4,0.5,spot,1.17855,2.3571,instances.vantage.sh (AWS Price List mirror)
2026-08-31,AWS,ca-central-1,p3.16xlarge,V100,8.0,ondemand,26.928,3.366,instances.vantage.sh (AWS Price List mirror)
2026-08-31,AWS,ca-central-1,p3.16xlarge,V100,8.0,spot,11.84832,1.48104,instances.vantage.sh (AWS Price List mirror)
2026-08-31,AWS,ca-central-1,p3.2xlarge,V100,1.0,ondemand,3.366,3.366,instances.vantage.sh (AWS Price List mirror)
2026-08-31,AWS,ca-central-1,p3.2xlarge,V100,1.0,spot,0.74052,0.74052,instances.vantage.sh (AWS Price List mirror)
2026-08-31,AWS,ca-central-1,p3.8xlarge,V100,4.0,ondemand,13.464,3.366,instances.vantage.sh (AWS Price List mirror)
2026-08-31,AWS,ca-central-1,p3.8xlarge,V100,4.0,spot,7.13592,1.78398,instances.vantage.sh (AWS Price List mirror)
2026-08-31,AWS,ca-central-1,p4d.24xlarge,A100,8.0,ondemand,25.25174,3.1564675,instances.vantage.sh (AWS Price List mirror)
2026-08-31,AWS,ca-central-1,p4d.24xlarge,A100,8.0,spot,25.15415,3.14426875,instances.vantage.sh (AWS Price List mirror)
2026-08-31,AWS,ca-central-1,p5.48xlarge,H100,8.0,ondemand,63.296,7.912,instances.vantage.sh (AWS Price List mirror)
2026-08-31,AWS,ca-central-1,p5.48xlarge,H100,8.0,spot,26.3386,3.292325,instances.vantage.sh (AWS Price List mirror)
2026-08-31,AWS,ca-central-1-wl1-yto1,g4dn.2xlarge,T4,1.0,ondemand,1.252,1.252,instances.vantage.sh (AWS Price List mirror)
2026-08-31,AWS,eu-central-1,dl2q.24xlarge,Qualcomm AI 100 Accelerators,8.0,ondemand,11.5952,1.4494,instances.vantage.sh (AWS Price List mirror)
2026-08-31,AWS,eu-central-1,dl2q.24xlarge,Qualcomm AI 100 Accelerators,8.0,spot,2.7539,0.3442375,instances.vantage.sh (AWS Price List mirror)
2026-08-31,AWS,eu-central-1,g2.2xlarge,K520,1.0,ondemand,0.772,0.772,instances.vantage.sh (AWS Price List mirror)
2026-08-31,AWS,eu-central-1,g2.8xlarge,K520,4.0,ondemand,3.088,0.772,instances.vantage.sh (AWS Price List mirror)
2026-08-31,AWS,eu-central-1,g3.16xlarge,M60,4.0,ondemand,5.7,1.425,instances.vantage.sh (AWS Price List mirror)
2026-08-31,AWS,eu-central-1,g3.4xlarge,M60,1.0,ondemand,1.425,1.425,instances.vantage.sh (AWS Price List mirror)
2026-08-31,AWS,eu-central-1,g3.8xlarge,M60,2.0,ondemand,2.85,1.425,instances.vantage.sh (AWS Price List mirror)
2026-08-31,AWS,eu-central-1,g3s.xlarge,M60,1.0,ondemand,0.938,0.938,instances.vantage.sh (AWS Price List mirror)
2026-08-31,AWS,eu-central-1,g4ad.16xlarge,V520,4.0,ondemand,4.336,1.084,instances.vantage.sh (AWS Price List mirror)
2026-08-31,AWS,eu-central-1,g4ad.16xlarge,V520,4.0,spot,1.4038,0.35095,instances.vantage.sh (AWS Price List mirror)
2026-08-31,AWS,eu-central-1,g4ad.2xlarge,V520,1.0,ondemand,0.67662,0.67662,instances.vantage.sh (AWS Price List mirror)
2026-08-31,AWS,eu-central-1,g4ad.2xlarge,V520,1.0,spot,0.2584,0.2584,instances.vantage.sh (AWS Price List mirror)
2026-08-31,AWS,eu-central-1,g4ad.4xlarge,V520,1.0,ondemand,1.084,1.084,instances.vantage.sh (AWS Price List mirror)
2026-08-31,AWS,eu-central-1,g4ad.4xlarge,V520,1.0,spot,0.5001,0.5001,instances.vantage.sh (AWS Price List mirror)
2026-08-31,AWS,eu-central-1,g4ad.8xlarge,V520,2.0,ondemand,2.168,1.084,instances.vantage.sh (AWS Price List mirror)
2026-08-31,AWS,eu-central-1,g4ad.8xlarge,V520,2.0,spot,0.9613,0.48065,instances.vantage.sh (AWS Price List mirror)
2026-08-31,AWS,eu-central-1,g4ad.xlarge,V520,1.0,ondemand,0.47327,0.47327,instances.vantage.sh (AWS Price List mirror)
2026-08-31,AWS,eu-central-1,g4ad.xlarge,V520,1.0,spot,0.123,0.123,instances.vantage.sh (AWS Price List mirror)
2026-08-31,AWS,eu-central-1,g4dn.12xlarge,T4,4.0,ondemand,4.89,1.2225,instances.vantage.sh (AWS Price List mirror)
2026-08-31,AWS,eu-central-1,g4dn.12xlarge,T4,4.0,spot,1.940833,0.48520825,instances.vantage.sh (AWS Price List mirror)
2026-08-31,AWS,eu-central-1,g4dn.16xlarge,T4,1.0,ondemand,5.44,5.44,instances.vantage.sh (AWS Price List mirror)
2026-08-31,AWS,eu-central-1,g4dn.16xlarge,T4,1.0,spot,1.8707,1.8707,instances.vantage.sh (AWS Price List mirror)
2026-08-31,AWS,eu-central-1,g4dn.2xlarge,T4,1.0,ondemand,0.94,0.94,instances.vantage.sh (AWS Price List mirror)
2026-08-31,AWS,eu-central-1,g4dn.2xlarge,T4,1.0,spot,0.439233,0.439233,instances.vantage.sh (AWS Price List mirror)
2026-08-31,AWS,eu-central-1,g4dn.4xlarge,T4,1.0,ondemand,1.505,1.505,instances.vantage.sh (AWS Price List mirror)
2026-08-31,AWS,eu-central-1,g4dn.4xlarge,T4,1.0,spot,0.597967,0.597967,instances.vantage.sh (AWS Price List mirror)
2026-08-31,AWS,eu-central-1,g4dn.8xlarge,T4,1.0,ondemand,2.72,2.72,instances.vantage.sh (AWS Price List mirror)
2026-08-31,AWS,eu-central-1,g4dn.8xlarge,T4,1.0,spot,1.085633,1.085633,instances.vantage.sh (AWS Price List mirror)
2026-08-31,AWS,eu-central-1,g4dn.metal,T4,8.0,ondemand,9.78,1.2225,instances.vantage.sh (AWS Price List mirror)
2026-08-31,AWS,eu-central-1,g4dn.metal,T4,8.0,spot,4.5424,0.5678,instances.vantage.sh (AWS Price List mirror)
2026-08-31,AWS,eu-central-1,g4dn.xlarge,T4,1.0,ondemand,0.658,0.658,instances.vantage.sh (AWS Price List mirror)
2026-08-31,AWS,eu-central-1,g4dn.xlarge,T4,1.0,spot,0.309333,0.309333,instances.vantage.sh (AWS Price List mirror)
2026-08-31,AWS,eu-central-1,g5.12xlarge,A10G,4.0,ondemand,7.09282,1.773205,instances.vantage.sh (AWS Price List mirror)
2026-08-31,AWS,eu-central-1,g5.12xlarge,A10G,4.0,spot,3.387033,0.84675825,instances.vantage.sh (AWS Price List mirror)
2026-08-31,AWS,eu-central-1,g5.16xlarge,A10G,1.0,ondemand,5.12204,5.12204,instances.vantage.sh (AWS Price List mirror)
2026-08-31,AWS,eu-central-1,g5.16xlarge,A10G,1.0,spot,1.914033,1.914033,instances.vantage.sh (AWS Price List mirror)
2026-08-31,AWS,eu-central-1,g5.24xlarge,A10G,4.0,ondemand,10.18405,2.5460125,instances.vantage.sh (AWS Price List mirror)
2026-08-31,AWS,eu-central-1,g5.24xlarge,A10G,4.0,spot,6.180533,1.54513325,instances.vantage.sh (AWS Price List mirror)
2026-08-31,AWS,eu-central-1,g5.2xlarge,A10G,1.0,ondemand,1.5156,1.5156,instances.vantage.sh (AWS Price List mirror)
2026-08-31,AWS,eu-central-1,g5.2xlarge,A10G,1.0,spot,0.795667,0.795667,instances.vantage.sh (AWS Price List mirror)
2026-08-31,AWS,eu-central-1,g5.48xlarge,A10G,8.0,ondemand,20.3681,2.5460125,instances.vantage.sh (AWS Price List mirror)
2026-08-31,AWS,eu-central-1,g5.48xlarge,A10G,8.0,spot,20.3681,2.5460125,instances.vantage.sh (AWS Price List mirror)
2026-08-31,AWS,eu-central-1,g5.4xlarge,A10G,1.0,ondemand,2.03081,2.03081,instances.vantage.sh (AWS Price List mirror)
2026-08-31,AWS,eu-central-1,g5.4xlarge,A10G,1.0,spot,1.172533,1.172533,instances.vantage.sh (AWS Price List mirror)
2026-08-31,AWS,eu-central-1,g5.8xlarge,A10G,1.0,ondemand,3.06122,3.06122,instances.vantage.sh (AWS Price List mirror)
2026-08-31,AWS,eu-central-1,g5.8xlarge,A10G,1.0,spot,0.9705,0.9705,instances.vantage.sh (AWS Price List mirror)
2026-08-31,AWS,eu-central-1,g5.xlarge,A10G,1.0,ondemand,1.258,1.258,instances.vantage.sh (AWS Price List mirror)
2026-08-31,AWS,eu-central-1,g5.xlarge,A10G,1.0,spot,0.5711,0.5711,instances.vantage.sh (AWS Price List mirror)
2026-08-31,AWS,eu-central-1,g5g.16xlarge,T4G,2.0,ondemand,3.4326,1.7163,instances.vantage.sh (AWS Price List mirror)
2026-08-31,AWS,eu-central-1,g5g.16xlarge,T4G,2.0,spot,0.8938,0.4469,instances.vantage.sh (AWS Price List mirror)
2026-08-31,AWS,eu-central-1,g5g.2xlarge,T4G,1.0,ondemand,0.6955,0.6955,instances.vantage.sh (AWS Price List mirror)
2026-08-31,AWS,eu-central-1,g5g.2xlarge,T4G,1.0,spot,0.245,0.245,instances.vantage.sh (AWS Price List mirror)
2026-08-31,AWS,eu-central-1,g5g.4xlarge,T4G,1.0,ondemand,1.0358,1.0358,instances.vantage.sh (AWS Price List mirror)
2026-08-31,AWS,eu-central-1,g5g.4xlarge,T4G,1.0,spot,0.3749,0.3749,instances.vantage.sh (AWS Price List mirror)
2026-08-31,AWS,eu-central-1,g5g.8xlarge,T4G,1.0,ondemand,1.7163,1.7163,instances.vantage.sh (AWS Price List mirror)
2026-08-31,AWS,eu-central-1,g5g.8xlarge,T4G,1.0,spot,0.5607,0.5607,instances.vantage.sh (AWS Price List mirror)
2026-08-31,AWS,eu-central-1,g5g.metal,T4G,2.0,ondemand,3.4326,1.7163,instances.vantage.sh (AWS Price List mirror)
2026-08-31,AWS,eu-central-1,g5g.metal,T4G,2.0,spot,0.4448,0.2224,instances.vantage.sh (AWS Price List mirror)
2026-08-31,AWS,eu-central-1,g5g.xlarge,T4G,1.0,ondemand,0.5254,0.5254,instances.vantage.sh (AWS Price List mirror)
2026-08-31,AWS,eu-central-1,g5g.xlarge,T4G,1.0,spot,0.1094,0.1094,instances.vantage.sh (AWS Price List mirror)
2026-08-31,AWS,eu-central-1,g6.12xlarge,L4,4.0,ondemand,5.75429,1.4385725,instances.vantage.sh (AWS Price List mirror)
2026-08-31,AWS,eu-central-1,g6.12xlarge,L4,4.0,spot,2.5024,0.6256,instances.vantage.sh (AWS Price List mirror)
2026-08-31,AWS,eu-central-1,g6.16xlarge,L4,1.0,ondemand,4.24769,4.24769,instances.vantage.sh (AWS Price List mirror)
2026-08-31,AWS,eu-central-1,g6.16xlarge,L4,1.0,spot,1.368833,1.368833,instances.vantage.sh (AWS Price List mirror)
2026-08-31,AWS,eu-central-1,g6.24xlarge,L4,4.0,ondemand,8.34732,2.08683,instances.vantage.sh (AWS Price List mirror)
2026-08-31,AWS,eu-central-1,g6.24xlarge,L4,4.0,spot,3.076933,0.76923325,instances.vantage.sh (AWS Price List mirror)
2026-08-31,AWS,eu-central-1,g6.2xlarge,L4,1.0,ondemand,1.22249,1.22249,instances.vantage.sh (AWS Price List mirror)
2026-08-31,AWS,eu-central-1,g6.2xlarge,L4,1.0,spot,0.530533,0.530533,instances.vantage.sh (AWS Price List mirror)
2026-08-31,AWS,eu-central-1,g6.48xlarge,L4,8.0,ondemand,16.69464,2.08683,instances.vantage.sh (AWS Price List mirror)
2026-08-31,AWS,eu-central-1,g6.48xlarge,L4,8.0,spot,6.351733,0.793966625,instances.vantage.sh (AWS Price List mirror)
2026-08-31,AWS,eu-central-1,g6.4xlarge,L4,1.0,ondemand,1.65466,1.65466,instances.vantage.sh (AWS Price List mirror)
2026-08-31,AWS,eu-central-1,g6.4xlarge,L4,1.0,spot,0.658367,0.658367,instances.vantage.sh (AWS Price List mirror)
2026-08-31,AWS,eu-central-1,g6.8xlarge,L4,1.0,ondemand,2.519,2.519,instances.vantage.sh (AWS Price List mirror)
2026-08-31,AWS,eu-central-1,g6.8xlarge,L4,1.0,spot,0.900733,0.900733,instances.vantage.sh (AWS Price List mirror)
2026-08-31,AWS,eu-central-1,g6.xlarge,L4,1.0,ondemand,1.0064,1.0064,instances.vantage.sh (AWS Price List mirror)
2026-08-31,AWS,eu-central-1,g6.xlarge,L4,1.0,spot,0.478233,0.478233,instances.vantage.sh (AWS Price List mirror)
2026-08-31,AWS,eu-central-1,g6e.12xlarge,L40S,4.0,ondemand,13.12002,3.280005,instances.vantage.sh (AWS Price List mirror)
2026-08-31,AWS,eu-central-1,g6e.12xlarge,L40S,4.0,spot,7.3912,1.8478,instances.vantage.sh (AWS Price List mirror)
2026-08-31,AWS,eu-central-1,g6e.16xlarge,L40S,1.0,ondemand,9.47454,9.47454,instances.vantage.sh (AWS Price List mirror)
2026-08-31,AWS,eu-central-1,g6e.16xlarge,L40S,1.0,spot,2.887567,2.887567,instances.vantage.sh (AWS Price List mirror)
2026-08-31,AWS,eu-central-1,g6e.24xlarge,L40S,4.0,ondemand,18.83806,4.709515,instances.vantage.sh (AWS Price List mirror)
2026-08-31,AWS,eu-central-1,g6e.24xlarge,L40S,4.0,spot,14.410867,3.60271675,instances.vantage.sh (AWS Price List mirror)
2026-08-31,AWS,eu-central-1,g6e.2xlarge,L40S,1.0,ondemand,2.8035,2.8035,instances.vantage.sh (AWS Price List mirror)
2026-08-31,AWS,eu-central-1,g6e.2xlarge,L40S,1.0,spot,2.512933,2.512933,instances.vantage.sh (AWS Price List mirror)
2026-08-31,AWS,eu-central-1,g6e.48xlarge,L40S,8.0,ondemand,37.67612,4.709515,instances.vantage.sh (AWS Price List mirror)
2026-08-31,AWS,eu-central-1,g6e.48xlarge,L40S,8.0,spot,37.6761,4.7095125,instances.vantage.sh (AWS Price List mirror)
2026-08-31,AWS,eu-central-1,g6e.4xlarge,L40S,1.0,ondemand,3.75651,3.75651,instances.vantage.sh (AWS Price List mirror)
2026-08-31,AWS,eu-central-1,g6e.4xlarge,L40S,1.0,spot,1.118567,1.118567,instances.vantage.sh (AWS Price List mirror)
2026-08-31,AWS,eu-central-1,g6e.8xlarge,L40S,1.0,ondemand,5.66252,5.66252,instances.vantage.sh (AWS Price List mirror)
2026-08-31,AWS,eu-central-1,g6e.8xlarge,L40S,1.0,spot,3.347667,3.347667,instances.vantage.sh (AWS Price List mirror)
2026-08-31,AWS,eu-central-1,g6e.xlarge,L40S,1.0,ondemand,2.327,2.327,instances.vantage.sh (AWS Price List mirror)
2026-08-31,AWS,eu-central-1,g6e.xlarge,L40S,1.0,spot,2.070033,2.070033,instances.vantage.sh (AWS Price List mirror)
2026-08-31,AWS,eu-central-1,g6f.2xlarge,L4,0.25,ondemand,0.594,2.376,instances.vantage.sh (AWS Price List mirror)
2026-08-31,AWS,eu-central-1,g6f.2xlarge,L4,0.25,spot,0.2127,0.8508,instances.vantage.sh (AWS Price List mirror)
2026-08-31,AWS,eu-central-1,g6f.4xlarge,L4,0.5,ondemand,1.188,2.376,instances.vantage.sh (AWS Price List mirror)
2026-08-31,AWS,eu-central-1,g6f.4xlarge,L4,0.5,spot,0.44915,0.8983,instances.vantage.sh (AWS Price List mirror)
2026-08-31,AWS,eu-central-1,g6f.large,L4,0.125,ondemand,0.25261,2.02088,instances.vantage.sh (AWS Price List mirror)
2026-08-31,AWS,eu-central-1,g6f.large,L4,0.125,spot,0.0831,0.6648,instances.vantage.sh (AWS Price List mirror)
2026-08-31,AWS,eu-central-1,g6f.xlarge,L4,0.125,ondemand,0.297,2.376,instances.vantage.sh (AWS Price List mirror)
2026-08-31,AWS,eu-central-1,g6f.xlarge,L4,0.125,spot,0.1199,0.9592,instances.vantage.sh (AWS Price List mirror)
2026-08-31,AWS,eu-central-1,g7e.12xlarge,NVIDIA RTX PRO 6000 Blackwell,2.0,ondemand,14.09088,7.04544,instances.vantage.sh (AWS Price List mirror)
2026-08-31,AWS,eu-central-1,g7e.12xlarge,NVIDIA RTX PRO 6000 Blackwell,2.0,spot,5.6922,2.8461,instances.vantage.sh (AWS Price List mirror)
2026-08-31,AWS,eu-central-1,g7e.24xlarge,NVIDIA RTX PRO 6000 Blackwell,4.0,ondemand,28.18177,7.0454425,instances.vantage.sh (AWS Price List mirror)
2026-08-31,AWS,eu-central-1,g7e.24xlarge,NVIDIA RTX PRO 6000 Blackwell,4.0,spot,10.35495,2.5887375,instances.vantage.sh (AWS Price List mirror)
2026-08-31,AWS,eu-central-1,g7e.2xlarge,NVIDIA RTX PRO 6000 Blackwell,1.0,ondemand,5.71915,5.71915,instances.vantage.sh (AWS Price List mirror)
2026-08-31,AWS,eu-central-1,g7e.2xlarge,NVIDIA RTX PRO 6000 Blackwell,1.0,spot,1.93365,1.93365,instances.vantage.sh (AWS Price List mirror)
2026-08-31,AWS,eu-central-1,g7e.48xlarge,NVIDIA RTX PRO 6000 Blackwell,8.0,ondemand,56.36354,7.0454425,instances.vantage.sh (AWS Price List mirror)
2026-08-31,AWS,eu-central-1,g7e.48xlarge,NVIDIA RTX PRO 6000 Blackwell,8.0,spot,22.14095,2.76761875,instances.vantage.sh (AWS Price List mirror)
2026-08-31,AWS,eu-central-1,g7e.4xlarge,NVIDIA RTX PRO 6000 Blackwell,1.0,ondemand,6.79907,6.79907,instances.vantage.sh (AWS Price List mirror)
2026-08-31,AWS,eu-central-1,g7e.4xlarge,NVIDIA RTX PRO 6000 Blackwell,1.0,spot,2.4741,2.4741,instances.vantage.sh (AWS Price List mirror)
2026-08-31,AWS,eu-central-1,g7e.8xlarge,NVIDIA RTX PRO 6000 Blackwell,1.0,ondemand,8.9589,8.9589,instances.vantage.sh (AWS Price List mirror)
2026-08-31,AWS,eu-central-1,g7e.8xlarge,NVIDIA RTX PRO 6000 Blackwell,1.0,spot,2.73015,2.73015,instances.vantage.sh (AWS Price List mirror)
2026-08-31,AWS,eu-central-1,gr6.4xlarge,L4,1.0,ondemand,1.9248,1.9248,instances.vantage.sh (AWS Price List mirror)
2026-08-31,AWS,eu-central-1,gr6.4xlarge,L4,1.0,spot,0.7128,0.7128,instances.vantage.sh (AWS Price List mirror)
2026-08-31,AWS,eu-central-1,gr6.8xlarge,L4,1.0,ondemand,3.05927,3.05927,instances.vantage.sh (AWS Price List mirror)
2026-08-31,AWS,eu-central-1,gr6.8xlarge,L4,1.0,spot,0.8844,0.8844,instances.vantage.sh (AWS Price List mirror)
2026-08-31,AWS,eu-central-1,gr6f.4xlarge,L4,0.5,ondemand,1.33305,2.6661,instances.vantage.sh (AWS Price List mirror)
2026-08-31,AWS,eu-central-1,gr6f.4xlarge,L4,0.5,spot,0.5287,1.0574,instances.vantage.sh (AWS Price List mirror)
2026-08-31,AWS,eu-central-1,p2.16xlarge,K80,16.0,ondemand,21.216,1.326,instances.vantage.sh (AWS Price List mirror)
2026-08-31,AWS,eu-central-1,p2.8xlarge,K80,8.0,ondemand,10.608,1.326,instances.vantage.sh (AWS Price List mirror)
2026-08-31,AWS,eu-central-1,p2.xlarge,K80,1.0,ondemand,1.326,1.326,instances.vantage.sh (AWS Price List mirror)
2026-08-31,AWS,eu-central-1,p3.16xlarge,V100,8.0,ondemand,30.584,3.823,instances.vantage.sh (AWS Price List mirror)
2026-08-31,AWS,eu-central-1,p3.16xlarge,V100,8.0,spot,20.49128,2.56141,instances.vantage.sh (AWS Price List mirror)
2026-08-31,AWS,eu-central-1,p3.2xlarge,V100,1.0,ondemand,3.823,3.823,instances.vantage.sh (AWS Price List mirror)
2026-08-31,AWS,eu-central-1,p3.2xlarge,V100,1.0,spot,0.95575,0.95575,instances.vantage.sh (AWS Price List mirror)
2026-08-31,AWS,eu-central-1,p3.8xlarge,V100,4.0,ondemand,15.292,3.823,instances.vantage.sh (AWS Price List mirror)
2026-08-31,AWS,eu-central-1,p3.8xlarge,V100,4.0,spot,11.31608,2.82902,instances.vantage.sh (AWS Price List mirror)
2026-08-31,AWS,eu-central-1,p4d.24xlarge,A100,8.0,ondemand,27.43298,3.4291225,instances.vantage.sh (AWS Price List mirror)
2026-08-31,AWS,eu-central-1,p4d.24xlarge,A100,8.0,spot,21.671967,2.708995875,instances.vantage.sh (AWS Price List mirror)
2026-08-31,AWS,eu-central-1,p4de.24xlarge,A100,8.0,ondemand,34.29122,4.2864025,instances.vantage.sh (AWS Price List mirror)
2026-08-31,AWS,eu-central-1,p4de.24xlarge,A100,8.0,spot,29.91115,3.73889375,instances.vantage.sh (AWS Price List mirror)
2026-08-31,AWS,eu-central-1-ham-1,g4dn.2xlarge,T4,1.0,ondemand,1.363,1.363,instances.vantage.sh (AWS Price List mirror)
2026-08-31,AWS,eu-central-1-waw-1,g4dn.2xlarge,T4,1.0,ondemand,1.175,1.175,instances.vantage.sh (AWS Price List mirror)
2026-08-31,AWS,eu-central-1-wl1-ber1,g4dn.2xlarge,T4,1.0,ondemand,1.222,1.222,instances.vantage.sh (AWS Price List mirror)
2026-08-31,AWS,eu-central-1-wl1-dtm1,g4dn.2xlarge,T4,1.0,ondemand,1.222,1.222,instances.vantage.sh (AWS Price List mirror)
2026-08-31,AWS,eu-central-1-wl1-muc1,g4dn.2xlarge,T4,1.0,ondemand,1.222,1.222,instances.vantage.sh (AWS Price List mirror)
2026-08-31,AWS,eu-central-2,g6.12xlarge,L4,4.0,ondemand,6.2037,1.550925,instances.vantage.sh (AWS Price List mirror)
2026-08-31,AWS,eu-central-2,g6.12xlarge,L4,4.0,spot,1.799073,0.44976825,instances.vantage.sh (AWS Price List mirror)
2026-08-31,AWS,eu-central-2,g6.16xlarge,L4,1.0,ondemand,4.57943,4.57943,instances.vantage.sh (AWS Price List mirror)
2026-08-31,AWS,eu-central-2,g6.16xlarge,L4,1.0,spot,0.870092,0.870092,instances.vantage.sh (AWS Price List mirror)
2026-08-31,AWS,eu-central-2,g6.24xlarge,L4,4.0,ondemand,8.99924,2.24981,instances.vantage.sh (AWS Price List mirror)
2026-08-31,AWS,eu-central-2,g6.24xlarge,L4,4.0,spot,1.88984,0.47246,instances.vantage.sh (AWS Price List mirror)
2026-08-31,AWS,eu-central-2,g6.2xlarge,L4,1.0,ondemand,1.31796,1.31796,instances.vantage.sh (AWS Price List mirror)
2026-08-31,AWS,eu-central-2,g6.2xlarge,L4,1.0,spot,0.382208,0.382208,instances.vantage.sh (AWS Price List mirror)
2026-08-31,AWS,eu-central-2,g6.48xlarge,L4,8.0,ondemand,17.99849,2.24981125,instances.vantage.sh (AWS Price List mirror)
2026-08-31,AWS,eu-central-2,g6.48xlarge,L4,8.0,spot,3.599698,0.44996225,instances.vantage.sh (AWS Price List mirror)
2026-08-31,AWS,eu-central-2,g6.4xlarge,L4,1.0,ondemand,1.78389,1.78389,instances.vantage.sh (AWS Price List mirror)
2026-08-31,AWS,eu-central-2,g6.4xlarge,L4,1.0,spot,0.48165,0.48165,instances.vantage.sh (AWS Price List mirror)
2026-08-31,AWS,eu-central-2,g6.8xlarge,L4,1.0,ondemand,2.71574,2.71574,instances.vantage.sh (AWS Price List mirror)
2026-08-31,AWS,eu-central-2,g6.8xlarge,L4,1.0,spot,0.570305,0.570305,instances.vantage.sh (AWS Price List mirror)
2026-08-31,AWS,eu-central-2,g6.xlarge,L4,1.0,ondemand,1.085,1.085,instances.vantage.sh (AWS Price List mirror)
2026-08-31,AWS,eu-central-2,g6.xlarge,L4,1.0,spot,0.22785,0.22785,instances.vantage.sh (AWS Price List mirror)
2026-08-31,AWS,eu-central-2,gr6.4xlarge,L4,1.0,ondemand,2.1649,2.1649,instances.vantage.sh (AWS Price List mirror)
2026-08-31,AWS,eu-central-2,gr6.4xlarge,L4,1.0,spot,0.454629,0.454629,instances.vantage.sh (AWS Price List mirror)
2026-08-31,AWS,eu-central-2,gr6.8xlarge,L4,1.0,ondemand,3.44089,3.44089,instances.vantage.sh (AWS Price List mirror)
2026-08-31,AWS,eu-central-2,gr6.8xlarge,L4,1.0,spot,0.722587,0.722587,instances.vantage.sh (AWS Price List mirror)
2026-08-31,AWS,eu-north-1,g4dn.12xlarge,T4,4.0,ondemand,4.15,1.0375,instances.vantage.sh (AWS Price List mirror)
2026-08-31,AWS,eu-north-1,g4dn.12xlarge,T4,4.0,spot,1.4699,0.367475,instances.vantage.sh (AWS Price List mirror)
2026-08-31,AWS,eu-north-1,g4dn.16xlarge,T4,1.0,ondemand,4.617,4.617,instances.vantage.sh (AWS Price List mirror)
2026-08-31,AWS,eu-north-1,g4dn.16xlarge,T4,1.0,spot,0.624367,0.624367,instances.vantage.sh (AWS Price List mirror)
2026-08-31,AWS,eu-north-1,g4dn.2xlarge,T4,1.0,ondemand,0.798,0.798,instances.vantage.sh (AWS Price List mirror)
2026-08-31,AWS,eu-north-1,g4dn.2xlarge,T4,1.0,spot,0.1516,0.1516,instances.vantage.sh (AWS Price List mirror)
2026-08-31,AWS,eu-north-1,g4dn.4xlarge,T4,1.0,ondemand,1.277,1.277,instances.vantage.sh (AWS Price List mirror)
2026-08-31,AWS,eu-north-1,g4dn.4xlarge,T4,1.0,spot,0.328467,0.328467,instances.vantage.sh (AWS Price List mirror)
2026-08-31,AWS,eu-north-1,g4dn.8xlarge,T4,1.0,ondemand,2.308,2.308,instances.vantage.sh (AWS Price List mirror)
2026-08-31,AWS,eu-north-1,g4dn.8xlarge,T4,1.0,spot,0.3735,0.3735,instances.vantage.sh (AWS Price List mirror)
2026-08-31,AWS,eu-north-1,g4dn.metal,T4,8.0,ondemand,8.3,1.0375,instances.vantage.sh (AWS Price List mirror)
2026-08-31,AWS,eu-north-1,g4dn.metal,T4,8.0,spot,2.3635,0.2954375,instances.vantage.sh (AWS Price List mirror)
2026-08-31,AWS,eu-north-1,g4dn.xlarge,T4,1.0,ondemand,0.558,0.558,instances.vantage.sh (AWS Price List mirror)
2026-08-31,AWS,eu-north-1,g4dn.xlarge,T4,1.0,spot,0.1398,0.1398,instances.vantage.sh (AWS Price List mirror)
2026-08-31,AWS,eu-north-1,g5.12xlarge,A10G,4.0,ondemand,6.01593,1.5039825,instances.vantage.sh (AWS Price List mirror)
2026-08-31,AWS,eu-north-1,g5.12xlarge,A10G,4.0,spot,1.79545,0.4488625,instances.vantage.sh (AWS Price List mirror)
2026-08-31,AWS,eu-north-1,g5.16xlarge,A10G,1.0,ondemand,4.34437,4.34437,instances.vantage.sh (AWS Price List mirror)
2026-08-31,AWS,eu-north-1,g5.16xlarge,A10G,1.0,spot,0.8282,0.8282,instances.vantage.sh (AWS Price List mirror)
2026-08-31,AWS,eu-north-1,g5.24xlarge,A10G,4.0,ondemand,8.63782,2.159455,instances.vantage.sh (AWS Price List mirror)
2026-08-31,AWS,eu-north-1,g5.24xlarge,A10G,4.0,spot,2.2543,0.563575,instances.vantage.sh (AWS Price List mirror)
2026-08-31,AWS,eu-north-1,g5.2xlarge,A10G,1.0,ondemand,1.28549,1.28549,instances.vantage.sh (AWS Price List mirror)
2026-08-31,AWS,eu-north-1,g5.2xlarge,A10G,1.0,spot,0.3557,0.3557,instances.vantage.sh (AWS Price List mirror)
2026-08-31,AWS,eu-north-1,g5.48xlarge,A10G,8.0,ondemand,17.27564,2.159455,instances.vantage.sh (AWS Price List mirror)
2026-08-31,AWS,eu-north-1,g5.48xlarge,A10G,8.0,spot,4.87585,0.60948125,instances.vantage.sh (AWS Price List mirror)
2026-08-31,AWS,eu-north-1,g5.4xlarge,A10G,1.0,ondemand,1.72247,1.72247,instances.vantage.sh (AWS Price List mirror)
2026-08-31,AWS,eu-north-1,g5.4xlarge,A10G,1.0,spot,0.41185,0.41185,instances.vantage.sh (AWS Price List mirror)
2026-08-31,AWS,eu-north-1,g5.8xlarge,A10G,1.0,ondemand,2.59644,2.59644,instances.vantage.sh (AWS Price List mirror)
2026-08-31,AWS,eu-north-1,g5.8xlarge,A10G,1.0,spot,0.65855,0.65855,instances.vantage.sh (AWS Price List mirror)
2026-08-31,AWS,eu-north-1,g5.xlarge,A10G,1.0,ondemand,1.067,1.067,instances.vantage.sh (AWS Price List mirror)
2026-08-31,AWS,eu-north-1,g5.xlarge,A10G,1.0,spot,0.31235,0.31235,instances.vantage.sh (AWS Price List mirror)
2026-08-31,AWS,eu-north-1,g6.12xlarge,L4,4.0,ondemand,4.88062,1.220155,instances.vantage.sh (AWS Price List mirror)
2026-08-31,AWS,eu-north-1,g6.12xlarge,L4,4.0,spot,1.13785,0.2844625,instances.vantage.sh (AWS Price List mirror)
2026-08-31,AWS,eu-north-1,g6.16xlarge,L4,1.0,ondemand,3.60277,3.60277,instances.vantage.sh (AWS Price List mirror)
2026-08-31,AWS,eu-north-1,g6.16xlarge,L4,1.0,spot,0.8269,0.8269,instances.vantage.sh (AWS Price List mirror)
2026-08-31,AWS,eu-north-1,g6.24xlarge,L4,4.0,ondemand,7.07996,1.76999,instances.vantage.sh (AWS Price List mirror)
2026-08-31,AWS,eu-north-1,g6.24xlarge,L4,4.0,spot,1.62335,0.4058375,instances.vantage.sh (AWS Price List mirror)
2026-08-31,AWS,eu-north-1,g6.2xlarge,L4,1.0,ondemand,1.03688,1.03688,instances.vantage.sh (AWS Price List mirror)
2026-08-31,AWS,eu-north-1,g6.2xlarge,L4,1.0,spot,0.2023,0.2023,instances.vantage.sh (AWS Price List mirror)
2026-08-31,AWS,eu-north-1,g6.48xlarge,L4,8.0,ondemand,14.15992,1.76999,instances.vantage.sh (AWS Price List mirror)
2026-08-31,AWS,eu-north-1,g6.48xlarge,L4,8.0,spot,2.1044,0.26305,instances.vantage.sh (AWS Price List mirror)
2026-08-31,AWS,eu-north-1,g6.4xlarge,L4,1.0,ondemand,1.40343,1.40343,instances.vantage.sh (AWS Price List mirror)
2026-08-31,AWS,eu-north-1,g6.4xlarge,L4,1.0,spot,0.24865,0.24865,instances.vantage.sh (AWS Price List mirror)
2026-08-31,AWS,eu-north-1,g6.8xlarge,L4,1.0,ondemand,2.13655,2.13655,instances.vantage.sh (AWS Price List mirror)
2026-08-31,AWS,eu-north-1,g6.8xlarge,L4,1.0,spot,0.5637,0.5637,instances.vantage.sh (AWS Price List mirror)
2026-08-31,AWS,eu-north-1,g6.xlarge,L4,1.0,ondemand,0.8536,0.8536,instances.vantage.sh (AWS Price List mirror)
2026-08-31,AWS,eu-north-1,g6.xlarge,L4,1.0,spot,0.21465,0.21465,instances.vantage.sh (AWS Price List mirror)
2026-08-31,AWS,eu-north-1,g6e.12xlarge,L40S,4.0,ondemand,11.12975,2.7824375,instances.vantage.sh (AWS Price List mirror)
2026-08-31,AWS,eu-north-1,g6e.12xlarge,L40S,4.0,spot,6.73705,1.6842625,instances.vantage.sh (AWS Price List mirror)
2026-08-31,AWS,eu-north-1,g6e.16xlarge,L40S,1.0,ondemand,8.03728,8.03728,instances.vantage.sh (AWS Price List mirror)
2026-08-31,AWS,eu-north-1,g6e.16xlarge,L40S,1.0,spot,2.8276,2.8276,instances.vantage.sh (AWS Price List mirror)
2026-08-31,AWS,eu-north-1,g6e.24xlarge,L40S,4.0,ondemand,15.98037,3.9950925,instances.vantage.sh (AWS Price List mirror)
2026-08-31,AWS,eu-north-1,g6e.24xlarge,L40S,4.0,spot,9.5003,2.375075,instances.vantage.sh (AWS Price List mirror)
2026-08-31,AWS,eu-north-1,g6e.2xlarge,L40S,1.0,ondemand,2.37822,2.37822,instances.vantage.sh (AWS Price List mirror)
2026-08-31,AWS,eu-north-1,g6e.2xlarge,L40S,1.0,spot,0.88215,0.88215,instances.vantage.sh (AWS Price List mirror)
2026-08-31,AWS,eu-north-1,g6e.48xlarge,L40S,8.0,ondemand,31.96075,3.99509375,instances.vantage.sh (AWS Price List mirror)
2026-08-31,AWS,eu-north-1,g6e.48xlarge,L40S,8.0,spot,23.6182,2.952275,instances.vantage.sh (AWS Price List mirror)
2026-08-31,AWS,eu-north-1,g6e.4xlarge,L40S,1.0,ondemand,3.18666,3.18666,instances.vantage.sh (AWS Price List mirror)
2026-08-31,AWS,eu-north-1,g6e.4xlarge,L40S,1.0,spot,1.18195,1.18195,instances.vantage.sh (AWS Price List mirror)
2026-08-31,AWS,eu-north-1,g6e.8xlarge,L40S,1.0,ondemand,4.80353,4.80353,instances.vantage.sh (AWS Price List mirror)
2026-08-31,AWS,eu-north-1,g6e.8xlarge,L40S,1.0,spot,1.3414,1.3414,instances.vantage.sh (AWS Price List mirror)
2026-08-31,AWS,eu-north-1,g6e.xlarge,L40S,1.0,ondemand,1.974,1.974,instances.vantage.sh (AWS Price List mirror)
2026-08-31,AWS,eu-north-1,g6e.xlarge,L40S,1.0,spot,0.5924,0.5924,instances.vantage.sh (AWS Price List mirror)
2026-08-31,AWS,eu-north-1,g6f.2xlarge,L4,0.25,ondemand,0.50379,2.01516,instances.vantage.sh (AWS Price List mirror)
2026-08-31,AWS,eu-north-1,g6f.2xlarge,L4,0.25,spot,0.11345,0.4538,instances.vantage.sh (AWS Price List mirror)
2026-08-31,AWS,eu-north-1,g6f.4xlarge,L4,0.5,ondemand,1.00758,2.01516,instances.vantage.sh (AWS Price List mirror)
2026-08-31,AWS,eu-north-1,g6f.4xlarge,L4,0.5,spot,0.15965,0.3193,instances.vantage.sh (AWS Price List mirror)
2026-08-31,AWS,eu-north-1,g6f.large,L4,0.125,ondemand,0.21424,1.71392,instances.vantage.sh (AWS Price List mirror)
2026-08-31,AWS,eu-north-1,g6f.large,L4,0.125,spot,0.02155,0.1724,instances.vantage.sh (AWS Price List mirror)
2026-08-31,AWS,eu-north-1,g6f.xlarge,L4,0.125,ondemand,0.2519,2.0152,instances.vantage.sh (AWS Price List mirror)
2026-08-31,AWS,eu-north-1,g6f.xlarge,L4,0.125,spot,0.0532,0.4256,instances.vantage.sh (AWS Price List mirror)
2026-08-31,AWS,eu-north-1,g7e.12xlarge,NVIDIA RTX PRO 6000 Blackwell,2.0,ondemand,11.95333,5.976665,instances.vantage.sh (AWS Price List mirror)
2026-08-31,AWS,eu-north-1,g7e.12xlarge,NVIDIA RTX PRO 6000 Blackwell,2.0,spot,3.68325,1.841625,instances.vantage.sh (AWS Price List mirror)
2026-08-31,AWS,eu-north-1,g7e.24xlarge,NVIDIA RTX PRO 6000 Blackwell,4.0,ondemand,23.90667,5.9766675,instances.vantage.sh (AWS Price List mirror)
2026-08-31,AWS,eu-north-1,g7e.24xlarge,NVIDIA RTX PRO 6000 Blackwell,4.0,spot,13.6715,3.417875,instances.vantage.sh (AWS Price List mirror)
2026-08-31,AWS,eu-north-1,g7e.2xlarge,NVIDIA RTX PRO 6000 Blackwell,1.0,ondemand,4.85157,4.85157,instances.vantage.sh (AWS Price List mirror)
2026-08-31,AWS,eu-north-1,g7e.2xlarge,NVIDIA RTX PRO 6000 Blackwell,1.0,spot,1.6149,1.6149,instances.vantage.sh (AWS Price List mirror)
2026-08-31,AWS,eu-north-1,g7e.48xlarge,NVIDIA RTX PRO 6000 Blackwell,8.0,ondemand,47.81334,5.9766675,instances.vantage.sh (AWS Price List mirror)
2026-08-31,AWS,eu-north-1,g7e.48xlarge,NVIDIA RTX PRO 6000 Blackwell,8.0,spot,10.9707,1.3713375,instances.vantage.sh (AWS Price List mirror)
2026-08-31,AWS,eu-north-1,g7e.4xlarge,NVIDIA RTX PRO 6000 Blackwell,1.0,ondemand,5.76767,5.76767,instances.vantage.sh (AWS Price List mirror)
2026-08-31,AWS,eu-north-1,g7e.4xlarge,NVIDIA RTX PRO 6000 Blackwell,1.0,spot,3.27135,3.27135,instances.vantage.sh (AWS Price List mirror)
2026-08-31,AWS,eu-north-1,g7e.8xlarge,NVIDIA RTX PRO 6000 Blackwell,1.0,ondemand,7.59986,7.59986,instances.vantage.sh (AWS Price List mirror)
2026-08-31,AWS,eu-north-1,g7e.8xlarge,NVIDIA RTX PRO 6000 Blackwell,1.0,spot,2.08085,2.08085,instances.vantage.sh (AWS Price List mirror)
2026-08-31,AWS,eu-north-1,gr6.4xlarge,L4,1.0,ondemand,1.6326,1.6326,instances.vantage.sh (AWS Price List mirror)
2026-08-31,AWS,eu-north-1,gr6.4xlarge,L4,1.0,spot,0.23865,0.23865,instances.vantage.sh (AWS Price List mirror)
2026-08-31,AWS,eu-north-1,gr6.8xlarge,L4,1.0,ondemand,2.59485,2.59485,instances.vantage.sh (AWS Price List mirror)
2026-08-31,AWS,eu-north-1,gr6.8xlarge,L4,1.0,spot,0.466,0.466,instances.vantage.sh (AWS Price List mirror)
2026-08-31,AWS,eu-north-1,gr6f.4xlarge,L4,0.5,ondemand,1.13069,2.26138,instances.vantage.sh (AWS Price List mirror)
2026-08-31,AWS,eu-north-1,gr6f.4xlarge,L4,0.5,spot,0.233,0.466,instances.vantage.sh (AWS Price List mirror)
2026-08-31,AWS,eu-north-1,p4d.24xlarge,A100,8.0,ondemand,23.71569,2.96446125,instances.vantage.sh (AWS Price List mirror)
2026-08-31,AWS,eu-north-1,p4d.24xlarge,A100,8.0,spot,5.1431,0.6428875,instances.vantage.sh (AWS Price List mirror)
2026-08-31,AWS,eu-north-1,p5.48xlarge,H100,8.0,ondemand,58.8928,7.3616,instances.vantage.sh (AWS Price List mirror)
2026-08-31,AWS,eu-north-1,p5.48xlarge,H100,8.0,spot,28.2384,3.5298,instances.vantage.sh (AWS Price List mirror)
2026-08-31,AWS,eu-north-1,p5en.48xlarge,H200,8.0,ondemand,67.72672,8.46584,instances.vantage.sh (AWS Price List mirror)
2026-08-31,AWS,eu-north-1,p5en.48xlarge,H200,8.0,spot,62.0806,7.760075,instances.vantage.sh (AWS Price List mirror)
2026-08-31,AWS,eu-north-1-cph-1,g4dn.2xlarge,T4,1.0,ondemand,1.157,1.157,instances.vantage.sh (AWS Price List mirror)
2026-08-31,AWS,eu-north-1-hel-1,g4dn.2xlarge,T4,1.0,ondemand,0.997,0.997,instances.vantage.sh (AWS Price List mirror)
2026-08-31,AWS,eu-south-1,g4dn.12xlarge,T4,4.0,ondemand,4.58,1.145,instances.vantage.sh (AWS Price List mirror)
2026-08-31,AWS,eu-south-1,g4dn.12xlarge,T4,4.0,spot,2.1068,0.5267,instances.vantage.sh (AWS Price List mirror)
2026-08-31,AWS,eu-south-1,g4dn.16xlarge,T4,1.0,ondemand,5.095,5.095,instances.vantage.sh (AWS Price List mirror)
2026-08-31,AWS,eu-south-1,g4dn.16xlarge,T4,1.0,spot,0.5095,0.5095,instances.vantage.sh (AWS Price List mirror)
2026-08-31,AWS,eu-south-1,g4dn.2xlarge,T4,1.0,ondemand,0.88,0.88,instances.vantage.sh (AWS Price List mirror)
2026-08-31,AWS,eu-south-1,g4dn.2xlarge,T4,1.0,spot,0.1232,0.1232,instances.vantage.sh (AWS Price List mirror)
2026-08-31,AWS,eu-south-1,g4dn.4xlarge,T4,1.0,ondemand,1.41,1.41,instances.vantage.sh (AWS Price List mirror)
2026-08-31,AWS,eu-south-1,g4dn.4xlarge,T4,1.0,spot,0.3102,0.3102,instances.vantage.sh (AWS Price List mirror)
2026-08-31,AWS,eu-south-1,g4dn.8xlarge,T4,1.0,ondemand,2.547,2.547,instances.vantage.sh (AWS Price List mirror)
2026-08-31,AWS,eu-south-1,g4dn.8xlarge,T4,1.0,spot,0.2547,0.2547,instances.vantage.sh (AWS Price List mirror)
2026-08-31,AWS,eu-south-1,g4dn.metal,T4,8.0,ondemand,9.16,1.145,instances.vantage.sh (AWS Price List mirror)
2026-08-31,AWS,eu-south-1,g4dn.metal,T4,8.0,spot,2.8396,0.35495,instances.vantage.sh (AWS Price List mirror)
2026-08-31,AWS,eu-south-1,g4dn.xlarge,T4,1.0,ondemand,0.616,0.616,instances.vantage.sh (AWS Price List mirror)
2026-08-31,AWS,eu-south-1,g4dn.xlarge,T4,1.0,spot,0.08008,0.08008,instances.vantage.sh (AWS Price List mirror)
2026-08-31,AWS,eu-south-2,g5.12xlarge,A10G,4.0,ondemand,5.97646,1.494115,instances.vantage.sh (AWS Price List mirror)
2026-08-31,AWS,eu-south-2,g5.16xlarge,A10G,1.0,ondemand,4.31586,4.31586,instances.vantage.sh (AWS Price List mirror)
2026-08-31,AWS,eu-south-2,g5.24xlarge,A10G,4.0,ondemand,8.58115,2.1452875,instances.vantage.sh (AWS Price List mirror)
2026-08-31,AWS,eu-south-2,g5.2xlarge,A10G,1.0,ondemand,1.27706,1.27706,instances.vantage.sh (AWS Price List mirror)
2026-08-31,AWS,eu-south-2,g5.48xlarge,A10G,8.0,ondemand,17.16231,2.14528875,instances.vantage.sh (AWS Price List mirror)
2026-08-31,AWS,eu-south-2,g5.4xlarge,A10G,1.0,ondemand,1.71117,1.71117,instances.vantage.sh (AWS Price List mirror)
2026-08-31,AWS,eu-south-2,g5.8xlarge,A10G,1.0,ondemand,2.5794,2.5794,instances.vantage.sh (AWS Price List mirror)
2026-08-31,AWS,eu-south-2,g5.xlarge,A10G,1.0,ondemand,1.06,1.06,instances.vantage.sh (AWS Price List mirror)
2026-08-31,AWS,eu-south-2,g5g.16xlarge,T4G,2.0,ondemand,3.0622,1.5311,instances.vantage.sh (AWS Price List mirror)
2026-08-31,AWS,eu-south-2,g5g.16xlarge,T4G,2.0,spot,0.30622,0.15311,instances.vantage.sh (AWS Price List mirror)
2026-08-31,AWS,eu-south-2,g5g.2xlarge,T4G,1.0,ondemand,0.6205,0.6205,instances.vantage.sh (AWS Price List mirror)
2026-08-31,AWS,eu-south-2,g5g.2xlarge,T4G,1.0,spot,0.093075,0.093075,instances.vantage.sh (AWS Price List mirror)
2026-08-31,AWS,eu-south-2,g5g.4xlarge,T4G,1.0,ondemand,0.924,0.924,instances.vantage.sh (AWS Price List mirror)
2026-08-31,AWS,eu-south-2,g5g.4xlarge,T4G,1.0,spot,0.11088,0.11088,instances.vantage.sh (AWS Price List mirror)
2026-08-31,AWS,eu-south-2,g5g.8xlarge,T4G,1.0,ondemand,1.5311,1.5311,instances.vantage.sh (AWS Price List mirror)
2026-08-31,AWS,eu-south-2,g5g.8xlarge,T4G,1.0,spot,0.168421,0.168421,instances.vantage.sh (AWS Price List mirror)
2026-08-31,AWS,eu-south-2,g5g.metal,T4G,2.0,ondemand,3.0622,1.5311,instances.vantage.sh (AWS Price List mirror)
2026-08-31,AWS,eu-south-2,g5g.metal,T4G,2.0,spot,0.30622,0.15311,instances.vantage.sh (AWS Price List mirror)
2026-08-31,AWS,eu-south-2,g5g.xlarge,T4G,1.0,ondemand,0.4687,0.4687,instances.vantage.sh (AWS Price List mirror)
2026-08-31,AWS,eu-south-2,g5g.xlarge,T4G,1.0,spot,0.14061,0.14061,instances.vantage.sh (AWS Price List mirror)
2026-08-31,AWS,eu-south-2,g6.12xlarge,L4,4.0,ondemand,4.8486,1.21215,instances.vantage.sh (AWS Price List mirror)
2026-08-31,AWS,eu-south-2,g6.12xlarge,L4,4.0,spot,0.824262,0.2060655,instances.vantage.sh (AWS Price List mirror)
2026-08-31,AWS,eu-south-2,g6.16xlarge,L4,1.0,ondemand,3.57913,3.57913,instances.vantage.sh (AWS Price List mirror)
2026-08-31,AWS,eu-south-2,g6.16xlarge,L4,1.0,spot,0.393704,0.393704,instances.vantage.sh (AWS Price List mirror)
2026-08-31,AWS,eu-south-2,g6.24xlarge,L4,4.0,ondemand,7.03351,1.7583775,instances.vantage.sh (AWS Price List mirror)
2026-08-31,AWS,eu-south-2,g6.24xlarge,L4,4.0,spot,1.195697,0.29892425,instances.vantage.sh (AWS Price List mirror)
2026-08-31,AWS,eu-south-2,g6.2xlarge,L4,1.0,ondemand,1.03008,1.03008,instances.vantage.sh (AWS Price List mirror)
2026-08-31,AWS,eu-south-2,g6.2xlarge,L4,1.0,spot,0.13391,0.13391,instances.vantage.sh (AWS Price List mirror)
2026-08-31,AWS,eu-south-2,g6.48xlarge,L4,8.0,ondemand,14.06702,1.7583775,instances.vantage.sh (AWS Price List mirror)
2026-08-31,AWS,eu-south-2,g6.48xlarge,L4,8.0,spot,2.672734,0.33409175,instances.vantage.sh (AWS Price List mirror)
2026-08-31,AWS,eu-south-2,g6.4xlarge,L4,1.0,ondemand,1.39423,1.39423,instances.vantage.sh (AWS Price List mirror)
2026-08-31,AWS,eu-south-2,g6.4xlarge,L4,1.0,spot,0.167308,0.167308,instances.vantage.sh (AWS Price List mirror)
2026-08-31,AWS,eu-south-2,g6.8xlarge,L4,1.0,ondemand,2.12253,2.12253,instances.vantage.sh (AWS Price List mirror)
2026-08-31,AWS,eu-south-2,g6.8xlarge,L4,1.0,spot,0.233478,0.233478,instances.vantage.sh (AWS Price List mirror)
2026-08-31,AWS,eu-south-2,g6.xlarge,L4,1.0,ondemand,0.848,0.848,instances.vantage.sh (AWS Price List mirror)
2026-08-31,AWS,eu-south-2,g6.xlarge,L4,1.0,spot,0.14416,0.14416,instances.vantage.sh (AWS Price List mirror)
2026-08-31,AWS,eu-south-2,g6e.12xlarge,L40S,4.0,ondemand,11.05645,2.7641125,instances.vantage.sh (AWS Price List mirror)
2026-08-31,AWS,eu-south-2,g6e.12xlarge,L40S,4.0,spot,3.095806,0.7739515,instances.vantage.sh (AWS Price List mirror)
2026-08-31,AWS,eu-south-2,g6e.16xlarge,L40S,1.0,ondemand,7.98435,7.98435,instances.vantage.sh (AWS Price List mirror)
2026-08-31,AWS,eu-south-2,g6e.16xlarge,L40S,1.0,spot,0.798435,0.798435,instances.vantage.sh (AWS Price List mirror)
2026-08-31,AWS,eu-south-2,g6e.24xlarge,L40S,4.0,ondemand,15.87513,3.9687825,instances.vantage.sh (AWS Price List mirror)
2026-08-31,AWS,eu-south-2,g6e.24xlarge,L40S,4.0,spot,4.127534,1.0318835,instances.vantage.sh (AWS Price List mirror)
2026-08-31,AWS,eu-south-2,g6e.2xlarge,L40S,1.0,ondemand,2.36256,2.36256,instances.vantage.sh (AWS Price List mirror)
2026-08-31,AWS,eu-south-2,g6e.2xlarge,L40S,1.0,spot,0.567014,0.567014,instances.vantage.sh (AWS Price List mirror)
2026-08-31,AWS,eu-south-2,g6e.48xlarge,L40S,8.0,ondemand,31.75027,3.96878375,instances.vantage.sh (AWS Price List mirror)
2026-08-31,AWS,eu-south-2,g6e.48xlarge,L40S,8.0,spot,15.24013,1.90501625,instances.vantage.sh (AWS Price List mirror)
2026-08-31,AWS,eu-south-2,g6e.4xlarge,L40S,1.0,ondemand,3.16567,3.16567,instances.vantage.sh (AWS Price List mirror)
2026-08-31,AWS,eu-south-2,g6e.4xlarge,L40S,1.0,spot,0.664791,0.664791,instances.vantage.sh (AWS Price List mirror)
2026-08-31,AWS,eu-south-2,g6e.8xlarge,L40S,1.0,ondemand,4.7719,4.7719,instances.vantage.sh (AWS Price List mirror)
2026-08-31,AWS,eu-south-2,g6e.8xlarge,L40S,1.0,spot,0.668066,0.668066,instances.vantage.sh (AWS Price List mirror)
2026-08-31,AWS,eu-south-2,g6e.xlarge,L40S,1.0,ondemand,1.961,1.961,instances.vantage.sh (AWS Price List mirror)
2026-08-31,AWS,eu-south-2,g6e.xlarge,L40S,1.0,spot,0.62752,0.62752,instances.vantage.sh (AWS Price List mirror)
2026-08-31,AWS,eu-south-2,g6f.2xlarge,L4,0.25,ondemand,0.53438,2.13752,instances.vantage.sh (AWS Price List mirror)
2026-08-31,AWS,eu-south-2,g6f.2xlarge,L4,0.25,spot,0.15497,0.61988,instances.vantage.sh (AWS Price List mirror)
2026-08-31,AWS,eu-south-2,g6f.4xlarge,L4,0.5,ondemand,1.06875,2.1375,instances.vantage.sh (AWS Price List mirror)
2026-08-31,AWS,eu-south-2,g6f.4xlarge,L4,0.5,spot,0.309937,0.619874,instances.vantage.sh (AWS Price List mirror)
2026-08-31,AWS,eu-south-2,g6f.large,L4,0.125,ondemand,0.22725,1.818,instances.vantage.sh (AWS Price List mirror)
2026-08-31,AWS,eu-south-2,g6f.large,L4,0.125,spot,0.052268,0.418144,instances.vantage.sh (AWS Price List mirror)
2026-08-31,AWS,eu-south-2,g6f.xlarge,L4,0.125,ondemand,0.26719,2.13752,instances.vantage.sh (AWS Price List mirror)
2026-08-31,AWS,eu-south-2,g6f.xlarge,L4,0.125,spot,0.077485,0.61988,instances.vantage.sh (AWS Price List mirror)
2026-08-31,AWS,eu-south-2,g7.12xlarge,NVIDIA RTX PRO 4500 Blackwell,2.0,ondemand,7.48474,3.74237,instances.vantage.sh (AWS Price List mirror)
2026-08-31,AWS,eu-south-2,g7.24xlarge,NVIDIA RTX PRO 4500 Blackwell,4.0,ondemand,14.96947,3.7423675,instances.vantage.sh (AWS Price List mirror)
2026-08-31,AWS,eu-south-2,g7.2xlarge,NVIDIA RTX PRO 4500 Blackwell,1.0,ondemand,2.646,2.646,instances.vantage.sh (AWS Price List mirror)
2026-08-31,AWS,eu-south-2,g7.48xlarge,NVIDIA RTX PRO 4500 Blackwell,8.0,ondemand,29.93894,3.7423675,instances.vantage.sh (AWS Price List mirror)
2026-08-31,AWS,eu-south-2,g7.4xlarge,NVIDIA RTX PRO 4500 Blackwell,1.0,ondemand,3.19418,3.19418,instances.vantage.sh (AWS Price List mirror)
2026-08-31,AWS,eu-south-2,g7.8xlarge,NVIDIA RTX PRO 4500 Blackwell,1.0,ondemand,4.29055,4.29055,instances.vantage.sh (AWS Price List mirror)
2026-08-31,AWS,eu-south-2,g7e.12xlarge,NVIDIA RTX PRO 6000 Blackwell,2.0,ondemand,8.73134,4.36567,instances.vantage.sh (AWS Price List mirror)
2026-08-31,AWS,eu-south-2,g7e.12xlarge,NVIDIA RTX PRO 6000 Blackwell,2.0,spot,2.532089,1.2660445,instances.vantage.sh (AWS Price List mirror)
2026-08-31,AWS,eu-south-2,g7e.24xlarge,NVIDIA RTX PRO 6000 Blackwell,4.0,ondemand,17.46268,4.36567,instances.vantage.sh (AWS Price List mirror)
2026-08-31,AWS,eu-south-2,g7e.24xlarge,NVIDIA RTX PRO 6000 Blackwell,4.0,spot,5.064177,1.26604425,instances.vantage.sh (AWS Price List mirror)
2026-08-31,AWS,eu-south-2,g7e.2xlarge,NVIDIA RTX PRO 6000 Blackwell,1.0,ondemand,3.54384,3.54384,instances.vantage.sh (AWS Price List mirror)
2026-08-31,AWS,eu-south-2,g7e.2xlarge,NVIDIA RTX PRO 6000 Blackwell,1.0,spot,1.063152,1.063152,instances.vantage.sh (AWS Price List mirror)
2026-08-31,AWS,eu-south-2,g7e.48xlarge,NVIDIA RTX PRO 6000 Blackwell,8.0,ondemand,34.92536,4.36567,instances.vantage.sh (AWS Price List mirror)
2026-08-31,AWS,eu-south-2,g7e.48xlarge,NVIDIA RTX PRO 6000 Blackwell,8.0,spot,10.477608,1.309701,instances.vantage.sh (AWS Price List mirror)
2026-08-31,AWS,eu-south-2,g7e.4xlarge,NVIDIA RTX PRO 6000 Blackwell,1.0,ondemand,4.213,4.213,instances.vantage.sh (AWS Price List mirror)
2026-08-31,AWS,eu-south-2,g7e.4xlarge,NVIDIA RTX PRO 6000 Blackwell,1.0,spot,1.39029,1.39029,instances.vantage.sh (AWS Price List mirror)
2026-08-31,AWS,eu-south-2,g7e.8xlarge,NVIDIA RTX PRO 6000 Blackwell,1.0,ondemand,5.55133,5.55133,instances.vantage.sh (AWS Price List mirror)
2026-08-31,AWS,eu-south-2,g7e.8xlarge,NVIDIA RTX PRO 6000 Blackwell,1.0,spot,1.665399,1.665399,instances.vantage.sh (AWS Price List mirror)
2026-08-31,AWS,eu-south-2,gr6.4xlarge,L4,1.0,ondemand,1.6218,1.6218,instances.vantage.sh (AWS Price List mirror)
2026-08-31,AWS,eu-south-2,gr6.4xlarge,L4,1.0,spot,0.178398,0.178398,instances.vantage.sh (AWS Price List mirror)
2026-08-31,AWS,eu-south-2,gr6.8xlarge,L4,1.0,ondemand,2.57768,2.57768,instances.vantage.sh (AWS Price List mirror)
2026-08-31,AWS,eu-south-2,gr6.8xlarge,L4,1.0,spot,0.283545,0.283545,instances.vantage.sh (AWS Price List mirror)
2026-08-31,AWS,eu-south-2,gr6f.4xlarge,L4,0.5,ondemand,1.19925,2.3985,instances.vantage.sh (AWS Price List mirror)
2026-08-31,AWS,eu-south-2,gr6f.4xlarge,L4,0.5,spot,0.347782,0.695564,instances.vantage.sh (AWS Price List mirror)
2026-08-31,AWS,eu-south-2,p5en.48xlarge,H200,8.0,ondemand,68.35968,8.54496,instances.vantage.sh (AWS Price List mirror)
2026-08-31,AWS,eu-south-2,p5en.48xlarge,H200,8.0,spot,13.671936,1.708992,instances.vantage.sh (AWS Price List mirror)
2026-08-31,AWS,eu-west-1,g2.2xlarge,K520,1.0,ondemand,0.702,0.702,instances.vantage.sh (AWS Price List mirror)
2026-08-31,AWS,eu-west-1,g2.8xlarge,K520,4.0,ondemand,2.808,0.702,instances.vantage.sh (AWS Price List mirror)
2026-08-31,AWS,eu-west-1,g3.16xlarge,M60,4.0,ondemand,4.84,1.21,instances.vantage.sh (AWS Price List mirror)
2026-08-31,AWS,eu-west-1,g3.4xlarge,M60,1.0,ondemand,1.21,1.21,instances.vantage.sh (AWS Price List mirror)
2026-08-31,AWS,eu-west-1,g3.8xlarge,M60,2.0,ondemand,2.42,1.21,instances.vantage.sh (AWS Price List mirror)
2026-08-31,AWS,eu-west-1,g3s.xlarge,M60,1.0,ondemand,0.796,0.796,instances.vantage.sh (AWS Price List mirror)
2026-08-31,AWS,eu-west-1,g4ad.16xlarge,V520,4.0,ondemand,3.872,0.968,instances.vantage.sh (AWS Price List mirror)
2026-08-31,AWS,eu-west-1,g4ad.16xlarge,V520,4.0,spot,1.808633,0.45215825,instances.vantage.sh (AWS Price List mirror)
2026-08-31,AWS,eu-west-1,g4ad.2xlarge,V520,1.0,ondemand,0.60421,0.60421,instances.vantage.sh (AWS Price List mirror)
2026-08-31,AWS,eu-west-1,g4ad.2xlarge,V520,1.0,spot,0.260667,0.260667,instances.vantage.sh (AWS Price List mirror)
2026-08-31,AWS,eu-west-1,g4ad.4xlarge,V520,1.0,ondemand,0.968,0.968,instances.vantage.sh (AWS Price List mirror)
2026-08-31,AWS,eu-west-1,g4ad.4xlarge,V520,1.0,spot,0.458933,0.458933,instances.vantage.sh (AWS Price List mirror)
2026-08-31,AWS,eu-west-1,g4ad.8xlarge,V520,2.0,ondemand,1.936,0.968,instances.vantage.sh (AWS Price List mirror)
2026-08-31,AWS,eu-west-1,g4ad.8xlarge,V520,2.0,spot,0.880867,0.4404335,instances.vantage.sh (AWS Price List mirror)
2026-08-31,AWS,eu-west-1,g4ad.xlarge,V520,1.0,ondemand,0.42263,0.42263,instances.vantage.sh (AWS Price List mirror)
2026-08-31,AWS,eu-west-1,g4ad.xlarge,V520,1.0,spot,0.196867,0.196867,instances.vantage.sh (AWS Price List mirror)
2026-08-31,AWS,eu-west-1,g4dn.12xlarge,T4,4.0,ondemand,4.362,1.0905,instances.vantage.sh (AWS Price List mirror)
2026-08-31,AWS,eu-west-1,g4dn.12xlarge,T4,4.0,spot,2.057833,0.51445825,instances.vantage.sh (AWS Price List mirror)
2026-08-31,AWS,eu-west-1,g4dn.16xlarge,T4,1.0,ondemand,4.853,4.853,instances.vantage.sh (AWS Price List mirror)
2026-08-31,AWS,eu-west-1,g4dn.16xlarge,T4,1.0,spot,1.4925,1.4925,instances.vantage.sh (AWS Price List mirror)
2026-08-31,AWS,eu-west-1,g4dn.2xlarge,T4,1.0,ondemand,0.838,0.838,instances.vantage.sh (AWS Price List mirror)
2026-08-31,AWS,eu-west-1,g4dn.2xlarge,T4,1.0,spot,0.3997,0.3997,instances.vantage.sh (AWS Price List mirror)
2026-08-31,AWS,eu-west-1,g4dn.4xlarge,T4,1.0,ondemand,1.342,1.342,instances.vantage.sh (AWS Price List mirror)
2026-08-31,AWS,eu-west-1,g4dn.4xlarge,T4,1.0,spot,0.627567,0.627567,instances.vantage.sh (AWS Price List mirror)
2026-08-31,AWS,eu-west-1,g4dn.8xlarge,T4,1.0,ondemand,2.426,2.426,instances.vantage.sh (AWS Price List mirror)
2026-08-31,AWS,eu-west-1,g4dn.8xlarge,T4,1.0,spot,1.196033,1.196033,instances.vantage.sh (AWS Price List mirror)
2026-08-31,AWS,eu-west-1,g4dn.metal,T4,8.0,ondemand,8.724,1.0905,instances.vantage.sh (AWS Price List mirror)
2026-08-31,AWS,eu-west-1,g4dn.metal,T4,8.0,spot,4.449767,0.556220875,instances.vantage.sh (AWS Price List mirror)
2026-08-31,AWS,eu-west-1,g4dn.xlarge,T4,1.0,ondemand,0.587,0.587,instances.vantage.sh (AWS Price List mirror)
2026-08-31,AWS,eu-west-1,g4dn.xlarge,T4,1.0,spot,0.356667,0.356667,instances.vantage.sh (AWS Price List mirror)
2026-08-31,AWS,eu-west-1,g5.12xlarge,A10G,4.0,ondemand,6.33167,1.5829175,instances.vantage.sh (AWS Price List mirror)
2026-08-31,AWS,eu-west-1,g5.12xlarge,A10G,4.0,spot,3.136467,0.78411675,instances.vantage.sh (AWS Price List mirror)
2026-08-31,AWS,eu-west-1,g5.16xlarge,A10G,1.0,ondemand,4.57237,4.57237,instances.vantage.sh (AWS Price List mirror)
2026-08-31,AWS,eu-west-1,g5.16xlarge,A10G,1.0,spot,1.5251,1.5251,instances.vantage.sh (AWS Price List mirror)
2026-08-31,AWS,eu-west-1,g5.24xlarge,A10G,4.0,ondemand,9.09117,2.2727925,instances.vantage.sh (AWS Price List mirror)
2026-08-31,AWS,eu-west-1,g5.24xlarge,A10G,4.0,spot,3.2776,0.8194,instances.vantage.sh (AWS Price List mirror)
2026-08-31,AWS,eu-west-1,g5.2xlarge,A10G,1.0,ondemand,1.35296,1.35296,instances.vantage.sh (AWS Price List mirror)
2026-08-31,AWS,eu-west-1,g5.2xlarge,A10G,1.0,spot,0.989,0.989,instances.vantage.sh (AWS Price List mirror)
2026-08-31,AWS,eu-west-1,g5.48xlarge,A10G,8.0,ondemand,18.18233,2.27279125,instances.vantage.sh (AWS Price List mirror)
2026-08-31,AWS,eu-west-1,g5.48xlarge,A10G,8.0,spot,6.8769,0.8596125,instances.vantage.sh (AWS Price List mirror)
2026-08-31,AWS,eu-west-1,g5.4xlarge,A10G,1.0,ondemand,1.81287,1.81287,instances.vantage.sh (AWS Price List mirror)
2026-08-31,AWS,eu-west-1,g5.4xlarge,A10G,1.0,spot,1.093467,1.093467,instances.vantage.sh (AWS Price List mirror)
2026-08-31,AWS,eu-west-1,g5.8xlarge,A10G,1.0,ondemand,2.73271,2.73271,instances.vantage.sh (AWS Price List mirror)
2026-08-31,AWS,eu-west-1,g5.8xlarge,A10G,1.0,spot,1.434767,1.434767,instances.vantage.sh (AWS Price List mirror)
2026-08-31,AWS,eu-west-1,g5.xlarge,A10G,1.0,ondemand,1.123,1.123,instances.vantage.sh (AWS Price List mirror)
2026-08-31,AWS,eu-west-1,g5.xlarge,A10G,1.0,spot,0.774567,0.774567,instances.vantage.sh (AWS Price List mirror)
2026-08-31,AWS,eu-west-1,p2.16xlarge,K80,16.0,ondemand,15.552,0.972,instances.vantage.sh (AWS Price List mirror)
2026-08-31,AWS,eu-west-1,p2.8xlarge,K80,8.0,ondemand,7.776,0.972,instances.vantage.sh (AWS Price List mirror)
2026-08-31,AWS,eu-west-1,p2.xlarge,K80,1.0,ondemand,0.972,0.972,instances.vantage.sh (AWS Price List mirror)
2026-08-31,AWS,eu-west-1,p3.16xlarge,V100,8.0,ondemand,26.44,3.305,instances.vantage.sh (AWS Price List mirror)
2026-08-31,AWS,eu-west-1,p3.16xlarge,V100,8.0,spot,6.8744,0.8593,instances.vantage.sh (AWS Price List mirror)
2026-08-31,AWS,eu-west-1,p3.2xlarge,V100,1.0,ondemand,3.305,3.305,instances.vantage.sh (AWS Price List mirror)
2026-08-31,AWS,eu-west-1,p3.2xlarge,V100,1.0,spot,0.82625,0.82625,instances.vantage.sh (AWS Price List mirror)
2026-08-31,AWS,eu-west-1,p3.8xlarge,V100,4.0,ondemand,13.22,3.305,instances.vantage.sh (AWS Price List mirror)
2026-08-31,AWS,eu-west-1,p3.8xlarge,V100,4.0,spot,2.9084,0.7271,instances.vantage.sh (AWS Price List mirror)
2026-08-31,AWS,eu-west-1,p3dn.24xlarge,V100,8.0,ondemand,33.711,4.213875,instances.vantage.sh (AWS Price List mirror)
2026-08-31,AWS,eu-west-1,p3dn.24xlarge,V100,8.0,spot,3.3711,0.4213875,instances.vantage.sh (AWS Price List mirror)
2026-08-31,AWS,eu-west-1,p4d.24xlarge,A100,8.0,ondemand,23.71569,2.96446125,instances.vantage.sh (AWS Price List mirror)
2026-08-31,AWS,eu-west-1,p4d.24xlarge,A100,8.0,spot,15.8287,1.9785875,instances.vantage.sh (AWS Price List mirror)
2026-08-31,AWS,eu-west-2,g3.16xlarge,M60,4.0,ondemand,5.716,1.429,instances.vantage.sh (AWS Price List mirror)
2026-08-31,AWS,eu-west-2,g3.4xlarge,M60,1.0,ondemand,1.429,1.429,instances.vantage.sh (AWS Price List mirror)
2026-08-31,AWS,eu-west-2,g3.8xlarge,M60,2.0,ondemand,2.858,1.429,instances.vantage.sh (AWS Price List mirror)
2026-08-31,AWS,eu-west-2,g3s.xlarge,M60,1.0,ondemand,0.94,0.94,instances.vantage.sh (AWS Price List mirror)
2026-08-31,AWS,eu-west-2,g4ad.16xlarge,V520,4.0,ondemand,4.056,1.014,instances.vantage.sh (AWS Price List mirror)
2026-08-31,AWS,eu-west-2,g4ad.16xlarge,V520,4.0,spot,0.6838,0.17095,instances.vantage.sh (AWS Price List mirror)
2026-08-31,AWS,eu-west-2,g4ad.2xlarge,V520,1.0,ondemand,0.63292,0.63292,instances.vantage.sh (AWS Price List mirror)
2026-08-31,AWS,eu-west-2,g4ad.2xlarge,V520,1.0,spot,0.2138,0.2138,instances.vantage.sh (AWS Price List mirror)
2026-08-31,AWS,eu-west-2,g4ad.4xlarge,V520,1.0,ondemand,1.014,1.014,instances.vantage.sh (AWS Price List mirror)
2026-08-31,AWS,eu-west-2,g4ad.4xlarge,V520,1.0,spot,0.36335,0.36335,instances.vantage.sh (AWS Price List mirror)
2026-08-31,AWS,eu-west-2,g4ad.8xlarge,V520,2.0,ondemand,2.028,1.014,instances.vantage.sh (AWS Price List mirror)
2026-08-31,AWS,eu-west-2,g4ad.8xlarge,V520,2.0,spot,0.39565,0.197825,instances.vantage.sh (AWS Price List mirror)
2026-08-31,AWS,eu-west-2,g4ad.xlarge,V520,1.0,ondemand,0.44271,0.44271,instances.vantage.sh (AWS Price List mirror)
2026-08-31,AWS,eu-west-2,g4ad.xlarge,V520,1.0,spot,0.10375,0.10375,instances.vantage.sh (AWS Price List mirror)
2026-08-31,AWS,eu-west-2,g4dn.12xlarge,T4,4.0,ondemand,4.577,1.14425,instances.vantage.sh (AWS Price List mirror)
2026-08-31,AWS,eu-west-2,g4dn.12xlarge,T4,4.0,spot,1.749867,0.43746675,instances.vantage.sh (AWS Price List mirror)
2026-08-31,AWS,eu-west-2,g4dn.16xlarge,T4,1.0,ondemand,5.092,5.092,instances.vantage.sh (AWS Price List mirror)
2026-08-31,AWS,eu-west-2,g4dn.16xlarge,T4,1.0,spot,1.077867,1.077867,instances.vantage.sh (AWS Price List mirror)
2026-08-31,AWS,eu-west-2,g4dn.2xlarge,T4,1.0,ondemand,0.88,0.88,instances.vantage.sh (AWS Price List mirror)
2026-08-31,AWS,eu-west-2,g4dn.2xlarge,T4,1.0,spot,0.286733,0.286733,instances.vantage.sh (AWS Price List mirror)
2026-08-31,AWS,eu-west-2,g4dn.4xlarge,T4,1.0,ondemand,1.409,1.409,instances.vantage.sh (AWS Price List mirror)
2026-08-31,AWS,eu-west-2,g4dn.4xlarge,T4,1.0,spot,0.403667,0.403667,instances.vantage.sh (AWS Price List mirror)
2026-08-31,AWS,eu-west-2,g4dn.8xlarge,T4,1.0,ondemand,2.546,2.546,instances.vantage.sh (AWS Price List mirror)
2026-08-31,AWS,eu-west-2,g4dn.8xlarge,T4,1.0,spot,0.6839,0.6839,instances.vantage.sh (AWS Price List mirror)
2026-08-31,AWS,eu-west-2,g4dn.metal,T4,8.0,ondemand,9.154,1.14425,instances.vantage.sh (AWS Price List mirror)
2026-08-31,AWS,eu-west-2,g4dn.metal,T4,8.0,spot,2.3226,0.290325,instances.vantage.sh (AWS Price List mirror)
2026-08-31,AWS,eu-west-2,g4dn.xlarge,T4,1.0,ondemand,0.615,0.615,instances.vantage.sh (AWS Price List mirror)
2026-08-31,AWS,eu-west-2,g4dn.xlarge,T4,1.0,spot,0.205467,0.205467,instances.vantage.sh (AWS Price List mirror)
2026-08-31,AWS,eu-west-2,g5.12xlarge,A10G,4.0,ondemand,7.19994,1.799985,instances.vantage.sh (AWS Price List mirror)
2026-08-31,AWS,eu-west-2,g5.12xlarge,A10G,4.0,spot,6.5694,1.64235,instances.vantage.sh (AWS Price List mirror)
2026-08-31,AWS,eu-west-2,g5.16xlarge,A10G,1.0,ondemand,5.1994,5.1994,instances.vantage.sh (AWS Price List mirror)
2026-08-31,AWS,eu-west-2,g5.16xlarge,A10G,1.0,spot,3.10645,3.10645,instances.vantage.sh (AWS Price List mirror)
2026-08-31,AWS,eu-west-2,g5.24xlarge,A10G,4.0,ondemand,10.33786,2.584465,instances.vantage.sh (AWS Price List mirror)
2026-08-31,AWS,eu-west-2,g5.24xlarge,A10G,4.0,spot,10.3379,2.584475,instances.vantage.sh (AWS Price List mirror)
2026-08-31,AWS,eu-west-2,g5.2xlarge,A10G,1.0,ondemand,1.53849,1.53849,instances.vantage.sh (AWS Price List mirror)
2026-08-31,AWS,eu-west-2,g5.2xlarge,A10G,1.0,spot,0.59705,0.59705,instances.vantage.sh (AWS Price List mirror)
2026-08-31,AWS,eu-west-2,g5.48xlarge,A10G,8.0,ondemand,20.67572,2.584465,instances.vantage.sh (AWS Price List mirror)
2026-08-31,AWS,eu-west-2,g5.48xlarge,A10G,8.0,spot,20.6757,2.5844625,instances.vantage.sh (AWS Price List mirror)
2026-08-31,AWS,eu-west-2,g5.4xlarge,A10G,1.0,ondemand,2.06148,2.06148,instances.vantage.sh (AWS Price List mirror)
2026-08-31,AWS,eu-west-2,g5.4xlarge,A10G,1.0,spot,0.72945,0.72945,instances.vantage.sh (AWS Price List mirror)
2026-08-31,AWS,eu-west-2,g5.8xlarge,A10G,1.0,ondemand,3.10745,3.10745,instances.vantage.sh (AWS Price List mirror)
2026-08-31,AWS,eu-west-2,g5.8xlarge,A10G,1.0,spot,1.1552,1.1552,instances.vantage.sh (AWS Price List mirror)
2026-08-31,AWS,eu-west-2,g5.xlarge,A10G,1.0,ondemand,1.277,1.277,instances.vantage.sh (AWS Price List mirror)
2026-08-31,AWS,eu-west-2,g5.xlarge,A10G,1.0,spot,0.50625,0.50625,instances.vantage.sh (AWS Price List mirror)
2026-08-31,AWS,eu-west-2,g6.12xlarge,L4,4.0,ondemand,5.8412,1.4603,instances.vantage.sh (AWS Price List mirror)
2026-08-31,AWS,eu-west-2,g6.12xlarge,L4,4.0,spot,3.4936,0.8734,instances.vantage.sh (AWS Price List mirror)
2026-08-31,AWS,eu-west-2,g6.16xlarge,L4,1.0,ondemand,4.31184,4.31184,instances.vantage.sh (AWS Price List mirror)
2026-08-31,AWS,eu-west-2,g6.16xlarge,L4,1.0,spot,1.293833,1.293833,instances.vantage.sh (AWS Price List mirror)
2026-08-31,AWS,eu-west-2,g6.24xlarge,L4,4.0,ondemand,8.47339,2.1183475,instances.vantage.sh (AWS Price List mirror)
2026-08-31,AWS,eu-west-2,g6.24xlarge,L4,4.0,spot,4.877333,1.21933325,instances.vantage.sh (AWS Price List mirror)
2026-08-31,AWS,eu-west-2,g6.2xlarge,L4,1.0,ondemand,1.24095,1.24095,instances.vantage.sh (AWS Price List mirror)
2026-08-31,AWS,eu-west-2,g6.2xlarge,L4,1.0,spot,0.481233,0.481233,instances.vantage.sh (AWS Price List mirror)
2026-08-31,AWS,eu-west-2,g6.48xlarge,L4,8.0,ondemand,16.94678,2.1183475,instances.vantage.sh (AWS Price List mirror)
2026-08-31,AWS,eu-west-2,g6.48xlarge,L4,8.0,spot,7.876667,0.984583375,instances.vantage.sh (AWS Price List mirror)
2026-08-31,AWS,eu-west-2,g6.4xlarge,L4,1.0,ondemand,1.67965,1.67965,instances.vantage.sh (AWS Price List mirror)
2026-08-31,AWS,eu-west-2,g6.4xlarge,L4,1.0,spot,0.730867,0.730867,instances.vantage.sh (AWS Price List mirror)
2026-08-31,AWS,eu-west-2,g6.8xlarge,L4,1.0,ondemand,2.55705,2.55705,instances.vantage.sh (AWS Price List mirror)
2026-08-31,AWS,eu-west-2,g6.8xlarge,L4,1.0,spot,0.746433,0.746433,instances.vantage.sh (AWS Price List mirror)
2026-08-31,AWS,eu-west-2,g6.xlarge,L4,1.0,ondemand,1.0216,1.0216,instances.vantage.sh (AWS Price List mirror)
2026-08-31,AWS,eu-west-2,g6.xlarge,L4,1.0,spot,0.366933,0.366933,instances.vantage.sh (AWS Price List mirror)
2026-08-31,AWS,eu-west-2,g6f.2xlarge,L4,0.25,ondemand,0.60298,2.41192,instances.vantage.sh (AWS Price List mirror)
2026-08-31,AWS,eu-west-2,g6f.2xlarge,L4,0.25,spot,0.1727,0.6908,instances.vantage.sh (AWS Price List mirror)
2026-08-31,AWS,eu-west-2,g6f.4xlarge,L4,0.5,ondemand,1.20595,2.4119,instances.vantage.sh (AWS Price List mirror)
2026-08-31,AWS,eu-west-2,g6f.4xlarge,L4,0.5,spot,0.30985,0.6197,instances.vantage.sh (AWS Price List mirror)
2026-08-31,AWS,eu-west-2,g6f.large,L4,0.125,ondemand,0.25642,2.05136,instances.vantage.sh (AWS Price List mirror)
2026-08-31,AWS,eu-west-2,g6f.large,L4,0.125,spot,0.06195,0.4956,instances.vantage.sh (AWS Price List mirror)
2026-08-31,AWS,eu-west-2,g6f.xlarge,L4,0.125,ondemand,0.30149,2.41192,instances.vantage.sh (AWS Price List mirror)
2026-08-31,AWS,eu-west-2,g6f.xlarge,L4,0.125,spot,0.1032,0.8256,instances.vantage.sh (AWS Price List mirror)
2026-08-31,AWS,eu-west-2,g7e.12xlarge,NVIDIA RTX PRO 6000 Blackwell,2.0,ondemand,14.40172,7.20086,instances.vantage.sh (AWS Price List mirror)
2026-08-31,AWS,eu-west-2,g7e.12xlarge,NVIDIA RTX PRO 6000 Blackwell,2.0,spot,4.2375,2.11875,instances.vantage.sh (AWS Price List mirror)
2026-08-31,AWS,eu-west-2,g7e.24xlarge,NVIDIA RTX PRO 6000 Blackwell,4.0,ondemand,28.80344,7.20086,instances.vantage.sh (AWS Price List mirror)
2026-08-31,AWS,eu-west-2,g7e.24xlarge,NVIDIA RTX PRO 6000 Blackwell,4.0,spot,7.65555,1.9138875,instances.vantage.sh (AWS Price List mirror)
2026-08-31,AWS,eu-west-2,g7e.2xlarge,NVIDIA RTX PRO 6000 Blackwell,1.0,ondemand,5.84531,5.84531,instances.vantage.sh (AWS Price List mirror)
2026-08-31,AWS,eu-west-2,g7e.2xlarge,NVIDIA RTX PRO 6000 Blackwell,1.0,spot,1.92725,1.92725,instances.vantage.sh (AWS Price List mirror)
2026-08-31,AWS,eu-west-2,g7e.48xlarge,NVIDIA RTX PRO 6000 Blackwell,8.0,ondemand,57.60687,7.20085875,instances.vantage.sh (AWS Price List mirror)
2026-08-31,AWS,eu-west-2,g7e.48xlarge,NVIDIA RTX PRO 6000 Blackwell,8.0,spot,13.69795,1.71224375,instances.vantage.sh (AWS Price List mirror)
2026-08-31,AWS,eu-west-2,g7e.4xlarge,NVIDIA RTX PRO 6000 Blackwell,1.0,ondemand,6.94905,6.94905,instances.vantage.sh (AWS Price List mirror)
2026-08-31,AWS,eu-west-2,g7e.4xlarge,NVIDIA RTX PRO 6000 Blackwell,1.0,spot,2.21845,2.21845,instances.vantage.sh (AWS Price List mirror)
2026-08-31,AWS,eu-west-2,g7e.8xlarge,NVIDIA RTX PRO 6000 Blackwell,1.0,ondemand,9.15653,9.15653,instances.vantage.sh (AWS Price List mirror)
2026-08-31,AWS,eu-west-2,g7e.8xlarge,NVIDIA RTX PRO 6000 Blackwell,1.0,spot,2.7309,2.7309,instances.vantage.sh (AWS Price List mirror)
2026-08-31,AWS,eu-west-2,gr6.4xlarge,L4,1.0,ondemand,1.9539,1.9539,instances.vantage.sh (AWS Price List mirror)
2026-08-31,AWS,eu-west-2,gr6.4xlarge,L4,1.0,spot,0.5803,0.5803,instances.vantage.sh (AWS Price List mirror)
2026-08-31,AWS,eu-west-2,gr6.8xlarge,L4,1.0,ondemand,3.10552,3.10552,instances.vantage.sh (AWS Price List mirror)
2026-08-31,AWS,eu-west-2,gr6.8xlarge,L4,1.0,spot,0.84715,0.84715,instances.vantage.sh (AWS Price List mirror)
2026-08-31,AWS,eu-west-2,gr6f.4xlarge,L4,0.5,ondemand,1.35321,2.70642,instances.vantage.sh (AWS Price List mirror)
2026-08-31,AWS,eu-west-2,gr6f.4xlarge,L4,0.5,spot,0.44855,0.8971,instances.vantage.sh (AWS Price List mirror)
2026-08-31,AWS,eu-west-2,p3.16xlarge,V100,8.0,ondemand,28.712,3.589,instances.vantage.sh (AWS Price List mirror)
2026-08-31,AWS,eu-west-2,p3.16xlarge,V100,8.0,spot,28.712,3.589,instances.vantage.sh (AWS Price List mirror)
2026-08-31,AWS,eu-west-2,p3.2xlarge,V100,1.0,ondemand,3.589,3.589,instances.vantage.sh (AWS Price List mirror)
2026-08-31,AWS,eu-west-2,p3.2xlarge,V100,1.0,spot,1.36382,1.36382,instances.vantage.sh (AWS Price List mirror)
2026-08-31,AWS,eu-west-2,p3.8xlarge,V100,4.0,ondemand,14.356,3.589,instances.vantage.sh (AWS Price List mirror)
2026-08-31,AWS,eu-west-2,p3.8xlarge,V100,4.0,spot,5.88596,1.47149,instances.vantage.sh (AWS Price List mirror)
2026-08-31,AWS,eu-west-2,p4d.24xlarge,A100,8.0,ondemand,28.54493,3.56811625,instances.vantage.sh (AWS Price List mirror)
2026-08-31,AWS,eu-west-2,p4d.24xlarge,A100,8.0,spot,22.42985,2.80373125,instances.vantage.sh (AWS Price List mirror)
2026-08-31,AWS,eu-west-2,p5.48xlarge,H100,8.0,ondemand,71.552,8.944,instances.vantage.sh (AWS Price List mirror)
2026-08-31,AWS,eu-west-2,p5.48xlarge,H100,8.0,spot,39.9496,4.9937,instances.vantage.sh (AWS Price List mirror)
2026-08-31,AWS,eu-west-2,p5.4xlarge,H100,1.0,ondemand,8.944,8.944,instances.vantage.sh (AWS Price List mirror)
2026-08-31,AWS,eu-west-2,p5.4xlarge,H100,1.0,spot,8.944,8.944,instances.vantage.sh (AWS Price List mirror)
2026-08-31,AWS,eu-west-2-wl1-lon1,g4dn.2xlarge,T4,1.0,ondemand,1.144,1.144,instances.vantage.sh (AWS Price List mirror)
2026-08-31,AWS,eu-west-2-wl1-man1,g4dn.2xlarge,T4,1.0,ondemand,1.144,1.144,instances.vantage.sh (AWS Price List mirror)
2026-08-31,AWS,eu-west-2-wl2-man1,g4dn.2xlarge,T4,1.0,ondemand,1.144,1.144,instances.vantage.sh (AWS Price List mirror)
2026-08-31,AWS,eu-west-3,g4dn.12xlarge,T4,4.0,ondemand,4.574,1.1435,instances.vantage.sh (AWS Price List mirror)
2026-08-31,AWS,eu-west-3,g4dn.12xlarge,T4,4.0,spot,1.490633,0.37265825,instances.vantage.sh (AWS Price List mirror)
2026-08-31,AWS,eu-west-3,g4dn.16xlarge,T4,1.0,ondemand,5.088,5.088,instances.vantage.sh (AWS Price List mirror)
2026-08-31,AWS,eu-west-3,g4dn.16xlarge,T4,1.0,spot,1.202133,1.202133,instances.vantage.sh (AWS Price List mirror)
2026-08-31,AWS,eu-west-3,g4dn.2xlarge,T4,1.0,ondemand,0.879,0.879,instances.vantage.sh (AWS Price List mirror)
2026-08-31,AWS,eu-west-3,g4dn.2xlarge,T4,1.0,spot,0.234733,0.234733,instances.vantage.sh (AWS Price List mirror)
2026-08-31,AWS,eu-west-3,g4dn.4xlarge,T4,1.0,ondemand,1.408,1.408,instances.vantage.sh (AWS Price List mirror)
2026-08-31,AWS,eu-west-3,g4dn.4xlarge,T4,1.0,spot,0.494733,0.494733,instances.vantage.sh (AWS Price List mirror)
2026-08-31,AWS,eu-west-3,g4dn.8xlarge,T4,1.0,ondemand,2.544,2.544,instances.vantage.sh (AWS Price List mirror)
2026-08-31,AWS,eu-west-3,g4dn.8xlarge,T4,1.0,spot,0.769033,0.769033,instances.vantage.sh (AWS Price List mirror)
2026-08-31,AWS,eu-west-3,g4dn.metal,T4,8.0,ondemand,9.148,1.1435,instances.vantage.sh (AWS Price List mirror)
2026-08-31,AWS,eu-west-3,g4dn.metal,T4,8.0,spot,3.731833,0.466479125,instances.vantage.sh (AWS Price List mirror)
2026-08-31,AWS,eu-west-3,g4dn.xlarge,T4,1.0,ondemand,0.615,0.615,instances.vantage.sh (AWS Price List mirror)
2026-08-31,AWS,eu-west-3,g4dn.xlarge,T4,1.0,spot,0.205833,0.205833,instances.vantage.sh (AWS Price List mirror)
2026-08-31,AWS,eu-west-3,g5.12xlarge,A10G,4.0,ondemand,7.19994,1.799985,instances.vantage.sh (AWS Price List mirror)
2026-08-31,AWS,eu-west-3,g5.12xlarge,A10G,4.0,spot,4.1282,1.03205,instances.vantage.sh (AWS Price List mirror)
2026-08-31,AWS,eu-west-3,g5.16xlarge,A10G,1.0,ondemand,5.1994,5.1994,instances.vantage.sh (AWS Price List mirror)
2026-08-31,AWS,eu-west-3,g5.16xlarge,A10G,1.0,spot,2.5121,2.5121,instances.vantage.sh (AWS Price List mirror)
2026-08-31,AWS,eu-west-3,g5.24xlarge,A10G,4.0,ondemand,10.33786,2.584465,instances.vantage.sh (AWS Price List mirror)
2026-08-31,AWS,eu-west-3,g5.24xlarge,A10G,4.0,spot,6.45435,1.6135875,instances.vantage.sh (AWS Price List mirror)
2026-08-31,AWS,eu-west-3,g5.2xlarge,A10G,1.0,ondemand,1.53849,1.53849,instances.vantage.sh (AWS Price List mirror)
2026-08-31,AWS,eu-west-3,g5.2xlarge,A10G,1.0,spot,0.590533,0.590533,instances.vantage.sh (AWS Price List mirror)
2026-08-31,AWS,eu-west-3,g5.48xlarge,A10G,8.0,ondemand,20.67572,2.584465,instances.vantage.sh (AWS Price List mirror)
2026-08-31,AWS,eu-west-3,g5.48xlarge,A10G,8.0,spot,12.799633,1.599954125,instances.vantage.sh (AWS Price List mirror)
2026-08-31,AWS,eu-west-3,g5.4xlarge,A10G,1.0,ondemand,2.06148,2.06148,instances.vantage.sh (AWS Price List mirror)
2026-08-31,AWS,eu-west-3,g5.4xlarge,A10G,1.0,spot,0.7462,0.7462,instances.vantage.sh (AWS Price List mirror)
2026-08-31,AWS,eu-west-3,g5.8xlarge,A10G,1.0,ondemand,3.10745,3.10745,instances.vantage.sh (AWS Price List mirror)
2026-08-31,AWS,eu-west-3,g5.8xlarge,A10G,1.0,spot,1.69135,1.69135,instances.vantage.sh (AWS Price List mirror)
2026-08-31,AWS,eu-west-3,g5.xlarge,A10G,1.0,ondemand,1.277,1.277,instances.vantage.sh (AWS Price List mirror)
2026-08-31,AWS,eu-west-3,g5.xlarge,A10G,1.0,spot,0.521667,0.521667,instances.vantage.sh (AWS Price List mirror)
2026-08-31,AWS,eu-west-3,g6.12xlarge,L4,4.0,ondemand,5.8412,1.4603,instances.vantage.sh (AWS Price List mirror)
2026-08-31,AWS,eu-west-3,g6.12xlarge,L4,4.0,spot,1.70535,0.4263375,instances.vantage.sh (AWS Price List mirror)
2026-08-31,AWS,eu-west-3,g6.16xlarge,L4,1.0,ondemand,4.31184,4.31184,instances.vantage.sh (AWS Price List mirror)
2026-08-31,AWS,eu-west-3,g6.16xlarge,L4,1.0,spot,1.1869,1.1869,instances.vantage.sh (AWS Price List mirror)
2026-08-31,AWS,eu-west-3,g6.24xlarge,L4,4.0,ondemand,8.47339,2.1183475,instances.vantage.sh (AWS Price List mirror)
2026-08-31,AWS,eu-west-3,g6.24xlarge,L4,4.0,spot,2.77625,0.6940625,instances.vantage.sh (AWS Price List mirror)
2026-08-31,AWS,eu-west-3,g6.2xlarge,L4,1.0,ondemand,1.24095,1.24095,instances.vantage.sh (AWS Price List mirror)
2026-08-31,AWS,eu-west-3,g6.2xlarge,L4,1.0,spot,0.3218,0.3218,instances.vantage.sh (AWS Price List mirror)
2026-08-31,AWS,eu-west-3,g6.48xlarge,L4,8.0,ondemand,16.94678,2.1183475,instances.vantage.sh (AWS Price List mirror)
2026-08-31,AWS,eu-west-3,g6.48xlarge,L4,8.0,spot,5.101,0.637625,instances.vantage.sh (AWS Price List mirror)
2026-08-31,AWS,eu-west-3,g6.4xlarge,L4,1.0,ondemand,1.67965,1.67965,instances.vantage.sh (AWS Price List mirror)
2026-08-31,AWS,eu-west-3,g6.4xlarge,L4,1.0,spot,0.37155,0.37155,instances.vantage.sh (AWS Price List mirror)
2026-08-31,AWS,eu-west-3,g6.8xlarge,L4,1.0,ondemand,2.55705,2.55705,instances.vantage.sh (AWS Price List mirror)
2026-08-31,AWS,eu-west-3,g6.8xlarge,L4,1.0,spot,0.83485,0.83485,instances.vantage.sh (AWS Price List mirror)
2026-08-31,AWS,eu-west-3,g6.xlarge,L4,1.0,ondemand,1.0216,1.0216,instances.vantage.sh (AWS Price List mirror)
2026-08-31,AWS,eu-west-3,g6.xlarge,L4,1.0,spot,0.36025,0.36025,instances.vantage.sh (AWS Price List mirror)
2026-08-31,AWS,eu-west-3,gr6.4xlarge,L4,1.0,ondemand,1.9538,1.9538,instances.vantage.sh (AWS Price List mirror)
2026-08-31,AWS,eu-west-3,gr6.4xlarge,L4,1.0,spot,0.535,0.535,instances.vantage.sh (AWS Price List mirror)
2026-08-31,AWS,eu-west-3,gr6.8xlarge,L4,1.0,ondemand,3.10536,3.10536,instances.vantage.sh (AWS Price List mirror)
2026-08-31,AWS,eu-west-3,gr6.8xlarge,L4,1.0,spot,0.7156,0.7156,instances.vantage.sh (AWS Price List mirror)
2026-08-31,AWS,eu-west-3-wl1-cmn1,g4dn.12xlarge,T4,4.0,ondemand,5.234,1.3085,instances.vantage.sh (AWS Price List mirror)
2026-08-31,AWS,eu-west-3-wl1-cmn1,g4dn.2xlarge,T4,1.0,ondemand,1.006,1.006,instances.vantage.sh (AWS Price List mirror)
2026-08-31,AWS,eu-west-3-wl1-dss1,g4dn.12xlarge,T4,4.0,ondemand,5.234,1.3085,instances.vantage.sh (AWS Price List mirror)
2026-08-31,AWS,eu-west-3-wl1-dss1,g4dn.2xlarge,T4,1.0,ondemand,1.006,1.006,instances.vantage.sh (AWS Price List mirror)
2026-08-31,AWS,il-central-1,g5.12xlarge,A10G,4.0,ondemand,6.64825,1.6620625,instances.vantage.sh (AWS Price List mirror)
2026-08-31,AWS,il-central-1,g5.12xlarge,A10G,4.0,spot,2.526335,0.63158375,instances.vantage.sh (AWS Price List mirror)
2026-08-31,AWS,il-central-1,g5.16xlarge,A10G,1.0,ondemand,4.80099,4.80099,instances.vantage.sh (AWS Price List mirror)
2026-08-31,AWS,il-central-1,g5.16xlarge,A10G,1.0,spot,1.056218,1.056218,instances.vantage.sh (AWS Price List mirror)
2026-08-31,AWS,il-central-1,g5.24xlarge,A10G,4.0,ondemand,9.54572,2.38643,instances.vantage.sh (AWS Price List mirror)
2026-08-31,AWS,il-central-1,g5.24xlarge,A10G,4.0,spot,7.15929,1.7898225,instances.vantage.sh (AWS Price List mirror)
2026-08-31,AWS,il-central-1,g5.2xlarge,A10G,1.0,ondemand,1.42061,1.42061,instances.vantage.sh (AWS Price List mirror)
2026-08-31,AWS,il-central-1,g5.2xlarge,A10G,1.0,spot,0.298328,0.298328,instances.vantage.sh (AWS Price List mirror)
2026-08-31,AWS,il-central-1,g5.48xlarge,A10G,8.0,ondemand,19.09145,2.38643125,instances.vantage.sh (AWS Price List mirror)
2026-08-31,AWS,il-central-1,g5.48xlarge,A10G,8.0,spot,12.409442,1.55118025,instances.vantage.sh (AWS Price List mirror)
2026-08-31,AWS,il-central-1,g5.4xlarge,A10G,1.0,ondemand,1.90352,1.90352,instances.vantage.sh (AWS Price List mirror)
2026-08-31,AWS,il-central-1,g5.4xlarge,A10G,1.0,spot,0.799478,0.799478,instances.vantage.sh (AWS Price List mirror)
2026-08-31,AWS,il-central-1,g5.8xlarge,A10G,1.0,ondemand,2.86934,2.86934,instances.vantage.sh (AWS Price List mirror)
2026-08-31,AWS,il-central-1,g5.8xlarge,A10G,1.0,spot,0.803415,0.803415,instances.vantage.sh (AWS Price List mirror)
2026-08-31,AWS,il-central-1,g5.xlarge,A10G,1.0,ondemand,1.17915,1.17915,instances.vantage.sh (AWS Price List mirror)
2026-08-31,AWS,il-central-1,g5.xlarge,A10G,1.0,spot,0.330162,0.330162,instances.vantage.sh (AWS Price List mirror)
2026-08-31,AWS,il-central-1,p4de.24xlarge,A100,8.0,ondemand,35.57346,4.4466825,instances.vantage.sh (AWS Price List mirror)
2026-08-31,AWS,il-central-1,p4de.24xlarge,A100,8.0,spot,5.691754,0.71146925,instances.vantage.sh (AWS Price List mirror)
2026-08-31,AWS,me-central-1,g5.12xlarge,A10G,4.0,ondemand,6.9575,1.739375,instances.vantage.sh (AWS Price List mirror)
2026-08-31,AWS,me-central-1,g5.12xlarge,A10G,4.0,spot,6.6792,1.6698,instances.vantage.sh (AWS Price List mirror)
2026-08-31,AWS,me-central-1,g5.16xlarge,A10G,1.0,ondemand,5.02432,5.02432,instances.vantage.sh (AWS Price List mirror)
2026-08-31,AWS,me-central-1,g5.16xlarge,A10G,1.0,spot,2.009728,2.009728,instances.vantage.sh (AWS Price List mirror)
2026-08-31,AWS,me-central-1,g5.24xlarge,A10G,4.0,ondemand,9.98976,2.49744,instances.vantage.sh (AWS Price List mirror)
2026-08-31,AWS,me-central-1,g5.24xlarge,A10G,4.0,spot,9.59017,2.3975425,instances.vantage.sh (AWS Price List mirror)
2026-08-31,AWS,me-central-1,g5.2xlarge,A10G,1.0,ondemand,1.48669,1.48669,instances.vantage.sh (AWS Price List mirror)
2026-08-31,AWS,me-central-1,g5.2xlarge,A10G,1.0,spot,0.847413,0.847413,instances.vantage.sh (AWS Price List mirror)
2026-08-31,AWS,me-central-1,g5.48xlarge,A10G,8.0,ondemand,19.97951,2.49743875,instances.vantage.sh (AWS Price List mirror)
2026-08-31,AWS,me-central-1,g5.48xlarge,A10G,8.0,spot,19.18033,2.39754125,instances.vantage.sh (AWS Price List mirror)
2026-08-31,AWS,me-central-1,g5.4xlarge,A10G,1.0,ondemand,1.99206,1.99206,instances.vantage.sh (AWS Price List mirror)
2026-08-31,AWS,me-central-1,g5.4xlarge,A10G,1.0,spot,1.095633,1.095633,instances.vantage.sh (AWS Price List mirror)
2026-08-31,AWS,me-central-1,g5.8xlarge,A10G,1.0,ondemand,3.00282,3.00282,instances.vantage.sh (AWS Price List mirror)
2026-08-31,AWS,me-central-1,g5.8xlarge,A10G,1.0,spot,1.561466,1.561466,instances.vantage.sh (AWS Price List mirror)
2026-08-31,AWS,me-central-1,g5.xlarge,A10G,1.0,ondemand,1.234,1.234,instances.vantage.sh (AWS Price List mirror)
2026-08-31,AWS,me-central-1,g5.xlarge,A10G,1.0,spot,0.71572,0.71572,instances.vantage.sh (AWS Price List mirror)
2026-08-31,AWS,me-central-1,g6.12xlarge,L4,4.0,ondemand,5.65045,1.4126125,instances.vantage.sh (AWS Price List mirror)
2026-08-31,AWS,me-central-1,g6.12xlarge,L4,4.0,spot,2.316685,0.57917125,instances.vantage.sh (AWS Price List mirror)
2026-08-31,AWS,me-central-1,g6.16xlarge,L4,1.0,ondemand,4.17104,4.17104,instances.vantage.sh (AWS Price List mirror)
2026-08-31,AWS,me-central-1,g6.16xlarge,L4,1.0,spot,0.667366,0.667366,instances.vantage.sh (AWS Price List mirror)
2026-08-31,AWS,me-central-1,g6.24xlarge,L4,4.0,ondemand,8.19669,2.0491725,instances.vantage.sh (AWS Price List mirror)
2026-08-31,AWS,me-central-1,g6.24xlarge,L4,4.0,spot,7.540955,1.88523875,instances.vantage.sh (AWS Price List mirror)
2026-08-31,AWS,me-central-1,g6.2xlarge,L4,1.0,ondemand,1.20043,1.20043,instances.vantage.sh (AWS Price List mirror)
2026-08-31,AWS,me-central-1,g6.2xlarge,L4,1.0,spot,0.516185,0.516185,instances.vantage.sh (AWS Price List mirror)
2026-08-31,AWS,me-central-1,g6.48xlarge,L4,8.0,ondemand,16.39339,2.04917375,instances.vantage.sh (AWS Price List mirror)
2026-08-31,AWS,me-central-1,g6.48xlarge,L4,8.0,spot,15.901588,1.9876985,instances.vantage.sh (AWS Price List mirror)
2026-08-31,AWS,me-central-1,g6.4xlarge,L4,1.0,ondemand,1.6248,1.6248,instances.vantage.sh (AWS Price List mirror)
2026-08-31,AWS,me-central-1,g6.4xlarge,L4,1.0,spot,0.796152,0.796152,instances.vantage.sh (AWS Price List mirror)
2026-08-31,AWS,me-central-1,g6.8xlarge,L4,1.0,ondemand,2.47355,2.47355,instances.vantage.sh (AWS Price List mirror)
2026-08-31,AWS,me-central-1,g6.8xlarge,L4,1.0,spot,0.519446,0.519446,instances.vantage.sh (AWS Price List mirror)
2026-08-31,AWS,me-central-1,g6.xlarge,L4,1.0,ondemand,0.98824,0.98824,instances.vantage.sh (AWS Price List mirror)
2026-08-31,AWS,me-central-1,g6.xlarge,L4,1.0,spot,0.74118,0.74118,instances.vantage.sh (AWS Price List mirror)
2026-08-31,AWS,me-central-1,g6e.12xlarge,L40S,4.0,ondemand,12.87194,3.217985,instances.vantage.sh (AWS Price List mirror)
2026-08-31,AWS,me-central-1,g6e.12xlarge,L40S,4.0,spot,2.831827,0.70795675,instances.vantage.sh (AWS Price List mirror)
2026-08-31,AWS,me-central-1,g6e.16xlarge,L40S,1.0,ondemand,9.2954,9.2954,instances.vantage.sh (AWS Price List mirror)
2026-08-31,AWS,me-central-1,g6e.16xlarge,L40S,1.0,spot,2.137942,2.137942,instances.vantage.sh (AWS Price List mirror)
2026-08-31,AWS,me-central-1,g6e.24xlarge,L40S,4.0,ondemand,18.48186,4.620465,instances.vantage.sh (AWS Price List mirror)
2026-08-31,AWS,me-central-1,g6e.24xlarge,L40S,4.0,spot,4.066009,1.01650225,instances.vantage.sh (AWS Price List mirror)
2026-08-31,AWS,me-central-1,g6e.2xlarge,L40S,1.0,ondemand,2.75049,2.75049,instances.vantage.sh (AWS Price List mirror)
2026-08-31,AWS,me-central-1,g6e.2xlarge,L40S,1.0,spot,0.715127,0.715127,instances.vantage.sh (AWS Price List mirror)
2026-08-31,AWS,me-central-1,g6e.48xlarge,L40S,8.0,ondemand,36.96372,4.620465,instances.vantage.sh (AWS Price List mirror)
2026-08-31,AWS,me-central-1,g6e.48xlarge,L40S,8.0,spot,20.699683,2.587460375,instances.vantage.sh (AWS Price List mirror)
2026-08-31,AWS,me-central-1,g6e.4xlarge,L40S,1.0,ondemand,3.68548,3.68548,instances.vantage.sh (AWS Price List mirror)
2026-08-31,AWS,me-central-1,g6e.4xlarge,L40S,1.0,spot,0.84766,0.84766,instances.vantage.sh (AWS Price List mirror)
2026-08-31,AWS,me-central-1,g6e.8xlarge,L40S,1.0,ondemand,5.55545,5.55545,instances.vantage.sh (AWS Price List mirror)
2026-08-31,AWS,me-central-1,g6e.8xlarge,L40S,1.0,spot,1.333308,1.333308,instances.vantage.sh (AWS Price List mirror)
2026-08-31,AWS,me-central-1,g6e.xlarge,L40S,1.0,ondemand,2.283,2.283,instances.vantage.sh (AWS Price List mirror)
2026-08-31,AWS,me-central-1,g6e.xlarge,L40S,1.0,spot,0.59358,0.59358,instances.vantage.sh (AWS Price List mirror)
2026-08-31,AWS,me-central-1,p5en.48xlarge,H200,8.0,ondemand,75.9552,9.4944,instances.vantage.sh (AWS Price List mirror)
2026-08-31,AWS,me-south-1,g4dn.12xlarge,T4,4.0,ondemand,4.798,1.1995,instances.vantage.sh (AWS Price List mirror)
2026-08-31,AWS,me-south-1,g4dn.12xlarge,T4,4.0,spot,0.7197,0.179925,instances.vantage.sh (AWS Price List mirror)
2026-08-31,AWS,me-south-1,g4dn.16xlarge,T4,1.0,ondemand,5.338,5.338,instances.vantage.sh (AWS Price List mirror)
2026-08-31,AWS,me-south-1,g4dn.16xlarge,T4,1.0,spot,0.64056,0.64056,instances.vantage.sh (AWS Price List mirror)
2026-08-31,AWS,me-south-1,g4dn.2xlarge,T4,1.0,ondemand,0.922,0.922,instances.vantage.sh (AWS Price List mirror)
2026-08-31,AWS,me-south-1,g4dn.2xlarge,T4,1.0,spot,0.31348,0.31348,instances.vantage.sh (AWS Price List mirror)
2026-08-31,AWS,me-south-1,g4dn.4xlarge,T4,1.0,ondemand,1.477,1.477,instances.vantage.sh (AWS Price List mirror)
2026-08-31,AWS,me-south-1,g4dn.4xlarge,T4,1.0,spot,0.48741,0.48741,instances.vantage.sh (AWS Price List mirror)
2026-08-31,AWS,me-south-1,g4dn.8xlarge,T4,1.0,ondemand,2.669,2.669,instances.vantage.sh (AWS Price List mirror)
2026-08-31,AWS,me-south-1,g4dn.8xlarge,T4,1.0,spot,0.5338,0.5338,instances.vantage.sh (AWS Price List mirror)
2026-08-31,AWS,me-south-1,g4dn.metal,T4,8.0,ondemand,9.596,1.1995,instances.vantage.sh (AWS Price List mirror)
2026-08-31,AWS,me-south-1,g4dn.metal,T4,8.0,spot,0.9596,0.11995,instances.vantage.sh (AWS Price List mirror)
2026-08-31,AWS,me-south-1,g4dn.xlarge,T4,1.0,ondemand,0.645,0.645,instances.vantage.sh (AWS Price List mirror)
2026-08-31,AWS,me-south-1,g4dn.xlarge,T4,1.0,spot,0.129,0.129,instances.vantage.sh (AWS Price List mirror)
2026-08-31,AWS,me-south-1-mct-1,g4dn.2xlarge,T4,1.0,ondemand,1.153,1.153,instances.vantage.sh (AWS Price List mirror)
2026-08-31,AWS,sa-east-1,g4dn.12xlarge,T4,4.0,ondemand,6.649,1.66225,instances.vantage.sh (AWS Price List mirror)
2026-08-31,AWS,sa-east-1,g4dn.12xlarge,T4,4.0,spot,1.8593,0.464825,instances.vantage.sh (AWS Price List mirror)
2026-08-31,AWS,sa-east-1,g4dn.16xlarge,T4,1.0,ondemand,7.397,7.397,instances.vantage.sh (AWS Price List mirror)
2026-08-31,AWS,sa-east-1,g4dn.16xlarge,T4,1.0,spot,0.7397,0.7397,instances.vantage.sh (AWS Price List mirror)
2026-08-31,AWS,sa-east-1,g4dn.2xlarge,T4,1.0,ondemand,1.278,1.278,instances.vantage.sh (AWS Price List mirror)
2026-08-31,AWS,sa-east-1,g4dn.2xlarge,T4,1.0,spot,0.140067,0.140067,instances.vantage.sh (AWS Price List mirror)
2026-08-31,AWS,sa-east-1,g4dn.4xlarge,T4,1.0,ondemand,2.046,2.046,instances.vantage.sh (AWS Price List mirror)
2026-08-31,AWS,sa-east-1,g4dn.4xlarge,T4,1.0,spot,0.233633,0.233633,instances.vantage.sh (AWS Price List mirror)
2026-08-31,AWS,sa-east-1,g4dn.8xlarge,T4,1.0,ondemand,3.698,3.698,instances.vantage.sh (AWS Price List mirror)
2026-08-31,AWS,sa-east-1,g4dn.8xlarge,T4,1.0,spot,0.407733,0.407733,instances.vantage.sh (AWS Price List mirror)
2026-08-31,AWS,sa-east-1,g4dn.metal,T4,8.0,ondemand,13.298,1.66225,instances.vantage.sh (AWS Price List mirror)
2026-08-31,AWS,sa-east-1,g4dn.metal,T4,8.0,spot,2.893367,0.361670875,instances.vantage.sh (AWS Price List mirror)
2026-08-31,AWS,sa-east-1,g4dn.xlarge,T4,1.0,ondemand,0.894,0.894,instances.vantage.sh (AWS Price List mirror)
2026-08-31,AWS,sa-east-1,g4dn.xlarge,T4,1.0,spot,0.103667,0.103667,instances.vantage.sh (AWS Price List mirror)
2026-08-31,AWS,sa-east-1,g5.12xlarge,A10G,4.0,ondemand,9.64127,2.4103175,instances.vantage.sh (AWS Price List mirror)
2026-08-31,AWS,sa-east-1,g5.12xlarge,A10G,4.0,spot,8.1971,2.049275,instances.vantage.sh (AWS Price List mirror)
2026-08-31,AWS,sa-east-1,g5.16xlarge,A10G,1.0,ondemand,6.96239,6.96239,instances.vantage.sh (AWS Price List mirror)
2026-08-31,AWS,sa-east-1,g5.16xlarge,A10G,1.0,spot,5.9195,5.9195,instances.vantage.sh (AWS Price List mirror)
2026-08-31,AWS,sa-east-1,g5.24xlarge,A10G,4.0,ondemand,13.84318,3.460795,instances.vantage.sh (AWS Price List mirror)
2026-08-31,AWS,sa-east-1,g5.24xlarge,A10G,4.0,spot,8.0827,2.020675,instances.vantage.sh (AWS Price List mirror)
2026-08-31,AWS,sa-east-1,g5.2xlarge,A10G,1.0,ondemand,2.06016,2.06016,instances.vantage.sh (AWS Price List mirror)
2026-08-31,AWS,sa-east-1,g5.2xlarge,A10G,1.0,spot,0.3529,0.3529,instances.vantage.sh (AWS Price List mirror)
2026-08-31,AWS,sa-east-1,g5.48xlarge,A10G,8.0,ondemand,27.68636,3.460795,instances.vantage.sh (AWS Price List mirror)
2026-08-31,AWS,sa-east-1,g5.48xlarge,A10G,8.0,spot,23.52015,2.94001875,instances.vantage.sh (AWS Price List mirror)
2026-08-31,AWS,sa-east-1,g5.4xlarge,A10G,1.0,ondemand,2.76048,2.76048,instances.vantage.sh (AWS Price List mirror)
2026-08-31,AWS,sa-east-1,g5.4xlarge,A10G,1.0,spot,0.7615,0.7615,instances.vantage.sh (AWS Price List mirror)
2026-08-31,AWS,sa-east-1,g5.8xlarge,A10G,1.0,ondemand,4.16111,4.16111,instances.vantage.sh (AWS Price List mirror)
2026-08-31,AWS,sa-east-1,g5.8xlarge,A10G,1.0,spot,2.7967,2.7967,instances.vantage.sh (AWS Price List mirror)
2026-08-31,AWS,sa-east-1,g5.xlarge,A10G,1.0,ondemand,1.71,1.71,instances.vantage.sh (AWS Price List mirror)
2026-08-31,AWS,sa-east-1,g5.xlarge,A10G,1.0,spot,0.3865,0.3865,instances.vantage.sh (AWS Price List mirror)
2026-08-31,AWS,sa-east-1,g6.12xlarge,L4,4.0,ondemand,7.82181,1.9554525,instances.vantage.sh (AWS Price List mirror)
2026-08-31,AWS,sa-east-1,g6.12xlarge,L4,4.0,spot,1.77495,0.4437375,instances.vantage.sh (AWS Price List mirror)
2026-08-31,AWS,sa-east-1,g6.16xlarge,L4,1.0,ondemand,5.77388,5.77388,instances.vantage.sh (AWS Price List mirror)
2026-08-31,AWS,sa-east-1,g6.16xlarge,L4,1.0,spot,1.40245,1.40245,instances.vantage.sh (AWS Price List mirror)
2026-08-31,AWS,sa-east-1,g6.24xlarge,L4,4.0,ondemand,11.34651,2.8366275,instances.vantage.sh (AWS Price List mirror)
2026-08-31,AWS,sa-east-1,g6.24xlarge,L4,4.0,spot,4.4188,1.1047,instances.vantage.sh (AWS Price List mirror)
2026-08-31,AWS,sa-east-1,g6.2xlarge,L4,1.0,ondemand,1.66173,1.66173,instances.vantage.sh (AWS Price List mirror)
2026-08-31,AWS,sa-east-1,g6.2xlarge,L4,1.0,spot,0.33395,0.33395,instances.vantage.sh (AWS Price List mirror)
2026-08-31,AWS,sa-east-1,g6.48xlarge,L4,8.0,ondemand,22.69303,2.83662875,instances.vantage.sh (AWS Price List mirror)
2026-08-31,AWS,sa-east-1,g6.48xlarge,L4,8.0,spot,7.13095,0.89136875,instances.vantage.sh (AWS Price List mirror)
2026-08-31,AWS,sa-east-1,g6.4xlarge,L4,1.0,ondemand,2.24918,2.24918,instances.vantage.sh (AWS Price List mirror)
2026-08-31,AWS,sa-east-1,g6.4xlarge,L4,1.0,spot,0.5035,0.5035,instances.vantage.sh (AWS Price List mirror)
2026-08-31,AWS,sa-east-1,g6.8xlarge,L4,1.0,ondemand,3.42408,3.42408,instances.vantage.sh (AWS Price List mirror)
2026-08-31,AWS,sa-east-1,g6.8xlarge,L4,1.0,spot,0.4229,0.4229,instances.vantage.sh (AWS Price List mirror)
2026-08-31,AWS,sa-east-1,g6.xlarge,L4,1.0,ondemand,1.368,1.368,instances.vantage.sh (AWS Price List mirror)
2026-08-31,AWS,sa-east-1,g6.xlarge,L4,1.0,spot,0.22425,0.22425,instances.vantage.sh (AWS Price List mirror)
2026-08-31,AWS,sa-east-1,g6f.2xlarge,L4,0.25,ondemand,0.80742,3.22968,instances.vantage.sh (AWS Price List mirror)
2026-08-31,AWS,sa-east-1,g6f.2xlarge,L4,0.25,spot,0.3195,1.278,instances.vantage.sh (AWS Price List mirror)
2026-08-31,AWS,sa-east-1,g6f.4xlarge,L4,0.5,ondemand,1.61483,3.22966,instances.vantage.sh (AWS Price List mirror)
2026-08-31,AWS,sa-east-1,g6f.4xlarge,L4,0.5,spot,0.81595,1.6319,instances.vantage.sh (AWS Price List mirror)
2026-08-31,AWS,sa-east-1,g6f.large,L4,0.125,ondemand,0.34336,2.74688,instances.vantage.sh (AWS Price List mirror)
2026-08-31,AWS,sa-east-1,g6f.large,L4,0.125,spot,0.129,1.032,instances.vantage.sh (AWS Price List mirror)
2026-08-31,AWS,sa-east-1,g6f.xlarge,L4,0.125,ondemand,0.40371,3.22968,instances.vantage.sh (AWS Price List mirror)
2026-08-31,AWS,sa-east-1,g6f.xlarge,L4,0.125,spot,0.1717,1.3736,instances.vantage.sh (AWS Price List mirror)
2026-08-31,AWS,sa-east-1,gr6.4xlarge,L4,1.0,ondemand,2.6164,2.6164,instances.vantage.sh (AWS Price List mirror)
2026-08-31,AWS,sa-east-1,gr6.4xlarge,L4,1.0,spot,0.3651,0.3651,instances.vantage.sh (AWS Price List mirror)
2026-08-31,AWS,sa-east-1,gr6.8xlarge,L4,1.0,ondemand,4.1585,4.1585,instances.vantage.sh (AWS Price List mirror)
2026-08-31,AWS,sa-east-1,gr6.8xlarge,L4,1.0,spot,1.1615,1.1615,instances.vantage.sh (AWS Price List mirror)
2026-08-31,AWS,sa-east-1,gr6f.4xlarge,L4,0.5,ondemand,1.81203,3.62406,instances.vantage.sh (AWS Price List mirror)
2026-08-31,AWS,sa-east-1,gr6f.4xlarge,L4,0.5,spot,0.81675,1.6335,instances.vantage.sh (AWS Price List mirror)
2026-08-31,AWS,sa-east-1,p4d.24xlarge,A100,8.0,ondemand,35.5569,4.4446125,instances.vantage.sh (AWS Price List mirror)
2026-08-31,AWS,sa-east-1,p4d.24xlarge,A100,8.0,spot,30.1863,3.7732875,instances.vantage.sh (AWS Price List mirror)
2026-08-31,AWS,sa-east-1,p5.48xlarge,H100,8.0,ondemand,92.4672,11.5584,instances.vantage.sh (AWS Price List mirror)
2026-08-31,AWS,sa-east-1,p5.48xlarge,H100,8.0,spot,78.5649,9.8206125,instances.vantage.sh (AWS Price List mirror)
2026-08-31,AWS,sa-east-1,p5.4xlarge,H100,1.0,ondemand,11.5584,11.5584,instances.vantage.sh (AWS Price List mirror)
2026-08-31,AWS,sa-east-1,p5.4xlarge,H100,1.0,spot,9.8271,9.8271,instances.vantage.sh (AWS Price List mirror)
2026-08-31,AWS,sa-east-1,p6-b300.48xlarge,NVIDIA B300,8.0,ondemand,281.13,35.14125,instances.vantage.sh (AWS Price List mirror)
2026-08-31,AWS,us-east-1,g2.2xlarge,K520,1.0,ondemand,0.65,0.65,instances.vantage.sh (AWS Price List mirror)
2026-08-31,AWS,us-east-1,g2.8xlarge,K520,4.0,ondemand,2.6,0.65,instances.vantage.sh (AWS Price List mirror)
2026-08-31,AWS,us-east-1,g3.16xlarge,M60,4.0,ondemand,4.56,1.14,instances.vantage.sh (AWS Price List mirror)
2026-08-31,AWS,us-east-1,g3.4xlarge,M60,1.0,ondemand,1.14,1.14,instances.vantage.sh (AWS Price List mirror)
2026-08-31,AWS,us-east-1,g3.8xlarge,M60,2.0,ondemand,2.28,1.14,instances.vantage.sh (AWS Price List mirror)
2026-08-31,AWS,us-east-1,g3s.xlarge,M60,1.0,ondemand,0.75,0.75,instances.vantage.sh (AWS Price List mirror)
2026-08-31,AWS,us-east-1,g4ad.16xlarge,V520,4.0,ondemand,3.468,0.867,instances.vantage.sh (AWS Price List mirror)
2026-08-31,AWS,us-east-1,g4ad.16xlarge,V520,4.0,spot,2.3666,0.59165,instances.vantage.sh (AWS Price List mirror)
2026-08-31,AWS,us-east-1,g4ad.2xlarge,V520,1.0,ondemand,0.54117,0.54117,instances.vantage.sh (AWS Price List mirror)
2026-08-31,AWS,us-east-1,g4ad.2xlarge,V520,1.0,spot,0.23025,0.23025,instances.vantage.sh (AWS Price List mirror)
2026-08-31,AWS,us-east-1,g4ad.4xlarge,V520,1.0,ondemand,0.867,0.867,instances.vantage.sh (AWS Price List mirror)
2026-08-31,AWS,us-east-1,g4ad.4xlarge,V520,1.0,spot,0.395425,0.395425,instances.vantage.sh (AWS Price List mirror)
2026-08-31,AWS,us-east-1,g4ad.8xlarge,V520,2.0,ondemand,1.734,0.867,instances.vantage.sh (AWS Price List mirror)
2026-08-31,AWS,us-east-1,g4ad.8xlarge,V520,2.0,spot,0.72835,0.364175,instances.vantage.sh (AWS Price List mirror)
2026-08-31,AWS,us-east-1,g4ad.xlarge,V520,1.0,ondemand,0.37853,0.37853,instances.vantage.sh (AWS Price List mirror)
2026-08-31,AWS,us-east-1,g4ad.xlarge,V520,1.0,spot,0.120675,0.120675,instances.vantage.sh (AWS Price List mirror)
2026-08-31,AWS,us-east-1,g4dn.12xlarge,T4,4.0,ondemand,3.912,0.978,instances.vantage.sh (AWS Price List mirror)
2026-08-31,AWS,us-east-1,g4dn.12xlarge,T4,4.0,spot,1.74822,0.437055,instances.vantage.sh (AWS Price List mirror)
2026-08-31,AWS,us-east-1,g4dn.16xlarge,T4,1.0,ondemand,4.352,4.352,instances.vantage.sh (AWS Price List mirror)
2026-08-31,AWS,us-east-1,g4dn.16xlarge,T4,1.0,spot,1.56086,1.56086,instances.vantage.sh (AWS Price List mirror)
2026-08-31,AWS,us-east-1,g4dn.2xlarge,T4,1.0,ondemand,0.752,0.752,instances.vantage.sh (AWS Price List mirror)
2026-08-31,AWS,us-east-1,g4dn.2xlarge,T4,1.0,spot,0.40978,0.40978,instances.vantage.sh (AWS Price List mirror)
2026-08-31,AWS,us-east-1,g4dn.4xlarge,T4,1.0,ondemand,1.204,1.204,instances.vantage.sh (AWS Price List mirror)
2026-08-31,AWS,us-east-1,g4dn.4xlarge,T4,1.0,spot,0.59732,0.59732,instances.vantage.sh (AWS Price List mirror)
2026-08-31,AWS,us-east-1,g4dn.8xlarge,T4,1.0,ondemand,2.176,2.176,instances.vantage.sh (AWS Price List mirror)
2026-08-31,AWS,us-east-1,g4dn.8xlarge,T4,1.0,spot,0.87546,0.87546,instances.vantage.sh (AWS Price List mirror)
2026-08-31,AWS,us-east-1,g4dn.metal,T4,8.0,ondemand,7.824,0.978,instances.vantage.sh (AWS Price List mirror)
2026-08-31,AWS,us-east-1,g4dn.metal,T4,8.0,spot,5.69702,0.7121275,instances.vantage.sh (AWS Price List mirror)
2026-08-31,AWS,us-east-1,g4dn.xlarge,T4,1.0,ondemand,0.526,0.526,instances.vantage.sh (AWS Price List mirror)
2026-08-31,AWS,us-east-1,g4dn.xlarge,T4,1.0,spot,0.34888,0.34888,instances.vantage.sh (AWS Price List mirror)
2026-08-31,AWS,us-east-1,g5.12xlarge,A10G,4.0,ondemand,5.672,1.418,instances.vantage.sh (AWS Price List mirror)
2026-08-31,AWS,us-east-1,g5.12xlarge,A10G,4.0,spot,4.81448,1.20362,instances.vantage.sh (AWS Price List mirror)
2026-08-31,AWS,us-east-1,g5.16xlarge,A10G,1.0,ondemand,4.096,4.096,instances.vantage.sh (AWS Price List mirror)
2026-08-31,AWS,us-east-1,g5.16xlarge,A10G,1.0,spot,2.83414,2.83414,instances.vantage.sh (AWS Price List mirror)
2026-08-31,AWS,us-east-1,g5.24xlarge,A10G,4.0,ondemand,8.144,2.036,instances.vantage.sh (AWS Price List mirror)
2026-08-31,AWS,us-east-1,g5.24xlarge,A10G,4.0,spot,4.09654,1.024135,instances.vantage.sh (AWS Price List mirror)
2026-08-31,AWS,us-east-1,g5.2xlarge,A10G,1.0,ondemand,1.212,1.212,instances.vantage.sh (AWS Price List mirror)
2026-08-31,AWS,us-east-1,g5.2xlarge,A10G,1.0,spot,0.85118,0.85118,instances.vantage.sh (AWS Price List mirror)
2026-08-31,AWS,us-east-1,g5.48xlarge,A10G,8.0,ondemand,16.288,2.036,instances.vantage.sh (AWS Price List mirror)
2026-08-31,AWS,us-east-1,g5.48xlarge,A10G,8.0,spot,9.95276,1.244095,instances.vantage.sh (AWS Price List mirror)
2026-08-31,AWS,us-east-1,g5.4xlarge,A10G,1.0,ondemand,1.624,1.624,instances.vantage.sh (AWS Price List mirror)
2026-08-31,AWS,us-east-1,g5.4xlarge,A10G,1.0,spot,1.09766,1.09766,instances.vantage.sh (AWS Price List mirror)
2026-08-31,AWS,us-east-1,g5.8xlarge,A10G,1.0,ondemand,2.448,2.448,instances.vantage.sh (AWS Price List mirror)
2026-08-31,AWS,us-east-1,g5.8xlarge,A10G,1.0,spot,1.4082,1.4082,instances.vantage.sh (AWS Price List mirror)
2026-08-31,AWS,us-east-1,g5.xlarge,A10G,1.0,ondemand,1.006,1.006,instances.vantage.sh (AWS Price List mirror)
2026-08-31,AWS,us-east-1,g5.xlarge,A10G,1.0,spot,0.6664,0.6664,instances.vantage.sh (AWS Price List mirror)
2026-08-31,AWS,us-east-1,g5g.16xlarge,T4G,2.0,ondemand,2.744,1.372,instances.vantage.sh (AWS Price List mirror)
2026-08-31,AWS,us-east-1,g5g.16xlarge,T4G,2.0,spot,0.8391,0.41955,instances.vantage.sh (AWS Price List mirror)
2026-08-31,AWS,us-east-1,g5g.2xlarge,T4G,1.0,ondemand,0.556,0.556,instances.vantage.sh (AWS Price List mirror)
2026-08-31,AWS,us-east-1,g5g.2xlarge,T4G,1.0,spot,0.405325,0.405325,instances.vantage.sh (AWS Price List mirror)
2026-08-31,AWS,us-east-1,g5g.4xlarge,T4G,1.0,ondemand,0.828,0.828,instances.vantage.sh (AWS Price List mirror)
2026-08-31,AWS,us-east-1,g5g.4xlarge,T4G,1.0,spot,0.469775,0.469775,instances.vantage.sh (AWS Price List mirror)
2026-08-31,AWS,us-east-1,g5g.8xlarge,T4G,1.0,ondemand,1.372,1.372,instances.vantage.sh (AWS Price List mirror)
2026-08-31,AWS,us-east-1,g5g.8xlarge,T4G,1.0,spot,0.691925,0.691925,instances.vantage.sh (AWS Price List mirror)
2026-08-31,AWS,us-east-1,g5g.metal,T4G,2.0,ondemand,2.744,1.372,instances.vantage.sh (AWS Price List mirror)
2026-08-31,AWS,us-east-1,g5g.metal,T4G,2.0,spot,0.69055,0.345275,instances.vantage.sh (AWS Price List mirror)
2026-08-31,AWS,us-east-1,g5g.xlarge,T4G,1.0,ondemand,0.42,0.42,instances.vantage.sh (AWS Price List mirror)
2026-08-31,AWS,us-east-1,g5g.xlarge,T4G,1.0,spot,0.181475,0.181475,instances.vantage.sh (AWS Price List mirror)
2026-08-31,AWS,us-east-1,g6.12xlarge,L4,4.0,ondemand,4.6016,1.1504,instances.vantage.sh (AWS Price List mirror)
2026-08-31,AWS,us-east-1,g6.12xlarge,L4,4.0,spot,3.5131,0.878275,instances.vantage.sh (AWS Price List mirror)
2026-08-31,AWS,us-east-1,g6.16xlarge,L4,1.0,ondemand,3.3968,3.3968,instances.vantage.sh (AWS Price List mirror)
2026-08-31,AWS,us-east-1,g6.16xlarge,L4,1.0,spot,1.56674,1.56674,instances.vantage.sh (AWS Price List mirror)
2026-08-31,AWS,us-east-1,g6.24xlarge,L4,4.0,ondemand,6.6752,1.6688,instances.vantage.sh (AWS Price List mirror)
2026-08-31,AWS,us-east-1,g6.24xlarge,L4,4.0,spot,4.57812,1.14453,instances.vantage.sh (AWS Price List mirror)
2026-08-31,AWS,us-east-1,g6.2xlarge,L4,1.0,ondemand,0.9776,0.9776,instances.vantage.sh (AWS Price List mirror)
2026-08-31,AWS,us-east-1,g6.2xlarge,L4,1.0,spot,0.96884,0.96884,instances.vantage.sh (AWS Price List mirror)
2026-08-31,AWS,us-east-1,g6.48xlarge,L4,8.0,ondemand,13.3504,1.6688,instances.vantage.sh (AWS Price List mirror)
2026-08-31,AWS,us-east-1,g6.48xlarge,L4,8.0,spot,8.84524,1.105655,instances.vantage.sh (AWS Price List mirror)
2026-08-31,AWS,us-east-1,g6.4xlarge,L4,1.0,ondemand,1.3232,1.3232,instances.vantage.sh (AWS Price List mirror)
2026-08-31,AWS,us-east-1,g6.4xlarge,L4,1.0,spot,1.23958,1.23958,instances.vantage.sh (AWS Price List mirror)
2026-08-31,AWS,us-east-1,g6.8xlarge,L4,1.0,ondemand,2.0144,2.0144,instances.vantage.sh (AWS Price List mirror)
2026-08-31,AWS,us-east-1,g6.8xlarge,L4,1.0,spot,1.11198,1.11198,instances.vantage.sh (AWS Price List mirror)
2026-08-31,AWS,us-east-1,g6.xlarge,L4,1.0,ondemand,0.8048,0.8048,instances.vantage.sh (AWS Price List mirror)
2026-08-31,AWS,us-east-1,g6.xlarge,L4,1.0,spot,0.74946,0.74946,instances.vantage.sh (AWS Price List mirror)
2026-08-31,AWS,us-east-1,g6e.12xlarge,L40S,4.0,ondemand,10.49264,2.62316,instances.vantage.sh (AWS Price List mirror)
2026-08-31,AWS,us-east-1,g6e.12xlarge,L40S,4.0,spot,7.249475,1.81236875,instances.vantage.sh (AWS Price List mirror)
2026-08-31,AWS,us-east-1,g6e.16xlarge,L40S,1.0,ondemand,7.57719,7.57719,instances.vantage.sh (AWS Price List mirror)
2026-08-31,AWS,us-east-1,g6e.16xlarge,L40S,1.0,spot,2.672925,2.672925,instances.vantage.sh (AWS Price List mirror)
2026-08-31,AWS,us-east-1,g6e.24xlarge,L40S,4.0,ondemand,15.06559,3.7663975,instances.vantage.sh (AWS Price List mirror)
2026-08-31,AWS,us-east-1,g6e.24xlarge,L40S,4.0,spot,6.45945,1.6148625,instances.vantage.sh (AWS Price List mirror)
2026-08-31,AWS,us-east-1,g6e.2xlarge,L40S,1.0,ondemand,2.24208,2.24208,instances.vantage.sh (AWS Price List mirror)
2026-08-31,AWS,us-east-1,g6e.2xlarge,L40S,1.0,spot,2.05965,2.05965,instances.vantage.sh (AWS Price List mirror)
2026-08-31,AWS,us-east-1,g6e.48xlarge,L40S,8.0,ondemand,30.13118,3.7663975,instances.vantage.sh (AWS Price List mirror)
2026-08-31,AWS,us-east-1,g6e.48xlarge,L40S,8.0,spot,14.49145,1.81143125,instances.vantage.sh (AWS Price List mirror)
2026-08-31,AWS,us-east-1,g6e.4xlarge,L40S,1.0,ondemand,3.00424,3.00424,instances.vantage.sh (AWS Price List mirror)
2026-08-31,AWS,us-east-1,g6e.4xlarge,L40S,1.0,spot,2.349775,2.349775,instances.vantage.sh (AWS Price List mirror)
2026-08-31,AWS,us-east-1,g6e.8xlarge,L40S,1.0,ondemand,4.52856,4.52856,instances.vantage.sh (AWS Price List mirror)
2026-08-31,AWS,us-east-1,g6e.8xlarge,L40S,1.0,spot,1.775625,1.775625,instances.vantage.sh (AWS Price List mirror)
2026-08-31,AWS,us-east-1,g6e.xlarge,L40S,1.0,ondemand,1.861,1.861,instances.vantage.sh (AWS Price List mirror)
2026-08-31,AWS,us-east-1,g6e.xlarge,L40S,1.0,spot,1.488475,1.488475,instances.vantage.sh (AWS Price List mirror)
2026-08-31,AWS,us-east-1,g6f.2xlarge,L4,0.25,ondemand,0.475,1.9,instances.vantage.sh (AWS Price List mirror)
2026-08-31,AWS,us-east-1,g6f.2xlarge,L4,0.25,spot,0.247425,0.9897,instances.vantage.sh (AWS Price List mirror)
2026-08-31,AWS,us-east-1,g6f.4xlarge,L4,0.5,ondemand,0.95,1.9,instances.vantage.sh (AWS Price List mirror)
2026-08-31,AWS,us-east-1,g6f.4xlarge,L4,0.5,spot,0.420925,0.84185,instances.vantage.sh (AWS Price List mirror)
2026-08-31,AWS,us-east-1,g6f.large,L4,0.125,ondemand,0.202,1.616,instances.vantage.sh (AWS Price List mirror)
2026-08-31,AWS,us-east-1,g6f.large,L4,0.125,spot,0.09265,0.7412,instances.vantage.sh (AWS Price List mirror)
2026-08-31,AWS,us-east-1,g6f.xlarge,L4,0.125,ondemand,0.2375,1.9,instances.vantage.sh (AWS Price List mirror)
2026-08-31,AWS,us-east-1,g6f.xlarge,L4,0.125,spot,0.11935,0.9548,instances.vantage.sh (AWS Price List mirror)
2026-08-31,AWS,us-east-1,g7.12xlarge,NVIDIA RTX PRO 4500 Blackwell,2.0,ondemand,7.12832,3.56416,instances.vantage.sh (AWS Price List mirror)
2026-08-31,AWS,us-east-1,g7.12xlarge,NVIDIA RTX PRO 4500 Blackwell,2.0,spot,1.910325,0.9551625,instances.vantage.sh (AWS Price List mirror)
2026-08-31,AWS,us-east-1,g7.24xlarge,NVIDIA RTX PRO 4500 Blackwell,4.0,ondemand,14.25664,3.56416,instances.vantage.sh (AWS Price List mirror)
2026-08-31,AWS,us-east-1,g7.24xlarge,NVIDIA RTX PRO 4500 Blackwell,4.0,spot,3.078075,0.76951875,instances.vantage.sh (AWS Price List mirror)
2026-08-31,AWS,us-east-1,g7.2xlarge,NVIDIA RTX PRO 4500 Blackwell,1.0,ondemand,2.52,2.52,instances.vantage.sh (AWS Price List mirror)
2026-08-31,AWS,us-east-1,g7.2xlarge,NVIDIA RTX PRO 4500 Blackwell,1.0,spot,0.7718,0.7718,instances.vantage.sh (AWS Price List mirror)
2026-08-31,AWS,us-east-1,g7.48xlarge,NVIDIA RTX PRO 4500 Blackwell,8.0,ondemand,28.51328,3.56416,instances.vantage.sh (AWS Price List mirror)
2026-08-31,AWS,us-east-1,g7.48xlarge,NVIDIA RTX PRO 4500 Blackwell,8.0,spot,6.08835,0.76104375,instances.vantage.sh (AWS Price List mirror)
2026-08-31,AWS,us-east-1,g7.4xlarge,NVIDIA RTX PRO 4500 Blackwell,1.0,ondemand,3.04208,3.04208,instances.vantage.sh (AWS Price List mirror)
2026-08-31,AWS,us-east-1,g7.4xlarge,NVIDIA RTX PRO 4500 Blackwell,1.0,spot,0.866,0.866,instances.vantage.sh (AWS Price List mirror)
2026-08-31,AWS,us-east-1,g7.8xlarge,NVIDIA RTX PRO 4500 Blackwell,1.0,ondemand,4.08624,4.08624,instances.vantage.sh (AWS Price List mirror)
2026-08-31,AWS,us-east-1,g7.8xlarge,NVIDIA RTX PRO 4500 Blackwell,1.0,spot,1.1576,1.1576,instances.vantage.sh (AWS Price List mirror)
2026-08-31,AWS,us-east-1,g7e.12xlarge,NVIDIA RTX PRO 6000 Blackwell,2.0,ondemand,8.28608,4.14304,instances.vantage.sh (AWS Price List mirror)
2026-08-31,AWS,us-east-1,g7e.12xlarge,NVIDIA RTX PRO 6000 Blackwell,2.0,spot,5.36455,2.682275,instances.vantage.sh (AWS Price List mirror)
2026-08-31,AWS,us-east-1,g7e.24xlarge,NVIDIA RTX PRO 6000 Blackwell,4.0,ondemand,16.57216,4.14304,instances.vantage.sh (AWS Price List mirror)
2026-08-31,AWS,us-east-1,g7e.24xlarge,NVIDIA RTX PRO 6000 Blackwell,4.0,spot,10.84985,2.7124625,instances.vantage.sh (AWS Price List mirror)
2026-08-31,AWS,us-east-1,g7e.2xlarge,NVIDIA RTX PRO 6000 Blackwell,1.0,ondemand,3.36312,3.36312,instances.vantage.sh (AWS Price List mirror)
2026-08-31,AWS,us-east-1,g7e.2xlarge,NVIDIA RTX PRO 6000 Blackwell,1.0,spot,1.45015,1.45015,instances.vantage.sh (AWS Price List mirror)
2026-08-31,AWS,us-east-1,g7e.48xlarge,NVIDIA RTX PRO 6000 Blackwell,8.0,ondemand,33.14432,4.14304,instances.vantage.sh (AWS Price List mirror)
2026-08-31,AWS,us-east-1,g7e.48xlarge,NVIDIA RTX PRO 6000 Blackwell,8.0,spot,19.3274,2.415925,instances.vantage.sh (AWS Price List mirror)
2026-08-31,AWS,us-east-1,g7e.4xlarge,NVIDIA RTX PRO 6000 Blackwell,1.0,ondemand,3.99816,3.99816,instances.vantage.sh (AWS Price List mirror)
2026-08-31,AWS,us-east-1,g7e.4xlarge,NVIDIA RTX PRO 6000 Blackwell,1.0,spot,1.93545,1.93545,instances.vantage.sh (AWS Price List mirror)
2026-08-31,AWS,us-east-1,g7e.8xlarge,NVIDIA RTX PRO 6000 Blackwell,1.0,ondemand,5.26824,5.26824,instances.vantage.sh (AWS Price List mirror)
2026-08-31,AWS,us-east-1,g7e.8xlarge,NVIDIA RTX PRO 6000 Blackwell,1.0,spot,3.1141,3.1141,instances.vantage.sh (AWS Price List mirror)
2026-08-31,AWS,us-east-1,gr6.4xlarge,L4,1.0,ondemand,1.5392,1.5392,instances.vantage.sh (AWS Price List mirror)
2026-08-31,AWS,us-east-1,gr6.4xlarge,L4,1.0,spot,0.924975,0.924975,instances.vantage.sh (AWS Price List mirror)
2026-08-31,AWS,us-east-1,gr6.8xlarge,L4,1.0,ondemand,2.4464,2.4464,instances.vantage.sh (AWS Price List mirror)
2026-08-31,AWS,us-east-1,gr6.8xlarge,L4,1.0,spot,1.197425,1.197425,instances.vantage.sh (AWS Price List mirror)
2026-08-31,AWS,us-east-1,gr6f.4xlarge,L4,0.5,ondemand,1.066,2.132,instances.vantage.sh (AWS Price List mirror)
2026-08-31,AWS,us-east-1,gr6f.4xlarge,L4,0.5,spot,0.5524,1.1048,instances.vantage.sh (AWS Price List mirror)
2026-08-31,AWS,us-east-1,p2.16xlarge,K80,16.0,ondemand,14.4,0.9,instances.vantage.sh (AWS Price List mirror)
2026-08-31,AWS,us-east-1,p2.8xlarge,K80,8.0,ondemand,7.2,0.9,instances.vantage.sh (AWS Price List mirror)
2026-08-31,AWS,us-east-1,p2.xlarge,K80,1.0,ondemand,0.9,0.9,instances.vantage.sh (AWS Price List mirror)
2026-08-31,AWS,us-east-1,p3.16xlarge,V100,8.0,ondemand,24.48,3.06,instances.vantage.sh (AWS Price List mirror)
2026-08-31,AWS,us-east-1,p3.16xlarge,V100,8.0,spot,3.1824,0.3978,instances.vantage.sh (AWS Price List mirror)
2026-08-31,AWS,us-east-1,p3.2xlarge,V100,1.0,ondemand,3.06,3.06,instances.vantage.sh (AWS Price List mirror)
2026-08-31,AWS,us-east-1,p3.2xlarge,V100,1.0,spot,0.4284,0.4284,instances.vantage.sh (AWS Price List mirror)
2026-08-31,AWS,us-east-1,p3.8xlarge,V100,4.0,ondemand,12.24,3.06,instances.vantage.sh (AWS Price List mirror)
2026-08-31,AWS,us-east-1,p3.8xlarge,V100,4.0,spot,1.836,0.459,instances.vantage.sh (AWS Price List mirror)
2026-08-31,AWS,us-east-1,p3dn.24xlarge,V100,8.0,ondemand,31.212,3.9015,instances.vantage.sh (AWS Price List mirror)
2026-08-31,AWS,us-east-1,p3dn.24xlarge,V100,8.0,spot,4.9771,0.6221375,instances.vantage.sh (AWS Price List mirror)
2026-08-31,AWS,us-east-1,p4d.24xlarge,A100,8.0,ondemand,21.957642,2.74470525,instances.vantage.sh (AWS Price List mirror)
2026-08-31,AWS,us-east-1,p4d.24xlarge,A100,8.0,spot,15.51935,1.93991875,instances.vantage.sh (AWS Price List mirror)
2026-08-31,AWS,us-east-1,p4de.24xlarge,A100,8.0,ondemand,27.44705,3.43088125,instances.vantage.sh (AWS Price List mirror)
2026-08-31,AWS,us-east-1,p4de.24xlarge,A100,8.0,spot,21.7619,2.7202375,instances.vantage.sh (AWS Price List mirror)
2026-08-31,AWS,us-east-1,p5.48xlarge,H100,8.0,ondemand,55.04,6.88,instances.vantage.sh (AWS Price List mirror)
2026-08-31,AWS,us-east-1,p5.48xlarge,H100,8.0,spot,20.670233,2.583779125,instances.vantage.sh (AWS Price List mirror)
2026-08-31,AWS,us-east-1,p5.4xlarge,H100,1.0,ondemand,6.88,6.88,instances.vantage.sh (AWS Price List mirror)
2026-08-31,AWS,us-east-1,p5.4xlarge,H100,1.0,spot,2.6295,2.6295,instances.vantage.sh (AWS Price List mirror)
2026-08-31,AWS,us-east-1,p5en.48xlarge,H200,8.0,ondemand,63.296,7.912,instances.vantage.sh (AWS Price List mirror)
2026-08-31,AWS,us-east-1,p5en.48xlarge,H200,8.0,spot,27.0289,3.3786125,instances.vantage.sh (AWS Price List mirror)
2026-08-31,AWS,us-east-1,p6-b200.48xlarge,B200,8.0,ondemand,113.9328,14.2416,instances.vantage.sh (AWS Price List mirror)
2026-08-31,AWS,us-east-1,p6-b200.48xlarge,B200,8.0,spot,41.7901,5.2237625,instances.vantage.sh (AWS Price List mirror)
2026-08-31,AWS,us-east-1,p6-b300.48xlarge,NVIDIA B300,8.0,ondemand,142.416,17.802,instances.vantage.sh (AWS Price List mirror)
2026-08-31,AWS,us-east-1,p6-b300.48xlarge,NVIDIA B300,8.0,spot,44.08535,5.51066875,instances.vantage.sh (AWS Price List mirror)
2026-08-31,AWS,us-east-1-atl-1,g4dn.2xlarge,T4,1.0,ondemand,1.015,1.015,instances.vantage.sh (AWS Price List mirror)
2026-08-31,AWS,us-east-1-atl-1,p5.48xlarge,H100,8.0,ondemand,55.04,6.88,instances.vantage.sh (AWS Price List mirror)
2026-08-31,AWS,us-east-1-atl-1,p5en.48xlarge,H200,8.0,ondemand,63.296,7.912,instances.vantage.sh (AWS Price List mirror)
2026-08-31,AWS,us-east-1-atl-1,p6-b200.48xlarge,B200,8.0,ondemand,113.9328,14.2416,instances.vantage.sh (AWS Price List mirror)
2026-08-31,AWS,us-east-1-atl-1,p6-b300.48xlarge,NVIDIA B300,8.0,ondemand,142.416,17.802,instances.vantage.sh (AWS Price List mirror)
2026-08-31,AWS,us-east-1-bos-1,g4dn.2xlarge,T4,1.0,ondemand,1.015,1.015,instances.vantage.sh (AWS Price List mirror)
2026-08-31,AWS,us-east-1-bos-1,g4dn.4xlarge,T4,1.0,ondemand,1.625,1.625,instances.vantage.sh (AWS Price List mirror)
2026-08-31,AWS,us-east-1-chi-1,g4dn.2xlarge,T4,1.0,ondemand,1.015,1.015,instances.vantage.sh (AWS Price List mirror)
2026-08-31,AWS,us-east-1-chi-1,g4dn.4xlarge,T4,1.0,ondemand,1.625,1.625,instances.vantage.sh (AWS Price List mirror)
2026-08-31,AWS,us-east-1-dfw-1,g4dn.2xlarge,T4,1.0,ondemand,1.015,1.015,instances.vantage.sh (AWS Price List mirror)
2026-08-31,AWS,us-east-1-dfw-1,g4dn.4xlarge,T4,1.0,ondemand,1.625,1.625,instances.vantage.sh (AWS Price List mirror)
2026-08-31,AWS,us-east-1-iah-1,g4dn.2xlarge,T4,1.0,ondemand,1.015,1.015,instances.vantage.sh (AWS Price List mirror)
2026-08-31,AWS,us-east-1-iah-1,g4dn.4xlarge,T4,1.0,ondemand,1.625,1.625,instances.vantage.sh (AWS Price List mirror)
2026-08-31,AWS,us-east-1-lim-1,g4dn.2xlarge,T4,1.0,ondemand,1.725,1.725,instances.vantage.sh (AWS Price List mirror)
2026-08-31,AWS,us-east-1-mci-1,g4dn.2xlarge,T4,1.0,ondemand,1.015,1.015,instances.vantage.sh (AWS Price List mirror)
2026-08-31,AWS,us-east-1-mia-1,g4dn.2xlarge,T4,1.0,ondemand,1.015,1.015,instances.vantage.sh (AWS Price List mirror)
2026-08-31,AWS,us-east-1-msp-1,g4dn.2xlarge,T4,1.0,ondemand,1.015,1.015,instances.vantage.sh (AWS Price List mirror)
2026-08-31,AWS,us-east-1-nyc-1,g4dn.2xlarge,T4,1.0,ondemand,1.015,1.015,instances.vantage.sh (AWS Price List mirror)
2026-08-31,AWS,us-east-1-nyc-1,g4dn.4xlarge,T4,1.0,ondemand,1.625,1.625,instances.vantage.sh (AWS Price List mirror)
2026-08-31,AWS,us-east-1-phl-1,g4dn.2xlarge,T4,1.0,ondemand,1.015,1.015,instances.vantage.sh (AWS Price List mirror)
2026-08-31,AWS,us-east-1-phl-1,g4dn.4xlarge,T4,1.0,ondemand,1.625,1.625,instances.vantage.sh (AWS Price List mirror)
2026-08-31,AWS,us-east-1-qro-1,g4dn.2xlarge,T4,1.0,ondemand,1.09,1.09,instances.vantage.sh (AWS Price List mirror)
2026-08-31,AWS,us-east-1-qro-1,g4dn.4xlarge,T4,1.0,ondemand,1.746,1.746,instances.vantage.sh (AWS Price List mirror)
2026-08-31,AWS,us-east-1-scl-1,g4dn.2xlarge,T4,1.0,ondemand,1.47,1.47,instances.vantage.sh (AWS Price List mirror)
2026-08-31,AWS,us-east-1-wl1,g4dn.2xlarge,T4,1.0,ondemand,1.317,1.317,instances.vantage.sh (AWS Price List mirror)
2026-08-31,AWS,us-east-1-wl1-atl1,g4dn.2xlarge,T4,1.0,ondemand,1.317,1.317,instances.vantage.sh (AWS Price List mirror)
2026-08-31,AWS,us-east-1-wl1-bna1,g4dn.2xlarge,T4,1.0,ondemand,1.317,1.317,instances.vantage.sh (AWS Price List mirror)
2026-08-31,AWS,us-east-1-wl1-chi1,g4dn.2xlarge,T4,1.0,ondemand,1.317,1.317,instances.vantage.sh (AWS Price List mirror)
2026-08-31,AWS,us-east-1-wl1-clt1,g4dn.2xlarge,T4,1.0,ondemand,1.317,1.317,instances.vantage.sh (AWS Price List mirror)
2026-08-31,AWS,us-east-1-wl1-dfw1,g4dn.2xlarge,T4,1.0,ondemand,1.317,1.317,instances.vantage.sh (AWS Price List mirror)
2026-08-31,AWS,us-east-1-wl1-dtw1,g4dn.2xlarge,T4,1.0,ondemand,1.317,1.317,instances.vantage.sh (AWS Price List mirror)
2026-08-31,AWS,us-east-1-wl1-iah1,g4dn.2xlarge,T4,1.0,ondemand,1.317,1.317,instances.vantage.sh (AWS Price List mirror)
2026-08-31,AWS,us-east-1-wl1-mia1,g4dn.2xlarge,T4,1.0,ondemand,1.317,1.317,instances.vantage.sh (AWS Price List mirror)
2026-08-31,AWS,us-east-1-wl1-msp1,g4dn.2xlarge,T4,1.0,ondemand,1.317,1.317,instances.vantage.sh (AWS Price List mirror)
2026-08-31,AWS,us-east-1-wl1-nyc1,g4dn.2xlarge,T4,1.0,ondemand,1.317,1.317,instances.vantage.sh (AWS Price List mirror)
2026-08-31,AWS,us-east-1-wl1-tpa1,g4dn.2xlarge,T4,1.0,ondemand,1.317,1.317,instances.vantage.sh (AWS Price List mirror)
2026-08-31,AWS,us-east-1-wl1-was1,g4dn.2xlarge,T4,1.0,ondemand,1.317,1.317,instances.vantage.sh (AWS Price List mirror)
2026-08-31,AWS,us-east-2,g3.16xlarge,M60,4.0,ondemand,4.56,1.14,instances.vantage.sh (AWS Price List mirror)
2026-08-31,AWS,us-east-2,g3.4xlarge,M60,1.0,ondemand,1.14,1.14,instances.vantage.sh (AWS Price List mirror)
2026-08-31,AWS,us-east-2,g3.8xlarge,M60,2.0,ondemand,2.28,1.14,instances.vantage.sh (AWS Price List mirror)
2026-08-31,AWS,us-east-2,g3s.xlarge,M60,1.0,ondemand,0.75,0.75,instances.vantage.sh (AWS Price List mirror)
2026-08-31,AWS,us-east-2,g4ad.16xlarge,V520,4.0,ondemand,3.468,0.867,instances.vantage.sh (AWS Price List mirror)
2026-08-31,AWS,us-east-2,g4ad.16xlarge,V520,4.0,spot,0.698267,0.17456675,instances.vantage.sh (AWS Price List mirror)
2026-08-31,AWS,us-east-2,g4ad.2xlarge,V520,1.0,ondemand,0.54117,0.54117,instances.vantage.sh (AWS Price List mirror)
2026-08-31,AWS,us-east-2,g4ad.2xlarge,V520,1.0,spot,0.0973,0.0973,instances.vantage.sh (AWS Price List mirror)
2026-08-31,AWS,us-east-2,g4ad.4xlarge,V520,1.0,ondemand,0.867,0.867,instances.vantage.sh (AWS Price List mirror)
2026-08-31,AWS,us-east-2,g4ad.4xlarge,V520,1.0,spot,0.171467,0.171467,instances.vantage.sh (AWS Price List mirror)
2026-08-31,AWS,us-east-2,g4ad.8xlarge,V520,2.0,ondemand,1.734,0.867,instances.vantage.sh (AWS Price List mirror)
2026-08-31,AWS,us-east-2,g4ad.8xlarge,V520,2.0,spot,0.286733,0.1433665,instances.vantage.sh (AWS Price List mirror)
2026-08-31,AWS,us-east-2,g4ad.xlarge,V520,1.0,ondemand,0.37853,0.37853,instances.vantage.sh (AWS Price List mirror)
2026-08-31,AWS,us-east-2,g4ad.xlarge,V520,1.0,spot,0.082233,0.082233,instances.vantage.sh (AWS Price List mirror)
2026-08-31,AWS,us-east-2,g4dn.12xlarge,T4,4.0,ondemand,3.912,0.978,instances.vantage.sh (AWS Price List mirror)
2026-08-31,AWS,us-east-2,g4dn.12xlarge,T4,4.0,spot,1.325467,0.33136675,instances.vantage.sh (AWS Price List mirror)
2026-08-31,AWS,us-east-2,g4dn.16xlarge,T4,1.0,ondemand,4.352,4.352,instances.vantage.sh (AWS Price List mirror)
2026-08-31,AWS,us-east-2,g4dn.16xlarge,T4,1.0,spot,0.683167,0.683167,instances.vantage.sh (AWS Price List mirror)
2026-08-31,AWS,us-east-2,g4dn.2xlarge,T4,1.0,ondemand,0.752,0.752,instances.vantage.sh (AWS Price List mirror)
2026-08-31,AWS,us-east-2,g4dn.2xlarge,T4,1.0,spot,0.1986,0.1986,instances.vantage.sh (AWS Price List mirror)
2026-08-31,AWS,us-east-2,g4dn.4xlarge,T4,1.0,ondemand,1.204,1.204,instances.vantage.sh (AWS Price List mirror)
2026-08-31,AWS,us-east-2,g4dn.4xlarge,T4,1.0,spot,0.406067,0.406067,instances.vantage.sh (AWS Price List mirror)
2026-08-31,AWS,us-east-2,g4dn.8xlarge,T4,1.0,ondemand,2.176,2.176,instances.vantage.sh (AWS Price List mirror)
2026-08-31,AWS,us-east-2,g4dn.8xlarge,T4,1.0,spot,0.475667,0.475667,instances.vantage.sh (AWS Price List mirror)
2026-08-31,AWS,us-east-2,g4dn.metal,T4,8.0,ondemand,7.824,0.978,instances.vantage.sh (AWS Price List mirror)
2026-08-31,AWS,us-east-2,g4dn.metal,T4,8.0,spot,3.530833,0.441354125,instances.vantage.sh (AWS Price List mirror)
2026-08-31,AWS,us-east-2,g4dn.xlarge,T4,1.0,ondemand,0.526,0.526,instances.vantage.sh (AWS Price List mirror)
2026-08-31,AWS,us-east-2,g4dn.xlarge,T4,1.0,spot,0.1744,0.1744,instances.vantage.sh (AWS Price List mirror)
2026-08-31,AWS,us-east-2,g5.12xlarge,A10G,4.0,ondemand,5.672,1.418,instances.vantage.sh (AWS Price List mirror)
2026-08-31,AWS,us-east-2,g5.12xlarge,A10G,4.0,spot,1.860033,0.46500825,instances.vantage.sh (AWS Price List mirror)
2026-08-31,AWS,us-east-2,g5.16xlarge,A10G,1.0,ondemand,4.096,4.096,instances.vantage.sh (AWS Price List mirror)
2026-08-31,AWS,us-east-2,g5.16xlarge,A10G,1.0,spot,0.719167,0.719167,instances.vantage.sh (AWS Price List mirror)
2026-08-31,AWS,us-east-2,g5.24xlarge,A10G,4.0,ondemand,8.144,2.036,instances.vantage.sh (AWS Price List mirror)
2026-08-31,AWS,us-east-2,g5.24xlarge,A10G,4.0,spot,2.634867,0.65871675,instances.vantage.sh (AWS Price List mirror)
2026-08-31,AWS,us-east-2,g5.2xlarge,A10G,1.0,ondemand,1.212,1.212,instances.vantage.sh (AWS Price List mirror)
2026-08-31,AWS,us-east-2,g5.2xlarge,A10G,1.0,spot,0.441067,0.441067,instances.vantage.sh (AWS Price List mirror)
2026-08-31,AWS,us-east-2,g5.48xlarge,A10G,8.0,ondemand,16.288,2.036,instances.vantage.sh (AWS Price List mirror)
2026-08-31,AWS,us-east-2,g5.48xlarge,A10G,8.0,spot,5.086033,0.635754125,instances.vantage.sh (AWS Price List mirror)
2026-08-31,AWS,us-east-2,g5.4xlarge,A10G,1.0,ondemand,1.624,1.624,instances.vantage.sh (AWS Price List mirror)
2026-08-31,AWS,us-east-2,g5.4xlarge,A10G,1.0,spot,0.516233,0.516233,instances.vantage.sh (AWS Price List mirror)
2026-08-31,AWS,us-east-2,g5.8xlarge,A10G,1.0,ondemand,2.448,2.448,instances.vantage.sh (AWS Price List mirror)
2026-08-31,AWS,us-east-2,g5.8xlarge,A10G,1.0,spot,0.592467,0.592467,instances.vantage.sh (AWS Price List mirror)
2026-08-31,AWS,us-east-2,g5.xlarge,A10G,1.0,ondemand,1.006,1.006,instances.vantage.sh (AWS Price List mirror)
2026-08-31,AWS,us-east-2,g5.xlarge,A10G,1.0,spot,0.3591,0.3591,instances.vantage.sh (AWS Price List mirror)
2026-08-31,AWS,us-east-2,g6.12xlarge,L4,4.0,ondemand,4.6016,1.1504,instances.vantage.sh (AWS Price List mirror)
2026-08-31,AWS,us-east-2,g6.12xlarge,L4,4.0,spot,1.526467,0.38161675,instances.vantage.sh (AWS Price List mirror)
2026-08-31,AWS,us-east-2,g6.16xlarge,L4,1.0,ondemand,3.3968,3.3968,instances.vantage.sh (AWS Price List mirror)
2026-08-31,AWS,us-east-2,g6.16xlarge,L4,1.0,spot,0.9943,0.9943,instances.vantage.sh (AWS Price List mirror)
2026-08-31,AWS,us-east-2,g6.24xlarge,L4,4.0,ondemand,6.6752,1.6688,instances.vantage.sh (AWS Price List mirror)
2026-08-31,AWS,us-east-2,g6.24xlarge,L4,4.0,spot,1.946767,0.48669175,instances.vantage.sh (AWS Price List mirror)
2026-08-31,AWS,us-east-2,g6.2xlarge,L4,1.0,ondemand,0.9776,0.9776,instances.vantage.sh (AWS Price List mirror)
2026-08-31,AWS,us-east-2,g6.2xlarge,L4,1.0,spot,0.235967,0.235967,instances.vantage.sh (AWS Price List mirror)
2026-08-31,AWS,us-east-2,g6.48xlarge,L4,8.0,ondemand,13.3504,1.6688,instances.vantage.sh (AWS Price List mirror)
2026-08-31,AWS,us-east-2,g6.48xlarge,L4,8.0,spot,4.453967,0.556745875,instances.vantage.sh (AWS Price List mirror)
2026-08-31,AWS,us-east-2,g6.4xlarge,L4,1.0,ondemand,1.3232,1.3232,instances.vantage.sh (AWS Price List mirror)
2026-08-31,AWS,us-east-2,g6.4xlarge,L4,1.0,spot,0.373067,0.373067,instances.vantage.sh (AWS Price List mirror)
2026-08-31,AWS,us-east-2,g6.8xlarge,L4,1.0,ondemand,2.0144,2.0144,instances.vantage.sh (AWS Price List mirror)
2026-08-31,AWS,us-east-2,g6.8xlarge,L4,1.0,spot,0.541467,0.541467,instances.vantage.sh (AWS Price List mirror)
2026-08-31,AWS,us-east-2,g6.xlarge,L4,1.0,ondemand,0.8048,0.8048,instances.vantage.sh (AWS Price List mirror)
2026-08-31,AWS,us-east-2,g6.xlarge,L4,1.0,spot,0.2382,0.2382,instances.vantage.sh (AWS Price List mirror)
2026-08-31,AWS,us-east-2,g6e.12xlarge,L40S,4.0,ondemand,10.49264,2.62316,instances.vantage.sh (AWS Price List mirror)
2026-08-31,AWS,us-east-2,g6e.12xlarge,L40S,4.0,spot,3.410267,0.85256675,instances.vantage.sh (AWS Price List mirror)
2026-08-31,AWS,us-east-2,g6e.16xlarge,L40S,1.0,ondemand,7.57719,7.57719,instances.vantage.sh (AWS Price List mirror)
2026-08-31,AWS,us-east-2,g6e.16xlarge,L40S,1.0,spot,2.671067,2.671067,instances.vantage.sh (AWS Price List mirror)
2026-08-31,AWS,us-east-2,g6e.24xlarge,L40S,4.0,ondemand,15.06559,3.7663975,instances.vantage.sh (AWS Price List mirror)
2026-08-31,AWS,us-east-2,g6e.24xlarge,L40S,4.0,spot,4.627133,1.15678325,instances.vantage.sh (AWS Price List mirror)
2026-08-31,AWS,us-east-2,g6e.2xlarge,L40S,1.0,ondemand,2.24208,2.24208,instances.vantage.sh (AWS Price List mirror)
2026-08-31,AWS,us-east-2,g6e.2xlarge,L40S,1.0,spot,0.9485,0.9485,instances.vantage.sh (AWS Price List mirror)
2026-08-31,AWS,us-east-2,g6e.48xlarge,L40S,8.0,ondemand,30.13118,3.7663975,instances.vantage.sh (AWS Price List mirror)
2026-08-31,AWS,us-east-2,g6e.48xlarge,L40S,8.0,spot,11.1551,1.3943875,instances.vantage.sh (AWS Price List mirror)
2026-08-31,AWS,us-east-2,g6e.4xlarge,L40S,1.0,ondemand,3.00424,3.00424,instances.vantage.sh (AWS Price List mirror)
2026-08-31,AWS,us-east-2,g6e.4xlarge,L40S,1.0,spot,0.997267,0.997267,instances.vantage.sh (AWS Price List mirror)
2026-08-31,AWS,us-east-2,g6e.8xlarge,L40S,1.0,ondemand,4.52856,4.52856,instances.vantage.sh (AWS Price List mirror)
2026-08-31,AWS,us-east-2,g6e.8xlarge,L40S,1.0,spot,1.115067,1.115067,instances.vantage.sh (AWS Price List mirror)
2026-08-31,AWS,us-east-2,g6e.xlarge,L40S,1.0,ondemand,1.861,1.861,instances.vantage.sh (AWS Price List mirror)
2026-08-31,AWS,us-east-2,g6e.xlarge,L40S,1.0,spot,0.8,0.8,instances.vantage.sh (AWS Price List mirror)
2026-08-31,AWS,us-east-2,g6f.2xlarge,L4,0.25,ondemand,0.475,1.9,instances.vantage.sh (AWS Price List mirror)
2026-08-31,AWS,us-east-2,g6f.2xlarge,L4,0.25,spot,0.086,0.344,instances.vantage.sh (AWS Price List mirror)
2026-08-31,AWS,us-east-2,g6f.4xlarge,L4,0.5,ondemand,0.95,1.9,instances.vantage.sh (AWS Price List mirror)
2026-08-31,AWS,us-east-2,g6f.4xlarge,L4,0.5,spot,0.258033,0.516066,instances.vantage.sh (AWS Price List mirror)
2026-08-31,AWS,us-east-2,g6f.large,L4,0.125,ondemand,0.202,1.616,instances.vantage.sh (AWS Price List mirror)
2026-08-31,AWS,us-east-2,g6f.large,L4,0.125,spot,0.030533,0.244264,instances.vantage.sh (AWS Price List mirror)
2026-08-31,AWS,us-east-2,g6f.xlarge,L4,0.125,ondemand,0.2375,1.9,instances.vantage.sh (AWS Price List mirror)
2026-08-31,AWS,us-east-2,g6f.xlarge,L4,0.125,spot,0.0657,0.5256,instances.vantage.sh (AWS Price List mirror)
2026-08-31,AWS,us-east-2,g7.12xlarge,NVIDIA RTX PRO 4500 Blackwell,2.0,ondemand,7.12832,3.56416,instances.vantage.sh (AWS Price List mirror)
2026-08-31,AWS,us-east-2,g7.12xlarge,NVIDIA RTX PRO 4500 Blackwell,2.0,spot,0.7128,0.3564,instances.vantage.sh (AWS Price List mirror)
2026-08-31,AWS,us-east-2,g7.24xlarge,NVIDIA RTX PRO 4500 Blackwell,4.0,ondemand,14.25664,3.56416,instances.vantage.sh (AWS Price List mirror)
2026-08-31,AWS,us-east-2,g7.24xlarge,NVIDIA RTX PRO 4500 Blackwell,4.0,spot,1.4257,0.356425,instances.vantage.sh (AWS Price List mirror)
2026-08-31,AWS,us-east-2,g7.2xlarge,NVIDIA RTX PRO 4500 Blackwell,1.0,ondemand,2.52,2.52,instances.vantage.sh (AWS Price List mirror)
2026-08-31,AWS,us-east-2,g7.2xlarge,NVIDIA RTX PRO 4500 Blackwell,1.0,spot,0.584,0.584,instances.vantage.sh (AWS Price List mirror)
2026-08-31,AWS,us-east-2,g7.48xlarge,NVIDIA RTX PRO 4500 Blackwell,8.0,ondemand,28.51328,3.56416,instances.vantage.sh (AWS Price List mirror)
2026-08-31,AWS,us-east-2,g7.48xlarge,NVIDIA RTX PRO 4500 Blackwell,8.0,spot,3.062467,0.382808375,instances.vantage.sh (AWS Price List mirror)
2026-08-31,AWS,us-east-2,g7.4xlarge,NVIDIA RTX PRO 4500 Blackwell,1.0,ondemand,3.04208,3.04208,instances.vantage.sh (AWS Price List mirror)
2026-08-31,AWS,us-east-2,g7.4xlarge,NVIDIA RTX PRO 4500 Blackwell,1.0,spot,0.441667,0.441667,instances.vantage.sh (AWS Price List mirror)
2026-08-31,AWS,us-east-2,g7.8xlarge,NVIDIA RTX PRO 4500 Blackwell,1.0,ondemand,4.08624,4.08624,instances.vantage.sh (AWS Price List mirror)
2026-08-31,AWS,us-east-2,g7.8xlarge,NVIDIA RTX PRO 4500 Blackwell,1.0,spot,0.4086,0.4086,instances.vantage.sh (AWS Price List mirror)
2026-08-31,AWS,us-east-2,g7e.12xlarge,NVIDIA RTX PRO 6000 Blackwell,2.0,ondemand,8.28608,4.14304,instances.vantage.sh (AWS Price List mirror)
2026-08-31,AWS,us-east-2,g7e.12xlarge,NVIDIA RTX PRO 6000 Blackwell,2.0,spot,2.45905,1.229525,instances.vantage.sh (AWS Price List mirror)
2026-08-31,AWS,us-east-2,g7e.24xlarge,NVIDIA RTX PRO 6000 Blackwell,4.0,ondemand,16.57216,4.14304,instances.vantage.sh (AWS Price List mirror)
2026-08-31,AWS,us-east-2,g7e.24xlarge,NVIDIA RTX PRO 6000 Blackwell,4.0,spot,6.18095,1.5452375,instances.vantage.sh (AWS Price List mirror)
2026-08-31,AWS,us-east-2,g7e.2xlarge,NVIDIA RTX PRO 6000 Blackwell,1.0,ondemand,3.36312,3.36312,instances.vantage.sh (AWS Price List mirror)
2026-08-31,AWS,us-east-2,g7e.2xlarge,NVIDIA RTX PRO 6000 Blackwell,1.0,spot,1.4111,1.4111,instances.vantage.sh (AWS Price List mirror)
2026-08-31,AWS,us-east-2,g7e.48xlarge,NVIDIA RTX PRO 6000 Blackwell,8.0,ondemand,33.14432,4.14304,instances.vantage.sh (AWS Price List mirror)
2026-08-31,AWS,us-east-2,g7e.48xlarge,NVIDIA RTX PRO 6000 Blackwell,8.0,spot,12.0438,1.505475,instances.vantage.sh (AWS Price List mirror)
2026-08-31,AWS,us-east-2,g7e.4xlarge,NVIDIA RTX PRO 6000 Blackwell,1.0,ondemand,3.99816,3.99816,instances.vantage.sh (AWS Price List mirror)
2026-08-31,AWS,us-east-2,g7e.4xlarge,NVIDIA RTX PRO 6000 Blackwell,1.0,spot,1.9094,1.9094,instances.vantage.sh (AWS Price List mirror)
2026-08-31,AWS,us-east-2,g7e.8xlarge,NVIDIA RTX PRO 6000 Blackwell,1.0,ondemand,5.26824,5.26824,instances.vantage.sh (AWS Price List mirror)
2026-08-31,AWS,us-east-2,g7e.8xlarge,NVIDIA RTX PRO 6000 Blackwell,1.0,spot,2.07015,2.07015,instances.vantage.sh (AWS Price List mirror)
2026-08-31,AWS,us-east-2,gr6.4xlarge,L4,1.0,ondemand,1.5392,1.5392,instances.vantage.sh (AWS Price List mirror)
2026-08-31,AWS,us-east-2,gr6.4xlarge,L4,1.0,spot,0.436767,0.436767,instances.vantage.sh (AWS Price List mirror)
2026-08-31,AWS,us-east-2,gr6.8xlarge,L4,1.0,ondemand,2.4464,2.4464,instances.vantage.sh (AWS Price List mirror)
2026-08-31,AWS,us-east-2,gr6.8xlarge,L4,1.0,spot,0.518367,0.518367,instances.vantage.sh (AWS Price List mirror)
2026-08-31,AWS,us-east-2,gr6f.4xlarge,L4,0.5,ondemand,1.066,2.132,instances.vantage.sh (AWS Price List mirror)
2026-08-31,AWS,us-east-2,gr6f.4xlarge,L4,0.5,spot,0.249233,0.498466,instances.vantage.sh (AWS Price List mirror)
2026-08-31,AWS,us-east-2,p2.16xlarge,K80,16.0,ondemand,14.4,0.9,instances.vantage.sh (AWS Price List mirror)
2026-08-31,AWS,us-east-2,p2.8xlarge,K80,8.0,ondemand,7.2,0.9,instances.vantage.sh (AWS Price List mirror)
2026-08-31,AWS,us-east-2,p2.xlarge,K80,1.0,ondemand,0.9,0.9,instances.vantage.sh (AWS Price List mirror)
2026-08-31,AWS,us-east-2,p3.16xlarge,V100,8.0,ondemand,24.48,3.06,instances.vantage.sh (AWS Price List mirror)
2026-08-31,AWS,us-east-2,p3.16xlarge,V100,8.0,spot,6.12,0.765,instances.vantage.sh (AWS Price List mirror)
2026-08-31,AWS,us-east-2,p3.2xlarge,V100,1.0,ondemand,3.06,3.06,instances.vantage.sh (AWS Price List mirror)
2026-08-31,AWS,us-east-2,p3.2xlarge,V100,1.0,spot,0.4896,0.4896,instances.vantage.sh (AWS Price List mirror)
2026-08-31,AWS,us-east-2,p3.8xlarge,V100,4.0,ondemand,12.24,3.06,instances.vantage.sh (AWS Price List mirror)
2026-08-31,AWS,us-east-2,p3.8xlarge,V100,4.0,spot,1.9584,0.4896,instances.vantage.sh (AWS Price List mirror)
2026-08-31,AWS,us-east-2,p4d.24xlarge,A100,8.0,ondemand,21.95764,2.744705,instances.vantage.sh (AWS Price List mirror)
2026-08-31,AWS,us-east-2,p4d.24xlarge,A100,8.0,spot,13.711533,1.713941625,instances.vantage.sh (AWS Price List mirror)
2026-08-31,AWS,us-east-2,p5.48xlarge,H100,8.0,ondemand,55.04,6.88,instances.vantage.sh (AWS Price List mirror)
2026-08-31,AWS,us-east-2,p5.48xlarge,H100,8.0,spot,19.9488,2.4936,instances.vantage.sh (AWS Price List mirror)
2026-08-31,AWS,us-east-2,p5.4xlarge,H100,1.0,ondemand,6.88,6.88,instances.vantage.sh (AWS Price List mirror)
2026-08-31,AWS,us-east-2,p5.4xlarge,H100,1.0,spot,2.6295,2.6295,instances.vantage.sh (AWS Price List mirror)
2026-08-31,AWS,us-east-2,p5en.48xlarge,H200,8.0,ondemand,63.296,7.912,instances.vantage.sh (AWS Price List mirror)
2026-08-31,AWS,us-east-2,p5en.48xlarge,H200,8.0,spot,26.5006,3.312575,instances.vantage.sh (AWS Price List mirror)
2026-08-31,AWS,us-east-2,p6-b200.48xlarge,B200,8.0,ondemand,113.9328,14.2416,instances.vantage.sh (AWS Price List mirror)
2026-08-31,AWS,us-east-2,p6-b200.48xlarge,B200,8.0,spot,41.829333,5.228666625,instances.vantage.sh (AWS Price List mirror)
2026-08-31,AWS,us-gov-east-1,g4dn.12xlarge,T4,4.0,ondemand,4.931,1.23275,instances.vantage.sh (AWS Price List mirror)
2026-08-31,AWS,us-gov-east-1,g4dn.16xlarge,T4,1.0,ondemand,5.486,5.486,instances.vantage.sh (AWS Price List mirror)
2026-08-31,AWS,us-gov-east-1,g4dn.2xlarge,T4,1.0,ondemand,0.948,0.948,instances.vantage.sh (AWS Price List mirror)
2026-08-31,AWS,us-gov-east-1,g4dn.4xlarge,T4,1.0,ondemand,1.518,1.518,instances.vantage.sh (AWS Price List mirror)
2026-08-31,AWS,us-gov-east-1,g4dn.8xlarge,T4,1.0,ondemand,2.743,2.743,instances.vantage.sh (AWS Price List mirror)
2026-08-31,AWS,us-gov-east-1,g4dn.xlarge,T4,1.0,ondemand,0.663,0.663,instances.vantage.sh (AWS Price List mirror)
2026-08-31,AWS,us-gov-east-1,g6.12xlarge,L4,4.0,ondemand,5.80003,1.4500075,instances.vantage.sh (AWS Price List mirror)
2026-08-31,AWS,us-gov-east-1,g6.16xlarge,L4,1.0,ondemand,4.28145,4.28145,instances.vantage.sh (AWS Price List mirror)
2026-08-31,AWS,us-gov-east-1,g6.24xlarge,L4,4.0,ondemand,8.41367,2.1034175,instances.vantage.sh (AWS Price List mirror)
2026-08-31,AWS,us-gov-east-1,g6.2xlarge,L4,1.0,ondemand,1.2322,1.2322,instances.vantage.sh (AWS Price List mirror)
2026-08-31,AWS,us-gov-east-1,g6.48xlarge,L4,8.0,ondemand,16.82734,2.1034175,instances.vantage.sh (AWS Price List mirror)
2026-08-31,AWS,us-gov-east-1,g6.4xlarge,L4,1.0,ondemand,1.66781,1.66781,instances.vantage.sh (AWS Price List mirror)
2026-08-31,AWS,us-gov-east-1,g6.8xlarge,L4,1.0,ondemand,2.53903,2.53903,instances.vantage.sh (AWS Price List mirror)
2026-08-31,AWS,us-gov-east-1,g6.xlarge,L4,1.0,ondemand,1.0144,1.0144,instances.vantage.sh (AWS Price List mirror)
2026-08-31,AWS,us-gov-east-1,gr6.4xlarge,L4,1.0,ondemand,1.9401,1.9401,instances.vantage.sh (AWS Price List mirror)
2026-08-31,AWS,us-gov-east-1,gr6.8xlarge,L4,1.0,ondemand,3.08359,3.08359,instances.vantage.sh (AWS Price List mirror)
2026-08-31,AWS,us-gov-east-1,p3dn.24xlarge,V100,8.0,ondemand,37.454,4.68175,instances.vantage.sh (AWS Price List mirror)
2026-08-31,AWS,us-gov-east-1,p6-b200.48xlarge,B200,8.0,ondemand,136.71936,17.08992,instances.vantage.sh (AWS Price List mirror)
2026-08-31,AWS,us-gov-east-1,p6-b300.48xlarge,NVIDIA B300,8.0,ondemand,170.9,21.3625,instances.vantage.sh (AWS Price List mirror)
2026-08-31,AWS,us-gov-west-1,g3.16xlarge,M60,4.0,ondemand,5.28,1.32,instances.vantage.sh (AWS Price List mirror)
2026-08-31,AWS,us-gov-west-1,g3.4xlarge,M60,1.0,ondemand,1.32,1.32,instances.vantage.sh (AWS Price List mirror)
2026-08-31,AWS,us-gov-west-1,g3.8xlarge,M60,2.0,ondemand,2.64,1.32,instances.vantage.sh (AWS Price List mirror)
2026-08-31,AWS,us-gov-west-1,g3s.xlarge,M60,1.0,ondemand,0.868,0.868,instances.vantage.sh (AWS Price List mirror)
2026-08-31,AWS,us-gov-west-1,g4dn.12xlarge,T4,4.0,ondemand,4.931,1.23275,instances.vantage.sh (AWS Price List mirror)
2026-08-31,AWS,us-gov-west-1,g4dn.16xlarge,T4,1.0,ondemand,5.486,5.486,instances.vantage.sh (AWS Price List mirror)
2026-08-31,AWS,us-gov-west-1,g4dn.2xlarge,T4,1.0,ondemand,0.948,0.948,instances.vantage.sh (AWS Price List mirror)
2026-08-31,AWS,us-gov-west-1,g4dn.4xlarge,T4,1.0,ondemand,1.518,1.518,instances.vantage.sh (AWS Price List mirror)
2026-08-31,AWS,us-gov-west-1,g4dn.8xlarge,T4,1.0,ondemand,2.743,2.743,instances.vantage.sh (AWS Price List mirror)
2026-08-31,AWS,us-gov-west-1,g4dn.metal,T4,8.0,ondemand,9.862,1.23275,instances.vantage.sh (AWS Price List mirror)
2026-08-31,AWS,us-gov-west-1,g4dn.xlarge,T4,1.0,ondemand,0.663,0.663,instances.vantage.sh (AWS Price List mirror)
2026-08-31,AWS,us-gov-west-1,g6.12xlarge,L4,4.0,ondemand,5.80003,1.4500075,instances.vantage.sh (AWS Price List mirror)
2026-08-31,AWS,us-gov-west-1,g6.16xlarge,L4,1.0,ondemand,4.28145,4.28145,instances.vantage.sh (AWS Price List mirror)
2026-08-31,AWS,us-gov-west-1,g6.24xlarge,L4,4.0,ondemand,8.41367,2.1034175,instances.vantage.sh (AWS Price List mirror)
2026-08-31,AWS,us-gov-west-1,g6.2xlarge,L4,1.0,ondemand,1.2322,1.2322,instances.vantage.sh (AWS Price List mirror)
2026-08-31,AWS,us-gov-west-1,g6.48xlarge,L4,8.0,ondemand,16.82734,2.1034175,instances.vantage.sh (AWS Price List mirror)
2026-08-31,AWS,us-gov-west-1,g6.4xlarge,L4,1.0,ondemand,1.66781,1.66781,instances.vantage.sh (AWS Price List mirror)
2026-08-31,AWS,us-gov-west-1,g6.8xlarge,L4,1.0,ondemand,2.53903,2.53903,instances.vantage.sh (AWS Price List mirror)
2026-08-31,AWS,us-gov-west-1,g6.xlarge,L4,1.0,ondemand,1.0144,1.0144,instances.vantage.sh (AWS Price List mirror)
2026-08-31,AWS,us-gov-west-1,gr6.4xlarge,L4,1.0,ondemand,1.9401,1.9401,instances.vantage.sh (AWS Price List mirror)
2026-08-31,AWS,us-gov-west-1,gr6.8xlarge,L4,1.0,ondemand,3.08359,3.08359,instances.vantage.sh (AWS Price List mirror)
2026-08-31,AWS,us-gov-west-1,p2.16xlarge,K80,16.0,ondemand,17.28,1.08,instances.vantage.sh (AWS Price List mirror)
2026-08-31,AWS,us-gov-west-1,p2.8xlarge,K80,8.0,ondemand,8.64,1.08,instances.vantage.sh (AWS Price List mirror)
2026-08-31,AWS,us-gov-west-1,p2.xlarge,K80,1.0,ondemand,1.08,1.08,instances.vantage.sh (AWS Price List mirror)
2026-08-31,AWS,us-gov-west-1,p3.16xlarge,V100,8.0,ondemand,29.376,3.672,instances.vantage.sh (AWS Price List mirror)
2026-08-31,AWS,us-gov-west-1,p3.2xlarge,V100,1.0,ondemand,3.672,3.672,instances.vantage.sh (AWS Price List mirror)
2026-08-31,AWS,us-gov-west-1,p3.8xlarge,V100,4.0,ondemand,14.688,3.672,instances.vantage.sh (AWS Price List mirror)
2026-08-31,AWS,us-gov-west-1,p3dn.24xlarge,V100,8.0,ondemand,37.454,4.68175,instances.vantage.sh (AWS Price List mirror)
2026-08-31,AWS,us-gov-west-1,p4d.24xlarge,A100,8.0,ondemand,26.3511,3.2938875,instances.vantage.sh (AWS Price List mirror)
2026-08-31,AWS,us-gov-west-1,p5.48xlarge,H100,8.0,ondemand,66.048,8.256,instances.vantage.sh (AWS Price List mirror)
2026-08-31,AWS,us-gov-west-1,p5.4xlarge,H100,1.0,ondemand,8.256,8.256,instances.vantage.sh (AWS Price List mirror)
2026-08-31,AWS,us-gov-west-1,p5en.48xlarge,H200,8.0,ondemand,75.9552,9.4944,instances.vantage.sh (AWS Price List mirror)
2026-08-31,AWS,us-gov-west-1,p6-b200.48xlarge,B200,8.0,ondemand,136.71936,17.08992,instances.vantage.sh (AWS Price List mirror)
2026-08-31,AWS,us-west-1,g2.2xlarge,K520,1.0,ondemand,0.702,0.702,instances.vantage.sh (AWS Price List mirror)
2026-08-31,AWS,us-west-1,g2.8xlarge,K520,4.0,ondemand,2.808,0.702,instances.vantage.sh (AWS Price List mirror)
2026-08-31,AWS,us-west-1,g3.16xlarge,M60,4.0,ondemand,6.136,1.534,instances.vantage.sh (AWS Price List mirror)
2026-08-31,AWS,us-west-1,g3.4xlarge,M60,1.0,ondemand,1.534,1.534,instances.vantage.sh (AWS Price List mirror)
2026-08-31,AWS,us-west-1,g3.8xlarge,M60,2.0,ondemand,3.068,1.534,instances.vantage.sh (AWS Price List mirror)
2026-08-31,AWS,us-west-1,g4dn.12xlarge,T4,4.0,ondemand,4.694,1.1735,instances.vantage.sh (AWS Price List mirror)
2026-08-31,AWS,us-west-1,g4dn.12xlarge,T4,4.0,spot,1.89175,0.4729375,instances.vantage.sh (AWS Price List mirror)
2026-08-31,AWS,us-west-1,g4dn.16xlarge,T4,1.0,ondemand,5.222,5.222,instances.vantage.sh (AWS Price List mirror)
2026-08-31,AWS,us-west-1,g4dn.16xlarge,T4,1.0,spot,0.7792,0.7792,instances.vantage.sh (AWS Price List mirror)
2026-08-31,AWS,us-west-1,g4dn.2xlarge,T4,1.0,ondemand,0.902,0.902,instances.vantage.sh (AWS Price List mirror)
2026-08-31,AWS,us-west-1,g4dn.2xlarge,T4,1.0,spot,0.4099,0.4099,instances.vantage.sh (AWS Price List mirror)
2026-08-31,AWS,us-west-1,g4dn.4xlarge,T4,1.0,ondemand,1.445,1.445,instances.vantage.sh (AWS Price List mirror)
2026-08-31,AWS,us-west-1,g4dn.4xlarge,T4,1.0,spot,0.8619,0.8619,instances.vantage.sh (AWS Price List mirror)
2026-08-31,AWS,us-west-1,g4dn.8xlarge,T4,1.0,ondemand,2.611,2.611,instances.vantage.sh (AWS Price List mirror)
2026-08-31,AWS,us-west-1,g4dn.8xlarge,T4,1.0,spot,1.01635,1.01635,instances.vantage.sh (AWS Price List mirror)
2026-08-31,AWS,us-west-1,g4dn.metal,T4,8.0,ondemand,9.389,1.173625,instances.vantage.sh (AWS Price List mirror)
2026-08-31,AWS,us-west-1,g4dn.metal,T4,8.0,spot,3.5387,0.4423375,instances.vantage.sh (AWS Price List mirror)
2026-08-31,AWS,us-west-1,g4dn.xlarge,T4,1.0,ondemand,0.631,0.631,instances.vantage.sh (AWS Price List mirror)
2026-08-31,AWS,us-west-1,g4dn.xlarge,T4,1.0,spot,0.3264,0.3264,instances.vantage.sh (AWS Price List mirror)
2026-08-31,AWS,us-west-1,p5.48xlarge,H100,8.0,ondemand,68.8,8.6,instances.vantage.sh (AWS Price List mirror)
2026-08-31,AWS,us-west-1,p5.48xlarge,H100,8.0,spot,27.7479,3.4684875,instances.vantage.sh (AWS Price List mirror)
2026-08-31,AWS,us-west-1,p5en.48xlarge,H200,8.0,ondemand,79.12,9.89,instances.vantage.sh (AWS Price List mirror)
2026-08-31,AWS,us-west-1,p5en.48xlarge,H200,8.0,spot,79.12,9.89,instances.vantage.sh (AWS Price List mirror)
2026-08-31,AWS,us-west-2,dl2q.24xlarge,Qualcomm AI 100 Accelerators,8.0,ondemand,8.9194,1.114925,instances.vantage.sh (AWS Price List mirror)
2026-08-31,AWS,us-west-2,dl2q.24xlarge,Qualcomm AI 100 Accelerators,8.0,spot,4.0483,0.5060375,instances.vantage.sh (AWS Price List mirror)
2026-08-31,AWS,us-west-2,g2.2xlarge,K520,1.0,ondemand,0.65,0.65,instances.vantage.sh (AWS Price List mirror)
2026-08-31,AWS,us-west-2,g2.8xlarge,K520,4.0,ondemand,2.6,0.65,instances.vantage.sh (AWS Price List mirror)
2026-08-31,AWS,us-west-2,g3.16xlarge,M60,4.0,ondemand,4.56,1.14,instances.vantage.sh (AWS Price List mirror)
2026-08-31,AWS,us-west-2,g3.4xlarge,M60,1.0,ondemand,1.14,1.14,instances.vantage.sh (AWS Price List mirror)
2026-08-31,AWS,us-west-2,g3.8xlarge,M60,2.0,ondemand,2.28,1.14,instances.vantage.sh (AWS Price List mirror)
2026-08-31,AWS,us-west-2,g3s.xlarge,M60,1.0,ondemand,0.75,0.75,instances.vantage.sh (AWS Price List mirror)
2026-08-31,AWS,us-west-2,g4ad.16xlarge,V520,4.0,ondemand,3.468,0.867,instances.vantage.sh (AWS Price List mirror)
2026-08-31,AWS,us-west-2,g4ad.16xlarge,V520,4.0,spot,1.477367,0.36934175,instances.vantage.sh (AWS Price List mirror)
2026-08-31,AWS,us-west-2,g4ad.2xlarge,V520,1.0,ondemand,0.54117,0.54117,instances.vantage.sh (AWS Price List mirror)
2026-08-31,AWS,us-west-2,g4ad.2xlarge,V520,1.0,spot,0.259967,0.259967,instances.vantage.sh (AWS Price List mirror)
2026-08-31,AWS,us-west-2,g4ad.4xlarge,V520,1.0,ondemand,0.867,0.867,instances.vantage.sh (AWS Price List mirror)
2026-08-31,AWS,us-west-2,g4ad.4xlarge,V520,1.0,spot,0.364533,0.364533,instances.vantage.sh (AWS Price List mirror)
2026-08-31,AWS,us-west-2,g4ad.8xlarge,V520,2.0,ondemand,1.734,0.867,instances.vantage.sh (AWS Price List mirror)
2026-08-31,AWS,us-west-2,g4ad.8xlarge,V520,2.0,spot,0.662967,0.3314835,instances.vantage.sh (AWS Price List mirror)
2026-08-31,AWS,us-west-2,g4ad.xlarge,V520,1.0,ondemand,0.37853,0.37853,instances.vantage.sh (AWS Price List mirror)
2026-08-31,AWS,us-west-2,g4ad.xlarge,V520,1.0,spot,0.166667,0.166667,instances.vantage.sh (AWS Price List mirror)
2026-08-31,AWS,us-west-2,g4dn.12xlarge,T4,4.0,ondemand,3.912,0.978,instances.vantage.sh (AWS Price List mirror)
2026-08-31,AWS,us-west-2,g4dn.12xlarge,T4,4.0,spot,1.564667,0.39116675,instances.vantage.sh (AWS Price List mirror)
2026-08-31,AWS,us-west-2,g4dn.16xlarge,T4,1.0,ondemand,4.352,4.352,instances.vantage.sh (AWS Price List mirror)
2026-08-31,AWS,us-west-2,g4dn.16xlarge,T4,1.0,spot,1.271767,1.271767,instances.vantage.sh (AWS Price List mirror)
2026-08-31,AWS,us-west-2,g4dn.2xlarge,T4,1.0,ondemand,0.752,0.752,instances.vantage.sh (AWS Price List mirror)
2026-08-31,AWS,us-west-2,g4dn.2xlarge,T4,1.0,spot,0.357833,0.357833,instances.vantage.sh (AWS Price List mirror)
2026-08-31,AWS,us-west-2,g4dn.4xlarge,T4,1.0,ondemand,1.204,1.204,instances.vantage.sh (AWS Price List mirror)
2026-08-31,AWS,us-west-2,g4dn.4xlarge,T4,1.0,spot,0.4747,0.4747,instances.vantage.sh (AWS Price List mirror)
2026-08-31,AWS,us-west-2,g4dn.8xlarge,T4,1.0,ondemand,2.176,2.176,instances.vantage.sh (AWS Price List mirror)
2026-08-31,AWS,us-west-2,g4dn.8xlarge,T4,1.0,spot,0.781333,0.781333,instances.vantage.sh (AWS Price List mirror)
2026-08-31,AWS,us-west-2,g4dn.metal,T4,8.0,ondemand,7.824,0.978,instances.vantage.sh (AWS Price List mirror)
2026-08-31,AWS,us-west-2,g4dn.metal,T4,8.0,spot,4.358333,0.544791625,instances.vantage.sh (AWS Price List mirror)
2026-08-31,AWS,us-west-2,g4dn.xlarge,T4,1.0,ondemand,0.526,0.526,instances.vantage.sh (AWS Price List mirror)
2026-08-31,AWS,us-west-2,g4dn.xlarge,T4,1.0,spot,0.259967,0.259967,instances.vantage.sh (AWS Price List mirror)
2026-08-31,AWS,us-west-2,g5.12xlarge,A10G,4.0,ondemand,5.672,1.418,instances.vantage.sh (AWS Price List mirror)
2026-08-31,AWS,us-west-2,g5.12xlarge,A10G,4.0,spot,3.774433,0.94360825,instances.vantage.sh (AWS Price List mirror)
2026-08-31,AWS,us-west-2,g5.16xlarge,A10G,1.0,ondemand,4.096,4.096,instances.vantage.sh (AWS Price List mirror)
2026-08-31,AWS,us-west-2,g5.16xlarge,A10G,1.0,spot,1.2501,1.2501,instances.vantage.sh (AWS Price List mirror)
2026-08-31,AWS,us-west-2,g5.24xlarge,A10G,4.0,ondemand,8.144,2.036,instances.vantage.sh (AWS Price List mirror)
2026-08-31,AWS,us-west-2,g5.24xlarge,A10G,4.0,spot,3.3661,0.841525,instances.vantage.sh (AWS Price List mirror)
2026-08-31,AWS,us-west-2,g5.2xlarge,A10G,1.0,ondemand,1.212,1.212,instances.vantage.sh (AWS Price List mirror)
2026-08-31,AWS,us-west-2,g5.2xlarge,A10G,1.0,spot,0.594233,0.594233,instances.vantage.sh (AWS Price List mirror)
2026-08-31,AWS,us-west-2,g5.48xlarge,A10G,8.0,ondemand,16.288,2.036,instances.vantage.sh (AWS Price List mirror)
2026-08-31,AWS,us-west-2,g5.48xlarge,A10G,8.0,spot,12.769267,1.596158375,instances.vantage.sh (AWS Price List mirror)
2026-08-31,AWS,us-west-2,g5.4xlarge,A10G,1.0,ondemand,1.624,1.624,instances.vantage.sh (AWS Price List mirror)
2026-08-31,AWS,us-west-2,g5.4xlarge,A10G,1.0,spot,0.596933,0.596933,instances.vantage.sh (AWS Price List mirror)
2026-08-31,AWS,us-west-2,g5.8xlarge,A10G,1.0,ondemand,2.448,2.448,instances.vantage.sh (AWS Price List mirror)
2026-08-31,AWS,us-west-2,g5.8xlarge,A10G,1.0,spot,0.854,0.854,instances.vantage.sh (AWS Price List mirror)
2026-08-31,AWS,us-west-2,g5.xlarge,A10G,1.0,ondemand,1.006,1.006,instances.vantage.sh (AWS Price List mirror)
2026-08-31,AWS,us-west-2,g5.xlarge,A10G,1.0,spot,0.5218,0.5218,instances.vantage.sh (AWS Price List mirror)
2026-08-31,AWS,us-west-2,g5g.16xlarge,T4G,2.0,ondemand,2.744,1.372,instances.vantage.sh (AWS Price List mirror)
2026-08-31,AWS,us-west-2,g5g.16xlarge,T4G,2.0,spot,0.9311,0.46555,instances.vantage.sh (AWS Price List mirror)
2026-08-31,AWS,us-west-2,g5g.2xlarge,T4G,1.0,ondemand,0.556,0.556,instances.vantage.sh (AWS Price List mirror)
2026-08-31,AWS,us-west-2,g5g.2xlarge,T4G,1.0,spot,0.264533,0.264533,instances.vantage.sh (AWS Price List mirror)
2026-08-31,AWS,us-west-2,g5g.4xlarge,T4G,1.0,ondemand,0.828,0.828,instances.vantage.sh (AWS Price List mirror)
2026-08-31,AWS,us-west-2,g5g.4xlarge,T4G,1.0,spot,0.287733,0.287733,instances.vantage.sh (AWS Price List mirror)
2026-08-31,AWS,us-west-2,g5g.8xlarge,T4G,1.0,ondemand,1.372,1.372,instances.vantage.sh (AWS Price List mirror)
2026-08-31,AWS,us-west-2,g5g.8xlarge,T4G,1.0,spot,0.4546,0.4546,instances.vantage.sh (AWS Price List mirror)
2026-08-31,AWS,us-west-2,g5g.metal,T4G,2.0,ondemand,2.744,1.372,instances.vantage.sh (AWS Price List mirror)
2026-08-31,AWS,us-west-2,g5g.metal,T4G,2.0,spot,0.64,0.32,instances.vantage.sh (AWS Price List mirror)
2026-08-31,AWS,us-west-2,g5g.xlarge,T4G,1.0,ondemand,0.42,0.42,instances.vantage.sh (AWS Price List mirror)
2026-08-31,AWS,us-west-2,g5g.xlarge,T4G,1.0,spot,0.137467,0.137467,instances.vantage.sh (AWS Price List mirror)
2026-08-31,AWS,us-west-2,g6.12xlarge,L4,4.0,ondemand,4.6016,1.1504,instances.vantage.sh (AWS Price List mirror)
2026-08-31,AWS,us-west-2,g6.12xlarge,L4,4.0,spot,2.0619,0.515475,instances.vantage.sh (AWS Price List mirror)
2026-08-31,AWS,us-west-2,g6.16xlarge,L4,1.0,ondemand,3.3968,3.3968,instances.vantage.sh (AWS Price List mirror)
2026-08-31,AWS,us-west-2,g6.16xlarge,L4,1.0,spot,1.420325,1.420325,instances.vantage.sh (AWS Price List mirror)
2026-08-31,AWS,us-west-2,g6.24xlarge,L4,4.0,ondemand,6.6752,1.6688,instances.vantage.sh (AWS Price List mirror)
2026-08-31,AWS,us-west-2,g6.24xlarge,L4,4.0,spot,3.0752,0.7688,instances.vantage.sh (AWS Price List mirror)
2026-08-31,AWS,us-west-2,g6.2xlarge,L4,1.0,ondemand,0.9776,0.9776,instances.vantage.sh (AWS Price List mirror)
2026-08-31,AWS,us-west-2,g6.2xlarge,L4,1.0,spot,0.8349,0.8349,instances.vantage.sh (AWS Price List mirror)
2026-08-31,AWS,us-west-2,g6.48xlarge,L4,8.0,ondemand,13.3504,1.6688,instances.vantage.sh (AWS Price List mirror)
2026-08-31,AWS,us-west-2,g6.48xlarge,L4,8.0,spot,6.413875,0.801734375,instances.vantage.sh (AWS Price List mirror)
2026-08-31,AWS,us-west-2,g6.4xlarge,L4,1.0,ondemand,1.3232,1.3232,instances.vantage.sh (AWS Price List mirror)
2026-08-31,AWS,us-west-2,g6.4xlarge,L4,1.0,spot,0.694525,0.694525,instances.vantage.sh (AWS Price List mirror)
2026-08-31,AWS,us-west-2,g6.8xlarge,L4,1.0,ondemand,2.0144,2.0144,instances.vantage.sh (AWS Price List mirror)
2026-08-31,AWS,us-west-2,g6.8xlarge,L4,1.0,spot,0.845,0.845,instances.vantage.sh (AWS Price List mirror)
2026-08-31,AWS,us-west-2,g6.xlarge,L4,1.0,ondemand,0.8048,0.8048,instances.vantage.sh (AWS Price List mirror)
2026-08-31,AWS,us-west-2,g6.xlarge,L4,1.0,spot,0.52565,0.52565,instances.vantage.sh (AWS Price List mirror)
2026-08-31,AWS,us-west-2,g6e.12xlarge,L40S,4.0,ondemand,10.49264,2.62316,instances.vantage.sh (AWS Price List mirror)
2026-08-31,AWS,us-west-2,g6e.12xlarge,L40S,4.0,spot,7.356575,1.83914375,instances.vantage.sh (AWS Price List mirror)
2026-08-31,AWS,us-west-2,g6e.16xlarge,L40S,1.0,ondemand,7.57719,7.57719,instances.vantage.sh (AWS Price List mirror)
2026-08-31,AWS,us-west-2,g6e.16xlarge,L40S,1.0,spot,2.9732,2.9732,instances.vantage.sh (AWS Price List mirror)
2026-08-31,AWS,us-west-2,g6e.24xlarge,L40S,4.0,ondemand,15.06559,3.7663975,instances.vantage.sh (AWS Price List mirror)
2026-08-31,AWS,us-west-2,g6e.24xlarge,L40S,4.0,spot,8.847075,2.21176875,instances.vantage.sh (AWS Price List mirror)
2026-08-31,AWS,us-west-2,g6e.2xlarge,L40S,1.0,ondemand,2.24208,2.24208,instances.vantage.sh (AWS Price List mirror)
2026-08-31,AWS,us-west-2,g6e.2xlarge,L40S,1.0,spot,1.4575,1.4575,instances.vantage.sh (AWS Price List mirror)
2026-08-31,AWS,us-west-2,g6e.48xlarge,L40S,8.0,ondemand,30.13118,3.7663975,instances.vantage.sh (AWS Price List mirror)
2026-08-31,AWS,us-west-2,g6e.48xlarge,L40S,8.0,spot,12.37895,1.54736875,instances.vantage.sh (AWS Price List mirror)
2026-08-31,AWS,us-west-2,g6e.4xlarge,L40S,1.0,ondemand,3.00424,3.00424,instances.vantage.sh (AWS Price List mirror)
2026-08-31,AWS,us-west-2,g6e.4xlarge,L40S,1.0,spot,1.988875,1.988875,instances.vantage.sh (AWS Price List mirror)
2026-08-31,AWS,us-west-2,g6e.8xlarge,L40S,1.0,ondemand,4.52856,4.52856,instances.vantage.sh (AWS Price List mirror)
2026-08-31,AWS,us-west-2,g6e.8xlarge,L40S,1.0,spot,1.831225,1.831225,instances.vantage.sh (AWS Price List mirror)
2026-08-31,AWS,us-west-2,g6e.xlarge,L40S,1.0,ondemand,1.861,1.861,instances.vantage.sh (AWS Price List mirror)
2026-08-31,AWS,us-west-2,g6e.xlarge,L40S,1.0,spot,1.497075,1.497075,instances.vantage.sh (AWS Price List mirror)
2026-08-31,AWS,us-west-2,g6f.2xlarge,L4,0.25,ondemand,0.475,1.9,instances.vantage.sh (AWS Price List mirror)
2026-08-31,AWS,us-west-2,g6f.2xlarge,L4,0.25,spot,0.17165,0.6866,instances.vantage.sh (AWS Price List mirror)
2026-08-31,AWS,us-west-2,g6f.4xlarge,L4,0.5,ondemand,0.95,1.9,instances.vantage.sh (AWS Price List mirror)
2026-08-31,AWS,us-west-2,g6f.4xlarge,L4,0.5,spot,0.3581,0.7162,instances.vantage.sh (AWS Price List mirror)
2026-08-31,AWS,us-west-2,g6f.large,L4,0.125,ondemand,0.202,1.616,instances.vantage.sh (AWS Price List mirror)
2026-08-31,AWS,us-west-2,g6f.large,L4,0.125,spot,0.049775,0.3982,instances.vantage.sh (AWS Price List mirror)
2026-08-31,AWS,us-west-2,g6f.xlarge,L4,0.125,ondemand,0.2375,1.9,instances.vantage.sh (AWS Price List mirror)
2026-08-31,AWS,us-west-2,g6f.xlarge,L4,0.125,spot,0.1029,0.8232,instances.vantage.sh (AWS Price List mirror)
2026-08-31,AWS,us-west-2,g7.12xlarge,NVIDIA RTX PRO 4500 Blackwell,2.0,ondemand,7.12832,3.56416,instances.vantage.sh (AWS Price List mirror)
2026-08-31,AWS,us-west-2,g7.12xlarge,NVIDIA RTX PRO 4500 Blackwell,2.0,spot,1.5403,0.77015,instances.vantage.sh (AWS Price List mirror)
2026-08-31,AWS,us-west-2,g7.24xlarge,NVIDIA RTX PRO 4500 Blackwell,4.0,ondemand,14.25664,3.56416,instances.vantage.sh (AWS Price List mirror)
2026-08-31,AWS,us-west-2,g7.24xlarge,NVIDIA RTX PRO 4500 Blackwell,4.0,spot,4.44885,1.1122125,instances.vantage.sh (AWS Price List mirror)
2026-08-31,AWS,us-west-2,g7.2xlarge,NVIDIA RTX PRO 4500 Blackwell,1.0,ondemand,2.52,2.52,instances.vantage.sh (AWS Price List mirror)
2026-08-31,AWS,us-west-2,g7.2xlarge,NVIDIA RTX PRO 4500 Blackwell,1.0,spot,0.793875,0.793875,instances.vantage.sh (AWS Price List mirror)
2026-08-31,AWS,us-west-2,g7.48xlarge,NVIDIA RTX PRO 4500 Blackwell,8.0,ondemand,28.51328,3.56416,instances.vantage.sh (AWS Price List mirror)
2026-08-31,AWS,us-west-2,g7.48xlarge,NVIDIA RTX PRO 4500 Blackwell,8.0,spot,9.408925,1.176115625,instances.vantage.sh (AWS Price List mirror)
2026-08-31,AWS,us-west-2,g7.4xlarge,NVIDIA RTX PRO 4500 Blackwell,1.0,ondemand,3.04208,3.04208,instances.vantage.sh (AWS Price List mirror)
2026-08-31,AWS,us-west-2,g7.4xlarge,NVIDIA RTX PRO 4500 Blackwell,1.0,spot,0.77295,0.77295,instances.vantage.sh (AWS Price List mirror)
2026-08-31,AWS,us-west-2,g7.8xlarge,NVIDIA RTX PRO 4500 Blackwell,1.0,ondemand,4.08624,4.08624,instances.vantage.sh (AWS Price List mirror)
2026-08-31,AWS,us-west-2,g7.8xlarge,NVIDIA RTX PRO 4500 Blackwell,1.0,spot,0.957675,0.957675,instances.vantage.sh (AWS Price List mirror)
2026-08-31,AWS,us-west-2,g7e.12xlarge,NVIDIA RTX PRO 6000 Blackwell,2.0,ondemand,8.28608,4.14304,instances.vantage.sh (AWS Price List mirror)
2026-08-31,AWS,us-west-2,g7e.12xlarge,NVIDIA RTX PRO 6000 Blackwell,2.0,spot,5.294225,2.6471125,instances.vantage.sh (AWS Price List mirror)
2026-08-31,AWS,us-west-2,g7e.24xlarge,NVIDIA RTX PRO 6000 Blackwell,4.0,ondemand,16.57216,4.14304,instances.vantage.sh (AWS Price List mirror)
2026-08-31,AWS,us-west-2,g7e.24xlarge,NVIDIA RTX PRO 6000 Blackwell,4.0,spot,13.3598,3.33995,instances.vantage.sh (AWS Price List mirror)
2026-08-31,AWS,us-west-2,g7e.2xlarge,NVIDIA RTX PRO 6000 Blackwell,1.0,ondemand,3.36312,3.36312,instances.vantage.sh (AWS Price List mirror)
2026-08-31,AWS,us-west-2,g7e.2xlarge,NVIDIA RTX PRO 6000 Blackwell,1.0,spot,2.116275,2.116275,instances.vantage.sh (AWS Price List mirror)
2026-08-31,AWS,us-west-2,g7e.48xlarge,NVIDIA RTX PRO 6000 Blackwell,8.0,ondemand,33.14432,4.14304,instances.vantage.sh (AWS Price List mirror)
2026-08-31,AWS,us-west-2,g7e.48xlarge,NVIDIA RTX PRO 6000 Blackwell,8.0,spot,28.15815,3.51976875,instances.vantage.sh (AWS Price List mirror)
2026-08-31,AWS,us-west-2,g7e.4xlarge,NVIDIA RTX PRO 6000 Blackwell,1.0,ondemand,3.99816,3.99816,instances.vantage.sh (AWS Price List mirror)
2026-08-31,AWS,us-west-2,g7e.4xlarge,NVIDIA RTX PRO 6000 Blackwell,1.0,spot,2.718525,2.718525,instances.vantage.sh (AWS Price List mirror)
2026-08-31,AWS,us-west-2,g7e.8xlarge,NVIDIA RTX PRO 6000 Blackwell,1.0,ondemand,5.26824,5.26824,instances.vantage.sh (AWS Price List mirror)
2026-08-31,AWS,us-west-2,g7e.8xlarge,NVIDIA RTX PRO 6000 Blackwell,1.0,spot,3.56575,3.56575,instances.vantage.sh (AWS Price List mirror)
2026-08-31,AWS,us-west-2,gr6.4xlarge,L4,1.0,ondemand,1.5392,1.5392,instances.vantage.sh (AWS Price List mirror)
2026-08-31,AWS,us-west-2,gr6.4xlarge,L4,1.0,spot,0.598925,0.598925,instances.vantage.sh (AWS Price List mirror)
2026-08-31,AWS,us-west-2,gr6.8xlarge,L4,1.0,ondemand,2.4464,2.4464,instances.vantage.sh (AWS Price List mirror)
2026-08-31,AWS,us-west-2,gr6.8xlarge,L4,1.0,spot,0.869975,0.869975,instances.vantage.sh (AWS Price List mirror)
2026-08-31,AWS,us-west-2,gr6f.4xlarge,L4,0.5,ondemand,1.066,2.132,instances.vantage.sh (AWS Price List mirror)
2026-08-31,AWS,us-west-2,gr6f.4xlarge,L4,0.5,spot,0.3773,0.7546,instances.vantage.sh (AWS Price List mirror)
2026-08-31,AWS,us-west-2,p2.16xlarge,K80,16.0,ondemand,14.4,0.9,instances.vantage.sh (AWS Price List mirror)
2026-08-31,AWS,us-west-2,p2.8xlarge,K80,8.0,ondemand,7.2,0.9,instances.vantage.sh (AWS Price List mirror)
2026-08-31,AWS,us-west-2,p2.xlarge,K80,1.0,ondemand,0.9,0.9,instances.vantage.sh (AWS Price List mirror)
2026-08-31,AWS,us-west-2,p3.16xlarge,V100,8.0,ondemand,24.48,3.06,instances.vantage.sh (AWS Price List mirror)
2026-08-31,AWS,us-west-2,p3.16xlarge,V100,8.0,spot,5.8752,0.7344,instances.vantage.sh (AWS Price List mirror)
2026-08-31,AWS,us-west-2,p3.2xlarge,V100,1.0,ondemand,3.06,3.06,instances.vantage.sh (AWS Price List mirror)
2026-08-31,AWS,us-west-2,p3.2xlarge,V100,1.0,spot,0.5202,0.5202,instances.vantage.sh (AWS Price List mirror)
2026-08-31,AWS,us-west-2,p3.8xlarge,V100,4.0,ondemand,12.24,3.06,instances.vantage.sh (AWS Price List mirror)
2026-08-31,AWS,us-west-2,p3.8xlarge,V100,4.0,spot,3.4272,0.8568,instances.vantage.sh (AWS Price List mirror)
2026-08-31,AWS,us-west-2,p3dn.24xlarge,V100,8.0,ondemand,31.212,3.9015,instances.vantage.sh (AWS Price List mirror)
2026-08-31,AWS,us-west-2,p3dn.24xlarge,V100,8.0,spot,8.28125,1.03515625,instances.vantage.sh (AWS Price List mirror)
2026-08-31,AWS,us-west-2,p4d.24xlarge,A100,8.0,ondemand,21.95764,2.744705,instances.vantage.sh (AWS Price List mirror)
2026-08-31,AWS,us-west-2,p4d.24xlarge,A100,8.0,spot,15.063075,1.882884375,instances.vantage.sh (AWS Price List mirror)
2026-08-31,AWS,us-west-2,p4de.24xlarge,A100,8.0,ondemand,27.44705,3.43088125,instances.vantage.sh (AWS Price List mirror)
2026-08-31,AWS,us-west-2,p4de.24xlarge,A100,8.0,spot,20.4389,2.5548625,instances.vantage.sh (AWS Price List mirror)
2026-08-31,AWS,us-west-2,p5.48xlarge,H100,8.0,ondemand,55.04,6.88,instances.vantage.sh (AWS Price List mirror)
2026-08-31,AWS,us-west-2,p5.48xlarge,H100,8.0,spot,20.4939,2.5617375,instances.vantage.sh (AWS Price List mirror)
2026-08-31,AWS,us-west-2,p5.4xlarge,H100,1.0,ondemand,6.88,6.88,instances.vantage.sh (AWS Price List mirror)
2026-08-31,AWS,us-west-2,p5.4xlarge,H100,1.0,spot,2.6295,2.6295,instances.vantage.sh (AWS Price List mirror)
2026-08-31,AWS,us-west-2,p5en.48xlarge,H200,8.0,ondemand,63.296,7.912,instances.vantage.sh (AWS Price List mirror)
2026-08-31,AWS,us-west-2,p5en.48xlarge,H200,8.0,spot,26.998567,3.374820875,instances.vantage.sh (AWS Price List mirror)
2026-08-31,AWS,us-west-2,p6-b200.48xlarge,B200,8.0,ondemand,113.9328,14.2416,instances.vantage.sh (AWS Price List mirror)
2026-08-31,AWS,us-west-2,p6-b200.48xlarge,B200,8.0,spot,41.7631,5.2203875,instances.vantage.sh (AWS Price List mirror)
2026-08-31,AWS,us-west-2,p6-b300.48xlarge,NVIDIA B300,8.0,ondemand,142.416,17.802,instances.vantage.sh (AWS Price List mirror)
2026-08-31,AWS,us-west-2,p6-b300.48xlarge,NVIDIA B300,8.0,spot,50.8321,6.3540125,instances.vantage.sh (AWS Price List mirror)
2026-08-31,AWS,us-west-2-den-1,g4dn.2xlarge,T4,1.0,ondemand,1.015,1.015,instances.vantage.sh (AWS Price List mirror)
2026-08-31,AWS,us-west-2-den-1,g4dn.4xlarge,T4,1.0,ondemand,1.625,1.625,instances.vantage.sh (AWS Price List mirror)
2026-08-31,AWS,us-west-2-hnl-1,g4dn.2xlarge,T4,1.0,ondemand,1.241,1.241,instances.vantage.sh (AWS Price List mirror)
2026-08-31,AWS,us-west-2-hnl-1,g4dn.4xlarge,T4,1.0,ondemand,1.987,1.987,instances.vantage.sh (AWS Price List mirror)
2026-08-31,AWS,us-west-2-las-1,g4dn.2xlarge,T4,1.0,ondemand,1.015,1.015,instances.vantage.sh (AWS Price List mirror)
2026-08-31,AWS,us-west-2-lax-1,g4dn.12xlarge,T4,4.0,ondemand,4.694,1.1735,instances.vantage.sh (AWS Price List mirror)
2026-08-31,AWS,us-west-2-lax-1,g4dn.16xlarge,T4,1.0,ondemand,5.222,5.222,instances.vantage.sh (AWS Price List mirror)
2026-08-31,AWS,us-west-2-lax-1,g4dn.2xlarge,T4,1.0,ondemand,0.902,0.902,instances.vantage.sh (AWS Price List mirror)
2026-08-31,AWS,us-west-2-lax-1,g4dn.4xlarge,T4,1.0,ondemand,1.445,1.445,instances.vantage.sh (AWS Price List mirror)
2026-08-31,AWS,us-west-2-lax-1,g4dn.8xlarge,T4,1.0,ondemand,2.611,2.611,instances.vantage.sh (AWS Price List mirror)
2026-08-31,AWS,us-west-2-lax-1,g4dn.metal,T4,8.0,ondemand,9.389,1.173625,instances.vantage.sh (AWS Price List mirror)
2026-08-31,AWS,us-west-2-lax-1,g4dn.xlarge,T4,1.0,ondemand,0.631,0.631,instances.vantage.sh (AWS Price List mirror)
2026-08-31,AWS,us-west-2-lax-1,g5.4xlarge,A10G,1.0,ondemand,2.23098,2.23098,instances.vantage.sh (AWS Price List mirror)
2026-08-31,AWS,us-west-2-lax-1,g5.8xlarge,A10G,1.0,ondemand,3.36296,3.36296,instances.vantage.sh (AWS Price List mirror)
2026-08-31,AWS,us-west-2-lax-1,g7e.4xlarge,NVIDIA RTX PRO 6000 Blackwell,1.0,ondemand,5.35803,5.35803,instances.vantage.sh (AWS Price List mirror)
2026-08-31,AWS,us-west-2-lax-1,g7e.8xlarge,NVIDIA RTX PRO 6000 Blackwell,1.0,ondemand,7.0601,7.0601,instances.vantage.sh (AWS Price List mirror)
2026-08-31,AWS,us-west-2-pdx-1,g4dn.2xlarge,T4,1.0,ondemand,1.015,1.015,instances.vantage.sh (AWS Price List mirror)
2026-08-31,AWS,us-west-2-phx-1,g4dn.2xlarge,T4,1.0,ondemand,1.015,1.015,instances.vantage.sh (AWS Price List mirror)
2026-08-31,AWS,us-west-2-phx-1,g4dn.4xlarge,T4,1.0,ondemand,1.625,1.625,instances.vantage.sh (AWS Price List mirror)
2026-08-31,AWS,us-west-2-sea-1,g4dn.2xlarge,T4,1.0,ondemand,1.015,1.015,instances.vantage.sh (AWS Price List mirror)
2026-08-31,AWS,us-west-2-wl1,g4dn.2xlarge,T4,1.0,ondemand,1.317,1.317,instances.vantage.sh (AWS Price List mirror)
2026-08-31,AWS,us-west-2-wl1-den1,g4dn.2xlarge,T4,1.0,ondemand,1.317,1.317,instances.vantage.sh (AWS Price List mirror)
2026-08-31,AWS,us-west-2-wl1-las1,g4dn.2xlarge,T4,1.0,ondemand,1.317,1.317,instances.vantage.sh (AWS Price List mirror)
2026-08-31,AWS,us-west-2-wl1-lax1,g4dn.2xlarge,T4,1.0,ondemand,1.317,1.317,instances.vantage.sh (AWS Price List mirror)
2026-08-31,AWS,us-west-2-wl1-phx1,g4dn.2xlarge,T4,1.0,ondemand,1.317,1.317,instances.vantage.sh (AWS Price List mirror)
2026-08-31,AWS,us-west-2-wl1-sea1,g4dn.2xlarge,T4,1.0,ondemand,1.317,1.317,instances.vantage.sh (AWS Price List mirror)
