snapshot_date,provider,region,sku,gpu_model,gpu_count,price_type,price_usd_hour,price_usd_per_gpu_hour,source
2026-09-14,AWS,af-south-1,g4dn.12xlarge,T4,4.0,ondemand,5.19,1.2975,instances.vantage.sh (AWS Price List mirror)
2026-09-14,AWS,af-south-1,g4dn.12xlarge,T4,4.0,spot,0.519,0.12975,instances.vantage.sh (AWS Price List mirror)
2026-09-14,AWS,af-south-1,g4dn.16xlarge,T4,1.0,ondemand,5.774,5.774,instances.vantage.sh (AWS Price List mirror)
2026-09-14,AWS,af-south-1,g4dn.16xlarge,T4,1.0,spot,0.5774,0.5774,instances.vantage.sh (AWS Price List mirror)
2026-09-14,AWS,af-south-1,g4dn.2xlarge,T4,1.0,ondemand,0.998,0.998,instances.vantage.sh (AWS Price List mirror)
2026-09-14,AWS,af-south-1,g4dn.2xlarge,T4,1.0,spot,0.15968,0.15968,instances.vantage.sh (AWS Price List mirror)
2026-09-14,AWS,af-south-1,g4dn.4xlarge,T4,1.0,ondemand,1.597,1.597,instances.vantage.sh (AWS Price List mirror)
2026-09-14,AWS,af-south-1,g4dn.4xlarge,T4,1.0,spot,0.35134,0.35134,instances.vantage.sh (AWS Price List mirror)
2026-09-14,AWS,af-south-1,g4dn.8xlarge,T4,1.0,ondemand,2.887,2.887,instances.vantage.sh (AWS Price List mirror)
2026-09-14,AWS,af-south-1,g4dn.8xlarge,T4,1.0,spot,0.31757,0.31757,instances.vantage.sh (AWS Price List mirror)
2026-09-14,AWS,af-south-1,g4dn.metal,T4,8.0,ondemand,10.381,1.297625,instances.vantage.sh (AWS Price List mirror)
2026-09-14,AWS,af-south-1,g4dn.metal,T4,8.0,spot,9.44671,1.18083875,instances.vantage.sh (AWS Price List mirror)
2026-09-14,AWS,af-south-1,g4dn.xlarge,T4,1.0,ondemand,0.698,0.698,instances.vantage.sh (AWS Price List mirror)
2026-09-14,AWS,af-south-1,g4dn.xlarge,T4,1.0,spot,0.16054,0.16054,instances.vantage.sh (AWS Price List mirror)
2026-09-14,AWS,af-south-1-los-1,g4dn.2xlarge,T4,1.0,ondemand,1.247,1.247,instances.vantage.sh (AWS Price List mirror)
2026-09-14,AWS,ap-east-1,g4dn.12xlarge,T4,4.0,ondemand,6.024,1.506,instances.vantage.sh (AWS Price List mirror)
2026-09-14,AWS,ap-east-1,g4dn.12xlarge,T4,4.0,spot,3.3132,0.8283,instances.vantage.sh (AWS Price List mirror)
2026-09-14,AWS,ap-east-1,g4dn.16xlarge,T4,1.0,ondemand,6.702,6.702,instances.vantage.sh (AWS Price List mirror)
2026-09-14,AWS,ap-east-1,g4dn.16xlarge,T4,1.0,spot,0.6702,0.6702,instances.vantage.sh (AWS Price List mirror)
2026-09-14,AWS,ap-east-1,g4dn.2xlarge,T4,1.0,ondemand,1.158,1.158,instances.vantage.sh (AWS Price List mirror)
2026-09-14,AWS,ap-east-1,g4dn.2xlarge,T4,1.0,spot,0.30108,0.30108,instances.vantage.sh (AWS Price List mirror)
2026-09-14,AWS,ap-east-1,g4dn.4xlarge,T4,1.0,ondemand,1.854,1.854,instances.vantage.sh (AWS Price List mirror)
2026-09-14,AWS,ap-east-1,g4dn.4xlarge,T4,1.0,spot,0.31518,0.31518,instances.vantage.sh (AWS Price List mirror)
2026-09-14,AWS,ap-east-1,g4dn.8xlarge,T4,1.0,ondemand,3.351,3.351,instances.vantage.sh (AWS Price List mirror)
2026-09-14,AWS,ap-east-1,g4dn.8xlarge,T4,1.0,spot,0.40212,0.40212,instances.vantage.sh (AWS Price List mirror)
2026-09-14,AWS,ap-east-1,g4dn.metal,T4,8.0,ondemand,12.048,1.506,instances.vantage.sh (AWS Price List mirror)
2026-09-14,AWS,ap-east-1,g4dn.metal,T4,8.0,spot,7.8312,0.9789,instances.vantage.sh (AWS Price List mirror)
2026-09-14,AWS,ap-east-1,g4dn.xlarge,T4,1.0,ondemand,0.81,0.81,instances.vantage.sh (AWS Price List mirror)
2026-09-14,AWS,ap-east-1,g4dn.xlarge,T4,1.0,spot,0.162,0.162,instances.vantage.sh (AWS Price List mirror)
2026-09-14,AWS,ap-east-1,g5.12xlarge,A10G,4.0,ondemand,8.7324,2.1831,instances.vantage.sh (AWS Price List mirror)
2026-09-14,AWS,ap-east-1,g5.12xlarge,A10G,4.0,spot,1.833804,0.458451,instances.vantage.sh (AWS Price List mirror)
2026-09-14,AWS,ap-east-1,g5.16xlarge,A10G,1.0,ondemand,6.30605,6.30605,instances.vantage.sh (AWS Price List mirror)
2026-09-14,AWS,ap-east-1,g5.16xlarge,A10G,1.0,spot,1.450392,1.450392,instances.vantage.sh (AWS Price List mirror)
2026-09-14,AWS,ap-east-1,g5.24xlarge,A10G,4.0,ondemand,12.5382,3.13455,instances.vantage.sh (AWS Price List mirror)
2026-09-14,AWS,ap-east-1,g5.24xlarge,A10G,4.0,spot,11.409762,2.8524405,instances.vantage.sh (AWS Price List mirror)
2026-09-14,AWS,ap-east-1,g5.2xlarge,A10G,1.0,ondemand,1.86595,1.86595,instances.vantage.sh (AWS Price List mirror)
2026-09-14,AWS,ap-east-1,g5.2xlarge,A10G,1.0,spot,0.410509,0.410509,instances.vantage.sh (AWS Price List mirror)
2026-09-14,AWS,ap-east-1,g5.48xlarge,A10G,8.0,ondemand,25.0764,3.13455,instances.vantage.sh (AWS Price List mirror)
2026-09-14,AWS,ap-east-1,g5.48xlarge,A10G,8.0,spot,12.5382,1.567275,instances.vantage.sh (AWS Price List mirror)
2026-09-14,AWS,ap-east-1,g5.4xlarge,A10G,1.0,ondemand,2.50025,2.50025,instances.vantage.sh (AWS Price List mirror)
2026-09-14,AWS,ap-east-1,g5.4xlarge,A10G,1.0,spot,2.10021,2.10021,instances.vantage.sh (AWS Price List mirror)
2026-09-14,AWS,ap-east-1,g5.8xlarge,A10G,1.0,ondemand,3.76885,3.76885,instances.vantage.sh (AWS Price List mirror)
2026-09-14,AWS,ap-east-1,g5.8xlarge,A10G,1.0,spot,1.055278,1.055278,instances.vantage.sh (AWS Price List mirror)
2026-09-14,AWS,ap-east-1,g5.xlarge,A10G,1.0,ondemand,1.5488,1.5488,instances.vantage.sh (AWS Price List mirror)
2026-09-14,AWS,ap-east-1,g5.xlarge,A10G,1.0,spot,0.3872,0.3872,instances.vantage.sh (AWS Price List mirror)
2026-09-14,AWS,ap-northeast-1,g2.2xlarge,K520,1.0,ondemand,0.898,0.898,instances.vantage.sh (AWS Price List mirror)
2026-09-14,AWS,ap-northeast-1,g2.8xlarge,K520,4.0,ondemand,3.592,0.898,instances.vantage.sh (AWS Price List mirror)
2026-09-14,AWS,ap-northeast-1,g3.16xlarge,M60,4.0,ondemand,6.32,1.58,instances.vantage.sh (AWS Price List mirror)
2026-09-14,AWS,ap-northeast-1,g3.4xlarge,M60,1.0,ondemand,1.58,1.58,instances.vantage.sh (AWS Price List mirror)
2026-09-14,AWS,ap-northeast-1,g3.8xlarge,M60,2.0,ondemand,3.16,1.58,instances.vantage.sh (AWS Price List mirror)
2026-09-14,AWS,ap-northeast-1,g3s.xlarge,M60,1.0,ondemand,1.04,1.04,instances.vantage.sh (AWS Price List mirror)
2026-09-14,AWS,ap-northeast-1,g4ad.16xlarge,V520,4.0,ondemand,4.68,1.17,instances.vantage.sh (AWS Price List mirror)
2026-09-14,AWS,ap-northeast-1,g4ad.16xlarge,V520,4.0,spot,2.834367,0.70859175,instances.vantage.sh (AWS Price List mirror)
2026-09-14,AWS,ap-northeast-1,g4ad.2xlarge,V520,1.0,ondemand,0.7303,0.7303,instances.vantage.sh (AWS Price List mirror)
2026-09-14,AWS,ap-northeast-1,g4ad.2xlarge,V520,1.0,spot,0.4406,0.4406,instances.vantage.sh (AWS Price List mirror)
2026-09-14,AWS,ap-northeast-1,g4ad.4xlarge,V520,1.0,ondemand,1.17,1.17,instances.vantage.sh (AWS Price List mirror)
2026-09-14,AWS,ap-northeast-1,g4ad.4xlarge,V520,1.0,spot,0.714567,0.714567,instances.vantage.sh (AWS Price List mirror)
2026-09-14,AWS,ap-northeast-1,g4ad.8xlarge,V520,2.0,ondemand,2.34,1.17,instances.vantage.sh (AWS Price List mirror)
2026-09-14,AWS,ap-northeast-1,g4ad.8xlarge,V520,2.0,spot,1.100233,0.5501165,instances.vantage.sh (AWS Price List mirror)
2026-09-14,AWS,ap-northeast-1,g4ad.xlarge,V520,1.0,ondemand,0.51082,0.51082,instances.vantage.sh (AWS Price List mirror)
2026-09-14,AWS,ap-northeast-1,g4ad.xlarge,V520,1.0,spot,0.3135,0.3135,instances.vantage.sh (AWS Price List mirror)
2026-09-14,AWS,ap-northeast-1,g4dn.12xlarge,T4,4.0,ondemand,5.281,1.32025,instances.vantage.sh (AWS Price List mirror)
2026-09-14,AWS,ap-northeast-1,g4dn.12xlarge,T4,4.0,spot,2.664867,0.66621675,instances.vantage.sh (AWS Price List mirror)
2026-09-14,AWS,ap-northeast-1,g4dn.16xlarge,T4,1.0,ondemand,5.875,5.875,instances.vantage.sh (AWS Price List mirror)
2026-09-14,AWS,ap-northeast-1,g4dn.16xlarge,T4,1.0,spot,2.650233,2.650233,instances.vantage.sh (AWS Price List mirror)
2026-09-14,AWS,ap-northeast-1,g4dn.2xlarge,T4,1.0,ondemand,1.015,1.015,instances.vantage.sh (AWS Price List mirror)
2026-09-14,AWS,ap-northeast-1,g4dn.2xlarge,T4,1.0,spot,0.5097,0.5097,instances.vantage.sh (AWS Price List mirror)
2026-09-14,AWS,ap-northeast-1,g4dn.4xlarge,T4,1.0,ondemand,1.625,1.625,instances.vantage.sh (AWS Price List mirror)
2026-09-14,AWS,ap-northeast-1,g4dn.4xlarge,T4,1.0,spot,0.766667,0.766667,instances.vantage.sh (AWS Price List mirror)
2026-09-14,AWS,ap-northeast-1,g4dn.8xlarge,T4,1.0,ondemand,2.938,2.938,instances.vantage.sh (AWS Price List mirror)
2026-09-14,AWS,ap-northeast-1,g4dn.8xlarge,T4,1.0,spot,1.3464,1.3464,instances.vantage.sh (AWS Price List mirror)
2026-09-14,AWS,ap-northeast-1,g4dn.metal,T4,8.0,ondemand,10.562,1.32025,instances.vantage.sh (AWS Price List mirror)
2026-09-14,AWS,ap-northeast-1,g4dn.metal,T4,8.0,spot,5.3339,0.6667375,instances.vantage.sh (AWS Price List mirror)
2026-09-14,AWS,ap-northeast-1,g4dn.xlarge,T4,1.0,ondemand,0.71,0.71,instances.vantage.sh (AWS Price List mirror)
2026-09-14,AWS,ap-northeast-1,g4dn.xlarge,T4,1.0,spot,0.3373,0.3373,instances.vantage.sh (AWS Price List mirror)
2026-09-14,AWS,ap-northeast-1,g5.12xlarge,A10G,4.0,ondemand,8.22609,2.0565225,instances.vantage.sh (AWS Price List mirror)
2026-09-14,AWS,ap-northeast-1,g5.12xlarge,A10G,4.0,spot,4.85355,1.2133875,instances.vantage.sh (AWS Price List mirror)
2026-09-14,AWS,ap-northeast-1,g5.16xlarge,A10G,1.0,ondemand,5.94042,5.94042,instances.vantage.sh (AWS Price List mirror)
2026-09-14,AWS,ap-northeast-1,g5.16xlarge,A10G,1.0,spot,2.77225,2.77225,instances.vantage.sh (AWS Price List mirror)
2026-09-14,AWS,ap-northeast-1,g5.24xlarge,A10G,4.0,ondemand,11.81123,2.9528075,instances.vantage.sh (AWS Price List mirror)
2026-09-14,AWS,ap-northeast-1,g5.24xlarge,A10G,4.0,spot,10.6301,2.657525,instances.vantage.sh (AWS Price List mirror)
2026-09-14,AWS,ap-northeast-1,g5.2xlarge,A10G,1.0,ondemand,1.75776,1.75776,instances.vantage.sh (AWS Price List mirror)
2026-09-14,AWS,ap-northeast-1,g5.2xlarge,A10G,1.0,spot,0.86775,0.86775,instances.vantage.sh (AWS Price List mirror)
2026-09-14,AWS,ap-northeast-1,g5.48xlarge,A10G,8.0,ondemand,23.62246,2.9528075,instances.vantage.sh (AWS Price List mirror)
2026-09-14,AWS,ap-northeast-1,g5.48xlarge,A10G,8.0,spot,21.2602,2.657525,instances.vantage.sh (AWS Price List mirror)
2026-09-14,AWS,ap-northeast-1,g5.4xlarge,A10G,1.0,ondemand,2.35528,2.35528,instances.vantage.sh (AWS Price List mirror)
2026-09-14,AWS,ap-northeast-1,g5.4xlarge,A10G,1.0,spot,1.1666,1.1666,instances.vantage.sh (AWS Price List mirror)
2026-09-14,AWS,ap-northeast-1,g5.8xlarge,A10G,1.0,ondemand,3.55033,3.55033,instances.vantage.sh (AWS Price List mirror)
2026-09-14,AWS,ap-northeast-1,g5.8xlarge,A10G,1.0,spot,1.68245,1.68245,instances.vantage.sh (AWS Price List mirror)
2026-09-14,AWS,ap-northeast-1,g5.xlarge,A10G,1.0,ondemand,1.459,1.459,instances.vantage.sh (AWS Price List mirror)
2026-09-14,AWS,ap-northeast-1,g5.xlarge,A10G,1.0,spot,0.76055,0.76055,instances.vantage.sh (AWS Price List mirror)
2026-09-14,AWS,ap-northeast-1,g5g.16xlarge,T4G,2.0,ondemand,3.7039,1.85195,instances.vantage.sh (AWS Price List mirror)
2026-09-14,AWS,ap-northeast-1,g5g.16xlarge,T4G,2.0,spot,1.667,0.8335,instances.vantage.sh (AWS Price List mirror)
2026-09-14,AWS,ap-northeast-1,g5g.2xlarge,T4G,1.0,ondemand,0.7505,0.7505,instances.vantage.sh (AWS Price List mirror)
2026-09-14,AWS,ap-northeast-1,g5g.2xlarge,T4G,1.0,spot,0.34405,0.34405,instances.vantage.sh (AWS Price List mirror)
2026-09-14,AWS,ap-northeast-1,g5g.4xlarge,T4G,1.0,ondemand,1.1176,1.1176,instances.vantage.sh (AWS Price List mirror)
2026-09-14,AWS,ap-northeast-1,g5g.4xlarge,T4G,1.0,spot,0.5051,0.5051,instances.vantage.sh (AWS Price List mirror)
2026-09-14,AWS,ap-northeast-1,g5g.8xlarge,T4G,1.0,ondemand,1.8519,1.8519,instances.vantage.sh (AWS Price List mirror)
2026-09-14,AWS,ap-northeast-1,g5g.8xlarge,T4G,1.0,spot,0.8337,0.8337,instances.vantage.sh (AWS Price List mirror)
2026-09-14,AWS,ap-northeast-1,g5g.metal,T4G,2.0,ondemand,3.7039,1.85195,instances.vantage.sh (AWS Price List mirror)
2026-09-14,AWS,ap-northeast-1,g5g.metal,T4G,2.0,spot,1.67305,0.836525,instances.vantage.sh (AWS Price List mirror)
2026-09-14,AWS,ap-northeast-1,g5g.xlarge,T4G,1.0,ondemand,0.5669,0.5669,instances.vantage.sh (AWS Price List mirror)
2026-09-14,AWS,ap-northeast-1,g5g.xlarge,T4G,1.0,spot,0.25735,0.25735,instances.vantage.sh (AWS Price List mirror)
2026-09-14,AWS,ap-northeast-1,g6.12xlarge,L4,4.0,ondemand,6.67369,1.6684225,instances.vantage.sh (AWS Price List mirror)
2026-09-14,AWS,ap-northeast-1,g6.12xlarge,L4,4.0,spot,3.1221,0.780525,instances.vantage.sh (AWS Price List mirror)
2026-09-14,AWS,ap-northeast-1,g6.16xlarge,L4,1.0,ondemand,4.92637,4.92637,instances.vantage.sh (AWS Price List mirror)
2026-09-14,AWS,ap-northeast-1,g6.16xlarge,L4,1.0,spot,2.2883,2.2883,instances.vantage.sh (AWS Price List mirror)
2026-09-14,AWS,ap-northeast-1,g6.24xlarge,L4,4.0,ondemand,9.68103,2.4202575,instances.vantage.sh (AWS Price List mirror)
2026-09-14,AWS,ap-northeast-1,g6.24xlarge,L4,4.0,spot,4.4386,1.10965,instances.vantage.sh (AWS Price List mirror)
2026-09-14,AWS,ap-northeast-1,g6.2xlarge,L4,1.0,ondemand,1.41781,1.41781,instances.vantage.sh (AWS Price List mirror)
2026-09-14,AWS,ap-northeast-1,g6.2xlarge,L4,1.0,spot,0.6908,0.6908,instances.vantage.sh (AWS Price List mirror)
2026-09-14,AWS,ap-northeast-1,g6.48xlarge,L4,8.0,ondemand,19.36206,2.4202575,instances.vantage.sh (AWS Price List mirror)
2026-09-14,AWS,ap-northeast-1,g6.48xlarge,L4,8.0,spot,8.79455,1.09931875,instances.vantage.sh (AWS Price List mirror)
2026-09-14,AWS,ap-northeast-1,g6.4xlarge,L4,1.0,ondemand,1.91903,1.91903,instances.vantage.sh (AWS Price List mirror)
2026-09-14,AWS,ap-northeast-1,g6.4xlarge,L4,1.0,spot,0.9145,0.9145,instances.vantage.sh (AWS Price List mirror)
2026-09-14,AWS,ap-northeast-1,g6.8xlarge,L4,1.0,ondemand,2.92148,2.92148,instances.vantage.sh (AWS Price List mirror)
2026-09-14,AWS,ap-northeast-1,g6.8xlarge,L4,1.0,spot,1.3886,1.3886,instances.vantage.sh (AWS Price List mirror)
2026-09-14,AWS,ap-northeast-1,g6.xlarge,L4,1.0,ondemand,1.1672,1.1672,instances.vantage.sh (AWS Price List mirror)
2026-09-14,AWS,ap-northeast-1,g6.xlarge,L4,1.0,spot,0.5695,0.5695,instances.vantage.sh (AWS Price List mirror)
2026-09-14,AWS,ap-northeast-1,g6e.12xlarge,L40S,4.0,ondemand,15.21742,3.804355,instances.vantage.sh (AWS Price List mirror)
2026-09-14,AWS,ap-northeast-1,g6e.12xlarge,L40S,4.0,spot,7.24835,1.8120875,instances.vantage.sh (AWS Price List mirror)
2026-09-14,AWS,ap-northeast-1,g6e.16xlarge,L40S,1.0,ondemand,10.98917,10.98917,instances.vantage.sh (AWS Price List mirror)
2026-09-14,AWS,ap-northeast-1,g6e.16xlarge,L40S,1.0,spot,4.976,4.976,instances.vantage.sh (AWS Price List mirror)
2026-09-14,AWS,ap-northeast-1,g6e.24xlarge,L40S,4.0,ondemand,21.84956,5.46239,instances.vantage.sh (AWS Price List mirror)
2026-09-14,AWS,ap-northeast-1,g6e.24xlarge,L40S,4.0,spot,10.0233,2.505825,instances.vantage.sh (AWS Price List mirror)
2026-09-14,AWS,ap-northeast-1,g6e.2xlarge,L40S,1.0,ondemand,3.25168,3.25168,instances.vantage.sh (AWS Price List mirror)
2026-09-14,AWS,ap-northeast-1,g6e.2xlarge,L40S,1.0,spot,1.55055,1.55055,instances.vantage.sh (AWS Price List mirror)
2026-09-14,AWS,ap-northeast-1,g6e.48xlarge,L40S,8.0,ondemand,43.69912,5.46239,instances.vantage.sh (AWS Price List mirror)
2026-09-14,AWS,ap-northeast-1,g6e.48xlarge,L40S,8.0,spot,20.6646,2.583075,instances.vantage.sh (AWS Price List mirror)
2026-09-14,AWS,ap-northeast-1,g6e.4xlarge,L40S,1.0,ondemand,4.35703,4.35703,instances.vantage.sh (AWS Price List mirror)
2026-09-14,AWS,ap-northeast-1,g6e.4xlarge,L40S,1.0,spot,2.1216,2.1216,instances.vantage.sh (AWS Price List mirror)
2026-09-14,AWS,ap-northeast-1,g6e.8xlarge,L40S,1.0,ondemand,6.56775,6.56775,instances.vantage.sh (AWS Price List mirror)
2026-09-14,AWS,ap-northeast-1,g6e.8xlarge,L40S,1.0,spot,3.0392,3.0392,instances.vantage.sh (AWS Price List mirror)
2026-09-14,AWS,ap-northeast-1,g6e.xlarge,L40S,1.0,ondemand,2.699,2.699,instances.vantage.sh (AWS Price List mirror)
2026-09-14,AWS,ap-northeast-1,g6e.xlarge,L40S,1.0,spot,1.3515,1.3515,instances.vantage.sh (AWS Price List mirror)
2026-09-14,AWS,ap-northeast-1,g6f.2xlarge,L4,0.25,ondemand,0.68888,2.75552,instances.vantage.sh (AWS Price List mirror)
2026-09-14,AWS,ap-northeast-1,g6f.2xlarge,L4,0.25,spot,0.31115,1.2446,instances.vantage.sh (AWS Price List mirror)
2026-09-14,AWS,ap-northeast-1,g6f.4xlarge,L4,0.5,ondemand,1.37776,2.75552,instances.vantage.sh (AWS Price List mirror)
2026-09-14,AWS,ap-northeast-1,g6f.4xlarge,L4,0.5,spot,0.6323,1.2646,instances.vantage.sh (AWS Price List mirror)
2026-09-14,AWS,ap-northeast-1,g6f.large,L4,0.125,ondemand,0.29296,2.34368,instances.vantage.sh (AWS Price List mirror)
2026-09-14,AWS,ap-northeast-1,g6f.large,L4,0.125,spot,0.13285,1.0628,instances.vantage.sh (AWS Price List mirror)
2026-09-14,AWS,ap-northeast-1,g6f.xlarge,L4,0.125,ondemand,0.34444,2.75552,instances.vantage.sh (AWS Price List mirror)
2026-09-14,AWS,ap-northeast-1,g6f.xlarge,L4,0.125,spot,0.15695,1.2556,instances.vantage.sh (AWS Price List mirror)
2026-09-14,AWS,ap-northeast-1,g7e.12xlarge,NVIDIA RTX PRO 6000 Blackwell,2.0,ondemand,12.01727,6.008635,instances.vantage.sh (AWS Price List mirror)
2026-09-14,AWS,ap-northeast-1,g7e.12xlarge,NVIDIA RTX PRO 6000 Blackwell,2.0,spot,5.8093,2.90465,instances.vantage.sh (AWS Price List mirror)
2026-09-14,AWS,ap-northeast-1,g7e.24xlarge,NVIDIA RTX PRO 6000 Blackwell,4.0,ondemand,24.03454,6.008635,instances.vantage.sh (AWS Price List mirror)
2026-09-14,AWS,ap-northeast-1,g7e.24xlarge,NVIDIA RTX PRO 6000 Blackwell,4.0,spot,15.3058,3.82645,instances.vantage.sh (AWS Price List mirror)
2026-09-14,AWS,ap-northeast-1,g7e.2xlarge,NVIDIA RTX PRO 6000 Blackwell,1.0,ondemand,4.87752,4.87752,instances.vantage.sh (AWS Price List mirror)
2026-09-14,AWS,ap-northeast-1,g7e.2xlarge,NVIDIA RTX PRO 6000 Blackwell,1.0,spot,2.6555,2.6555,instances.vantage.sh (AWS Price List mirror)
2026-09-14,AWS,ap-northeast-1,g7e.48xlarge,NVIDIA RTX PRO 6000 Blackwell,8.0,ondemand,48.06908,6.008635,instances.vantage.sh (AWS Price List mirror)
2026-09-14,AWS,ap-northeast-1,g7e.48xlarge,NVIDIA RTX PRO 6000 Blackwell,8.0,spot,26.40715,3.30089375,instances.vantage.sh (AWS Price List mirror)
2026-09-14,AWS,ap-northeast-1,g7e.4xlarge,NVIDIA RTX PRO 6000 Blackwell,1.0,ondemand,5.79852,5.79852,instances.vantage.sh (AWS Price List mirror)
2026-09-14,AWS,ap-northeast-1,g7e.4xlarge,NVIDIA RTX PRO 6000 Blackwell,1.0,spot,3.04325,3.04325,instances.vantage.sh (AWS Price List mirror)
2026-09-14,AWS,ap-northeast-1,g7e.8xlarge,NVIDIA RTX PRO 6000 Blackwell,1.0,ondemand,7.64051,7.64051,instances.vantage.sh (AWS Price List mirror)
2026-09-14,AWS,ap-northeast-1,g7e.8xlarge,NVIDIA RTX PRO 6000 Blackwell,1.0,spot,4.1327,4.1327,instances.vantage.sh (AWS Price List mirror)
2026-09-14,AWS,ap-northeast-1,gr6.4xlarge,L4,1.0,ondemand,2.2323,2.2323,instances.vantage.sh (AWS Price List mirror)
2026-09-14,AWS,ap-northeast-1,gr6.4xlarge,L4,1.0,spot,0.8087,0.8087,instances.vantage.sh (AWS Price List mirror)
2026-09-14,AWS,ap-northeast-1,gr6.8xlarge,L4,1.0,ondemand,3.54801,3.54801,instances.vantage.sh (AWS Price List mirror)
2026-09-14,AWS,ap-northeast-1,gr6.8xlarge,L4,1.0,spot,1.21895,1.21895,instances.vantage.sh (AWS Price List mirror)
2026-09-14,AWS,ap-northeast-1,gr6f.4xlarge,L4,0.5,ondemand,1.54602,3.09204,instances.vantage.sh (AWS Price List mirror)
2026-09-14,AWS,ap-northeast-1,gr6f.4xlarge,L4,0.5,spot,0.50655,1.0131,instances.vantage.sh (AWS Price List mirror)
2026-09-14,AWS,ap-northeast-1,p2.16xlarge,K80,16.0,ondemand,24.672,1.542,instances.vantage.sh (AWS Price List mirror)
2026-09-14,AWS,ap-northeast-1,p2.8xlarge,K80,8.0,ondemand,12.336,1.542,instances.vantage.sh (AWS Price List mirror)
2026-09-14,AWS,ap-northeast-1,p2.xlarge,K80,1.0,ondemand,1.542,1.542,instances.vantage.sh (AWS Price List mirror)
2026-09-14,AWS,ap-northeast-1,p3.16xlarge,V100,8.0,ondemand,33.552,4.194,instances.vantage.sh (AWS Price List mirror)
2026-09-14,AWS,ap-northeast-1,p3.16xlarge,V100,8.0,spot,18.4536,2.3067,instances.vantage.sh (AWS Price List mirror)
2026-09-14,AWS,ap-northeast-1,p3.2xlarge,V100,1.0,ondemand,4.194,4.194,instances.vantage.sh (AWS Price List mirror)
2026-09-14,AWS,ap-northeast-1,p3.2xlarge,V100,1.0,spot,1.84536,1.84536,instances.vantage.sh (AWS Price List mirror)
2026-09-14,AWS,ap-northeast-1,p3.8xlarge,V100,4.0,ondemand,16.776,4.194,instances.vantage.sh (AWS Price List mirror)
2026-09-14,AWS,ap-northeast-1,p3.8xlarge,V100,4.0,spot,5.8716,1.4679,instances.vantage.sh (AWS Price List mirror)
2026-09-14,AWS,ap-northeast-1,p3dn.24xlarge,V100,8.0,ondemand,42.783,5.347875,instances.vantage.sh (AWS Price List mirror)
2026-09-14,AWS,ap-northeast-1,p3dn.24xlarge,V100,8.0,spot,6.5067,0.8133375,instances.vantage.sh (AWS Price List mirror)
2026-09-14,AWS,ap-northeast-1,p4d.24xlarge,A100,8.0,ondemand,30.09784,3.76223,instances.vantage.sh (AWS Price List mirror)
2026-09-14,AWS,ap-northeast-1,p4d.24xlarge,A100,8.0,spot,23.00305,2.87538125,instances.vantage.sh (AWS Price List mirror)
2026-09-14,AWS,ap-northeast-1,p4de.24xlarge,A100,8.0,ondemand,37.6223,4.7027875,instances.vantage.sh (AWS Price List mirror)
2026-09-14,AWS,ap-northeast-1,p4de.24xlarge,A100,8.0,spot,36.87035,4.60879375,instances.vantage.sh (AWS Price List mirror)
2026-09-14,AWS,ap-northeast-1,p5.48xlarge,H100,8.0,ondemand,68.8,8.6,instances.vantage.sh (AWS Price List mirror)
2026-09-14,AWS,ap-northeast-1,p5.48xlarge,H100,8.0,spot,22.4614,2.807675,instances.vantage.sh (AWS Price List mirror)
2026-09-14,AWS,ap-northeast-1,p5.4xlarge,H100,1.0,ondemand,8.6,8.6,instances.vantage.sh (AWS Price List mirror)
2026-09-14,AWS,ap-northeast-1,p5.4xlarge,H100,1.0,spot,2.9498,2.9498,instances.vantage.sh (AWS Price List mirror)
2026-09-14,AWS,ap-northeast-1,p5en.48xlarge,H200,8.0,ondemand,79.12,9.89,instances.vantage.sh (AWS Price List mirror)
2026-09-14,AWS,ap-northeast-1,p5en.48xlarge,H200,8.0,spot,30.0986,3.762325,instances.vantage.sh (AWS Price List mirror)
2026-09-14,AWS,ap-northeast-1-tpe-1,g4dn.2xlarge,T4,1.0,ondemand,1.371,1.371,instances.vantage.sh (AWS Price List mirror)
2026-09-14,AWS,ap-northeast-1-wl1-kix1,g4dn.2xlarge,T4,1.0,ondemand,1.777,1.777,instances.vantage.sh (AWS Price List mirror)
2026-09-14,AWS,ap-northeast-1-wl1-nrt1,g4dn.2xlarge,T4,1.0,ondemand,1.777,1.777,instances.vantage.sh (AWS Price List mirror)
2026-09-14,AWS,ap-northeast-2,g2.2xlarge,K520,1.0,ondemand,0.898,0.898,instances.vantage.sh (AWS Price List mirror)
2026-09-14,AWS,ap-northeast-2,g2.8xlarge,K520,4.0,ondemand,3.592,0.898,instances.vantage.sh (AWS Price List mirror)
2026-09-14,AWS,ap-northeast-2,g3.16xlarge,M60,4.0,ondemand,5.68,1.42,instances.vantage.sh (AWS Price List mirror)
2026-09-14,AWS,ap-northeast-2,g3.4xlarge,M60,1.0,ondemand,1.42,1.42,instances.vantage.sh (AWS Price List mirror)
2026-09-14,AWS,ap-northeast-2,g3.8xlarge,M60,2.0,ondemand,2.84,1.42,instances.vantage.sh (AWS Price List mirror)
2026-09-14,AWS,ap-northeast-2,g3s.xlarge,M60,1.0,ondemand,0.934,0.934,instances.vantage.sh (AWS Price List mirror)
2026-09-14,AWS,ap-northeast-2,g4dn.12xlarge,T4,4.0,ondemand,4.812,1.203,instances.vantage.sh (AWS Price List mirror)
2026-09-14,AWS,ap-northeast-2,g4dn.12xlarge,T4,4.0,spot,2.6455,0.661375,instances.vantage.sh (AWS Price List mirror)
2026-09-14,AWS,ap-northeast-2,g4dn.16xlarge,T4,1.0,ondemand,5.353,5.353,instances.vantage.sh (AWS Price List mirror)
2026-09-14,AWS,ap-northeast-2,g4dn.16xlarge,T4,1.0,spot,2.414833,2.414833,instances.vantage.sh (AWS Price List mirror)
2026-09-14,AWS,ap-northeast-2,g4dn.2xlarge,T4,1.0,ondemand,0.925,0.925,instances.vantage.sh (AWS Price List mirror)
2026-09-14,AWS,ap-northeast-2,g4dn.2xlarge,T4,1.0,spot,0.4416,0.4416,instances.vantage.sh (AWS Price List mirror)
2026-09-14,AWS,ap-northeast-2,g4dn.4xlarge,T4,1.0,ondemand,1.481,1.481,instances.vantage.sh (AWS Price List mirror)
2026-09-14,AWS,ap-northeast-2,g4dn.4xlarge,T4,1.0,spot,0.7356,0.7356,instances.vantage.sh (AWS Price List mirror)
2026-09-14,AWS,ap-northeast-2,g4dn.8xlarge,T4,1.0,ondemand,2.677,2.677,instances.vantage.sh (AWS Price List mirror)
2026-09-14,AWS,ap-northeast-2,g4dn.8xlarge,T4,1.0,spot,1.223467,1.223467,instances.vantage.sh (AWS Price List mirror)
2026-09-14,AWS,ap-northeast-2,g4dn.metal,T4,8.0,ondemand,9.624,1.203,instances.vantage.sh (AWS Price List mirror)
2026-09-14,AWS,ap-northeast-2,g4dn.metal,T4,8.0,spot,4.5686,0.571075,instances.vantage.sh (AWS Price List mirror)
2026-09-14,AWS,ap-northeast-2,g4dn.xlarge,T4,1.0,ondemand,0.647,0.647,instances.vantage.sh (AWS Price List mirror)
2026-09-14,AWS,ap-northeast-2,g4dn.xlarge,T4,1.0,spot,0.3265,0.3265,instances.vantage.sh (AWS Price List mirror)
2026-09-14,AWS,ap-northeast-2,g5.12xlarge,A10G,4.0,ondemand,6.97442,1.743605,instances.vantage.sh (AWS Price List mirror)
2026-09-14,AWS,ap-northeast-2,g5.12xlarge,A10G,4.0,spot,3.422467,0.85561675,instances.vantage.sh (AWS Price List mirror)
2026-09-14,AWS,ap-northeast-2,g5.16xlarge,A10G,1.0,ondemand,5.03653,5.03653,instances.vantage.sh (AWS Price List mirror)
2026-09-14,AWS,ap-northeast-2,g5.16xlarge,A10G,1.0,spot,2.3062,2.3062,instances.vantage.sh (AWS Price List mirror)
2026-09-14,AWS,ap-northeast-2,g5.24xlarge,A10G,4.0,ondemand,10.01404,2.50351,instances.vantage.sh (AWS Price List mirror)
2026-09-14,AWS,ap-northeast-2,g5.24xlarge,A10G,4.0,spot,4.7029,1.175725,instances.vantage.sh (AWS Price List mirror)
2026-09-14,AWS,ap-northeast-2,g5.2xlarge,A10G,1.0,ondemand,1.4903,1.4903,instances.vantage.sh (AWS Price List mirror)
2026-09-14,AWS,ap-northeast-2,g5.2xlarge,A10G,1.0,spot,0.6835,0.6835,instances.vantage.sh (AWS Price List mirror)
2026-09-14,AWS,ap-northeast-2,g5.48xlarge,A10G,8.0,ondemand,20.02809,2.50351125,instances.vantage.sh (AWS Price List mirror)
2026-09-14,AWS,ap-northeast-2,g5.48xlarge,A10G,8.0,spot,9.742367,1.217795875,instances.vantage.sh (AWS Price List mirror)
2026-09-14,AWS,ap-northeast-2,g5.4xlarge,A10G,1.0,ondemand,1.99691,1.99691,instances.vantage.sh (AWS Price List mirror)
2026-09-14,AWS,ap-northeast-2,g5.4xlarge,A10G,1.0,spot,0.915067,0.915067,instances.vantage.sh (AWS Price List mirror)
2026-09-14,AWS,ap-northeast-2,g5.8xlarge,A10G,1.0,ondemand,3.01012,3.01012,instances.vantage.sh (AWS Price List mirror)
2026-09-14,AWS,ap-northeast-2,g5.8xlarge,A10G,1.0,spot,1.4005,1.4005,instances.vantage.sh (AWS Price List mirror)
2026-09-14,AWS,ap-northeast-2,g5.xlarge,A10G,1.0,ondemand,1.237,1.237,instances.vantage.sh (AWS Price List mirror)
2026-09-14,AWS,ap-northeast-2,g5.xlarge,A10G,1.0,spot,0.580133,0.580133,instances.vantage.sh (AWS Price List mirror)
2026-09-14,AWS,ap-northeast-2,g5g.16xlarge,T4G,2.0,ondemand,3.3752,1.6876,instances.vantage.sh (AWS Price List mirror)
2026-09-14,AWS,ap-northeast-2,g5g.16xlarge,T4G,2.0,spot,1.5188,0.7594,instances.vantage.sh (AWS Price List mirror)
2026-09-14,AWS,ap-northeast-2,g5g.2xlarge,T4G,1.0,ondemand,0.6839,0.6839,instances.vantage.sh (AWS Price List mirror)
2026-09-14,AWS,ap-northeast-2,g5g.2xlarge,T4G,1.0,spot,0.3121,0.3121,instances.vantage.sh (AWS Price List mirror)
2026-09-14,AWS,ap-northeast-2,g5g.4xlarge,T4G,1.0,ondemand,1.0185,1.0185,instances.vantage.sh (AWS Price List mirror)
2026-09-14,AWS,ap-northeast-2,g5g.4xlarge,T4G,1.0,spot,0.46905,0.46905,instances.vantage.sh (AWS Price List mirror)
2026-09-14,AWS,ap-northeast-2,g5g.8xlarge,T4G,1.0,ondemand,1.6876,1.6876,instances.vantage.sh (AWS Price List mirror)
2026-09-14,AWS,ap-northeast-2,g5g.8xlarge,T4G,1.0,spot,0.7595,0.7595,instances.vantage.sh (AWS Price List mirror)
2026-09-14,AWS,ap-northeast-2,g5g.metal,T4G,2.0,ondemand,3.3752,1.6876,instances.vantage.sh (AWS Price List mirror)
2026-09-14,AWS,ap-northeast-2,g5g.metal,T4G,2.0,spot,1.5188,0.7594,instances.vantage.sh (AWS Price List mirror)
2026-09-14,AWS,ap-northeast-2,g5g.xlarge,T4G,1.0,ondemand,0.5166,0.5166,instances.vantage.sh (AWS Price List mirror)
2026-09-14,AWS,ap-northeast-2,g5g.xlarge,T4G,1.0,spot,0.23345,0.23345,instances.vantage.sh (AWS Price List mirror)
2026-09-14,AWS,ap-northeast-2,g6.12xlarge,L4,4.0,ondemand,5.65823,1.4145575,instances.vantage.sh (AWS Price List mirror)
2026-09-14,AWS,ap-northeast-2,g6.12xlarge,L4,4.0,spot,2.7371,0.684275,instances.vantage.sh (AWS Price List mirror)
2026-09-14,AWS,ap-northeast-2,g6.16xlarge,L4,1.0,ondemand,4.17678,4.17678,instances.vantage.sh (AWS Price List mirror)
2026-09-14,AWS,ap-northeast-2,g6.16xlarge,L4,1.0,spot,1.8928,1.8928,instances.vantage.sh (AWS Price List mirror)
2026-09-14,AWS,ap-northeast-2,g6.24xlarge,L4,4.0,ondemand,8.20797,2.0519925,instances.vantage.sh (AWS Price List mirror)
2026-09-14,AWS,ap-northeast-2,g6.24xlarge,L4,4.0,spot,3.908667,0.97716675,instances.vantage.sh (AWS Price List mirror)
2026-09-14,AWS,ap-northeast-2,g6.2xlarge,L4,1.0,ondemand,1.20208,1.20208,instances.vantage.sh (AWS Price List mirror)
2026-09-14,AWS,ap-northeast-2,g6.2xlarge,L4,1.0,spot,0.5504,0.5504,instances.vantage.sh (AWS Price List mirror)
2026-09-14,AWS,ap-northeast-2,g6.48xlarge,L4,8.0,ondemand,16.41595,2.05199375,instances.vantage.sh (AWS Price List mirror)
2026-09-14,AWS,ap-northeast-2,g6.48xlarge,L4,8.0,spot,8.134,1.01675,instances.vantage.sh (AWS Price List mirror)
2026-09-14,AWS,ap-northeast-2,g6.4xlarge,L4,1.0,ondemand,1.62704,1.62704,instances.vantage.sh (AWS Price List mirror)
2026-09-14,AWS,ap-northeast-2,g6.4xlarge,L4,1.0,spot,0.7519,0.7519,instances.vantage.sh (AWS Price List mirror)
2026-09-14,AWS,ap-northeast-2,g6.8xlarge,L4,1.0,ondemand,2.47695,2.47695,instances.vantage.sh (AWS Price List mirror)
2026-09-14,AWS,ap-northeast-2,g6.8xlarge,L4,1.0,spot,1.125367,1.125367,instances.vantage.sh (AWS Price List mirror)
2026-09-14,AWS,ap-northeast-2,g6.xlarge,L4,1.0,ondemand,0.9896,0.9896,instances.vantage.sh (AWS Price List mirror)
2026-09-14,AWS,ap-northeast-2,g6.xlarge,L4,1.0,spot,0.4581,0.4581,instances.vantage.sh (AWS Price List mirror)
2026-09-14,AWS,ap-northeast-2,g6e.12xlarge,L40S,4.0,ondemand,12.90014,3.225035,instances.vantage.sh (AWS Price List mirror)
2026-09-14,AWS,ap-northeast-2,g6e.12xlarge,L40S,4.0,spot,6.214,1.5535,instances.vantage.sh (AWS Price List mirror)
2026-09-14,AWS,ap-northeast-2,g6e.16xlarge,L40S,1.0,ondemand,9.31575,9.31575,instances.vantage.sh (AWS Price List mirror)
2026-09-14,AWS,ap-northeast-2,g6e.16xlarge,L40S,1.0,spot,4.32465,4.32465,instances.vantage.sh (AWS Price List mirror)
2026-09-14,AWS,ap-northeast-2,g6e.24xlarge,L40S,4.0,ondemand,18.52234,4.630585,instances.vantage.sh (AWS Price List mirror)
2026-09-14,AWS,ap-northeast-2,g6e.24xlarge,L40S,4.0,spot,8.73595,2.1839875,instances.vantage.sh (AWS Price List mirror)
2026-09-14,AWS,ap-northeast-2,g6e.2xlarge,L40S,1.0,ondemand,2.75652,2.75652,instances.vantage.sh (AWS Price List mirror)
2026-09-14,AWS,ap-northeast-2,g6e.2xlarge,L40S,1.0,spot,1.39035,1.39035,instances.vantage.sh (AWS Price List mirror)
2026-09-14,AWS,ap-northeast-2,g6e.48xlarge,L40S,8.0,ondemand,37.04468,4.630585,instances.vantage.sh (AWS Price List mirror)
2026-09-14,AWS,ap-northeast-2,g6e.48xlarge,L40S,8.0,spot,18.08745,2.26093125,instances.vantage.sh (AWS Price List mirror)
2026-09-14,AWS,ap-northeast-2,g6e.4xlarge,L40S,1.0,ondemand,3.69355,3.69355,instances.vantage.sh (AWS Price List mirror)
2026-09-14,AWS,ap-northeast-2,g6e.4xlarge,L40S,1.0,spot,1.8268,1.8268,instances.vantage.sh (AWS Price List mirror)
2026-09-14,AWS,ap-northeast-2,g6e.8xlarge,L40S,1.0,ondemand,5.56762,5.56762,instances.vantage.sh (AWS Price List mirror)
2026-09-14,AWS,ap-northeast-2,g6e.8xlarge,L40S,1.0,spot,2.68625,2.68625,instances.vantage.sh (AWS Price List mirror)
2026-09-14,AWS,ap-northeast-2,g6e.xlarge,L40S,1.0,ondemand,2.288,2.288,instances.vantage.sh (AWS Price List mirror)
2026-09-14,AWS,ap-northeast-2,g6e.xlarge,L40S,1.0,spot,1.2342,1.2342,instances.vantage.sh (AWS Price List mirror)
2026-09-14,AWS,ap-northeast-2,g6f.2xlarge,L4,0.25,ondemand,0.58406,2.33624,instances.vantage.sh (AWS Price List mirror)
2026-09-14,AWS,ap-northeast-2,g6f.2xlarge,L4,0.25,spot,0.270867,1.083468,instances.vantage.sh (AWS Price List mirror)
2026-09-14,AWS,ap-northeast-2,g6f.4xlarge,L4,0.5,ondemand,1.16812,2.33624,instances.vantage.sh (AWS Price List mirror)
2026-09-14,AWS,ap-northeast-2,g6f.4xlarge,L4,0.5,spot,0.5325,1.065,instances.vantage.sh (AWS Price List mirror)
2026-09-14,AWS,ap-northeast-2,g6f.large,L4,0.125,ondemand,0.24838,1.98704,instances.vantage.sh (AWS Price List mirror)
2026-09-14,AWS,ap-northeast-2,g6f.large,L4,0.125,spot,0.112267,0.898136,instances.vantage.sh (AWS Price List mirror)
2026-09-14,AWS,ap-northeast-2,g6f.xlarge,L4,0.125,ondemand,0.29203,2.33624,instances.vantage.sh (AWS Price List mirror)
2026-09-14,AWS,ap-northeast-2,g6f.xlarge,L4,0.125,spot,0.136,1.088,instances.vantage.sh (AWS Price List mirror)
2026-09-14,AWS,ap-northeast-2,g7e.12xlarge,NVIDIA RTX PRO 6000 Blackwell,2.0,ondemand,10.1873,5.09365,instances.vantage.sh (AWS Price List mirror)
2026-09-14,AWS,ap-northeast-2,g7e.12xlarge,NVIDIA RTX PRO 6000 Blackwell,2.0,spot,6.87645,3.438225,instances.vantage.sh (AWS Price List mirror)
2026-09-14,AWS,ap-northeast-2,g7e.24xlarge,NVIDIA RTX PRO 6000 Blackwell,4.0,ondemand,20.3746,5.09365,instances.vantage.sh (AWS Price List mirror)
2026-09-14,AWS,ap-northeast-2,g7e.24xlarge,NVIDIA RTX PRO 6000 Blackwell,4.0,spot,16.47905,4.1197625,instances.vantage.sh (AWS Price List mirror)
2026-09-14,AWS,ap-northeast-2,g7e.2xlarge,NVIDIA RTX PRO 6000 Blackwell,1.0,ondemand,4.13478,4.13478,instances.vantage.sh (AWS Price List mirror)
2026-09-14,AWS,ap-northeast-2,g7e.2xlarge,NVIDIA RTX PRO 6000 Blackwell,1.0,spot,2.98335,2.98335,instances.vantage.sh (AWS Price List mirror)
2026-09-14,AWS,ap-northeast-2,g7e.48xlarge,NVIDIA RTX PRO 6000 Blackwell,8.0,ondemand,40.74921,5.09365125,instances.vantage.sh (AWS Price List mirror)
2026-09-14,AWS,ap-northeast-2,g7e.48xlarge,NVIDIA RTX PRO 6000 Blackwell,8.0,spot,34.7149,4.3393625,instances.vantage.sh (AWS Price List mirror)
2026-09-14,AWS,ap-northeast-2,g7e.4xlarge,NVIDIA RTX PRO 6000 Blackwell,1.0,ondemand,4.91553,4.91553,instances.vantage.sh (AWS Price List mirror)
2026-09-14,AWS,ap-northeast-2,g7e.4xlarge,NVIDIA RTX PRO 6000 Blackwell,1.0,spot,3.60655,3.60655,instances.vantage.sh (AWS Price List mirror)
2026-09-14,AWS,ap-northeast-2,g7e.8xlarge,NVIDIA RTX PRO 6000 Blackwell,1.0,ondemand,6.47703,6.47703,instances.vantage.sh (AWS Price List mirror)
2026-09-14,AWS,ap-northeast-2,g7e.8xlarge,NVIDIA RTX PRO 6000 Blackwell,1.0,spot,4.69585,4.69585,instances.vantage.sh (AWS Price List mirror)
2026-09-14,AWS,ap-northeast-2,gr6.4xlarge,L4,1.0,ondemand,1.8926,1.8926,instances.vantage.sh (AWS Price List mirror)
2026-09-14,AWS,ap-northeast-2,gr6.4xlarge,L4,1.0,spot,0.2642,0.2642,instances.vantage.sh (AWS Price List mirror)
2026-09-14,AWS,ap-northeast-2,gr6.8xlarge,L4,1.0,ondemand,3.00809,3.00809,instances.vantage.sh (AWS Price List mirror)
2026-09-14,AWS,ap-northeast-2,gr6.8xlarge,L4,1.0,spot,0.3008,0.3008,instances.vantage.sh (AWS Price List mirror)
2026-09-14,AWS,ap-northeast-2,gr6f.4xlarge,L4,0.5,ondemand,1.31075,2.6215,instances.vantage.sh (AWS Price List mirror)
2026-09-14,AWS,ap-northeast-2,gr6f.4xlarge,L4,0.5,spot,0.3293,0.6586,instances.vantage.sh (AWS Price List mirror)
2026-09-14,AWS,ap-northeast-2,p2.16xlarge,K80,16.0,ondemand,23.44,1.465,instances.vantage.sh (AWS Price List mirror)
2026-09-14,AWS,ap-northeast-2,p2.8xlarge,K80,8.0,ondemand,11.72,1.465,instances.vantage.sh (AWS Price List mirror)
2026-09-14,AWS,ap-northeast-2,p2.xlarge,K80,1.0,ondemand,1.465,1.465,instances.vantage.sh (AWS Price List mirror)
2026-09-14,AWS,ap-northeast-2,p3.16xlarge,V100,8.0,ondemand,33.872,4.234,instances.vantage.sh (AWS Price List mirror)
2026-09-14,AWS,ap-northeast-2,p3.16xlarge,V100,8.0,spot,33.872,4.234,instances.vantage.sh (AWS Price List mirror)
2026-09-14,AWS,ap-northeast-2,p3.2xlarge,V100,1.0,ondemand,4.234,4.234,instances.vantage.sh (AWS Price List mirror)
2026-09-14,AWS,ap-northeast-2,p3.2xlarge,V100,1.0,spot,2.24402,2.24402,instances.vantage.sh (AWS Price List mirror)
2026-09-14,AWS,ap-northeast-2,p3.8xlarge,V100,4.0,ondemand,16.936,4.234,instances.vantage.sh (AWS Price List mirror)
2026-09-14,AWS,ap-northeast-2,p3.8xlarge,V100,4.0,spot,9.82288,2.45572,instances.vantage.sh (AWS Price List mirror)
2026-09-14,AWS,ap-northeast-2,p4d.24xlarge,A100,8.0,ondemand,30.41028,3.801285,instances.vantage.sh (AWS Price List mirror)
2026-09-14,AWS,ap-northeast-2,p4d.24xlarge,A100,8.0,spot,10.01445,1.25180625,instances.vantage.sh (AWS Price List mirror)
2026-09-14,AWS,ap-northeast-2,p5.48xlarge,H100,8.0,ondemand,75.9552,9.4944,instances.vantage.sh (AWS Price List mirror)
2026-09-14,AWS,ap-northeast-2,p5en.48xlarge,H200,8.0,ondemand,87.34848,10.91856,instances.vantage.sh (AWS Price List mirror)
2026-09-14,AWS,ap-northeast-2,p5en.48xlarge,H200,8.0,spot,18.1581,2.2697625,instances.vantage.sh (AWS Price List mirror)
2026-09-14,AWS,ap-northeast-2,p6-b300.48xlarge,NVIDIA B300,8.0,ondemand,209.1735,26.1466875,instances.vantage.sh (AWS Price List mirror)
2026-09-14,AWS,ap-northeast-2,p6-b300.48xlarge,NVIDIA B300,8.0,spot,45.7855,5.7231875,instances.vantage.sh (AWS Price List mirror)
2026-09-14,AWS,ap-northeast-2-wl1-cjj1,g4dn.2xlarge,T4,1.0,ondemand,1.249,1.249,instances.vantage.sh (AWS Price List mirror)
2026-09-14,AWS,ap-northeast-2-wl1-sel1,g4dn.2xlarge,T4,1.0,ondemand,1.249,1.249,instances.vantage.sh (AWS Price List mirror)
2026-09-14,AWS,ap-northeast-3,g4dn.12xlarge,T4,4.0,ondemand,5.281,1.32025,instances.vantage.sh (AWS Price List mirror)
2026-09-14,AWS,ap-northeast-3,g4dn.12xlarge,T4,4.0,spot,1.52185,0.3804625,instances.vantage.sh (AWS Price List mirror)
2026-09-14,AWS,ap-northeast-3,g4dn.16xlarge,T4,1.0,ondemand,5.875,5.875,instances.vantage.sh (AWS Price List mirror)
2026-09-14,AWS,ap-northeast-3,g4dn.16xlarge,T4,1.0,spot,1.50845,1.50845,instances.vantage.sh (AWS Price List mirror)
2026-09-14,AWS,ap-northeast-3,g4dn.2xlarge,T4,1.0,ondemand,1.015,1.015,instances.vantage.sh (AWS Price List mirror)
2026-09-14,AWS,ap-northeast-3,g4dn.2xlarge,T4,1.0,spot,0.3095,0.3095,instances.vantage.sh (AWS Price List mirror)
2026-09-14,AWS,ap-northeast-3,g4dn.4xlarge,T4,1.0,ondemand,1.625,1.625,instances.vantage.sh (AWS Price List mirror)
2026-09-14,AWS,ap-northeast-3,g4dn.4xlarge,T4,1.0,spot,0.48175,0.48175,instances.vantage.sh (AWS Price List mirror)
2026-09-14,AWS,ap-northeast-3,g4dn.8xlarge,T4,1.0,ondemand,2.938,2.938,instances.vantage.sh (AWS Price List mirror)
2026-09-14,AWS,ap-northeast-3,g4dn.8xlarge,T4,1.0,spot,0.7498,0.7498,instances.vantage.sh (AWS Price List mirror)
2026-09-14,AWS,ap-northeast-3,g4dn.metal,T4,8.0,ondemand,10.562,1.32025,instances.vantage.sh (AWS Price List mirror)
2026-09-14,AWS,ap-northeast-3,g4dn.metal,T4,8.0,spot,4.451,0.556375,instances.vantage.sh (AWS Price List mirror)
2026-09-14,AWS,ap-northeast-3,g4dn.xlarge,T4,1.0,ondemand,0.71,0.71,instances.vantage.sh (AWS Price List mirror)
2026-09-14,AWS,ap-northeast-3,g4dn.xlarge,T4,1.0,spot,0.30715,0.30715,instances.vantage.sh (AWS Price List mirror)
2026-09-14,AWS,ap-northeast-3,g6e.12xlarge,L40S,4.0,ondemand,15.21742,3.804355,instances.vantage.sh (AWS Price List mirror)
2026-09-14,AWS,ap-northeast-3,g6e.12xlarge,L40S,4.0,spot,5.9312,1.4828,instances.vantage.sh (AWS Price List mirror)
2026-09-14,AWS,ap-northeast-3,g6e.16xlarge,L40S,1.0,ondemand,10.98917,10.98917,instances.vantage.sh (AWS Price List mirror)
2026-09-14,AWS,ap-northeast-3,g6e.16xlarge,L40S,1.0,spot,1.63825,1.63825,instances.vantage.sh (AWS Price List mirror)
2026-09-14,AWS,ap-northeast-3,g6e.24xlarge,L40S,4.0,ondemand,21.84956,5.46239,instances.vantage.sh (AWS Price List mirror)
2026-09-14,AWS,ap-northeast-3,g6e.24xlarge,L40S,4.0,spot,8.26855,2.0671375,instances.vantage.sh (AWS Price List mirror)
2026-09-14,AWS,ap-northeast-3,g6e.2xlarge,L40S,1.0,ondemand,3.25168,3.25168,instances.vantage.sh (AWS Price List mirror)
2026-09-14,AWS,ap-northeast-3,g6e.2xlarge,L40S,1.0,spot,1.2476,1.2476,instances.vantage.sh (AWS Price List mirror)
2026-09-14,AWS,ap-northeast-3,g6e.48xlarge,L40S,8.0,ondemand,43.69912,5.46239,instances.vantage.sh (AWS Price List mirror)
2026-09-14,AWS,ap-northeast-3,g6e.48xlarge,L40S,8.0,spot,11.3426,1.417825,instances.vantage.sh (AWS Price List mirror)
2026-09-14,AWS,ap-northeast-3,g6e.4xlarge,L40S,1.0,ondemand,4.35703,4.35703,instances.vantage.sh (AWS Price List mirror)
2026-09-14,AWS,ap-northeast-3,g6e.4xlarge,L40S,1.0,spot,1.65255,1.65255,instances.vantage.sh (AWS Price List mirror)
2026-09-14,AWS,ap-northeast-3,g6e.8xlarge,L40S,1.0,ondemand,6.56775,6.56775,instances.vantage.sh (AWS Price List mirror)
2026-09-14,AWS,ap-northeast-3,g6e.8xlarge,L40S,1.0,spot,2.0734,2.0734,instances.vantage.sh (AWS Price List mirror)
2026-09-14,AWS,ap-northeast-3,g6e.xlarge,L40S,1.0,ondemand,2.699,2.699,instances.vantage.sh (AWS Price List mirror)
2026-09-14,AWS,ap-northeast-3,g6e.xlarge,L40S,1.0,spot,2.0101,2.0101,instances.vantage.sh (AWS Price List mirror)
2026-09-14,AWS,ap-south-1,g4dn.12xlarge,T4,4.0,ondemand,4.306,1.0765,instances.vantage.sh (AWS Price List mirror)
2026-09-14,AWS,ap-south-1,g4dn.12xlarge,T4,4.0,spot,1.673333,0.41833325,instances.vantage.sh (AWS Price List mirror)
2026-09-14,AWS,ap-south-1,g4dn.16xlarge,T4,1.0,ondemand,4.791,4.791,instances.vantage.sh (AWS Price List mirror)
2026-09-14,AWS,ap-south-1,g4dn.16xlarge,T4,1.0,spot,0.868767,0.868767,instances.vantage.sh (AWS Price List mirror)
2026-09-14,AWS,ap-south-1,g4dn.2xlarge,T4,1.0,ondemand,0.828,0.828,instances.vantage.sh (AWS Price List mirror)
2026-09-14,AWS,ap-south-1,g4dn.2xlarge,T4,1.0,spot,0.274033,0.274033,instances.vantage.sh (AWS Price List mirror)
2026-09-14,AWS,ap-south-1,g4dn.4xlarge,T4,1.0,ondemand,1.325,1.325,instances.vantage.sh (AWS Price List mirror)
2026-09-14,AWS,ap-south-1,g4dn.4xlarge,T4,1.0,spot,0.3894,0.3894,instances.vantage.sh (AWS Price List mirror)
2026-09-14,AWS,ap-south-1,g4dn.8xlarge,T4,1.0,ondemand,2.395,2.395,instances.vantage.sh (AWS Price List mirror)
2026-09-14,AWS,ap-south-1,g4dn.8xlarge,T4,1.0,spot,0.726567,0.726567,instances.vantage.sh (AWS Price List mirror)
2026-09-14,AWS,ap-south-1,g4dn.metal,T4,8.0,ondemand,8.612,1.0765,instances.vantage.sh (AWS Price List mirror)
2026-09-14,AWS,ap-south-1,g4dn.metal,T4,8.0,spot,2.9718,0.371475,instances.vantage.sh (AWS Price List mirror)
2026-09-14,AWS,ap-south-1,g4dn.xlarge,T4,1.0,ondemand,0.579,0.579,instances.vantage.sh (AWS Price List mirror)
2026-09-14,AWS,ap-south-1,g4dn.xlarge,T4,1.0,spot,0.2113,0.2113,instances.vantage.sh (AWS Price List mirror)
2026-09-14,AWS,ap-south-1,g5.12xlarge,A10G,4.0,ondemand,6.81091,1.7027275,instances.vantage.sh (AWS Price List mirror)
2026-09-14,AWS,ap-south-1,g5.12xlarge,A10G,4.0,spot,1.8921,0.473025,instances.vantage.sh (AWS Price List mirror)
2026-09-14,AWS,ap-south-1,g5.16xlarge,A10G,1.0,ondemand,4.91846,4.91846,instances.vantage.sh (AWS Price List mirror)
2026-09-14,AWS,ap-south-1,g5.16xlarge,A10G,1.0,spot,1.6879,1.6879,instances.vantage.sh (AWS Price List mirror)
2026-09-14,AWS,ap-south-1,g5.24xlarge,A10G,4.0,ondemand,9.77928,2.44482,instances.vantage.sh (AWS Price List mirror)
2026-09-14,AWS,ap-south-1,g5.24xlarge,A10G,4.0,spot,5.43645,1.3591125,instances.vantage.sh (AWS Price List mirror)
2026-09-14,AWS,ap-south-1,g5.2xlarge,A10G,1.0,ondemand,1.45536,1.45536,instances.vantage.sh (AWS Price List mirror)
2026-09-14,AWS,ap-south-1,g5.2xlarge,A10G,1.0,spot,0.5168,0.5168,instances.vantage.sh (AWS Price List mirror)
2026-09-14,AWS,ap-south-1,g5.48xlarge,A10G,8.0,ondemand,19.55855,2.44481875,instances.vantage.sh (AWS Price List mirror)
2026-09-14,AWS,ap-south-1,g5.48xlarge,A10G,8.0,spot,19.5586,2.444825,instances.vantage.sh (AWS Price List mirror)
2026-09-14,AWS,ap-south-1,g5.4xlarge,A10G,1.0,ondemand,1.95009,1.95009,instances.vantage.sh (AWS Price List mirror)
2026-09-14,AWS,ap-south-1,g5.4xlarge,A10G,1.0,spot,0.659,0.659,instances.vantage.sh (AWS Price List mirror)
2026-09-14,AWS,ap-south-1,g5.8xlarge,A10G,1.0,ondemand,2.93955,2.93955,instances.vantage.sh (AWS Price List mirror)
2026-09-14,AWS,ap-south-1,g5.8xlarge,A10G,1.0,spot,1.3846,1.3846,instances.vantage.sh (AWS Price List mirror)
2026-09-14,AWS,ap-south-1,g5.xlarge,A10G,1.0,ondemand,1.208,1.208,instances.vantage.sh (AWS Price List mirror)
2026-09-14,AWS,ap-south-1,g5.xlarge,A10G,1.0,spot,0.5501,0.5501,instances.vantage.sh (AWS Price List mirror)
2026-09-14,AWS,ap-south-1,g6.12xlarge,L4,4.0,ondemand,5.52558,1.381395,instances.vantage.sh (AWS Price List mirror)
2026-09-14,AWS,ap-south-1,g6.12xlarge,L4,4.0,spot,3.0703,0.767575,instances.vantage.sh (AWS Price List mirror)
2026-09-14,AWS,ap-south-1,g6.16xlarge,L4,1.0,ondemand,4.07886,4.07886,instances.vantage.sh (AWS Price List mirror)
2026-09-14,AWS,ap-south-1,g6.16xlarge,L4,1.0,spot,1.15595,1.15595,instances.vantage.sh (AWS Price List mirror)
2026-09-14,AWS,ap-south-1,g6.24xlarge,L4,4.0,ondemand,8.01555,2.0038875,instances.vantage.sh (AWS Price List mirror)
2026-09-14,AWS,ap-south-1,g6.24xlarge,L4,4.0,spot,4.6605,1.165125,instances.vantage.sh (AWS Price List mirror)
2026-09-14,AWS,ap-south-1,g6.2xlarge,L4,1.0,ondemand,1.1739,1.1739,instances.vantage.sh (AWS Price List mirror)
2026-09-14,AWS,ap-south-1,g6.2xlarge,L4,1.0,spot,0.4211,0.4211,instances.vantage.sh (AWS Price List mirror)
2026-09-14,AWS,ap-south-1,g6.48xlarge,L4,8.0,ondemand,16.0311,2.0038875,instances.vantage.sh (AWS Price List mirror)
2026-09-14,AWS,ap-south-1,g6.48xlarge,L4,8.0,spot,15.94455,1.99306875,instances.vantage.sh (AWS Price List mirror)
2026-09-14,AWS,ap-south-1,g6.4xlarge,L4,1.0,ondemand,1.58889,1.58889,instances.vantage.sh (AWS Price List mirror)
2026-09-14,AWS,ap-south-1,g6.4xlarge,L4,1.0,spot,0.51855,0.51855,instances.vantage.sh (AWS Price List mirror)
2026-09-14,AWS,ap-south-1,g6.8xlarge,L4,1.0,ondemand,2.41888,2.41888,instances.vantage.sh (AWS Price List mirror)
2026-09-14,AWS,ap-south-1,g6.8xlarge,L4,1.0,spot,0.6027,0.6027,instances.vantage.sh (AWS Price List mirror)
2026-09-14,AWS,ap-south-1,g6.xlarge,L4,1.0,ondemand,0.9664,0.9664,instances.vantage.sh (AWS Price List mirror)
2026-09-14,AWS,ap-south-1,g6.xlarge,L4,1.0,spot,0.5067,0.5067,instances.vantage.sh (AWS Price List mirror)
2026-09-14,AWS,ap-south-1,g6e.12xlarge,L40S,4.0,ondemand,12.60131,3.1503275,instances.vantage.sh (AWS Price List mirror)
2026-09-14,AWS,ap-south-1,g6e.12xlarge,L40S,4.0,spot,6.7969,1.699225,instances.vantage.sh (AWS Price List mirror)
2026-09-14,AWS,ap-south-1,g6e.16xlarge,L40S,1.0,ondemand,9.09996,9.09996,instances.vantage.sh (AWS Price List mirror)
2026-09-14,AWS,ap-south-1,g6e.16xlarge,L40S,1.0,spot,2.19435,2.19435,instances.vantage.sh (AWS Price List mirror)
2026-09-14,AWS,ap-south-1,g6e.24xlarge,L40S,4.0,ondemand,18.09328,4.52332,instances.vantage.sh (AWS Price List mirror)
2026-09-14,AWS,ap-south-1,g6e.24xlarge,L40S,4.0,spot,12.7878,3.19695,instances.vantage.sh (AWS Price List mirror)
2026-09-14,AWS,ap-south-1,g6e.2xlarge,L40S,1.0,ondemand,2.69266,2.69266,instances.vantage.sh (AWS Price List mirror)
2026-09-14,AWS,ap-south-1,g6e.2xlarge,L40S,1.0,spot,1.25895,1.25895,instances.vantage.sh (AWS Price List mirror)
2026-09-14,AWS,ap-south-1,g6e.48xlarge,L40S,8.0,ondemand,36.18656,4.52332,instances.vantage.sh (AWS Price List mirror)
2026-09-14,AWS,ap-south-1,g6e.48xlarge,L40S,8.0,spot,36.1866,4.523325,instances.vantage.sh (AWS Price List mirror)
2026-09-14,AWS,ap-south-1,g6e.4xlarge,L40S,1.0,ondemand,3.60799,3.60799,instances.vantage.sh (AWS Price List mirror)
2026-09-14,AWS,ap-south-1,g6e.4xlarge,L40S,1.0,spot,1.4984,1.4984,instances.vantage.sh (AWS Price List mirror)
2026-09-14,AWS,ap-south-1,g6e.8xlarge,L40S,1.0,ondemand,5.43865,5.43865,instances.vantage.sh (AWS Price List mirror)
2026-09-14,AWS,ap-south-1,g6e.8xlarge,L40S,1.0,spot,2.07415,2.07415,instances.vantage.sh (AWS Price List mirror)
2026-09-14,AWS,ap-south-1,g6e.xlarge,L40S,1.0,ondemand,2.235,2.235,instances.vantage.sh (AWS Price List mirror)
2026-09-14,AWS,ap-south-1,g6e.xlarge,L40S,1.0,spot,1.74335,1.74335,instances.vantage.sh (AWS Price List mirror)
2026-09-14,AWS,ap-south-1,g6f.2xlarge,L4,0.25,ondemand,0.57038,2.28152,instances.vantage.sh (AWS Price List mirror)
2026-09-14,AWS,ap-south-1,g6f.2xlarge,L4,0.25,spot,0.281,1.124,instances.vantage.sh (AWS Price List mirror)
2026-09-14,AWS,ap-south-1,g6f.4xlarge,L4,0.5,ondemand,1.14076,2.28152,instances.vantage.sh (AWS Price List mirror)
2026-09-14,AWS,ap-south-1,g6f.4xlarge,L4,0.5,spot,1.1408,2.2816,instances.vantage.sh (AWS Price List mirror)
2026-09-14,AWS,ap-south-1,g6f.large,L4,0.125,ondemand,0.24256,1.94048,instances.vantage.sh (AWS Price List mirror)
2026-09-14,AWS,ap-south-1,g6f.large,L4,0.125,spot,0.2426,1.9408,instances.vantage.sh (AWS Price List mirror)
2026-09-14,AWS,ap-south-1,g6f.xlarge,L4,0.125,ondemand,0.28519,2.28152,instances.vantage.sh (AWS Price List mirror)
2026-09-14,AWS,ap-south-1,g6f.xlarge,L4,0.125,spot,0.2852,2.2816,instances.vantage.sh (AWS Price List mirror)
2026-09-14,AWS,ap-south-1,g7e.12xlarge,NVIDIA RTX PRO 6000 Blackwell,2.0,ondemand,13.53377,6.766885,instances.vantage.sh (AWS Price List mirror)
2026-09-14,AWS,ap-south-1,g7e.12xlarge,NVIDIA RTX PRO 6000 Blackwell,2.0,spot,11.9407,5.97035,instances.vantage.sh (AWS Price List mirror)
2026-09-14,AWS,ap-south-1,g7e.24xlarge,NVIDIA RTX PRO 6000 Blackwell,4.0,ondemand,27.06754,6.766885,instances.vantage.sh (AWS Price List mirror)
2026-09-14,AWS,ap-south-1,g7e.24xlarge,NVIDIA RTX PRO 6000 Blackwell,4.0,spot,26.8752,6.7188,instances.vantage.sh (AWS Price List mirror)
2026-09-14,AWS,ap-south-1,g7e.2xlarge,NVIDIA RTX PRO 6000 Blackwell,1.0,ondemand,5.49303,5.49303,instances.vantage.sh (AWS Price List mirror)
2026-09-14,AWS,ap-south-1,g7e.2xlarge,NVIDIA RTX PRO 6000 Blackwell,1.0,spot,1.6919,1.6919,instances.vantage.sh (AWS Price List mirror)
2026-09-14,AWS,ap-south-1,g7e.48xlarge,NVIDIA RTX PRO 6000 Blackwell,8.0,ondemand,54.13507,6.76688375,instances.vantage.sh (AWS Price List mirror)
2026-09-14,AWS,ap-south-1,g7e.48xlarge,NVIDIA RTX PRO 6000 Blackwell,8.0,spot,31.6915,3.9614375,instances.vantage.sh (AWS Price List mirror)
2026-09-14,AWS,ap-south-1,g7e.4xlarge,NVIDIA RTX PRO 6000 Blackwell,1.0,ondemand,6.53025,6.53025,instances.vantage.sh (AWS Price List mirror)
2026-09-14,AWS,ap-south-1,g7e.4xlarge,NVIDIA RTX PRO 6000 Blackwell,1.0,spot,2.00025,2.00025,instances.vantage.sh (AWS Price List mirror)
2026-09-14,AWS,ap-south-1,g7e.8xlarge,NVIDIA RTX PRO 6000 Blackwell,1.0,ondemand,8.60469,8.60469,instances.vantage.sh (AWS Price List mirror)
2026-09-14,AWS,ap-south-1,g7e.8xlarge,NVIDIA RTX PRO 6000 Blackwell,1.0,spot,8.5435,8.5435,instances.vantage.sh (AWS Price List mirror)
2026-09-14,AWS,ap-south-1,gr6.4xlarge,L4,1.0,ondemand,1.8483,1.8483,instances.vantage.sh (AWS Price List mirror)
2026-09-14,AWS,ap-south-1,gr6.4xlarge,L4,1.0,spot,0.3038,0.3038,instances.vantage.sh (AWS Price List mirror)
2026-09-14,AWS,ap-south-1,gr6.8xlarge,L4,1.0,ondemand,2.93768,2.93768,instances.vantage.sh (AWS Price List mirror)
2026-09-14,AWS,ap-south-1,gr6.8xlarge,L4,1.0,spot,0.63985,0.63985,instances.vantage.sh (AWS Price List mirror)
2026-09-14,AWS,ap-south-1,gr6f.4xlarge,L4,0.5,ondemand,1.28007,2.56014,instances.vantage.sh (AWS Price List mirror)
2026-09-14,AWS,ap-south-1,gr6f.4xlarge,L4,0.5,spot,1.25555,2.5111,instances.vantage.sh (AWS Price List mirror)
2026-09-14,AWS,ap-south-1,p2.16xlarge,K80,16.0,ondemand,27.488,1.718,instances.vantage.sh (AWS Price List mirror)
2026-09-14,AWS,ap-south-1,p2.8xlarge,K80,8.0,ondemand,13.744,1.718,instances.vantage.sh (AWS Price List mirror)
2026-09-14,AWS,ap-south-1,p2.xlarge,K80,1.0,ondemand,1.718,1.718,instances.vantage.sh (AWS Price List mirror)
2026-09-14,AWS,ap-south-1,p4d.24xlarge,A100,8.0,ondemand,26.3444,3.29305,instances.vantage.sh (AWS Price List mirror)
2026-09-14,AWS,ap-south-1,p4d.24xlarge,A100,8.0,spot,26.3444,3.29305,instances.vantage.sh (AWS Price List mirror)
2026-09-14,AWS,ap-south-1,p5.48xlarge,H100,8.0,ondemand,66.048,8.256,instances.vantage.sh (AWS Price List mirror)
2026-09-14,AWS,ap-south-1,p5.48xlarge,H100,8.0,spot,19.1476,2.39345,instances.vantage.sh (AWS Price List mirror)
2026-09-14,AWS,ap-south-1,p5.4xlarge,H100,1.0,ondemand,8.256,8.256,instances.vantage.sh (AWS Price List mirror)
2026-09-14,AWS,ap-south-1,p5.4xlarge,H100,1.0,spot,2.4776,2.4776,instances.vantage.sh (AWS Price List mirror)
2026-09-14,AWS,ap-south-1,p5en.48xlarge,H200,8.0,ondemand,75.9552,9.4944,instances.vantage.sh (AWS Price List mirror)
2026-09-14,AWS,ap-south-1,p5en.48xlarge,H200,8.0,spot,24.98485,3.12310625,instances.vantage.sh (AWS Price List mirror)
2026-09-14,AWS,ap-south-1,p6-b200.48xlarge,B200,8.0,ondemand,160.64525,20.08065625,instances.vantage.sh (AWS Price List mirror)
2026-09-14,AWS,ap-south-1,p6-b200.48xlarge,B200,8.0,spot,48.3336,6.0417,instances.vantage.sh (AWS Price List mirror)
2026-09-14,AWS,ap-south-1-ccu-1,g4dn.2xlarge,T4,1.0,ondemand,1.2,1.2,instances.vantage.sh (AWS Price List mirror)
2026-09-14,AWS,ap-south-1-del-1,g4dn.2xlarge,T4,1.0,ondemand,1.2,1.2,instances.vantage.sh (AWS Price List mirror)
2026-09-14,AWS,ap-south-2,g6.12xlarge,L4,4.0,ondemand,5.52558,1.381395,instances.vantage.sh (AWS Price List mirror)
2026-09-14,AWS,ap-south-2,g6.16xlarge,L4,1.0,ondemand,4.07886,4.07886,instances.vantage.sh (AWS Price List mirror)
2026-09-14,AWS,ap-south-2,g6.24xlarge,L4,4.0,ondemand,8.01555,2.0038875,instances.vantage.sh (AWS Price List mirror)
2026-09-14,AWS,ap-south-2,g6.2xlarge,L4,1.0,ondemand,1.1739,1.1739,instances.vantage.sh (AWS Price List mirror)
2026-09-14,AWS,ap-south-2,g6.48xlarge,L4,8.0,ondemand,16.0311,2.0038875,instances.vantage.sh (AWS Price List mirror)
2026-09-14,AWS,ap-south-2,g6.4xlarge,L4,1.0,ondemand,1.58889,1.58889,instances.vantage.sh (AWS Price List mirror)
2026-09-14,AWS,ap-south-2,g6.8xlarge,L4,1.0,ondemand,2.41888,2.41888,instances.vantage.sh (AWS Price List mirror)
2026-09-14,AWS,ap-south-2,g6.xlarge,L4,1.0,ondemand,0.9664,0.9664,instances.vantage.sh (AWS Price List mirror)
2026-09-14,AWS,ap-south-2,g6e.12xlarge,L40S,4.0,ondemand,12.60131,3.1503275,instances.vantage.sh (AWS Price List mirror)
2026-09-14,AWS,ap-south-2,g6e.16xlarge,L40S,1.0,ondemand,9.09996,9.09996,instances.vantage.sh (AWS Price List mirror)
2026-09-14,AWS,ap-south-2,g6e.24xlarge,L40S,4.0,ondemand,18.09328,4.52332,instances.vantage.sh (AWS Price List mirror)
2026-09-14,AWS,ap-south-2,g6e.2xlarge,L40S,1.0,ondemand,2.69266,2.69266,instances.vantage.sh (AWS Price List mirror)
2026-09-14,AWS,ap-south-2,g6e.48xlarge,L40S,8.0,ondemand,36.18656,4.52332,instances.vantage.sh (AWS Price List mirror)
2026-09-14,AWS,ap-south-2,g6e.4xlarge,L40S,1.0,ondemand,3.60799,3.60799,instances.vantage.sh (AWS Price List mirror)
2026-09-14,AWS,ap-south-2,g6e.8xlarge,L40S,1.0,ondemand,5.43865,5.43865,instances.vantage.sh (AWS Price List mirror)
2026-09-14,AWS,ap-south-2,g6e.xlarge,L40S,1.0,ondemand,2.235,2.235,instances.vantage.sh (AWS Price List mirror)
2026-09-14,AWS,ap-south-2,p6-b200.48xlarge,B200,8.0,ondemand,160.65,20.08125,instances.vantage.sh (AWS Price List mirror)
2026-09-14,AWS,ap-south-2,p6-b300.48xlarge,NVIDIA B300,8.0,ondemand,200.80656,25.10082,instances.vantage.sh (AWS Price List mirror)
2026-09-14,AWS,ap-southeast-1,g2.2xlarge,K520,1.0,ondemand,1.0,1.0,instances.vantage.sh (AWS Price List mirror)
2026-09-14,AWS,ap-southeast-1,g2.8xlarge,K520,4.0,ondemand,4.0,1.0,instances.vantage.sh (AWS Price List mirror)
2026-09-14,AWS,ap-southeast-1,g3.16xlarge,M60,4.0,ondemand,6.68,1.67,instances.vantage.sh (AWS Price List mirror)
2026-09-14,AWS,ap-southeast-1,g3.4xlarge,M60,1.0,ondemand,1.67,1.67,instances.vantage.sh (AWS Price List mirror)
2026-09-14,AWS,ap-southeast-1,g3.8xlarge,M60,2.0,ondemand,3.34,1.67,instances.vantage.sh (AWS Price List mirror)
2026-09-14,AWS,ap-southeast-1,g4dn.12xlarge,T4,4.0,ondemand,5.474,1.3685,instances.vantage.sh (AWS Price List mirror)
2026-09-14,AWS,ap-southeast-1,g4dn.12xlarge,T4,4.0,spot,1.824667,0.45616675,instances.vantage.sh (AWS Price List mirror)
2026-09-14,AWS,ap-southeast-1,g4dn.16xlarge,T4,1.0,ondemand,6.089,6.089,instances.vantage.sh (AWS Price List mirror)
2026-09-14,AWS,ap-southeast-1,g4dn.16xlarge,T4,1.0,spot,2.0999,2.0999,instances.vantage.sh (AWS Price List mirror)
2026-09-14,AWS,ap-southeast-1,g4dn.2xlarge,T4,1.0,ondemand,1.052,1.052,instances.vantage.sh (AWS Price List mirror)
2026-09-14,AWS,ap-southeast-1,g4dn.2xlarge,T4,1.0,spot,0.4488,0.4488,instances.vantage.sh (AWS Price List mirror)
2026-09-14,AWS,ap-southeast-1,g4dn.4xlarge,T4,1.0,ondemand,1.685,1.685,instances.vantage.sh (AWS Price List mirror)
2026-09-14,AWS,ap-southeast-1,g4dn.4xlarge,T4,1.0,spot,0.561267,0.561267,instances.vantage.sh (AWS Price List mirror)
2026-09-14,AWS,ap-southeast-1,g4dn.8xlarge,T4,1.0,ondemand,3.045,3.045,instances.vantage.sh (AWS Price List mirror)
2026-09-14,AWS,ap-southeast-1,g4dn.8xlarge,T4,1.0,spot,0.877867,0.877867,instances.vantage.sh (AWS Price List mirror)
2026-09-14,AWS,ap-southeast-1,g4dn.metal,T4,8.0,ondemand,10.948,1.3685,instances.vantage.sh (AWS Price List mirror)
2026-09-14,AWS,ap-southeast-1,g4dn.metal,T4,8.0,spot,3.9539,0.4942375,instances.vantage.sh (AWS Price List mirror)
2026-09-14,AWS,ap-southeast-1,g4dn.xlarge,T4,1.0,ondemand,0.736,0.736,instances.vantage.sh (AWS Price List mirror)
2026-09-14,AWS,ap-southeast-1,g4dn.xlarge,T4,1.0,spot,0.308233,0.308233,instances.vantage.sh (AWS Price List mirror)
2026-09-14,AWS,ap-southeast-1,g5g.16xlarge,T4G,2.0,ondemand,3.8395,1.91975,instances.vantage.sh (AWS Price List mirror)
2026-09-14,AWS,ap-southeast-1,g5g.16xlarge,T4G,2.0,spot,0.77415,0.387075,instances.vantage.sh (AWS Price List mirror)
2026-09-14,AWS,ap-southeast-1,g5g.2xlarge,T4G,1.0,ondemand,0.778,0.778,instances.vantage.sh (AWS Price List mirror)
2026-09-14,AWS,ap-southeast-1,g5g.2xlarge,T4G,1.0,spot,0.36035,0.36035,instances.vantage.sh (AWS Price List mirror)
2026-09-14,AWS,ap-southeast-1,g5g.4xlarge,T4G,1.0,ondemand,1.1586,1.1586,instances.vantage.sh (AWS Price List mirror)
2026-09-14,AWS,ap-southeast-1,g5g.4xlarge,T4G,1.0,spot,0.4844,0.4844,instances.vantage.sh (AWS Price List mirror)
2026-09-14,AWS,ap-southeast-1,g5g.8xlarge,T4G,1.0,ondemand,1.9198,1.9198,instances.vantage.sh (AWS Price List mirror)
2026-09-14,AWS,ap-southeast-1,g5g.8xlarge,T4G,1.0,spot,0.67465,0.67465,instances.vantage.sh (AWS Price List mirror)
2026-09-14,AWS,ap-southeast-1,g5g.metal,T4G,2.0,ondemand,3.8395,1.91975,instances.vantage.sh (AWS Price List mirror)
2026-09-14,AWS,ap-southeast-1,g5g.metal,T4G,2.0,spot,0.71585,0.357925,instances.vantage.sh (AWS Price List mirror)
2026-09-14,AWS,ap-southeast-1,g5g.xlarge,T4G,1.0,ondemand,0.5877,0.5877,instances.vantage.sh (AWS Price List mirror)
2026-09-14,AWS,ap-southeast-1,g5g.xlarge,T4G,1.0,spot,0.25035,0.25035,instances.vantage.sh (AWS Price List mirror)
2026-09-14,AWS,ap-southeast-1,p2.16xlarge,K80,16.0,ondemand,27.488,1.718,instances.vantage.sh (AWS Price List mirror)
2026-09-14,AWS,ap-southeast-1,p2.8xlarge,K80,8.0,ondemand,13.744,1.718,instances.vantage.sh (AWS Price List mirror)
2026-09-14,AWS,ap-southeast-1,p2.xlarge,K80,1.0,ondemand,1.718,1.718,instances.vantage.sh (AWS Price List mirror)
2026-09-14,AWS,ap-southeast-1,p3.16xlarge,V100,8.0,ondemand,33.872,4.234,instances.vantage.sh (AWS Price List mirror)
2026-09-14,AWS,ap-southeast-1,p3.16xlarge,V100,8.0,spot,33.19456,4.14932,instances.vantage.sh (AWS Price List mirror)
2026-09-14,AWS,ap-southeast-1,p3.2xlarge,V100,1.0,ondemand,4.234,4.234,instances.vantage.sh (AWS Price List mirror)
2026-09-14,AWS,ap-southeast-1,p3.2xlarge,V100,1.0,spot,0.97382,0.97382,instances.vantage.sh (AWS Price List mirror)
2026-09-14,AWS,ap-southeast-1,p3.8xlarge,V100,4.0,ondemand,16.936,4.234,instances.vantage.sh (AWS Price List mirror)
2026-09-14,AWS,ap-southeast-1,p3.8xlarge,V100,4.0,spot,16.936,4.234,instances.vantage.sh (AWS Price List mirror)
2026-09-14,AWS,ap-southeast-1,p4d.24xlarge,A100,8.0,ondemand,26.34917,3.29364625,instances.vantage.sh (AWS Price List mirror)
2026-09-14,AWS,ap-southeast-1,p4de.24xlarge,A100,8.0,ondemand,32.93646,4.1170575,instances.vantage.sh (AWS Price List mirror)
2026-09-14,AWS,ap-southeast-1,p4de.24xlarge,A100,8.0,spot,32.9365,4.1170625,instances.vantage.sh (AWS Price List mirror)
2026-09-14,AWS,ap-southeast-1-bkk-1,g4dn.2xlarge,T4,1.0,ondemand,1.578,1.578,instances.vantage.sh (AWS Price List mirror)
2026-09-14,AWS,ap-southeast-1-mnl-1,g4dn.2xlarge,T4,1.0,ondemand,1.368,1.368,instances.vantage.sh (AWS Price List mirror)
2026-09-14,AWS,ap-southeast-2,g2.2xlarge,K520,1.0,ondemand,0.898,0.898,instances.vantage.sh (AWS Price List mirror)
2026-09-14,AWS,ap-southeast-2,g2.8xlarge,K520,4.0,ondemand,3.592,0.898,instances.vantage.sh (AWS Price List mirror)
2026-09-14,AWS,ap-southeast-2,g3.16xlarge,M60,4.0,ondemand,7.016,1.754,instances.vantage.sh (AWS Price List mirror)
2026-09-14,AWS,ap-southeast-2,g3.4xlarge,M60,1.0,ondemand,1.754,1.754,instances.vantage.sh (AWS Price List mirror)
2026-09-14,AWS,ap-southeast-2,g3.8xlarge,M60,2.0,ondemand,3.508,1.754,instances.vantage.sh (AWS Price List mirror)
2026-09-14,AWS,ap-southeast-2,g3s.xlarge,M60,1.0,ondemand,1.154,1.154,instances.vantage.sh (AWS Price List mirror)
2026-09-14,AWS,ap-southeast-2,g4dn.12xlarge,T4,4.0,ondemand,5.087,1.27175,instances.vantage.sh (AWS Price List mirror)
2026-09-14,AWS,ap-southeast-2,g4dn.12xlarge,T4,4.0,spot,2.378833,0.59470825,instances.vantage.sh (AWS Price List mirror)
2026-09-14,AWS,ap-southeast-2,g4dn.16xlarge,T4,1.0,ondemand,5.659,5.659,instances.vantage.sh (AWS Price List mirror)
2026-09-14,AWS,ap-southeast-2,g4dn.16xlarge,T4,1.0,spot,1.4248,1.4248,instances.vantage.sh (AWS Price List mirror)
2026-09-14,AWS,ap-southeast-2,g4dn.2xlarge,T4,1.0,ondemand,0.978,0.978,instances.vantage.sh (AWS Price List mirror)
2026-09-14,AWS,ap-southeast-2,g4dn.2xlarge,T4,1.0,spot,0.4317,0.4317,instances.vantage.sh (AWS Price List mirror)
2026-09-14,AWS,ap-southeast-2,g4dn.4xlarge,T4,1.0,ondemand,1.566,1.566,instances.vantage.sh (AWS Price List mirror)
2026-09-14,AWS,ap-southeast-2,g4dn.4xlarge,T4,1.0,spot,0.574433,0.574433,instances.vantage.sh (AWS Price List mirror)
2026-09-14,AWS,ap-southeast-2,g4dn.8xlarge,T4,1.0,ondemand,2.83,2.83,instances.vantage.sh (AWS Price List mirror)
2026-09-14,AWS,ap-southeast-2,g4dn.8xlarge,T4,1.0,spot,0.884067,0.884067,instances.vantage.sh (AWS Price List mirror)
2026-09-14,AWS,ap-southeast-2,g4dn.metal,T4,8.0,ondemand,10.174,1.27175,instances.vantage.sh (AWS Price List mirror)
2026-09-14,AWS,ap-southeast-2,g4dn.metal,T4,8.0,spot,4.063,0.507875,instances.vantage.sh (AWS Price List mirror)
2026-09-14,AWS,ap-southeast-2,g4dn.xlarge,T4,1.0,ondemand,0.684,0.684,instances.vantage.sh (AWS Price List mirror)
2026-09-14,AWS,ap-southeast-2,g4dn.xlarge,T4,1.0,spot,0.311767,0.311767,instances.vantage.sh (AWS Price List mirror)
2026-09-14,AWS,ap-southeast-2,g5.12xlarge,A10G,4.0,ondemand,7.37473,1.8436825,instances.vantage.sh (AWS Price List mirror)
2026-09-14,AWS,ap-southeast-2,g5.12xlarge,A10G,4.0,spot,4.91975,1.2299375,instances.vantage.sh (AWS Price List mirror)
2026-09-14,AWS,ap-southeast-2,g5.16xlarge,A10G,1.0,ondemand,5.32561,5.32561,instances.vantage.sh (AWS Price List mirror)
2026-09-14,AWS,ap-southeast-2,g5.16xlarge,A10G,1.0,spot,1.33435,1.33435,instances.vantage.sh (AWS Price List mirror)
2026-09-14,AWS,ap-southeast-2,g5.24xlarge,A10G,4.0,ondemand,10.58882,2.647205,instances.vantage.sh (AWS Price List mirror)
2026-09-14,AWS,ap-southeast-2,g5.24xlarge,A10G,4.0,spot,10.5888,2.6472,instances.vantage.sh (AWS Price List mirror)
2026-09-14,AWS,ap-southeast-2,g5.2xlarge,A10G,1.0,ondemand,1.57584,1.57584,instances.vantage.sh (AWS Price List mirror)
2026-09-14,AWS,ap-southeast-2,g5.2xlarge,A10G,1.0,spot,0.9821,0.9821,instances.vantage.sh (AWS Price List mirror)
2026-09-14,AWS,ap-southeast-2,g5.48xlarge,A10G,8.0,ondemand,21.17764,2.647205,instances.vantage.sh (AWS Price List mirror)
2026-09-14,AWS,ap-southeast-2,g5.48xlarge,A10G,8.0,spot,21.1776,2.6472,instances.vantage.sh (AWS Price List mirror)
2026-09-14,AWS,ap-southeast-2,g5.4xlarge,A10G,1.0,ondemand,2.11152,2.11152,instances.vantage.sh (AWS Price List mirror)
2026-09-14,AWS,ap-southeast-2,g5.4xlarge,A10G,1.0,spot,1.83265,1.83265,instances.vantage.sh (AWS Price List mirror)
2026-09-14,AWS,ap-southeast-2,g5.8xlarge,A10G,1.0,ondemand,3.18289,3.18289,instances.vantage.sh (AWS Price List mirror)
2026-09-14,AWS,ap-southeast-2,g5.8xlarge,A10G,1.0,spot,1.35485,1.35485,instances.vantage.sh (AWS Price List mirror)
2026-09-14,AWS,ap-southeast-2,g5.xlarge,A10G,1.0,ondemand,1.308,1.308,instances.vantage.sh (AWS Price List mirror)
2026-09-14,AWS,ap-southeast-2,g5.xlarge,A10G,1.0,spot,0.7814,0.7814,instances.vantage.sh (AWS Price List mirror)
2026-09-14,AWS,ap-southeast-2,g6.12xlarge,L4,4.0,ondemand,5.98299,1.4957475,instances.vantage.sh (AWS Price List mirror)
2026-09-14,AWS,ap-southeast-2,g6.12xlarge,L4,4.0,spot,4.2694,1.06735,instances.vantage.sh (AWS Price List mirror)
2026-09-14,AWS,ap-southeast-2,g6.16xlarge,L4,1.0,ondemand,4.41652,4.41652,instances.vantage.sh (AWS Price List mirror)
2026-09-14,AWS,ap-southeast-2,g6.16xlarge,L4,1.0,spot,1.715367,1.715367,instances.vantage.sh (AWS Price List mirror)
2026-09-14,AWS,ap-southeast-2,g6.24xlarge,L4,4.0,ondemand,8.67909,2.1697725,instances.vantage.sh (AWS Price List mirror)
2026-09-14,AWS,ap-southeast-2,g6.24xlarge,L4,4.0,spot,8.6791,2.169775,instances.vantage.sh (AWS Price List mirror)
2026-09-14,AWS,ap-southeast-2,g6.2xlarge,L4,1.0,ondemand,1.27107,1.27107,instances.vantage.sh (AWS Price List mirror)
2026-09-14,AWS,ap-southeast-2,g6.2xlarge,L4,1.0,spot,0.6701,0.6701,instances.vantage.sh (AWS Price List mirror)
2026-09-14,AWS,ap-southeast-2,g6.48xlarge,L4,8.0,ondemand,17.35817,2.16977125,instances.vantage.sh (AWS Price List mirror)
2026-09-14,AWS,ap-southeast-2,g6.48xlarge,L4,8.0,spot,13.301167,1.662645875,instances.vantage.sh (AWS Price List mirror)
2026-09-14,AWS,ap-southeast-2,g6.4xlarge,L4,1.0,ondemand,1.72042,1.72042,instances.vantage.sh (AWS Price List mirror)
2026-09-14,AWS,ap-southeast-2,g6.4xlarge,L4,1.0,spot,0.836833,0.836833,instances.vantage.sh (AWS Price List mirror)
2026-09-14,AWS,ap-southeast-2,g6.8xlarge,L4,1.0,ondemand,2.61912,2.61912,instances.vantage.sh (AWS Price List mirror)
2026-09-14,AWS,ap-southeast-2,g6.8xlarge,L4,1.0,spot,1.019167,1.019167,instances.vantage.sh (AWS Price List mirror)
2026-09-14,AWS,ap-southeast-2,g6.xlarge,L4,1.0,ondemand,1.0464,1.0464,instances.vantage.sh (AWS Price List mirror)
2026-09-14,AWS,ap-southeast-2,g6.xlarge,L4,1.0,spot,0.6393,0.6393,instances.vantage.sh (AWS Price List mirror)
2026-09-14,AWS,ap-southeast-2,g6f.2xlarge,L4,0.25,ondemand,0.61759,2.47036,instances.vantage.sh (AWS Price List mirror)
2026-09-14,AWS,ap-southeast-2,g6f.2xlarge,L4,0.25,spot,0.4193,1.6772,instances.vantage.sh (AWS Price List mirror)
2026-09-14,AWS,ap-southeast-2,g6f.4xlarge,L4,0.5,ondemand,1.23517,2.47034,instances.vantage.sh (AWS Price List mirror)
2026-09-14,AWS,ap-southeast-2,g6f.4xlarge,L4,0.5,spot,1.18615,2.3723,instances.vantage.sh (AWS Price List mirror)
2026-09-14,AWS,ap-southeast-2,g6f.large,L4,0.125,ondemand,0.26264,2.10112,instances.vantage.sh (AWS Price List mirror)
2026-09-14,AWS,ap-southeast-2,g6f.large,L4,0.125,spot,0.2626,2.1008,instances.vantage.sh (AWS Price List mirror)
2026-09-14,AWS,ap-southeast-2,g6f.xlarge,L4,0.125,ondemand,0.30879,2.47032,instances.vantage.sh (AWS Price List mirror)
2026-09-14,AWS,ap-southeast-2,g6f.xlarge,L4,0.125,spot,0.1704,1.3632,instances.vantage.sh (AWS Price List mirror)
2026-09-14,AWS,ap-southeast-2,gr6.4xlarge,L4,1.0,ondemand,2.0012,2.0012,instances.vantage.sh (AWS Price List mirror)
2026-09-14,AWS,ap-southeast-2,gr6.4xlarge,L4,1.0,spot,0.6868,0.6868,instances.vantage.sh (AWS Price List mirror)
2026-09-14,AWS,ap-southeast-2,gr6.8xlarge,L4,1.0,ondemand,3.1807,3.1807,instances.vantage.sh (AWS Price List mirror)
2026-09-14,AWS,ap-southeast-2,gr6.8xlarge,L4,1.0,spot,1.0097,1.0097,instances.vantage.sh (AWS Price List mirror)
2026-09-14,AWS,ap-southeast-2,gr6f.4xlarge,L4,0.5,ondemand,1.38597,2.77194,instances.vantage.sh (AWS Price List mirror)
2026-09-14,AWS,ap-southeast-2,gr6f.4xlarge,L4,0.5,spot,0.9681,1.9362,instances.vantage.sh (AWS Price List mirror)
2026-09-14,AWS,ap-southeast-2,p2.16xlarge,K80,16.0,ondemand,24.672,1.542,instances.vantage.sh (AWS Price List mirror)
2026-09-14,AWS,ap-southeast-2,p2.8xlarge,K80,8.0,ondemand,12.336,1.542,instances.vantage.sh (AWS Price List mirror)
2026-09-14,AWS,ap-southeast-2,p2.xlarge,K80,1.0,ondemand,1.542,1.542,instances.vantage.sh (AWS Price List mirror)
2026-09-14,AWS,ap-southeast-2,p3.16xlarge,V100,8.0,ondemand,33.872,4.234,instances.vantage.sh (AWS Price List mirror)
2026-09-14,AWS,ap-southeast-2,p3.16xlarge,V100,8.0,spot,19.98448,2.49806,instances.vantage.sh (AWS Price List mirror)
2026-09-14,AWS,ap-southeast-2,p3.2xlarge,V100,1.0,ondemand,4.234,4.234,instances.vantage.sh (AWS Price List mirror)
2026-09-14,AWS,ap-southeast-2,p3.2xlarge,V100,1.0,spot,0.97382,0.97382,instances.vantage.sh (AWS Price List mirror)
2026-09-14,AWS,ap-southeast-2,p3.8xlarge,V100,4.0,ondemand,16.936,4.234,instances.vantage.sh (AWS Price List mirror)
2026-09-14,AWS,ap-southeast-2,p3.8xlarge,V100,4.0,spot,9.3148,2.3287,instances.vantage.sh (AWS Price List mirror)
2026-09-14,AWS,ap-southeast-2,p4d.24xlarge,A100,8.0,ondemand,28.54493,3.56811625,instances.vantage.sh (AWS Price List mirror)
2026-09-14,AWS,ap-southeast-2,p4d.24xlarge,A100,8.0,spot,18.0406,2.255075,instances.vantage.sh (AWS Price List mirror)
2026-09-14,AWS,ap-southeast-2,p5.48xlarge,H100,8.0,ondemand,71.552,8.944,instances.vantage.sh (AWS Price List mirror)
2026-09-14,AWS,ap-southeast-2,p5.48xlarge,H100,8.0,spot,51.352567,6.419070875,instances.vantage.sh (AWS Price List mirror)
2026-09-14,AWS,ap-southeast-2,p5.4xlarge,H100,1.0,ondemand,8.944,8.944,instances.vantage.sh (AWS Price List mirror)
2026-09-14,AWS,ap-southeast-2,p5.4xlarge,H100,1.0,spot,2.1857,2.1857,instances.vantage.sh (AWS Price List mirror)
2026-09-14,AWS,ap-southeast-2-akl-1,g4dn.2xlarge,T4,1.0,ondemand,1.418,1.418,instances.vantage.sh (AWS Price List mirror)
2026-09-14,AWS,ap-southeast-2-per-1,g4dn.2xlarge,T4,1.0,ondemand,1.418,1.418,instances.vantage.sh (AWS Price List mirror)
2026-09-14,AWS,ap-southeast-3,g5.12xlarge,A10G,4.0,ondemand,7.93854,1.984635,instances.vantage.sh (AWS Price List mirror)
2026-09-14,AWS,ap-southeast-3,g5.12xlarge,A10G,4.0,spot,2.143406,0.5358515,instances.vantage.sh (AWS Price List mirror)
2026-09-14,AWS,ap-southeast-3,g5.16xlarge,A10G,1.0,ondemand,5.73277,5.73277,instances.vantage.sh (AWS Price List mirror)
2026-09-14,AWS,ap-southeast-3,g5.16xlarge,A10G,1.0,spot,0.74526,0.74526,instances.vantage.sh (AWS Price List mirror)
2026-09-14,AWS,ap-southeast-3,g5.24xlarge,A10G,4.0,ondemand,11.39836,2.84959,instances.vantage.sh (AWS Price List mirror)
2026-09-14,AWS,ap-southeast-3,g5.24xlarge,A10G,4.0,spot,5.129262,1.2823155,instances.vantage.sh (AWS Price List mirror)
2026-09-14,AWS,ap-southeast-3,g5.2xlarge,A10G,1.0,ondemand,1.69632,1.69632,instances.vantage.sh (AWS Price List mirror)
2026-09-14,AWS,ap-southeast-3,g5.2xlarge,A10G,1.0,spot,0.407117,0.407117,instances.vantage.sh (AWS Price List mirror)
2026-09-14,AWS,ap-southeast-3,g5.48xlarge,A10G,8.0,ondemand,22.79672,2.84959,instances.vantage.sh (AWS Price List mirror)
2026-09-14,AWS,ap-southeast-3,g5.48xlarge,A10G,8.0,spot,10.942426,1.36780325,instances.vantage.sh (AWS Price List mirror)
2026-09-14,AWS,ap-southeast-3,g5.4xlarge,A10G,1.0,ondemand,2.27295,2.27295,instances.vantage.sh (AWS Price List mirror)
2026-09-14,AWS,ap-southeast-3,g5.4xlarge,A10G,1.0,spot,0.43186,0.43186,instances.vantage.sh (AWS Price List mirror)
2026-09-14,AWS,ap-southeast-3,g5.8xlarge,A10G,1.0,ondemand,3.42623,3.42623,instances.vantage.sh (AWS Price List mirror)
2026-09-14,AWS,ap-southeast-3,g5.8xlarge,A10G,1.0,spot,0.959344,0.959344,instances.vantage.sh (AWS Price List mirror)
2026-09-14,AWS,ap-southeast-3,g5.xlarge,A10G,1.0,ondemand,1.408,1.408,instances.vantage.sh (AWS Price List mirror)
2026-09-14,AWS,ap-southeast-3,g5.xlarge,A10G,1.0,spot,0.39424,0.39424,instances.vantage.sh (AWS Price List mirror)
2026-09-14,AWS,ap-southeast-3,g5g.metal,T4G,2.0,ondemand,3.8395,1.91975,instances.vantage.sh (AWS Price List mirror)
2026-09-14,AWS,ap-southeast-3,g5g.metal,T4G,2.0,spot,0.883085,0.4415425,instances.vantage.sh (AWS Price List mirror)
2026-09-14,AWS,ap-southeast-3,p5.48xlarge,H100,8.0,ondemand,75.9552,9.4944,instances.vantage.sh (AWS Price List mirror)
2026-09-14,AWS,ap-southeast-3,p5.48xlarge,H100,8.0,spot,75.9552,9.4944,instances.vantage.sh (AWS Price List mirror)
2026-09-14,AWS,ap-southeast-3,p5.4xlarge,H100,1.0,ondemand,9.4944,9.4944,instances.vantage.sh (AWS Price List mirror)
2026-09-14,AWS,ap-southeast-3,p5.4xlarge,H100,1.0,spot,9.4944,9.4944,instances.vantage.sh (AWS Price List mirror)
2026-09-14,AWS,ap-southeast-3,p5en.48xlarge,H200,8.0,ondemand,87.34848,10.91856,instances.vantage.sh (AWS Price List mirror)
2026-09-14,AWS,ap-southeast-3,p5en.48xlarge,H200,8.0,spot,27.951514,3.49393925,instances.vantage.sh (AWS Price List mirror)
2026-09-14,AWS,ap-southeast-3,p6-b300.48xlarge,NVIDIA B300,8.0,ondemand,230.93,28.86625,instances.vantage.sh (AWS Price List mirror)
2026-09-14,AWS,ap-southeast-5,g6.12xlarge,L4,4.0,ondemand,5.7966,1.44915,instances.vantage.sh (AWS Price List mirror)
2026-09-14,AWS,ap-southeast-5,g6.12xlarge,L4,4.0,spot,4.231518,1.0578795,instances.vantage.sh (AWS Price List mirror)
2026-09-14,AWS,ap-southeast-5,g6.16xlarge,L4,1.0,ondemand,4.27892,4.27892,instances.vantage.sh (AWS Price List mirror)
2026-09-14,AWS,ap-southeast-5,g6.16xlarge,L4,1.0,spot,0.855784,0.855784,instances.vantage.sh (AWS Price List mirror)
2026-09-14,AWS,ap-southeast-5,g6.24xlarge,L4,4.0,ondemand,8.4087,2.102175,instances.vantage.sh (AWS Price List mirror)
2026-09-14,AWS,ap-southeast-5,g6.24xlarge,L4,4.0,spot,3.699828,0.924957,instances.vantage.sh (AWS Price List mirror)
2026-09-14,AWS,ap-southeast-5,g6.2xlarge,L4,1.0,ondemand,1.23147,1.23147,instances.vantage.sh (AWS Price List mirror)
2026-09-14,AWS,ap-southeast-5,g6.2xlarge,L4,1.0,spot,1.083694,1.083694,instances.vantage.sh (AWS Price List mirror)
2026-09-14,AWS,ap-southeast-5,g6.48xlarge,L4,8.0,ondemand,16.81739,2.10217375,instances.vantage.sh (AWS Price List mirror)
2026-09-14,AWS,ap-southeast-5,g6.48xlarge,L4,8.0,spot,13.117564,1.6396955,instances.vantage.sh (AWS Price List mirror)
2026-09-14,AWS,ap-southeast-5,g6.4xlarge,L4,1.0,ondemand,1.66682,1.66682,instances.vantage.sh (AWS Price List mirror)
2026-09-14,AWS,ap-southeast-5,g6.4xlarge,L4,1.0,spot,0.900083,0.900083,instances.vantage.sh (AWS Price List mirror)
2026-09-14,AWS,ap-southeast-5,g6.8xlarge,L4,1.0,ondemand,2.53752,2.53752,instances.vantage.sh (AWS Price List mirror)
2026-09-14,AWS,ap-southeast-5,g6.8xlarge,L4,1.0,spot,0.68513,0.68513,instances.vantage.sh (AWS Price List mirror)
2026-09-14,AWS,ap-southeast-5,g6.xlarge,L4,1.0,ondemand,1.0138,1.0138,instances.vantage.sh (AWS Price List mirror)
2026-09-14,AWS,ap-southeast-5,g6.xlarge,L4,1.0,spot,0.91242,0.91242,instances.vantage.sh (AWS Price List mirror)
2026-09-14,AWS,ap-southeast-5,gr6.4xlarge,L4,1.0,ondemand,1.9388,1.9388,instances.vantage.sh (AWS Price List mirror)
2026-09-14,AWS,ap-southeast-5,gr6.4xlarge,L4,1.0,spot,0.542864,0.542864,instances.vantage.sh (AWS Price List mirror)
2026-09-14,AWS,ap-southeast-5,gr6.8xlarge,L4,1.0,ondemand,3.08152,3.08152,instances.vantage.sh (AWS Price List mirror)
2026-09-14,AWS,ap-southeast-5,gr6.8xlarge,L4,1.0,spot,0.554674,0.554674,instances.vantage.sh (AWS Price List mirror)
2026-09-14,AWS,ca-central-1,g3.16xlarge,M60,4.0,ondemand,5.664,1.416,instances.vantage.sh (AWS Price List mirror)
2026-09-14,AWS,ca-central-1,g3.4xlarge,M60,1.0,ondemand,1.416,1.416,instances.vantage.sh (AWS Price List mirror)
2026-09-14,AWS,ca-central-1,g3.8xlarge,M60,2.0,ondemand,2.832,1.416,instances.vantage.sh (AWS Price List mirror)
2026-09-14,AWS,ca-central-1,g4ad.16xlarge,V520,4.0,ondemand,3.872,0.968,instances.vantage.sh (AWS Price List mirror)
2026-09-14,AWS,ca-central-1,g4ad.16xlarge,V520,4.0,spot,0.98435,0.2460875,instances.vantage.sh (AWS Price List mirror)
2026-09-14,AWS,ca-central-1,g4ad.2xlarge,V520,1.0,ondemand,0.60421,0.60421,instances.vantage.sh (AWS Price List mirror)
2026-09-14,AWS,ca-central-1,g4ad.2xlarge,V520,1.0,spot,0.21395,0.21395,instances.vantage.sh (AWS Price List mirror)
2026-09-14,AWS,ca-central-1,g4ad.4xlarge,V520,1.0,ondemand,0.968,0.968,instances.vantage.sh (AWS Price List mirror)
2026-09-14,AWS,ca-central-1,g4ad.4xlarge,V520,1.0,spot,0.34115,0.34115,instances.vantage.sh (AWS Price List mirror)
2026-09-14,AWS,ca-central-1,g4ad.8xlarge,V520,2.0,ondemand,1.936,0.968,instances.vantage.sh (AWS Price List mirror)
2026-09-14,AWS,ca-central-1,g4ad.8xlarge,V520,2.0,spot,0.43545,0.217725,instances.vantage.sh (AWS Price List mirror)
2026-09-14,AWS,ca-central-1,g4ad.xlarge,V520,1.0,ondemand,0.42263,0.42263,instances.vantage.sh (AWS Price List mirror)
2026-09-14,AWS,ca-central-1,g4ad.xlarge,V520,1.0,spot,0.15665,0.15665,instances.vantage.sh (AWS Price List mirror)
2026-09-14,AWS,ca-central-1,g4dn.12xlarge,T4,4.0,ondemand,4.343,1.08575,instances.vantage.sh (AWS Price List mirror)
2026-09-14,AWS,ca-central-1,g4dn.12xlarge,T4,4.0,spot,1.6778,0.41945,instances.vantage.sh (AWS Price List mirror)
2026-09-14,AWS,ca-central-1,g4dn.16xlarge,T4,1.0,ondemand,4.832,4.832,instances.vantage.sh (AWS Price List mirror)
2026-09-14,AWS,ca-central-1,g4dn.16xlarge,T4,1.0,spot,1.15105,1.15105,instances.vantage.sh (AWS Price List mirror)
2026-09-14,AWS,ca-central-1,g4dn.2xlarge,T4,1.0,ondemand,0.835,0.835,instances.vantage.sh (AWS Price List mirror)
2026-09-14,AWS,ca-central-1,g4dn.2xlarge,T4,1.0,spot,0.2938,0.2938,instances.vantage.sh (AWS Price List mirror)
2026-09-14,AWS,ca-central-1,g4dn.4xlarge,T4,1.0,ondemand,1.337,1.337,instances.vantage.sh (AWS Price List mirror)
2026-09-14,AWS,ca-central-1,g4dn.4xlarge,T4,1.0,spot,0.5598,0.5598,instances.vantage.sh (AWS Price List mirror)
2026-09-14,AWS,ca-central-1,g4dn.8xlarge,T4,1.0,ondemand,2.416,2.416,instances.vantage.sh (AWS Price List mirror)
2026-09-14,AWS,ca-central-1,g4dn.8xlarge,T4,1.0,spot,0.5687,0.5687,instances.vantage.sh (AWS Price List mirror)
2026-09-14,AWS,ca-central-1,g4dn.metal,T4,8.0,ondemand,8.687,1.085875,instances.vantage.sh (AWS Price List mirror)
2026-09-14,AWS,ca-central-1,g4dn.metal,T4,8.0,spot,6.8104,0.8513,instances.vantage.sh (AWS Price List mirror)
2026-09-14,AWS,ca-central-1,g4dn.xlarge,T4,1.0,ondemand,0.584,0.584,instances.vantage.sh (AWS Price List mirror)
2026-09-14,AWS,ca-central-1,g4dn.xlarge,T4,1.0,spot,0.25235,0.25235,instances.vantage.sh (AWS Price List mirror)
2026-09-14,AWS,ca-central-1,g5.12xlarge,A10G,4.0,ondemand,6.29784,1.57446,instances.vantage.sh (AWS Price List mirror)
2026-09-14,AWS,ca-central-1,g5.12xlarge,A10G,4.0,spot,6.2978,1.57445,instances.vantage.sh (AWS Price List mirror)
2026-09-14,AWS,ca-central-1,g5.16xlarge,A10G,1.0,ondemand,4.54794,4.54794,instances.vantage.sh (AWS Price List mirror)
2026-09-14,AWS,ca-central-1,g5.16xlarge,A10G,1.0,spot,1.52335,1.52335,instances.vantage.sh (AWS Price List mirror)
2026-09-14,AWS,ca-central-1,g5.24xlarge,A10G,4.0,ondemand,9.04259,2.2606475,instances.vantage.sh (AWS Price List mirror)
2026-09-14,AWS,ca-central-1,g5.24xlarge,A10G,4.0,spot,6.4216,1.6054,instances.vantage.sh (AWS Price List mirror)
2026-09-14,AWS,ca-central-1,g5.2xlarge,A10G,1.0,ondemand,1.34573,1.34573,instances.vantage.sh (AWS Price List mirror)
2026-09-14,AWS,ca-central-1,g5.2xlarge,A10G,1.0,spot,0.8119,0.8119,instances.vantage.sh (AWS Price List mirror)
2026-09-14,AWS,ca-central-1,g5.48xlarge,A10G,8.0,ondemand,18.08518,2.2606475,instances.vantage.sh (AWS Price List mirror)
2026-09-14,AWS,ca-central-1,g5.48xlarge,A10G,8.0,spot,18.0852,2.26065,instances.vantage.sh (AWS Price List mirror)
2026-09-14,AWS,ca-central-1,g5.4xlarge,A10G,1.0,ondemand,1.80319,1.80319,instances.vantage.sh (AWS Price List mirror)
2026-09-14,AWS,ca-central-1,g5.4xlarge,A10G,1.0,spot,1.8032,1.8032,instances.vantage.sh (AWS Price List mirror)
2026-09-14,AWS,ca-central-1,g5.8xlarge,A10G,1.0,ondemand,2.71811,2.71811,instances.vantage.sh (AWS Price List mirror)
2026-09-14,AWS,ca-central-1,g5.8xlarge,A10G,1.0,spot,1.81115,1.81115,instances.vantage.sh (AWS Price List mirror)
2026-09-14,AWS,ca-central-1,g5.xlarge,A10G,1.0,ondemand,1.117,1.117,instances.vantage.sh (AWS Price List mirror)
2026-09-14,AWS,ca-central-1,g5.xlarge,A10G,1.0,spot,0.6294,0.6294,instances.vantage.sh (AWS Price List mirror)
2026-09-14,AWS,ca-central-1,g6.12xlarge,L4,4.0,ondemand,5.10933,1.2773325,instances.vantage.sh (AWS Price List mirror)
2026-09-14,AWS,ca-central-1,g6.12xlarge,L4,4.0,spot,5.1093,1.277325,instances.vantage.sh (AWS Price List mirror)
2026-09-14,AWS,ca-central-1,g6.16xlarge,L4,1.0,ondemand,3.7716,3.7716,instances.vantage.sh (AWS Price List mirror)
2026-09-14,AWS,ca-central-1,g6.16xlarge,L4,1.0,spot,1.942267,1.942267,instances.vantage.sh (AWS Price List mirror)
2026-09-14,AWS,ca-central-1,g6.24xlarge,L4,4.0,ondemand,7.41173,1.8529325,instances.vantage.sh (AWS Price List mirror)
2026-09-14,AWS,ca-central-1,g6.24xlarge,L4,4.0,spot,7.4117,1.852925,instances.vantage.sh (AWS Price List mirror)
2026-09-14,AWS,ca-central-1,g6.2xlarge,L4,1.0,ondemand,1.08547,1.08547,instances.vantage.sh (AWS Price List mirror)
2026-09-14,AWS,ca-central-1,g6.2xlarge,L4,1.0,spot,0.8317,0.8317,instances.vantage.sh (AWS Price List mirror)
2026-09-14,AWS,ca-central-1,g6.48xlarge,L4,8.0,ondemand,14.82346,1.8529325,instances.vantage.sh (AWS Price List mirror)
2026-09-14,AWS,ca-central-1,g6.48xlarge,L4,8.0,spot,14.8235,1.8529375,instances.vantage.sh (AWS Price List mirror)
2026-09-14,AWS,ca-central-1,g6.4xlarge,L4,1.0,ondemand,1.4692,1.4692,instances.vantage.sh (AWS Price List mirror)
2026-09-14,AWS,ca-central-1,g6.4xlarge,L4,1.0,spot,1.4692,1.4692,instances.vantage.sh (AWS Price List mirror)
2026-09-14,AWS,ca-central-1,g6.8xlarge,L4,1.0,ondemand,2.23666,2.23666,instances.vantage.sh (AWS Price List mirror)
2026-09-14,AWS,ca-central-1,g6.8xlarge,L4,1.0,spot,1.205067,1.205067,instances.vantage.sh (AWS Price List mirror)
2026-09-14,AWS,ca-central-1,g6.xlarge,L4,1.0,ondemand,0.8936,0.8936,instances.vantage.sh (AWS Price List mirror)
2026-09-14,AWS,ca-central-1,g6.xlarge,L4,1.0,spot,0.649367,0.649367,instances.vantage.sh (AWS Price List mirror)
2026-09-14,AWS,ca-central-1,g6f.2xlarge,L4,0.25,ondemand,0.52741,2.10964,instances.vantage.sh (AWS Price List mirror)
2026-09-14,AWS,ca-central-1,g6f.2xlarge,L4,0.25,spot,0.29985,1.1994,instances.vantage.sh (AWS Price List mirror)
2026-09-14,AWS,ca-central-1,g6f.4xlarge,L4,0.5,ondemand,1.05482,2.10964,instances.vantage.sh (AWS Price List mirror)
2026-09-14,AWS,ca-central-1,g6f.4xlarge,L4,0.5,spot,0.8344,1.6688,instances.vantage.sh (AWS Price List mirror)
2026-09-14,AWS,ca-central-1,g6f.large,L4,0.125,ondemand,0.22429,1.79432,instances.vantage.sh (AWS Price List mirror)
2026-09-14,AWS,ca-central-1,g6f.large,L4,0.125,spot,0.2069,1.6552,instances.vantage.sh (AWS Price List mirror)
2026-09-14,AWS,ca-central-1,g6f.xlarge,L4,0.125,ondemand,0.26371,2.10968,instances.vantage.sh (AWS Price List mirror)
2026-09-14,AWS,ca-central-1,g6f.xlarge,L4,0.125,spot,0.1598,1.2784,instances.vantage.sh (AWS Price List mirror)
2026-09-14,AWS,ca-central-1,gr6.4xlarge,L4,1.0,ondemand,1.709,1.709,instances.vantage.sh (AWS Price List mirror)
2026-09-14,AWS,ca-central-1,gr6.4xlarge,L4,1.0,spot,0.77045,0.77045,instances.vantage.sh (AWS Price List mirror)
2026-09-14,AWS,ca-central-1,gr6.8xlarge,L4,1.0,ondemand,2.71628,2.71628,instances.vantage.sh (AWS Price List mirror)
2026-09-14,AWS,ca-central-1,gr6.8xlarge,L4,1.0,spot,1.35755,1.35755,instances.vantage.sh (AWS Price List mirror)
2026-09-14,AWS,ca-central-1,gr6f.4xlarge,L4,0.5,ondemand,1.1836,2.3672,instances.vantage.sh (AWS Price List mirror)
2026-09-14,AWS,ca-central-1,gr6f.4xlarge,L4,0.5,spot,0.7791,1.5582,instances.vantage.sh (AWS Price List mirror)
2026-09-14,AWS,ca-central-1,p3.16xlarge,V100,8.0,ondemand,26.928,3.366,instances.vantage.sh (AWS Price List mirror)
2026-09-14,AWS,ca-central-1,p3.16xlarge,V100,8.0,spot,11.84832,1.48104,instances.vantage.sh (AWS Price List mirror)
2026-09-14,AWS,ca-central-1,p3.2xlarge,V100,1.0,ondemand,3.366,3.366,instances.vantage.sh (AWS Price List mirror)
2026-09-14,AWS,ca-central-1,p3.2xlarge,V100,1.0,spot,0.74052,0.74052,instances.vantage.sh (AWS Price List mirror)
2026-09-14,AWS,ca-central-1,p3.8xlarge,V100,4.0,ondemand,13.464,3.366,instances.vantage.sh (AWS Price List mirror)
2026-09-14,AWS,ca-central-1,p3.8xlarge,V100,4.0,spot,7.13592,1.78398,instances.vantage.sh (AWS Price List mirror)
2026-09-14,AWS,ca-central-1,p4d.24xlarge,A100,8.0,ondemand,25.25174,3.1564675,instances.vantage.sh (AWS Price List mirror)
2026-09-14,AWS,ca-central-1,p4d.24xlarge,A100,8.0,spot,16.68325,2.08540625,instances.vantage.sh (AWS Price List mirror)
2026-09-14,AWS,ca-central-1,p5.48xlarge,H100,8.0,ondemand,63.296,7.912,instances.vantage.sh (AWS Price List mirror)
2026-09-14,AWS,ca-central-1,p5.48xlarge,H100,8.0,spot,17.7245,2.2155625,instances.vantage.sh (AWS Price List mirror)
2026-09-14,AWS,ca-central-1-wl1-yto1,g4dn.2xlarge,T4,1.0,ondemand,1.252,1.252,instances.vantage.sh (AWS Price List mirror)
2026-09-14,AWS,eu-central-1,dl2q.24xlarge,Qualcomm AI 100 Accelerators,8.0,ondemand,11.5952,1.4494,instances.vantage.sh (AWS Price List mirror)
2026-09-14,AWS,eu-central-1,dl2q.24xlarge,Qualcomm AI 100 Accelerators,8.0,spot,2.2176,0.2772,instances.vantage.sh (AWS Price List mirror)
2026-09-14,AWS,eu-central-1,g2.2xlarge,K520,1.0,ondemand,0.772,0.772,instances.vantage.sh (AWS Price List mirror)
2026-09-14,AWS,eu-central-1,g2.8xlarge,K520,4.0,ondemand,3.088,0.772,instances.vantage.sh (AWS Price List mirror)
2026-09-14,AWS,eu-central-1,g3.16xlarge,M60,4.0,ondemand,5.7,1.425,instances.vantage.sh (AWS Price List mirror)
2026-09-14,AWS,eu-central-1,g3.4xlarge,M60,1.0,ondemand,1.425,1.425,instances.vantage.sh (AWS Price List mirror)
2026-09-14,AWS,eu-central-1,g3.8xlarge,M60,2.0,ondemand,2.85,1.425,instances.vantage.sh (AWS Price List mirror)
2026-09-14,AWS,eu-central-1,g3s.xlarge,M60,1.0,ondemand,0.938,0.938,instances.vantage.sh (AWS Price List mirror)
2026-09-14,AWS,eu-central-1,g4ad.16xlarge,V520,4.0,ondemand,4.336,1.084,instances.vantage.sh (AWS Price List mirror)
2026-09-14,AWS,eu-central-1,g4ad.16xlarge,V520,4.0,spot,1.75925,0.4398125,instances.vantage.sh (AWS Price List mirror)
2026-09-14,AWS,eu-central-1,g4ad.2xlarge,V520,1.0,ondemand,0.67662,0.67662,instances.vantage.sh (AWS Price List mirror)
2026-09-14,AWS,eu-central-1,g4ad.2xlarge,V520,1.0,spot,0.2612,0.2612,instances.vantage.sh (AWS Price List mirror)
2026-09-14,AWS,eu-central-1,g4ad.4xlarge,V520,1.0,ondemand,1.084,1.084,instances.vantage.sh (AWS Price List mirror)
2026-09-14,AWS,eu-central-1,g4ad.4xlarge,V520,1.0,spot,0.52575,0.52575,instances.vantage.sh (AWS Price List mirror)
2026-09-14,AWS,eu-central-1,g4ad.8xlarge,V520,2.0,ondemand,2.168,1.084,instances.vantage.sh (AWS Price List mirror)
2026-09-14,AWS,eu-central-1,g4ad.8xlarge,V520,2.0,spot,0.91805,0.459025,instances.vantage.sh (AWS Price List mirror)
2026-09-14,AWS,eu-central-1,g4ad.xlarge,V520,1.0,ondemand,0.47327,0.47327,instances.vantage.sh (AWS Price List mirror)
2026-09-14,AWS,eu-central-1,g4ad.xlarge,V520,1.0,spot,0.10895,0.10895,instances.vantage.sh (AWS Price List mirror)
2026-09-14,AWS,eu-central-1,g4dn.12xlarge,T4,4.0,ondemand,4.89,1.2225,instances.vantage.sh (AWS Price List mirror)
2026-09-14,AWS,eu-central-1,g4dn.12xlarge,T4,4.0,spot,2.0249,0.506225,instances.vantage.sh (AWS Price List mirror)
2026-09-14,AWS,eu-central-1,g4dn.16xlarge,T4,1.0,ondemand,5.44,5.44,instances.vantage.sh (AWS Price List mirror)
2026-09-14,AWS,eu-central-1,g4dn.16xlarge,T4,1.0,spot,1.753267,1.753267,instances.vantage.sh (AWS Price List mirror)
2026-09-14,AWS,eu-central-1,g4dn.2xlarge,T4,1.0,ondemand,0.94,0.94,instances.vantage.sh (AWS Price List mirror)
2026-09-14,AWS,eu-central-1,g4dn.2xlarge,T4,1.0,spot,0.4505,0.4505,instances.vantage.sh (AWS Price List mirror)
2026-09-14,AWS,eu-central-1,g4dn.4xlarge,T4,1.0,ondemand,1.505,1.505,instances.vantage.sh (AWS Price List mirror)
2026-09-14,AWS,eu-central-1,g4dn.4xlarge,T4,1.0,spot,0.609367,0.609367,instances.vantage.sh (AWS Price List mirror)
2026-09-14,AWS,eu-central-1,g4dn.8xlarge,T4,1.0,ondemand,2.72,2.72,instances.vantage.sh (AWS Price List mirror)
2026-09-14,AWS,eu-central-1,g4dn.8xlarge,T4,1.0,spot,1.1461,1.1461,instances.vantage.sh (AWS Price List mirror)
2026-09-14,AWS,eu-central-1,g4dn.metal,T4,8.0,ondemand,9.78,1.2225,instances.vantage.sh (AWS Price List mirror)
2026-09-14,AWS,eu-central-1,g4dn.metal,T4,8.0,spot,4.488567,0.561070875,instances.vantage.sh (AWS Price List mirror)
2026-09-14,AWS,eu-central-1,g4dn.xlarge,T4,1.0,ondemand,0.658,0.658,instances.vantage.sh (AWS Price List mirror)
2026-09-14,AWS,eu-central-1,g4dn.xlarge,T4,1.0,spot,0.3078,0.3078,instances.vantage.sh (AWS Price List mirror)
2026-09-14,AWS,eu-central-1,g5.12xlarge,A10G,4.0,ondemand,7.09282,1.773205,instances.vantage.sh (AWS Price List mirror)
2026-09-14,AWS,eu-central-1,g5.12xlarge,A10G,4.0,spot,2.8742,0.71855,instances.vantage.sh (AWS Price List mirror)
2026-09-14,AWS,eu-central-1,g5.16xlarge,A10G,1.0,ondemand,5.12204,5.12204,instances.vantage.sh (AWS Price List mirror)
2026-09-14,AWS,eu-central-1,g5.16xlarge,A10G,1.0,spot,1.9866,1.9866,instances.vantage.sh (AWS Price List mirror)
2026-09-14,AWS,eu-central-1,g5.24xlarge,A10G,4.0,ondemand,10.18405,2.5460125,instances.vantage.sh (AWS Price List mirror)
2026-09-14,AWS,eu-central-1,g5.24xlarge,A10G,4.0,spot,5.893167,1.47329175,instances.vantage.sh (AWS Price List mirror)
2026-09-14,AWS,eu-central-1,g5.2xlarge,A10G,1.0,ondemand,1.5156,1.5156,instances.vantage.sh (AWS Price List mirror)
2026-09-14,AWS,eu-central-1,g5.2xlarge,A10G,1.0,spot,0.848467,0.848467,instances.vantage.sh (AWS Price List mirror)
2026-09-14,AWS,eu-central-1,g5.48xlarge,A10G,8.0,ondemand,20.3681,2.5460125,instances.vantage.sh (AWS Price List mirror)
2026-09-14,AWS,eu-central-1,g5.48xlarge,A10G,8.0,spot,20.3681,2.5460125,instances.vantage.sh (AWS Price List mirror)
2026-09-14,AWS,eu-central-1,g5.4xlarge,A10G,1.0,ondemand,2.03081,2.03081,instances.vantage.sh (AWS Price List mirror)
2026-09-14,AWS,eu-central-1,g5.4xlarge,A10G,1.0,spot,1.1795,1.1795,instances.vantage.sh (AWS Price List mirror)
2026-09-14,AWS,eu-central-1,g5.8xlarge,A10G,1.0,ondemand,3.06122,3.06122,instances.vantage.sh (AWS Price List mirror)
2026-09-14,AWS,eu-central-1,g5.8xlarge,A10G,1.0,spot,1.1608,1.1608,instances.vantage.sh (AWS Price List mirror)
2026-09-14,AWS,eu-central-1,g5.xlarge,A10G,1.0,ondemand,1.258,1.258,instances.vantage.sh (AWS Price List mirror)
2026-09-14,AWS,eu-central-1,g5.xlarge,A10G,1.0,spot,0.688867,0.688867,instances.vantage.sh (AWS Price List mirror)
2026-09-14,AWS,eu-central-1,g5g.16xlarge,T4G,2.0,ondemand,3.4326,1.7163,instances.vantage.sh (AWS Price List mirror)
2026-09-14,AWS,eu-central-1,g5g.16xlarge,T4G,2.0,spot,1.1713,0.58565,instances.vantage.sh (AWS Price List mirror)
2026-09-14,AWS,eu-central-1,g5g.2xlarge,T4G,1.0,ondemand,0.6955,0.6955,instances.vantage.sh (AWS Price List mirror)
2026-09-14,AWS,eu-central-1,g5g.2xlarge,T4G,1.0,spot,0.1826,0.1826,instances.vantage.sh (AWS Price List mirror)
2026-09-14,AWS,eu-central-1,g5g.4xlarge,T4G,1.0,ondemand,1.0358,1.0358,instances.vantage.sh (AWS Price List mirror)
2026-09-14,AWS,eu-central-1,g5g.4xlarge,T4G,1.0,spot,0.2762,0.2762,instances.vantage.sh (AWS Price List mirror)
2026-09-14,AWS,eu-central-1,g5g.8xlarge,T4G,1.0,ondemand,1.7163,1.7163,instances.vantage.sh (AWS Price List mirror)
2026-09-14,AWS,eu-central-1,g5g.8xlarge,T4G,1.0,spot,0.5871,0.5871,instances.vantage.sh (AWS Price List mirror)
2026-09-14,AWS,eu-central-1,g5g.metal,T4G,2.0,ondemand,3.4326,1.7163,instances.vantage.sh (AWS Price List mirror)
2026-09-14,AWS,eu-central-1,g5g.metal,T4G,2.0,spot,0.5762,0.2881,instances.vantage.sh (AWS Price List mirror)
2026-09-14,AWS,eu-central-1,g5g.xlarge,T4G,1.0,ondemand,0.5254,0.5254,instances.vantage.sh (AWS Price List mirror)
2026-09-14,AWS,eu-central-1,g5g.xlarge,T4G,1.0,spot,0.1134,0.1134,instances.vantage.sh (AWS Price List mirror)
2026-09-14,AWS,eu-central-1,g6.12xlarge,L4,4.0,ondemand,5.75429,1.4385725,instances.vantage.sh (AWS Price List mirror)
2026-09-14,AWS,eu-central-1,g6.12xlarge,L4,4.0,spot,2.551367,0.63784175,instances.vantage.sh (AWS Price List mirror)
2026-09-14,AWS,eu-central-1,g6.16xlarge,L4,1.0,ondemand,4.24769,4.24769,instances.vantage.sh (AWS Price List mirror)
2026-09-14,AWS,eu-central-1,g6.16xlarge,L4,1.0,spot,1.498633,1.498633,instances.vantage.sh (AWS Price List mirror)
2026-09-14,AWS,eu-central-1,g6.24xlarge,L4,4.0,ondemand,8.34732,2.08683,instances.vantage.sh (AWS Price List mirror)
2026-09-14,AWS,eu-central-1,g6.24xlarge,L4,4.0,spot,3.1536,0.7884,instances.vantage.sh (AWS Price List mirror)
2026-09-14,AWS,eu-central-1,g6.2xlarge,L4,1.0,ondemand,1.22249,1.22249,instances.vantage.sh (AWS Price List mirror)
2026-09-14,AWS,eu-central-1,g6.2xlarge,L4,1.0,spot,0.5282,0.5282,instances.vantage.sh (AWS Price List mirror)
2026-09-14,AWS,eu-central-1,g6.48xlarge,L4,8.0,ondemand,16.69464,2.08683,instances.vantage.sh (AWS Price List mirror)
2026-09-14,AWS,eu-central-1,g6.48xlarge,L4,8.0,spot,6.526933,0.815866625,instances.vantage.sh (AWS Price List mirror)
2026-09-14,AWS,eu-central-1,g6.4xlarge,L4,1.0,ondemand,1.65466,1.65466,instances.vantage.sh (AWS Price List mirror)
2026-09-14,AWS,eu-central-1,g6.4xlarge,L4,1.0,spot,0.640967,0.640967,instances.vantage.sh (AWS Price List mirror)
2026-09-14,AWS,eu-central-1,g6.8xlarge,L4,1.0,ondemand,2.519,2.519,instances.vantage.sh (AWS Price List mirror)
2026-09-14,AWS,eu-central-1,g6.8xlarge,L4,1.0,spot,0.9405,0.9405,instances.vantage.sh (AWS Price List mirror)
2026-09-14,AWS,eu-central-1,g6.xlarge,L4,1.0,ondemand,1.0064,1.0064,instances.vantage.sh (AWS Price List mirror)
2026-09-14,AWS,eu-central-1,g6.xlarge,L4,1.0,spot,0.476133,0.476133,instances.vantage.sh (AWS Price List mirror)
2026-09-14,AWS,eu-central-1,g6e.12xlarge,L40S,4.0,ondemand,13.12002,3.280005,instances.vantage.sh (AWS Price List mirror)
2026-09-14,AWS,eu-central-1,g6e.12xlarge,L40S,4.0,spot,10.0095,2.502375,instances.vantage.sh (AWS Price List mirror)
2026-09-14,AWS,eu-central-1,g6e.16xlarge,L40S,1.0,ondemand,9.47454,9.47454,instances.vantage.sh (AWS Price List mirror)
2026-09-14,AWS,eu-central-1,g6e.16xlarge,L40S,1.0,spot,2.361233,2.361233,instances.vantage.sh (AWS Price List mirror)
2026-09-14,AWS,eu-central-1,g6e.24xlarge,L40S,4.0,ondemand,18.83806,4.709515,instances.vantage.sh (AWS Price List mirror)
2026-09-14,AWS,eu-central-1,g6e.24xlarge,L40S,4.0,spot,15.077767,3.76944175,instances.vantage.sh (AWS Price List mirror)
2026-09-14,AWS,eu-central-1,g6e.2xlarge,L40S,1.0,ondemand,2.8035,2.8035,instances.vantage.sh (AWS Price List mirror)
2026-09-14,AWS,eu-central-1,g6e.2xlarge,L40S,1.0,spot,2.2174,2.2174,instances.vantage.sh (AWS Price List mirror)
2026-09-14,AWS,eu-central-1,g6e.48xlarge,L40S,8.0,ondemand,37.67612,4.709515,instances.vantage.sh (AWS Price List mirror)
2026-09-14,AWS,eu-central-1,g6e.48xlarge,L40S,8.0,spot,37.6761,4.7095125,instances.vantage.sh (AWS Price List mirror)
2026-09-14,AWS,eu-central-1,g6e.4xlarge,L40S,1.0,ondemand,3.75651,3.75651,instances.vantage.sh (AWS Price List mirror)
2026-09-14,AWS,eu-central-1,g6e.4xlarge,L40S,1.0,spot,1.247433,1.247433,instances.vantage.sh (AWS Price List mirror)
2026-09-14,AWS,eu-central-1,g6e.8xlarge,L40S,1.0,ondemand,5.66252,5.66252,instances.vantage.sh (AWS Price List mirror)
2026-09-14,AWS,eu-central-1,g6e.8xlarge,L40S,1.0,spot,3.700133,3.700133,instances.vantage.sh (AWS Price List mirror)
2026-09-14,AWS,eu-central-1,g6e.xlarge,L40S,1.0,ondemand,2.327,2.327,instances.vantage.sh (AWS Price List mirror)
2026-09-14,AWS,eu-central-1,g6e.xlarge,L40S,1.0,spot,2.1315,2.1315,instances.vantage.sh (AWS Price List mirror)
2026-09-14,AWS,eu-central-1,g6f.2xlarge,L4,0.25,ondemand,0.594,2.376,instances.vantage.sh (AWS Price List mirror)
2026-09-14,AWS,eu-central-1,g6f.2xlarge,L4,0.25,spot,0.21505,0.8602,instances.vantage.sh (AWS Price List mirror)
2026-09-14,AWS,eu-central-1,g6f.4xlarge,L4,0.5,ondemand,1.188,2.376,instances.vantage.sh (AWS Price List mirror)
2026-09-14,AWS,eu-central-1,g6f.4xlarge,L4,0.5,spot,0.46875,0.9375,instances.vantage.sh (AWS Price List mirror)
2026-09-14,AWS,eu-central-1,g6f.large,L4,0.125,ondemand,0.25261,2.02088,instances.vantage.sh (AWS Price List mirror)
2026-09-14,AWS,eu-central-1,g6f.large,L4,0.125,spot,0.07825,0.626,instances.vantage.sh (AWS Price List mirror)
2026-09-14,AWS,eu-central-1,g6f.xlarge,L4,0.125,ondemand,0.297,2.376,instances.vantage.sh (AWS Price List mirror)
2026-09-14,AWS,eu-central-1,g6f.xlarge,L4,0.125,spot,0.1158,0.9264,instances.vantage.sh (AWS Price List mirror)
2026-09-14,AWS,eu-central-1,g7e.12xlarge,NVIDIA RTX PRO 6000 Blackwell,2.0,ondemand,14.09088,7.04544,instances.vantage.sh (AWS Price List mirror)
2026-09-14,AWS,eu-central-1,g7e.12xlarge,NVIDIA RTX PRO 6000 Blackwell,2.0,spot,5.06835,2.534175,instances.vantage.sh (AWS Price List mirror)
2026-09-14,AWS,eu-central-1,g7e.24xlarge,NVIDIA RTX PRO 6000 Blackwell,4.0,ondemand,28.18177,7.0454425,instances.vantage.sh (AWS Price List mirror)
2026-09-14,AWS,eu-central-1,g7e.24xlarge,NVIDIA RTX PRO 6000 Blackwell,4.0,spot,11.6406,2.91015,instances.vantage.sh (AWS Price List mirror)
2026-09-14,AWS,eu-central-1,g7e.2xlarge,NVIDIA RTX PRO 6000 Blackwell,1.0,ondemand,5.71915,5.71915,instances.vantage.sh (AWS Price List mirror)
2026-09-14,AWS,eu-central-1,g7e.2xlarge,NVIDIA RTX PRO 6000 Blackwell,1.0,spot,2.44925,2.44925,instances.vantage.sh (AWS Price List mirror)
2026-09-14,AWS,eu-central-1,g7e.48xlarge,NVIDIA RTX PRO 6000 Blackwell,8.0,ondemand,56.36354,7.0454425,instances.vantage.sh (AWS Price List mirror)
2026-09-14,AWS,eu-central-1,g7e.48xlarge,NVIDIA RTX PRO 6000 Blackwell,8.0,spot,21.285,2.660625,instances.vantage.sh (AWS Price List mirror)
2026-09-14,AWS,eu-central-1,g7e.4xlarge,NVIDIA RTX PRO 6000 Blackwell,1.0,ondemand,6.79907,6.79907,instances.vantage.sh (AWS Price List mirror)
2026-09-14,AWS,eu-central-1,g7e.4xlarge,NVIDIA RTX PRO 6000 Blackwell,1.0,spot,2.8303,2.8303,instances.vantage.sh (AWS Price List mirror)
2026-09-14,AWS,eu-central-1,g7e.8xlarge,NVIDIA RTX PRO 6000 Blackwell,1.0,ondemand,8.9589,8.9589,instances.vantage.sh (AWS Price List mirror)
2026-09-14,AWS,eu-central-1,g7e.8xlarge,NVIDIA RTX PRO 6000 Blackwell,1.0,spot,2.6555,2.6555,instances.vantage.sh (AWS Price List mirror)
2026-09-14,AWS,eu-central-1,gr6.4xlarge,L4,1.0,ondemand,1.9248,1.9248,instances.vantage.sh (AWS Price List mirror)
2026-09-14,AWS,eu-central-1,gr6.4xlarge,L4,1.0,spot,0.7396,0.7396,instances.vantage.sh (AWS Price List mirror)
2026-09-14,AWS,eu-central-1,gr6.8xlarge,L4,1.0,ondemand,3.05927,3.05927,instances.vantage.sh (AWS Price List mirror)
2026-09-14,AWS,eu-central-1,gr6.8xlarge,L4,1.0,spot,1.0339,1.0339,instances.vantage.sh (AWS Price List mirror)
2026-09-14,AWS,eu-central-1,gr6f.4xlarge,L4,0.5,ondemand,1.33305,2.6661,instances.vantage.sh (AWS Price List mirror)
2026-09-14,AWS,eu-central-1,gr6f.4xlarge,L4,0.5,spot,0.4835,0.967,instances.vantage.sh (AWS Price List mirror)
2026-09-14,AWS,eu-central-1,p2.16xlarge,K80,16.0,ondemand,21.216,1.326,instances.vantage.sh (AWS Price List mirror)
2026-09-14,AWS,eu-central-1,p2.8xlarge,K80,8.0,ondemand,10.608,1.326,instances.vantage.sh (AWS Price List mirror)
2026-09-14,AWS,eu-central-1,p2.xlarge,K80,1.0,ondemand,1.326,1.326,instances.vantage.sh (AWS Price List mirror)
2026-09-14,AWS,eu-central-1,p3.16xlarge,V100,8.0,ondemand,30.584,3.823,instances.vantage.sh (AWS Price List mirror)
2026-09-14,AWS,eu-central-1,p3.16xlarge,V100,8.0,spot,20.49128,2.56141,instances.vantage.sh (AWS Price List mirror)
2026-09-14,AWS,eu-central-1,p3.2xlarge,V100,1.0,ondemand,3.823,3.823,instances.vantage.sh (AWS Price List mirror)
2026-09-14,AWS,eu-central-1,p3.2xlarge,V100,1.0,spot,0.95575,0.95575,instances.vantage.sh (AWS Price List mirror)
2026-09-14,AWS,eu-central-1,p3.8xlarge,V100,4.0,ondemand,15.292,3.823,instances.vantage.sh (AWS Price List mirror)
2026-09-14,AWS,eu-central-1,p3.8xlarge,V100,4.0,spot,11.31608,2.82902,instances.vantage.sh (AWS Price List mirror)
2026-09-14,AWS,eu-central-1,p4d.24xlarge,A100,8.0,ondemand,27.43298,3.4291225,instances.vantage.sh (AWS Price List mirror)
2026-09-14,AWS,eu-central-1,p4d.24xlarge,A100,8.0,spot,21.774833,2.721854125,instances.vantage.sh (AWS Price List mirror)
2026-09-14,AWS,eu-central-1,p4de.24xlarge,A100,8.0,ondemand,34.29122,4.2864025,instances.vantage.sh (AWS Price List mirror)
2026-09-14,AWS,eu-central-1,p4de.24xlarge,A100,8.0,spot,34.2912,4.2864,instances.vantage.sh (AWS Price List mirror)
2026-09-14,AWS,eu-central-1-ham-1,g4dn.2xlarge,T4,1.0,ondemand,1.363,1.363,instances.vantage.sh (AWS Price List mirror)
2026-09-14,AWS,eu-central-1-waw-1,g4dn.2xlarge,T4,1.0,ondemand,1.175,1.175,instances.vantage.sh (AWS Price List mirror)
2026-09-14,AWS,eu-central-1-wl1-ber1,g4dn.2xlarge,T4,1.0,ondemand,1.222,1.222,instances.vantage.sh (AWS Price List mirror)
2026-09-14,AWS,eu-central-1-wl1-dtm1,g4dn.2xlarge,T4,1.0,ondemand,1.222,1.222,instances.vantage.sh (AWS Price List mirror)
2026-09-14,AWS,eu-central-1-wl1-muc1,g4dn.2xlarge,T4,1.0,ondemand,1.222,1.222,instances.vantage.sh (AWS Price List mirror)
2026-09-14,AWS,eu-central-2,g6.12xlarge,L4,4.0,ondemand,6.2037,1.550925,instances.vantage.sh (AWS Price List mirror)
2026-09-14,AWS,eu-central-2,g6.12xlarge,L4,4.0,spot,1.799073,0.44976825,instances.vantage.sh (AWS Price List mirror)
2026-09-14,AWS,eu-central-2,g6.16xlarge,L4,1.0,ondemand,4.57943,4.57943,instances.vantage.sh (AWS Price List mirror)
2026-09-14,AWS,eu-central-2,g6.16xlarge,L4,1.0,spot,0.870092,0.870092,instances.vantage.sh (AWS Price List mirror)
2026-09-14,AWS,eu-central-2,g6.24xlarge,L4,4.0,ondemand,8.99924,2.24981,instances.vantage.sh (AWS Price List mirror)
2026-09-14,AWS,eu-central-2,g6.24xlarge,L4,4.0,spot,1.88984,0.47246,instances.vantage.sh (AWS Price List mirror)
2026-09-14,AWS,eu-central-2,g6.2xlarge,L4,1.0,ondemand,1.31796,1.31796,instances.vantage.sh (AWS Price List mirror)
2026-09-14,AWS,eu-central-2,g6.2xlarge,L4,1.0,spot,0.382208,0.382208,instances.vantage.sh (AWS Price List mirror)
2026-09-14,AWS,eu-central-2,g6.48xlarge,L4,8.0,ondemand,17.99849,2.24981125,instances.vantage.sh (AWS Price List mirror)
2026-09-14,AWS,eu-central-2,g6.48xlarge,L4,8.0,spot,3.599698,0.44996225,instances.vantage.sh (AWS Price List mirror)
2026-09-14,AWS,eu-central-2,g6.4xlarge,L4,1.0,ondemand,1.78389,1.78389,instances.vantage.sh (AWS Price List mirror)
2026-09-14,AWS,eu-central-2,g6.4xlarge,L4,1.0,spot,0.48165,0.48165,instances.vantage.sh (AWS Price List mirror)
2026-09-14,AWS,eu-central-2,g6.8xlarge,L4,1.0,ondemand,2.71574,2.71574,instances.vantage.sh (AWS Price List mirror)
2026-09-14,AWS,eu-central-2,g6.8xlarge,L4,1.0,spot,0.570305,0.570305,instances.vantage.sh (AWS Price List mirror)
2026-09-14,AWS,eu-central-2,g6.xlarge,L4,1.0,ondemand,1.085,1.085,instances.vantage.sh (AWS Price List mirror)
2026-09-14,AWS,eu-central-2,g6.xlarge,L4,1.0,spot,0.22785,0.22785,instances.vantage.sh (AWS Price List mirror)
2026-09-14,AWS,eu-central-2,gr6.4xlarge,L4,1.0,ondemand,2.1649,2.1649,instances.vantage.sh (AWS Price List mirror)
2026-09-14,AWS,eu-central-2,gr6.4xlarge,L4,1.0,spot,0.454629,0.454629,instances.vantage.sh (AWS Price List mirror)
2026-09-14,AWS,eu-central-2,gr6.8xlarge,L4,1.0,ondemand,3.44089,3.44089,instances.vantage.sh (AWS Price List mirror)
2026-09-14,AWS,eu-central-2,gr6.8xlarge,L4,1.0,spot,0.722587,0.722587,instances.vantage.sh (AWS Price List mirror)
2026-09-14,AWS,eu-north-1,g4dn.12xlarge,T4,4.0,ondemand,4.15,1.0375,instances.vantage.sh (AWS Price List mirror)
2026-09-14,AWS,eu-north-1,g4dn.12xlarge,T4,4.0,spot,1.4673,0.366825,instances.vantage.sh (AWS Price List mirror)
2026-09-14,AWS,eu-north-1,g4dn.16xlarge,T4,1.0,ondemand,4.617,4.617,instances.vantage.sh (AWS Price List mirror)
2026-09-14,AWS,eu-north-1,g4dn.16xlarge,T4,1.0,spot,0.595467,0.595467,instances.vantage.sh (AWS Price List mirror)
2026-09-14,AWS,eu-north-1,g4dn.2xlarge,T4,1.0,ondemand,0.798,0.798,instances.vantage.sh (AWS Price List mirror)
2026-09-14,AWS,eu-north-1,g4dn.2xlarge,T4,1.0,spot,0.129467,0.129467,instances.vantage.sh (AWS Price List mirror)
2026-09-14,AWS,eu-north-1,g4dn.4xlarge,T4,1.0,ondemand,1.277,1.277,instances.vantage.sh (AWS Price List mirror)
2026-09-14,AWS,eu-north-1,g4dn.4xlarge,T4,1.0,spot,0.283633,0.283633,instances.vantage.sh (AWS Price List mirror)
2026-09-14,AWS,eu-north-1,g4dn.8xlarge,T4,1.0,ondemand,2.308,2.308,instances.vantage.sh (AWS Price List mirror)
2026-09-14,AWS,eu-north-1,g4dn.8xlarge,T4,1.0,spot,0.324867,0.324867,instances.vantage.sh (AWS Price List mirror)
2026-09-14,AWS,eu-north-1,g4dn.metal,T4,8.0,ondemand,8.3,1.0375,instances.vantage.sh (AWS Price List mirror)
2026-09-14,AWS,eu-north-1,g4dn.metal,T4,8.0,spot,2.5485,0.3185625,instances.vantage.sh (AWS Price List mirror)
2026-09-14,AWS,eu-north-1,g4dn.xlarge,T4,1.0,ondemand,0.558,0.558,instances.vantage.sh (AWS Price List mirror)
2026-09-14,AWS,eu-north-1,g4dn.xlarge,T4,1.0,spot,0.1199,0.1199,instances.vantage.sh (AWS Price List mirror)
2026-09-14,AWS,eu-north-1,g5.12xlarge,A10G,4.0,ondemand,6.01593,1.5039825,instances.vantage.sh (AWS Price List mirror)
2026-09-14,AWS,eu-north-1,g5.12xlarge,A10G,4.0,spot,1.5109,0.377725,instances.vantage.sh (AWS Price List mirror)
2026-09-14,AWS,eu-north-1,g5.16xlarge,A10G,1.0,ondemand,4.34437,4.34437,instances.vantage.sh (AWS Price List mirror)
2026-09-14,AWS,eu-north-1,g5.16xlarge,A10G,1.0,spot,0.618,0.618,instances.vantage.sh (AWS Price List mirror)
2026-09-14,AWS,eu-north-1,g5.24xlarge,A10G,4.0,ondemand,8.63782,2.159455,instances.vantage.sh (AWS Price List mirror)
2026-09-14,AWS,eu-north-1,g5.24xlarge,A10G,4.0,spot,2.09165,0.5229125,instances.vantage.sh (AWS Price List mirror)
2026-09-14,AWS,eu-north-1,g5.2xlarge,A10G,1.0,ondemand,1.28549,1.28549,instances.vantage.sh (AWS Price List mirror)
2026-09-14,AWS,eu-north-1,g5.2xlarge,A10G,1.0,spot,0.30825,0.30825,instances.vantage.sh (AWS Price List mirror)
2026-09-14,AWS,eu-north-1,g5.48xlarge,A10G,8.0,ondemand,17.27564,2.159455,instances.vantage.sh (AWS Price List mirror)
2026-09-14,AWS,eu-north-1,g5.48xlarge,A10G,8.0,spot,4.11085,0.51385625,instances.vantage.sh (AWS Price List mirror)
2026-09-14,AWS,eu-north-1,g5.4xlarge,A10G,1.0,ondemand,1.72247,1.72247,instances.vantage.sh (AWS Price List mirror)
2026-09-14,AWS,eu-north-1,g5.4xlarge,A10G,1.0,spot,0.4082,0.4082,instances.vantage.sh (AWS Price List mirror)
2026-09-14,AWS,eu-north-1,g5.8xlarge,A10G,1.0,ondemand,2.59644,2.59644,instances.vantage.sh (AWS Price List mirror)
2026-09-14,AWS,eu-north-1,g5.8xlarge,A10G,1.0,spot,0.6321,0.6321,instances.vantage.sh (AWS Price List mirror)
2026-09-14,AWS,eu-north-1,g5.xlarge,A10G,1.0,ondemand,1.067,1.067,instances.vantage.sh (AWS Price List mirror)
2026-09-14,AWS,eu-north-1,g5.xlarge,A10G,1.0,spot,0.2688,0.2688,instances.vantage.sh (AWS Price List mirror)
2026-09-14,AWS,eu-north-1,g6.12xlarge,L4,4.0,ondemand,4.88062,1.220155,instances.vantage.sh (AWS Price List mirror)
2026-09-14,AWS,eu-north-1,g6.12xlarge,L4,4.0,spot,1.31045,0.3276125,instances.vantage.sh (AWS Price List mirror)
2026-09-14,AWS,eu-north-1,g6.16xlarge,L4,1.0,ondemand,3.60277,3.60277,instances.vantage.sh (AWS Price List mirror)
2026-09-14,AWS,eu-north-1,g6.16xlarge,L4,1.0,spot,0.813,0.813,instances.vantage.sh (AWS Price List mirror)
2026-09-14,AWS,eu-north-1,g6.24xlarge,L4,4.0,ondemand,7.07996,1.76999,instances.vantage.sh (AWS Price List mirror)
2026-09-14,AWS,eu-north-1,g6.24xlarge,L4,4.0,spot,1.94825,0.4870625,instances.vantage.sh (AWS Price List mirror)
2026-09-14,AWS,eu-north-1,g6.2xlarge,L4,1.0,ondemand,1.03688,1.03688,instances.vantage.sh (AWS Price List mirror)
2026-09-14,AWS,eu-north-1,g6.2xlarge,L4,1.0,spot,0.1875,0.1875,instances.vantage.sh (AWS Price List mirror)
2026-09-14,AWS,eu-north-1,g6.48xlarge,L4,8.0,ondemand,14.15992,1.76999,instances.vantage.sh (AWS Price List mirror)
2026-09-14,AWS,eu-north-1,g6.48xlarge,L4,8.0,spot,2.2597,0.2824625,instances.vantage.sh (AWS Price List mirror)
2026-09-14,AWS,eu-north-1,g6.4xlarge,L4,1.0,ondemand,1.40343,1.40343,instances.vantage.sh (AWS Price List mirror)
2026-09-14,AWS,eu-north-1,g6.4xlarge,L4,1.0,spot,0.21735,0.21735,instances.vantage.sh (AWS Price List mirror)
2026-09-14,AWS,eu-north-1,g6.8xlarge,L4,1.0,ondemand,2.13655,2.13655,instances.vantage.sh (AWS Price List mirror)
2026-09-14,AWS,eu-north-1,g6.8xlarge,L4,1.0,spot,0.5452,0.5452,instances.vantage.sh (AWS Price List mirror)
2026-09-14,AWS,eu-north-1,g6.xlarge,L4,1.0,ondemand,0.8536,0.8536,instances.vantage.sh (AWS Price List mirror)
2026-09-14,AWS,eu-north-1,g6.xlarge,L4,1.0,spot,0.2027,0.2027,instances.vantage.sh (AWS Price List mirror)
2026-09-14,AWS,eu-north-1,g6e.12xlarge,L40S,4.0,ondemand,11.12975,2.7824375,instances.vantage.sh (AWS Price List mirror)
2026-09-14,AWS,eu-north-1,g6e.12xlarge,L40S,4.0,spot,6.375,1.59375,instances.vantage.sh (AWS Price List mirror)
2026-09-14,AWS,eu-north-1,g6e.16xlarge,L40S,1.0,ondemand,8.03728,8.03728,instances.vantage.sh (AWS Price List mirror)
2026-09-14,AWS,eu-north-1,g6e.16xlarge,L40S,1.0,spot,2.75465,2.75465,instances.vantage.sh (AWS Price List mirror)
2026-09-14,AWS,eu-north-1,g6e.24xlarge,L40S,4.0,ondemand,15.98037,3.9950925,instances.vantage.sh (AWS Price List mirror)
2026-09-14,AWS,eu-north-1,g6e.24xlarge,L40S,4.0,spot,9.97495,2.4937375,instances.vantage.sh (AWS Price List mirror)
2026-09-14,AWS,eu-north-1,g6e.2xlarge,L40S,1.0,ondemand,2.37822,2.37822,instances.vantage.sh (AWS Price List mirror)
2026-09-14,AWS,eu-north-1,g6e.2xlarge,L40S,1.0,spot,1.1025,1.1025,instances.vantage.sh (AWS Price List mirror)
2026-09-14,AWS,eu-north-1,g6e.48xlarge,L40S,8.0,ondemand,31.96075,3.99509375,instances.vantage.sh (AWS Price List mirror)
2026-09-14,AWS,eu-north-1,g6e.48xlarge,L40S,8.0,spot,18.6476,2.33095,instances.vantage.sh (AWS Price List mirror)
2026-09-14,AWS,eu-north-1,g6e.4xlarge,L40S,1.0,ondemand,3.18666,3.18666,instances.vantage.sh (AWS Price List mirror)
2026-09-14,AWS,eu-north-1,g6e.4xlarge,L40S,1.0,spot,1.22975,1.22975,instances.vantage.sh (AWS Price List mirror)
2026-09-14,AWS,eu-north-1,g6e.8xlarge,L40S,1.0,ondemand,4.80353,4.80353,instances.vantage.sh (AWS Price List mirror)
2026-09-14,AWS,eu-north-1,g6e.8xlarge,L40S,1.0,spot,1.4564,1.4564,instances.vantage.sh (AWS Price List mirror)
2026-09-14,AWS,eu-north-1,g6e.xlarge,L40S,1.0,ondemand,1.974,1.974,instances.vantage.sh (AWS Price List mirror)
2026-09-14,AWS,eu-north-1,g6e.xlarge,L40S,1.0,spot,0.65785,0.65785,instances.vantage.sh (AWS Price List mirror)
2026-09-14,AWS,eu-north-1,g6f.2xlarge,L4,0.25,ondemand,0.50379,2.01516,instances.vantage.sh (AWS Price List mirror)
2026-09-14,AWS,eu-north-1,g6f.2xlarge,L4,0.25,spot,0.09985,0.3994,instances.vantage.sh (AWS Price List mirror)
2026-09-14,AWS,eu-north-1,g6f.4xlarge,L4,0.5,ondemand,1.00758,2.01516,instances.vantage.sh (AWS Price List mirror)
2026-09-14,AWS,eu-north-1,g6f.4xlarge,L4,0.5,spot,0.15105,0.3021,instances.vantage.sh (AWS Price List mirror)
2026-09-14,AWS,eu-north-1,g6f.large,L4,0.125,ondemand,0.21424,1.71392,instances.vantage.sh (AWS Price List mirror)
2026-09-14,AWS,eu-north-1,g6f.large,L4,0.125,spot,0.023,0.184,instances.vantage.sh (AWS Price List mirror)
2026-09-14,AWS,eu-north-1,g6f.xlarge,L4,0.125,ondemand,0.2519,2.0152,instances.vantage.sh (AWS Price List mirror)
2026-09-14,AWS,eu-north-1,g6f.xlarge,L4,0.125,spot,0.0505,0.404,instances.vantage.sh (AWS Price List mirror)
2026-09-14,AWS,eu-north-1,g7e.12xlarge,NVIDIA RTX PRO 6000 Blackwell,2.0,ondemand,11.95333,5.976665,instances.vantage.sh (AWS Price List mirror)
2026-09-14,AWS,eu-north-1,g7e.12xlarge,NVIDIA RTX PRO 6000 Blackwell,2.0,spot,2.7396,1.3698,instances.vantage.sh (AWS Price List mirror)
2026-09-14,AWS,eu-north-1,g7e.24xlarge,NVIDIA RTX PRO 6000 Blackwell,4.0,ondemand,23.90667,5.9766675,instances.vantage.sh (AWS Price List mirror)
2026-09-14,AWS,eu-north-1,g7e.24xlarge,NVIDIA RTX PRO 6000 Blackwell,4.0,spot,13.0358,3.25895,instances.vantage.sh (AWS Price List mirror)
2026-09-14,AWS,eu-north-1,g7e.2xlarge,NVIDIA RTX PRO 6000 Blackwell,1.0,ondemand,4.85157,4.85157,instances.vantage.sh (AWS Price List mirror)
2026-09-14,AWS,eu-north-1,g7e.2xlarge,NVIDIA RTX PRO 6000 Blackwell,1.0,spot,1.28205,1.28205,instances.vantage.sh (AWS Price List mirror)
2026-09-14,AWS,eu-north-1,g7e.48xlarge,NVIDIA RTX PRO 6000 Blackwell,8.0,ondemand,47.81334,5.9766675,instances.vantage.sh (AWS Price List mirror)
2026-09-14,AWS,eu-north-1,g7e.48xlarge,NVIDIA RTX PRO 6000 Blackwell,8.0,spot,19.40655,2.42581875,instances.vantage.sh (AWS Price List mirror)
2026-09-14,AWS,eu-north-1,g7e.4xlarge,NVIDIA RTX PRO 6000 Blackwell,1.0,ondemand,5.76767,5.76767,instances.vantage.sh (AWS Price List mirror)
2026-09-14,AWS,eu-north-1,g7e.4xlarge,NVIDIA RTX PRO 6000 Blackwell,1.0,spot,3.48155,3.48155,instances.vantage.sh (AWS Price List mirror)
2026-09-14,AWS,eu-north-1,g7e.8xlarge,NVIDIA RTX PRO 6000 Blackwell,1.0,ondemand,7.59986,7.59986,instances.vantage.sh (AWS Price List mirror)
2026-09-14,AWS,eu-north-1,g7e.8xlarge,NVIDIA RTX PRO 6000 Blackwell,1.0,spot,1.65195,1.65195,instances.vantage.sh (AWS Price List mirror)
2026-09-14,AWS,eu-north-1,gr6.4xlarge,L4,1.0,ondemand,1.6326,1.6326,instances.vantage.sh (AWS Price List mirror)
2026-09-14,AWS,eu-north-1,gr6.4xlarge,L4,1.0,spot,0.26745,0.26745,instances.vantage.sh (AWS Price List mirror)
2026-09-14,AWS,eu-north-1,gr6.8xlarge,L4,1.0,ondemand,2.59485,2.59485,instances.vantage.sh (AWS Price List mirror)
2026-09-14,AWS,eu-north-1,gr6.8xlarge,L4,1.0,spot,0.4173,0.4173,instances.vantage.sh (AWS Price List mirror)
2026-09-14,AWS,eu-north-1,gr6f.4xlarge,L4,0.5,ondemand,1.13069,2.26138,instances.vantage.sh (AWS Price List mirror)
2026-09-14,AWS,eu-north-1,gr6f.4xlarge,L4,0.5,spot,0.18315,0.3663,instances.vantage.sh (AWS Price List mirror)
2026-09-14,AWS,eu-north-1,p4d.24xlarge,A100,8.0,ondemand,23.71569,2.96446125,instances.vantage.sh (AWS Price List mirror)
2026-09-14,AWS,eu-north-1,p4d.24xlarge,A100,8.0,spot,2.6399,0.3299875,instances.vantage.sh (AWS Price List mirror)
2026-09-14,AWS,eu-north-1,p5.48xlarge,H100,8.0,ondemand,58.8928,7.3616,instances.vantage.sh (AWS Price List mirror)
2026-09-14,AWS,eu-north-1,p5.48xlarge,H100,8.0,spot,13.4317,1.6789625,instances.vantage.sh (AWS Price List mirror)
2026-09-14,AWS,eu-north-1,p5en.48xlarge,H200,8.0,ondemand,67.72672,8.46584,instances.vantage.sh (AWS Price List mirror)
2026-09-14,AWS,eu-north-1,p5en.48xlarge,H200,8.0,spot,60.77535,7.59691875,instances.vantage.sh (AWS Price List mirror)
2026-09-14,AWS,eu-north-1,p6-b200.48xlarge,B200,8.0,ondemand,143.24201,17.90525125,instances.vantage.sh (AWS Price List mirror)
2026-09-14,AWS,eu-north-1-cph-1,g4dn.2xlarge,T4,1.0,ondemand,1.157,1.157,instances.vantage.sh (AWS Price List mirror)
2026-09-14,AWS,eu-north-1-hel-1,g4dn.2xlarge,T4,1.0,ondemand,0.997,0.997,instances.vantage.sh (AWS Price List mirror)
2026-09-14,AWS,eu-south-1,g4dn.12xlarge,T4,4.0,ondemand,4.58,1.145,instances.vantage.sh (AWS Price List mirror)
2026-09-14,AWS,eu-south-1,g4dn.12xlarge,T4,4.0,spot,2.1068,0.5267,instances.vantage.sh (AWS Price List mirror)
2026-09-14,AWS,eu-south-1,g4dn.16xlarge,T4,1.0,ondemand,5.095,5.095,instances.vantage.sh (AWS Price List mirror)
2026-09-14,AWS,eu-south-1,g4dn.16xlarge,T4,1.0,spot,0.5095,0.5095,instances.vantage.sh (AWS Price List mirror)
2026-09-14,AWS,eu-south-1,g4dn.2xlarge,T4,1.0,ondemand,0.88,0.88,instances.vantage.sh (AWS Price List mirror)
2026-09-14,AWS,eu-south-1,g4dn.2xlarge,T4,1.0,spot,0.1232,0.1232,instances.vantage.sh (AWS Price List mirror)
2026-09-14,AWS,eu-south-1,g4dn.4xlarge,T4,1.0,ondemand,1.41,1.41,instances.vantage.sh (AWS Price List mirror)
2026-09-14,AWS,eu-south-1,g4dn.4xlarge,T4,1.0,spot,0.3102,0.3102,instances.vantage.sh (AWS Price List mirror)
2026-09-14,AWS,eu-south-1,g4dn.8xlarge,T4,1.0,ondemand,2.547,2.547,instances.vantage.sh (AWS Price List mirror)
2026-09-14,AWS,eu-south-1,g4dn.8xlarge,T4,1.0,spot,0.2547,0.2547,instances.vantage.sh (AWS Price List mirror)
2026-09-14,AWS,eu-south-1,g4dn.metal,T4,8.0,ondemand,9.16,1.145,instances.vantage.sh (AWS Price List mirror)
2026-09-14,AWS,eu-south-1,g4dn.metal,T4,8.0,spot,2.8396,0.35495,instances.vantage.sh (AWS Price List mirror)
2026-09-14,AWS,eu-south-1,g4dn.xlarge,T4,1.0,ondemand,0.616,0.616,instances.vantage.sh (AWS Price List mirror)
2026-09-14,AWS,eu-south-1,g4dn.xlarge,T4,1.0,spot,0.08008,0.08008,instances.vantage.sh (AWS Price List mirror)
2026-09-14,AWS,eu-south-2,g5.12xlarge,A10G,4.0,ondemand,5.97646,1.494115,instances.vantage.sh (AWS Price List mirror)
2026-09-14,AWS,eu-south-2,g5.16xlarge,A10G,1.0,ondemand,4.31586,4.31586,instances.vantage.sh (AWS Price List mirror)
2026-09-14,AWS,eu-south-2,g5.24xlarge,A10G,4.0,ondemand,8.58115,2.1452875,instances.vantage.sh (AWS Price List mirror)
2026-09-14,AWS,eu-south-2,g5.2xlarge,A10G,1.0,ondemand,1.27706,1.27706,instances.vantage.sh (AWS Price List mirror)
2026-09-14,AWS,eu-south-2,g5.48xlarge,A10G,8.0,ondemand,17.16231,2.14528875,instances.vantage.sh (AWS Price List mirror)
2026-09-14,AWS,eu-south-2,g5.4xlarge,A10G,1.0,ondemand,1.71117,1.71117,instances.vantage.sh (AWS Price List mirror)
2026-09-14,AWS,eu-south-2,g5.8xlarge,A10G,1.0,ondemand,2.5794,2.5794,instances.vantage.sh (AWS Price List mirror)
2026-09-14,AWS,eu-south-2,g5.xlarge,A10G,1.0,ondemand,1.06,1.06,instances.vantage.sh (AWS Price List mirror)
2026-09-14,AWS,eu-south-2,g5g.16xlarge,T4G,2.0,ondemand,3.0622,1.5311,instances.vantage.sh (AWS Price List mirror)
2026-09-14,AWS,eu-south-2,g5g.16xlarge,T4G,2.0,spot,0.30622,0.15311,instances.vantage.sh (AWS Price List mirror)
2026-09-14,AWS,eu-south-2,g5g.2xlarge,T4G,1.0,ondemand,0.6205,0.6205,instances.vantage.sh (AWS Price List mirror)
2026-09-14,AWS,eu-south-2,g5g.2xlarge,T4G,1.0,spot,0.093075,0.093075,instances.vantage.sh (AWS Price List mirror)
2026-09-14,AWS,eu-south-2,g5g.4xlarge,T4G,1.0,ondemand,0.924,0.924,instances.vantage.sh (AWS Price List mirror)
2026-09-14,AWS,eu-south-2,g5g.4xlarge,T4G,1.0,spot,0.11088,0.11088,instances.vantage.sh (AWS Price List mirror)
2026-09-14,AWS,eu-south-2,g5g.8xlarge,T4G,1.0,ondemand,1.5311,1.5311,instances.vantage.sh (AWS Price List mirror)
2026-09-14,AWS,eu-south-2,g5g.8xlarge,T4G,1.0,spot,0.168421,0.168421,instances.vantage.sh (AWS Price List mirror)
2026-09-14,AWS,eu-south-2,g5g.metal,T4G,2.0,ondemand,3.0622,1.5311,instances.vantage.sh (AWS Price List mirror)
2026-09-14,AWS,eu-south-2,g5g.metal,T4G,2.0,spot,0.30622,0.15311,instances.vantage.sh (AWS Price List mirror)
2026-09-14,AWS,eu-south-2,g5g.xlarge,T4G,1.0,ondemand,0.4687,0.4687,instances.vantage.sh (AWS Price List mirror)
2026-09-14,AWS,eu-south-2,g5g.xlarge,T4G,1.0,spot,0.14061,0.14061,instances.vantage.sh (AWS Price List mirror)
2026-09-14,AWS,eu-south-2,g6.12xlarge,L4,4.0,ondemand,4.8486,1.21215,instances.vantage.sh (AWS Price List mirror)
2026-09-14,AWS,eu-south-2,g6.12xlarge,L4,4.0,spot,0.824262,0.2060655,instances.vantage.sh (AWS Price List mirror)
2026-09-14,AWS,eu-south-2,g6.16xlarge,L4,1.0,ondemand,3.57913,3.57913,instances.vantage.sh (AWS Price List mirror)
2026-09-14,AWS,eu-south-2,g6.16xlarge,L4,1.0,spot,0.393704,0.393704,instances.vantage.sh (AWS Price List mirror)
2026-09-14,AWS,eu-south-2,g6.24xlarge,L4,4.0,ondemand,7.03351,1.7583775,instances.vantage.sh (AWS Price List mirror)
2026-09-14,AWS,eu-south-2,g6.24xlarge,L4,4.0,spot,1.195697,0.29892425,instances.vantage.sh (AWS Price List mirror)
2026-09-14,AWS,eu-south-2,g6.2xlarge,L4,1.0,ondemand,1.03008,1.03008,instances.vantage.sh (AWS Price List mirror)
2026-09-14,AWS,eu-south-2,g6.2xlarge,L4,1.0,spot,0.13391,0.13391,instances.vantage.sh (AWS Price List mirror)
2026-09-14,AWS,eu-south-2,g6.48xlarge,L4,8.0,ondemand,14.06702,1.7583775,instances.vantage.sh (AWS Price List mirror)
2026-09-14,AWS,eu-south-2,g6.48xlarge,L4,8.0,spot,2.672734,0.33409175,instances.vantage.sh (AWS Price List mirror)
2026-09-14,AWS,eu-south-2,g6.4xlarge,L4,1.0,ondemand,1.39423,1.39423,instances.vantage.sh (AWS Price List mirror)
2026-09-14,AWS,eu-south-2,g6.4xlarge,L4,1.0,spot,0.167308,0.167308,instances.vantage.sh (AWS Price List mirror)
2026-09-14,AWS,eu-south-2,g6.8xlarge,L4,1.0,ondemand,2.12253,2.12253,instances.vantage.sh (AWS Price List mirror)
2026-09-14,AWS,eu-south-2,g6.8xlarge,L4,1.0,spot,0.233478,0.233478,instances.vantage.sh (AWS Price List mirror)
2026-09-14,AWS,eu-south-2,g6.xlarge,L4,1.0,ondemand,0.848,0.848,instances.vantage.sh (AWS Price List mirror)
2026-09-14,AWS,eu-south-2,g6.xlarge,L4,1.0,spot,0.14416,0.14416,instances.vantage.sh (AWS Price List mirror)
2026-09-14,AWS,eu-south-2,g6e.12xlarge,L40S,4.0,ondemand,11.05645,2.7641125,instances.vantage.sh (AWS Price List mirror)
2026-09-14,AWS,eu-south-2,g6e.12xlarge,L40S,4.0,spot,3.095806,0.7739515,instances.vantage.sh (AWS Price List mirror)
2026-09-14,AWS,eu-south-2,g6e.16xlarge,L40S,1.0,ondemand,7.98435,7.98435,instances.vantage.sh (AWS Price List mirror)
2026-09-14,AWS,eu-south-2,g6e.16xlarge,L40S,1.0,spot,0.798435,0.798435,instances.vantage.sh (AWS Price List mirror)
2026-09-14,AWS,eu-south-2,g6e.24xlarge,L40S,4.0,ondemand,15.87513,3.9687825,instances.vantage.sh (AWS Price List mirror)
2026-09-14,AWS,eu-south-2,g6e.24xlarge,L40S,4.0,spot,4.127534,1.0318835,instances.vantage.sh (AWS Price List mirror)
2026-09-14,AWS,eu-south-2,g6e.2xlarge,L40S,1.0,ondemand,2.36256,2.36256,instances.vantage.sh (AWS Price List mirror)
2026-09-14,AWS,eu-south-2,g6e.2xlarge,L40S,1.0,spot,0.567014,0.567014,instances.vantage.sh (AWS Price List mirror)
2026-09-14,AWS,eu-south-2,g6e.48xlarge,L40S,8.0,ondemand,31.75027,3.96878375,instances.vantage.sh (AWS Price List mirror)
2026-09-14,AWS,eu-south-2,g6e.48xlarge,L40S,8.0,spot,15.24013,1.90501625,instances.vantage.sh (AWS Price List mirror)
2026-09-14,AWS,eu-south-2,g6e.4xlarge,L40S,1.0,ondemand,3.16567,3.16567,instances.vantage.sh (AWS Price List mirror)
2026-09-14,AWS,eu-south-2,g6e.4xlarge,L40S,1.0,spot,0.664791,0.664791,instances.vantage.sh (AWS Price List mirror)
2026-09-14,AWS,eu-south-2,g6e.8xlarge,L40S,1.0,ondemand,4.7719,4.7719,instances.vantage.sh (AWS Price List mirror)
2026-09-14,AWS,eu-south-2,g6e.8xlarge,L40S,1.0,spot,0.668066,0.668066,instances.vantage.sh (AWS Price List mirror)
2026-09-14,AWS,eu-south-2,g6e.xlarge,L40S,1.0,ondemand,1.961,1.961,instances.vantage.sh (AWS Price List mirror)
2026-09-14,AWS,eu-south-2,g6e.xlarge,L40S,1.0,spot,0.62752,0.62752,instances.vantage.sh (AWS Price List mirror)
2026-09-14,AWS,eu-south-2,g6f.2xlarge,L4,0.25,ondemand,0.53438,2.13752,instances.vantage.sh (AWS Price List mirror)
2026-09-14,AWS,eu-south-2,g6f.2xlarge,L4,0.25,spot,0.15497,0.61988,instances.vantage.sh (AWS Price List mirror)
2026-09-14,AWS,eu-south-2,g6f.4xlarge,L4,0.5,ondemand,1.06875,2.1375,instances.vantage.sh (AWS Price List mirror)
2026-09-14,AWS,eu-south-2,g6f.4xlarge,L4,0.5,spot,0.309937,0.619874,instances.vantage.sh (AWS Price List mirror)
2026-09-14,AWS,eu-south-2,g6f.large,L4,0.125,ondemand,0.22725,1.818,instances.vantage.sh (AWS Price List mirror)
2026-09-14,AWS,eu-south-2,g6f.large,L4,0.125,spot,0.052268,0.418144,instances.vantage.sh (AWS Price List mirror)
2026-09-14,AWS,eu-south-2,g6f.xlarge,L4,0.125,ondemand,0.26719,2.13752,instances.vantage.sh (AWS Price List mirror)
2026-09-14,AWS,eu-south-2,g6f.xlarge,L4,0.125,spot,0.077485,0.61988,instances.vantage.sh (AWS Price List mirror)
2026-09-14,AWS,eu-south-2,g7.12xlarge,NVIDIA RTX PRO 4500 Blackwell,2.0,ondemand,7.48474,3.74237,instances.vantage.sh (AWS Price List mirror)
2026-09-14,AWS,eu-south-2,g7.24xlarge,NVIDIA RTX PRO 4500 Blackwell,4.0,ondemand,14.96947,3.7423675,instances.vantage.sh (AWS Price List mirror)
2026-09-14,AWS,eu-south-2,g7.2xlarge,NVIDIA RTX PRO 4500 Blackwell,1.0,ondemand,2.646,2.646,instances.vantage.sh (AWS Price List mirror)
2026-09-14,AWS,eu-south-2,g7.48xlarge,NVIDIA RTX PRO 4500 Blackwell,8.0,ondemand,29.93894,3.7423675,instances.vantage.sh (AWS Price List mirror)
2026-09-14,AWS,eu-south-2,g7.4xlarge,NVIDIA RTX PRO 4500 Blackwell,1.0,ondemand,3.19418,3.19418,instances.vantage.sh (AWS Price List mirror)
2026-09-14,AWS,eu-south-2,g7.8xlarge,NVIDIA RTX PRO 4500 Blackwell,1.0,ondemand,4.29055,4.29055,instances.vantage.sh (AWS Price List mirror)
2026-09-14,AWS,eu-south-2,g7e.12xlarge,NVIDIA RTX PRO 6000 Blackwell,2.0,ondemand,8.73134,4.36567,instances.vantage.sh (AWS Price List mirror)
2026-09-14,AWS,eu-south-2,g7e.12xlarge,NVIDIA RTX PRO 6000 Blackwell,2.0,spot,2.532089,1.2660445,instances.vantage.sh (AWS Price List mirror)
2026-09-14,AWS,eu-south-2,g7e.24xlarge,NVIDIA RTX PRO 6000 Blackwell,4.0,ondemand,17.46268,4.36567,instances.vantage.sh (AWS Price List mirror)
2026-09-14,AWS,eu-south-2,g7e.24xlarge,NVIDIA RTX PRO 6000 Blackwell,4.0,spot,5.064177,1.26604425,instances.vantage.sh (AWS Price List mirror)
2026-09-14,AWS,eu-south-2,g7e.2xlarge,NVIDIA RTX PRO 6000 Blackwell,1.0,ondemand,3.54384,3.54384,instances.vantage.sh (AWS Price List mirror)
2026-09-14,AWS,eu-south-2,g7e.2xlarge,NVIDIA RTX PRO 6000 Blackwell,1.0,spot,1.063152,1.063152,instances.vantage.sh (AWS Price List mirror)
2026-09-14,AWS,eu-south-2,g7e.48xlarge,NVIDIA RTX PRO 6000 Blackwell,8.0,ondemand,34.92536,4.36567,instances.vantage.sh (AWS Price List mirror)
2026-09-14,AWS,eu-south-2,g7e.48xlarge,NVIDIA RTX PRO 6000 Blackwell,8.0,spot,10.477608,1.309701,instances.vantage.sh (AWS Price List mirror)
2026-09-14,AWS,eu-south-2,g7e.4xlarge,NVIDIA RTX PRO 6000 Blackwell,1.0,ondemand,4.213,4.213,instances.vantage.sh (AWS Price List mirror)
2026-09-14,AWS,eu-south-2,g7e.4xlarge,NVIDIA RTX PRO 6000 Blackwell,1.0,spot,1.39029,1.39029,instances.vantage.sh (AWS Price List mirror)
2026-09-14,AWS,eu-south-2,g7e.8xlarge,NVIDIA RTX PRO 6000 Blackwell,1.0,ondemand,5.55133,5.55133,instances.vantage.sh (AWS Price List mirror)
2026-09-14,AWS,eu-south-2,g7e.8xlarge,NVIDIA RTX PRO 6000 Blackwell,1.0,spot,1.665399,1.665399,instances.vantage.sh (AWS Price List mirror)
2026-09-14,AWS,eu-south-2,gr6.4xlarge,L4,1.0,ondemand,1.6218,1.6218,instances.vantage.sh (AWS Price List mirror)
2026-09-14,AWS,eu-south-2,gr6.4xlarge,L4,1.0,spot,0.178398,0.178398,instances.vantage.sh (AWS Price List mirror)
2026-09-14,AWS,eu-south-2,gr6.8xlarge,L4,1.0,ondemand,2.57768,2.57768,instances.vantage.sh (AWS Price List mirror)
2026-09-14,AWS,eu-south-2,gr6.8xlarge,L4,1.0,spot,0.283545,0.283545,instances.vantage.sh (AWS Price List mirror)
2026-09-14,AWS,eu-south-2,gr6f.4xlarge,L4,0.5,ondemand,1.19925,2.3985,instances.vantage.sh (AWS Price List mirror)
2026-09-14,AWS,eu-south-2,gr6f.4xlarge,L4,0.5,spot,0.347782,0.695564,instances.vantage.sh (AWS Price List mirror)
2026-09-14,AWS,eu-south-2,p5en.48xlarge,H200,8.0,ondemand,68.35968,8.54496,instances.vantage.sh (AWS Price List mirror)
2026-09-14,AWS,eu-south-2,p5en.48xlarge,H200,8.0,spot,13.671936,1.708992,instances.vantage.sh (AWS Price List mirror)
2026-09-14,AWS,eu-west-1,g2.2xlarge,K520,1.0,ondemand,0.702,0.702,instances.vantage.sh (AWS Price List mirror)
2026-09-14,AWS,eu-west-1,g2.8xlarge,K520,4.0,ondemand,2.808,0.702,instances.vantage.sh (AWS Price List mirror)
2026-09-14,AWS,eu-west-1,g3.16xlarge,M60,4.0,ondemand,4.84,1.21,instances.vantage.sh (AWS Price List mirror)
2026-09-14,AWS,eu-west-1,g3.4xlarge,M60,1.0,ondemand,1.21,1.21,instances.vantage.sh (AWS Price List mirror)
2026-09-14,AWS,eu-west-1,g3.8xlarge,M60,2.0,ondemand,2.42,1.21,instances.vantage.sh (AWS Price List mirror)
2026-09-14,AWS,eu-west-1,g3s.xlarge,M60,1.0,ondemand,0.796,0.796,instances.vantage.sh (AWS Price List mirror)
2026-09-14,AWS,eu-west-1,g4ad.16xlarge,V520,4.0,ondemand,3.872,0.968,instances.vantage.sh (AWS Price List mirror)
2026-09-14,AWS,eu-west-1,g4ad.16xlarge,V520,4.0,spot,1.7587,0.439675,instances.vantage.sh (AWS Price List mirror)
2026-09-14,AWS,eu-west-1,g4ad.2xlarge,V520,1.0,ondemand,0.60421,0.60421,instances.vantage.sh (AWS Price List mirror)
2026-09-14,AWS,eu-west-1,g4ad.2xlarge,V520,1.0,spot,0.2636,0.2636,instances.vantage.sh (AWS Price List mirror)
2026-09-14,AWS,eu-west-1,g4ad.4xlarge,V520,1.0,ondemand,0.968,0.968,instances.vantage.sh (AWS Price List mirror)
2026-09-14,AWS,eu-west-1,g4ad.4xlarge,V520,1.0,spot,0.456633,0.456633,instances.vantage.sh (AWS Price List mirror)
2026-09-14,AWS,eu-west-1,g4ad.8xlarge,V520,2.0,ondemand,1.936,0.968,instances.vantage.sh (AWS Price List mirror)
2026-09-14,AWS,eu-west-1,g4ad.8xlarge,V520,2.0,spot,0.888667,0.4443335,instances.vantage.sh (AWS Price List mirror)
2026-09-14,AWS,eu-west-1,g4ad.xlarge,V520,1.0,ondemand,0.42263,0.42263,instances.vantage.sh (AWS Price List mirror)
2026-09-14,AWS,eu-west-1,g4ad.xlarge,V520,1.0,spot,0.1942,0.1942,instances.vantage.sh (AWS Price List mirror)
2026-09-14,AWS,eu-west-1,g4dn.12xlarge,T4,4.0,ondemand,4.362,1.0905,instances.vantage.sh (AWS Price List mirror)
2026-09-14,AWS,eu-west-1,g4dn.12xlarge,T4,4.0,spot,2.087467,0.52186675,instances.vantage.sh (AWS Price List mirror)
2026-09-14,AWS,eu-west-1,g4dn.16xlarge,T4,1.0,ondemand,4.853,4.853,instances.vantage.sh (AWS Price List mirror)
2026-09-14,AWS,eu-west-1,g4dn.16xlarge,T4,1.0,spot,1.373,1.373,instances.vantage.sh (AWS Price List mirror)
2026-09-14,AWS,eu-west-1,g4dn.2xlarge,T4,1.0,ondemand,0.838,0.838,instances.vantage.sh (AWS Price List mirror)
2026-09-14,AWS,eu-west-1,g4dn.2xlarge,T4,1.0,spot,0.394433,0.394433,instances.vantage.sh (AWS Price List mirror)
2026-09-14,AWS,eu-west-1,g4dn.4xlarge,T4,1.0,ondemand,1.342,1.342,instances.vantage.sh (AWS Price List mirror)
2026-09-14,AWS,eu-west-1,g4dn.4xlarge,T4,1.0,spot,0.608133,0.608133,instances.vantage.sh (AWS Price List mirror)
2026-09-14,AWS,eu-west-1,g4dn.8xlarge,T4,1.0,ondemand,2.426,2.426,instances.vantage.sh (AWS Price List mirror)
2026-09-14,AWS,eu-west-1,g4dn.8xlarge,T4,1.0,spot,1.0551,1.0551,instances.vantage.sh (AWS Price List mirror)
2026-09-14,AWS,eu-west-1,g4dn.metal,T4,8.0,ondemand,8.724,1.0905,instances.vantage.sh (AWS Price List mirror)
2026-09-14,AWS,eu-west-1,g4dn.metal,T4,8.0,spot,4.522767,0.565345875,instances.vantage.sh (AWS Price List mirror)
2026-09-14,AWS,eu-west-1,g4dn.xlarge,T4,1.0,ondemand,0.587,0.587,instances.vantage.sh (AWS Price List mirror)
2026-09-14,AWS,eu-west-1,g4dn.xlarge,T4,1.0,spot,0.349967,0.349967,instances.vantage.sh (AWS Price List mirror)
2026-09-14,AWS,eu-west-1,g5.12xlarge,A10G,4.0,ondemand,6.33167,1.5829175,instances.vantage.sh (AWS Price List mirror)
2026-09-14,AWS,eu-west-1,g5.12xlarge,A10G,4.0,spot,2.528233,0.63205825,instances.vantage.sh (AWS Price List mirror)
2026-09-14,AWS,eu-west-1,g5.16xlarge,A10G,1.0,ondemand,4.57237,4.57237,instances.vantage.sh (AWS Price List mirror)
2026-09-14,AWS,eu-west-1,g5.16xlarge,A10G,1.0,spot,1.571833,1.571833,instances.vantage.sh (AWS Price List mirror)
2026-09-14,AWS,eu-west-1,g5.24xlarge,A10G,4.0,ondemand,9.09117,2.2727925,instances.vantage.sh (AWS Price List mirror)
2026-09-14,AWS,eu-west-1,g5.24xlarge,A10G,4.0,spot,5.5125,1.378125,instances.vantage.sh (AWS Price List mirror)
2026-09-14,AWS,eu-west-1,g5.2xlarge,A10G,1.0,ondemand,1.35296,1.35296,instances.vantage.sh (AWS Price List mirror)
2026-09-14,AWS,eu-west-1,g5.2xlarge,A10G,1.0,spot,1.068567,1.068567,instances.vantage.sh (AWS Price List mirror)
2026-09-14,AWS,eu-west-1,g5.48xlarge,A10G,8.0,ondemand,18.18233,2.27279125,instances.vantage.sh (AWS Price List mirror)
2026-09-14,AWS,eu-west-1,g5.48xlarge,A10G,8.0,spot,7.797733,0.974716625,instances.vantage.sh (AWS Price List mirror)
2026-09-14,AWS,eu-west-1,g5.4xlarge,A10G,1.0,ondemand,1.81287,1.81287,instances.vantage.sh (AWS Price List mirror)
2026-09-14,AWS,eu-west-1,g5.4xlarge,A10G,1.0,spot,1.093433,1.093433,instances.vantage.sh (AWS Price List mirror)
2026-09-14,AWS,eu-west-1,g5.8xlarge,A10G,1.0,ondemand,2.73271,2.73271,instances.vantage.sh (AWS Price List mirror)
2026-09-14,AWS,eu-west-1,g5.8xlarge,A10G,1.0,spot,1.713833,1.713833,instances.vantage.sh (AWS Price List mirror)
2026-09-14,AWS,eu-west-1,g5.xlarge,A10G,1.0,ondemand,1.123,1.123,instances.vantage.sh (AWS Price List mirror)
2026-09-14,AWS,eu-west-1,g5.xlarge,A10G,1.0,spot,0.7792,0.7792,instances.vantage.sh (AWS Price List mirror)
2026-09-14,AWS,eu-west-1,p2.16xlarge,K80,16.0,ondemand,15.552,0.972,instances.vantage.sh (AWS Price List mirror)
2026-09-14,AWS,eu-west-1,p2.8xlarge,K80,8.0,ondemand,7.776,0.972,instances.vantage.sh (AWS Price List mirror)
2026-09-14,AWS,eu-west-1,p2.xlarge,K80,1.0,ondemand,0.972,0.972,instances.vantage.sh (AWS Price List mirror)
2026-09-14,AWS,eu-west-1,p3.16xlarge,V100,8.0,ondemand,26.44,3.305,instances.vantage.sh (AWS Price List mirror)
2026-09-14,AWS,eu-west-1,p3.16xlarge,V100,8.0,spot,6.8744,0.8593,instances.vantage.sh (AWS Price List mirror)
2026-09-14,AWS,eu-west-1,p3.2xlarge,V100,1.0,ondemand,3.305,3.305,instances.vantage.sh (AWS Price List mirror)
2026-09-14,AWS,eu-west-1,p3.2xlarge,V100,1.0,spot,0.82625,0.82625,instances.vantage.sh (AWS Price List mirror)
2026-09-14,AWS,eu-west-1,p3.8xlarge,V100,4.0,ondemand,13.22,3.305,instances.vantage.sh (AWS Price List mirror)
2026-09-14,AWS,eu-west-1,p3.8xlarge,V100,4.0,spot,2.9084,0.7271,instances.vantage.sh (AWS Price List mirror)
2026-09-14,AWS,eu-west-1,p3dn.24xlarge,V100,8.0,ondemand,33.711,4.213875,instances.vantage.sh (AWS Price List mirror)
2026-09-14,AWS,eu-west-1,p3dn.24xlarge,V100,8.0,spot,4.4932,0.56165,instances.vantage.sh (AWS Price List mirror)
2026-09-14,AWS,eu-west-1,p4d.24xlarge,A100,8.0,ondemand,23.71569,2.96446125,instances.vantage.sh (AWS Price List mirror)
2026-09-14,AWS,eu-west-1,p4d.24xlarge,A100,8.0,spot,16.058,2.00725,instances.vantage.sh (AWS Price List mirror)
2026-09-14,AWS,eu-west-2,g3.16xlarge,M60,4.0,ondemand,5.716,1.429,instances.vantage.sh (AWS Price List mirror)
2026-09-14,AWS,eu-west-2,g3.4xlarge,M60,1.0,ondemand,1.429,1.429,instances.vantage.sh (AWS Price List mirror)
2026-09-14,AWS,eu-west-2,g3.8xlarge,M60,2.0,ondemand,2.858,1.429,instances.vantage.sh (AWS Price List mirror)
2026-09-14,AWS,eu-west-2,g3s.xlarge,M60,1.0,ondemand,0.94,0.94,instances.vantage.sh (AWS Price List mirror)
2026-09-14,AWS,eu-west-2,g4ad.16xlarge,V520,4.0,ondemand,4.056,1.014,instances.vantage.sh (AWS Price List mirror)
2026-09-14,AWS,eu-west-2,g4ad.16xlarge,V520,4.0,spot,0.49205,0.1230125,instances.vantage.sh (AWS Price List mirror)
2026-09-14,AWS,eu-west-2,g4ad.2xlarge,V520,1.0,ondemand,0.63292,0.63292,instances.vantage.sh (AWS Price List mirror)
2026-09-14,AWS,eu-west-2,g4ad.2xlarge,V520,1.0,spot,0.2092,0.2092,instances.vantage.sh (AWS Price List mirror)
2026-09-14,AWS,eu-west-2,g4ad.4xlarge,V520,1.0,ondemand,1.014,1.014,instances.vantage.sh (AWS Price List mirror)
2026-09-14,AWS,eu-west-2,g4ad.4xlarge,V520,1.0,spot,0.3584,0.3584,instances.vantage.sh (AWS Price List mirror)
2026-09-14,AWS,eu-west-2,g4ad.8xlarge,V520,2.0,ondemand,2.028,1.014,instances.vantage.sh (AWS Price List mirror)
2026-09-14,AWS,eu-west-2,g4ad.8xlarge,V520,2.0,spot,0.4615,0.23075,instances.vantage.sh (AWS Price List mirror)
2026-09-14,AWS,eu-west-2,g4ad.xlarge,V520,1.0,ondemand,0.44271,0.44271,instances.vantage.sh (AWS Price List mirror)
2026-09-14,AWS,eu-west-2,g4ad.xlarge,V520,1.0,spot,0.11125,0.11125,instances.vantage.sh (AWS Price List mirror)
2026-09-14,AWS,eu-west-2,g4dn.12xlarge,T4,4.0,ondemand,4.577,1.14425,instances.vantage.sh (AWS Price List mirror)
2026-09-14,AWS,eu-west-2,g4dn.12xlarge,T4,4.0,spot,1.650333,0.41258325,instances.vantage.sh (AWS Price List mirror)
2026-09-14,AWS,eu-west-2,g4dn.16xlarge,T4,1.0,ondemand,5.092,5.092,instances.vantage.sh (AWS Price List mirror)
2026-09-14,AWS,eu-west-2,g4dn.16xlarge,T4,1.0,spot,1.301867,1.301867,instances.vantage.sh (AWS Price List mirror)
2026-09-14,AWS,eu-west-2,g4dn.2xlarge,T4,1.0,ondemand,0.88,0.88,instances.vantage.sh (AWS Price List mirror)
2026-09-14,AWS,eu-west-2,g4dn.2xlarge,T4,1.0,spot,0.295167,0.295167,instances.vantage.sh (AWS Price List mirror)
2026-09-14,AWS,eu-west-2,g4dn.4xlarge,T4,1.0,ondemand,1.409,1.409,instances.vantage.sh (AWS Price List mirror)
2026-09-14,AWS,eu-west-2,g4dn.4xlarge,T4,1.0,spot,0.407233,0.407233,instances.vantage.sh (AWS Price List mirror)
2026-09-14,AWS,eu-west-2,g4dn.8xlarge,T4,1.0,ondemand,2.546,2.546,instances.vantage.sh (AWS Price List mirror)
2026-09-14,AWS,eu-west-2,g4dn.8xlarge,T4,1.0,spot,0.6418,0.6418,instances.vantage.sh (AWS Price List mirror)
2026-09-14,AWS,eu-west-2,g4dn.metal,T4,8.0,ondemand,9.154,1.14425,instances.vantage.sh (AWS Price List mirror)
2026-09-14,AWS,eu-west-2,g4dn.metal,T4,8.0,spot,2.148533,0.268566625,instances.vantage.sh (AWS Price List mirror)
2026-09-14,AWS,eu-west-2,g4dn.xlarge,T4,1.0,ondemand,0.615,0.615,instances.vantage.sh (AWS Price List mirror)
2026-09-14,AWS,eu-west-2,g4dn.xlarge,T4,1.0,spot,0.202133,0.202133,instances.vantage.sh (AWS Price List mirror)
2026-09-14,AWS,eu-west-2,g5.12xlarge,A10G,4.0,ondemand,7.19994,1.799985,instances.vantage.sh (AWS Price List mirror)
2026-09-14,AWS,eu-west-2,g5.12xlarge,A10G,4.0,spot,5.3146,1.32865,instances.vantage.sh (AWS Price List mirror)
2026-09-14,AWS,eu-west-2,g5.16xlarge,A10G,1.0,ondemand,5.1994,5.1994,instances.vantage.sh (AWS Price List mirror)
2026-09-14,AWS,eu-west-2,g5.16xlarge,A10G,1.0,spot,3.58165,3.58165,instances.vantage.sh (AWS Price List mirror)
2026-09-14,AWS,eu-west-2,g5.24xlarge,A10G,4.0,ondemand,10.33786,2.584465,instances.vantage.sh (AWS Price List mirror)
2026-09-14,AWS,eu-west-2,g5.24xlarge,A10G,4.0,spot,10.3379,2.584475,instances.vantage.sh (AWS Price List mirror)
2026-09-14,AWS,eu-west-2,g5.2xlarge,A10G,1.0,ondemand,1.53849,1.53849,instances.vantage.sh (AWS Price List mirror)
2026-09-14,AWS,eu-west-2,g5.2xlarge,A10G,1.0,spot,0.603,0.603,instances.vantage.sh (AWS Price List mirror)
2026-09-14,AWS,eu-west-2,g5.48xlarge,A10G,8.0,ondemand,20.67572,2.584465,instances.vantage.sh (AWS Price List mirror)
2026-09-14,AWS,eu-west-2,g5.48xlarge,A10G,8.0,spot,20.6757,2.5844625,instances.vantage.sh (AWS Price List mirror)
2026-09-14,AWS,eu-west-2,g5.4xlarge,A10G,1.0,ondemand,2.06148,2.06148,instances.vantage.sh (AWS Price List mirror)
2026-09-14,AWS,eu-west-2,g5.4xlarge,A10G,1.0,spot,0.74865,0.74865,instances.vantage.sh (AWS Price List mirror)
2026-09-14,AWS,eu-west-2,g5.8xlarge,A10G,1.0,ondemand,3.10745,3.10745,instances.vantage.sh (AWS Price List mirror)
2026-09-14,AWS,eu-west-2,g5.8xlarge,A10G,1.0,spot,1.1092,1.1092,instances.vantage.sh (AWS Price List mirror)
2026-09-14,AWS,eu-west-2,g5.xlarge,A10G,1.0,ondemand,1.277,1.277,instances.vantage.sh (AWS Price List mirror)
2026-09-14,AWS,eu-west-2,g5.xlarge,A10G,1.0,spot,0.5633,0.5633,instances.vantage.sh (AWS Price List mirror)
2026-09-14,AWS,eu-west-2,g6.12xlarge,L4,4.0,ondemand,5.8412,1.4603,instances.vantage.sh (AWS Price List mirror)
2026-09-14,AWS,eu-west-2,g6.12xlarge,L4,4.0,spot,3.4192,0.8548,instances.vantage.sh (AWS Price List mirror)
2026-09-14,AWS,eu-west-2,g6.16xlarge,L4,1.0,ondemand,4.31184,4.31184,instances.vantage.sh (AWS Price List mirror)
2026-09-14,AWS,eu-west-2,g6.16xlarge,L4,1.0,spot,1.368967,1.368967,instances.vantage.sh (AWS Price List mirror)
2026-09-14,AWS,eu-west-2,g6.24xlarge,L4,4.0,ondemand,8.47339,2.1183475,instances.vantage.sh (AWS Price List mirror)
2026-09-14,AWS,eu-west-2,g6.24xlarge,L4,4.0,spot,4.900167,1.22504175,instances.vantage.sh (AWS Price List mirror)
2026-09-14,AWS,eu-west-2,g6.2xlarge,L4,1.0,ondemand,1.24095,1.24095,instances.vantage.sh (AWS Price List mirror)
2026-09-14,AWS,eu-west-2,g6.2xlarge,L4,1.0,spot,0.465167,0.465167,instances.vantage.sh (AWS Price List mirror)
2026-09-14,AWS,eu-west-2,g6.48xlarge,L4,8.0,ondemand,16.94678,2.1183475,instances.vantage.sh (AWS Price List mirror)
2026-09-14,AWS,eu-west-2,g6.48xlarge,L4,8.0,spot,7.313367,0.914170875,instances.vantage.sh (AWS Price List mirror)
2026-09-14,AWS,eu-west-2,g6.4xlarge,L4,1.0,ondemand,1.67965,1.67965,instances.vantage.sh (AWS Price List mirror)
2026-09-14,AWS,eu-west-2,g6.4xlarge,L4,1.0,spot,0.8963,0.8963,instances.vantage.sh (AWS Price List mirror)
2026-09-14,AWS,eu-west-2,g6.8xlarge,L4,1.0,ondemand,2.55705,2.55705,instances.vantage.sh (AWS Price List mirror)
2026-09-14,AWS,eu-west-2,g6.8xlarge,L4,1.0,spot,0.782567,0.782567,instances.vantage.sh (AWS Price List mirror)
2026-09-14,AWS,eu-west-2,g6.xlarge,L4,1.0,ondemand,1.0216,1.0216,instances.vantage.sh (AWS Price List mirror)
2026-09-14,AWS,eu-west-2,g6.xlarge,L4,1.0,spot,0.3373,0.3373,instances.vantage.sh (AWS Price List mirror)
2026-09-14,AWS,eu-west-2,g6f.2xlarge,L4,0.25,ondemand,0.60298,2.41192,instances.vantage.sh (AWS Price List mirror)
2026-09-14,AWS,eu-west-2,g6f.2xlarge,L4,0.25,spot,0.23375,0.935,instances.vantage.sh (AWS Price List mirror)
2026-09-14,AWS,eu-west-2,g6f.4xlarge,L4,0.5,ondemand,1.20595,2.4119,instances.vantage.sh (AWS Price List mirror)
2026-09-14,AWS,eu-west-2,g6f.4xlarge,L4,0.5,spot,0.34595,0.6919,instances.vantage.sh (AWS Price List mirror)
2026-09-14,AWS,eu-west-2,g6f.large,L4,0.125,ondemand,0.25642,2.05136,instances.vantage.sh (AWS Price List mirror)
2026-09-14,AWS,eu-west-2,g6f.large,L4,0.125,spot,0.05995,0.4796,instances.vantage.sh (AWS Price List mirror)
2026-09-14,AWS,eu-west-2,g6f.xlarge,L4,0.125,ondemand,0.30149,2.41192,instances.vantage.sh (AWS Price List mirror)
2026-09-14,AWS,eu-west-2,g6f.xlarge,L4,0.125,spot,0.094,0.752,instances.vantage.sh (AWS Price List mirror)
2026-09-14,AWS,eu-west-2,g7e.12xlarge,NVIDIA RTX PRO 6000 Blackwell,2.0,ondemand,14.40172,7.20086,instances.vantage.sh (AWS Price List mirror)
2026-09-14,AWS,eu-west-2,g7e.12xlarge,NVIDIA RTX PRO 6000 Blackwell,2.0,spot,4.26715,2.133575,instances.vantage.sh (AWS Price List mirror)
2026-09-14,AWS,eu-west-2,g7e.24xlarge,NVIDIA RTX PRO 6000 Blackwell,4.0,ondemand,28.80344,7.20086,instances.vantage.sh (AWS Price List mirror)
2026-09-14,AWS,eu-west-2,g7e.24xlarge,NVIDIA RTX PRO 6000 Blackwell,4.0,spot,7.0273,1.756825,instances.vantage.sh (AWS Price List mirror)
2026-09-14,AWS,eu-west-2,g7e.2xlarge,NVIDIA RTX PRO 6000 Blackwell,1.0,ondemand,5.84531,5.84531,instances.vantage.sh (AWS Price List mirror)
2026-09-14,AWS,eu-west-2,g7e.2xlarge,NVIDIA RTX PRO 6000 Blackwell,1.0,spot,2.3905,2.3905,instances.vantage.sh (AWS Price List mirror)
2026-09-14,AWS,eu-west-2,g7e.48xlarge,NVIDIA RTX PRO 6000 Blackwell,8.0,ondemand,57.60687,7.20085875,instances.vantage.sh (AWS Price List mirror)
2026-09-14,AWS,eu-west-2,g7e.48xlarge,NVIDIA RTX PRO 6000 Blackwell,8.0,spot,13.15865,1.64483125,instances.vantage.sh (AWS Price List mirror)
2026-09-14,AWS,eu-west-2,g7e.4xlarge,NVIDIA RTX PRO 6000 Blackwell,1.0,ondemand,6.94905,6.94905,instances.vantage.sh (AWS Price List mirror)
2026-09-14,AWS,eu-west-2,g7e.4xlarge,NVIDIA RTX PRO 6000 Blackwell,1.0,spot,2.2077,2.2077,instances.vantage.sh (AWS Price List mirror)
2026-09-14,AWS,eu-west-2,g7e.8xlarge,NVIDIA RTX PRO 6000 Blackwell,1.0,ondemand,9.15653,9.15653,instances.vantage.sh (AWS Price List mirror)
2026-09-14,AWS,eu-west-2,g7e.8xlarge,NVIDIA RTX PRO 6000 Blackwell,1.0,spot,2.82405,2.82405,instances.vantage.sh (AWS Price List mirror)
2026-09-14,AWS,eu-west-2,gr6.4xlarge,L4,1.0,ondemand,1.9539,1.9539,instances.vantage.sh (AWS Price List mirror)
2026-09-14,AWS,eu-west-2,gr6.4xlarge,L4,1.0,spot,0.5184,0.5184,instances.vantage.sh (AWS Price List mirror)
2026-09-14,AWS,eu-west-2,gr6.8xlarge,L4,1.0,ondemand,3.10552,3.10552,instances.vantage.sh (AWS Price List mirror)
2026-09-14,AWS,eu-west-2,gr6.8xlarge,L4,1.0,spot,0.6796,0.6796,instances.vantage.sh (AWS Price List mirror)
2026-09-14,AWS,eu-west-2,gr6f.4xlarge,L4,0.5,ondemand,1.35321,2.70642,instances.vantage.sh (AWS Price List mirror)
2026-09-14,AWS,eu-west-2,gr6f.4xlarge,L4,0.5,spot,0.4039,0.8078,instances.vantage.sh (AWS Price List mirror)
2026-09-14,AWS,eu-west-2,p3.16xlarge,V100,8.0,ondemand,28.712,3.589,instances.vantage.sh (AWS Price List mirror)
2026-09-14,AWS,eu-west-2,p3.16xlarge,V100,8.0,spot,28.712,3.589,instances.vantage.sh (AWS Price List mirror)
2026-09-14,AWS,eu-west-2,p3.2xlarge,V100,1.0,ondemand,3.589,3.589,instances.vantage.sh (AWS Price List mirror)
2026-09-14,AWS,eu-west-2,p3.2xlarge,V100,1.0,spot,1.36382,1.36382,instances.vantage.sh (AWS Price List mirror)
2026-09-14,AWS,eu-west-2,p3.8xlarge,V100,4.0,ondemand,14.356,3.589,instances.vantage.sh (AWS Price List mirror)
2026-09-14,AWS,eu-west-2,p3.8xlarge,V100,4.0,spot,5.88596,1.47149,instances.vantage.sh (AWS Price List mirror)
2026-09-14,AWS,eu-west-2,p4d.24xlarge,A100,8.0,ondemand,28.54493,3.56811625,instances.vantage.sh (AWS Price List mirror)
2026-09-14,AWS,eu-west-2,p4d.24xlarge,A100,8.0,spot,28.5449,3.5681125,instances.vantage.sh (AWS Price List mirror)
2026-09-14,AWS,eu-west-2,p5.48xlarge,H100,8.0,ondemand,71.552,8.944,instances.vantage.sh (AWS Price List mirror)
2026-09-14,AWS,eu-west-2,p5.48xlarge,H100,8.0,spot,36.950033,4.618754125,instances.vantage.sh (AWS Price List mirror)
2026-09-14,AWS,eu-west-2,p5.4xlarge,H100,1.0,ondemand,8.944,8.944,instances.vantage.sh (AWS Price List mirror)
2026-09-14,AWS,eu-west-2,p5.4xlarge,H100,1.0,spot,8.944,8.944,instances.vantage.sh (AWS Price List mirror)
2026-09-14,AWS,eu-west-2-wl1-lon1,g4dn.2xlarge,T4,1.0,ondemand,1.144,1.144,instances.vantage.sh (AWS Price List mirror)
2026-09-14,AWS,eu-west-2-wl1-man1,g4dn.2xlarge,T4,1.0,ondemand,1.144,1.144,instances.vantage.sh (AWS Price List mirror)
2026-09-14,AWS,eu-west-2-wl2-man1,g4dn.2xlarge,T4,1.0,ondemand,1.144,1.144,instances.vantage.sh (AWS Price List mirror)
2026-09-14,AWS,eu-west-3,g4dn.12xlarge,T4,4.0,ondemand,4.574,1.1435,instances.vantage.sh (AWS Price List mirror)
2026-09-14,AWS,eu-west-3,g4dn.12xlarge,T4,4.0,spot,1.5335,0.383375,instances.vantage.sh (AWS Price List mirror)
2026-09-14,AWS,eu-west-3,g4dn.16xlarge,T4,1.0,ondemand,5.088,5.088,instances.vantage.sh (AWS Price List mirror)
2026-09-14,AWS,eu-west-3,g4dn.16xlarge,T4,1.0,spot,0.988967,0.988967,instances.vantage.sh (AWS Price List mirror)
2026-09-14,AWS,eu-west-3,g4dn.2xlarge,T4,1.0,ondemand,0.879,0.879,instances.vantage.sh (AWS Price List mirror)
2026-09-14,AWS,eu-west-3,g4dn.2xlarge,T4,1.0,spot,0.265167,0.265167,instances.vantage.sh (AWS Price List mirror)
2026-09-14,AWS,eu-west-3,g4dn.4xlarge,T4,1.0,ondemand,1.408,1.408,instances.vantage.sh (AWS Price List mirror)
2026-09-14,AWS,eu-west-3,g4dn.4xlarge,T4,1.0,spot,0.452033,0.452033,instances.vantage.sh (AWS Price List mirror)
2026-09-14,AWS,eu-west-3,g4dn.8xlarge,T4,1.0,ondemand,2.544,2.544,instances.vantage.sh (AWS Price List mirror)
2026-09-14,AWS,eu-west-3,g4dn.8xlarge,T4,1.0,spot,0.695,0.695,instances.vantage.sh (AWS Price List mirror)
2026-09-14,AWS,eu-west-3,g4dn.metal,T4,8.0,ondemand,9.148,1.1435,instances.vantage.sh (AWS Price List mirror)
2026-09-14,AWS,eu-west-3,g4dn.metal,T4,8.0,spot,3.541567,0.442695875,instances.vantage.sh (AWS Price List mirror)
2026-09-14,AWS,eu-west-3,g4dn.xlarge,T4,1.0,ondemand,0.615,0.615,instances.vantage.sh (AWS Price List mirror)
2026-09-14,AWS,eu-west-3,g4dn.xlarge,T4,1.0,spot,0.203433,0.203433,instances.vantage.sh (AWS Price List mirror)
2026-09-14,AWS,eu-west-3,g5.12xlarge,A10G,4.0,ondemand,7.19994,1.799985,instances.vantage.sh (AWS Price List mirror)
2026-09-14,AWS,eu-west-3,g5.12xlarge,A10G,4.0,spot,5.00105,1.2502625,instances.vantage.sh (AWS Price List mirror)
2026-09-14,AWS,eu-west-3,g5.16xlarge,A10G,1.0,ondemand,5.1994,5.1994,instances.vantage.sh (AWS Price List mirror)
2026-09-14,AWS,eu-west-3,g5.16xlarge,A10G,1.0,spot,2.87045,2.87045,instances.vantage.sh (AWS Price List mirror)
2026-09-14,AWS,eu-west-3,g5.24xlarge,A10G,4.0,ondemand,10.33786,2.584465,instances.vantage.sh (AWS Price List mirror)
2026-09-14,AWS,eu-west-3,g5.24xlarge,A10G,4.0,spot,10.3379,2.584475,instances.vantage.sh (AWS Price List mirror)
2026-09-14,AWS,eu-west-3,g5.2xlarge,A10G,1.0,ondemand,1.53849,1.53849,instances.vantage.sh (AWS Price List mirror)
2026-09-14,AWS,eu-west-3,g5.2xlarge,A10G,1.0,spot,0.528467,0.528467,instances.vantage.sh (AWS Price List mirror)
2026-09-14,AWS,eu-west-3,g5.48xlarge,A10G,8.0,ondemand,20.67572,2.584465,instances.vantage.sh (AWS Price List mirror)
2026-09-14,AWS,eu-west-3,g5.48xlarge,A10G,8.0,spot,20.6652,2.58315,instances.vantage.sh (AWS Price List mirror)
2026-09-14,AWS,eu-west-3,g5.4xlarge,A10G,1.0,ondemand,2.06148,2.06148,instances.vantage.sh (AWS Price List mirror)
2026-09-14,AWS,eu-west-3,g5.4xlarge,A10G,1.0,spot,0.8999,0.8999,instances.vantage.sh (AWS Price List mirror)
2026-09-14,AWS,eu-west-3,g5.8xlarge,A10G,1.0,ondemand,3.10745,3.10745,instances.vantage.sh (AWS Price List mirror)
2026-09-14,AWS,eu-west-3,g5.8xlarge,A10G,1.0,spot,1.7793,1.7793,instances.vantage.sh (AWS Price List mirror)
2026-09-14,AWS,eu-west-3,g5.xlarge,A10G,1.0,ondemand,1.277,1.277,instances.vantage.sh (AWS Price List mirror)
2026-09-14,AWS,eu-west-3,g5.xlarge,A10G,1.0,spot,0.3788,0.3788,instances.vantage.sh (AWS Price List mirror)
2026-09-14,AWS,eu-west-3,g6.12xlarge,L4,4.0,ondemand,5.8412,1.4603,instances.vantage.sh (AWS Price List mirror)
2026-09-14,AWS,eu-west-3,g6.12xlarge,L4,4.0,spot,1.96345,0.4908625,instances.vantage.sh (AWS Price List mirror)
2026-09-14,AWS,eu-west-3,g6.16xlarge,L4,1.0,ondemand,4.31184,4.31184,instances.vantage.sh (AWS Price List mirror)
2026-09-14,AWS,eu-west-3,g6.16xlarge,L4,1.0,spot,1.3177,1.3177,instances.vantage.sh (AWS Price List mirror)
2026-09-14,AWS,eu-west-3,g6.24xlarge,L4,4.0,ondemand,8.47339,2.1183475,instances.vantage.sh (AWS Price List mirror)
2026-09-14,AWS,eu-west-3,g6.24xlarge,L4,4.0,spot,2.6125,0.653125,instances.vantage.sh (AWS Price List mirror)
2026-09-14,AWS,eu-west-3,g6.2xlarge,L4,1.0,ondemand,1.24095,1.24095,instances.vantage.sh (AWS Price List mirror)
2026-09-14,AWS,eu-west-3,g6.2xlarge,L4,1.0,spot,0.37875,0.37875,instances.vantage.sh (AWS Price List mirror)
2026-09-14,AWS,eu-west-3,g6.48xlarge,L4,8.0,ondemand,16.94678,2.1183475,instances.vantage.sh (AWS Price List mirror)
2026-09-14,AWS,eu-west-3,g6.48xlarge,L4,8.0,spot,5.77805,0.72225625,instances.vantage.sh (AWS Price List mirror)
2026-09-14,AWS,eu-west-3,g6.4xlarge,L4,1.0,ondemand,1.67965,1.67965,instances.vantage.sh (AWS Price List mirror)
2026-09-14,AWS,eu-west-3,g6.4xlarge,L4,1.0,spot,0.3925,0.3925,instances.vantage.sh (AWS Price List mirror)
2026-09-14,AWS,eu-west-3,g6.8xlarge,L4,1.0,ondemand,2.55705,2.55705,instances.vantage.sh (AWS Price List mirror)
2026-09-14,AWS,eu-west-3,g6.8xlarge,L4,1.0,spot,0.8474,0.8474,instances.vantage.sh (AWS Price List mirror)
2026-09-14,AWS,eu-west-3,g6.xlarge,L4,1.0,ondemand,1.0216,1.0216,instances.vantage.sh (AWS Price List mirror)
2026-09-14,AWS,eu-west-3,g6.xlarge,L4,1.0,spot,0.3558,0.3558,instances.vantage.sh (AWS Price List mirror)
2026-09-14,AWS,eu-west-3,gr6.4xlarge,L4,1.0,ondemand,1.9538,1.9538,instances.vantage.sh (AWS Price List mirror)
2026-09-14,AWS,eu-west-3,gr6.4xlarge,L4,1.0,spot,0.6372,0.6372,instances.vantage.sh (AWS Price List mirror)
2026-09-14,AWS,eu-west-3,gr6.8xlarge,L4,1.0,ondemand,3.10536,3.10536,instances.vantage.sh (AWS Price List mirror)
2026-09-14,AWS,eu-west-3,gr6.8xlarge,L4,1.0,spot,0.56705,0.56705,instances.vantage.sh (AWS Price List mirror)
2026-09-14,AWS,eu-west-3-wl1-cmn1,g4dn.12xlarge,T4,4.0,ondemand,5.234,1.3085,instances.vantage.sh (AWS Price List mirror)
2026-09-14,AWS,eu-west-3-wl1-cmn1,g4dn.2xlarge,T4,1.0,ondemand,1.006,1.006,instances.vantage.sh (AWS Price List mirror)
2026-09-14,AWS,eu-west-3-wl1-dss1,g4dn.12xlarge,T4,4.0,ondemand,5.234,1.3085,instances.vantage.sh (AWS Price List mirror)
2026-09-14,AWS,eu-west-3-wl1-dss1,g4dn.2xlarge,T4,1.0,ondemand,1.006,1.006,instances.vantage.sh (AWS Price List mirror)
2026-09-14,AWS,il-central-1,g5.12xlarge,A10G,4.0,ondemand,6.64825,1.6620625,instances.vantage.sh (AWS Price List mirror)
2026-09-14,AWS,il-central-1,g5.12xlarge,A10G,4.0,spot,2.526335,0.63158375,instances.vantage.sh (AWS Price List mirror)
2026-09-14,AWS,il-central-1,g5.16xlarge,A10G,1.0,ondemand,4.80099,4.80099,instances.vantage.sh (AWS Price List mirror)
2026-09-14,AWS,il-central-1,g5.16xlarge,A10G,1.0,spot,1.056218,1.056218,instances.vantage.sh (AWS Price List mirror)
2026-09-14,AWS,il-central-1,g5.24xlarge,A10G,4.0,ondemand,9.54572,2.38643,instances.vantage.sh (AWS Price List mirror)
2026-09-14,AWS,il-central-1,g5.24xlarge,A10G,4.0,spot,7.15929,1.7898225,instances.vantage.sh (AWS Price List mirror)
2026-09-14,AWS,il-central-1,g5.2xlarge,A10G,1.0,ondemand,1.42061,1.42061,instances.vantage.sh (AWS Price List mirror)
2026-09-14,AWS,il-central-1,g5.2xlarge,A10G,1.0,spot,0.298328,0.298328,instances.vantage.sh (AWS Price List mirror)
2026-09-14,AWS,il-central-1,g5.48xlarge,A10G,8.0,ondemand,19.09145,2.38643125,instances.vantage.sh (AWS Price List mirror)
2026-09-14,AWS,il-central-1,g5.48xlarge,A10G,8.0,spot,12.409442,1.55118025,instances.vantage.sh (AWS Price List mirror)
2026-09-14,AWS,il-central-1,g5.4xlarge,A10G,1.0,ondemand,1.90352,1.90352,instances.vantage.sh (AWS Price List mirror)
2026-09-14,AWS,il-central-1,g5.4xlarge,A10G,1.0,spot,0.799478,0.799478,instances.vantage.sh (AWS Price List mirror)
2026-09-14,AWS,il-central-1,g5.8xlarge,A10G,1.0,ondemand,2.86934,2.86934,instances.vantage.sh (AWS Price List mirror)
2026-09-14,AWS,il-central-1,g5.8xlarge,A10G,1.0,spot,0.803415,0.803415,instances.vantage.sh (AWS Price List mirror)
2026-09-14,AWS,il-central-1,g5.xlarge,A10G,1.0,ondemand,1.17915,1.17915,instances.vantage.sh (AWS Price List mirror)
2026-09-14,AWS,il-central-1,g5.xlarge,A10G,1.0,spot,0.330162,0.330162,instances.vantage.sh (AWS Price List mirror)
2026-09-14,AWS,il-central-1,p4de.24xlarge,A100,8.0,ondemand,35.57346,4.4466825,instances.vantage.sh (AWS Price List mirror)
2026-09-14,AWS,il-central-1,p4de.24xlarge,A100,8.0,spot,5.691754,0.71146925,instances.vantage.sh (AWS Price List mirror)
2026-09-14,AWS,me-central-1,g5.12xlarge,A10G,4.0,ondemand,6.9575,1.739375,instances.vantage.sh (AWS Price List mirror)
2026-09-14,AWS,me-central-1,g5.12xlarge,A10G,4.0,spot,6.6792,1.6698,instances.vantage.sh (AWS Price List mirror)
2026-09-14,AWS,me-central-1,g5.16xlarge,A10G,1.0,ondemand,5.02432,5.02432,instances.vantage.sh (AWS Price List mirror)
2026-09-14,AWS,me-central-1,g5.16xlarge,A10G,1.0,spot,2.009728,2.009728,instances.vantage.sh (AWS Price List mirror)
2026-09-14,AWS,me-central-1,g5.24xlarge,A10G,4.0,ondemand,9.98976,2.49744,instances.vantage.sh (AWS Price List mirror)
2026-09-14,AWS,me-central-1,g5.24xlarge,A10G,4.0,spot,9.59017,2.3975425,instances.vantage.sh (AWS Price List mirror)
2026-09-14,AWS,me-central-1,g5.2xlarge,A10G,1.0,ondemand,1.48669,1.48669,instances.vantage.sh (AWS Price List mirror)
2026-09-14,AWS,me-central-1,g5.2xlarge,A10G,1.0,spot,0.847413,0.847413,instances.vantage.sh (AWS Price List mirror)
2026-09-14,AWS,me-central-1,g5.48xlarge,A10G,8.0,ondemand,19.97951,2.49743875,instances.vantage.sh (AWS Price List mirror)
2026-09-14,AWS,me-central-1,g5.48xlarge,A10G,8.0,spot,19.18033,2.39754125,instances.vantage.sh (AWS Price List mirror)
2026-09-14,AWS,me-central-1,g5.4xlarge,A10G,1.0,ondemand,1.99206,1.99206,instances.vantage.sh (AWS Price List mirror)
2026-09-14,AWS,me-central-1,g5.4xlarge,A10G,1.0,spot,1.095633,1.095633,instances.vantage.sh (AWS Price List mirror)
2026-09-14,AWS,me-central-1,g5.8xlarge,A10G,1.0,ondemand,3.00282,3.00282,instances.vantage.sh (AWS Price List mirror)
2026-09-14,AWS,me-central-1,g5.8xlarge,A10G,1.0,spot,1.561466,1.561466,instances.vantage.sh (AWS Price List mirror)
2026-09-14,AWS,me-central-1,g5.xlarge,A10G,1.0,ondemand,1.234,1.234,instances.vantage.sh (AWS Price List mirror)
2026-09-14,AWS,me-central-1,g5.xlarge,A10G,1.0,spot,0.71572,0.71572,instances.vantage.sh (AWS Price List mirror)
2026-09-14,AWS,me-central-1,g6.12xlarge,L4,4.0,ondemand,5.65045,1.4126125,instances.vantage.sh (AWS Price List mirror)
2026-09-14,AWS,me-central-1,g6.12xlarge,L4,4.0,spot,2.316685,0.57917125,instances.vantage.sh (AWS Price List mirror)
2026-09-14,AWS,me-central-1,g6.16xlarge,L4,1.0,ondemand,4.17104,4.17104,instances.vantage.sh (AWS Price List mirror)
2026-09-14,AWS,me-central-1,g6.16xlarge,L4,1.0,spot,0.667366,0.667366,instances.vantage.sh (AWS Price List mirror)
2026-09-14,AWS,me-central-1,g6.24xlarge,L4,4.0,ondemand,8.19669,2.0491725,instances.vantage.sh (AWS Price List mirror)
2026-09-14,AWS,me-central-1,g6.24xlarge,L4,4.0,spot,7.540955,1.88523875,instances.vantage.sh (AWS Price List mirror)
2026-09-14,AWS,me-central-1,g6.2xlarge,L4,1.0,ondemand,1.20043,1.20043,instances.vantage.sh (AWS Price List mirror)
2026-09-14,AWS,me-central-1,g6.2xlarge,L4,1.0,spot,0.516185,0.516185,instances.vantage.sh (AWS Price List mirror)
2026-09-14,AWS,me-central-1,g6.48xlarge,L4,8.0,ondemand,16.39339,2.04917375,instances.vantage.sh (AWS Price List mirror)
2026-09-14,AWS,me-central-1,g6.48xlarge,L4,8.0,spot,15.901588,1.9876985,instances.vantage.sh (AWS Price List mirror)
2026-09-14,AWS,me-central-1,g6.4xlarge,L4,1.0,ondemand,1.6248,1.6248,instances.vantage.sh (AWS Price List mirror)
2026-09-14,AWS,me-central-1,g6.4xlarge,L4,1.0,spot,0.796152,0.796152,instances.vantage.sh (AWS Price List mirror)
2026-09-14,AWS,me-central-1,g6.8xlarge,L4,1.0,ondemand,2.47355,2.47355,instances.vantage.sh (AWS Price List mirror)
2026-09-14,AWS,me-central-1,g6.8xlarge,L4,1.0,spot,0.519446,0.519446,instances.vantage.sh (AWS Price List mirror)
2026-09-14,AWS,me-central-1,g6.xlarge,L4,1.0,ondemand,0.98824,0.98824,instances.vantage.sh (AWS Price List mirror)
2026-09-14,AWS,me-central-1,g6.xlarge,L4,1.0,spot,0.74118,0.74118,instances.vantage.sh (AWS Price List mirror)
2026-09-14,AWS,me-central-1,g6e.12xlarge,L40S,4.0,ondemand,12.87194,3.217985,instances.vantage.sh (AWS Price List mirror)
2026-09-14,AWS,me-central-1,g6e.12xlarge,L40S,4.0,spot,2.831827,0.70795675,instances.vantage.sh (AWS Price List mirror)
2026-09-14,AWS,me-central-1,g6e.16xlarge,L40S,1.0,ondemand,9.2954,9.2954,instances.vantage.sh (AWS Price List mirror)
2026-09-14,AWS,me-central-1,g6e.16xlarge,L40S,1.0,spot,2.137942,2.137942,instances.vantage.sh (AWS Price List mirror)
2026-09-14,AWS,me-central-1,g6e.24xlarge,L40S,4.0,ondemand,18.48186,4.620465,instances.vantage.sh (AWS Price List mirror)
2026-09-14,AWS,me-central-1,g6e.24xlarge,L40S,4.0,spot,4.066009,1.01650225,instances.vantage.sh (AWS Price List mirror)
2026-09-14,AWS,me-central-1,g6e.2xlarge,L40S,1.0,ondemand,2.75049,2.75049,instances.vantage.sh (AWS Price List mirror)
2026-09-14,AWS,me-central-1,g6e.2xlarge,L40S,1.0,spot,0.715127,0.715127,instances.vantage.sh (AWS Price List mirror)
2026-09-14,AWS,me-central-1,g6e.48xlarge,L40S,8.0,ondemand,36.96372,4.620465,instances.vantage.sh (AWS Price List mirror)
2026-09-14,AWS,me-central-1,g6e.48xlarge,L40S,8.0,spot,20.699683,2.587460375,instances.vantage.sh (AWS Price List mirror)
2026-09-14,AWS,me-central-1,g6e.4xlarge,L40S,1.0,ondemand,3.68548,3.68548,instances.vantage.sh (AWS Price List mirror)
2026-09-14,AWS,me-central-1,g6e.4xlarge,L40S,1.0,spot,0.84766,0.84766,instances.vantage.sh (AWS Price List mirror)
2026-09-14,AWS,me-central-1,g6e.8xlarge,L40S,1.0,ondemand,5.55545,5.55545,instances.vantage.sh (AWS Price List mirror)
2026-09-14,AWS,me-central-1,g6e.8xlarge,L40S,1.0,spot,1.333308,1.333308,instances.vantage.sh (AWS Price List mirror)
2026-09-14,AWS,me-central-1,g6e.xlarge,L40S,1.0,ondemand,2.283,2.283,instances.vantage.sh (AWS Price List mirror)
2026-09-14,AWS,me-central-1,g6e.xlarge,L40S,1.0,spot,0.59358,0.59358,instances.vantage.sh (AWS Price List mirror)
2026-09-14,AWS,me-central-1,p5en.48xlarge,H200,8.0,ondemand,75.9552,9.4944,instances.vantage.sh (AWS Price List mirror)
2026-09-14,AWS,me-south-1,g4dn.12xlarge,T4,4.0,ondemand,4.798,1.1995,instances.vantage.sh (AWS Price List mirror)
2026-09-14,AWS,me-south-1,g4dn.12xlarge,T4,4.0,spot,0.7197,0.179925,instances.vantage.sh (AWS Price List mirror)
2026-09-14,AWS,me-south-1,g4dn.16xlarge,T4,1.0,ondemand,5.338,5.338,instances.vantage.sh (AWS Price List mirror)
2026-09-14,AWS,me-south-1,g4dn.16xlarge,T4,1.0,spot,0.64056,0.64056,instances.vantage.sh (AWS Price List mirror)
2026-09-14,AWS,me-south-1,g4dn.2xlarge,T4,1.0,ondemand,0.922,0.922,instances.vantage.sh (AWS Price List mirror)
2026-09-14,AWS,me-south-1,g4dn.2xlarge,T4,1.0,spot,0.31348,0.31348,instances.vantage.sh (AWS Price List mirror)
2026-09-14,AWS,me-south-1,g4dn.4xlarge,T4,1.0,ondemand,1.477,1.477,instances.vantage.sh (AWS Price List mirror)
2026-09-14,AWS,me-south-1,g4dn.4xlarge,T4,1.0,spot,0.48741,0.48741,instances.vantage.sh (AWS Price List mirror)
2026-09-14,AWS,me-south-1,g4dn.8xlarge,T4,1.0,ondemand,2.669,2.669,instances.vantage.sh (AWS Price List mirror)
2026-09-14,AWS,me-south-1,g4dn.8xlarge,T4,1.0,spot,0.5338,0.5338,instances.vantage.sh (AWS Price List mirror)
2026-09-14,AWS,me-south-1,g4dn.metal,T4,8.0,ondemand,9.596,1.1995,instances.vantage.sh (AWS Price List mirror)
2026-09-14,AWS,me-south-1,g4dn.metal,T4,8.0,spot,0.9596,0.11995,instances.vantage.sh (AWS Price List mirror)
2026-09-14,AWS,me-south-1,g4dn.xlarge,T4,1.0,ondemand,0.645,0.645,instances.vantage.sh (AWS Price List mirror)
2026-09-14,AWS,me-south-1,g4dn.xlarge,T4,1.0,spot,0.129,0.129,instances.vantage.sh (AWS Price List mirror)
2026-09-14,AWS,me-south-1-mct-1,g4dn.2xlarge,T4,1.0,ondemand,1.153,1.153,instances.vantage.sh (AWS Price List mirror)
2026-09-14,AWS,sa-east-1,g4dn.12xlarge,T4,4.0,ondemand,6.649,1.66225,instances.vantage.sh (AWS Price List mirror)
2026-09-14,AWS,sa-east-1,g4dn.12xlarge,T4,4.0,spot,1.587267,0.39681675,instances.vantage.sh (AWS Price List mirror)
2026-09-14,AWS,sa-east-1,g4dn.16xlarge,T4,1.0,ondemand,7.397,7.397,instances.vantage.sh (AWS Price List mirror)
2026-09-14,AWS,sa-east-1,g4dn.16xlarge,T4,1.0,spot,0.7397,0.7397,instances.vantage.sh (AWS Price List mirror)
2026-09-14,AWS,sa-east-1,g4dn.2xlarge,T4,1.0,ondemand,1.278,1.278,instances.vantage.sh (AWS Price List mirror)
2026-09-14,AWS,sa-east-1,g4dn.2xlarge,T4,1.0,spot,0.130233,0.130233,instances.vantage.sh (AWS Price List mirror)
2026-09-14,AWS,sa-east-1,g4dn.4xlarge,T4,1.0,ondemand,2.046,2.046,instances.vantage.sh (AWS Price List mirror)
2026-09-14,AWS,sa-east-1,g4dn.4xlarge,T4,1.0,spot,0.212067,0.212067,instances.vantage.sh (AWS Price List mirror)
2026-09-14,AWS,sa-east-1,g4dn.8xlarge,T4,1.0,ondemand,3.698,3.698,instances.vantage.sh (AWS Price List mirror)
2026-09-14,AWS,sa-east-1,g4dn.8xlarge,T4,1.0,spot,0.3698,0.3698,instances.vantage.sh (AWS Price List mirror)
2026-09-14,AWS,sa-east-1,g4dn.metal,T4,8.0,ondemand,13.298,1.66225,instances.vantage.sh (AWS Price List mirror)
2026-09-14,AWS,sa-east-1,g4dn.metal,T4,8.0,spot,2.0878,0.260975,instances.vantage.sh (AWS Price List mirror)
2026-09-14,AWS,sa-east-1,g4dn.xlarge,T4,1.0,ondemand,0.894,0.894,instances.vantage.sh (AWS Price List mirror)
2026-09-14,AWS,sa-east-1,g4dn.xlarge,T4,1.0,spot,0.0923,0.0923,instances.vantage.sh (AWS Price List mirror)
2026-09-14,AWS,sa-east-1,g5.12xlarge,A10G,4.0,ondemand,9.64127,2.4103175,instances.vantage.sh (AWS Price List mirror)
2026-09-14,AWS,sa-east-1,g5.12xlarge,A10G,4.0,spot,8.1121,2.028025,instances.vantage.sh (AWS Price List mirror)
2026-09-14,AWS,sa-east-1,g5.16xlarge,A10G,1.0,ondemand,6.96239,6.96239,instances.vantage.sh (AWS Price List mirror)
2026-09-14,AWS,sa-east-1,g5.16xlarge,A10G,1.0,spot,5.8588,5.8588,instances.vantage.sh (AWS Price List mirror)
2026-09-14,AWS,sa-east-1,g5.24xlarge,A10G,4.0,ondemand,13.84318,3.460795,instances.vantage.sh (AWS Price List mirror)
2026-09-14,AWS,sa-east-1,g5.24xlarge,A10G,4.0,spot,8.40925,2.1023125,instances.vantage.sh (AWS Price List mirror)
2026-09-14,AWS,sa-east-1,g5.2xlarge,A10G,1.0,ondemand,2.06016,2.06016,instances.vantage.sh (AWS Price List mirror)
2026-09-14,AWS,sa-east-1,g5.2xlarge,A10G,1.0,spot,0.3839,0.3839,instances.vantage.sh (AWS Price List mirror)
2026-09-14,AWS,sa-east-1,g5.48xlarge,A10G,8.0,ondemand,27.68636,3.460795,instances.vantage.sh (AWS Price List mirror)
2026-09-14,AWS,sa-east-1,g5.48xlarge,A10G,8.0,spot,23.29795,2.91224375,instances.vantage.sh (AWS Price List mirror)
2026-09-14,AWS,sa-east-1,g5.4xlarge,A10G,1.0,ondemand,2.76048,2.76048,instances.vantage.sh (AWS Price List mirror)
2026-09-14,AWS,sa-east-1,g5.4xlarge,A10G,1.0,spot,0.534,0.534,instances.vantage.sh (AWS Price List mirror)
2026-09-14,AWS,sa-east-1,g5.8xlarge,A10G,1.0,ondemand,4.16111,4.16111,instances.vantage.sh (AWS Price List mirror)
2026-09-14,AWS,sa-east-1,g5.8xlarge,A10G,1.0,spot,2.33985,2.33985,instances.vantage.sh (AWS Price List mirror)
2026-09-14,AWS,sa-east-1,g5.xlarge,A10G,1.0,ondemand,1.71,1.71,instances.vantage.sh (AWS Price List mirror)
2026-09-14,AWS,sa-east-1,g5.xlarge,A10G,1.0,spot,0.2665,0.2665,instances.vantage.sh (AWS Price List mirror)
2026-09-14,AWS,sa-east-1,g6.12xlarge,L4,4.0,ondemand,7.82181,1.9554525,instances.vantage.sh (AWS Price List mirror)
2026-09-14,AWS,sa-east-1,g6.12xlarge,L4,4.0,spot,1.34115,0.3352875,instances.vantage.sh (AWS Price List mirror)
2026-09-14,AWS,sa-east-1,g6.16xlarge,L4,1.0,ondemand,5.77388,5.77388,instances.vantage.sh (AWS Price List mirror)
2026-09-14,AWS,sa-east-1,g6.16xlarge,L4,1.0,spot,0.97915,0.97915,instances.vantage.sh (AWS Price List mirror)
2026-09-14,AWS,sa-east-1,g6.24xlarge,L4,4.0,ondemand,11.34651,2.8366275,instances.vantage.sh (AWS Price List mirror)
2026-09-14,AWS,sa-east-1,g6.24xlarge,L4,4.0,spot,2.4016,0.6004,instances.vantage.sh (AWS Price List mirror)
2026-09-14,AWS,sa-east-1,g6.2xlarge,L4,1.0,ondemand,1.66173,1.66173,instances.vantage.sh (AWS Price List mirror)
2026-09-14,AWS,sa-east-1,g6.2xlarge,L4,1.0,spot,0.2442,0.2442,instances.vantage.sh (AWS Price List mirror)
2026-09-14,AWS,sa-east-1,g6.48xlarge,L4,8.0,ondemand,22.69303,2.83662875,instances.vantage.sh (AWS Price List mirror)
2026-09-14,AWS,sa-east-1,g6.48xlarge,L4,8.0,spot,4.3111,0.5388875,instances.vantage.sh (AWS Price List mirror)
2026-09-14,AWS,sa-east-1,g6.4xlarge,L4,1.0,ondemand,2.24918,2.24918,instances.vantage.sh (AWS Price List mirror)
2026-09-14,AWS,sa-east-1,g6.4xlarge,L4,1.0,spot,0.3219,0.3219,instances.vantage.sh (AWS Price List mirror)
2026-09-14,AWS,sa-east-1,g6.8xlarge,L4,1.0,ondemand,3.42408,3.42408,instances.vantage.sh (AWS Price List mirror)
2026-09-14,AWS,sa-east-1,g6.8xlarge,L4,1.0,spot,0.38155,0.38155,instances.vantage.sh (AWS Price List mirror)
2026-09-14,AWS,sa-east-1,g6.xlarge,L4,1.0,ondemand,1.368,1.368,instances.vantage.sh (AWS Price List mirror)
2026-09-14,AWS,sa-east-1,g6.xlarge,L4,1.0,spot,0.2455,0.2455,instances.vantage.sh (AWS Price List mirror)
2026-09-14,AWS,sa-east-1,g6f.2xlarge,L4,0.25,ondemand,0.80742,3.22968,instances.vantage.sh (AWS Price List mirror)
2026-09-14,AWS,sa-east-1,g6f.2xlarge,L4,0.25,spot,0.2038,0.8152,instances.vantage.sh (AWS Price List mirror)
2026-09-14,AWS,sa-east-1,g6f.4xlarge,L4,0.5,ondemand,1.61483,3.22966,instances.vantage.sh (AWS Price List mirror)
2026-09-14,AWS,sa-east-1,g6f.4xlarge,L4,0.5,spot,0.48145,0.9629,instances.vantage.sh (AWS Price List mirror)
2026-09-14,AWS,sa-east-1,g6f.large,L4,0.125,ondemand,0.34336,2.74688,instances.vantage.sh (AWS Price List mirror)
2026-09-14,AWS,sa-east-1,g6f.large,L4,0.125,spot,0.0714,0.5712,instances.vantage.sh (AWS Price List mirror)
2026-09-14,AWS,sa-east-1,g6f.xlarge,L4,0.125,ondemand,0.40371,3.22968,instances.vantage.sh (AWS Price List mirror)
2026-09-14,AWS,sa-east-1,g6f.xlarge,L4,0.125,spot,0.0978,0.7824,instances.vantage.sh (AWS Price List mirror)
2026-09-14,AWS,sa-east-1,gr6.4xlarge,L4,1.0,ondemand,2.6164,2.6164,instances.vantage.sh (AWS Price List mirror)
2026-09-14,AWS,sa-east-1,gr6.4xlarge,L4,1.0,spot,0.2616,0.2616,instances.vantage.sh (AWS Price List mirror)
2026-09-14,AWS,sa-east-1,gr6.8xlarge,L4,1.0,ondemand,4.1585,4.1585,instances.vantage.sh (AWS Price List mirror)
2026-09-14,AWS,sa-east-1,gr6.8xlarge,L4,1.0,spot,0.76155,0.76155,instances.vantage.sh (AWS Price List mirror)
2026-09-14,AWS,sa-east-1,gr6f.4xlarge,L4,0.5,ondemand,1.81203,3.62406,instances.vantage.sh (AWS Price List mirror)
2026-09-14,AWS,sa-east-1,gr6f.4xlarge,L4,0.5,spot,0.48395,0.9679,instances.vantage.sh (AWS Price List mirror)
2026-09-14,AWS,sa-east-1,p4d.24xlarge,A100,8.0,ondemand,35.5569,4.4446125,instances.vantage.sh (AWS Price List mirror)
2026-09-14,AWS,sa-east-1,p4d.24xlarge,A100,8.0,spot,29.9175,3.7396875,instances.vantage.sh (AWS Price List mirror)
2026-09-14,AWS,sa-east-1,p5.48xlarge,H100,8.0,ondemand,92.4672,11.5584,instances.vantage.sh (AWS Price List mirror)
2026-09-14,AWS,sa-east-1,p5.48xlarge,H100,8.0,spot,77.8018,9.725225,instances.vantage.sh (AWS Price List mirror)
2026-09-14,AWS,sa-east-1,p5.4xlarge,H100,1.0,ondemand,11.5584,11.5584,instances.vantage.sh (AWS Price List mirror)
2026-09-14,AWS,sa-east-1,p5.4xlarge,H100,1.0,spot,9.7252,9.7252,instances.vantage.sh (AWS Price List mirror)
2026-09-14,AWS,sa-east-1,p6-b300.48xlarge,NVIDIA B300,8.0,ondemand,281.13,35.14125,instances.vantage.sh (AWS Price List mirror)
2026-09-14,AWS,sa-east-1,p6-b300.48xlarge,NVIDIA B300,8.0,spot,57.285,7.160625,instances.vantage.sh (AWS Price List mirror)
2026-09-14,AWS,us-east-1,g2.2xlarge,K520,1.0,ondemand,0.65,0.65,instances.vantage.sh (AWS Price List mirror)
2026-09-14,AWS,us-east-1,g2.8xlarge,K520,4.0,ondemand,2.6,0.65,instances.vantage.sh (AWS Price List mirror)
2026-09-14,AWS,us-east-1,g3.16xlarge,M60,4.0,ondemand,4.56,1.14,instances.vantage.sh (AWS Price List mirror)
2026-09-14,AWS,us-east-1,g3.4xlarge,M60,1.0,ondemand,1.14,1.14,instances.vantage.sh (AWS Price List mirror)
2026-09-14,AWS,us-east-1,g3.8xlarge,M60,2.0,ondemand,2.28,1.14,instances.vantage.sh (AWS Price List mirror)
2026-09-14,AWS,us-east-1,g3s.xlarge,M60,1.0,ondemand,0.75,0.75,instances.vantage.sh (AWS Price List mirror)
2026-09-14,AWS,us-east-1,g4ad.16xlarge,V520,4.0,ondemand,3.468,0.867,instances.vantage.sh (AWS Price List mirror)
2026-09-14,AWS,us-east-1,g4ad.16xlarge,V520,4.0,spot,2.334175,0.58354375,instances.vantage.sh (AWS Price List mirror)
2026-09-14,AWS,us-east-1,g4ad.2xlarge,V520,1.0,ondemand,0.54117,0.54117,instances.vantage.sh (AWS Price List mirror)
2026-09-14,AWS,us-east-1,g4ad.2xlarge,V520,1.0,spot,0.223125,0.223125,instances.vantage.sh (AWS Price List mirror)
2026-09-14,AWS,us-east-1,g4ad.4xlarge,V520,1.0,ondemand,0.867,0.867,instances.vantage.sh (AWS Price List mirror)
2026-09-14,AWS,us-east-1,g4ad.4xlarge,V520,1.0,spot,0.381475,0.381475,instances.vantage.sh (AWS Price List mirror)
2026-09-14,AWS,us-east-1,g4ad.8xlarge,V520,2.0,ondemand,1.734,0.867,instances.vantage.sh (AWS Price List mirror)
2026-09-14,AWS,us-east-1,g4ad.8xlarge,V520,2.0,spot,0.70325,0.351625,instances.vantage.sh (AWS Price List mirror)
2026-09-14,AWS,us-east-1,g4ad.xlarge,V520,1.0,ondemand,0.37853,0.37853,instances.vantage.sh (AWS Price List mirror)
2026-09-14,AWS,us-east-1,g4ad.xlarge,V520,1.0,spot,0.113625,0.113625,instances.vantage.sh (AWS Price List mirror)
2026-09-14,AWS,us-east-1,g4dn.12xlarge,T4,4.0,ondemand,3.912,0.978,instances.vantage.sh (AWS Price List mirror)
2026-09-14,AWS,us-east-1,g4dn.12xlarge,T4,4.0,spot,1.64056,0.41014,instances.vantage.sh (AWS Price List mirror)
2026-09-14,AWS,us-east-1,g4dn.16xlarge,T4,1.0,ondemand,4.352,4.352,instances.vantage.sh (AWS Price List mirror)
2026-09-14,AWS,us-east-1,g4dn.16xlarge,T4,1.0,spot,1.57286,1.57286,instances.vantage.sh (AWS Price List mirror)
2026-09-14,AWS,us-east-1,g4dn.2xlarge,T4,1.0,ondemand,0.752,0.752,instances.vantage.sh (AWS Price List mirror)
2026-09-14,AWS,us-east-1,g4dn.2xlarge,T4,1.0,spot,0.32466,0.32466,instances.vantage.sh (AWS Price List mirror)
2026-09-14,AWS,us-east-1,g4dn.4xlarge,T4,1.0,ondemand,1.204,1.204,instances.vantage.sh (AWS Price List mirror)
2026-09-14,AWS,us-east-1,g4dn.4xlarge,T4,1.0,spot,0.53104,0.53104,instances.vantage.sh (AWS Price List mirror)
2026-09-14,AWS,us-east-1,g4dn.8xlarge,T4,1.0,ondemand,2.176,2.176,instances.vantage.sh (AWS Price List mirror)
2026-09-14,AWS,us-east-1,g4dn.8xlarge,T4,1.0,spot,0.78864,0.78864,instances.vantage.sh (AWS Price List mirror)
2026-09-14,AWS,us-east-1,g4dn.metal,T4,8.0,ondemand,7.824,0.978,instances.vantage.sh (AWS Price List mirror)
2026-09-14,AWS,us-east-1,g4dn.metal,T4,8.0,spot,5.9398,0.742475,instances.vantage.sh (AWS Price List mirror)
2026-09-14,AWS,us-east-1,g4dn.xlarge,T4,1.0,ondemand,0.526,0.526,instances.vantage.sh (AWS Price List mirror)
2026-09-14,AWS,us-east-1,g4dn.xlarge,T4,1.0,spot,0.2814,0.2814,instances.vantage.sh (AWS Price List mirror)
2026-09-14,AWS,us-east-1,g5.12xlarge,A10G,4.0,ondemand,5.672,1.418,instances.vantage.sh (AWS Price List mirror)
2026-09-14,AWS,us-east-1,g5.12xlarge,A10G,4.0,spot,4.58336,1.14584,instances.vantage.sh (AWS Price List mirror)
2026-09-14,AWS,us-east-1,g5.16xlarge,A10G,1.0,ondemand,4.096,4.096,instances.vantage.sh (AWS Price List mirror)
2026-09-14,AWS,us-east-1,g5.16xlarge,A10G,1.0,spot,2.19992,2.19992,instances.vantage.sh (AWS Price List mirror)
2026-09-14,AWS,us-east-1,g5.24xlarge,A10G,4.0,ondemand,8.144,2.036,instances.vantage.sh (AWS Price List mirror)
2026-09-14,AWS,us-east-1,g5.24xlarge,A10G,4.0,spot,4.256,1.064,instances.vantage.sh (AWS Price List mirror)
2026-09-14,AWS,us-east-1,g5.2xlarge,A10G,1.0,ondemand,1.212,1.212,instances.vantage.sh (AWS Price List mirror)
2026-09-14,AWS,us-east-1,g5.2xlarge,A10G,1.0,spot,0.96472,0.96472,instances.vantage.sh (AWS Price List mirror)
2026-09-14,AWS,us-east-1,g5.48xlarge,A10G,8.0,ondemand,16.288,2.036,instances.vantage.sh (AWS Price List mirror)
2026-09-14,AWS,us-east-1,g5.48xlarge,A10G,8.0,spot,10.52362,1.3154525,instances.vantage.sh (AWS Price List mirror)
2026-09-14,AWS,us-east-1,g5.4xlarge,A10G,1.0,ondemand,1.624,1.624,instances.vantage.sh (AWS Price List mirror)
2026-09-14,AWS,us-east-1,g5.4xlarge,A10G,1.0,spot,1.00954,1.00954,instances.vantage.sh (AWS Price List mirror)
2026-09-14,AWS,us-east-1,g5.8xlarge,A10G,1.0,ondemand,2.448,2.448,instances.vantage.sh (AWS Price List mirror)
2026-09-14,AWS,us-east-1,g5.8xlarge,A10G,1.0,spot,1.3158,1.3158,instances.vantage.sh (AWS Price List mirror)
2026-09-14,AWS,us-east-1,g5.xlarge,A10G,1.0,ondemand,1.006,1.006,instances.vantage.sh (AWS Price List mirror)
2026-09-14,AWS,us-east-1,g5.xlarge,A10G,1.0,spot,0.65458,0.65458,instances.vantage.sh (AWS Price List mirror)
2026-09-14,AWS,us-east-1,g5g.16xlarge,T4G,2.0,ondemand,2.744,1.372,instances.vantage.sh (AWS Price List mirror)
2026-09-14,AWS,us-east-1,g5g.16xlarge,T4G,2.0,spot,0.803725,0.4018625,instances.vantage.sh (AWS Price List mirror)
2026-09-14,AWS,us-east-1,g5g.2xlarge,T4G,1.0,ondemand,0.556,0.556,instances.vantage.sh (AWS Price List mirror)
2026-09-14,AWS,us-east-1,g5g.2xlarge,T4G,1.0,spot,0.34275,0.34275,instances.vantage.sh (AWS Price List mirror)
2026-09-14,AWS,us-east-1,g5g.4xlarge,T4G,1.0,ondemand,0.828,0.828,instances.vantage.sh (AWS Price List mirror)
2026-09-14,AWS,us-east-1,g5g.4xlarge,T4G,1.0,spot,0.402625,0.402625,instances.vantage.sh (AWS Price List mirror)
2026-09-14,AWS,us-east-1,g5g.8xlarge,T4G,1.0,ondemand,1.372,1.372,instances.vantage.sh (AWS Price List mirror)
2026-09-14,AWS,us-east-1,g5g.8xlarge,T4G,1.0,spot,0.675575,0.675575,instances.vantage.sh (AWS Price List mirror)
2026-09-14,AWS,us-east-1,g5g.metal,T4G,2.0,ondemand,2.744,1.372,instances.vantage.sh (AWS Price List mirror)
2026-09-14,AWS,us-east-1,g5g.metal,T4G,2.0,spot,0.651075,0.3255375,instances.vantage.sh (AWS Price List mirror)
2026-09-14,AWS,us-east-1,g5g.xlarge,T4G,1.0,ondemand,0.42,0.42,instances.vantage.sh (AWS Price List mirror)
2026-09-14,AWS,us-east-1,g5g.xlarge,T4G,1.0,spot,0.1601,0.1601,instances.vantage.sh (AWS Price List mirror)
2026-09-14,AWS,us-east-1,g6.12xlarge,L4,4.0,ondemand,4.6016,1.1504,instances.vantage.sh (AWS Price List mirror)
2026-09-14,AWS,us-east-1,g6.12xlarge,L4,4.0,spot,3.57144,0.89286,instances.vantage.sh (AWS Price List mirror)
2026-09-14,AWS,us-east-1,g6.16xlarge,L4,1.0,ondemand,3.3968,3.3968,instances.vantage.sh (AWS Price List mirror)
2026-09-14,AWS,us-east-1,g6.16xlarge,L4,1.0,spot,1.52398,1.52398,instances.vantage.sh (AWS Price List mirror)
2026-09-14,AWS,us-east-1,g6.24xlarge,L4,4.0,ondemand,6.6752,1.6688,instances.vantage.sh (AWS Price List mirror)
2026-09-14,AWS,us-east-1,g6.24xlarge,L4,4.0,spot,4.2718,1.06795,instances.vantage.sh (AWS Price List mirror)
2026-09-14,AWS,us-east-1,g6.2xlarge,L4,1.0,ondemand,0.9776,0.9776,instances.vantage.sh (AWS Price List mirror)
2026-09-14,AWS,us-east-1,g6.2xlarge,L4,1.0,spot,0.94484,0.94484,instances.vantage.sh (AWS Price List mirror)
2026-09-14,AWS,us-east-1,g6.48xlarge,L4,8.0,ondemand,13.3504,1.6688,instances.vantage.sh (AWS Price List mirror)
2026-09-14,AWS,us-east-1,g6.48xlarge,L4,8.0,spot,8.1687,1.0210875,instances.vantage.sh (AWS Price List mirror)
2026-09-14,AWS,us-east-1,g6.4xlarge,L4,1.0,ondemand,1.3232,1.3232,instances.vantage.sh (AWS Price List mirror)
2026-09-14,AWS,us-east-1,g6.4xlarge,L4,1.0,spot,1.19326,1.19326,instances.vantage.sh (AWS Price List mirror)
2026-09-14,AWS,us-east-1,g6.8xlarge,L4,1.0,ondemand,2.0144,2.0144,instances.vantage.sh (AWS Price List mirror)
2026-09-14,AWS,us-east-1,g6.8xlarge,L4,1.0,spot,1.1699,1.1699,instances.vantage.sh (AWS Price List mirror)
2026-09-14,AWS,us-east-1,g6.xlarge,L4,1.0,ondemand,0.8048,0.8048,instances.vantage.sh (AWS Price List mirror)
2026-09-14,AWS,us-east-1,g6.xlarge,L4,1.0,spot,0.66208,0.66208,instances.vantage.sh (AWS Price List mirror)
2026-09-14,AWS,us-east-1,g6e.12xlarge,L40S,4.0,ondemand,10.49264,2.62316,instances.vantage.sh (AWS Price List mirror)
2026-09-14,AWS,us-east-1,g6e.12xlarge,L40S,4.0,spot,8.169525,2.04238125,instances.vantage.sh (AWS Price List mirror)
2026-09-14,AWS,us-east-1,g6e.16xlarge,L40S,1.0,ondemand,7.57719,7.57719,instances.vantage.sh (AWS Price List mirror)
2026-09-14,AWS,us-east-1,g6e.16xlarge,L40S,1.0,spot,2.802875,2.802875,instances.vantage.sh (AWS Price List mirror)
2026-09-14,AWS,us-east-1,g6e.24xlarge,L40S,4.0,ondemand,15.06559,3.7663975,instances.vantage.sh (AWS Price List mirror)
2026-09-14,AWS,us-east-1,g6e.24xlarge,L40S,4.0,spot,6.764125,1.69103125,instances.vantage.sh (AWS Price List mirror)
2026-09-14,AWS,us-east-1,g6e.2xlarge,L40S,1.0,ondemand,2.24208,2.24208,instances.vantage.sh (AWS Price List mirror)
2026-09-14,AWS,us-east-1,g6e.2xlarge,L40S,1.0,spot,2.1895,2.1895,instances.vantage.sh (AWS Price List mirror)
2026-09-14,AWS,us-east-1,g6e.48xlarge,L40S,8.0,ondemand,30.13118,3.7663975,instances.vantage.sh (AWS Price List mirror)
2026-09-14,AWS,us-east-1,g6e.48xlarge,L40S,8.0,spot,15.215325,1.901915625,instances.vantage.sh (AWS Price List mirror)
2026-09-14,AWS,us-east-1,g6e.4xlarge,L40S,1.0,ondemand,3.00424,3.00424,instances.vantage.sh (AWS Price List mirror)
2026-09-14,AWS,us-east-1,g6e.4xlarge,L40S,1.0,spot,1.9303,1.9303,instances.vantage.sh (AWS Price List mirror)
2026-09-14,AWS,us-east-1,g6e.8xlarge,L40S,1.0,ondemand,4.52856,4.52856,instances.vantage.sh (AWS Price List mirror)
2026-09-14,AWS,us-east-1,g6e.8xlarge,L40S,1.0,spot,2.0586,2.0586,instances.vantage.sh (AWS Price List mirror)
2026-09-14,AWS,us-east-1,g6e.xlarge,L40S,1.0,ondemand,1.861,1.861,instances.vantage.sh (AWS Price List mirror)
2026-09-14,AWS,us-east-1,g6e.xlarge,L40S,1.0,spot,1.690275,1.690275,instances.vantage.sh (AWS Price List mirror)
2026-09-14,AWS,us-east-1,g6f.2xlarge,L4,0.25,ondemand,0.475,1.9,instances.vantage.sh (AWS Price List mirror)
2026-09-14,AWS,us-east-1,g6f.2xlarge,L4,0.25,spot,0.292025,1.1681,instances.vantage.sh (AWS Price List mirror)
2026-09-14,AWS,us-east-1,g6f.4xlarge,L4,0.5,ondemand,0.95,1.9,instances.vantage.sh (AWS Price List mirror)
2026-09-14,AWS,us-east-1,g6f.4xlarge,L4,0.5,spot,0.339675,0.67935,instances.vantage.sh (AWS Price List mirror)
2026-09-14,AWS,us-east-1,g6f.large,L4,0.125,ondemand,0.202,1.616,instances.vantage.sh (AWS Price List mirror)
2026-09-14,AWS,us-east-1,g6f.large,L4,0.125,spot,0.082875,0.663,instances.vantage.sh (AWS Price List mirror)
2026-09-14,AWS,us-east-1,g6f.xlarge,L4,0.125,ondemand,0.2375,1.9,instances.vantage.sh (AWS Price List mirror)
2026-09-14,AWS,us-east-1,g6f.xlarge,L4,0.125,spot,0.106475,0.8518,instances.vantage.sh (AWS Price List mirror)
2026-09-14,AWS,us-east-1,g7.12xlarge,NVIDIA RTX PRO 4500 Blackwell,2.0,ondemand,7.12832,3.56416,instances.vantage.sh (AWS Price List mirror)
2026-09-14,AWS,us-east-1,g7.12xlarge,NVIDIA RTX PRO 4500 Blackwell,2.0,spot,1.293875,0.6469375,instances.vantage.sh (AWS Price List mirror)
2026-09-14,AWS,us-east-1,g7.24xlarge,NVIDIA RTX PRO 4500 Blackwell,4.0,ondemand,14.25664,3.56416,instances.vantage.sh (AWS Price List mirror)
2026-09-14,AWS,us-east-1,g7.24xlarge,NVIDIA RTX PRO 4500 Blackwell,4.0,spot,2.357925,0.58948125,instances.vantage.sh (AWS Price List mirror)
2026-09-14,AWS,us-east-1,g7.2xlarge,NVIDIA RTX PRO 4500 Blackwell,1.0,ondemand,2.52,2.52,instances.vantage.sh (AWS Price List mirror)
2026-09-14,AWS,us-east-1,g7.2xlarge,NVIDIA RTX PRO 4500 Blackwell,1.0,spot,0.741475,0.741475,instances.vantage.sh (AWS Price List mirror)
2026-09-14,AWS,us-east-1,g7.48xlarge,NVIDIA RTX PRO 4500 Blackwell,8.0,ondemand,28.51328,3.56416,instances.vantage.sh (AWS Price List mirror)
2026-09-14,AWS,us-east-1,g7.48xlarge,NVIDIA RTX PRO 4500 Blackwell,8.0,spot,5.876825,0.734603125,instances.vantage.sh (AWS Price List mirror)
2026-09-14,AWS,us-east-1,g7.4xlarge,NVIDIA RTX PRO 4500 Blackwell,1.0,ondemand,3.04208,3.04208,instances.vantage.sh (AWS Price List mirror)
2026-09-14,AWS,us-east-1,g7.4xlarge,NVIDIA RTX PRO 4500 Blackwell,1.0,spot,0.81775,0.81775,instances.vantage.sh (AWS Price List mirror)
2026-09-14,AWS,us-east-1,g7.8xlarge,NVIDIA RTX PRO 4500 Blackwell,1.0,ondemand,4.08624,4.08624,instances.vantage.sh (AWS Price List mirror)
2026-09-14,AWS,us-east-1,g7.8xlarge,NVIDIA RTX PRO 4500 Blackwell,1.0,spot,0.78985,0.78985,instances.vantage.sh (AWS Price List mirror)
2026-09-14,AWS,us-east-1,g7e.12xlarge,NVIDIA RTX PRO 6000 Blackwell,2.0,ondemand,8.28608,4.14304,instances.vantage.sh (AWS Price List mirror)
2026-09-14,AWS,us-east-1,g7e.12xlarge,NVIDIA RTX PRO 6000 Blackwell,2.0,spot,5.8894,2.9447,instances.vantage.sh (AWS Price List mirror)
2026-09-14,AWS,us-east-1,g7e.24xlarge,NVIDIA RTX PRO 6000 Blackwell,4.0,ondemand,16.57216,4.14304,instances.vantage.sh (AWS Price List mirror)
2026-09-14,AWS,us-east-1,g7e.24xlarge,NVIDIA RTX PRO 6000 Blackwell,4.0,spot,10.359,2.58975,instances.vantage.sh (AWS Price List mirror)
2026-09-14,AWS,us-east-1,g7e.2xlarge,NVIDIA RTX PRO 6000 Blackwell,1.0,ondemand,3.36312,3.36312,instances.vantage.sh (AWS Price List mirror)
2026-09-14,AWS,us-east-1,g7e.2xlarge,NVIDIA RTX PRO 6000 Blackwell,1.0,spot,1.5871,1.5871,instances.vantage.sh (AWS Price List mirror)
2026-09-14,AWS,us-east-1,g7e.48xlarge,NVIDIA RTX PRO 6000 Blackwell,8.0,ondemand,33.14432,4.14304,instances.vantage.sh (AWS Price List mirror)
2026-09-14,AWS,us-east-1,g7e.48xlarge,NVIDIA RTX PRO 6000 Blackwell,8.0,spot,19.6583,2.4572875,instances.vantage.sh (AWS Price List mirror)
2026-09-14,AWS,us-east-1,g7e.4xlarge,NVIDIA RTX PRO 6000 Blackwell,1.0,ondemand,3.99816,3.99816,instances.vantage.sh (AWS Price List mirror)
2026-09-14,AWS,us-east-1,g7e.4xlarge,NVIDIA RTX PRO 6000 Blackwell,1.0,spot,2.42925,2.42925,instances.vantage.sh (AWS Price List mirror)
2026-09-14,AWS,us-east-1,g7e.8xlarge,NVIDIA RTX PRO 6000 Blackwell,1.0,ondemand,5.26824,5.26824,instances.vantage.sh (AWS Price List mirror)
2026-09-14,AWS,us-east-1,g7e.8xlarge,NVIDIA RTX PRO 6000 Blackwell,1.0,spot,4.12755,4.12755,instances.vantage.sh (AWS Price List mirror)
2026-09-14,AWS,us-east-1,gr6.4xlarge,L4,1.0,ondemand,1.5392,1.5392,instances.vantage.sh (AWS Price List mirror)
2026-09-14,AWS,us-east-1,gr6.4xlarge,L4,1.0,spot,1.01265,1.01265,instances.vantage.sh (AWS Price List mirror)
2026-09-14,AWS,us-east-1,gr6.8xlarge,L4,1.0,ondemand,2.4464,2.4464,instances.vantage.sh (AWS Price List mirror)
2026-09-14,AWS,us-east-1,gr6.8xlarge,L4,1.0,spot,1.305475,1.305475,instances.vantage.sh (AWS Price List mirror)
2026-09-14,AWS,us-east-1,gr6f.4xlarge,L4,0.5,ondemand,1.066,2.132,instances.vantage.sh (AWS Price List mirror)
2026-09-14,AWS,us-east-1,gr6f.4xlarge,L4,0.5,spot,0.53035,1.0607,instances.vantage.sh (AWS Price List mirror)
2026-09-14,AWS,us-east-1,p2.16xlarge,K80,16.0,ondemand,14.4,0.9,instances.vantage.sh (AWS Price List mirror)
2026-09-14,AWS,us-east-1,p2.8xlarge,K80,8.0,ondemand,7.2,0.9,instances.vantage.sh (AWS Price List mirror)
2026-09-14,AWS,us-east-1,p2.xlarge,K80,1.0,ondemand,0.9,0.9,instances.vantage.sh (AWS Price List mirror)
2026-09-14,AWS,us-east-1,p3.16xlarge,V100,8.0,ondemand,24.48,3.06,instances.vantage.sh (AWS Price List mirror)
2026-09-14,AWS,us-east-1,p3.16xlarge,V100,8.0,spot,3.1824,0.3978,instances.vantage.sh (AWS Price List mirror)
2026-09-14,AWS,us-east-1,p3.2xlarge,V100,1.0,ondemand,3.06,3.06,instances.vantage.sh (AWS Price List mirror)
2026-09-14,AWS,us-east-1,p3.2xlarge,V100,1.0,spot,0.4284,0.4284,instances.vantage.sh (AWS Price List mirror)
2026-09-14,AWS,us-east-1,p3.8xlarge,V100,4.0,ondemand,12.24,3.06,instances.vantage.sh (AWS Price List mirror)
2026-09-14,AWS,us-east-1,p3.8xlarge,V100,4.0,spot,1.836,0.459,instances.vantage.sh (AWS Price List mirror)
2026-09-14,AWS,us-east-1,p3dn.24xlarge,V100,8.0,ondemand,31.212,3.9015,instances.vantage.sh (AWS Price List mirror)
2026-09-14,AWS,us-east-1,p3dn.24xlarge,V100,8.0,spot,4.228,0.5285,instances.vantage.sh (AWS Price List mirror)
2026-09-14,AWS,us-east-1,p4d.24xlarge,A100,8.0,ondemand,21.957642,2.74470525,instances.vantage.sh (AWS Price List mirror)
2026-09-14,AWS,us-east-1,p4d.24xlarge,A100,8.0,spot,16.12405,2.01550625,instances.vantage.sh (AWS Price List mirror)
2026-09-14,AWS,us-east-1,p4de.24xlarge,A100,8.0,ondemand,27.44705,3.43088125,instances.vantage.sh (AWS Price List mirror)
2026-09-14,AWS,us-east-1,p4de.24xlarge,A100,8.0,spot,23.45665,2.93208125,instances.vantage.sh (AWS Price List mirror)
2026-09-14,AWS,us-east-1,p5.48xlarge,H100,8.0,ondemand,55.04,6.88,instances.vantage.sh (AWS Price List mirror)
2026-09-14,AWS,us-east-1,p5.48xlarge,H100,8.0,spot,20.79005,2.59875625,instances.vantage.sh (AWS Price List mirror)
2026-09-14,AWS,us-east-1,p5.4xlarge,H100,1.0,ondemand,6.88,6.88,instances.vantage.sh (AWS Price List mirror)
2026-09-14,AWS,us-east-1,p5.4xlarge,H100,1.0,spot,2.6295,2.6295,instances.vantage.sh (AWS Price List mirror)
2026-09-14,AWS,us-east-1,p5en.48xlarge,H200,8.0,ondemand,63.296,7.912,instances.vantage.sh (AWS Price List mirror)
2026-09-14,AWS,us-east-1,p5en.48xlarge,H200,8.0,spot,27.0528,3.3816,instances.vantage.sh (AWS Price List mirror)
2026-09-14,AWS,us-east-1,p6-b200.48xlarge,B200,8.0,ondemand,113.9328,14.2416,instances.vantage.sh (AWS Price List mirror)
2026-09-14,AWS,us-east-1,p6-b200.48xlarge,B200,8.0,spot,42.0641,5.2580125,instances.vantage.sh (AWS Price List mirror)
2026-09-14,AWS,us-east-1,p6-b300.48xlarge,NVIDIA B300,8.0,ondemand,142.416,17.802,instances.vantage.sh (AWS Price List mirror)
2026-09-14,AWS,us-east-1,p6-b300.48xlarge,NVIDIA B300,8.0,spot,44.80325,5.60040625,instances.vantage.sh (AWS Price List mirror)
2026-09-14,AWS,us-east-1-atl-1,g4dn.2xlarge,T4,1.0,ondemand,1.015,1.015,instances.vantage.sh (AWS Price List mirror)
2026-09-14,AWS,us-east-1-atl-1,p5.48xlarge,H100,8.0,ondemand,55.04,6.88,instances.vantage.sh (AWS Price List mirror)
2026-09-14,AWS,us-east-1-atl-1,p5en.48xlarge,H200,8.0,ondemand,63.296,7.912,instances.vantage.sh (AWS Price List mirror)
2026-09-14,AWS,us-east-1-atl-1,p6-b200.48xlarge,B200,8.0,ondemand,113.9328,14.2416,instances.vantage.sh (AWS Price List mirror)
2026-09-14,AWS,us-east-1-atl-1,p6-b300.48xlarge,NVIDIA B300,8.0,ondemand,142.416,17.802,instances.vantage.sh (AWS Price List mirror)
2026-09-14,AWS,us-east-1-bos-1,g4dn.2xlarge,T4,1.0,ondemand,1.015,1.015,instances.vantage.sh (AWS Price List mirror)
2026-09-14,AWS,us-east-1-bos-1,g4dn.4xlarge,T4,1.0,ondemand,1.625,1.625,instances.vantage.sh (AWS Price List mirror)
2026-09-14,AWS,us-east-1-chi-1,g4dn.2xlarge,T4,1.0,ondemand,1.015,1.015,instances.vantage.sh (AWS Price List mirror)
2026-09-14,AWS,us-east-1-chi-1,g4dn.4xlarge,T4,1.0,ondemand,1.625,1.625,instances.vantage.sh (AWS Price List mirror)
2026-09-14,AWS,us-east-1-dfw-1,g4dn.2xlarge,T4,1.0,ondemand,1.015,1.015,instances.vantage.sh (AWS Price List mirror)
2026-09-14,AWS,us-east-1-dfw-1,g4dn.4xlarge,T4,1.0,ondemand,1.625,1.625,instances.vantage.sh (AWS Price List mirror)
2026-09-14,AWS,us-east-1-iah-1,g4dn.2xlarge,T4,1.0,ondemand,1.015,1.015,instances.vantage.sh (AWS Price List mirror)
2026-09-14,AWS,us-east-1-iah-1,g4dn.4xlarge,T4,1.0,ondemand,1.625,1.625,instances.vantage.sh (AWS Price List mirror)
2026-09-14,AWS,us-east-1-lim-1,g4dn.2xlarge,T4,1.0,ondemand,1.725,1.725,instances.vantage.sh (AWS Price List mirror)
2026-09-14,AWS,us-east-1-mci-1,g4dn.2xlarge,T4,1.0,ondemand,1.015,1.015,instances.vantage.sh (AWS Price List mirror)
2026-09-14,AWS,us-east-1-mia-1,g4dn.2xlarge,T4,1.0,ondemand,1.015,1.015,instances.vantage.sh (AWS Price List mirror)
2026-09-14,AWS,us-east-1-msp-1,g4dn.2xlarge,T4,1.0,ondemand,1.015,1.015,instances.vantage.sh (AWS Price List mirror)
2026-09-14,AWS,us-east-1-nyc-1,g4dn.2xlarge,T4,1.0,ondemand,1.015,1.015,instances.vantage.sh (AWS Price List mirror)
2026-09-14,AWS,us-east-1-nyc-1,g4dn.4xlarge,T4,1.0,ondemand,1.625,1.625,instances.vantage.sh (AWS Price List mirror)
2026-09-14,AWS,us-east-1-phl-1,g4dn.2xlarge,T4,1.0,ondemand,1.015,1.015,instances.vantage.sh (AWS Price List mirror)
2026-09-14,AWS,us-east-1-phl-1,g4dn.4xlarge,T4,1.0,ondemand,1.625,1.625,instances.vantage.sh (AWS Price List mirror)
2026-09-14,AWS,us-east-1-qro-1,g4dn.2xlarge,T4,1.0,ondemand,1.09,1.09,instances.vantage.sh (AWS Price List mirror)
2026-09-14,AWS,us-east-1-qro-1,g4dn.4xlarge,T4,1.0,ondemand,1.746,1.746,instances.vantage.sh (AWS Price List mirror)
2026-09-14,AWS,us-east-1-scl-1,g4dn.2xlarge,T4,1.0,ondemand,1.47,1.47,instances.vantage.sh (AWS Price List mirror)
2026-09-14,AWS,us-east-1-wl1,g4dn.2xlarge,T4,1.0,ondemand,1.317,1.317,instances.vantage.sh (AWS Price List mirror)
2026-09-14,AWS,us-east-1-wl1-atl1,g4dn.2xlarge,T4,1.0,ondemand,1.317,1.317,instances.vantage.sh (AWS Price List mirror)
2026-09-14,AWS,us-east-1-wl1-bna1,g4dn.2xlarge,T4,1.0,ondemand,1.317,1.317,instances.vantage.sh (AWS Price List mirror)
2026-09-14,AWS,us-east-1-wl1-chi1,g4dn.2xlarge,T4,1.0,ondemand,1.317,1.317,instances.vantage.sh (AWS Price List mirror)
2026-09-14,AWS,us-east-1-wl1-clt1,g4dn.2xlarge,T4,1.0,ondemand,1.317,1.317,instances.vantage.sh (AWS Price List mirror)
2026-09-14,AWS,us-east-1-wl1-dfw1,g4dn.2xlarge,T4,1.0,ondemand,1.317,1.317,instances.vantage.sh (AWS Price List mirror)
2026-09-14,AWS,us-east-1-wl1-dtw1,g4dn.2xlarge,T4,1.0,ondemand,1.317,1.317,instances.vantage.sh (AWS Price List mirror)
2026-09-14,AWS,us-east-1-wl1-iah1,g4dn.2xlarge,T4,1.0,ondemand,1.317,1.317,instances.vantage.sh (AWS Price List mirror)
2026-09-14,AWS,us-east-1-wl1-mia1,g4dn.2xlarge,T4,1.0,ondemand,1.317,1.317,instances.vantage.sh (AWS Price List mirror)
2026-09-14,AWS,us-east-1-wl1-msp1,g4dn.2xlarge,T4,1.0,ondemand,1.317,1.317,instances.vantage.sh (AWS Price List mirror)
2026-09-14,AWS,us-east-1-wl1-nyc1,g4dn.2xlarge,T4,1.0,ondemand,1.317,1.317,instances.vantage.sh (AWS Price List mirror)
2026-09-14,AWS,us-east-1-wl1-tpa1,g4dn.2xlarge,T4,1.0,ondemand,1.317,1.317,instances.vantage.sh (AWS Price List mirror)
2026-09-14,AWS,us-east-1-wl1-was1,g4dn.2xlarge,T4,1.0,ondemand,1.317,1.317,instances.vantage.sh (AWS Price List mirror)
2026-09-14,AWS,us-east-2,g3.16xlarge,M60,4.0,ondemand,4.56,1.14,instances.vantage.sh (AWS Price List mirror)
2026-09-14,AWS,us-east-2,g3.4xlarge,M60,1.0,ondemand,1.14,1.14,instances.vantage.sh (AWS Price List mirror)
2026-09-14,AWS,us-east-2,g3.8xlarge,M60,2.0,ondemand,2.28,1.14,instances.vantage.sh (AWS Price List mirror)
2026-09-14,AWS,us-east-2,g3s.xlarge,M60,1.0,ondemand,0.75,0.75,instances.vantage.sh (AWS Price List mirror)
2026-09-14,AWS,us-east-2,g4ad.16xlarge,V520,4.0,ondemand,3.468,0.867,instances.vantage.sh (AWS Price List mirror)
2026-09-14,AWS,us-east-2,g4ad.16xlarge,V520,4.0,spot,1.651267,0.41281675,instances.vantage.sh (AWS Price List mirror)
2026-09-14,AWS,us-east-2,g4ad.2xlarge,V520,1.0,ondemand,0.54117,0.54117,instances.vantage.sh (AWS Price List mirror)
2026-09-14,AWS,us-east-2,g4ad.2xlarge,V520,1.0,spot,0.2555,0.2555,instances.vantage.sh (AWS Price List mirror)
2026-09-14,AWS,us-east-2,g4ad.4xlarge,V520,1.0,ondemand,0.867,0.867,instances.vantage.sh (AWS Price List mirror)
2026-09-14,AWS,us-east-2,g4ad.4xlarge,V520,1.0,spot,0.4136,0.4136,instances.vantage.sh (AWS Price List mirror)
2026-09-14,AWS,us-east-2,g4ad.8xlarge,V520,2.0,ondemand,1.734,0.867,instances.vantage.sh (AWS Price List mirror)
2026-09-14,AWS,us-east-2,g4ad.8xlarge,V520,2.0,spot,0.810767,0.4053835,instances.vantage.sh (AWS Price List mirror)
2026-09-14,AWS,us-east-2,g4ad.xlarge,V520,1.0,ondemand,0.37853,0.37853,instances.vantage.sh (AWS Price List mirror)
2026-09-14,AWS,us-east-2,g4ad.xlarge,V520,1.0,spot,0.183233,0.183233,instances.vantage.sh (AWS Price List mirror)
2026-09-14,AWS,us-east-2,g4dn.12xlarge,T4,4.0,ondemand,3.912,0.978,instances.vantage.sh (AWS Price List mirror)
2026-09-14,AWS,us-east-2,g4dn.12xlarge,T4,4.0,spot,2.026833,0.50670825,instances.vantage.sh (AWS Price List mirror)
2026-09-14,AWS,us-east-2,g4dn.16xlarge,T4,1.0,ondemand,4.352,4.352,instances.vantage.sh (AWS Price List mirror)
2026-09-14,AWS,us-east-2,g4dn.16xlarge,T4,1.0,spot,2.023433,2.023433,instances.vantage.sh (AWS Price List mirror)
2026-09-14,AWS,us-east-2,g4dn.2xlarge,T4,1.0,ondemand,0.752,0.752,instances.vantage.sh (AWS Price List mirror)
2026-09-14,AWS,us-east-2,g4dn.2xlarge,T4,1.0,spot,0.3742,0.3742,instances.vantage.sh (AWS Price List mirror)
2026-09-14,AWS,us-east-2,g4dn.4xlarge,T4,1.0,ondemand,1.204,1.204,instances.vantage.sh (AWS Price List mirror)
2026-09-14,AWS,us-east-2,g4dn.4xlarge,T4,1.0,spot,0.625933,0.625933,instances.vantage.sh (AWS Price List mirror)
2026-09-14,AWS,us-east-2,g4dn.8xlarge,T4,1.0,ondemand,2.176,2.176,instances.vantage.sh (AWS Price List mirror)
2026-09-14,AWS,us-east-2,g4dn.8xlarge,T4,1.0,spot,1.0401,1.0401,instances.vantage.sh (AWS Price List mirror)
2026-09-14,AWS,us-east-2,g4dn.metal,T4,8.0,ondemand,7.824,0.978,instances.vantage.sh (AWS Price List mirror)
2026-09-14,AWS,us-east-2,g4dn.metal,T4,8.0,spot,4.154,0.51925,instances.vantage.sh (AWS Price List mirror)
2026-09-14,AWS,us-east-2,g4dn.xlarge,T4,1.0,ondemand,0.526,0.526,instances.vantage.sh (AWS Price List mirror)
2026-09-14,AWS,us-east-2,g4dn.xlarge,T4,1.0,spot,0.2714,0.2714,instances.vantage.sh (AWS Price List mirror)
2026-09-14,AWS,us-east-2,g5.12xlarge,A10G,4.0,ondemand,5.672,1.418,instances.vantage.sh (AWS Price List mirror)
2026-09-14,AWS,us-east-2,g5.12xlarge,A10G,4.0,spot,3.077533,0.76938325,instances.vantage.sh (AWS Price List mirror)
2026-09-14,AWS,us-east-2,g5.16xlarge,A10G,1.0,ondemand,4.096,4.096,instances.vantage.sh (AWS Price List mirror)
2026-09-14,AWS,us-east-2,g5.16xlarge,A10G,1.0,spot,1.918433,1.918433,instances.vantage.sh (AWS Price List mirror)
2026-09-14,AWS,us-east-2,g5.24xlarge,A10G,4.0,ondemand,8.144,2.036,instances.vantage.sh (AWS Price List mirror)
2026-09-14,AWS,us-east-2,g5.24xlarge,A10G,4.0,spot,4.209267,1.05231675,instances.vantage.sh (AWS Price List mirror)
2026-09-14,AWS,us-east-2,g5.2xlarge,A10G,1.0,ondemand,1.212,1.212,instances.vantage.sh (AWS Price List mirror)
2026-09-14,AWS,us-east-2,g5.2xlarge,A10G,1.0,spot,0.668567,0.668567,instances.vantage.sh (AWS Price List mirror)
2026-09-14,AWS,us-east-2,g5.48xlarge,A10G,8.0,ondemand,16.288,2.036,instances.vantage.sh (AWS Price List mirror)
2026-09-14,AWS,us-east-2,g5.48xlarge,A10G,8.0,spot,10.8727,1.3590875,instances.vantage.sh (AWS Price List mirror)
2026-09-14,AWS,us-east-2,g5.4xlarge,A10G,1.0,ondemand,1.624,1.624,instances.vantage.sh (AWS Price List mirror)
2026-09-14,AWS,us-east-2,g5.4xlarge,A10G,1.0,spot,0.866767,0.866767,instances.vantage.sh (AWS Price List mirror)
2026-09-14,AWS,us-east-2,g5.8xlarge,A10G,1.0,ondemand,2.448,2.448,instances.vantage.sh (AWS Price List mirror)
2026-09-14,AWS,us-east-2,g5.8xlarge,A10G,1.0,spot,1.222633,1.222633,instances.vantage.sh (AWS Price List mirror)
2026-09-14,AWS,us-east-2,g5.xlarge,A10G,1.0,ondemand,1.006,1.006,instances.vantage.sh (AWS Price List mirror)
2026-09-14,AWS,us-east-2,g5.xlarge,A10G,1.0,spot,0.528633,0.528633,instances.vantage.sh (AWS Price List mirror)
2026-09-14,AWS,us-east-2,g6.12xlarge,L4,4.0,ondemand,4.6016,1.1504,instances.vantage.sh (AWS Price List mirror)
2026-09-14,AWS,us-east-2,g6.12xlarge,L4,4.0,spot,2.348933,0.58723325,instances.vantage.sh (AWS Price List mirror)
2026-09-14,AWS,us-east-2,g6.16xlarge,L4,1.0,ondemand,3.3968,3.3968,instances.vantage.sh (AWS Price List mirror)
2026-09-14,AWS,us-east-2,g6.16xlarge,L4,1.0,spot,1.6459,1.6459,instances.vantage.sh (AWS Price List mirror)
2026-09-14,AWS,us-east-2,g6.24xlarge,L4,4.0,ondemand,6.6752,1.6688,instances.vantage.sh (AWS Price List mirror)
2026-09-14,AWS,us-east-2,g6.24xlarge,L4,4.0,spot,3.4059,0.851475,instances.vantage.sh (AWS Price List mirror)
2026-09-14,AWS,us-east-2,g6.2xlarge,L4,1.0,ondemand,0.9776,0.9776,instances.vantage.sh (AWS Price List mirror)
2026-09-14,AWS,us-east-2,g6.2xlarge,L4,1.0,spot,0.482867,0.482867,instances.vantage.sh (AWS Price List mirror)
2026-09-14,AWS,us-east-2,g6.48xlarge,L4,8.0,ondemand,13.3504,1.6688,instances.vantage.sh (AWS Price List mirror)
2026-09-14,AWS,us-east-2,g6.48xlarge,L4,8.0,spot,7.069067,0.883633375,instances.vantage.sh (AWS Price List mirror)
2026-09-14,AWS,us-east-2,g6.4xlarge,L4,1.0,ondemand,1.3232,1.3232,instances.vantage.sh (AWS Price List mirror)
2026-09-14,AWS,us-east-2,g6.4xlarge,L4,1.0,spot,0.677,0.677,instances.vantage.sh (AWS Price List mirror)
2026-09-14,AWS,us-east-2,g6.8xlarge,L4,1.0,ondemand,2.0144,2.0144,instances.vantage.sh (AWS Price List mirror)
2026-09-14,AWS,us-east-2,g6.8xlarge,L4,1.0,spot,0.972367,0.972367,instances.vantage.sh (AWS Price List mirror)
2026-09-14,AWS,us-east-2,g6.xlarge,L4,1.0,ondemand,0.8048,0.8048,instances.vantage.sh (AWS Price List mirror)
2026-09-14,AWS,us-east-2,g6.xlarge,L4,1.0,spot,0.4027,0.4027,instances.vantage.sh (AWS Price List mirror)
2026-09-14,AWS,us-east-2,g6e.12xlarge,L40S,4.0,ondemand,10.49264,2.62316,instances.vantage.sh (AWS Price List mirror)
2026-09-14,AWS,us-east-2,g6e.12xlarge,L40S,4.0,spot,5.221933,1.30548325,instances.vantage.sh (AWS Price List mirror)
2026-09-14,AWS,us-east-2,g6e.16xlarge,L40S,1.0,ondemand,7.57719,7.57719,instances.vantage.sh (AWS Price List mirror)
2026-09-14,AWS,us-east-2,g6e.16xlarge,L40S,1.0,spot,3.847933,3.847933,instances.vantage.sh (AWS Price List mirror)
2026-09-14,AWS,us-east-2,g6e.24xlarge,L40S,4.0,ondemand,15.06559,3.7663975,instances.vantage.sh (AWS Price List mirror)
2026-09-14,AWS,us-east-2,g6e.24xlarge,L40S,4.0,spot,8.660267,2.16506675,instances.vantage.sh (AWS Price List mirror)
2026-09-14,AWS,us-east-2,g6e.2xlarge,L40S,1.0,ondemand,2.24208,2.24208,instances.vantage.sh (AWS Price List mirror)
2026-09-14,AWS,us-east-2,g6e.2xlarge,L40S,1.0,spot,1.252933,1.252933,instances.vantage.sh (AWS Price List mirror)
2026-09-14,AWS,us-east-2,g6e.48xlarge,L40S,8.0,ondemand,30.13118,3.7663975,instances.vantage.sh (AWS Price List mirror)
2026-09-14,AWS,us-east-2,g6e.48xlarge,L40S,8.0,spot,15.5745,1.9468125,instances.vantage.sh (AWS Price List mirror)
2026-09-14,AWS,us-east-2,g6e.4xlarge,L40S,1.0,ondemand,3.00424,3.00424,instances.vantage.sh (AWS Price List mirror)
2026-09-14,AWS,us-east-2,g6e.4xlarge,L40S,1.0,spot,1.612333,1.612333,instances.vantage.sh (AWS Price List mirror)
2026-09-14,AWS,us-east-2,g6e.8xlarge,L40S,1.0,ondemand,4.52856,4.52856,instances.vantage.sh (AWS Price List mirror)
2026-09-14,AWS,us-east-2,g6e.8xlarge,L40S,1.0,spot,2.270133,2.270133,instances.vantage.sh (AWS Price List mirror)
2026-09-14,AWS,us-east-2,g6e.xlarge,L40S,1.0,ondemand,1.861,1.861,instances.vantage.sh (AWS Price List mirror)
2026-09-14,AWS,us-east-2,g6e.xlarge,L40S,1.0,spot,1.082233,1.082233,instances.vantage.sh (AWS Price List mirror)
2026-09-14,AWS,us-east-2,g6f.2xlarge,L4,0.25,ondemand,0.475,1.9,instances.vantage.sh (AWS Price List mirror)
2026-09-14,AWS,us-east-2,g6f.2xlarge,L4,0.25,spot,0.224067,0.896268,instances.vantage.sh (AWS Price List mirror)
2026-09-14,AWS,us-east-2,g6f.4xlarge,L4,0.5,ondemand,0.95,1.9,instances.vantage.sh (AWS Price List mirror)
2026-09-14,AWS,us-east-2,g6f.4xlarge,L4,0.5,spot,0.4549,0.9098,instances.vantage.sh (AWS Price List mirror)
2026-09-14,AWS,us-east-2,g6f.large,L4,0.125,ondemand,0.202,1.616,instances.vantage.sh (AWS Price List mirror)
2026-09-14,AWS,us-east-2,g6f.large,L4,0.125,spot,0.0998,0.7984,instances.vantage.sh (AWS Price List mirror)
2026-09-14,AWS,us-east-2,g6f.xlarge,L4,0.125,ondemand,0.2375,1.9,instances.vantage.sh (AWS Price List mirror)
2026-09-14,AWS,us-east-2,g6f.xlarge,L4,0.125,spot,0.1169,0.9352,instances.vantage.sh (AWS Price List mirror)
2026-09-14,AWS,us-east-2,g7.12xlarge,NVIDIA RTX PRO 4500 Blackwell,2.0,ondemand,7.12832,3.56416,instances.vantage.sh (AWS Price List mirror)
2026-09-14,AWS,us-east-2,g7.12xlarge,NVIDIA RTX PRO 4500 Blackwell,2.0,spot,3.212867,1.6064335,instances.vantage.sh (AWS Price List mirror)
2026-09-14,AWS,us-east-2,g7.24xlarge,NVIDIA RTX PRO 4500 Blackwell,4.0,ondemand,14.25664,3.56416,instances.vantage.sh (AWS Price List mirror)
2026-09-14,AWS,us-east-2,g7.24xlarge,NVIDIA RTX PRO 4500 Blackwell,4.0,spot,6.472733,1.61818325,instances.vantage.sh (AWS Price List mirror)
2026-09-14,AWS,us-east-2,g7.2xlarge,NVIDIA RTX PRO 4500 Blackwell,1.0,ondemand,2.52,2.52,instances.vantage.sh (AWS Price List mirror)
2026-09-14,AWS,us-east-2,g7.2xlarge,NVIDIA RTX PRO 4500 Blackwell,1.0,spot,1.2,1.2,instances.vantage.sh (AWS Price List mirror)
2026-09-14,AWS,us-east-2,g7.48xlarge,NVIDIA RTX PRO 4500 Blackwell,8.0,ondemand,28.51328,3.56416,instances.vantage.sh (AWS Price List mirror)
2026-09-14,AWS,us-east-2,g7.48xlarge,NVIDIA RTX PRO 4500 Blackwell,8.0,spot,12.893333,1.611666625,instances.vantage.sh (AWS Price List mirror)
2026-09-14,AWS,us-east-2,g7.4xlarge,NVIDIA RTX PRO 4500 Blackwell,1.0,ondemand,3.04208,3.04208,instances.vantage.sh (AWS Price List mirror)
2026-09-14,AWS,us-east-2,g7.4xlarge,NVIDIA RTX PRO 4500 Blackwell,1.0,spot,1.398133,1.398133,instances.vantage.sh (AWS Price List mirror)
2026-09-14,AWS,us-east-2,g7.8xlarge,NVIDIA RTX PRO 4500 Blackwell,1.0,ondemand,4.08624,4.08624,instances.vantage.sh (AWS Price List mirror)
2026-09-14,AWS,us-east-2,g7.8xlarge,NVIDIA RTX PRO 4500 Blackwell,1.0,spot,1.848067,1.848067,instances.vantage.sh (AWS Price List mirror)
2026-09-14,AWS,us-east-2,g7e.12xlarge,NVIDIA RTX PRO 6000 Blackwell,2.0,ondemand,8.28608,4.14304,instances.vantage.sh (AWS Price List mirror)
2026-09-14,AWS,us-east-2,g7e.12xlarge,NVIDIA RTX PRO 6000 Blackwell,2.0,spot,4.5789,2.28945,instances.vantage.sh (AWS Price List mirror)
2026-09-14,AWS,us-east-2,g7e.24xlarge,NVIDIA RTX PRO 6000 Blackwell,4.0,ondemand,16.57216,4.14304,instances.vantage.sh (AWS Price List mirror)
2026-09-14,AWS,us-east-2,g7e.24xlarge,NVIDIA RTX PRO 6000 Blackwell,4.0,spot,8.9399,2.234975,instances.vantage.sh (AWS Price List mirror)
2026-09-14,AWS,us-east-2,g7e.2xlarge,NVIDIA RTX PRO 6000 Blackwell,1.0,ondemand,3.36312,3.36312,instances.vantage.sh (AWS Price List mirror)
2026-09-14,AWS,us-east-2,g7e.2xlarge,NVIDIA RTX PRO 6000 Blackwell,1.0,spot,1.92345,1.92345,instances.vantage.sh (AWS Price List mirror)
2026-09-14,AWS,us-east-2,g7e.48xlarge,NVIDIA RTX PRO 6000 Blackwell,8.0,ondemand,33.14432,4.14304,instances.vantage.sh (AWS Price List mirror)
2026-09-14,AWS,us-east-2,g7e.48xlarge,NVIDIA RTX PRO 6000 Blackwell,8.0,spot,19.37545,2.42193125,instances.vantage.sh (AWS Price List mirror)
2026-09-14,AWS,us-east-2,g7e.4xlarge,NVIDIA RTX PRO 6000 Blackwell,1.0,ondemand,3.99816,3.99816,instances.vantage.sh (AWS Price List mirror)
2026-09-14,AWS,us-east-2,g7e.4xlarge,NVIDIA RTX PRO 6000 Blackwell,1.0,spot,2.7273,2.7273,instances.vantage.sh (AWS Price List mirror)
2026-09-14,AWS,us-east-2,g7e.8xlarge,NVIDIA RTX PRO 6000 Blackwell,1.0,ondemand,5.26824,5.26824,instances.vantage.sh (AWS Price List mirror)
2026-09-14,AWS,us-east-2,g7e.8xlarge,NVIDIA RTX PRO 6000 Blackwell,1.0,spot,3.48625,3.48625,instances.vantage.sh (AWS Price List mirror)
2026-09-14,AWS,us-east-2,gr6.4xlarge,L4,1.0,ondemand,1.5392,1.5392,instances.vantage.sh (AWS Price List mirror)
2026-09-14,AWS,us-east-2,gr6.4xlarge,L4,1.0,spot,0.5251,0.5251,instances.vantage.sh (AWS Price List mirror)
2026-09-14,AWS,us-east-2,gr6.8xlarge,L4,1.0,ondemand,2.4464,2.4464,instances.vantage.sh (AWS Price List mirror)
2026-09-14,AWS,us-east-2,gr6.8xlarge,L4,1.0,spot,0.5598,0.5598,instances.vantage.sh (AWS Price List mirror)
2026-09-14,AWS,us-east-2,gr6f.4xlarge,L4,0.5,ondemand,1.066,2.132,instances.vantage.sh (AWS Price List mirror)
2026-09-14,AWS,us-east-2,gr6f.4xlarge,L4,0.5,spot,0.212367,0.424734,instances.vantage.sh (AWS Price List mirror)
2026-09-14,AWS,us-east-2,p2.16xlarge,K80,16.0,ondemand,14.4,0.9,instances.vantage.sh (AWS Price List mirror)
2026-09-14,AWS,us-east-2,p2.8xlarge,K80,8.0,ondemand,7.2,0.9,instances.vantage.sh (AWS Price List mirror)
2026-09-14,AWS,us-east-2,p2.xlarge,K80,1.0,ondemand,0.9,0.9,instances.vantage.sh (AWS Price List mirror)
2026-09-14,AWS,us-east-2,p3.16xlarge,V100,8.0,ondemand,24.48,3.06,instances.vantage.sh (AWS Price List mirror)
2026-09-14,AWS,us-east-2,p3.16xlarge,V100,8.0,spot,6.12,0.765,instances.vantage.sh (AWS Price List mirror)
2026-09-14,AWS,us-east-2,p3.2xlarge,V100,1.0,ondemand,3.06,3.06,instances.vantage.sh (AWS Price List mirror)
2026-09-14,AWS,us-east-2,p3.2xlarge,V100,1.0,spot,0.4896,0.4896,instances.vantage.sh (AWS Price List mirror)
2026-09-14,AWS,us-east-2,p3.8xlarge,V100,4.0,ondemand,12.24,3.06,instances.vantage.sh (AWS Price List mirror)
2026-09-14,AWS,us-east-2,p3.8xlarge,V100,4.0,spot,1.9584,0.4896,instances.vantage.sh (AWS Price List mirror)
2026-09-14,AWS,us-east-2,p4d.24xlarge,A100,8.0,ondemand,21.95764,2.744705,instances.vantage.sh (AWS Price List mirror)
2026-09-14,AWS,us-east-2,p4d.24xlarge,A100,8.0,spot,13.361233,1.670154125,instances.vantage.sh (AWS Price List mirror)
2026-09-14,AWS,us-east-2,p5.48xlarge,H100,8.0,ondemand,55.04,6.88,instances.vantage.sh (AWS Price List mirror)
2026-09-14,AWS,us-east-2,p5.48xlarge,H100,8.0,spot,20.211233,2.526404125,instances.vantage.sh (AWS Price List mirror)
2026-09-14,AWS,us-east-2,p5.4xlarge,H100,1.0,ondemand,6.88,6.88,instances.vantage.sh (AWS Price List mirror)
2026-09-14,AWS,us-east-2,p5.4xlarge,H100,1.0,spot,2.52395,2.52395,instances.vantage.sh (AWS Price List mirror)
2026-09-14,AWS,us-east-2,p5en.48xlarge,H200,8.0,ondemand,63.296,7.912,instances.vantage.sh (AWS Price List mirror)
2026-09-14,AWS,us-east-2,p5en.48xlarge,H200,8.0,spot,27.120933,3.390116625,instances.vantage.sh (AWS Price List mirror)
2026-09-14,AWS,us-east-2,p6-b200.48xlarge,B200,8.0,ondemand,113.9328,14.2416,instances.vantage.sh (AWS Price List mirror)
2026-09-14,AWS,us-east-2,p6-b200.48xlarge,B200,8.0,spot,42.344667,5.293083375,instances.vantage.sh (AWS Price List mirror)
2026-09-14,AWS,us-gov-east-1,g4dn.12xlarge,T4,4.0,ondemand,4.931,1.23275,instances.vantage.sh (AWS Price List mirror)
2026-09-14,AWS,us-gov-east-1,g4dn.16xlarge,T4,1.0,ondemand,5.486,5.486,instances.vantage.sh (AWS Price List mirror)
2026-09-14,AWS,us-gov-east-1,g4dn.2xlarge,T4,1.0,ondemand,0.948,0.948,instances.vantage.sh (AWS Price List mirror)
2026-09-14,AWS,us-gov-east-1,g4dn.4xlarge,T4,1.0,ondemand,1.518,1.518,instances.vantage.sh (AWS Price List mirror)
2026-09-14,AWS,us-gov-east-1,g4dn.8xlarge,T4,1.0,ondemand,2.743,2.743,instances.vantage.sh (AWS Price List mirror)
2026-09-14,AWS,us-gov-east-1,g4dn.xlarge,T4,1.0,ondemand,0.663,0.663,instances.vantage.sh (AWS Price List mirror)
2026-09-14,AWS,us-gov-east-1,g6.12xlarge,L4,4.0,ondemand,5.80003,1.4500075,instances.vantage.sh (AWS Price List mirror)
2026-09-14,AWS,us-gov-east-1,g6.16xlarge,L4,1.0,ondemand,4.28145,4.28145,instances.vantage.sh (AWS Price List mirror)
2026-09-14,AWS,us-gov-east-1,g6.24xlarge,L4,4.0,ondemand,8.41367,2.1034175,instances.vantage.sh (AWS Price List mirror)
2026-09-14,AWS,us-gov-east-1,g6.2xlarge,L4,1.0,ondemand,1.2322,1.2322,instances.vantage.sh (AWS Price List mirror)
2026-09-14,AWS,us-gov-east-1,g6.48xlarge,L4,8.0,ondemand,16.82734,2.1034175,instances.vantage.sh (AWS Price List mirror)
2026-09-14,AWS,us-gov-east-1,g6.4xlarge,L4,1.0,ondemand,1.66781,1.66781,instances.vantage.sh (AWS Price List mirror)
2026-09-14,AWS,us-gov-east-1,g6.8xlarge,L4,1.0,ondemand,2.53903,2.53903,instances.vantage.sh (AWS Price List mirror)
2026-09-14,AWS,us-gov-east-1,g6.xlarge,L4,1.0,ondemand,1.0144,1.0144,instances.vantage.sh (AWS Price List mirror)
2026-09-14,AWS,us-gov-east-1,gr6.4xlarge,L4,1.0,ondemand,1.9401,1.9401,instances.vantage.sh (AWS Price List mirror)
2026-09-14,AWS,us-gov-east-1,gr6.8xlarge,L4,1.0,ondemand,3.08359,3.08359,instances.vantage.sh (AWS Price List mirror)
2026-09-14,AWS,us-gov-east-1,p3dn.24xlarge,V100,8.0,ondemand,37.454,4.68175,instances.vantage.sh (AWS Price List mirror)
2026-09-14,AWS,us-gov-east-1,p6-b200.48xlarge,B200,8.0,ondemand,136.71936,17.08992,instances.vantage.sh (AWS Price List mirror)
2026-09-14,AWS,us-gov-east-1,p6-b300.48xlarge,NVIDIA B300,8.0,ondemand,170.9,21.3625,instances.vantage.sh (AWS Price List mirror)
2026-09-14,AWS,us-gov-west-1,g3.16xlarge,M60,4.0,ondemand,5.28,1.32,instances.vantage.sh (AWS Price List mirror)
2026-09-14,AWS,us-gov-west-1,g3.4xlarge,M60,1.0,ondemand,1.32,1.32,instances.vantage.sh (AWS Price List mirror)
2026-09-14,AWS,us-gov-west-1,g3.8xlarge,M60,2.0,ondemand,2.64,1.32,instances.vantage.sh (AWS Price List mirror)
2026-09-14,AWS,us-gov-west-1,g3s.xlarge,M60,1.0,ondemand,0.868,0.868,instances.vantage.sh (AWS Price List mirror)
2026-09-14,AWS,us-gov-west-1,g4dn.12xlarge,T4,4.0,ondemand,4.931,1.23275,instances.vantage.sh (AWS Price List mirror)
2026-09-14,AWS,us-gov-west-1,g4dn.16xlarge,T4,1.0,ondemand,5.486,5.486,instances.vantage.sh (AWS Price List mirror)
2026-09-14,AWS,us-gov-west-1,g4dn.2xlarge,T4,1.0,ondemand,0.948,0.948,instances.vantage.sh (AWS Price List mirror)
2026-09-14,AWS,us-gov-west-1,g4dn.4xlarge,T4,1.0,ondemand,1.518,1.518,instances.vantage.sh (AWS Price List mirror)
2026-09-14,AWS,us-gov-west-1,g4dn.8xlarge,T4,1.0,ondemand,2.743,2.743,instances.vantage.sh (AWS Price List mirror)
2026-09-14,AWS,us-gov-west-1,g4dn.metal,T4,8.0,ondemand,9.862,1.23275,instances.vantage.sh (AWS Price List mirror)
2026-09-14,AWS,us-gov-west-1,g4dn.xlarge,T4,1.0,ondemand,0.663,0.663,instances.vantage.sh (AWS Price List mirror)
2026-09-14,AWS,us-gov-west-1,g6.12xlarge,L4,4.0,ondemand,5.80003,1.4500075,instances.vantage.sh (AWS Price List mirror)
2026-09-14,AWS,us-gov-west-1,g6.16xlarge,L4,1.0,ondemand,4.28145,4.28145,instances.vantage.sh (AWS Price List mirror)
2026-09-14,AWS,us-gov-west-1,g6.24xlarge,L4,4.0,ondemand,8.41367,2.1034175,instances.vantage.sh (AWS Price List mirror)
2026-09-14,AWS,us-gov-west-1,g6.2xlarge,L4,1.0,ondemand,1.2322,1.2322,instances.vantage.sh (AWS Price List mirror)
2026-09-14,AWS,us-gov-west-1,g6.48xlarge,L4,8.0,ondemand,16.82734,2.1034175,instances.vantage.sh (AWS Price List mirror)
2026-09-14,AWS,us-gov-west-1,g6.4xlarge,L4,1.0,ondemand,1.66781,1.66781,instances.vantage.sh (AWS Price List mirror)
2026-09-14,AWS,us-gov-west-1,g6.8xlarge,L4,1.0,ondemand,2.53903,2.53903,instances.vantage.sh (AWS Price List mirror)
2026-09-14,AWS,us-gov-west-1,g6.xlarge,L4,1.0,ondemand,1.0144,1.0144,instances.vantage.sh (AWS Price List mirror)
2026-09-14,AWS,us-gov-west-1,gr6.4xlarge,L4,1.0,ondemand,1.9401,1.9401,instances.vantage.sh (AWS Price List mirror)
2026-09-14,AWS,us-gov-west-1,gr6.8xlarge,L4,1.0,ondemand,3.08359,3.08359,instances.vantage.sh (AWS Price List mirror)
2026-09-14,AWS,us-gov-west-1,p2.16xlarge,K80,16.0,ondemand,17.28,1.08,instances.vantage.sh (AWS Price List mirror)
2026-09-14,AWS,us-gov-west-1,p2.8xlarge,K80,8.0,ondemand,8.64,1.08,instances.vantage.sh (AWS Price List mirror)
2026-09-14,AWS,us-gov-west-1,p2.xlarge,K80,1.0,ondemand,1.08,1.08,instances.vantage.sh (AWS Price List mirror)
2026-09-14,AWS,us-gov-west-1,p3.16xlarge,V100,8.0,ondemand,29.376,3.672,instances.vantage.sh (AWS Price List mirror)
2026-09-14,AWS,us-gov-west-1,p3.2xlarge,V100,1.0,ondemand,3.672,3.672,instances.vantage.sh (AWS Price List mirror)
2026-09-14,AWS,us-gov-west-1,p3.8xlarge,V100,4.0,ondemand,14.688,3.672,instances.vantage.sh (AWS Price List mirror)
2026-09-14,AWS,us-gov-west-1,p3dn.24xlarge,V100,8.0,ondemand,37.454,4.68175,instances.vantage.sh (AWS Price List mirror)
2026-09-14,AWS,us-gov-west-1,p4d.24xlarge,A100,8.0,ondemand,26.3511,3.2938875,instances.vantage.sh (AWS Price List mirror)
2026-09-14,AWS,us-gov-west-1,p5.48xlarge,H100,8.0,ondemand,66.048,8.256,instances.vantage.sh (AWS Price List mirror)
2026-09-14,AWS,us-gov-west-1,p5.4xlarge,H100,1.0,ondemand,8.256,8.256,instances.vantage.sh (AWS Price List mirror)
2026-09-14,AWS,us-gov-west-1,p5en.48xlarge,H200,8.0,ondemand,75.9552,9.4944,instances.vantage.sh (AWS Price List mirror)
2026-09-14,AWS,us-gov-west-1,p6-b200.48xlarge,B200,8.0,ondemand,136.71936,17.08992,instances.vantage.sh (AWS Price List mirror)
2026-09-14,AWS,us-west-1,g2.2xlarge,K520,1.0,ondemand,0.702,0.702,instances.vantage.sh (AWS Price List mirror)
2026-09-14,AWS,us-west-1,g2.8xlarge,K520,4.0,ondemand,2.808,0.702,instances.vantage.sh (AWS Price List mirror)
2026-09-14,AWS,us-west-1,g3.16xlarge,M60,4.0,ondemand,6.136,1.534,instances.vantage.sh (AWS Price List mirror)
2026-09-14,AWS,us-west-1,g3.4xlarge,M60,1.0,ondemand,1.534,1.534,instances.vantage.sh (AWS Price List mirror)
2026-09-14,AWS,us-west-1,g3.8xlarge,M60,2.0,ondemand,3.068,1.534,instances.vantage.sh (AWS Price List mirror)
2026-09-14,AWS,us-west-1,g4dn.12xlarge,T4,4.0,ondemand,4.694,1.1735,instances.vantage.sh (AWS Price List mirror)
2026-09-14,AWS,us-west-1,g4dn.12xlarge,T4,4.0,spot,1.8939,0.473475,instances.vantage.sh (AWS Price List mirror)
2026-09-14,AWS,us-west-1,g4dn.16xlarge,T4,1.0,ondemand,5.222,5.222,instances.vantage.sh (AWS Price List mirror)
2026-09-14,AWS,us-west-1,g4dn.16xlarge,T4,1.0,spot,1.04865,1.04865,instances.vantage.sh (AWS Price List mirror)
2026-09-14,AWS,us-west-1,g4dn.2xlarge,T4,1.0,ondemand,0.902,0.902,instances.vantage.sh (AWS Price List mirror)
2026-09-14,AWS,us-west-1,g4dn.2xlarge,T4,1.0,spot,0.4364,0.4364,instances.vantage.sh (AWS Price List mirror)
2026-09-14,AWS,us-west-1,g4dn.4xlarge,T4,1.0,ondemand,1.445,1.445,instances.vantage.sh (AWS Price List mirror)
2026-09-14,AWS,us-west-1,g4dn.4xlarge,T4,1.0,spot,0.8634,0.8634,instances.vantage.sh (AWS Price List mirror)
2026-09-14,AWS,us-west-1,g4dn.8xlarge,T4,1.0,ondemand,2.611,2.611,instances.vantage.sh (AWS Price List mirror)
2026-09-14,AWS,us-west-1,g4dn.8xlarge,T4,1.0,spot,1.0166,1.0166,instances.vantage.sh (AWS Price List mirror)
2026-09-14,AWS,us-west-1,g4dn.metal,T4,8.0,ondemand,9.389,1.173625,instances.vantage.sh (AWS Price List mirror)
2026-09-14,AWS,us-west-1,g4dn.metal,T4,8.0,spot,3.61645,0.45205625,instances.vantage.sh (AWS Price List mirror)
2026-09-14,AWS,us-west-1,g4dn.xlarge,T4,1.0,ondemand,0.631,0.631,instances.vantage.sh (AWS Price List mirror)
2026-09-14,AWS,us-west-1,g4dn.xlarge,T4,1.0,spot,0.3901,0.3901,instances.vantage.sh (AWS Price List mirror)
2026-09-14,AWS,us-west-1,p5.48xlarge,H100,8.0,ondemand,68.8,8.6,instances.vantage.sh (AWS Price List mirror)
2026-09-14,AWS,us-west-1,p5.48xlarge,H100,8.0,spot,23.4475,2.9309375,instances.vantage.sh (AWS Price List mirror)
2026-09-14,AWS,us-west-1,p5en.48xlarge,H200,8.0,ondemand,79.12,9.89,instances.vantage.sh (AWS Price List mirror)
2026-09-14,AWS,us-west-1,p5en.48xlarge,H200,8.0,spot,79.12,9.89,instances.vantage.sh (AWS Price List mirror)
2026-09-14,AWS,us-west-2,dl2q.24xlarge,Qualcomm AI 100 Accelerators,8.0,ondemand,8.9194,1.114925,instances.vantage.sh (AWS Price List mirror)
2026-09-14,AWS,us-west-2,dl2q.24xlarge,Qualcomm AI 100 Accelerators,8.0,spot,2.397,0.299625,instances.vantage.sh (AWS Price List mirror)
2026-09-14,AWS,us-west-2,g2.2xlarge,K520,1.0,ondemand,0.65,0.65,instances.vantage.sh (AWS Price List mirror)
2026-09-14,AWS,us-west-2,g2.8xlarge,K520,4.0,ondemand,2.6,0.65,instances.vantage.sh (AWS Price List mirror)
2026-09-14,AWS,us-west-2,g3.16xlarge,M60,4.0,ondemand,4.56,1.14,instances.vantage.sh (AWS Price List mirror)
2026-09-14,AWS,us-west-2,g3.4xlarge,M60,1.0,ondemand,1.14,1.14,instances.vantage.sh (AWS Price List mirror)
2026-09-14,AWS,us-west-2,g3.8xlarge,M60,2.0,ondemand,2.28,1.14,instances.vantage.sh (AWS Price List mirror)
2026-09-14,AWS,us-west-2,g3s.xlarge,M60,1.0,ondemand,0.75,0.75,instances.vantage.sh (AWS Price List mirror)
2026-09-14,AWS,us-west-2,g4ad.16xlarge,V520,4.0,ondemand,3.468,0.867,instances.vantage.sh (AWS Price List mirror)
2026-09-14,AWS,us-west-2,g4ad.16xlarge,V520,4.0,spot,1.501167,0.37529175,instances.vantage.sh (AWS Price List mirror)
2026-09-14,AWS,us-west-2,g4ad.2xlarge,V520,1.0,ondemand,0.54117,0.54117,instances.vantage.sh (AWS Price List mirror)
2026-09-14,AWS,us-west-2,g4ad.2xlarge,V520,1.0,spot,0.262933,0.262933,instances.vantage.sh (AWS Price List mirror)
2026-09-14,AWS,us-west-2,g4ad.4xlarge,V520,1.0,ondemand,0.867,0.867,instances.vantage.sh (AWS Price List mirror)
2026-09-14,AWS,us-west-2,g4ad.4xlarge,V520,1.0,spot,0.359333,0.359333,instances.vantage.sh (AWS Price List mirror)
2026-09-14,AWS,us-west-2,g4ad.8xlarge,V520,2.0,ondemand,1.734,0.867,instances.vantage.sh (AWS Price List mirror)
2026-09-14,AWS,us-west-2,g4ad.8xlarge,V520,2.0,spot,0.6637,0.33185,instances.vantage.sh (AWS Price List mirror)
2026-09-14,AWS,us-west-2,g4ad.xlarge,V520,1.0,ondemand,0.37853,0.37853,instances.vantage.sh (AWS Price List mirror)
2026-09-14,AWS,us-west-2,g4ad.xlarge,V520,1.0,spot,0.170933,0.170933,instances.vantage.sh (AWS Price List mirror)
2026-09-14,AWS,us-west-2,g4dn.12xlarge,T4,4.0,ondemand,3.912,0.978,instances.vantage.sh (AWS Price List mirror)
2026-09-14,AWS,us-west-2,g4dn.12xlarge,T4,4.0,spot,1.581267,0.39531675,instances.vantage.sh (AWS Price List mirror)
2026-09-14,AWS,us-west-2,g4dn.16xlarge,T4,1.0,ondemand,4.352,4.352,instances.vantage.sh (AWS Price List mirror)
2026-09-14,AWS,us-west-2,g4dn.16xlarge,T4,1.0,spot,1.3522,1.3522,instances.vantage.sh (AWS Price List mirror)
2026-09-14,AWS,us-west-2,g4dn.2xlarge,T4,1.0,ondemand,0.752,0.752,instances.vantage.sh (AWS Price List mirror)
2026-09-14,AWS,us-west-2,g4dn.2xlarge,T4,1.0,spot,0.3727,0.3727,instances.vantage.sh (AWS Price List mirror)
2026-09-14,AWS,us-west-2,g4dn.4xlarge,T4,1.0,ondemand,1.204,1.204,instances.vantage.sh (AWS Price List mirror)
2026-09-14,AWS,us-west-2,g4dn.4xlarge,T4,1.0,spot,0.4386,0.4386,instances.vantage.sh (AWS Price List mirror)
2026-09-14,AWS,us-west-2,g4dn.8xlarge,T4,1.0,ondemand,2.176,2.176,instances.vantage.sh (AWS Price List mirror)
2026-09-14,AWS,us-west-2,g4dn.8xlarge,T4,1.0,spot,0.769233,0.769233,instances.vantage.sh (AWS Price List mirror)
2026-09-14,AWS,us-west-2,g4dn.metal,T4,8.0,ondemand,7.824,0.978,instances.vantage.sh (AWS Price List mirror)
2026-09-14,AWS,us-west-2,g4dn.metal,T4,8.0,spot,4.530067,0.566258375,instances.vantage.sh (AWS Price List mirror)
2026-09-14,AWS,us-west-2,g4dn.xlarge,T4,1.0,ondemand,0.526,0.526,instances.vantage.sh (AWS Price List mirror)
2026-09-14,AWS,us-west-2,g4dn.xlarge,T4,1.0,spot,0.2544,0.2544,instances.vantage.sh (AWS Price List mirror)
2026-09-14,AWS,us-west-2,g5.12xlarge,A10G,4.0,ondemand,5.672,1.418,instances.vantage.sh (AWS Price List mirror)
2026-09-14,AWS,us-west-2,g5.12xlarge,A10G,4.0,spot,3.954333,0.98858325,instances.vantage.sh (AWS Price List mirror)
2026-09-14,AWS,us-west-2,g5.16xlarge,A10G,1.0,ondemand,4.096,4.096,instances.vantage.sh (AWS Price List mirror)
2026-09-14,AWS,us-west-2,g5.16xlarge,A10G,1.0,spot,1.333133,1.333133,instances.vantage.sh (AWS Price List mirror)
2026-09-14,AWS,us-west-2,g5.24xlarge,A10G,4.0,ondemand,8.144,2.036,instances.vantage.sh (AWS Price List mirror)
2026-09-14,AWS,us-west-2,g5.24xlarge,A10G,4.0,spot,2.991667,0.74791675,instances.vantage.sh (AWS Price List mirror)
2026-09-14,AWS,us-west-2,g5.2xlarge,A10G,1.0,ondemand,1.212,1.212,instances.vantage.sh (AWS Price List mirror)
2026-09-14,AWS,us-west-2,g5.2xlarge,A10G,1.0,spot,0.659467,0.659467,instances.vantage.sh (AWS Price List mirror)
2026-09-14,AWS,us-west-2,g5.48xlarge,A10G,8.0,ondemand,16.288,2.036,instances.vantage.sh (AWS Price List mirror)
2026-09-14,AWS,us-west-2,g5.48xlarge,A10G,8.0,spot,8.419467,1.052433375,instances.vantage.sh (AWS Price List mirror)
2026-09-14,AWS,us-west-2,g5.4xlarge,A10G,1.0,ondemand,1.624,1.624,instances.vantage.sh (AWS Price List mirror)
2026-09-14,AWS,us-west-2,g5.4xlarge,A10G,1.0,spot,0.656333,0.656333,instances.vantage.sh (AWS Price List mirror)
2026-09-14,AWS,us-west-2,g5.8xlarge,A10G,1.0,ondemand,2.448,2.448,instances.vantage.sh (AWS Price List mirror)
2026-09-14,AWS,us-west-2,g5.8xlarge,A10G,1.0,spot,0.9045,0.9045,instances.vantage.sh (AWS Price List mirror)
2026-09-14,AWS,us-west-2,g5.xlarge,A10G,1.0,ondemand,1.006,1.006,instances.vantage.sh (AWS Price List mirror)
2026-09-14,AWS,us-west-2,g5.xlarge,A10G,1.0,spot,0.565967,0.565967,instances.vantage.sh (AWS Price List mirror)
2026-09-14,AWS,us-west-2,g5g.16xlarge,T4G,2.0,ondemand,2.744,1.372,instances.vantage.sh (AWS Price List mirror)
2026-09-14,AWS,us-west-2,g5g.16xlarge,T4G,2.0,spot,0.912367,0.4561835,instances.vantage.sh (AWS Price List mirror)
2026-09-14,AWS,us-west-2,g5g.2xlarge,T4G,1.0,ondemand,0.556,0.556,instances.vantage.sh (AWS Price List mirror)
2026-09-14,AWS,us-west-2,g5g.2xlarge,T4G,1.0,spot,0.2852,0.2852,instances.vantage.sh (AWS Price List mirror)
2026-09-14,AWS,us-west-2,g5g.4xlarge,T4G,1.0,ondemand,0.828,0.828,instances.vantage.sh (AWS Price List mirror)
2026-09-14,AWS,us-west-2,g5g.4xlarge,T4G,1.0,spot,0.2959,0.2959,instances.vantage.sh (AWS Price List mirror)
2026-09-14,AWS,us-west-2,g5g.8xlarge,T4G,1.0,ondemand,1.372,1.372,instances.vantage.sh (AWS Price List mirror)
2026-09-14,AWS,us-west-2,g5g.8xlarge,T4G,1.0,spot,0.450867,0.450867,instances.vantage.sh (AWS Price List mirror)
2026-09-14,AWS,us-west-2,g5g.metal,T4G,2.0,ondemand,2.744,1.372,instances.vantage.sh (AWS Price List mirror)
2026-09-14,AWS,us-west-2,g5g.metal,T4G,2.0,spot,0.662433,0.3312165,instances.vantage.sh (AWS Price List mirror)
2026-09-14,AWS,us-west-2,g5g.xlarge,T4G,1.0,ondemand,0.42,0.42,instances.vantage.sh (AWS Price List mirror)
2026-09-14,AWS,us-west-2,g5g.xlarge,T4G,1.0,spot,0.141733,0.141733,instances.vantage.sh (AWS Price List mirror)
2026-09-14,AWS,us-west-2,g6.12xlarge,L4,4.0,ondemand,4.6016,1.1504,instances.vantage.sh (AWS Price List mirror)
2026-09-14,AWS,us-west-2,g6.12xlarge,L4,4.0,spot,2.7247,0.681175,instances.vantage.sh (AWS Price List mirror)
2026-09-14,AWS,us-west-2,g6.16xlarge,L4,1.0,ondemand,3.3968,3.3968,instances.vantage.sh (AWS Price List mirror)
2026-09-14,AWS,us-west-2,g6.16xlarge,L4,1.0,spot,1.554875,1.554875,instances.vantage.sh (AWS Price List mirror)
2026-09-14,AWS,us-west-2,g6.24xlarge,L4,4.0,ondemand,6.6752,1.6688,instances.vantage.sh (AWS Price List mirror)
2026-09-14,AWS,us-west-2,g6.24xlarge,L4,4.0,spot,2.9042,0.72605,instances.vantage.sh (AWS Price List mirror)
2026-09-14,AWS,us-west-2,g6.2xlarge,L4,1.0,ondemand,0.9776,0.9776,instances.vantage.sh (AWS Price List mirror)
2026-09-14,AWS,us-west-2,g6.2xlarge,L4,1.0,spot,0.855575,0.855575,instances.vantage.sh (AWS Price List mirror)
2026-09-14,AWS,us-west-2,g6.48xlarge,L4,8.0,ondemand,13.3504,1.6688,instances.vantage.sh (AWS Price List mirror)
2026-09-14,AWS,us-west-2,g6.48xlarge,L4,8.0,spot,7.905975,0.988246875,instances.vantage.sh (AWS Price List mirror)
2026-09-14,AWS,us-west-2,g6.4xlarge,L4,1.0,ondemand,1.3232,1.3232,instances.vantage.sh (AWS Price List mirror)
2026-09-14,AWS,us-west-2,g6.4xlarge,L4,1.0,spot,0.748875,0.748875,instances.vantage.sh (AWS Price List mirror)
2026-09-14,AWS,us-west-2,g6.8xlarge,L4,1.0,ondemand,2.0144,2.0144,instances.vantage.sh (AWS Price List mirror)
2026-09-14,AWS,us-west-2,g6.8xlarge,L4,1.0,spot,0.905375,0.905375,instances.vantage.sh (AWS Price List mirror)
2026-09-14,AWS,us-west-2,g6.xlarge,L4,1.0,ondemand,0.8048,0.8048,instances.vantage.sh (AWS Price List mirror)
2026-09-14,AWS,us-west-2,g6.xlarge,L4,1.0,spot,0.648825,0.648825,instances.vantage.sh (AWS Price List mirror)
2026-09-14,AWS,us-west-2,g6e.12xlarge,L40S,4.0,ondemand,10.49264,2.62316,instances.vantage.sh (AWS Price List mirror)
2026-09-14,AWS,us-west-2,g6e.12xlarge,L40S,4.0,spot,8.3285,2.082125,instances.vantage.sh (AWS Price List mirror)
2026-09-14,AWS,us-west-2,g6e.16xlarge,L40S,1.0,ondemand,7.57719,7.57719,instances.vantage.sh (AWS Price List mirror)
2026-09-14,AWS,us-west-2,g6e.16xlarge,L40S,1.0,spot,3.2383,3.2383,instances.vantage.sh (AWS Price List mirror)
2026-09-14,AWS,us-west-2,g6e.24xlarge,L40S,4.0,ondemand,15.06559,3.7663975,instances.vantage.sh (AWS Price List mirror)
2026-09-14,AWS,us-west-2,g6e.24xlarge,L40S,4.0,spot,8.96495,2.2412375,instances.vantage.sh (AWS Price List mirror)
2026-09-14,AWS,us-west-2,g6e.2xlarge,L40S,1.0,ondemand,2.24208,2.24208,instances.vantage.sh (AWS Price List mirror)
2026-09-14,AWS,us-west-2,g6e.2xlarge,L40S,1.0,spot,1.6762,1.6762,instances.vantage.sh (AWS Price List mirror)
2026-09-14,AWS,us-west-2,g6e.48xlarge,L40S,8.0,ondemand,30.13118,3.7663975,instances.vantage.sh (AWS Price List mirror)
2026-09-14,AWS,us-west-2,g6e.48xlarge,L40S,8.0,spot,13.63805,1.70475625,instances.vantage.sh (AWS Price List mirror)
2026-09-14,AWS,us-west-2,g6e.4xlarge,L40S,1.0,ondemand,3.00424,3.00424,instances.vantage.sh (AWS Price List mirror)
2026-09-14,AWS,us-west-2,g6e.4xlarge,L40S,1.0,spot,2.198475,2.198475,instances.vantage.sh (AWS Price List mirror)
2026-09-14,AWS,us-west-2,g6e.8xlarge,L40S,1.0,ondemand,4.52856,4.52856,instances.vantage.sh (AWS Price List mirror)
2026-09-14,AWS,us-west-2,g6e.8xlarge,L40S,1.0,spot,2.4706,2.4706,instances.vantage.sh (AWS Price List mirror)
2026-09-14,AWS,us-west-2,g6e.xlarge,L40S,1.0,ondemand,1.861,1.861,instances.vantage.sh (AWS Price List mirror)
2026-09-14,AWS,us-west-2,g6e.xlarge,L40S,1.0,spot,1.685825,1.685825,instances.vantage.sh (AWS Price List mirror)
2026-09-14,AWS,us-west-2,g6f.2xlarge,L4,0.25,ondemand,0.475,1.9,instances.vantage.sh (AWS Price List mirror)
2026-09-14,AWS,us-west-2,g6f.2xlarge,L4,0.25,spot,0.1947,0.7788,instances.vantage.sh (AWS Price List mirror)
2026-09-14,AWS,us-west-2,g6f.4xlarge,L4,0.5,ondemand,0.95,1.9,instances.vantage.sh (AWS Price List mirror)
2026-09-14,AWS,us-west-2,g6f.4xlarge,L4,0.5,spot,0.398625,0.79725,instances.vantage.sh (AWS Price List mirror)
2026-09-14,AWS,us-west-2,g6f.large,L4,0.125,ondemand,0.202,1.616,instances.vantage.sh (AWS Price List mirror)
2026-09-14,AWS,us-west-2,g6f.large,L4,0.125,spot,0.042825,0.3426,instances.vantage.sh (AWS Price List mirror)
2026-09-14,AWS,us-west-2,g6f.xlarge,L4,0.125,ondemand,0.2375,1.9,instances.vantage.sh (AWS Price List mirror)
2026-09-14,AWS,us-west-2,g6f.xlarge,L4,0.125,spot,0.0912,0.7296,instances.vantage.sh (AWS Price List mirror)
2026-09-14,AWS,us-west-2,g7.12xlarge,NVIDIA RTX PRO 4500 Blackwell,2.0,ondemand,7.12832,3.56416,instances.vantage.sh (AWS Price List mirror)
2026-09-14,AWS,us-west-2,g7.12xlarge,NVIDIA RTX PRO 4500 Blackwell,2.0,spot,2.2271,1.11355,instances.vantage.sh (AWS Price List mirror)
2026-09-14,AWS,us-west-2,g7.24xlarge,NVIDIA RTX PRO 4500 Blackwell,4.0,ondemand,14.25664,3.56416,instances.vantage.sh (AWS Price List mirror)
2026-09-14,AWS,us-west-2,g7.24xlarge,NVIDIA RTX PRO 4500 Blackwell,4.0,spot,4.57165,1.1429125,instances.vantage.sh (AWS Price List mirror)
2026-09-14,AWS,us-west-2,g7.2xlarge,NVIDIA RTX PRO 4500 Blackwell,1.0,ondemand,2.52,2.52,instances.vantage.sh (AWS Price List mirror)
2026-09-14,AWS,us-west-2,g7.2xlarge,NVIDIA RTX PRO 4500 Blackwell,1.0,spot,0.752175,0.752175,instances.vantage.sh (AWS Price List mirror)
2026-09-14,AWS,us-west-2,g7.48xlarge,NVIDIA RTX PRO 4500 Blackwell,8.0,ondemand,28.51328,3.56416,instances.vantage.sh (AWS Price List mirror)
2026-09-14,AWS,us-west-2,g7.48xlarge,NVIDIA RTX PRO 4500 Blackwell,8.0,spot,8.530175,1.066271875,instances.vantage.sh (AWS Price List mirror)
2026-09-14,AWS,us-west-2,g7.4xlarge,NVIDIA RTX PRO 4500 Blackwell,1.0,ondemand,3.04208,3.04208,instances.vantage.sh (AWS Price List mirror)
2026-09-14,AWS,us-west-2,g7.4xlarge,NVIDIA RTX PRO 4500 Blackwell,1.0,spot,0.631675,0.631675,instances.vantage.sh (AWS Price List mirror)
2026-09-14,AWS,us-west-2,g7.8xlarge,NVIDIA RTX PRO 4500 Blackwell,1.0,ondemand,4.08624,4.08624,instances.vantage.sh (AWS Price List mirror)
2026-09-14,AWS,us-west-2,g7.8xlarge,NVIDIA RTX PRO 4500 Blackwell,1.0,spot,1.015825,1.015825,instances.vantage.sh (AWS Price List mirror)
2026-09-14,AWS,us-west-2,g7e.12xlarge,NVIDIA RTX PRO 6000 Blackwell,2.0,ondemand,8.28608,4.14304,instances.vantage.sh (AWS Price List mirror)
2026-09-14,AWS,us-west-2,g7e.12xlarge,NVIDIA RTX PRO 6000 Blackwell,2.0,spot,5.586475,2.7932375,instances.vantage.sh (AWS Price List mirror)
2026-09-14,AWS,us-west-2,g7e.24xlarge,NVIDIA RTX PRO 6000 Blackwell,4.0,ondemand,16.57216,4.14304,instances.vantage.sh (AWS Price List mirror)
2026-09-14,AWS,us-west-2,g7e.24xlarge,NVIDIA RTX PRO 6000 Blackwell,4.0,spot,12.696025,3.17400625,instances.vantage.sh (AWS Price List mirror)
2026-09-14,AWS,us-west-2,g7e.2xlarge,NVIDIA RTX PRO 6000 Blackwell,1.0,ondemand,3.36312,3.36312,instances.vantage.sh (AWS Price List mirror)
2026-09-14,AWS,us-west-2,g7e.2xlarge,NVIDIA RTX PRO 6000 Blackwell,1.0,spot,2.428975,2.428975,instances.vantage.sh (AWS Price List mirror)
2026-09-14,AWS,us-west-2,g7e.48xlarge,NVIDIA RTX PRO 6000 Blackwell,8.0,ondemand,33.14432,4.14304,instances.vantage.sh (AWS Price List mirror)
2026-09-14,AWS,us-west-2,g7e.48xlarge,NVIDIA RTX PRO 6000 Blackwell,8.0,spot,30.1954,3.774425,instances.vantage.sh (AWS Price List mirror)
2026-09-14,AWS,us-west-2,g7e.4xlarge,NVIDIA RTX PRO 6000 Blackwell,1.0,ondemand,3.99816,3.99816,instances.vantage.sh (AWS Price List mirror)
2026-09-14,AWS,us-west-2,g7e.4xlarge,NVIDIA RTX PRO 6000 Blackwell,1.0,spot,2.7471,2.7471,instances.vantage.sh (AWS Price List mirror)
2026-09-14,AWS,us-west-2,g7e.8xlarge,NVIDIA RTX PRO 6000 Blackwell,1.0,ondemand,5.26824,5.26824,instances.vantage.sh (AWS Price List mirror)
2026-09-14,AWS,us-west-2,g7e.8xlarge,NVIDIA RTX PRO 6000 Blackwell,1.0,spot,3.707625,3.707625,instances.vantage.sh (AWS Price List mirror)
2026-09-14,AWS,us-west-2,gr6.4xlarge,L4,1.0,ondemand,1.5392,1.5392,instances.vantage.sh (AWS Price List mirror)
2026-09-14,AWS,us-west-2,gr6.4xlarge,L4,1.0,spot,0.651125,0.651125,instances.vantage.sh (AWS Price List mirror)
2026-09-14,AWS,us-west-2,gr6.8xlarge,L4,1.0,ondemand,2.4464,2.4464,instances.vantage.sh (AWS Price List mirror)
2026-09-14,AWS,us-west-2,gr6.8xlarge,L4,1.0,spot,0.908775,0.908775,instances.vantage.sh (AWS Price List mirror)
2026-09-14,AWS,us-west-2,gr6f.4xlarge,L4,0.5,ondemand,1.066,2.132,instances.vantage.sh (AWS Price List mirror)
2026-09-14,AWS,us-west-2,gr6f.4xlarge,L4,0.5,spot,0.363825,0.72765,instances.vantage.sh (AWS Price List mirror)
2026-09-14,AWS,us-west-2,p2.16xlarge,K80,16.0,ondemand,14.4,0.9,instances.vantage.sh (AWS Price List mirror)
2026-09-14,AWS,us-west-2,p2.8xlarge,K80,8.0,ondemand,7.2,0.9,instances.vantage.sh (AWS Price List mirror)
2026-09-14,AWS,us-west-2,p2.xlarge,K80,1.0,ondemand,0.9,0.9,instances.vantage.sh (AWS Price List mirror)
2026-09-14,AWS,us-west-2,p3.16xlarge,V100,8.0,ondemand,24.48,3.06,instances.vantage.sh (AWS Price List mirror)
2026-09-14,AWS,us-west-2,p3.16xlarge,V100,8.0,spot,5.8752,0.7344,instances.vantage.sh (AWS Price List mirror)
2026-09-14,AWS,us-west-2,p3.2xlarge,V100,1.0,ondemand,3.06,3.06,instances.vantage.sh (AWS Price List mirror)
2026-09-14,AWS,us-west-2,p3.2xlarge,V100,1.0,spot,0.5202,0.5202,instances.vantage.sh (AWS Price List mirror)
2026-09-14,AWS,us-west-2,p3.8xlarge,V100,4.0,ondemand,12.24,3.06,instances.vantage.sh (AWS Price List mirror)
2026-09-14,AWS,us-west-2,p3.8xlarge,V100,4.0,spot,3.4272,0.8568,instances.vantage.sh (AWS Price List mirror)
2026-09-14,AWS,us-west-2,p3dn.24xlarge,V100,8.0,ondemand,31.212,3.9015,instances.vantage.sh (AWS Price List mirror)
2026-09-14,AWS,us-west-2,p3dn.24xlarge,V100,8.0,spot,8.9019,1.1127375,instances.vantage.sh (AWS Price List mirror)
2026-09-14,AWS,us-west-2,p4d.24xlarge,A100,8.0,ondemand,21.95764,2.744705,instances.vantage.sh (AWS Price List mirror)
2026-09-14,AWS,us-west-2,p4d.24xlarge,A100,8.0,spot,15.8681,1.9835125,instances.vantage.sh (AWS Price List mirror)
2026-09-14,AWS,us-west-2,p4de.24xlarge,A100,8.0,ondemand,27.44705,3.43088125,instances.vantage.sh (AWS Price List mirror)
2026-09-14,AWS,us-west-2,p4de.24xlarge,A100,8.0,spot,22.2194,2.777425,instances.vantage.sh (AWS Price List mirror)
2026-09-14,AWS,us-west-2,p5.48xlarge,H100,8.0,ondemand,55.04,6.88,instances.vantage.sh (AWS Price List mirror)
2026-09-14,AWS,us-west-2,p5.48xlarge,H100,8.0,spot,20.64335,2.58041875,instances.vantage.sh (AWS Price List mirror)
2026-09-14,AWS,us-west-2,p5.4xlarge,H100,1.0,ondemand,6.88,6.88,instances.vantage.sh (AWS Price List mirror)
2026-09-14,AWS,us-west-2,p5.4xlarge,H100,1.0,spot,2.6295,2.6295,instances.vantage.sh (AWS Price List mirror)
2026-09-14,AWS,us-west-2,p5en.48xlarge,H200,8.0,ondemand,63.296,7.912,instances.vantage.sh (AWS Price List mirror)
2026-09-14,AWS,us-west-2,p5en.48xlarge,H200,8.0,spot,27.118267,3.389783375,instances.vantage.sh (AWS Price List mirror)
2026-09-14,AWS,us-west-2,p6-b200.48xlarge,B200,8.0,ondemand,113.9328,14.2416,instances.vantage.sh (AWS Price List mirror)
2026-09-14,AWS,us-west-2,p6-b200.48xlarge,B200,8.0,spot,41.837167,5.229645875,instances.vantage.sh (AWS Price List mirror)
2026-09-14,AWS,us-west-2,p6-b300.48xlarge,NVIDIA B300,8.0,ondemand,142.416,17.802,instances.vantage.sh (AWS Price List mirror)
2026-09-14,AWS,us-west-2,p6-b300.48xlarge,NVIDIA B300,8.0,spot,52.2219,6.5277375,instances.vantage.sh (AWS Price List mirror)
2026-09-14,AWS,us-west-2-den-1,g4dn.2xlarge,T4,1.0,ondemand,1.015,1.015,instances.vantage.sh (AWS Price List mirror)
2026-09-14,AWS,us-west-2-den-1,g4dn.4xlarge,T4,1.0,ondemand,1.625,1.625,instances.vantage.sh (AWS Price List mirror)
2026-09-14,AWS,us-west-2-hnl-1,g4dn.2xlarge,T4,1.0,ondemand,1.241,1.241,instances.vantage.sh (AWS Price List mirror)
2026-09-14,AWS,us-west-2-hnl-1,g4dn.4xlarge,T4,1.0,ondemand,1.987,1.987,instances.vantage.sh (AWS Price List mirror)
2026-09-14,AWS,us-west-2-las-1,g4dn.2xlarge,T4,1.0,ondemand,1.015,1.015,instances.vantage.sh (AWS Price List mirror)
2026-09-14,AWS,us-west-2-lax-1,g4dn.12xlarge,T4,4.0,ondemand,4.694,1.1735,instances.vantage.sh (AWS Price List mirror)
2026-09-14,AWS,us-west-2-lax-1,g4dn.16xlarge,T4,1.0,ondemand,5.222,5.222,instances.vantage.sh (AWS Price List mirror)
2026-09-14,AWS,us-west-2-lax-1,g4dn.2xlarge,T4,1.0,ondemand,0.902,0.902,instances.vantage.sh (AWS Price List mirror)
2026-09-14,AWS,us-west-2-lax-1,g4dn.4xlarge,T4,1.0,ondemand,1.445,1.445,instances.vantage.sh (AWS Price List mirror)
2026-09-14,AWS,us-west-2-lax-1,g4dn.8xlarge,T4,1.0,ondemand,2.611,2.611,instances.vantage.sh (AWS Price List mirror)
2026-09-14,AWS,us-west-2-lax-1,g4dn.metal,T4,8.0,ondemand,9.389,1.173625,instances.vantage.sh (AWS Price List mirror)
2026-09-14,AWS,us-west-2-lax-1,g4dn.xlarge,T4,1.0,ondemand,0.631,0.631,instances.vantage.sh (AWS Price List mirror)
2026-09-14,AWS,us-west-2-lax-1,g5.4xlarge,A10G,1.0,ondemand,2.23098,2.23098,instances.vantage.sh (AWS Price List mirror)
2026-09-14,AWS,us-west-2-lax-1,g5.8xlarge,A10G,1.0,ondemand,3.36296,3.36296,instances.vantage.sh (AWS Price List mirror)
2026-09-14,AWS,us-west-2-lax-1,g7e.4xlarge,NVIDIA RTX PRO 6000 Blackwell,1.0,ondemand,5.35803,5.35803,instances.vantage.sh (AWS Price List mirror)
2026-09-14,AWS,us-west-2-lax-1,g7e.8xlarge,NVIDIA RTX PRO 6000 Blackwell,1.0,ondemand,7.0601,7.0601,instances.vantage.sh (AWS Price List mirror)
2026-09-14,AWS,us-west-2-pdx-1,g4dn.2xlarge,T4,1.0,ondemand,1.015,1.015,instances.vantage.sh (AWS Price List mirror)
2026-09-14,AWS,us-west-2-phx-1,g4dn.2xlarge,T4,1.0,ondemand,1.015,1.015,instances.vantage.sh (AWS Price List mirror)
2026-09-14,AWS,us-west-2-phx-1,g4dn.4xlarge,T4,1.0,ondemand,1.625,1.625,instances.vantage.sh (AWS Price List mirror)
2026-09-14,AWS,us-west-2-sea-1,g4dn.2xlarge,T4,1.0,ondemand,1.015,1.015,instances.vantage.sh (AWS Price List mirror)
2026-09-14,AWS,us-west-2-wl1,g4dn.2xlarge,T4,1.0,ondemand,1.317,1.317,instances.vantage.sh (AWS Price List mirror)
2026-09-14,AWS,us-west-2-wl1-den1,g4dn.2xlarge,T4,1.0,ondemand,1.317,1.317,instances.vantage.sh (AWS Price List mirror)
2026-09-14,AWS,us-west-2-wl1-las1,g4dn.2xlarge,T4,1.0,ondemand,1.317,1.317,instances.vantage.sh (AWS Price List mirror)
2026-09-14,AWS,us-west-2-wl1-lax1,g4dn.2xlarge,T4,1.0,ondemand,1.317,1.317,instances.vantage.sh (AWS Price List mirror)
2026-09-14,AWS,us-west-2-wl1-phx1,g4dn.2xlarge,T4,1.0,ondemand,1.317,1.317,instances.vantage.sh (AWS Price List mirror)
2026-09-14,AWS,us-west-2-wl1-sea1,g4dn.2xlarge,T4,1.0,ondemand,1.317,1.317,instances.vantage.sh (AWS Price List mirror)
