snapshot_date,provider,region,sku,gpu_model,gpu_count,price_type,price_usd_hour,price_usd_per_gpu_hour,source
2026-06-29,AWS,af-south-1,g4dn.12xlarge,T4,4.0,ondemand,5.19,1.2975,instances.vantage.sh (AWS Price List mirror)
2026-06-29,AWS,af-south-1,g4dn.12xlarge,T4,4.0,spot,0.519,0.12975,instances.vantage.sh (AWS Price List mirror)
2026-06-29,AWS,af-south-1,g4dn.16xlarge,T4,1.0,ondemand,5.774,5.774,instances.vantage.sh (AWS Price List mirror)
2026-06-29,AWS,af-south-1,g4dn.16xlarge,T4,1.0,spot,0.5774,0.5774,instances.vantage.sh (AWS Price List mirror)
2026-06-29,AWS,af-south-1,g4dn.2xlarge,T4,1.0,ondemand,0.998,0.998,instances.vantage.sh (AWS Price List mirror)
2026-06-29,AWS,af-south-1,g4dn.2xlarge,T4,1.0,spot,0.15968,0.15968,instances.vantage.sh (AWS Price List mirror)
2026-06-29,AWS,af-south-1,g4dn.4xlarge,T4,1.0,ondemand,1.597,1.597,instances.vantage.sh (AWS Price List mirror)
2026-06-29,AWS,af-south-1,g4dn.4xlarge,T4,1.0,spot,0.35134,0.35134,instances.vantage.sh (AWS Price List mirror)
2026-06-29,AWS,af-south-1,g4dn.8xlarge,T4,1.0,ondemand,2.887,2.887,instances.vantage.sh (AWS Price List mirror)
2026-06-29,AWS,af-south-1,g4dn.8xlarge,T4,1.0,spot,0.31757,0.31757,instances.vantage.sh (AWS Price List mirror)
2026-06-29,AWS,af-south-1,g4dn.metal,T4,8.0,ondemand,10.381,1.297625,instances.vantage.sh (AWS Price List mirror)
2026-06-29,AWS,af-south-1,g4dn.metal,T4,8.0,spot,9.44671,1.18083875,instances.vantage.sh (AWS Price List mirror)
2026-06-29,AWS,af-south-1,g4dn.xlarge,T4,1.0,ondemand,0.698,0.698,instances.vantage.sh (AWS Price List mirror)
2026-06-29,AWS,af-south-1,g4dn.xlarge,T4,1.0,spot,0.16054,0.16054,instances.vantage.sh (AWS Price List mirror)
2026-06-29,AWS,af-south-1,inf1.24xlarge,unknown,16.0,ondemand,6.249,0.3905625,instances.vantage.sh (AWS Price List mirror)
2026-06-29,AWS,af-south-1,inf1.24xlarge,unknown,16.0,spot,0.74988,0.0468675,instances.vantage.sh (AWS Price List mirror)
2026-06-29,AWS,af-south-1,inf1.xlarge,unknown,1.0,ondemand,0.302,0.302,instances.vantage.sh (AWS Price List mirror)
2026-06-29,AWS,af-south-1-los-1,g4dn.2xlarge,T4,1.0,ondemand,1.247,1.247,instances.vantage.sh (AWS Price List mirror)
2026-06-29,AWS,ap-east-1,g4dn.12xlarge,T4,4.0,ondemand,6.024,1.506,instances.vantage.sh (AWS Price List mirror)
2026-06-29,AWS,ap-east-1,g4dn.12xlarge,T4,4.0,spot,3.3132,0.8283,instances.vantage.sh (AWS Price List mirror)
2026-06-29,AWS,ap-east-1,g4dn.16xlarge,T4,1.0,ondemand,6.702,6.702,instances.vantage.sh (AWS Price List mirror)
2026-06-29,AWS,ap-east-1,g4dn.16xlarge,T4,1.0,spot,0.6702,0.6702,instances.vantage.sh (AWS Price List mirror)
2026-06-29,AWS,ap-east-1,g4dn.2xlarge,T4,1.0,ondemand,1.158,1.158,instances.vantage.sh (AWS Price List mirror)
2026-06-29,AWS,ap-east-1,g4dn.2xlarge,T4,1.0,spot,0.30108,0.30108,instances.vantage.sh (AWS Price List mirror)
2026-06-29,AWS,ap-east-1,g4dn.4xlarge,T4,1.0,ondemand,1.854,1.854,instances.vantage.sh (AWS Price List mirror)
2026-06-29,AWS,ap-east-1,g4dn.4xlarge,T4,1.0,spot,0.31518,0.31518,instances.vantage.sh (AWS Price List mirror)
2026-06-29,AWS,ap-east-1,g4dn.8xlarge,T4,1.0,ondemand,3.351,3.351,instances.vantage.sh (AWS Price List mirror)
2026-06-29,AWS,ap-east-1,g4dn.8xlarge,T4,1.0,spot,0.40212,0.40212,instances.vantage.sh (AWS Price List mirror)
2026-06-29,AWS,ap-east-1,g4dn.metal,T4,8.0,ondemand,12.048,1.506,instances.vantage.sh (AWS Price List mirror)
2026-06-29,AWS,ap-east-1,g4dn.metal,T4,8.0,spot,7.8312,0.9789,instances.vantage.sh (AWS Price List mirror)
2026-06-29,AWS,ap-east-1,g4dn.xlarge,T4,1.0,ondemand,0.81,0.81,instances.vantage.sh (AWS Price List mirror)
2026-06-29,AWS,ap-east-1,g4dn.xlarge,T4,1.0,spot,0.162,0.162,instances.vantage.sh (AWS Price List mirror)
2026-06-29,AWS,ap-east-1,g5.12xlarge,A10G,4.0,ondemand,8.7324,2.1831,instances.vantage.sh (AWS Price List mirror)
2026-06-29,AWS,ap-east-1,g5.12xlarge,A10G,4.0,spot,1.833804,0.458451,instances.vantage.sh (AWS Price List mirror)
2026-06-29,AWS,ap-east-1,g5.16xlarge,A10G,1.0,ondemand,6.30605,6.30605,instances.vantage.sh (AWS Price List mirror)
2026-06-29,AWS,ap-east-1,g5.16xlarge,A10G,1.0,spot,1.450392,1.450392,instances.vantage.sh (AWS Price List mirror)
2026-06-29,AWS,ap-east-1,g5.24xlarge,A10G,4.0,ondemand,12.5382,3.13455,instances.vantage.sh (AWS Price List mirror)
2026-06-29,AWS,ap-east-1,g5.24xlarge,A10G,4.0,spot,11.409762,2.8524405,instances.vantage.sh (AWS Price List mirror)
2026-06-29,AWS,ap-east-1,g5.2xlarge,A10G,1.0,ondemand,1.86595,1.86595,instances.vantage.sh (AWS Price List mirror)
2026-06-29,AWS,ap-east-1,g5.2xlarge,A10G,1.0,spot,0.410509,0.410509,instances.vantage.sh (AWS Price List mirror)
2026-06-29,AWS,ap-east-1,g5.48xlarge,A10G,8.0,ondemand,25.0764,3.13455,instances.vantage.sh (AWS Price List mirror)
2026-06-29,AWS,ap-east-1,g5.48xlarge,A10G,8.0,spot,12.5382,1.567275,instances.vantage.sh (AWS Price List mirror)
2026-06-29,AWS,ap-east-1,g5.4xlarge,A10G,1.0,ondemand,2.50025,2.50025,instances.vantage.sh (AWS Price List mirror)
2026-06-29,AWS,ap-east-1,g5.4xlarge,A10G,1.0,spot,2.10021,2.10021,instances.vantage.sh (AWS Price List mirror)
2026-06-29,AWS,ap-east-1,g5.8xlarge,A10G,1.0,ondemand,3.76885,3.76885,instances.vantage.sh (AWS Price List mirror)
2026-06-29,AWS,ap-east-1,g5.8xlarge,A10G,1.0,spot,1.055278,1.055278,instances.vantage.sh (AWS Price List mirror)
2026-06-29,AWS,ap-east-1,g5.xlarge,A10G,1.0,ondemand,1.5488,1.5488,instances.vantage.sh (AWS Price List mirror)
2026-06-29,AWS,ap-east-1,g5.xlarge,A10G,1.0,spot,0.3872,0.3872,instances.vantage.sh (AWS Price List mirror)
2026-06-29,AWS,ap-east-1,inf1.24xlarge,unknown,16.0,ondemand,7.274,0.454625,instances.vantage.sh (AWS Price List mirror)
2026-06-29,AWS,ap-east-1,inf1.24xlarge,unknown,16.0,spot,4.14618,0.25913625,instances.vantage.sh (AWS Price List mirror)
2026-06-29,AWS,ap-east-1,inf1.2xlarge,unknown,1.0,ondemand,0.558,0.558,instances.vantage.sh (AWS Price List mirror)
2026-06-29,AWS,ap-east-1,inf1.2xlarge,unknown,1.0,spot,0.06138,0.06138,instances.vantage.sh (AWS Price List mirror)
2026-06-29,AWS,ap-east-1,inf1.6xlarge,unknown,4.0,ondemand,1.819,0.45475,instances.vantage.sh (AWS Price List mirror)
2026-06-29,AWS,ap-east-1,inf1.6xlarge,unknown,4.0,spot,0.21828,0.05457,instances.vantage.sh (AWS Price List mirror)
2026-06-29,AWS,ap-east-1,inf1.xlarge,unknown,1.0,ondemand,0.352,0.352,instances.vantage.sh (AWS Price List mirror)
2026-06-29,AWS,ap-east-1,inf1.xlarge,unknown,1.0,spot,0.03872,0.03872,instances.vantage.sh (AWS Price List mirror)
2026-06-29,AWS,ap-northeast-1,g2.2xlarge,K520,1.0,ondemand,0.898,0.898,instances.vantage.sh (AWS Price List mirror)
2026-06-29,AWS,ap-northeast-1,g2.8xlarge,K520,4.0,ondemand,3.592,0.898,instances.vantage.sh (AWS Price List mirror)
2026-06-29,AWS,ap-northeast-1,g3.16xlarge,M60,4.0,ondemand,6.32,1.58,instances.vantage.sh (AWS Price List mirror)
2026-06-29,AWS,ap-northeast-1,g3.4xlarge,M60,1.0,ondemand,1.58,1.58,instances.vantage.sh (AWS Price List mirror)
2026-06-29,AWS,ap-northeast-1,g3.8xlarge,M60,2.0,ondemand,3.16,1.58,instances.vantage.sh (AWS Price List mirror)
2026-06-29,AWS,ap-northeast-1,g3s.xlarge,M60,1.0,ondemand,1.04,1.04,instances.vantage.sh (AWS Price List mirror)
2026-06-29,AWS,ap-northeast-1,g4ad.16xlarge,V520,4.0,ondemand,4.68,1.17,instances.vantage.sh (AWS Price List mirror)
2026-06-29,AWS,ap-northeast-1,g4ad.16xlarge,V520,4.0,spot,2.090233,0.52255825,instances.vantage.sh (AWS Price List mirror)
2026-06-29,AWS,ap-northeast-1,g4ad.2xlarge,V520,1.0,ondemand,0.7303,0.7303,instances.vantage.sh (AWS Price List mirror)
2026-06-29,AWS,ap-northeast-1,g4ad.2xlarge,V520,1.0,spot,0.400467,0.400467,instances.vantage.sh (AWS Price List mirror)
2026-06-29,AWS,ap-northeast-1,g4ad.4xlarge,V520,1.0,ondemand,1.17,1.17,instances.vantage.sh (AWS Price List mirror)
2026-06-29,AWS,ap-northeast-1,g4ad.4xlarge,V520,1.0,spot,0.647167,0.647167,instances.vantage.sh (AWS Price List mirror)
2026-06-29,AWS,ap-northeast-1,g4ad.8xlarge,V520,2.0,ondemand,2.34,1.17,instances.vantage.sh (AWS Price List mirror)
2026-06-29,AWS,ap-northeast-1,g4ad.8xlarge,V520,2.0,spot,0.6499,0.32495,instances.vantage.sh (AWS Price List mirror)
2026-06-29,AWS,ap-northeast-1,g4ad.xlarge,V520,1.0,ondemand,0.51082,0.51082,instances.vantage.sh (AWS Price List mirror)
2026-06-29,AWS,ap-northeast-1,g4ad.xlarge,V520,1.0,spot,0.252867,0.252867,instances.vantage.sh (AWS Price List mirror)
2026-06-29,AWS,ap-northeast-1,g4dn.12xlarge,T4,4.0,ondemand,5.281,1.32025,instances.vantage.sh (AWS Price List mirror)
2026-06-29,AWS,ap-northeast-1,g4dn.12xlarge,T4,4.0,spot,2.594733,0.64868325,instances.vantage.sh (AWS Price List mirror)
2026-06-29,AWS,ap-northeast-1,g4dn.16xlarge,T4,1.0,ondemand,5.875,5.875,instances.vantage.sh (AWS Price List mirror)
2026-06-29,AWS,ap-northeast-1,g4dn.16xlarge,T4,1.0,spot,1.0852,1.0852,instances.vantage.sh (AWS Price List mirror)
2026-06-29,AWS,ap-northeast-1,g4dn.2xlarge,T4,1.0,ondemand,1.015,1.015,instances.vantage.sh (AWS Price List mirror)
2026-06-29,AWS,ap-northeast-1,g4dn.2xlarge,T4,1.0,spot,0.415633,0.415633,instances.vantage.sh (AWS Price List mirror)
2026-06-29,AWS,ap-northeast-1,g4dn.4xlarge,T4,1.0,ondemand,1.625,1.625,instances.vantage.sh (AWS Price List mirror)
2026-06-29,AWS,ap-northeast-1,g4dn.4xlarge,T4,1.0,spot,0.629867,0.629867,instances.vantage.sh (AWS Price List mirror)
2026-06-29,AWS,ap-northeast-1,g4dn.8xlarge,T4,1.0,ondemand,2.938,2.938,instances.vantage.sh (AWS Price List mirror)
2026-06-29,AWS,ap-northeast-1,g4dn.8xlarge,T4,1.0,spot,1.049167,1.049167,instances.vantage.sh (AWS Price List mirror)
2026-06-29,AWS,ap-northeast-1,g4dn.metal,T4,8.0,ondemand,10.562,1.32025,instances.vantage.sh (AWS Price List mirror)
2026-06-29,AWS,ap-northeast-1,g4dn.metal,T4,8.0,spot,4.1312,0.5164,instances.vantage.sh (AWS Price List mirror)
2026-06-29,AWS,ap-northeast-1,g4dn.xlarge,T4,1.0,ondemand,0.71,0.71,instances.vantage.sh (AWS Price List mirror)
2026-06-29,AWS,ap-northeast-1,g4dn.xlarge,T4,1.0,spot,0.2649,0.2649,instances.vantage.sh (AWS Price List mirror)
2026-06-29,AWS,ap-northeast-1,g5.12xlarge,A10G,4.0,ondemand,8.22609,2.0565225,instances.vantage.sh (AWS Price List mirror)
2026-06-29,AWS,ap-northeast-1,g5.12xlarge,A10G,4.0,spot,8.2261,2.056525,instances.vantage.sh (AWS Price List mirror)
2026-06-29,AWS,ap-northeast-1,g5.16xlarge,A10G,1.0,ondemand,5.94042,5.94042,instances.vantage.sh (AWS Price List mirror)
2026-06-29,AWS,ap-northeast-1,g5.16xlarge,A10G,1.0,spot,1.75555,1.75555,instances.vantage.sh (AWS Price List mirror)
2026-06-29,AWS,ap-northeast-1,g5.24xlarge,A10G,4.0,ondemand,11.81123,2.9528075,instances.vantage.sh (AWS Price List mirror)
2026-06-29,AWS,ap-northeast-1,g5.24xlarge,A10G,4.0,spot,11.8112,2.9528,instances.vantage.sh (AWS Price List mirror)
2026-06-29,AWS,ap-northeast-1,g5.2xlarge,A10G,1.0,ondemand,1.75776,1.75776,instances.vantage.sh (AWS Price List mirror)
2026-06-29,AWS,ap-northeast-1,g5.2xlarge,A10G,1.0,spot,0.7653,0.7653,instances.vantage.sh (AWS Price List mirror)
2026-06-29,AWS,ap-northeast-1,g5.48xlarge,A10G,8.0,ondemand,23.62246,2.9528075,instances.vantage.sh (AWS Price List mirror)
2026-06-29,AWS,ap-northeast-1,g5.48xlarge,A10G,8.0,spot,23.6225,2.9528125,instances.vantage.sh (AWS Price List mirror)
2026-06-29,AWS,ap-northeast-1,g5.4xlarge,A10G,1.0,ondemand,2.35528,2.35528,instances.vantage.sh (AWS Price List mirror)
2026-06-29,AWS,ap-northeast-1,g5.4xlarge,A10G,1.0,spot,0.6473,0.6473,instances.vantage.sh (AWS Price List mirror)
2026-06-29,AWS,ap-northeast-1,g5.8xlarge,A10G,1.0,ondemand,3.55033,3.55033,instances.vantage.sh (AWS Price List mirror)
2026-06-29,AWS,ap-northeast-1,g5.8xlarge,A10G,1.0,spot,1.1692,1.1692,instances.vantage.sh (AWS Price List mirror)
2026-06-29,AWS,ap-northeast-1,g5.xlarge,A10G,1.0,ondemand,1.459,1.459,instances.vantage.sh (AWS Price List mirror)
2026-06-29,AWS,ap-northeast-1,g5.xlarge,A10G,1.0,spot,0.72245,0.72245,instances.vantage.sh (AWS Price List mirror)
2026-06-29,AWS,ap-northeast-1,g5g.16xlarge,T4G,2.0,ondemand,3.7039,1.85195,instances.vantage.sh (AWS Price List mirror)
2026-06-29,AWS,ap-northeast-1,g5g.16xlarge,T4G,2.0,spot,0.547,0.2735,instances.vantage.sh (AWS Price List mirror)
2026-06-29,AWS,ap-northeast-1,g5g.2xlarge,T4G,1.0,ondemand,0.7505,0.7505,instances.vantage.sh (AWS Price List mirror)
2026-06-29,AWS,ap-northeast-1,g5g.2xlarge,T4G,1.0,spot,0.1735,0.1735,instances.vantage.sh (AWS Price List mirror)
2026-06-29,AWS,ap-northeast-1,g5g.4xlarge,T4G,1.0,ondemand,1.1176,1.1176,instances.vantage.sh (AWS Price List mirror)
2026-06-29,AWS,ap-northeast-1,g5g.4xlarge,T4G,1.0,spot,0.2107,0.2107,instances.vantage.sh (AWS Price List mirror)
2026-06-29,AWS,ap-northeast-1,g5g.8xlarge,T4G,1.0,ondemand,1.8519,1.8519,instances.vantage.sh (AWS Price List mirror)
2026-06-29,AWS,ap-northeast-1,g5g.8xlarge,T4G,1.0,spot,0.2893,0.2893,instances.vantage.sh (AWS Price List mirror)
2026-06-29,AWS,ap-northeast-1,g5g.metal,T4G,2.0,ondemand,3.7039,1.85195,instances.vantage.sh (AWS Price List mirror)
2026-06-29,AWS,ap-northeast-1,g5g.metal,T4G,2.0,spot,0.4791,0.23955,instances.vantage.sh (AWS Price List mirror)
2026-06-29,AWS,ap-northeast-1,g5g.xlarge,T4G,1.0,ondemand,0.5669,0.5669,instances.vantage.sh (AWS Price List mirror)
2026-06-29,AWS,ap-northeast-1,g5g.xlarge,T4G,1.0,spot,0.09775,0.09775,instances.vantage.sh (AWS Price List mirror)
2026-06-29,AWS,ap-northeast-1,g6.12xlarge,L4,4.0,ondemand,6.67369,1.6684225,instances.vantage.sh (AWS Price List mirror)
2026-06-29,AWS,ap-northeast-1,g6.12xlarge,L4,4.0,spot,2.2187,0.554675,instances.vantage.sh (AWS Price List mirror)
2026-06-29,AWS,ap-northeast-1,g6.16xlarge,L4,1.0,ondemand,4.92637,4.92637,instances.vantage.sh (AWS Price List mirror)
2026-06-29,AWS,ap-northeast-1,g6.16xlarge,L4,1.0,spot,1.5686,1.5686,instances.vantage.sh (AWS Price List mirror)
2026-06-29,AWS,ap-northeast-1,g6.24xlarge,L4,4.0,ondemand,9.68103,2.4202575,instances.vantage.sh (AWS Price List mirror)
2026-06-29,AWS,ap-northeast-1,g6.24xlarge,L4,4.0,spot,2.36655,0.5916375,instances.vantage.sh (AWS Price List mirror)
2026-06-29,AWS,ap-northeast-1,g6.2xlarge,L4,1.0,ondemand,1.41781,1.41781,instances.vantage.sh (AWS Price List mirror)
2026-06-29,AWS,ap-northeast-1,g6.2xlarge,L4,1.0,spot,0.5563,0.5563,instances.vantage.sh (AWS Price List mirror)
2026-06-29,AWS,ap-northeast-1,g6.48xlarge,L4,8.0,ondemand,19.36206,2.4202575,instances.vantage.sh (AWS Price List mirror)
2026-06-29,AWS,ap-northeast-1,g6.48xlarge,L4,8.0,spot,4.4028,0.55035,instances.vantage.sh (AWS Price List mirror)
2026-06-29,AWS,ap-northeast-1,g6.4xlarge,L4,1.0,ondemand,1.91903,1.91903,instances.vantage.sh (AWS Price List mirror)
2026-06-29,AWS,ap-northeast-1,g6.4xlarge,L4,1.0,spot,0.62975,0.62975,instances.vantage.sh (AWS Price List mirror)
2026-06-29,AWS,ap-northeast-1,g6.8xlarge,L4,1.0,ondemand,2.92148,2.92148,instances.vantage.sh (AWS Price List mirror)
2026-06-29,AWS,ap-northeast-1,g6.8xlarge,L4,1.0,spot,1.02495,1.02495,instances.vantage.sh (AWS Price List mirror)
2026-06-29,AWS,ap-northeast-1,g6.xlarge,L4,1.0,ondemand,1.1672,1.1672,instances.vantage.sh (AWS Price List mirror)
2026-06-29,AWS,ap-northeast-1,g6.xlarge,L4,1.0,spot,0.49955,0.49955,instances.vantage.sh (AWS Price List mirror)
2026-06-29,AWS,ap-northeast-1,g6e.12xlarge,L40S,4.0,ondemand,15.21742,3.804355,instances.vantage.sh (AWS Price List mirror)
2026-06-29,AWS,ap-northeast-1,g6e.12xlarge,L40S,4.0,spot,5.02255,1.2556375,instances.vantage.sh (AWS Price List mirror)
2026-06-29,AWS,ap-northeast-1,g6e.16xlarge,L40S,1.0,ondemand,10.98917,10.98917,instances.vantage.sh (AWS Price List mirror)
2026-06-29,AWS,ap-northeast-1,g6e.16xlarge,L40S,1.0,spot,1.83525,1.83525,instances.vantage.sh (AWS Price List mirror)
2026-06-29,AWS,ap-northeast-1,g6e.24xlarge,L40S,4.0,ondemand,21.84956,5.46239,instances.vantage.sh (AWS Price List mirror)
2026-06-29,AWS,ap-northeast-1,g6e.24xlarge,L40S,4.0,spot,3.9754,0.99385,instances.vantage.sh (AWS Price List mirror)
2026-06-29,AWS,ap-northeast-1,g6e.2xlarge,L40S,1.0,ondemand,3.25168,3.25168,instances.vantage.sh (AWS Price List mirror)
2026-06-29,AWS,ap-northeast-1,g6e.2xlarge,L40S,1.0,spot,1.08655,1.08655,instances.vantage.sh (AWS Price List mirror)
2026-06-29,AWS,ap-northeast-1,g6e.48xlarge,L40S,8.0,ondemand,43.69912,5.46239,instances.vantage.sh (AWS Price List mirror)
2026-06-29,AWS,ap-northeast-1,g6e.48xlarge,L40S,8.0,spot,7.7676,0.97095,instances.vantage.sh (AWS Price List mirror)
2026-06-29,AWS,ap-northeast-1,g6e.4xlarge,L40S,1.0,ondemand,4.35703,4.35703,instances.vantage.sh (AWS Price List mirror)
2026-06-29,AWS,ap-northeast-1,g6e.4xlarge,L40S,1.0,spot,1.52055,1.52055,instances.vantage.sh (AWS Price List mirror)
2026-06-29,AWS,ap-northeast-1,g6e.8xlarge,L40S,1.0,ondemand,6.56775,6.56775,instances.vantage.sh (AWS Price List mirror)
2026-06-29,AWS,ap-northeast-1,g6e.8xlarge,L40S,1.0,spot,2.51385,2.51385,instances.vantage.sh (AWS Price List mirror)
2026-06-29,AWS,ap-northeast-1,g6e.xlarge,L40S,1.0,ondemand,2.699,2.699,instances.vantage.sh (AWS Price List mirror)
2026-06-29,AWS,ap-northeast-1,g6e.xlarge,L40S,1.0,spot,0.97635,0.97635,instances.vantage.sh (AWS Price List mirror)
2026-06-29,AWS,ap-northeast-1,g6f.2xlarge,L4,0.25,ondemand,0.68888,2.75552,instances.vantage.sh (AWS Price List mirror)
2026-06-29,AWS,ap-northeast-1,g6f.2xlarge,L4,0.25,spot,0.2108,0.8432,instances.vantage.sh (AWS Price List mirror)
2026-06-29,AWS,ap-northeast-1,g6f.4xlarge,L4,0.5,ondemand,1.37776,2.75552,instances.vantage.sh (AWS Price List mirror)
2026-06-29,AWS,ap-northeast-1,g6f.4xlarge,L4,0.5,spot,0.489,0.978,instances.vantage.sh (AWS Price List mirror)
2026-06-29,AWS,ap-northeast-1,g6f.large,L4,0.125,ondemand,0.29296,2.34368,instances.vantage.sh (AWS Price List mirror)
2026-06-29,AWS,ap-northeast-1,g6f.large,L4,0.125,spot,0.05945,0.4756,instances.vantage.sh (AWS Price List mirror)
2026-06-29,AWS,ap-northeast-1,g6f.xlarge,L4,0.125,ondemand,0.34444,2.75552,instances.vantage.sh (AWS Price List mirror)
2026-06-29,AWS,ap-northeast-1,g6f.xlarge,L4,0.125,spot,0.1034,0.8272,instances.vantage.sh (AWS Price List mirror)
2026-06-29,AWS,ap-northeast-1,g7e.12xlarge,NVIDIA GB202,2.0,ondemand,12.01727,6.008635,instances.vantage.sh (AWS Price List mirror)
2026-06-29,AWS,ap-northeast-1,g7e.12xlarge,NVIDIA GB202,2.0,spot,3.38055,1.690275,instances.vantage.sh (AWS Price List mirror)
2026-06-29,AWS,ap-northeast-1,g7e.24xlarge,NVIDIA GB202,4.0,ondemand,24.03454,6.008635,instances.vantage.sh (AWS Price List mirror)
2026-06-29,AWS,ap-northeast-1,g7e.24xlarge,NVIDIA GB202,4.0,spot,8.5687,2.142175,instances.vantage.sh (AWS Price List mirror)
2026-06-29,AWS,ap-northeast-1,g7e.2xlarge,NVIDIA GB202,1.0,ondemand,4.87752,4.87752,instances.vantage.sh (AWS Price List mirror)
2026-06-29,AWS,ap-northeast-1,g7e.2xlarge,NVIDIA GB202,1.0,spot,1.695,1.695,instances.vantage.sh (AWS Price List mirror)
2026-06-29,AWS,ap-northeast-1,g7e.48xlarge,NVIDIA GB202,8.0,ondemand,48.06908,6.008635,instances.vantage.sh (AWS Price List mirror)
2026-06-29,AWS,ap-northeast-1,g7e.48xlarge,NVIDIA GB202,8.0,spot,16.38545,2.04818125,instances.vantage.sh (AWS Price List mirror)
2026-06-29,AWS,ap-northeast-1,g7e.4xlarge,NVIDIA GB202,1.0,ondemand,5.79852,5.79852,instances.vantage.sh (AWS Price List mirror)
2026-06-29,AWS,ap-northeast-1,g7e.4xlarge,NVIDIA GB202,1.0,spot,2.26945,2.26945,instances.vantage.sh (AWS Price List mirror)
2026-06-29,AWS,ap-northeast-1,g7e.8xlarge,NVIDIA GB202,1.0,ondemand,7.64051,7.64051,instances.vantage.sh (AWS Price List mirror)
2026-06-29,AWS,ap-northeast-1,g7e.8xlarge,NVIDIA GB202,1.0,spot,2.5037,2.5037,instances.vantage.sh (AWS Price List mirror)
2026-06-29,AWS,ap-northeast-1,gr6.4xlarge,L4,1.0,ondemand,2.2323,2.2323,instances.vantage.sh (AWS Price List mirror)
2026-06-29,AWS,ap-northeast-1,gr6.4xlarge,L4,1.0,spot,0.45295,0.45295,instances.vantage.sh (AWS Price List mirror)
2026-06-29,AWS,ap-northeast-1,gr6.8xlarge,L4,1.0,ondemand,3.54801,3.54801,instances.vantage.sh (AWS Price List mirror)
2026-06-29,AWS,ap-northeast-1,gr6.8xlarge,L4,1.0,spot,0.6667,0.6667,instances.vantage.sh (AWS Price List mirror)
2026-06-29,AWS,ap-northeast-1,gr6f.4xlarge,L4,0.5,ondemand,1.54602,3.09204,instances.vantage.sh (AWS Price List mirror)
2026-06-29,AWS,ap-northeast-1,gr6f.4xlarge,L4,0.5,spot,0.4191,0.8382,instances.vantage.sh (AWS Price List mirror)
2026-06-29,AWS,ap-northeast-1,inf1.24xlarge,unknown,16.0,ondemand,6.376,0.3985,instances.vantage.sh (AWS Price List mirror)
2026-06-29,AWS,ap-northeast-1,inf1.24xlarge,unknown,16.0,spot,4.691067,0.2931916875,instances.vantage.sh (AWS Price List mirror)
2026-06-29,AWS,ap-northeast-1,inf1.2xlarge,unknown,1.0,ondemand,0.489,0.489,instances.vantage.sh (AWS Price List mirror)
2026-06-29,AWS,ap-northeast-1,inf1.2xlarge,unknown,1.0,spot,0.0963,0.0963,instances.vantage.sh (AWS Price List mirror)
2026-06-29,AWS,ap-northeast-1,inf1.6xlarge,unknown,4.0,ondemand,1.594,0.3985,instances.vantage.sh (AWS Price List mirror)
2026-06-29,AWS,ap-northeast-1,inf1.6xlarge,unknown,4.0,spot,0.3686,0.09215,instances.vantage.sh (AWS Price List mirror)
2026-06-29,AWS,ap-northeast-1,inf1.xlarge,unknown,1.0,ondemand,0.308,0.308,instances.vantage.sh (AWS Price List mirror)
2026-06-29,AWS,ap-northeast-1,inf1.xlarge,unknown,1.0,spot,0.062567,0.062567,instances.vantage.sh (AWS Price List mirror)
2026-06-29,AWS,ap-northeast-1,inf2.24xlarge,unknown,6.0,ondemand,9.73595,1.6226583333333335,instances.vantage.sh (AWS Price List mirror)
2026-06-29,AWS,ap-northeast-1,inf2.24xlarge,unknown,6.0,spot,9.736,1.6226666666666667,instances.vantage.sh (AWS Price List mirror)
2026-06-29,AWS,ap-northeast-1,inf2.48xlarge,unknown,12.0,ondemand,19.4719,1.6226583333333335,instances.vantage.sh (AWS Price List mirror)
2026-06-29,AWS,ap-northeast-1,inf2.48xlarge,unknown,12.0,spot,19.4719,1.6226583333333335,instances.vantage.sh (AWS Price List mirror)
2026-06-29,AWS,ap-northeast-1,inf2.8xlarge,unknown,1.0,ondemand,2.95179,2.95179,instances.vantage.sh (AWS Price List mirror)
2026-06-29,AWS,ap-northeast-1,inf2.8xlarge,unknown,1.0,spot,2.9518,2.9518,instances.vantage.sh (AWS Price List mirror)
2026-06-29,AWS,ap-northeast-1,inf2.xlarge,unknown,1.0,ondemand,1.1373,1.1373,instances.vantage.sh (AWS Price List mirror)
2026-06-29,AWS,ap-northeast-1,inf2.xlarge,unknown,1.0,spot,0.3741,0.3741,instances.vantage.sh (AWS Price List mirror)
2026-06-29,AWS,ap-northeast-1,p2.16xlarge,K80,16.0,ondemand,24.672,1.542,instances.vantage.sh (AWS Price List mirror)
2026-06-29,AWS,ap-northeast-1,p2.8xlarge,K80,8.0,ondemand,12.336,1.542,instances.vantage.sh (AWS Price List mirror)
2026-06-29,AWS,ap-northeast-1,p2.xlarge,K80,1.0,ondemand,1.542,1.542,instances.vantage.sh (AWS Price List mirror)
2026-06-29,AWS,ap-northeast-1,p3.16xlarge,V100,8.0,ondemand,33.552,4.194,instances.vantage.sh (AWS Price List mirror)
2026-06-29,AWS,ap-northeast-1,p3.16xlarge,V100,8.0,spot,33.552,4.194,instances.vantage.sh (AWS Price List mirror)
2026-06-29,AWS,ap-northeast-1,p3.2xlarge,V100,1.0,ondemand,4.194,4.194,instances.vantage.sh (AWS Price List mirror)
2026-06-29,AWS,ap-northeast-1,p3.2xlarge,V100,1.0,spot,4.194,4.194,instances.vantage.sh (AWS Price List mirror)
2026-06-29,AWS,ap-northeast-1,p3.8xlarge,V100,4.0,ondemand,16.776,4.194,instances.vantage.sh (AWS Price List mirror)
2026-06-29,AWS,ap-northeast-1,p3.8xlarge,V100,4.0,spot,5.8716,1.4679,instances.vantage.sh (AWS Price List mirror)
2026-06-29,AWS,ap-northeast-1,p3dn.24xlarge,V100,8.0,ondemand,42.783,5.347875,instances.vantage.sh (AWS Price List mirror)
2026-06-29,AWS,ap-northeast-1,p3dn.24xlarge,V100,8.0,spot,30.5877,3.8234625,instances.vantage.sh (AWS Price List mirror)
2026-06-29,AWS,ap-northeast-1,p4d.24xlarge,A100,8.0,ondemand,30.09784,3.76223,instances.vantage.sh (AWS Price List mirror)
2026-06-29,AWS,ap-northeast-1,p4d.24xlarge,A100,8.0,spot,20.84325,2.60540625,instances.vantage.sh (AWS Price List mirror)
2026-06-29,AWS,ap-northeast-1,p4de.24xlarge,A100,8.0,ondemand,37.6223,4.7027875,instances.vantage.sh (AWS Price List mirror)
2026-06-29,AWS,ap-northeast-1,p4de.24xlarge,A100,8.0,spot,24.3073,3.0384125,instances.vantage.sh (AWS Price List mirror)
2026-06-29,AWS,ap-northeast-1,p5.48xlarge,H100,8.0,ondemand,68.8,8.6,instances.vantage.sh (AWS Price List mirror)
2026-06-29,AWS,ap-northeast-1,p5.48xlarge,H100,8.0,spot,41.52405,5.19050625,instances.vantage.sh (AWS Price List mirror)
2026-06-29,AWS,ap-northeast-1,p5.4xlarge,H100,1.0,ondemand,8.6,8.6,instances.vantage.sh (AWS Price List mirror)
2026-06-29,AWS,ap-northeast-1,p5.4xlarge,H100,1.0,spot,4.3613,4.3613,instances.vantage.sh (AWS Price List mirror)
2026-06-29,AWS,ap-northeast-1,p5en.48xlarge,H200,8.0,ondemand,79.12,9.89,instances.vantage.sh (AWS Price List mirror)
2026-06-29,AWS,ap-northeast-1,p5en.48xlarge,H200,8.0,spot,24.3057,3.0382125,instances.vantage.sh (AWS Price List mirror)
2026-06-29,AWS,ap-northeast-1-tpe-1,g4dn.2xlarge,T4,1.0,ondemand,1.371,1.371,instances.vantage.sh (AWS Price List mirror)
2026-06-29,AWS,ap-northeast-1-wl1-kix1,g4dn.2xlarge,T4,1.0,ondemand,1.777,1.777,instances.vantage.sh (AWS Price List mirror)
2026-06-29,AWS,ap-northeast-1-wl1-nrt1,g4dn.2xlarge,T4,1.0,ondemand,1.777,1.777,instances.vantage.sh (AWS Price List mirror)
2026-06-29,AWS,ap-northeast-2,g2.2xlarge,K520,1.0,ondemand,0.898,0.898,instances.vantage.sh (AWS Price List mirror)
2026-06-29,AWS,ap-northeast-2,g2.8xlarge,K520,4.0,ondemand,3.592,0.898,instances.vantage.sh (AWS Price List mirror)
2026-06-29,AWS,ap-northeast-2,g3.16xlarge,M60,4.0,ondemand,5.68,1.42,instances.vantage.sh (AWS Price List mirror)
2026-06-29,AWS,ap-northeast-2,g3.4xlarge,M60,1.0,ondemand,1.42,1.42,instances.vantage.sh (AWS Price List mirror)
2026-06-29,AWS,ap-northeast-2,g3.8xlarge,M60,2.0,ondemand,2.84,1.42,instances.vantage.sh (AWS Price List mirror)
2026-06-29,AWS,ap-northeast-2,g3s.xlarge,M60,1.0,ondemand,0.934,0.934,instances.vantage.sh (AWS Price List mirror)
2026-06-29,AWS,ap-northeast-2,g4dn.12xlarge,T4,4.0,ondemand,4.812,1.203,instances.vantage.sh (AWS Price List mirror)
2026-06-29,AWS,ap-northeast-2,g4dn.12xlarge,T4,4.0,spot,2.501033,0.62525825,instances.vantage.sh (AWS Price List mirror)
2026-06-29,AWS,ap-northeast-2,g4dn.16xlarge,T4,1.0,ondemand,5.353,5.353,instances.vantage.sh (AWS Price List mirror)
2026-06-29,AWS,ap-northeast-2,g4dn.16xlarge,T4,1.0,spot,1.375967,1.375967,instances.vantage.sh (AWS Price List mirror)
2026-06-29,AWS,ap-northeast-2,g4dn.2xlarge,T4,1.0,ondemand,0.925,0.925,instances.vantage.sh (AWS Price List mirror)
2026-06-29,AWS,ap-northeast-2,g4dn.2xlarge,T4,1.0,spot,0.279233,0.279233,instances.vantage.sh (AWS Price List mirror)
2026-06-29,AWS,ap-northeast-2,g4dn.4xlarge,T4,1.0,ondemand,1.481,1.481,instances.vantage.sh (AWS Price List mirror)
2026-06-29,AWS,ap-northeast-2,g4dn.4xlarge,T4,1.0,spot,0.493733,0.493733,instances.vantage.sh (AWS Price List mirror)
2026-06-29,AWS,ap-northeast-2,g4dn.8xlarge,T4,1.0,ondemand,2.677,2.677,instances.vantage.sh (AWS Price List mirror)
2026-06-29,AWS,ap-northeast-2,g4dn.8xlarge,T4,1.0,spot,0.5217,0.5217,instances.vantage.sh (AWS Price List mirror)
2026-06-29,AWS,ap-northeast-2,g4dn.metal,T4,8.0,ondemand,9.624,1.203,instances.vantage.sh (AWS Price List mirror)
2026-06-29,AWS,ap-northeast-2,g4dn.metal,T4,8.0,spot,3.844067,0.480508375,instances.vantage.sh (AWS Price List mirror)
2026-06-29,AWS,ap-northeast-2,g4dn.xlarge,T4,1.0,ondemand,0.647,0.647,instances.vantage.sh (AWS Price List mirror)
2026-06-29,AWS,ap-northeast-2,g4dn.xlarge,T4,1.0,spot,0.253567,0.253567,instances.vantage.sh (AWS Price List mirror)
2026-06-29,AWS,ap-northeast-2,g5.12xlarge,A10G,4.0,ondemand,6.97442,1.743605,instances.vantage.sh (AWS Price List mirror)
2026-06-29,AWS,ap-northeast-2,g5.12xlarge,A10G,4.0,spot,2.628967,0.65724175,instances.vantage.sh (AWS Price List mirror)
2026-06-29,AWS,ap-northeast-2,g5.16xlarge,A10G,1.0,ondemand,5.03653,5.03653,instances.vantage.sh (AWS Price List mirror)
2026-06-29,AWS,ap-northeast-2,g5.16xlarge,A10G,1.0,spot,1.1443,1.1443,instances.vantage.sh (AWS Price List mirror)
2026-06-29,AWS,ap-northeast-2,g5.24xlarge,A10G,4.0,ondemand,10.01404,2.50351,instances.vantage.sh (AWS Price List mirror)
2026-06-29,AWS,ap-northeast-2,g5.24xlarge,A10G,4.0,spot,3.352567,0.83814175,instances.vantage.sh (AWS Price List mirror)
2026-06-29,AWS,ap-northeast-2,g5.2xlarge,A10G,1.0,ondemand,1.4903,1.4903,instances.vantage.sh (AWS Price List mirror)
2026-06-29,AWS,ap-northeast-2,g5.2xlarge,A10G,1.0,spot,0.461567,0.461567,instances.vantage.sh (AWS Price List mirror)
2026-06-29,AWS,ap-northeast-2,g5.48xlarge,A10G,8.0,ondemand,20.02809,2.50351125,instances.vantage.sh (AWS Price List mirror)
2026-06-29,AWS,ap-northeast-2,g5.48xlarge,A10G,8.0,spot,7.2815,0.9101875,instances.vantage.sh (AWS Price List mirror)
2026-06-29,AWS,ap-northeast-2,g5.4xlarge,A10G,1.0,ondemand,1.99691,1.99691,instances.vantage.sh (AWS Price List mirror)
2026-06-29,AWS,ap-northeast-2,g5.4xlarge,A10G,1.0,spot,0.619133,0.619133,instances.vantage.sh (AWS Price List mirror)
2026-06-29,AWS,ap-northeast-2,g5.8xlarge,A10G,1.0,ondemand,3.01012,3.01012,instances.vantage.sh (AWS Price List mirror)
2026-06-29,AWS,ap-northeast-2,g5.8xlarge,A10G,1.0,spot,0.941867,0.941867,instances.vantage.sh (AWS Price List mirror)
2026-06-29,AWS,ap-northeast-2,g5.xlarge,A10G,1.0,ondemand,1.237,1.237,instances.vantage.sh (AWS Price List mirror)
2026-06-29,AWS,ap-northeast-2,g5.xlarge,A10G,1.0,spot,0.521767,0.521767,instances.vantage.sh (AWS Price List mirror)
2026-06-29,AWS,ap-northeast-2,g5g.16xlarge,T4G,2.0,ondemand,3.3752,1.6876,instances.vantage.sh (AWS Price List mirror)
2026-06-29,AWS,ap-northeast-2,g5g.16xlarge,T4G,2.0,spot,0.3375,0.16875,instances.vantage.sh (AWS Price List mirror)
2026-06-29,AWS,ap-northeast-2,g5g.2xlarge,T4G,1.0,ondemand,0.6839,0.6839,instances.vantage.sh (AWS Price List mirror)
2026-06-29,AWS,ap-northeast-2,g5g.2xlarge,T4G,1.0,spot,0.1555,0.1555,instances.vantage.sh (AWS Price List mirror)
2026-06-29,AWS,ap-northeast-2,g5g.4xlarge,T4G,1.0,ondemand,1.0185,1.0185,instances.vantage.sh (AWS Price List mirror)
2026-06-29,AWS,ap-northeast-2,g5g.4xlarge,T4G,1.0,spot,0.1543,0.1543,instances.vantage.sh (AWS Price List mirror)
2026-06-29,AWS,ap-northeast-2,g5g.8xlarge,T4G,1.0,ondemand,1.6876,1.6876,instances.vantage.sh (AWS Price List mirror)
2026-06-29,AWS,ap-northeast-2,g5g.8xlarge,T4G,1.0,spot,0.1688,0.1688,instances.vantage.sh (AWS Price List mirror)
2026-06-29,AWS,ap-northeast-2,g5g.metal,T4G,2.0,ondemand,3.3752,1.6876,instances.vantage.sh (AWS Price List mirror)
2026-06-29,AWS,ap-northeast-2,g5g.metal,T4G,2.0,spot,0.3375,0.16875,instances.vantage.sh (AWS Price List mirror)
2026-06-29,AWS,ap-northeast-2,g5g.xlarge,T4G,1.0,ondemand,0.5166,0.5166,instances.vantage.sh (AWS Price List mirror)
2026-06-29,AWS,ap-northeast-2,g5g.xlarge,T4G,1.0,spot,0.0863,0.0863,instances.vantage.sh (AWS Price List mirror)
2026-06-29,AWS,ap-northeast-2,g6.12xlarge,L4,4.0,ondemand,5.65823,1.4145575,instances.vantage.sh (AWS Price List mirror)
2026-06-29,AWS,ap-northeast-2,g6.12xlarge,L4,4.0,spot,1.127233,0.28180825,instances.vantage.sh (AWS Price List mirror)
2026-06-29,AWS,ap-northeast-2,g6.16xlarge,L4,1.0,ondemand,4.17678,4.17678,instances.vantage.sh (AWS Price List mirror)
2026-06-29,AWS,ap-northeast-2,g6.16xlarge,L4,1.0,spot,0.7846,0.7846,instances.vantage.sh (AWS Price List mirror)
2026-06-29,AWS,ap-northeast-2,g6.24xlarge,L4,4.0,ondemand,8.20797,2.0519925,instances.vantage.sh (AWS Price List mirror)
2026-06-29,AWS,ap-northeast-2,g6.24xlarge,L4,4.0,spot,1.557567,0.38939175,instances.vantage.sh (AWS Price List mirror)
2026-06-29,AWS,ap-northeast-2,g6.2xlarge,L4,1.0,ondemand,1.20208,1.20208,instances.vantage.sh (AWS Price List mirror)
2026-06-29,AWS,ap-northeast-2,g6.2xlarge,L4,1.0,spot,0.410633,0.410633,instances.vantage.sh (AWS Price List mirror)
2026-06-29,AWS,ap-northeast-2,g6.48xlarge,L4,8.0,ondemand,16.41595,2.05199375,instances.vantage.sh (AWS Price List mirror)
2026-06-29,AWS,ap-northeast-2,g6.48xlarge,L4,8.0,spot,2.899433,0.362429125,instances.vantage.sh (AWS Price List mirror)
2026-06-29,AWS,ap-northeast-2,g6.4xlarge,L4,1.0,ondemand,1.62704,1.62704,instances.vantage.sh (AWS Price List mirror)
2026-06-29,AWS,ap-northeast-2,g6.4xlarge,L4,1.0,spot,0.5037,0.5037,instances.vantage.sh (AWS Price List mirror)
2026-06-29,AWS,ap-northeast-2,g6.8xlarge,L4,1.0,ondemand,2.47695,2.47695,instances.vantage.sh (AWS Price List mirror)
2026-06-29,AWS,ap-northeast-2,g6.8xlarge,L4,1.0,spot,0.479933,0.479933,instances.vantage.sh (AWS Price List mirror)
2026-06-29,AWS,ap-northeast-2,g6.xlarge,L4,1.0,ondemand,0.9896,0.9896,instances.vantage.sh (AWS Price List mirror)
2026-06-29,AWS,ap-northeast-2,g6.xlarge,L4,1.0,spot,0.297933,0.297933,instances.vantage.sh (AWS Price List mirror)
2026-06-29,AWS,ap-northeast-2,g6e.12xlarge,L40S,4.0,ondemand,12.90014,3.225035,instances.vantage.sh (AWS Price List mirror)
2026-06-29,AWS,ap-northeast-2,g6e.12xlarge,L40S,4.0,spot,2.3934,0.59835,instances.vantage.sh (AWS Price List mirror)
2026-06-29,AWS,ap-northeast-2,g6e.16xlarge,L40S,1.0,ondemand,9.31575,9.31575,instances.vantage.sh (AWS Price List mirror)
2026-06-29,AWS,ap-northeast-2,g6e.16xlarge,L40S,1.0,spot,1.2539,1.2539,instances.vantage.sh (AWS Price List mirror)
2026-06-29,AWS,ap-northeast-2,g6e.24xlarge,L40S,4.0,ondemand,18.52234,4.630585,instances.vantage.sh (AWS Price List mirror)
2026-06-29,AWS,ap-northeast-2,g6e.24xlarge,L40S,4.0,spot,2.5684,0.6421,instances.vantage.sh (AWS Price List mirror)
2026-06-29,AWS,ap-northeast-2,g6e.2xlarge,L40S,1.0,ondemand,2.75652,2.75652,instances.vantage.sh (AWS Price List mirror)
2026-06-29,AWS,ap-northeast-2,g6e.2xlarge,L40S,1.0,spot,0.822,0.822,instances.vantage.sh (AWS Price List mirror)
2026-06-29,AWS,ap-northeast-2,g6e.48xlarge,L40S,8.0,ondemand,37.04468,4.630585,instances.vantage.sh (AWS Price List mirror)
2026-06-29,AWS,ap-northeast-2,g6e.48xlarge,L40S,8.0,spot,5.33485,0.66685625,instances.vantage.sh (AWS Price List mirror)
2026-06-29,AWS,ap-northeast-2,g6e.4xlarge,L40S,1.0,ondemand,3.69355,3.69355,instances.vantage.sh (AWS Price List mirror)
2026-06-29,AWS,ap-northeast-2,g6e.4xlarge,L40S,1.0,spot,1.1785,1.1785,instances.vantage.sh (AWS Price List mirror)
2026-06-29,AWS,ap-northeast-2,g6e.8xlarge,L40S,1.0,ondemand,5.56762,5.56762,instances.vantage.sh (AWS Price List mirror)
2026-06-29,AWS,ap-northeast-2,g6e.8xlarge,L40S,1.0,spot,1.15225,1.15225,instances.vantage.sh (AWS Price List mirror)
2026-06-29,AWS,ap-northeast-2,g6e.xlarge,L40S,1.0,ondemand,2.288,2.288,instances.vantage.sh (AWS Price List mirror)
2026-06-29,AWS,ap-northeast-2,g6e.xlarge,L40S,1.0,spot,0.6257,0.6257,instances.vantage.sh (AWS Price List mirror)
2026-06-29,AWS,ap-northeast-2,g6f.2xlarge,L4,0.25,ondemand,0.58406,2.33624,instances.vantage.sh (AWS Price List mirror)
2026-06-29,AWS,ap-northeast-2,g6f.2xlarge,L4,0.25,spot,0.185967,0.743868,instances.vantage.sh (AWS Price List mirror)
2026-06-29,AWS,ap-northeast-2,g6f.4xlarge,L4,0.5,ondemand,1.16812,2.33624,instances.vantage.sh (AWS Price List mirror)
2026-06-29,AWS,ap-northeast-2,g6f.4xlarge,L4,0.5,spot,0.322967,0.645934,instances.vantage.sh (AWS Price List mirror)
2026-06-29,AWS,ap-northeast-2,g6f.large,L4,0.125,ondemand,0.24838,1.98704,instances.vantage.sh (AWS Price List mirror)
2026-06-29,AWS,ap-northeast-2,g6f.large,L4,0.125,spot,0.0361,0.2888,instances.vantage.sh (AWS Price List mirror)
2026-06-29,AWS,ap-northeast-2,g6f.xlarge,L4,0.125,ondemand,0.29203,2.33624,instances.vantage.sh (AWS Price List mirror)
2026-06-29,AWS,ap-northeast-2,g6f.xlarge,L4,0.125,spot,0.0753,0.6024,instances.vantage.sh (AWS Price List mirror)
2026-06-29,AWS,ap-northeast-2,g7e.12xlarge,NVIDIA GB202,2.0,ondemand,10.1873,5.09365,instances.vantage.sh (AWS Price List mirror)
2026-06-29,AWS,ap-northeast-2,g7e.12xlarge,NVIDIA GB202,2.0,spot,3.81835,1.909175,instances.vantage.sh (AWS Price List mirror)
2026-06-29,AWS,ap-northeast-2,g7e.24xlarge,NVIDIA GB202,4.0,ondemand,20.3746,5.09365,instances.vantage.sh (AWS Price List mirror)
2026-06-29,AWS,ap-northeast-2,g7e.24xlarge,NVIDIA GB202,4.0,spot,4.64325,1.1608125,instances.vantage.sh (AWS Price List mirror)
2026-06-29,AWS,ap-northeast-2,g7e.2xlarge,NVIDIA GB202,1.0,ondemand,4.13478,4.13478,instances.vantage.sh (AWS Price List mirror)
2026-06-29,AWS,ap-northeast-2,g7e.2xlarge,NVIDIA GB202,1.0,spot,1.3554,1.3554,instances.vantage.sh (AWS Price List mirror)
2026-06-29,AWS,ap-northeast-2,g7e.48xlarge,NVIDIA GB202,8.0,ondemand,40.74921,5.09365125,instances.vantage.sh (AWS Price List mirror)
2026-06-29,AWS,ap-northeast-2,g7e.48xlarge,NVIDIA GB202,8.0,spot,8.75985,1.09498125,instances.vantage.sh (AWS Price List mirror)
2026-06-29,AWS,ap-northeast-2,g7e.4xlarge,NVIDIA GB202,1.0,ondemand,4.91553,4.91553,instances.vantage.sh (AWS Price List mirror)
2026-06-29,AWS,ap-northeast-2,g7e.4xlarge,NVIDIA GB202,1.0,spot,1.44585,1.44585,instances.vantage.sh (AWS Price List mirror)
2026-06-29,AWS,ap-northeast-2,g7e.8xlarge,NVIDIA GB202,1.0,ondemand,6.47703,6.47703,instances.vantage.sh (AWS Price List mirror)
2026-06-29,AWS,ap-northeast-2,g7e.8xlarge,NVIDIA GB202,1.0,spot,1.56405,1.56405,instances.vantage.sh (AWS Price List mirror)
2026-06-29,AWS,ap-northeast-2,gr6.4xlarge,L4,1.0,ondemand,1.8926,1.8926,instances.vantage.sh (AWS Price List mirror)
2026-06-29,AWS,ap-northeast-2,gr6.4xlarge,L4,1.0,spot,0.34325,0.34325,instances.vantage.sh (AWS Price List mirror)
2026-06-29,AWS,ap-northeast-2,gr6.8xlarge,L4,1.0,ondemand,3.00809,3.00809,instances.vantage.sh (AWS Price List mirror)
2026-06-29,AWS,ap-northeast-2,gr6.8xlarge,L4,1.0,spot,0.54065,0.54065,instances.vantage.sh (AWS Price List mirror)
2026-06-29,AWS,ap-northeast-2,gr6f.4xlarge,L4,0.5,ondemand,1.31075,2.6215,instances.vantage.sh (AWS Price List mirror)
2026-06-29,AWS,ap-northeast-2,gr6f.4xlarge,L4,0.5,spot,0.372367,0.744734,instances.vantage.sh (AWS Price List mirror)
2026-06-29,AWS,ap-northeast-2,inf1.24xlarge,unknown,16.0,ondemand,5.812,0.36325,instances.vantage.sh (AWS Price List mirror)
2026-06-29,AWS,ap-northeast-2,inf1.24xlarge,unknown,16.0,spot,1.4401,0.09000625,instances.vantage.sh (AWS Price List mirror)
2026-06-29,AWS,ap-northeast-2,inf1.2xlarge,unknown,1.0,ondemand,0.446,0.446,instances.vantage.sh (AWS Price List mirror)
2026-06-29,AWS,ap-northeast-2,inf1.2xlarge,unknown,1.0,spot,0.0986,0.0986,instances.vantage.sh (AWS Price List mirror)
2026-06-29,AWS,ap-northeast-2,inf1.6xlarge,unknown,4.0,ondemand,1.453,0.36325,instances.vantage.sh (AWS Price List mirror)
2026-06-29,AWS,ap-northeast-2,inf1.6xlarge,unknown,4.0,spot,0.2014,0.05035,instances.vantage.sh (AWS Price List mirror)
2026-06-29,AWS,ap-northeast-2,inf1.xlarge,unknown,1.0,ondemand,0.281,0.281,instances.vantage.sh (AWS Price List mirror)
2026-06-29,AWS,ap-northeast-2,inf1.xlarge,unknown,1.0,spot,0.05965,0.05965,instances.vantage.sh (AWS Price List mirror)
2026-06-29,AWS,ap-northeast-2,inf2.xlarge,unknown,1.0,ondemand,0.90984,0.90984,instances.vantage.sh (AWS Price List mirror)
2026-06-29,AWS,ap-northeast-2,inf2.xlarge,unknown,1.0,spot,0.418567,0.418567,instances.vantage.sh (AWS Price List mirror)
2026-06-29,AWS,ap-northeast-2,p2.16xlarge,K80,16.0,ondemand,23.44,1.465,instances.vantage.sh (AWS Price List mirror)
2026-06-29,AWS,ap-northeast-2,p2.8xlarge,K80,8.0,ondemand,11.72,1.465,instances.vantage.sh (AWS Price List mirror)
2026-06-29,AWS,ap-northeast-2,p2.xlarge,K80,1.0,ondemand,1.465,1.465,instances.vantage.sh (AWS Price List mirror)
2026-06-29,AWS,ap-northeast-2,p3.16xlarge,V100,8.0,ondemand,33.872,4.234,instances.vantage.sh (AWS Price List mirror)
2026-06-29,AWS,ap-northeast-2,p3.16xlarge,V100,8.0,spot,33.872,4.234,instances.vantage.sh (AWS Price List mirror)
2026-06-29,AWS,ap-northeast-2,p3.2xlarge,V100,1.0,ondemand,4.234,4.234,instances.vantage.sh (AWS Price List mirror)
2026-06-29,AWS,ap-northeast-2,p3.2xlarge,V100,1.0,spot,4.234,4.234,instances.vantage.sh (AWS Price List mirror)
2026-06-29,AWS,ap-northeast-2,p3.8xlarge,V100,4.0,ondemand,16.936,4.234,instances.vantage.sh (AWS Price List mirror)
2026-06-29,AWS,ap-northeast-2,p3.8xlarge,V100,4.0,spot,9.82288,2.45572,instances.vantage.sh (AWS Price List mirror)
2026-06-29,AWS,ap-northeast-2,p4d.24xlarge,A100,8.0,ondemand,30.41028,3.801285,instances.vantage.sh (AWS Price List mirror)
2026-06-29,AWS,ap-northeast-2,p4d.24xlarge,A100,8.0,spot,10.6265,1.3283125,instances.vantage.sh (AWS Price List mirror)
2026-06-29,AWS,ap-northeast-2,p5.48xlarge,H100,8.0,ondemand,75.9552,9.4944,instances.vantage.sh (AWS Price List mirror)
2026-06-29,AWS,ap-northeast-2,p5en.48xlarge,H200,8.0,ondemand,87.34848,10.91856,instances.vantage.sh (AWS Price List mirror)
2026-06-29,AWS,ap-northeast-2,p5en.48xlarge,H200,8.0,spot,22.1526,2.769075,instances.vantage.sh (AWS Price List mirror)
2026-06-29,AWS,ap-northeast-2-wl1-cjj1,g4dn.2xlarge,T4,1.0,ondemand,1.249,1.249,instances.vantage.sh (AWS Price List mirror)
2026-06-29,AWS,ap-northeast-2-wl1-sel1,g4dn.2xlarge,T4,1.0,ondemand,1.249,1.249,instances.vantage.sh (AWS Price List mirror)
2026-06-29,AWS,ap-northeast-3,g4dn.12xlarge,T4,4.0,ondemand,5.281,1.32025,instances.vantage.sh (AWS Price List mirror)
2026-06-29,AWS,ap-northeast-3,g4dn.12xlarge,T4,4.0,spot,1.4605,0.365125,instances.vantage.sh (AWS Price List mirror)
2026-06-29,AWS,ap-northeast-3,g4dn.16xlarge,T4,1.0,ondemand,5.875,5.875,instances.vantage.sh (AWS Price List mirror)
2026-06-29,AWS,ap-northeast-3,g4dn.16xlarge,T4,1.0,spot,1.3068,1.3068,instances.vantage.sh (AWS Price List mirror)
2026-06-29,AWS,ap-northeast-3,g4dn.2xlarge,T4,1.0,ondemand,1.015,1.015,instances.vantage.sh (AWS Price List mirror)
2026-06-29,AWS,ap-northeast-3,g4dn.2xlarge,T4,1.0,spot,0.3048,0.3048,instances.vantage.sh (AWS Price List mirror)
2026-06-29,AWS,ap-northeast-3,g4dn.4xlarge,T4,1.0,ondemand,1.625,1.625,instances.vantage.sh (AWS Price List mirror)
2026-06-29,AWS,ap-northeast-3,g4dn.4xlarge,T4,1.0,spot,0.4911,0.4911,instances.vantage.sh (AWS Price List mirror)
2026-06-29,AWS,ap-northeast-3,g4dn.8xlarge,T4,1.0,ondemand,2.938,2.938,instances.vantage.sh (AWS Price List mirror)
2026-06-29,AWS,ap-northeast-3,g4dn.8xlarge,T4,1.0,spot,0.81925,0.81925,instances.vantage.sh (AWS Price List mirror)
2026-06-29,AWS,ap-northeast-3,g4dn.metal,T4,8.0,ondemand,10.562,1.32025,instances.vantage.sh (AWS Price List mirror)
2026-06-29,AWS,ap-northeast-3,g4dn.metal,T4,8.0,spot,3.91415,0.48926875,instances.vantage.sh (AWS Price List mirror)
2026-06-29,AWS,ap-northeast-3,g4dn.xlarge,T4,1.0,ondemand,0.71,0.71,instances.vantage.sh (AWS Price List mirror)
2026-06-29,AWS,ap-northeast-3,g4dn.xlarge,T4,1.0,spot,0.30095,0.30095,instances.vantage.sh (AWS Price List mirror)
2026-06-29,AWS,ap-northeast-3,g6e.12xlarge,L40S,4.0,ondemand,15.21742,3.804355,instances.vantage.sh (AWS Price List mirror)
2026-06-29,AWS,ap-northeast-3,g6e.12xlarge,L40S,4.0,spot,3.17715,0.7942875,instances.vantage.sh (AWS Price List mirror)
2026-06-29,AWS,ap-northeast-3,g6e.16xlarge,L40S,1.0,ondemand,10.98917,10.98917,instances.vantage.sh (AWS Price List mirror)
2026-06-29,AWS,ap-northeast-3,g6e.16xlarge,L40S,1.0,spot,1.25875,1.25875,instances.vantage.sh (AWS Price List mirror)
2026-06-29,AWS,ap-northeast-3,g6e.24xlarge,L40S,4.0,ondemand,21.84956,5.46239,instances.vantage.sh (AWS Price List mirror)
2026-06-29,AWS,ap-northeast-3,g6e.24xlarge,L40S,4.0,spot,4.0583,1.014575,instances.vantage.sh (AWS Price List mirror)
2026-06-29,AWS,ap-northeast-3,g6e.2xlarge,L40S,1.0,ondemand,3.25168,3.25168,instances.vantage.sh (AWS Price List mirror)
2026-06-29,AWS,ap-northeast-3,g6e.2xlarge,L40S,1.0,spot,0.7671,0.7671,instances.vantage.sh (AWS Price List mirror)
2026-06-29,AWS,ap-northeast-3,g6e.48xlarge,L40S,8.0,ondemand,43.69912,5.46239,instances.vantage.sh (AWS Price List mirror)
2026-06-29,AWS,ap-northeast-3,g6e.48xlarge,L40S,8.0,spot,8.28855,1.03606875,instances.vantage.sh (AWS Price List mirror)
2026-06-29,AWS,ap-northeast-3,g6e.4xlarge,L40S,1.0,ondemand,4.35703,4.35703,instances.vantage.sh (AWS Price List mirror)
2026-06-29,AWS,ap-northeast-3,g6e.4xlarge,L40S,1.0,spot,1.2551,1.2551,instances.vantage.sh (AWS Price List mirror)
2026-06-29,AWS,ap-northeast-3,g6e.8xlarge,L40S,1.0,ondemand,6.56775,6.56775,instances.vantage.sh (AWS Price List mirror)
2026-06-29,AWS,ap-northeast-3,g6e.8xlarge,L40S,1.0,spot,0.76365,0.76365,instances.vantage.sh (AWS Price List mirror)
2026-06-29,AWS,ap-northeast-3,g6e.xlarge,L40S,1.0,ondemand,2.699,2.699,instances.vantage.sh (AWS Price List mirror)
2026-06-29,AWS,ap-northeast-3,g6e.xlarge,L40S,1.0,spot,0.8578,0.8578,instances.vantage.sh (AWS Price List mirror)
2026-06-29,AWS,ap-south-1,g4dn.12xlarge,T4,4.0,ondemand,4.306,1.0765,instances.vantage.sh (AWS Price List mirror)
2026-06-29,AWS,ap-south-1,g4dn.12xlarge,T4,4.0,spot,1.9371,0.484275,instances.vantage.sh (AWS Price List mirror)
2026-06-29,AWS,ap-south-1,g4dn.16xlarge,T4,1.0,ondemand,4.791,4.791,instances.vantage.sh (AWS Price List mirror)
2026-06-29,AWS,ap-south-1,g4dn.16xlarge,T4,1.0,spot,1.0889,1.0889,instances.vantage.sh (AWS Price List mirror)
2026-06-29,AWS,ap-south-1,g4dn.2xlarge,T4,1.0,ondemand,0.828,0.828,instances.vantage.sh (AWS Price List mirror)
2026-06-29,AWS,ap-south-1,g4dn.2xlarge,T4,1.0,spot,0.2882,0.2882,instances.vantage.sh (AWS Price List mirror)
2026-06-29,AWS,ap-south-1,g4dn.4xlarge,T4,1.0,ondemand,1.325,1.325,instances.vantage.sh (AWS Price List mirror)
2026-06-29,AWS,ap-south-1,g4dn.4xlarge,T4,1.0,spot,0.409367,0.409367,instances.vantage.sh (AWS Price List mirror)
2026-06-29,AWS,ap-south-1,g4dn.8xlarge,T4,1.0,ondemand,2.395,2.395,instances.vantage.sh (AWS Price List mirror)
2026-06-29,AWS,ap-south-1,g4dn.8xlarge,T4,1.0,spot,0.851867,0.851867,instances.vantage.sh (AWS Price List mirror)
2026-06-29,AWS,ap-south-1,g4dn.metal,T4,8.0,ondemand,8.612,1.0765,instances.vantage.sh (AWS Price List mirror)
2026-06-29,AWS,ap-south-1,g4dn.metal,T4,8.0,spot,3.069733,0.383716625,instances.vantage.sh (AWS Price List mirror)
2026-06-29,AWS,ap-south-1,g4dn.xlarge,T4,1.0,ondemand,0.579,0.579,instances.vantage.sh (AWS Price List mirror)
2026-06-29,AWS,ap-south-1,g4dn.xlarge,T4,1.0,spot,0.2149,0.2149,instances.vantage.sh (AWS Price List mirror)
2026-06-29,AWS,ap-south-1,g5.12xlarge,A10G,4.0,ondemand,6.81091,1.7027275,instances.vantage.sh (AWS Price List mirror)
2026-06-29,AWS,ap-south-1,g5.12xlarge,A10G,4.0,spot,2.9498,0.73745,instances.vantage.sh (AWS Price List mirror)
2026-06-29,AWS,ap-south-1,g5.16xlarge,A10G,1.0,ondemand,4.91846,4.91846,instances.vantage.sh (AWS Price List mirror)
2026-06-29,AWS,ap-south-1,g5.16xlarge,A10G,1.0,spot,1.2086,1.2086,instances.vantage.sh (AWS Price List mirror)
2026-06-29,AWS,ap-south-1,g5.24xlarge,A10G,4.0,ondemand,9.77928,2.44482,instances.vantage.sh (AWS Price List mirror)
2026-06-29,AWS,ap-south-1,g5.24xlarge,A10G,4.0,spot,6.3524,1.5881,instances.vantage.sh (AWS Price List mirror)
2026-06-29,AWS,ap-south-1,g5.2xlarge,A10G,1.0,ondemand,1.45536,1.45536,instances.vantage.sh (AWS Price List mirror)
2026-06-29,AWS,ap-south-1,g5.2xlarge,A10G,1.0,spot,0.489,0.489,instances.vantage.sh (AWS Price List mirror)
2026-06-29,AWS,ap-south-1,g5.48xlarge,A10G,8.0,ondemand,19.55855,2.44481875,instances.vantage.sh (AWS Price List mirror)
2026-06-29,AWS,ap-south-1,g5.48xlarge,A10G,8.0,spot,14.54105,1.81763125,instances.vantage.sh (AWS Price List mirror)
2026-06-29,AWS,ap-south-1,g5.4xlarge,A10G,1.0,ondemand,1.95009,1.95009,instances.vantage.sh (AWS Price List mirror)
2026-06-29,AWS,ap-south-1,g5.4xlarge,A10G,1.0,spot,0.674,0.674,instances.vantage.sh (AWS Price List mirror)
2026-06-29,AWS,ap-south-1,g5.8xlarge,A10G,1.0,ondemand,2.93955,2.93955,instances.vantage.sh (AWS Price List mirror)
2026-06-29,AWS,ap-south-1,g5.8xlarge,A10G,1.0,spot,1.08445,1.08445,instances.vantage.sh (AWS Price List mirror)
2026-06-29,AWS,ap-south-1,g5.xlarge,A10G,1.0,ondemand,1.208,1.208,instances.vantage.sh (AWS Price List mirror)
2026-06-29,AWS,ap-south-1,g5.xlarge,A10G,1.0,spot,0.4789,0.4789,instances.vantage.sh (AWS Price List mirror)
2026-06-29,AWS,ap-south-1,g6.12xlarge,L4,4.0,ondemand,5.52558,1.381395,instances.vantage.sh (AWS Price List mirror)
2026-06-29,AWS,ap-south-1,g6.12xlarge,L4,4.0,spot,1.57885,0.3947125,instances.vantage.sh (AWS Price List mirror)
2026-06-29,AWS,ap-south-1,g6.16xlarge,L4,1.0,ondemand,4.07886,4.07886,instances.vantage.sh (AWS Price List mirror)
2026-06-29,AWS,ap-south-1,g6.16xlarge,L4,1.0,spot,0.8906,0.8906,instances.vantage.sh (AWS Price List mirror)
2026-06-29,AWS,ap-south-1,g6.24xlarge,L4,4.0,ondemand,8.01555,2.0038875,instances.vantage.sh (AWS Price List mirror)
2026-06-29,AWS,ap-south-1,g6.24xlarge,L4,4.0,spot,2.5216,0.6304,instances.vantage.sh (AWS Price List mirror)
2026-06-29,AWS,ap-south-1,g6.2xlarge,L4,1.0,ondemand,1.1739,1.1739,instances.vantage.sh (AWS Price List mirror)
2026-06-29,AWS,ap-south-1,g6.2xlarge,L4,1.0,spot,0.551,0.551,instances.vantage.sh (AWS Price List mirror)
2026-06-29,AWS,ap-south-1,g6.48xlarge,L4,8.0,ondemand,16.0311,2.0038875,instances.vantage.sh (AWS Price List mirror)
2026-06-29,AWS,ap-south-1,g6.48xlarge,L4,8.0,spot,2.8185,0.3523125,instances.vantage.sh (AWS Price List mirror)
2026-06-29,AWS,ap-south-1,g6.4xlarge,L4,1.0,ondemand,1.58889,1.58889,instances.vantage.sh (AWS Price List mirror)
2026-06-29,AWS,ap-south-1,g6.4xlarge,L4,1.0,spot,0.42505,0.42505,instances.vantage.sh (AWS Price List mirror)
2026-06-29,AWS,ap-south-1,g6.8xlarge,L4,1.0,ondemand,2.41888,2.41888,instances.vantage.sh (AWS Price List mirror)
2026-06-29,AWS,ap-south-1,g6.8xlarge,L4,1.0,spot,0.59505,0.59505,instances.vantage.sh (AWS Price List mirror)
2026-06-29,AWS,ap-south-1,g6.xlarge,L4,1.0,ondemand,0.9664,0.9664,instances.vantage.sh (AWS Price List mirror)
2026-06-29,AWS,ap-south-1,g6.xlarge,L4,1.0,spot,0.4572,0.4572,instances.vantage.sh (AWS Price List mirror)
2026-06-29,AWS,ap-south-1,g6e.12xlarge,L40S,4.0,ondemand,12.60131,3.1503275,instances.vantage.sh (AWS Price List mirror)
2026-06-29,AWS,ap-south-1,g6e.12xlarge,L40S,4.0,spot,3.93435,0.9835875,instances.vantage.sh (AWS Price List mirror)
2026-06-29,AWS,ap-south-1,g6e.16xlarge,L40S,1.0,ondemand,9.09996,9.09996,instances.vantage.sh (AWS Price List mirror)
2026-06-29,AWS,ap-south-1,g6e.16xlarge,L40S,1.0,spot,1.2915,1.2915,instances.vantage.sh (AWS Price List mirror)
2026-06-29,AWS,ap-south-1,g6e.24xlarge,L40S,4.0,ondemand,18.09328,4.52332,instances.vantage.sh (AWS Price List mirror)
2026-06-29,AWS,ap-south-1,g6e.24xlarge,L40S,4.0,spot,5.71215,1.4280375,instances.vantage.sh (AWS Price List mirror)
2026-06-29,AWS,ap-south-1,g6e.2xlarge,L40S,1.0,ondemand,2.69266,2.69266,instances.vantage.sh (AWS Price List mirror)
2026-06-29,AWS,ap-south-1,g6e.2xlarge,L40S,1.0,spot,0.6977,0.6977,instances.vantage.sh (AWS Price List mirror)
2026-06-29,AWS,ap-south-1,g6e.48xlarge,L40S,8.0,ondemand,36.18656,4.52332,instances.vantage.sh (AWS Price List mirror)
2026-06-29,AWS,ap-south-1,g6e.48xlarge,L40S,8.0,spot,11.8811,1.4851375,instances.vantage.sh (AWS Price List mirror)
2026-06-29,AWS,ap-south-1,g6e.4xlarge,L40S,1.0,ondemand,3.60799,3.60799,instances.vantage.sh (AWS Price List mirror)
2026-06-29,AWS,ap-south-1,g6e.4xlarge,L40S,1.0,spot,0.9896,0.9896,instances.vantage.sh (AWS Price List mirror)
2026-06-29,AWS,ap-south-1,g6e.8xlarge,L40S,1.0,ondemand,5.43865,5.43865,instances.vantage.sh (AWS Price List mirror)
2026-06-29,AWS,ap-south-1,g6e.8xlarge,L40S,1.0,spot,1.69,1.69,instances.vantage.sh (AWS Price List mirror)
2026-06-29,AWS,ap-south-1,g6e.xlarge,L40S,1.0,ondemand,2.235,2.235,instances.vantage.sh (AWS Price List mirror)
2026-06-29,AWS,ap-south-1,g6e.xlarge,L40S,1.0,spot,0.6438,0.6438,instances.vantage.sh (AWS Price List mirror)
2026-06-29,AWS,ap-south-1,g6f.2xlarge,L4,0.25,ondemand,0.57038,2.28152,instances.vantage.sh (AWS Price List mirror)
2026-06-29,AWS,ap-south-1,g6f.2xlarge,L4,0.25,spot,0.23885,0.9554,instances.vantage.sh (AWS Price List mirror)
2026-06-29,AWS,ap-south-1,g6f.4xlarge,L4,0.5,ondemand,1.14076,2.28152,instances.vantage.sh (AWS Price List mirror)
2026-06-29,AWS,ap-south-1,g6f.4xlarge,L4,0.5,spot,1.1408,2.2816,instances.vantage.sh (AWS Price List mirror)
2026-06-29,AWS,ap-south-1,g6f.large,L4,0.125,ondemand,0.24256,1.94048,instances.vantage.sh (AWS Price List mirror)
2026-06-29,AWS,ap-south-1,g6f.large,L4,0.125,spot,0.11085,0.8868,instances.vantage.sh (AWS Price List mirror)
2026-06-29,AWS,ap-south-1,g6f.xlarge,L4,0.125,ondemand,0.28519,2.28152,instances.vantage.sh (AWS Price List mirror)
2026-06-29,AWS,ap-south-1,g6f.xlarge,L4,0.125,spot,0.1026,0.8208,instances.vantage.sh (AWS Price List mirror)
2026-06-29,AWS,ap-south-1,gr6.4xlarge,L4,1.0,ondemand,1.8483,1.8483,instances.vantage.sh (AWS Price List mirror)
2026-06-29,AWS,ap-south-1,gr6.4xlarge,L4,1.0,spot,0.27415,0.27415,instances.vantage.sh (AWS Price List mirror)
2026-06-29,AWS,ap-south-1,gr6.8xlarge,L4,1.0,ondemand,2.93768,2.93768,instances.vantage.sh (AWS Price List mirror)
2026-06-29,AWS,ap-south-1,gr6.8xlarge,L4,1.0,spot,0.8353,0.8353,instances.vantage.sh (AWS Price List mirror)
2026-06-29,AWS,ap-south-1,gr6f.4xlarge,L4,0.5,ondemand,1.28007,2.56014,instances.vantage.sh (AWS Price List mirror)
2026-06-29,AWS,ap-south-1,gr6f.4xlarge,L4,0.5,spot,0.9212,1.8424,instances.vantage.sh (AWS Price List mirror)
2026-06-29,AWS,ap-south-1,inf1.24xlarge,unknown,16.0,ondemand,4.965,0.3103125,instances.vantage.sh (AWS Price List mirror)
2026-06-29,AWS,ap-south-1,inf1.24xlarge,unknown,16.0,spot,0.747933,0.0467458125,instances.vantage.sh (AWS Price List mirror)
2026-06-29,AWS,ap-south-1,inf1.2xlarge,unknown,1.0,ondemand,0.381,0.381,instances.vantage.sh (AWS Price List mirror)
2026-06-29,AWS,ap-south-1,inf1.2xlarge,unknown,1.0,spot,0.116867,0.116867,instances.vantage.sh (AWS Price List mirror)
2026-06-29,AWS,ap-south-1,inf1.6xlarge,unknown,4.0,ondemand,1.241,0.31025,instances.vantage.sh (AWS Price List mirror)
2026-06-29,AWS,ap-south-1,inf1.6xlarge,unknown,4.0,spot,0.386133,0.09653325,instances.vantage.sh (AWS Price List mirror)
2026-06-29,AWS,ap-south-1,inf1.xlarge,unknown,1.0,ondemand,0.24,0.24,instances.vantage.sh (AWS Price List mirror)
2026-06-29,AWS,ap-south-1,inf1.xlarge,unknown,1.0,spot,0.069667,0.069667,instances.vantage.sh (AWS Price List mirror)
2026-06-29,AWS,ap-south-1,inf2.24xlarge,unknown,6.0,ondemand,8.43782,1.4063033333333335,instances.vantage.sh (AWS Price List mirror)
2026-06-29,AWS,ap-south-1,inf2.24xlarge,unknown,6.0,spot,1.1355,0.18925,instances.vantage.sh (AWS Price List mirror)
2026-06-29,AWS,ap-south-1,inf2.48xlarge,unknown,12.0,ondemand,16.87565,1.4063041666666667,instances.vantage.sh (AWS Price List mirror)
2026-06-29,AWS,ap-south-1,inf2.48xlarge,unknown,12.0,spot,2.10935,0.17577916666666668,instances.vantage.sh (AWS Price List mirror)
2026-06-29,AWS,ap-south-1,inf2.8xlarge,unknown,1.0,ondemand,2.55822,2.55822,instances.vantage.sh (AWS Price List mirror)
2026-06-29,AWS,ap-south-1,inf2.8xlarge,unknown,1.0,spot,0.6229,0.6229,instances.vantage.sh (AWS Price List mirror)
2026-06-29,AWS,ap-south-1,inf2.xlarge,unknown,1.0,ondemand,0.98566,0.98566,instances.vantage.sh (AWS Price List mirror)
2026-06-29,AWS,ap-south-1,inf2.xlarge,unknown,1.0,spot,0.27835,0.27835,instances.vantage.sh (AWS Price List mirror)
2026-06-29,AWS,ap-south-1,p2.16xlarge,K80,16.0,ondemand,27.488,1.718,instances.vantage.sh (AWS Price List mirror)
2026-06-29,AWS,ap-south-1,p2.8xlarge,K80,8.0,ondemand,13.744,1.718,instances.vantage.sh (AWS Price List mirror)
2026-06-29,AWS,ap-south-1,p2.xlarge,K80,1.0,ondemand,1.718,1.718,instances.vantage.sh (AWS Price List mirror)
2026-06-29,AWS,ap-south-1,p4d.24xlarge,A100,8.0,ondemand,26.3444,3.29305,instances.vantage.sh (AWS Price List mirror)
2026-06-29,AWS,ap-south-1,p4d.24xlarge,A100,8.0,spot,22.655167,2.831895875,instances.vantage.sh (AWS Price List mirror)
2026-06-29,AWS,ap-south-1,p5.48xlarge,H100,8.0,ondemand,66.048,8.256,instances.vantage.sh (AWS Price List mirror)
2026-06-29,AWS,ap-south-1,p5.48xlarge,H100,8.0,spot,14.7291,1.8411375,instances.vantage.sh (AWS Price List mirror)
2026-06-29,AWS,ap-south-1,p5.4xlarge,H100,1.0,ondemand,8.256,8.256,instances.vantage.sh (AWS Price List mirror)
2026-06-29,AWS,ap-south-1,p5.4xlarge,H100,1.0,spot,5.4813,5.4813,instances.vantage.sh (AWS Price List mirror)
2026-06-29,AWS,ap-south-1,p5en.48xlarge,H200,8.0,ondemand,75.9552,9.4944,instances.vantage.sh (AWS Price List mirror)
2026-06-29,AWS,ap-south-1,p5en.48xlarge,H200,8.0,spot,49.17255,6.14656875,instances.vantage.sh (AWS Price List mirror)
2026-06-29,AWS,ap-south-1,p6-b200.48xlarge,B200,8.0,ondemand,160.64525,20.08065625,instances.vantage.sh (AWS Price List mirror)
2026-06-29,AWS,ap-south-1,p6-b200.48xlarge,B200,8.0,spot,37.9376,4.7422,instances.vantage.sh (AWS Price List mirror)
2026-06-29,AWS,ap-south-1-ccu-1,g4dn.2xlarge,T4,1.0,ondemand,1.2,1.2,instances.vantage.sh (AWS Price List mirror)
2026-06-29,AWS,ap-south-1-del-1,g4dn.2xlarge,T4,1.0,ondemand,1.2,1.2,instances.vantage.sh (AWS Price List mirror)
2026-06-29,AWS,ap-south-2,g6.12xlarge,L4,4.0,ondemand,5.52558,1.381395,instances.vantage.sh (AWS Price List mirror)
2026-06-29,AWS,ap-south-2,g6.16xlarge,L4,1.0,ondemand,4.07886,4.07886,instances.vantage.sh (AWS Price List mirror)
2026-06-29,AWS,ap-south-2,g6.24xlarge,L4,4.0,ondemand,8.01555,2.0038875,instances.vantage.sh (AWS Price List mirror)
2026-06-29,AWS,ap-south-2,g6.2xlarge,L4,1.0,ondemand,1.1739,1.1739,instances.vantage.sh (AWS Price List mirror)
2026-06-29,AWS,ap-south-2,g6.48xlarge,L4,8.0,ondemand,16.0311,2.0038875,instances.vantage.sh (AWS Price List mirror)
2026-06-29,AWS,ap-south-2,g6.4xlarge,L4,1.0,ondemand,1.58889,1.58889,instances.vantage.sh (AWS Price List mirror)
2026-06-29,AWS,ap-south-2,g6.8xlarge,L4,1.0,ondemand,2.41888,2.41888,instances.vantage.sh (AWS Price List mirror)
2026-06-29,AWS,ap-south-2,g6.xlarge,L4,1.0,ondemand,0.9664,0.9664,instances.vantage.sh (AWS Price List mirror)
2026-06-29,AWS,ap-south-2,g6e.12xlarge,L40S,4.0,ondemand,12.60131,3.1503275,instances.vantage.sh (AWS Price List mirror)
2026-06-29,AWS,ap-south-2,g6e.16xlarge,L40S,1.0,ondemand,9.09996,9.09996,instances.vantage.sh (AWS Price List mirror)
2026-06-29,AWS,ap-south-2,g6e.24xlarge,L40S,4.0,ondemand,18.09328,4.52332,instances.vantage.sh (AWS Price List mirror)
2026-06-29,AWS,ap-south-2,g6e.2xlarge,L40S,1.0,ondemand,2.69266,2.69266,instances.vantage.sh (AWS Price List mirror)
2026-06-29,AWS,ap-south-2,g6e.48xlarge,L40S,8.0,ondemand,36.18656,4.52332,instances.vantage.sh (AWS Price List mirror)
2026-06-29,AWS,ap-south-2,g6e.4xlarge,L40S,1.0,ondemand,3.60799,3.60799,instances.vantage.sh (AWS Price List mirror)
2026-06-29,AWS,ap-south-2,g6e.8xlarge,L40S,1.0,ondemand,5.43865,5.43865,instances.vantage.sh (AWS Price List mirror)
2026-06-29,AWS,ap-south-2,g6e.xlarge,L40S,1.0,ondemand,2.235,2.235,instances.vantage.sh (AWS Price List mirror)
2026-06-29,AWS,ap-southeast-1,g2.2xlarge,K520,1.0,ondemand,1.0,1.0,instances.vantage.sh (AWS Price List mirror)
2026-06-29,AWS,ap-southeast-1,g2.8xlarge,K520,4.0,ondemand,4.0,1.0,instances.vantage.sh (AWS Price List mirror)
2026-06-29,AWS,ap-southeast-1,g3.16xlarge,M60,4.0,ondemand,6.68,1.67,instances.vantage.sh (AWS Price List mirror)
2026-06-29,AWS,ap-southeast-1,g3.4xlarge,M60,1.0,ondemand,1.67,1.67,instances.vantage.sh (AWS Price List mirror)
2026-06-29,AWS,ap-southeast-1,g3.8xlarge,M60,2.0,ondemand,3.34,1.67,instances.vantage.sh (AWS Price List mirror)
2026-06-29,AWS,ap-southeast-1,g4dn.12xlarge,T4,4.0,ondemand,5.474,1.3685,instances.vantage.sh (AWS Price List mirror)
2026-06-29,AWS,ap-southeast-1,g4dn.12xlarge,T4,4.0,spot,2.201133,0.55028325,instances.vantage.sh (AWS Price List mirror)
2026-06-29,AWS,ap-southeast-1,g4dn.16xlarge,T4,1.0,ondemand,6.089,6.089,instances.vantage.sh (AWS Price List mirror)
2026-06-29,AWS,ap-southeast-1,g4dn.16xlarge,T4,1.0,spot,1.5183,1.5183,instances.vantage.sh (AWS Price List mirror)
2026-06-29,AWS,ap-southeast-1,g4dn.2xlarge,T4,1.0,ondemand,1.052,1.052,instances.vantage.sh (AWS Price List mirror)
2026-06-29,AWS,ap-southeast-1,g4dn.2xlarge,T4,1.0,spot,0.492367,0.492367,instances.vantage.sh (AWS Price List mirror)
2026-06-29,AWS,ap-southeast-1,g4dn.4xlarge,T4,1.0,ondemand,1.685,1.685,instances.vantage.sh (AWS Price List mirror)
2026-06-29,AWS,ap-southeast-1,g4dn.4xlarge,T4,1.0,spot,0.711933,0.711933,instances.vantage.sh (AWS Price List mirror)
2026-06-29,AWS,ap-southeast-1,g4dn.8xlarge,T4,1.0,ondemand,3.045,3.045,instances.vantage.sh (AWS Price List mirror)
2026-06-29,AWS,ap-southeast-1,g4dn.8xlarge,T4,1.0,spot,0.884267,0.884267,instances.vantage.sh (AWS Price List mirror)
2026-06-29,AWS,ap-southeast-1,g4dn.metal,T4,8.0,ondemand,10.948,1.3685,instances.vantage.sh (AWS Price List mirror)
2026-06-29,AWS,ap-southeast-1,g4dn.metal,T4,8.0,spot,4.022733,0.502841625,instances.vantage.sh (AWS Price List mirror)
2026-06-29,AWS,ap-southeast-1,g4dn.xlarge,T4,1.0,ondemand,0.736,0.736,instances.vantage.sh (AWS Price List mirror)
2026-06-29,AWS,ap-southeast-1,g4dn.xlarge,T4,1.0,spot,0.311467,0.311467,instances.vantage.sh (AWS Price List mirror)
2026-06-29,AWS,ap-southeast-1,g5g.16xlarge,T4G,2.0,ondemand,3.8395,1.91975,instances.vantage.sh (AWS Price List mirror)
2026-06-29,AWS,ap-southeast-1,g5g.16xlarge,T4G,2.0,spot,1.07225,0.536125,instances.vantage.sh (AWS Price List mirror)
2026-06-29,AWS,ap-southeast-1,g5g.2xlarge,T4G,1.0,ondemand,0.778,0.778,instances.vantage.sh (AWS Price List mirror)
2026-06-29,AWS,ap-southeast-1,g5g.2xlarge,T4G,1.0,spot,0.3145,0.3145,instances.vantage.sh (AWS Price List mirror)
2026-06-29,AWS,ap-southeast-1,g5g.4xlarge,T4G,1.0,ondemand,1.1586,1.1586,instances.vantage.sh (AWS Price List mirror)
2026-06-29,AWS,ap-southeast-1,g5g.4xlarge,T4G,1.0,spot,0.4087,0.4087,instances.vantage.sh (AWS Price List mirror)
2026-06-29,AWS,ap-southeast-1,g5g.8xlarge,T4G,1.0,ondemand,1.9198,1.9198,instances.vantage.sh (AWS Price List mirror)
2026-06-29,AWS,ap-southeast-1,g5g.8xlarge,T4G,1.0,spot,0.77355,0.77355,instances.vantage.sh (AWS Price List mirror)
2026-06-29,AWS,ap-southeast-1,g5g.metal,T4G,2.0,ondemand,3.8395,1.91975,instances.vantage.sh (AWS Price List mirror)
2026-06-29,AWS,ap-southeast-1,g5g.metal,T4G,2.0,spot,0.84745,0.423725,instances.vantage.sh (AWS Price List mirror)
2026-06-29,AWS,ap-southeast-1,g5g.xlarge,T4G,1.0,ondemand,0.5877,0.5877,instances.vantage.sh (AWS Price List mirror)
2026-06-29,AWS,ap-southeast-1,g5g.xlarge,T4G,1.0,spot,0.24985,0.24985,instances.vantage.sh (AWS Price List mirror)
2026-06-29,AWS,ap-southeast-1,inf1.24xlarge,unknown,16.0,ondemand,6.376,0.3985,instances.vantage.sh (AWS Price List mirror)
2026-06-29,AWS,ap-southeast-1,inf1.24xlarge,unknown,16.0,spot,3.026267,0.1891416875,instances.vantage.sh (AWS Price List mirror)
2026-06-29,AWS,ap-southeast-1,inf1.2xlarge,unknown,1.0,ondemand,0.489,0.489,instances.vantage.sh (AWS Price List mirror)
2026-06-29,AWS,ap-southeast-1,inf1.2xlarge,unknown,1.0,spot,0.140467,0.140467,instances.vantage.sh (AWS Price List mirror)
2026-06-29,AWS,ap-southeast-1,inf1.6xlarge,unknown,4.0,ondemand,1.594,0.3985,instances.vantage.sh (AWS Price List mirror)
2026-06-29,AWS,ap-southeast-1,inf1.6xlarge,unknown,4.0,spot,0.3297,0.082425,instances.vantage.sh (AWS Price List mirror)
2026-06-29,AWS,ap-southeast-1,inf1.xlarge,unknown,1.0,ondemand,0.308,0.308,instances.vantage.sh (AWS Price List mirror)
2026-06-29,AWS,ap-southeast-1,inf1.xlarge,unknown,1.0,spot,0.071767,0.071767,instances.vantage.sh (AWS Price List mirror)
2026-06-29,AWS,ap-southeast-1,inf2.24xlarge,unknown,6.0,ondemand,9.08689,1.5144816666666667,instances.vantage.sh (AWS Price List mirror)
2026-06-29,AWS,ap-southeast-1,inf2.24xlarge,unknown,6.0,spot,5.1632,0.8605333333333333,instances.vantage.sh (AWS Price List mirror)
2026-06-29,AWS,ap-southeast-1,inf2.48xlarge,unknown,12.0,ondemand,18.17377,1.5144808333333335,instances.vantage.sh (AWS Price List mirror)
2026-06-29,AWS,ap-southeast-1,inf2.48xlarge,unknown,12.0,spot,10.91375,0.9094791666666667,instances.vantage.sh (AWS Price List mirror)
2026-06-29,AWS,ap-southeast-1,inf2.8xlarge,unknown,1.0,ondemand,2.755,2.755,instances.vantage.sh (AWS Price List mirror)
2026-06-29,AWS,ap-southeast-1,inf2.8xlarge,unknown,1.0,spot,1.0943,1.0943,instances.vantage.sh (AWS Price List mirror)
2026-06-29,AWS,ap-southeast-1,inf2.xlarge,unknown,1.0,ondemand,1.06148,1.06148,instances.vantage.sh (AWS Price List mirror)
2026-06-29,AWS,ap-southeast-1,inf2.xlarge,unknown,1.0,spot,0.2149,0.2149,instances.vantage.sh (AWS Price List mirror)
2026-06-29,AWS,ap-southeast-1,p2.16xlarge,K80,16.0,ondemand,27.488,1.718,instances.vantage.sh (AWS Price List mirror)
2026-06-29,AWS,ap-southeast-1,p2.8xlarge,K80,8.0,ondemand,13.744,1.718,instances.vantage.sh (AWS Price List mirror)
2026-06-29,AWS,ap-southeast-1,p2.xlarge,K80,1.0,ondemand,1.718,1.718,instances.vantage.sh (AWS Price List mirror)
2026-06-29,AWS,ap-southeast-1,p3.16xlarge,V100,8.0,ondemand,33.872,4.234,instances.vantage.sh (AWS Price List mirror)
2026-06-29,AWS,ap-southeast-1,p3.16xlarge,V100,8.0,spot,33.19456,4.14932,instances.vantage.sh (AWS Price List mirror)
2026-06-29,AWS,ap-southeast-1,p3.2xlarge,V100,1.0,ondemand,4.234,4.234,instances.vantage.sh (AWS Price List mirror)
2026-06-29,AWS,ap-southeast-1,p3.2xlarge,V100,1.0,spot,2.8282,2.8282,instances.vantage.sh (AWS Price List mirror)
2026-06-29,AWS,ap-southeast-1,p3.8xlarge,V100,4.0,ondemand,16.936,4.234,instances.vantage.sh (AWS Price List mirror)
2026-06-29,AWS,ap-southeast-1,p3.8xlarge,V100,4.0,spot,16.936,4.234,instances.vantage.sh (AWS Price List mirror)
2026-06-29,AWS,ap-southeast-1,p4d.24xlarge,A100,8.0,ondemand,26.34917,3.29364625,instances.vantage.sh (AWS Price List mirror)
2026-06-29,AWS,ap-southeast-1,p4de.24xlarge,A100,8.0,ondemand,32.93646,4.1170575,instances.vantage.sh (AWS Price List mirror)
2026-06-29,AWS,ap-southeast-1,p4de.24xlarge,A100,8.0,spot,32.9365,4.1170625,instances.vantage.sh (AWS Price List mirror)
2026-06-29,AWS,ap-southeast-1-bkk-1,g4dn.2xlarge,T4,1.0,ondemand,1.578,1.578,instances.vantage.sh (AWS Price List mirror)
2026-06-29,AWS,ap-southeast-1-mnl-1,g4dn.2xlarge,T4,1.0,ondemand,1.368,1.368,instances.vantage.sh (AWS Price List mirror)
2026-06-29,AWS,ap-southeast-2,g2.2xlarge,K520,1.0,ondemand,0.898,0.898,instances.vantage.sh (AWS Price List mirror)
2026-06-29,AWS,ap-southeast-2,g2.8xlarge,K520,4.0,ondemand,3.592,0.898,instances.vantage.sh (AWS Price List mirror)
2026-06-29,AWS,ap-southeast-2,g3.16xlarge,M60,4.0,ondemand,7.016,1.754,instances.vantage.sh (AWS Price List mirror)
2026-06-29,AWS,ap-southeast-2,g3.4xlarge,M60,1.0,ondemand,1.754,1.754,instances.vantage.sh (AWS Price List mirror)
2026-06-29,AWS,ap-southeast-2,g3.8xlarge,M60,2.0,ondemand,3.508,1.754,instances.vantage.sh (AWS Price List mirror)
2026-06-29,AWS,ap-southeast-2,g3s.xlarge,M60,1.0,ondemand,1.154,1.154,instances.vantage.sh (AWS Price List mirror)
2026-06-29,AWS,ap-southeast-2,g4dn.12xlarge,T4,4.0,ondemand,5.087,1.27175,instances.vantage.sh (AWS Price List mirror)
2026-06-29,AWS,ap-southeast-2,g4dn.12xlarge,T4,4.0,spot,2.362433,0.59060825,instances.vantage.sh (AWS Price List mirror)
2026-06-29,AWS,ap-southeast-2,g4dn.16xlarge,T4,1.0,ondemand,5.659,5.659,instances.vantage.sh (AWS Price List mirror)
2026-06-29,AWS,ap-southeast-2,g4dn.16xlarge,T4,1.0,spot,1.1578,1.1578,instances.vantage.sh (AWS Price List mirror)
2026-06-29,AWS,ap-southeast-2,g4dn.2xlarge,T4,1.0,ondemand,0.978,0.978,instances.vantage.sh (AWS Price List mirror)
2026-06-29,AWS,ap-southeast-2,g4dn.2xlarge,T4,1.0,spot,0.4585,0.4585,instances.vantage.sh (AWS Price List mirror)
2026-06-29,AWS,ap-southeast-2,g4dn.4xlarge,T4,1.0,ondemand,1.566,1.566,instances.vantage.sh (AWS Price List mirror)
2026-06-29,AWS,ap-southeast-2,g4dn.4xlarge,T4,1.0,spot,0.5717,0.5717,instances.vantage.sh (AWS Price List mirror)
2026-06-29,AWS,ap-southeast-2,g4dn.8xlarge,T4,1.0,ondemand,2.83,2.83,instances.vantage.sh (AWS Price List mirror)
2026-06-29,AWS,ap-southeast-2,g4dn.8xlarge,T4,1.0,spot,0.8884,0.8884,instances.vantage.sh (AWS Price List mirror)
2026-06-29,AWS,ap-southeast-2,g4dn.metal,T4,8.0,ondemand,10.174,1.27175,instances.vantage.sh (AWS Price List mirror)
2026-06-29,AWS,ap-southeast-2,g4dn.metal,T4,8.0,spot,4.299967,0.537495875,instances.vantage.sh (AWS Price List mirror)
2026-06-29,AWS,ap-southeast-2,g4dn.xlarge,T4,1.0,ondemand,0.684,0.684,instances.vantage.sh (AWS Price List mirror)
2026-06-29,AWS,ap-southeast-2,g4dn.xlarge,T4,1.0,spot,0.327833,0.327833,instances.vantage.sh (AWS Price List mirror)
2026-06-29,AWS,ap-southeast-2,g5.12xlarge,A10G,4.0,ondemand,7.37473,1.8436825,instances.vantage.sh (AWS Price List mirror)
2026-06-29,AWS,ap-southeast-2,g5.12xlarge,A10G,4.0,spot,4.01805,1.0045125,instances.vantage.sh (AWS Price List mirror)
2026-06-29,AWS,ap-southeast-2,g5.16xlarge,A10G,1.0,ondemand,5.32561,5.32561,instances.vantage.sh (AWS Price List mirror)
2026-06-29,AWS,ap-southeast-2,g5.16xlarge,A10G,1.0,spot,1.4904,1.4904,instances.vantage.sh (AWS Price List mirror)
2026-06-29,AWS,ap-southeast-2,g5.24xlarge,A10G,4.0,ondemand,10.58882,2.647205,instances.vantage.sh (AWS Price List mirror)
2026-06-29,AWS,ap-southeast-2,g5.24xlarge,A10G,4.0,spot,10.5888,2.6472,instances.vantage.sh (AWS Price List mirror)
2026-06-29,AWS,ap-southeast-2,g5.2xlarge,A10G,1.0,ondemand,1.57584,1.57584,instances.vantage.sh (AWS Price List mirror)
2026-06-29,AWS,ap-southeast-2,g5.2xlarge,A10G,1.0,spot,0.8867,0.8867,instances.vantage.sh (AWS Price List mirror)
2026-06-29,AWS,ap-southeast-2,g5.48xlarge,A10G,8.0,ondemand,21.17764,2.647205,instances.vantage.sh (AWS Price List mirror)
2026-06-29,AWS,ap-southeast-2,g5.48xlarge,A10G,8.0,spot,13.70615,1.71326875,instances.vantage.sh (AWS Price List mirror)
2026-06-29,AWS,ap-southeast-2,g5.4xlarge,A10G,1.0,ondemand,2.11152,2.11152,instances.vantage.sh (AWS Price List mirror)
2026-06-29,AWS,ap-southeast-2,g5.4xlarge,A10G,1.0,spot,1.0137,1.0137,instances.vantage.sh (AWS Price List mirror)
2026-06-29,AWS,ap-southeast-2,g5.8xlarge,A10G,1.0,ondemand,3.18289,3.18289,instances.vantage.sh (AWS Price List mirror)
2026-06-29,AWS,ap-southeast-2,g5.8xlarge,A10G,1.0,spot,1.1625,1.1625,instances.vantage.sh (AWS Price List mirror)
2026-06-29,AWS,ap-southeast-2,g5.xlarge,A10G,1.0,ondemand,1.308,1.308,instances.vantage.sh (AWS Price List mirror)
2026-06-29,AWS,ap-southeast-2,g5.xlarge,A10G,1.0,spot,0.72955,0.72955,instances.vantage.sh (AWS Price List mirror)
2026-06-29,AWS,ap-southeast-2,g6.12xlarge,L4,4.0,ondemand,5.98299,1.4957475,instances.vantage.sh (AWS Price List mirror)
2026-06-29,AWS,ap-southeast-2,g6.12xlarge,L4,4.0,spot,2.987733,0.74693325,instances.vantage.sh (AWS Price List mirror)
2026-06-29,AWS,ap-southeast-2,g6.16xlarge,L4,1.0,ondemand,4.41652,4.41652,instances.vantage.sh (AWS Price List mirror)
2026-06-29,AWS,ap-southeast-2,g6.16xlarge,L4,1.0,spot,1.845933,1.845933,instances.vantage.sh (AWS Price List mirror)
2026-06-29,AWS,ap-southeast-2,g6.24xlarge,L4,4.0,ondemand,8.67909,2.1697725,instances.vantage.sh (AWS Price List mirror)
2026-06-29,AWS,ap-southeast-2,g6.24xlarge,L4,4.0,spot,2.6083,0.652075,instances.vantage.sh (AWS Price List mirror)
2026-06-29,AWS,ap-southeast-2,g6.2xlarge,L4,1.0,ondemand,1.27107,1.27107,instances.vantage.sh (AWS Price List mirror)
2026-06-29,AWS,ap-southeast-2,g6.2xlarge,L4,1.0,spot,0.738133,0.738133,instances.vantage.sh (AWS Price List mirror)
2026-06-29,AWS,ap-southeast-2,g6.48xlarge,L4,8.0,ondemand,17.35817,2.16977125,instances.vantage.sh (AWS Price List mirror)
2026-06-29,AWS,ap-southeast-2,g6.48xlarge,L4,8.0,spot,5.538033,0.692254125,instances.vantage.sh (AWS Price List mirror)
2026-06-29,AWS,ap-southeast-2,g6.4xlarge,L4,1.0,ondemand,1.72042,1.72042,instances.vantage.sh (AWS Price List mirror)
2026-06-29,AWS,ap-southeast-2,g6.4xlarge,L4,1.0,spot,0.948533,0.948533,instances.vantage.sh (AWS Price List mirror)
2026-06-29,AWS,ap-southeast-2,g6.8xlarge,L4,1.0,ondemand,2.61912,2.61912,instances.vantage.sh (AWS Price List mirror)
2026-06-29,AWS,ap-southeast-2,g6.8xlarge,L4,1.0,spot,1.221067,1.221067,instances.vantage.sh (AWS Price List mirror)
2026-06-29,AWS,ap-southeast-2,g6.xlarge,L4,1.0,ondemand,1.0464,1.0464,instances.vantage.sh (AWS Price List mirror)
2026-06-29,AWS,ap-southeast-2,g6.xlarge,L4,1.0,spot,0.5283,0.5283,instances.vantage.sh (AWS Price List mirror)
2026-06-29,AWS,ap-southeast-2,g6f.2xlarge,L4,0.25,ondemand,0.61759,2.47036,instances.vantage.sh (AWS Price List mirror)
2026-06-29,AWS,ap-southeast-2,g6f.2xlarge,L4,0.25,spot,0.20925,0.837,instances.vantage.sh (AWS Price List mirror)
2026-06-29,AWS,ap-southeast-2,g6f.4xlarge,L4,0.5,ondemand,1.23517,2.47034,instances.vantage.sh (AWS Price List mirror)
2026-06-29,AWS,ap-southeast-2,g6f.4xlarge,L4,0.5,spot,0.4428,0.8856,instances.vantage.sh (AWS Price List mirror)
2026-06-29,AWS,ap-southeast-2,g6f.large,L4,0.125,ondemand,0.26264,2.10112,instances.vantage.sh (AWS Price List mirror)
2026-06-29,AWS,ap-southeast-2,g6f.large,L4,0.125,spot,0.17525,1.402,instances.vantage.sh (AWS Price List mirror)
2026-06-29,AWS,ap-southeast-2,g6f.xlarge,L4,0.125,ondemand,0.30879,2.47032,instances.vantage.sh (AWS Price List mirror)
2026-06-29,AWS,ap-southeast-2,g6f.xlarge,L4,0.125,spot,0.1092,0.8736,instances.vantage.sh (AWS Price List mirror)
2026-06-29,AWS,ap-southeast-2,gr6.4xlarge,L4,1.0,ondemand,2.0012,2.0012,instances.vantage.sh (AWS Price List mirror)
2026-06-29,AWS,ap-southeast-2,gr6.4xlarge,L4,1.0,spot,0.62685,0.62685,instances.vantage.sh (AWS Price List mirror)
2026-06-29,AWS,ap-southeast-2,gr6.8xlarge,L4,1.0,ondemand,3.1807,3.1807,instances.vantage.sh (AWS Price List mirror)
2026-06-29,AWS,ap-southeast-2,gr6.8xlarge,L4,1.0,spot,1.16485,1.16485,instances.vantage.sh (AWS Price List mirror)
2026-06-29,AWS,ap-southeast-2,gr6f.4xlarge,L4,0.5,ondemand,1.38597,2.77194,instances.vantage.sh (AWS Price List mirror)
2026-06-29,AWS,ap-southeast-2,gr6f.4xlarge,L4,0.5,spot,0.6877,1.3754,instances.vantage.sh (AWS Price List mirror)
2026-06-29,AWS,ap-southeast-2,inf1.24xlarge,unknown,16.0,ondemand,5.902,0.368875,instances.vantage.sh (AWS Price List mirror)
2026-06-29,AWS,ap-southeast-2,inf1.24xlarge,unknown,16.0,spot,1.107033,0.0691895625,instances.vantage.sh (AWS Price List mirror)
2026-06-29,AWS,ap-southeast-2,inf1.2xlarge,unknown,1.0,ondemand,0.453,0.453,instances.vantage.sh (AWS Price List mirror)
2026-06-29,AWS,ap-southeast-2,inf1.2xlarge,unknown,1.0,spot,0.165067,0.165067,instances.vantage.sh (AWS Price List mirror)
2026-06-29,AWS,ap-southeast-2,inf1.6xlarge,unknown,4.0,ondemand,1.475,0.36875,instances.vantage.sh (AWS Price List mirror)
2026-06-29,AWS,ap-southeast-2,inf1.6xlarge,unknown,4.0,spot,0.397767,0.09944175,instances.vantage.sh (AWS Price List mirror)
2026-06-29,AWS,ap-southeast-2,inf1.xlarge,unknown,1.0,ondemand,0.285,0.285,instances.vantage.sh (AWS Price List mirror)
2026-06-29,AWS,ap-southeast-2,inf1.xlarge,unknown,1.0,spot,0.092267,0.092267,instances.vantage.sh (AWS Price List mirror)
2026-06-29,AWS,ap-southeast-2,inf2.24xlarge,unknown,6.0,ondemand,8.43782,1.4063033333333335,instances.vantage.sh (AWS Price List mirror)
2026-06-29,AWS,ap-southeast-2,inf2.24xlarge,unknown,6.0,spot,5.0035,0.8339166666666666,instances.vantage.sh (AWS Price List mirror)
2026-06-29,AWS,ap-southeast-2,inf2.48xlarge,unknown,12.0,ondemand,16.87565,1.4063041666666667,instances.vantage.sh (AWS Price List mirror)
2026-06-29,AWS,ap-southeast-2,inf2.48xlarge,unknown,12.0,spot,16.8757,1.4063083333333333,instances.vantage.sh (AWS Price List mirror)
2026-06-29,AWS,ap-southeast-2,inf2.8xlarge,unknown,1.0,ondemand,2.55822,2.55822,instances.vantage.sh (AWS Price List mirror)
2026-06-29,AWS,ap-southeast-2,inf2.8xlarge,unknown,1.0,spot,1.5205,1.5205,instances.vantage.sh (AWS Price List mirror)
2026-06-29,AWS,ap-southeast-2,inf2.xlarge,unknown,1.0,ondemand,0.98566,0.98566,instances.vantage.sh (AWS Price List mirror)
2026-06-29,AWS,ap-southeast-2,inf2.xlarge,unknown,1.0,spot,0.5819,0.5819,instances.vantage.sh (AWS Price List mirror)
2026-06-29,AWS,ap-southeast-2,p2.16xlarge,K80,16.0,ondemand,24.672,1.542,instances.vantage.sh (AWS Price List mirror)
2026-06-29,AWS,ap-southeast-2,p2.8xlarge,K80,8.0,ondemand,12.336,1.542,instances.vantage.sh (AWS Price List mirror)
2026-06-29,AWS,ap-southeast-2,p2.xlarge,K80,1.0,ondemand,1.542,1.542,instances.vantage.sh (AWS Price List mirror)
2026-06-29,AWS,ap-southeast-2,p3.16xlarge,V100,8.0,ondemand,33.872,4.234,instances.vantage.sh (AWS Price List mirror)
2026-06-29,AWS,ap-southeast-2,p3.16xlarge,V100,8.0,spot,33.872,4.234,instances.vantage.sh (AWS Price List mirror)
2026-06-29,AWS,ap-southeast-2,p3.2xlarge,V100,1.0,ondemand,4.234,4.234,instances.vantage.sh (AWS Price List mirror)
2026-06-29,AWS,ap-southeast-2,p3.2xlarge,V100,1.0,spot,4.234,4.234,instances.vantage.sh (AWS Price List mirror)
2026-06-29,AWS,ap-southeast-2,p3.8xlarge,V100,4.0,ondemand,16.936,4.234,instances.vantage.sh (AWS Price List mirror)
2026-06-29,AWS,ap-southeast-2,p3.8xlarge,V100,4.0,spot,9.3148,2.3287,instances.vantage.sh (AWS Price List mirror)
2026-06-29,AWS,ap-southeast-2,p4d.24xlarge,A100,8.0,ondemand,28.54493,3.56811625,instances.vantage.sh (AWS Price List mirror)
2026-06-29,AWS,ap-southeast-2,p4d.24xlarge,A100,8.0,spot,18.90855,2.36356875,instances.vantage.sh (AWS Price List mirror)
2026-06-29,AWS,ap-southeast-2,p5.48xlarge,H100,8.0,ondemand,71.552,8.944,instances.vantage.sh (AWS Price List mirror)
2026-06-29,AWS,ap-southeast-2,p5.48xlarge,H100,8.0,spot,56.3996,7.04995,instances.vantage.sh (AWS Price List mirror)
2026-06-29,AWS,ap-southeast-2,p5.4xlarge,H100,1.0,ondemand,8.944,8.944,instances.vantage.sh (AWS Price List mirror)
2026-06-29,AWS,ap-southeast-2-akl-1,g4dn.2xlarge,T4,1.0,ondemand,1.418,1.418,instances.vantage.sh (AWS Price List mirror)
2026-06-29,AWS,ap-southeast-2-per-1,g4dn.2xlarge,T4,1.0,ondemand,1.418,1.418,instances.vantage.sh (AWS Price List mirror)
2026-06-29,AWS,ap-southeast-3,g5.12xlarge,A10G,4.0,ondemand,7.93854,1.984635,instances.vantage.sh (AWS Price List mirror)
2026-06-29,AWS,ap-southeast-3,g5.12xlarge,A10G,4.0,spot,2.143406,0.5358515,instances.vantage.sh (AWS Price List mirror)
2026-06-29,AWS,ap-southeast-3,g5.16xlarge,A10G,1.0,ondemand,5.73277,5.73277,instances.vantage.sh (AWS Price List mirror)
2026-06-29,AWS,ap-southeast-3,g5.16xlarge,A10G,1.0,spot,0.74526,0.74526,instances.vantage.sh (AWS Price List mirror)
2026-06-29,AWS,ap-southeast-3,g5.24xlarge,A10G,4.0,ondemand,11.39836,2.84959,instances.vantage.sh (AWS Price List mirror)
2026-06-29,AWS,ap-southeast-3,g5.24xlarge,A10G,4.0,spot,5.129262,1.2823155,instances.vantage.sh (AWS Price List mirror)
2026-06-29,AWS,ap-southeast-3,g5.2xlarge,A10G,1.0,ondemand,1.69632,1.69632,instances.vantage.sh (AWS Price List mirror)
2026-06-29,AWS,ap-southeast-3,g5.2xlarge,A10G,1.0,spot,0.407117,0.407117,instances.vantage.sh (AWS Price List mirror)
2026-06-29,AWS,ap-southeast-3,g5.48xlarge,A10G,8.0,ondemand,22.79672,2.84959,instances.vantage.sh (AWS Price List mirror)
2026-06-29,AWS,ap-southeast-3,g5.48xlarge,A10G,8.0,spot,10.942426,1.36780325,instances.vantage.sh (AWS Price List mirror)
2026-06-29,AWS,ap-southeast-3,g5.4xlarge,A10G,1.0,ondemand,2.27295,2.27295,instances.vantage.sh (AWS Price List mirror)
2026-06-29,AWS,ap-southeast-3,g5.4xlarge,A10G,1.0,spot,0.43186,0.43186,instances.vantage.sh (AWS Price List mirror)
2026-06-29,AWS,ap-southeast-3,g5.8xlarge,A10G,1.0,ondemand,3.42623,3.42623,instances.vantage.sh (AWS Price List mirror)
2026-06-29,AWS,ap-southeast-3,g5.8xlarge,A10G,1.0,spot,0.959344,0.959344,instances.vantage.sh (AWS Price List mirror)
2026-06-29,AWS,ap-southeast-3,g5.xlarge,A10G,1.0,ondemand,1.408,1.408,instances.vantage.sh (AWS Price List mirror)
2026-06-29,AWS,ap-southeast-3,g5.xlarge,A10G,1.0,spot,0.39424,0.39424,instances.vantage.sh (AWS Price List mirror)
2026-06-29,AWS,ap-southeast-3,g5g.metal,T4G,2.0,ondemand,3.8395,1.91975,instances.vantage.sh (AWS Price List mirror)
2026-06-29,AWS,ap-southeast-3,g5g.metal,T4G,2.0,spot,0.883085,0.4415425,instances.vantage.sh (AWS Price List mirror)
2026-06-29,AWS,ap-southeast-3,p5.48xlarge,H100,8.0,ondemand,75.9552,9.4944,instances.vantage.sh (AWS Price List mirror)
2026-06-29,AWS,ap-southeast-3,p5.48xlarge,H100,8.0,spot,75.9552,9.4944,instances.vantage.sh (AWS Price List mirror)
2026-06-29,AWS,ap-southeast-3,p5.4xlarge,H100,1.0,ondemand,9.4944,9.4944,instances.vantage.sh (AWS Price List mirror)
2026-06-29,AWS,ap-southeast-3,p5.4xlarge,H100,1.0,spot,9.4944,9.4944,instances.vantage.sh (AWS Price List mirror)
2026-06-29,AWS,ap-southeast-3,p5en.48xlarge,H200,8.0,ondemand,87.34848,10.91856,instances.vantage.sh (AWS Price List mirror)
2026-06-29,AWS,ap-southeast-3,p5en.48xlarge,H200,8.0,spot,27.951514,3.49393925,instances.vantage.sh (AWS Price List mirror)
2026-06-29,AWS,ap-southeast-5,g6.12xlarge,L4,4.0,ondemand,5.7966,1.44915,instances.vantage.sh (AWS Price List mirror)
2026-06-29,AWS,ap-southeast-5,g6.12xlarge,L4,4.0,spot,4.231518,1.0578795,instances.vantage.sh (AWS Price List mirror)
2026-06-29,AWS,ap-southeast-5,g6.16xlarge,L4,1.0,ondemand,4.27892,4.27892,instances.vantage.sh (AWS Price List mirror)
2026-06-29,AWS,ap-southeast-5,g6.16xlarge,L4,1.0,spot,0.855784,0.855784,instances.vantage.sh (AWS Price List mirror)
2026-06-29,AWS,ap-southeast-5,g6.24xlarge,L4,4.0,ondemand,8.4087,2.102175,instances.vantage.sh (AWS Price List mirror)
2026-06-29,AWS,ap-southeast-5,g6.24xlarge,L4,4.0,spot,3.699828,0.924957,instances.vantage.sh (AWS Price List mirror)
2026-06-29,AWS,ap-southeast-5,g6.2xlarge,L4,1.0,ondemand,1.23147,1.23147,instances.vantage.sh (AWS Price List mirror)
2026-06-29,AWS,ap-southeast-5,g6.2xlarge,L4,1.0,spot,1.083694,1.083694,instances.vantage.sh (AWS Price List mirror)
2026-06-29,AWS,ap-southeast-5,g6.48xlarge,L4,8.0,ondemand,16.81739,2.10217375,instances.vantage.sh (AWS Price List mirror)
2026-06-29,AWS,ap-southeast-5,g6.48xlarge,L4,8.0,spot,13.117564,1.6396955,instances.vantage.sh (AWS Price List mirror)
2026-06-29,AWS,ap-southeast-5,g6.4xlarge,L4,1.0,ondemand,1.66682,1.66682,instances.vantage.sh (AWS Price List mirror)
2026-06-29,AWS,ap-southeast-5,g6.4xlarge,L4,1.0,spot,0.900083,0.900083,instances.vantage.sh (AWS Price List mirror)
2026-06-29,AWS,ap-southeast-5,g6.8xlarge,L4,1.0,ondemand,2.53752,2.53752,instances.vantage.sh (AWS Price List mirror)
2026-06-29,AWS,ap-southeast-5,g6.8xlarge,L4,1.0,spot,0.68513,0.68513,instances.vantage.sh (AWS Price List mirror)
2026-06-29,AWS,ap-southeast-5,g6.xlarge,L4,1.0,ondemand,1.0138,1.0138,instances.vantage.sh (AWS Price List mirror)
2026-06-29,AWS,ap-southeast-5,g6.xlarge,L4,1.0,spot,0.91242,0.91242,instances.vantage.sh (AWS Price List mirror)
2026-06-29,AWS,ap-southeast-5,gr6.4xlarge,L4,1.0,ondemand,1.9388,1.9388,instances.vantage.sh (AWS Price List mirror)
2026-06-29,AWS,ap-southeast-5,gr6.4xlarge,L4,1.0,spot,0.542864,0.542864,instances.vantage.sh (AWS Price List mirror)
2026-06-29,AWS,ap-southeast-5,gr6.8xlarge,L4,1.0,ondemand,3.08152,3.08152,instances.vantage.sh (AWS Price List mirror)
2026-06-29,AWS,ap-southeast-5,gr6.8xlarge,L4,1.0,spot,0.554674,0.554674,instances.vantage.sh (AWS Price List mirror)
2026-06-29,AWS,ca-central-1,g3.16xlarge,M60,4.0,ondemand,5.664,1.416,instances.vantage.sh (AWS Price List mirror)
2026-06-29,AWS,ca-central-1,g3.4xlarge,M60,1.0,ondemand,1.416,1.416,instances.vantage.sh (AWS Price List mirror)
2026-06-29,AWS,ca-central-1,g3.8xlarge,M60,2.0,ondemand,2.832,1.416,instances.vantage.sh (AWS Price List mirror)
2026-06-29,AWS,ca-central-1,g4ad.16xlarge,V520,4.0,ondemand,3.872,0.968,instances.vantage.sh (AWS Price List mirror)
2026-06-29,AWS,ca-central-1,g4ad.16xlarge,V520,4.0,spot,0.758,0.1895,instances.vantage.sh (AWS Price List mirror)
2026-06-29,AWS,ca-central-1,g4ad.2xlarge,V520,1.0,ondemand,0.60421,0.60421,instances.vantage.sh (AWS Price List mirror)
2026-06-29,AWS,ca-central-1,g4ad.2xlarge,V520,1.0,spot,0.1967,0.1967,instances.vantage.sh (AWS Price List mirror)
2026-06-29,AWS,ca-central-1,g4ad.4xlarge,V520,1.0,ondemand,0.968,0.968,instances.vantage.sh (AWS Price List mirror)
2026-06-29,AWS,ca-central-1,g4ad.4xlarge,V520,1.0,spot,0.2989,0.2989,instances.vantage.sh (AWS Price List mirror)
2026-06-29,AWS,ca-central-1,g4ad.8xlarge,V520,2.0,ondemand,1.936,0.968,instances.vantage.sh (AWS Price List mirror)
2026-06-29,AWS,ca-central-1,g4ad.8xlarge,V520,2.0,spot,0.3769,0.18845,instances.vantage.sh (AWS Price List mirror)
2026-06-29,AWS,ca-central-1,g4ad.xlarge,V520,1.0,ondemand,0.42263,0.42263,instances.vantage.sh (AWS Price List mirror)
2026-06-29,AWS,ca-central-1,g4ad.xlarge,V520,1.0,spot,0.12035,0.12035,instances.vantage.sh (AWS Price List mirror)
2026-06-29,AWS,ca-central-1,g4dn.12xlarge,T4,4.0,ondemand,4.343,1.08575,instances.vantage.sh (AWS Price List mirror)
2026-06-29,AWS,ca-central-1,g4dn.12xlarge,T4,4.0,spot,1.36035,0.3400875,instances.vantage.sh (AWS Price List mirror)
2026-06-29,AWS,ca-central-1,g4dn.16xlarge,T4,1.0,ondemand,4.832,4.832,instances.vantage.sh (AWS Price List mirror)
2026-06-29,AWS,ca-central-1,g4dn.16xlarge,T4,1.0,spot,0.63295,0.63295,instances.vantage.sh (AWS Price List mirror)
2026-06-29,AWS,ca-central-1,g4dn.2xlarge,T4,1.0,ondemand,0.835,0.835,instances.vantage.sh (AWS Price List mirror)
2026-06-29,AWS,ca-central-1,g4dn.2xlarge,T4,1.0,spot,0.2724,0.2724,instances.vantage.sh (AWS Price List mirror)
2026-06-29,AWS,ca-central-1,g4dn.4xlarge,T4,1.0,ondemand,1.337,1.337,instances.vantage.sh (AWS Price List mirror)
2026-06-29,AWS,ca-central-1,g4dn.4xlarge,T4,1.0,spot,0.60175,0.60175,instances.vantage.sh (AWS Price List mirror)
2026-06-29,AWS,ca-central-1,g4dn.8xlarge,T4,1.0,ondemand,2.416,2.416,instances.vantage.sh (AWS Price List mirror)
2026-06-29,AWS,ca-central-1,g4dn.8xlarge,T4,1.0,spot,0.60255,0.60255,instances.vantage.sh (AWS Price List mirror)
2026-06-29,AWS,ca-central-1,g4dn.metal,T4,8.0,ondemand,8.687,1.085875,instances.vantage.sh (AWS Price List mirror)
2026-06-29,AWS,ca-central-1,g4dn.metal,T4,8.0,spot,4.01,0.50125,instances.vantage.sh (AWS Price List mirror)
2026-06-29,AWS,ca-central-1,g4dn.xlarge,T4,1.0,ondemand,0.584,0.584,instances.vantage.sh (AWS Price List mirror)
2026-06-29,AWS,ca-central-1,g4dn.xlarge,T4,1.0,spot,0.2106,0.2106,instances.vantage.sh (AWS Price List mirror)
2026-06-29,AWS,ca-central-1,g5.12xlarge,A10G,4.0,ondemand,6.29784,1.57446,instances.vantage.sh (AWS Price List mirror)
2026-06-29,AWS,ca-central-1,g5.12xlarge,A10G,4.0,spot,2.64125,0.6603125,instances.vantage.sh (AWS Price List mirror)
2026-06-29,AWS,ca-central-1,g5.16xlarge,A10G,1.0,ondemand,4.54794,4.54794,instances.vantage.sh (AWS Price List mirror)
2026-06-29,AWS,ca-central-1,g5.16xlarge,A10G,1.0,spot,0.99705,0.99705,instances.vantage.sh (AWS Price List mirror)
2026-06-29,AWS,ca-central-1,g5.24xlarge,A10G,4.0,ondemand,9.04259,2.2606475,instances.vantage.sh (AWS Price List mirror)
2026-06-29,AWS,ca-central-1,g5.24xlarge,A10G,4.0,spot,5.5368,1.3842,instances.vantage.sh (AWS Price List mirror)
2026-06-29,AWS,ca-central-1,g5.2xlarge,A10G,1.0,ondemand,1.34573,1.34573,instances.vantage.sh (AWS Price List mirror)
2026-06-29,AWS,ca-central-1,g5.2xlarge,A10G,1.0,spot,0.4843,0.4843,instances.vantage.sh (AWS Price List mirror)
2026-06-29,AWS,ca-central-1,g5.48xlarge,A10G,8.0,ondemand,18.08518,2.2606475,instances.vantage.sh (AWS Price List mirror)
2026-06-29,AWS,ca-central-1,g5.48xlarge,A10G,8.0,spot,12.8353,1.6044125,instances.vantage.sh (AWS Price List mirror)
2026-06-29,AWS,ca-central-1,g5.4xlarge,A10G,1.0,ondemand,1.80319,1.80319,instances.vantage.sh (AWS Price List mirror)
2026-06-29,AWS,ca-central-1,g5.4xlarge,A10G,1.0,spot,0.8944,0.8944,instances.vantage.sh (AWS Price List mirror)
2026-06-29,AWS,ca-central-1,g5.8xlarge,A10G,1.0,ondemand,2.71811,2.71811,instances.vantage.sh (AWS Price List mirror)
2026-06-29,AWS,ca-central-1,g5.8xlarge,A10G,1.0,spot,0.81105,0.81105,instances.vantage.sh (AWS Price List mirror)
2026-06-29,AWS,ca-central-1,g5.xlarge,A10G,1.0,ondemand,1.117,1.117,instances.vantage.sh (AWS Price List mirror)
2026-06-29,AWS,ca-central-1,g5.xlarge,A10G,1.0,spot,0.4351,0.4351,instances.vantage.sh (AWS Price List mirror)
2026-06-29,AWS,ca-central-1,g6.12xlarge,L4,4.0,ondemand,5.10933,1.2773325,instances.vantage.sh (AWS Price List mirror)
2026-06-29,AWS,ca-central-1,g6.12xlarge,L4,4.0,spot,2.572067,0.64301675,instances.vantage.sh (AWS Price List mirror)
2026-06-29,AWS,ca-central-1,g6.16xlarge,L4,1.0,ondemand,3.7716,3.7716,instances.vantage.sh (AWS Price List mirror)
2026-06-29,AWS,ca-central-1,g6.16xlarge,L4,1.0,spot,1.4144,1.4144,instances.vantage.sh (AWS Price List mirror)
2026-06-29,AWS,ca-central-1,g6.24xlarge,L4,4.0,ondemand,7.41173,1.8529325,instances.vantage.sh (AWS Price List mirror)
2026-06-29,AWS,ca-central-1,g6.24xlarge,L4,4.0,spot,3.9254,0.98135,instances.vantage.sh (AWS Price List mirror)
2026-06-29,AWS,ca-central-1,g6.2xlarge,L4,1.0,ondemand,1.08547,1.08547,instances.vantage.sh (AWS Price List mirror)
2026-06-29,AWS,ca-central-1,g6.2xlarge,L4,1.0,spot,0.587,0.587,instances.vantage.sh (AWS Price List mirror)
2026-06-29,AWS,ca-central-1,g6.48xlarge,L4,8.0,ondemand,14.82346,1.8529325,instances.vantage.sh (AWS Price List mirror)
2026-06-29,AWS,ca-central-1,g6.48xlarge,L4,8.0,spot,8.9241,1.1155125,instances.vantage.sh (AWS Price List mirror)
2026-06-29,AWS,ca-central-1,g6.4xlarge,L4,1.0,ondemand,1.4692,1.4692,instances.vantage.sh (AWS Price List mirror)
2026-06-29,AWS,ca-central-1,g6.4xlarge,L4,1.0,spot,0.829267,0.829267,instances.vantage.sh (AWS Price List mirror)
2026-06-29,AWS,ca-central-1,g6.8xlarge,L4,1.0,ondemand,2.23666,2.23666,instances.vantage.sh (AWS Price List mirror)
2026-06-29,AWS,ca-central-1,g6.8xlarge,L4,1.0,spot,0.716467,0.716467,instances.vantage.sh (AWS Price List mirror)
2026-06-29,AWS,ca-central-1,g6.xlarge,L4,1.0,ondemand,0.8936,0.8936,instances.vantage.sh (AWS Price List mirror)
2026-06-29,AWS,ca-central-1,g6.xlarge,L4,1.0,spot,0.599,0.599,instances.vantage.sh (AWS Price List mirror)
2026-06-29,AWS,ca-central-1,g6f.2xlarge,L4,0.25,ondemand,0.52741,2.10964,instances.vantage.sh (AWS Price List mirror)
2026-06-29,AWS,ca-central-1,g6f.2xlarge,L4,0.25,spot,0.40285,1.6114,instances.vantage.sh (AWS Price List mirror)
2026-06-29,AWS,ca-central-1,g6f.4xlarge,L4,0.5,ondemand,1.05482,2.10964,instances.vantage.sh (AWS Price List mirror)
2026-06-29,AWS,ca-central-1,g6f.4xlarge,L4,0.5,spot,0.46305,0.9261,instances.vantage.sh (AWS Price List mirror)
2026-06-29,AWS,ca-central-1,g6f.large,L4,0.125,ondemand,0.22429,1.79432,instances.vantage.sh (AWS Price List mirror)
2026-06-29,AWS,ca-central-1,g6f.large,L4,0.125,spot,0.2243,1.7944,instances.vantage.sh (AWS Price List mirror)
2026-06-29,AWS,ca-central-1,g6f.xlarge,L4,0.125,ondemand,0.26371,2.10968,instances.vantage.sh (AWS Price List mirror)
2026-06-29,AWS,ca-central-1,g6f.xlarge,L4,0.125,spot,0.2637,2.1096,instances.vantage.sh (AWS Price List mirror)
2026-06-29,AWS,ca-central-1,gr6.4xlarge,L4,1.0,ondemand,1.709,1.709,instances.vantage.sh (AWS Price List mirror)
2026-06-29,AWS,ca-central-1,gr6.4xlarge,L4,1.0,spot,0.4848,0.4848,instances.vantage.sh (AWS Price List mirror)
2026-06-29,AWS,ca-central-1,gr6.8xlarge,L4,1.0,ondemand,2.71628,2.71628,instances.vantage.sh (AWS Price List mirror)
2026-06-29,AWS,ca-central-1,gr6.8xlarge,L4,1.0,spot,0.36745,0.36745,instances.vantage.sh (AWS Price List mirror)
2026-06-29,AWS,ca-central-1,gr6f.4xlarge,L4,0.5,ondemand,1.1836,2.3672,instances.vantage.sh (AWS Price List mirror)
2026-06-29,AWS,ca-central-1,gr6f.4xlarge,L4,0.5,spot,0.60505,1.2101,instances.vantage.sh (AWS Price List mirror)
2026-06-29,AWS,ca-central-1,inf1.24xlarge,unknown,16.0,ondemand,5.26,0.32875,instances.vantage.sh (AWS Price List mirror)
2026-06-29,AWS,ca-central-1,inf1.24xlarge,unknown,16.0,spot,2.33275,0.145796875,instances.vantage.sh (AWS Price List mirror)
2026-06-29,AWS,ca-central-1,inf1.2xlarge,unknown,1.0,ondemand,0.403,0.403,instances.vantage.sh (AWS Price List mirror)
2026-06-29,AWS,ca-central-1,inf1.2xlarge,unknown,1.0,spot,0.068,0.068,instances.vantage.sh (AWS Price List mirror)
2026-06-29,AWS,ca-central-1,inf1.6xlarge,unknown,4.0,ondemand,1.315,0.32875,instances.vantage.sh (AWS Price List mirror)
2026-06-29,AWS,ca-central-1,inf1.6xlarge,unknown,4.0,spot,0.1797,0.044925,instances.vantage.sh (AWS Price List mirror)
2026-06-29,AWS,ca-central-1,inf1.xlarge,unknown,1.0,ondemand,0.254,0.254,instances.vantage.sh (AWS Price List mirror)
2026-06-29,AWS,ca-central-1,inf1.xlarge,unknown,1.0,spot,0.03595,0.03595,instances.vantage.sh (AWS Price List mirror)
2026-06-29,AWS,ca-central-1,p3.16xlarge,V100,8.0,ondemand,26.928,3.366,instances.vantage.sh (AWS Price List mirror)
2026-06-29,AWS,ca-central-1,p3.16xlarge,V100,8.0,spot,11.84832,1.48104,instances.vantage.sh (AWS Price List mirror)
2026-06-29,AWS,ca-central-1,p3.2xlarge,V100,1.0,ondemand,3.366,3.366,instances.vantage.sh (AWS Price List mirror)
2026-06-29,AWS,ca-central-1,p3.2xlarge,V100,1.0,spot,3.366,3.366,instances.vantage.sh (AWS Price List mirror)
2026-06-29,AWS,ca-central-1,p3.8xlarge,V100,4.0,ondemand,13.464,3.366,instances.vantage.sh (AWS Price List mirror)
2026-06-29,AWS,ca-central-1,p3.8xlarge,V100,4.0,spot,7.13592,1.78398,instances.vantage.sh (AWS Price List mirror)
2026-06-29,AWS,ca-central-1,p4d.24xlarge,A100,8.0,ondemand,25.25174,3.1564675,instances.vantage.sh (AWS Price List mirror)
2026-06-29,AWS,ca-central-1,p4d.24xlarge,A100,8.0,spot,15.0082,1.876025,instances.vantage.sh (AWS Price List mirror)
2026-06-29,AWS,ca-central-1,p5.48xlarge,H100,8.0,ondemand,63.296,7.912,instances.vantage.sh (AWS Price List mirror)
2026-06-29,AWS,ca-central-1,p5.48xlarge,H100,8.0,spot,63.296,7.912,instances.vantage.sh (AWS Price List mirror)
2026-06-29,AWS,ca-central-1-wl1-yto1,g4dn.2xlarge,T4,1.0,ondemand,1.252,1.252,instances.vantage.sh (AWS Price List mirror)
2026-06-29,AWS,eu-central-1,dl2q.24xlarge,Qualcomm AI 100 Accelerators,8.0,ondemand,11.5952,1.4494,instances.vantage.sh (AWS Price List mirror)
2026-06-29,AWS,eu-central-1,dl2q.24xlarge,Qualcomm AI 100 Accelerators,8.0,spot,3.47856,0.43482,instances.vantage.sh (AWS Price List mirror)
2026-06-29,AWS,eu-central-1,g2.2xlarge,K520,1.0,ondemand,0.772,0.772,instances.vantage.sh (AWS Price List mirror)
2026-06-29,AWS,eu-central-1,g2.8xlarge,K520,4.0,ondemand,3.088,0.772,instances.vantage.sh (AWS Price List mirror)
2026-06-29,AWS,eu-central-1,g3.16xlarge,M60,4.0,ondemand,5.7,1.425,instances.vantage.sh (AWS Price List mirror)
2026-06-29,AWS,eu-central-1,g3.4xlarge,M60,1.0,ondemand,1.425,1.425,instances.vantage.sh (AWS Price List mirror)
2026-06-29,AWS,eu-central-1,g3.8xlarge,M60,2.0,ondemand,2.85,1.425,instances.vantage.sh (AWS Price List mirror)
2026-06-29,AWS,eu-central-1,g3s.xlarge,M60,1.0,ondemand,0.938,0.938,instances.vantage.sh (AWS Price List mirror)
2026-06-29,AWS,eu-central-1,g4ad.16xlarge,V520,4.0,ondemand,4.336,1.084,instances.vantage.sh (AWS Price List mirror)
2026-06-29,AWS,eu-central-1,g4ad.16xlarge,V520,4.0,spot,1.4866,0.37165,instances.vantage.sh (AWS Price List mirror)
2026-06-29,AWS,eu-central-1,g4ad.2xlarge,V520,1.0,ondemand,0.67662,0.67662,instances.vantage.sh (AWS Price List mirror)
2026-06-29,AWS,eu-central-1,g4ad.2xlarge,V520,1.0,spot,0.2786,0.2786,instances.vantage.sh (AWS Price List mirror)
2026-06-29,AWS,eu-central-1,g4ad.4xlarge,V520,1.0,ondemand,1.084,1.084,instances.vantage.sh (AWS Price List mirror)
2026-06-29,AWS,eu-central-1,g4ad.4xlarge,V520,1.0,spot,0.51045,0.51045,instances.vantage.sh (AWS Price List mirror)
2026-06-29,AWS,eu-central-1,g4ad.8xlarge,V520,2.0,ondemand,2.168,1.084,instances.vantage.sh (AWS Price List mirror)
2026-06-29,AWS,eu-central-1,g4ad.8xlarge,V520,2.0,spot,0.64995,0.324975,instances.vantage.sh (AWS Price List mirror)
2026-06-29,AWS,eu-central-1,g4ad.xlarge,V520,1.0,ondemand,0.47327,0.47327,instances.vantage.sh (AWS Price List mirror)
2026-06-29,AWS,eu-central-1,g4ad.xlarge,V520,1.0,spot,0.1421,0.1421,instances.vantage.sh (AWS Price List mirror)
2026-06-29,AWS,eu-central-1,g4dn.12xlarge,T4,4.0,ondemand,4.89,1.2225,instances.vantage.sh (AWS Price List mirror)
2026-06-29,AWS,eu-central-1,g4dn.12xlarge,T4,4.0,spot,1.632167,0.40804175,instances.vantage.sh (AWS Price List mirror)
2026-06-29,AWS,eu-central-1,g4dn.16xlarge,T4,1.0,ondemand,5.44,5.44,instances.vantage.sh (AWS Price List mirror)
2026-06-29,AWS,eu-central-1,g4dn.16xlarge,T4,1.0,spot,1.743533,1.743533,instances.vantage.sh (AWS Price List mirror)
2026-06-29,AWS,eu-central-1,g4dn.2xlarge,T4,1.0,ondemand,0.94,0.94,instances.vantage.sh (AWS Price List mirror)
2026-06-29,AWS,eu-central-1,g4dn.2xlarge,T4,1.0,spot,0.367567,0.367567,instances.vantage.sh (AWS Price List mirror)
2026-06-29,AWS,eu-central-1,g4dn.4xlarge,T4,1.0,ondemand,1.505,1.505,instances.vantage.sh (AWS Price List mirror)
2026-06-29,AWS,eu-central-1,g4dn.4xlarge,T4,1.0,spot,0.521233,0.521233,instances.vantage.sh (AWS Price List mirror)
2026-06-29,AWS,eu-central-1,g4dn.8xlarge,T4,1.0,ondemand,2.72,2.72,instances.vantage.sh (AWS Price List mirror)
2026-06-29,AWS,eu-central-1,g4dn.8xlarge,T4,1.0,spot,1.078233,1.078233,instances.vantage.sh (AWS Price List mirror)
2026-06-29,AWS,eu-central-1,g4dn.metal,T4,8.0,ondemand,9.78,1.2225,instances.vantage.sh (AWS Price List mirror)
2026-06-29,AWS,eu-central-1,g4dn.metal,T4,8.0,spot,3.768367,0.471045875,instances.vantage.sh (AWS Price List mirror)
2026-06-29,AWS,eu-central-1,g4dn.xlarge,T4,1.0,ondemand,0.658,0.658,instances.vantage.sh (AWS Price List mirror)
2026-06-29,AWS,eu-central-1,g4dn.xlarge,T4,1.0,spot,0.231733,0.231733,instances.vantage.sh (AWS Price List mirror)
2026-06-29,AWS,eu-central-1,g5.12xlarge,A10G,4.0,ondemand,7.09282,1.773205,instances.vantage.sh (AWS Price List mirror)
2026-06-29,AWS,eu-central-1,g5.12xlarge,A10G,4.0,spot,4.976433,1.24410825,instances.vantage.sh (AWS Price List mirror)
2026-06-29,AWS,eu-central-1,g5.16xlarge,A10G,1.0,ondemand,5.12204,5.12204,instances.vantage.sh (AWS Price List mirror)
2026-06-29,AWS,eu-central-1,g5.16xlarge,A10G,1.0,spot,1.828867,1.828867,instances.vantage.sh (AWS Price List mirror)
2026-06-29,AWS,eu-central-1,g5.24xlarge,A10G,4.0,ondemand,10.18405,2.5460125,instances.vantage.sh (AWS Price List mirror)
2026-06-29,AWS,eu-central-1,g5.24xlarge,A10G,4.0,spot,5.9259,1.481475,instances.vantage.sh (AWS Price List mirror)
2026-06-29,AWS,eu-central-1,g5.2xlarge,A10G,1.0,ondemand,1.5156,1.5156,instances.vantage.sh (AWS Price List mirror)
2026-06-29,AWS,eu-central-1,g5.2xlarge,A10G,1.0,spot,0.6559,0.6559,instances.vantage.sh (AWS Price List mirror)
2026-06-29,AWS,eu-central-1,g5.48xlarge,A10G,8.0,ondemand,20.3681,2.5460125,instances.vantage.sh (AWS Price List mirror)
2026-06-29,AWS,eu-central-1,g5.48xlarge,A10G,8.0,spot,14.533733,1.816716625,instances.vantage.sh (AWS Price List mirror)
2026-06-29,AWS,eu-central-1,g5.4xlarge,A10G,1.0,ondemand,2.03081,2.03081,instances.vantage.sh (AWS Price List mirror)
2026-06-29,AWS,eu-central-1,g5.4xlarge,A10G,1.0,spot,0.860133,0.860133,instances.vantage.sh (AWS Price List mirror)
2026-06-29,AWS,eu-central-1,g5.8xlarge,A10G,1.0,ondemand,3.06122,3.06122,instances.vantage.sh (AWS Price List mirror)
2026-06-29,AWS,eu-central-1,g5.8xlarge,A10G,1.0,spot,1.080767,1.080767,instances.vantage.sh (AWS Price List mirror)
2026-06-29,AWS,eu-central-1,g5.xlarge,A10G,1.0,ondemand,1.258,1.258,instances.vantage.sh (AWS Price List mirror)
2026-06-29,AWS,eu-central-1,g5.xlarge,A10G,1.0,spot,0.4679,0.4679,instances.vantage.sh (AWS Price List mirror)
2026-06-29,AWS,eu-central-1,g5g.16xlarge,T4G,2.0,ondemand,3.4326,1.7163,instances.vantage.sh (AWS Price List mirror)
2026-06-29,AWS,eu-central-1,g5g.16xlarge,T4G,2.0,spot,1.6511,0.82555,instances.vantage.sh (AWS Price List mirror)
2026-06-29,AWS,eu-central-1,g5g.2xlarge,T4G,1.0,ondemand,0.6955,0.6955,instances.vantage.sh (AWS Price List mirror)
2026-06-29,AWS,eu-central-1,g5g.2xlarge,T4G,1.0,spot,0.1747,0.1747,instances.vantage.sh (AWS Price List mirror)
2026-06-29,AWS,eu-central-1,g5g.4xlarge,T4G,1.0,ondemand,1.0358,1.0358,instances.vantage.sh (AWS Price List mirror)
2026-06-29,AWS,eu-central-1,g5g.4xlarge,T4G,1.0,spot,0.2277,0.2277,instances.vantage.sh (AWS Price List mirror)
2026-06-29,AWS,eu-central-1,g5g.8xlarge,T4G,1.0,ondemand,1.7163,1.7163,instances.vantage.sh (AWS Price List mirror)
2026-06-29,AWS,eu-central-1,g5g.8xlarge,T4G,1.0,spot,0.2868,0.2868,instances.vantage.sh (AWS Price List mirror)
2026-06-29,AWS,eu-central-1,g5g.metal,T4G,2.0,ondemand,3.4326,1.7163,instances.vantage.sh (AWS Price List mirror)
2026-06-29,AWS,eu-central-1,g5g.metal,T4G,2.0,spot,0.8436,0.4218,instances.vantage.sh (AWS Price List mirror)
2026-06-29,AWS,eu-central-1,g5g.xlarge,T4G,1.0,ondemand,0.5254,0.5254,instances.vantage.sh (AWS Price List mirror)
2026-06-29,AWS,eu-central-1,g5g.xlarge,T4G,1.0,spot,0.1337,0.1337,instances.vantage.sh (AWS Price List mirror)
2026-06-29,AWS,eu-central-1,g6.12xlarge,L4,4.0,ondemand,5.75429,1.4385725,instances.vantage.sh (AWS Price List mirror)
2026-06-29,AWS,eu-central-1,g6.12xlarge,L4,4.0,spot,2.1866,0.54665,instances.vantage.sh (AWS Price List mirror)
2026-06-29,AWS,eu-central-1,g6.16xlarge,L4,1.0,ondemand,4.24769,4.24769,instances.vantage.sh (AWS Price List mirror)
2026-06-29,AWS,eu-central-1,g6.16xlarge,L4,1.0,spot,1.5202,1.5202,instances.vantage.sh (AWS Price List mirror)
2026-06-29,AWS,eu-central-1,g6.24xlarge,L4,4.0,ondemand,8.34732,2.08683,instances.vantage.sh (AWS Price List mirror)
2026-06-29,AWS,eu-central-1,g6.24xlarge,L4,4.0,spot,2.6459,0.661475,instances.vantage.sh (AWS Price List mirror)
2026-06-29,AWS,eu-central-1,g6.2xlarge,L4,1.0,ondemand,1.22249,1.22249,instances.vantage.sh (AWS Price List mirror)
2026-06-29,AWS,eu-central-1,g6.2xlarge,L4,1.0,spot,0.449633,0.449633,instances.vantage.sh (AWS Price List mirror)
2026-06-29,AWS,eu-central-1,g6.48xlarge,L4,8.0,ondemand,16.69464,2.08683,instances.vantage.sh (AWS Price List mirror)
2026-06-29,AWS,eu-central-1,g6.48xlarge,L4,8.0,spot,5.469033,0.683629125,instances.vantage.sh (AWS Price List mirror)
2026-06-29,AWS,eu-central-1,g6.4xlarge,L4,1.0,ondemand,1.65466,1.65466,instances.vantage.sh (AWS Price List mirror)
2026-06-29,AWS,eu-central-1,g6.4xlarge,L4,1.0,spot,0.552567,0.552567,instances.vantage.sh (AWS Price List mirror)
2026-06-29,AWS,eu-central-1,g6.8xlarge,L4,1.0,ondemand,2.519,2.519,instances.vantage.sh (AWS Price List mirror)
2026-06-29,AWS,eu-central-1,g6.8xlarge,L4,1.0,spot,0.855267,0.855267,instances.vantage.sh (AWS Price List mirror)
2026-06-29,AWS,eu-central-1,g6.xlarge,L4,1.0,ondemand,1.0064,1.0064,instances.vantage.sh (AWS Price List mirror)
2026-06-29,AWS,eu-central-1,g6.xlarge,L4,1.0,spot,0.374867,0.374867,instances.vantage.sh (AWS Price List mirror)
2026-06-29,AWS,eu-central-1,g6e.12xlarge,L40S,4.0,ondemand,13.12002,3.280005,instances.vantage.sh (AWS Price List mirror)
2026-06-29,AWS,eu-central-1,g6e.12xlarge,L40S,4.0,spot,4.673367,1.16834175,instances.vantage.sh (AWS Price List mirror)
2026-06-29,AWS,eu-central-1,g6e.16xlarge,L40S,1.0,ondemand,9.47454,9.47454,instances.vantage.sh (AWS Price List mirror)
2026-06-29,AWS,eu-central-1,g6e.16xlarge,L40S,1.0,spot,3.007833,3.007833,instances.vantage.sh (AWS Price List mirror)
2026-06-29,AWS,eu-central-1,g6e.24xlarge,L40S,4.0,ondemand,18.83806,4.709515,instances.vantage.sh (AWS Price List mirror)
2026-06-29,AWS,eu-central-1,g6e.24xlarge,L40S,4.0,spot,11.357867,2.83946675,instances.vantage.sh (AWS Price List mirror)
2026-06-29,AWS,eu-central-1,g6e.2xlarge,L40S,1.0,ondemand,2.8035,2.8035,instances.vantage.sh (AWS Price List mirror)
2026-06-29,AWS,eu-central-1,g6e.2xlarge,L40S,1.0,spot,1.272467,1.272467,instances.vantage.sh (AWS Price List mirror)
2026-06-29,AWS,eu-central-1,g6e.48xlarge,L40S,8.0,ondemand,37.67612,4.709515,instances.vantage.sh (AWS Price List mirror)
2026-06-29,AWS,eu-central-1,g6e.48xlarge,L40S,8.0,spot,19.207733,2.400966625,instances.vantage.sh (AWS Price List mirror)
2026-06-29,AWS,eu-central-1,g6e.4xlarge,L40S,1.0,ondemand,3.75651,3.75651,instances.vantage.sh (AWS Price List mirror)
2026-06-29,AWS,eu-central-1,g6e.4xlarge,L40S,1.0,spot,1.2776,1.2776,instances.vantage.sh (AWS Price List mirror)
2026-06-29,AWS,eu-central-1,g6e.8xlarge,L40S,1.0,ondemand,5.66252,5.66252,instances.vantage.sh (AWS Price List mirror)
2026-06-29,AWS,eu-central-1,g6e.8xlarge,L40S,1.0,spot,2.3688,2.3688,instances.vantage.sh (AWS Price List mirror)
2026-06-29,AWS,eu-central-1,g6e.xlarge,L40S,1.0,ondemand,2.327,2.327,instances.vantage.sh (AWS Price List mirror)
2026-06-29,AWS,eu-central-1,g6e.xlarge,L40S,1.0,spot,2.327,2.327,instances.vantage.sh (AWS Price List mirror)
2026-06-29,AWS,eu-central-1,g6f.2xlarge,L4,0.25,ondemand,0.594,2.376,instances.vantage.sh (AWS Price List mirror)
2026-06-29,AWS,eu-central-1,g6f.2xlarge,L4,0.25,spot,0.23185,0.9274,instances.vantage.sh (AWS Price List mirror)
2026-06-29,AWS,eu-central-1,g6f.4xlarge,L4,0.5,ondemand,1.188,2.376,instances.vantage.sh (AWS Price List mirror)
2026-06-29,AWS,eu-central-1,g6f.4xlarge,L4,0.5,spot,0.59225,1.1845,instances.vantage.sh (AWS Price List mirror)
2026-06-29,AWS,eu-central-1,g6f.large,L4,0.125,ondemand,0.25261,2.02088,instances.vantage.sh (AWS Price List mirror)
2026-06-29,AWS,eu-central-1,g6f.large,L4,0.125,spot,0.0858,0.6864,instances.vantage.sh (AWS Price List mirror)
2026-06-29,AWS,eu-central-1,g6f.xlarge,L4,0.125,ondemand,0.297,2.376,instances.vantage.sh (AWS Price List mirror)
2026-06-29,AWS,eu-central-1,g6f.xlarge,L4,0.125,spot,0.11175,0.894,instances.vantage.sh (AWS Price List mirror)
2026-06-29,AWS,eu-central-1,gr6.4xlarge,L4,1.0,ondemand,1.9248,1.9248,instances.vantage.sh (AWS Price List mirror)
2026-06-29,AWS,eu-central-1,gr6.4xlarge,L4,1.0,spot,0.6356,0.6356,instances.vantage.sh (AWS Price List mirror)
2026-06-29,AWS,eu-central-1,gr6.8xlarge,L4,1.0,ondemand,3.05927,3.05927,instances.vantage.sh (AWS Price List mirror)
2026-06-29,AWS,eu-central-1,gr6.8xlarge,L4,1.0,spot,1.0851,1.0851,instances.vantage.sh (AWS Price List mirror)
2026-06-29,AWS,eu-central-1,gr6f.4xlarge,L4,0.5,ondemand,1.33305,2.6661,instances.vantage.sh (AWS Price List mirror)
2026-06-29,AWS,eu-central-1,gr6f.4xlarge,L4,0.5,spot,0.5111,1.0222,instances.vantage.sh (AWS Price List mirror)
2026-06-29,AWS,eu-central-1,inf1.24xlarge,unknown,16.0,ondemand,5.902,0.368875,instances.vantage.sh (AWS Price List mirror)
2026-06-29,AWS,eu-central-1,inf1.24xlarge,unknown,16.0,spot,2.726233,0.1703895625,instances.vantage.sh (AWS Price List mirror)
2026-06-29,AWS,eu-central-1,inf1.2xlarge,unknown,1.0,ondemand,0.453,0.453,instances.vantage.sh (AWS Price List mirror)
2026-06-29,AWS,eu-central-1,inf1.2xlarge,unknown,1.0,spot,0.140467,0.140467,instances.vantage.sh (AWS Price List mirror)
2026-06-29,AWS,eu-central-1,inf1.6xlarge,unknown,4.0,ondemand,1.475,0.36875,instances.vantage.sh (AWS Price List mirror)
2026-06-29,AWS,eu-central-1,inf1.6xlarge,unknown,4.0,spot,0.3379,0.084475,instances.vantage.sh (AWS Price List mirror)
2026-06-29,AWS,eu-central-1,inf1.xlarge,unknown,1.0,ondemand,0.285,0.285,instances.vantage.sh (AWS Price List mirror)
2026-06-29,AWS,eu-central-1,inf1.xlarge,unknown,1.0,spot,0.078867,0.078867,instances.vantage.sh (AWS Price List mirror)
2026-06-29,AWS,eu-central-1,inf2.24xlarge,unknown,6.0,ondemand,9.73595,1.6226583333333335,instances.vantage.sh (AWS Price List mirror)
2026-06-29,AWS,eu-central-1,inf2.24xlarge,unknown,6.0,spot,5.3548,0.8924666666666666,instances.vantage.sh (AWS Price List mirror)
2026-06-29,AWS,eu-central-1,inf2.48xlarge,unknown,12.0,ondemand,19.4719,1.6226583333333335,instances.vantage.sh (AWS Price List mirror)
2026-06-29,AWS,eu-central-1,inf2.48xlarge,unknown,12.0,spot,19.4719,1.6226583333333335,instances.vantage.sh (AWS Price List mirror)
2026-06-29,AWS,eu-central-1,inf2.8xlarge,unknown,1.0,ondemand,2.95179,2.95179,instances.vantage.sh (AWS Price List mirror)
2026-06-29,AWS,eu-central-1,inf2.8xlarge,unknown,1.0,spot,1.8947,1.8947,instances.vantage.sh (AWS Price List mirror)
2026-06-29,AWS,eu-central-1,inf2.xlarge,unknown,1.0,ondemand,1.1373,1.1373,instances.vantage.sh (AWS Price List mirror)
2026-06-29,AWS,eu-central-1,inf2.xlarge,unknown,1.0,spot,1.1373,1.1373,instances.vantage.sh (AWS Price List mirror)
2026-06-29,AWS,eu-central-1,p2.16xlarge,K80,16.0,ondemand,21.216,1.326,instances.vantage.sh (AWS Price List mirror)
2026-06-29,AWS,eu-central-1,p2.8xlarge,K80,8.0,ondemand,10.608,1.326,instances.vantage.sh (AWS Price List mirror)
2026-06-29,AWS,eu-central-1,p2.xlarge,K80,1.0,ondemand,1.326,1.326,instances.vantage.sh (AWS Price List mirror)
2026-06-29,AWS,eu-central-1,p3.16xlarge,V100,8.0,ondemand,30.584,3.823,instances.vantage.sh (AWS Price List mirror)
2026-06-29,AWS,eu-central-1,p3.16xlarge,V100,8.0,spot,30.584,3.823,instances.vantage.sh (AWS Price List mirror)
2026-06-29,AWS,eu-central-1,p3.2xlarge,V100,1.0,ondemand,3.823,3.823,instances.vantage.sh (AWS Price List mirror)
2026-06-29,AWS,eu-central-1,p3.2xlarge,V100,1.0,spot,3.823,3.823,instances.vantage.sh (AWS Price List mirror)
2026-06-29,AWS,eu-central-1,p3.8xlarge,V100,4.0,ondemand,15.292,3.823,instances.vantage.sh (AWS Price List mirror)
2026-06-29,AWS,eu-central-1,p3.8xlarge,V100,4.0,spot,10.10075,2.5251875,instances.vantage.sh (AWS Price List mirror)
2026-06-29,AWS,eu-central-1,p4d.24xlarge,A100,8.0,ondemand,27.43298,3.4291225,instances.vantage.sh (AWS Price List mirror)
2026-06-29,AWS,eu-central-1,p4d.24xlarge,A100,8.0,spot,21.6811,2.7101375,instances.vantage.sh (AWS Price List mirror)
2026-06-29,AWS,eu-central-1,p4de.24xlarge,A100,8.0,ondemand,34.29122,4.2864025,instances.vantage.sh (AWS Price List mirror)
2026-06-29,AWS,eu-central-1,p4de.24xlarge,A100,8.0,spot,13.5635,1.6954375,instances.vantage.sh (AWS Price List mirror)
2026-06-29,AWS,eu-central-1-ham-1,g4dn.2xlarge,T4,1.0,ondemand,1.363,1.363,instances.vantage.sh (AWS Price List mirror)
2026-06-29,AWS,eu-central-1-waw-1,g4dn.2xlarge,T4,1.0,ondemand,1.175,1.175,instances.vantage.sh (AWS Price List mirror)
2026-06-29,AWS,eu-central-1-wl1-ber1,g4dn.2xlarge,T4,1.0,ondemand,1.222,1.222,instances.vantage.sh (AWS Price List mirror)
2026-06-29,AWS,eu-central-1-wl1-dtm1,g4dn.2xlarge,T4,1.0,ondemand,1.222,1.222,instances.vantage.sh (AWS Price List mirror)
2026-06-29,AWS,eu-central-1-wl1-muc1,g4dn.2xlarge,T4,1.0,ondemand,1.222,1.222,instances.vantage.sh (AWS Price List mirror)
2026-06-29,AWS,eu-central-2,g6.12xlarge,L4,4.0,ondemand,6.2037,1.550925,instances.vantage.sh (AWS Price List mirror)
2026-06-29,AWS,eu-central-2,g6.12xlarge,L4,4.0,spot,1.799073,0.44976825,instances.vantage.sh (AWS Price List mirror)
2026-06-29,AWS,eu-central-2,g6.16xlarge,L4,1.0,ondemand,4.57943,4.57943,instances.vantage.sh (AWS Price List mirror)
2026-06-29,AWS,eu-central-2,g6.16xlarge,L4,1.0,spot,0.870092,0.870092,instances.vantage.sh (AWS Price List mirror)
2026-06-29,AWS,eu-central-2,g6.24xlarge,L4,4.0,ondemand,8.99924,2.24981,instances.vantage.sh (AWS Price List mirror)
2026-06-29,AWS,eu-central-2,g6.24xlarge,L4,4.0,spot,1.88984,0.47246,instances.vantage.sh (AWS Price List mirror)
2026-06-29,AWS,eu-central-2,g6.2xlarge,L4,1.0,ondemand,1.31796,1.31796,instances.vantage.sh (AWS Price List mirror)
2026-06-29,AWS,eu-central-2,g6.2xlarge,L4,1.0,spot,0.382208,0.382208,instances.vantage.sh (AWS Price List mirror)
2026-06-29,AWS,eu-central-2,g6.48xlarge,L4,8.0,ondemand,17.99849,2.24981125,instances.vantage.sh (AWS Price List mirror)
2026-06-29,AWS,eu-central-2,g6.48xlarge,L4,8.0,spot,3.599698,0.44996225,instances.vantage.sh (AWS Price List mirror)
2026-06-29,AWS,eu-central-2,g6.4xlarge,L4,1.0,ondemand,1.78389,1.78389,instances.vantage.sh (AWS Price List mirror)
2026-06-29,AWS,eu-central-2,g6.4xlarge,L4,1.0,spot,0.48165,0.48165,instances.vantage.sh (AWS Price List mirror)
2026-06-29,AWS,eu-central-2,g6.8xlarge,L4,1.0,ondemand,2.71574,2.71574,instances.vantage.sh (AWS Price List mirror)
2026-06-29,AWS,eu-central-2,g6.8xlarge,L4,1.0,spot,0.570305,0.570305,instances.vantage.sh (AWS Price List mirror)
2026-06-29,AWS,eu-central-2,g6.xlarge,L4,1.0,ondemand,1.085,1.085,instances.vantage.sh (AWS Price List mirror)
2026-06-29,AWS,eu-central-2,g6.xlarge,L4,1.0,spot,0.22785,0.22785,instances.vantage.sh (AWS Price List mirror)
2026-06-29,AWS,eu-central-2,gr6.4xlarge,L4,1.0,ondemand,2.1649,2.1649,instances.vantage.sh (AWS Price List mirror)
2026-06-29,AWS,eu-central-2,gr6.4xlarge,L4,1.0,spot,0.454629,0.454629,instances.vantage.sh (AWS Price List mirror)
2026-06-29,AWS,eu-central-2,gr6.8xlarge,L4,1.0,ondemand,3.44089,3.44089,instances.vantage.sh (AWS Price List mirror)
2026-06-29,AWS,eu-central-2,gr6.8xlarge,L4,1.0,spot,0.722587,0.722587,instances.vantage.sh (AWS Price List mirror)
2026-06-29,AWS,eu-north-1,g4dn.12xlarge,T4,4.0,ondemand,4.15,1.0375,instances.vantage.sh (AWS Price List mirror)
2026-06-29,AWS,eu-north-1,g4dn.12xlarge,T4,4.0,spot,1.617767,0.40444175,instances.vantage.sh (AWS Price List mirror)
2026-06-29,AWS,eu-north-1,g4dn.16xlarge,T4,1.0,ondemand,4.617,4.617,instances.vantage.sh (AWS Price List mirror)
2026-06-29,AWS,eu-north-1,g4dn.16xlarge,T4,1.0,spot,0.4617,0.4617,instances.vantage.sh (AWS Price List mirror)
2026-06-29,AWS,eu-north-1,g4dn.2xlarge,T4,1.0,ondemand,0.798,0.798,instances.vantage.sh (AWS Price List mirror)
2026-06-29,AWS,eu-north-1,g4dn.2xlarge,T4,1.0,spot,0.163967,0.163967,instances.vantage.sh (AWS Price List mirror)
2026-06-29,AWS,eu-north-1,g4dn.4xlarge,T4,1.0,ondemand,1.277,1.277,instances.vantage.sh (AWS Price List mirror)
2026-06-29,AWS,eu-north-1,g4dn.4xlarge,T4,1.0,spot,0.365333,0.365333,instances.vantage.sh (AWS Price List mirror)
2026-06-29,AWS,eu-north-1,g4dn.8xlarge,T4,1.0,ondemand,2.308,2.308,instances.vantage.sh (AWS Price List mirror)
2026-06-29,AWS,eu-north-1,g4dn.8xlarge,T4,1.0,spot,0.370367,0.370367,instances.vantage.sh (AWS Price List mirror)
2026-06-29,AWS,eu-north-1,g4dn.metal,T4,8.0,ondemand,8.3,1.0375,instances.vantage.sh (AWS Price List mirror)
2026-06-29,AWS,eu-north-1,g4dn.metal,T4,8.0,spot,3.3092,0.41365,instances.vantage.sh (AWS Price List mirror)
2026-06-29,AWS,eu-north-1,g4dn.xlarge,T4,1.0,ondemand,0.558,0.558,instances.vantage.sh (AWS Price List mirror)
2026-06-29,AWS,eu-north-1,g4dn.xlarge,T4,1.0,spot,0.1593,0.1593,instances.vantage.sh (AWS Price List mirror)
2026-06-29,AWS,eu-north-1,g5.12xlarge,A10G,4.0,ondemand,6.01593,1.5039825,instances.vantage.sh (AWS Price List mirror)
2026-06-29,AWS,eu-north-1,g5.12xlarge,A10G,4.0,spot,2.3538,0.58845,instances.vantage.sh (AWS Price List mirror)
2026-06-29,AWS,eu-north-1,g5.16xlarge,A10G,1.0,ondemand,4.34437,4.34437,instances.vantage.sh (AWS Price List mirror)
2026-06-29,AWS,eu-north-1,g5.16xlarge,A10G,1.0,spot,0.97995,0.97995,instances.vantage.sh (AWS Price List mirror)
2026-06-29,AWS,eu-north-1,g5.24xlarge,A10G,4.0,ondemand,8.63782,2.159455,instances.vantage.sh (AWS Price List mirror)
2026-06-29,AWS,eu-north-1,g5.24xlarge,A10G,4.0,spot,2.8155,0.703875,instances.vantage.sh (AWS Price List mirror)
2026-06-29,AWS,eu-north-1,g5.2xlarge,A10G,1.0,ondemand,1.28549,1.28549,instances.vantage.sh (AWS Price List mirror)
2026-06-29,AWS,eu-north-1,g5.2xlarge,A10G,1.0,spot,0.44725,0.44725,instances.vantage.sh (AWS Price List mirror)
2026-06-29,AWS,eu-north-1,g5.48xlarge,A10G,8.0,ondemand,17.27564,2.159455,instances.vantage.sh (AWS Price List mirror)
2026-06-29,AWS,eu-north-1,g5.48xlarge,A10G,8.0,spot,6.91945,0.86493125,instances.vantage.sh (AWS Price List mirror)
2026-06-29,AWS,eu-north-1,g5.4xlarge,A10G,1.0,ondemand,1.72247,1.72247,instances.vantage.sh (AWS Price List mirror)
2026-06-29,AWS,eu-north-1,g5.4xlarge,A10G,1.0,spot,0.493,0.493,instances.vantage.sh (AWS Price List mirror)
2026-06-29,AWS,eu-north-1,g5.8xlarge,A10G,1.0,ondemand,2.59644,2.59644,instances.vantage.sh (AWS Price List mirror)
2026-06-29,AWS,eu-north-1,g5.8xlarge,A10G,1.0,spot,0.8562,0.8562,instances.vantage.sh (AWS Price List mirror)
2026-06-29,AWS,eu-north-1,g5.xlarge,A10G,1.0,ondemand,1.067,1.067,instances.vantage.sh (AWS Price List mirror)
2026-06-29,AWS,eu-north-1,g5.xlarge,A10G,1.0,spot,0.39705,0.39705,instances.vantage.sh (AWS Price List mirror)
2026-06-29,AWS,eu-north-1,g6.12xlarge,L4,4.0,ondemand,4.88062,1.220155,instances.vantage.sh (AWS Price List mirror)
2026-06-29,AWS,eu-north-1,g6.12xlarge,L4,4.0,spot,1.2809,0.320225,instances.vantage.sh (AWS Price List mirror)
2026-06-29,AWS,eu-north-1,g6.16xlarge,L4,1.0,ondemand,3.60277,3.60277,instances.vantage.sh (AWS Price List mirror)
2026-06-29,AWS,eu-north-1,g6.16xlarge,L4,1.0,spot,1.0218,1.0218,instances.vantage.sh (AWS Price List mirror)
2026-06-29,AWS,eu-north-1,g6.24xlarge,L4,4.0,ondemand,7.07996,1.76999,instances.vantage.sh (AWS Price List mirror)
2026-06-29,AWS,eu-north-1,g6.24xlarge,L4,4.0,spot,1.7714,0.44285,instances.vantage.sh (AWS Price List mirror)
2026-06-29,AWS,eu-north-1,g6.2xlarge,L4,1.0,ondemand,1.03688,1.03688,instances.vantage.sh (AWS Price List mirror)
2026-06-29,AWS,eu-north-1,g6.2xlarge,L4,1.0,spot,0.28395,0.28395,instances.vantage.sh (AWS Price List mirror)
2026-06-29,AWS,eu-north-1,g6.48xlarge,L4,8.0,ondemand,14.15992,1.76999,instances.vantage.sh (AWS Price List mirror)
2026-06-29,AWS,eu-north-1,g6.48xlarge,L4,8.0,spot,3.2734,0.409175,instances.vantage.sh (AWS Price List mirror)
2026-06-29,AWS,eu-north-1,g6.4xlarge,L4,1.0,ondemand,1.40343,1.40343,instances.vantage.sh (AWS Price List mirror)
2026-06-29,AWS,eu-north-1,g6.4xlarge,L4,1.0,spot,0.3434,0.3434,instances.vantage.sh (AWS Price List mirror)
2026-06-29,AWS,eu-north-1,g6.8xlarge,L4,1.0,ondemand,2.13655,2.13655,instances.vantage.sh (AWS Price List mirror)
2026-06-29,AWS,eu-north-1,g6.8xlarge,L4,1.0,spot,0.76215,0.76215,instances.vantage.sh (AWS Price List mirror)
2026-06-29,AWS,eu-north-1,g6.xlarge,L4,1.0,ondemand,0.8536,0.8536,instances.vantage.sh (AWS Price List mirror)
2026-06-29,AWS,eu-north-1,g6.xlarge,L4,1.0,spot,0.28495,0.28495,instances.vantage.sh (AWS Price List mirror)
2026-06-29,AWS,eu-north-1,g6e.12xlarge,L40S,4.0,ondemand,11.12975,2.7824375,instances.vantage.sh (AWS Price List mirror)
2026-06-29,AWS,eu-north-1,g6e.12xlarge,L40S,4.0,spot,3.95685,0.9892125,instances.vantage.sh (AWS Price List mirror)
2026-06-29,AWS,eu-north-1,g6e.16xlarge,L40S,1.0,ondemand,8.03728,8.03728,instances.vantage.sh (AWS Price List mirror)
2026-06-29,AWS,eu-north-1,g6e.16xlarge,L40S,1.0,spot,2.3627,2.3627,instances.vantage.sh (AWS Price List mirror)
2026-06-29,AWS,eu-north-1,g6e.24xlarge,L40S,4.0,ondemand,15.98037,3.9950925,instances.vantage.sh (AWS Price List mirror)
2026-06-29,AWS,eu-north-1,g6e.24xlarge,L40S,4.0,spot,9.96995,2.4924875,instances.vantage.sh (AWS Price List mirror)
2026-06-29,AWS,eu-north-1,g6e.2xlarge,L40S,1.0,ondemand,2.37822,2.37822,instances.vantage.sh (AWS Price List mirror)
2026-06-29,AWS,eu-north-1,g6e.2xlarge,L40S,1.0,spot,0.75035,0.75035,instances.vantage.sh (AWS Price List mirror)
2026-06-29,AWS,eu-north-1,g6e.48xlarge,L40S,8.0,ondemand,31.96075,3.99509375,instances.vantage.sh (AWS Price List mirror)
2026-06-29,AWS,eu-north-1,g6e.48xlarge,L40S,8.0,spot,19.4199,2.4274875,instances.vantage.sh (AWS Price List mirror)
2026-06-29,AWS,eu-north-1,g6e.4xlarge,L40S,1.0,ondemand,3.18666,3.18666,instances.vantage.sh (AWS Price List mirror)
2026-06-29,AWS,eu-north-1,g6e.4xlarge,L40S,1.0,spot,1.1512,1.1512,instances.vantage.sh (AWS Price List mirror)
2026-06-29,AWS,eu-north-1,g6e.8xlarge,L40S,1.0,ondemand,4.80353,4.80353,instances.vantage.sh (AWS Price List mirror)
2026-06-29,AWS,eu-north-1,g6e.8xlarge,L40S,1.0,spot,1.6595,1.6595,instances.vantage.sh (AWS Price List mirror)
2026-06-29,AWS,eu-north-1,g6e.xlarge,L40S,1.0,ondemand,1.974,1.974,instances.vantage.sh (AWS Price List mirror)
2026-06-29,AWS,eu-north-1,g6e.xlarge,L40S,1.0,spot,0.65055,0.65055,instances.vantage.sh (AWS Price List mirror)
2026-06-29,AWS,eu-north-1,g6f.2xlarge,L4,0.25,ondemand,0.50379,2.01516,instances.vantage.sh (AWS Price List mirror)
2026-06-29,AWS,eu-north-1,g6f.2xlarge,L4,0.25,spot,0.12895,0.5158,instances.vantage.sh (AWS Price List mirror)
2026-06-29,AWS,eu-north-1,g6f.4xlarge,L4,0.5,ondemand,1.00758,2.01516,instances.vantage.sh (AWS Price List mirror)
2026-06-29,AWS,eu-north-1,g6f.4xlarge,L4,0.5,spot,0.24855,0.4971,instances.vantage.sh (AWS Price List mirror)
2026-06-29,AWS,eu-north-1,g6f.large,L4,0.125,ondemand,0.21424,1.71392,instances.vantage.sh (AWS Price List mirror)
2026-06-29,AWS,eu-north-1,g6f.large,L4,0.125,spot,0.02845,0.2276,instances.vantage.sh (AWS Price List mirror)
2026-06-29,AWS,eu-north-1,g6f.xlarge,L4,0.125,ondemand,0.2519,2.0152,instances.vantage.sh (AWS Price List mirror)
2026-06-29,AWS,eu-north-1,g6f.xlarge,L4,0.125,spot,0.0675,0.54,instances.vantage.sh (AWS Price List mirror)
2026-06-29,AWS,eu-north-1,gr6.4xlarge,L4,1.0,ondemand,1.6326,1.6326,instances.vantage.sh (AWS Price List mirror)
2026-06-29,AWS,eu-north-1,gr6.4xlarge,L4,1.0,spot,0.2675,0.2675,instances.vantage.sh (AWS Price List mirror)
2026-06-29,AWS,eu-north-1,gr6.8xlarge,L4,1.0,ondemand,2.59485,2.59485,instances.vantage.sh (AWS Price List mirror)
2026-06-29,AWS,eu-north-1,gr6.8xlarge,L4,1.0,spot,0.55915,0.55915,instances.vantage.sh (AWS Price List mirror)
2026-06-29,AWS,eu-north-1,gr6f.4xlarge,L4,0.5,ondemand,1.13069,2.26138,instances.vantage.sh (AWS Price List mirror)
2026-06-29,AWS,eu-north-1,gr6f.4xlarge,L4,0.5,spot,0.2521,0.5042,instances.vantage.sh (AWS Price List mirror)
2026-06-29,AWS,eu-north-1,inf1.24xlarge,unknown,16.0,ondemand,5.016,0.3135,instances.vantage.sh (AWS Price List mirror)
2026-06-29,AWS,eu-north-1,inf1.24xlarge,unknown,16.0,spot,0.8185,0.05115625,instances.vantage.sh (AWS Price List mirror)
2026-06-29,AWS,eu-north-1,inf1.2xlarge,unknown,1.0,ondemand,0.385,0.385,instances.vantage.sh (AWS Price List mirror)
2026-06-29,AWS,eu-north-1,inf1.2xlarge,unknown,1.0,spot,0.0446,0.0446,instances.vantage.sh (AWS Price List mirror)
2026-06-29,AWS,eu-north-1,inf1.6xlarge,unknown,4.0,ondemand,1.254,0.3135,instances.vantage.sh (AWS Price List mirror)
2026-06-29,AWS,eu-north-1,inf1.6xlarge,unknown,4.0,spot,0.1254,0.03135,instances.vantage.sh (AWS Price List mirror)
2026-06-29,AWS,eu-north-1,inf1.xlarge,unknown,1.0,ondemand,0.242,0.242,instances.vantage.sh (AWS Price List mirror)
2026-06-29,AWS,eu-north-1,inf1.xlarge,unknown,1.0,spot,0.02565,0.02565,instances.vantage.sh (AWS Price List mirror)
2026-06-29,AWS,eu-north-1,inf2.24xlarge,unknown,6.0,ondemand,7.1397,1.18995,instances.vantage.sh (AWS Price List mirror)
2026-06-29,AWS,eu-north-1,inf2.24xlarge,unknown,6.0,spot,0.714,0.119,instances.vantage.sh (AWS Price List mirror)
2026-06-29,AWS,eu-north-1,inf2.48xlarge,unknown,12.0,ondemand,14.27939,1.1899491666666666,instances.vantage.sh (AWS Price List mirror)
2026-06-29,AWS,eu-north-1,inf2.48xlarge,unknown,12.0,spot,1.4279,0.11899166666666666,instances.vantage.sh (AWS Price List mirror)
2026-06-29,AWS,eu-north-1,inf2.8xlarge,unknown,1.0,ondemand,2.16465,2.16465,instances.vantage.sh (AWS Price List mirror)
2026-06-29,AWS,eu-north-1,inf2.8xlarge,unknown,1.0,spot,0.2165,0.2165,instances.vantage.sh (AWS Price List mirror)
2026-06-29,AWS,eu-north-1,inf2.xlarge,unknown,1.0,ondemand,0.83402,0.83402,instances.vantage.sh (AWS Price List mirror)
2026-06-29,AWS,eu-north-1,inf2.xlarge,unknown,1.0,spot,0.0834,0.0834,instances.vantage.sh (AWS Price List mirror)
2026-06-29,AWS,eu-north-1,p4d.24xlarge,A100,8.0,ondemand,23.71569,2.96446125,instances.vantage.sh (AWS Price List mirror)
2026-06-29,AWS,eu-north-1,p4d.24xlarge,A100,8.0,spot,9.7779,1.2222375,instances.vantage.sh (AWS Price List mirror)
2026-06-29,AWS,eu-north-1,p5.48xlarge,H100,8.0,ondemand,58.8928,7.3616,instances.vantage.sh (AWS Price List mirror)
2026-06-29,AWS,eu-north-1,p5.48xlarge,H100,8.0,spot,57.8043,7.2255375,instances.vantage.sh (AWS Price List mirror)
2026-06-29,AWS,eu-north-1,p5en.48xlarge,H200,8.0,ondemand,67.72672,8.46584,instances.vantage.sh (AWS Price List mirror)
2026-06-29,AWS,eu-north-1,p5en.48xlarge,H200,8.0,spot,36.62385,4.57798125,instances.vantage.sh (AWS Price List mirror)
2026-06-29,AWS,eu-north-1-cph-1,g4dn.2xlarge,T4,1.0,ondemand,1.157,1.157,instances.vantage.sh (AWS Price List mirror)
2026-06-29,AWS,eu-north-1-hel-1,g4dn.2xlarge,T4,1.0,ondemand,0.997,0.997,instances.vantage.sh (AWS Price List mirror)
2026-06-29,AWS,eu-south-1,g4dn.12xlarge,T4,4.0,ondemand,4.58,1.145,instances.vantage.sh (AWS Price List mirror)
2026-06-29,AWS,eu-south-1,g4dn.12xlarge,T4,4.0,spot,2.1068,0.5267,instances.vantage.sh (AWS Price List mirror)
2026-06-29,AWS,eu-south-1,g4dn.16xlarge,T4,1.0,ondemand,5.095,5.095,instances.vantage.sh (AWS Price List mirror)
2026-06-29,AWS,eu-south-1,g4dn.16xlarge,T4,1.0,spot,0.5095,0.5095,instances.vantage.sh (AWS Price List mirror)
2026-06-29,AWS,eu-south-1,g4dn.2xlarge,T4,1.0,ondemand,0.88,0.88,instances.vantage.sh (AWS Price List mirror)
2026-06-29,AWS,eu-south-1,g4dn.2xlarge,T4,1.0,spot,0.1232,0.1232,instances.vantage.sh (AWS Price List mirror)
2026-06-29,AWS,eu-south-1,g4dn.4xlarge,T4,1.0,ondemand,1.41,1.41,instances.vantage.sh (AWS Price List mirror)
2026-06-29,AWS,eu-south-1,g4dn.4xlarge,T4,1.0,spot,0.3102,0.3102,instances.vantage.sh (AWS Price List mirror)
2026-06-29,AWS,eu-south-1,g4dn.8xlarge,T4,1.0,ondemand,2.547,2.547,instances.vantage.sh (AWS Price List mirror)
2026-06-29,AWS,eu-south-1,g4dn.8xlarge,T4,1.0,spot,0.2547,0.2547,instances.vantage.sh (AWS Price List mirror)
2026-06-29,AWS,eu-south-1,g4dn.metal,T4,8.0,ondemand,9.16,1.145,instances.vantage.sh (AWS Price List mirror)
2026-06-29,AWS,eu-south-1,g4dn.metal,T4,8.0,spot,2.8396,0.35495,instances.vantage.sh (AWS Price List mirror)
2026-06-29,AWS,eu-south-1,g4dn.xlarge,T4,1.0,ondemand,0.616,0.616,instances.vantage.sh (AWS Price List mirror)
2026-06-29,AWS,eu-south-1,g4dn.xlarge,T4,1.0,spot,0.08008,0.08008,instances.vantage.sh (AWS Price List mirror)
2026-06-29,AWS,eu-south-1,inf1.24xlarge,unknown,16.0,ondemand,5.53,0.345625,instances.vantage.sh (AWS Price List mirror)
2026-06-29,AWS,eu-south-1,inf1.24xlarge,unknown,16.0,spot,0.553,0.0345625,instances.vantage.sh (AWS Price List mirror)
2026-06-29,AWS,eu-south-1,inf1.2xlarge,unknown,1.0,ondemand,0.424,0.424,instances.vantage.sh (AWS Price List mirror)
2026-06-29,AWS,eu-south-1,inf1.2xlarge,unknown,1.0,spot,0.04664,0.04664,instances.vantage.sh (AWS Price List mirror)
2026-06-29,AWS,eu-south-1,inf1.6xlarge,unknown,4.0,ondemand,1.382,0.3455,instances.vantage.sh (AWS Price List mirror)
2026-06-29,AWS,eu-south-1,inf1.6xlarge,unknown,4.0,spot,0.1382,0.03455,instances.vantage.sh (AWS Price List mirror)
2026-06-29,AWS,eu-south-1,inf1.xlarge,unknown,1.0,ondemand,0.267,0.267,instances.vantage.sh (AWS Price List mirror)
2026-06-29,AWS,eu-south-1,inf1.xlarge,unknown,1.0,spot,0.0267,0.0267,instances.vantage.sh (AWS Price List mirror)
2026-06-29,AWS,eu-south-2,g5g.16xlarge,T4G,2.0,ondemand,3.0622,1.5311,instances.vantage.sh (AWS Price List mirror)
2026-06-29,AWS,eu-south-2,g5g.16xlarge,T4G,2.0,spot,0.30622,0.15311,instances.vantage.sh (AWS Price List mirror)
2026-06-29,AWS,eu-south-2,g5g.2xlarge,T4G,1.0,ondemand,0.6205,0.6205,instances.vantage.sh (AWS Price List mirror)
2026-06-29,AWS,eu-south-2,g5g.2xlarge,T4G,1.0,spot,0.093075,0.093075,instances.vantage.sh (AWS Price List mirror)
2026-06-29,AWS,eu-south-2,g5g.4xlarge,T4G,1.0,ondemand,0.924,0.924,instances.vantage.sh (AWS Price List mirror)
2026-06-29,AWS,eu-south-2,g5g.4xlarge,T4G,1.0,spot,0.11088,0.11088,instances.vantage.sh (AWS Price List mirror)
2026-06-29,AWS,eu-south-2,g5g.8xlarge,T4G,1.0,ondemand,1.5311,1.5311,instances.vantage.sh (AWS Price List mirror)
2026-06-29,AWS,eu-south-2,g5g.8xlarge,T4G,1.0,spot,0.168421,0.168421,instances.vantage.sh (AWS Price List mirror)
2026-06-29,AWS,eu-south-2,g5g.metal,T4G,2.0,ondemand,3.0622,1.5311,instances.vantage.sh (AWS Price List mirror)
2026-06-29,AWS,eu-south-2,g5g.metal,T4G,2.0,spot,0.30622,0.15311,instances.vantage.sh (AWS Price List mirror)
2026-06-29,AWS,eu-south-2,g5g.xlarge,T4G,1.0,ondemand,0.4687,0.4687,instances.vantage.sh (AWS Price List mirror)
2026-06-29,AWS,eu-south-2,g5g.xlarge,T4G,1.0,spot,0.14061,0.14061,instances.vantage.sh (AWS Price List mirror)
2026-06-29,AWS,eu-south-2,g6.12xlarge,L4,4.0,ondemand,4.8486,1.21215,instances.vantage.sh (AWS Price List mirror)
2026-06-29,AWS,eu-south-2,g6.12xlarge,L4,4.0,spot,0.824262,0.2060655,instances.vantage.sh (AWS Price List mirror)
2026-06-29,AWS,eu-south-2,g6.16xlarge,L4,1.0,ondemand,3.57913,3.57913,instances.vantage.sh (AWS Price List mirror)
2026-06-29,AWS,eu-south-2,g6.16xlarge,L4,1.0,spot,0.393704,0.393704,instances.vantage.sh (AWS Price List mirror)
2026-06-29,AWS,eu-south-2,g6.24xlarge,L4,4.0,ondemand,7.03351,1.7583775,instances.vantage.sh (AWS Price List mirror)
2026-06-29,AWS,eu-south-2,g6.24xlarge,L4,4.0,spot,1.195697,0.29892425,instances.vantage.sh (AWS Price List mirror)
2026-06-29,AWS,eu-south-2,g6.2xlarge,L4,1.0,ondemand,1.03008,1.03008,instances.vantage.sh (AWS Price List mirror)
2026-06-29,AWS,eu-south-2,g6.2xlarge,L4,1.0,spot,0.13391,0.13391,instances.vantage.sh (AWS Price List mirror)
2026-06-29,AWS,eu-south-2,g6.48xlarge,L4,8.0,ondemand,14.06702,1.7583775,instances.vantage.sh (AWS Price List mirror)
2026-06-29,AWS,eu-south-2,g6.48xlarge,L4,8.0,spot,2.672734,0.33409175,instances.vantage.sh (AWS Price List mirror)
2026-06-29,AWS,eu-south-2,g6.4xlarge,L4,1.0,ondemand,1.39423,1.39423,instances.vantage.sh (AWS Price List mirror)
2026-06-29,AWS,eu-south-2,g6.4xlarge,L4,1.0,spot,0.167308,0.167308,instances.vantage.sh (AWS Price List mirror)
2026-06-29,AWS,eu-south-2,g6.8xlarge,L4,1.0,ondemand,2.12253,2.12253,instances.vantage.sh (AWS Price List mirror)
2026-06-29,AWS,eu-south-2,g6.8xlarge,L4,1.0,spot,0.233478,0.233478,instances.vantage.sh (AWS Price List mirror)
2026-06-29,AWS,eu-south-2,g6.xlarge,L4,1.0,ondemand,0.848,0.848,instances.vantage.sh (AWS Price List mirror)
2026-06-29,AWS,eu-south-2,g6.xlarge,L4,1.0,spot,0.14416,0.14416,instances.vantage.sh (AWS Price List mirror)
2026-06-29,AWS,eu-south-2,g6e.12xlarge,L40S,4.0,ondemand,11.05645,2.7641125,instances.vantage.sh (AWS Price List mirror)
2026-06-29,AWS,eu-south-2,g6e.12xlarge,L40S,4.0,spot,3.095806,0.7739515,instances.vantage.sh (AWS Price List mirror)
2026-06-29,AWS,eu-south-2,g6e.16xlarge,L40S,1.0,ondemand,7.98435,7.98435,instances.vantage.sh (AWS Price List mirror)
2026-06-29,AWS,eu-south-2,g6e.16xlarge,L40S,1.0,spot,0.798435,0.798435,instances.vantage.sh (AWS Price List mirror)
2026-06-29,AWS,eu-south-2,g6e.24xlarge,L40S,4.0,ondemand,15.87513,3.9687825,instances.vantage.sh (AWS Price List mirror)
2026-06-29,AWS,eu-south-2,g6e.24xlarge,L40S,4.0,spot,4.127534,1.0318835,instances.vantage.sh (AWS Price List mirror)
2026-06-29,AWS,eu-south-2,g6e.2xlarge,L40S,1.0,ondemand,2.36256,2.36256,instances.vantage.sh (AWS Price List mirror)
2026-06-29,AWS,eu-south-2,g6e.2xlarge,L40S,1.0,spot,0.567014,0.567014,instances.vantage.sh (AWS Price List mirror)
2026-06-29,AWS,eu-south-2,g6e.48xlarge,L40S,8.0,ondemand,31.75027,3.96878375,instances.vantage.sh (AWS Price List mirror)
2026-06-29,AWS,eu-south-2,g6e.48xlarge,L40S,8.0,spot,15.24013,1.90501625,instances.vantage.sh (AWS Price List mirror)
2026-06-29,AWS,eu-south-2,g6e.4xlarge,L40S,1.0,ondemand,3.16567,3.16567,instances.vantage.sh (AWS Price List mirror)
2026-06-29,AWS,eu-south-2,g6e.4xlarge,L40S,1.0,spot,0.664791,0.664791,instances.vantage.sh (AWS Price List mirror)
2026-06-29,AWS,eu-south-2,g6e.8xlarge,L40S,1.0,ondemand,4.7719,4.7719,instances.vantage.sh (AWS Price List mirror)
2026-06-29,AWS,eu-south-2,g6e.8xlarge,L40S,1.0,spot,0.668066,0.668066,instances.vantage.sh (AWS Price List mirror)
2026-06-29,AWS,eu-south-2,g6e.xlarge,L40S,1.0,ondemand,1.961,1.961,instances.vantage.sh (AWS Price List mirror)
2026-06-29,AWS,eu-south-2,g6e.xlarge,L40S,1.0,spot,0.62752,0.62752,instances.vantage.sh (AWS Price List mirror)
2026-06-29,AWS,eu-south-2,g6f.2xlarge,L4,0.25,ondemand,0.53438,2.13752,instances.vantage.sh (AWS Price List mirror)
2026-06-29,AWS,eu-south-2,g6f.2xlarge,L4,0.25,spot,0.15497,0.61988,instances.vantage.sh (AWS Price List mirror)
2026-06-29,AWS,eu-south-2,g6f.4xlarge,L4,0.5,ondemand,1.06875,2.1375,instances.vantage.sh (AWS Price List mirror)
2026-06-29,AWS,eu-south-2,g6f.4xlarge,L4,0.5,spot,0.309937,0.619874,instances.vantage.sh (AWS Price List mirror)
2026-06-29,AWS,eu-south-2,g6f.large,L4,0.125,ondemand,0.22725,1.818,instances.vantage.sh (AWS Price List mirror)
2026-06-29,AWS,eu-south-2,g6f.large,L4,0.125,spot,0.052268,0.418144,instances.vantage.sh (AWS Price List mirror)
2026-06-29,AWS,eu-south-2,g6f.xlarge,L4,0.125,ondemand,0.26719,2.13752,instances.vantage.sh (AWS Price List mirror)
2026-06-29,AWS,eu-south-2,g6f.xlarge,L4,0.125,spot,0.077485,0.61988,instances.vantage.sh (AWS Price List mirror)
2026-06-29,AWS,eu-south-2,g7e.12xlarge,NVIDIA GB202,2.0,ondemand,8.73134,4.36567,instances.vantage.sh (AWS Price List mirror)
2026-06-29,AWS,eu-south-2,g7e.12xlarge,NVIDIA GB202,2.0,spot,2.532089,1.2660445,instances.vantage.sh (AWS Price List mirror)
2026-06-29,AWS,eu-south-2,g7e.24xlarge,NVIDIA GB202,4.0,ondemand,17.46268,4.36567,instances.vantage.sh (AWS Price List mirror)
2026-06-29,AWS,eu-south-2,g7e.24xlarge,NVIDIA GB202,4.0,spot,5.064177,1.26604425,instances.vantage.sh (AWS Price List mirror)
2026-06-29,AWS,eu-south-2,g7e.2xlarge,NVIDIA GB202,1.0,ondemand,3.54384,3.54384,instances.vantage.sh (AWS Price List mirror)
2026-06-29,AWS,eu-south-2,g7e.2xlarge,NVIDIA GB202,1.0,spot,1.063152,1.063152,instances.vantage.sh (AWS Price List mirror)
2026-06-29,AWS,eu-south-2,g7e.48xlarge,NVIDIA GB202,8.0,ondemand,34.92536,4.36567,instances.vantage.sh (AWS Price List mirror)
2026-06-29,AWS,eu-south-2,g7e.48xlarge,NVIDIA GB202,8.0,spot,10.477608,1.309701,instances.vantage.sh (AWS Price List mirror)
2026-06-29,AWS,eu-south-2,g7e.4xlarge,NVIDIA GB202,1.0,ondemand,4.213,4.213,instances.vantage.sh (AWS Price List mirror)
2026-06-29,AWS,eu-south-2,g7e.4xlarge,NVIDIA GB202,1.0,spot,1.39029,1.39029,instances.vantage.sh (AWS Price List mirror)
2026-06-29,AWS,eu-south-2,g7e.8xlarge,NVIDIA GB202,1.0,ondemand,5.55133,5.55133,instances.vantage.sh (AWS Price List mirror)
2026-06-29,AWS,eu-south-2,g7e.8xlarge,NVIDIA GB202,1.0,spot,1.665399,1.665399,instances.vantage.sh (AWS Price List mirror)
2026-06-29,AWS,eu-south-2,gr6.4xlarge,L4,1.0,ondemand,1.6218,1.6218,instances.vantage.sh (AWS Price List mirror)
2026-06-29,AWS,eu-south-2,gr6.4xlarge,L4,1.0,spot,0.178398,0.178398,instances.vantage.sh (AWS Price List mirror)
2026-06-29,AWS,eu-south-2,gr6.8xlarge,L4,1.0,ondemand,2.57768,2.57768,instances.vantage.sh (AWS Price List mirror)
2026-06-29,AWS,eu-south-2,gr6.8xlarge,L4,1.0,spot,0.283545,0.283545,instances.vantage.sh (AWS Price List mirror)
2026-06-29,AWS,eu-south-2,gr6f.4xlarge,L4,0.5,ondemand,1.19925,2.3985,instances.vantage.sh (AWS Price List mirror)
2026-06-29,AWS,eu-south-2,gr6f.4xlarge,L4,0.5,spot,0.347782,0.695564,instances.vantage.sh (AWS Price List mirror)
2026-06-29,AWS,eu-south-2,p5en.48xlarge,H200,8.0,ondemand,68.35968,8.54496,instances.vantage.sh (AWS Price List mirror)
2026-06-29,AWS,eu-south-2,p5en.48xlarge,H200,8.0,spot,13.671936,1.708992,instances.vantage.sh (AWS Price List mirror)
2026-06-29,AWS,eu-west-1,g2.2xlarge,K520,1.0,ondemand,0.702,0.702,instances.vantage.sh (AWS Price List mirror)
2026-06-29,AWS,eu-west-1,g2.8xlarge,K520,4.0,ondemand,2.808,0.702,instances.vantage.sh (AWS Price List mirror)
2026-06-29,AWS,eu-west-1,g3.16xlarge,M60,4.0,ondemand,4.84,1.21,instances.vantage.sh (AWS Price List mirror)
2026-06-29,AWS,eu-west-1,g3.4xlarge,M60,1.0,ondemand,1.21,1.21,instances.vantage.sh (AWS Price List mirror)
2026-06-29,AWS,eu-west-1,g3.8xlarge,M60,2.0,ondemand,2.42,1.21,instances.vantage.sh (AWS Price List mirror)
2026-06-29,AWS,eu-west-1,g3s.xlarge,M60,1.0,ondemand,0.796,0.796,instances.vantage.sh (AWS Price List mirror)
2026-06-29,AWS,eu-west-1,g4ad.16xlarge,V520,4.0,ondemand,3.872,0.968,instances.vantage.sh (AWS Price List mirror)
2026-06-29,AWS,eu-west-1,g4ad.16xlarge,V520,4.0,spot,1.5631,0.390775,instances.vantage.sh (AWS Price List mirror)
2026-06-29,AWS,eu-west-1,g4ad.2xlarge,V520,1.0,ondemand,0.60421,0.60421,instances.vantage.sh (AWS Price List mirror)
2026-06-29,AWS,eu-west-1,g4ad.2xlarge,V520,1.0,spot,0.266567,0.266567,instances.vantage.sh (AWS Price List mirror)
2026-06-29,AWS,eu-west-1,g4ad.4xlarge,V520,1.0,ondemand,0.968,0.968,instances.vantage.sh (AWS Price List mirror)
2026-06-29,AWS,eu-west-1,g4ad.4xlarge,V520,1.0,spot,0.4373,0.4373,instances.vantage.sh (AWS Price List mirror)
2026-06-29,AWS,eu-west-1,g4ad.8xlarge,V520,2.0,ondemand,1.936,0.968,instances.vantage.sh (AWS Price List mirror)
2026-06-29,AWS,eu-west-1,g4ad.8xlarge,V520,2.0,spot,0.819,0.4095,instances.vantage.sh (AWS Price List mirror)
2026-06-29,AWS,eu-west-1,g4ad.xlarge,V520,1.0,ondemand,0.42263,0.42263,instances.vantage.sh (AWS Price List mirror)
2026-06-29,AWS,eu-west-1,g4ad.xlarge,V520,1.0,spot,0.172833,0.172833,instances.vantage.sh (AWS Price List mirror)
2026-06-29,AWS,eu-west-1,g4dn.12xlarge,T4,4.0,ondemand,4.362,1.0905,instances.vantage.sh (AWS Price List mirror)
2026-06-29,AWS,eu-west-1,g4dn.12xlarge,T4,4.0,spot,2.083267,0.52081675,instances.vantage.sh (AWS Price List mirror)
2026-06-29,AWS,eu-west-1,g4dn.16xlarge,T4,1.0,ondemand,4.853,4.853,instances.vantage.sh (AWS Price List mirror)
2026-06-29,AWS,eu-west-1,g4dn.16xlarge,T4,1.0,spot,1.211333,1.211333,instances.vantage.sh (AWS Price List mirror)
2026-06-29,AWS,eu-west-1,g4dn.2xlarge,T4,1.0,ondemand,0.838,0.838,instances.vantage.sh (AWS Price List mirror)
2026-06-29,AWS,eu-west-1,g4dn.2xlarge,T4,1.0,spot,0.389467,0.389467,instances.vantage.sh (AWS Price List mirror)
2026-06-29,AWS,eu-west-1,g4dn.4xlarge,T4,1.0,ondemand,1.342,1.342,instances.vantage.sh (AWS Price List mirror)
2026-06-29,AWS,eu-west-1,g4dn.4xlarge,T4,1.0,spot,0.6065,0.6065,instances.vantage.sh (AWS Price List mirror)
2026-06-29,AWS,eu-west-1,g4dn.8xlarge,T4,1.0,ondemand,2.426,2.426,instances.vantage.sh (AWS Price List mirror)
2026-06-29,AWS,eu-west-1,g4dn.8xlarge,T4,1.0,spot,1.088433,1.088433,instances.vantage.sh (AWS Price List mirror)
2026-06-29,AWS,eu-west-1,g4dn.metal,T4,8.0,ondemand,8.724,1.0905,instances.vantage.sh (AWS Price List mirror)
2026-06-29,AWS,eu-west-1,g4dn.metal,T4,8.0,spot,4.348233,0.543529125,instances.vantage.sh (AWS Price List mirror)
2026-06-29,AWS,eu-west-1,g4dn.xlarge,T4,1.0,ondemand,0.587,0.587,instances.vantage.sh (AWS Price List mirror)
2026-06-29,AWS,eu-west-1,g4dn.xlarge,T4,1.0,spot,0.3101,0.3101,instances.vantage.sh (AWS Price List mirror)
2026-06-29,AWS,eu-west-1,g5.12xlarge,A10G,4.0,ondemand,6.33167,1.5829175,instances.vantage.sh (AWS Price List mirror)
2026-06-29,AWS,eu-west-1,g5.12xlarge,A10G,4.0,spot,3.159967,0.78999175,instances.vantage.sh (AWS Price List mirror)
2026-06-29,AWS,eu-west-1,g5.16xlarge,A10G,1.0,ondemand,4.57237,4.57237,instances.vantage.sh (AWS Price List mirror)
2026-06-29,AWS,eu-west-1,g5.16xlarge,A10G,1.0,spot,1.518867,1.518867,instances.vantage.sh (AWS Price List mirror)
2026-06-29,AWS,eu-west-1,g5.24xlarge,A10G,4.0,ondemand,9.09117,2.2727925,instances.vantage.sh (AWS Price List mirror)
2026-06-29,AWS,eu-west-1,g5.24xlarge,A10G,4.0,spot,2.577333,0.64433325,instances.vantage.sh (AWS Price List mirror)
2026-06-29,AWS,eu-west-1,g5.2xlarge,A10G,1.0,ondemand,1.35296,1.35296,instances.vantage.sh (AWS Price List mirror)
2026-06-29,AWS,eu-west-1,g5.2xlarge,A10G,1.0,spot,1.0767,1.0767,instances.vantage.sh (AWS Price List mirror)
2026-06-29,AWS,eu-west-1,g5.48xlarge,A10G,8.0,ondemand,18.18233,2.27279125,instances.vantage.sh (AWS Price List mirror)
2026-06-29,AWS,eu-west-1,g5.48xlarge,A10G,8.0,spot,7.1612,0.89515,instances.vantage.sh (AWS Price List mirror)
2026-06-29,AWS,eu-west-1,g5.4xlarge,A10G,1.0,ondemand,1.81287,1.81287,instances.vantage.sh (AWS Price List mirror)
2026-06-29,AWS,eu-west-1,g5.4xlarge,A10G,1.0,spot,1.004133,1.004133,instances.vantage.sh (AWS Price List mirror)
2026-06-29,AWS,eu-west-1,g5.8xlarge,A10G,1.0,ondemand,2.73271,2.73271,instances.vantage.sh (AWS Price List mirror)
2026-06-29,AWS,eu-west-1,g5.8xlarge,A10G,1.0,spot,1.6099,1.6099,instances.vantage.sh (AWS Price List mirror)
2026-06-29,AWS,eu-west-1,g5.xlarge,A10G,1.0,ondemand,1.123,1.123,instances.vantage.sh (AWS Price List mirror)
2026-06-29,AWS,eu-west-1,g5.xlarge,A10G,1.0,spot,0.7752,0.7752,instances.vantage.sh (AWS Price List mirror)
2026-06-29,AWS,eu-west-1,inf1.24xlarge,unknown,16.0,ondemand,5.26,0.32875,instances.vantage.sh (AWS Price List mirror)
2026-06-29,AWS,eu-west-1,inf1.24xlarge,unknown,16.0,spot,1.244567,0.0777854375,instances.vantage.sh (AWS Price List mirror)
2026-06-29,AWS,eu-west-1,inf1.2xlarge,unknown,1.0,ondemand,0.403,0.403,instances.vantage.sh (AWS Price List mirror)
2026-06-29,AWS,eu-west-1,inf1.2xlarge,unknown,1.0,spot,0.128967,0.128967,instances.vantage.sh (AWS Price List mirror)
2026-06-29,AWS,eu-west-1,inf1.6xlarge,unknown,4.0,ondemand,1.315,0.32875,instances.vantage.sh (AWS Price List mirror)
2026-06-29,AWS,eu-west-1,inf1.6xlarge,unknown,4.0,spot,0.336167,0.08404175,instances.vantage.sh (AWS Price List mirror)
2026-06-29,AWS,eu-west-1,inf1.xlarge,unknown,1.0,ondemand,0.254,0.254,instances.vantage.sh (AWS Price List mirror)
2026-06-29,AWS,eu-west-1,inf1.xlarge,unknown,1.0,spot,0.0655,0.0655,instances.vantage.sh (AWS Price List mirror)
2026-06-29,AWS,eu-west-1,inf2.24xlarge,unknown,6.0,ondemand,8.11329,1.352215,instances.vantage.sh (AWS Price List mirror)
2026-06-29,AWS,eu-west-1,inf2.24xlarge,unknown,6.0,spot,1.5735,0.26225,instances.vantage.sh (AWS Price List mirror)
2026-06-29,AWS,eu-west-1,inf2.48xlarge,unknown,12.0,ondemand,16.22658,1.352215,instances.vantage.sh (AWS Price List mirror)
2026-06-29,AWS,eu-west-1,inf2.48xlarge,unknown,12.0,spot,2.6514,0.22095,instances.vantage.sh (AWS Price List mirror)
2026-06-29,AWS,eu-west-1,inf2.8xlarge,unknown,1.0,ondemand,2.45982,2.45982,instances.vantage.sh (AWS Price List mirror)
2026-06-29,AWS,eu-west-1,inf2.8xlarge,unknown,1.0,spot,0.7697,0.7697,instances.vantage.sh (AWS Price List mirror)
2026-06-29,AWS,eu-west-1,inf2.xlarge,unknown,1.0,ondemand,0.94775,0.94775,instances.vantage.sh (AWS Price List mirror)
2026-06-29,AWS,eu-west-1,inf2.xlarge,unknown,1.0,spot,0.230867,0.230867,instances.vantage.sh (AWS Price List mirror)
2026-06-29,AWS,eu-west-1,p2.16xlarge,K80,16.0,ondemand,15.552,0.972,instances.vantage.sh (AWS Price List mirror)
2026-06-29,AWS,eu-west-1,p2.8xlarge,K80,8.0,ondemand,7.776,0.972,instances.vantage.sh (AWS Price List mirror)
2026-06-29,AWS,eu-west-1,p2.xlarge,K80,1.0,ondemand,0.972,0.972,instances.vantage.sh (AWS Price List mirror)
2026-06-29,AWS,eu-west-1,p3.16xlarge,V100,8.0,ondemand,26.44,3.305,instances.vantage.sh (AWS Price List mirror)
2026-06-29,AWS,eu-west-1,p3.16xlarge,V100,8.0,spot,26.44,3.305,instances.vantage.sh (AWS Price List mirror)
2026-06-29,AWS,eu-west-1,p3.2xlarge,V100,1.0,ondemand,3.305,3.305,instances.vantage.sh (AWS Price List mirror)
2026-06-29,AWS,eu-west-1,p3.2xlarge,V100,1.0,spot,1.2338,1.2338,instances.vantage.sh (AWS Price List mirror)
2026-06-29,AWS,eu-west-1,p3.8xlarge,V100,4.0,ondemand,13.22,3.305,instances.vantage.sh (AWS Price List mirror)
2026-06-29,AWS,eu-west-1,p3.8xlarge,V100,4.0,spot,4.40865,1.1021625,instances.vantage.sh (AWS Price List mirror)
2026-06-29,AWS,eu-west-1,p3dn.24xlarge,V100,8.0,ondemand,33.711,4.213875,instances.vantage.sh (AWS Price List mirror)
2026-06-29,AWS,eu-west-1,p3dn.24xlarge,V100,8.0,spot,13.3059,1.6632375,instances.vantage.sh (AWS Price List mirror)
2026-06-29,AWS,eu-west-1,p4d.24xlarge,A100,8.0,ondemand,23.71569,2.96446125,instances.vantage.sh (AWS Price List mirror)
2026-06-29,AWS,eu-west-1,p4d.24xlarge,A100,8.0,spot,13.6904,1.7113,instances.vantage.sh (AWS Price List mirror)
2026-06-29,AWS,eu-west-2,g3.16xlarge,M60,4.0,ondemand,5.716,1.429,instances.vantage.sh (AWS Price List mirror)
2026-06-29,AWS,eu-west-2,g3.4xlarge,M60,1.0,ondemand,1.429,1.429,instances.vantage.sh (AWS Price List mirror)
2026-06-29,AWS,eu-west-2,g3.8xlarge,M60,2.0,ondemand,2.858,1.429,instances.vantage.sh (AWS Price List mirror)
2026-06-29,AWS,eu-west-2,g3s.xlarge,M60,1.0,ondemand,0.94,0.94,instances.vantage.sh (AWS Price List mirror)
2026-06-29,AWS,eu-west-2,g4ad.16xlarge,V520,4.0,ondemand,4.056,1.014,instances.vantage.sh (AWS Price List mirror)
2026-06-29,AWS,eu-west-2,g4ad.16xlarge,V520,4.0,spot,0.8187,0.204675,instances.vantage.sh (AWS Price List mirror)
2026-06-29,AWS,eu-west-2,g4ad.2xlarge,V520,1.0,ondemand,0.63292,0.63292,instances.vantage.sh (AWS Price List mirror)
2026-06-29,AWS,eu-west-2,g4ad.2xlarge,V520,1.0,spot,0.28895,0.28895,instances.vantage.sh (AWS Price List mirror)
2026-06-29,AWS,eu-west-2,g4ad.4xlarge,V520,1.0,ondemand,1.014,1.014,instances.vantage.sh (AWS Price List mirror)
2026-06-29,AWS,eu-west-2,g4ad.4xlarge,V520,1.0,spot,0.35885,0.35885,instances.vantage.sh (AWS Price List mirror)
2026-06-29,AWS,eu-west-2,g4ad.8xlarge,V520,2.0,ondemand,2.028,1.014,instances.vantage.sh (AWS Price List mirror)
2026-06-29,AWS,eu-west-2,g4ad.8xlarge,V520,2.0,spot,0.3838,0.1919,instances.vantage.sh (AWS Price List mirror)
2026-06-29,AWS,eu-west-2,g4ad.xlarge,V520,1.0,ondemand,0.44271,0.44271,instances.vantage.sh (AWS Price List mirror)
2026-06-29,AWS,eu-west-2,g4ad.xlarge,V520,1.0,spot,0.113,0.113,instances.vantage.sh (AWS Price List mirror)
2026-06-29,AWS,eu-west-2,g4dn.12xlarge,T4,4.0,ondemand,4.577,1.14425,instances.vantage.sh (AWS Price List mirror)
2026-06-29,AWS,eu-west-2,g4dn.12xlarge,T4,4.0,spot,1.709933,0.42748325,instances.vantage.sh (AWS Price List mirror)
2026-06-29,AWS,eu-west-2,g4dn.16xlarge,T4,1.0,ondemand,5.092,5.092,instances.vantage.sh (AWS Price List mirror)
2026-06-29,AWS,eu-west-2,g4dn.16xlarge,T4,1.0,spot,0.9009,0.9009,instances.vantage.sh (AWS Price List mirror)
2026-06-29,AWS,eu-west-2,g4dn.2xlarge,T4,1.0,ondemand,0.88,0.88,instances.vantage.sh (AWS Price List mirror)
2026-06-29,AWS,eu-west-2,g4dn.2xlarge,T4,1.0,spot,0.259567,0.259567,instances.vantage.sh (AWS Price List mirror)
2026-06-29,AWS,eu-west-2,g4dn.4xlarge,T4,1.0,ondemand,1.409,1.409,instances.vantage.sh (AWS Price List mirror)
2026-06-29,AWS,eu-west-2,g4dn.4xlarge,T4,1.0,spot,0.4075,0.4075,instances.vantage.sh (AWS Price List mirror)
2026-06-29,AWS,eu-west-2,g4dn.8xlarge,T4,1.0,ondemand,2.546,2.546,instances.vantage.sh (AWS Price List mirror)
2026-06-29,AWS,eu-west-2,g4dn.8xlarge,T4,1.0,spot,0.569833,0.569833,instances.vantage.sh (AWS Price List mirror)
2026-06-29,AWS,eu-west-2,g4dn.metal,T4,8.0,ondemand,9.154,1.14425,instances.vantage.sh (AWS Price List mirror)
2026-06-29,AWS,eu-west-2,g4dn.metal,T4,8.0,spot,2.429067,0.303633375,instances.vantage.sh (AWS Price List mirror)
2026-06-29,AWS,eu-west-2,g4dn.xlarge,T4,1.0,ondemand,0.615,0.615,instances.vantage.sh (AWS Price List mirror)
2026-06-29,AWS,eu-west-2,g4dn.xlarge,T4,1.0,spot,0.193167,0.193167,instances.vantage.sh (AWS Price List mirror)
2026-06-29,AWS,eu-west-2,g5.12xlarge,A10G,4.0,ondemand,7.19994,1.799985,instances.vantage.sh (AWS Price List mirror)
2026-06-29,AWS,eu-west-2,g5.12xlarge,A10G,4.0,spot,5.41235,1.3530875,instances.vantage.sh (AWS Price List mirror)
2026-06-29,AWS,eu-west-2,g5.16xlarge,A10G,1.0,ondemand,5.1994,5.1994,instances.vantage.sh (AWS Price List mirror)
2026-06-29,AWS,eu-west-2,g5.16xlarge,A10G,1.0,spot,3.43865,3.43865,instances.vantage.sh (AWS Price List mirror)
2026-06-29,AWS,eu-west-2,g5.24xlarge,A10G,4.0,ondemand,10.33786,2.584465,instances.vantage.sh (AWS Price List mirror)
2026-06-29,AWS,eu-west-2,g5.24xlarge,A10G,4.0,spot,10.3379,2.584475,instances.vantage.sh (AWS Price List mirror)
2026-06-29,AWS,eu-west-2,g5.2xlarge,A10G,1.0,ondemand,1.53849,1.53849,instances.vantage.sh (AWS Price List mirror)
2026-06-29,AWS,eu-west-2,g5.2xlarge,A10G,1.0,spot,0.70175,0.70175,instances.vantage.sh (AWS Price List mirror)
2026-06-29,AWS,eu-west-2,g5.48xlarge,A10G,8.0,ondemand,20.67572,2.584465,instances.vantage.sh (AWS Price List mirror)
2026-06-29,AWS,eu-west-2,g5.48xlarge,A10G,8.0,spot,20.6757,2.5844625,instances.vantage.sh (AWS Price List mirror)
2026-06-29,AWS,eu-west-2,g5.4xlarge,A10G,1.0,ondemand,2.06148,2.06148,instances.vantage.sh (AWS Price List mirror)
2026-06-29,AWS,eu-west-2,g5.4xlarge,A10G,1.0,spot,0.69605,0.69605,instances.vantage.sh (AWS Price List mirror)
2026-06-29,AWS,eu-west-2,g5.8xlarge,A10G,1.0,ondemand,3.10745,3.10745,instances.vantage.sh (AWS Price List mirror)
2026-06-29,AWS,eu-west-2,g5.8xlarge,A10G,1.0,spot,1.0248,1.0248,instances.vantage.sh (AWS Price List mirror)
2026-06-29,AWS,eu-west-2,g5.xlarge,A10G,1.0,ondemand,1.277,1.277,instances.vantage.sh (AWS Price List mirror)
2026-06-29,AWS,eu-west-2,g5.xlarge,A10G,1.0,spot,0.44185,0.44185,instances.vantage.sh (AWS Price List mirror)
2026-06-29,AWS,eu-west-2,g6.12xlarge,L4,4.0,ondemand,5.8412,1.4603,instances.vantage.sh (AWS Price List mirror)
2026-06-29,AWS,eu-west-2,g6.12xlarge,L4,4.0,spot,1.872467,0.46811675,instances.vantage.sh (AWS Price List mirror)
2026-06-29,AWS,eu-west-2,g6.16xlarge,L4,1.0,ondemand,4.31184,4.31184,instances.vantage.sh (AWS Price List mirror)
2026-06-29,AWS,eu-west-2,g6.16xlarge,L4,1.0,spot,1.4862,1.4862,instances.vantage.sh (AWS Price List mirror)
2026-06-29,AWS,eu-west-2,g6.24xlarge,L4,4.0,ondemand,8.47339,2.1183475,instances.vantage.sh (AWS Price List mirror)
2026-06-29,AWS,eu-west-2,g6.24xlarge,L4,4.0,spot,2.442767,0.61069175,instances.vantage.sh (AWS Price List mirror)
2026-06-29,AWS,eu-west-2,g6.2xlarge,L4,1.0,ondemand,1.24095,1.24095,instances.vantage.sh (AWS Price List mirror)
2026-06-29,AWS,eu-west-2,g6.2xlarge,L4,1.0,spot,0.500833,0.500833,instances.vantage.sh (AWS Price List mirror)
2026-06-29,AWS,eu-west-2,g6.48xlarge,L4,8.0,ondemand,16.94678,2.1183475,instances.vantage.sh (AWS Price List mirror)
2026-06-29,AWS,eu-west-2,g6.48xlarge,L4,8.0,spot,5.113967,0.639245875,instances.vantage.sh (AWS Price List mirror)
2026-06-29,AWS,eu-west-2,g6.4xlarge,L4,1.0,ondemand,1.67965,1.67965,instances.vantage.sh (AWS Price List mirror)
2026-06-29,AWS,eu-west-2,g6.4xlarge,L4,1.0,spot,0.670967,0.670967,instances.vantage.sh (AWS Price List mirror)
2026-06-29,AWS,eu-west-2,g6.8xlarge,L4,1.0,ondemand,2.55705,2.55705,instances.vantage.sh (AWS Price List mirror)
2026-06-29,AWS,eu-west-2,g6.8xlarge,L4,1.0,spot,0.937433,0.937433,instances.vantage.sh (AWS Price List mirror)
2026-06-29,AWS,eu-west-2,g6.xlarge,L4,1.0,ondemand,1.0216,1.0216,instances.vantage.sh (AWS Price List mirror)
2026-06-29,AWS,eu-west-2,g6.xlarge,L4,1.0,spot,0.368567,0.368567,instances.vantage.sh (AWS Price List mirror)
2026-06-29,AWS,eu-west-2,g6f.2xlarge,L4,0.25,ondemand,0.60298,2.41192,instances.vantage.sh (AWS Price List mirror)
2026-06-29,AWS,eu-west-2,g6f.2xlarge,L4,0.25,spot,0.20715,0.8286,instances.vantage.sh (AWS Price List mirror)
2026-06-29,AWS,eu-west-2,g6f.4xlarge,L4,0.5,ondemand,1.20595,2.4119,instances.vantage.sh (AWS Price List mirror)
2026-06-29,AWS,eu-west-2,g6f.4xlarge,L4,0.5,spot,0.46285,0.9257,instances.vantage.sh (AWS Price List mirror)
2026-06-29,AWS,eu-west-2,g6f.large,L4,0.125,ondemand,0.25642,2.05136,instances.vantage.sh (AWS Price List mirror)
2026-06-29,AWS,eu-west-2,g6f.large,L4,0.125,spot,0.06895,0.5516,instances.vantage.sh (AWS Price List mirror)
2026-06-29,AWS,eu-west-2,g6f.xlarge,L4,0.125,ondemand,0.30149,2.41192,instances.vantage.sh (AWS Price List mirror)
2026-06-29,AWS,eu-west-2,g6f.xlarge,L4,0.125,spot,0.11495,0.9196,instances.vantage.sh (AWS Price List mirror)
2026-06-29,AWS,eu-west-2,g7e.12xlarge,NVIDIA GB202,2.0,ondemand,14.40172,7.20086,instances.vantage.sh (AWS Price List mirror)
2026-06-29,AWS,eu-west-2,g7e.12xlarge,NVIDIA GB202,2.0,spot,5.0306,2.5153,instances.vantage.sh (AWS Price List mirror)
2026-06-29,AWS,eu-west-2,g7e.24xlarge,NVIDIA GB202,4.0,ondemand,28.80344,7.20086,instances.vantage.sh (AWS Price List mirror)
2026-06-29,AWS,eu-west-2,g7e.24xlarge,NVIDIA GB202,4.0,spot,10.439,2.60975,instances.vantage.sh (AWS Price List mirror)
2026-06-29,AWS,eu-west-2,g7e.2xlarge,NVIDIA GB202,1.0,ondemand,5.84531,5.84531,instances.vantage.sh (AWS Price List mirror)
2026-06-29,AWS,eu-west-2,g7e.2xlarge,NVIDIA GB202,1.0,spot,1.8804,1.8804,instances.vantage.sh (AWS Price List mirror)
2026-06-29,AWS,eu-west-2,g7e.48xlarge,NVIDIA GB202,8.0,ondemand,57.60687,7.20085875,instances.vantage.sh (AWS Price List mirror)
2026-06-29,AWS,eu-west-2,g7e.48xlarge,NVIDIA GB202,8.0,spot,32.89855,4.11231875,instances.vantage.sh (AWS Price List mirror)
2026-06-29,AWS,eu-west-2,g7e.4xlarge,NVIDIA GB202,1.0,ondemand,6.94905,6.94905,instances.vantage.sh (AWS Price List mirror)
2026-06-29,AWS,eu-west-2,g7e.4xlarge,NVIDIA GB202,1.0,spot,2.9161,2.9161,instances.vantage.sh (AWS Price List mirror)
2026-06-29,AWS,eu-west-2,g7e.8xlarge,NVIDIA GB202,1.0,ondemand,9.15653,9.15653,instances.vantage.sh (AWS Price List mirror)
2026-06-29,AWS,eu-west-2,g7e.8xlarge,NVIDIA GB202,1.0,spot,3.06985,3.06985,instances.vantage.sh (AWS Price List mirror)
2026-06-29,AWS,eu-west-2,gr6.4xlarge,L4,1.0,ondemand,1.9539,1.9539,instances.vantage.sh (AWS Price List mirror)
2026-06-29,AWS,eu-west-2,gr6.4xlarge,L4,1.0,spot,0.55665,0.55665,instances.vantage.sh (AWS Price List mirror)
2026-06-29,AWS,eu-west-2,gr6.8xlarge,L4,1.0,ondemand,3.10552,3.10552,instances.vantage.sh (AWS Price List mirror)
2026-06-29,AWS,eu-west-2,gr6.8xlarge,L4,1.0,spot,0.96495,0.96495,instances.vantage.sh (AWS Price List mirror)
2026-06-29,AWS,eu-west-2,gr6f.4xlarge,L4,0.5,ondemand,1.35321,2.70642,instances.vantage.sh (AWS Price List mirror)
2026-06-29,AWS,eu-west-2,gr6f.4xlarge,L4,0.5,spot,0.43865,0.8773,instances.vantage.sh (AWS Price List mirror)
2026-06-29,AWS,eu-west-2,inf1.24xlarge,unknown,16.0,ondemand,5.53,0.345625,instances.vantage.sh (AWS Price List mirror)
2026-06-29,AWS,eu-west-2,inf1.24xlarge,unknown,16.0,spot,0.753933,0.0471208125,instances.vantage.sh (AWS Price List mirror)
2026-06-29,AWS,eu-west-2,inf1.2xlarge,unknown,1.0,ondemand,0.424,0.424,instances.vantage.sh (AWS Price List mirror)
2026-06-29,AWS,eu-west-2,inf1.2xlarge,unknown,1.0,spot,0.085667,0.085667,instances.vantage.sh (AWS Price List mirror)
2026-06-29,AWS,eu-west-2,inf1.6xlarge,unknown,4.0,ondemand,1.382,0.3455,instances.vantage.sh (AWS Price List mirror)
2026-06-29,AWS,eu-west-2,inf1.6xlarge,unknown,4.0,spot,0.204933,0.05123325,instances.vantage.sh (AWS Price List mirror)
2026-06-29,AWS,eu-west-2,inf1.xlarge,unknown,1.0,ondemand,0.267,0.267,instances.vantage.sh (AWS Price List mirror)
2026-06-29,AWS,eu-west-2,inf1.xlarge,unknown,1.0,spot,0.044033,0.044033,instances.vantage.sh (AWS Price List mirror)
2026-06-29,AWS,eu-west-2,inf2.24xlarge,unknown,6.0,ondemand,9.73595,1.6226583333333335,instances.vantage.sh (AWS Price List mirror)
2026-06-29,AWS,eu-west-2,inf2.24xlarge,unknown,6.0,spot,0.9736,0.16226666666666667,instances.vantage.sh (AWS Price List mirror)
2026-06-29,AWS,eu-west-2,inf2.48xlarge,unknown,12.0,ondemand,19.4719,1.6226583333333335,instances.vantage.sh (AWS Price List mirror)
2026-06-29,AWS,eu-west-2,inf2.48xlarge,unknown,12.0,spot,3.0701,0.2558416666666667,instances.vantage.sh (AWS Price List mirror)
2026-06-29,AWS,eu-west-2,inf2.8xlarge,unknown,1.0,ondemand,2.95179,2.95179,instances.vantage.sh (AWS Price List mirror)
2026-06-29,AWS,eu-west-2,inf2.8xlarge,unknown,1.0,spot,0.4692,0.4692,instances.vantage.sh (AWS Price List mirror)
2026-06-29,AWS,eu-west-2,inf2.xlarge,unknown,1.0,ondemand,1.1373,1.1373,instances.vantage.sh (AWS Price List mirror)
2026-06-29,AWS,eu-west-2,inf2.xlarge,unknown,1.0,spot,0.1527,0.1527,instances.vantage.sh (AWS Price List mirror)
2026-06-29,AWS,eu-west-2,p3.16xlarge,V100,8.0,ondemand,28.712,3.589,instances.vantage.sh (AWS Price List mirror)
2026-06-29,AWS,eu-west-2,p3.16xlarge,V100,8.0,spot,28.712,3.589,instances.vantage.sh (AWS Price List mirror)
2026-06-29,AWS,eu-west-2,p3.2xlarge,V100,1.0,ondemand,3.589,3.589,instances.vantage.sh (AWS Price List mirror)
2026-06-29,AWS,eu-west-2,p3.2xlarge,V100,1.0,spot,3.589,3.589,instances.vantage.sh (AWS Price List mirror)
2026-06-29,AWS,eu-west-2,p3.8xlarge,V100,4.0,ondemand,14.356,3.589,instances.vantage.sh (AWS Price List mirror)
2026-06-29,AWS,eu-west-2,p3.8xlarge,V100,4.0,spot,5.88596,1.47149,instances.vantage.sh (AWS Price List mirror)
2026-06-29,AWS,eu-west-2,p4d.24xlarge,A100,8.0,ondemand,28.54493,3.56811625,instances.vantage.sh (AWS Price List mirror)
2026-06-29,AWS,eu-west-2,p4d.24xlarge,A100,8.0,spot,18.2523,2.2815375,instances.vantage.sh (AWS Price List mirror)
2026-06-29,AWS,eu-west-2,p5.48xlarge,H100,8.0,ondemand,71.552,8.944,instances.vantage.sh (AWS Price List mirror)
2026-06-29,AWS,eu-west-2,p5.48xlarge,H100,8.0,spot,12.967133,1.620891625,instances.vantage.sh (AWS Price List mirror)
2026-06-29,AWS,eu-west-2,p5.4xlarge,H100,1.0,ondemand,8.944,8.944,instances.vantage.sh (AWS Price List mirror)
2026-06-29,AWS,eu-west-2,p5.4xlarge,H100,1.0,spot,8.944,8.944,instances.vantage.sh (AWS Price List mirror)
2026-06-29,AWS,eu-west-2-wl1-lon1,g4dn.2xlarge,T4,1.0,ondemand,1.144,1.144,instances.vantage.sh (AWS Price List mirror)
2026-06-29,AWS,eu-west-2-wl1-man1,g4dn.2xlarge,T4,1.0,ondemand,1.144,1.144,instances.vantage.sh (AWS Price List mirror)
2026-06-29,AWS,eu-west-2-wl2-man1,g4dn.2xlarge,T4,1.0,ondemand,1.144,1.144,instances.vantage.sh (AWS Price List mirror)
2026-06-29,AWS,eu-west-3,g4dn.12xlarge,T4,4.0,ondemand,4.574,1.1435,instances.vantage.sh (AWS Price List mirror)
2026-06-29,AWS,eu-west-3,g4dn.12xlarge,T4,4.0,spot,1.0292,0.2573,instances.vantage.sh (AWS Price List mirror)
2026-06-29,AWS,eu-west-3,g4dn.16xlarge,T4,1.0,ondemand,5.088,5.088,instances.vantage.sh (AWS Price List mirror)
2026-06-29,AWS,eu-west-3,g4dn.16xlarge,T4,1.0,spot,0.901133,0.901133,instances.vantage.sh (AWS Price List mirror)
2026-06-29,AWS,eu-west-3,g4dn.2xlarge,T4,1.0,ondemand,0.879,0.879,instances.vantage.sh (AWS Price List mirror)
2026-06-29,AWS,eu-west-3,g4dn.2xlarge,T4,1.0,spot,0.271267,0.271267,instances.vantage.sh (AWS Price List mirror)
2026-06-29,AWS,eu-west-3,g4dn.4xlarge,T4,1.0,ondemand,1.408,1.408,instances.vantage.sh (AWS Price List mirror)
2026-06-29,AWS,eu-west-3,g4dn.4xlarge,T4,1.0,spot,0.426267,0.426267,instances.vantage.sh (AWS Price List mirror)
2026-06-29,AWS,eu-west-3,g4dn.8xlarge,T4,1.0,ondemand,2.544,2.544,instances.vantage.sh (AWS Price List mirror)
2026-06-29,AWS,eu-west-3,g4dn.8xlarge,T4,1.0,spot,0.490567,0.490567,instances.vantage.sh (AWS Price List mirror)
2026-06-29,AWS,eu-west-3,g4dn.metal,T4,8.0,ondemand,9.148,1.1435,instances.vantage.sh (AWS Price List mirror)
2026-06-29,AWS,eu-west-3,g4dn.metal,T4,8.0,spot,2.6452,0.33065,instances.vantage.sh (AWS Price List mirror)
2026-06-29,AWS,eu-west-3,g4dn.xlarge,T4,1.0,ondemand,0.615,0.615,instances.vantage.sh (AWS Price List mirror)
2026-06-29,AWS,eu-west-3,g4dn.xlarge,T4,1.0,spot,0.200467,0.200467,instances.vantage.sh (AWS Price List mirror)
2026-06-29,AWS,eu-west-3,g6.12xlarge,L4,4.0,ondemand,5.8412,1.4603,instances.vantage.sh (AWS Price List mirror)
2026-06-29,AWS,eu-west-3,g6.12xlarge,L4,4.0,spot,1.33175,0.3329375,instances.vantage.sh (AWS Price List mirror)
2026-06-29,AWS,eu-west-3,g6.16xlarge,L4,1.0,ondemand,4.31184,4.31184,instances.vantage.sh (AWS Price List mirror)
2026-06-29,AWS,eu-west-3,g6.16xlarge,L4,1.0,spot,1.2637,1.2637,instances.vantage.sh (AWS Price List mirror)
2026-06-29,AWS,eu-west-3,g6.24xlarge,L4,4.0,ondemand,8.47339,2.1183475,instances.vantage.sh (AWS Price List mirror)
2026-06-29,AWS,eu-west-3,g6.24xlarge,L4,4.0,spot,2.3414,0.58535,instances.vantage.sh (AWS Price List mirror)
2026-06-29,AWS,eu-west-3,g6.2xlarge,L4,1.0,ondemand,1.24095,1.24095,instances.vantage.sh (AWS Price List mirror)
2026-06-29,AWS,eu-west-3,g6.2xlarge,L4,1.0,spot,0.40375,0.40375,instances.vantage.sh (AWS Price List mirror)
2026-06-29,AWS,eu-west-3,g6.48xlarge,L4,8.0,ondemand,16.94678,2.1183475,instances.vantage.sh (AWS Price List mirror)
2026-06-29,AWS,eu-west-3,g6.48xlarge,L4,8.0,spot,3.8549,0.4818625,instances.vantage.sh (AWS Price List mirror)
2026-06-29,AWS,eu-west-3,g6.4xlarge,L4,1.0,ondemand,1.67965,1.67965,instances.vantage.sh (AWS Price List mirror)
2026-06-29,AWS,eu-west-3,g6.4xlarge,L4,1.0,spot,0.4621,0.4621,instances.vantage.sh (AWS Price List mirror)
2026-06-29,AWS,eu-west-3,g6.8xlarge,L4,1.0,ondemand,2.55705,2.55705,instances.vantage.sh (AWS Price List mirror)
2026-06-29,AWS,eu-west-3,g6.8xlarge,L4,1.0,spot,0.74615,0.74615,instances.vantage.sh (AWS Price List mirror)
2026-06-29,AWS,eu-west-3,g6.xlarge,L4,1.0,ondemand,1.0216,1.0216,instances.vantage.sh (AWS Price List mirror)
2026-06-29,AWS,eu-west-3,g6.xlarge,L4,1.0,spot,0.3388,0.3388,instances.vantage.sh (AWS Price List mirror)
2026-06-29,AWS,eu-west-3,gr6.4xlarge,L4,1.0,ondemand,1.9538,1.9538,instances.vantage.sh (AWS Price List mirror)
2026-06-29,AWS,eu-west-3,gr6.4xlarge,L4,1.0,spot,0.49435,0.49435,instances.vantage.sh (AWS Price List mirror)
2026-06-29,AWS,eu-west-3,gr6.8xlarge,L4,1.0,ondemand,3.10536,3.10536,instances.vantage.sh (AWS Price List mirror)
2026-06-29,AWS,eu-west-3,gr6.8xlarge,L4,1.0,spot,0.5464,0.5464,instances.vantage.sh (AWS Price List mirror)
2026-06-29,AWS,eu-west-3,inf1.24xlarge,unknown,16.0,ondemand,5.517,0.3448125,instances.vantage.sh (AWS Price List mirror)
2026-06-29,AWS,eu-west-3,inf1.24xlarge,unknown,16.0,spot,0.7833,0.04895625,instances.vantage.sh (AWS Price List mirror)
2026-06-29,AWS,eu-west-3,inf1.2xlarge,unknown,1.0,ondemand,0.423,0.423,instances.vantage.sh (AWS Price List mirror)
2026-06-29,AWS,eu-west-3,inf1.2xlarge,unknown,1.0,spot,0.11265,0.11265,instances.vantage.sh (AWS Price List mirror)
2026-06-29,AWS,eu-west-3,inf1.6xlarge,unknown,4.0,ondemand,1.379,0.34475,instances.vantage.sh (AWS Price List mirror)
2026-06-29,AWS,eu-west-3,inf1.6xlarge,unknown,4.0,spot,0.20065,0.0501625,instances.vantage.sh (AWS Price List mirror)
2026-06-29,AWS,eu-west-3,inf1.xlarge,unknown,1.0,ondemand,0.267,0.267,instances.vantage.sh (AWS Price List mirror)
2026-06-29,AWS,eu-west-3,inf1.xlarge,unknown,1.0,spot,0.0401,0.0401,instances.vantage.sh (AWS Price List mirror)
2026-06-29,AWS,eu-west-3,inf2.24xlarge,unknown,6.0,ondemand,9.08689,1.5144816666666667,instances.vantage.sh (AWS Price List mirror)
2026-06-29,AWS,eu-west-3,inf2.24xlarge,unknown,6.0,spot,1.5556,0.2592666666666667,instances.vantage.sh (AWS Price List mirror)
2026-06-29,AWS,eu-west-3,inf2.48xlarge,unknown,12.0,ondemand,18.17377,1.5144808333333335,instances.vantage.sh (AWS Price List mirror)
2026-06-29,AWS,eu-west-3,inf2.48xlarge,unknown,12.0,spot,2.10175,0.17514583333333333,instances.vantage.sh (AWS Price List mirror)
2026-06-29,AWS,eu-west-3,inf2.8xlarge,unknown,1.0,ondemand,2.755,2.755,instances.vantage.sh (AWS Price List mirror)
2026-06-29,AWS,eu-west-3,inf2.8xlarge,unknown,1.0,spot,0.3485,0.3485,instances.vantage.sh (AWS Price List mirror)
2026-06-29,AWS,eu-west-3,inf2.xlarge,unknown,1.0,ondemand,1.06148,1.06148,instances.vantage.sh (AWS Price List mirror)
2026-06-29,AWS,eu-west-3,inf2.xlarge,unknown,1.0,spot,0.1413,0.1413,instances.vantage.sh (AWS Price List mirror)
2026-06-29,AWS,eu-west-3-wl1-cmn1,g4dn.12xlarge,T4,4.0,ondemand,5.234,1.3085,instances.vantage.sh (AWS Price List mirror)
2026-06-29,AWS,eu-west-3-wl1-cmn1,g4dn.2xlarge,T4,1.0,ondemand,1.006,1.006,instances.vantage.sh (AWS Price List mirror)
2026-06-29,AWS,eu-west-3-wl1-dss1,g4dn.12xlarge,T4,4.0,ondemand,5.234,1.3085,instances.vantage.sh (AWS Price List mirror)
2026-06-29,AWS,eu-west-3-wl1-dss1,g4dn.2xlarge,T4,1.0,ondemand,1.006,1.006,instances.vantage.sh (AWS Price List mirror)
2026-06-29,AWS,il-central-1,g5.12xlarge,A10G,4.0,ondemand,6.64825,1.6620625,instances.vantage.sh (AWS Price List mirror)
2026-06-29,AWS,il-central-1,g5.12xlarge,A10G,4.0,spot,2.526335,0.63158375,instances.vantage.sh (AWS Price List mirror)
2026-06-29,AWS,il-central-1,g5.16xlarge,A10G,1.0,ondemand,4.80099,4.80099,instances.vantage.sh (AWS Price List mirror)
2026-06-29,AWS,il-central-1,g5.16xlarge,A10G,1.0,spot,1.056218,1.056218,instances.vantage.sh (AWS Price List mirror)
2026-06-29,AWS,il-central-1,g5.24xlarge,A10G,4.0,ondemand,9.54572,2.38643,instances.vantage.sh (AWS Price List mirror)
2026-06-29,AWS,il-central-1,g5.24xlarge,A10G,4.0,spot,7.15929,1.7898225,instances.vantage.sh (AWS Price List mirror)
2026-06-29,AWS,il-central-1,g5.2xlarge,A10G,1.0,ondemand,1.42061,1.42061,instances.vantage.sh (AWS Price List mirror)
2026-06-29,AWS,il-central-1,g5.2xlarge,A10G,1.0,spot,0.298328,0.298328,instances.vantage.sh (AWS Price List mirror)
2026-06-29,AWS,il-central-1,g5.48xlarge,A10G,8.0,ondemand,19.09145,2.38643125,instances.vantage.sh (AWS Price List mirror)
2026-06-29,AWS,il-central-1,g5.48xlarge,A10G,8.0,spot,12.409442,1.55118025,instances.vantage.sh (AWS Price List mirror)
2026-06-29,AWS,il-central-1,g5.4xlarge,A10G,1.0,ondemand,1.90352,1.90352,instances.vantage.sh (AWS Price List mirror)
2026-06-29,AWS,il-central-1,g5.4xlarge,A10G,1.0,spot,0.799478,0.799478,instances.vantage.sh (AWS Price List mirror)
2026-06-29,AWS,il-central-1,g5.8xlarge,A10G,1.0,ondemand,2.86934,2.86934,instances.vantage.sh (AWS Price List mirror)
2026-06-29,AWS,il-central-1,g5.8xlarge,A10G,1.0,spot,0.803415,0.803415,instances.vantage.sh (AWS Price List mirror)
2026-06-29,AWS,il-central-1,g5.xlarge,A10G,1.0,ondemand,1.17915,1.17915,instances.vantage.sh (AWS Price List mirror)
2026-06-29,AWS,il-central-1,g5.xlarge,A10G,1.0,spot,0.330162,0.330162,instances.vantage.sh (AWS Price List mirror)
2026-06-29,AWS,il-central-1,p4de.24xlarge,A100,8.0,ondemand,35.57346,4.4466825,instances.vantage.sh (AWS Price List mirror)
2026-06-29,AWS,il-central-1,p4de.24xlarge,A100,8.0,spot,5.691754,0.71146925,instances.vantage.sh (AWS Price List mirror)
2026-06-29,AWS,me-central-1,g5.12xlarge,A10G,4.0,ondemand,6.9575,1.739375,instances.vantage.sh (AWS Price List mirror)
2026-06-29,AWS,me-central-1,g5.12xlarge,A10G,4.0,spot,6.6792,1.6698,instances.vantage.sh (AWS Price List mirror)
2026-06-29,AWS,me-central-1,g5.16xlarge,A10G,1.0,ondemand,5.02432,5.02432,instances.vantage.sh (AWS Price List mirror)
2026-06-29,AWS,me-central-1,g5.16xlarge,A10G,1.0,spot,2.009728,2.009728,instances.vantage.sh (AWS Price List mirror)
2026-06-29,AWS,me-central-1,g5.24xlarge,A10G,4.0,ondemand,9.98976,2.49744,instances.vantage.sh (AWS Price List mirror)
2026-06-29,AWS,me-central-1,g5.24xlarge,A10G,4.0,spot,9.59017,2.3975425,instances.vantage.sh (AWS Price List mirror)
2026-06-29,AWS,me-central-1,g5.2xlarge,A10G,1.0,ondemand,1.48669,1.48669,instances.vantage.sh (AWS Price List mirror)
2026-06-29,AWS,me-central-1,g5.2xlarge,A10G,1.0,spot,0.847413,0.847413,instances.vantage.sh (AWS Price List mirror)
2026-06-29,AWS,me-central-1,g5.48xlarge,A10G,8.0,ondemand,19.97951,2.49743875,instances.vantage.sh (AWS Price List mirror)
2026-06-29,AWS,me-central-1,g5.48xlarge,A10G,8.0,spot,19.18033,2.39754125,instances.vantage.sh (AWS Price List mirror)
2026-06-29,AWS,me-central-1,g5.4xlarge,A10G,1.0,ondemand,1.99206,1.99206,instances.vantage.sh (AWS Price List mirror)
2026-06-29,AWS,me-central-1,g5.4xlarge,A10G,1.0,spot,1.095633,1.095633,instances.vantage.sh (AWS Price List mirror)
2026-06-29,AWS,me-central-1,g5.8xlarge,A10G,1.0,ondemand,3.00282,3.00282,instances.vantage.sh (AWS Price List mirror)
2026-06-29,AWS,me-central-1,g5.8xlarge,A10G,1.0,spot,1.561466,1.561466,instances.vantage.sh (AWS Price List mirror)
2026-06-29,AWS,me-central-1,g5.xlarge,A10G,1.0,ondemand,1.234,1.234,instances.vantage.sh (AWS Price List mirror)
2026-06-29,AWS,me-central-1,g5.xlarge,A10G,1.0,spot,0.71572,0.71572,instances.vantage.sh (AWS Price List mirror)
2026-06-29,AWS,me-central-1,g6.12xlarge,L4,4.0,ondemand,5.65045,1.4126125,instances.vantage.sh (AWS Price List mirror)
2026-06-29,AWS,me-central-1,g6.12xlarge,L4,4.0,spot,2.316685,0.57917125,instances.vantage.sh (AWS Price List mirror)
2026-06-29,AWS,me-central-1,g6.16xlarge,L4,1.0,ondemand,4.17104,4.17104,instances.vantage.sh (AWS Price List mirror)
2026-06-29,AWS,me-central-1,g6.16xlarge,L4,1.0,spot,0.667366,0.667366,instances.vantage.sh (AWS Price List mirror)
2026-06-29,AWS,me-central-1,g6.24xlarge,L4,4.0,ondemand,8.19669,2.0491725,instances.vantage.sh (AWS Price List mirror)
2026-06-29,AWS,me-central-1,g6.24xlarge,L4,4.0,spot,7.540955,1.88523875,instances.vantage.sh (AWS Price List mirror)
2026-06-29,AWS,me-central-1,g6.2xlarge,L4,1.0,ondemand,1.20043,1.20043,instances.vantage.sh (AWS Price List mirror)
2026-06-29,AWS,me-central-1,g6.2xlarge,L4,1.0,spot,0.516185,0.516185,instances.vantage.sh (AWS Price List mirror)
2026-06-29,AWS,me-central-1,g6.48xlarge,L4,8.0,ondemand,16.39339,2.04917375,instances.vantage.sh (AWS Price List mirror)
2026-06-29,AWS,me-central-1,g6.48xlarge,L4,8.0,spot,15.901588,1.9876985,instances.vantage.sh (AWS Price List mirror)
2026-06-29,AWS,me-central-1,g6.4xlarge,L4,1.0,ondemand,1.6248,1.6248,instances.vantage.sh (AWS Price List mirror)
2026-06-29,AWS,me-central-1,g6.4xlarge,L4,1.0,spot,0.796152,0.796152,instances.vantage.sh (AWS Price List mirror)
2026-06-29,AWS,me-central-1,g6.8xlarge,L4,1.0,ondemand,2.47355,2.47355,instances.vantage.sh (AWS Price List mirror)
2026-06-29,AWS,me-central-1,g6.8xlarge,L4,1.0,spot,0.519446,0.519446,instances.vantage.sh (AWS Price List mirror)
2026-06-29,AWS,me-central-1,g6.xlarge,L4,1.0,ondemand,0.98824,0.98824,instances.vantage.sh (AWS Price List mirror)
2026-06-29,AWS,me-central-1,g6.xlarge,L4,1.0,spot,0.74118,0.74118,instances.vantage.sh (AWS Price List mirror)
2026-06-29,AWS,me-central-1,g6e.12xlarge,L40S,4.0,ondemand,12.87194,3.217985,instances.vantage.sh (AWS Price List mirror)
2026-06-29,AWS,me-central-1,g6e.12xlarge,L40S,4.0,spot,2.831827,0.70795675,instances.vantage.sh (AWS Price List mirror)
2026-06-29,AWS,me-central-1,g6e.16xlarge,L40S,1.0,ondemand,9.2954,9.2954,instances.vantage.sh (AWS Price List mirror)
2026-06-29,AWS,me-central-1,g6e.16xlarge,L40S,1.0,spot,2.137942,2.137942,instances.vantage.sh (AWS Price List mirror)
2026-06-29,AWS,me-central-1,g6e.24xlarge,L40S,4.0,ondemand,18.48186,4.620465,instances.vantage.sh (AWS Price List mirror)
2026-06-29,AWS,me-central-1,g6e.24xlarge,L40S,4.0,spot,4.066009,1.01650225,instances.vantage.sh (AWS Price List mirror)
2026-06-29,AWS,me-central-1,g6e.2xlarge,L40S,1.0,ondemand,2.75049,2.75049,instances.vantage.sh (AWS Price List mirror)
2026-06-29,AWS,me-central-1,g6e.2xlarge,L40S,1.0,spot,0.715127,0.715127,instances.vantage.sh (AWS Price List mirror)
2026-06-29,AWS,me-central-1,g6e.48xlarge,L40S,8.0,ondemand,36.96372,4.620465,instances.vantage.sh (AWS Price List mirror)
2026-06-29,AWS,me-central-1,g6e.48xlarge,L40S,8.0,spot,20.699683,2.587460375,instances.vantage.sh (AWS Price List mirror)
2026-06-29,AWS,me-central-1,g6e.4xlarge,L40S,1.0,ondemand,3.68548,3.68548,instances.vantage.sh (AWS Price List mirror)
2026-06-29,AWS,me-central-1,g6e.4xlarge,L40S,1.0,spot,0.84766,0.84766,instances.vantage.sh (AWS Price List mirror)
2026-06-29,AWS,me-central-1,g6e.8xlarge,L40S,1.0,ondemand,5.55545,5.55545,instances.vantage.sh (AWS Price List mirror)
2026-06-29,AWS,me-central-1,g6e.8xlarge,L40S,1.0,spot,1.333308,1.333308,instances.vantage.sh (AWS Price List mirror)
2026-06-29,AWS,me-central-1,g6e.xlarge,L40S,1.0,ondemand,2.283,2.283,instances.vantage.sh (AWS Price List mirror)
2026-06-29,AWS,me-central-1,g6e.xlarge,L40S,1.0,spot,0.59358,0.59358,instances.vantage.sh (AWS Price List mirror)
2026-06-29,AWS,me-central-1,p5en.48xlarge,H200,8.0,ondemand,75.9552,9.4944,instances.vantage.sh (AWS Price List mirror)
2026-06-29,AWS,me-south-1,g4dn.12xlarge,T4,4.0,ondemand,4.798,1.1995,instances.vantage.sh (AWS Price List mirror)
2026-06-29,AWS,me-south-1,g4dn.12xlarge,T4,4.0,spot,0.7197,0.179925,instances.vantage.sh (AWS Price List mirror)
2026-06-29,AWS,me-south-1,g4dn.16xlarge,T4,1.0,ondemand,5.338,5.338,instances.vantage.sh (AWS Price List mirror)
2026-06-29,AWS,me-south-1,g4dn.16xlarge,T4,1.0,spot,0.64056,0.64056,instances.vantage.sh (AWS Price List mirror)
2026-06-29,AWS,me-south-1,g4dn.2xlarge,T4,1.0,ondemand,0.922,0.922,instances.vantage.sh (AWS Price List mirror)
2026-06-29,AWS,me-south-1,g4dn.2xlarge,T4,1.0,spot,0.31348,0.31348,instances.vantage.sh (AWS Price List mirror)
2026-06-29,AWS,me-south-1,g4dn.4xlarge,T4,1.0,ondemand,1.477,1.477,instances.vantage.sh (AWS Price List mirror)
2026-06-29,AWS,me-south-1,g4dn.4xlarge,T4,1.0,spot,0.48741,0.48741,instances.vantage.sh (AWS Price List mirror)
2026-06-29,AWS,me-south-1,g4dn.8xlarge,T4,1.0,ondemand,2.669,2.669,instances.vantage.sh (AWS Price List mirror)
2026-06-29,AWS,me-south-1,g4dn.8xlarge,T4,1.0,spot,0.5338,0.5338,instances.vantage.sh (AWS Price List mirror)
2026-06-29,AWS,me-south-1,g4dn.metal,T4,8.0,ondemand,9.596,1.1995,instances.vantage.sh (AWS Price List mirror)
2026-06-29,AWS,me-south-1,g4dn.metal,T4,8.0,spot,0.9596,0.11995,instances.vantage.sh (AWS Price List mirror)
2026-06-29,AWS,me-south-1,g4dn.xlarge,T4,1.0,ondemand,0.645,0.645,instances.vantage.sh (AWS Price List mirror)
2026-06-29,AWS,me-south-1,g4dn.xlarge,T4,1.0,spot,0.129,0.129,instances.vantage.sh (AWS Price List mirror)
2026-06-29,AWS,me-south-1,inf1.24xlarge,unknown,16.0,ondemand,5.786,0.361625,instances.vantage.sh (AWS Price List mirror)
2026-06-29,AWS,me-south-1,inf1.24xlarge,unknown,16.0,spot,5.786,0.361625,instances.vantage.sh (AWS Price List mirror)
2026-06-29,AWS,me-south-1,inf1.2xlarge,unknown,1.0,ondemand,0.444,0.444,instances.vantage.sh (AWS Price List mirror)
2026-06-29,AWS,me-south-1,inf1.2xlarge,unknown,1.0,spot,0.37296,0.37296,instances.vantage.sh (AWS Price List mirror)
2026-06-29,AWS,me-south-1,inf1.6xlarge,unknown,4.0,ondemand,1.447,0.36175,instances.vantage.sh (AWS Price List mirror)
2026-06-29,AWS,me-south-1,inf1.6xlarge,unknown,4.0,spot,1.447,0.36175,instances.vantage.sh (AWS Price List mirror)
2026-06-29,AWS,me-south-1,inf1.xlarge,unknown,1.0,ondemand,0.28,0.28,instances.vantage.sh (AWS Price List mirror)
2026-06-29,AWS,me-south-1,inf1.xlarge,unknown,1.0,spot,0.1484,0.1484,instances.vantage.sh (AWS Price List mirror)
2026-06-29,AWS,me-south-1-mct-1,g4dn.2xlarge,T4,1.0,ondemand,1.153,1.153,instances.vantage.sh (AWS Price List mirror)
2026-06-29,AWS,sa-east-1,g4dn.12xlarge,T4,4.0,ondemand,6.649,1.66225,instances.vantage.sh (AWS Price List mirror)
2026-06-29,AWS,sa-east-1,g4dn.12xlarge,T4,4.0,spot,1.8919,0.472975,instances.vantage.sh (AWS Price List mirror)
2026-06-29,AWS,sa-east-1,g4dn.16xlarge,T4,1.0,ondemand,7.397,7.397,instances.vantage.sh (AWS Price List mirror)
2026-06-29,AWS,sa-east-1,g4dn.16xlarge,T4,1.0,spot,0.7397,0.7397,instances.vantage.sh (AWS Price List mirror)
2026-06-29,AWS,sa-east-1,g4dn.2xlarge,T4,1.0,ondemand,1.278,1.278,instances.vantage.sh (AWS Price List mirror)
2026-06-29,AWS,sa-east-1,g4dn.2xlarge,T4,1.0,spot,0.130033,0.130033,instances.vantage.sh (AWS Price List mirror)
2026-06-29,AWS,sa-east-1,g4dn.4xlarge,T4,1.0,ondemand,2.046,2.046,instances.vantage.sh (AWS Price List mirror)
2026-06-29,AWS,sa-east-1,g4dn.4xlarge,T4,1.0,spot,0.259167,0.259167,instances.vantage.sh (AWS Price List mirror)
2026-06-29,AWS,sa-east-1,g4dn.8xlarge,T4,1.0,ondemand,3.698,3.698,instances.vantage.sh (AWS Price List mirror)
2026-06-29,AWS,sa-east-1,g4dn.8xlarge,T4,1.0,spot,0.379167,0.379167,instances.vantage.sh (AWS Price List mirror)
2026-06-29,AWS,sa-east-1,g4dn.metal,T4,8.0,ondemand,13.298,1.66225,instances.vantage.sh (AWS Price List mirror)
2026-06-29,AWS,sa-east-1,g4dn.metal,T4,8.0,spot,2.507333,0.313416625,instances.vantage.sh (AWS Price List mirror)
2026-06-29,AWS,sa-east-1,g4dn.xlarge,T4,1.0,ondemand,0.894,0.894,instances.vantage.sh (AWS Price List mirror)
2026-06-29,AWS,sa-east-1,g4dn.xlarge,T4,1.0,spot,0.118433,0.118433,instances.vantage.sh (AWS Price List mirror)
2026-06-29,AWS,sa-east-1,g5.12xlarge,A10G,4.0,ondemand,9.64127,2.4103175,instances.vantage.sh (AWS Price List mirror)
2026-06-29,AWS,sa-east-1,g5.12xlarge,A10G,4.0,spot,7.8776,1.9694,instances.vantage.sh (AWS Price List mirror)
2026-06-29,AWS,sa-east-1,g5.16xlarge,A10G,1.0,ondemand,6.96239,6.96239,instances.vantage.sh (AWS Price List mirror)
2026-06-29,AWS,sa-east-1,g5.16xlarge,A10G,1.0,spot,4.43665,4.43665,instances.vantage.sh (AWS Price List mirror)
2026-06-29,AWS,sa-east-1,g5.24xlarge,A10G,4.0,ondemand,13.84318,3.460795,instances.vantage.sh (AWS Price List mirror)
2026-06-29,AWS,sa-east-1,g5.24xlarge,A10G,4.0,spot,11.702,2.9255,instances.vantage.sh (AWS Price List mirror)
2026-06-29,AWS,sa-east-1,g5.2xlarge,A10G,1.0,ondemand,2.06016,2.06016,instances.vantage.sh (AWS Price List mirror)
2026-06-29,AWS,sa-east-1,g5.2xlarge,A10G,1.0,spot,0.4142,0.4142,instances.vantage.sh (AWS Price List mirror)
2026-06-29,AWS,sa-east-1,g5.48xlarge,A10G,8.0,ondemand,27.68636,3.460795,instances.vantage.sh (AWS Price List mirror)
2026-06-29,AWS,sa-east-1,g5.48xlarge,A10G,8.0,spot,22.62565,2.82820625,instances.vantage.sh (AWS Price List mirror)
2026-06-29,AWS,sa-east-1,g5.4xlarge,A10G,1.0,ondemand,2.76048,2.76048,instances.vantage.sh (AWS Price List mirror)
2026-06-29,AWS,sa-east-1,g5.4xlarge,A10G,1.0,spot,0.8261,0.8261,instances.vantage.sh (AWS Price List mirror)
2026-06-29,AWS,sa-east-1,g5.8xlarge,A10G,1.0,ondemand,4.16111,4.16111,instances.vantage.sh (AWS Price List mirror)
2026-06-29,AWS,sa-east-1,g5.8xlarge,A10G,1.0,spot,2.06825,2.06825,instances.vantage.sh (AWS Price List mirror)
2026-06-29,AWS,sa-east-1,g5.xlarge,A10G,1.0,ondemand,1.71,1.71,instances.vantage.sh (AWS Price List mirror)
2026-06-29,AWS,sa-east-1,g5.xlarge,A10G,1.0,spot,0.3668,0.3668,instances.vantage.sh (AWS Price List mirror)
2026-06-29,AWS,sa-east-1,g6.12xlarge,L4,4.0,ondemand,7.82181,1.9554525,instances.vantage.sh (AWS Price List mirror)
2026-06-29,AWS,sa-east-1,g6.12xlarge,L4,4.0,spot,0.7822,0.19555,instances.vantage.sh (AWS Price List mirror)
2026-06-29,AWS,sa-east-1,g6.16xlarge,L4,1.0,ondemand,5.77388,5.77388,instances.vantage.sh (AWS Price List mirror)
2026-06-29,AWS,sa-east-1,g6.16xlarge,L4,1.0,spot,1.35585,1.35585,instances.vantage.sh (AWS Price List mirror)
2026-06-29,AWS,sa-east-1,g6.24xlarge,L4,4.0,ondemand,11.34651,2.8366275,instances.vantage.sh (AWS Price List mirror)
2026-06-29,AWS,sa-east-1,g6.24xlarge,L4,4.0,spot,2.93125,0.7328125,instances.vantage.sh (AWS Price List mirror)
2026-06-29,AWS,sa-east-1,g6.2xlarge,L4,1.0,ondemand,1.66173,1.66173,instances.vantage.sh (AWS Price List mirror)
2026-06-29,AWS,sa-east-1,g6.2xlarge,L4,1.0,spot,0.26245,0.26245,instances.vantage.sh (AWS Price List mirror)
2026-06-29,AWS,sa-east-1,g6.48xlarge,L4,8.0,ondemand,22.69303,2.83662875,instances.vantage.sh (AWS Price List mirror)
2026-06-29,AWS,sa-east-1,g6.48xlarge,L4,8.0,spot,8.38915,1.04864375,instances.vantage.sh (AWS Price List mirror)
2026-06-29,AWS,sa-east-1,g6.4xlarge,L4,1.0,ondemand,2.24918,2.24918,instances.vantage.sh (AWS Price List mirror)
2026-06-29,AWS,sa-east-1,g6.4xlarge,L4,1.0,spot,0.4507,0.4507,instances.vantage.sh (AWS Price List mirror)
2026-06-29,AWS,sa-east-1,g6.8xlarge,L4,1.0,ondemand,3.42408,3.42408,instances.vantage.sh (AWS Price List mirror)
2026-06-29,AWS,sa-east-1,g6.8xlarge,L4,1.0,spot,0.5919,0.5919,instances.vantage.sh (AWS Price List mirror)
2026-06-29,AWS,sa-east-1,g6.xlarge,L4,1.0,ondemand,1.368,1.368,instances.vantage.sh (AWS Price List mirror)
2026-06-29,AWS,sa-east-1,g6.xlarge,L4,1.0,spot,0.3106,0.3106,instances.vantage.sh (AWS Price List mirror)
2026-06-29,AWS,sa-east-1,g6f.2xlarge,L4,0.25,ondemand,0.80742,3.22968,instances.vantage.sh (AWS Price List mirror)
2026-06-29,AWS,sa-east-1,g6f.2xlarge,L4,0.25,spot,0.3829,1.5316,instances.vantage.sh (AWS Price List mirror)
2026-06-29,AWS,sa-east-1,g6f.4xlarge,L4,0.5,ondemand,1.61483,3.22966,instances.vantage.sh (AWS Price List mirror)
2026-06-29,AWS,sa-east-1,g6f.4xlarge,L4,0.5,spot,1.31965,2.6393,instances.vantage.sh (AWS Price List mirror)
2026-06-29,AWS,sa-east-1,g6f.large,L4,0.125,ondemand,0.34336,2.74688,instances.vantage.sh (AWS Price List mirror)
2026-06-29,AWS,sa-east-1,g6f.large,L4,0.125,spot,0.1818,1.4544,instances.vantage.sh (AWS Price List mirror)
2026-06-29,AWS,sa-east-1,g6f.xlarge,L4,0.125,ondemand,0.40371,3.22968,instances.vantage.sh (AWS Price List mirror)
2026-06-29,AWS,sa-east-1,g6f.xlarge,L4,0.125,spot,0.1398,1.1184,instances.vantage.sh (AWS Price List mirror)
2026-06-29,AWS,sa-east-1,gr6.4xlarge,L4,1.0,ondemand,2.6164,2.6164,instances.vantage.sh (AWS Price List mirror)
2026-06-29,AWS,sa-east-1,gr6.4xlarge,L4,1.0,spot,0.4842,0.4842,instances.vantage.sh (AWS Price List mirror)
2026-06-29,AWS,sa-east-1,gr6.8xlarge,L4,1.0,ondemand,4.1585,4.1585,instances.vantage.sh (AWS Price List mirror)
2026-06-29,AWS,sa-east-1,gr6.8xlarge,L4,1.0,spot,0.94735,0.94735,instances.vantage.sh (AWS Price List mirror)
2026-06-29,AWS,sa-east-1,gr6f.4xlarge,L4,0.5,ondemand,1.81203,3.62406,instances.vantage.sh (AWS Price List mirror)
2026-06-29,AWS,sa-east-1,gr6f.4xlarge,L4,0.5,spot,1.48085,2.9617,instances.vantage.sh (AWS Price List mirror)
2026-06-29,AWS,sa-east-1,inf1.24xlarge,unknown,16.0,ondemand,7.8,0.4875,instances.vantage.sh (AWS Price List mirror)
2026-06-29,AWS,sa-east-1,inf1.24xlarge,unknown,16.0,spot,0.78,0.04875,instances.vantage.sh (AWS Price List mirror)
2026-06-29,AWS,sa-east-1,inf1.2xlarge,unknown,1.0,ondemand,0.598,0.598,instances.vantage.sh (AWS Price List mirror)
2026-06-29,AWS,sa-east-1,inf1.2xlarge,unknown,1.0,spot,0.075367,0.075367,instances.vantage.sh (AWS Price List mirror)
2026-06-29,AWS,sa-east-1,inf1.6xlarge,unknown,4.0,ondemand,1.95,0.4875,instances.vantage.sh (AWS Price List mirror)
2026-06-29,AWS,sa-east-1,inf1.6xlarge,unknown,4.0,spot,0.195,0.04875,instances.vantage.sh (AWS Price List mirror)
2026-06-29,AWS,sa-east-1,inf1.xlarge,unknown,1.0,ondemand,0.377,0.377,instances.vantage.sh (AWS Price List mirror)
2026-06-29,AWS,sa-east-1,inf1.xlarge,unknown,1.0,spot,0.045533,0.045533,instances.vantage.sh (AWS Price List mirror)
2026-06-29,AWS,sa-east-1,inf2.24xlarge,unknown,6.0,ondemand,11.03408,1.8390133333333332,instances.vantage.sh (AWS Price List mirror)
2026-06-29,AWS,sa-east-1,inf2.24xlarge,unknown,6.0,spot,1.1034,0.18389999999999998,instances.vantage.sh (AWS Price List mirror)
2026-06-29,AWS,sa-east-1,inf2.48xlarge,unknown,12.0,ondemand,22.06815,1.8390125,instances.vantage.sh (AWS Price List mirror)
2026-06-29,AWS,sa-east-1,inf2.48xlarge,unknown,12.0,spot,2.2068,0.18389999999999998,instances.vantage.sh (AWS Price List mirror)
2026-06-29,AWS,sa-east-1,inf2.8xlarge,unknown,1.0,ondemand,3.34536,3.34536,instances.vantage.sh (AWS Price List mirror)
2026-06-29,AWS,sa-east-1,inf2.8xlarge,unknown,1.0,spot,0.3345,0.3345,instances.vantage.sh (AWS Price List mirror)
2026-06-29,AWS,sa-east-1,inf2.xlarge,unknown,1.0,ondemand,1.28894,1.28894,instances.vantage.sh (AWS Price List mirror)
2026-06-29,AWS,sa-east-1,inf2.xlarge,unknown,1.0,spot,0.1289,0.1289,instances.vantage.sh (AWS Price List mirror)
2026-06-29,AWS,sa-east-1,p4d.24xlarge,A100,8.0,ondemand,35.5569,4.4446125,instances.vantage.sh (AWS Price List mirror)
2026-06-29,AWS,sa-east-1,p4d.24xlarge,A100,8.0,spot,29.05755,3.63219375,instances.vantage.sh (AWS Price List mirror)
2026-06-29,AWS,sa-east-1,p5.48xlarge,H100,8.0,ondemand,92.4672,11.5584,instances.vantage.sh (AWS Price List mirror)
2026-06-29,AWS,sa-east-1,p5.48xlarge,H100,8.0,spot,75.5522,9.444025,instances.vantage.sh (AWS Price List mirror)
2026-06-29,AWS,sa-east-1,p5.4xlarge,H100,1.0,ondemand,11.5584,11.5584,instances.vantage.sh (AWS Price List mirror)
2026-06-29,AWS,sa-east-1,p5.4xlarge,H100,1.0,spot,9.444,9.444,instances.vantage.sh (AWS Price List mirror)
2026-06-29,AWS,us-east-1,g2.2xlarge,K520,1.0,ondemand,0.65,0.65,instances.vantage.sh (AWS Price List mirror)
2026-06-29,AWS,us-east-1,g2.8xlarge,K520,4.0,ondemand,2.6,0.65,instances.vantage.sh (AWS Price List mirror)
2026-06-29,AWS,us-east-1,g3.16xlarge,M60,4.0,ondemand,4.56,1.14,instances.vantage.sh (AWS Price List mirror)
2026-06-29,AWS,us-east-1,g3.4xlarge,M60,1.0,ondemand,1.14,1.14,instances.vantage.sh (AWS Price List mirror)
2026-06-29,AWS,us-east-1,g3.8xlarge,M60,2.0,ondemand,2.28,1.14,instances.vantage.sh (AWS Price List mirror)
2026-06-29,AWS,us-east-1,g3s.xlarge,M60,1.0,ondemand,0.75,0.75,instances.vantage.sh (AWS Price List mirror)
2026-06-29,AWS,us-east-1,g4ad.16xlarge,V520,4.0,ondemand,3.468,0.867,instances.vantage.sh (AWS Price List mirror)
2026-06-29,AWS,us-east-1,g4ad.16xlarge,V520,4.0,spot,2.237925,0.55948125,instances.vantage.sh (AWS Price List mirror)
2026-06-29,AWS,us-east-1,g4ad.2xlarge,V520,1.0,ondemand,0.54117,0.54117,instances.vantage.sh (AWS Price List mirror)
2026-06-29,AWS,us-east-1,g4ad.2xlarge,V520,1.0,spot,0.229825,0.229825,instances.vantage.sh (AWS Price List mirror)
2026-06-29,AWS,us-east-1,g4ad.4xlarge,V520,1.0,ondemand,0.867,0.867,instances.vantage.sh (AWS Price List mirror)
2026-06-29,AWS,us-east-1,g4ad.4xlarge,V520,1.0,spot,0.34675,0.34675,instances.vantage.sh (AWS Price List mirror)
2026-06-29,AWS,us-east-1,g4ad.8xlarge,V520,2.0,ondemand,1.734,0.867,instances.vantage.sh (AWS Price List mirror)
2026-06-29,AWS,us-east-1,g4ad.8xlarge,V520,2.0,spot,0.7339,0.36695,instances.vantage.sh (AWS Price List mirror)
2026-06-29,AWS,us-east-1,g4ad.xlarge,V520,1.0,ondemand,0.37853,0.37853,instances.vantage.sh (AWS Price List mirror)
2026-06-29,AWS,us-east-1,g4ad.xlarge,V520,1.0,spot,0.12365,0.12365,instances.vantage.sh (AWS Price List mirror)
2026-06-29,AWS,us-east-1,g4dn.12xlarge,T4,4.0,ondemand,3.912,0.978,instances.vantage.sh (AWS Price List mirror)
2026-06-29,AWS,us-east-1,g4dn.12xlarge,T4,4.0,spot,1.349,0.33725,instances.vantage.sh (AWS Price List mirror)
2026-06-29,AWS,us-east-1,g4dn.16xlarge,T4,1.0,ondemand,4.352,4.352,instances.vantage.sh (AWS Price List mirror)
2026-06-29,AWS,us-east-1,g4dn.16xlarge,T4,1.0,spot,1.13532,1.13532,instances.vantage.sh (AWS Price List mirror)
2026-06-29,AWS,us-east-1,g4dn.2xlarge,T4,1.0,ondemand,0.752,0.752,instances.vantage.sh (AWS Price List mirror)
2026-06-29,AWS,us-east-1,g4dn.2xlarge,T4,1.0,spot,0.27612,0.27612,instances.vantage.sh (AWS Price List mirror)
2026-06-29,AWS,us-east-1,g4dn.4xlarge,T4,1.0,ondemand,1.204,1.204,instances.vantage.sh (AWS Price List mirror)
2026-06-29,AWS,us-east-1,g4dn.4xlarge,T4,1.0,spot,0.3758,0.3758,instances.vantage.sh (AWS Price List mirror)
2026-06-29,AWS,us-east-1,g4dn.8xlarge,T4,1.0,ondemand,2.176,2.176,instances.vantage.sh (AWS Price List mirror)
2026-06-29,AWS,us-east-1,g4dn.8xlarge,T4,1.0,spot,0.67988,0.67988,instances.vantage.sh (AWS Price List mirror)
2026-06-29,AWS,us-east-1,g4dn.metal,T4,8.0,ondemand,7.824,0.978,instances.vantage.sh (AWS Price List mirror)
2026-06-29,AWS,us-east-1,g4dn.metal,T4,8.0,spot,4.4496,0.5562,instances.vantage.sh (AWS Price List mirror)
2026-06-29,AWS,us-east-1,g4dn.xlarge,T4,1.0,ondemand,0.526,0.526,instances.vantage.sh (AWS Price List mirror)
2026-06-29,AWS,us-east-1,g4dn.xlarge,T4,1.0,spot,0.2667,0.2667,instances.vantage.sh (AWS Price List mirror)
2026-06-29,AWS,us-east-1,g5.12xlarge,A10G,4.0,ondemand,5.672,1.418,instances.vantage.sh (AWS Price List mirror)
2026-06-29,AWS,us-east-1,g5.12xlarge,A10G,4.0,spot,3.22962,0.807405,instances.vantage.sh (AWS Price List mirror)
2026-06-29,AWS,us-east-1,g5.16xlarge,A10G,1.0,ondemand,4.096,4.096,instances.vantage.sh (AWS Price List mirror)
2026-06-29,AWS,us-east-1,g5.16xlarge,A10G,1.0,spot,1.70228,1.70228,instances.vantage.sh (AWS Price List mirror)
2026-06-29,AWS,us-east-1,g5.24xlarge,A10G,4.0,ondemand,8.144,2.036,instances.vantage.sh (AWS Price List mirror)
2026-06-29,AWS,us-east-1,g5.24xlarge,A10G,4.0,spot,3.5699,0.892475,instances.vantage.sh (AWS Price List mirror)
2026-06-29,AWS,us-east-1,g5.2xlarge,A10G,1.0,ondemand,1.212,1.212,instances.vantage.sh (AWS Price List mirror)
2026-06-29,AWS,us-east-1,g5.2xlarge,A10G,1.0,spot,0.65218,0.65218,instances.vantage.sh (AWS Price List mirror)
2026-06-29,AWS,us-east-1,g5.48xlarge,A10G,8.0,ondemand,16.288,2.036,instances.vantage.sh (AWS Price List mirror)
2026-06-29,AWS,us-east-1,g5.48xlarge,A10G,8.0,spot,7.24226,0.9052825,instances.vantage.sh (AWS Price List mirror)
2026-06-29,AWS,us-east-1,g5.4xlarge,A10G,1.0,ondemand,1.624,1.624,instances.vantage.sh (AWS Price List mirror)
2026-06-29,AWS,us-east-1,g5.4xlarge,A10G,1.0,spot,0.97068,0.97068,instances.vantage.sh (AWS Price List mirror)
2026-06-29,AWS,us-east-1,g5.8xlarge,A10G,1.0,ondemand,2.448,2.448,instances.vantage.sh (AWS Price List mirror)
2026-06-29,AWS,us-east-1,g5.8xlarge,A10G,1.0,spot,1.10642,1.10642,instances.vantage.sh (AWS Price List mirror)
2026-06-29,AWS,us-east-1,g5.xlarge,A10G,1.0,ondemand,1.006,1.006,instances.vantage.sh (AWS Price List mirror)
2026-06-29,AWS,us-east-1,g5.xlarge,A10G,1.0,spot,0.56174,0.56174,instances.vantage.sh (AWS Price List mirror)
2026-06-29,AWS,us-east-1,g5g.16xlarge,T4G,2.0,ondemand,2.744,1.372,instances.vantage.sh (AWS Price List mirror)
2026-06-29,AWS,us-east-1,g5g.16xlarge,T4G,2.0,spot,0.7455,0.37275,instances.vantage.sh (AWS Price List mirror)
2026-06-29,AWS,us-east-1,g5g.2xlarge,T4G,1.0,ondemand,0.556,0.556,instances.vantage.sh (AWS Price List mirror)
2026-06-29,AWS,us-east-1,g5g.2xlarge,T4G,1.0,spot,0.227475,0.227475,instances.vantage.sh (AWS Price List mirror)
2026-06-29,AWS,us-east-1,g5g.4xlarge,T4G,1.0,ondemand,0.828,0.828,instances.vantage.sh (AWS Price List mirror)
2026-06-29,AWS,us-east-1,g5g.4xlarge,T4G,1.0,spot,0.248125,0.248125,instances.vantage.sh (AWS Price List mirror)
2026-06-29,AWS,us-east-1,g5g.8xlarge,T4G,1.0,ondemand,1.372,1.372,instances.vantage.sh (AWS Price List mirror)
2026-06-29,AWS,us-east-1,g5g.8xlarge,T4G,1.0,spot,0.614675,0.614675,instances.vantage.sh (AWS Price List mirror)
2026-06-29,AWS,us-east-1,g5g.metal,T4G,2.0,ondemand,2.744,1.372,instances.vantage.sh (AWS Price List mirror)
2026-06-29,AWS,us-east-1,g5g.metal,T4G,2.0,spot,0.721375,0.3606875,instances.vantage.sh (AWS Price List mirror)
2026-06-29,AWS,us-east-1,g5g.xlarge,T4G,1.0,ondemand,0.42,0.42,instances.vantage.sh (AWS Price List mirror)
2026-06-29,AWS,us-east-1,g5g.xlarge,T4G,1.0,spot,0.1164,0.1164,instances.vantage.sh (AWS Price List mirror)
2026-06-29,AWS,us-east-1,g6.12xlarge,L4,4.0,ondemand,4.6016,1.1504,instances.vantage.sh (AWS Price List mirror)
2026-06-29,AWS,us-east-1,g6.12xlarge,L4,4.0,spot,3.66966,0.917415,instances.vantage.sh (AWS Price List mirror)
2026-06-29,AWS,us-east-1,g6.16xlarge,L4,1.0,ondemand,3.3968,3.3968,instances.vantage.sh (AWS Price List mirror)
2026-06-29,AWS,us-east-1,g6.16xlarge,L4,1.0,spot,1.42648,1.42648,instances.vantage.sh (AWS Price List mirror)
2026-06-29,AWS,us-east-1,g6.24xlarge,L4,4.0,ondemand,6.6752,1.6688,instances.vantage.sh (AWS Price List mirror)
2026-06-29,AWS,us-east-1,g6.24xlarge,L4,4.0,spot,3.42922,0.857305,instances.vantage.sh (AWS Price List mirror)
2026-06-29,AWS,us-east-1,g6.2xlarge,L4,1.0,ondemand,0.9776,0.9776,instances.vantage.sh (AWS Price List mirror)
2026-06-29,AWS,us-east-1,g6.2xlarge,L4,1.0,spot,0.8013,0.8013,instances.vantage.sh (AWS Price List mirror)
2026-06-29,AWS,us-east-1,g6.48xlarge,L4,8.0,ondemand,13.3504,1.6688,instances.vantage.sh (AWS Price List mirror)
2026-06-29,AWS,us-east-1,g6.48xlarge,L4,8.0,spot,8.71578,1.0894725,instances.vantage.sh (AWS Price List mirror)
2026-06-29,AWS,us-east-1,g6.4xlarge,L4,1.0,ondemand,1.3232,1.3232,instances.vantage.sh (AWS Price List mirror)
2026-06-29,AWS,us-east-1,g6.4xlarge,L4,1.0,spot,1.03044,1.03044,instances.vantage.sh (AWS Price List mirror)
2026-06-29,AWS,us-east-1,g6.8xlarge,L4,1.0,ondemand,2.0144,2.0144,instances.vantage.sh (AWS Price List mirror)
2026-06-29,AWS,us-east-1,g6.8xlarge,L4,1.0,spot,1.19302,1.19302,instances.vantage.sh (AWS Price List mirror)
2026-06-29,AWS,us-east-1,g6.xlarge,L4,1.0,ondemand,0.8048,0.8048,instances.vantage.sh (AWS Price List mirror)
2026-06-29,AWS,us-east-1,g6.xlarge,L4,1.0,spot,0.47508,0.47508,instances.vantage.sh (AWS Price List mirror)
2026-06-29,AWS,us-east-1,g6e.12xlarge,L40S,4.0,ondemand,10.49264,2.62316,instances.vantage.sh (AWS Price List mirror)
2026-06-29,AWS,us-east-1,g6e.12xlarge,L40S,4.0,spot,5.4387,1.359675,instances.vantage.sh (AWS Price List mirror)
2026-06-29,AWS,us-east-1,g6e.16xlarge,L40S,1.0,ondemand,7.57719,7.57719,instances.vantage.sh (AWS Price List mirror)
2026-06-29,AWS,us-east-1,g6e.16xlarge,L40S,1.0,spot,1.9026,1.9026,instances.vantage.sh (AWS Price List mirror)
2026-06-29,AWS,us-east-1,g6e.24xlarge,L40S,4.0,ondemand,15.06559,3.7663975,instances.vantage.sh (AWS Price List mirror)
2026-06-29,AWS,us-east-1,g6e.24xlarge,L40S,4.0,spot,5.199525,1.29988125,instances.vantage.sh (AWS Price List mirror)
2026-06-29,AWS,us-east-1,g6e.2xlarge,L40S,1.0,ondemand,2.24208,2.24208,instances.vantage.sh (AWS Price List mirror)
2026-06-29,AWS,us-east-1,g6e.2xlarge,L40S,1.0,spot,1.99025,1.99025,instances.vantage.sh (AWS Price List mirror)
2026-06-29,AWS,us-east-1,g6e.48xlarge,L40S,8.0,ondemand,30.13118,3.7663975,instances.vantage.sh (AWS Price List mirror)
2026-06-29,AWS,us-east-1,g6e.48xlarge,L40S,8.0,spot,14.1141,1.7642625,instances.vantage.sh (AWS Price List mirror)
2026-06-29,AWS,us-east-1,g6e.4xlarge,L40S,1.0,ondemand,3.00424,3.00424,instances.vantage.sh (AWS Price List mirror)
2026-06-29,AWS,us-east-1,g6e.4xlarge,L40S,1.0,spot,2.130625,2.130625,instances.vantage.sh (AWS Price List mirror)
2026-06-29,AWS,us-east-1,g6e.8xlarge,L40S,1.0,ondemand,4.52856,4.52856,instances.vantage.sh (AWS Price List mirror)
2026-06-29,AWS,us-east-1,g6e.8xlarge,L40S,1.0,spot,1.499,1.499,instances.vantage.sh (AWS Price List mirror)
2026-06-29,AWS,us-east-1,g6e.xlarge,L40S,1.0,ondemand,1.861,1.861,instances.vantage.sh (AWS Price List mirror)
2026-06-29,AWS,us-east-1,g6e.xlarge,L40S,1.0,spot,1.63105,1.63105,instances.vantage.sh (AWS Price List mirror)
2026-06-29,AWS,us-east-1,g6f.2xlarge,L4,0.25,ondemand,0.475,1.9,instances.vantage.sh (AWS Price List mirror)
2026-06-29,AWS,us-east-1,g6f.2xlarge,L4,0.25,spot,0.20385,0.8154,instances.vantage.sh (AWS Price List mirror)
2026-06-29,AWS,us-east-1,g6f.4xlarge,L4,0.5,ondemand,0.95,1.9,instances.vantage.sh (AWS Price List mirror)
2026-06-29,AWS,us-east-1,g6f.4xlarge,L4,0.5,spot,0.3508,0.7016,instances.vantage.sh (AWS Price List mirror)
2026-06-29,AWS,us-east-1,g6f.large,L4,0.125,ondemand,0.202,1.616,instances.vantage.sh (AWS Price List mirror)
2026-06-29,AWS,us-east-1,g6f.large,L4,0.125,spot,0.05645,0.4516,instances.vantage.sh (AWS Price List mirror)
2026-06-29,AWS,us-east-1,g6f.xlarge,L4,0.125,ondemand,0.2375,1.9,instances.vantage.sh (AWS Price List mirror)
2026-06-29,AWS,us-east-1,g6f.xlarge,L4,0.125,spot,0.091775,0.7342,instances.vantage.sh (AWS Price List mirror)
2026-06-29,AWS,us-east-1,g7e.12xlarge,NVIDIA GB202,2.0,ondemand,8.28608,4.14304,instances.vantage.sh (AWS Price List mirror)
2026-06-29,AWS,us-east-1,g7e.12xlarge,NVIDIA GB202,2.0,spot,3.18625,1.593125,instances.vantage.sh (AWS Price List mirror)
2026-06-29,AWS,us-east-1,g7e.24xlarge,NVIDIA GB202,4.0,ondemand,16.57216,4.14304,instances.vantage.sh (AWS Price List mirror)
2026-06-29,AWS,us-east-1,g7e.24xlarge,NVIDIA GB202,4.0,spot,5.60615,1.4015375,instances.vantage.sh (AWS Price List mirror)
2026-06-29,AWS,us-east-1,g7e.2xlarge,NVIDIA GB202,1.0,ondemand,3.36312,3.36312,instances.vantage.sh (AWS Price List mirror)
2026-06-29,AWS,us-east-1,g7e.2xlarge,NVIDIA GB202,1.0,spot,1.5517,1.5517,instances.vantage.sh (AWS Price List mirror)
2026-06-29,AWS,us-east-1,g7e.48xlarge,NVIDIA GB202,8.0,ondemand,33.14432,4.14304,instances.vantage.sh (AWS Price List mirror)
2026-06-29,AWS,us-east-1,g7e.48xlarge,NVIDIA GB202,8.0,spot,11.70895,1.46361875,instances.vantage.sh (AWS Price List mirror)
2026-06-29,AWS,us-east-1,g7e.4xlarge,NVIDIA GB202,1.0,ondemand,3.99816,3.99816,instances.vantage.sh (AWS Price List mirror)
2026-06-29,AWS,us-east-1,g7e.4xlarge,NVIDIA GB202,1.0,spot,1.52145,1.52145,instances.vantage.sh (AWS Price List mirror)
2026-06-29,AWS,us-east-1,g7e.8xlarge,NVIDIA GB202,1.0,ondemand,5.26824,5.26824,instances.vantage.sh (AWS Price List mirror)
2026-06-29,AWS,us-east-1,g7e.8xlarge,NVIDIA GB202,1.0,spot,1.986,1.986,instances.vantage.sh (AWS Price List mirror)
2026-06-29,AWS,us-east-1,gr6.4xlarge,L4,1.0,ondemand,1.5392,1.5392,instances.vantage.sh (AWS Price List mirror)
2026-06-29,AWS,us-east-1,gr6.4xlarge,L4,1.0,spot,0.68395,0.68395,instances.vantage.sh (AWS Price List mirror)
2026-06-29,AWS,us-east-1,gr6.8xlarge,L4,1.0,ondemand,2.4464,2.4464,instances.vantage.sh (AWS Price List mirror)
2026-06-29,AWS,us-east-1,gr6.8xlarge,L4,1.0,spot,1.1614,1.1614,instances.vantage.sh (AWS Price List mirror)
2026-06-29,AWS,us-east-1,gr6f.4xlarge,L4,0.5,ondemand,1.066,2.132,instances.vantage.sh (AWS Price List mirror)
2026-06-29,AWS,us-east-1,gr6f.4xlarge,L4,0.5,spot,0.378575,0.75715,instances.vantage.sh (AWS Price List mirror)
2026-06-29,AWS,us-east-1,inf1.24xlarge,unknown,16.0,ondemand,4.721,0.2950625,instances.vantage.sh (AWS Price List mirror)
2026-06-29,AWS,us-east-1,inf1.24xlarge,unknown,16.0,spot,1.05832,0.066145,instances.vantage.sh (AWS Price List mirror)
2026-06-29,AWS,us-east-1,inf1.2xlarge,unknown,1.0,ondemand,0.362,0.362,instances.vantage.sh (AWS Price List mirror)
2026-06-29,AWS,us-east-1,inf1.2xlarge,unknown,1.0,spot,0.09344,0.09344,instances.vantage.sh (AWS Price List mirror)
2026-06-29,AWS,us-east-1,inf1.6xlarge,unknown,4.0,ondemand,1.18,0.295,instances.vantage.sh (AWS Price List mirror)
2026-06-29,AWS,us-east-1,inf1.6xlarge,unknown,4.0,spot,0.2813,0.070325,instances.vantage.sh (AWS Price List mirror)
2026-06-29,AWS,us-east-1,inf1.xlarge,unknown,1.0,ondemand,0.228,0.228,instances.vantage.sh (AWS Price List mirror)
2026-06-29,AWS,us-east-1,inf1.xlarge,unknown,1.0,spot,0.04578,0.04578,instances.vantage.sh (AWS Price List mirror)
2026-06-29,AWS,us-east-1,inf2.24xlarge,unknown,6.0,ondemand,6.49063,1.0817716666666668,instances.vantage.sh (AWS Price List mirror)
2026-06-29,AWS,us-east-1,inf2.24xlarge,unknown,6.0,spot,0.7967,0.13278333333333334,instances.vantage.sh (AWS Price List mirror)
2026-06-29,AWS,us-east-1,inf2.48xlarge,unknown,12.0,ondemand,12.98127,1.0817725,instances.vantage.sh (AWS Price List mirror)
2026-06-29,AWS,us-east-1,inf2.48xlarge,unknown,12.0,spot,3.555375,0.29628125,instances.vantage.sh (AWS Price List mirror)
2026-06-29,AWS,us-east-1,inf2.8xlarge,unknown,1.0,ondemand,1.96786,1.96786,instances.vantage.sh (AWS Price List mirror)
2026-06-29,AWS,us-east-1,inf2.8xlarge,unknown,1.0,spot,0.499575,0.499575,instances.vantage.sh (AWS Price List mirror)
2026-06-29,AWS,us-east-1,inf2.xlarge,unknown,1.0,ondemand,0.7582,0.7582,instances.vantage.sh (AWS Price List mirror)
2026-06-29,AWS,us-east-1,inf2.xlarge,unknown,1.0,spot,0.12695,0.12695,instances.vantage.sh (AWS Price List mirror)
2026-06-29,AWS,us-east-1,p2.16xlarge,K80,16.0,ondemand,14.4,0.9,instances.vantage.sh (AWS Price List mirror)
2026-06-29,AWS,us-east-1,p2.8xlarge,K80,8.0,ondemand,7.2,0.9,instances.vantage.sh (AWS Price List mirror)
2026-06-29,AWS,us-east-1,p2.xlarge,K80,1.0,ondemand,0.9,0.9,instances.vantage.sh (AWS Price List mirror)
2026-06-29,AWS,us-east-1,p3.16xlarge,V100,8.0,ondemand,24.48,3.06,instances.vantage.sh (AWS Price List mirror)
2026-06-29,AWS,us-east-1,p3.16xlarge,V100,8.0,spot,11.5076,1.43845,instances.vantage.sh (AWS Price List mirror)
2026-06-29,AWS,us-east-1,p3.2xlarge,V100,1.0,ondemand,3.06,3.06,instances.vantage.sh (AWS Price List mirror)
2026-06-29,AWS,us-east-1,p3.2xlarge,V100,1.0,spot,0.890725,0.890725,instances.vantage.sh (AWS Price List mirror)
2026-06-29,AWS,us-east-1,p3.8xlarge,V100,4.0,ondemand,12.24,3.06,instances.vantage.sh (AWS Price List mirror)
2026-06-29,AWS,us-east-1,p3.8xlarge,V100,4.0,spot,3.97955,0.9948875,instances.vantage.sh (AWS Price List mirror)
2026-06-29,AWS,us-east-1,p3dn.24xlarge,V100,8.0,ondemand,31.212,3.9015,instances.vantage.sh (AWS Price List mirror)
2026-06-29,AWS,us-east-1,p3dn.24xlarge,V100,8.0,spot,7.9785,0.9973125,instances.vantage.sh (AWS Price List mirror)
2026-06-29,AWS,us-east-1,p4d.24xlarge,A100,8.0,ondemand,21.957642,2.74470525,instances.vantage.sh (AWS Price List mirror)
2026-06-29,AWS,us-east-1,p4d.24xlarge,A100,8.0,spot,12.64275,1.58034375,instances.vantage.sh (AWS Price List mirror)
2026-06-29,AWS,us-east-1,p4de.24xlarge,A100,8.0,ondemand,27.44705,3.43088125,instances.vantage.sh (AWS Price List mirror)
2026-06-29,AWS,us-east-1,p4de.24xlarge,A100,8.0,spot,13.60265,1.70033125,instances.vantage.sh (AWS Price List mirror)
2026-06-29,AWS,us-east-1,p5.48xlarge,H100,8.0,ondemand,55.04,6.88,instances.vantage.sh (AWS Price List mirror)
2026-06-29,AWS,us-east-1,p5.48xlarge,H100,8.0,spot,32.763033,4.095379125,instances.vantage.sh (AWS Price List mirror)
2026-06-29,AWS,us-east-1,p5.4xlarge,H100,1.0,ondemand,6.88,6.88,instances.vantage.sh (AWS Price List mirror)
2026-06-29,AWS,us-east-1,p5.4xlarge,H100,1.0,spot,6.04362,6.04362,instances.vantage.sh (AWS Price List mirror)
2026-06-29,AWS,us-east-1,p5en.48xlarge,H200,8.0,ondemand,63.296,7.912,instances.vantage.sh (AWS Price List mirror)
2026-06-29,AWS,us-east-1,p5en.48xlarge,H200,8.0,spot,18.75685,2.34460625,instances.vantage.sh (AWS Price List mirror)
2026-06-29,AWS,us-east-1,p6-b200.48xlarge,B200,8.0,ondemand,113.9328,14.2416,instances.vantage.sh (AWS Price List mirror)
2026-06-29,AWS,us-east-1,p6-b200.48xlarge,B200,8.0,spot,22.8438,2.855475,instances.vantage.sh (AWS Price List mirror)
2026-06-29,AWS,us-east-1,p6-b300.48xlarge,NVIDIA B300,8.0,ondemand,142.416,17.802,instances.vantage.sh (AWS Price List mirror)
2026-06-29,AWS,us-east-1,p6-b300.48xlarge,NVIDIA B300,8.0,spot,23.0749,2.8843625,instances.vantage.sh (AWS Price List mirror)
2026-06-29,AWS,us-east-1,trn1.2xlarge,unknown,1.0,ondemand,1.34375,1.34375,instances.vantage.sh (AWS Price List mirror)
2026-06-29,AWS,us-east-1,trn1.2xlarge,unknown,1.0,spot,0.7514,0.7514,instances.vantage.sh (AWS Price List mirror)
2026-06-29,AWS,us-east-1,trn1.32xlarge,unknown,16.0,ondemand,21.5,1.34375,instances.vantage.sh (AWS Price List mirror)
2026-06-29,AWS,us-east-1,trn1.32xlarge,unknown,16.0,spot,3.087767,0.1929854375,instances.vantage.sh (AWS Price List mirror)
2026-06-29,AWS,us-east-1,trn1n.32xlarge,unknown,16.0,ondemand,24.78,1.54875,instances.vantage.sh (AWS Price List mirror)
2026-06-29,AWS,us-east-1,trn1n.32xlarge,unknown,16.0,spot,2.478,0.154875,instances.vantage.sh (AWS Price List mirror)
2026-06-29,AWS,us-east-1-atl-1,g4dn.2xlarge,T4,1.0,ondemand,1.015,1.015,instances.vantage.sh (AWS Price List mirror)
2026-06-29,AWS,us-east-1-atl-1,p5.48xlarge,H100,8.0,ondemand,55.04,6.88,instances.vantage.sh (AWS Price List mirror)
2026-06-29,AWS,us-east-1-atl-1,p5en.48xlarge,H200,8.0,ondemand,63.296,7.912,instances.vantage.sh (AWS Price List mirror)
2026-06-29,AWS,us-east-1-atl-1,p6-b200.48xlarge,B200,8.0,ondemand,113.9328,14.2416,instances.vantage.sh (AWS Price List mirror)
2026-06-29,AWS,us-east-1-atl-1,p6-b300.48xlarge,NVIDIA B300,8.0,ondemand,167.3388,20.91735,instances.vantage.sh (AWS Price List mirror)
2026-06-29,AWS,us-east-1-bos-1,g4dn.2xlarge,T4,1.0,ondemand,1.015,1.015,instances.vantage.sh (AWS Price List mirror)
2026-06-29,AWS,us-east-1-bos-1,g4dn.4xlarge,T4,1.0,ondemand,1.625,1.625,instances.vantage.sh (AWS Price List mirror)
2026-06-29,AWS,us-east-1-chi-1,g4dn.2xlarge,T4,1.0,ondemand,1.015,1.015,instances.vantage.sh (AWS Price List mirror)
2026-06-29,AWS,us-east-1-chi-1,g4dn.4xlarge,T4,1.0,ondemand,1.625,1.625,instances.vantage.sh (AWS Price List mirror)
2026-06-29,AWS,us-east-1-dfw-1,g4dn.2xlarge,T4,1.0,ondemand,1.015,1.015,instances.vantage.sh (AWS Price List mirror)
2026-06-29,AWS,us-east-1-dfw-1,g4dn.4xlarge,T4,1.0,ondemand,1.625,1.625,instances.vantage.sh (AWS Price List mirror)
2026-06-29,AWS,us-east-1-iah-1,g4dn.2xlarge,T4,1.0,ondemand,1.015,1.015,instances.vantage.sh (AWS Price List mirror)
2026-06-29,AWS,us-east-1-iah-1,g4dn.4xlarge,T4,1.0,ondemand,1.625,1.625,instances.vantage.sh (AWS Price List mirror)
2026-06-29,AWS,us-east-1-lim-1,g4dn.2xlarge,T4,1.0,ondemand,1.725,1.725,instances.vantage.sh (AWS Price List mirror)
2026-06-29,AWS,us-east-1-mci-1,g4dn.2xlarge,T4,1.0,ondemand,1.015,1.015,instances.vantage.sh (AWS Price List mirror)
2026-06-29,AWS,us-east-1-mia-1,g4dn.2xlarge,T4,1.0,ondemand,1.015,1.015,instances.vantage.sh (AWS Price List mirror)
2026-06-29,AWS,us-east-1-msp-1,g4dn.2xlarge,T4,1.0,ondemand,1.015,1.015,instances.vantage.sh (AWS Price List mirror)
2026-06-29,AWS,us-east-1-nyc-1,g4dn.2xlarge,T4,1.0,ondemand,1.015,1.015,instances.vantage.sh (AWS Price List mirror)
2026-06-29,AWS,us-east-1-nyc-1,g4dn.4xlarge,T4,1.0,ondemand,1.625,1.625,instances.vantage.sh (AWS Price List mirror)
2026-06-29,AWS,us-east-1-phl-1,g4dn.2xlarge,T4,1.0,ondemand,1.015,1.015,instances.vantage.sh (AWS Price List mirror)
2026-06-29,AWS,us-east-1-phl-1,g4dn.4xlarge,T4,1.0,ondemand,1.625,1.625,instances.vantage.sh (AWS Price List mirror)
2026-06-29,AWS,us-east-1-qro-1,g4dn.2xlarge,T4,1.0,ondemand,1.09,1.09,instances.vantage.sh (AWS Price List mirror)
2026-06-29,AWS,us-east-1-qro-1,g4dn.4xlarge,T4,1.0,ondemand,1.746,1.746,instances.vantage.sh (AWS Price List mirror)
2026-06-29,AWS,us-east-1-scl-1,g4dn.2xlarge,T4,1.0,ondemand,1.47,1.47,instances.vantage.sh (AWS Price List mirror)
2026-06-29,AWS,us-east-1-wl1,g4dn.2xlarge,T4,1.0,ondemand,1.317,1.317,instances.vantage.sh (AWS Price List mirror)
2026-06-29,AWS,us-east-1-wl1-atl1,g4dn.2xlarge,T4,1.0,ondemand,1.317,1.317,instances.vantage.sh (AWS Price List mirror)
2026-06-29,AWS,us-east-1-wl1-bna1,g4dn.2xlarge,T4,1.0,ondemand,1.317,1.317,instances.vantage.sh (AWS Price List mirror)
2026-06-29,AWS,us-east-1-wl1-chi1,g4dn.2xlarge,T4,1.0,ondemand,1.317,1.317,instances.vantage.sh (AWS Price List mirror)
2026-06-29,AWS,us-east-1-wl1-clt1,g4dn.2xlarge,T4,1.0,ondemand,1.317,1.317,instances.vantage.sh (AWS Price List mirror)
2026-06-29,AWS,us-east-1-wl1-dfw1,g4dn.2xlarge,T4,1.0,ondemand,1.317,1.317,instances.vantage.sh (AWS Price List mirror)
2026-06-29,AWS,us-east-1-wl1-dtw1,g4dn.2xlarge,T4,1.0,ondemand,1.317,1.317,instances.vantage.sh (AWS Price List mirror)
2026-06-29,AWS,us-east-1-wl1-iah1,g4dn.2xlarge,T4,1.0,ondemand,1.317,1.317,instances.vantage.sh (AWS Price List mirror)
2026-06-29,AWS,us-east-1-wl1-mia1,g4dn.2xlarge,T4,1.0,ondemand,1.317,1.317,instances.vantage.sh (AWS Price List mirror)
2026-06-29,AWS,us-east-1-wl1-msp1,g4dn.2xlarge,T4,1.0,ondemand,1.317,1.317,instances.vantage.sh (AWS Price List mirror)
2026-06-29,AWS,us-east-1-wl1-nyc1,g4dn.2xlarge,T4,1.0,ondemand,1.317,1.317,instances.vantage.sh (AWS Price List mirror)
2026-06-29,AWS,us-east-1-wl1-tpa1,g4dn.2xlarge,T4,1.0,ondemand,1.317,1.317,instances.vantage.sh (AWS Price List mirror)
2026-06-29,AWS,us-east-1-wl1-was1,g4dn.2xlarge,T4,1.0,ondemand,1.317,1.317,instances.vantage.sh (AWS Price List mirror)
2026-06-29,AWS,us-east-2,g3.16xlarge,M60,4.0,ondemand,4.56,1.14,instances.vantage.sh (AWS Price List mirror)
2026-06-29,AWS,us-east-2,g3.4xlarge,M60,1.0,ondemand,1.14,1.14,instances.vantage.sh (AWS Price List mirror)
2026-06-29,AWS,us-east-2,g3.8xlarge,M60,2.0,ondemand,2.28,1.14,instances.vantage.sh (AWS Price List mirror)
2026-06-29,AWS,us-east-2,g3s.xlarge,M60,1.0,ondemand,0.75,0.75,instances.vantage.sh (AWS Price List mirror)
2026-06-29,AWS,us-east-2,g4ad.16xlarge,V520,4.0,ondemand,3.468,0.867,instances.vantage.sh (AWS Price List mirror)
2026-06-29,AWS,us-east-2,g4ad.16xlarge,V520,4.0,spot,0.726233,0.18155825,instances.vantage.sh (AWS Price List mirror)
2026-06-29,AWS,us-east-2,g4ad.2xlarge,V520,1.0,ondemand,0.54117,0.54117,instances.vantage.sh (AWS Price List mirror)
2026-06-29,AWS,us-east-2,g4ad.2xlarge,V520,1.0,spot,0.135433,0.135433,instances.vantage.sh (AWS Price List mirror)
2026-06-29,AWS,us-east-2,g4ad.4xlarge,V520,1.0,ondemand,0.867,0.867,instances.vantage.sh (AWS Price List mirror)
2026-06-29,AWS,us-east-2,g4ad.4xlarge,V520,1.0,spot,0.2255,0.2255,instances.vantage.sh (AWS Price List mirror)
2026-06-29,AWS,us-east-2,g4ad.8xlarge,V520,2.0,ondemand,1.734,0.867,instances.vantage.sh (AWS Price List mirror)
2026-06-29,AWS,us-east-2,g4ad.8xlarge,V520,2.0,spot,0.423467,0.2117335,instances.vantage.sh (AWS Price List mirror)
2026-06-29,AWS,us-east-2,g4ad.xlarge,V520,1.0,ondemand,0.37853,0.37853,instances.vantage.sh (AWS Price List mirror)
2026-06-29,AWS,us-east-2,g4ad.xlarge,V520,1.0,spot,0.1038,0.1038,instances.vantage.sh (AWS Price List mirror)
2026-06-29,AWS,us-east-2,g4dn.12xlarge,T4,4.0,ondemand,3.912,0.978,instances.vantage.sh (AWS Price List mirror)
2026-06-29,AWS,us-east-2,g4dn.12xlarge,T4,4.0,spot,1.248233,0.31205825,instances.vantage.sh (AWS Price List mirror)
2026-06-29,AWS,us-east-2,g4dn.16xlarge,T4,1.0,ondemand,4.352,4.352,instances.vantage.sh (AWS Price List mirror)
2026-06-29,AWS,us-east-2,g4dn.16xlarge,T4,1.0,spot,1.024367,1.024367,instances.vantage.sh (AWS Price List mirror)
2026-06-29,AWS,us-east-2,g4dn.2xlarge,T4,1.0,ondemand,0.752,0.752,instances.vantage.sh (AWS Price List mirror)
2026-06-29,AWS,us-east-2,g4dn.2xlarge,T4,1.0,spot,0.208567,0.208567,instances.vantage.sh (AWS Price List mirror)
2026-06-29,AWS,us-east-2,g4dn.4xlarge,T4,1.0,ondemand,1.204,1.204,instances.vantage.sh (AWS Price List mirror)
2026-06-29,AWS,us-east-2,g4dn.4xlarge,T4,1.0,spot,0.346,0.346,instances.vantage.sh (AWS Price List mirror)
2026-06-29,AWS,us-east-2,g4dn.8xlarge,T4,1.0,ondemand,2.176,2.176,instances.vantage.sh (AWS Price List mirror)
2026-06-29,AWS,us-east-2,g4dn.8xlarge,T4,1.0,spot,0.547233,0.547233,instances.vantage.sh (AWS Price List mirror)
2026-06-29,AWS,us-east-2,g4dn.metal,T4,8.0,ondemand,7.824,0.978,instances.vantage.sh (AWS Price List mirror)
2026-06-29,AWS,us-east-2,g4dn.metal,T4,8.0,spot,3.063433,0.382929125,instances.vantage.sh (AWS Price List mirror)
2026-06-29,AWS,us-east-2,g4dn.xlarge,T4,1.0,ondemand,0.526,0.526,instances.vantage.sh (AWS Price List mirror)
2026-06-29,AWS,us-east-2,g4dn.xlarge,T4,1.0,spot,0.131833,0.131833,instances.vantage.sh (AWS Price List mirror)
2026-06-29,AWS,us-east-2,g5.12xlarge,A10G,4.0,ondemand,5.672,1.418,instances.vantage.sh (AWS Price List mirror)
2026-06-29,AWS,us-east-2,g5.12xlarge,A10G,4.0,spot,2.430533,0.60763325,instances.vantage.sh (AWS Price List mirror)
2026-06-29,AWS,us-east-2,g5.16xlarge,A10G,1.0,ondemand,4.096,4.096,instances.vantage.sh (AWS Price List mirror)
2026-06-29,AWS,us-east-2,g5.16xlarge,A10G,1.0,spot,1.008,1.008,instances.vantage.sh (AWS Price List mirror)
2026-06-29,AWS,us-east-2,g5.24xlarge,A10G,4.0,ondemand,8.144,2.036,instances.vantage.sh (AWS Price List mirror)
2026-06-29,AWS,us-east-2,g5.24xlarge,A10G,4.0,spot,2.6066,0.65165,instances.vantage.sh (AWS Price List mirror)
2026-06-29,AWS,us-east-2,g5.2xlarge,A10G,1.0,ondemand,1.212,1.212,instances.vantage.sh (AWS Price List mirror)
2026-06-29,AWS,us-east-2,g5.2xlarge,A10G,1.0,spot,0.3775,0.3775,instances.vantage.sh (AWS Price List mirror)
2026-06-29,AWS,us-east-2,g5.48xlarge,A10G,8.0,ondemand,16.288,2.036,instances.vantage.sh (AWS Price List mirror)
2026-06-29,AWS,us-east-2,g5.48xlarge,A10G,8.0,spot,5.4492,0.68115,instances.vantage.sh (AWS Price List mirror)
2026-06-29,AWS,us-east-2,g5.4xlarge,A10G,1.0,ondemand,1.624,1.624,instances.vantage.sh (AWS Price List mirror)
2026-06-29,AWS,us-east-2,g5.4xlarge,A10G,1.0,spot,0.555233,0.555233,instances.vantage.sh (AWS Price List mirror)
2026-06-29,AWS,us-east-2,g5.8xlarge,A10G,1.0,ondemand,2.448,2.448,instances.vantage.sh (AWS Price List mirror)
2026-06-29,AWS,us-east-2,g5.8xlarge,A10G,1.0,spot,0.747467,0.747467,instances.vantage.sh (AWS Price List mirror)
2026-06-29,AWS,us-east-2,g5.xlarge,A10G,1.0,ondemand,1.006,1.006,instances.vantage.sh (AWS Price List mirror)
2026-06-29,AWS,us-east-2,g5.xlarge,A10G,1.0,spot,0.629133,0.629133,instances.vantage.sh (AWS Price List mirror)
2026-06-29,AWS,us-east-2,g6.12xlarge,L4,4.0,ondemand,4.6016,1.1504,instances.vantage.sh (AWS Price List mirror)
2026-06-29,AWS,us-east-2,g6.12xlarge,L4,4.0,spot,1.285867,0.32146675,instances.vantage.sh (AWS Price List mirror)
2026-06-29,AWS,us-east-2,g6.16xlarge,L4,1.0,ondemand,3.3968,3.3968,instances.vantage.sh (AWS Price List mirror)
2026-06-29,AWS,us-east-2,g6.16xlarge,L4,1.0,spot,1.101133,1.101133,instances.vantage.sh (AWS Price List mirror)
2026-06-29,AWS,us-east-2,g6.24xlarge,L4,4.0,ondemand,6.6752,1.6688,instances.vantage.sh (AWS Price List mirror)
2026-06-29,AWS,us-east-2,g6.24xlarge,L4,4.0,spot,2.0437,0.510925,instances.vantage.sh (AWS Price List mirror)
2026-06-29,AWS,us-east-2,g6.2xlarge,L4,1.0,ondemand,0.9776,0.9776,instances.vantage.sh (AWS Price List mirror)
2026-06-29,AWS,us-east-2,g6.2xlarge,L4,1.0,spot,0.270133,0.270133,instances.vantage.sh (AWS Price List mirror)
2026-06-29,AWS,us-east-2,g6.48xlarge,L4,8.0,ondemand,13.3504,1.6688,instances.vantage.sh (AWS Price List mirror)
2026-06-29,AWS,us-east-2,g6.48xlarge,L4,8.0,spot,4.160033,0.520004125,instances.vantage.sh (AWS Price List mirror)
2026-06-29,AWS,us-east-2,g6.4xlarge,L4,1.0,ondemand,1.3232,1.3232,instances.vantage.sh (AWS Price List mirror)
2026-06-29,AWS,us-east-2,g6.4xlarge,L4,1.0,spot,0.4504,0.4504,instances.vantage.sh (AWS Price List mirror)
2026-06-29,AWS,us-east-2,g6.8xlarge,L4,1.0,ondemand,2.0144,2.0144,instances.vantage.sh (AWS Price List mirror)
2026-06-29,AWS,us-east-2,g6.8xlarge,L4,1.0,spot,0.454933,0.454933,instances.vantage.sh (AWS Price List mirror)
2026-06-29,AWS,us-east-2,g6.xlarge,L4,1.0,ondemand,0.8048,0.8048,instances.vantage.sh (AWS Price List mirror)
2026-06-29,AWS,us-east-2,g6.xlarge,L4,1.0,spot,0.1925,0.1925,instances.vantage.sh (AWS Price List mirror)
2026-06-29,AWS,us-east-2,g6e.12xlarge,L40S,4.0,ondemand,10.49264,2.62316,instances.vantage.sh (AWS Price List mirror)
2026-06-29,AWS,us-east-2,g6e.12xlarge,L40S,4.0,spot,2.0583,0.514575,instances.vantage.sh (AWS Price List mirror)
2026-06-29,AWS,us-east-2,g6e.16xlarge,L40S,1.0,ondemand,7.57719,7.57719,instances.vantage.sh (AWS Price List mirror)
2026-06-29,AWS,us-east-2,g6e.16xlarge,L40S,1.0,spot,1.331067,1.331067,instances.vantage.sh (AWS Price List mirror)
2026-06-29,AWS,us-east-2,g6e.24xlarge,L40S,4.0,ondemand,15.06559,3.7663975,instances.vantage.sh (AWS Price List mirror)
2026-06-29,AWS,us-east-2,g6e.24xlarge,L40S,4.0,spot,2.789133,0.69728325,instances.vantage.sh (AWS Price List mirror)
2026-06-29,AWS,us-east-2,g6e.2xlarge,L40S,1.0,ondemand,2.24208,2.24208,instances.vantage.sh (AWS Price List mirror)
2026-06-29,AWS,us-east-2,g6e.2xlarge,L40S,1.0,spot,0.665667,0.665667,instances.vantage.sh (AWS Price List mirror)
2026-06-29,AWS,us-east-2,g6e.48xlarge,L40S,8.0,ondemand,30.13118,3.7663975,instances.vantage.sh (AWS Price List mirror)
2026-06-29,AWS,us-east-2,g6e.48xlarge,L40S,8.0,spot,6.4696,0.8087,instances.vantage.sh (AWS Price List mirror)
2026-06-29,AWS,us-east-2,g6e.4xlarge,L40S,1.0,ondemand,3.00424,3.00424,instances.vantage.sh (AWS Price List mirror)
2026-06-29,AWS,us-east-2,g6e.4xlarge,L40S,1.0,spot,0.802867,0.802867,instances.vantage.sh (AWS Price List mirror)
2026-06-29,AWS,us-east-2,g6e.8xlarge,L40S,1.0,ondemand,4.52856,4.52856,instances.vantage.sh (AWS Price List mirror)
2026-06-29,AWS,us-east-2,g6e.8xlarge,L40S,1.0,spot,1.072733,1.072733,instances.vantage.sh (AWS Price List mirror)
2026-06-29,AWS,us-east-2,g6e.xlarge,L40S,1.0,ondemand,1.861,1.861,instances.vantage.sh (AWS Price List mirror)
2026-06-29,AWS,us-east-2,g6e.xlarge,L40S,1.0,spot,0.5214,0.5214,instances.vantage.sh (AWS Price List mirror)
2026-06-29,AWS,us-east-2,g6f.2xlarge,L4,0.25,ondemand,0.475,1.9,instances.vantage.sh (AWS Price List mirror)
2026-06-29,AWS,us-east-2,g6f.2xlarge,L4,0.25,spot,0.1028,0.4112,instances.vantage.sh (AWS Price List mirror)
2026-06-29,AWS,us-east-2,g6f.4xlarge,L4,0.5,ondemand,0.95,1.9,instances.vantage.sh (AWS Price List mirror)
2026-06-29,AWS,us-east-2,g6f.4xlarge,L4,0.5,spot,0.376333,0.752666,instances.vantage.sh (AWS Price List mirror)
2026-06-29,AWS,us-east-2,g6f.large,L4,0.125,ondemand,0.202,1.616,instances.vantage.sh (AWS Price List mirror)
2026-06-29,AWS,us-east-2,g6f.large,L4,0.125,spot,0.0429,0.3432,instances.vantage.sh (AWS Price List mirror)
2026-06-29,AWS,us-east-2,g6f.xlarge,L4,0.125,ondemand,0.2375,1.9,instances.vantage.sh (AWS Price List mirror)
2026-06-29,AWS,us-east-2,g6f.xlarge,L4,0.125,spot,0.0683,0.5464,instances.vantage.sh (AWS Price List mirror)
2026-06-29,AWS,us-east-2,g7.12xlarge,NVIDIA RTX PRO 4500 Blackwell,2.0,ondemand,7.12832,3.56416,instances.vantage.sh (AWS Price List mirror)
2026-06-29,AWS,us-east-2,g7.12xlarge,NVIDIA RTX PRO 4500 Blackwell,2.0,spot,1.329867,0.6649335,instances.vantage.sh (AWS Price List mirror)
2026-06-29,AWS,us-east-2,g7.24xlarge,NVIDIA RTX PRO 4500 Blackwell,4.0,ondemand,14.25664,3.56416,instances.vantage.sh (AWS Price List mirror)
2026-06-29,AWS,us-east-2,g7.24xlarge,NVIDIA RTX PRO 4500 Blackwell,4.0,spot,2.3702,0.59255,instances.vantage.sh (AWS Price List mirror)
2026-06-29,AWS,us-east-2,g7.2xlarge,NVIDIA RTX PRO 4500 Blackwell,1.0,ondemand,2.52,2.52,instances.vantage.sh (AWS Price List mirror)
2026-06-29,AWS,us-east-2,g7.2xlarge,NVIDIA RTX PRO 4500 Blackwell,1.0,spot,0.454967,0.454967,instances.vantage.sh (AWS Price List mirror)
2026-06-29,AWS,us-east-2,g7.48xlarge,NVIDIA RTX PRO 4500 Blackwell,8.0,ondemand,28.51328,3.56416,instances.vantage.sh (AWS Price List mirror)
2026-06-29,AWS,us-east-2,g7.48xlarge,NVIDIA RTX PRO 4500 Blackwell,8.0,spot,4.7626,0.595325,instances.vantage.sh (AWS Price List mirror)
2026-06-29,AWS,us-east-2,g7.4xlarge,NVIDIA RTX PRO 4500 Blackwell,1.0,ondemand,3.04208,3.04208,instances.vantage.sh (AWS Price List mirror)
2026-06-29,AWS,us-east-2,g7.4xlarge,NVIDIA RTX PRO 4500 Blackwell,1.0,spot,0.5619,0.5619,instances.vantage.sh (AWS Price List mirror)
2026-06-29,AWS,us-east-2,g7.8xlarge,NVIDIA RTX PRO 4500 Blackwell,1.0,ondemand,4.08624,4.08624,instances.vantage.sh (AWS Price List mirror)
2026-06-29,AWS,us-east-2,g7.8xlarge,NVIDIA RTX PRO 4500 Blackwell,1.0,spot,0.848567,0.848567,instances.vantage.sh (AWS Price List mirror)
2026-06-29,AWS,us-east-2,g7e.12xlarge,NVIDIA GB202,2.0,ondemand,8.28608,4.14304,instances.vantage.sh (AWS Price List mirror)
2026-06-29,AWS,us-east-2,g7e.12xlarge,NVIDIA GB202,2.0,spot,2.2198,1.1099,instances.vantage.sh (AWS Price List mirror)
2026-06-29,AWS,us-east-2,g7e.24xlarge,NVIDIA GB202,4.0,ondemand,16.57216,4.14304,instances.vantage.sh (AWS Price List mirror)
2026-06-29,AWS,us-east-2,g7e.24xlarge,NVIDIA GB202,4.0,spot,4.69735,1.1743375,instances.vantage.sh (AWS Price List mirror)
2026-06-29,AWS,us-east-2,g7e.2xlarge,NVIDIA GB202,1.0,ondemand,3.36312,3.36312,instances.vantage.sh (AWS Price List mirror)
2026-06-29,AWS,us-east-2,g7e.2xlarge,NVIDIA GB202,1.0,spot,1.31865,1.31865,instances.vantage.sh (AWS Price List mirror)
2026-06-29,AWS,us-east-2,g7e.48xlarge,NVIDIA GB202,8.0,ondemand,33.14432,4.14304,instances.vantage.sh (AWS Price List mirror)
2026-06-29,AWS,us-east-2,g7e.48xlarge,NVIDIA GB202,8.0,spot,10.02915,1.25364375,instances.vantage.sh (AWS Price List mirror)
2026-06-29,AWS,us-east-2,g7e.4xlarge,NVIDIA GB202,1.0,ondemand,3.99816,3.99816,instances.vantage.sh (AWS Price List mirror)
2026-06-29,AWS,us-east-2,g7e.4xlarge,NVIDIA GB202,1.0,spot,1.5742,1.5742,instances.vantage.sh (AWS Price List mirror)
2026-06-29,AWS,us-east-2,g7e.8xlarge,NVIDIA GB202,1.0,ondemand,5.26824,5.26824,instances.vantage.sh (AWS Price List mirror)
2026-06-29,AWS,us-east-2,g7e.8xlarge,NVIDIA GB202,1.0,spot,1.85785,1.85785,instances.vantage.sh (AWS Price List mirror)
2026-06-29,AWS,us-east-2,gr6.4xlarge,L4,1.0,ondemand,1.5392,1.5392,instances.vantage.sh (AWS Price List mirror)
2026-06-29,AWS,us-east-2,gr6.4xlarge,L4,1.0,spot,0.327267,0.327267,instances.vantage.sh (AWS Price List mirror)
2026-06-29,AWS,us-east-2,gr6.8xlarge,L4,1.0,ondemand,2.4464,2.4464,instances.vantage.sh (AWS Price List mirror)
2026-06-29,AWS,us-east-2,gr6.8xlarge,L4,1.0,spot,0.546833,0.546833,instances.vantage.sh (AWS Price List mirror)
2026-06-29,AWS,us-east-2,gr6f.4xlarge,L4,0.5,ondemand,1.066,2.132,instances.vantage.sh (AWS Price List mirror)
2026-06-29,AWS,us-east-2,gr6f.4xlarge,L4,0.5,spot,0.375267,0.750534,instances.vantage.sh (AWS Price List mirror)
2026-06-29,AWS,us-east-2,inf1.24xlarge,unknown,16.0,ondemand,4.721,0.2950625,instances.vantage.sh (AWS Price List mirror)
2026-06-29,AWS,us-east-2,inf1.24xlarge,unknown,16.0,spot,0.4721,0.02950625,instances.vantage.sh (AWS Price List mirror)
2026-06-29,AWS,us-east-2,inf1.2xlarge,unknown,1.0,ondemand,0.362,0.362,instances.vantage.sh (AWS Price List mirror)
2026-06-29,AWS,us-east-2,inf1.2xlarge,unknown,1.0,spot,0.083933,0.083933,instances.vantage.sh (AWS Price List mirror)
2026-06-29,AWS,us-east-2,inf1.6xlarge,unknown,4.0,ondemand,1.18,0.295,instances.vantage.sh (AWS Price List mirror)
2026-06-29,AWS,us-east-2,inf1.6xlarge,unknown,4.0,spot,0.2785,0.069625,instances.vantage.sh (AWS Price List mirror)
2026-06-29,AWS,us-east-2,inf1.xlarge,unknown,1.0,ondemand,0.228,0.228,instances.vantage.sh (AWS Price List mirror)
2026-06-29,AWS,us-east-2,inf1.xlarge,unknown,1.0,spot,0.038367,0.038367,instances.vantage.sh (AWS Price List mirror)
2026-06-29,AWS,us-east-2,inf2.24xlarge,unknown,6.0,ondemand,6.49063,1.0817716666666668,instances.vantage.sh (AWS Price List mirror)
2026-06-29,AWS,us-east-2,inf2.24xlarge,unknown,6.0,spot,0.6609,0.11015000000000001,instances.vantage.sh (AWS Price List mirror)
2026-06-29,AWS,us-east-2,inf2.48xlarge,unknown,12.0,ondemand,12.98127,1.0817725,instances.vantage.sh (AWS Price List mirror)
2026-06-29,AWS,us-east-2,inf2.48xlarge,unknown,12.0,spot,1.2981,0.10817500000000001,instances.vantage.sh (AWS Price List mirror)
2026-06-29,AWS,us-east-2,inf2.8xlarge,unknown,1.0,ondemand,1.96786,1.96786,instances.vantage.sh (AWS Price List mirror)
2026-06-29,AWS,us-east-2,inf2.8xlarge,unknown,1.0,spot,0.3664,0.3664,instances.vantage.sh (AWS Price List mirror)
2026-06-29,AWS,us-east-2,inf2.xlarge,unknown,1.0,ondemand,0.7582,0.7582,instances.vantage.sh (AWS Price List mirror)
2026-06-29,AWS,us-east-2,inf2.xlarge,unknown,1.0,spot,0.0758,0.0758,instances.vantage.sh (AWS Price List mirror)
2026-06-29,AWS,us-east-2,p2.16xlarge,K80,16.0,ondemand,14.4,0.9,instances.vantage.sh (AWS Price List mirror)
2026-06-29,AWS,us-east-2,p2.8xlarge,K80,8.0,ondemand,7.2,0.9,instances.vantage.sh (AWS Price List mirror)
2026-06-29,AWS,us-east-2,p2.xlarge,K80,1.0,ondemand,0.9,0.9,instances.vantage.sh (AWS Price List mirror)
2026-06-29,AWS,us-east-2,p3.16xlarge,V100,8.0,ondemand,24.48,3.06,instances.vantage.sh (AWS Price List mirror)
2026-06-29,AWS,us-east-2,p3.16xlarge,V100,8.0,spot,14.1719,1.7714875,instances.vantage.sh (AWS Price List mirror)
2026-06-29,AWS,us-east-2,p3.2xlarge,V100,1.0,ondemand,3.06,3.06,instances.vantage.sh (AWS Price List mirror)
2026-06-29,AWS,us-east-2,p3.2xlarge,V100,1.0,spot,0.7881,0.7881,instances.vantage.sh (AWS Price List mirror)
2026-06-29,AWS,us-east-2,p3.8xlarge,V100,4.0,ondemand,12.24,3.06,instances.vantage.sh (AWS Price List mirror)
2026-06-29,AWS,us-east-2,p3.8xlarge,V100,4.0,spot,3.19885,0.7997125,instances.vantage.sh (AWS Price List mirror)
2026-06-29,AWS,us-east-2,p4d.24xlarge,A100,8.0,ondemand,21.95764,2.744705,instances.vantage.sh (AWS Price List mirror)
2026-06-29,AWS,us-east-2,p4d.24xlarge,A100,8.0,spot,12.5819,1.5727375,instances.vantage.sh (AWS Price List mirror)
2026-06-29,AWS,us-east-2,p5.48xlarge,H100,8.0,ondemand,55.04,6.88,instances.vantage.sh (AWS Price List mirror)
2026-06-29,AWS,us-east-2,p5.48xlarge,H100,8.0,spot,13.118467,1.639808375,instances.vantage.sh (AWS Price List mirror)
2026-06-29,AWS,us-east-2,p5.4xlarge,H100,1.0,ondemand,6.88,6.88,instances.vantage.sh (AWS Price List mirror)
2026-06-29,AWS,us-east-2,p5.4xlarge,H100,1.0,spot,2.6901,2.6901,instances.vantage.sh (AWS Price List mirror)
2026-06-29,AWS,us-east-2,p5en.48xlarge,H200,8.0,ondemand,63.296,7.912,instances.vantage.sh (AWS Price List mirror)
2026-06-29,AWS,us-east-2,p5en.48xlarge,H200,8.0,spot,19.469333,2.433666625,instances.vantage.sh (AWS Price List mirror)
2026-06-29,AWS,us-east-2,p6-b200.48xlarge,B200,8.0,ondemand,113.9328,14.2416,instances.vantage.sh (AWS Price List mirror)
2026-06-29,AWS,us-east-2,p6-b200.48xlarge,B200,8.0,spot,29.966533,3.745816625,instances.vantage.sh (AWS Price List mirror)
2026-06-29,AWS,us-east-2,trn1.2xlarge,unknown,1.0,ondemand,1.34375,1.34375,instances.vantage.sh (AWS Price List mirror)
2026-06-29,AWS,us-east-2,trn1.2xlarge,unknown,1.0,spot,0.1344,0.1344,instances.vantage.sh (AWS Price List mirror)
2026-06-29,AWS,us-east-2,trn1.32xlarge,unknown,16.0,ondemand,21.5,1.34375,instances.vantage.sh (AWS Price List mirror)
2026-06-29,AWS,us-east-2,trn1.32xlarge,unknown,16.0,spot,2.15,0.134375,instances.vantage.sh (AWS Price List mirror)
2026-06-29,AWS,us-east-2,trn1n.32xlarge,unknown,16.0,ondemand,24.78,1.54875,instances.vantage.sh (AWS Price List mirror)
2026-06-29,AWS,us-east-2,trn1n.32xlarge,unknown,16.0,spot,2.478,0.154875,instances.vantage.sh (AWS Price List mirror)
2026-06-29,AWS,us-gov-east-1,g4dn.12xlarge,T4,4.0,ondemand,4.931,1.23275,instances.vantage.sh (AWS Price List mirror)
2026-06-29,AWS,us-gov-east-1,g4dn.16xlarge,T4,1.0,ondemand,5.486,5.486,instances.vantage.sh (AWS Price List mirror)
2026-06-29,AWS,us-gov-east-1,g4dn.2xlarge,T4,1.0,ondemand,0.948,0.948,instances.vantage.sh (AWS Price List mirror)
2026-06-29,AWS,us-gov-east-1,g4dn.4xlarge,T4,1.0,ondemand,1.518,1.518,instances.vantage.sh (AWS Price List mirror)
2026-06-29,AWS,us-gov-east-1,g4dn.8xlarge,T4,1.0,ondemand,2.743,2.743,instances.vantage.sh (AWS Price List mirror)
2026-06-29,AWS,us-gov-east-1,g4dn.xlarge,T4,1.0,ondemand,0.663,0.663,instances.vantage.sh (AWS Price List mirror)
2026-06-29,AWS,us-gov-east-1,g6.12xlarge,L4,4.0,ondemand,5.80003,1.4500075,instances.vantage.sh (AWS Price List mirror)
2026-06-29,AWS,us-gov-east-1,g6.16xlarge,L4,1.0,ondemand,4.28145,4.28145,instances.vantage.sh (AWS Price List mirror)
2026-06-29,AWS,us-gov-east-1,g6.24xlarge,L4,4.0,ondemand,8.41367,2.1034175,instances.vantage.sh (AWS Price List mirror)
2026-06-29,AWS,us-gov-east-1,g6.2xlarge,L4,1.0,ondemand,1.2322,1.2322,instances.vantage.sh (AWS Price List mirror)
2026-06-29,AWS,us-gov-east-1,g6.48xlarge,L4,8.0,ondemand,16.82734,2.1034175,instances.vantage.sh (AWS Price List mirror)
2026-06-29,AWS,us-gov-east-1,g6.4xlarge,L4,1.0,ondemand,1.66781,1.66781,instances.vantage.sh (AWS Price List mirror)
2026-06-29,AWS,us-gov-east-1,g6.8xlarge,L4,1.0,ondemand,2.53903,2.53903,instances.vantage.sh (AWS Price List mirror)
2026-06-29,AWS,us-gov-east-1,g6.xlarge,L4,1.0,ondemand,1.0144,1.0144,instances.vantage.sh (AWS Price List mirror)
2026-06-29,AWS,us-gov-east-1,gr6.4xlarge,L4,1.0,ondemand,1.9401,1.9401,instances.vantage.sh (AWS Price List mirror)
2026-06-29,AWS,us-gov-east-1,gr6.8xlarge,L4,1.0,ondemand,3.08359,3.08359,instances.vantage.sh (AWS Price List mirror)
2026-06-29,AWS,us-gov-east-1,inf1.24xlarge,unknown,16.0,ondemand,5.953,0.3720625,instances.vantage.sh (AWS Price List mirror)
2026-06-29,AWS,us-gov-east-1,inf1.2xlarge,unknown,1.0,ondemand,0.456,0.456,instances.vantage.sh (AWS Price List mirror)
2026-06-29,AWS,us-gov-east-1,inf1.6xlarge,unknown,4.0,ondemand,1.488,0.372,instances.vantage.sh (AWS Price List mirror)
2026-06-29,AWS,us-gov-east-1,inf1.xlarge,unknown,1.0,ondemand,0.288,0.288,instances.vantage.sh (AWS Price List mirror)
2026-06-29,AWS,us-gov-east-1,p3dn.24xlarge,V100,8.0,ondemand,37.454,4.68175,instances.vantage.sh (AWS Price List mirror)
2026-06-29,AWS,us-gov-east-1,p6-b200.48xlarge,B200,8.0,ondemand,136.71936,17.08992,instances.vantage.sh (AWS Price List mirror)
2026-06-29,AWS,us-gov-east-1,p6-b300.48xlarge,NVIDIA B300,8.0,ondemand,170.9,21.3625,instances.vantage.sh (AWS Price List mirror)
2026-06-29,AWS,us-gov-west-1,g3.16xlarge,M60,4.0,ondemand,5.28,1.32,instances.vantage.sh (AWS Price List mirror)
2026-06-29,AWS,us-gov-west-1,g3.4xlarge,M60,1.0,ondemand,1.32,1.32,instances.vantage.sh (AWS Price List mirror)
2026-06-29,AWS,us-gov-west-1,g3.8xlarge,M60,2.0,ondemand,2.64,1.32,instances.vantage.sh (AWS Price List mirror)
2026-06-29,AWS,us-gov-west-1,g3s.xlarge,M60,1.0,ondemand,0.868,0.868,instances.vantage.sh (AWS Price List mirror)
2026-06-29,AWS,us-gov-west-1,g4dn.12xlarge,T4,4.0,ondemand,4.931,1.23275,instances.vantage.sh (AWS Price List mirror)
2026-06-29,AWS,us-gov-west-1,g4dn.16xlarge,T4,1.0,ondemand,5.486,5.486,instances.vantage.sh (AWS Price List mirror)
2026-06-29,AWS,us-gov-west-1,g4dn.2xlarge,T4,1.0,ondemand,0.948,0.948,instances.vantage.sh (AWS Price List mirror)
2026-06-29,AWS,us-gov-west-1,g4dn.4xlarge,T4,1.0,ondemand,1.518,1.518,instances.vantage.sh (AWS Price List mirror)
2026-06-29,AWS,us-gov-west-1,g4dn.8xlarge,T4,1.0,ondemand,2.743,2.743,instances.vantage.sh (AWS Price List mirror)
2026-06-29,AWS,us-gov-west-1,g4dn.metal,T4,8.0,ondemand,9.862,1.23275,instances.vantage.sh (AWS Price List mirror)
2026-06-29,AWS,us-gov-west-1,g4dn.xlarge,T4,1.0,ondemand,0.663,0.663,instances.vantage.sh (AWS Price List mirror)
2026-06-29,AWS,us-gov-west-1,g6.12xlarge,L4,4.0,ondemand,5.80003,1.4500075,instances.vantage.sh (AWS Price List mirror)
2026-06-29,AWS,us-gov-west-1,g6.16xlarge,L4,1.0,ondemand,4.28145,4.28145,instances.vantage.sh (AWS Price List mirror)
2026-06-29,AWS,us-gov-west-1,g6.24xlarge,L4,4.0,ondemand,8.41367,2.1034175,instances.vantage.sh (AWS Price List mirror)
2026-06-29,AWS,us-gov-west-1,g6.2xlarge,L4,1.0,ondemand,1.2322,1.2322,instances.vantage.sh (AWS Price List mirror)
2026-06-29,AWS,us-gov-west-1,g6.48xlarge,L4,8.0,ondemand,16.82734,2.1034175,instances.vantage.sh (AWS Price List mirror)
2026-06-29,AWS,us-gov-west-1,g6.4xlarge,L4,1.0,ondemand,1.66781,1.66781,instances.vantage.sh (AWS Price List mirror)
2026-06-29,AWS,us-gov-west-1,g6.8xlarge,L4,1.0,ondemand,2.53903,2.53903,instances.vantage.sh (AWS Price List mirror)
2026-06-29,AWS,us-gov-west-1,g6.xlarge,L4,1.0,ondemand,1.0144,1.0144,instances.vantage.sh (AWS Price List mirror)
2026-06-29,AWS,us-gov-west-1,gr6.4xlarge,L4,1.0,ondemand,1.9401,1.9401,instances.vantage.sh (AWS Price List mirror)
2026-06-29,AWS,us-gov-west-1,gr6.8xlarge,L4,1.0,ondemand,3.08359,3.08359,instances.vantage.sh (AWS Price List mirror)
2026-06-29,AWS,us-gov-west-1,inf1.24xlarge,unknown,16.0,ondemand,5.953,0.3720625,instances.vantage.sh (AWS Price List mirror)
2026-06-29,AWS,us-gov-west-1,inf1.2xlarge,unknown,1.0,ondemand,0.456,0.456,instances.vantage.sh (AWS Price List mirror)
2026-06-29,AWS,us-gov-west-1,inf1.6xlarge,unknown,4.0,ondemand,1.488,0.372,instances.vantage.sh (AWS Price List mirror)
2026-06-29,AWS,us-gov-west-1,inf1.xlarge,unknown,1.0,ondemand,0.288,0.288,instances.vantage.sh (AWS Price List mirror)
2026-06-29,AWS,us-gov-west-1,p2.16xlarge,K80,16.0,ondemand,17.28,1.08,instances.vantage.sh (AWS Price List mirror)
2026-06-29,AWS,us-gov-west-1,p2.8xlarge,K80,8.0,ondemand,8.64,1.08,instances.vantage.sh (AWS Price List mirror)
2026-06-29,AWS,us-gov-west-1,p2.xlarge,K80,1.0,ondemand,1.08,1.08,instances.vantage.sh (AWS Price List mirror)
2026-06-29,AWS,us-gov-west-1,p3.16xlarge,V100,8.0,ondemand,29.376,3.672,instances.vantage.sh (AWS Price List mirror)
2026-06-29,AWS,us-gov-west-1,p3.2xlarge,V100,1.0,ondemand,3.672,3.672,instances.vantage.sh (AWS Price List mirror)
2026-06-29,AWS,us-gov-west-1,p3.8xlarge,V100,4.0,ondemand,14.688,3.672,instances.vantage.sh (AWS Price List mirror)
2026-06-29,AWS,us-gov-west-1,p3dn.24xlarge,V100,8.0,ondemand,37.454,4.68175,instances.vantage.sh (AWS Price List mirror)
2026-06-29,AWS,us-gov-west-1,p4d.24xlarge,A100,8.0,ondemand,26.3511,3.2938875,instances.vantage.sh (AWS Price List mirror)
2026-06-29,AWS,us-gov-west-1,p5.48xlarge,H100,8.0,ondemand,66.048,8.256,instances.vantage.sh (AWS Price List mirror)
2026-06-29,AWS,us-gov-west-1,p5.4xlarge,H100,1.0,ondemand,8.256,8.256,instances.vantage.sh (AWS Price List mirror)
2026-06-29,AWS,us-gov-west-1,p5en.48xlarge,H200,8.0,ondemand,75.9552,9.4944,instances.vantage.sh (AWS Price List mirror)
2026-06-29,AWS,us-gov-west-1,p6-b200.48xlarge,B200,8.0,ondemand,136.71936,17.08992,instances.vantage.sh (AWS Price List mirror)
2026-06-29,AWS,us-west-1,g2.2xlarge,K520,1.0,ondemand,0.702,0.702,instances.vantage.sh (AWS Price List mirror)
2026-06-29,AWS,us-west-1,g2.8xlarge,K520,4.0,ondemand,2.808,0.702,instances.vantage.sh (AWS Price List mirror)
2026-06-29,AWS,us-west-1,g3.16xlarge,M60,4.0,ondemand,6.136,1.534,instances.vantage.sh (AWS Price List mirror)
2026-06-29,AWS,us-west-1,g3.4xlarge,M60,1.0,ondemand,1.534,1.534,instances.vantage.sh (AWS Price List mirror)
2026-06-29,AWS,us-west-1,g3.8xlarge,M60,2.0,ondemand,3.068,1.534,instances.vantage.sh (AWS Price List mirror)
2026-06-29,AWS,us-west-1,g4dn.12xlarge,T4,4.0,ondemand,4.694,1.1735,instances.vantage.sh (AWS Price List mirror)
2026-06-29,AWS,us-west-1,g4dn.12xlarge,T4,4.0,spot,1.79035,0.4475875,instances.vantage.sh (AWS Price List mirror)
2026-06-29,AWS,us-west-1,g4dn.16xlarge,T4,1.0,ondemand,5.222,5.222,instances.vantage.sh (AWS Price List mirror)
2026-06-29,AWS,us-west-1,g4dn.16xlarge,T4,1.0,spot,1.39295,1.39295,instances.vantage.sh (AWS Price List mirror)
2026-06-29,AWS,us-west-1,g4dn.2xlarge,T4,1.0,ondemand,0.902,0.902,instances.vantage.sh (AWS Price List mirror)
2026-06-29,AWS,us-west-1,g4dn.2xlarge,T4,1.0,spot,0.5051,0.5051,instances.vantage.sh (AWS Price List mirror)
2026-06-29,AWS,us-west-1,g4dn.4xlarge,T4,1.0,ondemand,1.445,1.445,instances.vantage.sh (AWS Price List mirror)
2026-06-29,AWS,us-west-1,g4dn.4xlarge,T4,1.0,spot,1.01485,1.01485,instances.vantage.sh (AWS Price List mirror)
2026-06-29,AWS,us-west-1,g4dn.8xlarge,T4,1.0,ondemand,2.611,2.611,instances.vantage.sh (AWS Price List mirror)
2026-06-29,AWS,us-west-1,g4dn.8xlarge,T4,1.0,spot,0.94285,0.94285,instances.vantage.sh (AWS Price List mirror)
2026-06-29,AWS,us-west-1,g4dn.metal,T4,8.0,ondemand,9.389,1.173625,instances.vantage.sh (AWS Price List mirror)
2026-06-29,AWS,us-west-1,g4dn.metal,T4,8.0,spot,3.43895,0.42986875,instances.vantage.sh (AWS Price List mirror)
2026-06-29,AWS,us-west-1,g4dn.xlarge,T4,1.0,ondemand,0.631,0.631,instances.vantage.sh (AWS Price List mirror)
2026-06-29,AWS,us-west-1,g4dn.xlarge,T4,1.0,spot,0.3799,0.3799,instances.vantage.sh (AWS Price List mirror)
2026-06-29,AWS,us-west-1,inf1.24xlarge,unknown,16.0,ondemand,5.671,0.3544375,instances.vantage.sh (AWS Price List mirror)
2026-06-29,AWS,us-west-1,inf1.24xlarge,unknown,16.0,spot,1.0791,0.06744375,instances.vantage.sh (AWS Price List mirror)
2026-06-29,AWS,us-west-1,inf1.2xlarge,unknown,1.0,ondemand,0.435,0.435,instances.vantage.sh (AWS Price List mirror)
2026-06-29,AWS,us-west-1,inf1.2xlarge,unknown,1.0,spot,0.1114,0.1114,instances.vantage.sh (AWS Price List mirror)
2026-06-29,AWS,us-west-1,inf1.6xlarge,unknown,4.0,ondemand,1.418,0.3545,instances.vantage.sh (AWS Price List mirror)
2026-06-29,AWS,us-west-1,inf1.6xlarge,unknown,4.0,spot,0.269,0.06725,instances.vantage.sh (AWS Price List mirror)
2026-06-29,AWS,us-west-1,inf1.xlarge,unknown,1.0,ondemand,0.274,0.274,instances.vantage.sh (AWS Price List mirror)
2026-06-29,AWS,us-west-1,inf1.xlarge,unknown,1.0,spot,0.065,0.065,instances.vantage.sh (AWS Price List mirror)
2026-06-29,AWS,us-west-1,p5.48xlarge,H100,8.0,ondemand,68.8,8.6,instances.vantage.sh (AWS Price List mirror)
2026-06-29,AWS,us-west-1,p5.48xlarge,H100,8.0,spot,68.8,8.6,instances.vantage.sh (AWS Price List mirror)
2026-06-29,AWS,us-west-1,p5en.48xlarge,H200,8.0,ondemand,79.12,9.89,instances.vantage.sh (AWS Price List mirror)
2026-06-29,AWS,us-west-1,p5en.48xlarge,H200,8.0,spot,79.12,9.89,instances.vantage.sh (AWS Price List mirror)
2026-06-29,AWS,us-west-2,dl2q.24xlarge,Qualcomm AI 100 Accelerators,8.0,ondemand,8.9194,1.114925,instances.vantage.sh (AWS Price List mirror)
2026-06-29,AWS,us-west-2,dl2q.24xlarge,Qualcomm AI 100 Accelerators,8.0,spot,2.7951,0.3493875,instances.vantage.sh (AWS Price List mirror)
2026-06-29,AWS,us-west-2,g2.2xlarge,K520,1.0,ondemand,0.65,0.65,instances.vantage.sh (AWS Price List mirror)
2026-06-29,AWS,us-west-2,g2.8xlarge,K520,4.0,ondemand,2.6,0.65,instances.vantage.sh (AWS Price List mirror)
2026-06-29,AWS,us-west-2,g3.16xlarge,M60,4.0,ondemand,4.56,1.14,instances.vantage.sh (AWS Price List mirror)
2026-06-29,AWS,us-west-2,g3.4xlarge,M60,1.0,ondemand,1.14,1.14,instances.vantage.sh (AWS Price List mirror)
2026-06-29,AWS,us-west-2,g3.8xlarge,M60,2.0,ondemand,2.28,1.14,instances.vantage.sh (AWS Price List mirror)
2026-06-29,AWS,us-west-2,g3s.xlarge,M60,1.0,ondemand,0.75,0.75,instances.vantage.sh (AWS Price List mirror)
2026-06-29,AWS,us-west-2,g4ad.16xlarge,V520,4.0,ondemand,3.468,0.867,instances.vantage.sh (AWS Price List mirror)
2026-06-29,AWS,us-west-2,g4ad.16xlarge,V520,4.0,spot,1.237667,0.30941675,instances.vantage.sh (AWS Price List mirror)
2026-06-29,AWS,us-west-2,g4ad.2xlarge,V520,1.0,ondemand,0.54117,0.54117,instances.vantage.sh (AWS Price List mirror)
2026-06-29,AWS,us-west-2,g4ad.2xlarge,V520,1.0,spot,0.241533,0.241533,instances.vantage.sh (AWS Price List mirror)
2026-06-29,AWS,us-west-2,g4ad.4xlarge,V520,1.0,ondemand,0.867,0.867,instances.vantage.sh (AWS Price List mirror)
2026-06-29,AWS,us-west-2,g4ad.4xlarge,V520,1.0,spot,0.323933,0.323933,instances.vantage.sh (AWS Price List mirror)
2026-06-29,AWS,us-west-2,g4ad.8xlarge,V520,2.0,ondemand,1.734,0.867,instances.vantage.sh (AWS Price List mirror)
2026-06-29,AWS,us-west-2,g4ad.8xlarge,V520,2.0,spot,0.5839,0.29195,instances.vantage.sh (AWS Price List mirror)
2026-06-29,AWS,us-west-2,g4ad.xlarge,V520,1.0,ondemand,0.37853,0.37853,instances.vantage.sh (AWS Price List mirror)
2026-06-29,AWS,us-west-2,g4ad.xlarge,V520,1.0,spot,0.152067,0.152067,instances.vantage.sh (AWS Price List mirror)
2026-06-29,AWS,us-west-2,g4dn.12xlarge,T4,4.0,ondemand,3.912,0.978,instances.vantage.sh (AWS Price List mirror)
2026-06-29,AWS,us-west-2,g4dn.12xlarge,T4,4.0,spot,1.3526,0.33815,instances.vantage.sh (AWS Price List mirror)
2026-06-29,AWS,us-west-2,g4dn.16xlarge,T4,1.0,ondemand,4.352,4.352,instances.vantage.sh (AWS Price List mirror)
2026-06-29,AWS,us-west-2,g4dn.16xlarge,T4,1.0,spot,1.444267,1.444267,instances.vantage.sh (AWS Price List mirror)
2026-06-29,AWS,us-west-2,g4dn.2xlarge,T4,1.0,ondemand,0.752,0.752,instances.vantage.sh (AWS Price List mirror)
2026-06-29,AWS,us-west-2,g4dn.2xlarge,T4,1.0,spot,0.274367,0.274367,instances.vantage.sh (AWS Price List mirror)
2026-06-29,AWS,us-west-2,g4dn.4xlarge,T4,1.0,ondemand,1.204,1.204,instances.vantage.sh (AWS Price List mirror)
2026-06-29,AWS,us-west-2,g4dn.4xlarge,T4,1.0,spot,0.415867,0.415867,instances.vantage.sh (AWS Price List mirror)
2026-06-29,AWS,us-west-2,g4dn.8xlarge,T4,1.0,ondemand,2.176,2.176,instances.vantage.sh (AWS Price List mirror)
2026-06-29,AWS,us-west-2,g4dn.8xlarge,T4,1.0,spot,0.762533,0.762533,instances.vantage.sh (AWS Price List mirror)
2026-06-29,AWS,us-west-2,g4dn.metal,T4,8.0,ondemand,7.824,0.978,instances.vantage.sh (AWS Price List mirror)
2026-06-29,AWS,us-west-2,g4dn.metal,T4,8.0,spot,3.544733,0.443091625,instances.vantage.sh (AWS Price List mirror)
2026-06-29,AWS,us-west-2,g4dn.xlarge,T4,1.0,ondemand,0.526,0.526,instances.vantage.sh (AWS Price List mirror)
2026-06-29,AWS,us-west-2,g4dn.xlarge,T4,1.0,spot,0.194633,0.194633,instances.vantage.sh (AWS Price List mirror)
2026-06-29,AWS,us-west-2,g5.12xlarge,A10G,4.0,ondemand,5.672,1.418,instances.vantage.sh (AWS Price List mirror)
2026-06-29,AWS,us-west-2,g5.12xlarge,A10G,4.0,spot,3.0896,0.7724,instances.vantage.sh (AWS Price List mirror)
2026-06-29,AWS,us-west-2,g5.16xlarge,A10G,1.0,ondemand,4.096,4.096,instances.vantage.sh (AWS Price List mirror)
2026-06-29,AWS,us-west-2,g5.16xlarge,A10G,1.0,spot,1.223233,1.223233,instances.vantage.sh (AWS Price List mirror)
2026-06-29,AWS,us-west-2,g5.24xlarge,A10G,4.0,ondemand,8.144,2.036,instances.vantage.sh (AWS Price List mirror)
2026-06-29,AWS,us-west-2,g5.24xlarge,A10G,4.0,spot,3.971467,0.99286675,instances.vantage.sh (AWS Price List mirror)
2026-06-29,AWS,us-west-2,g5.2xlarge,A10G,1.0,ondemand,1.212,1.212,instances.vantage.sh (AWS Price List mirror)
2026-06-29,AWS,us-west-2,g5.2xlarge,A10G,1.0,spot,0.5413,0.5413,instances.vantage.sh (AWS Price List mirror)
2026-06-29,AWS,us-west-2,g5.48xlarge,A10G,8.0,ondemand,16.288,2.036,instances.vantage.sh (AWS Price List mirror)
2026-06-29,AWS,us-west-2,g5.48xlarge,A10G,8.0,spot,8.126833,1.015854125,instances.vantage.sh (AWS Price List mirror)
2026-06-29,AWS,us-west-2,g5.4xlarge,A10G,1.0,ondemand,1.624,1.624,instances.vantage.sh (AWS Price List mirror)
2026-06-29,AWS,us-west-2,g5.4xlarge,A10G,1.0,spot,0.571467,0.571467,instances.vantage.sh (AWS Price List mirror)
2026-06-29,AWS,us-west-2,g5.8xlarge,A10G,1.0,ondemand,2.448,2.448,instances.vantage.sh (AWS Price List mirror)
2026-06-29,AWS,us-west-2,g5.8xlarge,A10G,1.0,spot,0.922,0.922,instances.vantage.sh (AWS Price List mirror)
2026-06-29,AWS,us-west-2,g5.xlarge,A10G,1.0,ondemand,1.006,1.006,instances.vantage.sh (AWS Price List mirror)
2026-06-29,AWS,us-west-2,g5.xlarge,A10G,1.0,spot,0.8266,0.8266,instances.vantage.sh (AWS Price List mirror)
2026-06-29,AWS,us-west-2,g5g.16xlarge,T4G,2.0,ondemand,2.744,1.372,instances.vantage.sh (AWS Price List mirror)
2026-06-29,AWS,us-west-2,g5g.16xlarge,T4G,2.0,spot,0.940067,0.4700335,instances.vantage.sh (AWS Price List mirror)
2026-06-29,AWS,us-west-2,g5g.2xlarge,T4G,1.0,ondemand,0.556,0.556,instances.vantage.sh (AWS Price List mirror)
2026-06-29,AWS,us-west-2,g5g.2xlarge,T4G,1.0,spot,0.185033,0.185033,instances.vantage.sh (AWS Price List mirror)
2026-06-29,AWS,us-west-2,g5g.4xlarge,T4G,1.0,ondemand,0.828,0.828,instances.vantage.sh (AWS Price List mirror)
2026-06-29,AWS,us-west-2,g5g.4xlarge,T4G,1.0,spot,0.285933,0.285933,instances.vantage.sh (AWS Price List mirror)
2026-06-29,AWS,us-west-2,g5g.8xlarge,T4G,1.0,ondemand,1.372,1.372,instances.vantage.sh (AWS Price List mirror)
2026-06-29,AWS,us-west-2,g5g.8xlarge,T4G,1.0,spot,0.4698,0.4698,instances.vantage.sh (AWS Price List mirror)
2026-06-29,AWS,us-west-2,g5g.metal,T4G,2.0,ondemand,2.744,1.372,instances.vantage.sh (AWS Price List mirror)
2026-06-29,AWS,us-west-2,g5g.metal,T4G,2.0,spot,0.4165,0.20825,instances.vantage.sh (AWS Price List mirror)
2026-06-29,AWS,us-west-2,g5g.xlarge,T4G,1.0,ondemand,0.42,0.42,instances.vantage.sh (AWS Price List mirror)
2026-06-29,AWS,us-west-2,g5g.xlarge,T4G,1.0,spot,0.134967,0.134967,instances.vantage.sh (AWS Price List mirror)
2026-06-29,AWS,us-west-2,g6.12xlarge,L4,4.0,ondemand,4.6016,1.1504,instances.vantage.sh (AWS Price List mirror)
2026-06-29,AWS,us-west-2,g6.12xlarge,L4,4.0,spot,2.05925,0.5148125,instances.vantage.sh (AWS Price List mirror)
2026-06-29,AWS,us-west-2,g6.16xlarge,L4,1.0,ondemand,3.3968,3.3968,instances.vantage.sh (AWS Price List mirror)
2026-06-29,AWS,us-west-2,g6.16xlarge,L4,1.0,spot,1.92895,1.92895,instances.vantage.sh (AWS Price List mirror)
2026-06-29,AWS,us-west-2,g6.24xlarge,L4,4.0,ondemand,6.6752,1.6688,instances.vantage.sh (AWS Price List mirror)
2026-06-29,AWS,us-west-2,g6.24xlarge,L4,4.0,spot,2.714275,0.67856875,instances.vantage.sh (AWS Price List mirror)
2026-06-29,AWS,us-west-2,g6.2xlarge,L4,1.0,ondemand,0.9776,0.9776,instances.vantage.sh (AWS Price List mirror)
2026-06-29,AWS,us-west-2,g6.2xlarge,L4,1.0,spot,0.63765,0.63765,instances.vantage.sh (AWS Price List mirror)
2026-06-29,AWS,us-west-2,g6.48xlarge,L4,8.0,ondemand,13.3504,1.6688,instances.vantage.sh (AWS Price List mirror)
2026-06-29,AWS,us-west-2,g6.48xlarge,L4,8.0,spot,5.754175,0.719271875,instances.vantage.sh (AWS Price List mirror)
2026-06-29,AWS,us-west-2,g6.4xlarge,L4,1.0,ondemand,1.3232,1.3232,instances.vantage.sh (AWS Price List mirror)
2026-06-29,AWS,us-west-2,g6.4xlarge,L4,1.0,spot,0.7928,0.7928,instances.vantage.sh (AWS Price List mirror)
2026-06-29,AWS,us-west-2,g6.8xlarge,L4,1.0,ondemand,2.0144,2.0144,instances.vantage.sh (AWS Price List mirror)
2026-06-29,AWS,us-west-2,g6.8xlarge,L4,1.0,spot,1.102425,1.102425,instances.vantage.sh (AWS Price List mirror)
2026-06-29,AWS,us-west-2,g6.xlarge,L4,1.0,ondemand,0.8048,0.8048,instances.vantage.sh (AWS Price List mirror)
2026-06-29,AWS,us-west-2,g6.xlarge,L4,1.0,spot,0.439,0.439,instances.vantage.sh (AWS Price List mirror)
2026-06-29,AWS,us-west-2,g6e.12xlarge,L40S,4.0,ondemand,10.49264,2.62316,instances.vantage.sh (AWS Price List mirror)
2026-06-29,AWS,us-west-2,g6e.12xlarge,L40S,4.0,spot,4.980025,1.24500625,instances.vantage.sh (AWS Price List mirror)
2026-06-29,AWS,us-west-2,g6e.16xlarge,L40S,1.0,ondemand,7.57719,7.57719,instances.vantage.sh (AWS Price List mirror)
2026-06-29,AWS,us-west-2,g6e.16xlarge,L40S,1.0,spot,2.317275,2.317275,instances.vantage.sh (AWS Price List mirror)
2026-06-29,AWS,us-west-2,g6e.24xlarge,L40S,4.0,ondemand,15.06559,3.7663975,instances.vantage.sh (AWS Price List mirror)
2026-06-29,AWS,us-west-2,g6e.24xlarge,L40S,4.0,spot,5.009725,1.25243125,instances.vantage.sh (AWS Price List mirror)
2026-06-29,AWS,us-west-2,g6e.2xlarge,L40S,1.0,ondemand,2.24208,2.24208,instances.vantage.sh (AWS Price List mirror)
2026-06-29,AWS,us-west-2,g6e.2xlarge,L40S,1.0,spot,0.961075,0.961075,instances.vantage.sh (AWS Price List mirror)
2026-06-29,AWS,us-west-2,g6e.48xlarge,L40S,8.0,ondemand,30.13118,3.7663975,instances.vantage.sh (AWS Price List mirror)
2026-06-29,AWS,us-west-2,g6e.48xlarge,L40S,8.0,spot,12.779425,1.597428125,instances.vantage.sh (AWS Price List mirror)
2026-06-29,AWS,us-west-2,g6e.4xlarge,L40S,1.0,ondemand,3.00424,3.00424,instances.vantage.sh (AWS Price List mirror)
2026-06-29,AWS,us-west-2,g6e.4xlarge,L40S,1.0,spot,1.289275,1.289275,instances.vantage.sh (AWS Price List mirror)
2026-06-29,AWS,us-west-2,g6e.8xlarge,L40S,1.0,ondemand,4.52856,4.52856,instances.vantage.sh (AWS Price List mirror)
2026-06-29,AWS,us-west-2,g6e.8xlarge,L40S,1.0,spot,1.530575,1.530575,instances.vantage.sh (AWS Price List mirror)
2026-06-29,AWS,us-west-2,g6e.xlarge,L40S,1.0,ondemand,1.861,1.861,instances.vantage.sh (AWS Price List mirror)
2026-06-29,AWS,us-west-2,g6e.xlarge,L40S,1.0,spot,0.869725,0.869725,instances.vantage.sh (AWS Price List mirror)
2026-06-29,AWS,us-west-2,g6f.2xlarge,L4,0.25,ondemand,0.475,1.9,instances.vantage.sh (AWS Price List mirror)
2026-06-29,AWS,us-west-2,g6f.2xlarge,L4,0.25,spot,0.1774,0.7096,instances.vantage.sh (AWS Price List mirror)
2026-06-29,AWS,us-west-2,g6f.4xlarge,L4,0.5,ondemand,0.95,1.9,instances.vantage.sh (AWS Price List mirror)
2026-06-29,AWS,us-west-2,g6f.4xlarge,L4,0.5,spot,0.373,0.746,instances.vantage.sh (AWS Price List mirror)
2026-06-29,AWS,us-west-2,g6f.large,L4,0.125,ondemand,0.202,1.616,instances.vantage.sh (AWS Price List mirror)
2026-06-29,AWS,us-west-2,g6f.large,L4,0.125,spot,0.044125,0.353,instances.vantage.sh (AWS Price List mirror)
2026-06-29,AWS,us-west-2,g6f.xlarge,L4,0.125,ondemand,0.2375,1.9,instances.vantage.sh (AWS Price List mirror)
2026-06-29,AWS,us-west-2,g6f.xlarge,L4,0.125,spot,0.076475,0.6118,instances.vantage.sh (AWS Price List mirror)
2026-06-29,AWS,us-west-2,g7.12xlarge,NVIDIA RTX PRO 4500 Blackwell,2.0,ondemand,7.12832,3.56416,instances.vantage.sh (AWS Price List mirror)
2026-06-29,AWS,us-west-2,g7.12xlarge,NVIDIA RTX PRO 4500 Blackwell,2.0,spot,2.0267,1.01335,instances.vantage.sh (AWS Price List mirror)
2026-06-29,AWS,us-west-2,g7.24xlarge,NVIDIA RTX PRO 4500 Blackwell,4.0,ondemand,14.25664,3.56416,instances.vantage.sh (AWS Price List mirror)
2026-06-29,AWS,us-west-2,g7.24xlarge,NVIDIA RTX PRO 4500 Blackwell,4.0,spot,3.8469,0.961725,instances.vantage.sh (AWS Price List mirror)
2026-06-29,AWS,us-west-2,g7.2xlarge,NVIDIA RTX PRO 4500 Blackwell,1.0,ondemand,2.52,2.52,instances.vantage.sh (AWS Price List mirror)
2026-06-29,AWS,us-west-2,g7.2xlarge,NVIDIA RTX PRO 4500 Blackwell,1.0,spot,0.874975,0.874975,instances.vantage.sh (AWS Price List mirror)
2026-06-29,AWS,us-west-2,g7.48xlarge,NVIDIA RTX PRO 4500 Blackwell,8.0,ondemand,28.51328,3.56416,instances.vantage.sh (AWS Price List mirror)
2026-06-29,AWS,us-west-2,g7.48xlarge,NVIDIA RTX PRO 4500 Blackwell,8.0,spot,7.6844,0.96055,instances.vantage.sh (AWS Price List mirror)
2026-06-29,AWS,us-west-2,g7.4xlarge,NVIDIA RTX PRO 4500 Blackwell,1.0,ondemand,3.04208,3.04208,instances.vantage.sh (AWS Price List mirror)
2026-06-29,AWS,us-west-2,g7.4xlarge,NVIDIA RTX PRO 4500 Blackwell,1.0,spot,0.8949,0.8949,instances.vantage.sh (AWS Price List mirror)
2026-06-29,AWS,us-west-2,g7.8xlarge,NVIDIA RTX PRO 4500 Blackwell,1.0,ondemand,4.08624,4.08624,instances.vantage.sh (AWS Price List mirror)
2026-06-29,AWS,us-west-2,g7.8xlarge,NVIDIA RTX PRO 4500 Blackwell,1.0,spot,1.0899,1.0899,instances.vantage.sh (AWS Price List mirror)
2026-06-29,AWS,us-west-2,g7e.12xlarge,NVIDIA GB202,2.0,ondemand,8.28608,4.14304,instances.vantage.sh (AWS Price List mirror)
2026-06-29,AWS,us-west-2,g7e.12xlarge,NVIDIA GB202,2.0,spot,4.5214,2.2607,instances.vantage.sh (AWS Price List mirror)
2026-06-29,AWS,us-west-2,g7e.24xlarge,NVIDIA GB202,4.0,ondemand,16.57216,4.14304,instances.vantage.sh (AWS Price List mirror)
2026-06-29,AWS,us-west-2,g7e.24xlarge,NVIDIA GB202,4.0,spot,8.581275,2.14531875,instances.vantage.sh (AWS Price List mirror)
2026-06-29,AWS,us-west-2,g7e.2xlarge,NVIDIA GB202,1.0,ondemand,3.36312,3.36312,instances.vantage.sh (AWS Price List mirror)
2026-06-29,AWS,us-west-2,g7e.2xlarge,NVIDIA GB202,1.0,spot,2.1563,2.1563,instances.vantage.sh (AWS Price List mirror)
2026-06-29,AWS,us-west-2,g7e.48xlarge,NVIDIA GB202,8.0,ondemand,33.14432,4.14304,instances.vantage.sh (AWS Price List mirror)
2026-06-29,AWS,us-west-2,g7e.48xlarge,NVIDIA GB202,8.0,spot,19.27585,2.40948125,instances.vantage.sh (AWS Price List mirror)
2026-06-29,AWS,us-west-2,g7e.4xlarge,NVIDIA GB202,1.0,ondemand,3.99816,3.99816,instances.vantage.sh (AWS Price List mirror)
2026-06-29,AWS,us-west-2,g7e.4xlarge,NVIDIA GB202,1.0,spot,2.54935,2.54935,instances.vantage.sh (AWS Price List mirror)
2026-06-29,AWS,us-west-2,g7e.8xlarge,NVIDIA GB202,1.0,ondemand,5.26824,5.26824,instances.vantage.sh (AWS Price List mirror)
2026-06-29,AWS,us-west-2,g7e.8xlarge,NVIDIA GB202,1.0,spot,2.82435,2.82435,instances.vantage.sh (AWS Price List mirror)
2026-06-29,AWS,us-west-2,gr6.4xlarge,L4,1.0,ondemand,1.5392,1.5392,instances.vantage.sh (AWS Price List mirror)
2026-06-29,AWS,us-west-2,gr6.4xlarge,L4,1.0,spot,0.502175,0.502175,instances.vantage.sh (AWS Price List mirror)
2026-06-29,AWS,us-west-2,gr6.8xlarge,L4,1.0,ondemand,2.4464,2.4464,instances.vantage.sh (AWS Price List mirror)
2026-06-29,AWS,us-west-2,gr6.8xlarge,L4,1.0,spot,0.725,0.725,instances.vantage.sh (AWS Price List mirror)
2026-06-29,AWS,us-west-2,gr6f.4xlarge,L4,0.5,ondemand,1.066,2.132,instances.vantage.sh (AWS Price List mirror)
2026-06-29,AWS,us-west-2,gr6f.4xlarge,L4,0.5,spot,0.336975,0.67395,instances.vantage.sh (AWS Price List mirror)
2026-06-29,AWS,us-west-2,inf1.24xlarge,unknown,16.0,ondemand,4.721,0.2950625,instances.vantage.sh (AWS Price List mirror)
2026-06-29,AWS,us-west-2,inf1.24xlarge,unknown,16.0,spot,1.227725,0.0767328125,instances.vantage.sh (AWS Price List mirror)
2026-06-29,AWS,us-west-2,inf1.2xlarge,unknown,1.0,ondemand,0.362,0.362,instances.vantage.sh (AWS Price List mirror)
2026-06-29,AWS,us-west-2,inf1.2xlarge,unknown,1.0,spot,0.082075,0.082075,instances.vantage.sh (AWS Price List mirror)
2026-06-29,AWS,us-west-2,inf1.6xlarge,unknown,4.0,ondemand,1.18,0.295,instances.vantage.sh (AWS Price List mirror)
2026-06-29,AWS,us-west-2,inf1.6xlarge,unknown,4.0,spot,0.2618,0.06545,instances.vantage.sh (AWS Price List mirror)
2026-06-29,AWS,us-west-2,inf1.xlarge,unknown,1.0,ondemand,0.228,0.228,instances.vantage.sh (AWS Price List mirror)
2026-06-29,AWS,us-west-2,inf1.xlarge,unknown,1.0,spot,0.0478,0.0478,instances.vantage.sh (AWS Price List mirror)
2026-06-29,AWS,us-west-2,inf2.24xlarge,unknown,6.0,ondemand,6.49063,1.0817716666666668,instances.vantage.sh (AWS Price List mirror)
2026-06-29,AWS,us-west-2,inf2.24xlarge,unknown,6.0,spot,1.0877,0.18128333333333332,instances.vantage.sh (AWS Price List mirror)
2026-06-29,AWS,us-west-2,inf2.48xlarge,unknown,12.0,ondemand,12.98127,1.0817725,instances.vantage.sh (AWS Price List mirror)
2026-06-29,AWS,us-west-2,inf2.48xlarge,unknown,12.0,spot,2.36745,0.19728749999999998,instances.vantage.sh (AWS Price List mirror)
2026-06-29,AWS,us-west-2,inf2.8xlarge,unknown,1.0,ondemand,1.96786,1.96786,instances.vantage.sh (AWS Price List mirror)
2026-06-29,AWS,us-west-2,inf2.8xlarge,unknown,1.0,spot,0.488275,0.488275,instances.vantage.sh (AWS Price List mirror)
2026-06-29,AWS,us-west-2,inf2.xlarge,unknown,1.0,ondemand,0.7582,0.7582,instances.vantage.sh (AWS Price List mirror)
2026-06-29,AWS,us-west-2,inf2.xlarge,unknown,1.0,spot,0.16255,0.16255,instances.vantage.sh (AWS Price List mirror)
2026-06-29,AWS,us-west-2,p2.16xlarge,K80,16.0,ondemand,14.4,0.9,instances.vantage.sh (AWS Price List mirror)
2026-06-29,AWS,us-west-2,p2.8xlarge,K80,8.0,ondemand,7.2,0.9,instances.vantage.sh (AWS Price List mirror)
2026-06-29,AWS,us-west-2,p2.xlarge,K80,1.0,ondemand,0.9,0.9,instances.vantage.sh (AWS Price List mirror)
2026-06-29,AWS,us-west-2,p3.16xlarge,V100,8.0,ondemand,24.48,3.06,instances.vantage.sh (AWS Price List mirror)
2026-06-29,AWS,us-west-2,p3.16xlarge,V100,8.0,spot,13.117033,1.639629125,instances.vantage.sh (AWS Price List mirror)
2026-06-29,AWS,us-west-2,p3.2xlarge,V100,1.0,ondemand,3.06,3.06,instances.vantage.sh (AWS Price List mirror)
2026-06-29,AWS,us-west-2,p3.2xlarge,V100,1.0,spot,0.7914,0.7914,instances.vantage.sh (AWS Price List mirror)
2026-06-29,AWS,us-west-2,p3.8xlarge,V100,4.0,ondemand,12.24,3.06,instances.vantage.sh (AWS Price List mirror)
2026-06-29,AWS,us-west-2,p3.8xlarge,V100,4.0,spot,5.321133,1.33028325,instances.vantage.sh (AWS Price List mirror)
2026-06-29,AWS,us-west-2,p3dn.24xlarge,V100,8.0,ondemand,31.212,3.9015,instances.vantage.sh (AWS Price List mirror)
2026-06-29,AWS,us-west-2,p3dn.24xlarge,V100,8.0,spot,7.5868,0.94835,instances.vantage.sh (AWS Price List mirror)
2026-06-29,AWS,us-west-2,p4d.24xlarge,A100,8.0,ondemand,21.95764,2.744705,instances.vantage.sh (AWS Price List mirror)
2026-06-29,AWS,us-west-2,p4d.24xlarge,A100,8.0,spot,11.6423,1.4552875,instances.vantage.sh (AWS Price List mirror)
2026-06-29,AWS,us-west-2,p4de.24xlarge,A100,8.0,ondemand,27.44705,3.43088125,instances.vantage.sh (AWS Price List mirror)
2026-06-29,AWS,us-west-2,p4de.24xlarge,A100,8.0,spot,14.981667,1.872708375,instances.vantage.sh (AWS Price List mirror)
2026-06-29,AWS,us-west-2,p5.48xlarge,H100,8.0,ondemand,55.04,6.88,instances.vantage.sh (AWS Price List mirror)
2026-06-29,AWS,us-west-2,p5.48xlarge,H100,8.0,spot,14.953525,1.869190625,instances.vantage.sh (AWS Price List mirror)
2026-06-29,AWS,us-west-2,p5.4xlarge,H100,1.0,ondemand,6.88,6.88,instances.vantage.sh (AWS Price List mirror)
2026-06-29,AWS,us-west-2,p5.4xlarge,H100,1.0,spot,2.58885,2.58885,instances.vantage.sh (AWS Price List mirror)
2026-06-29,AWS,us-west-2,p5en.48xlarge,H200,8.0,ondemand,63.296,7.912,instances.vantage.sh (AWS Price List mirror)
2026-06-29,AWS,us-west-2,p5en.48xlarge,H200,8.0,spot,20.8497,2.6062125,instances.vantage.sh (AWS Price List mirror)
2026-06-29,AWS,us-west-2,p6-b200.48xlarge,B200,8.0,ondemand,113.9328,14.2416,instances.vantage.sh (AWS Price List mirror)
2026-06-29,AWS,us-west-2,p6-b200.48xlarge,B200,8.0,spot,27.8152,3.4769,instances.vantage.sh (AWS Price List mirror)
2026-06-29,AWS,us-west-2,p6-b300.48xlarge,NVIDIA B300,8.0,ondemand,142.416,17.802,instances.vantage.sh (AWS Price List mirror)
2026-06-29,AWS,us-west-2,p6-b300.48xlarge,NVIDIA B300,8.0,spot,38.1514,4.768925,instances.vantage.sh (AWS Price List mirror)
2026-06-29,AWS,us-west-2,trn1.2xlarge,unknown,1.0,ondemand,1.34375,1.34375,instances.vantage.sh (AWS Price List mirror)
2026-06-29,AWS,us-west-2,trn1.2xlarge,unknown,1.0,spot,0.17935,0.17935,instances.vantage.sh (AWS Price List mirror)
2026-06-29,AWS,us-west-2,trn1.32xlarge,unknown,16.0,ondemand,21.5,1.34375,instances.vantage.sh (AWS Price List mirror)
2026-06-29,AWS,us-west-2,trn1.32xlarge,unknown,16.0,spot,3.9062,0.2441375,instances.vantage.sh (AWS Price List mirror)
2026-06-29,AWS,us-west-2,trn1n.32xlarge,unknown,16.0,ondemand,24.78,1.54875,instances.vantage.sh (AWS Price List mirror)
2026-06-29,AWS,us-west-2,trn1n.32xlarge,unknown,16.0,spot,2.9751,0.18594375,instances.vantage.sh (AWS Price List mirror)
2026-06-29,AWS,us-west-2-den-1,g4dn.2xlarge,T4,1.0,ondemand,1.015,1.015,instances.vantage.sh (AWS Price List mirror)
2026-06-29,AWS,us-west-2-den-1,g4dn.4xlarge,T4,1.0,ondemand,1.625,1.625,instances.vantage.sh (AWS Price List mirror)
2026-06-29,AWS,us-west-2-hnl-1,g4dn.2xlarge,T4,1.0,ondemand,1.241,1.241,instances.vantage.sh (AWS Price List mirror)
2026-06-29,AWS,us-west-2-hnl-1,g4dn.4xlarge,T4,1.0,ondemand,1.987,1.987,instances.vantage.sh (AWS Price List mirror)
2026-06-29,AWS,us-west-2-las-1,g4dn.2xlarge,T4,1.0,ondemand,1.015,1.015,instances.vantage.sh (AWS Price List mirror)
2026-06-29,AWS,us-west-2-lax-1,g4dn.12xlarge,T4,4.0,ondemand,4.694,1.1735,instances.vantage.sh (AWS Price List mirror)
2026-06-29,AWS,us-west-2-lax-1,g4dn.16xlarge,T4,1.0,ondemand,5.222,5.222,instances.vantage.sh (AWS Price List mirror)
2026-06-29,AWS,us-west-2-lax-1,g4dn.2xlarge,T4,1.0,ondemand,0.902,0.902,instances.vantage.sh (AWS Price List mirror)
2026-06-29,AWS,us-west-2-lax-1,g4dn.4xlarge,T4,1.0,ondemand,1.445,1.445,instances.vantage.sh (AWS Price List mirror)
2026-06-29,AWS,us-west-2-lax-1,g4dn.8xlarge,T4,1.0,ondemand,2.611,2.611,instances.vantage.sh (AWS Price List mirror)
2026-06-29,AWS,us-west-2-lax-1,g4dn.metal,T4,8.0,ondemand,9.389,1.173625,instances.vantage.sh (AWS Price List mirror)
2026-06-29,AWS,us-west-2-lax-1,g4dn.xlarge,T4,1.0,ondemand,0.631,0.631,instances.vantage.sh (AWS Price List mirror)
2026-06-29,AWS,us-west-2-lax-1,g5.4xlarge,A10G,1.0,ondemand,2.23098,2.23098,instances.vantage.sh (AWS Price List mirror)
2026-06-29,AWS,us-west-2-lax-1,g5.8xlarge,A10G,1.0,ondemand,3.36296,3.36296,instances.vantage.sh (AWS Price List mirror)
2026-06-29,AWS,us-west-2-lax-1,g7e.4xlarge,NVIDIA GB202,1.0,ondemand,5.35803,5.35803,instances.vantage.sh (AWS Price List mirror)
2026-06-29,AWS,us-west-2-lax-1,g7e.8xlarge,NVIDIA GB202,1.0,ondemand,7.0601,7.0601,instances.vantage.sh (AWS Price List mirror)
2026-06-29,AWS,us-west-2-pdx-1,g4dn.2xlarge,T4,1.0,ondemand,1.015,1.015,instances.vantage.sh (AWS Price List mirror)
2026-06-29,AWS,us-west-2-phx-1,g4dn.2xlarge,T4,1.0,ondemand,1.015,1.015,instances.vantage.sh (AWS Price List mirror)
2026-06-29,AWS,us-west-2-phx-1,g4dn.4xlarge,T4,1.0,ondemand,1.625,1.625,instances.vantage.sh (AWS Price List mirror)
2026-06-29,AWS,us-west-2-sea-1,g4dn.2xlarge,T4,1.0,ondemand,1.015,1.015,instances.vantage.sh (AWS Price List mirror)
2026-06-29,AWS,us-west-2-wl1,g4dn.2xlarge,T4,1.0,ondemand,1.317,1.317,instances.vantage.sh (AWS Price List mirror)
2026-06-29,AWS,us-west-2-wl1-den1,g4dn.2xlarge,T4,1.0,ondemand,1.317,1.317,instances.vantage.sh (AWS Price List mirror)
2026-06-29,AWS,us-west-2-wl1-las1,g4dn.2xlarge,T4,1.0,ondemand,1.317,1.317,instances.vantage.sh (AWS Price List mirror)
2026-06-29,AWS,us-west-2-wl1-lax1,g4dn.2xlarge,T4,1.0,ondemand,1.317,1.317,instances.vantage.sh (AWS Price List mirror)
2026-06-29,AWS,us-west-2-wl1-phx1,g4dn.2xlarge,T4,1.0,ondemand,1.317,1.317,instances.vantage.sh (AWS Price List mirror)
2026-06-29,AWS,us-west-2-wl1-sea1,g4dn.2xlarge,T4,1.0,ondemand,1.317,1.317,instances.vantage.sh (AWS Price List mirror)
