snapshot_date,provider,region,sku,gpu_model,gpu_count,price_type,price_usd_hour,price_usd_per_gpu_hour,source
2026-06-10,GCP,africa-south1,A4 Nvidia B200 (1 gpu slice) attached to DWS Defined Duration VMs running in Johannesburg,B200,1.0,ondemand,8.055,8.055,Cloud Billing Catalog API
2026-06-10,GCP,africa-south1,DWS Calendar Mode A4 Nvidia B200 (1 gpu slice) in Johannesburg,B200,1.0,ondemand,11.277,11.277,Cloud Billing Catalog API
2026-06-10,GCP,africa-south1,H200 141GB GPU attached to DWS Defined Duration VMs running in Johannesburg,H200,1.0,ondemand,4.575323,4.575323,Cloud Billing Catalog API
2026-06-10,GCP,africa-south1,Nvidia H100 80GB GPU attached to Spot Preemptible VMs running in Johannesburg,H100,1.0,spot,1.6096,1.6096,Cloud Billing Catalog API
2026-06-10,GCP,africa-south1,Nvidia H100 80GB GPU running in Johannesburg,H100,1.0,ondemand,12.81389,12.81389,Cloud Billing Catalog API
2026-06-10,GCP,africa-south1,Nvidia L4 GPU attached to Spot Preemptible VMs running in Johannesburg,L4,1.0,spot,0.0851,0.0851,Cloud Billing Catalog API
2026-06-10,GCP,africa-south1,Nvidia L4 GPU running in Johannesburg,L4,1.0,ondemand,0.7325326,0.7325326,Cloud Billing Catalog API
2026-06-10,GCP,africa-south1,Nvidia Tesla A100 80GB GPU attached to Spot Preemptible VMs running in Johannesburg,A100-80GB,1.0,spot,1.5476,1.5476,Cloud Billing Catalog API
2026-06-10,GCP,africa-south1,Nvidia Tesla A100 80GB GPU running in Johannesburg,A100-80GB,1.0,ondemand,5.137929,5.137929,Cloud Billing Catalog API
2026-06-10,GCP,africa-south1,Nvidia Tesla A100 GPU attached to Spot Preemptible VMs running in Johannesburg,A100,1.0,spot,0.6078,0.6078,Cloud Billing Catalog API
2026-06-10,GCP,africa-south1,Nvidia Tesla A100 GPU running in Johannesburg,A100,1.0,ondemand,3.837552,3.837552,Cloud Billing Catalog API
2026-06-10,GCP,africa-south1,Nvidia Tesla P100 GPU attached to Spot Preemptible VMs running in Johannesburg,P100,1.0,spot,0.2177,0.2177,Cloud Billing Catalog API
2026-06-10,GCP,africa-south1,Nvidia Tesla P100 GPU running in Johannesburg,P100,1.0,ondemand,1.90968,1.90968,Cloud Billing Catalog API
2026-06-10,GCP,africa-south1,Nvidia Tesla P4 GPU attached to Spot Preemptible VMs running in Johannesburg,P4,1.0,spot,0.1203,0.1203,Cloud Billing Catalog API
2026-06-10,GCP,africa-south1,Nvidia Tesla P4 GPU running in Johannesburg,P4,1.0,ondemand,0.7848,0.7848,Cloud Billing Catalog API
2026-06-10,GCP,africa-south1,Nvidia Tesla T4 GPU attached to DWS Defined Duration VMs running in Johannesburg,T4,1.0,ondemand,0.4578,0.4578,Cloud Billing Catalog API
2026-06-10,GCP,africa-south1,Nvidia Tesla T4 GPU attached to Spot Preemptible VMs running in Johannesburg,T4,1.0,spot,0.0585,0.0585,Cloud Billing Catalog API
2026-06-10,GCP,africa-south1,Nvidia Tesla T4 GPU running in Johannesburg,T4,1.0,ondemand,0.4578,0.4578,Cloud Billing Catalog API
2026-06-10,GCP,africa-south1,Nvidia Tesla V100 GPU attached to Spot Preemptible VMs running in Johannesburg,V100,1.0,spot,0.3935,0.3935,Cloud Billing Catalog API
2026-06-10,GCP,africa-south1,Nvidia Tesla V100 GPU running in Johannesburg,V100,1.0,ondemand,3.24384,3.24384,Cloud Billing Catalog API
2026-06-10,GCP,africa-south1,Spot Preemptible A4 Nvidia B200 (1 gpu slice) running in Johannesburg,B200,1.0,spot,3.0675,3.0675,Cloud Billing Catalog API
2026-06-10,GCP,asia-east1,A4 Nvidia B200 (1 gpu slice) attached to DWS Defined Duration VMs running in Taiwan,B200,1.0,ondemand,8.055,8.055,Cloud Billing Catalog API
2026-06-10,GCP,asia-east1,DWS Calendar Mode A4 Nvidia B200 (1 gpu slice) in Taiwan,B200,1.0,ondemand,11.277,11.277,Cloud Billing Catalog API
2026-06-10,GCP,asia-east1,H200 141GB GPU attached to DWS Defined Duration VMs running in Taiwan,H200,1.0,ondemand,4.575323,4.575323,Cloud Billing Catalog API
2026-06-10,GCP,asia-east1,Nvidia H100 80GB GPU attached to Spot Preemptible VMs running in Taiwan,H100,1.0,spot,4.1834,4.1834,Cloud Billing Catalog API
2026-06-10,GCP,asia-east1,Nvidia H100 80GB GPU running in Taiwan,H100,1.0,ondemand,11.34343,11.34343,Cloud Billing Catalog API
2026-06-10,GCP,asia-east1,Nvidia L4 GPU attached to DWS Defined Duration VMs running in Taiwan,L4,1.0,ondemand,0.6484706,0.6484706,Cloud Billing Catalog API
2026-06-10,GCP,asia-east1,Nvidia L4 GPU attached to Spot Preemptible VMs running in Taiwan,L4,1.0,spot,0.2527,0.2527,Cloud Billing Catalog API
2026-06-10,GCP,asia-east1,Nvidia L4 GPU running in Taiwan,L4,1.0,ondemand,0.6484706,0.6484706,Cloud Billing Catalog API
2026-06-10,GCP,asia-east1,Nvidia Tesla A100 80GB GPU attached to Spot Preemptible VMs running in Taiwan,A100-80GB,1.0,spot,0.5582,0.5582,Cloud Billing Catalog API
2026-06-10,GCP,asia-east1,Nvidia Tesla A100 80GB GPU running in Taiwan,A100-80GB,1.0,ondemand,4.548324,4.548324,Cloud Billing Catalog API
2026-06-10,GCP,asia-east1,Nvidia Tesla A100 GPU attached to Spot Preemptible VMs running in APAC,A100,1.0,spot,0.4011,0.4011,Cloud Billing Catalog API
2026-06-10,GCP,asia-east1,Nvidia Tesla A100 GPU running in APAC,A100,1.0,ondemand,2.9339079999999997,2.9339079999999997,Cloud Billing Catalog API
2026-06-10,GCP,asia-east1,Nvidia Tesla P100 GPU attached to DWS Defined Duration VMs running in Taiwan,P100,1.0,ondemand,1.6,1.6,Cloud Billing Catalog API
2026-06-10,GCP,asia-east1,Nvidia Tesla P100 GPU attached to Spot Preemptible VMs running in APAC,P100,1.0,spot,0.144,0.144,Cloud Billing Catalog API
2026-06-10,GCP,asia-east1,Nvidia Tesla P100 GPU running in APAC,P100,1.0,ondemand,1.6,1.6,Cloud Billing Catalog API
2026-06-10,GCP,asia-east1,Nvidia Tesla T4 GPU attached to DWS Defined Duration VMs running in Taiwan,T4,1.0,ondemand,0.35,0.35,Cloud Billing Catalog API
2026-06-10,GCP,asia-east1,Nvidia Tesla T4 GPU attached to Spot Preemptible VMs running in APAC,T4,1.0,spot,0.1668,0.1668,Cloud Billing Catalog API
2026-06-10,GCP,asia-east1,Nvidia Tesla T4 GPU running in APAC,T4,1.0,ondemand,0.35,0.35,Cloud Billing Catalog API
2026-06-10,GCP,asia-east1,Nvidia Tesla V100 GPU attached to DWS Defined Duration VMs running in Taiwan,V100,1.0,ondemand,2.48,2.48,Cloud Billing Catalog API
2026-06-10,GCP,asia-east1,Nvidia Tesla V100 GPU attached to Spot Preemptible VMs running in APAC,V100,1.0,spot,0.4647,0.4647,Cloud Billing Catalog API
2026-06-10,GCP,asia-east1,Nvidia Tesla V100 GPU running in APAC,V100,1.0,ondemand,2.48,2.48,Cloud Billing Catalog API
2026-06-10,GCP,asia-east1,Spot Preemptible A4 Nvidia B200 (1 gpu slice) running in Taiwan,B200,1.0,spot,2.8099,2.8099,Cloud Billing Catalog API
2026-06-10,GCP,asia-east2,A4 Nvidia B200 (1 gpu slice) attached to DWS Defined Duration VMs running in Hong Kong,B200,1.0,ondemand,8.055,8.055,Cloud Billing Catalog API
2026-06-10,GCP,asia-east2,DWS Calendar Mode A4 Nvidia B200 (1 gpu slice) in Hong Kong,B200,1.0,ondemand,11.277,11.277,Cloud Billing Catalog API
2026-06-10,GCP,asia-east2,H200 141GB GPU attached to DWS Defined Duration VMs running in Hong Kong,H200,1.0,ondemand,4.575323,4.575323,Cloud Billing Catalog API
2026-06-10,GCP,asia-east2,Nvidia H100 80GB GPU attached to Spot Preemptible VMs running in Hong Kong,H100,1.0,spot,1.7144,1.7144,Cloud Billing Catalog API
2026-06-10,GCP,asia-east2,Nvidia H100 80GB GPU running in Hong Kong,H100,1.0,ondemand,13.70439,13.70439,Cloud Billing Catalog API
2026-06-10,GCP,asia-east2,Nvidia L4 GPU attached to Spot Preemptible VMs running in Hong Kong,L4,1.0,spot,0.0909,0.0909,Cloud Billing Catalog API
2026-06-10,GCP,asia-east2,Nvidia L4 GPU running in Hong Kong,L4,1.0,ondemand,0.7834403,0.7834403,Cloud Billing Catalog API
2026-06-10,GCP,asia-east2,Nvidia Tesla A100 80GB GPU attached to Spot Preemptible VMs running in Hong Kong,A100-80GB,1.0,spot,2.0881,2.0881,Cloud Billing Catalog API
2026-06-10,GCP,asia-east2,Nvidia Tesla A100 80GB GPU running in Hong Kong,A100-80GB,1.0,ondemand,5.494991,5.494991,Cloud Billing Catalog API
2026-06-10,GCP,asia-east2,Nvidia Tesla A100 GPU attached to Spot Preemptible VMs running in Hong Kong,A100,1.0,spot,0.3322,0.3322,Cloud Billing Catalog API
2026-06-10,GCP,asia-east2,Nvidia Tesla A100 GPU running in Hong Kong,A100,1.0,ondemand,3.688341526,3.688341526,Cloud Billing Catalog API
2026-06-10,GCP,asia-east2,Nvidia Tesla T4 GPU attached to DWS Defined Duration VMs running in Hong Kong,T4,1.0,ondemand,0.44,0.44,Cloud Billing Catalog API
2026-06-10,GCP,asia-east2,Nvidia Tesla T4 GPU attached to Spot Preemptible VMs running in Hong Kong,T4,1.0,spot,0.1466,0.1466,Cloud Billing Catalog API
2026-06-10,GCP,asia-east2,Nvidia Tesla T4 GPU running in Hong Kong,T4,1.0,ondemand,0.44,0.44,Cloud Billing Catalog API
2026-06-10,GCP,asia-east2,Spot Preemptible A4 Nvidia B200 (1 gpu slice) running in Hong Kong,B200,1.0,spot,2.8099,2.8099,Cloud Billing Catalog API
2026-06-10,GCP,asia-northeast1,A4 Nvidia B200 (1 gpu slice) attached to DWS Defined Duration VMs running in Tokyo,B200,1.0,ondemand,8.055,8.055,Cloud Billing Catalog API
2026-06-10,GCP,asia-northeast1,DWS Calendar Mode A4 Nvidia B200 (1 gpu slice) in Tokyo,B200,1.0,ondemand,11.277,11.277,Cloud Billing Catalog API
2026-06-10,GCP,asia-northeast1,H200 141GB GPU attached to DWS Defined Duration VMs running in Tokyo,H200,1.0,ondemand,4.575323,4.575323,Cloud Billing Catalog API
2026-06-10,GCP,asia-northeast1,Nvidia H100 80GB GPU attached to DWS Defined Duration VMs running in Tokyo,H100,1.0,ondemand,4.200761,4.200761,Cloud Billing Catalog API
2026-06-10,GCP,asia-northeast1,Nvidia H100 80GB GPU attached to Spot Preemptible VMs running in Tokyo,H100,1.0,spot,3.1804,3.1804,Cloud Billing Catalog API
2026-06-10,GCP,asia-northeast1,Nvidia H100 80GB GPU running in Tokyo,H100,1.0,ondemand,14.204998,14.204998,Cloud Billing Catalog API
2026-06-10,GCP,asia-northeast1,Nvidia H100 80GB Mega GPU attached to Spot Preemptible VMs running in Tokyo,H100,1.0,spot,2.511,2.511,Cloud Billing Catalog API
2026-06-10,GCP,asia-northeast1,Nvidia H100 80GB Mega GPU running in Tokyo,H100,1.0,ondemand,13.28412,13.28412,Cloud Billing Catalog API
2026-06-10,GCP,asia-northeast1,Nvidia H100 Mega 80GB GPU attached to DWS Defined Duration VMs running in Tokyo,H100,1.0,ondemand,4.423936,4.423936,Cloud Billing Catalog API
2026-06-10,GCP,asia-northeast1,Nvidia L4 GPU attached to DWS Defined Duration VMs running in Tokyo,L4,1.0,ondemand,0.7192037,0.7192037,Cloud Billing Catalog API
2026-06-10,GCP,asia-northeast1,Nvidia L4 GPU attached to Spot Preemptible VMs running in Tokyo,L4,1.0,spot,0.3564,0.3564,Cloud Billing Catalog API
2026-06-10,GCP,asia-northeast1,Nvidia L4 GPU running in Tokyo,L4,1.0,ondemand,0.7192037,0.7192037,Cloud Billing Catalog API
2026-06-10,GCP,asia-northeast1,Nvidia Tesla A100 80GB GPU attached to Spot Preemptible VMs running in Tokyo,A100-80GB,1.0,spot,1.9169,1.9169,Cloud Billing Catalog API
2026-06-10,GCP,asia-northeast1,Nvidia Tesla A100 80GB GPU running in Tokyo,A100-80GB,1.0,ondemand,5.04444,5.04444,Cloud Billing Catalog API
2026-06-10,GCP,asia-northeast1,Nvidia Tesla A100 GPU attached to DWS Defined Duration VMs running in Tokyo,A100,1.0,ondemand,1.705858,1.705858,Cloud Billing Catalog API
2026-06-10,GCP,asia-northeast1,Nvidia Tesla A100 GPU attached to Spot Preemptible VMs running in Japan,A100,1.0,spot,1.5508,1.5508,Cloud Billing Catalog API
2026-06-10,GCP,asia-northeast1,Nvidia Tesla A100 GPU running in Japan,A100,1.0,ondemand,3.101559926,3.101559926,Cloud Billing Catalog API
2026-06-10,GCP,asia-northeast1,Nvidia Tesla T4 GPU attached to DWS Defined Duration VMs running in Tokyo,T4,1.0,ondemand,0.37,0.37,Cloud Billing Catalog API
2026-06-10,GCP,asia-northeast1,Nvidia Tesla T4 GPU attached to Spot Preemptible VMs running in Japan,T4,1.0,spot,0.151,0.151,Cloud Billing Catalog API
2026-06-10,GCP,asia-northeast1,Nvidia Tesla T4 GPU running in Japan,T4,1.0,ondemand,0.37,0.37,Cloud Billing Catalog API
2026-06-10,GCP,asia-northeast1,Spot Preemptible A4 Nvidia B200 (1 gpu slice) running in Tokyo,B200,1.0,spot,5.1356,5.1356,Cloud Billing Catalog API
2026-06-10,GCP,asia-northeast2,A4 Nvidia B200 (1 gpu slice) attached to DWS Defined Duration VMs running in Osaka,B200,1.0,ondemand,8.055,8.055,Cloud Billing Catalog API
2026-06-10,GCP,asia-northeast2,DWS Calendar Mode A4 Nvidia B200 (1 gpu slice) in Osaka,B200,1.0,ondemand,11.277,11.277,Cloud Billing Catalog API
2026-06-10,GCP,asia-northeast2,H200 141GB GPU attached to DWS Defined Duration VMs running in Osaka,H200,1.0,ondemand,4.575323,4.575323,Cloud Billing Catalog API
2026-06-10,GCP,asia-northeast2,Nvidia H100 80GB GPU attached to Spot Preemptible VMs running in Osaka,H100,1.0,spot,1.1429,1.1429,Cloud Billing Catalog API
2026-06-10,GCP,asia-northeast2,Nvidia H100 80GB GPU running in Osaka,H100,1.0,ondemand,12.580729999999999,12.580729999999999,Cloud Billing Catalog API
2026-06-10,GCP,asia-northeast2,Nvidia L4 GPU attached to Spot Preemptible VMs running in Osaka,L4,1.0,spot,0.0838,0.0838,Cloud Billing Catalog API
2026-06-10,GCP,asia-northeast2,Nvidia L4 GPU running in Osaka,L4,1.0,ondemand,0.7192037,0.7192037,Cloud Billing Catalog API
2026-06-10,GCP,asia-northeast2,Nvidia Tesla A100 80GB GPU attached to Spot Preemptible VMs running in Osaka,A100-80GB,1.0,spot,0.7811,0.7811,Cloud Billing Catalog API
2026-06-10,GCP,asia-northeast2,Nvidia Tesla A100 80GB GPU running in Osaka,A100-80GB,1.0,ondemand,5.04444,5.04444,Cloud Billing Catalog API
2026-06-10,GCP,asia-northeast2,Nvidia Tesla A100 GPU attached to Spot Preemptible VMs running in Osaka,A100,1.0,spot,0.2817,0.2817,Cloud Billing Catalog API
2026-06-10,GCP,asia-northeast2,Nvidia Tesla A100 GPU running in Osaka,A100,1.0,ondemand,3.101559926,3.101559926,Cloud Billing Catalog API
2026-06-10,GCP,asia-northeast2,Nvidia Tesla P100 GPU attached to Spot Preemptible VMs running in Osaka,P100,1.0,spot,0.1664,0.1664,Cloud Billing Catalog API
2026-06-10,GCP,asia-northeast2,Nvidia Tesla P100 GPU running in Osaka,P100,1.0,ondemand,1.6,1.6,Cloud Billing Catalog API
2026-06-10,GCP,asia-northeast2,Nvidia Tesla P4 GPU attached to Spot Preemptible VMs running in Osaka,P4,1.0,spot,0.0837,0.0837,Cloud Billing Catalog API
2026-06-10,GCP,asia-northeast2,Nvidia Tesla P4 GPU running in Osaka,P4,1.0,ondemand,0.65,0.65,Cloud Billing Catalog API
2026-06-10,GCP,asia-northeast2,Nvidia Tesla T4 GPU attached to DWS Defined Duration VMs running in Osaka,T4,1.0,ondemand,0.37,0.37,Cloud Billing Catalog API
2026-06-10,GCP,asia-northeast2,Nvidia Tesla T4 GPU attached to Spot Preemptible VMs running in Osaka,T4,1.0,spot,0.0426,0.0426,Cloud Billing Catalog API
2026-06-10,GCP,asia-northeast2,Nvidia Tesla T4 GPU running in Osaka,T4,1.0,ondemand,0.37,0.37,Cloud Billing Catalog API
2026-06-10,GCP,asia-northeast2,Nvidia Tesla V100 GPU attached to Spot Preemptible VMs running in Osaka,V100,1.0,spot,0.74,0.74,Cloud Billing Catalog API
2026-06-10,GCP,asia-northeast2,Spot Preemptible A4 Nvidia B200 (1 gpu slice) running in Osaka,B200,1.0,spot,2.8099,2.8099,Cloud Billing Catalog API
2026-06-10,GCP,asia-northeast3,A4 Nvidia B200 (1 gpu slice) attached to DWS Defined Duration VMs running in Seoul,B200,1.0,ondemand,8.055,8.055,Cloud Billing Catalog API
2026-06-10,GCP,asia-northeast3,DWS Calendar Mode A4 Nvidia B200 (1 gpu slice) in Seoul,B200,1.0,ondemand,11.277,11.277,Cloud Billing Catalog API
2026-06-10,GCP,asia-northeast3,H200 141GB GPU attached to DWS Defined Duration VMs running in Seoul,H200,1.0,ondemand,4.575323,4.575323,Cloud Billing Catalog API
2026-06-10,GCP,asia-northeast3,Nvidia H100 80GB GPU attached to DWS Defined Duration VMs running in Seoul,H100,1.0,ondemand,4.200761,4.200761,Cloud Billing Catalog API
2026-06-10,GCP,asia-northeast3,Nvidia H100 80GB GPU attached to Spot Preemptible VMs running in Seoul,H100,1.0,spot,3.6599,3.6599,Cloud Billing Catalog API
2026-06-10,GCP,asia-northeast3,Nvidia H100 80GB GPU running in Seoul,H100,1.0,ondemand,12.580729999999999,12.580729999999999,Cloud Billing Catalog API
2026-06-10,GCP,asia-northeast3,Nvidia H100 Mega 80GB GPU attached to DWS Defined Duration VMs running in Seoul,H100,1.0,ondemand,4.423936,4.423936,Cloud Billing Catalog API
2026-06-10,GCP,asia-northeast3,Nvidia L4 GPU attached to DWS Defined Duration VMs running in Seoul,L4,1.0,ondemand,0.7192037,0.7192037,Cloud Billing Catalog API
2026-06-10,GCP,asia-northeast3,Nvidia L4 GPU attached to Spot Preemptible VMs running in Seoul,L4,1.0,spot,0.1613,0.1613,Cloud Billing Catalog API
2026-06-10,GCP,asia-northeast3,Nvidia L4 GPU running in Seoul,L4,1.0,ondemand,0.7192037,0.7192037,Cloud Billing Catalog API
2026-06-10,GCP,asia-northeast3,Nvidia Tesla A100 80GB GPU attached to Spot Preemptible VMs running in Seoul,A100-80GB,1.0,spot,0.7811,0.7811,Cloud Billing Catalog API
2026-06-10,GCP,asia-northeast3,Nvidia Tesla A100 80GB GPU running in Seoul,A100-80GB,1.0,ondemand,5.04444,5.04444,Cloud Billing Catalog API
2026-06-10,GCP,asia-northeast3,Nvidia Tesla A100 GPU attached to DWS Defined Duration VMs running in Seoul,A100,1.0,ondemand,1.705858,1.705858,Cloud Billing Catalog API
2026-06-10,GCP,asia-northeast3,Nvidia Tesla A100 GPU attached to Spot Preemptible VMs running in Seoul,A100,1.0,spot,1.2969,1.2969,Cloud Billing Catalog API
2026-06-10,GCP,asia-northeast3,Nvidia Tesla A100 GPU running in Seoul,A100,1.0,ondemand,3.101559926,3.101559926,Cloud Billing Catalog API
2026-06-10,GCP,asia-northeast3,Nvidia Tesla P100 GPU attached to Spot Preemptible VMs running in Seoul,P100,1.0,spot,0.4085,0.4085,Cloud Billing Catalog API
2026-06-10,GCP,asia-northeast3,Nvidia Tesla P100 GPU running in Seoul,P100,1.0,ondemand,1.6,1.6,Cloud Billing Catalog API
2026-06-10,GCP,asia-northeast3,Nvidia Tesla P4 GPU attached to Spot Preemptible VMs running in Seoul,P4,1.0,spot,0.0837,0.0837,Cloud Billing Catalog API
2026-06-10,GCP,asia-northeast3,Nvidia Tesla P4 GPU running in Seoul,P4,1.0,ondemand,0.65,0.65,Cloud Billing Catalog API
2026-06-10,GCP,asia-northeast3,Nvidia Tesla T4 GPU attached to DWS Defined Duration VMs running in Seoul,T4,1.0,ondemand,0.37,0.37,Cloud Billing Catalog API
2026-06-10,GCP,asia-northeast3,Nvidia Tesla T4 GPU attached to Spot Preemptible VMs running in Seoul,T4,1.0,spot,0.1846,0.1846,Cloud Billing Catalog API
2026-06-10,GCP,asia-northeast3,Nvidia Tesla T4 GPU running in Seoul,T4,1.0,ondemand,0.37,0.37,Cloud Billing Catalog API
2026-06-10,GCP,asia-northeast3,Nvidia Tesla V100 GPU attached to Spot Preemptible VMs running in Seoul,V100,1.0,spot,0.74,0.74,Cloud Billing Catalog API
2026-06-10,GCP,asia-northeast3,Spot Preemptible A4 Nvidia B200 (1 gpu slice) running in Seoul,B200,1.0,spot,2.8099,2.8099,Cloud Billing Catalog API
2026-06-10,GCP,asia-south1,A4 Nvidia B200 (1 gpu slice) attached to DWS Defined Duration VMs running in Mumbai,B200,1.0,ondemand,8.055,8.055,Cloud Billing Catalog API
2026-06-10,GCP,asia-south1,DWS Calendar Mode A4 Nvidia B200 (1 gpu slice) in Mumbai,B200,1.0,ondemand,11.277,11.277,Cloud Billing Catalog API
2026-06-10,GCP,asia-south1,H200 141GB GPU attached to DWS Defined Duration VMs running in Mumbai,H200,1.0,ondemand,4.575323,4.575323,Cloud Billing Catalog API
2026-06-10,GCP,asia-south1,H200 141GB GPU attached to Spot Preemptible VMs running in Mumbai,H200,1.0,spot,5.0842,5.0842,Cloud Billing Catalog API
2026-06-10,GCP,asia-south1,H200 141GB GPU running in Mumbai,H200,1.0,ondemand,11.17409,11.17409,Cloud Billing Catalog API
2026-06-10,GCP,asia-south1,Nvidia H100 80GB GPU attached to DWS Defined Duration VMs running in Mumbai,H100,1.0,ondemand,4.200761,4.200761,Cloud Billing Catalog API
2026-06-10,GCP,asia-south1,Nvidia H100 80GB GPU attached to Spot Preemptible VMs running in Mumbai,H100,1.0,spot,3.4422,3.4422,Cloud Billing Catalog API
2026-06-10,GCP,asia-south1,Nvidia H100 80GB GPU running in Mumbai,H100,1.0,ondemand,10.18841,10.18841,Cloud Billing Catalog API
2026-06-10,GCP,asia-south1,Nvidia H100 Mega 80GB GPU attached to DWS Defined Duration VMs running in Mumbai,H100,1.0,ondemand,4.423936,4.423936,Cloud Billing Catalog API
2026-06-10,GCP,asia-south1,Nvidia L4 GPU attached to DWS Defined Duration VMs running in Mumbai,L4,1.0,ondemand,0.5824418,0.5824418,Cloud Billing Catalog API
2026-06-10,GCP,asia-south1,Nvidia L4 GPU attached to Spot Preemptible VMs running in Mumbai,L4,1.0,spot,0.2437,0.2437,Cloud Billing Catalog API
2026-06-10,GCP,asia-south1,Nvidia L4 GPU running in Mumbai,L4,1.0,ondemand,0.582975726,0.582975726,Cloud Billing Catalog API
2026-06-10,GCP,asia-south1,Nvidia Tesla A100 80GB GPU attached to Spot Preemptible VMs running in Mumbai,A100-80GB,1.0,spot,0.7306,0.7306,Cloud Billing Catalog API
2026-06-10,GCP,asia-south1,Nvidia Tesla A100 80GB GPU running in Mumbai,A100-80GB,1.0,ondemand,4.718017,4.718017,Cloud Billing Catalog API
2026-06-10,GCP,asia-south1,Nvidia Tesla A100 GPU attached to Spot Preemptible VMs running in Mumbai,A100,1.0,spot,0.5679,0.5679,Cloud Billing Catalog API
2026-06-10,GCP,asia-south1,Nvidia Tesla A100 GPU running in Mumbai,A100,1.0,ondemand,3.436863684,3.436863684,Cloud Billing Catalog API
2026-06-10,GCP,asia-south1,Nvidia Tesla T4 GPU attached to DWS Defined Duration VMs running in Mumbai,T4,1.0,ondemand,0.41,0.41,Cloud Billing Catalog API
2026-06-10,GCP,asia-south1,Nvidia Tesla T4 GPU attached to Spot Preemptible VMs running in Mumbai,T4,1.0,spot,0.1374,0.1374,Cloud Billing Catalog API
2026-06-10,GCP,asia-south1,Nvidia Tesla T4 GPU running in Mumbai,T4,1.0,ondemand,0.41,0.41,Cloud Billing Catalog API
2026-06-10,GCP,asia-south1,Spot Preemptible A4 Nvidia B200 (1 gpu slice) running in Mumbai,B200,1.0,spot,2.8099,2.8099,Cloud Billing Catalog API
2026-06-10,GCP,asia-south2,A4 Nvidia B200 (1 gpu slice) attached to DWS Defined Duration VMs running in Delhi,B200,1.0,ondemand,8.055,8.055,Cloud Billing Catalog API
2026-06-10,GCP,asia-south2,DWS Calendar Mode A4 Nvidia B200 (1 gpu slice) in Delhi,B200,1.0,ondemand,11.277,11.277,Cloud Billing Catalog API
2026-06-10,GCP,asia-south2,H200 141GB GPU attached to DWS Defined Duration VMs running in Delhi,H200,1.0,ondemand,4.575323,4.575323,Cloud Billing Catalog API
2026-06-10,GCP,asia-south2,Nvidia H100 80GB GPU attached to Spot Preemptible VMs running in Delhi,H100,1.0,spot,3.2708,3.2708,Cloud Billing Catalog API
2026-06-10,GCP,asia-south2,Nvidia H100 80GB GPU running in Delhi,H100,1.0,ondemand,11.76664,11.76664,Cloud Billing Catalog API
2026-06-10,GCP,asia-south2,Nvidia L4 GPU attached to Spot Preemptible VMs running in Delhi,L4,1.0,spot,0.1892,0.1892,Cloud Billing Catalog API
2026-06-10,GCP,asia-south2,Nvidia L4 GPU running in Delhi,L4,1.0,ondemand,0.6726643,0.6726643,Cloud Billing Catalog API
2026-06-10,GCP,asia-south2,Nvidia Tesla A100 80GB GPU attached to Spot Preemptible VMs running in Delhi,A100-80GB,1.0,spot,0.5791,0.5791,Cloud Billing Catalog API
2026-06-10,GCP,asia-south2,Nvidia Tesla A100 80GB GPU running in Delhi,A100-80GB,1.0,ondemand,4.718017,4.718017,Cloud Billing Catalog API
2026-06-10,GCP,asia-south2,Nvidia Tesla A100 GPU attached to Spot Preemptible VMs running in Delhi,A100,1.0,spot,0.4089,0.4089,Cloud Billing Catalog API
2026-06-10,GCP,asia-south2,Nvidia Tesla A100 GPU running in Delhi,A100,1.0,ondemand,3.5206896,3.5206896,Cloud Billing Catalog API
2026-06-10,GCP,asia-south2,Nvidia Tesla P100 GPU attached to Spot Preemptible VMs running in Delhi,P100,1.0,spot,0.1998,0.1998,Cloud Billing Catalog API
2026-06-10,GCP,asia-south2,Nvidia Tesla P100 GPU running in Delhi,P100,1.0,ondemand,1.75,1.75,Cloud Billing Catalog API
2026-06-10,GCP,asia-south2,Nvidia Tesla P4 GPU attached to Spot Preemptible VMs running in Delhi,P4,1.0,spot,0.1003,0.1003,Cloud Billing Catalog API
2026-06-10,GCP,asia-south2,Nvidia Tesla P4 GPU running in Delhi,P4,1.0,ondemand,0.72,0.72,Cloud Billing Catalog API
2026-06-10,GCP,asia-south2,Nvidia Tesla T4 GPU attached to DWS Defined Duration VMs running in Delhi,T4,1.0,ondemand,0.420385,0.420385,Cloud Billing Catalog API
2026-06-10,GCP,asia-south2,Nvidia Tesla T4 GPU attached to Spot Preemptible VMs running in Delhi,T4,1.0,spot,0.0512,0.0512,Cloud Billing Catalog API
2026-06-10,GCP,asia-south2,Nvidia Tesla T4 GPU running in Delhi,T4,1.0,ondemand,0.42,0.42,Cloud Billing Catalog API
2026-06-10,GCP,asia-south2,Nvidia Tesla V100 GPU attached to Spot Preemptible VMs running in Delhi,V100,1.0,spot,0.74,0.74,Cloud Billing Catalog API
2026-06-10,GCP,asia-south2,Spot Preemptible A4 Nvidia B200 (1 gpu slice) running in Delhi,B200,1.0,spot,2.8099,2.8099,Cloud Billing Catalog API
2026-06-10,GCP,asia-southeast1,A4 Nvidia B200 (1 gpu slice) attached to DWS Defined Duration VMs running in Singapore,B200,1.0,ondemand,8.055,8.055,Cloud Billing Catalog API
2026-06-10,GCP,asia-southeast1,A4 Nvidia B200 (1 gpu slice) running in Singapore,B200,1.0,ondemand,19.332,19.332,Cloud Billing Catalog API
2026-06-10,GCP,asia-southeast1,DWS Calendar Mode A4 Nvidia B200 (1 gpu slice) in Singapore,B200,1.0,ondemand,11.277,11.277,Cloud Billing Catalog API
2026-06-10,GCP,asia-southeast1,H200 141GB GPU attached to DWS Defined Duration VMs running in Singapore,H200,1.0,ondemand,4.575323,4.575323,Cloud Billing Catalog API
2026-06-10,GCP,asia-southeast1,Nvidia H100 80GB GPU attached to DWS Defined Duration VMs running in Singapore,H100,1.0,ondemand,4.200761,4.200761,Cloud Billing Catalog API
2026-06-10,GCP,asia-southeast1,Nvidia H100 80GB GPU attached to Spot Preemptible VMs running in Singapore,H100,1.0,spot,4.4912,4.4912,Cloud Billing Catalog API
2026-06-10,GCP,asia-southeast1,Nvidia H100 80GB GPU running in Singapore,H100,1.0,ondemand,12.735516,12.735516,Cloud Billing Catalog API
2026-06-10,GCP,asia-southeast1,Nvidia H100 80GB Mega GPU attached to Spot Preemptible VMs running in Singapore,H100,1.0,spot,4.7347,4.7347,Cloud Billing Catalog API
2026-06-10,GCP,asia-southeast1,Nvidia H100 80GB Mega GPU running in Singapore,H100,1.0,ondemand,13.44756,13.44756,Cloud Billing Catalog API
2026-06-10,GCP,asia-southeast1,Nvidia H100 Mega 80GB GPU attached to DWS Defined Duration VMs running in Singapore,H100,1.0,ondemand,4.423936,4.423936,Cloud Billing Catalog API
2026-06-10,GCP,asia-southeast1,Nvidia L4 GPU attached to DWS Defined Duration VMs running in Singapore,L4,1.0,ondemand,0.6909216,0.6909216,Cloud Billing Catalog API
2026-06-10,GCP,asia-southeast1,Nvidia L4 GPU attached to Spot Preemptible VMs running in Singapore,L4,1.0,spot,0.3445,0.3445,Cloud Billing Catalog API
2026-06-10,GCP,asia-southeast1,Nvidia L4 GPU running in Singapore,L4,1.0,ondemand,0.6909216,0.6909216,Cloud Billing Catalog API
2026-06-10,GCP,asia-southeast1,Nvidia Tesla A100 80GB GPU attached to DWS Defined Duration VMs running in Singapore,A100-80GB,1.0,ondemand,2.277654,2.277654,Cloud Billing Catalog API
2026-06-10,GCP,asia-southeast1,Nvidia Tesla A100 80GB GPU attached to Spot Preemptible VMs running in Singapore,A100-80GB,1.0,spot,2.1999,2.1999,Cloud Billing Catalog API
2026-06-10,GCP,asia-southeast1,Nvidia Tesla A100 80GB GPU running in Singapore,A100-80GB,1.0,ondemand,4.846072,4.846072,Cloud Billing Catalog API
2026-06-10,GCP,asia-southeast1,Nvidia Tesla A100 GPU attached to DWS Defined Duration VMs running in Singapore,A100,1.0,ondemand,1.705858,1.705858,Cloud Billing Catalog API
2026-06-10,GCP,asia-southeast1,Nvidia Tesla A100 GPU attached to Spot Preemptible VMs running in Singapore,A100,1.0,spot,1.5462,1.5462,Cloud Billing Catalog API
2026-06-10,GCP,asia-southeast1,Nvidia Tesla A100 GPU running in Singapore,A100,1.0,ondemand,3.101559926,3.101559926,Cloud Billing Catalog API
2026-06-10,GCP,asia-southeast1,Nvidia Tesla P4 GPU attached to DWS Defined Duration VMs running in Singapore,P4,1.0,ondemand,0.65,0.65,Cloud Billing Catalog API
2026-06-10,GCP,asia-southeast1,Nvidia Tesla P4 GPU attached to Spot Preemptible VMs running in Singapore,P4,1.0,spot,0.0585,0.0585,Cloud Billing Catalog API
2026-06-10,GCP,asia-southeast1,Nvidia Tesla P4 GPU running in Singapore,P4,1.0,ondemand,0.65,0.65,Cloud Billing Catalog API
2026-06-10,GCP,asia-southeast1,Nvidia Tesla T4 GPU attached to DWS Defined Duration VMs running in Singapore,T4,1.0,ondemand,0.37,0.37,Cloud Billing Catalog API
2026-06-10,GCP,asia-southeast1,Nvidia Tesla T4 GPU attached to Spot Preemptible VMs running in Singapore,T4,1.0,spot,0.1089,0.1089,Cloud Billing Catalog API
2026-06-10,GCP,asia-southeast1,Nvidia Tesla T4 GPU running in Singapore,T4,1.0,ondemand,0.37,0.37,Cloud Billing Catalog API
2026-06-10,GCP,asia-southeast1,Spot Preemptible A4 Nvidia B200 (1 gpu slice) running in Singapore,B200,1.0,spot,4.6687,4.6687,Cloud Billing Catalog API
2026-06-10,GCP,asia-southeast2,A4 Nvidia B200 (1 gpu slice) attached to DWS Defined Duration VMs running in Jakarta,B200,1.0,ondemand,8.055,8.055,Cloud Billing Catalog API
2026-06-10,GCP,asia-southeast2,DWS Calendar Mode A4 Nvidia B200 (1 gpu slice) in Jakarta,B200,1.0,ondemand,11.277,11.277,Cloud Billing Catalog API
2026-06-10,GCP,asia-southeast2,H200 141GB GPU attached to DWS Defined Duration VMs running in Jakarta,H200,1.0,ondemand,4.575323,4.575323,Cloud Billing Catalog API
2026-06-10,GCP,asia-southeast2,Nvidia H100 80GB GPU attached to Spot Preemptible VMs running in Jakarta,H100,1.0,spot,1.5487,1.5487,Cloud Billing Catalog API
2026-06-10,GCP,asia-southeast2,Nvidia H100 80GB GPU running in Jakarta,H100,1.0,ondemand,13.17342,13.17342,Cloud Billing Catalog API
2026-06-10,GCP,asia-southeast2,Nvidia L4 GPU attached to Spot Preemptible VMs running in Jakarta,L4,1.0,spot,0.0874,0.0874,Cloud Billing Catalog API
2026-06-10,GCP,asia-southeast2,Nvidia L4 GPU running in Jakarta,L4,1.0,ondemand,0.7530861,0.7530861,Cloud Billing Catalog API
2026-06-10,GCP,asia-southeast2,Nvidia Tesla A100 80GB GPU attached to Spot Preemptible VMs running in Jakarta,A100-80GB,1.0,spot,0.6486,0.6486,Cloud Billing Catalog API
2026-06-10,GCP,asia-southeast2,Nvidia Tesla A100 80GB GPU running in Jakarta,A100-80GB,1.0,ondemand,5.282089,5.282089,Cloud Billing Catalog API
2026-06-10,GCP,asia-southeast2,Nvidia Tesla A100 GPU attached to Spot Preemptible VMs running in Jakarta,A100,1.0,spot,0.499,0.499,Cloud Billing Catalog API
2026-06-10,GCP,asia-southeast2,Nvidia Tesla A100 GPU running in Jakarta,A100,1.0,ondemand,3.380700262,3.380700262,Cloud Billing Catalog API
2026-06-10,GCP,asia-southeast2,Nvidia Tesla P100 GPU attached to Spot Preemptible VMs running in Jakarta,P100,1.0,spot,0.4453,0.4453,Cloud Billing Catalog API
2026-06-10,GCP,asia-southeast2,Nvidia Tesla P100 GPU running in Jakarta,P100,1.0,ondemand,1.744,1.744,Cloud Billing Catalog API
2026-06-10,GCP,asia-southeast2,Nvidia Tesla P4 GPU attached to Spot Preemptible VMs running in Jakarta,P4,1.0,spot,0.0911,0.0911,Cloud Billing Catalog API
2026-06-10,GCP,asia-southeast2,Nvidia Tesla P4 GPU running in Jakarta,P4,1.0,ondemand,0.7085,0.7085,Cloud Billing Catalog API
2026-06-10,GCP,asia-southeast2,Nvidia Tesla T4 GPU attached to DWS Defined Duration VMs running in Jakarta,T4,1.0,ondemand,0.4033,0.4033,Cloud Billing Catalog API
2026-06-10,GCP,asia-southeast2,Nvidia Tesla T4 GPU attached to Spot Preemptible VMs running in Jakarta,T4,1.0,spot,0.1227,0.1227,Cloud Billing Catalog API
2026-06-10,GCP,asia-southeast2,Nvidia Tesla T4 GPU running in Jakarta,T4,1.0,ondemand,0.4033,0.4033,Cloud Billing Catalog API
2026-06-10,GCP,asia-southeast2,Nvidia Tesla V100 GPU attached to Spot Preemptible VMs running in Jakarta,V100,1.0,spot,0.8066,0.8066,Cloud Billing Catalog API
2026-06-10,GCP,asia-southeast2,Spot Preemptible A4 Nvidia B200 (1 gpu slice) running in Jakarta,B200,1.0,spot,2.8099,2.8099,Cloud Billing Catalog API
2026-06-10,GCP,asia-southeast3,Nvidia Tesla T4 GPU attached to DWS Defined Duration VMs running in Bangkok,T4,1.0,ondemand,0.42,0.42,Cloud Billing Catalog API
2026-06-10,GCP,australia-southeast1,Nvidia H100 80GB GPU attached to DWS Defined Duration VMs running in Sydney,H100,1.0,ondemand,4.200761,4.200761,Cloud Billing Catalog API
2026-06-10,GCP,australia-southeast1,Nvidia H100 80GB GPU attached to Spot Preemptible VMs running in Sydney,H100,1.0,spot,3.0665,3.0665,Cloud Billing Catalog API
2026-06-10,GCP,australia-southeast1,Nvidia H100 80GB GPU running in Sydney,H100,1.0,ondemand,12.24569,12.24569,Cloud Billing Catalog API
2026-06-10,GCP,australia-southeast1,Nvidia H100 80GB Mega GPU attached to Spot Preemptible VMs running in Sydney,H100,1.0,spot,3.785,3.785,Cloud Billing Catalog API
2026-06-10,GCP,australia-southeast1,Nvidia H100 80GB Mega GPU running in Sydney,H100,1.0,ondemand,12.93034,12.93034,Cloud Billing Catalog API
2026-06-10,GCP,australia-southeast1,Nvidia H100 Mega 80GB GPU attached to DWS Defined Duration VMs running in Sydney,H100,1.0,ondemand,4.423936,4.423936,Cloud Billing Catalog API
2026-06-10,GCP,australia-southeast1,Nvidia L4 GPU attached to Spot Preemptible VMs running in Sydney,L4,1.0,spot,0.0923,0.0923,Cloud Billing Catalog API
2026-06-10,GCP,australia-southeast1,Nvidia L4 GPU running in Sydney,L4,1.0,ondemand,0.699803785,0.699803785,Cloud Billing Catalog API
2026-06-10,GCP,australia-southeast1,Nvidia Tesla A100 80GB GPU attached to Spot Preemptible VMs running in Sydney,A100-80GB,1.0,spot,0.6845,0.6845,Cloud Billing Catalog API
2026-06-10,GCP,australia-southeast1,Nvidia Tesla A100 80GB GPU running in Sydney,A100-80GB,1.0,ondemand,5.57591,5.57591,Cloud Billing Catalog API
2026-06-10,GCP,australia-southeast1,Nvidia Tesla A100 GPU attached to Spot Preemptible VMs running in Sydney,A100,1.0,spot,0.3344,0.3344,Cloud Billing Catalog API
2026-06-10,GCP,australia-southeast1,Nvidia Tesla A100 GPU running in Sydney,A100,1.0,ondemand,3.688341526,3.688341526,Cloud Billing Catalog API
2026-06-10,GCP,australia-southeast1,Nvidia Tesla P100 GPU attached to DWS Defined Duration VMs running in Sydney,P100,1.0,ondemand,1.6,1.6,Cloud Billing Catalog API
2026-06-10,GCP,australia-southeast1,Nvidia Tesla P100 GPU attached to Spot Preemptible VMs running in Sydney,P100,1.0,spot,0.2434,0.2434,Cloud Billing Catalog API
2026-06-10,GCP,australia-southeast1,Nvidia Tesla P100 GPU running in Sydney,P100,1.0,ondemand,1.6,1.6,Cloud Billing Catalog API
2026-06-10,GCP,australia-southeast1,Nvidia Tesla P4 GPU attached to DWS Defined Duration VMs running in Sydney,P4,1.0,ondemand,0.65,0.65,Cloud Billing Catalog API
2026-06-10,GCP,australia-southeast1,Nvidia Tesla P4 GPU attached to Spot Preemptible VMs running in Sydney,P4,1.0,spot,0.0614,0.0614,Cloud Billing Catalog API
2026-06-10,GCP,australia-southeast1,Nvidia Tesla P4 GPU running in Sydney,P4,1.0,ondemand,0.65,0.65,Cloud Billing Catalog API
2026-06-10,GCP,australia-southeast1,Nvidia Tesla T4 GPU attached to DWS Defined Duration VMs running in Sydney,T4,1.0,ondemand,0.4375,0.4375,Cloud Billing Catalog API
2026-06-10,GCP,australia-southeast1,Nvidia Tesla T4 GPU attached to Spot Preemptible VMs running in Sydney,T4,1.0,spot,0.1723,0.1723,Cloud Billing Catalog API
2026-06-10,GCP,australia-southeast1,Nvidia Tesla T4 GPU running in Sydney,T4,1.0,ondemand,0.44,0.44,Cloud Billing Catalog API
2026-06-10,GCP,australia-southeast2,Nvidia H100 80GB GPU attached to Spot Preemptible VMs running in Melbourne,H100,1.0,spot,1.156,1.156,Cloud Billing Catalog API
2026-06-10,GCP,australia-southeast2,Nvidia H100 80GB GPU running in Melbourne,H100,1.0,ondemand,12.73552,12.73552,Cloud Billing Catalog API
2026-06-10,GCP,australia-southeast2,Nvidia L4 GPU attached to Spot Preemptible VMs running in Melbourne,L4,1.0,spot,0.1078,0.1078,Cloud Billing Catalog API
2026-06-10,GCP,australia-southeast2,Nvidia L4 GPU running in Melbourne,L4,1.0,ondemand,0.727795936,0.727795936,Cloud Billing Catalog API
2026-06-10,GCP,australia-southeast2,Nvidia Tesla A100 80GB GPU attached to Spot Preemptible VMs running in Melbourne,A100-80GB,1.0,spot,0.8636,0.8636,Cloud Billing Catalog API
2026-06-10,GCP,australia-southeast2,Nvidia Tesla A100 80GB GPU running in Melbourne,A100-80GB,1.0,ondemand,5.57591,5.57591,Cloud Billing Catalog API
2026-06-10,GCP,australia-southeast2,Nvidia Tesla A100 GPU attached to Spot Preemptible VMs running in Melbourne,A100,1.0,spot,0.4839,0.4839,Cloud Billing Catalog API
2026-06-10,GCP,australia-southeast2,Nvidia Tesla A100 GPU running in Melbourne,A100,1.0,ondemand,4.16614936,4.16614936,Cloud Billing Catalog API
2026-06-10,GCP,australia-southeast2,Nvidia Tesla P100 GPU attached to Spot Preemptible VMs running in Melbourne,P100,1.0,spot,0.2365,0.2365,Cloud Billing Catalog API
2026-06-10,GCP,australia-southeast2,Nvidia Tesla P100 GPU running in Melbourne,P100,1.0,ondemand,2.0732,2.0732,Cloud Billing Catalog API
2026-06-10,GCP,australia-southeast2,Nvidia Tesla P4 GPU attached to Spot Preemptible VMs running in Melbourne,P4,1.0,spot,0.1188,0.1188,Cloud Billing Catalog API
2026-06-10,GCP,australia-southeast2,Nvidia Tesla P4 GPU running in Melbourne,P4,1.0,ondemand,0.852,0.852,Cloud Billing Catalog API
2026-06-10,GCP,australia-southeast2,Nvidia Tesla T4 GPU attached to DWS Defined Duration VMs running in Melbourne,T4,1.0,ondemand,0.497,0.497,Cloud Billing Catalog API
2026-06-10,GCP,australia-southeast2,Nvidia Tesla T4 GPU attached to Spot Preemptible VMs running in Melbourne,T4,1.0,spot,0.0605,0.0605,Cloud Billing Catalog API
2026-06-10,GCP,australia-southeast2,Nvidia Tesla T4 GPU running in Melbourne,T4,1.0,ondemand,0.497,0.497,Cloud Billing Catalog API
2026-06-10,GCP,australia-southeast2,Nvidia Tesla V100 GPU attached to Spot Preemptible VMs running in Melbourne,V100,1.0,spot,0.4069,0.4069,Cloud Billing Catalog API
2026-06-10,GCP,australia-southeast2,Nvidia Tesla V100 GPU running in Melbourne,V100,1.0,ondemand,3.5216,3.5216,Cloud Billing Catalog API
2026-06-10,GCP,europe-central2,A4 Nvidia B200 (1 gpu slice) attached to DWS Defined Duration VMs running in Warsaw,B200,1.0,ondemand,8.055,8.055,Cloud Billing Catalog API
2026-06-10,GCP,europe-central2,DWS Calendar Mode A4 Nvidia B200 (1 gpu slice) in Warsaw,B200,1.0,ondemand,11.277,11.277,Cloud Billing Catalog API
2026-06-10,GCP,europe-central2,H200 141GB GPU attached to DWS Defined Duration VMs running in Warsaw,H200,1.0,ondemand,4.575323,4.575323,Cloud Billing Catalog API
2026-06-10,GCP,europe-central2,Nvidia H100 80GB GPU attached to Spot Preemptible VMs running in Warsaw,H100,1.0,spot,1.4868999999999999,1.4868999999999999,Cloud Billing Catalog API
2026-06-10,GCP,europe-central2,Nvidia H100 80GB GPU running in Warsaw,H100,1.0,ondemand,12.62188,12.62188,Cloud Billing Catalog API
2026-06-10,GCP,europe-central2,Nvidia L4 GPU attached to Spot Preemptible VMs running in Warsaw,L4,1.0,spot,0.0892,0.0892,Cloud Billing Catalog API
2026-06-10,GCP,europe-central2,Nvidia L4 GPU running in Warsaw,L4,1.0,ondemand,0.7215558,0.7215558,Cloud Billing Catalog API
2026-06-10,GCP,europe-central2,Nvidia Tesla A100 80GB GPU attached to Spot Preemptible VMs running in Warsaw,A100-80GB,1.0,spot,0.7838,0.7838,Cloud Billing Catalog API
2026-06-10,GCP,europe-central2,Nvidia Tesla A100 80GB GPU running in Warsaw,A100-80GB,1.0,ondemand,5.060938,5.060938,Cloud Billing Catalog API
2026-06-10,GCP,europe-central2,Nvidia Tesla A100 GPU attached to Spot Preemptible VMs running in Warsaw,A100,1.0,spot,0.3099,0.3099,Cloud Billing Catalog API
2026-06-10,GCP,europe-central2,Nvidia Tesla A100 GPU running in Warsaw,A100,1.0,ondemand,3.436863684,3.436863684,Cloud Billing Catalog API
2026-06-10,GCP,europe-central2,Nvidia Tesla P100 GPU attached to Spot Preemptible VMs running in Warsaw,P100,1.0,spot,0.1664,0.1664,Cloud Billing Catalog API
2026-06-10,GCP,europe-central2,Nvidia Tesla P100 GPU running in Warsaw,P100,1.0,ondemand,1.6,1.6,Cloud Billing Catalog API
2026-06-10,GCP,europe-central2,Nvidia Tesla P4 GPU attached to Spot Preemptible VMs running in Warsaw,P4,1.0,spot,0.0837,0.0837,Cloud Billing Catalog API
2026-06-10,GCP,europe-central2,Nvidia Tesla P4 GPU running in Warsaw,P4,1.0,ondemand,0.65,0.65,Cloud Billing Catalog API
2026-06-10,GCP,europe-central2,Nvidia Tesla T4 GPU attached to DWS Defined Duration VMs running in Warsaw,T4,1.0,ondemand,0.41,0.41,Cloud Billing Catalog API
2026-06-10,GCP,europe-central2,Nvidia Tesla T4 GPU attached to Spot Preemptible VMs running in Warsaw,T4,1.0,spot,0.1722,0.1722,Cloud Billing Catalog API
2026-06-10,GCP,europe-central2,Nvidia Tesla T4 GPU running in Warsaw,T4,1.0,ondemand,0.41,0.41,Cloud Billing Catalog API
2026-06-10,GCP,europe-central2,Nvidia Tesla V100 GPU attached to Spot Preemptible VMs running in Warsaw,V100,1.0,spot,0.74,0.74,Cloud Billing Catalog API
2026-06-10,GCP,europe-central2,Spot Preemptible A4 Nvidia B200 (1 gpu slice) running in Warsaw,B200,1.0,spot,2.8099,2.8099,Cloud Billing Catalog API
2026-06-10,GCP,europe-north1,A4 Nvidia B200 (1 gpu slice) attached to DWS Defined Duration VMs running in Finland,B200,1.0,ondemand,8.055,8.055,Cloud Billing Catalog API
2026-06-10,GCP,europe-north1,DWS Calendar Mode A4 Nvidia B200 (1 gpu slice) in Finland,B200,1.0,ondemand,11.277,11.277,Cloud Billing Catalog API
2026-06-10,GCP,europe-north1,H200 141GB GPU attached to DWS Defined Duration VMs running in Finland,H200,1.0,ondemand,4.575323,4.575323,Cloud Billing Catalog API
2026-06-10,GCP,europe-north1,Nvidia H100 80GB GPU attached to Spot Preemptible VMs running in Finland,H100,1.0,spot,1.2707,1.2707,Cloud Billing Catalog API
2026-06-10,GCP,europe-north1,Nvidia H100 80GB GPU running in Finland,H100,1.0,ondemand,10.78698,10.78698,Cloud Billing Catalog API
2026-06-10,GCP,europe-north1,Nvidia L4 GPU attached to Spot Preemptible VMs running in Finland,L4,1.0,spot,0.0716,0.0716,Cloud Billing Catalog API
2026-06-10,GCP,europe-north1,Nvidia L4 GPU running in Finland,L4,1.0,ondemand,0.6166603,0.6166603,Cloud Billing Catalog API
2026-06-10,GCP,europe-north1,Nvidia Tesla A100 80GB GPU attached to Spot Preemptible VMs running in Finland,A100-80GB,1.0,spot,0.6698,0.6698,Cloud Billing Catalog API
2026-06-10,GCP,europe-north1,Nvidia Tesla A100 80GB GPU running in Finland,A100-80GB,1.0,ondemand,4.325209,4.325209,Cloud Billing Catalog API
2026-06-10,GCP,europe-north1,Nvidia Tesla A100 GPU attached to Spot Preemptible VMs running in Finland,A100,1.0,spot,0.3096,0.3096,Cloud Billing Catalog API
2026-06-10,GCP,europe-north1,Nvidia Tesla A100 GPU running in Finland,A100,1.0,ondemand,2.9339079999999997,2.9339079999999997,Cloud Billing Catalog API
2026-06-10,GCP,europe-north1,Nvidia Tesla T4 GPU attached to DWS Defined Duration VMs running in Finland,T4,1.0,ondemand,0.35,0.35,Cloud Billing Catalog API
2026-06-10,GCP,europe-north1,Spot Preemptible A4 Nvidia B200 (1 gpu slice) running in Finland,B200,1.0,spot,4.7076,4.7076,Cloud Billing Catalog API
2026-06-10,GCP,europe-north2,Nvidia Tesla T4 GPU attached to DWS Defined Duration VMs running in Stockholm,T4,1.0,ondemand,0.385,0.385,Cloud Billing Catalog API
2026-06-10,GCP,europe-southwest1,A4 Nvidia B200 (1 gpu slice) attached to DWS Defined Duration VMs running in Madrid,B200,1.0,ondemand,8.055,8.055,Cloud Billing Catalog API
2026-06-10,GCP,europe-southwest1,DWS Calendar Mode A4 Nvidia B200 (1 gpu slice) in Madrid,B200,1.0,ondemand,11.277,11.277,Cloud Billing Catalog API
2026-06-10,GCP,europe-southwest1,H200 141GB GPU attached to DWS Defined Duration VMs running in Madrid,H200,1.0,ondemand,4.575323,4.575323,Cloud Billing Catalog API
2026-06-10,GCP,europe-southwest1,Nvidia H100 80GB GPU attached to Spot Preemptible VMs running in Madrid,H100,1.0,spot,1.0501,1.0501,Cloud Billing Catalog API
2026-06-10,GCP,europe-southwest1,Nvidia H100 80GB GPU running in Madrid,H100,1.0,ondemand,11.55993,11.55993,Cloud Billing Catalog API
2026-06-10,GCP,europe-southwest1,Nvidia L4 GPU attached to Spot Preemptible VMs running in Madrid,L4,1.0,spot,0.1312,0.1312,Cloud Billing Catalog API
2026-06-10,GCP,europe-southwest1,Nvidia L4 GPU running in Madrid,L4,1.0,ondemand,0.6608475,0.6608475,Cloud Billing Catalog API
2026-06-10,GCP,europe-southwest1,Nvidia Tesla A100 80GB GPU attached to Spot Preemptible VMs running in Madrid,A100-80GB,1.0,spot,1.3961999999999999,1.3961999999999999,Cloud Billing Catalog API
2026-06-10,GCP,europe-southwest1,Nvidia Tesla A100 80GB GPU running in Madrid,A100-80GB,1.0,ondemand,4.635134,4.635134,Cloud Billing Catalog API
2026-06-10,GCP,europe-southwest1,Nvidia Tesla A100 GPU attached to Spot Preemptible VMs running in Madrid,A100,1.0,spot,0.4013,0.4013,Cloud Billing Catalog API
2026-06-10,GCP,europe-southwest1,Nvidia Tesla A100 GPU running in Madrid,A100,1.0,ondemand,3.462011,3.462011,Cloud Billing Catalog API
2026-06-10,GCP,europe-southwest1,Nvidia Tesla P100 GPU attached to Spot Preemptible VMs running in Madrid,P100,1.0,spot,0.482,0.482,Cloud Billing Catalog API
2026-06-10,GCP,europe-southwest1,Nvidia Tesla P100 GPU running in Madrid,P100,1.0,ondemand,1.7227999999999999,1.7227999999999999,Cloud Billing Catalog API
2026-06-10,GCP,europe-southwest1,Nvidia Tesla P4 GPU attached to Spot Preemptible VMs running in Madrid,P4,1.0,spot,0.0985,0.0985,Cloud Billing Catalog API
2026-06-10,GCP,europe-southwest1,Nvidia Tesla P4 GPU running in Madrid,P4,1.0,ondemand,0.708,0.708,Cloud Billing Catalog API
2026-06-10,GCP,europe-southwest1,Nvidia Tesla T4 GPU attached to DWS Defined Duration VMs running in Madrid,T4,1.0,ondemand,0.413,0.413,Cloud Billing Catalog API
2026-06-10,GCP,europe-southwest1,Nvidia Tesla T4 GPU attached to Spot Preemptible VMs running in Madrid,T4,1.0,spot,0.0504,0.0504,Cloud Billing Catalog API
2026-06-10,GCP,europe-southwest1,Nvidia Tesla T4 GPU running in Madrid,T4,1.0,ondemand,0.413,0.413,Cloud Billing Catalog API
2026-06-10,GCP,europe-southwest1,Nvidia Tesla V100 GPU attached to Spot Preemptible VMs running in Madrid,V100,1.0,spot,0.3381,0.3381,Cloud Billing Catalog API
2026-06-10,GCP,europe-southwest1,Nvidia Tesla V100 GPU running in Madrid,V100,1.0,ondemand,2.9264,2.9264,Cloud Billing Catalog API
2026-06-10,GCP,europe-southwest1,Spot Preemptible A4 Nvidia B200 (1 gpu slice) running in Madrid,B200,1.0,spot,2.8099,2.8099,Cloud Billing Catalog API
2026-06-10,GCP,europe-west1,A4 Nvidia B200 (1 gpu slice) attached to DWS Defined Duration VMs running in Belgium,B200,1.0,ondemand,8.055,8.055,Cloud Billing Catalog API
2026-06-10,GCP,europe-west1,DWS Calendar Mode A4 Nvidia B200 (1 gpu slice) in Belgium,B200,1.0,ondemand,11.277,11.277,Cloud Billing Catalog API
2026-06-10,GCP,europe-west1,H200 141GB GPU attached to DWS Defined Duration VMs running in Belgium,H200,1.0,ondemand,4.575323,4.575323,Cloud Billing Catalog API
2026-06-10,GCP,europe-west1,H200 141GB GPU attached to Spot Preemptible VMs running in Belgium,H200,1.0,spot,5.1266,5.1266,Cloud Billing Catalog API
2026-06-10,GCP,europe-west1,H200 141GB GPU running in Belgium,H200,1.0,ondemand,10.25316,10.25316,Cloud Billing Catalog API
2026-06-10,GCP,europe-west1,Nvidia H100 80GB GPU attached to DWS Defined Duration VMs running in Belgium,H100,1.0,ondemand,4.200761,4.200761,Cloud Billing Catalog API
2026-06-10,GCP,europe-west1,Nvidia H100 80GB GPU attached to Spot Preemptible VMs running in Belgium,H100,1.0,spot,3.4699999999999998,3.4699999999999998,Cloud Billing Catalog API
2026-06-10,GCP,europe-west1,Nvidia H100 80GB GPU running in Belgium,H100,1.0,ondemand,10.78698,10.78698,Cloud Billing Catalog API
2026-06-10,GCP,europe-west1,Nvidia H100 80GB Mega GPU attached to Spot Preemptible VMs running in Belgium,H100,1.0,spot,3.6784,3.6784,Cloud Billing Catalog API
2026-06-10,GCP,europe-west1,Nvidia H100 80GB Mega GPU running in Belgium,H100,1.0,ondemand,11.39008,11.39008,Cloud Billing Catalog API
2026-06-10,GCP,europe-west1,Nvidia H100 Mega 80GB GPU attached to DWS Defined Duration VMs running in Belgium,H100,1.0,ondemand,4.423936,4.423936,Cloud Billing Catalog API
2026-06-10,GCP,europe-west1,Nvidia L4 GPU attached to DWS Defined Duration VMs running in Belgium,L4,1.0,ondemand,0.6166603,0.6166603,Cloud Billing Catalog API
2026-06-10,GCP,europe-west1,Nvidia L4 GPU attached to Spot Preemptible VMs running in Belgium,L4,1.0,spot,0.2336,0.2336,Cloud Billing Catalog API
2026-06-10,GCP,europe-west1,Nvidia L4 GPU running in Belgium,L4,1.0,ondemand,0.6166603,0.6166603,Cloud Billing Catalog API
2026-06-10,GCP,europe-west1,Nvidia Tesla A100 80GB GPU attached to Spot Preemptible VMs running in Belgium,A100-80GB,1.0,spot,0.6698,0.6698,Cloud Billing Catalog API
2026-06-10,GCP,europe-west1,Nvidia Tesla A100 80GB GPU running in Belgium,A100-80GB,1.0,ondemand,4.325209,4.325209,Cloud Billing Catalog API
2026-06-10,GCP,europe-west1,Nvidia Tesla A100 GPU attached to Spot Preemptible VMs running in EMEA,A100,1.0,spot,0.7604,0.7604,Cloud Billing Catalog API
2026-06-10,GCP,europe-west1,Nvidia Tesla A100 GPU running in EMEA,A100,1.0,ondemand,2.9339079999999997,2.9339079999999997,Cloud Billing Catalog API
2026-06-10,GCP,europe-west1,Nvidia Tesla P100 GPU attached to DWS Defined Duration VMs running in Belgium,P100,1.0,ondemand,1.607606,1.607606,Cloud Billing Catalog API
2026-06-10,GCP,europe-west1,Nvidia Tesla P100 GPU attached to Spot Preemptible VMs running in EMEA,P100,1.0,spot,0.1863,0.1863,Cloud Billing Catalog API
2026-06-10,GCP,europe-west1,Nvidia Tesla P100 GPU running in EMEA,P100,1.0,ondemand,1.6,1.6,Cloud Billing Catalog API
2026-06-10,GCP,europe-west1,Nvidia Tesla T4 GPU attached to DWS Defined Duration VMs running in Belgium,T4,1.0,ondemand,0.35,0.35,Cloud Billing Catalog API
2026-06-10,GCP,europe-west1,Nvidia Tesla T4 GPU attached to Spot Preemptible VMs running in EMEA,T4,1.0,spot,0.147,0.147,Cloud Billing Catalog API
2026-06-10,GCP,europe-west1,Nvidia Tesla T4 GPU running in EMEA,T4,1.0,ondemand,0.35,0.35,Cloud Billing Catalog API
2026-06-10,GCP,europe-west1,Spot Preemptible A4 Nvidia B200 (1 gpu slice) running in Belgium,B200,1.0,spot,2.5757,2.5757,Cloud Billing Catalog API
2026-06-10,GCP,europe-west10,A4 Nvidia B200 (1 gpu slice) attached to DWS Defined Duration VMs running in Berlin,B200,1.0,ondemand,8.055,8.055,Cloud Billing Catalog API
2026-06-10,GCP,europe-west10,DWS Calendar Mode A4 Nvidia B200 (1 gpu slice) in Berlin,B200,1.0,ondemand,11.277,11.277,Cloud Billing Catalog API
2026-06-10,GCP,europe-west10,H200 141GB GPU attached to DWS Defined Duration VMs running in Berlin,H200,1.0,ondemand,4.575323,4.575323,Cloud Billing Catalog API
2026-06-10,GCP,europe-west10,Nvidia H100 80GB GPU attached to Spot Preemptible VMs running in Berlin,H100,1.0,spot,1.8904,1.8904,Cloud Billing Catalog API
2026-06-10,GCP,europe-west10,Nvidia H100 80GB GPU running in Berlin,H100,1.0,ondemand,15.08669,15.08669,Cloud Billing Catalog API
2026-06-10,GCP,europe-west10,Nvidia L4 GPU attached to Spot Preemptible VMs running in Berlin,L4,1.0,spot,0.1306,0.1306,Cloud Billing Catalog API
2026-06-10,GCP,europe-west10,Nvidia L4 GPU running in Berlin,L4,1.0,ondemand,0.862462,0.862462,Cloud Billing Catalog API
2026-06-10,GCP,europe-west10,Nvidia Tesla A100 80GB GPU attached to Spot Preemptible VMs running in Berlin,A100-80GB,1.0,spot,2.2987,2.2987,Cloud Billing Catalog API
2026-06-10,GCP,europe-west10,Nvidia Tesla A100 80GB GPU running in Berlin,A100-80GB,1.0,ondemand,6.049243,6.049243,Cloud Billing Catalog API
2026-06-10,GCP,europe-west10,Nvidia Tesla A100 GPU attached to Spot Preemptible VMs running in Berlin,A100,1.0,spot,0.896,0.896,Cloud Billing Catalog API
2026-06-10,GCP,europe-west10,Nvidia Tesla A100 GPU running in Berlin,A100,1.0,ondemand,4.518218,4.518218,Cloud Billing Catalog API
2026-06-10,GCP,europe-west10,Nvidia Tesla P100 GPU attached to Spot Preemptible VMs running in Berlin,P100,1.0,spot,0.6291,0.6291,Cloud Billing Catalog API
2026-06-10,GCP,europe-west10,Nvidia Tesla P100 GPU running in Berlin,P100,1.0,ondemand,2.2484,2.2484,Cloud Billing Catalog API
2026-06-10,GCP,europe-west10,Nvidia Tesla P4 GPU attached to Spot Preemptible VMs running in Berlin,P4,1.0,spot,0.1416,0.1416,Cloud Billing Catalog API
2026-06-10,GCP,europe-west10,Nvidia Tesla P4 GPU running in Berlin,P4,1.0,ondemand,0.924,0.924,Cloud Billing Catalog API
2026-06-10,GCP,europe-west10,Nvidia Tesla T4 GPU attached to DWS Defined Duration VMs running in Berlin,T4,1.0,ondemand,0.539,0.539,Cloud Billing Catalog API
2026-06-10,GCP,europe-west10,Nvidia Tesla T4 GPU attached to Spot Preemptible VMs running in Berlin,T4,1.0,spot,0.0689,0.0689,Cloud Billing Catalog API
2026-06-10,GCP,europe-west10,Nvidia Tesla T4 GPU running in Berlin,T4,1.0,ondemand,0.539,0.539,Cloud Billing Catalog API
2026-06-10,GCP,europe-west10,Nvidia Tesla V100 GPU attached to Spot Preemptible VMs running in Berlin,V100,1.0,spot,0.4633,0.4633,Cloud Billing Catalog API
2026-06-10,GCP,europe-west10,Nvidia Tesla V100 GPU running in Berlin,V100,1.0,ondemand,3.8192,3.8192,Cloud Billing Catalog API
2026-06-10,GCP,europe-west10,Spot Preemptible A4 Nvidia B200 (1 gpu slice) running in Berlin,B200,1.0,spot,2.8099,2.8099,Cloud Billing Catalog API
2026-06-10,GCP,europe-west12,A4 Nvidia B200 (1 gpu slice) attached to DWS Defined Duration VMs running in Turin,B200,1.0,ondemand,8.055,8.055,Cloud Billing Catalog API
2026-06-10,GCP,europe-west12,DWS Calendar Mode A4 Nvidia B200 (1 gpu slice) in Turin,B200,1.0,ondemand,11.277,11.277,Cloud Billing Catalog API
2026-06-10,GCP,europe-west12,H200 141GB GPU attached to DWS Defined Duration VMs running in Turin,H200,1.0,ondemand,4.575323,4.575323,Cloud Billing Catalog API
2026-06-10,GCP,europe-west12,Nvidia H100 80GB GPU attached to Spot Preemptible VMs running in Turin,H100,1.0,spot,1.1374,1.1374,Cloud Billing Catalog API
2026-06-10,GCP,europe-west12,Nvidia H100 80GB GPU running in Turin,H100,1.0,ondemand,12.63755,12.63755,Cloud Billing Catalog API
2026-06-10,GCP,europe-west12,Nvidia L4 GPU attached to Spot Preemptible VMs running in Turin,L4,1.0,spot,0.084,0.084,Cloud Billing Catalog API
2026-06-10,GCP,europe-west12,Nvidia L4 GPU running in Turin,L4,1.0,ondemand,0.7224519,0.7224519,Cloud Billing Catalog API
2026-06-10,GCP,europe-west12,Nvidia Tesla A100 80GB GPU attached to Spot Preemptible VMs running in Turin,A100-80GB,1.0,spot,1.9256,1.9256,Cloud Billing Catalog API
2026-06-10,GCP,europe-west12,Nvidia Tesla A100 80GB GPU running in Turin,A100-80GB,1.0,ondemand,5.067223,5.067223,Cloud Billing Catalog API
2026-06-10,GCP,europe-west12,Nvidia Tesla A100 GPU attached to Spot Preemptible VMs running in Turin,A100,1.0,spot,0.4401,0.4401,Cloud Billing Catalog API
2026-06-10,GCP,europe-west12,Nvidia Tesla A100 GPU running in Turin,A100,1.0,ondemand,3.784741,3.784741,Cloud Billing Catalog API
2026-06-10,GCP,europe-west12,Nvidia Tesla P100 GPU attached to Spot Preemptible VMs running in Turin,P100,1.0,spot,0.2147,0.2147,Cloud Billing Catalog API
2026-06-10,GCP,europe-west12,Nvidia Tesla P100 GPU running in Turin,P100,1.0,ondemand,1.8834,1.8834,Cloud Billing Catalog API
2026-06-10,GCP,europe-west12,Nvidia Tesla P4 GPU attached to Spot Preemptible VMs running in Turin,P4,1.0,spot,0.1079,0.1079,Cloud Billing Catalog API
2026-06-10,GCP,europe-west12,Nvidia Tesla P4 GPU running in Turin,P4,1.0,ondemand,0.774,0.774,Cloud Billing Catalog API
2026-06-10,GCP,europe-west12,Nvidia Tesla T4 GPU attached to DWS Defined Duration VMs running in Turin,T4,1.0,ondemand,0.4515,0.4515,Cloud Billing Catalog API
2026-06-10,GCP,europe-west12,Nvidia Tesla T4 GPU attached to Spot Preemptible VMs running in Turin,T4,1.0,spot,0.0549,0.0549,Cloud Billing Catalog API
2026-06-10,GCP,europe-west12,Nvidia Tesla T4 GPU running in Turin,T4,1.0,ondemand,0.4515,0.4515,Cloud Billing Catalog API
2026-06-10,GCP,europe-west12,Nvidia Tesla V100 GPU attached to Spot Preemptible VMs running in Turin,V100,1.0,spot,0.3695,0.3695,Cloud Billing Catalog API
2026-06-10,GCP,europe-west12,Nvidia Tesla V100 GPU running in Turin,V100,1.0,ondemand,3.1992,3.1992,Cloud Billing Catalog API
2026-06-10,GCP,europe-west12,Spot Preemptible A4 Nvidia B200 (1 gpu slice) running in Turin,B200,1.0,spot,2.8099,2.8099,Cloud Billing Catalog API
2026-06-10,GCP,europe-west2,A4 Nvidia B200 (1 gpu slice) attached to DWS Defined Duration VMs running in London,B200,1.0,ondemand,8.055,8.055,Cloud Billing Catalog API
2026-06-10,GCP,europe-west2,DWS Calendar Mode A4 Nvidia B200 (1 gpu slice) in London,B200,1.0,ondemand,11.277,11.277,Cloud Billing Catalog API
2026-06-10,GCP,europe-west2,H200 141GB GPU attached to DWS Defined Duration VMs running in London,H200,1.0,ondemand,4.575323,4.575323,Cloud Billing Catalog API
2026-06-10,GCP,europe-west2,Nvidia H100 80GB GPU attached to Spot Preemptible VMs running in London,H100,1.0,spot,1.3148,1.3148,Cloud Billing Catalog API
2026-06-10,GCP,europe-west2,Nvidia H100 80GB GPU running in London,H100,1.0,ondemand,11.16807,11.16807,Cloud Billing Catalog API
2026-06-10,GCP,europe-west2,Nvidia L4 GPU attached to DWS Defined Duration VMs running in London,L4,1.0,ondemand,0.6384459,0.6384459,Cloud Billing Catalog API
2026-06-10,GCP,europe-west2,Nvidia L4 GPU attached to Spot Preemptible VMs running in London,L4,1.0,spot,0.3185,0.3185,Cloud Billing Catalog API
2026-06-10,GCP,europe-west2,Nvidia L4 GPU running in London,L4,1.0,ondemand,0.637653962,0.637653962,Cloud Billing Catalog API
2026-06-10,GCP,europe-west2,Nvidia Tesla A100 80GB GPU attached to Spot Preemptible VMs running in London,A100-80GB,1.0,spot,0.7838,0.7838,Cloud Billing Catalog API
2026-06-10,GCP,europe-west2,Nvidia Tesla A100 80GB GPU running in London,A100-80GB,1.0,ondemand,5.060938,5.060938,Cloud Billing Catalog API
2026-06-10,GCP,europe-west2,Nvidia Tesla A100 GPU attached to Spot Preemptible VMs running in London,A100,1.0,spot,0.3099,0.3099,Cloud Billing Catalog API
2026-06-10,GCP,europe-west2,Nvidia Tesla A100 GPU running in London,A100,1.0,ondemand,3.436863684,3.436863684,Cloud Billing Catalog API
2026-06-10,GCP,europe-west2,Nvidia Tesla T4 GPU attached to DWS Defined Duration VMs running in London,T4,1.0,ondemand,0.399,0.399,Cloud Billing Catalog API
2026-06-10,GCP,europe-west2,Nvidia Tesla T4 GPU attached to Spot Preemptible VMs running in London,T4,1.0,spot,0.1167,0.1167,Cloud Billing Catalog API
2026-06-10,GCP,europe-west2,Nvidia Tesla T4 GPU running in London,T4,1.0,ondemand,0.41,0.41,Cloud Billing Catalog API
2026-06-10,GCP,europe-west2,Spot Preemptible A4 Nvidia B200 (1 gpu slice) running in London,B200,1.0,spot,2.8099,2.8099,Cloud Billing Catalog API
2026-06-10,GCP,europe-west3,A4 Nvidia B200 (1 gpu slice) attached to DWS Defined Duration VMs running in Frankfurt,B200,1.0,ondemand,8.055,8.055,Cloud Billing Catalog API
2026-06-10,GCP,europe-west3,DWS Calendar Mode A4 Nvidia B200 (1 gpu slice) in Frankfurt,B200,1.0,ondemand,11.277,11.277,Cloud Billing Catalog API
2026-06-10,GCP,europe-west3,H200 141GB GPU attached to DWS Defined Duration VMs running in Frankfurt,H200,1.0,ondemand,4.575323,4.575323,Cloud Billing Catalog API
2026-06-10,GCP,europe-west3,Nvidia H100 80GB GPU attached to DWS Defined Duration VMs running in Frankfurt,H100,1.0,ondemand,4.200761,4.200761,Cloud Billing Catalog API
2026-06-10,GCP,europe-west3,Nvidia H100 80GB GPU attached to Spot Preemptible VMs running in Frankfurt,H100,1.0,spot,3.7248,3.7248,Cloud Billing Catalog API
2026-06-10,GCP,europe-west3,Nvidia H100 80GB GPU running in Frankfurt,H100,1.0,ondemand,11.55993,11.55993,Cloud Billing Catalog API
2026-06-10,GCP,europe-west3,Nvidia H100 80GB Mega GPU attached to Spot Preemptible VMs running in Frankfurt,H100,1.0,spot,4.5031,4.5031,Cloud Billing Catalog API
2026-06-10,GCP,europe-west3,Nvidia H100 80GB Mega GPU running in Frankfurt,H100,1.0,ondemand,12.20625,12.20625,Cloud Billing Catalog API
2026-06-10,GCP,europe-west3,Nvidia H100 Mega 80GB GPU attached to DWS Defined Duration VMs running in Frankfurt,H100,1.0,ondemand,4.423936,4.423936,Cloud Billing Catalog API
2026-06-10,GCP,europe-west3,Nvidia L4 GPU attached to DWS Defined Duration VMs running in Frankfurt,L4,1.0,ondemand,0.6608475,0.6608475,Cloud Billing Catalog API
2026-06-10,GCP,europe-west3,Nvidia L4 GPU attached to Spot Preemptible VMs running in Frankfurt,L4,1.0,spot,0.3298,0.3298,Cloud Billing Catalog API
2026-06-10,GCP,europe-west3,Nvidia L4 GPU running in Frankfurt,L4,1.0,ondemand,0.660027786,0.660027786,Cloud Billing Catalog API
2026-06-10,GCP,europe-west3,Nvidia Tesla A100 80GB GPU attached to Spot Preemptible VMs running in Frankfurt,A100-80GB,1.0,spot,0.7838,0.7838,Cloud Billing Catalog API
2026-06-10,GCP,europe-west3,Nvidia Tesla A100 80GB GPU running in Frankfurt,A100-80GB,1.0,ondemand,5.060938,5.060938,Cloud Billing Catalog API
2026-06-10,GCP,europe-west3,Nvidia Tesla A100 GPU attached to Spot Preemptible VMs running in Frankfurt,A100,1.0,spot,0.5294,0.5294,Cloud Billing Catalog API
2026-06-10,GCP,europe-west3,Nvidia Tesla A100 GPU running in Frankfurt,A100,1.0,ondemand,3.436863684,3.436863684,Cloud Billing Catalog API
2026-06-10,GCP,europe-west3,Nvidia Tesla T4 GPU attached to DWS Defined Duration VMs running in Frankfurt,T4,1.0,ondemand,0.413,0.413,Cloud Billing Catalog API
2026-06-10,GCP,europe-west3,Nvidia Tesla T4 GPU attached to Spot Preemptible VMs running in Frankfurt,T4,1.0,spot,0.1558,0.1558,Cloud Billing Catalog API
2026-06-10,GCP,europe-west3,Nvidia Tesla T4 GPU running in Frankfurt,T4,1.0,ondemand,0.41,0.41,Cloud Billing Catalog API
2026-06-10,GCP,europe-west3,Spot Preemptible A4 Nvidia B200 (1 gpu slice) running in Frankfurt,B200,1.0,spot,2.8099,2.8099,Cloud Billing Catalog API
2026-06-10,GCP,europe-west4,A4 Nvidia B200 (1 gpu slice) attached to DWS Defined Duration VMs running in Netherlands,B200,1.0,ondemand,8.055,8.055,Cloud Billing Catalog API
2026-06-10,GCP,europe-west4,A4 Nvidia B200 (1 gpu slice) running in Netherlands,B200,1.0,ondemand,17.721,17.721,Cloud Billing Catalog API
2026-06-10,GCP,europe-west4,DWS Calendar Mode A4 Nvidia B200 (1 gpu slice) in Netherlands,B200,1.0,ondemand,11.277,11.277,Cloud Billing Catalog API
2026-06-10,GCP,europe-west4,H200 141GB GPU attached to DWS Defined Duration VMs running in Netherlands,H200,1.0,ondemand,4.575323,4.575323,Cloud Billing Catalog API
2026-06-10,GCP,europe-west4,H200 141GB GPU attached to Spot Preemptible VMs running in Netherlands,H200,1.0,spot,5.1203,5.1203,Cloud Billing Catalog API
2026-06-10,GCP,europe-west4,Nvidia H100 80GB GPU attached to DWS Defined Duration VMs running in Netherlands,H100,1.0,ondemand,4.200761,4.200761,Cloud Billing Catalog API
2026-06-10,GCP,europe-west4,Nvidia H100 80GB GPU attached to Spot Preemptible VMs running in Netherlands,H100,1.0,spot,4.1011,4.1011,Cloud Billing Catalog API
2026-06-10,GCP,europe-west4,Nvidia H100 80GB GPU running in Netherlands,H100,1.0,ondemand,12.735516,12.735516,Cloud Billing Catalog API
2026-06-10,GCP,europe-west4,Nvidia H100 80GB Mega GPU attached to Spot Preemptible VMs running in Netherlands,H100,1.0,spot,4.3224,4.3224,Cloud Billing Catalog API
2026-06-10,GCP,europe-west4,Nvidia H100 80GB Mega GPU running in Netherlands,H100,1.0,ondemand,13.44756,13.44756,Cloud Billing Catalog API
2026-06-10,GCP,europe-west4,Nvidia H100 Mega 80GB GPU attached to DWS Defined Duration VMs running in Netherlands,H100,1.0,ondemand,4.423936,4.423936,Cloud Billing Catalog API
2026-06-10,GCP,europe-west4,Nvidia L4 GPU attached to DWS Defined Duration VMs running in Netherlands,L4,1.0,ondemand,0.5880423,0.5880423,Cloud Billing Catalog API
2026-06-10,GCP,europe-west4,Nvidia L4 GPU attached to Spot Preemptible VMs running in Netherlands,L4,1.0,spot,0.2942,0.2942,Cloud Billing Catalog API
2026-06-10,GCP,europe-west4,Nvidia L4 GPU running in Netherlands,L4,1.0,ondemand,0.588630286,0.588630286,Cloud Billing Catalog API
2026-06-10,GCP,europe-west4,Nvidia Tesla A100 80GB GPU attached to DWS Defined Duration VMs running in Netherlands,A100-80GB,1.0,ondemand,2.032848,2.032848,Cloud Billing Catalog API
2026-06-10,GCP,europe-west4,Nvidia Tesla A100 80GB GPU attached to Spot Preemptible VMs running in Netherlands,A100-80GB,1.0,spot,2.0545,2.0545,Cloud Billing Catalog API
2026-06-10,GCP,europe-west4,Nvidia Tesla A100 80GB GPU running in Netherlands,A100-80GB,1.0,ondemand,4.325209,4.325209,Cloud Billing Catalog API
2026-06-10,GCP,europe-west4,Nvidia Tesla A100 GPU attached to DWS Defined Duration VMs running in Netherlands,A100,1.0,ondemand,1.6136490000000001,1.6136490000000001,Cloud Billing Catalog API
2026-06-10,GCP,europe-west4,Nvidia Tesla A100 GPU attached to Spot Preemptible VMs running in Netherlands,A100,1.0,spot,1.2046000000000001,1.2046000000000001,Cloud Billing Catalog API
2026-06-10,GCP,europe-west4,Nvidia Tesla A100 GPU running in Netherlands,A100,1.0,ondemand,2.9339079999999997,2.9339079999999997,Cloud Billing Catalog API
2026-06-10,GCP,europe-west4,Nvidia Tesla P100 GPU attached to DWS Defined Duration VMs running in Netherlands,P100,1.0,ondemand,1.533,1.533,Cloud Billing Catalog API
2026-06-10,GCP,europe-west4,Nvidia Tesla P100 GPU attached to Spot Preemptible VMs running in Netherlands,P100,1.0,spot,0.1549,0.1549,Cloud Billing Catalog API
2026-06-10,GCP,europe-west4,Nvidia Tesla P100 GPU running in Netherlands,P100,1.0,ondemand,1.6,1.6,Cloud Billing Catalog API
2026-06-10,GCP,europe-west4,Nvidia Tesla P4 GPU attached to DWS Defined Duration VMs running in Netherlands,P4,1.0,ondemand,0.63,0.63,Cloud Billing Catalog API
2026-06-10,GCP,europe-west4,Nvidia Tesla P4 GPU attached to Spot Preemptible VMs running in Netherlands,P4,1.0,spot,0.1761,0.1761,Cloud Billing Catalog API
2026-06-10,GCP,europe-west4,Nvidia Tesla P4 GPU running in Netherlands,P4,1.0,ondemand,0.65,0.65,Cloud Billing Catalog API
2026-06-10,GCP,europe-west4,Nvidia Tesla T4 GPU attached to DWS Defined Duration VMs running in Netherlands,T4,1.0,ondemand,0.3675,0.3675,Cloud Billing Catalog API
2026-06-10,GCP,europe-west4,Nvidia Tesla T4 GPU attached to Spot Preemptible VMs running in Netherlands,T4,1.0,spot,0.1727,0.1727,Cloud Billing Catalog API
2026-06-10,GCP,europe-west4,Nvidia Tesla T4 GPU running in Netherlands,T4,1.0,ondemand,0.35,0.35,Cloud Billing Catalog API
2026-06-10,GCP,europe-west4,Nvidia Tesla V100 GPU attached to DWS Defined Duration VMs running in Netherlands,V100,1.0,ondemand,2.604,2.604,Cloud Billing Catalog API
2026-06-10,GCP,europe-west4,Nvidia Tesla V100 GPU attached to Spot Preemptible VMs running in Netherlands,V100,1.0,spot,0.6909,0.6909,Cloud Billing Catalog API
2026-06-10,GCP,europe-west4,Nvidia Tesla V100 GPU running in Netherlands,V100,1.0,ondemand,2.55,2.55,Cloud Billing Catalog API
2026-06-10,GCP,europe-west4,Spot Preemptible A4 Nvidia B200 (1 gpu slice) running in Netherlands,B200,1.0,spot,4.2592,4.2592,Cloud Billing Catalog API
2026-06-10,GCP,europe-west5,A4 Nvidia B200 (1 gpu slice) attached to DWS Defined Duration VMs running in Galaxy Frankfurt,B200,1.0,ondemand,8.055,8.055,Cloud Billing Catalog API
2026-06-10,GCP,europe-west5,DWS Calendar Mode A4 Nvidia B200 (1 gpu slice) in Galaxy Frankfurt,B200,1.0,ondemand,11.277,11.277,Cloud Billing Catalog API
2026-06-10,GCP,europe-west5,H200 141GB GPU attached to DWS Defined Duration VMs running in Galaxy Frankfurt,H200,1.0,ondemand,4.575323,4.575323,Cloud Billing Catalog API
2026-06-10,GCP,europe-west5,Nvidia Tesla T4 GPU attached to DWS Defined Duration VMs running in Frankfurt West,T4,1.0,ondemand,0.41,0.41,Cloud Billing Catalog API
2026-06-10,GCP,europe-west5,Spot Preemptible A4 Nvidia B200 (1 gpu slice) running in Galaxy Frankfurt,B200,1.0,spot,2.8099,2.8099,Cloud Billing Catalog API
2026-06-10,GCP,europe-west6,A4 Nvidia B200 (1 gpu slice) attached to DWS Defined Duration VMs running in Zurich,B200,1.0,ondemand,8.055,8.055,Cloud Billing Catalog API
2026-06-10,GCP,europe-west6,DWS Calendar Mode A4 Nvidia B200 (1 gpu slice) in Zurich,B200,1.0,ondemand,11.277,11.277,Cloud Billing Catalog API
2026-06-10,GCP,europe-west6,H200 141GB GPU attached to DWS Defined Duration VMs running in Zurich,H200,1.0,ondemand,4.575323,4.575323,Cloud Billing Catalog API
2026-06-10,GCP,europe-west6,Nvidia H100 80GB GPU attached to Spot Preemptible VMs running in Zurich,H100,1.0,spot,1.2442,1.2442,Cloud Billing Catalog API
2026-06-10,GCP,europe-west6,Nvidia H100 80GB GPU running in Zurich,H100,1.0,ondemand,13.70439,13.70439,Cloud Billing Catalog API
2026-06-10,GCP,europe-west6,Nvidia L4 GPU attached to DWS Defined Duration VMs running in Zurich,L4,1.0,ondemand,0.7834403,0.7834403,Cloud Billing Catalog API
2026-06-10,GCP,europe-west6,Nvidia L4 GPU attached to Spot Preemptible VMs running in Zurich,L4,1.0,spot,0.3917,0.3917,Cloud Billing Catalog API
2026-06-10,GCP,europe-west6,Nvidia L4 GPU running in Zurich,L4,1.0,ondemand,0.7834403,0.7834403,Cloud Billing Catalog API
2026-06-10,GCP,europe-west6,Nvidia Tesla A100 80GB GPU attached to Spot Preemptible VMs running in Zurich,A100-80GB,1.0,spot,0.8511,0.8511,Cloud Billing Catalog API
2026-06-10,GCP,europe-west6,Nvidia Tesla A100 80GB GPU running in Zurich,A100-80GB,1.0,ondemand,5.494991,5.494991,Cloud Billing Catalog API
2026-06-10,GCP,europe-west6,Nvidia Tesla A100 GPU attached to Spot Preemptible VMs running in Zurich,A100,1.0,spot,0.3398,0.3398,Cloud Billing Catalog API
2026-06-10,GCP,europe-west6,Nvidia Tesla A100 GPU running in Zurich,A100,1.0,ondemand,3.7721674419999998,3.7721674419999998,Cloud Billing Catalog API
2026-06-10,GCP,europe-west6,Nvidia Tesla P100 GPU attached to Spot Preemptible VMs running in Zurich,P100,1.0,spot,0.2165,0.2165,Cloud Billing Catalog API
2026-06-10,GCP,europe-west6,Nvidia Tesla P100 GPU running in Zurich,P100,1.0,ondemand,2.044,2.044,Cloud Billing Catalog API
2026-06-10,GCP,europe-west6,Nvidia Tesla P4 GPU attached to Spot Preemptible VMs running in Zurich,P4,1.0,spot,0.2668,0.2668,Cloud Billing Catalog API
2026-06-10,GCP,europe-west6,Nvidia Tesla P4 GPU running in Zurich,P4,1.0,ondemand,0.84,0.84,Cloud Billing Catalog API
2026-06-10,GCP,europe-west6,Nvidia Tesla T4 GPU attached to DWS Defined Duration VMs running in Zurich,T4,1.0,ondemand,0.45,0.45,Cloud Billing Catalog API
2026-06-10,GCP,europe-west6,Nvidia Tesla T4 GPU attached to Spot Preemptible VMs running in Zurich,T4,1.0,spot,0.1045,0.1045,Cloud Billing Catalog API
2026-06-10,GCP,europe-west6,Nvidia Tesla T4 GPU running in Zurich,T4,1.0,ondemand,0.45,0.45,Cloud Billing Catalog API
2026-06-10,GCP,europe-west6,Nvidia Tesla V100 GPU attached to Spot Preemptible VMs running in Zurich,V100,1.0,spot,0.3724,0.3724,Cloud Billing Catalog API
2026-06-10,GCP,europe-west6,Nvidia Tesla V100 GPU running in Zurich,V100,1.0,ondemand,3.472,3.472,Cloud Billing Catalog API
2026-06-10,GCP,europe-west6,Spot Preemptible A4 Nvidia B200 (1 gpu slice) running in Zurich,B200,1.0,spot,2.8099,2.8099,Cloud Billing Catalog API
2026-06-10,GCP,europe-west8,A4 Nvidia B200 (1 gpu slice) attached to DWS Defined Duration VMs running in Milan,B200,1.0,ondemand,8.055,8.055,Cloud Billing Catalog API
2026-06-10,GCP,europe-west8,DWS Calendar Mode A4 Nvidia B200 (1 gpu slice) in Milan,B200,1.0,ondemand,11.277,11.277,Cloud Billing Catalog API
2026-06-10,GCP,europe-west8,H200 141GB GPU attached to DWS Defined Duration VMs running in Milan,H200,1.0,ondemand,4.575323,4.575323,Cloud Billing Catalog API
2026-06-10,GCP,europe-west8,Nvidia H100 80GB GPU attached to Spot Preemptible VMs running in Milan,H100,1.0,spot,1.9458,1.9458,Cloud Billing Catalog API
2026-06-10,GCP,europe-west8,Nvidia H100 80GB GPU running in Milan,H100,1.0,ondemand,11.364,11.364,Cloud Billing Catalog API
2026-06-10,GCP,europe-west8,Nvidia L4 GPU attached to Spot Preemptible VMs running in Milan,L4,1.0,spot,0.088,0.088,Cloud Billing Catalog API
2026-06-10,GCP,europe-west8,Nvidia L4 GPU running in Milan,L4,1.0,ondemand,0.6496467,0.6496467,Cloud Billing Catalog API
2026-06-10,GCP,europe-west8,Nvidia Tesla A100 80GB GPU attached to Spot Preemptible VMs running in Milan,A100-80GB,1.0,spot,0.7056,0.7056,Cloud Billing Catalog API
2026-06-10,GCP,europe-west8,Nvidia Tesla A100 80GB GPU running in Milan,A100-80GB,1.0,ondemand,4.556573,4.556573,Cloud Billing Catalog API
2026-06-10,GCP,europe-west8,Nvidia Tesla A100 GPU attached to Spot Preemptible VMs running in Milan,A100,1.0,spot,0.3947,0.3947,Cloud Billing Catalog API
2026-06-10,GCP,europe-west8,Nvidia Tesla A100 GPU running in Milan,A100,1.0,ondemand,3.403333,3.403333,Cloud Billing Catalog API
2026-06-10,GCP,europe-west8,Nvidia Tesla P100 GPU attached to Spot Preemptible VMs running in Milan,P100,1.0,spot,0.4739,0.4739,Cloud Billing Catalog API
2026-06-10,GCP,europe-west8,Nvidia Tesla P100 GPU running in Milan,P100,1.0,ondemand,1.6936,1.6936,Cloud Billing Catalog API
2026-06-10,GCP,europe-west8,Nvidia Tesla P4 GPU attached to Spot Preemptible VMs running in Milan,P4,1.0,spot,0.0969,0.0969,Cloud Billing Catalog API
2026-06-10,GCP,europe-west8,Nvidia Tesla P4 GPU running in Milan,P4,1.0,ondemand,0.696,0.696,Cloud Billing Catalog API
2026-06-10,GCP,europe-west8,Nvidia Tesla T4 GPU attached to DWS Defined Duration VMs running in Milan,T4,1.0,ondemand,0.406,0.406,Cloud Billing Catalog API
2026-06-10,GCP,europe-west8,Nvidia Tesla T4 GPU attached to Spot Preemptible VMs running in Milan,T4,1.0,spot,0.0494,0.0494,Cloud Billing Catalog API
2026-06-10,GCP,europe-west8,Nvidia Tesla T4 GPU running in Milan,T4,1.0,ondemand,0.406,0.406,Cloud Billing Catalog API
2026-06-10,GCP,europe-west8,Nvidia Tesla V100 GPU attached to Spot Preemptible VMs running in Milan,V100,1.0,spot,0.3324,0.3324,Cloud Billing Catalog API
2026-06-10,GCP,europe-west8,Nvidia Tesla V100 GPU running in Milan,V100,1.0,ondemand,2.8768000000000002,2.8768000000000002,Cloud Billing Catalog API
2026-06-10,GCP,europe-west8,Spot Preemptible A4 Nvidia B200 (1 gpu slice) running in Milan,B200,1.0,spot,2.8099,2.8099,Cloud Billing Catalog API
2026-06-10,GCP,europe-west9,A4 Nvidia B200 (1 gpu slice) attached to DWS Defined Duration VMs running in Paris,B200,1.0,ondemand,8.055,8.055,Cloud Billing Catalog API
2026-06-10,GCP,europe-west9,DWS Calendar Mode A4 Nvidia B200 (1 gpu slice) in Paris,B200,1.0,ondemand,11.277,11.277,Cloud Billing Catalog API
2026-06-10,GCP,europe-west9,H200 141GB GPU attached to DWS Defined Duration VMs running in Paris,H200,1.0,ondemand,4.575323,4.575323,Cloud Billing Catalog API
2026-06-10,GCP,europe-west9,Nvidia H100 80GB GPU attached to Spot Preemptible VMs running in Paris,H100,1.0,spot,2.5811,2.5811,Cloud Billing Catalog API
2026-06-10,GCP,europe-west9,Nvidia H100 80GB GPU running in Paris,H100,1.0,ondemand,11.364,11.364,Cloud Billing Catalog API
2026-06-10,GCP,europe-west9,Nvidia L4 GPU attached to Spot Preemptible VMs running in Paris,L4,1.0,spot,0.129,0.129,Cloud Billing Catalog API
2026-06-10,GCP,europe-west9,Nvidia L4 GPU running in Paris,L4,1.0,ondemand,0.6496467,0.6496467,Cloud Billing Catalog API
2026-06-10,GCP,europe-west9,Nvidia Tesla A100 80GB GPU attached to Spot Preemptible VMs running in Paris,A100-80GB,1.0,spot,0.7056,0.7056,Cloud Billing Catalog API
2026-06-10,GCP,europe-west9,Nvidia Tesla A100 80GB GPU running in Paris,A100-80GB,1.0,ondemand,4.556573,4.556573,Cloud Billing Catalog API
2026-06-10,GCP,europe-west9,Nvidia Tesla A100 GPU attached to Spot Preemptible VMs running in Paris,A100,1.0,spot,0.3947,0.3947,Cloud Billing Catalog API
2026-06-10,GCP,europe-west9,Nvidia Tesla A100 GPU running in Paris,A100,1.0,ondemand,3.403333,3.403333,Cloud Billing Catalog API
2026-06-10,GCP,europe-west9,Nvidia Tesla P100 GPU attached to Spot Preemptible VMs running in Paris,P100,1.0,spot,0.4739,0.4739,Cloud Billing Catalog API
2026-06-10,GCP,europe-west9,Nvidia Tesla P100 GPU running in Paris,P100,1.0,ondemand,1.6936,1.6936,Cloud Billing Catalog API
2026-06-10,GCP,europe-west9,Nvidia Tesla P4 GPU attached to Spot Preemptible VMs running in Paris,P4,1.0,spot,0.0969,0.0969,Cloud Billing Catalog API
2026-06-10,GCP,europe-west9,Nvidia Tesla P4 GPU running in Paris,P4,1.0,ondemand,0.696,0.696,Cloud Billing Catalog API
2026-06-10,GCP,europe-west9,Nvidia Tesla T4 GPU attached to DWS Defined Duration VMs running in Paris,T4,1.0,ondemand,0.406,0.406,Cloud Billing Catalog API
2026-06-10,GCP,europe-west9,Nvidia Tesla T4 GPU attached to Spot Preemptible VMs running in Paris,T4,1.0,spot,0.0494,0.0494,Cloud Billing Catalog API
2026-06-10,GCP,europe-west9,Nvidia Tesla T4 GPU running in Paris,T4,1.0,ondemand,0.406,0.406,Cloud Billing Catalog API
2026-06-10,GCP,europe-west9,Nvidia Tesla V100 GPU attached to Spot Preemptible VMs running in Paris,V100,1.0,spot,0.3324,0.3324,Cloud Billing Catalog API
2026-06-10,GCP,europe-west9,Nvidia Tesla V100 GPU running in Paris,V100,1.0,ondemand,2.8768000000000002,2.8768000000000002,Cloud Billing Catalog API
2026-06-10,GCP,europe-west9,Spot Preemptible A4 Nvidia B200 (1 gpu slice) running in Paris,B200,1.0,spot,2.8099,2.8099,Cloud Billing Catalog API
2026-06-10,GCP,me-central1,A4 Nvidia B200 (1 gpu slice) attached to DWS Defined Duration VMs running in Doha,B200,1.0,ondemand,8.055,8.055,Cloud Billing Catalog API
2026-06-10,GCP,me-central1,DWS Calendar Mode A4 Nvidia B200 (1 gpu slice) in Doha,B200,1.0,ondemand,11.277,11.277,Cloud Billing Catalog API
2026-06-10,GCP,me-central1,H200 141GB GPU attached to DWS Defined Duration VMs running in Doha,H200,1.0,ondemand,4.575323,4.575323,Cloud Billing Catalog API
2026-06-10,GCP,me-central1,Nvidia H100 80GB GPU attached to Spot Preemptible VMs running in Doha,H100,1.0,spot,1.0813,1.0813,Cloud Billing Catalog API
2026-06-10,GCP,me-central1,Nvidia H100 80GB GPU running in Doha,H100,1.0,ondemand,11.90281,11.90281,Cloud Billing Catalog API
2026-06-10,GCP,me-central1,Nvidia L4 GPU attached to Spot Preemptible VMs running in Doha,L4,1.0,spot,0.135,0.135,Cloud Billing Catalog API
2026-06-10,GCP,me-central1,Nvidia L4 GPU running in Doha,L4,1.0,ondemand,0.6804489,0.6804489,Cloud Billing Catalog API
2026-06-10,GCP,me-central1,Nvidia Tesla A100 80GB GPU attached to Spot Preemptible VMs running in Doha,A100-80GB,1.0,spot,0.7391,0.7391,Cloud Billing Catalog API
2026-06-10,GCP,me-central1,Nvidia Tesla A100 80GB GPU running in Doha,A100-80GB,1.0,ondemand,4.772617,4.772617,Cloud Billing Catalog API
2026-06-10,GCP,me-central1,Nvidia Tesla A100 GPU attached to Spot Preemptible VMs running in Doha,A100,1.0,spot,0.5651,0.5651,Cloud Billing Catalog API
2026-06-10,GCP,me-central1,Nvidia Tesla A100 GPU running in Doha,A100,1.0,ondemand,3.564698,3.564698,Cloud Billing Catalog API
2026-06-10,GCP,me-central1,Nvidia Tesla P100 GPU attached to Spot Preemptible VMs running in Doha,P100,1.0,spot,0.4963,0.4963,Cloud Billing Catalog API
2026-06-10,GCP,me-central1,Nvidia Tesla P100 GPU running in Doha,P100,1.0,ondemand,1.7739,1.7739,Cloud Billing Catalog API
2026-06-10,GCP,me-central1,Nvidia Tesla P4 GPU attached to Spot Preemptible VMs running in Doha,P4,1.0,spot,0.1016,0.1016,Cloud Billing Catalog API
2026-06-10,GCP,me-central1,Nvidia Tesla P4 GPU running in Doha,P4,1.0,ondemand,0.729,0.729,Cloud Billing Catalog API
2026-06-10,GCP,me-central1,Nvidia Tesla T4 GPU attached to DWS Defined Duration VMs running in Doha,T4,1.0,ondemand,0.42525,0.42525,Cloud Billing Catalog API
2026-06-10,GCP,me-central1,Nvidia Tesla T4 GPU attached to Spot Preemptible VMs running in Doha,T4,1.0,spot,0.0518,0.0518,Cloud Billing Catalog API
2026-06-10,GCP,me-central1,Nvidia Tesla T4 GPU running in Doha,T4,1.0,ondemand,0.42525,0.42525,Cloud Billing Catalog API
2026-06-10,GCP,me-central1,Nvidia Tesla V100 GPU attached to Spot Preemptible VMs running in Doha,V100,1.0,spot,0.348,0.348,Cloud Billing Catalog API
2026-06-10,GCP,me-central1,Nvidia Tesla V100 GPU running in Doha,V100,1.0,ondemand,3.0132,3.0132,Cloud Billing Catalog API
2026-06-10,GCP,me-central1,Spot Preemptible A4 Nvidia B200 (1 gpu slice) running in Doha,B200,1.0,spot,2.8099,2.8099,Cloud Billing Catalog API
2026-06-10,GCP,me-central2,A4 Nvidia B200 (1 gpu slice) attached to DWS Defined Duration VMs running in Dammam,B200,1.0,ondemand,8.055,8.055,Cloud Billing Catalog API
2026-06-10,GCP,me-central2,DWS Calendar Mode A4 Nvidia B200 (1 gpu slice) in Dammam,B200,1.0,ondemand,11.277,11.277,Cloud Billing Catalog API
2026-06-10,GCP,me-central2,H200 141GB GPU attached to DWS Defined Duration VMs running in Dammam,H200,1.0,ondemand,4.575323,4.575323,Cloud Billing Catalog API
2026-06-10,GCP,me-central2,Nvidia H100 80GB GPU attached to Spot Preemptible VMs running in Dammam,H100,1.0,spot,1.8443,1.8443,Cloud Billing Catalog API
2026-06-10,GCP,me-central2,Nvidia H100 80GB GPU running in Dammam,H100,1.0,ondemand,15.674479999999999,15.674479999999999,Cloud Billing Catalog API
2026-06-10,GCP,me-central2,Nvidia L4 GPU attached to DWS Defined Duration VMs running in Dammam,L4,1.0,ondemand,0.8960644,0.8960644,Cloud Billing Catalog API
2026-06-10,GCP,me-central2,Nvidia L4 GPU attached to Spot Preemptible VMs running in Dammam,L4,1.0,spot,0.384,0.384,Cloud Billing Catalog API
2026-06-10,GCP,me-central2,Nvidia L4 GPU running in Dammam,L4,1.0,ondemand,0.8960644,0.8960644,Cloud Billing Catalog API
2026-06-10,GCP,me-central2,Nvidia Tesla A100 80GB GPU attached to Spot Preemptible VMs running in Dammam,A100-80GB,1.0,spot,2.3883,2.3883,Cloud Billing Catalog API
2026-06-10,GCP,me-central2,Nvidia Tesla A100 80GB GPU running in Dammam,A100-80GB,1.0,ondemand,6.284928,6.284928,Cloud Billing Catalog API
2026-06-10,GCP,me-central2,Nvidia Tesla A100 GPU attached to Spot Preemptible VMs running in Dammam,A100,1.0,spot,1.3378,1.3378,Cloud Billing Catalog API
2026-06-10,GCP,me-central2,Nvidia Tesla A100 GPU running in Dammam,A100,1.0,ondemand,4.694253,4.694253,Cloud Billing Catalog API
2026-06-10,GCP,me-central2,Nvidia Tesla P100 GPU attached to Spot Preemptible VMs running in Dammam,P100,1.0,spot,0.2664,0.2664,Cloud Billing Catalog API
2026-06-10,GCP,me-central2,Nvidia Tesla P100 GPU running in Dammam,P100,1.0,ondemand,2.336,2.336,Cloud Billing Catalog API
2026-06-10,GCP,me-central2,Nvidia Tesla P4 GPU attached to Spot Preemptible VMs running in Dammam,P4,1.0,spot,0.1472,0.1472,Cloud Billing Catalog API
2026-06-10,GCP,me-central2,Nvidia Tesla P4 GPU running in Dammam,P4,1.0,ondemand,0.96,0.96,Cloud Billing Catalog API
2026-06-10,GCP,me-central2,Nvidia Tesla T4 GPU attached to DWS Defined Duration VMs running in Dammam,T4,1.0,ondemand,0.56,0.56,Cloud Billing Catalog API
2026-06-10,GCP,me-central2,Nvidia Tesla T4 GPU attached to Spot Preemptible VMs running in Dammam,T4,1.0,spot,0.1756,0.1756,Cloud Billing Catalog API
2026-06-10,GCP,me-central2,Nvidia Tesla T4 GPU running in Dammam,T4,1.0,ondemand,0.56,0.56,Cloud Billing Catalog API
2026-06-10,GCP,me-central2,Nvidia Tesla V100 GPU attached to Spot Preemptible VMs running in Dammam,V100,1.0,spot,0.4813,0.4813,Cloud Billing Catalog API
2026-06-10,GCP,me-central2,Nvidia Tesla V100 GPU running in Dammam,V100,1.0,ondemand,3.968,3.968,Cloud Billing Catalog API
2026-06-10,GCP,me-central2,Spot Preemptible A4 Nvidia B200 (1 gpu slice) running in Dammam,B200,1.0,spot,2.8099,2.8099,Cloud Billing Catalog API
2026-06-10,GCP,me-west1,A4 Nvidia B200 (1 gpu slice) attached to DWS Defined Duration VMs running in TelAviv,B200,1.0,ondemand,8.055,8.055,Cloud Billing Catalog API
2026-06-10,GCP,me-west1,DWS Calendar Mode A4 Nvidia B200 (1 gpu slice) in TelAviv,B200,1.0,ondemand,11.277,11.277,Cloud Billing Catalog API
2026-06-10,GCP,me-west1,H200 141GB GPU attached to DWS Defined Duration VMs running in TelAviv,H200,1.0,ondemand,4.575323,4.575323,Cloud Billing Catalog API
2026-06-10,GCP,me-west1,Nvidia H100 80GB GPU attached to Spot Preemptible VMs running in Israel,H100,1.0,spot,1.3497,1.3497,Cloud Billing Catalog API
2026-06-10,GCP,me-west1,Nvidia H100 80GB GPU running in Israel,H100,1.0,ondemand,10.77621,10.77621,Cloud Billing Catalog API
2026-06-10,GCP,me-west1,Nvidia L4 GPU attached to Spot Preemptible VMs running in Israel,L4,1.0,spot,0.0834,0.0834,Cloud Billing Catalog API
2026-06-10,GCP,me-west1,Nvidia L4 GPU running in Israel,L4,1.0,ondemand,0.6160443,0.6160443,Cloud Billing Catalog API
2026-06-10,GCP,me-west1,Nvidia Tesla A100 80GB GPU attached to Spot Preemptible VMs running in Israel,A100-80GB,1.0,spot,1.642,1.642,Cloud Billing Catalog API
2026-06-10,GCP,me-west1,Nvidia Tesla A100 80GB GPU running in Israel,A100-80GB,1.0,ondemand,4.320888,4.320888,Cloud Billing Catalog API
2026-06-10,GCP,me-west1,Nvidia Tesla A100 GPU attached to DWS Defined Duration VMs running in Israel,A100,1.0,ondemand,1.775014,1.775014,Cloud Billing Catalog API
2026-06-10,GCP,me-west1,Nvidia Tesla A100 GPU attached to Spot Preemptible VMs running in Israel,A100,1.0,spot,1.6127,1.6127,Cloud Billing Catalog API
2026-06-10,GCP,me-west1,Nvidia Tesla A100 GPU running in Israel,A100,1.0,ondemand,3.227299,3.227299,Cloud Billing Catalog API
2026-06-10,GCP,me-west1,Nvidia Tesla P100 GPU attached to Spot Preemptible VMs running in Israel,P100,1.0,spot,0.4494,0.4494,Cloud Billing Catalog API
2026-06-10,GCP,me-west1,Nvidia Tesla P100 GPU running in Israel,P100,1.0,ondemand,1.6059999999999999,1.6059999999999999,Cloud Billing Catalog API
2026-06-10,GCP,me-west1,Nvidia Tesla P4 GPU attached to Spot Preemptible VMs running in Israel,P4,1.0,spot,0.092,0.092,Cloud Billing Catalog API
2026-06-10,GCP,me-west1,Nvidia Tesla P4 GPU running in Israel,P4,1.0,ondemand,0.66,0.66,Cloud Billing Catalog API
2026-06-10,GCP,me-west1,Nvidia Tesla T4 GPU attached to DWS Defined Duration VMs running in Israel,T4,1.0,ondemand,0.385,0.385,Cloud Billing Catalog API
2026-06-10,GCP,me-west1,Nvidia Tesla T4 GPU attached to Spot Preemptible VMs running in Israel,T4,1.0,spot,0.0978,0.0978,Cloud Billing Catalog API
2026-06-10,GCP,me-west1,Nvidia Tesla T4 GPU running in Israel,T4,1.0,ondemand,0.385,0.385,Cloud Billing Catalog API
2026-06-10,GCP,me-west1,Nvidia Tesla V100 GPU attached to Spot Preemptible VMs running in Israel,V100,1.0,spot,0.3151,0.3151,Cloud Billing Catalog API
2026-06-10,GCP,me-west1,Nvidia Tesla V100 GPU running in Israel,V100,1.0,ondemand,2.7279999999999998,2.7279999999999998,Cloud Billing Catalog API
2026-06-10,GCP,me-west1,Spot Preemptible A4 Nvidia B200 (1 gpu slice) running in TelAviv,B200,1.0,spot,2.8099,2.8099,Cloud Billing Catalog API
2026-06-10,GCP,northamerica-northeast1,A4 Nvidia B200 (1 gpu slice) attached to DWS Defined Duration VMs running in Montreal,B200,1.0,ondemand,8.055,8.055,Cloud Billing Catalog API
2026-06-10,GCP,northamerica-northeast1,DWS Calendar Mode A4 Nvidia B200 (1 gpu slice) in Montreal,B200,1.0,ondemand,11.277,11.277,Cloud Billing Catalog API
2026-06-10,GCP,northamerica-northeast1,H200 141GB GPU attached to DWS Defined Duration VMs running in Montreal,H200,1.0,ondemand,4.575323,4.575323,Cloud Billing Catalog API
2026-06-10,GCP,northamerica-northeast1,Nvidia H100 80GB GPU attached to Spot Preemptible VMs running in Montreal,H100,1.0,spot,0.9799,0.9799,Cloud Billing Catalog API
2026-06-10,GCP,northamerica-northeast1,Nvidia H100 80GB GPU running in Montreal,H100,1.0,ondemand,10.78698,10.78698,Cloud Billing Catalog API
2026-06-10,GCP,northamerica-northeast1,Nvidia L4 GPU attached to Spot Preemptible VMs running in Montreal,L4,1.0,spot,0.281,0.281,Cloud Billing Catalog API
2026-06-10,GCP,northamerica-northeast1,Nvidia L4 GPU running in Montreal,L4,1.0,ondemand,0.6166603,0.6166603,Cloud Billing Catalog API
2026-06-10,GCP,northamerica-northeast1,Nvidia Tesla A100 80GB GPU attached to Spot Preemptible VMs running in Montreal,A100-80GB,1.0,spot,1.3028,1.3028,Cloud Billing Catalog API
2026-06-10,GCP,northamerica-northeast1,Nvidia Tesla A100 80GB GPU running in Montreal,A100-80GB,1.0,ondemand,4.325209,4.325209,Cloud Billing Catalog API
2026-06-10,GCP,northamerica-northeast1,Nvidia Tesla A100 GPU attached to Spot Preemptible VMs running in Montreal,A100,1.0,spot,0.3272,0.3272,Cloud Billing Catalog API
2026-06-10,GCP,northamerica-northeast1,Nvidia Tesla A100 GPU running in Montreal,A100,1.0,ondemand,3.101559926,3.101559926,Cloud Billing Catalog API
2026-06-10,GCP,northamerica-northeast1,Nvidia Tesla P4 GPU attached to DWS Defined Duration VMs running in Montreal,P4,1.0,ondemand,0.66066,0.66066,Cloud Billing Catalog API
2026-06-10,GCP,northamerica-northeast1,Nvidia Tesla P4 GPU attached to Spot Preemptible VMs running in Montreal,P4,1.0,spot,0.0585,0.0585,Cloud Billing Catalog API
2026-06-10,GCP,northamerica-northeast1,Nvidia Tesla P4 GPU running in Montreal,P4,1.0,ondemand,0.65,0.65,Cloud Billing Catalog API
2026-06-10,GCP,northamerica-northeast1,Nvidia Tesla T4 GPU attached to DWS Defined Duration VMs running in Montreal,T4,1.0,ondemand,0.385385,0.385385,Cloud Billing Catalog API
2026-06-10,GCP,northamerica-northeast1,Nvidia Tesla T4 GPU attached to Spot Preemptible VMs running in Montreal,T4,1.0,spot,0.1365,0.1365,Cloud Billing Catalog API
2026-06-10,GCP,northamerica-northeast1,Nvidia Tesla T4 GPU running in Montreal,T4,1.0,ondemand,0.385,0.385,Cloud Billing Catalog API
2026-06-10,GCP,northamerica-northeast1,Nvidia Tesla V100 GPU attached to Spot Preemptible VMs running in Montreal,V100,1.0,spot,0.74,0.74,Cloud Billing Catalog API
2026-06-10,GCP,northamerica-northeast1,Spot Preemptible A4 Nvidia B200 (1 gpu slice) running in Montreal,B200,1.0,spot,2.5757,2.5757,Cloud Billing Catalog API
2026-06-10,GCP,northamerica-northeast2,A4 Nvidia B200 (1 gpu slice) attached to DWS Defined Duration VMs running in Toronto,B200,1.0,ondemand,8.055,8.055,Cloud Billing Catalog API
2026-06-10,GCP,northamerica-northeast2,DWS Calendar Mode A4 Nvidia B200 (1 gpu slice) in Toronto,B200,1.0,ondemand,11.277,11.277,Cloud Billing Catalog API
2026-06-10,GCP,northamerica-northeast2,H200 141GB GPU attached to DWS Defined Duration VMs running in Toronto,H200,1.0,ondemand,4.575323,4.575323,Cloud Billing Catalog API
2026-06-10,GCP,northamerica-northeast2,Nvidia H100 80GB GPU attached to DWS Defined Duration VMs running in Toronto,H100,1.0,ondemand,4.200761,4.200761,Cloud Billing Catalog API
2026-06-10,GCP,northamerica-northeast2,Nvidia H100 80GB GPU attached to Spot Preemptible VMs running in Toronto,H100,1.0,spot,2.0387,2.0387,Cloud Billing Catalog API
2026-06-10,GCP,northamerica-northeast2,Nvidia H100 80GB GPU running in Toronto,H100,1.0,ondemand,10.78698,10.78698,Cloud Billing Catalog API
2026-06-10,GCP,northamerica-northeast2,Nvidia H100 Mega 80GB GPU attached to DWS Defined Duration VMs running in Toronto,H100,1.0,ondemand,4.423936,4.423936,Cloud Billing Catalog API
2026-06-10,GCP,northamerica-northeast2,Nvidia L4 GPU attached to DWS Defined Duration VMs running in Toronto,L4,1.0,ondemand,0.6166603,0.6166603,Cloud Billing Catalog API
2026-06-10,GCP,northamerica-northeast2,Nvidia L4 GPU attached to Spot Preemptible VMs running in Toronto,L4,1.0,spot,0.2733,0.2733,Cloud Billing Catalog API
2026-06-10,GCP,northamerica-northeast2,Nvidia L4 GPU running in Toronto,L4,1.0,ondemand,0.6166603,0.6166603,Cloud Billing Catalog API
2026-06-10,GCP,northamerica-northeast2,Nvidia Tesla A100 80GB GPU attached to Spot Preemptible VMs running in Toronto,A100-80GB,1.0,spot,1.6436,1.6436,Cloud Billing Catalog API
2026-06-10,GCP,northamerica-northeast2,Nvidia Tesla A100 80GB GPU running in Toronto,A100-80GB,1.0,ondemand,4.325209,4.325209,Cloud Billing Catalog API
2026-06-10,GCP,northamerica-northeast2,Nvidia Tesla T4 GPU attached to DWS Defined Duration VMs running in Toronto,T4,1.0,ondemand,0.385385,0.385385,Cloud Billing Catalog API
2026-06-10,GCP,northamerica-northeast2,Spot Preemptible A4 Nvidia B200 (1 gpu slice) running in Toronto,B200,1.0,spot,2.5757,2.5757,Cloud Billing Catalog API
2026-06-10,GCP,northamerica-south1,Nvidia Tesla T4 GPU attached to DWS Defined Duration VMs running in Mexico,T4,1.0,ondemand,0.3815,0.3815,Cloud Billing Catalog API
2026-06-10,GCP,southamerica-east1,A4 Nvidia B200 (1 gpu slice) attached to DWS Defined Duration VMs running in Sao Paulo,B200,1.0,ondemand,8.055,8.055,Cloud Billing Catalog API
2026-06-10,GCP,southamerica-east1,DWS Calendar Mode A4 Nvidia B200 (1 gpu slice) in Sao Paulo,B200,1.0,ondemand,11.277,11.277,Cloud Billing Catalog API
2026-06-10,GCP,southamerica-east1,H200 141GB GPU attached to DWS Defined Duration VMs running in Sao Paulo,H200,1.0,ondemand,4.575323,4.575323,Cloud Billing Catalog API
2026-06-10,GCP,southamerica-east1,Nvidia H100 80GB GPU attached to Spot Preemptible VMs running in Sao Paulo,H100,1.0,spot,1.4131,1.4131,Cloud Billing Catalog API
2026-06-10,GCP,southamerica-east1,Nvidia H100 80GB GPU running in Sao Paulo,H100,1.0,ondemand,15.55594,15.55594,Cloud Billing Catalog API
2026-06-10,GCP,southamerica-east1,Nvidia L4 GPU attached to Spot Preemptible VMs running in Sao Paulo,L4,1.0,spot,0.1203,0.1203,Cloud Billing Catalog API
2026-06-10,GCP,southamerica-east1,Nvidia L4 GPU running in Sao Paulo,L4,1.0,ondemand,0.8892879,0.8892879,Cloud Billing Catalog API
2026-06-10,GCP,southamerica-east1,Nvidia Tesla A100 80GB GPU attached to Spot Preemptible VMs running in Sao Paulo,A100-80GB,1.0,spot,0.7657,0.7657,Cloud Billing Catalog API
2026-06-10,GCP,southamerica-east1,Nvidia Tesla A100 80GB GPU running in Sao Paulo,A100-80GB,1.0,ondemand,6.237398,6.237398,Cloud Billing Catalog API
2026-06-10,GCP,southamerica-east1,Nvidia Tesla A100 GPU attached to Spot Preemptible VMs running in Sao Paulo,A100,1.0,spot,0.3626,0.3626,Cloud Billing Catalog API
2026-06-10,GCP,southamerica-east1,Nvidia Tesla A100 GPU running in Sao Paulo,A100,1.0,ondemand,4.023645284,4.023645284,Cloud Billing Catalog API
2026-06-10,GCP,southamerica-east1,Nvidia Tesla T4 GPU attached to DWS Defined Duration VMs running in Sao Paulo,T4,1.0,ondemand,0.48,0.48,Cloud Billing Catalog API
2026-06-10,GCP,southamerica-east1,Nvidia Tesla T4 GPU attached to Spot Preemptible VMs running in Sao Paulo,T4,1.0,spot,0.24,0.24,Cloud Billing Catalog API
2026-06-10,GCP,southamerica-east1,Nvidia Tesla T4 GPU running in Sao Paulo,T4,1.0,ondemand,0.48,0.48,Cloud Billing Catalog API
2026-06-10,GCP,southamerica-east1,Spot Preemptible A4 Nvidia B200 (1 gpu slice) running in Sao Paulo,B200,1.0,spot,3.7231,3.7231,Cloud Billing Catalog API
2026-06-10,GCP,southamerica-west1,A4 Nvidia B200 (1 gpu slice) attached to DWS Defined Duration VMs running in Santiago,B200,1.0,ondemand,8.055,8.055,Cloud Billing Catalog API
2026-06-10,GCP,southamerica-west1,DWS Calendar Mode A4 Nvidia B200 (1 gpu slice) in Santiago,B200,1.0,ondemand,11.277,11.277,Cloud Billing Catalog API
2026-06-10,GCP,southamerica-west1,H200 141GB GPU attached to DWS Defined Duration VMs running in Santiago,H200,1.0,ondemand,4.575323,4.575323,Cloud Billing Catalog API
2026-06-10,GCP,southamerica-west1,Nvidia H100 80GB GPU attached to Spot Preemptible VMs running in Santiago,H100,1.0,spot,1.2707,1.2707,Cloud Billing Catalog API
2026-06-10,GCP,southamerica-west1,Nvidia H100 80GB GPU running in Santiago,H100,1.0,ondemand,14.00907,14.00907,Cloud Billing Catalog API
2026-06-10,GCP,southamerica-west1,Nvidia L4 GPU attached to Spot Preemptible VMs running in Santiago,L4,1.0,spot,0.0931,0.0931,Cloud Billing Catalog API
2026-06-10,GCP,southamerica-west1,Nvidia L4 GPU running in Santiago,L4,1.0,ondemand,0.8008575,0.8008575,Cloud Billing Catalog API
2026-06-10,GCP,southamerica-west1,Nvidia Tesla A100 80GB GPU attached to Spot Preemptible VMs running in Santiago,A100-80GB,1.0,spot,2.1346,2.1346,Cloud Billing Catalog API
2026-06-10,GCP,southamerica-west1,Nvidia Tesla A100 80GB GPU running in Santiago,A100-80GB,1.0,ondemand,5.617154,5.617154,Cloud Billing Catalog API
2026-06-10,GCP,southamerica-west1,Nvidia Tesla A100 GPU attached to Spot Preemptible VMs running in Santiago,A100,1.0,spot,0.8322,0.8322,Cloud Billing Catalog API
2026-06-10,GCP,southamerica-west1,Nvidia Tesla A100 GPU running in Santiago,A100,1.0,ondemand,4.19548844,4.19548844,Cloud Billing Catalog API
2026-06-10,GCP,southamerica-west1,Nvidia Tesla P100 GPU attached to Spot Preemptible VMs running in Santiago,P100,1.0,spot,0.2381,0.2381,Cloud Billing Catalog API
2026-06-10,GCP,southamerica-west1,Nvidia Tesla P100 GPU running in Santiago,P100,1.0,ondemand,2.0878,2.0878,Cloud Billing Catalog API
2026-06-10,GCP,southamerica-west1,Nvidia Tesla P4 GPU attached to Spot Preemptible VMs running in Santiago,P4,1.0,spot,0.2934,0.2934,Cloud Billing Catalog API
2026-06-10,GCP,southamerica-west1,Nvidia Tesla P4 GPU running in Santiago,P4,1.0,ondemand,0.858,0.858,Cloud Billing Catalog API
2026-06-10,GCP,southamerica-west1,Nvidia Tesla T4 GPU attached to DWS Defined Duration VMs running in Santiago,T4,1.0,ondemand,0.5005,0.5005,Cloud Billing Catalog API
2026-06-10,GCP,southamerica-west1,Nvidia Tesla T4 GPU attached to Spot Preemptible VMs running in Santiago,T4,1.0,spot,0.0609,0.0609,Cloud Billing Catalog API
2026-06-10,GCP,southamerica-west1,Nvidia Tesla T4 GPU running in Santiago,T4,1.0,ondemand,0.5005,0.5005,Cloud Billing Catalog API
2026-06-10,GCP,southamerica-west1,Nvidia Tesla V100 GPU attached to Spot Preemptible VMs running in Santiago,V100,1.0,spot,0.4096,0.4096,Cloud Billing Catalog API
2026-06-10,GCP,southamerica-west1,Nvidia Tesla V100 GPU running in Santiago,V100,1.0,ondemand,3.5464,3.5464,Cloud Billing Catalog API
2026-06-10,GCP,southamerica-west1,Spot Preemptible A4 Nvidia B200 (1 gpu slice) running in Santiago,B200,1.0,spot,3.3486000000000002,3.3486000000000002,Cloud Billing Catalog API
2026-06-10,GCP,us-central1,A4 Nvidia B200 (1 gpu slice) attached to DWS Defined Duration VMs running in Americas,B200,1.0,ondemand,8.055,8.055,Cloud Billing Catalog API
2026-06-10,GCP,us-central1,A4 Nvidia B200 (1 gpu slice) running in Americas,B200,1.0,ondemand,16.11,16.11,Cloud Billing Catalog API
2026-06-10,GCP,us-central1,DWS Calendar Mode A4 Nvidia B200 (1 gpu slice) in Americas,B200,1.0,ondemand,11.277,11.277,Cloud Billing Catalog API
2026-06-10,GCP,us-central1,H200 141GB GPU attached to DWS Defined Duration VMs running in Americas,H200,1.0,ondemand,4.575323,4.575323,Cloud Billing Catalog API
2026-06-10,GCP,us-central1,H200 141GB GPU attached to Spot Preemptible VMs running in Americas,H200,1.0,spot,4.6559,4.6559,Cloud Billing Catalog API
2026-06-10,GCP,us-central1,H200 141GB GPU running in Americas,H200,1.0,ondemand,9.31174,9.31174,Cloud Billing Catalog API
2026-06-10,GCP,us-central1,Nvidia H100 80GB GPU attached to DWS Defined Duration VMs running in Americas,H100,1.0,ondemand,4.200761,4.200761,Cloud Billing Catalog API
2026-06-10,GCP,us-central1,Nvidia H100 80GB GPU attached to Spot Preemptible VMs running in Americas,H100,1.0,spot,4.4104,4.4104,Cloud Billing Catalog API
2026-06-10,GCP,us-central1,Nvidia H100 80GB GPU running in Americas,H100,1.0,ondemand,9.796550569,9.796550569,Cloud Billing Catalog API
2026-06-10,GCP,us-central1,Nvidia H100 80GB Plus GPU attached to Spot Preemptible VMs running in Americas,H100,1.0,spot,4.656,4.656,Cloud Billing Catalog API
2026-06-10,GCP,us-central1,Nvidia H100 80GB Plus GPU running in Americas,H100,1.0,ondemand,10.344275712,10.344275712,Cloud Billing Catalog API
2026-06-10,GCP,us-central1,Nvidia H100 Mega 80GB GPU attached to DWS Defined Duration VMs running in Americas,H100,1.0,ondemand,4.423936,4.423936,Cloud Billing Catalog API
2026-06-10,GCP,us-central1,Nvidia L4 GPU attached to DWS Defined Duration VMs running in Americas,L4,1.0,ondemand,0.560040239,0.560040239,Cloud Billing Catalog API
2026-06-10,GCP,us-central1,Nvidia L4 GPU attached to Spot Preemptible VMs running in Americas,L4,1.0,spot,0.2595,0.2595,Cloud Billing Catalog API
2026-06-10,GCP,us-central1,Nvidia L4 GPU running in Americas,L4,1.0,ondemand,0.560040239,0.560040239,Cloud Billing Catalog API
2026-06-10,GCP,us-central1,Nvidia Tesla A100 80GB GPU attached to DWS Defined Duration VMs running in Americas,A100-80GB,1.0,ondemand,1.846198,1.846198,Cloud Billing Catalog API
2026-06-10,GCP,us-central1,Nvidia Tesla A100 80GB GPU attached to Spot Preemptible VMs running in Americas,A100-80GB,1.0,spot,1.964,1.964,Cloud Billing Catalog API
2026-06-10,GCP,us-central1,Nvidia Tesla A100 80GB GPU running in Americas,A100-80GB,1.0,ondemand,3.92808,3.92808,Cloud Billing Catalog API
2026-06-10,GCP,us-central1,Nvidia Tesla A100 GPU attached to DWS Defined Duration VMs running in Americas,A100,1.0,ondemand,1.6136490000000001,1.6136490000000001,Cloud Billing Catalog API
2026-06-10,GCP,us-central1,Nvidia Tesla A100 GPU attached to Spot Preemptible VMs running in Americas,A100,1.0,spot,1.4666000000000001,1.4666000000000001,Cloud Billing Catalog API
2026-06-10,GCP,us-central1,Nvidia Tesla A100 GPU running in Americas,A100,1.0,ondemand,2.9339079999999997,2.9339079999999997,Cloud Billing Catalog API
2026-06-10,GCP,us-central1,Nvidia Tesla P100 GPU attached to DWS Defined Duration VMs running in Americas,P100,1.0,ondemand,1.46,1.46,Cloud Billing Catalog API
2026-06-10,GCP,us-central1,Nvidia Tesla P100 GPU attached to Spot Preemptible VMs running in Americas,P100,1.0,spot,0.6259,0.6259,Cloud Billing Catalog API
2026-06-10,GCP,us-central1,Nvidia Tesla P100 GPU running in Americas,P100,1.0,ondemand,1.46,1.46,Cloud Billing Catalog API
2026-06-10,GCP,us-central1,Nvidia Tesla P4 GPU attached to DWS Defined Duration VMs running in Americas,P4,1.0,ondemand,0.6,0.6,Cloud Billing Catalog API
2026-06-10,GCP,us-central1,Nvidia Tesla P4 GPU attached to Spot Preemptible VMs running in Americas,P4,1.0,spot,0.1807,0.1807,Cloud Billing Catalog API
2026-06-10,GCP,us-central1,Nvidia Tesla P4 GPU running in Americas,P4,1.0,ondemand,0.6,0.6,Cloud Billing Catalog API
2026-06-10,GCP,us-central1,Nvidia Tesla T4 GPU attached to DWS Defined Duration VMs running in Americas,T4,1.0,ondemand,0.35,0.35,Cloud Billing Catalog API
2026-06-10,GCP,us-central1,Nvidia Tesla T4 GPU attached to Spot Preemptible VMs running in Americas,T4,1.0,spot,0.1737,0.1737,Cloud Billing Catalog API
2026-06-10,GCP,us-central1,Nvidia Tesla T4 GPU running in Americas,T4,1.0,ondemand,0.35,0.35,Cloud Billing Catalog API
2026-06-10,GCP,us-central1,Nvidia Tesla V100 GPU attached to DWS Defined Duration VMs running in Americas,V100,1.0,ondemand,2.48,2.48,Cloud Billing Catalog API
2026-06-10,GCP,us-central1,Nvidia Tesla V100 GPU attached to Spot Preemptible VMs running in Americas,V100,1.0,spot,1.2368999999999999,1.2368999999999999,Cloud Billing Catalog API
2026-06-10,GCP,us-central1,Nvidia Tesla V100 GPU running in Americas,V100,1.0,ondemand,2.48,2.48,Cloud Billing Catalog API
2026-06-10,GCP,us-central1,Spot Preemptible A4 Nvidia B200 (1 gpu slice) running in Americas,B200,1.0,ondemand,4.2796,4.2796,Cloud Billing Catalog API
2026-06-10,GCP,us-east1,A4 Nvidia B200 (1 gpu slice) attached to DWS Defined Duration VMs running in Americas,B200,1.0,ondemand,8.055,8.055,Cloud Billing Catalog API
2026-06-10,GCP,us-east1,A4 Nvidia B200 (1 gpu slice) running in Americas,B200,1.0,ondemand,16.11,16.11,Cloud Billing Catalog API
2026-06-10,GCP,us-east1,DWS Calendar Mode A4 Nvidia B200 (1 gpu slice) in Americas,B200,1.0,ondemand,11.277,11.277,Cloud Billing Catalog API
2026-06-10,GCP,us-east1,H200 141GB GPU attached to DWS Defined Duration VMs running in Americas,H200,1.0,ondemand,4.575323,4.575323,Cloud Billing Catalog API
2026-06-10,GCP,us-east1,H200 141GB GPU attached to Spot Preemptible VMs running in Americas,H200,1.0,spot,4.6559,4.6559,Cloud Billing Catalog API
2026-06-10,GCP,us-east1,H200 141GB GPU running in Americas,H200,1.0,ondemand,9.31174,9.31174,Cloud Billing Catalog API
2026-06-10,GCP,us-east1,Nvidia H100 80GB GPU attached to DWS Defined Duration VMs running in Americas,H100,1.0,ondemand,4.200761,4.200761,Cloud Billing Catalog API
2026-06-10,GCP,us-east1,Nvidia H100 80GB GPU attached to Spot Preemptible VMs running in Americas,H100,1.0,spot,4.4104,4.4104,Cloud Billing Catalog API
2026-06-10,GCP,us-east1,Nvidia H100 80GB GPU running in Americas,H100,1.0,ondemand,9.796550569,9.796550569,Cloud Billing Catalog API
2026-06-10,GCP,us-east1,Nvidia H100 80GB Plus GPU attached to Spot Preemptible VMs running in Americas,H100,1.0,spot,4.656,4.656,Cloud Billing Catalog API
2026-06-10,GCP,us-east1,Nvidia H100 80GB Plus GPU running in Americas,H100,1.0,ondemand,10.344275712,10.344275712,Cloud Billing Catalog API
2026-06-10,GCP,us-east1,Nvidia H100 Mega 80GB GPU attached to DWS Defined Duration VMs running in Americas,H100,1.0,ondemand,4.423936,4.423936,Cloud Billing Catalog API
2026-06-10,GCP,us-east1,Nvidia L4 GPU attached to DWS Defined Duration VMs running in Americas,L4,1.0,ondemand,0.560040239,0.560040239,Cloud Billing Catalog API
2026-06-10,GCP,us-east1,Nvidia L4 GPU attached to Spot Preemptible VMs running in Americas,L4,1.0,spot,0.2595,0.2595,Cloud Billing Catalog API
2026-06-10,GCP,us-east1,Nvidia L4 GPU running in Americas,L4,1.0,ondemand,0.560040239,0.560040239,Cloud Billing Catalog API
2026-06-10,GCP,us-east1,Nvidia Tesla A100 80GB GPU attached to DWS Defined Duration VMs running in Americas,A100-80GB,1.0,ondemand,1.846198,1.846198,Cloud Billing Catalog API
2026-06-10,GCP,us-east1,Nvidia Tesla A100 80GB GPU attached to Spot Preemptible VMs running in Americas,A100-80GB,1.0,spot,1.964,1.964,Cloud Billing Catalog API
2026-06-10,GCP,us-east1,Nvidia Tesla A100 80GB GPU running in Americas,A100-80GB,1.0,ondemand,3.92808,3.92808,Cloud Billing Catalog API
2026-06-10,GCP,us-east1,Nvidia Tesla A100 GPU attached to DWS Defined Duration VMs running in Americas,A100,1.0,ondemand,1.6136490000000001,1.6136490000000001,Cloud Billing Catalog API
2026-06-10,GCP,us-east1,Nvidia Tesla A100 GPU attached to Spot Preemptible VMs running in Americas,A100,1.0,spot,1.4666000000000001,1.4666000000000001,Cloud Billing Catalog API
2026-06-10,GCP,us-east1,Nvidia Tesla A100 GPU running in Americas,A100,1.0,ondemand,2.9339079999999997,2.9339079999999997,Cloud Billing Catalog API
2026-06-10,GCP,us-east1,Nvidia Tesla P100 GPU attached to DWS Defined Duration VMs running in Americas,P100,1.0,ondemand,1.46,1.46,Cloud Billing Catalog API
2026-06-10,GCP,us-east1,Nvidia Tesla P100 GPU attached to Spot Preemptible VMs running in Americas,P100,1.0,spot,0.6259,0.6259,Cloud Billing Catalog API
2026-06-10,GCP,us-east1,Nvidia Tesla P100 GPU running in Americas,P100,1.0,ondemand,1.46,1.46,Cloud Billing Catalog API
2026-06-10,GCP,us-east1,Nvidia Tesla P4 GPU attached to DWS Defined Duration VMs running in Americas,P4,1.0,ondemand,0.6,0.6,Cloud Billing Catalog API
2026-06-10,GCP,us-east1,Nvidia Tesla P4 GPU attached to Spot Preemptible VMs running in Americas,P4,1.0,spot,0.1807,0.1807,Cloud Billing Catalog API
2026-06-10,GCP,us-east1,Nvidia Tesla P4 GPU running in Americas,P4,1.0,ondemand,0.6,0.6,Cloud Billing Catalog API
2026-06-10,GCP,us-east1,Nvidia Tesla T4 GPU attached to DWS Defined Duration VMs running in Americas,T4,1.0,ondemand,0.35,0.35,Cloud Billing Catalog API
2026-06-10,GCP,us-east1,Nvidia Tesla T4 GPU attached to Spot Preemptible VMs running in Americas,T4,1.0,spot,0.1737,0.1737,Cloud Billing Catalog API
2026-06-10,GCP,us-east1,Nvidia Tesla T4 GPU running in Americas,T4,1.0,ondemand,0.35,0.35,Cloud Billing Catalog API
2026-06-10,GCP,us-east1,Nvidia Tesla V100 GPU attached to DWS Defined Duration VMs running in Americas,V100,1.0,ondemand,2.48,2.48,Cloud Billing Catalog API
2026-06-10,GCP,us-east1,Nvidia Tesla V100 GPU attached to Spot Preemptible VMs running in Americas,V100,1.0,spot,1.2368999999999999,1.2368999999999999,Cloud Billing Catalog API
2026-06-10,GCP,us-east1,Nvidia Tesla V100 GPU running in Americas,V100,1.0,ondemand,2.48,2.48,Cloud Billing Catalog API
2026-06-10,GCP,us-east1,Spot Preemptible A4 Nvidia B200 (1 gpu slice) running in Americas,B200,1.0,ondemand,4.2796,4.2796,Cloud Billing Catalog API
2026-06-10,GCP,us-east4,A4 Nvidia B200 (1 gpu slice) attached to DWS Defined Duration VMs running in Northern Virginia,B200,1.0,ondemand,8.055,8.055,Cloud Billing Catalog API
2026-06-10,GCP,us-east4,DWS Calendar Mode A4 Nvidia B200 (1 gpu slice) in Northern Virginia,B200,1.0,ondemand,11.277,11.277,Cloud Billing Catalog API
2026-06-10,GCP,us-east4,H200 141GB GPU attached to DWS Defined Duration VMs running in Northern Virginia,H200,1.0,ondemand,4.575323,4.575323,Cloud Billing Catalog API
2026-06-10,GCP,us-east4,H200 141GB GPU attached to Spot Preemptible VMs running in Northern Virginia,H200,1.0,spot,3.8395,3.8395,Cloud Billing Catalog API
2026-06-10,GCP,us-east4,H200 141GB GPU running in Northern Virginia,H200,1.0,ondemand,9.31174,9.31174,Cloud Billing Catalog API
2026-06-10,GCP,us-east4,Nvidia H100 80GB GPU attached to DWS Defined Duration VMs running in Virginia,H100,1.0,ondemand,4.200761,4.200761,Cloud Billing Catalog API
2026-06-10,GCP,us-east4,Nvidia H100 80GB GPU attached to Spot Preemptible VMs running in Virginia,H100,1.0,spot,3.2986,3.2986,Cloud Billing Catalog API
2026-06-10,GCP,us-east4,Nvidia H100 80GB GPU running in Virginia,H100,1.0,ondemand,9.796551000000001,9.796551000000001,Cloud Billing Catalog API
2026-06-10,GCP,us-east4,Nvidia H100 80GB Mega GPU attached to Spot Preemptible VMs running in Virginia,H100,1.0,spot,1.955,1.955,Cloud Billing Catalog API
2026-06-10,GCP,us-east4,Nvidia H100 80GB Mega GPU running in Virginia,H100,1.0,ondemand,10.34428,10.34428,Cloud Billing Catalog API
2026-06-10,GCP,us-east4,Nvidia H100 Mega 80GB GPU attached to DWS Defined Duration VMs running in Virginia,H100,1.0,ondemand,4.423936,4.423936,Cloud Billing Catalog API
2026-06-10,GCP,us-east4,Nvidia L4 GPU attached to DWS Defined Duration VMs running in Virginia,L4,1.0,ondemand,0.5600402,0.5600402,Cloud Billing Catalog API
2026-06-10,GCP,us-east4,Nvidia L4 GPU attached to Spot Preemptible VMs running in Virginia,L4,1.0,spot,0.2345,0.2345,Cloud Billing Catalog API
2026-06-10,GCP,us-east4,Nvidia L4 GPU running in Virginia,L4,1.0,ondemand,0.55820646,0.55820646,Cloud Billing Catalog API
2026-06-10,GCP,us-east4,Nvidia Tesla A100 80GB GPU attached to DWS Defined Duration VMs running in Virginia,A100-80GB,1.0,ondemand,2.079373,2.079373,Cloud Billing Catalog API
2026-06-10,GCP,us-east4,Nvidia Tesla A100 80GB GPU attached to Spot Preemptible VMs running in Virginia,A100-80GB,1.0,spot,1.6812,1.6812,Cloud Billing Catalog API
2026-06-10,GCP,us-east4,Nvidia Tesla A100 80GB GPU running in Virginia,A100-80GB,1.0,ondemand,4.424197,4.424197,Cloud Billing Catalog API
2026-06-10,GCP,us-east4,Nvidia Tesla A100 GPU attached to Spot Preemptible VMs running in Virginia,A100,1.0,spot,1.5372,1.5372,Cloud Billing Catalog API
2026-06-10,GCP,us-east4,Nvidia Tesla A100 GPU running in Virginia,A100,1.0,ondemand,3.101559926,3.101559926,Cloud Billing Catalog API
2026-06-10,GCP,us-east4,Nvidia Tesla P4 GPU attached to DWS Defined Duration VMs running in Virginia,P4,1.0,ondemand,0.6,0.6,Cloud Billing Catalog API
2026-06-10,GCP,us-east4,Nvidia Tesla P4 GPU attached to Spot Preemptible VMs running in Virginia,P4,1.0,spot,0.1647,0.1647,Cloud Billing Catalog API
2026-06-10,GCP,us-east4,Nvidia Tesla P4 GPU running in Virginia,P4,1.0,ondemand,0.6,0.6,Cloud Billing Catalog API
2026-06-10,GCP,us-east4,Nvidia Tesla T4 GPU attached to DWS Defined Duration VMs running in Virginia,T4,1.0,ondemand,0.35,0.35,Cloud Billing Catalog API
2026-06-10,GCP,us-east4,Nvidia Tesla T4 GPU attached to Spot Preemptible VMs running in Virginia,T4,1.0,spot,0.1795,0.1795,Cloud Billing Catalog API
2026-06-10,GCP,us-east4,Nvidia Tesla T4 GPU running in Virginia,T4,1.0,ondemand,0.37,0.37,Cloud Billing Catalog API
2026-06-10,GCP,us-east4,Spot Preemptible A4 Nvidia B200 (1 gpu slice) running in Northern Virginia,B200,1.0,spot,4.0758,4.0758,Cloud Billing Catalog API
2026-06-10,GCP,us-east5,A4 Nvidia B200 (1 gpu slice) attached to DWS Defined Duration VMs running in Columbus,B200,1.0,ondemand,8.055,8.055,Cloud Billing Catalog API
2026-06-10,GCP,us-east5,DWS Calendar Mode A4 Nvidia B200 (1 gpu slice) in Columbus,B200,1.0,ondemand,11.277,11.277,Cloud Billing Catalog API
2026-06-10,GCP,us-east5,H200 141GB GPU attached to DWS Defined Duration VMs running in Columbus,H200,1.0,ondemand,4.575323,4.575323,Cloud Billing Catalog API
2026-06-10,GCP,us-east5,Nvidia H100 80GB GPU attached to DWS Defined Duration VMs running in Columbus,H100,1.0,ondemand,4.200761,4.200761,Cloud Billing Catalog API
2026-06-10,GCP,us-east5,Nvidia H100 80GB GPU attached to Spot Preemptible VMs running in Columbus,H100,1.0,spot,3.3912,3.3912,Cloud Billing Catalog API
2026-06-10,GCP,us-east5,Nvidia H100 80GB GPU running in Columbus,H100,1.0,ondemand,11.03385,11.03385,Cloud Billing Catalog API
2026-06-10,GCP,us-east5,Nvidia H100 80GB Mega GPU attached to Spot Preemptible VMs running in Columbus,H100,1.0,spot,3.1781,3.1781,Cloud Billing Catalog API
2026-06-10,GCP,us-east5,Nvidia H100 80GB Mega GPU running in Columbus,H100,1.0,ondemand,10.34428,10.34428,Cloud Billing Catalog API
2026-06-10,GCP,us-east5,Nvidia H100 Mega 80GB GPU attached to DWS Defined Duration VMs running in Columbus,H100,1.0,ondemand,4.423936,4.423936,Cloud Billing Catalog API
2026-06-10,GCP,us-east5,Nvidia L4 GPU attached to Spot Preemptible VMs running in Columbus,L4,1.0,spot,0.0734,0.0734,Cloud Billing Catalog API
2026-06-10,GCP,us-east5,Nvidia L4 GPU running in Columbus,L4,1.0,ondemand,0.6307733,0.6307733,Cloud Billing Catalog API
2026-06-10,GCP,us-east5,Nvidia Tesla A100 80GB GPU attached to DWS Defined Duration VMs running in Columbus,A100-80GB,1.0,ondemand,2.079373,2.079373,Cloud Billing Catalog API
2026-06-10,GCP,us-east5,Nvidia Tesla A100 80GB GPU attached to Spot Preemptible VMs running in Columbus,A100-80GB,1.0,spot,1.3256000000000001,1.3256000000000001,Cloud Billing Catalog API
2026-06-10,GCP,us-east5,Nvidia Tesla A100 80GB GPU running in Columbus,A100-80GB,1.0,ondemand,4.424197,4.424197,Cloud Billing Catalog API
2026-06-10,GCP,us-east5,Nvidia Tesla A100 GPU attached to Spot Preemptible VMs running in Columbus,A100,1.0,spot,0.9626,0.9626,Cloud Billing Catalog API
2026-06-10,GCP,us-east5,Nvidia Tesla A100 GPU running in Columbus,A100,1.0,ondemand,2.9339079999999997,2.9339079999999997,Cloud Billing Catalog API
2026-06-10,GCP,us-east5,Nvidia Tesla P100 GPU attached to Spot Preemptible VMs running in Columbus,P100,1.0,spot,0.1664,0.1664,Cloud Billing Catalog API
2026-06-10,GCP,us-east5,Nvidia Tesla P100 GPU running in Columbus,P100,1.0,ondemand,1.46,1.46,Cloud Billing Catalog API
2026-06-10,GCP,us-east5,Nvidia Tesla P4 GPU attached to Spot Preemptible VMs running in Columbus,P4,1.0,spot,0.0837,0.0837,Cloud Billing Catalog API
2026-06-10,GCP,us-east5,Nvidia Tesla P4 GPU running in Columbus,P4,1.0,ondemand,0.6,0.6,Cloud Billing Catalog API
2026-06-10,GCP,us-east5,Nvidia Tesla T4 GPU attached to DWS Defined Duration VMs running in Columbus,T4,1.0,ondemand,0.35,0.35,Cloud Billing Catalog API
2026-06-10,GCP,us-east5,Nvidia Tesla T4 GPU attached to Spot Preemptible VMs running in Columbus,T4,1.0,spot,0.0426,0.0426,Cloud Billing Catalog API
2026-06-10,GCP,us-east5,Nvidia Tesla T4 GPU running in Columbus,T4,1.0,ondemand,0.35,0.35,Cloud Billing Catalog API
2026-06-10,GCP,us-east5,Nvidia Tesla V100 GPU attached to Spot Preemptible VMs running in Columbus,V100,1.0,spot,0.2864,0.2864,Cloud Billing Catalog API
2026-06-10,GCP,us-east5,Nvidia Tesla V100 GPU running in Columbus,V100,1.0,ondemand,2.48,2.48,Cloud Billing Catalog API
2026-06-10,GCP,us-east5,Spot Preemptible A4 Nvidia B200 (1 gpu slice) running in Columbus,B200,1.0,spot,2.3416,2.3416,Cloud Billing Catalog API
2026-06-10,GCP,us-east7,A4 Nvidia B200 (1 gpu slice) attached to DWS Defined Duration VMs running in Alabama,B200,1.0,ondemand,8.055,8.055,Cloud Billing Catalog API
2026-06-10,GCP,us-east7,DWS Calendar Mode A4 Nvidia B200 (1 gpu slice) in Alabama,B200,1.0,ondemand,11.277,11.277,Cloud Billing Catalog API
2026-06-10,GCP,us-east7,Nvidia H100 80GB GPU attached to DWS Defined Duration VMs running in Alabama,H100,1.0,ondemand,4.200761,4.200761,Cloud Billing Catalog API
2026-06-10,GCP,us-east7,Nvidia H100 Mega 80GB GPU attached to DWS Defined Duration VMs running in Alabama,H100,1.0,ondemand,4.423936,4.423936,Cloud Billing Catalog API
2026-06-10,GCP,us-east7,Nvidia L4 GPU attached to DWS Defined Duration VMs running in Alabama,L4,1.0,ondemand,0.5600402,0.5600402,Cloud Billing Catalog API
2026-06-10,GCP,us-east7,Nvidia Tesla A100 80GB GPU attached to DWS Defined Duration VMs running in Alabama,A100-80GB,1.0,ondemand,1.846198,1.846198,Cloud Billing Catalog API
2026-06-10,GCP,us-east7,Nvidia Tesla A100 GPU attached to DWS Defined Duration VMs running in Alabama,A100,1.0,ondemand,1.6136490000000001,1.6136490000000001,Cloud Billing Catalog API
2026-06-10,GCP,us-east7,Nvidia Tesla P100 GPU attached to DWS Defined Duration VMs running in Alabama,P100,1.0,ondemand,1.46,1.46,Cloud Billing Catalog API
2026-06-10,GCP,us-east7,Nvidia Tesla P4 GPU attached to DWS Defined Duration VMs running in Alabama,P4,1.0,ondemand,0.6,0.6,Cloud Billing Catalog API
2026-06-10,GCP,us-east7,Nvidia Tesla T4 GPU attached to DWS Defined Duration VMs running in Alabama,T4,1.0,ondemand,0.35,0.35,Cloud Billing Catalog API
2026-06-10,GCP,us-east7,Nvidia Tesla V100 GPU attached to DWS Defined Duration VMs running in Alabama,V100,1.0,ondemand,2.48,2.48,Cloud Billing Catalog API
2026-06-10,GCP,us-east7,Spot Preemptible A4 Nvidia B200 (1 gpu slice) running in Alabama,B200,1.0,spot,7.6522,7.6522,Cloud Billing Catalog API
2026-06-10,GCP,us-south1,A4 Nvidia B200 (1 gpu slice) attached to DWS Defined Duration VMs running in Dallas,B200,1.0,ondemand,8.055,8.055,Cloud Billing Catalog API
2026-06-10,GCP,us-south1,DWS Calendar Mode A4 Nvidia B200 (1 gpu slice) in Dallas,B200,1.0,ondemand,11.277,11.277,Cloud Billing Catalog API
2026-06-10,GCP,us-south1,H200 141GB GPU attached to DWS Defined Duration VMs running in Dallas,H200,1.0,ondemand,4.575323,4.575323,Cloud Billing Catalog API
2026-06-10,GCP,us-south1,H200 141GB GPU attached to Spot Preemptible VMs running in Dallas,H200,1.0,spot,5.4939,5.4939,Cloud Billing Catalog API
2026-06-10,GCP,us-south1,Nvidia H100 80GB GPU attached to Spot Preemptible VMs running in Dallas,H100,1.0,spot,2.8988,2.8988,Cloud Billing Catalog API
2026-06-10,GCP,us-south1,Nvidia H100 80GB GPU running in Dallas,H100,1.0,ondemand,11.55993,11.55993,Cloud Billing Catalog API
2026-06-10,GCP,us-south1,Nvidia L4 GPU attached to Spot Preemptible VMs running in Dallas,L4,1.0,spot,0.131,0.131,Cloud Billing Catalog API
2026-06-10,GCP,us-south1,Nvidia L4 GPU running in Dallas,L4,1.0,ondemand,0.6608475,0.6608475,Cloud Billing Catalog API
2026-06-10,GCP,us-south1,Nvidia Tesla A100 80GB GPU attached to Spot Preemptible VMs running in Dallas,A100-80GB,1.0,spot,0.7177,0.7177,Cloud Billing Catalog API
2026-06-10,GCP,us-south1,Nvidia Tesla A100 80GB GPU running in Dallas,A100-80GB,1.0,ondemand,4.635134,4.635134,Cloud Billing Catalog API
2026-06-10,GCP,us-south1,Nvidia Tesla A100 GPU attached to Spot Preemptible VMs running in Dallas,A100,1.0,spot,0.4013,0.4013,Cloud Billing Catalog API
2026-06-10,GCP,us-south1,Nvidia Tesla A100 GPU running in Dallas,A100,1.0,ondemand,3.462011,3.462011,Cloud Billing Catalog API
2026-06-10,GCP,us-south1,Nvidia Tesla P100 GPU attached to Spot Preemptible VMs running in Dallas,P100,1.0,spot,0.1964,0.1964,Cloud Billing Catalog API
2026-06-10,GCP,us-south1,Nvidia Tesla P100 GPU running in Dallas,P100,1.0,ondemand,1.7227999999999999,1.7227999999999999,Cloud Billing Catalog API
2026-06-10,GCP,us-south1,Nvidia Tesla P4 GPU attached to Spot Preemptible VMs running in Dallas,P4,1.0,spot,0.2421,0.2421,Cloud Billing Catalog API
2026-06-10,GCP,us-south1,Nvidia Tesla P4 GPU running in Dallas,P4,1.0,ondemand,0.708,0.708,Cloud Billing Catalog API
2026-06-10,GCP,us-south1,Nvidia Tesla T4 GPU attached to DWS Defined Duration VMs running in Dallas,T4,1.0,ondemand,0.413,0.413,Cloud Billing Catalog API
2026-06-10,GCP,us-south1,Nvidia Tesla T4 GPU attached to Spot Preemptible VMs running in Dallas,T4,1.0,spot,0.0504,0.0504,Cloud Billing Catalog API
2026-06-10,GCP,us-south1,Nvidia Tesla T4 GPU running in Dallas,T4,1.0,ondemand,0.413,0.413,Cloud Billing Catalog API
2026-06-10,GCP,us-south1,Nvidia Tesla V100 GPU attached to Spot Preemptible VMs running in Dallas,V100,1.0,spot,0.3381,0.3381,Cloud Billing Catalog API
2026-06-10,GCP,us-south1,Nvidia Tesla V100 GPU running in Dallas,V100,1.0,ondemand,2.9264,2.9264,Cloud Billing Catalog API
2026-06-10,GCP,us-south1,Spot Preemptible A4 Nvidia B200 (1 gpu slice) running in Dallas,B200,1.0,spot,4.2796,4.2796,Cloud Billing Catalog API
2026-06-10,GCP,us-west1,A4 Nvidia B200 (1 gpu slice) attached to DWS Defined Duration VMs running in Americas,B200,1.0,ondemand,8.055,8.055,Cloud Billing Catalog API
2026-06-10,GCP,us-west1,A4 Nvidia B200 (1 gpu slice) running in Americas,B200,1.0,ondemand,16.11,16.11,Cloud Billing Catalog API
2026-06-10,GCP,us-west1,DWS Calendar Mode A4 Nvidia B200 (1 gpu slice) in Americas,B200,1.0,ondemand,11.277,11.277,Cloud Billing Catalog API
2026-06-10,GCP,us-west1,H200 141GB GPU attached to DWS Defined Duration VMs running in Americas,H200,1.0,ondemand,4.575323,4.575323,Cloud Billing Catalog API
2026-06-10,GCP,us-west1,H200 141GB GPU attached to Spot Preemptible VMs running in Americas,H200,1.0,spot,4.6559,4.6559,Cloud Billing Catalog API
2026-06-10,GCP,us-west1,H200 141GB GPU running in Americas,H200,1.0,ondemand,9.31174,9.31174,Cloud Billing Catalog API
2026-06-10,GCP,us-west1,Nvidia H100 80GB GPU attached to DWS Defined Duration VMs running in Americas,H100,1.0,ondemand,4.200761,4.200761,Cloud Billing Catalog API
2026-06-10,GCP,us-west1,Nvidia H100 80GB GPU attached to Spot Preemptible VMs running in Americas,H100,1.0,spot,4.4104,4.4104,Cloud Billing Catalog API
2026-06-10,GCP,us-west1,Nvidia H100 80GB GPU running in Americas,H100,1.0,ondemand,9.796550569,9.796550569,Cloud Billing Catalog API
2026-06-10,GCP,us-west1,Nvidia H100 80GB Plus GPU attached to Spot Preemptible VMs running in Americas,H100,1.0,spot,4.656,4.656,Cloud Billing Catalog API
2026-06-10,GCP,us-west1,Nvidia H100 80GB Plus GPU running in Americas,H100,1.0,ondemand,10.344275712,10.344275712,Cloud Billing Catalog API
2026-06-10,GCP,us-west1,Nvidia H100 Mega 80GB GPU attached to DWS Defined Duration VMs running in Americas,H100,1.0,ondemand,4.423936,4.423936,Cloud Billing Catalog API
2026-06-10,GCP,us-west1,Nvidia L4 GPU attached to DWS Defined Duration VMs running in Americas,L4,1.0,ondemand,0.560040239,0.560040239,Cloud Billing Catalog API
2026-06-10,GCP,us-west1,Nvidia L4 GPU attached to Spot Preemptible VMs running in Americas,L4,1.0,spot,0.2595,0.2595,Cloud Billing Catalog API
2026-06-10,GCP,us-west1,Nvidia L4 GPU running in Americas,L4,1.0,ondemand,0.560040239,0.560040239,Cloud Billing Catalog API
2026-06-10,GCP,us-west1,Nvidia Tesla A100 80GB GPU attached to DWS Defined Duration VMs running in Americas,A100-80GB,1.0,ondemand,1.846198,1.846198,Cloud Billing Catalog API
2026-06-10,GCP,us-west1,Nvidia Tesla A100 80GB GPU attached to Spot Preemptible VMs running in Americas,A100-80GB,1.0,spot,1.964,1.964,Cloud Billing Catalog API
2026-06-10,GCP,us-west1,Nvidia Tesla A100 80GB GPU running in Americas,A100-80GB,1.0,ondemand,3.92808,3.92808,Cloud Billing Catalog API
2026-06-10,GCP,us-west1,Nvidia Tesla A100 GPU attached to DWS Defined Duration VMs running in Americas,A100,1.0,ondemand,1.6136490000000001,1.6136490000000001,Cloud Billing Catalog API
2026-06-10,GCP,us-west1,Nvidia Tesla A100 GPU attached to Spot Preemptible VMs running in Americas,A100,1.0,spot,1.4666000000000001,1.4666000000000001,Cloud Billing Catalog API
2026-06-10,GCP,us-west1,Nvidia Tesla A100 GPU running in Americas,A100,1.0,ondemand,2.9339079999999997,2.9339079999999997,Cloud Billing Catalog API
2026-06-10,GCP,us-west1,Nvidia Tesla P100 GPU attached to DWS Defined Duration VMs running in Americas,P100,1.0,ondemand,1.46,1.46,Cloud Billing Catalog API
2026-06-10,GCP,us-west1,Nvidia Tesla P100 GPU attached to Spot Preemptible VMs running in Americas,P100,1.0,spot,0.6259,0.6259,Cloud Billing Catalog API
2026-06-10,GCP,us-west1,Nvidia Tesla P100 GPU running in Americas,P100,1.0,ondemand,1.46,1.46,Cloud Billing Catalog API
2026-06-10,GCP,us-west1,Nvidia Tesla P4 GPU attached to DWS Defined Duration VMs running in Americas,P4,1.0,ondemand,0.6,0.6,Cloud Billing Catalog API
2026-06-10,GCP,us-west1,Nvidia Tesla P4 GPU attached to Spot Preemptible VMs running in Americas,P4,1.0,spot,0.1807,0.1807,Cloud Billing Catalog API
2026-06-10,GCP,us-west1,Nvidia Tesla P4 GPU running in Americas,P4,1.0,ondemand,0.6,0.6,Cloud Billing Catalog API
2026-06-10,GCP,us-west1,Nvidia Tesla T4 GPU attached to DWS Defined Duration VMs running in Americas,T4,1.0,ondemand,0.35,0.35,Cloud Billing Catalog API
2026-06-10,GCP,us-west1,Nvidia Tesla T4 GPU attached to Spot Preemptible VMs running in Americas,T4,1.0,spot,0.1737,0.1737,Cloud Billing Catalog API
2026-06-10,GCP,us-west1,Nvidia Tesla T4 GPU running in Americas,T4,1.0,ondemand,0.35,0.35,Cloud Billing Catalog API
2026-06-10,GCP,us-west1,Nvidia Tesla V100 GPU attached to DWS Defined Duration VMs running in Americas,V100,1.0,ondemand,2.48,2.48,Cloud Billing Catalog API
2026-06-10,GCP,us-west1,Nvidia Tesla V100 GPU attached to Spot Preemptible VMs running in Americas,V100,1.0,spot,1.2368999999999999,1.2368999999999999,Cloud Billing Catalog API
2026-06-10,GCP,us-west1,Nvidia Tesla V100 GPU running in Americas,V100,1.0,ondemand,2.48,2.48,Cloud Billing Catalog API
2026-06-10,GCP,us-west1,Spot Preemptible A4 Nvidia B200 (1 gpu slice) running in Americas,B200,1.0,ondemand,4.2796,4.2796,Cloud Billing Catalog API
2026-06-10,GCP,us-west2,A4 Nvidia B200 (1 gpu slice) attached to DWS Defined Duration VMs running in Los Angeles,B200,1.0,ondemand,8.055,8.055,Cloud Billing Catalog API
2026-06-10,GCP,us-west2,DWS Calendar Mode A4 Nvidia B200 (1 gpu slice) in Los Angeles,B200,1.0,ondemand,11.277,11.277,Cloud Billing Catalog API
2026-06-10,GCP,us-west2,H200 141GB GPU attached to DWS Defined Duration VMs running in Los Angeles,H200,1.0,ondemand,4.575323,4.575323,Cloud Billing Catalog API
2026-06-10,GCP,us-west2,Nvidia H100 80GB GPU attached to Spot Preemptible VMs running in Los Angeles,H100,1.0,spot,1.3854,1.3854,Cloud Billing Catalog API
2026-06-10,GCP,us-west2,Nvidia H100 80GB GPU running in Los Angeles,H100,1.0,ondemand,11.77643,11.77643,Cloud Billing Catalog API
2026-06-10,GCP,us-west2,Nvidia L4 GPU attached to Spot Preemptible VMs running in Los Angeles,L4,1.0,spot,0.078,0.078,Cloud Billing Catalog API
2026-06-10,GCP,us-west2,Nvidia L4 GPU running in Los Angeles,L4,1.0,ondemand,0.6732244,0.6732244,Cloud Billing Catalog API
2026-06-10,GCP,us-west2,Nvidia Tesla A100 80GB GPU attached to Spot Preemptible VMs running in Los Angeles,A100-80GB,1.0,spot,0.7314,0.7314,Cloud Billing Catalog API
2026-06-10,GCP,us-west2,Nvidia Tesla A100 80GB GPU running in Los Angeles,A100-80GB,1.0,ondemand,4.721945,4.721945,Cloud Billing Catalog API
2026-06-10,GCP,us-west2,Nvidia Tesla A100 GPU attached to Spot Preemptible VMs running in Los Angeles,A100,1.0,spot,0.3323,0.3323,Cloud Billing Catalog API
2026-06-10,GCP,us-west2,Nvidia Tesla A100 GPU running in Los Angeles,A100,1.0,ondemand,3.436863684,3.436863684,Cloud Billing Catalog API
2026-06-10,GCP,us-west2,Nvidia Tesla P4 GPU attached to DWS Defined Duration VMs running in Los Angeles,P4,1.0,ondemand,0.72126,0.72126,Cloud Billing Catalog API
2026-06-10,GCP,us-west2,Nvidia Tesla P4 GPU attached to Spot Preemptible VMs running in Los Angeles,P4,1.0,spot,0.068,0.068,Cloud Billing Catalog API
2026-06-10,GCP,us-west2,Nvidia Tesla P4 GPU running in Los Angeles,P4,1.0,ondemand,0.72,0.72,Cloud Billing Catalog API
2026-06-10,GCP,us-west2,Nvidia Tesla T4 GPU attached to DWS Defined Duration VMs running in Los Angeles,T4,1.0,ondemand,0.420735,0.420735,Cloud Billing Catalog API
2026-06-10,GCP,us-west2,Nvidia Tesla T4 GPU attached to Spot Preemptible VMs running in Los Angeles,T4,1.0,spot,0.1558,0.1558,Cloud Billing Catalog API
2026-06-10,GCP,us-west2,Nvidia Tesla T4 GPU running in Los Angeles,T4,1.0,ondemand,0.41,0.41,Cloud Billing Catalog API
2026-06-10,GCP,us-west2,Spot Preemptible A4 Nvidia B200 (1 gpu slice) running in Los Angeles,B200,1.0,spot,3.872,3.872,Cloud Billing Catalog API
2026-06-10,GCP,us-west3,A4 Nvidia B200 (1 gpu slice) attached to DWS Defined Duration VMs running in Salt Lake City,B200,1.0,ondemand,8.055,8.055,Cloud Billing Catalog API
2026-06-10,GCP,us-west3,DWS Calendar Mode A4 Nvidia B200 (1 gpu slice) in Salt Lake City,B200,1.0,ondemand,11.277,11.277,Cloud Billing Catalog API
2026-06-10,GCP,us-west3,H200 141GB GPU attached to DWS Defined Duration VMs running in Salt Lake City,H200,1.0,ondemand,4.575323,4.575323,Cloud Billing Catalog API
2026-06-10,GCP,us-west3,Nvidia H100 80GB GPU attached to Spot Preemptible VMs running in Salt Lake City,H100,1.0,spot,1.4586999999999999,1.4586999999999999,Cloud Billing Catalog API
2026-06-10,GCP,us-west3,Nvidia H100 80GB GPU running in Salt Lake City,H100,1.0,ondemand,11.77643,11.77643,Cloud Billing Catalog API
2026-06-10,GCP,us-west3,Nvidia L4 GPU attached to Spot Preemptible VMs running in Salt Lake City,L4,1.0,spot,0.078,0.078,Cloud Billing Catalog API
2026-06-10,GCP,us-west3,Nvidia L4 GPU running in Salt Lake City,L4,1.0,ondemand,0.6732244,0.6732244,Cloud Billing Catalog API
2026-06-10,GCP,us-west3,Nvidia Tesla A100 80GB GPU attached to Spot Preemptible VMs running in Salt Lake City,A100-80GB,1.0,spot,0.7314,0.7314,Cloud Billing Catalog API
2026-06-10,GCP,us-west3,Nvidia Tesla A100 80GB GPU running in Salt Lake City,A100-80GB,1.0,ondemand,4.721945,4.721945,Cloud Billing Catalog API
2026-06-10,GCP,us-west3,Nvidia Tesla A100 GPU attached to DWS Defined Duration VMs running in Salt Lake City,A100,1.0,ondemand,1.890275,1.890275,Cloud Billing Catalog API
2026-06-10,GCP,us-west3,Nvidia Tesla A100 GPU attached to Spot Preemptible VMs running in Salt Lake City,A100,1.0,spot,1.7132,1.7132,Cloud Billing Catalog API
2026-06-10,GCP,us-west3,Nvidia Tesla A100 GPU running in Salt Lake City,A100,1.0,ondemand,3.436863684,3.436863684,Cloud Billing Catalog API
2026-06-10,GCP,us-west3,Nvidia Tesla P100 GPU attached to Spot Preemptible VMs running in Salt Lake City,P100,1.0,spot,0.4902,0.4902,Cloud Billing Catalog API
2026-06-10,GCP,us-west3,Nvidia Tesla P100 GPU running in Salt Lake City,P100,1.0,ondemand,1.752,1.752,Cloud Billing Catalog API
2026-06-10,GCP,us-west3,Nvidia Tesla P4 GPU attached to Spot Preemptible VMs running in Salt Lake City,P4,1.0,spot,0.1003,0.1003,Cloud Billing Catalog API
2026-06-10,GCP,us-west3,Nvidia Tesla P4 GPU running in Salt Lake City,P4,1.0,ondemand,0.72,0.72,Cloud Billing Catalog API
2026-06-10,GCP,us-west3,Nvidia Tesla T4 GPU attached to DWS Defined Duration VMs running in Salt Lake City,T4,1.0,ondemand,0.420735,0.420735,Cloud Billing Catalog API
2026-06-10,GCP,us-west3,Nvidia Tesla T4 GPU attached to Spot Preemptible VMs running in Salt Lake City,T4,1.0,spot,0.0966,0.0966,Cloud Billing Catalog API
2026-06-10,GCP,us-west3,Nvidia Tesla T4 GPU running in Salt Lake City,T4,1.0,ondemand,0.41,0.41,Cloud Billing Catalog API
2026-06-10,GCP,us-west3,Nvidia Tesla V100 GPU attached to Spot Preemptible VMs running in Salt Lake City,V100,1.0,spot,0.3439,0.3439,Cloud Billing Catalog API
2026-06-10,GCP,us-west3,Nvidia Tesla V100 GPU running in Salt Lake City,V100,1.0,ondemand,2.976,2.976,Cloud Billing Catalog API
2026-06-10,GCP,us-west3,Spot Preemptible A4 Nvidia B200 (1 gpu slice) running in Salt Lake City,B200,1.0,spot,4.2796,4.2796,Cloud Billing Catalog API
2026-06-10,GCP,us-west4,A4 Nvidia B200 (1 gpu slice) attached to DWS Defined Duration VMs running in Las Vegas,B200,1.0,ondemand,8.055,8.055,Cloud Billing Catalog API
2026-06-10,GCP,us-west4,DWS Calendar Mode A4 Nvidia B200 (1 gpu slice) in Las Vegas,B200,1.0,ondemand,11.277,11.277,Cloud Billing Catalog API
2026-06-10,GCP,us-west4,H200 141GB GPU attached to DWS Defined Duration VMs running in Las Vegas,H200,1.0,ondemand,4.575323,4.575323,Cloud Billing Catalog API
2026-06-10,GCP,us-west4,Nvidia H100 80GB GPU attached to DWS Defined Duration VMs running in Las Vegas,H100,1.0,ondemand,4.200761,4.200761,Cloud Billing Catalog API
2026-06-10,GCP,us-west4,Nvidia H100 80GB GPU attached to Spot Preemptible VMs running in Las Vegas,H100,1.0,spot,3.558,3.558,Cloud Billing Catalog API
2026-06-10,GCP,us-west4,Nvidia H100 80GB GPU running in Las Vegas,H100,1.0,ondemand,11.03385,11.03385,Cloud Billing Catalog API
2026-06-10,GCP,us-west4,Nvidia H100 80GB Mega GPU attached to Spot Preemptible VMs running in Las Vegas,H100,1.0,spot,2.202,2.202,Cloud Billing Catalog API
2026-06-10,GCP,us-west4,Nvidia H100 80GB Mega GPU running in Las Vegas,H100,1.0,ondemand,11.65076,11.65076,Cloud Billing Catalog API
2026-06-10,GCP,us-west4,Nvidia H100 Mega 80GB GPU attached to DWS Defined Duration VMs running in Las Vegas,H100,1.0,ondemand,4.423936,4.423936,Cloud Billing Catalog API
2026-06-10,GCP,us-west4,Nvidia L4 GPU attached to DWS Defined Duration VMs running in Las Vegas,L4,1.0,ondemand,0.6307733,0.6307733,Cloud Billing Catalog API
2026-06-10,GCP,us-west4,Nvidia L4 GPU attached to Spot Preemptible VMs running in Las Vegas,L4,1.0,spot,0.2883,0.2883,Cloud Billing Catalog API
2026-06-10,GCP,us-west4,Nvidia L4 GPU running in Las Vegas,L4,1.0,ondemand,0.6307733,0.6307733,Cloud Billing Catalog API
2026-06-10,GCP,us-west4,Nvidia Tesla A100 80GB GPU attached to Spot Preemptible VMs running in Las Vegas,A100-80GB,1.0,spot,0.6849,0.6849,Cloud Billing Catalog API
2026-06-10,GCP,us-west4,Nvidia Tesla A100 80GB GPU running in Las Vegas,A100-80GB,1.0,ondemand,4.424197,4.424197,Cloud Billing Catalog API
2026-06-10,GCP,us-west4,Nvidia Tesla A100 GPU attached to DWS Defined Duration VMs running in Las Vegas,A100,1.0,ondemand,1.705858,1.705858,Cloud Billing Catalog API
2026-06-10,GCP,us-west4,Nvidia Tesla A100 GPU attached to Spot Preemptible VMs running in Las Vegas,A100,1.0,spot,1.3026,1.3026,Cloud Billing Catalog API
2026-06-10,GCP,us-west4,Nvidia Tesla A100 GPU running in Las Vegas,A100,1.0,ondemand,3.101559926,3.101559926,Cloud Billing Catalog API
2026-06-10,GCP,us-west4,Nvidia Tesla P100 GPU attached to Spot Preemptible VMs running in Las Vegas,P100,1.0,spot,0.1664,0.1664,Cloud Billing Catalog API
2026-06-10,GCP,us-west4,Nvidia Tesla P100 GPU running in Las Vegas,P100,1.0,ondemand,1.46,1.46,Cloud Billing Catalog API
2026-06-10,GCP,us-west4,Nvidia Tesla P4 GPU attached to Spot Preemptible VMs running in Las Vegas,P4,1.0,spot,0.0837,0.0837,Cloud Billing Catalog API
2026-06-10,GCP,us-west4,Nvidia Tesla P4 GPU running in Las Vegas,P4,1.0,ondemand,0.6,0.6,Cloud Billing Catalog API
2026-06-10,GCP,us-west4,Nvidia Tesla T4 GPU attached to DWS Defined Duration VMs running in Las Vegas,T4,1.0,ondemand,0.37,0.37,Cloud Billing Catalog API
2026-06-10,GCP,us-west4,Nvidia Tesla T4 GPU attached to Spot Preemptible VMs running in Las Vegas,T4,1.0,spot,0.1321,0.1321,Cloud Billing Catalog API
2026-06-10,GCP,us-west4,Nvidia Tesla T4 GPU running in Las Vegas,T4,1.0,ondemand,0.37,0.37,Cloud Billing Catalog API
2026-06-10,GCP,us-west4,Nvidia Tesla V100 GPU attached to Spot Preemptible VMs running in Las Vegas,V100,1.0,spot,0.2864,0.2864,Cloud Billing Catalog API
2026-06-10,GCP,us-west4,Nvidia Tesla V100 GPU running in Las Vegas,V100,1.0,ondemand,2.48,2.48,Cloud Billing Catalog API
2026-06-10,GCP,us-west4,Spot Preemptible A4 Nvidia B200 (1 gpu slice) running in Las Vegas,B200,1.0,spot,2.3416,2.3416,Cloud Billing Catalog API
2026-06-10,GCP,us-west8,A4 Nvidia B200 (1 gpu slice) attached to DWS Defined Duration VMs running in Phoenix,B200,1.0,ondemand,8.055,8.055,Cloud Billing Catalog API
2026-06-10,GCP,us-west8,DWS Calendar Mode A4 Nvidia B200 (1 gpu slice) in Phoenix,B200,1.0,ondemand,11.277,11.277,Cloud Billing Catalog API
2026-06-10,GCP,us-west8,H200 141GB GPU attached to DWS Defined Duration VMs running in Phoenix,H200,1.0,ondemand,4.575323,4.575323,Cloud Billing Catalog API
2026-06-10,GCP,us-west8,Nvidia H100 80GB GPU attached to Spot Preemptible VMs running in Phoenix,H100,1.0,spot,3.2275,3.2275,Cloud Billing Catalog API
2026-06-10,GCP,us-west8,Nvidia H100 80GB GPU running in Phoenix,H100,1.0,ondemand,9.796551000000001,9.796551000000001,Cloud Billing Catalog API
2026-06-10,GCP,us-west8,Nvidia L4 GPU attached to Spot Preemptible VMs running in Phoenix,L4,1.0,spot,0.133,0.133,Cloud Billing Catalog API
2026-06-10,GCP,us-west8,Nvidia L4 GPU running in Phoenix,L4,1.0,ondemand,0.5600402,0.5600402,Cloud Billing Catalog API
2026-06-10,GCP,us-west8,Nvidia Tesla A100 80GB GPU attached to Spot Preemptible VMs running in Phoenix,A100-80GB,1.0,spot,1.4926,1.4926,Cloud Billing Catalog API
2026-06-10,GCP,us-west8,Nvidia Tesla A100 80GB GPU running in Phoenix,A100-80GB,1.0,ondemand,3.92808,3.92808,Cloud Billing Catalog API
2026-06-10,GCP,us-west8,Nvidia Tesla A100 GPU attached to Spot Preemptible VMs running in Phoenix,A100,1.0,spot,0.6901,0.6901,Cloud Billing Catalog API
2026-06-10,GCP,us-west8,Nvidia Tesla A100 GPU running in Phoenix,A100,1.0,ondemand,2.9339079999999997,2.9339079999999997,Cloud Billing Catalog API
2026-06-10,GCP,us-west8,Nvidia Tesla P100 GPU attached to Spot Preemptible VMs running in Phoenix,P100,1.0,spot,0.3468,0.3468,Cloud Billing Catalog API
2026-06-10,GCP,us-west8,Nvidia Tesla P100 GPU running in Phoenix,P100,1.0,ondemand,1.46,1.46,Cloud Billing Catalog API
2026-06-10,GCP,us-west8,Nvidia Tesla P4 GPU attached to Spot Preemptible VMs running in Phoenix,P4,1.0,spot,0.1425,0.1425,Cloud Billing Catalog API
2026-06-10,GCP,us-west8,Nvidia Tesla P4 GPU running in Phoenix,P4,1.0,ondemand,0.6,0.6,Cloud Billing Catalog API
2026-06-10,GCP,us-west8,Nvidia Tesla T4 GPU attached to DWS Defined Duration VMs running in Phoenix,T4,1.0,ondemand,0.35,0.35,Cloud Billing Catalog API
2026-06-10,GCP,us-west8,Nvidia Tesla T4 GPU attached to Spot Preemptible VMs running in Phoenix,T4,1.0,spot,0.083,0.083,Cloud Billing Catalog API
2026-06-10,GCP,us-west8,Nvidia Tesla T4 GPU running in Phoenix,T4,1.0,ondemand,0.35,0.35,Cloud Billing Catalog API
2026-06-10,GCP,us-west8,Nvidia Tesla V100 GPU attached to Spot Preemptible VMs running in Phoenix,V100,1.0,spot,0.8489,0.8489,Cloud Billing Catalog API
2026-06-10,GCP,us-west8,Nvidia Tesla V100 GPU running in Phoenix,V100,1.0,ondemand,2.48,2.48,Cloud Billing Catalog API
2026-06-10,GCP,us-west8,Spot Preemptible A4 Nvidia B200 (1 gpu slice) running in Phoenix,B200,1.0,spot,8.055,8.055,Cloud Billing Catalog API
