snapshot_date,provider,region,sku,gpu_model,gpu_count,price_type,price_usd_hour,price_usd_per_gpu_hour,source
2026-08-10,AWS,af-south-1,g4dn.12xlarge,T4,4.0,ondemand,5.19,1.2975,instances.vantage.sh (AWS Price List mirror)
2026-08-10,AWS,af-south-1,g4dn.12xlarge,T4,4.0,spot,0.519,0.12975,instances.vantage.sh (AWS Price List mirror)
2026-08-10,AWS,af-south-1,g4dn.16xlarge,T4,1.0,ondemand,5.774,5.774,instances.vantage.sh (AWS Price List mirror)
2026-08-10,AWS,af-south-1,g4dn.16xlarge,T4,1.0,spot,0.5774,0.5774,instances.vantage.sh (AWS Price List mirror)
2026-08-10,AWS,af-south-1,g4dn.2xlarge,T4,1.0,ondemand,0.998,0.998,instances.vantage.sh (AWS Price List mirror)
2026-08-10,AWS,af-south-1,g4dn.2xlarge,T4,1.0,spot,0.15968,0.15968,instances.vantage.sh (AWS Price List mirror)
2026-08-10,AWS,af-south-1,g4dn.4xlarge,T4,1.0,ondemand,1.597,1.597,instances.vantage.sh (AWS Price List mirror)
2026-08-10,AWS,af-south-1,g4dn.4xlarge,T4,1.0,spot,0.35134,0.35134,instances.vantage.sh (AWS Price List mirror)
2026-08-10,AWS,af-south-1,g4dn.8xlarge,T4,1.0,ondemand,2.887,2.887,instances.vantage.sh (AWS Price List mirror)
2026-08-10,AWS,af-south-1,g4dn.8xlarge,T4,1.0,spot,0.31757,0.31757,instances.vantage.sh (AWS Price List mirror)
2026-08-10,AWS,af-south-1,g4dn.metal,T4,8.0,ondemand,10.381,1.297625,instances.vantage.sh (AWS Price List mirror)
2026-08-10,AWS,af-south-1,g4dn.metal,T4,8.0,spot,9.44671,1.18083875,instances.vantage.sh (AWS Price List mirror)
2026-08-10,AWS,af-south-1,g4dn.xlarge,T4,1.0,ondemand,0.698,0.698,instances.vantage.sh (AWS Price List mirror)
2026-08-10,AWS,af-south-1,g4dn.xlarge,T4,1.0,spot,0.16054,0.16054,instances.vantage.sh (AWS Price List mirror)
2026-08-10,AWS,af-south-1-los-1,g4dn.2xlarge,T4,1.0,ondemand,1.247,1.247,instances.vantage.sh (AWS Price List mirror)
2026-08-10,AWS,ap-east-1,g4dn.12xlarge,T4,4.0,ondemand,6.024,1.506,instances.vantage.sh (AWS Price List mirror)
2026-08-10,AWS,ap-east-1,g4dn.12xlarge,T4,4.0,spot,3.3132,0.8283,instances.vantage.sh (AWS Price List mirror)
2026-08-10,AWS,ap-east-1,g4dn.16xlarge,T4,1.0,ondemand,6.702,6.702,instances.vantage.sh (AWS Price List mirror)
2026-08-10,AWS,ap-east-1,g4dn.16xlarge,T4,1.0,spot,0.6702,0.6702,instances.vantage.sh (AWS Price List mirror)
2026-08-10,AWS,ap-east-1,g4dn.2xlarge,T4,1.0,ondemand,1.158,1.158,instances.vantage.sh (AWS Price List mirror)
2026-08-10,AWS,ap-east-1,g4dn.2xlarge,T4,1.0,spot,0.30108,0.30108,instances.vantage.sh (AWS Price List mirror)
2026-08-10,AWS,ap-east-1,g4dn.4xlarge,T4,1.0,ondemand,1.854,1.854,instances.vantage.sh (AWS Price List mirror)
2026-08-10,AWS,ap-east-1,g4dn.4xlarge,T4,1.0,spot,0.31518,0.31518,instances.vantage.sh (AWS Price List mirror)
2026-08-10,AWS,ap-east-1,g4dn.8xlarge,T4,1.0,ondemand,3.351,3.351,instances.vantage.sh (AWS Price List mirror)
2026-08-10,AWS,ap-east-1,g4dn.8xlarge,T4,1.0,spot,0.40212,0.40212,instances.vantage.sh (AWS Price List mirror)
2026-08-10,AWS,ap-east-1,g4dn.metal,T4,8.0,ondemand,12.048,1.506,instances.vantage.sh (AWS Price List mirror)
2026-08-10,AWS,ap-east-1,g4dn.metal,T4,8.0,spot,7.8312,0.9789,instances.vantage.sh (AWS Price List mirror)
2026-08-10,AWS,ap-east-1,g4dn.xlarge,T4,1.0,ondemand,0.81,0.81,instances.vantage.sh (AWS Price List mirror)
2026-08-10,AWS,ap-east-1,g4dn.xlarge,T4,1.0,spot,0.162,0.162,instances.vantage.sh (AWS Price List mirror)
2026-08-10,AWS,ap-east-1,g5.12xlarge,A10G,4.0,ondemand,8.7324,2.1831,instances.vantage.sh (AWS Price List mirror)
2026-08-10,AWS,ap-east-1,g5.12xlarge,A10G,4.0,spot,1.833804,0.458451,instances.vantage.sh (AWS Price List mirror)
2026-08-10,AWS,ap-east-1,g5.16xlarge,A10G,1.0,ondemand,6.30605,6.30605,instances.vantage.sh (AWS Price List mirror)
2026-08-10,AWS,ap-east-1,g5.16xlarge,A10G,1.0,spot,1.450392,1.450392,instances.vantage.sh (AWS Price List mirror)
2026-08-10,AWS,ap-east-1,g5.24xlarge,A10G,4.0,ondemand,12.5382,3.13455,instances.vantage.sh (AWS Price List mirror)
2026-08-10,AWS,ap-east-1,g5.24xlarge,A10G,4.0,spot,11.409762,2.8524405,instances.vantage.sh (AWS Price List mirror)
2026-08-10,AWS,ap-east-1,g5.2xlarge,A10G,1.0,ondemand,1.86595,1.86595,instances.vantage.sh (AWS Price List mirror)
2026-08-10,AWS,ap-east-1,g5.2xlarge,A10G,1.0,spot,0.410509,0.410509,instances.vantage.sh (AWS Price List mirror)
2026-08-10,AWS,ap-east-1,g5.48xlarge,A10G,8.0,ondemand,25.0764,3.13455,instances.vantage.sh (AWS Price List mirror)
2026-08-10,AWS,ap-east-1,g5.48xlarge,A10G,8.0,spot,12.5382,1.567275,instances.vantage.sh (AWS Price List mirror)
2026-08-10,AWS,ap-east-1,g5.4xlarge,A10G,1.0,ondemand,2.50025,2.50025,instances.vantage.sh (AWS Price List mirror)
2026-08-10,AWS,ap-east-1,g5.4xlarge,A10G,1.0,spot,2.10021,2.10021,instances.vantage.sh (AWS Price List mirror)
2026-08-10,AWS,ap-east-1,g5.8xlarge,A10G,1.0,ondemand,3.76885,3.76885,instances.vantage.sh (AWS Price List mirror)
2026-08-10,AWS,ap-east-1,g5.8xlarge,A10G,1.0,spot,1.055278,1.055278,instances.vantage.sh (AWS Price List mirror)
2026-08-10,AWS,ap-east-1,g5.xlarge,A10G,1.0,ondemand,1.5488,1.5488,instances.vantage.sh (AWS Price List mirror)
2026-08-10,AWS,ap-east-1,g5.xlarge,A10G,1.0,spot,0.3872,0.3872,instances.vantage.sh (AWS Price List mirror)
2026-08-10,AWS,ap-northeast-1,g2.2xlarge,K520,1.0,ondemand,0.898,0.898,instances.vantage.sh (AWS Price List mirror)
2026-08-10,AWS,ap-northeast-1,g2.8xlarge,K520,4.0,ondemand,3.592,0.898,instances.vantage.sh (AWS Price List mirror)
2026-08-10,AWS,ap-northeast-1,g3.16xlarge,M60,4.0,ondemand,6.32,1.58,instances.vantage.sh (AWS Price List mirror)
2026-08-10,AWS,ap-northeast-1,g3.4xlarge,M60,1.0,ondemand,1.58,1.58,instances.vantage.sh (AWS Price List mirror)
2026-08-10,AWS,ap-northeast-1,g3.8xlarge,M60,2.0,ondemand,3.16,1.58,instances.vantage.sh (AWS Price List mirror)
2026-08-10,AWS,ap-northeast-1,g3s.xlarge,M60,1.0,ondemand,1.04,1.04,instances.vantage.sh (AWS Price List mirror)
2026-08-10,AWS,ap-northeast-1,g4ad.16xlarge,V520,4.0,ondemand,4.68,1.17,instances.vantage.sh (AWS Price List mirror)
2026-08-10,AWS,ap-northeast-1,g4ad.16xlarge,V520,4.0,spot,2.3065,0.576625,instances.vantage.sh (AWS Price List mirror)
2026-08-10,AWS,ap-northeast-1,g4ad.2xlarge,V520,1.0,ondemand,0.7303,0.7303,instances.vantage.sh (AWS Price List mirror)
2026-08-10,AWS,ap-northeast-1,g4ad.2xlarge,V520,1.0,spot,0.319133,0.319133,instances.vantage.sh (AWS Price List mirror)
2026-08-10,AWS,ap-northeast-1,g4ad.4xlarge,V520,1.0,ondemand,1.17,1.17,instances.vantage.sh (AWS Price List mirror)
2026-08-10,AWS,ap-northeast-1,g4ad.4xlarge,V520,1.0,spot,0.637767,0.637767,instances.vantage.sh (AWS Price List mirror)
2026-08-10,AWS,ap-northeast-1,g4ad.8xlarge,V520,2.0,ondemand,2.34,1.17,instances.vantage.sh (AWS Price List mirror)
2026-08-10,AWS,ap-northeast-1,g4ad.8xlarge,V520,2.0,spot,1.010533,0.5052665,instances.vantage.sh (AWS Price List mirror)
2026-08-10,AWS,ap-northeast-1,g4ad.xlarge,V520,1.0,ondemand,0.51082,0.51082,instances.vantage.sh (AWS Price List mirror)
2026-08-10,AWS,ap-northeast-1,g4ad.xlarge,V520,1.0,spot,0.240533,0.240533,instances.vantage.sh (AWS Price List mirror)
2026-08-10,AWS,ap-northeast-1,g4dn.12xlarge,T4,4.0,ondemand,5.281,1.32025,instances.vantage.sh (AWS Price List mirror)
2026-08-10,AWS,ap-northeast-1,g4dn.12xlarge,T4,4.0,spot,2.5752,0.6438,instances.vantage.sh (AWS Price List mirror)
2026-08-10,AWS,ap-northeast-1,g4dn.16xlarge,T4,1.0,ondemand,5.875,5.875,instances.vantage.sh (AWS Price List mirror)
2026-08-10,AWS,ap-northeast-1,g4dn.16xlarge,T4,1.0,spot,1.6777,1.6777,instances.vantage.sh (AWS Price List mirror)
2026-08-10,AWS,ap-northeast-1,g4dn.2xlarge,T4,1.0,ondemand,1.015,1.015,instances.vantage.sh (AWS Price List mirror)
2026-08-10,AWS,ap-northeast-1,g4dn.2xlarge,T4,1.0,spot,0.469233,0.469233,instances.vantage.sh (AWS Price List mirror)
2026-08-10,AWS,ap-northeast-1,g4dn.4xlarge,T4,1.0,ondemand,1.625,1.625,instances.vantage.sh (AWS Price List mirror)
2026-08-10,AWS,ap-northeast-1,g4dn.4xlarge,T4,1.0,spot,0.602567,0.602567,instances.vantage.sh (AWS Price List mirror)
2026-08-10,AWS,ap-northeast-1,g4dn.8xlarge,T4,1.0,ondemand,2.938,2.938,instances.vantage.sh (AWS Price List mirror)
2026-08-10,AWS,ap-northeast-1,g4dn.8xlarge,T4,1.0,spot,1.1076,1.1076,instances.vantage.sh (AWS Price List mirror)
2026-08-10,AWS,ap-northeast-1,g4dn.metal,T4,8.0,ondemand,10.562,1.32025,instances.vantage.sh (AWS Price List mirror)
2026-08-10,AWS,ap-northeast-1,g4dn.metal,T4,8.0,spot,3.887333,0.485916625,instances.vantage.sh (AWS Price List mirror)
2026-08-10,AWS,ap-northeast-1,g4dn.xlarge,T4,1.0,ondemand,0.71,0.71,instances.vantage.sh (AWS Price List mirror)
2026-08-10,AWS,ap-northeast-1,g4dn.xlarge,T4,1.0,spot,0.300567,0.300567,instances.vantage.sh (AWS Price List mirror)
2026-08-10,AWS,ap-northeast-1,g5.12xlarge,A10G,4.0,ondemand,8.22609,2.0565225,instances.vantage.sh (AWS Price List mirror)
2026-08-10,AWS,ap-northeast-1,g5.12xlarge,A10G,4.0,spot,2.98335,0.7458375,instances.vantage.sh (AWS Price List mirror)
2026-08-10,AWS,ap-northeast-1,g5.16xlarge,A10G,1.0,ondemand,5.94042,5.94042,instances.vantage.sh (AWS Price List mirror)
2026-08-10,AWS,ap-northeast-1,g5.16xlarge,A10G,1.0,spot,1.3689,1.3689,instances.vantage.sh (AWS Price List mirror)
2026-08-10,AWS,ap-northeast-1,g5.24xlarge,A10G,4.0,ondemand,11.81123,2.9528075,instances.vantage.sh (AWS Price List mirror)
2026-08-10,AWS,ap-northeast-1,g5.24xlarge,A10G,4.0,spot,11.8112,2.9528,instances.vantage.sh (AWS Price List mirror)
2026-08-10,AWS,ap-northeast-1,g5.2xlarge,A10G,1.0,ondemand,1.75776,1.75776,instances.vantage.sh (AWS Price List mirror)
2026-08-10,AWS,ap-northeast-1,g5.2xlarge,A10G,1.0,spot,0.84515,0.84515,instances.vantage.sh (AWS Price List mirror)
2026-08-10,AWS,ap-northeast-1,g5.48xlarge,A10G,8.0,ondemand,23.62246,2.9528075,instances.vantage.sh (AWS Price List mirror)
2026-08-10,AWS,ap-northeast-1,g5.48xlarge,A10G,8.0,spot,15.6275,1.9534375,instances.vantage.sh (AWS Price List mirror)
2026-08-10,AWS,ap-northeast-1,g5.4xlarge,A10G,1.0,ondemand,2.35528,2.35528,instances.vantage.sh (AWS Price List mirror)
2026-08-10,AWS,ap-northeast-1,g5.4xlarge,A10G,1.0,spot,0.953,0.953,instances.vantage.sh (AWS Price List mirror)
2026-08-10,AWS,ap-northeast-1,g5.8xlarge,A10G,1.0,ondemand,3.55033,3.55033,instances.vantage.sh (AWS Price List mirror)
2026-08-10,AWS,ap-northeast-1,g5.8xlarge,A10G,1.0,spot,1.4214,1.4214,instances.vantage.sh (AWS Price List mirror)
2026-08-10,AWS,ap-northeast-1,g5.xlarge,A10G,1.0,ondemand,1.459,1.459,instances.vantage.sh (AWS Price List mirror)
2026-08-10,AWS,ap-northeast-1,g5.xlarge,A10G,1.0,spot,0.9787,0.9787,instances.vantage.sh (AWS Price List mirror)
2026-08-10,AWS,ap-northeast-1,g5g.16xlarge,T4G,2.0,ondemand,3.7039,1.85195,instances.vantage.sh (AWS Price List mirror)
2026-08-10,AWS,ap-northeast-1,g5g.16xlarge,T4G,2.0,spot,0.5616,0.2808,instances.vantage.sh (AWS Price List mirror)
2026-08-10,AWS,ap-northeast-1,g5g.2xlarge,T4G,1.0,ondemand,0.7505,0.7505,instances.vantage.sh (AWS Price List mirror)
2026-08-10,AWS,ap-northeast-1,g5g.2xlarge,T4G,1.0,spot,0.20315,0.20315,instances.vantage.sh (AWS Price List mirror)
2026-08-10,AWS,ap-northeast-1,g5g.4xlarge,T4G,1.0,ondemand,1.1176,1.1176,instances.vantage.sh (AWS Price List mirror)
2026-08-10,AWS,ap-northeast-1,g5g.4xlarge,T4G,1.0,spot,0.3247,0.3247,instances.vantage.sh (AWS Price List mirror)
2026-08-10,AWS,ap-northeast-1,g5g.8xlarge,T4G,1.0,ondemand,1.8519,1.8519,instances.vantage.sh (AWS Price List mirror)
2026-08-10,AWS,ap-northeast-1,g5g.8xlarge,T4G,1.0,spot,0.2984,0.2984,instances.vantage.sh (AWS Price List mirror)
2026-08-10,AWS,ap-northeast-1,g5g.metal,T4G,2.0,ondemand,3.7039,1.85195,instances.vantage.sh (AWS Price List mirror)
2026-08-10,AWS,ap-northeast-1,g5g.metal,T4G,2.0,spot,0.4945,0.24725,instances.vantage.sh (AWS Price List mirror)
2026-08-10,AWS,ap-northeast-1,g5g.xlarge,T4G,1.0,ondemand,0.5669,0.5669,instances.vantage.sh (AWS Price List mirror)
2026-08-10,AWS,ap-northeast-1,g5g.xlarge,T4G,1.0,spot,0.11805,0.11805,instances.vantage.sh (AWS Price List mirror)
2026-08-10,AWS,ap-northeast-1,g6.12xlarge,L4,4.0,ondemand,6.67369,1.6684225,instances.vantage.sh (AWS Price List mirror)
2026-08-10,AWS,ap-northeast-1,g6.12xlarge,L4,4.0,spot,2.26355,0.5658875,instances.vantage.sh (AWS Price List mirror)
2026-08-10,AWS,ap-northeast-1,g6.16xlarge,L4,1.0,ondemand,4.92637,4.92637,instances.vantage.sh (AWS Price List mirror)
2026-08-10,AWS,ap-northeast-1,g6.16xlarge,L4,1.0,spot,1.67455,1.67455,instances.vantage.sh (AWS Price List mirror)
2026-08-10,AWS,ap-northeast-1,g6.24xlarge,L4,4.0,ondemand,9.68103,2.4202575,instances.vantage.sh (AWS Price List mirror)
2026-08-10,AWS,ap-northeast-1,g6.24xlarge,L4,4.0,spot,3.0822,0.77055,instances.vantage.sh (AWS Price List mirror)
2026-08-10,AWS,ap-northeast-1,g6.2xlarge,L4,1.0,ondemand,1.41781,1.41781,instances.vantage.sh (AWS Price List mirror)
2026-08-10,AWS,ap-northeast-1,g6.2xlarge,L4,1.0,spot,0.5678,0.5678,instances.vantage.sh (AWS Price List mirror)
2026-08-10,AWS,ap-northeast-1,g6.48xlarge,L4,8.0,ondemand,19.36206,2.4202575,instances.vantage.sh (AWS Price List mirror)
2026-08-10,AWS,ap-northeast-1,g6.48xlarge,L4,8.0,spot,6.4105,0.8013125,instances.vantage.sh (AWS Price List mirror)
2026-08-10,AWS,ap-northeast-1,g6.4xlarge,L4,1.0,ondemand,1.91903,1.91903,instances.vantage.sh (AWS Price List mirror)
2026-08-10,AWS,ap-northeast-1,g6.4xlarge,L4,1.0,spot,0.65605,0.65605,instances.vantage.sh (AWS Price List mirror)
2026-08-10,AWS,ap-northeast-1,g6.8xlarge,L4,1.0,ondemand,2.92148,2.92148,instances.vantage.sh (AWS Price List mirror)
2026-08-10,AWS,ap-northeast-1,g6.8xlarge,L4,1.0,spot,1.0545,1.0545,instances.vantage.sh (AWS Price List mirror)
2026-08-10,AWS,ap-northeast-1,g6.xlarge,L4,1.0,ondemand,1.1672,1.1672,instances.vantage.sh (AWS Price List mirror)
2026-08-10,AWS,ap-northeast-1,g6.xlarge,L4,1.0,spot,0.5455,0.5455,instances.vantage.sh (AWS Price List mirror)
2026-08-10,AWS,ap-northeast-1,g6e.12xlarge,L40S,4.0,ondemand,15.21742,3.804355,instances.vantage.sh (AWS Price List mirror)
2026-08-10,AWS,ap-northeast-1,g6e.12xlarge,L40S,4.0,spot,5.09175,1.2729375,instances.vantage.sh (AWS Price List mirror)
2026-08-10,AWS,ap-northeast-1,g6e.16xlarge,L40S,1.0,ondemand,10.98917,10.98917,instances.vantage.sh (AWS Price List mirror)
2026-08-10,AWS,ap-northeast-1,g6e.16xlarge,L40S,1.0,spot,1.92325,1.92325,instances.vantage.sh (AWS Price List mirror)
2026-08-10,AWS,ap-northeast-1,g6e.24xlarge,L40S,4.0,ondemand,21.84956,5.46239,instances.vantage.sh (AWS Price List mirror)
2026-08-10,AWS,ap-northeast-1,g6e.24xlarge,L40S,4.0,spot,4.80385,1.2009625,instances.vantage.sh (AWS Price List mirror)
2026-08-10,AWS,ap-northeast-1,g6e.2xlarge,L40S,1.0,ondemand,3.25168,3.25168,instances.vantage.sh (AWS Price List mirror)
2026-08-10,AWS,ap-northeast-1,g6e.2xlarge,L40S,1.0,spot,1.1364,1.1364,instances.vantage.sh (AWS Price List mirror)
2026-08-10,AWS,ap-northeast-1,g6e.48xlarge,L40S,8.0,ondemand,43.69912,5.46239,instances.vantage.sh (AWS Price List mirror)
2026-08-10,AWS,ap-northeast-1,g6e.48xlarge,L40S,8.0,spot,11.9489,1.4936125,instances.vantage.sh (AWS Price List mirror)
2026-08-10,AWS,ap-northeast-1,g6e.4xlarge,L40S,1.0,ondemand,4.35703,4.35703,instances.vantage.sh (AWS Price List mirror)
2026-08-10,AWS,ap-northeast-1,g6e.4xlarge,L40S,1.0,spot,1.5877,1.5877,instances.vantage.sh (AWS Price List mirror)
2026-08-10,AWS,ap-northeast-1,g6e.8xlarge,L40S,1.0,ondemand,6.56775,6.56775,instances.vantage.sh (AWS Price List mirror)
2026-08-10,AWS,ap-northeast-1,g6e.8xlarge,L40S,1.0,spot,1.88315,1.88315,instances.vantage.sh (AWS Price List mirror)
2026-08-10,AWS,ap-northeast-1,g6e.xlarge,L40S,1.0,ondemand,2.699,2.699,instances.vantage.sh (AWS Price List mirror)
2026-08-10,AWS,ap-northeast-1,g6e.xlarge,L40S,1.0,spot,1.11945,1.11945,instances.vantage.sh (AWS Price List mirror)
2026-08-10,AWS,ap-northeast-1,g6f.2xlarge,L4,0.25,ondemand,0.68888,2.75552,instances.vantage.sh (AWS Price List mirror)
2026-08-10,AWS,ap-northeast-1,g6f.2xlarge,L4,0.25,spot,0.19695,0.7878,instances.vantage.sh (AWS Price List mirror)
2026-08-10,AWS,ap-northeast-1,g6f.4xlarge,L4,0.5,ondemand,1.37776,2.75552,instances.vantage.sh (AWS Price List mirror)
2026-08-10,AWS,ap-northeast-1,g6f.4xlarge,L4,0.5,spot,0.42255,0.8451,instances.vantage.sh (AWS Price List mirror)
2026-08-10,AWS,ap-northeast-1,g6f.large,L4,0.125,ondemand,0.29296,2.34368,instances.vantage.sh (AWS Price List mirror)
2026-08-10,AWS,ap-northeast-1,g6f.large,L4,0.125,spot,0.06405,0.5124,instances.vantage.sh (AWS Price List mirror)
2026-08-10,AWS,ap-northeast-1,g6f.xlarge,L4,0.125,ondemand,0.34444,2.75552,instances.vantage.sh (AWS Price List mirror)
2026-08-10,AWS,ap-northeast-1,g6f.xlarge,L4,0.125,spot,0.09925,0.794,instances.vantage.sh (AWS Price List mirror)
2026-08-10,AWS,ap-northeast-1,g7e.12xlarge,NVIDIA RTX PRO 6000 Blackwell,2.0,ondemand,12.01727,6.008635,instances.vantage.sh (AWS Price List mirror)
2026-08-10,AWS,ap-northeast-1,g7e.12xlarge,NVIDIA RTX PRO 6000 Blackwell,2.0,spot,4.0951,2.04755,instances.vantage.sh (AWS Price List mirror)
2026-08-10,AWS,ap-northeast-1,g7e.24xlarge,NVIDIA RTX PRO 6000 Blackwell,4.0,ondemand,24.03454,6.008635,instances.vantage.sh (AWS Price List mirror)
2026-08-10,AWS,ap-northeast-1,g7e.24xlarge,NVIDIA RTX PRO 6000 Blackwell,4.0,spot,6.8144,1.7036,instances.vantage.sh (AWS Price List mirror)
2026-08-10,AWS,ap-northeast-1,g7e.2xlarge,NVIDIA RTX PRO 6000 Blackwell,1.0,ondemand,4.87752,4.87752,instances.vantage.sh (AWS Price List mirror)
2026-08-10,AWS,ap-northeast-1,g7e.2xlarge,NVIDIA RTX PRO 6000 Blackwell,1.0,spot,2.08755,2.08755,instances.vantage.sh (AWS Price List mirror)
2026-08-10,AWS,ap-northeast-1,g7e.48xlarge,NVIDIA RTX PRO 6000 Blackwell,8.0,ondemand,48.06908,6.008635,instances.vantage.sh (AWS Price List mirror)
2026-08-10,AWS,ap-northeast-1,g7e.48xlarge,NVIDIA RTX PRO 6000 Blackwell,8.0,spot,15.8635,1.9829375,instances.vantage.sh (AWS Price List mirror)
2026-08-10,AWS,ap-northeast-1,g7e.4xlarge,NVIDIA RTX PRO 6000 Blackwell,1.0,ondemand,5.79852,5.79852,instances.vantage.sh (AWS Price List mirror)
2026-08-10,AWS,ap-northeast-1,g7e.4xlarge,NVIDIA RTX PRO 6000 Blackwell,1.0,spot,2.2876,2.2876,instances.vantage.sh (AWS Price List mirror)
2026-08-10,AWS,ap-northeast-1,g7e.8xlarge,NVIDIA RTX PRO 6000 Blackwell,1.0,ondemand,7.64051,7.64051,instances.vantage.sh (AWS Price List mirror)
2026-08-10,AWS,ap-northeast-1,g7e.8xlarge,NVIDIA RTX PRO 6000 Blackwell,1.0,spot,2.6854,2.6854,instances.vantage.sh (AWS Price List mirror)
2026-08-10,AWS,ap-northeast-1,gr6.4xlarge,L4,1.0,ondemand,2.2323,2.2323,instances.vantage.sh (AWS Price List mirror)
2026-08-10,AWS,ap-northeast-1,gr6.4xlarge,L4,1.0,spot,0.7334,0.7334,instances.vantage.sh (AWS Price List mirror)
2026-08-10,AWS,ap-northeast-1,gr6.8xlarge,L4,1.0,ondemand,3.54801,3.54801,instances.vantage.sh (AWS Price List mirror)
2026-08-10,AWS,ap-northeast-1,gr6.8xlarge,L4,1.0,spot,1.1781,1.1781,instances.vantage.sh (AWS Price List mirror)
2026-08-10,AWS,ap-northeast-1,gr6f.4xlarge,L4,0.5,ondemand,1.54602,3.09204,instances.vantage.sh (AWS Price List mirror)
2026-08-10,AWS,ap-northeast-1,gr6f.4xlarge,L4,0.5,spot,0.4443,0.8886,instances.vantage.sh (AWS Price List mirror)
2026-08-10,AWS,ap-northeast-1,p2.16xlarge,K80,16.0,ondemand,24.672,1.542,instances.vantage.sh (AWS Price List mirror)
2026-08-10,AWS,ap-northeast-1,p2.8xlarge,K80,8.0,ondemand,12.336,1.542,instances.vantage.sh (AWS Price List mirror)
2026-08-10,AWS,ap-northeast-1,p2.xlarge,K80,1.0,ondemand,1.542,1.542,instances.vantage.sh (AWS Price List mirror)
2026-08-10,AWS,ap-northeast-1,p3.16xlarge,V100,8.0,ondemand,33.552,4.194,instances.vantage.sh (AWS Price List mirror)
2026-08-10,AWS,ap-northeast-1,p3.16xlarge,V100,8.0,spot,18.4536,2.3067,instances.vantage.sh (AWS Price List mirror)
2026-08-10,AWS,ap-northeast-1,p3.2xlarge,V100,1.0,ondemand,4.194,4.194,instances.vantage.sh (AWS Price List mirror)
2026-08-10,AWS,ap-northeast-1,p3.2xlarge,V100,1.0,spot,4.194,4.194,instances.vantage.sh (AWS Price List mirror)
2026-08-10,AWS,ap-northeast-1,p3.8xlarge,V100,4.0,ondemand,16.776,4.194,instances.vantage.sh (AWS Price List mirror)
2026-08-10,AWS,ap-northeast-1,p3.8xlarge,V100,4.0,spot,5.8716,1.4679,instances.vantage.sh (AWS Price List mirror)
2026-08-10,AWS,ap-northeast-1,p3dn.24xlarge,V100,8.0,ondemand,42.783,5.347875,instances.vantage.sh (AWS Price List mirror)
2026-08-10,AWS,ap-northeast-1,p3dn.24xlarge,V100,8.0,spot,12.5819,1.5727375,instances.vantage.sh (AWS Price List mirror)
2026-08-10,AWS,ap-northeast-1,p4d.24xlarge,A100,8.0,ondemand,30.09784,3.76223,instances.vantage.sh (AWS Price List mirror)
2026-08-10,AWS,ap-northeast-1,p4d.24xlarge,A100,8.0,spot,20.45235,2.55654375,instances.vantage.sh (AWS Price List mirror)
2026-08-10,AWS,ap-northeast-1,p4de.24xlarge,A100,8.0,ondemand,37.6223,4.7027875,instances.vantage.sh (AWS Price List mirror)
2026-08-10,AWS,ap-northeast-1,p4de.24xlarge,A100,8.0,spot,15.5322,1.941525,instances.vantage.sh (AWS Price List mirror)
2026-08-10,AWS,ap-northeast-1,p5.48xlarge,H100,8.0,ondemand,68.8,8.6,instances.vantage.sh (AWS Price List mirror)
2026-08-10,AWS,ap-northeast-1,p5.48xlarge,H100,8.0,spot,21.78105,2.72263125,instances.vantage.sh (AWS Price List mirror)
2026-08-10,AWS,ap-northeast-1,p5.4xlarge,H100,1.0,ondemand,8.6,8.6,instances.vantage.sh (AWS Price List mirror)
2026-08-10,AWS,ap-northeast-1,p5.4xlarge,H100,1.0,spot,8.6,8.6,instances.vantage.sh (AWS Price List mirror)
2026-08-10,AWS,ap-northeast-1,p5en.48xlarge,H200,8.0,ondemand,79.12,9.89,instances.vantage.sh (AWS Price List mirror)
2026-08-10,AWS,ap-northeast-1,p5en.48xlarge,H200,8.0,spot,44.3263,5.5407875,instances.vantage.sh (AWS Price List mirror)
2026-08-10,AWS,ap-northeast-1-tpe-1,g4dn.2xlarge,T4,1.0,ondemand,1.371,1.371,instances.vantage.sh (AWS Price List mirror)
2026-08-10,AWS,ap-northeast-1-wl1-kix1,g4dn.2xlarge,T4,1.0,ondemand,1.777,1.777,instances.vantage.sh (AWS Price List mirror)
2026-08-10,AWS,ap-northeast-1-wl1-nrt1,g4dn.2xlarge,T4,1.0,ondemand,1.777,1.777,instances.vantage.sh (AWS Price List mirror)
2026-08-10,AWS,ap-northeast-2,g2.2xlarge,K520,1.0,ondemand,0.898,0.898,instances.vantage.sh (AWS Price List mirror)
2026-08-10,AWS,ap-northeast-2,g2.8xlarge,K520,4.0,ondemand,3.592,0.898,instances.vantage.sh (AWS Price List mirror)
2026-08-10,AWS,ap-northeast-2,g3.16xlarge,M60,4.0,ondemand,5.68,1.42,instances.vantage.sh (AWS Price List mirror)
2026-08-10,AWS,ap-northeast-2,g3.4xlarge,M60,1.0,ondemand,1.42,1.42,instances.vantage.sh (AWS Price List mirror)
2026-08-10,AWS,ap-northeast-2,g3.8xlarge,M60,2.0,ondemand,2.84,1.42,instances.vantage.sh (AWS Price List mirror)
2026-08-10,AWS,ap-northeast-2,g3s.xlarge,M60,1.0,ondemand,0.934,0.934,instances.vantage.sh (AWS Price List mirror)
2026-08-10,AWS,ap-northeast-2,g4dn.12xlarge,T4,4.0,ondemand,4.812,1.203,instances.vantage.sh (AWS Price List mirror)
2026-08-10,AWS,ap-northeast-2,g4dn.12xlarge,T4,4.0,spot,2.535833,0.63395825,instances.vantage.sh (AWS Price List mirror)
2026-08-10,AWS,ap-northeast-2,g4dn.16xlarge,T4,1.0,ondemand,5.353,5.353,instances.vantage.sh (AWS Price List mirror)
2026-08-10,AWS,ap-northeast-2,g4dn.16xlarge,T4,1.0,spot,1.077433,1.077433,instances.vantage.sh (AWS Price List mirror)
2026-08-10,AWS,ap-northeast-2,g4dn.2xlarge,T4,1.0,ondemand,0.925,0.925,instances.vantage.sh (AWS Price List mirror)
2026-08-10,AWS,ap-northeast-2,g4dn.2xlarge,T4,1.0,spot,0.303633,0.303633,instances.vantage.sh (AWS Price List mirror)
2026-08-10,AWS,ap-northeast-2,g4dn.4xlarge,T4,1.0,ondemand,1.481,1.481,instances.vantage.sh (AWS Price List mirror)
2026-08-10,AWS,ap-northeast-2,g4dn.4xlarge,T4,1.0,spot,0.5192,0.5192,instances.vantage.sh (AWS Price List mirror)
2026-08-10,AWS,ap-northeast-2,g4dn.8xlarge,T4,1.0,ondemand,2.677,2.677,instances.vantage.sh (AWS Price List mirror)
2026-08-10,AWS,ap-northeast-2,g4dn.8xlarge,T4,1.0,spot,0.6511,0.6511,instances.vantage.sh (AWS Price List mirror)
2026-08-10,AWS,ap-northeast-2,g4dn.metal,T4,8.0,ondemand,9.624,1.203,instances.vantage.sh (AWS Price List mirror)
2026-08-10,AWS,ap-northeast-2,g4dn.metal,T4,8.0,spot,3.474,0.43425,instances.vantage.sh (AWS Price List mirror)
2026-08-10,AWS,ap-northeast-2,g4dn.xlarge,T4,1.0,ondemand,0.647,0.647,instances.vantage.sh (AWS Price List mirror)
2026-08-10,AWS,ap-northeast-2,g4dn.xlarge,T4,1.0,spot,0.294867,0.294867,instances.vantage.sh (AWS Price List mirror)
2026-08-10,AWS,ap-northeast-2,g5.12xlarge,A10G,4.0,ondemand,6.97442,1.743605,instances.vantage.sh (AWS Price List mirror)
2026-08-10,AWS,ap-northeast-2,g5.12xlarge,A10G,4.0,spot,3.0658,0.76645,instances.vantage.sh (AWS Price List mirror)
2026-08-10,AWS,ap-northeast-2,g5.16xlarge,A10G,1.0,ondemand,5.03653,5.03653,instances.vantage.sh (AWS Price List mirror)
2026-08-10,AWS,ap-northeast-2,g5.16xlarge,A10G,1.0,spot,1.389267,1.389267,instances.vantage.sh (AWS Price List mirror)
2026-08-10,AWS,ap-northeast-2,g5.24xlarge,A10G,4.0,ondemand,10.01404,2.50351,instances.vantage.sh (AWS Price List mirror)
2026-08-10,AWS,ap-northeast-2,g5.24xlarge,A10G,4.0,spot,3.556233,0.88905825,instances.vantage.sh (AWS Price List mirror)
2026-08-10,AWS,ap-northeast-2,g5.2xlarge,A10G,1.0,ondemand,1.4903,1.4903,instances.vantage.sh (AWS Price List mirror)
2026-08-10,AWS,ap-northeast-2,g5.2xlarge,A10G,1.0,spot,0.4306,0.4306,instances.vantage.sh (AWS Price List mirror)
2026-08-10,AWS,ap-northeast-2,g5.48xlarge,A10G,8.0,ondemand,20.02809,2.50351125,instances.vantage.sh (AWS Price List mirror)
2026-08-10,AWS,ap-northeast-2,g5.48xlarge,A10G,8.0,spot,7.949,0.993625,instances.vantage.sh (AWS Price List mirror)
2026-08-10,AWS,ap-northeast-2,g5.4xlarge,A10G,1.0,ondemand,1.99691,1.99691,instances.vantage.sh (AWS Price List mirror)
2026-08-10,AWS,ap-northeast-2,g5.4xlarge,A10G,1.0,spot,0.638133,0.638133,instances.vantage.sh (AWS Price List mirror)
2026-08-10,AWS,ap-northeast-2,g5.8xlarge,A10G,1.0,ondemand,3.01012,3.01012,instances.vantage.sh (AWS Price List mirror)
2026-08-10,AWS,ap-northeast-2,g5.8xlarge,A10G,1.0,spot,0.940467,0.940467,instances.vantage.sh (AWS Price List mirror)
2026-08-10,AWS,ap-northeast-2,g5.xlarge,A10G,1.0,ondemand,1.237,1.237,instances.vantage.sh (AWS Price List mirror)
2026-08-10,AWS,ap-northeast-2,g5.xlarge,A10G,1.0,spot,0.4463,0.4463,instances.vantage.sh (AWS Price List mirror)
2026-08-10,AWS,ap-northeast-2,g5g.16xlarge,T4G,2.0,ondemand,3.3752,1.6876,instances.vantage.sh (AWS Price List mirror)
2026-08-10,AWS,ap-northeast-2,g5g.16xlarge,T4G,2.0,spot,0.38795,0.193975,instances.vantage.sh (AWS Price List mirror)
2026-08-10,AWS,ap-northeast-2,g5g.2xlarge,T4G,1.0,ondemand,0.6839,0.6839,instances.vantage.sh (AWS Price List mirror)
2026-08-10,AWS,ap-northeast-2,g5g.2xlarge,T4G,1.0,spot,0.1875,0.1875,instances.vantage.sh (AWS Price List mirror)
2026-08-10,AWS,ap-northeast-2,g5g.4xlarge,T4G,1.0,ondemand,1.0185,1.0185,instances.vantage.sh (AWS Price List mirror)
2026-08-10,AWS,ap-northeast-2,g5g.4xlarge,T4G,1.0,spot,0.274,0.274,instances.vantage.sh (AWS Price List mirror)
2026-08-10,AWS,ap-northeast-2,g5g.8xlarge,T4G,1.0,ondemand,1.6876,1.6876,instances.vantage.sh (AWS Price List mirror)
2026-08-10,AWS,ap-northeast-2,g5g.8xlarge,T4G,1.0,spot,0.47795,0.47795,instances.vantage.sh (AWS Price List mirror)
2026-08-10,AWS,ap-northeast-2,g5g.metal,T4G,2.0,ondemand,3.3752,1.6876,instances.vantage.sh (AWS Price List mirror)
2026-08-10,AWS,ap-northeast-2,g5g.metal,T4G,2.0,spot,0.3597,0.17985,instances.vantage.sh (AWS Price List mirror)
2026-08-10,AWS,ap-northeast-2,g5g.xlarge,T4G,1.0,ondemand,0.5166,0.5166,instances.vantage.sh (AWS Price List mirror)
2026-08-10,AWS,ap-northeast-2,g5g.xlarge,T4G,1.0,spot,0.08895,0.08895,instances.vantage.sh (AWS Price List mirror)
2026-08-10,AWS,ap-northeast-2,g6.12xlarge,L4,4.0,ondemand,5.65823,1.4145575,instances.vantage.sh (AWS Price List mirror)
2026-08-10,AWS,ap-northeast-2,g6.12xlarge,L4,4.0,spot,1.4594,0.36485,instances.vantage.sh (AWS Price List mirror)
2026-08-10,AWS,ap-northeast-2,g6.16xlarge,L4,1.0,ondemand,4.17678,4.17678,instances.vantage.sh (AWS Price List mirror)
2026-08-10,AWS,ap-northeast-2,g6.16xlarge,L4,1.0,spot,0.8499,0.8499,instances.vantage.sh (AWS Price List mirror)
2026-08-10,AWS,ap-northeast-2,g6.24xlarge,L4,4.0,ondemand,8.20797,2.0519925,instances.vantage.sh (AWS Price List mirror)
2026-08-10,AWS,ap-northeast-2,g6.24xlarge,L4,4.0,spot,1.933167,0.48329175,instances.vantage.sh (AWS Price List mirror)
2026-08-10,AWS,ap-northeast-2,g6.2xlarge,L4,1.0,ondemand,1.20208,1.20208,instances.vantage.sh (AWS Price List mirror)
2026-08-10,AWS,ap-northeast-2,g6.2xlarge,L4,1.0,spot,0.376267,0.376267,instances.vantage.sh (AWS Price List mirror)
2026-08-10,AWS,ap-northeast-2,g6.48xlarge,L4,8.0,ondemand,16.41595,2.05199375,instances.vantage.sh (AWS Price List mirror)
2026-08-10,AWS,ap-northeast-2,g6.48xlarge,L4,8.0,spot,4.2638,0.532975,instances.vantage.sh (AWS Price List mirror)
2026-08-10,AWS,ap-northeast-2,g6.4xlarge,L4,1.0,ondemand,1.62704,1.62704,instances.vantage.sh (AWS Price List mirror)
2026-08-10,AWS,ap-northeast-2,g6.4xlarge,L4,1.0,spot,0.4942,0.4942,instances.vantage.sh (AWS Price List mirror)
2026-08-10,AWS,ap-northeast-2,g6.8xlarge,L4,1.0,ondemand,2.47695,2.47695,instances.vantage.sh (AWS Price List mirror)
2026-08-10,AWS,ap-northeast-2,g6.8xlarge,L4,1.0,spot,0.369267,0.369267,instances.vantage.sh (AWS Price List mirror)
2026-08-10,AWS,ap-northeast-2,g6.xlarge,L4,1.0,ondemand,0.9896,0.9896,instances.vantage.sh (AWS Price List mirror)
2026-08-10,AWS,ap-northeast-2,g6.xlarge,L4,1.0,spot,0.325267,0.325267,instances.vantage.sh (AWS Price List mirror)
2026-08-10,AWS,ap-northeast-2,g6e.12xlarge,L40S,4.0,ondemand,12.90014,3.225035,instances.vantage.sh (AWS Price List mirror)
2026-08-10,AWS,ap-northeast-2,g6e.12xlarge,L40S,4.0,spot,4.7907,1.197675,instances.vantage.sh (AWS Price List mirror)
2026-08-10,AWS,ap-northeast-2,g6e.16xlarge,L40S,1.0,ondemand,9.31575,9.31575,instances.vantage.sh (AWS Price List mirror)
2026-08-10,AWS,ap-northeast-2,g6e.16xlarge,L40S,1.0,spot,1.5025,1.5025,instances.vantage.sh (AWS Price List mirror)
2026-08-10,AWS,ap-northeast-2,g6e.24xlarge,L40S,4.0,ondemand,18.52234,4.630585,instances.vantage.sh (AWS Price List mirror)
2026-08-10,AWS,ap-northeast-2,g6e.24xlarge,L40S,4.0,spot,5.16245,1.2906125,instances.vantage.sh (AWS Price List mirror)
2026-08-10,AWS,ap-northeast-2,g6e.2xlarge,L40S,1.0,ondemand,2.75652,2.75652,instances.vantage.sh (AWS Price List mirror)
2026-08-10,AWS,ap-northeast-2,g6e.2xlarge,L40S,1.0,spot,1.0768,1.0768,instances.vantage.sh (AWS Price List mirror)
2026-08-10,AWS,ap-northeast-2,g6e.48xlarge,L40S,8.0,ondemand,37.04468,4.630585,instances.vantage.sh (AWS Price List mirror)
2026-08-10,AWS,ap-northeast-2,g6e.48xlarge,L40S,8.0,spot,11.40955,1.42619375,instances.vantage.sh (AWS Price List mirror)
2026-08-10,AWS,ap-northeast-2,g6e.4xlarge,L40S,1.0,ondemand,3.69355,3.69355,instances.vantage.sh (AWS Price List mirror)
2026-08-10,AWS,ap-northeast-2,g6e.4xlarge,L40S,1.0,spot,1.31145,1.31145,instances.vantage.sh (AWS Price List mirror)
2026-08-10,AWS,ap-northeast-2,g6e.8xlarge,L40S,1.0,ondemand,5.56762,5.56762,instances.vantage.sh (AWS Price List mirror)
2026-08-10,AWS,ap-northeast-2,g6e.8xlarge,L40S,1.0,spot,1.4857,1.4857,instances.vantage.sh (AWS Price List mirror)
2026-08-10,AWS,ap-northeast-2,g6e.xlarge,L40S,1.0,ondemand,2.288,2.288,instances.vantage.sh (AWS Price List mirror)
2026-08-10,AWS,ap-northeast-2,g6e.xlarge,L40S,1.0,spot,0.97305,0.97305,instances.vantage.sh (AWS Price List mirror)
2026-08-10,AWS,ap-northeast-2,g6f.2xlarge,L4,0.25,ondemand,0.58406,2.33624,instances.vantage.sh (AWS Price List mirror)
2026-08-10,AWS,ap-northeast-2,g6f.2xlarge,L4,0.25,spot,0.151967,0.607868,instances.vantage.sh (AWS Price List mirror)
2026-08-10,AWS,ap-northeast-2,g6f.4xlarge,L4,0.5,ondemand,1.16812,2.33624,instances.vantage.sh (AWS Price List mirror)
2026-08-10,AWS,ap-northeast-2,g6f.4xlarge,L4,0.5,spot,0.2652,0.5304,instances.vantage.sh (AWS Price List mirror)
2026-08-10,AWS,ap-northeast-2,g6f.large,L4,0.125,ondemand,0.24838,1.98704,instances.vantage.sh (AWS Price List mirror)
2026-08-10,AWS,ap-northeast-2,g6f.large,L4,0.125,spot,0.0389,0.3112,instances.vantage.sh (AWS Price List mirror)
2026-08-10,AWS,ap-northeast-2,g6f.xlarge,L4,0.125,ondemand,0.29203,2.33624,instances.vantage.sh (AWS Price List mirror)
2026-08-10,AWS,ap-northeast-2,g6f.xlarge,L4,0.125,spot,0.0852,0.6816,instances.vantage.sh (AWS Price List mirror)
2026-08-10,AWS,ap-northeast-2,g7e.12xlarge,NVIDIA RTX PRO 6000 Blackwell,2.0,ondemand,10.1873,5.09365,instances.vantage.sh (AWS Price List mirror)
2026-08-10,AWS,ap-northeast-2,g7e.12xlarge,NVIDIA RTX PRO 6000 Blackwell,2.0,spot,6.10955,3.054775,instances.vantage.sh (AWS Price List mirror)
2026-08-10,AWS,ap-northeast-2,g7e.24xlarge,NVIDIA RTX PRO 6000 Blackwell,4.0,ondemand,20.3746,5.09365,instances.vantage.sh (AWS Price List mirror)
2026-08-10,AWS,ap-northeast-2,g7e.24xlarge,NVIDIA RTX PRO 6000 Blackwell,4.0,spot,7.95045,1.9876125,instances.vantage.sh (AWS Price List mirror)
2026-08-10,AWS,ap-northeast-2,g7e.2xlarge,NVIDIA RTX PRO 6000 Blackwell,1.0,ondemand,4.13478,4.13478,instances.vantage.sh (AWS Price List mirror)
2026-08-10,AWS,ap-northeast-2,g7e.2xlarge,NVIDIA RTX PRO 6000 Blackwell,1.0,spot,1.68185,1.68185,instances.vantage.sh (AWS Price List mirror)
2026-08-10,AWS,ap-northeast-2,g7e.48xlarge,NVIDIA RTX PRO 6000 Blackwell,8.0,ondemand,40.74921,5.09365125,instances.vantage.sh (AWS Price List mirror)
2026-08-10,AWS,ap-northeast-2,g7e.48xlarge,NVIDIA RTX PRO 6000 Blackwell,8.0,spot,23.6931,2.9616375,instances.vantage.sh (AWS Price List mirror)
2026-08-10,AWS,ap-northeast-2,g7e.4xlarge,NVIDIA RTX PRO 6000 Blackwell,1.0,ondemand,4.91553,4.91553,instances.vantage.sh (AWS Price List mirror)
2026-08-10,AWS,ap-northeast-2,g7e.4xlarge,NVIDIA RTX PRO 6000 Blackwell,1.0,spot,1.8138,1.8138,instances.vantage.sh (AWS Price List mirror)
2026-08-10,AWS,ap-northeast-2,g7e.8xlarge,NVIDIA RTX PRO 6000 Blackwell,1.0,ondemand,6.47703,6.47703,instances.vantage.sh (AWS Price List mirror)
2026-08-10,AWS,ap-northeast-2,g7e.8xlarge,NVIDIA RTX PRO 6000 Blackwell,1.0,spot,4.60685,4.60685,instances.vantage.sh (AWS Price List mirror)
2026-08-10,AWS,ap-northeast-2,gr6.4xlarge,L4,1.0,ondemand,1.8926,1.8926,instances.vantage.sh (AWS Price List mirror)
2026-08-10,AWS,ap-northeast-2,gr6.4xlarge,L4,1.0,spot,0.4487,0.4487,instances.vantage.sh (AWS Price List mirror)
2026-08-10,AWS,ap-northeast-2,gr6.8xlarge,L4,1.0,ondemand,3.00809,3.00809,instances.vantage.sh (AWS Price List mirror)
2026-08-10,AWS,ap-northeast-2,gr6.8xlarge,L4,1.0,spot,0.43865,0.43865,instances.vantage.sh (AWS Price List mirror)
2026-08-10,AWS,ap-northeast-2,gr6f.4xlarge,L4,0.5,ondemand,1.31075,2.6215,instances.vantage.sh (AWS Price List mirror)
2026-08-10,AWS,ap-northeast-2,gr6f.4xlarge,L4,0.5,spot,0.306767,0.613534,instances.vantage.sh (AWS Price List mirror)
2026-08-10,AWS,ap-northeast-2,p2.16xlarge,K80,16.0,ondemand,23.44,1.465,instances.vantage.sh (AWS Price List mirror)
2026-08-10,AWS,ap-northeast-2,p2.8xlarge,K80,8.0,ondemand,11.72,1.465,instances.vantage.sh (AWS Price List mirror)
2026-08-10,AWS,ap-northeast-2,p2.xlarge,K80,1.0,ondemand,1.465,1.465,instances.vantage.sh (AWS Price List mirror)
2026-08-10,AWS,ap-northeast-2,p3.16xlarge,V100,8.0,ondemand,33.872,4.234,instances.vantage.sh (AWS Price List mirror)
2026-08-10,AWS,ap-northeast-2,p3.16xlarge,V100,8.0,spot,33.872,4.234,instances.vantage.sh (AWS Price List mirror)
2026-08-10,AWS,ap-northeast-2,p3.2xlarge,V100,1.0,ondemand,4.234,4.234,instances.vantage.sh (AWS Price List mirror)
2026-08-10,AWS,ap-northeast-2,p3.2xlarge,V100,1.0,spot,4.234,4.234,instances.vantage.sh (AWS Price List mirror)
2026-08-10,AWS,ap-northeast-2,p3.8xlarge,V100,4.0,ondemand,16.936,4.234,instances.vantage.sh (AWS Price List mirror)
2026-08-10,AWS,ap-northeast-2,p3.8xlarge,V100,4.0,spot,9.82288,2.45572,instances.vantage.sh (AWS Price List mirror)
2026-08-10,AWS,ap-northeast-2,p4d.24xlarge,A100,8.0,ondemand,30.41028,3.801285,instances.vantage.sh (AWS Price List mirror)
2026-08-10,AWS,ap-northeast-2,p4d.24xlarge,A100,8.0,spot,11.8444,1.48055,instances.vantage.sh (AWS Price List mirror)
2026-08-10,AWS,ap-northeast-2,p5.48xlarge,H100,8.0,ondemand,75.9552,9.4944,instances.vantage.sh (AWS Price List mirror)
2026-08-10,AWS,ap-northeast-2,p5en.48xlarge,H200,8.0,ondemand,87.34848,10.91856,instances.vantage.sh (AWS Price List mirror)
2026-08-10,AWS,ap-northeast-2,p5en.48xlarge,H200,8.0,spot,10.1002,1.262525,instances.vantage.sh (AWS Price List mirror)
2026-08-10,AWS,ap-northeast-2-wl1-cjj1,g4dn.2xlarge,T4,1.0,ondemand,1.249,1.249,instances.vantage.sh (AWS Price List mirror)
2026-08-10,AWS,ap-northeast-2-wl1-sel1,g4dn.2xlarge,T4,1.0,ondemand,1.249,1.249,instances.vantage.sh (AWS Price List mirror)
2026-08-10,AWS,ap-northeast-3,g4dn.12xlarge,T4,4.0,ondemand,5.281,1.32025,instances.vantage.sh (AWS Price List mirror)
2026-08-10,AWS,ap-northeast-3,g4dn.12xlarge,T4,4.0,spot,1.5105,0.377625,instances.vantage.sh (AWS Price List mirror)
2026-08-10,AWS,ap-northeast-3,g4dn.16xlarge,T4,1.0,ondemand,5.875,5.875,instances.vantage.sh (AWS Price List mirror)
2026-08-10,AWS,ap-northeast-3,g4dn.16xlarge,T4,1.0,spot,1.6883,1.6883,instances.vantage.sh (AWS Price List mirror)
2026-08-10,AWS,ap-northeast-3,g4dn.2xlarge,T4,1.0,ondemand,1.015,1.015,instances.vantage.sh (AWS Price List mirror)
2026-08-10,AWS,ap-northeast-3,g4dn.2xlarge,T4,1.0,spot,0.43365,0.43365,instances.vantage.sh (AWS Price List mirror)
2026-08-10,AWS,ap-northeast-3,g4dn.4xlarge,T4,1.0,ondemand,1.625,1.625,instances.vantage.sh (AWS Price List mirror)
2026-08-10,AWS,ap-northeast-3,g4dn.4xlarge,T4,1.0,spot,0.5105,0.5105,instances.vantage.sh (AWS Price List mirror)
2026-08-10,AWS,ap-northeast-3,g4dn.8xlarge,T4,1.0,ondemand,2.938,2.938,instances.vantage.sh (AWS Price List mirror)
2026-08-10,AWS,ap-northeast-3,g4dn.8xlarge,T4,1.0,spot,0.81295,0.81295,instances.vantage.sh (AWS Price List mirror)
2026-08-10,AWS,ap-northeast-3,g4dn.metal,T4,8.0,ondemand,10.562,1.32025,instances.vantage.sh (AWS Price List mirror)
2026-08-10,AWS,ap-northeast-3,g4dn.metal,T4,8.0,spot,4.4406,0.555075,instances.vantage.sh (AWS Price List mirror)
2026-08-10,AWS,ap-northeast-3,g4dn.xlarge,T4,1.0,ondemand,0.71,0.71,instances.vantage.sh (AWS Price List mirror)
2026-08-10,AWS,ap-northeast-3,g4dn.xlarge,T4,1.0,spot,0.313,0.313,instances.vantage.sh (AWS Price List mirror)
2026-08-10,AWS,ap-northeast-3,g6e.12xlarge,L40S,4.0,ondemand,15.21742,3.804355,instances.vantage.sh (AWS Price List mirror)
2026-08-10,AWS,ap-northeast-3,g6e.12xlarge,L40S,4.0,spot,5.8804,1.4701,instances.vantage.sh (AWS Price List mirror)
2026-08-10,AWS,ap-northeast-3,g6e.16xlarge,L40S,1.0,ondemand,10.98917,10.98917,instances.vantage.sh (AWS Price List mirror)
2026-08-10,AWS,ap-northeast-3,g6e.16xlarge,L40S,1.0,spot,2.25835,2.25835,instances.vantage.sh (AWS Price List mirror)
2026-08-10,AWS,ap-northeast-3,g6e.24xlarge,L40S,4.0,ondemand,21.84956,5.46239,instances.vantage.sh (AWS Price List mirror)
2026-08-10,AWS,ap-northeast-3,g6e.24xlarge,L40S,4.0,spot,7.3954,1.84885,instances.vantage.sh (AWS Price List mirror)
2026-08-10,AWS,ap-northeast-3,g6e.2xlarge,L40S,1.0,ondemand,3.25168,3.25168,instances.vantage.sh (AWS Price List mirror)
2026-08-10,AWS,ap-northeast-3,g6e.2xlarge,L40S,1.0,spot,1.0436,1.0436,instances.vantage.sh (AWS Price List mirror)
2026-08-10,AWS,ap-northeast-3,g6e.48xlarge,L40S,8.0,ondemand,43.69912,5.46239,instances.vantage.sh (AWS Price List mirror)
2026-08-10,AWS,ap-northeast-3,g6e.48xlarge,L40S,8.0,spot,10.95845,1.36980625,instances.vantage.sh (AWS Price List mirror)
2026-08-10,AWS,ap-northeast-3,g6e.4xlarge,L40S,1.0,ondemand,4.35703,4.35703,instances.vantage.sh (AWS Price List mirror)
2026-08-10,AWS,ap-northeast-3,g6e.4xlarge,L40S,1.0,spot,1.6513,1.6513,instances.vantage.sh (AWS Price List mirror)
2026-08-10,AWS,ap-northeast-3,g6e.8xlarge,L40S,1.0,ondemand,6.56775,6.56775,instances.vantage.sh (AWS Price List mirror)
2026-08-10,AWS,ap-northeast-3,g6e.8xlarge,L40S,1.0,spot,1.83325,1.83325,instances.vantage.sh (AWS Price List mirror)
2026-08-10,AWS,ap-northeast-3,g6e.xlarge,L40S,1.0,ondemand,2.699,2.699,instances.vantage.sh (AWS Price List mirror)
2026-08-10,AWS,ap-northeast-3,g6e.xlarge,L40S,1.0,spot,1.242,1.242,instances.vantage.sh (AWS Price List mirror)
2026-08-10,AWS,ap-south-1,g4dn.12xlarge,T4,4.0,ondemand,4.306,1.0765,instances.vantage.sh (AWS Price List mirror)
2026-08-10,AWS,ap-south-1,g4dn.12xlarge,T4,4.0,spot,1.452967,0.36324175,instances.vantage.sh (AWS Price List mirror)
2026-08-10,AWS,ap-south-1,g4dn.16xlarge,T4,1.0,ondemand,4.791,4.791,instances.vantage.sh (AWS Price List mirror)
2026-08-10,AWS,ap-south-1,g4dn.16xlarge,T4,1.0,spot,0.515467,0.515467,instances.vantage.sh (AWS Price List mirror)
2026-08-10,AWS,ap-south-1,g4dn.2xlarge,T4,1.0,ondemand,0.828,0.828,instances.vantage.sh (AWS Price List mirror)
2026-08-10,AWS,ap-south-1,g4dn.2xlarge,T4,1.0,spot,0.2172,0.2172,instances.vantage.sh (AWS Price List mirror)
2026-08-10,AWS,ap-south-1,g4dn.4xlarge,T4,1.0,ondemand,1.325,1.325,instances.vantage.sh (AWS Price List mirror)
2026-08-10,AWS,ap-south-1,g4dn.4xlarge,T4,1.0,spot,0.263033,0.263033,instances.vantage.sh (AWS Price List mirror)
2026-08-10,AWS,ap-south-1,g4dn.8xlarge,T4,1.0,ondemand,2.395,2.395,instances.vantage.sh (AWS Price List mirror)
2026-08-10,AWS,ap-south-1,g4dn.8xlarge,T4,1.0,spot,0.620867,0.620867,instances.vantage.sh (AWS Price List mirror)
2026-08-10,AWS,ap-south-1,g4dn.metal,T4,8.0,ondemand,8.612,1.0765,instances.vantage.sh (AWS Price List mirror)
2026-08-10,AWS,ap-south-1,g4dn.metal,T4,8.0,spot,2.378133,0.297266625,instances.vantage.sh (AWS Price List mirror)
2026-08-10,AWS,ap-south-1,g4dn.xlarge,T4,1.0,ondemand,0.579,0.579,instances.vantage.sh (AWS Price List mirror)
2026-08-10,AWS,ap-south-1,g4dn.xlarge,T4,1.0,spot,0.1691,0.1691,instances.vantage.sh (AWS Price List mirror)
2026-08-10,AWS,ap-south-1,g5.12xlarge,A10G,4.0,ondemand,6.81091,1.7027275,instances.vantage.sh (AWS Price List mirror)
2026-08-10,AWS,ap-south-1,g5.12xlarge,A10G,4.0,spot,2.00765,0.5019125,instances.vantage.sh (AWS Price List mirror)
2026-08-10,AWS,ap-south-1,g5.16xlarge,A10G,1.0,ondemand,4.91846,4.91846,instances.vantage.sh (AWS Price List mirror)
2026-08-10,AWS,ap-south-1,g5.16xlarge,A10G,1.0,spot,1.34665,1.34665,instances.vantage.sh (AWS Price List mirror)
2026-08-10,AWS,ap-south-1,g5.24xlarge,A10G,4.0,ondemand,9.77928,2.44482,instances.vantage.sh (AWS Price List mirror)
2026-08-10,AWS,ap-south-1,g5.24xlarge,A10G,4.0,spot,2.7785,0.694625,instances.vantage.sh (AWS Price List mirror)
2026-08-10,AWS,ap-south-1,g5.2xlarge,A10G,1.0,ondemand,1.45536,1.45536,instances.vantage.sh (AWS Price List mirror)
2026-08-10,AWS,ap-south-1,g5.2xlarge,A10G,1.0,spot,0.36775,0.36775,instances.vantage.sh (AWS Price List mirror)
2026-08-10,AWS,ap-south-1,g5.48xlarge,A10G,8.0,ondemand,19.55855,2.44481875,instances.vantage.sh (AWS Price List mirror)
2026-08-10,AWS,ap-south-1,g5.48xlarge,A10G,8.0,spot,14.3356,1.79195,instances.vantage.sh (AWS Price List mirror)
2026-08-10,AWS,ap-south-1,g5.4xlarge,A10G,1.0,ondemand,1.95009,1.95009,instances.vantage.sh (AWS Price List mirror)
2026-08-10,AWS,ap-south-1,g5.4xlarge,A10G,1.0,spot,0.5812,0.5812,instances.vantage.sh (AWS Price List mirror)
2026-08-10,AWS,ap-south-1,g5.8xlarge,A10G,1.0,ondemand,2.93955,2.93955,instances.vantage.sh (AWS Price List mirror)
2026-08-10,AWS,ap-south-1,g5.8xlarge,A10G,1.0,spot,1.06015,1.06015,instances.vantage.sh (AWS Price List mirror)
2026-08-10,AWS,ap-south-1,g5.xlarge,A10G,1.0,ondemand,1.208,1.208,instances.vantage.sh (AWS Price List mirror)
2026-08-10,AWS,ap-south-1,g5.xlarge,A10G,1.0,spot,0.4339,0.4339,instances.vantage.sh (AWS Price List mirror)
2026-08-10,AWS,ap-south-1,g6.12xlarge,L4,4.0,ondemand,5.52558,1.381395,instances.vantage.sh (AWS Price List mirror)
2026-08-10,AWS,ap-south-1,g6.12xlarge,L4,4.0,spot,2.75925,0.6898125,instances.vantage.sh (AWS Price List mirror)
2026-08-10,AWS,ap-south-1,g6.16xlarge,L4,1.0,ondemand,4.07886,4.07886,instances.vantage.sh (AWS Price List mirror)
2026-08-10,AWS,ap-south-1,g6.16xlarge,L4,1.0,spot,0.82725,0.82725,instances.vantage.sh (AWS Price List mirror)
2026-08-10,AWS,ap-south-1,g6.24xlarge,L4,4.0,ondemand,8.01555,2.0038875,instances.vantage.sh (AWS Price List mirror)
2026-08-10,AWS,ap-south-1,g6.24xlarge,L4,4.0,spot,3.8325,0.958125,instances.vantage.sh (AWS Price List mirror)
2026-08-10,AWS,ap-south-1,g6.2xlarge,L4,1.0,ondemand,1.1739,1.1739,instances.vantage.sh (AWS Price List mirror)
2026-08-10,AWS,ap-south-1,g6.2xlarge,L4,1.0,spot,0.4558,0.4558,instances.vantage.sh (AWS Price List mirror)
2026-08-10,AWS,ap-south-1,g6.48xlarge,L4,8.0,ondemand,16.0311,2.0038875,instances.vantage.sh (AWS Price List mirror)
2026-08-10,AWS,ap-south-1,g6.48xlarge,L4,8.0,spot,9.8101,1.2262625,instances.vantage.sh (AWS Price List mirror)
2026-08-10,AWS,ap-south-1,g6.4xlarge,L4,1.0,ondemand,1.58889,1.58889,instances.vantage.sh (AWS Price List mirror)
2026-08-10,AWS,ap-south-1,g6.4xlarge,L4,1.0,spot,0.35015,0.35015,instances.vantage.sh (AWS Price List mirror)
2026-08-10,AWS,ap-south-1,g6.8xlarge,L4,1.0,ondemand,2.41888,2.41888,instances.vantage.sh (AWS Price List mirror)
2026-08-10,AWS,ap-south-1,g6.8xlarge,L4,1.0,spot,0.5575,0.5575,instances.vantage.sh (AWS Price List mirror)
2026-08-10,AWS,ap-south-1,g6.xlarge,L4,1.0,ondemand,0.9664,0.9664,instances.vantage.sh (AWS Price List mirror)
2026-08-10,AWS,ap-south-1,g6.xlarge,L4,1.0,spot,0.39105,0.39105,instances.vantage.sh (AWS Price List mirror)
2026-08-10,AWS,ap-south-1,g6e.12xlarge,L40S,4.0,ondemand,12.60131,3.1503275,instances.vantage.sh (AWS Price List mirror)
2026-08-10,AWS,ap-south-1,g6e.12xlarge,L40S,4.0,spot,9.92575,2.4814375,instances.vantage.sh (AWS Price List mirror)
2026-08-10,AWS,ap-south-1,g6e.16xlarge,L40S,1.0,ondemand,9.09996,9.09996,instances.vantage.sh (AWS Price List mirror)
2026-08-10,AWS,ap-south-1,g6e.16xlarge,L40S,1.0,spot,3.48505,3.48505,instances.vantage.sh (AWS Price List mirror)
2026-08-10,AWS,ap-south-1,g6e.24xlarge,L40S,4.0,ondemand,18.09328,4.52332,instances.vantage.sh (AWS Price List mirror)
2026-08-10,AWS,ap-south-1,g6e.24xlarge,L40S,4.0,spot,16.9174,4.22935,instances.vantage.sh (AWS Price List mirror)
2026-08-10,AWS,ap-south-1,g6e.2xlarge,L40S,1.0,ondemand,2.69266,2.69266,instances.vantage.sh (AWS Price List mirror)
2026-08-10,AWS,ap-south-1,g6e.2xlarge,L40S,1.0,spot,0.93255,0.93255,instances.vantage.sh (AWS Price List mirror)
2026-08-10,AWS,ap-south-1,g6e.48xlarge,L40S,8.0,ondemand,36.18656,4.52332,instances.vantage.sh (AWS Price List mirror)
2026-08-10,AWS,ap-south-1,g6e.48xlarge,L40S,8.0,spot,33.83485,4.22935625,instances.vantage.sh (AWS Price List mirror)
2026-08-10,AWS,ap-south-1,g6e.4xlarge,L40S,1.0,ondemand,3.60799,3.60799,instances.vantage.sh (AWS Price List mirror)
2026-08-10,AWS,ap-south-1,g6e.4xlarge,L40S,1.0,spot,1.04875,1.04875,instances.vantage.sh (AWS Price List mirror)
2026-08-10,AWS,ap-south-1,g6e.8xlarge,L40S,1.0,ondemand,5.43865,5.43865,instances.vantage.sh (AWS Price List mirror)
2026-08-10,AWS,ap-south-1,g6e.8xlarge,L40S,1.0,spot,1.1488,1.1488,instances.vantage.sh (AWS Price List mirror)
2026-08-10,AWS,ap-south-1,g6e.xlarge,L40S,1.0,ondemand,2.235,2.235,instances.vantage.sh (AWS Price List mirror)
2026-08-10,AWS,ap-south-1,g6e.xlarge,L40S,1.0,spot,1.3447,1.3447,instances.vantage.sh (AWS Price List mirror)
2026-08-10,AWS,ap-south-1,g6f.2xlarge,L4,0.25,ondemand,0.57038,2.28152,instances.vantage.sh (AWS Price List mirror)
2026-08-10,AWS,ap-south-1,g6f.2xlarge,L4,0.25,spot,0.33795,1.3518,instances.vantage.sh (AWS Price List mirror)
2026-08-10,AWS,ap-south-1,g6f.4xlarge,L4,0.5,ondemand,1.14076,2.28152,instances.vantage.sh (AWS Price List mirror)
2026-08-10,AWS,ap-south-1,g6f.4xlarge,L4,0.5,spot,1.06645,2.1329,instances.vantage.sh (AWS Price List mirror)
2026-08-10,AWS,ap-south-1,g6f.large,L4,0.125,ondemand,0.24256,1.94048,instances.vantage.sh (AWS Price List mirror)
2026-08-10,AWS,ap-south-1,g6f.large,L4,0.125,spot,0.2268,1.8144,instances.vantage.sh (AWS Price List mirror)
2026-08-10,AWS,ap-south-1,g6f.xlarge,L4,0.125,ondemand,0.28519,2.28152,instances.vantage.sh (AWS Price List mirror)
2026-08-10,AWS,ap-south-1,g6f.xlarge,L4,0.125,spot,0.24595,1.9676,instances.vantage.sh (AWS Price List mirror)
2026-08-10,AWS,ap-south-1,g7e.12xlarge,NVIDIA RTX PRO 6000 Blackwell,2.0,ondemand,13.53377,6.766885,instances.vantage.sh (AWS Price List mirror)
2026-08-10,AWS,ap-south-1,g7e.24xlarge,NVIDIA RTX PRO 6000 Blackwell,4.0,ondemand,27.06754,6.766885,instances.vantage.sh (AWS Price List mirror)
2026-08-10,AWS,ap-south-1,g7e.2xlarge,NVIDIA RTX PRO 6000 Blackwell,1.0,ondemand,5.49303,5.49303,instances.vantage.sh (AWS Price List mirror)
2026-08-10,AWS,ap-south-1,g7e.48xlarge,NVIDIA RTX PRO 6000 Blackwell,8.0,ondemand,54.13507,6.76688375,instances.vantage.sh (AWS Price List mirror)
2026-08-10,AWS,ap-south-1,g7e.4xlarge,NVIDIA RTX PRO 6000 Blackwell,1.0,ondemand,6.53025,6.53025,instances.vantage.sh (AWS Price List mirror)
2026-08-10,AWS,ap-south-1,g7e.8xlarge,NVIDIA RTX PRO 6000 Blackwell,1.0,ondemand,8.60469,8.60469,instances.vantage.sh (AWS Price List mirror)
2026-08-10,AWS,ap-south-1,gr6.4xlarge,L4,1.0,ondemand,1.8483,1.8483,instances.vantage.sh (AWS Price List mirror)
2026-08-10,AWS,ap-south-1,gr6.4xlarge,L4,1.0,spot,0.41745,0.41745,instances.vantage.sh (AWS Price List mirror)
2026-08-10,AWS,ap-south-1,gr6.8xlarge,L4,1.0,ondemand,2.93768,2.93768,instances.vantage.sh (AWS Price List mirror)
2026-08-10,AWS,ap-south-1,gr6.8xlarge,L4,1.0,spot,0.5646,0.5646,instances.vantage.sh (AWS Price List mirror)
2026-08-10,AWS,ap-south-1,gr6f.4xlarge,L4,0.5,ondemand,1.28007,2.56014,instances.vantage.sh (AWS Price List mirror)
2026-08-10,AWS,ap-south-1,gr6f.4xlarge,L4,0.5,spot,1.1966,2.3932,instances.vantage.sh (AWS Price List mirror)
2026-08-10,AWS,ap-south-1,p2.16xlarge,K80,16.0,ondemand,27.488,1.718,instances.vantage.sh (AWS Price List mirror)
2026-08-10,AWS,ap-south-1,p2.8xlarge,K80,8.0,ondemand,13.744,1.718,instances.vantage.sh (AWS Price List mirror)
2026-08-10,AWS,ap-south-1,p2.xlarge,K80,1.0,ondemand,1.718,1.718,instances.vantage.sh (AWS Price List mirror)
2026-08-10,AWS,ap-south-1,p4d.24xlarge,A100,8.0,ondemand,26.3444,3.29305,instances.vantage.sh (AWS Price List mirror)
2026-08-10,AWS,ap-south-1,p4d.24xlarge,A100,8.0,spot,24.6286,3.078575,instances.vantage.sh (AWS Price List mirror)
2026-08-10,AWS,ap-south-1,p5.48xlarge,H100,8.0,ondemand,66.048,8.256,instances.vantage.sh (AWS Price List mirror)
2026-08-10,AWS,ap-south-1,p5.48xlarge,H100,8.0,spot,14.755767,1.844470875,instances.vantage.sh (AWS Price List mirror)
2026-08-10,AWS,ap-south-1,p5.4xlarge,H100,1.0,ondemand,8.256,8.256,instances.vantage.sh (AWS Price List mirror)
2026-08-10,AWS,ap-south-1,p5.4xlarge,H100,1.0,spot,7.7191,7.7191,instances.vantage.sh (AWS Price List mirror)
2026-08-10,AWS,ap-south-1,p5en.48xlarge,H200,8.0,ondemand,75.9552,9.4944,instances.vantage.sh (AWS Price List mirror)
2026-08-10,AWS,ap-south-1,p5en.48xlarge,H200,8.0,spot,21.8504,2.7313,instances.vantage.sh (AWS Price List mirror)
2026-08-10,AWS,ap-south-1,p6-b200.48xlarge,B200,8.0,ondemand,160.64525,20.08065625,instances.vantage.sh (AWS Price List mirror)
2026-08-10,AWS,ap-south-1,p6-b200.48xlarge,B200,8.0,spot,55.2642,6.908025,instances.vantage.sh (AWS Price List mirror)
2026-08-10,AWS,ap-south-1-ccu-1,g4dn.2xlarge,T4,1.0,ondemand,1.2,1.2,instances.vantage.sh (AWS Price List mirror)
2026-08-10,AWS,ap-south-1-del-1,g4dn.2xlarge,T4,1.0,ondemand,1.2,1.2,instances.vantage.sh (AWS Price List mirror)
2026-08-10,AWS,ap-south-2,g6.12xlarge,L4,4.0,ondemand,5.52558,1.381395,instances.vantage.sh (AWS Price List mirror)
2026-08-10,AWS,ap-south-2,g6.16xlarge,L4,1.0,ondemand,4.07886,4.07886,instances.vantage.sh (AWS Price List mirror)
2026-08-10,AWS,ap-south-2,g6.24xlarge,L4,4.0,ondemand,8.01555,2.0038875,instances.vantage.sh (AWS Price List mirror)
2026-08-10,AWS,ap-south-2,g6.2xlarge,L4,1.0,ondemand,1.1739,1.1739,instances.vantage.sh (AWS Price List mirror)
2026-08-10,AWS,ap-south-2,g6.48xlarge,L4,8.0,ondemand,16.0311,2.0038875,instances.vantage.sh (AWS Price List mirror)
2026-08-10,AWS,ap-south-2,g6.4xlarge,L4,1.0,ondemand,1.58889,1.58889,instances.vantage.sh (AWS Price List mirror)
2026-08-10,AWS,ap-south-2,g6.8xlarge,L4,1.0,ondemand,2.41888,2.41888,instances.vantage.sh (AWS Price List mirror)
2026-08-10,AWS,ap-south-2,g6.xlarge,L4,1.0,ondemand,0.9664,0.9664,instances.vantage.sh (AWS Price List mirror)
2026-08-10,AWS,ap-south-2,g6e.12xlarge,L40S,4.0,ondemand,12.60131,3.1503275,instances.vantage.sh (AWS Price List mirror)
2026-08-10,AWS,ap-south-2,g6e.16xlarge,L40S,1.0,ondemand,9.09996,9.09996,instances.vantage.sh (AWS Price List mirror)
2026-08-10,AWS,ap-south-2,g6e.24xlarge,L40S,4.0,ondemand,18.09328,4.52332,instances.vantage.sh (AWS Price List mirror)
2026-08-10,AWS,ap-south-2,g6e.2xlarge,L40S,1.0,ondemand,2.69266,2.69266,instances.vantage.sh (AWS Price List mirror)
2026-08-10,AWS,ap-south-2,g6e.48xlarge,L40S,8.0,ondemand,36.18656,4.52332,instances.vantage.sh (AWS Price List mirror)
2026-08-10,AWS,ap-south-2,g6e.4xlarge,L40S,1.0,ondemand,3.60799,3.60799,instances.vantage.sh (AWS Price List mirror)
2026-08-10,AWS,ap-south-2,g6e.8xlarge,L40S,1.0,ondemand,5.43865,5.43865,instances.vantage.sh (AWS Price List mirror)
2026-08-10,AWS,ap-south-2,g6e.xlarge,L40S,1.0,ondemand,2.235,2.235,instances.vantage.sh (AWS Price List mirror)
2026-08-10,AWS,ap-southeast-1,g2.2xlarge,K520,1.0,ondemand,1.0,1.0,instances.vantage.sh (AWS Price List mirror)
2026-08-10,AWS,ap-southeast-1,g2.8xlarge,K520,4.0,ondemand,4.0,1.0,instances.vantage.sh (AWS Price List mirror)
2026-08-10,AWS,ap-southeast-1,g3.16xlarge,M60,4.0,ondemand,6.68,1.67,instances.vantage.sh (AWS Price List mirror)
2026-08-10,AWS,ap-southeast-1,g3.4xlarge,M60,1.0,ondemand,1.67,1.67,instances.vantage.sh (AWS Price List mirror)
2026-08-10,AWS,ap-southeast-1,g3.8xlarge,M60,2.0,ondemand,3.34,1.67,instances.vantage.sh (AWS Price List mirror)
2026-08-10,AWS,ap-southeast-1,g4dn.12xlarge,T4,4.0,ondemand,5.474,1.3685,instances.vantage.sh (AWS Price List mirror)
2026-08-10,AWS,ap-southeast-1,g4dn.12xlarge,T4,4.0,spot,2.026333,0.50658325,instances.vantage.sh (AWS Price List mirror)
2026-08-10,AWS,ap-southeast-1,g4dn.16xlarge,T4,1.0,ondemand,6.089,6.089,instances.vantage.sh (AWS Price List mirror)
2026-08-10,AWS,ap-southeast-1,g4dn.16xlarge,T4,1.0,spot,1.822167,1.822167,instances.vantage.sh (AWS Price List mirror)
2026-08-10,AWS,ap-southeast-1,g4dn.2xlarge,T4,1.0,ondemand,1.052,1.052,instances.vantage.sh (AWS Price List mirror)
2026-08-10,AWS,ap-southeast-1,g4dn.2xlarge,T4,1.0,spot,0.484667,0.484667,instances.vantage.sh (AWS Price List mirror)
2026-08-10,AWS,ap-southeast-1,g4dn.4xlarge,T4,1.0,ondemand,1.685,1.685,instances.vantage.sh (AWS Price List mirror)
2026-08-10,AWS,ap-southeast-1,g4dn.4xlarge,T4,1.0,spot,0.6656,0.6656,instances.vantage.sh (AWS Price List mirror)
2026-08-10,AWS,ap-southeast-1,g4dn.8xlarge,T4,1.0,ondemand,3.045,3.045,instances.vantage.sh (AWS Price List mirror)
2026-08-10,AWS,ap-southeast-1,g4dn.8xlarge,T4,1.0,spot,0.995367,0.995367,instances.vantage.sh (AWS Price List mirror)
2026-08-10,AWS,ap-southeast-1,g4dn.metal,T4,8.0,ondemand,10.948,1.3685,instances.vantage.sh (AWS Price List mirror)
2026-08-10,AWS,ap-southeast-1,g4dn.metal,T4,8.0,spot,3.737933,0.467241625,instances.vantage.sh (AWS Price List mirror)
2026-08-10,AWS,ap-southeast-1,g4dn.xlarge,T4,1.0,ondemand,0.736,0.736,instances.vantage.sh (AWS Price List mirror)
2026-08-10,AWS,ap-southeast-1,g4dn.xlarge,T4,1.0,spot,0.338833,0.338833,instances.vantage.sh (AWS Price List mirror)
2026-08-10,AWS,ap-southeast-1,g5g.16xlarge,T4G,2.0,ondemand,3.8395,1.91975,instances.vantage.sh (AWS Price List mirror)
2026-08-10,AWS,ap-southeast-1,g5g.16xlarge,T4G,2.0,spot,0.919,0.4595,instances.vantage.sh (AWS Price List mirror)
2026-08-10,AWS,ap-southeast-1,g5g.2xlarge,T4G,1.0,ondemand,0.778,0.778,instances.vantage.sh (AWS Price List mirror)
2026-08-10,AWS,ap-southeast-1,g5g.2xlarge,T4G,1.0,spot,0.321,0.321,instances.vantage.sh (AWS Price List mirror)
2026-08-10,AWS,ap-southeast-1,g5g.4xlarge,T4G,1.0,ondemand,1.1586,1.1586,instances.vantage.sh (AWS Price List mirror)
2026-08-10,AWS,ap-southeast-1,g5g.4xlarge,T4G,1.0,spot,0.3977,0.3977,instances.vantage.sh (AWS Price List mirror)
2026-08-10,AWS,ap-southeast-1,g5g.8xlarge,T4G,1.0,ondemand,1.9198,1.9198,instances.vantage.sh (AWS Price List mirror)
2026-08-10,AWS,ap-southeast-1,g5g.8xlarge,T4G,1.0,spot,0.73705,0.73705,instances.vantage.sh (AWS Price List mirror)
2026-08-10,AWS,ap-southeast-1,g5g.metal,T4G,2.0,ondemand,3.8395,1.91975,instances.vantage.sh (AWS Price List mirror)
2026-08-10,AWS,ap-southeast-1,g5g.metal,T4G,2.0,spot,0.7333,0.36665,instances.vantage.sh (AWS Price List mirror)
2026-08-10,AWS,ap-southeast-1,g5g.xlarge,T4G,1.0,ondemand,0.5877,0.5877,instances.vantage.sh (AWS Price List mirror)
2026-08-10,AWS,ap-southeast-1,g5g.xlarge,T4G,1.0,spot,0.24995,0.24995,instances.vantage.sh (AWS Price List mirror)
2026-08-10,AWS,ap-southeast-1,p2.16xlarge,K80,16.0,ondemand,27.488,1.718,instances.vantage.sh (AWS Price List mirror)
2026-08-10,AWS,ap-southeast-1,p2.8xlarge,K80,8.0,ondemand,13.744,1.718,instances.vantage.sh (AWS Price List mirror)
2026-08-10,AWS,ap-southeast-1,p2.xlarge,K80,1.0,ondemand,1.718,1.718,instances.vantage.sh (AWS Price List mirror)
2026-08-10,AWS,ap-southeast-1,p3.16xlarge,V100,8.0,ondemand,33.872,4.234,instances.vantage.sh (AWS Price List mirror)
2026-08-10,AWS,ap-southeast-1,p3.16xlarge,V100,8.0,spot,33.19456,4.14932,instances.vantage.sh (AWS Price List mirror)
2026-08-10,AWS,ap-southeast-1,p3.2xlarge,V100,1.0,ondemand,4.234,4.234,instances.vantage.sh (AWS Price List mirror)
2026-08-10,AWS,ap-southeast-1,p3.2xlarge,V100,1.0,spot,4.234,4.234,instances.vantage.sh (AWS Price List mirror)
2026-08-10,AWS,ap-southeast-1,p3.8xlarge,V100,4.0,ondemand,16.936,4.234,instances.vantage.sh (AWS Price List mirror)
2026-08-10,AWS,ap-southeast-1,p3.8xlarge,V100,4.0,spot,16.936,4.234,instances.vantage.sh (AWS Price List mirror)
2026-08-10,AWS,ap-southeast-1,p4d.24xlarge,A100,8.0,ondemand,26.34917,3.29364625,instances.vantage.sh (AWS Price List mirror)
2026-08-10,AWS,ap-southeast-1,p4de.24xlarge,A100,8.0,ondemand,32.93646,4.1170575,instances.vantage.sh (AWS Price List mirror)
2026-08-10,AWS,ap-southeast-1,p4de.24xlarge,A100,8.0,spot,32.9365,4.1170625,instances.vantage.sh (AWS Price List mirror)
2026-08-10,AWS,ap-southeast-1-bkk-1,g4dn.2xlarge,T4,1.0,ondemand,1.578,1.578,instances.vantage.sh (AWS Price List mirror)
2026-08-10,AWS,ap-southeast-1-mnl-1,g4dn.2xlarge,T4,1.0,ondemand,1.368,1.368,instances.vantage.sh (AWS Price List mirror)
2026-08-10,AWS,ap-southeast-2,g2.2xlarge,K520,1.0,ondemand,0.898,0.898,instances.vantage.sh (AWS Price List mirror)
2026-08-10,AWS,ap-southeast-2,g2.8xlarge,K520,4.0,ondemand,3.592,0.898,instances.vantage.sh (AWS Price List mirror)
2026-08-10,AWS,ap-southeast-2,g3.16xlarge,M60,4.0,ondemand,7.016,1.754,instances.vantage.sh (AWS Price List mirror)
2026-08-10,AWS,ap-southeast-2,g3.4xlarge,M60,1.0,ondemand,1.754,1.754,instances.vantage.sh (AWS Price List mirror)
2026-08-10,AWS,ap-southeast-2,g3.8xlarge,M60,2.0,ondemand,3.508,1.754,instances.vantage.sh (AWS Price List mirror)
2026-08-10,AWS,ap-southeast-2,g3s.xlarge,M60,1.0,ondemand,1.154,1.154,instances.vantage.sh (AWS Price List mirror)
2026-08-10,AWS,ap-southeast-2,g4dn.12xlarge,T4,4.0,ondemand,5.087,1.27175,instances.vantage.sh (AWS Price List mirror)
2026-08-10,AWS,ap-southeast-2,g4dn.12xlarge,T4,4.0,spot,2.3468,0.5867,instances.vantage.sh (AWS Price List mirror)
2026-08-10,AWS,ap-southeast-2,g4dn.16xlarge,T4,1.0,ondemand,5.659,5.659,instances.vantage.sh (AWS Price List mirror)
2026-08-10,AWS,ap-southeast-2,g4dn.16xlarge,T4,1.0,spot,1.304867,1.304867,instances.vantage.sh (AWS Price List mirror)
2026-08-10,AWS,ap-southeast-2,g4dn.2xlarge,T4,1.0,ondemand,0.978,0.978,instances.vantage.sh (AWS Price List mirror)
2026-08-10,AWS,ap-southeast-2,g4dn.2xlarge,T4,1.0,spot,0.5909,0.5909,instances.vantage.sh (AWS Price List mirror)
2026-08-10,AWS,ap-southeast-2,g4dn.4xlarge,T4,1.0,ondemand,1.566,1.566,instances.vantage.sh (AWS Price List mirror)
2026-08-10,AWS,ap-southeast-2,g4dn.4xlarge,T4,1.0,spot,0.587567,0.587567,instances.vantage.sh (AWS Price List mirror)
2026-08-10,AWS,ap-southeast-2,g4dn.8xlarge,T4,1.0,ondemand,2.83,2.83,instances.vantage.sh (AWS Price List mirror)
2026-08-10,AWS,ap-southeast-2,g4dn.8xlarge,T4,1.0,spot,0.933033,0.933033,instances.vantage.sh (AWS Price List mirror)
2026-08-10,AWS,ap-southeast-2,g4dn.metal,T4,8.0,ondemand,10.174,1.27175,instances.vantage.sh (AWS Price List mirror)
2026-08-10,AWS,ap-southeast-2,g4dn.metal,T4,8.0,spot,4.379667,0.547458375,instances.vantage.sh (AWS Price List mirror)
2026-08-10,AWS,ap-southeast-2,g4dn.xlarge,T4,1.0,ondemand,0.684,0.684,instances.vantage.sh (AWS Price List mirror)
2026-08-10,AWS,ap-southeast-2,g4dn.xlarge,T4,1.0,spot,0.3339,0.3339,instances.vantage.sh (AWS Price List mirror)
2026-08-10,AWS,ap-southeast-2,g5.12xlarge,A10G,4.0,ondemand,7.37473,1.8436825,instances.vantage.sh (AWS Price List mirror)
2026-08-10,AWS,ap-southeast-2,g5.12xlarge,A10G,4.0,spot,4.76585,1.1914625,instances.vantage.sh (AWS Price List mirror)
2026-08-10,AWS,ap-southeast-2,g5.16xlarge,A10G,1.0,ondemand,5.32561,5.32561,instances.vantage.sh (AWS Price List mirror)
2026-08-10,AWS,ap-southeast-2,g5.16xlarge,A10G,1.0,spot,1.3496,1.3496,instances.vantage.sh (AWS Price List mirror)
2026-08-10,AWS,ap-southeast-2,g5.24xlarge,A10G,4.0,ondemand,10.58882,2.647205,instances.vantage.sh (AWS Price List mirror)
2026-08-10,AWS,ap-southeast-2,g5.24xlarge,A10G,4.0,spot,10.5888,2.6472,instances.vantage.sh (AWS Price List mirror)
2026-08-10,AWS,ap-southeast-2,g5.2xlarge,A10G,1.0,ondemand,1.57584,1.57584,instances.vantage.sh (AWS Price List mirror)
2026-08-10,AWS,ap-southeast-2,g5.2xlarge,A10G,1.0,spot,0.7745,0.7745,instances.vantage.sh (AWS Price List mirror)
2026-08-10,AWS,ap-southeast-2,g5.48xlarge,A10G,8.0,ondemand,21.17764,2.647205,instances.vantage.sh (AWS Price List mirror)
2026-08-10,AWS,ap-southeast-2,g5.48xlarge,A10G,8.0,spot,21.1776,2.6472,instances.vantage.sh (AWS Price List mirror)
2026-08-10,AWS,ap-southeast-2,g5.4xlarge,A10G,1.0,ondemand,2.11152,2.11152,instances.vantage.sh (AWS Price List mirror)
2026-08-10,AWS,ap-southeast-2,g5.4xlarge,A10G,1.0,spot,0.99765,0.99765,instances.vantage.sh (AWS Price List mirror)
2026-08-10,AWS,ap-southeast-2,g5.8xlarge,A10G,1.0,ondemand,3.18289,3.18289,instances.vantage.sh (AWS Price List mirror)
2026-08-10,AWS,ap-southeast-2,g5.8xlarge,A10G,1.0,spot,1.1597,1.1597,instances.vantage.sh (AWS Price List mirror)
2026-08-10,AWS,ap-southeast-2,g5.xlarge,A10G,1.0,ondemand,1.308,1.308,instances.vantage.sh (AWS Price List mirror)
2026-08-10,AWS,ap-southeast-2,g5.xlarge,A10G,1.0,spot,0.7013,0.7013,instances.vantage.sh (AWS Price List mirror)
2026-08-10,AWS,ap-southeast-2,g6.12xlarge,L4,4.0,ondemand,5.98299,1.4957475,instances.vantage.sh (AWS Price List mirror)
2026-08-10,AWS,ap-southeast-2,g6.12xlarge,L4,4.0,spot,3.379367,0.84484175,instances.vantage.sh (AWS Price List mirror)
2026-08-10,AWS,ap-southeast-2,g6.16xlarge,L4,1.0,ondemand,4.41652,4.41652,instances.vantage.sh (AWS Price List mirror)
2026-08-10,AWS,ap-southeast-2,g6.16xlarge,L4,1.0,spot,1.527667,1.527667,instances.vantage.sh (AWS Price List mirror)
2026-08-10,AWS,ap-southeast-2,g6.24xlarge,L4,4.0,ondemand,8.67909,2.1697725,instances.vantage.sh (AWS Price List mirror)
2026-08-10,AWS,ap-southeast-2,g6.24xlarge,L4,4.0,spot,6.844967,1.71124175,instances.vantage.sh (AWS Price List mirror)
2026-08-10,AWS,ap-southeast-2,g6.2xlarge,L4,1.0,ondemand,1.27107,1.27107,instances.vantage.sh (AWS Price List mirror)
2026-08-10,AWS,ap-southeast-2,g6.2xlarge,L4,1.0,spot,0.681167,0.681167,instances.vantage.sh (AWS Price List mirror)
2026-08-10,AWS,ap-southeast-2,g6.48xlarge,L4,8.0,ondemand,17.35817,2.16977125,instances.vantage.sh (AWS Price List mirror)
2026-08-10,AWS,ap-southeast-2,g6.48xlarge,L4,8.0,spot,12.4312,1.5539,instances.vantage.sh (AWS Price List mirror)
2026-08-10,AWS,ap-southeast-2,g6.4xlarge,L4,1.0,ondemand,1.72042,1.72042,instances.vantage.sh (AWS Price List mirror)
2026-08-10,AWS,ap-southeast-2,g6.4xlarge,L4,1.0,spot,1.039433,1.039433,instances.vantage.sh (AWS Price List mirror)
2026-08-10,AWS,ap-southeast-2,g6.8xlarge,L4,1.0,ondemand,2.61912,2.61912,instances.vantage.sh (AWS Price List mirror)
2026-08-10,AWS,ap-southeast-2,g6.8xlarge,L4,1.0,spot,1.078467,1.078467,instances.vantage.sh (AWS Price List mirror)
2026-08-10,AWS,ap-southeast-2,g6.xlarge,L4,1.0,ondemand,1.0464,1.0464,instances.vantage.sh (AWS Price List mirror)
2026-08-10,AWS,ap-southeast-2,g6.xlarge,L4,1.0,spot,0.615167,0.615167,instances.vantage.sh (AWS Price List mirror)
2026-08-10,AWS,ap-southeast-2,g6f.2xlarge,L4,0.25,ondemand,0.61759,2.47036,instances.vantage.sh (AWS Price List mirror)
2026-08-10,AWS,ap-southeast-2,g6f.2xlarge,L4,0.25,spot,0.48575,1.943,instances.vantage.sh (AWS Price List mirror)
2026-08-10,AWS,ap-southeast-2,g6f.4xlarge,L4,0.5,ondemand,1.23517,2.47034,instances.vantage.sh (AWS Price List mirror)
2026-08-10,AWS,ap-southeast-2,g6f.4xlarge,L4,0.5,spot,0.84035,1.6807,instances.vantage.sh (AWS Price List mirror)
2026-08-10,AWS,ap-southeast-2,g6f.large,L4,0.125,ondemand,0.26264,2.10112,instances.vantage.sh (AWS Price List mirror)
2026-08-10,AWS,ap-southeast-2,g6f.large,L4,0.125,spot,0.1901,1.5208,instances.vantage.sh (AWS Price List mirror)
2026-08-10,AWS,ap-southeast-2,g6f.xlarge,L4,0.125,ondemand,0.30879,2.47032,instances.vantage.sh (AWS Price List mirror)
2026-08-10,AWS,ap-southeast-2,g6f.xlarge,L4,0.125,spot,0.20725,1.658,instances.vantage.sh (AWS Price List mirror)
2026-08-10,AWS,ap-southeast-2,gr6.4xlarge,L4,1.0,ondemand,2.0012,2.0012,instances.vantage.sh (AWS Price List mirror)
2026-08-10,AWS,ap-southeast-2,gr6.4xlarge,L4,1.0,spot,0.6192,0.6192,instances.vantage.sh (AWS Price List mirror)
2026-08-10,AWS,ap-southeast-2,gr6.8xlarge,L4,1.0,ondemand,3.1807,3.1807,instances.vantage.sh (AWS Price List mirror)
2026-08-10,AWS,ap-southeast-2,gr6.8xlarge,L4,1.0,spot,1.2017,1.2017,instances.vantage.sh (AWS Price List mirror)
2026-08-10,AWS,ap-southeast-2,gr6f.4xlarge,L4,0.5,ondemand,1.38597,2.77194,instances.vantage.sh (AWS Price List mirror)
2026-08-10,AWS,ap-southeast-2,gr6f.4xlarge,L4,0.5,spot,0.86965,1.7393,instances.vantage.sh (AWS Price List mirror)
2026-08-10,AWS,ap-southeast-2,p2.16xlarge,K80,16.0,ondemand,24.672,1.542,instances.vantage.sh (AWS Price List mirror)
2026-08-10,AWS,ap-southeast-2,p2.8xlarge,K80,8.0,ondemand,12.336,1.542,instances.vantage.sh (AWS Price List mirror)
2026-08-10,AWS,ap-southeast-2,p2.xlarge,K80,1.0,ondemand,1.542,1.542,instances.vantage.sh (AWS Price List mirror)
2026-08-10,AWS,ap-southeast-2,p3.16xlarge,V100,8.0,ondemand,33.872,4.234,instances.vantage.sh (AWS Price List mirror)
2026-08-10,AWS,ap-southeast-2,p3.16xlarge,V100,8.0,spot,33.872,4.234,instances.vantage.sh (AWS Price List mirror)
2026-08-10,AWS,ap-southeast-2,p3.2xlarge,V100,1.0,ondemand,4.234,4.234,instances.vantage.sh (AWS Price List mirror)
2026-08-10,AWS,ap-southeast-2,p3.2xlarge,V100,1.0,spot,4.234,4.234,instances.vantage.sh (AWS Price List mirror)
2026-08-10,AWS,ap-southeast-2,p3.8xlarge,V100,4.0,ondemand,16.936,4.234,instances.vantage.sh (AWS Price List mirror)
2026-08-10,AWS,ap-southeast-2,p3.8xlarge,V100,4.0,spot,9.3148,2.3287,instances.vantage.sh (AWS Price List mirror)
2026-08-10,AWS,ap-southeast-2,p4d.24xlarge,A100,8.0,ondemand,28.54493,3.56811625,instances.vantage.sh (AWS Price List mirror)
2026-08-10,AWS,ap-southeast-2,p4d.24xlarge,A100,8.0,spot,11.6797,1.4599625,instances.vantage.sh (AWS Price List mirror)
2026-08-10,AWS,ap-southeast-2,p5.48xlarge,H100,8.0,ondemand,71.552,8.944,instances.vantage.sh (AWS Price List mirror)
2026-08-10,AWS,ap-southeast-2,p5.48xlarge,H100,8.0,spot,55.717967,6.964745875,instances.vantage.sh (AWS Price List mirror)
2026-08-10,AWS,ap-southeast-2,p5.4xlarge,H100,1.0,ondemand,8.944,8.944,instances.vantage.sh (AWS Price List mirror)
2026-08-10,AWS,ap-southeast-2-akl-1,g4dn.2xlarge,T4,1.0,ondemand,1.418,1.418,instances.vantage.sh (AWS Price List mirror)
2026-08-10,AWS,ap-southeast-2-per-1,g4dn.2xlarge,T4,1.0,ondemand,1.418,1.418,instances.vantage.sh (AWS Price List mirror)
2026-08-10,AWS,ap-southeast-3,g5.12xlarge,A10G,4.0,ondemand,7.93854,1.984635,instances.vantage.sh (AWS Price List mirror)
2026-08-10,AWS,ap-southeast-3,g5.12xlarge,A10G,4.0,spot,2.143406,0.5358515,instances.vantage.sh (AWS Price List mirror)
2026-08-10,AWS,ap-southeast-3,g5.16xlarge,A10G,1.0,ondemand,5.73277,5.73277,instances.vantage.sh (AWS Price List mirror)
2026-08-10,AWS,ap-southeast-3,g5.16xlarge,A10G,1.0,spot,0.74526,0.74526,instances.vantage.sh (AWS Price List mirror)
2026-08-10,AWS,ap-southeast-3,g5.24xlarge,A10G,4.0,ondemand,11.39836,2.84959,instances.vantage.sh (AWS Price List mirror)
2026-08-10,AWS,ap-southeast-3,g5.24xlarge,A10G,4.0,spot,5.129262,1.2823155,instances.vantage.sh (AWS Price List mirror)
2026-08-10,AWS,ap-southeast-3,g5.2xlarge,A10G,1.0,ondemand,1.69632,1.69632,instances.vantage.sh (AWS Price List mirror)
2026-08-10,AWS,ap-southeast-3,g5.2xlarge,A10G,1.0,spot,0.407117,0.407117,instances.vantage.sh (AWS Price List mirror)
2026-08-10,AWS,ap-southeast-3,g5.48xlarge,A10G,8.0,ondemand,22.79672,2.84959,instances.vantage.sh (AWS Price List mirror)
2026-08-10,AWS,ap-southeast-3,g5.48xlarge,A10G,8.0,spot,10.942426,1.36780325,instances.vantage.sh (AWS Price List mirror)
2026-08-10,AWS,ap-southeast-3,g5.4xlarge,A10G,1.0,ondemand,2.27295,2.27295,instances.vantage.sh (AWS Price List mirror)
2026-08-10,AWS,ap-southeast-3,g5.4xlarge,A10G,1.0,spot,0.43186,0.43186,instances.vantage.sh (AWS Price List mirror)
2026-08-10,AWS,ap-southeast-3,g5.8xlarge,A10G,1.0,ondemand,3.42623,3.42623,instances.vantage.sh (AWS Price List mirror)
2026-08-10,AWS,ap-southeast-3,g5.8xlarge,A10G,1.0,spot,0.959344,0.959344,instances.vantage.sh (AWS Price List mirror)
2026-08-10,AWS,ap-southeast-3,g5.xlarge,A10G,1.0,ondemand,1.408,1.408,instances.vantage.sh (AWS Price List mirror)
2026-08-10,AWS,ap-southeast-3,g5.xlarge,A10G,1.0,spot,0.39424,0.39424,instances.vantage.sh (AWS Price List mirror)
2026-08-10,AWS,ap-southeast-3,g5g.metal,T4G,2.0,ondemand,3.8395,1.91975,instances.vantage.sh (AWS Price List mirror)
2026-08-10,AWS,ap-southeast-3,g5g.metal,T4G,2.0,spot,0.883085,0.4415425,instances.vantage.sh (AWS Price List mirror)
2026-08-10,AWS,ap-southeast-3,p5.48xlarge,H100,8.0,ondemand,75.9552,9.4944,instances.vantage.sh (AWS Price List mirror)
2026-08-10,AWS,ap-southeast-3,p5.48xlarge,H100,8.0,spot,75.9552,9.4944,instances.vantage.sh (AWS Price List mirror)
2026-08-10,AWS,ap-southeast-3,p5.4xlarge,H100,1.0,ondemand,9.4944,9.4944,instances.vantage.sh (AWS Price List mirror)
2026-08-10,AWS,ap-southeast-3,p5.4xlarge,H100,1.0,spot,9.4944,9.4944,instances.vantage.sh (AWS Price List mirror)
2026-08-10,AWS,ap-southeast-3,p5en.48xlarge,H200,8.0,ondemand,87.34848,10.91856,instances.vantage.sh (AWS Price List mirror)
2026-08-10,AWS,ap-southeast-3,p5en.48xlarge,H200,8.0,spot,27.951514,3.49393925,instances.vantage.sh (AWS Price List mirror)
2026-08-10,AWS,ap-southeast-5,g6.12xlarge,L4,4.0,ondemand,5.7966,1.44915,instances.vantage.sh (AWS Price List mirror)
2026-08-10,AWS,ap-southeast-5,g6.12xlarge,L4,4.0,spot,4.231518,1.0578795,instances.vantage.sh (AWS Price List mirror)
2026-08-10,AWS,ap-southeast-5,g6.16xlarge,L4,1.0,ondemand,4.27892,4.27892,instances.vantage.sh (AWS Price List mirror)
2026-08-10,AWS,ap-southeast-5,g6.16xlarge,L4,1.0,spot,0.855784,0.855784,instances.vantage.sh (AWS Price List mirror)
2026-08-10,AWS,ap-southeast-5,g6.24xlarge,L4,4.0,ondemand,8.4087,2.102175,instances.vantage.sh (AWS Price List mirror)
2026-08-10,AWS,ap-southeast-5,g6.24xlarge,L4,4.0,spot,3.699828,0.924957,instances.vantage.sh (AWS Price List mirror)
2026-08-10,AWS,ap-southeast-5,g6.2xlarge,L4,1.0,ondemand,1.23147,1.23147,instances.vantage.sh (AWS Price List mirror)
2026-08-10,AWS,ap-southeast-5,g6.2xlarge,L4,1.0,spot,1.083694,1.083694,instances.vantage.sh (AWS Price List mirror)
2026-08-10,AWS,ap-southeast-5,g6.48xlarge,L4,8.0,ondemand,16.81739,2.10217375,instances.vantage.sh (AWS Price List mirror)
2026-08-10,AWS,ap-southeast-5,g6.48xlarge,L4,8.0,spot,13.117564,1.6396955,instances.vantage.sh (AWS Price List mirror)
2026-08-10,AWS,ap-southeast-5,g6.4xlarge,L4,1.0,ondemand,1.66682,1.66682,instances.vantage.sh (AWS Price List mirror)
2026-08-10,AWS,ap-southeast-5,g6.4xlarge,L4,1.0,spot,0.900083,0.900083,instances.vantage.sh (AWS Price List mirror)
2026-08-10,AWS,ap-southeast-5,g6.8xlarge,L4,1.0,ondemand,2.53752,2.53752,instances.vantage.sh (AWS Price List mirror)
2026-08-10,AWS,ap-southeast-5,g6.8xlarge,L4,1.0,spot,0.68513,0.68513,instances.vantage.sh (AWS Price List mirror)
2026-08-10,AWS,ap-southeast-5,g6.xlarge,L4,1.0,ondemand,1.0138,1.0138,instances.vantage.sh (AWS Price List mirror)
2026-08-10,AWS,ap-southeast-5,g6.xlarge,L4,1.0,spot,0.91242,0.91242,instances.vantage.sh (AWS Price List mirror)
2026-08-10,AWS,ap-southeast-5,gr6.4xlarge,L4,1.0,ondemand,1.9388,1.9388,instances.vantage.sh (AWS Price List mirror)
2026-08-10,AWS,ap-southeast-5,gr6.4xlarge,L4,1.0,spot,0.542864,0.542864,instances.vantage.sh (AWS Price List mirror)
2026-08-10,AWS,ap-southeast-5,gr6.8xlarge,L4,1.0,ondemand,3.08152,3.08152,instances.vantage.sh (AWS Price List mirror)
2026-08-10,AWS,ap-southeast-5,gr6.8xlarge,L4,1.0,spot,0.554674,0.554674,instances.vantage.sh (AWS Price List mirror)
2026-08-10,AWS,ca-central-1,g3.16xlarge,M60,4.0,ondemand,5.664,1.416,instances.vantage.sh (AWS Price List mirror)
2026-08-10,AWS,ca-central-1,g3.4xlarge,M60,1.0,ondemand,1.416,1.416,instances.vantage.sh (AWS Price List mirror)
2026-08-10,AWS,ca-central-1,g3.8xlarge,M60,2.0,ondemand,2.832,1.416,instances.vantage.sh (AWS Price List mirror)
2026-08-10,AWS,ca-central-1,g4ad.16xlarge,V520,4.0,ondemand,3.872,0.968,instances.vantage.sh (AWS Price List mirror)
2026-08-10,AWS,ca-central-1,g4ad.16xlarge,V520,4.0,spot,0.69185,0.1729625,instances.vantage.sh (AWS Price List mirror)
2026-08-10,AWS,ca-central-1,g4ad.2xlarge,V520,1.0,ondemand,0.60421,0.60421,instances.vantage.sh (AWS Price List mirror)
2026-08-10,AWS,ca-central-1,g4ad.2xlarge,V520,1.0,spot,0.21755,0.21755,instances.vantage.sh (AWS Price List mirror)
2026-08-10,AWS,ca-central-1,g4ad.4xlarge,V520,1.0,ondemand,0.968,0.968,instances.vantage.sh (AWS Price List mirror)
2026-08-10,AWS,ca-central-1,g4ad.4xlarge,V520,1.0,spot,0.35485,0.35485,instances.vantage.sh (AWS Price List mirror)
2026-08-10,AWS,ca-central-1,g4ad.8xlarge,V520,2.0,ondemand,1.936,0.968,instances.vantage.sh (AWS Price List mirror)
2026-08-10,AWS,ca-central-1,g4ad.8xlarge,V520,2.0,spot,0.6276,0.3138,instances.vantage.sh (AWS Price List mirror)
2026-08-10,AWS,ca-central-1,g4ad.xlarge,V520,1.0,ondemand,0.42263,0.42263,instances.vantage.sh (AWS Price List mirror)
2026-08-10,AWS,ca-central-1,g4ad.xlarge,V520,1.0,spot,0.1108,0.1108,instances.vantage.sh (AWS Price List mirror)
2026-08-10,AWS,ca-central-1,g4dn.12xlarge,T4,4.0,ondemand,4.343,1.08575,instances.vantage.sh (AWS Price List mirror)
2026-08-10,AWS,ca-central-1,g4dn.12xlarge,T4,4.0,spot,1.5387,0.384675,instances.vantage.sh (AWS Price List mirror)
2026-08-10,AWS,ca-central-1,g4dn.16xlarge,T4,1.0,ondemand,4.832,4.832,instances.vantage.sh (AWS Price List mirror)
2026-08-10,AWS,ca-central-1,g4dn.16xlarge,T4,1.0,spot,0.8142,0.8142,instances.vantage.sh (AWS Price List mirror)
2026-08-10,AWS,ca-central-1,g4dn.2xlarge,T4,1.0,ondemand,0.835,0.835,instances.vantage.sh (AWS Price List mirror)
2026-08-10,AWS,ca-central-1,g4dn.2xlarge,T4,1.0,spot,0.285,0.285,instances.vantage.sh (AWS Price List mirror)
2026-08-10,AWS,ca-central-1,g4dn.4xlarge,T4,1.0,ondemand,1.337,1.337,instances.vantage.sh (AWS Price List mirror)
2026-08-10,AWS,ca-central-1,g4dn.4xlarge,T4,1.0,spot,0.5999,0.5999,instances.vantage.sh (AWS Price List mirror)
2026-08-10,AWS,ca-central-1,g4dn.8xlarge,T4,1.0,ondemand,2.416,2.416,instances.vantage.sh (AWS Price List mirror)
2026-08-10,AWS,ca-central-1,g4dn.8xlarge,T4,1.0,spot,0.4924,0.4924,instances.vantage.sh (AWS Price List mirror)
2026-08-10,AWS,ca-central-1,g4dn.metal,T4,8.0,ondemand,8.687,1.085875,instances.vantage.sh (AWS Price List mirror)
2026-08-10,AWS,ca-central-1,g4dn.metal,T4,8.0,spot,6.49365,0.81170625,instances.vantage.sh (AWS Price List mirror)
2026-08-10,AWS,ca-central-1,g4dn.xlarge,T4,1.0,ondemand,0.584,0.584,instances.vantage.sh (AWS Price List mirror)
2026-08-10,AWS,ca-central-1,g4dn.xlarge,T4,1.0,spot,0.2457,0.2457,instances.vantage.sh (AWS Price List mirror)
2026-08-10,AWS,ca-central-1,g5.12xlarge,A10G,4.0,ondemand,6.29784,1.57446,instances.vantage.sh (AWS Price List mirror)
2026-08-10,AWS,ca-central-1,g5.12xlarge,A10G,4.0,spot,1.78845,0.4471125,instances.vantage.sh (AWS Price List mirror)
2026-08-10,AWS,ca-central-1,g5.16xlarge,A10G,1.0,ondemand,4.54794,4.54794,instances.vantage.sh (AWS Price List mirror)
2026-08-10,AWS,ca-central-1,g5.16xlarge,A10G,1.0,spot,1.06665,1.06665,instances.vantage.sh (AWS Price List mirror)
2026-08-10,AWS,ca-central-1,g5.24xlarge,A10G,4.0,ondemand,9.04259,2.2606475,instances.vantage.sh (AWS Price List mirror)
2026-08-10,AWS,ca-central-1,g5.24xlarge,A10G,4.0,spot,6.24725,1.5618125,instances.vantage.sh (AWS Price List mirror)
2026-08-10,AWS,ca-central-1,g5.2xlarge,A10G,1.0,ondemand,1.34573,1.34573,instances.vantage.sh (AWS Price List mirror)
2026-08-10,AWS,ca-central-1,g5.2xlarge,A10G,1.0,spot,0.59535,0.59535,instances.vantage.sh (AWS Price List mirror)
2026-08-10,AWS,ca-central-1,g5.48xlarge,A10G,8.0,ondemand,18.08518,2.2606475,instances.vantage.sh (AWS Price List mirror)
2026-08-10,AWS,ca-central-1,g5.48xlarge,A10G,8.0,spot,11.4623,1.4327875,instances.vantage.sh (AWS Price List mirror)
2026-08-10,AWS,ca-central-1,g5.4xlarge,A10G,1.0,ondemand,1.80319,1.80319,instances.vantage.sh (AWS Price List mirror)
2026-08-10,AWS,ca-central-1,g5.4xlarge,A10G,1.0,spot,0.8779,0.8779,instances.vantage.sh (AWS Price List mirror)
2026-08-10,AWS,ca-central-1,g5.8xlarge,A10G,1.0,ondemand,2.71811,2.71811,instances.vantage.sh (AWS Price List mirror)
2026-08-10,AWS,ca-central-1,g5.8xlarge,A10G,1.0,spot,0.8522,0.8522,instances.vantage.sh (AWS Price List mirror)
2026-08-10,AWS,ca-central-1,g5.xlarge,A10G,1.0,ondemand,1.117,1.117,instances.vantage.sh (AWS Price List mirror)
2026-08-10,AWS,ca-central-1,g5.xlarge,A10G,1.0,spot,0.52645,0.52645,instances.vantage.sh (AWS Price List mirror)
2026-08-10,AWS,ca-central-1,g6.12xlarge,L4,4.0,ondemand,5.10933,1.2773325,instances.vantage.sh (AWS Price List mirror)
2026-08-10,AWS,ca-central-1,g6.12xlarge,L4,4.0,spot,3.619467,0.90486675,instances.vantage.sh (AWS Price List mirror)
2026-08-10,AWS,ca-central-1,g6.16xlarge,L4,1.0,ondemand,3.7716,3.7716,instances.vantage.sh (AWS Price List mirror)
2026-08-10,AWS,ca-central-1,g6.16xlarge,L4,1.0,spot,1.052167,1.052167,instances.vantage.sh (AWS Price List mirror)
2026-08-10,AWS,ca-central-1,g6.24xlarge,L4,4.0,ondemand,7.41173,1.8529325,instances.vantage.sh (AWS Price List mirror)
2026-08-10,AWS,ca-central-1,g6.24xlarge,L4,4.0,spot,5.87,1.4675,instances.vantage.sh (AWS Price List mirror)
2026-08-10,AWS,ca-central-1,g6.2xlarge,L4,1.0,ondemand,1.08547,1.08547,instances.vantage.sh (AWS Price List mirror)
2026-08-10,AWS,ca-central-1,g6.2xlarge,L4,1.0,spot,0.511433,0.511433,instances.vantage.sh (AWS Price List mirror)
2026-08-10,AWS,ca-central-1,g6.48xlarge,L4,8.0,ondemand,14.82346,1.8529325,instances.vantage.sh (AWS Price List mirror)
2026-08-10,AWS,ca-central-1,g6.48xlarge,L4,8.0,spot,13.172833,1.646604125,instances.vantage.sh (AWS Price List mirror)
2026-08-10,AWS,ca-central-1,g6.4xlarge,L4,1.0,ondemand,1.4692,1.4692,instances.vantage.sh (AWS Price List mirror)
2026-08-10,AWS,ca-central-1,g6.4xlarge,L4,1.0,spot,1.030933,1.030933,instances.vantage.sh (AWS Price List mirror)
2026-08-10,AWS,ca-central-1,g6.8xlarge,L4,1.0,ondemand,2.23666,2.23666,instances.vantage.sh (AWS Price List mirror)
2026-08-10,AWS,ca-central-1,g6.8xlarge,L4,1.0,spot,0.9051,0.9051,instances.vantage.sh (AWS Price List mirror)
2026-08-10,AWS,ca-central-1,g6.xlarge,L4,1.0,ondemand,0.8936,0.8936,instances.vantage.sh (AWS Price List mirror)
2026-08-10,AWS,ca-central-1,g6.xlarge,L4,1.0,spot,0.678567,0.678567,instances.vantage.sh (AWS Price List mirror)
2026-08-10,AWS,ca-central-1,g6f.2xlarge,L4,0.25,ondemand,0.52741,2.10964,instances.vantage.sh (AWS Price List mirror)
2026-08-10,AWS,ca-central-1,g6f.2xlarge,L4,0.25,spot,0.5274,2.1096,instances.vantage.sh (AWS Price List mirror)
2026-08-10,AWS,ca-central-1,g6f.4xlarge,L4,0.5,ondemand,1.05482,2.10964,instances.vantage.sh (AWS Price List mirror)
2026-08-10,AWS,ca-central-1,g6f.4xlarge,L4,0.5,spot,1.0548,2.1096,instances.vantage.sh (AWS Price List mirror)
2026-08-10,AWS,ca-central-1,g6f.large,L4,0.125,ondemand,0.22429,1.79432,instances.vantage.sh (AWS Price List mirror)
2026-08-10,AWS,ca-central-1,g6f.large,L4,0.125,spot,0.2243,1.7944,instances.vantage.sh (AWS Price List mirror)
2026-08-10,AWS,ca-central-1,g6f.xlarge,L4,0.125,ondemand,0.26371,2.10968,instances.vantage.sh (AWS Price List mirror)
2026-08-10,AWS,ca-central-1,g6f.xlarge,L4,0.125,spot,0.2637,2.1096,instances.vantage.sh (AWS Price List mirror)
2026-08-10,AWS,ca-central-1,gr6.4xlarge,L4,1.0,ondemand,1.709,1.709,instances.vantage.sh (AWS Price List mirror)
2026-08-10,AWS,ca-central-1,gr6.4xlarge,L4,1.0,spot,0.4153,0.4153,instances.vantage.sh (AWS Price List mirror)
2026-08-10,AWS,ca-central-1,gr6.8xlarge,L4,1.0,ondemand,2.71628,2.71628,instances.vantage.sh (AWS Price List mirror)
2026-08-10,AWS,ca-central-1,gr6.8xlarge,L4,1.0,spot,0.7278,0.7278,instances.vantage.sh (AWS Price List mirror)
2026-08-10,AWS,ca-central-1,gr6f.4xlarge,L4,0.5,ondemand,1.1836,2.3672,instances.vantage.sh (AWS Price List mirror)
2026-08-10,AWS,ca-central-1,gr6f.4xlarge,L4,0.5,spot,0.77035,1.5407,instances.vantage.sh (AWS Price List mirror)
2026-08-10,AWS,ca-central-1,p3.16xlarge,V100,8.0,ondemand,26.928,3.366,instances.vantage.sh (AWS Price List mirror)
2026-08-10,AWS,ca-central-1,p3.16xlarge,V100,8.0,spot,11.84832,1.48104,instances.vantage.sh (AWS Price List mirror)
2026-08-10,AWS,ca-central-1,p3.2xlarge,V100,1.0,ondemand,3.366,3.366,instances.vantage.sh (AWS Price List mirror)
2026-08-10,AWS,ca-central-1,p3.2xlarge,V100,1.0,spot,3.366,3.366,instances.vantage.sh (AWS Price List mirror)
2026-08-10,AWS,ca-central-1,p3.8xlarge,V100,4.0,ondemand,13.464,3.366,instances.vantage.sh (AWS Price List mirror)
2026-08-10,AWS,ca-central-1,p3.8xlarge,V100,4.0,spot,7.13592,1.78398,instances.vantage.sh (AWS Price List mirror)
2026-08-10,AWS,ca-central-1,p4d.24xlarge,A100,8.0,ondemand,25.25174,3.1564675,instances.vantage.sh (AWS Price List mirror)
2026-08-10,AWS,ca-central-1,p4d.24xlarge,A100,8.0,spot,25.2517,3.1564625,instances.vantage.sh (AWS Price List mirror)
2026-08-10,AWS,ca-central-1,p5.48xlarge,H100,8.0,ondemand,63.296,7.912,instances.vantage.sh (AWS Price List mirror)
2026-08-10,AWS,ca-central-1,p5.48xlarge,H100,8.0,spot,63.296,7.912,instances.vantage.sh (AWS Price List mirror)
2026-08-10,AWS,ca-central-1-wl1-yto1,g4dn.2xlarge,T4,1.0,ondemand,1.252,1.252,instances.vantage.sh (AWS Price List mirror)
2026-08-10,AWS,eu-central-1,dl2q.24xlarge,Qualcomm AI 100 Accelerators,8.0,ondemand,11.5952,1.4494,instances.vantage.sh (AWS Price List mirror)
2026-08-10,AWS,eu-central-1,dl2q.24xlarge,Qualcomm AI 100 Accelerators,8.0,spot,3.47856,0.43482,instances.vantage.sh (AWS Price List mirror)
2026-08-10,AWS,eu-central-1,g2.2xlarge,K520,1.0,ondemand,0.772,0.772,instances.vantage.sh (AWS Price List mirror)
2026-08-10,AWS,eu-central-1,g2.8xlarge,K520,4.0,ondemand,3.088,0.772,instances.vantage.sh (AWS Price List mirror)
2026-08-10,AWS,eu-central-1,g3.16xlarge,M60,4.0,ondemand,5.7,1.425,instances.vantage.sh (AWS Price List mirror)
2026-08-10,AWS,eu-central-1,g3.4xlarge,M60,1.0,ondemand,1.425,1.425,instances.vantage.sh (AWS Price List mirror)
2026-08-10,AWS,eu-central-1,g3.8xlarge,M60,2.0,ondemand,2.85,1.425,instances.vantage.sh (AWS Price List mirror)
2026-08-10,AWS,eu-central-1,g3s.xlarge,M60,1.0,ondemand,0.938,0.938,instances.vantage.sh (AWS Price List mirror)
2026-08-10,AWS,eu-central-1,g4ad.16xlarge,V520,4.0,ondemand,4.336,1.084,instances.vantage.sh (AWS Price List mirror)
2026-08-10,AWS,eu-central-1,g4ad.16xlarge,V520,4.0,spot,1.70055,0.4251375,instances.vantage.sh (AWS Price List mirror)
2026-08-10,AWS,eu-central-1,g4ad.2xlarge,V520,1.0,ondemand,0.67662,0.67662,instances.vantage.sh (AWS Price List mirror)
2026-08-10,AWS,eu-central-1,g4ad.2xlarge,V520,1.0,spot,0.25395,0.25395,instances.vantage.sh (AWS Price List mirror)
2026-08-10,AWS,eu-central-1,g4ad.4xlarge,V520,1.0,ondemand,1.084,1.084,instances.vantage.sh (AWS Price List mirror)
2026-08-10,AWS,eu-central-1,g4ad.4xlarge,V520,1.0,spot,0.5012,0.5012,instances.vantage.sh (AWS Price List mirror)
2026-08-10,AWS,eu-central-1,g4ad.8xlarge,V520,2.0,ondemand,2.168,1.084,instances.vantage.sh (AWS Price List mirror)
2026-08-10,AWS,eu-central-1,g4ad.8xlarge,V520,2.0,spot,0.9332,0.4666,instances.vantage.sh (AWS Price List mirror)
2026-08-10,AWS,eu-central-1,g4ad.xlarge,V520,1.0,ondemand,0.47327,0.47327,instances.vantage.sh (AWS Price List mirror)
2026-08-10,AWS,eu-central-1,g4ad.xlarge,V520,1.0,spot,0.1436,0.1436,instances.vantage.sh (AWS Price List mirror)
2026-08-10,AWS,eu-central-1,g4dn.12xlarge,T4,4.0,ondemand,4.89,1.2225,instances.vantage.sh (AWS Price List mirror)
2026-08-10,AWS,eu-central-1,g4dn.12xlarge,T4,4.0,spot,1.878933,0.46973325,instances.vantage.sh (AWS Price List mirror)
2026-08-10,AWS,eu-central-1,g4dn.16xlarge,T4,1.0,ondemand,5.44,5.44,instances.vantage.sh (AWS Price List mirror)
2026-08-10,AWS,eu-central-1,g4dn.16xlarge,T4,1.0,spot,1.387467,1.387467,instances.vantage.sh (AWS Price List mirror)
2026-08-10,AWS,eu-central-1,g4dn.2xlarge,T4,1.0,ondemand,0.94,0.94,instances.vantage.sh (AWS Price List mirror)
2026-08-10,AWS,eu-central-1,g4dn.2xlarge,T4,1.0,spot,0.438733,0.438733,instances.vantage.sh (AWS Price List mirror)
2026-08-10,AWS,eu-central-1,g4dn.4xlarge,T4,1.0,ondemand,1.505,1.505,instances.vantage.sh (AWS Price List mirror)
2026-08-10,AWS,eu-central-1,g4dn.4xlarge,T4,1.0,spot,0.672,0.672,instances.vantage.sh (AWS Price List mirror)
2026-08-10,AWS,eu-central-1,g4dn.8xlarge,T4,1.0,ondemand,2.72,2.72,instances.vantage.sh (AWS Price List mirror)
2026-08-10,AWS,eu-central-1,g4dn.8xlarge,T4,1.0,spot,1.1042,1.1042,instances.vantage.sh (AWS Price List mirror)
2026-08-10,AWS,eu-central-1,g4dn.metal,T4,8.0,ondemand,9.78,1.2225,instances.vantage.sh (AWS Price List mirror)
2026-08-10,AWS,eu-central-1,g4dn.metal,T4,8.0,spot,4.178667,0.522333375,instances.vantage.sh (AWS Price List mirror)
2026-08-10,AWS,eu-central-1,g4dn.xlarge,T4,1.0,ondemand,0.658,0.658,instances.vantage.sh (AWS Price List mirror)
2026-08-10,AWS,eu-central-1,g4dn.xlarge,T4,1.0,spot,0.3184,0.3184,instances.vantage.sh (AWS Price List mirror)
2026-08-10,AWS,eu-central-1,g5.12xlarge,A10G,4.0,ondemand,7.09282,1.773205,instances.vantage.sh (AWS Price List mirror)
2026-08-10,AWS,eu-central-1,g5.12xlarge,A10G,4.0,spot,3.440467,0.86011675,instances.vantage.sh (AWS Price List mirror)
2026-08-10,AWS,eu-central-1,g5.16xlarge,A10G,1.0,ondemand,5.12204,5.12204,instances.vantage.sh (AWS Price List mirror)
2026-08-10,AWS,eu-central-1,g5.16xlarge,A10G,1.0,spot,1.979133,1.979133,instances.vantage.sh (AWS Price List mirror)
2026-08-10,AWS,eu-central-1,g5.24xlarge,A10G,4.0,ondemand,10.18405,2.5460125,instances.vantage.sh (AWS Price List mirror)
2026-08-10,AWS,eu-central-1,g5.24xlarge,A10G,4.0,spot,7.023333,1.75583325,instances.vantage.sh (AWS Price List mirror)
2026-08-10,AWS,eu-central-1,g5.2xlarge,A10G,1.0,ondemand,1.5156,1.5156,instances.vantage.sh (AWS Price List mirror)
2026-08-10,AWS,eu-central-1,g5.2xlarge,A10G,1.0,spot,0.7402,0.7402,instances.vantage.sh (AWS Price List mirror)
2026-08-10,AWS,eu-central-1,g5.48xlarge,A10G,8.0,ondemand,20.3681,2.5460125,instances.vantage.sh (AWS Price List mirror)
2026-08-10,AWS,eu-central-1,g5.48xlarge,A10G,8.0,spot,16.319133,2.039891625,instances.vantage.sh (AWS Price List mirror)
2026-08-10,AWS,eu-central-1,g5.4xlarge,A10G,1.0,ondemand,2.03081,2.03081,instances.vantage.sh (AWS Price List mirror)
2026-08-10,AWS,eu-central-1,g5.4xlarge,A10G,1.0,spot,1.0342,1.0342,instances.vantage.sh (AWS Price List mirror)
2026-08-10,AWS,eu-central-1,g5.8xlarge,A10G,1.0,ondemand,3.06122,3.06122,instances.vantage.sh (AWS Price List mirror)
2026-08-10,AWS,eu-central-1,g5.8xlarge,A10G,1.0,spot,1.2119,1.2119,instances.vantage.sh (AWS Price List mirror)
2026-08-10,AWS,eu-central-1,g5.xlarge,A10G,1.0,ondemand,1.258,1.258,instances.vantage.sh (AWS Price List mirror)
2026-08-10,AWS,eu-central-1,g5.xlarge,A10G,1.0,spot,0.5411,0.5411,instances.vantage.sh (AWS Price List mirror)
2026-08-10,AWS,eu-central-1,g5g.16xlarge,T4G,2.0,ondemand,3.4326,1.7163,instances.vantage.sh (AWS Price List mirror)
2026-08-10,AWS,eu-central-1,g5g.16xlarge,T4G,2.0,spot,0.8957,0.44785,instances.vantage.sh (AWS Price List mirror)
2026-08-10,AWS,eu-central-1,g5g.2xlarge,T4G,1.0,ondemand,0.6955,0.6955,instances.vantage.sh (AWS Price List mirror)
2026-08-10,AWS,eu-central-1,g5g.2xlarge,T4G,1.0,spot,0.1764,0.1764,instances.vantage.sh (AWS Price List mirror)
2026-08-10,AWS,eu-central-1,g5g.4xlarge,T4G,1.0,ondemand,1.0358,1.0358,instances.vantage.sh (AWS Price List mirror)
2026-08-10,AWS,eu-central-1,g5g.4xlarge,T4G,1.0,spot,0.4116,0.4116,instances.vantage.sh (AWS Price List mirror)
2026-08-10,AWS,eu-central-1,g5g.8xlarge,T4G,1.0,ondemand,1.7163,1.7163,instances.vantage.sh (AWS Price List mirror)
2026-08-10,AWS,eu-central-1,g5g.8xlarge,T4G,1.0,spot,0.3759,0.3759,instances.vantage.sh (AWS Price List mirror)
2026-08-10,AWS,eu-central-1,g5g.metal,T4G,2.0,ondemand,3.4326,1.7163,instances.vantage.sh (AWS Price List mirror)
2026-08-10,AWS,eu-central-1,g5g.metal,T4G,2.0,spot,0.6933,0.34665,instances.vantage.sh (AWS Price List mirror)
2026-08-10,AWS,eu-central-1,g5g.xlarge,T4G,1.0,ondemand,0.5254,0.5254,instances.vantage.sh (AWS Price List mirror)
2026-08-10,AWS,eu-central-1,g5g.xlarge,T4G,1.0,spot,0.1185,0.1185,instances.vantage.sh (AWS Price List mirror)
2026-08-10,AWS,eu-central-1,g6.12xlarge,L4,4.0,ondemand,5.75429,1.4385725,instances.vantage.sh (AWS Price List mirror)
2026-08-10,AWS,eu-central-1,g6.12xlarge,L4,4.0,spot,2.477067,0.61926675,instances.vantage.sh (AWS Price List mirror)
2026-08-10,AWS,eu-central-1,g6.16xlarge,L4,1.0,ondemand,4.24769,4.24769,instances.vantage.sh (AWS Price List mirror)
2026-08-10,AWS,eu-central-1,g6.16xlarge,L4,1.0,spot,1.449367,1.449367,instances.vantage.sh (AWS Price List mirror)
2026-08-10,AWS,eu-central-1,g6.24xlarge,L4,4.0,ondemand,8.34732,2.08683,instances.vantage.sh (AWS Price List mirror)
2026-08-10,AWS,eu-central-1,g6.24xlarge,L4,4.0,spot,2.880367,0.72009175,instances.vantage.sh (AWS Price List mirror)
2026-08-10,AWS,eu-central-1,g6.2xlarge,L4,1.0,ondemand,1.22249,1.22249,instances.vantage.sh (AWS Price List mirror)
2026-08-10,AWS,eu-central-1,g6.2xlarge,L4,1.0,spot,0.5686,0.5686,instances.vantage.sh (AWS Price List mirror)
2026-08-10,AWS,eu-central-1,g6.48xlarge,L4,8.0,ondemand,16.69464,2.08683,instances.vantage.sh (AWS Price List mirror)
2026-08-10,AWS,eu-central-1,g6.48xlarge,L4,8.0,spot,5.943033,0.742879125,instances.vantage.sh (AWS Price List mirror)
2026-08-10,AWS,eu-central-1,g6.4xlarge,L4,1.0,ondemand,1.65466,1.65466,instances.vantage.sh (AWS Price List mirror)
2026-08-10,AWS,eu-central-1,g6.4xlarge,L4,1.0,spot,0.651667,0.651667,instances.vantage.sh (AWS Price List mirror)
2026-08-10,AWS,eu-central-1,g6.8xlarge,L4,1.0,ondemand,2.519,2.519,instances.vantage.sh (AWS Price List mirror)
2026-08-10,AWS,eu-central-1,g6.8xlarge,L4,1.0,spot,0.9456,0.9456,instances.vantage.sh (AWS Price List mirror)
2026-08-10,AWS,eu-central-1,g6.xlarge,L4,1.0,ondemand,1.0064,1.0064,instances.vantage.sh (AWS Price List mirror)
2026-08-10,AWS,eu-central-1,g6.xlarge,L4,1.0,spot,0.4584,0.4584,instances.vantage.sh (AWS Price List mirror)
2026-08-10,AWS,eu-central-1,g6e.12xlarge,L40S,4.0,ondemand,13.12002,3.280005,instances.vantage.sh (AWS Price List mirror)
2026-08-10,AWS,eu-central-1,g6e.12xlarge,L40S,4.0,spot,6.884533,1.72113325,instances.vantage.sh (AWS Price List mirror)
2026-08-10,AWS,eu-central-1,g6e.16xlarge,L40S,1.0,ondemand,9.47454,9.47454,instances.vantage.sh (AWS Price List mirror)
2026-08-10,AWS,eu-central-1,g6e.16xlarge,L40S,1.0,spot,2.913567,2.913567,instances.vantage.sh (AWS Price List mirror)
2026-08-10,AWS,eu-central-1,g6e.24xlarge,L40S,4.0,ondemand,18.83806,4.709515,instances.vantage.sh (AWS Price List mirror)
2026-08-10,AWS,eu-central-1,g6e.24xlarge,L40S,4.0,spot,10.673067,2.66826675,instances.vantage.sh (AWS Price List mirror)
2026-08-10,AWS,eu-central-1,g6e.2xlarge,L40S,1.0,ondemand,2.8035,2.8035,instances.vantage.sh (AWS Price List mirror)
2026-08-10,AWS,eu-central-1,g6e.2xlarge,L40S,1.0,spot,2.294467,2.294467,instances.vantage.sh (AWS Price List mirror)
2026-08-10,AWS,eu-central-1,g6e.48xlarge,L40S,8.0,ondemand,37.67612,4.709515,instances.vantage.sh (AWS Price List mirror)
2026-08-10,AWS,eu-central-1,g6e.48xlarge,L40S,8.0,spot,35.2758,4.409475,instances.vantage.sh (AWS Price List mirror)
2026-08-10,AWS,eu-central-1,g6e.4xlarge,L40S,1.0,ondemand,3.75651,3.75651,instances.vantage.sh (AWS Price List mirror)
2026-08-10,AWS,eu-central-1,g6e.4xlarge,L40S,1.0,spot,1.450533,1.450533,instances.vantage.sh (AWS Price List mirror)
2026-08-10,AWS,eu-central-1,g6e.8xlarge,L40S,1.0,ondemand,5.66252,5.66252,instances.vantage.sh (AWS Price List mirror)
2026-08-10,AWS,eu-central-1,g6e.8xlarge,L40S,1.0,spot,2.848467,2.848467,instances.vantage.sh (AWS Price List mirror)
2026-08-10,AWS,eu-central-1,g6e.xlarge,L40S,1.0,ondemand,2.327,2.327,instances.vantage.sh (AWS Price List mirror)
2026-08-10,AWS,eu-central-1,g6e.xlarge,L40S,1.0,spot,2.163,2.163,instances.vantage.sh (AWS Price List mirror)
2026-08-10,AWS,eu-central-1,g6f.2xlarge,L4,0.25,ondemand,0.594,2.376,instances.vantage.sh (AWS Price List mirror)
2026-08-10,AWS,eu-central-1,g6f.2xlarge,L4,0.25,spot,0.22595,0.9038,instances.vantage.sh (AWS Price List mirror)
2026-08-10,AWS,eu-central-1,g6f.4xlarge,L4,0.5,ondemand,1.188,2.376,instances.vantage.sh (AWS Price List mirror)
2026-08-10,AWS,eu-central-1,g6f.4xlarge,L4,0.5,spot,0.49285,0.9857,instances.vantage.sh (AWS Price List mirror)
2026-08-10,AWS,eu-central-1,g6f.large,L4,0.125,ondemand,0.25261,2.02088,instances.vantage.sh (AWS Price List mirror)
2026-08-10,AWS,eu-central-1,g6f.large,L4,0.125,spot,0.089,0.712,instances.vantage.sh (AWS Price List mirror)
2026-08-10,AWS,eu-central-1,g6f.xlarge,L4,0.125,ondemand,0.297,2.376,instances.vantage.sh (AWS Price List mirror)
2026-08-10,AWS,eu-central-1,g6f.xlarge,L4,0.125,spot,0.12025,0.962,instances.vantage.sh (AWS Price List mirror)
2026-08-10,AWS,eu-central-1,g7e.12xlarge,NVIDIA RTX PRO 6000 Blackwell,2.0,ondemand,14.09088,7.04544,instances.vantage.sh (AWS Price List mirror)
2026-08-10,AWS,eu-central-1,g7e.12xlarge,NVIDIA RTX PRO 6000 Blackwell,2.0,spot,3.1962,1.5981,instances.vantage.sh (AWS Price List mirror)
2026-08-10,AWS,eu-central-1,g7e.24xlarge,NVIDIA RTX PRO 6000 Blackwell,4.0,ondemand,28.18177,7.0454425,instances.vantage.sh (AWS Price List mirror)
2026-08-10,AWS,eu-central-1,g7e.24xlarge,NVIDIA RTX PRO 6000 Blackwell,4.0,spot,17.0575,4.264375,instances.vantage.sh (AWS Price List mirror)
2026-08-10,AWS,eu-central-1,g7e.2xlarge,NVIDIA RTX PRO 6000 Blackwell,1.0,ondemand,5.71915,5.71915,instances.vantage.sh (AWS Price List mirror)
2026-08-10,AWS,eu-central-1,g7e.2xlarge,NVIDIA RTX PRO 6000 Blackwell,1.0,spot,1.8883,1.8883,instances.vantage.sh (AWS Price List mirror)
2026-08-10,AWS,eu-central-1,g7e.48xlarge,NVIDIA RTX PRO 6000 Blackwell,8.0,ondemand,56.36354,7.0454425,instances.vantage.sh (AWS Price List mirror)
2026-08-10,AWS,eu-central-1,g7e.48xlarge,NVIDIA RTX PRO 6000 Blackwell,8.0,spot,20.02675,2.50334375,instances.vantage.sh (AWS Price List mirror)
2026-08-10,AWS,eu-central-1,g7e.4xlarge,NVIDIA RTX PRO 6000 Blackwell,1.0,ondemand,6.79907,6.79907,instances.vantage.sh (AWS Price List mirror)
2026-08-10,AWS,eu-central-1,g7e.4xlarge,NVIDIA RTX PRO 6000 Blackwell,1.0,spot,1.94225,1.94225,instances.vantage.sh (AWS Price List mirror)
2026-08-10,AWS,eu-central-1,g7e.8xlarge,NVIDIA RTX PRO 6000 Blackwell,1.0,ondemand,8.9589,8.9589,instances.vantage.sh (AWS Price List mirror)
2026-08-10,AWS,eu-central-1,g7e.8xlarge,NVIDIA RTX PRO 6000 Blackwell,1.0,spot,2.07755,2.07755,instances.vantage.sh (AWS Price List mirror)
2026-08-10,AWS,eu-central-1,gr6.4xlarge,L4,1.0,ondemand,1.9248,1.9248,instances.vantage.sh (AWS Price List mirror)
2026-08-10,AWS,eu-central-1,gr6.4xlarge,L4,1.0,spot,0.77975,0.77975,instances.vantage.sh (AWS Price List mirror)
2026-08-10,AWS,eu-central-1,gr6.8xlarge,L4,1.0,ondemand,3.05927,3.05927,instances.vantage.sh (AWS Price List mirror)
2026-08-10,AWS,eu-central-1,gr6.8xlarge,L4,1.0,spot,1.0436,1.0436,instances.vantage.sh (AWS Price List mirror)
2026-08-10,AWS,eu-central-1,gr6f.4xlarge,L4,0.5,ondemand,1.33305,2.6661,instances.vantage.sh (AWS Price List mirror)
2026-08-10,AWS,eu-central-1,gr6f.4xlarge,L4,0.5,spot,0.5134,1.0268,instances.vantage.sh (AWS Price List mirror)
2026-08-10,AWS,eu-central-1,p2.16xlarge,K80,16.0,ondemand,21.216,1.326,instances.vantage.sh (AWS Price List mirror)
2026-08-10,AWS,eu-central-1,p2.8xlarge,K80,8.0,ondemand,10.608,1.326,instances.vantage.sh (AWS Price List mirror)
2026-08-10,AWS,eu-central-1,p2.xlarge,K80,1.0,ondemand,1.326,1.326,instances.vantage.sh (AWS Price List mirror)
2026-08-10,AWS,eu-central-1,p3.16xlarge,V100,8.0,ondemand,30.584,3.823,instances.vantage.sh (AWS Price List mirror)
2026-08-10,AWS,eu-central-1,p3.16xlarge,V100,8.0,spot,30.584,3.823,instances.vantage.sh (AWS Price List mirror)
2026-08-10,AWS,eu-central-1,p3.2xlarge,V100,1.0,ondemand,3.823,3.823,instances.vantage.sh (AWS Price List mirror)
2026-08-10,AWS,eu-central-1,p3.2xlarge,V100,1.0,spot,3.823,3.823,instances.vantage.sh (AWS Price List mirror)
2026-08-10,AWS,eu-central-1,p3.8xlarge,V100,4.0,ondemand,15.292,3.823,instances.vantage.sh (AWS Price List mirror)
2026-08-10,AWS,eu-central-1,p3.8xlarge,V100,4.0,spot,10.10075,2.5251875,instances.vantage.sh (AWS Price List mirror)
2026-08-10,AWS,eu-central-1,p4d.24xlarge,A100,8.0,ondemand,27.43298,3.4291225,instances.vantage.sh (AWS Price List mirror)
2026-08-10,AWS,eu-central-1,p4d.24xlarge,A100,8.0,spot,22.022667,2.752833375,instances.vantage.sh (AWS Price List mirror)
2026-08-10,AWS,eu-central-1,p4de.24xlarge,A100,8.0,ondemand,34.29122,4.2864025,instances.vantage.sh (AWS Price List mirror)
2026-08-10,AWS,eu-central-1,p4de.24xlarge,A100,8.0,spot,22.1503,2.7687875,instances.vantage.sh (AWS Price List mirror)
2026-08-10,AWS,eu-central-1-ham-1,g4dn.2xlarge,T4,1.0,ondemand,1.363,1.363,instances.vantage.sh (AWS Price List mirror)
2026-08-10,AWS,eu-central-1-waw-1,g4dn.2xlarge,T4,1.0,ondemand,1.175,1.175,instances.vantage.sh (AWS Price List mirror)
2026-08-10,AWS,eu-central-1-wl1-ber1,g4dn.2xlarge,T4,1.0,ondemand,1.222,1.222,instances.vantage.sh (AWS Price List mirror)
2026-08-10,AWS,eu-central-1-wl1-dtm1,g4dn.2xlarge,T4,1.0,ondemand,1.222,1.222,instances.vantage.sh (AWS Price List mirror)
2026-08-10,AWS,eu-central-1-wl1-muc1,g4dn.2xlarge,T4,1.0,ondemand,1.222,1.222,instances.vantage.sh (AWS Price List mirror)
2026-08-10,AWS,eu-central-2,g6.12xlarge,L4,4.0,ondemand,6.2037,1.550925,instances.vantage.sh (AWS Price List mirror)
2026-08-10,AWS,eu-central-2,g6.12xlarge,L4,4.0,spot,1.799073,0.44976825,instances.vantage.sh (AWS Price List mirror)
2026-08-10,AWS,eu-central-2,g6.16xlarge,L4,1.0,ondemand,4.57943,4.57943,instances.vantage.sh (AWS Price List mirror)
2026-08-10,AWS,eu-central-2,g6.16xlarge,L4,1.0,spot,0.870092,0.870092,instances.vantage.sh (AWS Price List mirror)
2026-08-10,AWS,eu-central-2,g6.24xlarge,L4,4.0,ondemand,8.99924,2.24981,instances.vantage.sh (AWS Price List mirror)
2026-08-10,AWS,eu-central-2,g6.24xlarge,L4,4.0,spot,1.88984,0.47246,instances.vantage.sh (AWS Price List mirror)
2026-08-10,AWS,eu-central-2,g6.2xlarge,L4,1.0,ondemand,1.31796,1.31796,instances.vantage.sh (AWS Price List mirror)
2026-08-10,AWS,eu-central-2,g6.2xlarge,L4,1.0,spot,0.382208,0.382208,instances.vantage.sh (AWS Price List mirror)
2026-08-10,AWS,eu-central-2,g6.48xlarge,L4,8.0,ondemand,17.99849,2.24981125,instances.vantage.sh (AWS Price List mirror)
2026-08-10,AWS,eu-central-2,g6.48xlarge,L4,8.0,spot,3.599698,0.44996225,instances.vantage.sh (AWS Price List mirror)
2026-08-10,AWS,eu-central-2,g6.4xlarge,L4,1.0,ondemand,1.78389,1.78389,instances.vantage.sh (AWS Price List mirror)
2026-08-10,AWS,eu-central-2,g6.4xlarge,L4,1.0,spot,0.48165,0.48165,instances.vantage.sh (AWS Price List mirror)
2026-08-10,AWS,eu-central-2,g6.8xlarge,L4,1.0,ondemand,2.71574,2.71574,instances.vantage.sh (AWS Price List mirror)
2026-08-10,AWS,eu-central-2,g6.8xlarge,L4,1.0,spot,0.570305,0.570305,instances.vantage.sh (AWS Price List mirror)
2026-08-10,AWS,eu-central-2,g6.xlarge,L4,1.0,ondemand,1.085,1.085,instances.vantage.sh (AWS Price List mirror)
2026-08-10,AWS,eu-central-2,g6.xlarge,L4,1.0,spot,0.22785,0.22785,instances.vantage.sh (AWS Price List mirror)
2026-08-10,AWS,eu-central-2,gr6.4xlarge,L4,1.0,ondemand,2.1649,2.1649,instances.vantage.sh (AWS Price List mirror)
2026-08-10,AWS,eu-central-2,gr6.4xlarge,L4,1.0,spot,0.454629,0.454629,instances.vantage.sh (AWS Price List mirror)
2026-08-10,AWS,eu-central-2,gr6.8xlarge,L4,1.0,ondemand,3.44089,3.44089,instances.vantage.sh (AWS Price List mirror)
2026-08-10,AWS,eu-central-2,gr6.8xlarge,L4,1.0,spot,0.722587,0.722587,instances.vantage.sh (AWS Price List mirror)
2026-08-10,AWS,eu-north-1,g4dn.12xlarge,T4,4.0,ondemand,4.15,1.0375,instances.vantage.sh (AWS Price List mirror)
2026-08-10,AWS,eu-north-1,g4dn.12xlarge,T4,4.0,spot,1.610233,0.40255825,instances.vantage.sh (AWS Price List mirror)
2026-08-10,AWS,eu-north-1,g4dn.16xlarge,T4,1.0,ondemand,4.617,4.617,instances.vantage.sh (AWS Price List mirror)
2026-08-10,AWS,eu-north-1,g4dn.16xlarge,T4,1.0,spot,0.4617,0.4617,instances.vantage.sh (AWS Price List mirror)
2026-08-10,AWS,eu-north-1,g4dn.2xlarge,T4,1.0,ondemand,0.798,0.798,instances.vantage.sh (AWS Price List mirror)
2026-08-10,AWS,eu-north-1,g4dn.2xlarge,T4,1.0,spot,0.197133,0.197133,instances.vantage.sh (AWS Price List mirror)
2026-08-10,AWS,eu-north-1,g4dn.4xlarge,T4,1.0,ondemand,1.277,1.277,instances.vantage.sh (AWS Price List mirror)
2026-08-10,AWS,eu-north-1,g4dn.4xlarge,T4,1.0,spot,0.392367,0.392367,instances.vantage.sh (AWS Price List mirror)
2026-08-10,AWS,eu-north-1,g4dn.8xlarge,T4,1.0,ondemand,2.308,2.308,instances.vantage.sh (AWS Price List mirror)
2026-08-10,AWS,eu-north-1,g4dn.8xlarge,T4,1.0,spot,0.348033,0.348033,instances.vantage.sh (AWS Price List mirror)
2026-08-10,AWS,eu-north-1,g4dn.metal,T4,8.0,ondemand,8.3,1.0375,instances.vantage.sh (AWS Price List mirror)
2026-08-10,AWS,eu-north-1,g4dn.metal,T4,8.0,spot,2.926,0.36575,instances.vantage.sh (AWS Price List mirror)
2026-08-10,AWS,eu-north-1,g4dn.xlarge,T4,1.0,ondemand,0.558,0.558,instances.vantage.sh (AWS Price List mirror)
2026-08-10,AWS,eu-north-1,g4dn.xlarge,T4,1.0,spot,0.1765,0.1765,instances.vantage.sh (AWS Price List mirror)
2026-08-10,AWS,eu-north-1,g5.12xlarge,A10G,4.0,ondemand,6.01593,1.5039825,instances.vantage.sh (AWS Price List mirror)
2026-08-10,AWS,eu-north-1,g5.12xlarge,A10G,4.0,spot,2.6681,0.667025,instances.vantage.sh (AWS Price List mirror)
2026-08-10,AWS,eu-north-1,g5.16xlarge,A10G,1.0,ondemand,4.34437,4.34437,instances.vantage.sh (AWS Price List mirror)
2026-08-10,AWS,eu-north-1,g5.16xlarge,A10G,1.0,spot,1.10185,1.10185,instances.vantage.sh (AWS Price List mirror)
2026-08-10,AWS,eu-north-1,g5.24xlarge,A10G,4.0,ondemand,8.63782,2.159455,instances.vantage.sh (AWS Price List mirror)
2026-08-10,AWS,eu-north-1,g5.24xlarge,A10G,4.0,spot,3.09035,0.7725875,instances.vantage.sh (AWS Price List mirror)
2026-08-10,AWS,eu-north-1,g5.2xlarge,A10G,1.0,ondemand,1.28549,1.28549,instances.vantage.sh (AWS Price List mirror)
2026-08-10,AWS,eu-north-1,g5.2xlarge,A10G,1.0,spot,0.4786,0.4786,instances.vantage.sh (AWS Price List mirror)
2026-08-10,AWS,eu-north-1,g5.48xlarge,A10G,8.0,ondemand,17.27564,2.159455,instances.vantage.sh (AWS Price List mirror)
2026-08-10,AWS,eu-north-1,g5.48xlarge,A10G,8.0,spot,5.59505,0.69938125,instances.vantage.sh (AWS Price List mirror)
2026-08-10,AWS,eu-north-1,g5.4xlarge,A10G,1.0,ondemand,1.72247,1.72247,instances.vantage.sh (AWS Price List mirror)
2026-08-10,AWS,eu-north-1,g5.4xlarge,A10G,1.0,spot,0.5405,0.5405,instances.vantage.sh (AWS Price List mirror)
2026-08-10,AWS,eu-north-1,g5.8xlarge,A10G,1.0,ondemand,2.59644,2.59644,instances.vantage.sh (AWS Price List mirror)
2026-08-10,AWS,eu-north-1,g5.8xlarge,A10G,1.0,spot,0.86595,0.86595,instances.vantage.sh (AWS Price List mirror)
2026-08-10,AWS,eu-north-1,g5.xlarge,A10G,1.0,ondemand,1.067,1.067,instances.vantage.sh (AWS Price List mirror)
2026-08-10,AWS,eu-north-1,g5.xlarge,A10G,1.0,spot,0.41965,0.41965,instances.vantage.sh (AWS Price List mirror)
2026-08-10,AWS,eu-north-1,g6.12xlarge,L4,4.0,ondemand,4.88062,1.220155,instances.vantage.sh (AWS Price List mirror)
2026-08-10,AWS,eu-north-1,g6.12xlarge,L4,4.0,spot,1.362,0.3405,instances.vantage.sh (AWS Price List mirror)
2026-08-10,AWS,eu-north-1,g6.16xlarge,L4,1.0,ondemand,3.60277,3.60277,instances.vantage.sh (AWS Price List mirror)
2026-08-10,AWS,eu-north-1,g6.16xlarge,L4,1.0,spot,1.13585,1.13585,instances.vantage.sh (AWS Price List mirror)
2026-08-10,AWS,eu-north-1,g6.24xlarge,L4,4.0,ondemand,7.07996,1.76999,instances.vantage.sh (AWS Price List mirror)
2026-08-10,AWS,eu-north-1,g6.24xlarge,L4,4.0,spot,1.6568,0.4142,instances.vantage.sh (AWS Price List mirror)
2026-08-10,AWS,eu-north-1,g6.2xlarge,L4,1.0,ondemand,1.03688,1.03688,instances.vantage.sh (AWS Price List mirror)
2026-08-10,AWS,eu-north-1,g6.2xlarge,L4,1.0,spot,0.3103,0.3103,instances.vantage.sh (AWS Price List mirror)
2026-08-10,AWS,eu-north-1,g6.48xlarge,L4,8.0,ondemand,14.15992,1.76999,instances.vantage.sh (AWS Price List mirror)
2026-08-10,AWS,eu-north-1,g6.48xlarge,L4,8.0,spot,4.0005,0.5000625,instances.vantage.sh (AWS Price List mirror)
2026-08-10,AWS,eu-north-1,g6.4xlarge,L4,1.0,ondemand,1.40343,1.40343,instances.vantage.sh (AWS Price List mirror)
2026-08-10,AWS,eu-north-1,g6.4xlarge,L4,1.0,spot,0.354,0.354,instances.vantage.sh (AWS Price List mirror)
2026-08-10,AWS,eu-north-1,g6.8xlarge,L4,1.0,ondemand,2.13655,2.13655,instances.vantage.sh (AWS Price List mirror)
2026-08-10,AWS,eu-north-1,g6.8xlarge,L4,1.0,spot,0.61985,0.61985,instances.vantage.sh (AWS Price List mirror)
2026-08-10,AWS,eu-north-1,g6.xlarge,L4,1.0,ondemand,0.8536,0.8536,instances.vantage.sh (AWS Price List mirror)
2026-08-10,AWS,eu-north-1,g6.xlarge,L4,1.0,spot,0.3381,0.3381,instances.vantage.sh (AWS Price List mirror)
2026-08-10,AWS,eu-north-1,g6e.12xlarge,L40S,4.0,ondemand,11.12975,2.7824375,instances.vantage.sh (AWS Price List mirror)
2026-08-10,AWS,eu-north-1,g6e.12xlarge,L40S,4.0,spot,7.7622,1.94055,instances.vantage.sh (AWS Price List mirror)
2026-08-10,AWS,eu-north-1,g6e.16xlarge,L40S,1.0,ondemand,8.03728,8.03728,instances.vantage.sh (AWS Price List mirror)
2026-08-10,AWS,eu-north-1,g6e.16xlarge,L40S,1.0,spot,2.34015,2.34015,instances.vantage.sh (AWS Price List mirror)
2026-08-10,AWS,eu-north-1,g6e.24xlarge,L40S,4.0,ondemand,15.98037,3.9950925,instances.vantage.sh (AWS Price List mirror)
2026-08-10,AWS,eu-north-1,g6e.24xlarge,L40S,4.0,spot,10.91985,2.7299625,instances.vantage.sh (AWS Price List mirror)
2026-08-10,AWS,eu-north-1,g6e.2xlarge,L40S,1.0,ondemand,2.37822,2.37822,instances.vantage.sh (AWS Price List mirror)
2026-08-10,AWS,eu-north-1,g6e.2xlarge,L40S,1.0,spot,0.84375,0.84375,instances.vantage.sh (AWS Price List mirror)
2026-08-10,AWS,eu-north-1,g6e.48xlarge,L40S,8.0,ondemand,31.96075,3.99509375,instances.vantage.sh (AWS Price List mirror)
2026-08-10,AWS,eu-north-1,g6e.48xlarge,L40S,8.0,spot,19.4574,2.432175,instances.vantage.sh (AWS Price List mirror)
2026-08-10,AWS,eu-north-1,g6e.4xlarge,L40S,1.0,ondemand,3.18666,3.18666,instances.vantage.sh (AWS Price List mirror)
2026-08-10,AWS,eu-north-1,g6e.4xlarge,L40S,1.0,spot,1.09695,1.09695,instances.vantage.sh (AWS Price List mirror)
2026-08-10,AWS,eu-north-1,g6e.8xlarge,L40S,1.0,ondemand,4.80353,4.80353,instances.vantage.sh (AWS Price List mirror)
2026-08-10,AWS,eu-north-1,g6e.8xlarge,L40S,1.0,spot,1.2942,1.2942,instances.vantage.sh (AWS Price List mirror)
2026-08-10,AWS,eu-north-1,g6e.xlarge,L40S,1.0,ondemand,1.974,1.974,instances.vantage.sh (AWS Price List mirror)
2026-08-10,AWS,eu-north-1,g6e.xlarge,L40S,1.0,spot,0.8981,0.8981,instances.vantage.sh (AWS Price List mirror)
2026-08-10,AWS,eu-north-1,g6f.2xlarge,L4,0.25,ondemand,0.50379,2.01516,instances.vantage.sh (AWS Price List mirror)
2026-08-10,AWS,eu-north-1,g6f.2xlarge,L4,0.25,spot,0.1389,0.5556,instances.vantage.sh (AWS Price List mirror)
2026-08-10,AWS,eu-north-1,g6f.4xlarge,L4,0.5,ondemand,1.00758,2.01516,instances.vantage.sh (AWS Price List mirror)
2026-08-10,AWS,eu-north-1,g6f.4xlarge,L4,0.5,spot,0.26185,0.5237,instances.vantage.sh (AWS Price List mirror)
2026-08-10,AWS,eu-north-1,g6f.large,L4,0.125,ondemand,0.21424,1.71392,instances.vantage.sh (AWS Price List mirror)
2026-08-10,AWS,eu-north-1,g6f.large,L4,0.125,spot,0.0268,0.2144,instances.vantage.sh (AWS Price List mirror)
2026-08-10,AWS,eu-north-1,g6f.xlarge,L4,0.125,ondemand,0.2519,2.0152,instances.vantage.sh (AWS Price List mirror)
2026-08-10,AWS,eu-north-1,g6f.xlarge,L4,0.125,spot,0.06515,0.5212,instances.vantage.sh (AWS Price List mirror)
2026-08-10,AWS,eu-north-1,g7e.12xlarge,NVIDIA RTX PRO 6000 Blackwell,2.0,ondemand,11.95333,5.976665,instances.vantage.sh (AWS Price List mirror)
2026-08-10,AWS,eu-north-1,g7e.12xlarge,NVIDIA RTX PRO 6000 Blackwell,2.0,spot,7.44355,3.721775,instances.vantage.sh (AWS Price List mirror)
2026-08-10,AWS,eu-north-1,g7e.24xlarge,NVIDIA RTX PRO 6000 Blackwell,4.0,ondemand,23.90667,5.9766675,instances.vantage.sh (AWS Price List mirror)
2026-08-10,AWS,eu-north-1,g7e.24xlarge,NVIDIA RTX PRO 6000 Blackwell,4.0,spot,13.2181,3.304525,instances.vantage.sh (AWS Price List mirror)
2026-08-10,AWS,eu-north-1,g7e.2xlarge,NVIDIA RTX PRO 6000 Blackwell,1.0,ondemand,4.85157,4.85157,instances.vantage.sh (AWS Price List mirror)
2026-08-10,AWS,eu-north-1,g7e.2xlarge,NVIDIA RTX PRO 6000 Blackwell,1.0,spot,2.973,2.973,instances.vantage.sh (AWS Price List mirror)
2026-08-10,AWS,eu-north-1,g7e.48xlarge,NVIDIA RTX PRO 6000 Blackwell,8.0,ondemand,47.81334,5.9766675,instances.vantage.sh (AWS Price List mirror)
2026-08-10,AWS,eu-north-1,g7e.48xlarge,NVIDIA RTX PRO 6000 Blackwell,8.0,spot,8.9298,1.116225,instances.vantage.sh (AWS Price List mirror)
2026-08-10,AWS,eu-north-1,g7e.4xlarge,NVIDIA RTX PRO 6000 Blackwell,1.0,ondemand,5.76767,5.76767,instances.vantage.sh (AWS Price List mirror)
2026-08-10,AWS,eu-north-1,g7e.4xlarge,NVIDIA RTX PRO 6000 Blackwell,1.0,spot,3.5565,3.5565,instances.vantage.sh (AWS Price List mirror)
2026-08-10,AWS,eu-north-1,g7e.8xlarge,NVIDIA RTX PRO 6000 Blackwell,1.0,ondemand,7.59986,7.59986,instances.vantage.sh (AWS Price List mirror)
2026-08-10,AWS,eu-north-1,g7e.8xlarge,NVIDIA RTX PRO 6000 Blackwell,1.0,spot,1.4371,1.4371,instances.vantage.sh (AWS Price List mirror)
2026-08-10,AWS,eu-north-1,gr6.4xlarge,L4,1.0,ondemand,1.6326,1.6326,instances.vantage.sh (AWS Price List mirror)
2026-08-10,AWS,eu-north-1,gr6.4xlarge,L4,1.0,spot,0.40375,0.40375,instances.vantage.sh (AWS Price List mirror)
2026-08-10,AWS,eu-north-1,gr6.8xlarge,L4,1.0,ondemand,2.59485,2.59485,instances.vantage.sh (AWS Price List mirror)
2026-08-10,AWS,eu-north-1,gr6.8xlarge,L4,1.0,spot,0.5024,0.5024,instances.vantage.sh (AWS Price List mirror)
2026-08-10,AWS,eu-north-1,gr6f.4xlarge,L4,0.5,ondemand,1.13069,2.26138,instances.vantage.sh (AWS Price List mirror)
2026-08-10,AWS,eu-north-1,gr6f.4xlarge,L4,0.5,spot,0.2234,0.4468,instances.vantage.sh (AWS Price List mirror)
2026-08-10,AWS,eu-north-1,p4d.24xlarge,A100,8.0,ondemand,23.71569,2.96446125,instances.vantage.sh (AWS Price List mirror)
2026-08-10,AWS,eu-north-1,p4d.24xlarge,A100,8.0,spot,11.5329,1.4416125,instances.vantage.sh (AWS Price List mirror)
2026-08-10,AWS,eu-north-1,p5.48xlarge,H100,8.0,ondemand,58.8928,7.3616,instances.vantage.sh (AWS Price List mirror)
2026-08-10,AWS,eu-north-1,p5.48xlarge,H100,8.0,spot,13.2278,1.653475,instances.vantage.sh (AWS Price List mirror)
2026-08-10,AWS,eu-north-1,p5en.48xlarge,H200,8.0,ondemand,67.72672,8.46584,instances.vantage.sh (AWS Price List mirror)
2026-08-10,AWS,eu-north-1,p5en.48xlarge,H200,8.0,spot,66.14845,8.26855625,instances.vantage.sh (AWS Price List mirror)
2026-08-10,AWS,eu-north-1-cph-1,g4dn.2xlarge,T4,1.0,ondemand,1.157,1.157,instances.vantage.sh (AWS Price List mirror)
2026-08-10,AWS,eu-north-1-hel-1,g4dn.2xlarge,T4,1.0,ondemand,0.997,0.997,instances.vantage.sh (AWS Price List mirror)
2026-08-10,AWS,eu-south-1,g4dn.12xlarge,T4,4.0,ondemand,4.58,1.145,instances.vantage.sh (AWS Price List mirror)
2026-08-10,AWS,eu-south-1,g4dn.12xlarge,T4,4.0,spot,2.1068,0.5267,instances.vantage.sh (AWS Price List mirror)
2026-08-10,AWS,eu-south-1,g4dn.16xlarge,T4,1.0,ondemand,5.095,5.095,instances.vantage.sh (AWS Price List mirror)
2026-08-10,AWS,eu-south-1,g4dn.16xlarge,T4,1.0,spot,0.5095,0.5095,instances.vantage.sh (AWS Price List mirror)
2026-08-10,AWS,eu-south-1,g4dn.2xlarge,T4,1.0,ondemand,0.88,0.88,instances.vantage.sh (AWS Price List mirror)
2026-08-10,AWS,eu-south-1,g4dn.2xlarge,T4,1.0,spot,0.1232,0.1232,instances.vantage.sh (AWS Price List mirror)
2026-08-10,AWS,eu-south-1,g4dn.4xlarge,T4,1.0,ondemand,1.41,1.41,instances.vantage.sh (AWS Price List mirror)
2026-08-10,AWS,eu-south-1,g4dn.4xlarge,T4,1.0,spot,0.3102,0.3102,instances.vantage.sh (AWS Price List mirror)
2026-08-10,AWS,eu-south-1,g4dn.8xlarge,T4,1.0,ondemand,2.547,2.547,instances.vantage.sh (AWS Price List mirror)
2026-08-10,AWS,eu-south-1,g4dn.8xlarge,T4,1.0,spot,0.2547,0.2547,instances.vantage.sh (AWS Price List mirror)
2026-08-10,AWS,eu-south-1,g4dn.metal,T4,8.0,ondemand,9.16,1.145,instances.vantage.sh (AWS Price List mirror)
2026-08-10,AWS,eu-south-1,g4dn.metal,T4,8.0,spot,2.8396,0.35495,instances.vantage.sh (AWS Price List mirror)
2026-08-10,AWS,eu-south-1,g4dn.xlarge,T4,1.0,ondemand,0.616,0.616,instances.vantage.sh (AWS Price List mirror)
2026-08-10,AWS,eu-south-1,g4dn.xlarge,T4,1.0,spot,0.08008,0.08008,instances.vantage.sh (AWS Price List mirror)
2026-08-10,AWS,eu-south-2,g5.12xlarge,A10G,4.0,ondemand,5.97646,1.494115,instances.vantage.sh (AWS Price List mirror)
2026-08-10,AWS,eu-south-2,g5.16xlarge,A10G,1.0,ondemand,4.31586,4.31586,instances.vantage.sh (AWS Price List mirror)
2026-08-10,AWS,eu-south-2,g5.24xlarge,A10G,4.0,ondemand,8.58115,2.1452875,instances.vantage.sh (AWS Price List mirror)
2026-08-10,AWS,eu-south-2,g5.2xlarge,A10G,1.0,ondemand,1.27706,1.27706,instances.vantage.sh (AWS Price List mirror)
2026-08-10,AWS,eu-south-2,g5.48xlarge,A10G,8.0,ondemand,17.16231,2.14528875,instances.vantage.sh (AWS Price List mirror)
2026-08-10,AWS,eu-south-2,g5.4xlarge,A10G,1.0,ondemand,1.71117,1.71117,instances.vantage.sh (AWS Price List mirror)
2026-08-10,AWS,eu-south-2,g5.8xlarge,A10G,1.0,ondemand,2.5794,2.5794,instances.vantage.sh (AWS Price List mirror)
2026-08-10,AWS,eu-south-2,g5.xlarge,A10G,1.0,ondemand,1.06,1.06,instances.vantage.sh (AWS Price List mirror)
2026-08-10,AWS,eu-south-2,g5g.16xlarge,T4G,2.0,ondemand,3.0622,1.5311,instances.vantage.sh (AWS Price List mirror)
2026-08-10,AWS,eu-south-2,g5g.16xlarge,T4G,2.0,spot,0.30622,0.15311,instances.vantage.sh (AWS Price List mirror)
2026-08-10,AWS,eu-south-2,g5g.2xlarge,T4G,1.0,ondemand,0.6205,0.6205,instances.vantage.sh (AWS Price List mirror)
2026-08-10,AWS,eu-south-2,g5g.2xlarge,T4G,1.0,spot,0.093075,0.093075,instances.vantage.sh (AWS Price List mirror)
2026-08-10,AWS,eu-south-2,g5g.4xlarge,T4G,1.0,ondemand,0.924,0.924,instances.vantage.sh (AWS Price List mirror)
2026-08-10,AWS,eu-south-2,g5g.4xlarge,T4G,1.0,spot,0.11088,0.11088,instances.vantage.sh (AWS Price List mirror)
2026-08-10,AWS,eu-south-2,g5g.8xlarge,T4G,1.0,ondemand,1.5311,1.5311,instances.vantage.sh (AWS Price List mirror)
2026-08-10,AWS,eu-south-2,g5g.8xlarge,T4G,1.0,spot,0.168421,0.168421,instances.vantage.sh (AWS Price List mirror)
2026-08-10,AWS,eu-south-2,g5g.metal,T4G,2.0,ondemand,3.0622,1.5311,instances.vantage.sh (AWS Price List mirror)
2026-08-10,AWS,eu-south-2,g5g.metal,T4G,2.0,spot,0.30622,0.15311,instances.vantage.sh (AWS Price List mirror)
2026-08-10,AWS,eu-south-2,g5g.xlarge,T4G,1.0,ondemand,0.4687,0.4687,instances.vantage.sh (AWS Price List mirror)
2026-08-10,AWS,eu-south-2,g5g.xlarge,T4G,1.0,spot,0.14061,0.14061,instances.vantage.sh (AWS Price List mirror)
2026-08-10,AWS,eu-south-2,g6.12xlarge,L4,4.0,ondemand,4.8486,1.21215,instances.vantage.sh (AWS Price List mirror)
2026-08-10,AWS,eu-south-2,g6.12xlarge,L4,4.0,spot,0.824262,0.2060655,instances.vantage.sh (AWS Price List mirror)
2026-08-10,AWS,eu-south-2,g6.16xlarge,L4,1.0,ondemand,3.57913,3.57913,instances.vantage.sh (AWS Price List mirror)
2026-08-10,AWS,eu-south-2,g6.16xlarge,L4,1.0,spot,0.393704,0.393704,instances.vantage.sh (AWS Price List mirror)
2026-08-10,AWS,eu-south-2,g6.24xlarge,L4,4.0,ondemand,7.03351,1.7583775,instances.vantage.sh (AWS Price List mirror)
2026-08-10,AWS,eu-south-2,g6.24xlarge,L4,4.0,spot,1.195697,0.29892425,instances.vantage.sh (AWS Price List mirror)
2026-08-10,AWS,eu-south-2,g6.2xlarge,L4,1.0,ondemand,1.03008,1.03008,instances.vantage.sh (AWS Price List mirror)
2026-08-10,AWS,eu-south-2,g6.2xlarge,L4,1.0,spot,0.13391,0.13391,instances.vantage.sh (AWS Price List mirror)
2026-08-10,AWS,eu-south-2,g6.48xlarge,L4,8.0,ondemand,14.06702,1.7583775,instances.vantage.sh (AWS Price List mirror)
2026-08-10,AWS,eu-south-2,g6.48xlarge,L4,8.0,spot,2.672734,0.33409175,instances.vantage.sh (AWS Price List mirror)
2026-08-10,AWS,eu-south-2,g6.4xlarge,L4,1.0,ondemand,1.39423,1.39423,instances.vantage.sh (AWS Price List mirror)
2026-08-10,AWS,eu-south-2,g6.4xlarge,L4,1.0,spot,0.167308,0.167308,instances.vantage.sh (AWS Price List mirror)
2026-08-10,AWS,eu-south-2,g6.8xlarge,L4,1.0,ondemand,2.12253,2.12253,instances.vantage.sh (AWS Price List mirror)
2026-08-10,AWS,eu-south-2,g6.8xlarge,L4,1.0,spot,0.233478,0.233478,instances.vantage.sh (AWS Price List mirror)
2026-08-10,AWS,eu-south-2,g6.xlarge,L4,1.0,ondemand,0.848,0.848,instances.vantage.sh (AWS Price List mirror)
2026-08-10,AWS,eu-south-2,g6.xlarge,L4,1.0,spot,0.14416,0.14416,instances.vantage.sh (AWS Price List mirror)
2026-08-10,AWS,eu-south-2,g6e.12xlarge,L40S,4.0,ondemand,11.05645,2.7641125,instances.vantage.sh (AWS Price List mirror)
2026-08-10,AWS,eu-south-2,g6e.12xlarge,L40S,4.0,spot,3.095806,0.7739515,instances.vantage.sh (AWS Price List mirror)
2026-08-10,AWS,eu-south-2,g6e.16xlarge,L40S,1.0,ondemand,7.98435,7.98435,instances.vantage.sh (AWS Price List mirror)
2026-08-10,AWS,eu-south-2,g6e.16xlarge,L40S,1.0,spot,0.798435,0.798435,instances.vantage.sh (AWS Price List mirror)
2026-08-10,AWS,eu-south-2,g6e.24xlarge,L40S,4.0,ondemand,15.87513,3.9687825,instances.vantage.sh (AWS Price List mirror)
2026-08-10,AWS,eu-south-2,g6e.24xlarge,L40S,4.0,spot,4.127534,1.0318835,instances.vantage.sh (AWS Price List mirror)
2026-08-10,AWS,eu-south-2,g6e.2xlarge,L40S,1.0,ondemand,2.36256,2.36256,instances.vantage.sh (AWS Price List mirror)
2026-08-10,AWS,eu-south-2,g6e.2xlarge,L40S,1.0,spot,0.567014,0.567014,instances.vantage.sh (AWS Price List mirror)
2026-08-10,AWS,eu-south-2,g6e.48xlarge,L40S,8.0,ondemand,31.75027,3.96878375,instances.vantage.sh (AWS Price List mirror)
2026-08-10,AWS,eu-south-2,g6e.48xlarge,L40S,8.0,spot,15.24013,1.90501625,instances.vantage.sh (AWS Price List mirror)
2026-08-10,AWS,eu-south-2,g6e.4xlarge,L40S,1.0,ondemand,3.16567,3.16567,instances.vantage.sh (AWS Price List mirror)
2026-08-10,AWS,eu-south-2,g6e.4xlarge,L40S,1.0,spot,0.664791,0.664791,instances.vantage.sh (AWS Price List mirror)
2026-08-10,AWS,eu-south-2,g6e.8xlarge,L40S,1.0,ondemand,4.7719,4.7719,instances.vantage.sh (AWS Price List mirror)
2026-08-10,AWS,eu-south-2,g6e.8xlarge,L40S,1.0,spot,0.668066,0.668066,instances.vantage.sh (AWS Price List mirror)
2026-08-10,AWS,eu-south-2,g6e.xlarge,L40S,1.0,ondemand,1.961,1.961,instances.vantage.sh (AWS Price List mirror)
2026-08-10,AWS,eu-south-2,g6e.xlarge,L40S,1.0,spot,0.62752,0.62752,instances.vantage.sh (AWS Price List mirror)
2026-08-10,AWS,eu-south-2,g6f.2xlarge,L4,0.25,ondemand,0.53438,2.13752,instances.vantage.sh (AWS Price List mirror)
2026-08-10,AWS,eu-south-2,g6f.2xlarge,L4,0.25,spot,0.15497,0.61988,instances.vantage.sh (AWS Price List mirror)
2026-08-10,AWS,eu-south-2,g6f.4xlarge,L4,0.5,ondemand,1.06875,2.1375,instances.vantage.sh (AWS Price List mirror)
2026-08-10,AWS,eu-south-2,g6f.4xlarge,L4,0.5,spot,0.309937,0.619874,instances.vantage.sh (AWS Price List mirror)
2026-08-10,AWS,eu-south-2,g6f.large,L4,0.125,ondemand,0.22725,1.818,instances.vantage.sh (AWS Price List mirror)
2026-08-10,AWS,eu-south-2,g6f.large,L4,0.125,spot,0.052268,0.418144,instances.vantage.sh (AWS Price List mirror)
2026-08-10,AWS,eu-south-2,g6f.xlarge,L4,0.125,ondemand,0.26719,2.13752,instances.vantage.sh (AWS Price List mirror)
2026-08-10,AWS,eu-south-2,g6f.xlarge,L4,0.125,spot,0.077485,0.61988,instances.vantage.sh (AWS Price List mirror)
2026-08-10,AWS,eu-south-2,g7.12xlarge,NVIDIA RTX PRO 4500 Blackwell,2.0,ondemand,7.48474,3.74237,instances.vantage.sh (AWS Price List mirror)
2026-08-10,AWS,eu-south-2,g7.24xlarge,NVIDIA RTX PRO 4500 Blackwell,4.0,ondemand,14.96947,3.7423675,instances.vantage.sh (AWS Price List mirror)
2026-08-10,AWS,eu-south-2,g7.2xlarge,NVIDIA RTX PRO 4500 Blackwell,1.0,ondemand,2.646,2.646,instances.vantage.sh (AWS Price List mirror)
2026-08-10,AWS,eu-south-2,g7.48xlarge,NVIDIA RTX PRO 4500 Blackwell,8.0,ondemand,29.93894,3.7423675,instances.vantage.sh (AWS Price List mirror)
2026-08-10,AWS,eu-south-2,g7.4xlarge,NVIDIA RTX PRO 4500 Blackwell,1.0,ondemand,3.19418,3.19418,instances.vantage.sh (AWS Price List mirror)
2026-08-10,AWS,eu-south-2,g7.8xlarge,NVIDIA RTX PRO 4500 Blackwell,1.0,ondemand,4.29055,4.29055,instances.vantage.sh (AWS Price List mirror)
2026-08-10,AWS,eu-south-2,g7e.12xlarge,NVIDIA RTX PRO 6000 Blackwell,2.0,ondemand,8.73134,4.36567,instances.vantage.sh (AWS Price List mirror)
2026-08-10,AWS,eu-south-2,g7e.12xlarge,NVIDIA RTX PRO 6000 Blackwell,2.0,spot,2.532089,1.2660445,instances.vantage.sh (AWS Price List mirror)
2026-08-10,AWS,eu-south-2,g7e.24xlarge,NVIDIA RTX PRO 6000 Blackwell,4.0,ondemand,17.46268,4.36567,instances.vantage.sh (AWS Price List mirror)
2026-08-10,AWS,eu-south-2,g7e.24xlarge,NVIDIA RTX PRO 6000 Blackwell,4.0,spot,5.064177,1.26604425,instances.vantage.sh (AWS Price List mirror)
2026-08-10,AWS,eu-south-2,g7e.2xlarge,NVIDIA RTX PRO 6000 Blackwell,1.0,ondemand,3.54384,3.54384,instances.vantage.sh (AWS Price List mirror)
2026-08-10,AWS,eu-south-2,g7e.2xlarge,NVIDIA RTX PRO 6000 Blackwell,1.0,spot,1.063152,1.063152,instances.vantage.sh (AWS Price List mirror)
2026-08-10,AWS,eu-south-2,g7e.48xlarge,NVIDIA RTX PRO 6000 Blackwell,8.0,ondemand,34.92536,4.36567,instances.vantage.sh (AWS Price List mirror)
2026-08-10,AWS,eu-south-2,g7e.48xlarge,NVIDIA RTX PRO 6000 Blackwell,8.0,spot,10.477608,1.309701,instances.vantage.sh (AWS Price List mirror)
2026-08-10,AWS,eu-south-2,g7e.4xlarge,NVIDIA RTX PRO 6000 Blackwell,1.0,ondemand,4.213,4.213,instances.vantage.sh (AWS Price List mirror)
2026-08-10,AWS,eu-south-2,g7e.4xlarge,NVIDIA RTX PRO 6000 Blackwell,1.0,spot,1.39029,1.39029,instances.vantage.sh (AWS Price List mirror)
2026-08-10,AWS,eu-south-2,g7e.8xlarge,NVIDIA RTX PRO 6000 Blackwell,1.0,ondemand,5.55133,5.55133,instances.vantage.sh (AWS Price List mirror)
2026-08-10,AWS,eu-south-2,g7e.8xlarge,NVIDIA RTX PRO 6000 Blackwell,1.0,spot,1.665399,1.665399,instances.vantage.sh (AWS Price List mirror)
2026-08-10,AWS,eu-south-2,gr6.4xlarge,L4,1.0,ondemand,1.6218,1.6218,instances.vantage.sh (AWS Price List mirror)
2026-08-10,AWS,eu-south-2,gr6.4xlarge,L4,1.0,spot,0.178398,0.178398,instances.vantage.sh (AWS Price List mirror)
2026-08-10,AWS,eu-south-2,gr6.8xlarge,L4,1.0,ondemand,2.57768,2.57768,instances.vantage.sh (AWS Price List mirror)
2026-08-10,AWS,eu-south-2,gr6.8xlarge,L4,1.0,spot,0.283545,0.283545,instances.vantage.sh (AWS Price List mirror)
2026-08-10,AWS,eu-south-2,gr6f.4xlarge,L4,0.5,ondemand,1.19925,2.3985,instances.vantage.sh (AWS Price List mirror)
2026-08-10,AWS,eu-south-2,gr6f.4xlarge,L4,0.5,spot,0.347782,0.695564,instances.vantage.sh (AWS Price List mirror)
2026-08-10,AWS,eu-south-2,p5en.48xlarge,H200,8.0,ondemand,68.35968,8.54496,instances.vantage.sh (AWS Price List mirror)
2026-08-10,AWS,eu-south-2,p5en.48xlarge,H200,8.0,spot,13.671936,1.708992,instances.vantage.sh (AWS Price List mirror)
2026-08-10,AWS,eu-west-1,g2.2xlarge,K520,1.0,ondemand,0.702,0.702,instances.vantage.sh (AWS Price List mirror)
2026-08-10,AWS,eu-west-1,g2.8xlarge,K520,4.0,ondemand,2.808,0.702,instances.vantage.sh (AWS Price List mirror)
2026-08-10,AWS,eu-west-1,g3.16xlarge,M60,4.0,ondemand,4.84,1.21,instances.vantage.sh (AWS Price List mirror)
2026-08-10,AWS,eu-west-1,g3.4xlarge,M60,1.0,ondemand,1.21,1.21,instances.vantage.sh (AWS Price List mirror)
2026-08-10,AWS,eu-west-1,g3.8xlarge,M60,2.0,ondemand,2.42,1.21,instances.vantage.sh (AWS Price List mirror)
2026-08-10,AWS,eu-west-1,g3s.xlarge,M60,1.0,ondemand,0.796,0.796,instances.vantage.sh (AWS Price List mirror)
2026-08-10,AWS,eu-west-1,g4ad.16xlarge,V520,4.0,ondemand,3.872,0.968,instances.vantage.sh (AWS Price List mirror)
2026-08-10,AWS,eu-west-1,g4ad.16xlarge,V520,4.0,spot,1.494567,0.37364175,instances.vantage.sh (AWS Price List mirror)
2026-08-10,AWS,eu-west-1,g4ad.2xlarge,V520,1.0,ondemand,0.60421,0.60421,instances.vantage.sh (AWS Price List mirror)
2026-08-10,AWS,eu-west-1,g4ad.2xlarge,V520,1.0,spot,0.2704,0.2704,instances.vantage.sh (AWS Price List mirror)
2026-08-10,AWS,eu-west-1,g4ad.4xlarge,V520,1.0,ondemand,0.968,0.968,instances.vantage.sh (AWS Price List mirror)
2026-08-10,AWS,eu-west-1,g4ad.4xlarge,V520,1.0,spot,0.453767,0.453767,instances.vantage.sh (AWS Price List mirror)
2026-08-10,AWS,eu-west-1,g4ad.8xlarge,V520,2.0,ondemand,1.936,0.968,instances.vantage.sh (AWS Price List mirror)
2026-08-10,AWS,eu-west-1,g4ad.8xlarge,V520,2.0,spot,0.894667,0.4473335,instances.vantage.sh (AWS Price List mirror)
2026-08-10,AWS,eu-west-1,g4ad.xlarge,V520,1.0,ondemand,0.42263,0.42263,instances.vantage.sh (AWS Price List mirror)
2026-08-10,AWS,eu-west-1,g4ad.xlarge,V520,1.0,spot,0.2011,0.2011,instances.vantage.sh (AWS Price List mirror)
2026-08-10,AWS,eu-west-1,g4dn.12xlarge,T4,4.0,ondemand,4.362,1.0905,instances.vantage.sh (AWS Price List mirror)
2026-08-10,AWS,eu-west-1,g4dn.12xlarge,T4,4.0,spot,2.031467,0.50786675,instances.vantage.sh (AWS Price List mirror)
2026-08-10,AWS,eu-west-1,g4dn.16xlarge,T4,1.0,ondemand,4.853,4.853,instances.vantage.sh (AWS Price List mirror)
2026-08-10,AWS,eu-west-1,g4dn.16xlarge,T4,1.0,spot,1.3444,1.3444,instances.vantage.sh (AWS Price List mirror)
2026-08-10,AWS,eu-west-1,g4dn.2xlarge,T4,1.0,ondemand,0.838,0.838,instances.vantage.sh (AWS Price List mirror)
2026-08-10,AWS,eu-west-1,g4dn.2xlarge,T4,1.0,spot,0.398633,0.398633,instances.vantage.sh (AWS Price List mirror)
2026-08-10,AWS,eu-west-1,g4dn.4xlarge,T4,1.0,ondemand,1.342,1.342,instances.vantage.sh (AWS Price List mirror)
2026-08-10,AWS,eu-west-1,g4dn.4xlarge,T4,1.0,spot,0.602533,0.602533,instances.vantage.sh (AWS Price List mirror)
2026-08-10,AWS,eu-west-1,g4dn.8xlarge,T4,1.0,ondemand,2.426,2.426,instances.vantage.sh (AWS Price List mirror)
2026-08-10,AWS,eu-west-1,g4dn.8xlarge,T4,1.0,spot,1.072233,1.072233,instances.vantage.sh (AWS Price List mirror)
2026-08-10,AWS,eu-west-1,g4dn.metal,T4,8.0,ondemand,8.724,1.0905,instances.vantage.sh (AWS Price List mirror)
2026-08-10,AWS,eu-west-1,g4dn.metal,T4,8.0,spot,4.297667,0.537208375,instances.vantage.sh (AWS Price List mirror)
2026-08-10,AWS,eu-west-1,g4dn.xlarge,T4,1.0,ondemand,0.587,0.587,instances.vantage.sh (AWS Price List mirror)
2026-08-10,AWS,eu-west-1,g4dn.xlarge,T4,1.0,spot,0.338333,0.338333,instances.vantage.sh (AWS Price List mirror)
2026-08-10,AWS,eu-west-1,g5.12xlarge,A10G,4.0,ondemand,6.33167,1.5829175,instances.vantage.sh (AWS Price List mirror)
2026-08-10,AWS,eu-west-1,g5.12xlarge,A10G,4.0,spot,3.8525,0.963125,instances.vantage.sh (AWS Price List mirror)
2026-08-10,AWS,eu-west-1,g5.16xlarge,A10G,1.0,ondemand,4.57237,4.57237,instances.vantage.sh (AWS Price List mirror)
2026-08-10,AWS,eu-west-1,g5.16xlarge,A10G,1.0,spot,1.716367,1.716367,instances.vantage.sh (AWS Price List mirror)
2026-08-10,AWS,eu-west-1,g5.24xlarge,A10G,4.0,ondemand,9.09117,2.2727925,instances.vantage.sh (AWS Price List mirror)
2026-08-10,AWS,eu-west-1,g5.24xlarge,A10G,4.0,spot,2.463,0.61575,instances.vantage.sh (AWS Price List mirror)
2026-08-10,AWS,eu-west-1,g5.2xlarge,A10G,1.0,ondemand,1.35296,1.35296,instances.vantage.sh (AWS Price List mirror)
2026-08-10,AWS,eu-west-1,g5.2xlarge,A10G,1.0,spot,0.980633,0.980633,instances.vantage.sh (AWS Price List mirror)
2026-08-10,AWS,eu-west-1,g5.48xlarge,A10G,8.0,ondemand,18.18233,2.27279125,instances.vantage.sh (AWS Price List mirror)
2026-08-10,AWS,eu-west-1,g5.48xlarge,A10G,8.0,spot,7.102733,0.887841625,instances.vantage.sh (AWS Price List mirror)
2026-08-10,AWS,eu-west-1,g5.4xlarge,A10G,1.0,ondemand,1.81287,1.81287,instances.vantage.sh (AWS Price List mirror)
2026-08-10,AWS,eu-west-1,g5.4xlarge,A10G,1.0,spot,1.1275,1.1275,instances.vantage.sh (AWS Price List mirror)
2026-08-10,AWS,eu-west-1,g5.8xlarge,A10G,1.0,ondemand,2.73271,2.73271,instances.vantage.sh (AWS Price List mirror)
2026-08-10,AWS,eu-west-1,g5.8xlarge,A10G,1.0,spot,1.581833,1.581833,instances.vantage.sh (AWS Price List mirror)
2026-08-10,AWS,eu-west-1,g5.xlarge,A10G,1.0,ondemand,1.123,1.123,instances.vantage.sh (AWS Price List mirror)
2026-08-10,AWS,eu-west-1,g5.xlarge,A10G,1.0,spot,0.8152,0.8152,instances.vantage.sh (AWS Price List mirror)
2026-08-10,AWS,eu-west-1,p2.16xlarge,K80,16.0,ondemand,15.552,0.972,instances.vantage.sh (AWS Price List mirror)
2026-08-10,AWS,eu-west-1,p2.8xlarge,K80,8.0,ondemand,7.776,0.972,instances.vantage.sh (AWS Price List mirror)
2026-08-10,AWS,eu-west-1,p2.xlarge,K80,1.0,ondemand,0.972,0.972,instances.vantage.sh (AWS Price List mirror)
2026-08-10,AWS,eu-west-1,p3.16xlarge,V100,8.0,ondemand,26.44,3.305,instances.vantage.sh (AWS Price List mirror)
2026-08-10,AWS,eu-west-1,p3.16xlarge,V100,8.0,spot,26.44,3.305,instances.vantage.sh (AWS Price List mirror)
2026-08-10,AWS,eu-west-1,p3.2xlarge,V100,1.0,ondemand,3.305,3.305,instances.vantage.sh (AWS Price List mirror)
2026-08-10,AWS,eu-west-1,p3.2xlarge,V100,1.0,spot,1.2338,1.2338,instances.vantage.sh (AWS Price List mirror)
2026-08-10,AWS,eu-west-1,p3.8xlarge,V100,4.0,ondemand,13.22,3.305,instances.vantage.sh (AWS Price List mirror)
2026-08-10,AWS,eu-west-1,p3.8xlarge,V100,4.0,spot,4.40865,1.1021625,instances.vantage.sh (AWS Price List mirror)
2026-08-10,AWS,eu-west-1,p3dn.24xlarge,V100,8.0,ondemand,33.711,4.213875,instances.vantage.sh (AWS Price List mirror)
2026-08-10,AWS,eu-west-1,p3dn.24xlarge,V100,8.0,spot,7.399,0.924875,instances.vantage.sh (AWS Price List mirror)
2026-08-10,AWS,eu-west-1,p4d.24xlarge,A100,8.0,ondemand,23.71569,2.96446125,instances.vantage.sh (AWS Price List mirror)
2026-08-10,AWS,eu-west-1,p4d.24xlarge,A100,8.0,spot,17.1251,2.1406375,instances.vantage.sh (AWS Price List mirror)
2026-08-10,AWS,eu-west-2,g3.16xlarge,M60,4.0,ondemand,5.716,1.429,instances.vantage.sh (AWS Price List mirror)
2026-08-10,AWS,eu-west-2,g3.4xlarge,M60,1.0,ondemand,1.429,1.429,instances.vantage.sh (AWS Price List mirror)
2026-08-10,AWS,eu-west-2,g3.8xlarge,M60,2.0,ondemand,2.858,1.429,instances.vantage.sh (AWS Price List mirror)
2026-08-10,AWS,eu-west-2,g3s.xlarge,M60,1.0,ondemand,0.94,0.94,instances.vantage.sh (AWS Price List mirror)
2026-08-10,AWS,eu-west-2,g4ad.16xlarge,V520,4.0,ondemand,4.056,1.014,instances.vantage.sh (AWS Price List mirror)
2026-08-10,AWS,eu-west-2,g4ad.16xlarge,V520,4.0,spot,0.89285,0.2232125,instances.vantage.sh (AWS Price List mirror)
2026-08-10,AWS,eu-west-2,g4ad.2xlarge,V520,1.0,ondemand,0.63292,0.63292,instances.vantage.sh (AWS Price List mirror)
2026-08-10,AWS,eu-west-2,g4ad.2xlarge,V520,1.0,spot,0.23155,0.23155,instances.vantage.sh (AWS Price List mirror)
2026-08-10,AWS,eu-west-2,g4ad.4xlarge,V520,1.0,ondemand,1.014,1.014,instances.vantage.sh (AWS Price List mirror)
2026-08-10,AWS,eu-west-2,g4ad.4xlarge,V520,1.0,spot,0.33905,0.33905,instances.vantage.sh (AWS Price List mirror)
2026-08-10,AWS,eu-west-2,g4ad.8xlarge,V520,2.0,ondemand,2.028,1.014,instances.vantage.sh (AWS Price List mirror)
2026-08-10,AWS,eu-west-2,g4ad.8xlarge,V520,2.0,spot,0.36865,0.184325,instances.vantage.sh (AWS Price List mirror)
2026-08-10,AWS,eu-west-2,g4ad.xlarge,V520,1.0,ondemand,0.44271,0.44271,instances.vantage.sh (AWS Price List mirror)
2026-08-10,AWS,eu-west-2,g4ad.xlarge,V520,1.0,spot,0.10745,0.10745,instances.vantage.sh (AWS Price List mirror)
2026-08-10,AWS,eu-west-2,g4dn.12xlarge,T4,4.0,ondemand,4.577,1.14425,instances.vantage.sh (AWS Price List mirror)
2026-08-10,AWS,eu-west-2,g4dn.12xlarge,T4,4.0,spot,1.599567,0.39989175,instances.vantage.sh (AWS Price List mirror)
2026-08-10,AWS,eu-west-2,g4dn.16xlarge,T4,1.0,ondemand,5.092,5.092,instances.vantage.sh (AWS Price List mirror)
2026-08-10,AWS,eu-west-2,g4dn.16xlarge,T4,1.0,spot,1.028433,1.028433,instances.vantage.sh (AWS Price List mirror)
2026-08-10,AWS,eu-west-2,g4dn.2xlarge,T4,1.0,ondemand,0.88,0.88,instances.vantage.sh (AWS Price List mirror)
2026-08-10,AWS,eu-west-2,g4dn.2xlarge,T4,1.0,spot,0.2827,0.2827,instances.vantage.sh (AWS Price List mirror)
2026-08-10,AWS,eu-west-2,g4dn.4xlarge,T4,1.0,ondemand,1.409,1.409,instances.vantage.sh (AWS Price List mirror)
2026-08-10,AWS,eu-west-2,g4dn.4xlarge,T4,1.0,spot,0.443467,0.443467,instances.vantage.sh (AWS Price List mirror)
2026-08-10,AWS,eu-west-2,g4dn.8xlarge,T4,1.0,ondemand,2.546,2.546,instances.vantage.sh (AWS Price List mirror)
2026-08-10,AWS,eu-west-2,g4dn.8xlarge,T4,1.0,spot,0.6479,0.6479,instances.vantage.sh (AWS Price List mirror)
2026-08-10,AWS,eu-west-2,g4dn.metal,T4,8.0,ondemand,9.154,1.14425,instances.vantage.sh (AWS Price List mirror)
2026-08-10,AWS,eu-west-2,g4dn.metal,T4,8.0,spot,2.572667,0.321583375,instances.vantage.sh (AWS Price List mirror)
2026-08-10,AWS,eu-west-2,g4dn.xlarge,T4,1.0,ondemand,0.615,0.615,instances.vantage.sh (AWS Price List mirror)
2026-08-10,AWS,eu-west-2,g4dn.xlarge,T4,1.0,spot,0.210567,0.210567,instances.vantage.sh (AWS Price List mirror)
2026-08-10,AWS,eu-west-2,g5.12xlarge,A10G,4.0,ondemand,7.19994,1.799985,instances.vantage.sh (AWS Price List mirror)
2026-08-10,AWS,eu-west-2,g5.12xlarge,A10G,4.0,spot,7.1999,1.799975,instances.vantage.sh (AWS Price List mirror)
2026-08-10,AWS,eu-west-2,g5.16xlarge,A10G,1.0,ondemand,5.1994,5.1994,instances.vantage.sh (AWS Price List mirror)
2026-08-10,AWS,eu-west-2,g5.16xlarge,A10G,1.0,spot,1.8296,1.8296,instances.vantage.sh (AWS Price List mirror)
2026-08-10,AWS,eu-west-2,g5.24xlarge,A10G,4.0,ondemand,10.33786,2.584465,instances.vantage.sh (AWS Price List mirror)
2026-08-10,AWS,eu-west-2,g5.24xlarge,A10G,4.0,spot,10.3379,2.584475,instances.vantage.sh (AWS Price List mirror)
2026-08-10,AWS,eu-west-2,g5.2xlarge,A10G,1.0,ondemand,1.53849,1.53849,instances.vantage.sh (AWS Price List mirror)
2026-08-10,AWS,eu-west-2,g5.2xlarge,A10G,1.0,spot,0.62665,0.62665,instances.vantage.sh (AWS Price List mirror)
2026-08-10,AWS,eu-west-2,g5.48xlarge,A10G,8.0,ondemand,20.67572,2.584465,instances.vantage.sh (AWS Price List mirror)
2026-08-10,AWS,eu-west-2,g5.48xlarge,A10G,8.0,spot,20.6757,2.5844625,instances.vantage.sh (AWS Price List mirror)
2026-08-10,AWS,eu-west-2,g5.4xlarge,A10G,1.0,ondemand,2.06148,2.06148,instances.vantage.sh (AWS Price List mirror)
2026-08-10,AWS,eu-west-2,g5.4xlarge,A10G,1.0,spot,0.72845,0.72845,instances.vantage.sh (AWS Price List mirror)
2026-08-10,AWS,eu-west-2,g5.8xlarge,A10G,1.0,ondemand,3.10745,3.10745,instances.vantage.sh (AWS Price List mirror)
2026-08-10,AWS,eu-west-2,g5.8xlarge,A10G,1.0,spot,0.79655,0.79655,instances.vantage.sh (AWS Price List mirror)
2026-08-10,AWS,eu-west-2,g5.xlarge,A10G,1.0,ondemand,1.277,1.277,instances.vantage.sh (AWS Price List mirror)
2026-08-10,AWS,eu-west-2,g5.xlarge,A10G,1.0,spot,0.5433,0.5433,instances.vantage.sh (AWS Price List mirror)
2026-08-10,AWS,eu-west-2,g6.12xlarge,L4,4.0,ondemand,5.8412,1.4603,instances.vantage.sh (AWS Price List mirror)
2026-08-10,AWS,eu-west-2,g6.12xlarge,L4,4.0,spot,1.973867,0.49346675,instances.vantage.sh (AWS Price List mirror)
2026-08-10,AWS,eu-west-2,g6.16xlarge,L4,1.0,ondemand,4.31184,4.31184,instances.vantage.sh (AWS Price List mirror)
2026-08-10,AWS,eu-west-2,g6.16xlarge,L4,1.0,spot,1.392833,1.392833,instances.vantage.sh (AWS Price List mirror)
2026-08-10,AWS,eu-west-2,g6.24xlarge,L4,4.0,ondemand,8.47339,2.1183475,instances.vantage.sh (AWS Price List mirror)
2026-08-10,AWS,eu-west-2,g6.24xlarge,L4,4.0,spot,3.108833,0.77720825,instances.vantage.sh (AWS Price List mirror)
2026-08-10,AWS,eu-west-2,g6.2xlarge,L4,1.0,ondemand,1.24095,1.24095,instances.vantage.sh (AWS Price List mirror)
2026-08-10,AWS,eu-west-2,g6.2xlarge,L4,1.0,spot,0.454467,0.454467,instances.vantage.sh (AWS Price List mirror)
2026-08-10,AWS,eu-west-2,g6.48xlarge,L4,8.0,ondemand,16.94678,2.1183475,instances.vantage.sh (AWS Price List mirror)
2026-08-10,AWS,eu-west-2,g6.48xlarge,L4,8.0,spot,7.271867,0.908983375,instances.vantage.sh (AWS Price List mirror)
2026-08-10,AWS,eu-west-2,g6.4xlarge,L4,1.0,ondemand,1.67965,1.67965,instances.vantage.sh (AWS Price List mirror)
2026-08-10,AWS,eu-west-2,g6.4xlarge,L4,1.0,spot,0.673167,0.673167,instances.vantage.sh (AWS Price List mirror)
2026-08-10,AWS,eu-west-2,g6.8xlarge,L4,1.0,ondemand,2.55705,2.55705,instances.vantage.sh (AWS Price List mirror)
2026-08-10,AWS,eu-west-2,g6.8xlarge,L4,1.0,spot,0.914767,0.914767,instances.vantage.sh (AWS Price List mirror)
2026-08-10,AWS,eu-west-2,g6.xlarge,L4,1.0,ondemand,1.0216,1.0216,instances.vantage.sh (AWS Price List mirror)
2026-08-10,AWS,eu-west-2,g6.xlarge,L4,1.0,spot,0.4104,0.4104,instances.vantage.sh (AWS Price List mirror)
2026-08-10,AWS,eu-west-2,g6f.2xlarge,L4,0.25,ondemand,0.60298,2.41192,instances.vantage.sh (AWS Price List mirror)
2026-08-10,AWS,eu-west-2,g6f.2xlarge,L4,0.25,spot,0.18425,0.737,instances.vantage.sh (AWS Price List mirror)
2026-08-10,AWS,eu-west-2,g6f.4xlarge,L4,0.5,ondemand,1.20595,2.4119,instances.vantage.sh (AWS Price List mirror)
2026-08-10,AWS,eu-west-2,g6f.4xlarge,L4,0.5,spot,0.40335,0.8067,instances.vantage.sh (AWS Price List mirror)
2026-08-10,AWS,eu-west-2,g6f.large,L4,0.125,ondemand,0.25642,2.05136,instances.vantage.sh (AWS Price List mirror)
2026-08-10,AWS,eu-west-2,g6f.large,L4,0.125,spot,0.05375,0.43,instances.vantage.sh (AWS Price List mirror)
2026-08-10,AWS,eu-west-2,g6f.xlarge,L4,0.125,ondemand,0.30149,2.41192,instances.vantage.sh (AWS Price List mirror)
2026-08-10,AWS,eu-west-2,g6f.xlarge,L4,0.125,spot,0.10335,0.8268,instances.vantage.sh (AWS Price List mirror)
2026-08-10,AWS,eu-west-2,g7e.12xlarge,NVIDIA RTX PRO 6000 Blackwell,2.0,ondemand,14.40172,7.20086,instances.vantage.sh (AWS Price List mirror)
2026-08-10,AWS,eu-west-2,g7e.12xlarge,NVIDIA RTX PRO 6000 Blackwell,2.0,spot,4.79385,2.396925,instances.vantage.sh (AWS Price List mirror)
2026-08-10,AWS,eu-west-2,g7e.24xlarge,NVIDIA RTX PRO 6000 Blackwell,4.0,ondemand,28.80344,7.20086,instances.vantage.sh (AWS Price List mirror)
2026-08-10,AWS,eu-west-2,g7e.24xlarge,NVIDIA RTX PRO 6000 Blackwell,4.0,spot,7.46825,1.8670625,instances.vantage.sh (AWS Price List mirror)
2026-08-10,AWS,eu-west-2,g7e.2xlarge,NVIDIA RTX PRO 6000 Blackwell,1.0,ondemand,5.84531,5.84531,instances.vantage.sh (AWS Price List mirror)
2026-08-10,AWS,eu-west-2,g7e.2xlarge,NVIDIA RTX PRO 6000 Blackwell,1.0,spot,1.8031,1.8031,instances.vantage.sh (AWS Price List mirror)
2026-08-10,AWS,eu-west-2,g7e.48xlarge,NVIDIA RTX PRO 6000 Blackwell,8.0,ondemand,57.60687,7.20085875,instances.vantage.sh (AWS Price List mirror)
2026-08-10,AWS,eu-west-2,g7e.48xlarge,NVIDIA RTX PRO 6000 Blackwell,8.0,spot,12.5586,1.569825,instances.vantage.sh (AWS Price List mirror)
2026-08-10,AWS,eu-west-2,g7e.4xlarge,NVIDIA RTX PRO 6000 Blackwell,1.0,ondemand,6.94905,6.94905,instances.vantage.sh (AWS Price List mirror)
2026-08-10,AWS,eu-west-2,g7e.4xlarge,NVIDIA RTX PRO 6000 Blackwell,1.0,spot,1.9352,1.9352,instances.vantage.sh (AWS Price List mirror)
2026-08-10,AWS,eu-west-2,g7e.8xlarge,NVIDIA RTX PRO 6000 Blackwell,1.0,ondemand,9.15653,9.15653,instances.vantage.sh (AWS Price List mirror)
2026-08-10,AWS,eu-west-2,g7e.8xlarge,NVIDIA RTX PRO 6000 Blackwell,1.0,spot,2.5191,2.5191,instances.vantage.sh (AWS Price List mirror)
2026-08-10,AWS,eu-west-2,gr6.4xlarge,L4,1.0,ondemand,1.9539,1.9539,instances.vantage.sh (AWS Price List mirror)
2026-08-10,AWS,eu-west-2,gr6.4xlarge,L4,1.0,spot,0.4873,0.4873,instances.vantage.sh (AWS Price List mirror)
2026-08-10,AWS,eu-west-2,gr6.8xlarge,L4,1.0,ondemand,3.10552,3.10552,instances.vantage.sh (AWS Price List mirror)
2026-08-10,AWS,eu-west-2,gr6.8xlarge,L4,1.0,spot,0.8946,0.8946,instances.vantage.sh (AWS Price List mirror)
2026-08-10,AWS,eu-west-2,gr6f.4xlarge,L4,0.5,ondemand,1.35321,2.70642,instances.vantage.sh (AWS Price List mirror)
2026-08-10,AWS,eu-west-2,gr6f.4xlarge,L4,0.5,spot,0.4286,0.8572,instances.vantage.sh (AWS Price List mirror)
2026-08-10,AWS,eu-west-2,p3.16xlarge,V100,8.0,ondemand,28.712,3.589,instances.vantage.sh (AWS Price List mirror)
2026-08-10,AWS,eu-west-2,p3.16xlarge,V100,8.0,spot,28.712,3.589,instances.vantage.sh (AWS Price List mirror)
2026-08-10,AWS,eu-west-2,p3.2xlarge,V100,1.0,ondemand,3.589,3.589,instances.vantage.sh (AWS Price List mirror)
2026-08-10,AWS,eu-west-2,p3.2xlarge,V100,1.0,spot,3.589,3.589,instances.vantage.sh (AWS Price List mirror)
2026-08-10,AWS,eu-west-2,p3.8xlarge,V100,4.0,ondemand,14.356,3.589,instances.vantage.sh (AWS Price List mirror)
2026-08-10,AWS,eu-west-2,p3.8xlarge,V100,4.0,spot,5.88596,1.47149,instances.vantage.sh (AWS Price List mirror)
2026-08-10,AWS,eu-west-2,p4d.24xlarge,A100,8.0,ondemand,28.54493,3.56811625,instances.vantage.sh (AWS Price List mirror)
2026-08-10,AWS,eu-west-2,p4d.24xlarge,A100,8.0,spot,18.0587,2.2573375,instances.vantage.sh (AWS Price List mirror)
2026-08-10,AWS,eu-west-2,p5.48xlarge,H100,8.0,ondemand,71.552,8.944,instances.vantage.sh (AWS Price List mirror)
2026-08-10,AWS,eu-west-2,p5.48xlarge,H100,8.0,spot,35.931167,4.491395875,instances.vantage.sh (AWS Price List mirror)
2026-08-10,AWS,eu-west-2,p5.4xlarge,H100,1.0,ondemand,8.944,8.944,instances.vantage.sh (AWS Price List mirror)
2026-08-10,AWS,eu-west-2,p5.4xlarge,H100,1.0,spot,8.944,8.944,instances.vantage.sh (AWS Price List mirror)
2026-08-10,AWS,eu-west-2-wl1-lon1,g4dn.2xlarge,T4,1.0,ondemand,1.144,1.144,instances.vantage.sh (AWS Price List mirror)
2026-08-10,AWS,eu-west-2-wl1-man1,g4dn.2xlarge,T4,1.0,ondemand,1.144,1.144,instances.vantage.sh (AWS Price List mirror)
2026-08-10,AWS,eu-west-2-wl2-man1,g4dn.2xlarge,T4,1.0,ondemand,1.144,1.144,instances.vantage.sh (AWS Price List mirror)
2026-08-10,AWS,eu-west-3,g4dn.12xlarge,T4,4.0,ondemand,4.574,1.1435,instances.vantage.sh (AWS Price List mirror)
2026-08-10,AWS,eu-west-3,g4dn.12xlarge,T4,4.0,spot,1.444167,0.36104175,instances.vantage.sh (AWS Price List mirror)
2026-08-10,AWS,eu-west-3,g4dn.16xlarge,T4,1.0,ondemand,5.088,5.088,instances.vantage.sh (AWS Price List mirror)
2026-08-10,AWS,eu-west-3,g4dn.16xlarge,T4,1.0,spot,1.271267,1.271267,instances.vantage.sh (AWS Price List mirror)
2026-08-10,AWS,eu-west-3,g4dn.2xlarge,T4,1.0,ondemand,0.879,0.879,instances.vantage.sh (AWS Price List mirror)
2026-08-10,AWS,eu-west-3,g4dn.2xlarge,T4,1.0,spot,0.2435,0.2435,instances.vantage.sh (AWS Price List mirror)
2026-08-10,AWS,eu-west-3,g4dn.4xlarge,T4,1.0,ondemand,1.408,1.408,instances.vantage.sh (AWS Price List mirror)
2026-08-10,AWS,eu-west-3,g4dn.4xlarge,T4,1.0,spot,0.394733,0.394733,instances.vantage.sh (AWS Price List mirror)
2026-08-10,AWS,eu-west-3,g4dn.8xlarge,T4,1.0,ondemand,2.544,2.544,instances.vantage.sh (AWS Price List mirror)
2026-08-10,AWS,eu-west-3,g4dn.8xlarge,T4,1.0,spot,0.627533,0.627533,instances.vantage.sh (AWS Price List mirror)
2026-08-10,AWS,eu-west-3,g4dn.metal,T4,8.0,ondemand,9.148,1.1435,instances.vantage.sh (AWS Price List mirror)
2026-08-10,AWS,eu-west-3,g4dn.metal,T4,8.0,spot,2.423333,0.302916625,instances.vantage.sh (AWS Price List mirror)
2026-08-10,AWS,eu-west-3,g4dn.xlarge,T4,1.0,ondemand,0.615,0.615,instances.vantage.sh (AWS Price List mirror)
2026-08-10,AWS,eu-west-3,g4dn.xlarge,T4,1.0,spot,0.209567,0.209567,instances.vantage.sh (AWS Price List mirror)
2026-08-10,AWS,eu-west-3,g5.12xlarge,A10G,4.0,ondemand,7.19994,1.799985,instances.vantage.sh (AWS Price List mirror)
2026-08-10,AWS,eu-west-3,g5.16xlarge,A10G,1.0,ondemand,5.1994,5.1994,instances.vantage.sh (AWS Price List mirror)
2026-08-10,AWS,eu-west-3,g5.24xlarge,A10G,4.0,ondemand,10.33786,2.584465,instances.vantage.sh (AWS Price List mirror)
2026-08-10,AWS,eu-west-3,g5.2xlarge,A10G,1.0,ondemand,1.53849,1.53849,instances.vantage.sh (AWS Price List mirror)
2026-08-10,AWS,eu-west-3,g5.48xlarge,A10G,8.0,ondemand,20.67572,2.584465,instances.vantage.sh (AWS Price List mirror)
2026-08-10,AWS,eu-west-3,g5.4xlarge,A10G,1.0,ondemand,2.06148,2.06148,instances.vantage.sh (AWS Price List mirror)
2026-08-10,AWS,eu-west-3,g5.8xlarge,A10G,1.0,ondemand,3.10745,3.10745,instances.vantage.sh (AWS Price List mirror)
2026-08-10,AWS,eu-west-3,g5.xlarge,A10G,1.0,ondemand,1.277,1.277,instances.vantage.sh (AWS Price List mirror)
2026-08-10,AWS,eu-west-3,g6.12xlarge,L4,4.0,ondemand,5.8412,1.4603,instances.vantage.sh (AWS Price List mirror)
2026-08-10,AWS,eu-west-3,g6.12xlarge,L4,4.0,spot,1.60205,0.4005125,instances.vantage.sh (AWS Price List mirror)
2026-08-10,AWS,eu-west-3,g6.16xlarge,L4,1.0,ondemand,4.31184,4.31184,instances.vantage.sh (AWS Price List mirror)
2026-08-10,AWS,eu-west-3,g6.16xlarge,L4,1.0,spot,1.4246,1.4246,instances.vantage.sh (AWS Price List mirror)
2026-08-10,AWS,eu-west-3,g6.24xlarge,L4,4.0,ondemand,8.47339,2.1183475,instances.vantage.sh (AWS Price List mirror)
2026-08-10,AWS,eu-west-3,g6.24xlarge,L4,4.0,spot,2.2674,0.56685,instances.vantage.sh (AWS Price List mirror)
2026-08-10,AWS,eu-west-3,g6.2xlarge,L4,1.0,ondemand,1.24095,1.24095,instances.vantage.sh (AWS Price List mirror)
2026-08-10,AWS,eu-west-3,g6.2xlarge,L4,1.0,spot,0.3898,0.3898,instances.vantage.sh (AWS Price List mirror)
2026-08-10,AWS,eu-west-3,g6.48xlarge,L4,8.0,ondemand,16.94678,2.1183475,instances.vantage.sh (AWS Price List mirror)
2026-08-10,AWS,eu-west-3,g6.48xlarge,L4,8.0,spot,4.9418,0.617725,instances.vantage.sh (AWS Price List mirror)
2026-08-10,AWS,eu-west-3,g6.4xlarge,L4,1.0,ondemand,1.67965,1.67965,instances.vantage.sh (AWS Price List mirror)
2026-08-10,AWS,eu-west-3,g6.4xlarge,L4,1.0,spot,0.52725,0.52725,instances.vantage.sh (AWS Price List mirror)
2026-08-10,AWS,eu-west-3,g6.8xlarge,L4,1.0,ondemand,2.55705,2.55705,instances.vantage.sh (AWS Price List mirror)
2026-08-10,AWS,eu-west-3,g6.8xlarge,L4,1.0,spot,1.00265,1.00265,instances.vantage.sh (AWS Price List mirror)
2026-08-10,AWS,eu-west-3,g6.xlarge,L4,1.0,ondemand,1.0216,1.0216,instances.vantage.sh (AWS Price List mirror)
2026-08-10,AWS,eu-west-3,g6.xlarge,L4,1.0,spot,0.44505,0.44505,instances.vantage.sh (AWS Price List mirror)
2026-08-10,AWS,eu-west-3,gr6.4xlarge,L4,1.0,ondemand,1.9538,1.9538,instances.vantage.sh (AWS Price List mirror)
2026-08-10,AWS,eu-west-3,gr6.4xlarge,L4,1.0,spot,0.53125,0.53125,instances.vantage.sh (AWS Price List mirror)
2026-08-10,AWS,eu-west-3,gr6.8xlarge,L4,1.0,ondemand,3.10536,3.10536,instances.vantage.sh (AWS Price List mirror)
2026-08-10,AWS,eu-west-3,gr6.8xlarge,L4,1.0,spot,0.64405,0.64405,instances.vantage.sh (AWS Price List mirror)
2026-08-10,AWS,eu-west-3-wl1-cmn1,g4dn.12xlarge,T4,4.0,ondemand,5.234,1.3085,instances.vantage.sh (AWS Price List mirror)
2026-08-10,AWS,eu-west-3-wl1-cmn1,g4dn.2xlarge,T4,1.0,ondemand,1.006,1.006,instances.vantage.sh (AWS Price List mirror)
2026-08-10,AWS,eu-west-3-wl1-dss1,g4dn.12xlarge,T4,4.0,ondemand,5.234,1.3085,instances.vantage.sh (AWS Price List mirror)
2026-08-10,AWS,eu-west-3-wl1-dss1,g4dn.2xlarge,T4,1.0,ondemand,1.006,1.006,instances.vantage.sh (AWS Price List mirror)
2026-08-10,AWS,il-central-1,g5.12xlarge,A10G,4.0,ondemand,6.64825,1.6620625,instances.vantage.sh (AWS Price List mirror)
2026-08-10,AWS,il-central-1,g5.12xlarge,A10G,4.0,spot,2.526335,0.63158375,instances.vantage.sh (AWS Price List mirror)
2026-08-10,AWS,il-central-1,g5.16xlarge,A10G,1.0,ondemand,4.80099,4.80099,instances.vantage.sh (AWS Price List mirror)
2026-08-10,AWS,il-central-1,g5.16xlarge,A10G,1.0,spot,1.056218,1.056218,instances.vantage.sh (AWS Price List mirror)
2026-08-10,AWS,il-central-1,g5.24xlarge,A10G,4.0,ondemand,9.54572,2.38643,instances.vantage.sh (AWS Price List mirror)
2026-08-10,AWS,il-central-1,g5.24xlarge,A10G,4.0,spot,7.15929,1.7898225,instances.vantage.sh (AWS Price List mirror)
2026-08-10,AWS,il-central-1,g5.2xlarge,A10G,1.0,ondemand,1.42061,1.42061,instances.vantage.sh (AWS Price List mirror)
2026-08-10,AWS,il-central-1,g5.2xlarge,A10G,1.0,spot,0.298328,0.298328,instances.vantage.sh (AWS Price List mirror)
2026-08-10,AWS,il-central-1,g5.48xlarge,A10G,8.0,ondemand,19.09145,2.38643125,instances.vantage.sh (AWS Price List mirror)
2026-08-10,AWS,il-central-1,g5.48xlarge,A10G,8.0,spot,12.409442,1.55118025,instances.vantage.sh (AWS Price List mirror)
2026-08-10,AWS,il-central-1,g5.4xlarge,A10G,1.0,ondemand,1.90352,1.90352,instances.vantage.sh (AWS Price List mirror)
2026-08-10,AWS,il-central-1,g5.4xlarge,A10G,1.0,spot,0.799478,0.799478,instances.vantage.sh (AWS Price List mirror)
2026-08-10,AWS,il-central-1,g5.8xlarge,A10G,1.0,ondemand,2.86934,2.86934,instances.vantage.sh (AWS Price List mirror)
2026-08-10,AWS,il-central-1,g5.8xlarge,A10G,1.0,spot,0.803415,0.803415,instances.vantage.sh (AWS Price List mirror)
2026-08-10,AWS,il-central-1,g5.xlarge,A10G,1.0,ondemand,1.17915,1.17915,instances.vantage.sh (AWS Price List mirror)
2026-08-10,AWS,il-central-1,g5.xlarge,A10G,1.0,spot,0.330162,0.330162,instances.vantage.sh (AWS Price List mirror)
2026-08-10,AWS,il-central-1,p4de.24xlarge,A100,8.0,ondemand,35.57346,4.4466825,instances.vantage.sh (AWS Price List mirror)
2026-08-10,AWS,il-central-1,p4de.24xlarge,A100,8.0,spot,5.691754,0.71146925,instances.vantage.sh (AWS Price List mirror)
2026-08-10,AWS,me-central-1,g5.12xlarge,A10G,4.0,ondemand,6.9575,1.739375,instances.vantage.sh (AWS Price List mirror)
2026-08-10,AWS,me-central-1,g5.12xlarge,A10G,4.0,spot,6.6792,1.6698,instances.vantage.sh (AWS Price List mirror)
2026-08-10,AWS,me-central-1,g5.16xlarge,A10G,1.0,ondemand,5.02432,5.02432,instances.vantage.sh (AWS Price List mirror)
2026-08-10,AWS,me-central-1,g5.16xlarge,A10G,1.0,spot,2.009728,2.009728,instances.vantage.sh (AWS Price List mirror)
2026-08-10,AWS,me-central-1,g5.24xlarge,A10G,4.0,ondemand,9.98976,2.49744,instances.vantage.sh (AWS Price List mirror)
2026-08-10,AWS,me-central-1,g5.24xlarge,A10G,4.0,spot,9.59017,2.3975425,instances.vantage.sh (AWS Price List mirror)
2026-08-10,AWS,me-central-1,g5.2xlarge,A10G,1.0,ondemand,1.48669,1.48669,instances.vantage.sh (AWS Price List mirror)
2026-08-10,AWS,me-central-1,g5.2xlarge,A10G,1.0,spot,0.847413,0.847413,instances.vantage.sh (AWS Price List mirror)
2026-08-10,AWS,me-central-1,g5.48xlarge,A10G,8.0,ondemand,19.97951,2.49743875,instances.vantage.sh (AWS Price List mirror)
2026-08-10,AWS,me-central-1,g5.48xlarge,A10G,8.0,spot,19.18033,2.39754125,instances.vantage.sh (AWS Price List mirror)
2026-08-10,AWS,me-central-1,g5.4xlarge,A10G,1.0,ondemand,1.99206,1.99206,instances.vantage.sh (AWS Price List mirror)
2026-08-10,AWS,me-central-1,g5.4xlarge,A10G,1.0,spot,1.095633,1.095633,instances.vantage.sh (AWS Price List mirror)
2026-08-10,AWS,me-central-1,g5.8xlarge,A10G,1.0,ondemand,3.00282,3.00282,instances.vantage.sh (AWS Price List mirror)
2026-08-10,AWS,me-central-1,g5.8xlarge,A10G,1.0,spot,1.561466,1.561466,instances.vantage.sh (AWS Price List mirror)
2026-08-10,AWS,me-central-1,g5.xlarge,A10G,1.0,ondemand,1.234,1.234,instances.vantage.sh (AWS Price List mirror)
2026-08-10,AWS,me-central-1,g5.xlarge,A10G,1.0,spot,0.71572,0.71572,instances.vantage.sh (AWS Price List mirror)
2026-08-10,AWS,me-central-1,g6.12xlarge,L4,4.0,ondemand,5.65045,1.4126125,instances.vantage.sh (AWS Price List mirror)
2026-08-10,AWS,me-central-1,g6.12xlarge,L4,4.0,spot,2.316685,0.57917125,instances.vantage.sh (AWS Price List mirror)
2026-08-10,AWS,me-central-1,g6.16xlarge,L4,1.0,ondemand,4.17104,4.17104,instances.vantage.sh (AWS Price List mirror)
2026-08-10,AWS,me-central-1,g6.16xlarge,L4,1.0,spot,0.667366,0.667366,instances.vantage.sh (AWS Price List mirror)
2026-08-10,AWS,me-central-1,g6.24xlarge,L4,4.0,ondemand,8.19669,2.0491725,instances.vantage.sh (AWS Price List mirror)
2026-08-10,AWS,me-central-1,g6.24xlarge,L4,4.0,spot,7.540955,1.88523875,instances.vantage.sh (AWS Price List mirror)
2026-08-10,AWS,me-central-1,g6.2xlarge,L4,1.0,ondemand,1.20043,1.20043,instances.vantage.sh (AWS Price List mirror)
2026-08-10,AWS,me-central-1,g6.2xlarge,L4,1.0,spot,0.516185,0.516185,instances.vantage.sh (AWS Price List mirror)
2026-08-10,AWS,me-central-1,g6.48xlarge,L4,8.0,ondemand,16.39339,2.04917375,instances.vantage.sh (AWS Price List mirror)
2026-08-10,AWS,me-central-1,g6.48xlarge,L4,8.0,spot,15.901588,1.9876985,instances.vantage.sh (AWS Price List mirror)
2026-08-10,AWS,me-central-1,g6.4xlarge,L4,1.0,ondemand,1.6248,1.6248,instances.vantage.sh (AWS Price List mirror)
2026-08-10,AWS,me-central-1,g6.4xlarge,L4,1.0,spot,0.796152,0.796152,instances.vantage.sh (AWS Price List mirror)
2026-08-10,AWS,me-central-1,g6.8xlarge,L4,1.0,ondemand,2.47355,2.47355,instances.vantage.sh (AWS Price List mirror)
2026-08-10,AWS,me-central-1,g6.8xlarge,L4,1.0,spot,0.519446,0.519446,instances.vantage.sh (AWS Price List mirror)
2026-08-10,AWS,me-central-1,g6.xlarge,L4,1.0,ondemand,0.98824,0.98824,instances.vantage.sh (AWS Price List mirror)
2026-08-10,AWS,me-central-1,g6.xlarge,L4,1.0,spot,0.74118,0.74118,instances.vantage.sh (AWS Price List mirror)
2026-08-10,AWS,me-central-1,g6e.12xlarge,L40S,4.0,ondemand,12.87194,3.217985,instances.vantage.sh (AWS Price List mirror)
2026-08-10,AWS,me-central-1,g6e.12xlarge,L40S,4.0,spot,2.831827,0.70795675,instances.vantage.sh (AWS Price List mirror)
2026-08-10,AWS,me-central-1,g6e.16xlarge,L40S,1.0,ondemand,9.2954,9.2954,instances.vantage.sh (AWS Price List mirror)
2026-08-10,AWS,me-central-1,g6e.16xlarge,L40S,1.0,spot,2.137942,2.137942,instances.vantage.sh (AWS Price List mirror)
2026-08-10,AWS,me-central-1,g6e.24xlarge,L40S,4.0,ondemand,18.48186,4.620465,instances.vantage.sh (AWS Price List mirror)
2026-08-10,AWS,me-central-1,g6e.24xlarge,L40S,4.0,spot,4.066009,1.01650225,instances.vantage.sh (AWS Price List mirror)
2026-08-10,AWS,me-central-1,g6e.2xlarge,L40S,1.0,ondemand,2.75049,2.75049,instances.vantage.sh (AWS Price List mirror)
2026-08-10,AWS,me-central-1,g6e.2xlarge,L40S,1.0,spot,0.715127,0.715127,instances.vantage.sh (AWS Price List mirror)
2026-08-10,AWS,me-central-1,g6e.48xlarge,L40S,8.0,ondemand,36.96372,4.620465,instances.vantage.sh (AWS Price List mirror)
2026-08-10,AWS,me-central-1,g6e.48xlarge,L40S,8.0,spot,20.699683,2.587460375,instances.vantage.sh (AWS Price List mirror)
2026-08-10,AWS,me-central-1,g6e.4xlarge,L40S,1.0,ondemand,3.68548,3.68548,instances.vantage.sh (AWS Price List mirror)
2026-08-10,AWS,me-central-1,g6e.4xlarge,L40S,1.0,spot,0.84766,0.84766,instances.vantage.sh (AWS Price List mirror)
2026-08-10,AWS,me-central-1,g6e.8xlarge,L40S,1.0,ondemand,5.55545,5.55545,instances.vantage.sh (AWS Price List mirror)
2026-08-10,AWS,me-central-1,g6e.8xlarge,L40S,1.0,spot,1.333308,1.333308,instances.vantage.sh (AWS Price List mirror)
2026-08-10,AWS,me-central-1,g6e.xlarge,L40S,1.0,ondemand,2.283,2.283,instances.vantage.sh (AWS Price List mirror)
2026-08-10,AWS,me-central-1,g6e.xlarge,L40S,1.0,spot,0.59358,0.59358,instances.vantage.sh (AWS Price List mirror)
2026-08-10,AWS,me-central-1,p5en.48xlarge,H200,8.0,ondemand,75.9552,9.4944,instances.vantage.sh (AWS Price List mirror)
2026-08-10,AWS,me-south-1,g4dn.12xlarge,T4,4.0,ondemand,4.798,1.1995,instances.vantage.sh (AWS Price List mirror)
2026-08-10,AWS,me-south-1,g4dn.12xlarge,T4,4.0,spot,0.7197,0.179925,instances.vantage.sh (AWS Price List mirror)
2026-08-10,AWS,me-south-1,g4dn.16xlarge,T4,1.0,ondemand,5.338,5.338,instances.vantage.sh (AWS Price List mirror)
2026-08-10,AWS,me-south-1,g4dn.16xlarge,T4,1.0,spot,0.64056,0.64056,instances.vantage.sh (AWS Price List mirror)
2026-08-10,AWS,me-south-1,g4dn.2xlarge,T4,1.0,ondemand,0.922,0.922,instances.vantage.sh (AWS Price List mirror)
2026-08-10,AWS,me-south-1,g4dn.2xlarge,T4,1.0,spot,0.31348,0.31348,instances.vantage.sh (AWS Price List mirror)
2026-08-10,AWS,me-south-1,g4dn.4xlarge,T4,1.0,ondemand,1.477,1.477,instances.vantage.sh (AWS Price List mirror)
2026-08-10,AWS,me-south-1,g4dn.4xlarge,T4,1.0,spot,0.48741,0.48741,instances.vantage.sh (AWS Price List mirror)
2026-08-10,AWS,me-south-1,g4dn.8xlarge,T4,1.0,ondemand,2.669,2.669,instances.vantage.sh (AWS Price List mirror)
2026-08-10,AWS,me-south-1,g4dn.8xlarge,T4,1.0,spot,0.5338,0.5338,instances.vantage.sh (AWS Price List mirror)
2026-08-10,AWS,me-south-1,g4dn.metal,T4,8.0,ondemand,9.596,1.1995,instances.vantage.sh (AWS Price List mirror)
2026-08-10,AWS,me-south-1,g4dn.metal,T4,8.0,spot,0.9596,0.11995,instances.vantage.sh (AWS Price List mirror)
2026-08-10,AWS,me-south-1,g4dn.xlarge,T4,1.0,ondemand,0.645,0.645,instances.vantage.sh (AWS Price List mirror)
2026-08-10,AWS,me-south-1,g4dn.xlarge,T4,1.0,spot,0.129,0.129,instances.vantage.sh (AWS Price List mirror)
2026-08-10,AWS,me-south-1-mct-1,g4dn.2xlarge,T4,1.0,ondemand,1.153,1.153,instances.vantage.sh (AWS Price List mirror)
2026-08-10,AWS,sa-east-1,g4dn.12xlarge,T4,4.0,ondemand,6.649,1.66225,instances.vantage.sh (AWS Price List mirror)
2026-08-10,AWS,sa-east-1,g4dn.12xlarge,T4,4.0,spot,1.6484,0.4121,instances.vantage.sh (AWS Price List mirror)
2026-08-10,AWS,sa-east-1,g4dn.16xlarge,T4,1.0,ondemand,7.397,7.397,instances.vantage.sh (AWS Price List mirror)
2026-08-10,AWS,sa-east-1,g4dn.16xlarge,T4,1.0,spot,0.7397,0.7397,instances.vantage.sh (AWS Price List mirror)
2026-08-10,AWS,sa-east-1,g4dn.2xlarge,T4,1.0,ondemand,1.278,1.278,instances.vantage.sh (AWS Price List mirror)
2026-08-10,AWS,sa-east-1,g4dn.2xlarge,T4,1.0,spot,0.239667,0.239667,instances.vantage.sh (AWS Price List mirror)
2026-08-10,AWS,sa-east-1,g4dn.4xlarge,T4,1.0,ondemand,2.046,2.046,instances.vantage.sh (AWS Price List mirror)
2026-08-10,AWS,sa-east-1,g4dn.4xlarge,T4,1.0,spot,0.287633,0.287633,instances.vantage.sh (AWS Price List mirror)
2026-08-10,AWS,sa-east-1,g4dn.8xlarge,T4,1.0,ondemand,3.698,3.698,instances.vantage.sh (AWS Price List mirror)
2026-08-10,AWS,sa-east-1,g4dn.8xlarge,T4,1.0,spot,0.478133,0.478133,instances.vantage.sh (AWS Price List mirror)
2026-08-10,AWS,sa-east-1,g4dn.metal,T4,8.0,ondemand,13.298,1.66225,instances.vantage.sh (AWS Price List mirror)
2026-08-10,AWS,sa-east-1,g4dn.metal,T4,8.0,spot,5.5919,0.6989875,instances.vantage.sh (AWS Price List mirror)
2026-08-10,AWS,sa-east-1,g4dn.xlarge,T4,1.0,ondemand,0.894,0.894,instances.vantage.sh (AWS Price List mirror)
2026-08-10,AWS,sa-east-1,g4dn.xlarge,T4,1.0,spot,0.150467,0.150467,instances.vantage.sh (AWS Price List mirror)
2026-08-10,AWS,sa-east-1,g5.12xlarge,A10G,4.0,ondemand,9.64127,2.4103175,instances.vantage.sh (AWS Price List mirror)
2026-08-10,AWS,sa-east-1,g5.12xlarge,A10G,4.0,spot,8.0391,2.009775,instances.vantage.sh (AWS Price List mirror)
2026-08-10,AWS,sa-east-1,g5.16xlarge,A10G,1.0,ondemand,6.96239,6.96239,instances.vantage.sh (AWS Price List mirror)
2026-08-10,AWS,sa-east-1,g5.16xlarge,A10G,1.0,spot,5.80515,5.80515,instances.vantage.sh (AWS Price List mirror)
2026-08-10,AWS,sa-east-1,g5.24xlarge,A10G,4.0,ondemand,13.84318,3.460795,instances.vantage.sh (AWS Price List mirror)
2026-08-10,AWS,sa-east-1,g5.24xlarge,A10G,4.0,spot,11.5427,2.885675,instances.vantage.sh (AWS Price List mirror)
2026-08-10,AWS,sa-east-1,g5.2xlarge,A10G,1.0,ondemand,2.06016,2.06016,instances.vantage.sh (AWS Price List mirror)
2026-08-10,AWS,sa-east-1,g5.2xlarge,A10G,1.0,spot,0.4092,0.4092,instances.vantage.sh (AWS Price List mirror)
2026-08-10,AWS,sa-east-1,g5.48xlarge,A10G,8.0,ondemand,27.68636,3.460795,instances.vantage.sh (AWS Price List mirror)
2026-08-10,AWS,sa-east-1,g5.48xlarge,A10G,8.0,spot,23.0854,2.885675,instances.vantage.sh (AWS Price List mirror)
2026-08-10,AWS,sa-east-1,g5.4xlarge,A10G,1.0,ondemand,2.76048,2.76048,instances.vantage.sh (AWS Price List mirror)
2026-08-10,AWS,sa-east-1,g5.4xlarge,A10G,1.0,spot,1.7051,1.7051,instances.vantage.sh (AWS Price List mirror)
2026-08-10,AWS,sa-east-1,g5.8xlarge,A10G,1.0,ondemand,4.16111,4.16111,instances.vantage.sh (AWS Price List mirror)
2026-08-10,AWS,sa-east-1,g5.8xlarge,A10G,1.0,spot,2.35845,2.35845,instances.vantage.sh (AWS Price List mirror)
2026-08-10,AWS,sa-east-1,g5.xlarge,A10G,1.0,ondemand,1.71,1.71,instances.vantage.sh (AWS Price List mirror)
2026-08-10,AWS,sa-east-1,g5.xlarge,A10G,1.0,spot,0.41305,0.41305,instances.vantage.sh (AWS Price List mirror)
2026-08-10,AWS,sa-east-1,g6.12xlarge,L4,4.0,ondemand,7.82181,1.9554525,instances.vantage.sh (AWS Price List mirror)
2026-08-10,AWS,sa-east-1,g6.12xlarge,L4,4.0,spot,2.9099,0.727475,instances.vantage.sh (AWS Price List mirror)
2026-08-10,AWS,sa-east-1,g6.16xlarge,L4,1.0,ondemand,5.77388,5.77388,instances.vantage.sh (AWS Price List mirror)
2026-08-10,AWS,sa-east-1,g6.16xlarge,L4,1.0,spot,2.61795,2.61795,instances.vantage.sh (AWS Price List mirror)
2026-08-10,AWS,sa-east-1,g6.24xlarge,L4,4.0,ondemand,11.34651,2.8366275,instances.vantage.sh (AWS Price List mirror)
2026-08-10,AWS,sa-east-1,g6.24xlarge,L4,4.0,spot,7.5152,1.8788,instances.vantage.sh (AWS Price List mirror)
2026-08-10,AWS,sa-east-1,g6.2xlarge,L4,1.0,ondemand,1.66173,1.66173,instances.vantage.sh (AWS Price List mirror)
2026-08-10,AWS,sa-east-1,g6.2xlarge,L4,1.0,spot,0.49545,0.49545,instances.vantage.sh (AWS Price List mirror)
2026-08-10,AWS,sa-east-1,g6.48xlarge,L4,8.0,ondemand,22.69303,2.83662875,instances.vantage.sh (AWS Price List mirror)
2026-08-10,AWS,sa-east-1,g6.48xlarge,L4,8.0,spot,14.50695,1.81336875,instances.vantage.sh (AWS Price List mirror)
2026-08-10,AWS,sa-east-1,g6.4xlarge,L4,1.0,ondemand,2.24918,2.24918,instances.vantage.sh (AWS Price List mirror)
2026-08-10,AWS,sa-east-1,g6.4xlarge,L4,1.0,spot,0.9277,0.9277,instances.vantage.sh (AWS Price List mirror)
2026-08-10,AWS,sa-east-1,g6.8xlarge,L4,1.0,ondemand,3.42408,3.42408,instances.vantage.sh (AWS Price List mirror)
2026-08-10,AWS,sa-east-1,g6.8xlarge,L4,1.0,spot,0.399,0.399,instances.vantage.sh (AWS Price List mirror)
2026-08-10,AWS,sa-east-1,g6.xlarge,L4,1.0,ondemand,1.368,1.368,instances.vantage.sh (AWS Price List mirror)
2026-08-10,AWS,sa-east-1,g6.xlarge,L4,1.0,spot,0.2932,0.2932,instances.vantage.sh (AWS Price List mirror)
2026-08-10,AWS,sa-east-1,g6f.2xlarge,L4,0.25,ondemand,0.80742,3.22968,instances.vantage.sh (AWS Price List mirror)
2026-08-10,AWS,sa-east-1,g6f.2xlarge,L4,0.25,spot,0.5615,2.246,instances.vantage.sh (AWS Price List mirror)
2026-08-10,AWS,sa-east-1,g6f.4xlarge,L4,0.5,ondemand,1.61483,3.22966,instances.vantage.sh (AWS Price List mirror)
2026-08-10,AWS,sa-east-1,g6f.4xlarge,L4,0.5,spot,1.3465,2.693,instances.vantage.sh (AWS Price List mirror)
2026-08-10,AWS,sa-east-1,g6f.large,L4,0.125,ondemand,0.34336,2.74688,instances.vantage.sh (AWS Price List mirror)
2026-08-10,AWS,sa-east-1,g6f.large,L4,0.125,spot,0.2173,1.7384,instances.vantage.sh (AWS Price List mirror)
2026-08-10,AWS,sa-east-1,g6f.xlarge,L4,0.125,ondemand,0.40371,3.22968,instances.vantage.sh (AWS Price List mirror)
2026-08-10,AWS,sa-east-1,g6f.xlarge,L4,0.125,spot,0.33535,2.6828,instances.vantage.sh (AWS Price List mirror)
2026-08-10,AWS,sa-east-1,gr6.4xlarge,L4,1.0,ondemand,2.6164,2.6164,instances.vantage.sh (AWS Price List mirror)
2026-08-10,AWS,sa-east-1,gr6.4xlarge,L4,1.0,spot,0.40135,0.40135,instances.vantage.sh (AWS Price List mirror)
2026-08-10,AWS,sa-east-1,gr6.8xlarge,L4,1.0,ondemand,4.1585,4.1585,instances.vantage.sh (AWS Price List mirror)
2026-08-10,AWS,sa-east-1,gr6.8xlarge,L4,1.0,spot,1.94165,1.94165,instances.vantage.sh (AWS Price List mirror)
2026-08-10,AWS,sa-east-1,gr6f.4xlarge,L4,0.5,ondemand,1.81203,3.62406,instances.vantage.sh (AWS Price List mirror)
2026-08-10,AWS,sa-east-1,gr6f.4xlarge,L4,0.5,spot,1.5108,3.0216,instances.vantage.sh (AWS Price List mirror)
2026-08-10,AWS,sa-east-1,p4d.24xlarge,A100,8.0,ondemand,35.5569,4.4446125,instances.vantage.sh (AWS Price List mirror)
2026-08-10,AWS,sa-east-1,p4d.24xlarge,A100,8.0,spot,29.648,3.706,instances.vantage.sh (AWS Price List mirror)
2026-08-10,AWS,sa-east-1,p5.48xlarge,H100,8.0,ondemand,92.4672,11.5584,instances.vantage.sh (AWS Price List mirror)
2026-08-10,AWS,sa-east-1,p5.48xlarge,H100,8.0,spot,77.101,9.637625,instances.vantage.sh (AWS Price List mirror)
2026-08-10,AWS,sa-east-1,p5.4xlarge,H100,1.0,ondemand,11.5584,11.5584,instances.vantage.sh (AWS Price List mirror)
2026-08-10,AWS,sa-east-1,p5.4xlarge,H100,1.0,spot,9.6369,9.6369,instances.vantage.sh (AWS Price List mirror)
2026-08-10,AWS,us-east-1,g2.2xlarge,K520,1.0,ondemand,0.65,0.65,instances.vantage.sh (AWS Price List mirror)
2026-08-10,AWS,us-east-1,g2.8xlarge,K520,4.0,ondemand,2.6,0.65,instances.vantage.sh (AWS Price List mirror)
2026-08-10,AWS,us-east-1,g3.16xlarge,M60,4.0,ondemand,4.56,1.14,instances.vantage.sh (AWS Price List mirror)
2026-08-10,AWS,us-east-1,g3.4xlarge,M60,1.0,ondemand,1.14,1.14,instances.vantage.sh (AWS Price List mirror)
2026-08-10,AWS,us-east-1,g3.8xlarge,M60,2.0,ondemand,2.28,1.14,instances.vantage.sh (AWS Price List mirror)
2026-08-10,AWS,us-east-1,g3s.xlarge,M60,1.0,ondemand,0.75,0.75,instances.vantage.sh (AWS Price List mirror)
2026-08-10,AWS,us-east-1,g4ad.16xlarge,V520,4.0,ondemand,3.468,0.867,instances.vantage.sh (AWS Price List mirror)
2026-08-10,AWS,us-east-1,g4ad.16xlarge,V520,4.0,spot,2.09305,0.5232625,instances.vantage.sh (AWS Price List mirror)
2026-08-10,AWS,us-east-1,g4ad.2xlarge,V520,1.0,ondemand,0.54117,0.54117,instances.vantage.sh (AWS Price List mirror)
2026-08-10,AWS,us-east-1,g4ad.2xlarge,V520,1.0,spot,0.230725,0.230725,instances.vantage.sh (AWS Price List mirror)
2026-08-10,AWS,us-east-1,g4ad.4xlarge,V520,1.0,ondemand,0.867,0.867,instances.vantage.sh (AWS Price List mirror)
2026-08-10,AWS,us-east-1,g4ad.4xlarge,V520,1.0,spot,0.36855,0.36855,instances.vantage.sh (AWS Price List mirror)
2026-08-10,AWS,us-east-1,g4ad.8xlarge,V520,2.0,ondemand,1.734,0.867,instances.vantage.sh (AWS Price List mirror)
2026-08-10,AWS,us-east-1,g4ad.8xlarge,V520,2.0,spot,0.691175,0.3455875,instances.vantage.sh (AWS Price List mirror)
2026-08-10,AWS,us-east-1,g4ad.xlarge,V520,1.0,ondemand,0.37853,0.37853,instances.vantage.sh (AWS Price List mirror)
2026-08-10,AWS,us-east-1,g4ad.xlarge,V520,1.0,spot,0.12865,0.12865,instances.vantage.sh (AWS Price List mirror)
2026-08-10,AWS,us-east-1,g4dn.12xlarge,T4,4.0,ondemand,3.912,0.978,instances.vantage.sh (AWS Price List mirror)
2026-08-10,AWS,us-east-1,g4dn.12xlarge,T4,4.0,spot,1.6218,0.40545,instances.vantage.sh (AWS Price List mirror)
2026-08-10,AWS,us-east-1,g4dn.16xlarge,T4,1.0,ondemand,4.352,4.352,instances.vantage.sh (AWS Price List mirror)
2026-08-10,AWS,us-east-1,g4dn.16xlarge,T4,1.0,spot,1.47576,1.47576,instances.vantage.sh (AWS Price List mirror)
2026-08-10,AWS,us-east-1,g4dn.2xlarge,T4,1.0,ondemand,0.752,0.752,instances.vantage.sh (AWS Price List mirror)
2026-08-10,AWS,us-east-1,g4dn.2xlarge,T4,1.0,spot,0.3814,0.3814,instances.vantage.sh (AWS Price List mirror)
2026-08-10,AWS,us-east-1,g4dn.4xlarge,T4,1.0,ondemand,1.204,1.204,instances.vantage.sh (AWS Price List mirror)
2026-08-10,AWS,us-east-1,g4dn.4xlarge,T4,1.0,spot,0.56368,0.56368,instances.vantage.sh (AWS Price List mirror)
2026-08-10,AWS,us-east-1,g4dn.8xlarge,T4,1.0,ondemand,2.176,2.176,instances.vantage.sh (AWS Price List mirror)
2026-08-10,AWS,us-east-1,g4dn.8xlarge,T4,1.0,spot,0.85256,0.85256,instances.vantage.sh (AWS Price List mirror)
2026-08-10,AWS,us-east-1,g4dn.metal,T4,8.0,ondemand,7.824,0.978,instances.vantage.sh (AWS Price List mirror)
2026-08-10,AWS,us-east-1,g4dn.metal,T4,8.0,spot,5.13058,0.6413225,instances.vantage.sh (AWS Price List mirror)
2026-08-10,AWS,us-east-1,g4dn.xlarge,T4,1.0,ondemand,0.526,0.526,instances.vantage.sh (AWS Price List mirror)
2026-08-10,AWS,us-east-1,g4dn.xlarge,T4,1.0,spot,0.33616,0.33616,instances.vantage.sh (AWS Price List mirror)
2026-08-10,AWS,us-east-1,g5.12xlarge,A10G,4.0,ondemand,5.672,1.418,instances.vantage.sh (AWS Price List mirror)
2026-08-10,AWS,us-east-1,g5.12xlarge,A10G,4.0,spot,4.0074,1.00185,instances.vantage.sh (AWS Price List mirror)
2026-08-10,AWS,us-east-1,g5.16xlarge,A10G,1.0,ondemand,4.096,4.096,instances.vantage.sh (AWS Price List mirror)
2026-08-10,AWS,us-east-1,g5.16xlarge,A10G,1.0,spot,2.48554,2.48554,instances.vantage.sh (AWS Price List mirror)
2026-08-10,AWS,us-east-1,g5.24xlarge,A10G,4.0,ondemand,8.144,2.036,instances.vantage.sh (AWS Price List mirror)
2026-08-10,AWS,us-east-1,g5.24xlarge,A10G,4.0,spot,4.50702,1.126755,instances.vantage.sh (AWS Price List mirror)
2026-08-10,AWS,us-east-1,g5.2xlarge,A10G,1.0,ondemand,1.212,1.212,instances.vantage.sh (AWS Price List mirror)
2026-08-10,AWS,us-east-1,g5.2xlarge,A10G,1.0,spot,1.11274,1.11274,instances.vantage.sh (AWS Price List mirror)
2026-08-10,AWS,us-east-1,g5.48xlarge,A10G,8.0,ondemand,16.288,2.036,instances.vantage.sh (AWS Price List mirror)
2026-08-10,AWS,us-east-1,g5.48xlarge,A10G,8.0,spot,11.0564,1.38205,instances.vantage.sh (AWS Price List mirror)
2026-08-10,AWS,us-east-1,g5.4xlarge,A10G,1.0,ondemand,1.624,1.624,instances.vantage.sh (AWS Price List mirror)
2026-08-10,AWS,us-east-1,g5.4xlarge,A10G,1.0,spot,1.13562,1.13562,instances.vantage.sh (AWS Price List mirror)
2026-08-10,AWS,us-east-1,g5.8xlarge,A10G,1.0,ondemand,2.448,2.448,instances.vantage.sh (AWS Price List mirror)
2026-08-10,AWS,us-east-1,g5.8xlarge,A10G,1.0,spot,1.48044,1.48044,instances.vantage.sh (AWS Price List mirror)
2026-08-10,AWS,us-east-1,g5.xlarge,A10G,1.0,ondemand,1.006,1.006,instances.vantage.sh (AWS Price List mirror)
2026-08-10,AWS,us-east-1,g5.xlarge,A10G,1.0,spot,0.6787,0.6787,instances.vantage.sh (AWS Price List mirror)
2026-08-10,AWS,us-east-1,g5g.16xlarge,T4G,2.0,ondemand,2.744,1.372,instances.vantage.sh (AWS Price List mirror)
2026-08-10,AWS,us-east-1,g5g.16xlarge,T4G,2.0,spot,0.6924,0.3462,instances.vantage.sh (AWS Price List mirror)
2026-08-10,AWS,us-east-1,g5g.2xlarge,T4G,1.0,ondemand,0.556,0.556,instances.vantage.sh (AWS Price List mirror)
2026-08-10,AWS,us-east-1,g5g.2xlarge,T4G,1.0,spot,0.3323,0.3323,instances.vantage.sh (AWS Price List mirror)
2026-08-10,AWS,us-east-1,g5g.4xlarge,T4G,1.0,ondemand,0.828,0.828,instances.vantage.sh (AWS Price List mirror)
2026-08-10,AWS,us-east-1,g5g.4xlarge,T4G,1.0,spot,0.43955,0.43955,instances.vantage.sh (AWS Price List mirror)
2026-08-10,AWS,us-east-1,g5g.8xlarge,T4G,1.0,ondemand,1.372,1.372,instances.vantage.sh (AWS Price List mirror)
2026-08-10,AWS,us-east-1,g5g.8xlarge,T4G,1.0,spot,0.800175,0.800175,instances.vantage.sh (AWS Price List mirror)
2026-08-10,AWS,us-east-1,g5g.metal,T4G,2.0,ondemand,2.744,1.372,instances.vantage.sh (AWS Price List mirror)
2026-08-10,AWS,us-east-1,g5g.metal,T4G,2.0,spot,0.607675,0.3038375,instances.vantage.sh (AWS Price List mirror)
2026-08-10,AWS,us-east-1,g5g.xlarge,T4G,1.0,ondemand,0.42,0.42,instances.vantage.sh (AWS Price List mirror)
2026-08-10,AWS,us-east-1,g5g.xlarge,T4G,1.0,spot,0.1481,0.1481,instances.vantage.sh (AWS Price List mirror)
2026-08-10,AWS,us-east-1,g6.12xlarge,L4,4.0,ondemand,4.6016,1.1504,instances.vantage.sh (AWS Price List mirror)
2026-08-10,AWS,us-east-1,g6.12xlarge,L4,4.0,spot,3.9766,0.99415,instances.vantage.sh (AWS Price List mirror)
2026-08-10,AWS,us-east-1,g6.16xlarge,L4,1.0,ondemand,3.3968,3.3968,instances.vantage.sh (AWS Price List mirror)
2026-08-10,AWS,us-east-1,g6.16xlarge,L4,1.0,spot,1.95716,1.95716,instances.vantage.sh (AWS Price List mirror)
2026-08-10,AWS,us-east-1,g6.24xlarge,L4,4.0,ondemand,6.6752,1.6688,instances.vantage.sh (AWS Price List mirror)
2026-08-10,AWS,us-east-1,g6.24xlarge,L4,4.0,spot,5.11158,1.277895,instances.vantage.sh (AWS Price List mirror)
2026-08-10,AWS,us-east-1,g6.2xlarge,L4,1.0,ondemand,0.9776,0.9776,instances.vantage.sh (AWS Price List mirror)
2026-08-10,AWS,us-east-1,g6.2xlarge,L4,1.0,spot,0.94972,0.94972,instances.vantage.sh (AWS Price List mirror)
2026-08-10,AWS,us-east-1,g6.48xlarge,L4,8.0,ondemand,13.3504,1.6688,instances.vantage.sh (AWS Price List mirror)
2026-08-10,AWS,us-east-1,g6.48xlarge,L4,8.0,spot,8.60632,1.07579,instances.vantage.sh (AWS Price List mirror)
2026-08-10,AWS,us-east-1,g6.4xlarge,L4,1.0,ondemand,1.3232,1.3232,instances.vantage.sh (AWS Price List mirror)
2026-08-10,AWS,us-east-1,g6.4xlarge,L4,1.0,spot,0.97342,0.97342,instances.vantage.sh (AWS Price List mirror)
2026-08-10,AWS,us-east-1,g6.8xlarge,L4,1.0,ondemand,2.0144,2.0144,instances.vantage.sh (AWS Price List mirror)
2026-08-10,AWS,us-east-1,g6.8xlarge,L4,1.0,spot,1.4308,1.4308,instances.vantage.sh (AWS Price List mirror)
2026-08-10,AWS,us-east-1,g6.xlarge,L4,1.0,ondemand,0.8048,0.8048,instances.vantage.sh (AWS Price List mirror)
2026-08-10,AWS,us-east-1,g6.xlarge,L4,1.0,spot,0.72002,0.72002,instances.vantage.sh (AWS Price List mirror)
2026-08-10,AWS,us-east-1,g6e.12xlarge,L40S,4.0,ondemand,10.49264,2.62316,instances.vantage.sh (AWS Price List mirror)
2026-08-10,AWS,us-east-1,g6e.12xlarge,L40S,4.0,spot,6.87,1.7175,instances.vantage.sh (AWS Price List mirror)
2026-08-10,AWS,us-east-1,g6e.16xlarge,L40S,1.0,ondemand,7.57719,7.57719,instances.vantage.sh (AWS Price List mirror)
2026-08-10,AWS,us-east-1,g6e.16xlarge,L40S,1.0,spot,2.8945,2.8945,instances.vantage.sh (AWS Price List mirror)
2026-08-10,AWS,us-east-1,g6e.24xlarge,L40S,4.0,ondemand,15.06559,3.7663975,instances.vantage.sh (AWS Price List mirror)
2026-08-10,AWS,us-east-1,g6e.24xlarge,L40S,4.0,spot,6.97405,1.7435125,instances.vantage.sh (AWS Price List mirror)
2026-08-10,AWS,us-east-1,g6e.2xlarge,L40S,1.0,ondemand,2.24208,2.24208,instances.vantage.sh (AWS Price List mirror)
2026-08-10,AWS,us-east-1,g6e.2xlarge,L40S,1.0,spot,2.21205,2.21205,instances.vantage.sh (AWS Price List mirror)
2026-08-10,AWS,us-east-1,g6e.48xlarge,L40S,8.0,ondemand,30.13118,3.7663975,instances.vantage.sh (AWS Price List mirror)
2026-08-10,AWS,us-east-1,g6e.48xlarge,L40S,8.0,spot,19.1542,2.394275,instances.vantage.sh (AWS Price List mirror)
2026-08-10,AWS,us-east-1,g6e.4xlarge,L40S,1.0,ondemand,3.00424,3.00424,instances.vantage.sh (AWS Price List mirror)
2026-08-10,AWS,us-east-1,g6e.4xlarge,L40S,1.0,spot,2.970875,2.970875,instances.vantage.sh (AWS Price List mirror)
2026-08-10,AWS,us-east-1,g6e.8xlarge,L40S,1.0,ondemand,4.52856,4.52856,instances.vantage.sh (AWS Price List mirror)
2026-08-10,AWS,us-east-1,g6e.8xlarge,L40S,1.0,spot,1.8986,1.8986,instances.vantage.sh (AWS Price List mirror)
2026-08-10,AWS,us-east-1,g6e.xlarge,L40S,1.0,ondemand,1.861,1.861,instances.vantage.sh (AWS Price List mirror)
2026-08-10,AWS,us-east-1,g6e.xlarge,L40S,1.0,spot,1.798725,1.798725,instances.vantage.sh (AWS Price List mirror)
2026-08-10,AWS,us-east-1,g6f.2xlarge,L4,0.25,ondemand,0.475,1.9,instances.vantage.sh (AWS Price List mirror)
2026-08-10,AWS,us-east-1,g6f.2xlarge,L4,0.25,spot,0.241475,0.9659,instances.vantage.sh (AWS Price List mirror)
2026-08-10,AWS,us-east-1,g6f.4xlarge,L4,0.5,ondemand,0.95,1.9,instances.vantage.sh (AWS Price List mirror)
2026-08-10,AWS,us-east-1,g6f.4xlarge,L4,0.5,spot,0.432,0.864,instances.vantage.sh (AWS Price List mirror)
2026-08-10,AWS,us-east-1,g6f.large,L4,0.125,ondemand,0.202,1.616,instances.vantage.sh (AWS Price List mirror)
2026-08-10,AWS,us-east-1,g6f.large,L4,0.125,spot,0.0641,0.5128,instances.vantage.sh (AWS Price List mirror)
2026-08-10,AWS,us-east-1,g6f.xlarge,L4,0.125,ondemand,0.2375,1.9,instances.vantage.sh (AWS Price List mirror)
2026-08-10,AWS,us-east-1,g6f.xlarge,L4,0.125,spot,0.1228,0.9824,instances.vantage.sh (AWS Price List mirror)
2026-08-10,AWS,us-east-1,g7.12xlarge,NVIDIA RTX PRO 4500 Blackwell,2.0,ondemand,7.12832,3.56416,instances.vantage.sh (AWS Price List mirror)
2026-08-10,AWS,us-east-1,g7.12xlarge,NVIDIA RTX PRO 4500 Blackwell,2.0,spot,1.9924,0.9962,instances.vantage.sh (AWS Price List mirror)
2026-08-10,AWS,us-east-1,g7.24xlarge,NVIDIA RTX PRO 4500 Blackwell,4.0,ondemand,14.25664,3.56416,instances.vantage.sh (AWS Price List mirror)
2026-08-10,AWS,us-east-1,g7.24xlarge,NVIDIA RTX PRO 4500 Blackwell,4.0,spot,4.1187,1.029675,instances.vantage.sh (AWS Price List mirror)
2026-08-10,AWS,us-east-1,g7.2xlarge,NVIDIA RTX PRO 4500 Blackwell,1.0,ondemand,2.52,2.52,instances.vantage.sh (AWS Price List mirror)
2026-08-10,AWS,us-east-1,g7.2xlarge,NVIDIA RTX PRO 4500 Blackwell,1.0,spot,1.08055,1.08055,instances.vantage.sh (AWS Price List mirror)
2026-08-10,AWS,us-east-1,g7.48xlarge,NVIDIA RTX PRO 4500 Blackwell,8.0,ondemand,28.51328,3.56416,instances.vantage.sh (AWS Price List mirror)
2026-08-10,AWS,us-east-1,g7.48xlarge,NVIDIA RTX PRO 4500 Blackwell,8.0,spot,7.5598,0.944975,instances.vantage.sh (AWS Price List mirror)
2026-08-10,AWS,us-east-1,g7.4xlarge,NVIDIA RTX PRO 4500 Blackwell,1.0,ondemand,3.04208,3.04208,instances.vantage.sh (AWS Price List mirror)
2026-08-10,AWS,us-east-1,g7.4xlarge,NVIDIA RTX PRO 4500 Blackwell,1.0,spot,1.16305,1.16305,instances.vantage.sh (AWS Price List mirror)
2026-08-10,AWS,us-east-1,g7.8xlarge,NVIDIA RTX PRO 4500 Blackwell,1.0,ondemand,4.08624,4.08624,instances.vantage.sh (AWS Price List mirror)
2026-08-10,AWS,us-east-1,g7.8xlarge,NVIDIA RTX PRO 4500 Blackwell,1.0,spot,1.2538,1.2538,instances.vantage.sh (AWS Price List mirror)
2026-08-10,AWS,us-east-1,g7e.12xlarge,NVIDIA RTX PRO 6000 Blackwell,2.0,ondemand,8.28608,4.14304,instances.vantage.sh (AWS Price List mirror)
2026-08-10,AWS,us-east-1,g7e.12xlarge,NVIDIA RTX PRO 6000 Blackwell,2.0,spot,3.99595,1.997975,instances.vantage.sh (AWS Price List mirror)
2026-08-10,AWS,us-east-1,g7e.24xlarge,NVIDIA RTX PRO 6000 Blackwell,4.0,ondemand,16.57216,4.14304,instances.vantage.sh (AWS Price List mirror)
2026-08-10,AWS,us-east-1,g7e.24xlarge,NVIDIA RTX PRO 6000 Blackwell,4.0,spot,7.92435,1.9810875,instances.vantage.sh (AWS Price List mirror)
2026-08-10,AWS,us-east-1,g7e.2xlarge,NVIDIA RTX PRO 6000 Blackwell,1.0,ondemand,3.36312,3.36312,instances.vantage.sh (AWS Price List mirror)
2026-08-10,AWS,us-east-1,g7e.2xlarge,NVIDIA RTX PRO 6000 Blackwell,1.0,spot,1.59255,1.59255,instances.vantage.sh (AWS Price List mirror)
2026-08-10,AWS,us-east-1,g7e.48xlarge,NVIDIA RTX PRO 6000 Blackwell,8.0,ondemand,33.14432,4.14304,instances.vantage.sh (AWS Price List mirror)
2026-08-10,AWS,us-east-1,g7e.48xlarge,NVIDIA RTX PRO 6000 Blackwell,8.0,spot,12.89465,1.61183125,instances.vantage.sh (AWS Price List mirror)
2026-08-10,AWS,us-east-1,g7e.4xlarge,NVIDIA RTX PRO 6000 Blackwell,1.0,ondemand,3.99816,3.99816,instances.vantage.sh (AWS Price List mirror)
2026-08-10,AWS,us-east-1,g7e.4xlarge,NVIDIA RTX PRO 6000 Blackwell,1.0,spot,1.7725,1.7725,instances.vantage.sh (AWS Price List mirror)
2026-08-10,AWS,us-east-1,g7e.8xlarge,NVIDIA RTX PRO 6000 Blackwell,1.0,ondemand,5.26824,5.26824,instances.vantage.sh (AWS Price List mirror)
2026-08-10,AWS,us-east-1,g7e.8xlarge,NVIDIA RTX PRO 6000 Blackwell,1.0,spot,2.21965,2.21965,instances.vantage.sh (AWS Price List mirror)
2026-08-10,AWS,us-east-1,gr6.4xlarge,L4,1.0,ondemand,1.5392,1.5392,instances.vantage.sh (AWS Price List mirror)
2026-08-10,AWS,us-east-1,gr6.4xlarge,L4,1.0,spot,0.986875,0.986875,instances.vantage.sh (AWS Price List mirror)
2026-08-10,AWS,us-east-1,gr6.8xlarge,L4,1.0,ondemand,2.4464,2.4464,instances.vantage.sh (AWS Price List mirror)
2026-08-10,AWS,us-east-1,gr6.8xlarge,L4,1.0,spot,1.539825,1.539825,instances.vantage.sh (AWS Price List mirror)
2026-08-10,AWS,us-east-1,gr6f.4xlarge,L4,0.5,ondemand,1.066,2.132,instances.vantage.sh (AWS Price List mirror)
2026-08-10,AWS,us-east-1,gr6f.4xlarge,L4,0.5,spot,0.727175,1.45435,instances.vantage.sh (AWS Price List mirror)
2026-08-10,AWS,us-east-1,p2.16xlarge,K80,16.0,ondemand,14.4,0.9,instances.vantage.sh (AWS Price List mirror)
2026-08-10,AWS,us-east-1,p2.8xlarge,K80,8.0,ondemand,7.2,0.9,instances.vantage.sh (AWS Price List mirror)
2026-08-10,AWS,us-east-1,p2.xlarge,K80,1.0,ondemand,0.9,0.9,instances.vantage.sh (AWS Price List mirror)
2026-08-10,AWS,us-east-1,p3.16xlarge,V100,8.0,ondemand,24.48,3.06,instances.vantage.sh (AWS Price List mirror)
2026-08-10,AWS,us-east-1,p3.16xlarge,V100,8.0,spot,11.5076,1.43845,instances.vantage.sh (AWS Price List mirror)
2026-08-10,AWS,us-east-1,p3.2xlarge,V100,1.0,ondemand,3.06,3.06,instances.vantage.sh (AWS Price List mirror)
2026-08-10,AWS,us-east-1,p3.2xlarge,V100,1.0,spot,0.890725,0.890725,instances.vantage.sh (AWS Price List mirror)
2026-08-10,AWS,us-east-1,p3.8xlarge,V100,4.0,ondemand,12.24,3.06,instances.vantage.sh (AWS Price List mirror)
2026-08-10,AWS,us-east-1,p3.8xlarge,V100,4.0,spot,3.97955,0.9948875,instances.vantage.sh (AWS Price List mirror)
2026-08-10,AWS,us-east-1,p3dn.24xlarge,V100,8.0,ondemand,31.212,3.9015,instances.vantage.sh (AWS Price List mirror)
2026-08-10,AWS,us-east-1,p3dn.24xlarge,V100,8.0,spot,5.17155,0.64644375,instances.vantage.sh (AWS Price List mirror)
2026-08-10,AWS,us-east-1,p4d.24xlarge,A100,8.0,ondemand,21.957642,2.74470525,instances.vantage.sh (AWS Price List mirror)
2026-08-10,AWS,us-east-1,p4d.24xlarge,A100,8.0,spot,17.99855,2.24981875,instances.vantage.sh (AWS Price List mirror)
2026-08-10,AWS,us-east-1,p4de.24xlarge,A100,8.0,ondemand,27.44705,3.43088125,instances.vantage.sh (AWS Price List mirror)
2026-08-10,AWS,us-east-1,p4de.24xlarge,A100,8.0,spot,23.6425,2.9553125,instances.vantage.sh (AWS Price List mirror)
2026-08-10,AWS,us-east-1,p5.48xlarge,H100,8.0,ondemand,55.04,6.88,instances.vantage.sh (AWS Price List mirror)
2026-08-10,AWS,us-east-1,p5.48xlarge,H100,8.0,spot,20.65815,2.58226875,instances.vantage.sh (AWS Price List mirror)
2026-08-10,AWS,us-east-1,p5.4xlarge,H100,1.0,ondemand,6.88,6.88,instances.vantage.sh (AWS Price List mirror)
2026-08-10,AWS,us-east-1,p5.4xlarge,H100,1.0,spot,2.85556,2.85556,instances.vantage.sh (AWS Price List mirror)
2026-08-10,AWS,us-east-1,p5en.48xlarge,H200,8.0,ondemand,63.296,7.912,instances.vantage.sh (AWS Price List mirror)
2026-08-10,AWS,us-east-1,p5en.48xlarge,H200,8.0,spot,27.1561,3.3945125,instances.vantage.sh (AWS Price List mirror)
2026-08-10,AWS,us-east-1,p6-b200.48xlarge,B200,8.0,ondemand,113.9328,14.2416,instances.vantage.sh (AWS Price List mirror)
2026-08-10,AWS,us-east-1,p6-b200.48xlarge,B200,8.0,spot,42.2529,5.2816125,instances.vantage.sh (AWS Price List mirror)
2026-08-10,AWS,us-east-1,p6-b300.48xlarge,NVIDIA B300,8.0,ondemand,142.416,17.802,instances.vantage.sh (AWS Price List mirror)
2026-08-10,AWS,us-east-1,p6-b300.48xlarge,NVIDIA B300,8.0,spot,44.5408,5.5676,instances.vantage.sh (AWS Price List mirror)
2026-08-10,AWS,us-east-1-atl-1,g4dn.2xlarge,T4,1.0,ondemand,1.015,1.015,instances.vantage.sh (AWS Price List mirror)
2026-08-10,AWS,us-east-1-atl-1,p5.48xlarge,H100,8.0,ondemand,55.04,6.88,instances.vantage.sh (AWS Price List mirror)
2026-08-10,AWS,us-east-1-atl-1,p5en.48xlarge,H200,8.0,ondemand,63.296,7.912,instances.vantage.sh (AWS Price List mirror)
2026-08-10,AWS,us-east-1-atl-1,p6-b200.48xlarge,B200,8.0,ondemand,113.9328,14.2416,instances.vantage.sh (AWS Price List mirror)
2026-08-10,AWS,us-east-1-atl-1,p6-b300.48xlarge,NVIDIA B300,8.0,ondemand,142.416,17.802,instances.vantage.sh (AWS Price List mirror)
2026-08-10,AWS,us-east-1-bos-1,g4dn.2xlarge,T4,1.0,ondemand,1.015,1.015,instances.vantage.sh (AWS Price List mirror)
2026-08-10,AWS,us-east-1-bos-1,g4dn.4xlarge,T4,1.0,ondemand,1.625,1.625,instances.vantage.sh (AWS Price List mirror)
2026-08-10,AWS,us-east-1-chi-1,g4dn.2xlarge,T4,1.0,ondemand,1.015,1.015,instances.vantage.sh (AWS Price List mirror)
2026-08-10,AWS,us-east-1-chi-1,g4dn.4xlarge,T4,1.0,ondemand,1.625,1.625,instances.vantage.sh (AWS Price List mirror)
2026-08-10,AWS,us-east-1-dfw-1,g4dn.2xlarge,T4,1.0,ondemand,1.015,1.015,instances.vantage.sh (AWS Price List mirror)
2026-08-10,AWS,us-east-1-dfw-1,g4dn.4xlarge,T4,1.0,ondemand,1.625,1.625,instances.vantage.sh (AWS Price List mirror)
2026-08-10,AWS,us-east-1-iah-1,g4dn.2xlarge,T4,1.0,ondemand,1.015,1.015,instances.vantage.sh (AWS Price List mirror)
2026-08-10,AWS,us-east-1-iah-1,g4dn.4xlarge,T4,1.0,ondemand,1.625,1.625,instances.vantage.sh (AWS Price List mirror)
2026-08-10,AWS,us-east-1-lim-1,g4dn.2xlarge,T4,1.0,ondemand,1.725,1.725,instances.vantage.sh (AWS Price List mirror)
2026-08-10,AWS,us-east-1-mci-1,g4dn.2xlarge,T4,1.0,ondemand,1.015,1.015,instances.vantage.sh (AWS Price List mirror)
2026-08-10,AWS,us-east-1-mia-1,g4dn.2xlarge,T4,1.0,ondemand,1.015,1.015,instances.vantage.sh (AWS Price List mirror)
2026-08-10,AWS,us-east-1-msp-1,g4dn.2xlarge,T4,1.0,ondemand,1.015,1.015,instances.vantage.sh (AWS Price List mirror)
2026-08-10,AWS,us-east-1-nyc-1,g4dn.2xlarge,T4,1.0,ondemand,1.015,1.015,instances.vantage.sh (AWS Price List mirror)
2026-08-10,AWS,us-east-1-nyc-1,g4dn.4xlarge,T4,1.0,ondemand,1.625,1.625,instances.vantage.sh (AWS Price List mirror)
2026-08-10,AWS,us-east-1-phl-1,g4dn.2xlarge,T4,1.0,ondemand,1.015,1.015,instances.vantage.sh (AWS Price List mirror)
2026-08-10,AWS,us-east-1-phl-1,g4dn.4xlarge,T4,1.0,ondemand,1.625,1.625,instances.vantage.sh (AWS Price List mirror)
2026-08-10,AWS,us-east-1-qro-1,g4dn.2xlarge,T4,1.0,ondemand,1.09,1.09,instances.vantage.sh (AWS Price List mirror)
2026-08-10,AWS,us-east-1-qro-1,g4dn.4xlarge,T4,1.0,ondemand,1.746,1.746,instances.vantage.sh (AWS Price List mirror)
2026-08-10,AWS,us-east-1-scl-1,g4dn.2xlarge,T4,1.0,ondemand,1.47,1.47,instances.vantage.sh (AWS Price List mirror)
2026-08-10,AWS,us-east-1-wl1,g4dn.2xlarge,T4,1.0,ondemand,1.317,1.317,instances.vantage.sh (AWS Price List mirror)
2026-08-10,AWS,us-east-1-wl1-atl1,g4dn.2xlarge,T4,1.0,ondemand,1.317,1.317,instances.vantage.sh (AWS Price List mirror)
2026-08-10,AWS,us-east-1-wl1-bna1,g4dn.2xlarge,T4,1.0,ondemand,1.317,1.317,instances.vantage.sh (AWS Price List mirror)
2026-08-10,AWS,us-east-1-wl1-chi1,g4dn.2xlarge,T4,1.0,ondemand,1.317,1.317,instances.vantage.sh (AWS Price List mirror)
2026-08-10,AWS,us-east-1-wl1-clt1,g4dn.2xlarge,T4,1.0,ondemand,1.317,1.317,instances.vantage.sh (AWS Price List mirror)
2026-08-10,AWS,us-east-1-wl1-dfw1,g4dn.2xlarge,T4,1.0,ondemand,1.317,1.317,instances.vantage.sh (AWS Price List mirror)
2026-08-10,AWS,us-east-1-wl1-dtw1,g4dn.2xlarge,T4,1.0,ondemand,1.317,1.317,instances.vantage.sh (AWS Price List mirror)
2026-08-10,AWS,us-east-1-wl1-iah1,g4dn.2xlarge,T4,1.0,ondemand,1.317,1.317,instances.vantage.sh (AWS Price List mirror)
2026-08-10,AWS,us-east-1-wl1-mia1,g4dn.2xlarge,T4,1.0,ondemand,1.317,1.317,instances.vantage.sh (AWS Price List mirror)
2026-08-10,AWS,us-east-1-wl1-msp1,g4dn.2xlarge,T4,1.0,ondemand,1.317,1.317,instances.vantage.sh (AWS Price List mirror)
2026-08-10,AWS,us-east-1-wl1-nyc1,g4dn.2xlarge,T4,1.0,ondemand,1.317,1.317,instances.vantage.sh (AWS Price List mirror)
2026-08-10,AWS,us-east-1-wl1-tpa1,g4dn.2xlarge,T4,1.0,ondemand,1.317,1.317,instances.vantage.sh (AWS Price List mirror)
2026-08-10,AWS,us-east-1-wl1-was1,g4dn.2xlarge,T4,1.0,ondemand,1.317,1.317,instances.vantage.sh (AWS Price List mirror)
2026-08-10,AWS,us-east-2,g3.16xlarge,M60,4.0,ondemand,4.56,1.14,instances.vantage.sh (AWS Price List mirror)
2026-08-10,AWS,us-east-2,g3.4xlarge,M60,1.0,ondemand,1.14,1.14,instances.vantage.sh (AWS Price List mirror)
2026-08-10,AWS,us-east-2,g3.8xlarge,M60,2.0,ondemand,2.28,1.14,instances.vantage.sh (AWS Price List mirror)
2026-08-10,AWS,us-east-2,g3s.xlarge,M60,1.0,ondemand,0.75,0.75,instances.vantage.sh (AWS Price List mirror)
2026-08-10,AWS,us-east-2,g4ad.16xlarge,V520,4.0,ondemand,3.468,0.867,instances.vantage.sh (AWS Price List mirror)
2026-08-10,AWS,us-east-2,g4ad.16xlarge,V520,4.0,spot,0.8233,0.205825,instances.vantage.sh (AWS Price List mirror)
2026-08-10,AWS,us-east-2,g4ad.2xlarge,V520,1.0,ondemand,0.54117,0.54117,instances.vantage.sh (AWS Price List mirror)
2026-08-10,AWS,us-east-2,g4ad.2xlarge,V520,1.0,spot,0.133167,0.133167,instances.vantage.sh (AWS Price List mirror)
2026-08-10,AWS,us-east-2,g4ad.4xlarge,V520,1.0,ondemand,0.867,0.867,instances.vantage.sh (AWS Price List mirror)
2026-08-10,AWS,us-east-2,g4ad.4xlarge,V520,1.0,spot,0.218367,0.218367,instances.vantage.sh (AWS Price List mirror)
2026-08-10,AWS,us-east-2,g4ad.8xlarge,V520,2.0,ondemand,1.734,0.867,instances.vantage.sh (AWS Price List mirror)
2026-08-10,AWS,us-east-2,g4ad.8xlarge,V520,2.0,spot,0.381833,0.1909165,instances.vantage.sh (AWS Price List mirror)
2026-08-10,AWS,us-east-2,g4ad.xlarge,V520,1.0,ondemand,0.37853,0.37853,instances.vantage.sh (AWS Price List mirror)
2026-08-10,AWS,us-east-2,g4ad.xlarge,V520,1.0,spot,0.103433,0.103433,instances.vantage.sh (AWS Price List mirror)
2026-08-10,AWS,us-east-2,g4dn.12xlarge,T4,4.0,ondemand,3.912,0.978,instances.vantage.sh (AWS Price List mirror)
2026-08-10,AWS,us-east-2,g4dn.12xlarge,T4,4.0,spot,1.235833,0.30895825,instances.vantage.sh (AWS Price List mirror)
2026-08-10,AWS,us-east-2,g4dn.16xlarge,T4,1.0,ondemand,4.352,4.352,instances.vantage.sh (AWS Price List mirror)
2026-08-10,AWS,us-east-2,g4dn.16xlarge,T4,1.0,spot,1.0458,1.0458,instances.vantage.sh (AWS Price List mirror)
2026-08-10,AWS,us-east-2,g4dn.2xlarge,T4,1.0,ondemand,0.752,0.752,instances.vantage.sh (AWS Price List mirror)
2026-08-10,AWS,us-east-2,g4dn.2xlarge,T4,1.0,spot,0.238033,0.238033,instances.vantage.sh (AWS Price List mirror)
2026-08-10,AWS,us-east-2,g4dn.4xlarge,T4,1.0,ondemand,1.204,1.204,instances.vantage.sh (AWS Price List mirror)
2026-08-10,AWS,us-east-2,g4dn.4xlarge,T4,1.0,spot,0.467333,0.467333,instances.vantage.sh (AWS Price List mirror)
2026-08-10,AWS,us-east-2,g4dn.8xlarge,T4,1.0,ondemand,2.176,2.176,instances.vantage.sh (AWS Price List mirror)
2026-08-10,AWS,us-east-2,g4dn.8xlarge,T4,1.0,spot,0.566867,0.566867,instances.vantage.sh (AWS Price List mirror)
2026-08-10,AWS,us-east-2,g4dn.metal,T4,8.0,ondemand,7.824,0.978,instances.vantage.sh (AWS Price List mirror)
2026-08-10,AWS,us-east-2,g4dn.metal,T4,8.0,spot,3.4009,0.4251125,instances.vantage.sh (AWS Price List mirror)
2026-08-10,AWS,us-east-2,g4dn.xlarge,T4,1.0,ondemand,0.526,0.526,instances.vantage.sh (AWS Price List mirror)
2026-08-10,AWS,us-east-2,g4dn.xlarge,T4,1.0,spot,0.204567,0.204567,instances.vantage.sh (AWS Price List mirror)
2026-08-10,AWS,us-east-2,g5.12xlarge,A10G,4.0,ondemand,5.672,1.418,instances.vantage.sh (AWS Price List mirror)
2026-08-10,AWS,us-east-2,g5.12xlarge,A10G,4.0,spot,3.471967,0.86799175,instances.vantage.sh (AWS Price List mirror)
2026-08-10,AWS,us-east-2,g5.16xlarge,A10G,1.0,ondemand,4.096,4.096,instances.vantage.sh (AWS Price List mirror)
2026-08-10,AWS,us-east-2,g5.16xlarge,A10G,1.0,spot,1.127767,1.127767,instances.vantage.sh (AWS Price List mirror)
2026-08-10,AWS,us-east-2,g5.24xlarge,A10G,4.0,ondemand,8.144,2.036,instances.vantage.sh (AWS Price List mirror)
2026-08-10,AWS,us-east-2,g5.24xlarge,A10G,4.0,spot,3.210833,0.80270825,instances.vantage.sh (AWS Price List mirror)
2026-08-10,AWS,us-east-2,g5.2xlarge,A10G,1.0,ondemand,1.212,1.212,instances.vantage.sh (AWS Price List mirror)
2026-08-10,AWS,us-east-2,g5.2xlarge,A10G,1.0,spot,0.517967,0.517967,instances.vantage.sh (AWS Price List mirror)
2026-08-10,AWS,us-east-2,g5.48xlarge,A10G,8.0,ondemand,16.288,2.036,instances.vantage.sh (AWS Price List mirror)
2026-08-10,AWS,us-east-2,g5.48xlarge,A10G,8.0,spot,9.923533,1.240441625,instances.vantage.sh (AWS Price List mirror)
2026-08-10,AWS,us-east-2,g5.4xlarge,A10G,1.0,ondemand,1.624,1.624,instances.vantage.sh (AWS Price List mirror)
2026-08-10,AWS,us-east-2,g5.4xlarge,A10G,1.0,spot,0.7369,0.7369,instances.vantage.sh (AWS Price List mirror)
2026-08-10,AWS,us-east-2,g5.8xlarge,A10G,1.0,ondemand,2.448,2.448,instances.vantage.sh (AWS Price List mirror)
2026-08-10,AWS,us-east-2,g5.8xlarge,A10G,1.0,spot,0.941733,0.941733,instances.vantage.sh (AWS Price List mirror)
2026-08-10,AWS,us-east-2,g5.xlarge,A10G,1.0,ondemand,1.006,1.006,instances.vantage.sh (AWS Price List mirror)
2026-08-10,AWS,us-east-2,g5.xlarge,A10G,1.0,spot,0.416933,0.416933,instances.vantage.sh (AWS Price List mirror)
2026-08-10,AWS,us-east-2,g6.12xlarge,L4,4.0,ondemand,4.6016,1.1504,instances.vantage.sh (AWS Price List mirror)
2026-08-10,AWS,us-east-2,g6.12xlarge,L4,4.0,spot,1.714333,0.42858325,instances.vantage.sh (AWS Price List mirror)
2026-08-10,AWS,us-east-2,g6.16xlarge,L4,1.0,ondemand,3.3968,3.3968,instances.vantage.sh (AWS Price List mirror)
2026-08-10,AWS,us-east-2,g6.16xlarge,L4,1.0,spot,1.227233,1.227233,instances.vantage.sh (AWS Price List mirror)
2026-08-10,AWS,us-east-2,g6.24xlarge,L4,4.0,ondemand,6.6752,1.6688,instances.vantage.sh (AWS Price List mirror)
2026-08-10,AWS,us-east-2,g6.24xlarge,L4,4.0,spot,2.669133,0.66728325,instances.vantage.sh (AWS Price List mirror)
2026-08-10,AWS,us-east-2,g6.2xlarge,L4,1.0,ondemand,0.9776,0.9776,instances.vantage.sh (AWS Price List mirror)
2026-08-10,AWS,us-east-2,g6.2xlarge,L4,1.0,spot,0.344467,0.344467,instances.vantage.sh (AWS Price List mirror)
2026-08-10,AWS,us-east-2,g6.48xlarge,L4,8.0,ondemand,13.3504,1.6688,instances.vantage.sh (AWS Price List mirror)
2026-08-10,AWS,us-east-2,g6.48xlarge,L4,8.0,spot,4.973667,0.621708375,instances.vantage.sh (AWS Price List mirror)
2026-08-10,AWS,us-east-2,g6.4xlarge,L4,1.0,ondemand,1.3232,1.3232,instances.vantage.sh (AWS Price List mirror)
2026-08-10,AWS,us-east-2,g6.4xlarge,L4,1.0,spot,0.459633,0.459633,instances.vantage.sh (AWS Price List mirror)
2026-08-10,AWS,us-east-2,g6.8xlarge,L4,1.0,ondemand,2.0144,2.0144,instances.vantage.sh (AWS Price List mirror)
2026-08-10,AWS,us-east-2,g6.8xlarge,L4,1.0,spot,0.711767,0.711767,instances.vantage.sh (AWS Price List mirror)
2026-08-10,AWS,us-east-2,g6.xlarge,L4,1.0,ondemand,0.8048,0.8048,instances.vantage.sh (AWS Price List mirror)
2026-08-10,AWS,us-east-2,g6.xlarge,L4,1.0,spot,0.3923,0.3923,instances.vantage.sh (AWS Price List mirror)
2026-08-10,AWS,us-east-2,g6e.12xlarge,L40S,4.0,ondemand,10.49264,2.62316,instances.vantage.sh (AWS Price List mirror)
2026-08-10,AWS,us-east-2,g6e.12xlarge,L40S,4.0,spot,5.934233,1.48355825,instances.vantage.sh (AWS Price List mirror)
2026-08-10,AWS,us-east-2,g6e.16xlarge,L40S,1.0,ondemand,7.57719,7.57719,instances.vantage.sh (AWS Price List mirror)
2026-08-10,AWS,us-east-2,g6e.16xlarge,L40S,1.0,spot,3.1114,3.1114,instances.vantage.sh (AWS Price List mirror)
2026-08-10,AWS,us-east-2,g6e.24xlarge,L40S,4.0,ondemand,15.06559,3.7663975,instances.vantage.sh (AWS Price List mirror)
2026-08-10,AWS,us-east-2,g6e.24xlarge,L40S,4.0,spot,4.387567,1.09689175,instances.vantage.sh (AWS Price List mirror)
2026-08-10,AWS,us-east-2,g6e.2xlarge,L40S,1.0,ondemand,2.24208,2.24208,instances.vantage.sh (AWS Price List mirror)
2026-08-10,AWS,us-east-2,g6e.2xlarge,L40S,1.0,spot,1.898367,1.898367,instances.vantage.sh (AWS Price List mirror)
2026-08-10,AWS,us-east-2,g6e.48xlarge,L40S,8.0,ondemand,30.13118,3.7663975,instances.vantage.sh (AWS Price List mirror)
2026-08-10,AWS,us-east-2,g6e.48xlarge,L40S,8.0,spot,11.161333,1.395166625,instances.vantage.sh (AWS Price List mirror)
2026-08-10,AWS,us-east-2,g6e.4xlarge,L40S,1.0,ondemand,3.00424,3.00424,instances.vantage.sh (AWS Price List mirror)
2026-08-10,AWS,us-east-2,g6e.4xlarge,L40S,1.0,spot,2.026433,2.026433,instances.vantage.sh (AWS Price List mirror)
2026-08-10,AWS,us-east-2,g6e.8xlarge,L40S,1.0,ondemand,4.52856,4.52856,instances.vantage.sh (AWS Price List mirror)
2026-08-10,AWS,us-east-2,g6e.8xlarge,L40S,1.0,spot,1.775667,1.775667,instances.vantage.sh (AWS Price List mirror)
2026-08-10,AWS,us-east-2,g6e.xlarge,L40S,1.0,ondemand,1.861,1.861,instances.vantage.sh (AWS Price List mirror)
2026-08-10,AWS,us-east-2,g6e.xlarge,L40S,1.0,spot,1.218667,1.218667,instances.vantage.sh (AWS Price List mirror)
2026-08-10,AWS,us-east-2,g6f.2xlarge,L4,0.25,ondemand,0.475,1.9,instances.vantage.sh (AWS Price List mirror)
2026-08-10,AWS,us-east-2,g6f.2xlarge,L4,0.25,spot,0.1102,0.4408,instances.vantage.sh (AWS Price List mirror)
2026-08-10,AWS,us-east-2,g6f.4xlarge,L4,0.5,ondemand,0.95,1.9,instances.vantage.sh (AWS Price List mirror)
2026-08-10,AWS,us-east-2,g6f.4xlarge,L4,0.5,spot,0.3266,0.6532,instances.vantage.sh (AWS Price List mirror)
2026-08-10,AWS,us-east-2,g6f.large,L4,0.125,ondemand,0.202,1.616,instances.vantage.sh (AWS Price List mirror)
2026-08-10,AWS,us-east-2,g6f.large,L4,0.125,spot,0.0375,0.3,instances.vantage.sh (AWS Price List mirror)
2026-08-10,AWS,us-east-2,g6f.xlarge,L4,0.125,ondemand,0.2375,1.9,instances.vantage.sh (AWS Price List mirror)
2026-08-10,AWS,us-east-2,g6f.xlarge,L4,0.125,spot,0.085833,0.686664,instances.vantage.sh (AWS Price List mirror)
2026-08-10,AWS,us-east-2,g7.12xlarge,NVIDIA RTX PRO 4500 Blackwell,2.0,ondemand,7.12832,3.56416,instances.vantage.sh (AWS Price List mirror)
2026-08-10,AWS,us-east-2,g7.12xlarge,NVIDIA RTX PRO 4500 Blackwell,2.0,spot,0.7128,0.3564,instances.vantage.sh (AWS Price List mirror)
2026-08-10,AWS,us-east-2,g7.24xlarge,NVIDIA RTX PRO 4500 Blackwell,4.0,ondemand,14.25664,3.56416,instances.vantage.sh (AWS Price List mirror)
2026-08-10,AWS,us-east-2,g7.24xlarge,NVIDIA RTX PRO 4500 Blackwell,4.0,spot,1.4257,0.356425,instances.vantage.sh (AWS Price List mirror)
2026-08-10,AWS,us-east-2,g7.2xlarge,NVIDIA RTX PRO 4500 Blackwell,1.0,ondemand,2.52,2.52,instances.vantage.sh (AWS Price List mirror)
2026-08-10,AWS,us-east-2,g7.2xlarge,NVIDIA RTX PRO 4500 Blackwell,1.0,spot,0.516833,0.516833,instances.vantage.sh (AWS Price List mirror)
2026-08-10,AWS,us-east-2,g7.48xlarge,NVIDIA RTX PRO 4500 Blackwell,8.0,ondemand,28.51328,3.56416,instances.vantage.sh (AWS Price List mirror)
2026-08-10,AWS,us-east-2,g7.48xlarge,NVIDIA RTX PRO 4500 Blackwell,8.0,spot,3.124867,0.390608375,instances.vantage.sh (AWS Price List mirror)
2026-08-10,AWS,us-east-2,g7.4xlarge,NVIDIA RTX PRO 4500 Blackwell,1.0,ondemand,3.04208,3.04208,instances.vantage.sh (AWS Price List mirror)
2026-08-10,AWS,us-east-2,g7.4xlarge,NVIDIA RTX PRO 4500 Blackwell,1.0,spot,0.476767,0.476767,instances.vantage.sh (AWS Price List mirror)
2026-08-10,AWS,us-east-2,g7.8xlarge,NVIDIA RTX PRO 4500 Blackwell,1.0,ondemand,4.08624,4.08624,instances.vantage.sh (AWS Price List mirror)
2026-08-10,AWS,us-east-2,g7.8xlarge,NVIDIA RTX PRO 4500 Blackwell,1.0,spot,0.446233,0.446233,instances.vantage.sh (AWS Price List mirror)
2026-08-10,AWS,us-east-2,g7e.12xlarge,NVIDIA RTX PRO 6000 Blackwell,2.0,ondemand,8.28608,4.14304,instances.vantage.sh (AWS Price List mirror)
2026-08-10,AWS,us-east-2,g7e.12xlarge,NVIDIA RTX PRO 6000 Blackwell,2.0,spot,3.50435,1.752175,instances.vantage.sh (AWS Price List mirror)
2026-08-10,AWS,us-east-2,g7e.24xlarge,NVIDIA RTX PRO 6000 Blackwell,4.0,ondemand,16.57216,4.14304,instances.vantage.sh (AWS Price List mirror)
2026-08-10,AWS,us-east-2,g7e.24xlarge,NVIDIA RTX PRO 6000 Blackwell,4.0,spot,7.73015,1.9325375,instances.vantage.sh (AWS Price List mirror)
2026-08-10,AWS,us-east-2,g7e.2xlarge,NVIDIA RTX PRO 6000 Blackwell,1.0,ondemand,3.36312,3.36312,instances.vantage.sh (AWS Price List mirror)
2026-08-10,AWS,us-east-2,g7e.2xlarge,NVIDIA RTX PRO 6000 Blackwell,1.0,spot,1.7962,1.7962,instances.vantage.sh (AWS Price List mirror)
2026-08-10,AWS,us-east-2,g7e.48xlarge,NVIDIA RTX PRO 6000 Blackwell,8.0,ondemand,33.14432,4.14304,instances.vantage.sh (AWS Price List mirror)
2026-08-10,AWS,us-east-2,g7e.48xlarge,NVIDIA RTX PRO 6000 Blackwell,8.0,spot,15.3187,1.9148375,instances.vantage.sh (AWS Price List mirror)
2026-08-10,AWS,us-east-2,g7e.4xlarge,NVIDIA RTX PRO 6000 Blackwell,1.0,ondemand,3.99816,3.99816,instances.vantage.sh (AWS Price List mirror)
2026-08-10,AWS,us-east-2,g7e.4xlarge,NVIDIA RTX PRO 6000 Blackwell,1.0,spot,1.9178,1.9178,instances.vantage.sh (AWS Price List mirror)
2026-08-10,AWS,us-east-2,g7e.8xlarge,NVIDIA RTX PRO 6000 Blackwell,1.0,ondemand,5.26824,5.26824,instances.vantage.sh (AWS Price List mirror)
2026-08-10,AWS,us-east-2,g7e.8xlarge,NVIDIA RTX PRO 6000 Blackwell,1.0,spot,2.4033,2.4033,instances.vantage.sh (AWS Price List mirror)
2026-08-10,AWS,us-east-2,gr6.4xlarge,L4,1.0,ondemand,1.5392,1.5392,instances.vantage.sh (AWS Price List mirror)
2026-08-10,AWS,us-east-2,gr6.4xlarge,L4,1.0,spot,0.4933,0.4933,instances.vantage.sh (AWS Price List mirror)
2026-08-10,AWS,us-east-2,gr6.8xlarge,L4,1.0,ondemand,2.4464,2.4464,instances.vantage.sh (AWS Price List mirror)
2026-08-10,AWS,us-east-2,gr6.8xlarge,L4,1.0,spot,0.667467,0.667467,instances.vantage.sh (AWS Price List mirror)
2026-08-10,AWS,us-east-2,gr6f.4xlarge,L4,0.5,ondemand,1.066,2.132,instances.vantage.sh (AWS Price List mirror)
2026-08-10,AWS,us-east-2,gr6f.4xlarge,L4,0.5,spot,0.2927,0.5854,instances.vantage.sh (AWS Price List mirror)
2026-08-10,AWS,us-east-2,p2.16xlarge,K80,16.0,ondemand,14.4,0.9,instances.vantage.sh (AWS Price List mirror)
2026-08-10,AWS,us-east-2,p2.8xlarge,K80,8.0,ondemand,7.2,0.9,instances.vantage.sh (AWS Price List mirror)
2026-08-10,AWS,us-east-2,p2.xlarge,K80,1.0,ondemand,0.9,0.9,instances.vantage.sh (AWS Price List mirror)
2026-08-10,AWS,us-east-2,p3.16xlarge,V100,8.0,ondemand,24.48,3.06,instances.vantage.sh (AWS Price List mirror)
2026-08-10,AWS,us-east-2,p3.16xlarge,V100,8.0,spot,14.1719,1.7714875,instances.vantage.sh (AWS Price List mirror)
2026-08-10,AWS,us-east-2,p3.2xlarge,V100,1.0,ondemand,3.06,3.06,instances.vantage.sh (AWS Price List mirror)
2026-08-10,AWS,us-east-2,p3.2xlarge,V100,1.0,spot,0.5742,0.5742,instances.vantage.sh (AWS Price List mirror)
2026-08-10,AWS,us-east-2,p3.8xlarge,V100,4.0,ondemand,12.24,3.06,instances.vantage.sh (AWS Price List mirror)
2026-08-10,AWS,us-east-2,p3.8xlarge,V100,4.0,spot,2.5639,0.640975,instances.vantage.sh (AWS Price List mirror)
2026-08-10,AWS,us-east-2,p4d.24xlarge,A100,8.0,ondemand,21.95764,2.744705,instances.vantage.sh (AWS Price List mirror)
2026-08-10,AWS,us-east-2,p4d.24xlarge,A100,8.0,spot,13.068467,1.633558375,instances.vantage.sh (AWS Price List mirror)
2026-08-10,AWS,us-east-2,p5.48xlarge,H100,8.0,ondemand,55.04,6.88,instances.vantage.sh (AWS Price List mirror)
2026-08-10,AWS,us-east-2,p5.48xlarge,H100,8.0,spot,20.540267,2.567533375,instances.vantage.sh (AWS Price List mirror)
2026-08-10,AWS,us-east-2,p5.4xlarge,H100,1.0,ondemand,6.88,6.88,instances.vantage.sh (AWS Price List mirror)
2026-08-10,AWS,us-east-2,p5.4xlarge,H100,1.0,spot,2.6295,2.6295,instances.vantage.sh (AWS Price List mirror)
2026-08-10,AWS,us-east-2,p5en.48xlarge,H200,8.0,ondemand,63.296,7.912,instances.vantage.sh (AWS Price List mirror)
2026-08-10,AWS,us-east-2,p5en.48xlarge,H200,8.0,spot,27.0113,3.3764125,instances.vantage.sh (AWS Price List mirror)
2026-08-10,AWS,us-east-2,p6-b200.48xlarge,B200,8.0,ondemand,113.9328,14.2416,instances.vantage.sh (AWS Price List mirror)
2026-08-10,AWS,us-east-2,p6-b200.48xlarge,B200,8.0,spot,42.276967,5.284620875,instances.vantage.sh (AWS Price List mirror)
2026-08-10,AWS,us-gov-east-1,g4dn.12xlarge,T4,4.0,ondemand,4.931,1.23275,instances.vantage.sh (AWS Price List mirror)
2026-08-10,AWS,us-gov-east-1,g4dn.16xlarge,T4,1.0,ondemand,5.486,5.486,instances.vantage.sh (AWS Price List mirror)
2026-08-10,AWS,us-gov-east-1,g4dn.2xlarge,T4,1.0,ondemand,0.948,0.948,instances.vantage.sh (AWS Price List mirror)
2026-08-10,AWS,us-gov-east-1,g4dn.4xlarge,T4,1.0,ondemand,1.518,1.518,instances.vantage.sh (AWS Price List mirror)
2026-08-10,AWS,us-gov-east-1,g4dn.8xlarge,T4,1.0,ondemand,2.743,2.743,instances.vantage.sh (AWS Price List mirror)
2026-08-10,AWS,us-gov-east-1,g4dn.xlarge,T4,1.0,ondemand,0.663,0.663,instances.vantage.sh (AWS Price List mirror)
2026-08-10,AWS,us-gov-east-1,g6.12xlarge,L4,4.0,ondemand,5.80003,1.4500075,instances.vantage.sh (AWS Price List mirror)
2026-08-10,AWS,us-gov-east-1,g6.16xlarge,L4,1.0,ondemand,4.28145,4.28145,instances.vantage.sh (AWS Price List mirror)
2026-08-10,AWS,us-gov-east-1,g6.24xlarge,L4,4.0,ondemand,8.41367,2.1034175,instances.vantage.sh (AWS Price List mirror)
2026-08-10,AWS,us-gov-east-1,g6.2xlarge,L4,1.0,ondemand,1.2322,1.2322,instances.vantage.sh (AWS Price List mirror)
2026-08-10,AWS,us-gov-east-1,g6.48xlarge,L4,8.0,ondemand,16.82734,2.1034175,instances.vantage.sh (AWS Price List mirror)
2026-08-10,AWS,us-gov-east-1,g6.4xlarge,L4,1.0,ondemand,1.66781,1.66781,instances.vantage.sh (AWS Price List mirror)
2026-08-10,AWS,us-gov-east-1,g6.8xlarge,L4,1.0,ondemand,2.53903,2.53903,instances.vantage.sh (AWS Price List mirror)
2026-08-10,AWS,us-gov-east-1,g6.xlarge,L4,1.0,ondemand,1.0144,1.0144,instances.vantage.sh (AWS Price List mirror)
2026-08-10,AWS,us-gov-east-1,gr6.4xlarge,L4,1.0,ondemand,1.9401,1.9401,instances.vantage.sh (AWS Price List mirror)
2026-08-10,AWS,us-gov-east-1,gr6.8xlarge,L4,1.0,ondemand,3.08359,3.08359,instances.vantage.sh (AWS Price List mirror)
2026-08-10,AWS,us-gov-east-1,p3dn.24xlarge,V100,8.0,ondemand,37.454,4.68175,instances.vantage.sh (AWS Price List mirror)
2026-08-10,AWS,us-gov-east-1,p6-b200.48xlarge,B200,8.0,ondemand,136.71936,17.08992,instances.vantage.sh (AWS Price List mirror)
2026-08-10,AWS,us-gov-east-1,p6-b300.48xlarge,NVIDIA B300,8.0,ondemand,170.9,21.3625,instances.vantage.sh (AWS Price List mirror)
2026-08-10,AWS,us-gov-west-1,g3.16xlarge,M60,4.0,ondemand,5.28,1.32,instances.vantage.sh (AWS Price List mirror)
2026-08-10,AWS,us-gov-west-1,g3.4xlarge,M60,1.0,ondemand,1.32,1.32,instances.vantage.sh (AWS Price List mirror)
2026-08-10,AWS,us-gov-west-1,g3.8xlarge,M60,2.0,ondemand,2.64,1.32,instances.vantage.sh (AWS Price List mirror)
2026-08-10,AWS,us-gov-west-1,g3s.xlarge,M60,1.0,ondemand,0.868,0.868,instances.vantage.sh (AWS Price List mirror)
2026-08-10,AWS,us-gov-west-1,g4dn.12xlarge,T4,4.0,ondemand,4.931,1.23275,instances.vantage.sh (AWS Price List mirror)
2026-08-10,AWS,us-gov-west-1,g4dn.16xlarge,T4,1.0,ondemand,5.486,5.486,instances.vantage.sh (AWS Price List mirror)
2026-08-10,AWS,us-gov-west-1,g4dn.2xlarge,T4,1.0,ondemand,0.948,0.948,instances.vantage.sh (AWS Price List mirror)
2026-08-10,AWS,us-gov-west-1,g4dn.4xlarge,T4,1.0,ondemand,1.518,1.518,instances.vantage.sh (AWS Price List mirror)
2026-08-10,AWS,us-gov-west-1,g4dn.8xlarge,T4,1.0,ondemand,2.743,2.743,instances.vantage.sh (AWS Price List mirror)
2026-08-10,AWS,us-gov-west-1,g4dn.metal,T4,8.0,ondemand,9.862,1.23275,instances.vantage.sh (AWS Price List mirror)
2026-08-10,AWS,us-gov-west-1,g4dn.xlarge,T4,1.0,ondemand,0.663,0.663,instances.vantage.sh (AWS Price List mirror)
2026-08-10,AWS,us-gov-west-1,g6.12xlarge,L4,4.0,ondemand,5.80003,1.4500075,instances.vantage.sh (AWS Price List mirror)
2026-08-10,AWS,us-gov-west-1,g6.16xlarge,L4,1.0,ondemand,4.28145,4.28145,instances.vantage.sh (AWS Price List mirror)
2026-08-10,AWS,us-gov-west-1,g6.24xlarge,L4,4.0,ondemand,8.41367,2.1034175,instances.vantage.sh (AWS Price List mirror)
2026-08-10,AWS,us-gov-west-1,g6.2xlarge,L4,1.0,ondemand,1.2322,1.2322,instances.vantage.sh (AWS Price List mirror)
2026-08-10,AWS,us-gov-west-1,g6.48xlarge,L4,8.0,ondemand,16.82734,2.1034175,instances.vantage.sh (AWS Price List mirror)
2026-08-10,AWS,us-gov-west-1,g6.4xlarge,L4,1.0,ondemand,1.66781,1.66781,instances.vantage.sh (AWS Price List mirror)
2026-08-10,AWS,us-gov-west-1,g6.8xlarge,L4,1.0,ondemand,2.53903,2.53903,instances.vantage.sh (AWS Price List mirror)
2026-08-10,AWS,us-gov-west-1,g6.xlarge,L4,1.0,ondemand,1.0144,1.0144,instances.vantage.sh (AWS Price List mirror)
2026-08-10,AWS,us-gov-west-1,gr6.4xlarge,L4,1.0,ondemand,1.9401,1.9401,instances.vantage.sh (AWS Price List mirror)
2026-08-10,AWS,us-gov-west-1,gr6.8xlarge,L4,1.0,ondemand,3.08359,3.08359,instances.vantage.sh (AWS Price List mirror)
2026-08-10,AWS,us-gov-west-1,p2.16xlarge,K80,16.0,ondemand,17.28,1.08,instances.vantage.sh (AWS Price List mirror)
2026-08-10,AWS,us-gov-west-1,p2.8xlarge,K80,8.0,ondemand,8.64,1.08,instances.vantage.sh (AWS Price List mirror)
2026-08-10,AWS,us-gov-west-1,p2.xlarge,K80,1.0,ondemand,1.08,1.08,instances.vantage.sh (AWS Price List mirror)
2026-08-10,AWS,us-gov-west-1,p3.16xlarge,V100,8.0,ondemand,29.376,3.672,instances.vantage.sh (AWS Price List mirror)
2026-08-10,AWS,us-gov-west-1,p3.2xlarge,V100,1.0,ondemand,3.672,3.672,instances.vantage.sh (AWS Price List mirror)
2026-08-10,AWS,us-gov-west-1,p3.8xlarge,V100,4.0,ondemand,14.688,3.672,instances.vantage.sh (AWS Price List mirror)
2026-08-10,AWS,us-gov-west-1,p3dn.24xlarge,V100,8.0,ondemand,37.454,4.68175,instances.vantage.sh (AWS Price List mirror)
2026-08-10,AWS,us-gov-west-1,p4d.24xlarge,A100,8.0,ondemand,26.3511,3.2938875,instances.vantage.sh (AWS Price List mirror)
2026-08-10,AWS,us-gov-west-1,p5.48xlarge,H100,8.0,ondemand,66.048,8.256,instances.vantage.sh (AWS Price List mirror)
2026-08-10,AWS,us-gov-west-1,p5.4xlarge,H100,1.0,ondemand,8.256,8.256,instances.vantage.sh (AWS Price List mirror)
2026-08-10,AWS,us-gov-west-1,p5en.48xlarge,H200,8.0,ondemand,75.9552,9.4944,instances.vantage.sh (AWS Price List mirror)
2026-08-10,AWS,us-gov-west-1,p6-b200.48xlarge,B200,8.0,ondemand,136.71936,17.08992,instances.vantage.sh (AWS Price List mirror)
2026-08-10,AWS,us-west-1,g2.2xlarge,K520,1.0,ondemand,0.702,0.702,instances.vantage.sh (AWS Price List mirror)
2026-08-10,AWS,us-west-1,g2.8xlarge,K520,4.0,ondemand,2.808,0.702,instances.vantage.sh (AWS Price List mirror)
2026-08-10,AWS,us-west-1,g3.16xlarge,M60,4.0,ondemand,6.136,1.534,instances.vantage.sh (AWS Price List mirror)
2026-08-10,AWS,us-west-1,g3.4xlarge,M60,1.0,ondemand,1.534,1.534,instances.vantage.sh (AWS Price List mirror)
2026-08-10,AWS,us-west-1,g3.8xlarge,M60,2.0,ondemand,3.068,1.534,instances.vantage.sh (AWS Price List mirror)
2026-08-10,AWS,us-west-1,g4dn.12xlarge,T4,4.0,ondemand,4.694,1.1735,instances.vantage.sh (AWS Price List mirror)
2026-08-10,AWS,us-west-1,g4dn.12xlarge,T4,4.0,spot,2.1116,0.5279,instances.vantage.sh (AWS Price List mirror)
2026-08-10,AWS,us-west-1,g4dn.16xlarge,T4,1.0,ondemand,5.222,5.222,instances.vantage.sh (AWS Price List mirror)
2026-08-10,AWS,us-west-1,g4dn.16xlarge,T4,1.0,spot,0.92425,0.92425,instances.vantage.sh (AWS Price List mirror)
2026-08-10,AWS,us-west-1,g4dn.2xlarge,T4,1.0,ondemand,0.902,0.902,instances.vantage.sh (AWS Price List mirror)
2026-08-10,AWS,us-west-1,g4dn.2xlarge,T4,1.0,spot,0.4207,0.4207,instances.vantage.sh (AWS Price List mirror)
2026-08-10,AWS,us-west-1,g4dn.4xlarge,T4,1.0,ondemand,1.445,1.445,instances.vantage.sh (AWS Price List mirror)
2026-08-10,AWS,us-west-1,g4dn.4xlarge,T4,1.0,spot,0.79065,0.79065,instances.vantage.sh (AWS Price List mirror)
2026-08-10,AWS,us-west-1,g4dn.8xlarge,T4,1.0,ondemand,2.611,2.611,instances.vantage.sh (AWS Price List mirror)
2026-08-10,AWS,us-west-1,g4dn.8xlarge,T4,1.0,spot,0.9821,0.9821,instances.vantage.sh (AWS Price List mirror)
2026-08-10,AWS,us-west-1,g4dn.metal,T4,8.0,ondemand,9.389,1.173625,instances.vantage.sh (AWS Price List mirror)
2026-08-10,AWS,us-west-1,g4dn.metal,T4,8.0,spot,3.61705,0.45213125,instances.vantage.sh (AWS Price List mirror)
2026-08-10,AWS,us-west-1,g4dn.xlarge,T4,1.0,ondemand,0.631,0.631,instances.vantage.sh (AWS Price List mirror)
2026-08-10,AWS,us-west-1,g4dn.xlarge,T4,1.0,spot,0.29585,0.29585,instances.vantage.sh (AWS Price List mirror)
2026-08-10,AWS,us-west-1,p5.48xlarge,H100,8.0,ondemand,68.8,8.6,instances.vantage.sh (AWS Price List mirror)
2026-08-10,AWS,us-west-1,p5.48xlarge,H100,8.0,spot,68.8,8.6,instances.vantage.sh (AWS Price List mirror)
2026-08-10,AWS,us-west-1,p5en.48xlarge,H200,8.0,ondemand,79.12,9.89,instances.vantage.sh (AWS Price List mirror)
2026-08-10,AWS,us-west-1,p5en.48xlarge,H200,8.0,spot,79.12,9.89,instances.vantage.sh (AWS Price List mirror)
2026-08-10,AWS,us-west-2,dl2q.24xlarge,Qualcomm AI 100 Accelerators,8.0,ondemand,8.9194,1.114925,instances.vantage.sh (AWS Price List mirror)
2026-08-10,AWS,us-west-2,dl2q.24xlarge,Qualcomm AI 100 Accelerators,8.0,spot,3.4652,0.43315,instances.vantage.sh (AWS Price List mirror)
2026-08-10,AWS,us-west-2,g2.2xlarge,K520,1.0,ondemand,0.65,0.65,instances.vantage.sh (AWS Price List mirror)
2026-08-10,AWS,us-west-2,g2.8xlarge,K520,4.0,ondemand,2.6,0.65,instances.vantage.sh (AWS Price List mirror)
2026-08-10,AWS,us-west-2,g3.16xlarge,M60,4.0,ondemand,4.56,1.14,instances.vantage.sh (AWS Price List mirror)
2026-08-10,AWS,us-west-2,g3.4xlarge,M60,1.0,ondemand,1.14,1.14,instances.vantage.sh (AWS Price List mirror)
2026-08-10,AWS,us-west-2,g3.8xlarge,M60,2.0,ondemand,2.28,1.14,instances.vantage.sh (AWS Price List mirror)
2026-08-10,AWS,us-west-2,g3s.xlarge,M60,1.0,ondemand,0.75,0.75,instances.vantage.sh (AWS Price List mirror)
2026-08-10,AWS,us-west-2,g4ad.16xlarge,V520,4.0,ondemand,3.468,0.867,instances.vantage.sh (AWS Price List mirror)
2026-08-10,AWS,us-west-2,g4ad.16xlarge,V520,4.0,spot,1.362533,0.34063325,instances.vantage.sh (AWS Price List mirror)
2026-08-10,AWS,us-west-2,g4ad.2xlarge,V520,1.0,ondemand,0.54117,0.54117,instances.vantage.sh (AWS Price List mirror)
2026-08-10,AWS,us-west-2,g4ad.2xlarge,V520,1.0,spot,0.263933,0.263933,instances.vantage.sh (AWS Price List mirror)
2026-08-10,AWS,us-west-2,g4ad.4xlarge,V520,1.0,ondemand,0.867,0.867,instances.vantage.sh (AWS Price List mirror)
2026-08-10,AWS,us-west-2,g4ad.4xlarge,V520,1.0,spot,0.358333,0.358333,instances.vantage.sh (AWS Price List mirror)
2026-08-10,AWS,us-west-2,g4ad.8xlarge,V520,2.0,ondemand,1.734,0.867,instances.vantage.sh (AWS Price List mirror)
2026-08-10,AWS,us-west-2,g4ad.8xlarge,V520,2.0,spot,0.6305,0.31525,instances.vantage.sh (AWS Price List mirror)
2026-08-10,AWS,us-west-2,g4ad.xlarge,V520,1.0,ondemand,0.37853,0.37853,instances.vantage.sh (AWS Price List mirror)
2026-08-10,AWS,us-west-2,g4ad.xlarge,V520,1.0,spot,0.173867,0.173867,instances.vantage.sh (AWS Price List mirror)
2026-08-10,AWS,us-west-2,g4dn.12xlarge,T4,4.0,ondemand,3.912,0.978,instances.vantage.sh (AWS Price List mirror)
2026-08-10,AWS,us-west-2,g4dn.12xlarge,T4,4.0,spot,1.465933,0.36648325,instances.vantage.sh (AWS Price List mirror)
2026-08-10,AWS,us-west-2,g4dn.16xlarge,T4,1.0,ondemand,4.352,4.352,instances.vantage.sh (AWS Price List mirror)
2026-08-10,AWS,us-west-2,g4dn.16xlarge,T4,1.0,spot,1.265,1.265,instances.vantage.sh (AWS Price List mirror)
2026-08-10,AWS,us-west-2,g4dn.2xlarge,T4,1.0,ondemand,0.752,0.752,instances.vantage.sh (AWS Price List mirror)
2026-08-10,AWS,us-west-2,g4dn.2xlarge,T4,1.0,spot,0.291367,0.291367,instances.vantage.sh (AWS Price List mirror)
2026-08-10,AWS,us-west-2,g4dn.4xlarge,T4,1.0,ondemand,1.204,1.204,instances.vantage.sh (AWS Price List mirror)
2026-08-10,AWS,us-west-2,g4dn.4xlarge,T4,1.0,spot,0.4331,0.4331,instances.vantage.sh (AWS Price List mirror)
2026-08-10,AWS,us-west-2,g4dn.8xlarge,T4,1.0,ondemand,2.176,2.176,instances.vantage.sh (AWS Price List mirror)
2026-08-10,AWS,us-west-2,g4dn.8xlarge,T4,1.0,spot,0.7133,0.7133,instances.vantage.sh (AWS Price List mirror)
2026-08-10,AWS,us-west-2,g4dn.metal,T4,8.0,ondemand,7.824,0.978,instances.vantage.sh (AWS Price List mirror)
2026-08-10,AWS,us-west-2,g4dn.metal,T4,8.0,spot,4.199767,0.524970875,instances.vantage.sh (AWS Price List mirror)
2026-08-10,AWS,us-west-2,g4dn.xlarge,T4,1.0,ondemand,0.526,0.526,instances.vantage.sh (AWS Price List mirror)
2026-08-10,AWS,us-west-2,g4dn.xlarge,T4,1.0,spot,0.229467,0.229467,instances.vantage.sh (AWS Price List mirror)
2026-08-10,AWS,us-west-2,g5.12xlarge,A10G,4.0,ondemand,5.672,1.418,instances.vantage.sh (AWS Price List mirror)
2026-08-10,AWS,us-west-2,g5.12xlarge,A10G,4.0,spot,3.706033,0.92650825,instances.vantage.sh (AWS Price List mirror)
2026-08-10,AWS,us-west-2,g5.16xlarge,A10G,1.0,ondemand,4.096,4.096,instances.vantage.sh (AWS Price List mirror)
2026-08-10,AWS,us-west-2,g5.16xlarge,A10G,1.0,spot,1.605667,1.605667,instances.vantage.sh (AWS Price List mirror)
2026-08-10,AWS,us-west-2,g5.24xlarge,A10G,4.0,ondemand,8.144,2.036,instances.vantage.sh (AWS Price List mirror)
2026-08-10,AWS,us-west-2,g5.24xlarge,A10G,4.0,spot,4.175567,1.04389175,instances.vantage.sh (AWS Price List mirror)
2026-08-10,AWS,us-west-2,g5.2xlarge,A10G,1.0,ondemand,1.212,1.212,instances.vantage.sh (AWS Price List mirror)
2026-08-10,AWS,us-west-2,g5.2xlarge,A10G,1.0,spot,0.6307,0.6307,instances.vantage.sh (AWS Price List mirror)
2026-08-10,AWS,us-west-2,g5.48xlarge,A10G,8.0,ondemand,16.288,2.036,instances.vantage.sh (AWS Price List mirror)
2026-08-10,AWS,us-west-2,g5.48xlarge,A10G,8.0,spot,9.892933,1.236616625,instances.vantage.sh (AWS Price List mirror)
2026-08-10,AWS,us-west-2,g5.4xlarge,A10G,1.0,ondemand,1.624,1.624,instances.vantage.sh (AWS Price List mirror)
2026-08-10,AWS,us-west-2,g5.4xlarge,A10G,1.0,spot,0.638533,0.638533,instances.vantage.sh (AWS Price List mirror)
2026-08-10,AWS,us-west-2,g5.8xlarge,A10G,1.0,ondemand,2.448,2.448,instances.vantage.sh (AWS Price List mirror)
2026-08-10,AWS,us-west-2,g5.8xlarge,A10G,1.0,spot,0.9568,0.9568,instances.vantage.sh (AWS Price List mirror)
2026-08-10,AWS,us-west-2,g5.xlarge,A10G,1.0,ondemand,1.006,1.006,instances.vantage.sh (AWS Price List mirror)
2026-08-10,AWS,us-west-2,g5.xlarge,A10G,1.0,spot,0.539867,0.539867,instances.vantage.sh (AWS Price List mirror)
2026-08-10,AWS,us-west-2,g5g.16xlarge,T4G,2.0,ondemand,2.744,1.372,instances.vantage.sh (AWS Price List mirror)
2026-08-10,AWS,us-west-2,g5g.16xlarge,T4G,2.0,spot,0.983833,0.4919165,instances.vantage.sh (AWS Price List mirror)
2026-08-10,AWS,us-west-2,g5g.2xlarge,T4G,1.0,ondemand,0.556,0.556,instances.vantage.sh (AWS Price List mirror)
2026-08-10,AWS,us-west-2,g5g.2xlarge,T4G,1.0,spot,0.245867,0.245867,instances.vantage.sh (AWS Price List mirror)
2026-08-10,AWS,us-west-2,g5g.4xlarge,T4G,1.0,ondemand,0.828,0.828,instances.vantage.sh (AWS Price List mirror)
2026-08-10,AWS,us-west-2,g5g.4xlarge,T4G,1.0,spot,0.278767,0.278767,instances.vantage.sh (AWS Price List mirror)
2026-08-10,AWS,us-west-2,g5g.8xlarge,T4G,1.0,ondemand,1.372,1.372,instances.vantage.sh (AWS Price List mirror)
2026-08-10,AWS,us-west-2,g5g.8xlarge,T4G,1.0,spot,0.456667,0.456667,instances.vantage.sh (AWS Price List mirror)
2026-08-10,AWS,us-west-2,g5g.metal,T4G,2.0,ondemand,2.744,1.372,instances.vantage.sh (AWS Price List mirror)
2026-08-10,AWS,us-west-2,g5g.metal,T4G,2.0,spot,0.465067,0.2325335,instances.vantage.sh (AWS Price List mirror)
2026-08-10,AWS,us-west-2,g5g.xlarge,T4G,1.0,ondemand,0.42,0.42,instances.vantage.sh (AWS Price List mirror)
2026-08-10,AWS,us-west-2,g5g.xlarge,T4G,1.0,spot,0.1365,0.1365,instances.vantage.sh (AWS Price List mirror)
2026-08-10,AWS,us-west-2,g6.12xlarge,L4,4.0,ondemand,4.6016,1.1504,instances.vantage.sh (AWS Price List mirror)
2026-08-10,AWS,us-west-2,g6.12xlarge,L4,4.0,spot,1.8034,0.45085,instances.vantage.sh (AWS Price List mirror)
2026-08-10,AWS,us-west-2,g6.16xlarge,L4,1.0,ondemand,3.3968,3.3968,instances.vantage.sh (AWS Price List mirror)
2026-08-10,AWS,us-west-2,g6.16xlarge,L4,1.0,spot,1.49225,1.49225,instances.vantage.sh (AWS Price List mirror)
2026-08-10,AWS,us-west-2,g6.24xlarge,L4,4.0,ondemand,6.6752,1.6688,instances.vantage.sh (AWS Price List mirror)
2026-08-10,AWS,us-west-2,g6.24xlarge,L4,4.0,spot,3.1432,0.7858,instances.vantage.sh (AWS Price List mirror)
2026-08-10,AWS,us-west-2,g6.2xlarge,L4,1.0,ondemand,0.9776,0.9776,instances.vantage.sh (AWS Price List mirror)
2026-08-10,AWS,us-west-2,g6.2xlarge,L4,1.0,spot,0.64725,0.64725,instances.vantage.sh (AWS Price List mirror)
2026-08-10,AWS,us-west-2,g6.48xlarge,L4,8.0,ondemand,13.3504,1.6688,instances.vantage.sh (AWS Price List mirror)
2026-08-10,AWS,us-west-2,g6.48xlarge,L4,8.0,spot,7.560525,0.945065625,instances.vantage.sh (AWS Price List mirror)
2026-08-10,AWS,us-west-2,g6.4xlarge,L4,1.0,ondemand,1.3232,1.3232,instances.vantage.sh (AWS Price List mirror)
2026-08-10,AWS,us-west-2,g6.4xlarge,L4,1.0,spot,0.6494,0.6494,instances.vantage.sh (AWS Price List mirror)
2026-08-10,AWS,us-west-2,g6.8xlarge,L4,1.0,ondemand,2.0144,2.0144,instances.vantage.sh (AWS Price List mirror)
2026-08-10,AWS,us-west-2,g6.8xlarge,L4,1.0,spot,0.941,0.941,instances.vantage.sh (AWS Price List mirror)
2026-08-10,AWS,us-west-2,g6.xlarge,L4,1.0,ondemand,0.8048,0.8048,instances.vantage.sh (AWS Price List mirror)
2026-08-10,AWS,us-west-2,g6.xlarge,L4,1.0,spot,0.55265,0.55265,instances.vantage.sh (AWS Price List mirror)
2026-08-10,AWS,us-west-2,g6e.12xlarge,L40S,4.0,ondemand,10.49264,2.62316,instances.vantage.sh (AWS Price List mirror)
2026-08-10,AWS,us-west-2,g6e.12xlarge,L40S,4.0,spot,5.898775,1.47469375,instances.vantage.sh (AWS Price List mirror)
2026-08-10,AWS,us-west-2,g6e.16xlarge,L40S,1.0,ondemand,7.57719,7.57719,instances.vantage.sh (AWS Price List mirror)
2026-08-10,AWS,us-west-2,g6e.16xlarge,L40S,1.0,spot,3.4748,3.4748,instances.vantage.sh (AWS Price List mirror)
2026-08-10,AWS,us-west-2,g6e.24xlarge,L40S,4.0,ondemand,15.06559,3.7663975,instances.vantage.sh (AWS Price List mirror)
2026-08-10,AWS,us-west-2,g6e.24xlarge,L40S,4.0,spot,6.726075,1.68151875,instances.vantage.sh (AWS Price List mirror)
2026-08-10,AWS,us-west-2,g6e.2xlarge,L40S,1.0,ondemand,2.24208,2.24208,instances.vantage.sh (AWS Price List mirror)
2026-08-10,AWS,us-west-2,g6e.2xlarge,L40S,1.0,spot,1.8275,1.8275,instances.vantage.sh (AWS Price List mirror)
2026-08-10,AWS,us-west-2,g6e.48xlarge,L40S,8.0,ondemand,30.13118,3.7663975,instances.vantage.sh (AWS Price List mirror)
2026-08-10,AWS,us-west-2,g6e.48xlarge,L40S,8.0,spot,13.85595,1.73199375,instances.vantage.sh (AWS Price List mirror)
2026-08-10,AWS,us-west-2,g6e.4xlarge,L40S,1.0,ondemand,3.00424,3.00424,instances.vantage.sh (AWS Price List mirror)
2026-08-10,AWS,us-west-2,g6e.4xlarge,L40S,1.0,spot,1.895925,1.895925,instances.vantage.sh (AWS Price List mirror)
2026-08-10,AWS,us-west-2,g6e.8xlarge,L40S,1.0,ondemand,4.52856,4.52856,instances.vantage.sh (AWS Price List mirror)
2026-08-10,AWS,us-west-2,g6e.8xlarge,L40S,1.0,spot,2.0351,2.0351,instances.vantage.sh (AWS Price List mirror)
2026-08-10,AWS,us-west-2,g6e.xlarge,L40S,1.0,ondemand,1.861,1.861,instances.vantage.sh (AWS Price List mirror)
2026-08-10,AWS,us-west-2,g6e.xlarge,L40S,1.0,spot,1.665525,1.665525,instances.vantage.sh (AWS Price List mirror)
2026-08-10,AWS,us-west-2,g6f.2xlarge,L4,0.25,ondemand,0.475,1.9,instances.vantage.sh (AWS Price List mirror)
2026-08-10,AWS,us-west-2,g6f.2xlarge,L4,0.25,spot,0.180125,0.7205,instances.vantage.sh (AWS Price List mirror)
2026-08-10,AWS,us-west-2,g6f.4xlarge,L4,0.5,ondemand,0.95,1.9,instances.vantage.sh (AWS Price List mirror)
2026-08-10,AWS,us-west-2,g6f.4xlarge,L4,0.5,spot,0.3668,0.7336,instances.vantage.sh (AWS Price List mirror)
2026-08-10,AWS,us-west-2,g6f.large,L4,0.125,ondemand,0.202,1.616,instances.vantage.sh (AWS Price List mirror)
2026-08-10,AWS,us-west-2,g6f.large,L4,0.125,spot,0.05825,0.466,instances.vantage.sh (AWS Price List mirror)
2026-08-10,AWS,us-west-2,g6f.xlarge,L4,0.125,ondemand,0.2375,1.9,instances.vantage.sh (AWS Price List mirror)
2026-08-10,AWS,us-west-2,g6f.xlarge,L4,0.125,spot,0.08215,0.6572,instances.vantage.sh (AWS Price List mirror)
2026-08-10,AWS,us-west-2,g7.12xlarge,NVIDIA RTX PRO 4500 Blackwell,2.0,ondemand,7.12832,3.56416,instances.vantage.sh (AWS Price List mirror)
2026-08-10,AWS,us-west-2,g7.12xlarge,NVIDIA RTX PRO 4500 Blackwell,2.0,spot,1.502025,0.7510125,instances.vantage.sh (AWS Price List mirror)
2026-08-10,AWS,us-west-2,g7.24xlarge,NVIDIA RTX PRO 4500 Blackwell,4.0,ondemand,14.25664,3.56416,instances.vantage.sh (AWS Price List mirror)
2026-08-10,AWS,us-west-2,g7.24xlarge,NVIDIA RTX PRO 4500 Blackwell,4.0,spot,3.797475,0.94936875,instances.vantage.sh (AWS Price List mirror)
2026-08-10,AWS,us-west-2,g7.2xlarge,NVIDIA RTX PRO 4500 Blackwell,1.0,ondemand,2.52,2.52,instances.vantage.sh (AWS Price List mirror)
2026-08-10,AWS,us-west-2,g7.2xlarge,NVIDIA RTX PRO 4500 Blackwell,1.0,spot,0.791925,0.791925,instances.vantage.sh (AWS Price List mirror)
2026-08-10,AWS,us-west-2,g7.48xlarge,NVIDIA RTX PRO 4500 Blackwell,8.0,ondemand,28.51328,3.56416,instances.vantage.sh (AWS Price List mirror)
2026-08-10,AWS,us-west-2,g7.48xlarge,NVIDIA RTX PRO 4500 Blackwell,8.0,spot,9.05135,1.13141875,instances.vantage.sh (AWS Price List mirror)
2026-08-10,AWS,us-west-2,g7.4xlarge,NVIDIA RTX PRO 4500 Blackwell,1.0,ondemand,3.04208,3.04208,instances.vantage.sh (AWS Price List mirror)
2026-08-10,AWS,us-west-2,g7.4xlarge,NVIDIA RTX PRO 4500 Blackwell,1.0,spot,0.93705,0.93705,instances.vantage.sh (AWS Price List mirror)
2026-08-10,AWS,us-west-2,g7.8xlarge,NVIDIA RTX PRO 4500 Blackwell,1.0,ondemand,4.08624,4.08624,instances.vantage.sh (AWS Price List mirror)
2026-08-10,AWS,us-west-2,g7.8xlarge,NVIDIA RTX PRO 4500 Blackwell,1.0,spot,0.940775,0.940775,instances.vantage.sh (AWS Price List mirror)
2026-08-10,AWS,us-west-2,g7e.12xlarge,NVIDIA RTX PRO 6000 Blackwell,2.0,ondemand,8.28608,4.14304,instances.vantage.sh (AWS Price List mirror)
2026-08-10,AWS,us-west-2,g7e.12xlarge,NVIDIA RTX PRO 6000 Blackwell,2.0,spot,4.850175,2.4250875,instances.vantage.sh (AWS Price List mirror)
2026-08-10,AWS,us-west-2,g7e.24xlarge,NVIDIA RTX PRO 6000 Blackwell,4.0,ondemand,16.57216,4.14304,instances.vantage.sh (AWS Price List mirror)
2026-08-10,AWS,us-west-2,g7e.24xlarge,NVIDIA RTX PRO 6000 Blackwell,4.0,spot,12.88755,3.2218875,instances.vantage.sh (AWS Price List mirror)
2026-08-10,AWS,us-west-2,g7e.2xlarge,NVIDIA RTX PRO 6000 Blackwell,1.0,ondemand,3.36312,3.36312,instances.vantage.sh (AWS Price List mirror)
2026-08-10,AWS,us-west-2,g7e.2xlarge,NVIDIA RTX PRO 6000 Blackwell,1.0,spot,2.4396,2.4396,instances.vantage.sh (AWS Price List mirror)
2026-08-10,AWS,us-west-2,g7e.48xlarge,NVIDIA RTX PRO 6000 Blackwell,8.0,ondemand,33.14432,4.14304,instances.vantage.sh (AWS Price List mirror)
2026-08-10,AWS,us-west-2,g7e.48xlarge,NVIDIA RTX PRO 6000 Blackwell,8.0,spot,26.258,3.28225,instances.vantage.sh (AWS Price List mirror)
2026-08-10,AWS,us-west-2,g7e.4xlarge,NVIDIA RTX PRO 6000 Blackwell,1.0,ondemand,3.99816,3.99816,instances.vantage.sh (AWS Price List mirror)
2026-08-10,AWS,us-west-2,g7e.4xlarge,NVIDIA RTX PRO 6000 Blackwell,1.0,spot,2.784975,2.784975,instances.vantage.sh (AWS Price List mirror)
2026-08-10,AWS,us-west-2,g7e.8xlarge,NVIDIA RTX PRO 6000 Blackwell,1.0,ondemand,5.26824,5.26824,instances.vantage.sh (AWS Price List mirror)
2026-08-10,AWS,us-west-2,g7e.8xlarge,NVIDIA RTX PRO 6000 Blackwell,1.0,spot,3.443375,3.443375,instances.vantage.sh (AWS Price List mirror)
2026-08-10,AWS,us-west-2,gr6.4xlarge,L4,1.0,ondemand,1.5392,1.5392,instances.vantage.sh (AWS Price List mirror)
2026-08-10,AWS,us-west-2,gr6.4xlarge,L4,1.0,spot,0.59875,0.59875,instances.vantage.sh (AWS Price List mirror)
2026-08-10,AWS,us-west-2,gr6.8xlarge,L4,1.0,ondemand,2.4464,2.4464,instances.vantage.sh (AWS Price List mirror)
2026-08-10,AWS,us-west-2,gr6.8xlarge,L4,1.0,spot,0.82885,0.82885,instances.vantage.sh (AWS Price List mirror)
2026-08-10,AWS,us-west-2,gr6f.4xlarge,L4,0.5,ondemand,1.066,2.132,instances.vantage.sh (AWS Price List mirror)
2026-08-10,AWS,us-west-2,gr6f.4xlarge,L4,0.5,spot,0.36165,0.7233,instances.vantage.sh (AWS Price List mirror)
2026-08-10,AWS,us-west-2,p2.16xlarge,K80,16.0,ondemand,14.4,0.9,instances.vantage.sh (AWS Price List mirror)
2026-08-10,AWS,us-west-2,p2.8xlarge,K80,8.0,ondemand,7.2,0.9,instances.vantage.sh (AWS Price List mirror)
2026-08-10,AWS,us-west-2,p2.xlarge,K80,1.0,ondemand,0.9,0.9,instances.vantage.sh (AWS Price List mirror)
2026-08-10,AWS,us-west-2,p3.16xlarge,V100,8.0,ondemand,24.48,3.06,instances.vantage.sh (AWS Price List mirror)
2026-08-10,AWS,us-west-2,p3.16xlarge,V100,8.0,spot,13.117033,1.639629125,instances.vantage.sh (AWS Price List mirror)
2026-08-10,AWS,us-west-2,p3.2xlarge,V100,1.0,ondemand,3.06,3.06,instances.vantage.sh (AWS Price List mirror)
2026-08-10,AWS,us-west-2,p3.2xlarge,V100,1.0,spot,0.7914,0.7914,instances.vantage.sh (AWS Price List mirror)
2026-08-10,AWS,us-west-2,p3.8xlarge,V100,4.0,ondemand,12.24,3.06,instances.vantage.sh (AWS Price List mirror)
2026-08-10,AWS,us-west-2,p3.8xlarge,V100,4.0,spot,5.321133,1.33028325,instances.vantage.sh (AWS Price List mirror)
2026-08-10,AWS,us-west-2,p3dn.24xlarge,V100,8.0,ondemand,31.212,3.9015,instances.vantage.sh (AWS Price List mirror)
2026-08-10,AWS,us-west-2,p3dn.24xlarge,V100,8.0,spot,8.3101,1.0387625,instances.vantage.sh (AWS Price List mirror)
2026-08-10,AWS,us-west-2,p4d.24xlarge,A100,8.0,ondemand,21.95764,2.744705,instances.vantage.sh (AWS Price List mirror)
2026-08-10,AWS,us-west-2,p4d.24xlarge,A100,8.0,spot,17.3245,2.1655625,instances.vantage.sh (AWS Price List mirror)
2026-08-10,AWS,us-west-2,p4de.24xlarge,A100,8.0,ondemand,27.44705,3.43088125,instances.vantage.sh (AWS Price List mirror)
2026-08-10,AWS,us-west-2,p4de.24xlarge,A100,8.0,spot,23.067967,2.883495875,instances.vantage.sh (AWS Price List mirror)
2026-08-10,AWS,us-west-2,p5.48xlarge,H100,8.0,ondemand,55.04,6.88,instances.vantage.sh (AWS Price List mirror)
2026-08-10,AWS,us-west-2,p5.48xlarge,H100,8.0,spot,20.712175,2.589021875,instances.vantage.sh (AWS Price List mirror)
2026-08-10,AWS,us-west-2,p5.4xlarge,H100,1.0,ondemand,6.88,6.88,instances.vantage.sh (AWS Price List mirror)
2026-08-10,AWS,us-west-2,p5.4xlarge,H100,1.0,spot,2.6295,2.6295,instances.vantage.sh (AWS Price List mirror)
2026-08-10,AWS,us-west-2,p5en.48xlarge,H200,8.0,ondemand,63.296,7.912,instances.vantage.sh (AWS Price List mirror)
2026-08-10,AWS,us-west-2,p5en.48xlarge,H200,8.0,spot,27.2897,3.4112125,instances.vantage.sh (AWS Price List mirror)
2026-08-10,AWS,us-west-2,p6-b200.48xlarge,B200,8.0,ondemand,113.9328,14.2416,instances.vantage.sh (AWS Price List mirror)
2026-08-10,AWS,us-west-2,p6-b200.48xlarge,B200,8.0,spot,41.662767,5.207845875,instances.vantage.sh (AWS Price List mirror)
2026-08-10,AWS,us-west-2,p6-b300.48xlarge,NVIDIA B300,8.0,ondemand,142.416,17.802,instances.vantage.sh (AWS Price List mirror)
2026-08-10,AWS,us-west-2,p6-b300.48xlarge,NVIDIA B300,8.0,spot,51.747,6.468375,instances.vantage.sh (AWS Price List mirror)
2026-08-10,AWS,us-west-2-den-1,g4dn.2xlarge,T4,1.0,ondemand,1.015,1.015,instances.vantage.sh (AWS Price List mirror)
2026-08-10,AWS,us-west-2-den-1,g4dn.4xlarge,T4,1.0,ondemand,1.625,1.625,instances.vantage.sh (AWS Price List mirror)
2026-08-10,AWS,us-west-2-hnl-1,g4dn.2xlarge,T4,1.0,ondemand,1.241,1.241,instances.vantage.sh (AWS Price List mirror)
2026-08-10,AWS,us-west-2-hnl-1,g4dn.4xlarge,T4,1.0,ondemand,1.987,1.987,instances.vantage.sh (AWS Price List mirror)
2026-08-10,AWS,us-west-2-las-1,g4dn.2xlarge,T4,1.0,ondemand,1.015,1.015,instances.vantage.sh (AWS Price List mirror)
2026-08-10,AWS,us-west-2-lax-1,g4dn.12xlarge,T4,4.0,ondemand,4.694,1.1735,instances.vantage.sh (AWS Price List mirror)
2026-08-10,AWS,us-west-2-lax-1,g4dn.16xlarge,T4,1.0,ondemand,5.222,5.222,instances.vantage.sh (AWS Price List mirror)
2026-08-10,AWS,us-west-2-lax-1,g4dn.2xlarge,T4,1.0,ondemand,0.902,0.902,instances.vantage.sh (AWS Price List mirror)
2026-08-10,AWS,us-west-2-lax-1,g4dn.4xlarge,T4,1.0,ondemand,1.445,1.445,instances.vantage.sh (AWS Price List mirror)
2026-08-10,AWS,us-west-2-lax-1,g4dn.8xlarge,T4,1.0,ondemand,2.611,2.611,instances.vantage.sh (AWS Price List mirror)
2026-08-10,AWS,us-west-2-lax-1,g4dn.metal,T4,8.0,ondemand,9.389,1.173625,instances.vantage.sh (AWS Price List mirror)
2026-08-10,AWS,us-west-2-lax-1,g4dn.xlarge,T4,1.0,ondemand,0.631,0.631,instances.vantage.sh (AWS Price List mirror)
2026-08-10,AWS,us-west-2-lax-1,g5.4xlarge,A10G,1.0,ondemand,2.23098,2.23098,instances.vantage.sh (AWS Price List mirror)
2026-08-10,AWS,us-west-2-lax-1,g5.8xlarge,A10G,1.0,ondemand,3.36296,3.36296,instances.vantage.sh (AWS Price List mirror)
2026-08-10,AWS,us-west-2-lax-1,g7e.4xlarge,NVIDIA RTX PRO 6000 Blackwell,1.0,ondemand,5.35803,5.35803,instances.vantage.sh (AWS Price List mirror)
2026-08-10,AWS,us-west-2-lax-1,g7e.8xlarge,NVIDIA RTX PRO 6000 Blackwell,1.0,ondemand,7.0601,7.0601,instances.vantage.sh (AWS Price List mirror)
2026-08-10,AWS,us-west-2-pdx-1,g4dn.2xlarge,T4,1.0,ondemand,1.015,1.015,instances.vantage.sh (AWS Price List mirror)
2026-08-10,AWS,us-west-2-phx-1,g4dn.2xlarge,T4,1.0,ondemand,1.015,1.015,instances.vantage.sh (AWS Price List mirror)
2026-08-10,AWS,us-west-2-phx-1,g4dn.4xlarge,T4,1.0,ondemand,1.625,1.625,instances.vantage.sh (AWS Price List mirror)
2026-08-10,AWS,us-west-2-sea-1,g4dn.2xlarge,T4,1.0,ondemand,1.015,1.015,instances.vantage.sh (AWS Price List mirror)
2026-08-10,AWS,us-west-2-wl1,g4dn.2xlarge,T4,1.0,ondemand,1.317,1.317,instances.vantage.sh (AWS Price List mirror)
2026-08-10,AWS,us-west-2-wl1-den1,g4dn.2xlarge,T4,1.0,ondemand,1.317,1.317,instances.vantage.sh (AWS Price List mirror)
2026-08-10,AWS,us-west-2-wl1-las1,g4dn.2xlarge,T4,1.0,ondemand,1.317,1.317,instances.vantage.sh (AWS Price List mirror)
2026-08-10,AWS,us-west-2-wl1-lax1,g4dn.2xlarge,T4,1.0,ondemand,1.317,1.317,instances.vantage.sh (AWS Price List mirror)
2026-08-10,AWS,us-west-2-wl1-phx1,g4dn.2xlarge,T4,1.0,ondemand,1.317,1.317,instances.vantage.sh (AWS Price List mirror)
2026-08-10,AWS,us-west-2-wl1-sea1,g4dn.2xlarge,T4,1.0,ondemand,1.317,1.317,instances.vantage.sh (AWS Price List mirror)
