snapshot_date,provider,region,sku,gpu_model,gpu_count,price_type,price_usd_hour,price_usd_per_gpu_hour,source
2026-06-22,AWS,af-south-1,g4dn.12xlarge,T4,4.0,ondemand,5.19,1.2975,instances.vantage.sh (AWS Price List mirror)
2026-06-22,AWS,af-south-1,g4dn.12xlarge,T4,4.0,spot,0.519,0.12975,instances.vantage.sh (AWS Price List mirror)
2026-06-22,AWS,af-south-1,g4dn.16xlarge,T4,1.0,ondemand,5.774,5.774,instances.vantage.sh (AWS Price List mirror)
2026-06-22,AWS,af-south-1,g4dn.16xlarge,T4,1.0,spot,0.5774,0.5774,instances.vantage.sh (AWS Price List mirror)
2026-06-22,AWS,af-south-1,g4dn.2xlarge,T4,1.0,ondemand,0.998,0.998,instances.vantage.sh (AWS Price List mirror)
2026-06-22,AWS,af-south-1,g4dn.2xlarge,T4,1.0,spot,0.15968,0.15968,instances.vantage.sh (AWS Price List mirror)
2026-06-22,AWS,af-south-1,g4dn.4xlarge,T4,1.0,ondemand,1.597,1.597,instances.vantage.sh (AWS Price List mirror)
2026-06-22,AWS,af-south-1,g4dn.4xlarge,T4,1.0,spot,0.35134,0.35134,instances.vantage.sh (AWS Price List mirror)
2026-06-22,AWS,af-south-1,g4dn.8xlarge,T4,1.0,ondemand,2.887,2.887,instances.vantage.sh (AWS Price List mirror)
2026-06-22,AWS,af-south-1,g4dn.8xlarge,T4,1.0,spot,0.31757,0.31757,instances.vantage.sh (AWS Price List mirror)
2026-06-22,AWS,af-south-1,g4dn.metal,T4,8.0,ondemand,10.381,1.297625,instances.vantage.sh (AWS Price List mirror)
2026-06-22,AWS,af-south-1,g4dn.metal,T4,8.0,spot,9.44671,1.18083875,instances.vantage.sh (AWS Price List mirror)
2026-06-22,AWS,af-south-1,g4dn.xlarge,T4,1.0,ondemand,0.698,0.698,instances.vantage.sh (AWS Price List mirror)
2026-06-22,AWS,af-south-1,g4dn.xlarge,T4,1.0,spot,0.16054,0.16054,instances.vantage.sh (AWS Price List mirror)
2026-06-22,AWS,af-south-1,inf1.24xlarge,AWS Inferentia,16.0,ondemand,6.249,0.3905625,instances.vantage.sh (AWS Price List mirror)
2026-06-22,AWS,af-south-1,inf1.24xlarge,AWS Inferentia,16.0,spot,0.74988,0.0468675,instances.vantage.sh (AWS Price List mirror)
2026-06-22,AWS,af-south-1,inf1.xlarge,AWS Inferentia,1.0,ondemand,0.302,0.302,instances.vantage.sh (AWS Price List mirror)
2026-06-22,AWS,af-south-1-los-1,g4dn.2xlarge,T4,1.0,ondemand,1.247,1.247,instances.vantage.sh (AWS Price List mirror)
2026-06-22,AWS,ap-east-1,g4dn.12xlarge,T4,4.0,ondemand,6.024,1.506,instances.vantage.sh (AWS Price List mirror)
2026-06-22,AWS,ap-east-1,g4dn.12xlarge,T4,4.0,spot,3.3132,0.8283,instances.vantage.sh (AWS Price List mirror)
2026-06-22,AWS,ap-east-1,g4dn.16xlarge,T4,1.0,ondemand,6.702,6.702,instances.vantage.sh (AWS Price List mirror)
2026-06-22,AWS,ap-east-1,g4dn.16xlarge,T4,1.0,spot,0.6702,0.6702,instances.vantage.sh (AWS Price List mirror)
2026-06-22,AWS,ap-east-1,g4dn.2xlarge,T4,1.0,ondemand,1.158,1.158,instances.vantage.sh (AWS Price List mirror)
2026-06-22,AWS,ap-east-1,g4dn.2xlarge,T4,1.0,spot,0.30108,0.30108,instances.vantage.sh (AWS Price List mirror)
2026-06-22,AWS,ap-east-1,g4dn.4xlarge,T4,1.0,ondemand,1.854,1.854,instances.vantage.sh (AWS Price List mirror)
2026-06-22,AWS,ap-east-1,g4dn.4xlarge,T4,1.0,spot,0.31518,0.31518,instances.vantage.sh (AWS Price List mirror)
2026-06-22,AWS,ap-east-1,g4dn.8xlarge,T4,1.0,ondemand,3.351,3.351,instances.vantage.sh (AWS Price List mirror)
2026-06-22,AWS,ap-east-1,g4dn.8xlarge,T4,1.0,spot,0.40212,0.40212,instances.vantage.sh (AWS Price List mirror)
2026-06-22,AWS,ap-east-1,g4dn.metal,T4,8.0,ondemand,12.048,1.506,instances.vantage.sh (AWS Price List mirror)
2026-06-22,AWS,ap-east-1,g4dn.metal,T4,8.0,spot,7.8312,0.9789,instances.vantage.sh (AWS Price List mirror)
2026-06-22,AWS,ap-east-1,g4dn.xlarge,T4,1.0,ondemand,0.81,0.81,instances.vantage.sh (AWS Price List mirror)
2026-06-22,AWS,ap-east-1,g4dn.xlarge,T4,1.0,spot,0.162,0.162,instances.vantage.sh (AWS Price List mirror)
2026-06-22,AWS,ap-east-1,g5.12xlarge,A10G,4.0,ondemand,8.7324,2.1831,instances.vantage.sh (AWS Price List mirror)
2026-06-22,AWS,ap-east-1,g5.12xlarge,A10G,4.0,spot,1.833804,0.458451,instances.vantage.sh (AWS Price List mirror)
2026-06-22,AWS,ap-east-1,g5.16xlarge,A10G,1.0,ondemand,6.30605,6.30605,instances.vantage.sh (AWS Price List mirror)
2026-06-22,AWS,ap-east-1,g5.16xlarge,A10G,1.0,spot,1.450392,1.450392,instances.vantage.sh (AWS Price List mirror)
2026-06-22,AWS,ap-east-1,g5.24xlarge,A10G,4.0,ondemand,12.5382,3.13455,instances.vantage.sh (AWS Price List mirror)
2026-06-22,AWS,ap-east-1,g5.24xlarge,A10G,4.0,spot,11.409762,2.8524405,instances.vantage.sh (AWS Price List mirror)
2026-06-22,AWS,ap-east-1,g5.2xlarge,A10G,1.0,ondemand,1.86595,1.86595,instances.vantage.sh (AWS Price List mirror)
2026-06-22,AWS,ap-east-1,g5.2xlarge,A10G,1.0,spot,0.410509,0.410509,instances.vantage.sh (AWS Price List mirror)
2026-06-22,AWS,ap-east-1,g5.48xlarge,A10G,8.0,ondemand,25.0764,3.13455,instances.vantage.sh (AWS Price List mirror)
2026-06-22,AWS,ap-east-1,g5.48xlarge,A10G,8.0,spot,12.5382,1.567275,instances.vantage.sh (AWS Price List mirror)
2026-06-22,AWS,ap-east-1,g5.4xlarge,A10G,1.0,ondemand,2.50025,2.50025,instances.vantage.sh (AWS Price List mirror)
2026-06-22,AWS,ap-east-1,g5.4xlarge,A10G,1.0,spot,2.10021,2.10021,instances.vantage.sh (AWS Price List mirror)
2026-06-22,AWS,ap-east-1,g5.8xlarge,A10G,1.0,ondemand,3.76885,3.76885,instances.vantage.sh (AWS Price List mirror)
2026-06-22,AWS,ap-east-1,g5.8xlarge,A10G,1.0,spot,1.055278,1.055278,instances.vantage.sh (AWS Price List mirror)
2026-06-22,AWS,ap-east-1,g5.xlarge,A10G,1.0,ondemand,1.5488,1.5488,instances.vantage.sh (AWS Price List mirror)
2026-06-22,AWS,ap-east-1,g5.xlarge,A10G,1.0,spot,0.3872,0.3872,instances.vantage.sh (AWS Price List mirror)
2026-06-22,AWS,ap-east-1,inf1.24xlarge,AWS Inferentia,16.0,ondemand,7.274,0.454625,instances.vantage.sh (AWS Price List mirror)
2026-06-22,AWS,ap-east-1,inf1.24xlarge,AWS Inferentia,16.0,spot,4.14618,0.25913625,instances.vantage.sh (AWS Price List mirror)
2026-06-22,AWS,ap-east-1,inf1.2xlarge,AWS Inferentia,1.0,ondemand,0.558,0.558,instances.vantage.sh (AWS Price List mirror)
2026-06-22,AWS,ap-east-1,inf1.2xlarge,AWS Inferentia,1.0,spot,0.06138,0.06138,instances.vantage.sh (AWS Price List mirror)
2026-06-22,AWS,ap-east-1,inf1.6xlarge,AWS Inferentia,4.0,ondemand,1.819,0.45475,instances.vantage.sh (AWS Price List mirror)
2026-06-22,AWS,ap-east-1,inf1.6xlarge,AWS Inferentia,4.0,spot,0.21828,0.05457,instances.vantage.sh (AWS Price List mirror)
2026-06-22,AWS,ap-east-1,inf1.xlarge,AWS Inferentia,1.0,ondemand,0.352,0.352,instances.vantage.sh (AWS Price List mirror)
2026-06-22,AWS,ap-east-1,inf1.xlarge,AWS Inferentia,1.0,spot,0.03872,0.03872,instances.vantage.sh (AWS Price List mirror)
2026-06-22,AWS,ap-northeast-1,g2.2xlarge,K520,1.0,ondemand,0.898,0.898,instances.vantage.sh (AWS Price List mirror)
2026-06-22,AWS,ap-northeast-1,g2.8xlarge,K520,4.0,ondemand,3.592,0.898,instances.vantage.sh (AWS Price List mirror)
2026-06-22,AWS,ap-northeast-1,g3.16xlarge,M60,4.0,ondemand,6.32,1.58,instances.vantage.sh (AWS Price List mirror)
2026-06-22,AWS,ap-northeast-1,g3.4xlarge,M60,1.0,ondemand,1.58,1.58,instances.vantage.sh (AWS Price List mirror)
2026-06-22,AWS,ap-northeast-1,g3.8xlarge,M60,2.0,ondemand,3.16,1.58,instances.vantage.sh (AWS Price List mirror)
2026-06-22,AWS,ap-northeast-1,g3s.xlarge,M60,1.0,ondemand,1.04,1.04,instances.vantage.sh (AWS Price List mirror)
2026-06-22,AWS,ap-northeast-1,g4ad.16xlarge,V520,4.0,ondemand,4.68,1.17,instances.vantage.sh (AWS Price List mirror)
2026-06-22,AWS,ap-northeast-1,g4ad.16xlarge,V520,4.0,spot,2.0401,0.510025,instances.vantage.sh (AWS Price List mirror)
2026-06-22,AWS,ap-northeast-1,g4ad.2xlarge,V520,1.0,ondemand,0.7303,0.7303,instances.vantage.sh (AWS Price List mirror)
2026-06-22,AWS,ap-northeast-1,g4ad.2xlarge,V520,1.0,spot,0.397133,0.397133,instances.vantage.sh (AWS Price List mirror)
2026-06-22,AWS,ap-northeast-1,g4ad.4xlarge,V520,1.0,ondemand,1.17,1.17,instances.vantage.sh (AWS Price List mirror)
2026-06-22,AWS,ap-northeast-1,g4ad.4xlarge,V520,1.0,spot,0.6505,0.6505,instances.vantage.sh (AWS Price List mirror)
2026-06-22,AWS,ap-northeast-1,g4ad.8xlarge,V520,2.0,ondemand,2.34,1.17,instances.vantage.sh (AWS Price List mirror)
2026-06-22,AWS,ap-northeast-1,g4ad.8xlarge,V520,2.0,spot,0.5996,0.2998,instances.vantage.sh (AWS Price List mirror)
2026-06-22,AWS,ap-northeast-1,g4ad.xlarge,V520,1.0,ondemand,0.51082,0.51082,instances.vantage.sh (AWS Price List mirror)
2026-06-22,AWS,ap-northeast-1,g4ad.xlarge,V520,1.0,spot,0.255933,0.255933,instances.vantage.sh (AWS Price List mirror)
2026-06-22,AWS,ap-northeast-1,g4dn.12xlarge,T4,4.0,ondemand,5.281,1.32025,instances.vantage.sh (AWS Price List mirror)
2026-06-22,AWS,ap-northeast-1,g4dn.12xlarge,T4,4.0,spot,2.497467,0.62436675,instances.vantage.sh (AWS Price List mirror)
2026-06-22,AWS,ap-northeast-1,g4dn.16xlarge,T4,1.0,ondemand,5.875,5.875,instances.vantage.sh (AWS Price List mirror)
2026-06-22,AWS,ap-northeast-1,g4dn.16xlarge,T4,1.0,spot,1.036167,1.036167,instances.vantage.sh (AWS Price List mirror)
2026-06-22,AWS,ap-northeast-1,g4dn.2xlarge,T4,1.0,ondemand,1.015,1.015,instances.vantage.sh (AWS Price List mirror)
2026-06-22,AWS,ap-northeast-1,g4dn.2xlarge,T4,1.0,spot,0.4074,0.4074,instances.vantage.sh (AWS Price List mirror)
2026-06-22,AWS,ap-northeast-1,g4dn.4xlarge,T4,1.0,ondemand,1.625,1.625,instances.vantage.sh (AWS Price List mirror)
2026-06-22,AWS,ap-northeast-1,g4dn.4xlarge,T4,1.0,spot,0.665767,0.665767,instances.vantage.sh (AWS Price List mirror)
2026-06-22,AWS,ap-northeast-1,g4dn.8xlarge,T4,1.0,ondemand,2.938,2.938,instances.vantage.sh (AWS Price List mirror)
2026-06-22,AWS,ap-northeast-1,g4dn.8xlarge,T4,1.0,spot,1.024833,1.024833,instances.vantage.sh (AWS Price List mirror)
2026-06-22,AWS,ap-northeast-1,g4dn.metal,T4,8.0,ondemand,10.562,1.32025,instances.vantage.sh (AWS Price List mirror)
2026-06-22,AWS,ap-northeast-1,g4dn.metal,T4,8.0,spot,4.1333,0.5166625,instances.vantage.sh (AWS Price List mirror)
2026-06-22,AWS,ap-northeast-1,g4dn.xlarge,T4,1.0,ondemand,0.71,0.71,instances.vantage.sh (AWS Price List mirror)
2026-06-22,AWS,ap-northeast-1,g4dn.xlarge,T4,1.0,spot,0.256533,0.256533,instances.vantage.sh (AWS Price List mirror)
2026-06-22,AWS,ap-northeast-1,g5.12xlarge,A10G,4.0,ondemand,8.22609,2.0565225,instances.vantage.sh (AWS Price List mirror)
2026-06-22,AWS,ap-northeast-1,g5.12xlarge,A10G,4.0,spot,8.2261,2.056525,instances.vantage.sh (AWS Price List mirror)
2026-06-22,AWS,ap-northeast-1,g5.16xlarge,A10G,1.0,ondemand,5.94042,5.94042,instances.vantage.sh (AWS Price List mirror)
2026-06-22,AWS,ap-northeast-1,g5.16xlarge,A10G,1.0,spot,2.0596,2.0596,instances.vantage.sh (AWS Price List mirror)
2026-06-22,AWS,ap-northeast-1,g5.24xlarge,A10G,4.0,ondemand,11.81123,2.9528075,instances.vantage.sh (AWS Price List mirror)
2026-06-22,AWS,ap-northeast-1,g5.24xlarge,A10G,4.0,spot,11.8112,2.9528,instances.vantage.sh (AWS Price List mirror)
2026-06-22,AWS,ap-northeast-1,g5.2xlarge,A10G,1.0,ondemand,1.75776,1.75776,instances.vantage.sh (AWS Price List mirror)
2026-06-22,AWS,ap-northeast-1,g5.2xlarge,A10G,1.0,spot,0.73315,0.73315,instances.vantage.sh (AWS Price List mirror)
2026-06-22,AWS,ap-northeast-1,g5.48xlarge,A10G,8.0,ondemand,23.62246,2.9528075,instances.vantage.sh (AWS Price List mirror)
2026-06-22,AWS,ap-northeast-1,g5.48xlarge,A10G,8.0,spot,23.6225,2.9528125,instances.vantage.sh (AWS Price List mirror)
2026-06-22,AWS,ap-northeast-1,g5.4xlarge,A10G,1.0,ondemand,2.35528,2.35528,instances.vantage.sh (AWS Price List mirror)
2026-06-22,AWS,ap-northeast-1,g5.4xlarge,A10G,1.0,spot,0.5635,0.5635,instances.vantage.sh (AWS Price List mirror)
2026-06-22,AWS,ap-northeast-1,g5.8xlarge,A10G,1.0,ondemand,3.55033,3.55033,instances.vantage.sh (AWS Price List mirror)
2026-06-22,AWS,ap-northeast-1,g5.8xlarge,A10G,1.0,spot,1.06405,1.06405,instances.vantage.sh (AWS Price List mirror)
2026-06-22,AWS,ap-northeast-1,g5.xlarge,A10G,1.0,ondemand,1.459,1.459,instances.vantage.sh (AWS Price List mirror)
2026-06-22,AWS,ap-northeast-1,g5.xlarge,A10G,1.0,spot,0.5512,0.5512,instances.vantage.sh (AWS Price List mirror)
2026-06-22,AWS,ap-northeast-1,g5g.16xlarge,T4G,2.0,ondemand,3.7039,1.85195,instances.vantage.sh (AWS Price List mirror)
2026-06-22,AWS,ap-northeast-1,g5g.16xlarge,T4G,2.0,spot,0.54605,0.273025,instances.vantage.sh (AWS Price List mirror)
2026-06-22,AWS,ap-northeast-1,g5g.2xlarge,T4G,1.0,ondemand,0.7505,0.7505,instances.vantage.sh (AWS Price List mirror)
2026-06-22,AWS,ap-northeast-1,g5g.2xlarge,T4G,1.0,spot,0.1733,0.1733,instances.vantage.sh (AWS Price List mirror)
2026-06-22,AWS,ap-northeast-1,g5g.4xlarge,T4G,1.0,ondemand,1.1176,1.1176,instances.vantage.sh (AWS Price List mirror)
2026-06-22,AWS,ap-northeast-1,g5g.4xlarge,T4G,1.0,spot,0.19465,0.19465,instances.vantage.sh (AWS Price List mirror)
2026-06-22,AWS,ap-northeast-1,g5g.8xlarge,T4G,1.0,ondemand,1.8519,1.8519,instances.vantage.sh (AWS Price List mirror)
2026-06-22,AWS,ap-northeast-1,g5g.8xlarge,T4G,1.0,spot,0.272,0.272,instances.vantage.sh (AWS Price List mirror)
2026-06-22,AWS,ap-northeast-1,g5g.metal,T4G,2.0,ondemand,3.7039,1.85195,instances.vantage.sh (AWS Price List mirror)
2026-06-22,AWS,ap-northeast-1,g5g.metal,T4G,2.0,spot,0.52765,0.263825,instances.vantage.sh (AWS Price List mirror)
2026-06-22,AWS,ap-northeast-1,g5g.xlarge,T4G,1.0,ondemand,0.5669,0.5669,instances.vantage.sh (AWS Price List mirror)
2026-06-22,AWS,ap-northeast-1,g5g.xlarge,T4G,1.0,spot,0.09315,0.09315,instances.vantage.sh (AWS Price List mirror)
2026-06-22,AWS,ap-northeast-1,g6.12xlarge,L4,4.0,ondemand,6.67369,1.6684225,instances.vantage.sh (AWS Price List mirror)
2026-06-22,AWS,ap-northeast-1,g6.12xlarge,L4,4.0,spot,2.23125,0.5578125,instances.vantage.sh (AWS Price List mirror)
2026-06-22,AWS,ap-northeast-1,g6.16xlarge,L4,1.0,ondemand,4.92637,4.92637,instances.vantage.sh (AWS Price List mirror)
2026-06-22,AWS,ap-northeast-1,g6.16xlarge,L4,1.0,spot,1.47955,1.47955,instances.vantage.sh (AWS Price List mirror)
2026-06-22,AWS,ap-northeast-1,g6.24xlarge,L4,4.0,ondemand,9.68103,2.4202575,instances.vantage.sh (AWS Price List mirror)
2026-06-22,AWS,ap-northeast-1,g6.24xlarge,L4,4.0,spot,1.69365,0.4234125,instances.vantage.sh (AWS Price List mirror)
2026-06-22,AWS,ap-northeast-1,g6.2xlarge,L4,1.0,ondemand,1.41781,1.41781,instances.vantage.sh (AWS Price List mirror)
2026-06-22,AWS,ap-northeast-1,g6.2xlarge,L4,1.0,spot,0.5585,0.5585,instances.vantage.sh (AWS Price List mirror)
2026-06-22,AWS,ap-northeast-1,g6.48xlarge,L4,8.0,ondemand,19.36206,2.4202575,instances.vantage.sh (AWS Price List mirror)
2026-06-22,AWS,ap-northeast-1,g6.48xlarge,L4,8.0,spot,3.727,0.465875,instances.vantage.sh (AWS Price List mirror)
2026-06-22,AWS,ap-northeast-1,g6.4xlarge,L4,1.0,ondemand,1.91903,1.91903,instances.vantage.sh (AWS Price List mirror)
2026-06-22,AWS,ap-northeast-1,g6.4xlarge,L4,1.0,spot,0.6519,0.6519,instances.vantage.sh (AWS Price List mirror)
2026-06-22,AWS,ap-northeast-1,g6.8xlarge,L4,1.0,ondemand,2.92148,2.92148,instances.vantage.sh (AWS Price List mirror)
2026-06-22,AWS,ap-northeast-1,g6.8xlarge,L4,1.0,spot,0.9757,0.9757,instances.vantage.sh (AWS Price List mirror)
2026-06-22,AWS,ap-northeast-1,g6.xlarge,L4,1.0,ondemand,1.1672,1.1672,instances.vantage.sh (AWS Price List mirror)
2026-06-22,AWS,ap-northeast-1,g6.xlarge,L4,1.0,spot,0.4514,0.4514,instances.vantage.sh (AWS Price List mirror)
2026-06-22,AWS,ap-northeast-1,g6e.12xlarge,L40S,4.0,ondemand,15.21742,3.804355,instances.vantage.sh (AWS Price List mirror)
2026-06-22,AWS,ap-northeast-1,g6e.12xlarge,L40S,4.0,spot,4.5915,1.147875,instances.vantage.sh (AWS Price List mirror)
2026-06-22,AWS,ap-northeast-1,g6e.16xlarge,L40S,1.0,ondemand,10.98917,10.98917,instances.vantage.sh (AWS Price List mirror)
2026-06-22,AWS,ap-northeast-1,g6e.16xlarge,L40S,1.0,spot,1.73925,1.73925,instances.vantage.sh (AWS Price List mirror)
2026-06-22,AWS,ap-northeast-1,g6e.24xlarge,L40S,4.0,ondemand,21.84956,5.46239,instances.vantage.sh (AWS Price List mirror)
2026-06-22,AWS,ap-northeast-1,g6e.24xlarge,L40S,4.0,spot,3.77225,0.9430625,instances.vantage.sh (AWS Price List mirror)
2026-06-22,AWS,ap-northeast-1,g6e.2xlarge,L40S,1.0,ondemand,3.25168,3.25168,instances.vantage.sh (AWS Price List mirror)
2026-06-22,AWS,ap-northeast-1,g6e.2xlarge,L40S,1.0,spot,1.0317,1.0317,instances.vantage.sh (AWS Price List mirror)
2026-06-22,AWS,ap-northeast-1,g6e.48xlarge,L40S,8.0,ondemand,43.69912,5.46239,instances.vantage.sh (AWS Price List mirror)
2026-06-22,AWS,ap-northeast-1,g6e.48xlarge,L40S,8.0,spot,6.9425,0.8678125,instances.vantage.sh (AWS Price List mirror)
2026-06-22,AWS,ap-northeast-1,g6e.4xlarge,L40S,1.0,ondemand,4.35703,4.35703,instances.vantage.sh (AWS Price List mirror)
2026-06-22,AWS,ap-northeast-1,g6e.4xlarge,L40S,1.0,spot,1.5924,1.5924,instances.vantage.sh (AWS Price List mirror)
2026-06-22,AWS,ap-northeast-1,g6e.8xlarge,L40S,1.0,ondemand,6.56775,6.56775,instances.vantage.sh (AWS Price List mirror)
2026-06-22,AWS,ap-northeast-1,g6e.8xlarge,L40S,1.0,spot,2.53195,2.53195,instances.vantage.sh (AWS Price List mirror)
2026-06-22,AWS,ap-northeast-1,g6e.xlarge,L40S,1.0,ondemand,2.699,2.699,instances.vantage.sh (AWS Price List mirror)
2026-06-22,AWS,ap-northeast-1,g6e.xlarge,L40S,1.0,spot,0.9632,0.9632,instances.vantage.sh (AWS Price List mirror)
2026-06-22,AWS,ap-northeast-1,g6f.2xlarge,L4,0.25,ondemand,0.68888,2.75552,instances.vantage.sh (AWS Price List mirror)
2026-06-22,AWS,ap-northeast-1,g6f.2xlarge,L4,0.25,spot,0.20805,0.8322,instances.vantage.sh (AWS Price List mirror)
2026-06-22,AWS,ap-northeast-1,g6f.4xlarge,L4,0.5,ondemand,1.37776,2.75552,instances.vantage.sh (AWS Price List mirror)
2026-06-22,AWS,ap-northeast-1,g6f.4xlarge,L4,0.5,spot,0.4465,0.893,instances.vantage.sh (AWS Price List mirror)
2026-06-22,AWS,ap-northeast-1,g6f.large,L4,0.125,ondemand,0.29296,2.34368,instances.vantage.sh (AWS Price List mirror)
2026-06-22,AWS,ap-northeast-1,g6f.large,L4,0.125,spot,0.05845,0.4676,instances.vantage.sh (AWS Price List mirror)
2026-06-22,AWS,ap-northeast-1,g6f.xlarge,L4,0.125,ondemand,0.34444,2.75552,instances.vantage.sh (AWS Price List mirror)
2026-06-22,AWS,ap-northeast-1,g6f.xlarge,L4,0.125,spot,0.09025,0.722,instances.vantage.sh (AWS Price List mirror)
2026-06-22,AWS,ap-northeast-1,g7e.12xlarge,NVIDIA GB202,2.0,ondemand,12.01727,6.008635,instances.vantage.sh (AWS Price List mirror)
2026-06-22,AWS,ap-northeast-1,g7e.12xlarge,NVIDIA GB202,2.0,spot,2.8767,1.43835,instances.vantage.sh (AWS Price List mirror)
2026-06-22,AWS,ap-northeast-1,g7e.24xlarge,NVIDIA GB202,4.0,ondemand,24.03454,6.008635,instances.vantage.sh (AWS Price List mirror)
2026-06-22,AWS,ap-northeast-1,g7e.24xlarge,NVIDIA GB202,4.0,spot,6.60005,1.6500125,instances.vantage.sh (AWS Price List mirror)
2026-06-22,AWS,ap-northeast-1,g7e.2xlarge,NVIDIA GB202,1.0,ondemand,4.87752,4.87752,instances.vantage.sh (AWS Price List mirror)
2026-06-22,AWS,ap-northeast-1,g7e.2xlarge,NVIDIA GB202,1.0,spot,1.63265,1.63265,instances.vantage.sh (AWS Price List mirror)
2026-06-22,AWS,ap-northeast-1,g7e.48xlarge,NVIDIA GB202,8.0,ondemand,48.06908,6.008635,instances.vantage.sh (AWS Price List mirror)
2026-06-22,AWS,ap-northeast-1,g7e.48xlarge,NVIDIA GB202,8.0,spot,20.7566,2.594575,instances.vantage.sh (AWS Price List mirror)
2026-06-22,AWS,ap-northeast-1,g7e.4xlarge,NVIDIA GB202,1.0,ondemand,5.79852,5.79852,instances.vantage.sh (AWS Price List mirror)
2026-06-22,AWS,ap-northeast-1,g7e.4xlarge,NVIDIA GB202,1.0,spot,2.08305,2.08305,instances.vantage.sh (AWS Price List mirror)
2026-06-22,AWS,ap-northeast-1,g7e.8xlarge,NVIDIA GB202,1.0,ondemand,7.64051,7.64051,instances.vantage.sh (AWS Price List mirror)
2026-06-22,AWS,ap-northeast-1,g7e.8xlarge,NVIDIA GB202,1.0,spot,2.3538,2.3538,instances.vantage.sh (AWS Price List mirror)
2026-06-22,AWS,ap-northeast-1,gr6.4xlarge,L4,1.0,ondemand,2.2323,2.2323,instances.vantage.sh (AWS Price List mirror)
2026-06-22,AWS,ap-northeast-1,gr6.4xlarge,L4,1.0,spot,0.50385,0.50385,instances.vantage.sh (AWS Price List mirror)
2026-06-22,AWS,ap-northeast-1,gr6.8xlarge,L4,1.0,ondemand,3.54801,3.54801,instances.vantage.sh (AWS Price List mirror)
2026-06-22,AWS,ap-northeast-1,gr6.8xlarge,L4,1.0,spot,0.65035,0.65035,instances.vantage.sh (AWS Price List mirror)
2026-06-22,AWS,ap-northeast-1,gr6f.4xlarge,L4,0.5,ondemand,1.54602,3.09204,instances.vantage.sh (AWS Price List mirror)
2026-06-22,AWS,ap-northeast-1,gr6f.4xlarge,L4,0.5,spot,0.43425,0.8685,instances.vantage.sh (AWS Price List mirror)
2026-06-22,AWS,ap-northeast-1,inf1.24xlarge,AWS Inferentia,16.0,ondemand,6.376,0.3985,instances.vantage.sh (AWS Price List mirror)
2026-06-22,AWS,ap-northeast-1,inf1.24xlarge,AWS Inferentia,16.0,spot,4.828033,0.3017520625,instances.vantage.sh (AWS Price List mirror)
2026-06-22,AWS,ap-northeast-1,inf1.2xlarge,AWS Inferentia,1.0,ondemand,0.489,0.489,instances.vantage.sh (AWS Price List mirror)
2026-06-22,AWS,ap-northeast-1,inf1.2xlarge,AWS Inferentia,1.0,spot,0.0884,0.0884,instances.vantage.sh (AWS Price List mirror)
2026-06-22,AWS,ap-northeast-1,inf1.6xlarge,AWS Inferentia,4.0,ondemand,1.594,0.3985,instances.vantage.sh (AWS Price List mirror)
2026-06-22,AWS,ap-northeast-1,inf1.6xlarge,AWS Inferentia,4.0,spot,0.3507,0.087675,instances.vantage.sh (AWS Price List mirror)
2026-06-22,AWS,ap-northeast-1,inf1.xlarge,AWS Inferentia,1.0,ondemand,0.308,0.308,instances.vantage.sh (AWS Price List mirror)
2026-06-22,AWS,ap-northeast-1,inf1.xlarge,AWS Inferentia,1.0,spot,0.058033,0.058033,instances.vantage.sh (AWS Price List mirror)
2026-06-22,AWS,ap-northeast-1,inf2.24xlarge,AWS Inferentia2,6.0,ondemand,9.73595,1.6226583333333335,instances.vantage.sh (AWS Price List mirror)
2026-06-22,AWS,ap-northeast-1,inf2.24xlarge,AWS Inferentia2,6.0,spot,9.736,1.6226666666666667,instances.vantage.sh (AWS Price List mirror)
2026-06-22,AWS,ap-northeast-1,inf2.48xlarge,AWS Inferentia2,12.0,ondemand,19.4719,1.6226583333333335,instances.vantage.sh (AWS Price List mirror)
2026-06-22,AWS,ap-northeast-1,inf2.48xlarge,AWS Inferentia2,12.0,spot,19.4719,1.6226583333333335,instances.vantage.sh (AWS Price List mirror)
2026-06-22,AWS,ap-northeast-1,inf2.8xlarge,AWS Inferentia2,1.0,ondemand,2.95179,2.95179,instances.vantage.sh (AWS Price List mirror)
2026-06-22,AWS,ap-northeast-1,inf2.8xlarge,AWS Inferentia2,1.0,spot,2.9518,2.9518,instances.vantage.sh (AWS Price List mirror)
2026-06-22,AWS,ap-northeast-1,inf2.xlarge,AWS Inferentia2,1.0,ondemand,1.1373,1.1373,instances.vantage.sh (AWS Price List mirror)
2026-06-22,AWS,ap-northeast-1,inf2.xlarge,AWS Inferentia2,1.0,spot,0.34965,0.34965,instances.vantage.sh (AWS Price List mirror)
2026-06-22,AWS,ap-northeast-1,p2.16xlarge,K80,16.0,ondemand,24.672,1.542,instances.vantage.sh (AWS Price List mirror)
2026-06-22,AWS,ap-northeast-1,p2.8xlarge,K80,8.0,ondemand,12.336,1.542,instances.vantage.sh (AWS Price List mirror)
2026-06-22,AWS,ap-northeast-1,p2.xlarge,K80,1.0,ondemand,1.542,1.542,instances.vantage.sh (AWS Price List mirror)
2026-06-22,AWS,ap-northeast-1,p3.16xlarge,V100,8.0,ondemand,33.552,4.194,instances.vantage.sh (AWS Price List mirror)
2026-06-22,AWS,ap-northeast-1,p3.16xlarge,V100,8.0,spot,33.552,4.194,instances.vantage.sh (AWS Price List mirror)
2026-06-22,AWS,ap-northeast-1,p3.2xlarge,V100,1.0,ondemand,4.194,4.194,instances.vantage.sh (AWS Price List mirror)
2026-06-22,AWS,ap-northeast-1,p3.2xlarge,V100,1.0,spot,4.194,4.194,instances.vantage.sh (AWS Price List mirror)
2026-06-22,AWS,ap-northeast-1,p3.8xlarge,V100,4.0,ondemand,16.776,4.194,instances.vantage.sh (AWS Price List mirror)
2026-06-22,AWS,ap-northeast-1,p3.8xlarge,V100,4.0,spot,5.8716,1.4679,instances.vantage.sh (AWS Price List mirror)
2026-06-22,AWS,ap-northeast-1,p3dn.24xlarge,V100,8.0,ondemand,42.783,5.347875,instances.vantage.sh (AWS Price List mirror)
2026-06-22,AWS,ap-northeast-1,p3dn.24xlarge,V100,8.0,spot,19.4992,2.4374,instances.vantage.sh (AWS Price List mirror)
2026-06-22,AWS,ap-northeast-1,p4d.24xlarge,A100,8.0,ondemand,30.09784,3.76223,instances.vantage.sh (AWS Price List mirror)
2026-06-22,AWS,ap-northeast-1,p4d.24xlarge,A100,8.0,spot,20.26825,2.53353125,instances.vantage.sh (AWS Price List mirror)
2026-06-22,AWS,ap-northeast-1,p4de.24xlarge,A100,8.0,ondemand,37.6223,4.7027875,instances.vantage.sh (AWS Price List mirror)
2026-06-22,AWS,ap-northeast-1,p4de.24xlarge,A100,8.0,spot,23.3885,2.9235625,instances.vantage.sh (AWS Price List mirror)
2026-06-22,AWS,ap-northeast-1,p5.48xlarge,H100,8.0,ondemand,68.8,8.6,instances.vantage.sh (AWS Price List mirror)
2026-06-22,AWS,ap-northeast-1,p5.48xlarge,H100,8.0,spot,39.859,4.982375,instances.vantage.sh (AWS Price List mirror)
2026-06-22,AWS,ap-northeast-1,p5.4xlarge,H100,1.0,ondemand,8.6,8.6,instances.vantage.sh (AWS Price List mirror)
2026-06-22,AWS,ap-northeast-1,p5.4xlarge,H100,1.0,spot,3.1557,3.1557,instances.vantage.sh (AWS Price List mirror)
2026-06-22,AWS,ap-northeast-1,p5en.48xlarge,H200,8.0,ondemand,79.12,9.89,instances.vantage.sh (AWS Price List mirror)
2026-06-22,AWS,ap-northeast-1,p5en.48xlarge,H200,8.0,spot,21.7315,2.7164375,instances.vantage.sh (AWS Price List mirror)
2026-06-22,AWS,ap-northeast-1-tpe-1,g4dn.2xlarge,T4,1.0,ondemand,1.371,1.371,instances.vantage.sh (AWS Price List mirror)
2026-06-22,AWS,ap-northeast-1-wl1-kix1,g4dn.2xlarge,T4,1.0,ondemand,1.777,1.777,instances.vantage.sh (AWS Price List mirror)
2026-06-22,AWS,ap-northeast-1-wl1-nrt1,g4dn.2xlarge,T4,1.0,ondemand,1.777,1.777,instances.vantage.sh (AWS Price List mirror)
2026-06-22,AWS,ap-northeast-2,g2.2xlarge,K520,1.0,ondemand,0.898,0.898,instances.vantage.sh (AWS Price List mirror)
2026-06-22,AWS,ap-northeast-2,g2.8xlarge,K520,4.0,ondemand,3.592,0.898,instances.vantage.sh (AWS Price List mirror)
2026-06-22,AWS,ap-northeast-2,g3.16xlarge,M60,4.0,ondemand,5.68,1.42,instances.vantage.sh (AWS Price List mirror)
2026-06-22,AWS,ap-northeast-2,g3.4xlarge,M60,1.0,ondemand,1.42,1.42,instances.vantage.sh (AWS Price List mirror)
2026-06-22,AWS,ap-northeast-2,g3.8xlarge,M60,2.0,ondemand,2.84,1.42,instances.vantage.sh (AWS Price List mirror)
2026-06-22,AWS,ap-northeast-2,g3s.xlarge,M60,1.0,ondemand,0.934,0.934,instances.vantage.sh (AWS Price List mirror)
2026-06-22,AWS,ap-northeast-2,g4dn.12xlarge,T4,4.0,ondemand,4.812,1.203,instances.vantage.sh (AWS Price List mirror)
2026-06-22,AWS,ap-northeast-2,g4dn.12xlarge,T4,4.0,spot,2.471833,0.61795825,instances.vantage.sh (AWS Price List mirror)
2026-06-22,AWS,ap-northeast-2,g4dn.16xlarge,T4,1.0,ondemand,5.353,5.353,instances.vantage.sh (AWS Price List mirror)
2026-06-22,AWS,ap-northeast-2,g4dn.16xlarge,T4,1.0,spot,1.2604,1.2604,instances.vantage.sh (AWS Price List mirror)
2026-06-22,AWS,ap-northeast-2,g4dn.2xlarge,T4,1.0,ondemand,0.925,0.925,instances.vantage.sh (AWS Price List mirror)
2026-06-22,AWS,ap-northeast-2,g4dn.2xlarge,T4,1.0,spot,0.277567,0.277567,instances.vantage.sh (AWS Price List mirror)
2026-06-22,AWS,ap-northeast-2,g4dn.4xlarge,T4,1.0,ondemand,1.481,1.481,instances.vantage.sh (AWS Price List mirror)
2026-06-22,AWS,ap-northeast-2,g4dn.4xlarge,T4,1.0,spot,0.5077,0.5077,instances.vantage.sh (AWS Price List mirror)
2026-06-22,AWS,ap-northeast-2,g4dn.8xlarge,T4,1.0,ondemand,2.677,2.677,instances.vantage.sh (AWS Price List mirror)
2026-06-22,AWS,ap-northeast-2,g4dn.8xlarge,T4,1.0,spot,0.507833,0.507833,instances.vantage.sh (AWS Price List mirror)
2026-06-22,AWS,ap-northeast-2,g4dn.metal,T4,8.0,ondemand,9.624,1.203,instances.vantage.sh (AWS Price List mirror)
2026-06-22,AWS,ap-northeast-2,g4dn.metal,T4,8.0,spot,3.990467,0.498808375,instances.vantage.sh (AWS Price List mirror)
2026-06-22,AWS,ap-northeast-2,g4dn.xlarge,T4,1.0,ondemand,0.647,0.647,instances.vantage.sh (AWS Price List mirror)
2026-06-22,AWS,ap-northeast-2,g4dn.xlarge,T4,1.0,spot,0.2462,0.2462,instances.vantage.sh (AWS Price List mirror)
2026-06-22,AWS,ap-northeast-2,g5.12xlarge,A10G,4.0,ondemand,6.97442,1.743605,instances.vantage.sh (AWS Price List mirror)
2026-06-22,AWS,ap-northeast-2,g5.12xlarge,A10G,4.0,spot,2.638267,0.65956675,instances.vantage.sh (AWS Price List mirror)
2026-06-22,AWS,ap-northeast-2,g5.16xlarge,A10G,1.0,ondemand,5.03653,5.03653,instances.vantage.sh (AWS Price List mirror)
2026-06-22,AWS,ap-northeast-2,g5.16xlarge,A10G,1.0,spot,0.96,0.96,instances.vantage.sh (AWS Price List mirror)
2026-06-22,AWS,ap-northeast-2,g5.24xlarge,A10G,4.0,ondemand,10.01404,2.50351,instances.vantage.sh (AWS Price List mirror)
2026-06-22,AWS,ap-northeast-2,g5.24xlarge,A10G,4.0,spot,3.457333,0.86433325,instances.vantage.sh (AWS Price List mirror)
2026-06-22,AWS,ap-northeast-2,g5.2xlarge,A10G,1.0,ondemand,1.4903,1.4903,instances.vantage.sh (AWS Price List mirror)
2026-06-22,AWS,ap-northeast-2,g5.2xlarge,A10G,1.0,spot,0.463233,0.463233,instances.vantage.sh (AWS Price List mirror)
2026-06-22,AWS,ap-northeast-2,g5.48xlarge,A10G,8.0,ondemand,20.02809,2.50351125,instances.vantage.sh (AWS Price List mirror)
2026-06-22,AWS,ap-northeast-2,g5.48xlarge,A10G,8.0,spot,7.390467,0.923808375,instances.vantage.sh (AWS Price List mirror)
2026-06-22,AWS,ap-northeast-2,g5.4xlarge,A10G,1.0,ondemand,1.99691,1.99691,instances.vantage.sh (AWS Price List mirror)
2026-06-22,AWS,ap-northeast-2,g5.4xlarge,A10G,1.0,spot,0.6432,0.6432,instances.vantage.sh (AWS Price List mirror)
2026-06-22,AWS,ap-northeast-2,g5.8xlarge,A10G,1.0,ondemand,3.01012,3.01012,instances.vantage.sh (AWS Price List mirror)
2026-06-22,AWS,ap-northeast-2,g5.8xlarge,A10G,1.0,spot,0.9814,0.9814,instances.vantage.sh (AWS Price List mirror)
2026-06-22,AWS,ap-northeast-2,g5.xlarge,A10G,1.0,ondemand,1.237,1.237,instances.vantage.sh (AWS Price List mirror)
2026-06-22,AWS,ap-northeast-2,g5.xlarge,A10G,1.0,spot,0.519767,0.519767,instances.vantage.sh (AWS Price List mirror)
2026-06-22,AWS,ap-northeast-2,g5g.16xlarge,T4G,2.0,ondemand,3.3752,1.6876,instances.vantage.sh (AWS Price List mirror)
2026-06-22,AWS,ap-northeast-2,g5g.16xlarge,T4G,2.0,spot,0.3375,0.16875,instances.vantage.sh (AWS Price List mirror)
2026-06-22,AWS,ap-northeast-2,g5g.2xlarge,T4G,1.0,ondemand,0.6839,0.6839,instances.vantage.sh (AWS Price List mirror)
2026-06-22,AWS,ap-northeast-2,g5g.2xlarge,T4G,1.0,spot,0.14535,0.14535,instances.vantage.sh (AWS Price List mirror)
2026-06-22,AWS,ap-northeast-2,g5g.4xlarge,T4G,1.0,ondemand,1.0185,1.0185,instances.vantage.sh (AWS Price List mirror)
2026-06-22,AWS,ap-northeast-2,g5g.4xlarge,T4G,1.0,spot,0.1468,0.1468,instances.vantage.sh (AWS Price List mirror)
2026-06-22,AWS,ap-northeast-2,g5g.8xlarge,T4G,1.0,ondemand,1.6876,1.6876,instances.vantage.sh (AWS Price List mirror)
2026-06-22,AWS,ap-northeast-2,g5g.8xlarge,T4G,1.0,spot,0.1688,0.1688,instances.vantage.sh (AWS Price List mirror)
2026-06-22,AWS,ap-northeast-2,g5g.metal,T4G,2.0,ondemand,3.3752,1.6876,instances.vantage.sh (AWS Price List mirror)
2026-06-22,AWS,ap-northeast-2,g5g.metal,T4G,2.0,spot,0.37155,0.185775,instances.vantage.sh (AWS Price List mirror)
2026-06-22,AWS,ap-northeast-2,g5g.xlarge,T4G,1.0,ondemand,0.5166,0.5166,instances.vantage.sh (AWS Price List mirror)
2026-06-22,AWS,ap-northeast-2,g5g.xlarge,T4G,1.0,spot,0.0775,0.0775,instances.vantage.sh (AWS Price List mirror)
2026-06-22,AWS,ap-northeast-2,g6.12xlarge,L4,4.0,ondemand,5.65823,1.4145575,instances.vantage.sh (AWS Price List mirror)
2026-06-22,AWS,ap-northeast-2,g6.12xlarge,L4,4.0,spot,1.2454,0.31135,instances.vantage.sh (AWS Price List mirror)
2026-06-22,AWS,ap-northeast-2,g6.16xlarge,L4,1.0,ondemand,4.17678,4.17678,instances.vantage.sh (AWS Price List mirror)
2026-06-22,AWS,ap-northeast-2,g6.16xlarge,L4,1.0,spot,0.7692,0.7692,instances.vantage.sh (AWS Price List mirror)
2026-06-22,AWS,ap-northeast-2,g6.24xlarge,L4,4.0,ondemand,8.20797,2.0519925,instances.vantage.sh (AWS Price List mirror)
2026-06-22,AWS,ap-northeast-2,g6.24xlarge,L4,4.0,spot,1.577567,0.39439175,instances.vantage.sh (AWS Price List mirror)
2026-06-22,AWS,ap-northeast-2,g6.2xlarge,L4,1.0,ondemand,1.20208,1.20208,instances.vantage.sh (AWS Price List mirror)
2026-06-22,AWS,ap-northeast-2,g6.2xlarge,L4,1.0,spot,0.4142,0.4142,instances.vantage.sh (AWS Price List mirror)
2026-06-22,AWS,ap-northeast-2,g6.48xlarge,L4,8.0,ondemand,16.41595,2.05199375,instances.vantage.sh (AWS Price List mirror)
2026-06-22,AWS,ap-northeast-2,g6.48xlarge,L4,8.0,spot,3.048933,0.381116625,instances.vantage.sh (AWS Price List mirror)
2026-06-22,AWS,ap-northeast-2,g6.4xlarge,L4,1.0,ondemand,1.62704,1.62704,instances.vantage.sh (AWS Price List mirror)
2026-06-22,AWS,ap-northeast-2,g6.4xlarge,L4,1.0,spot,0.454133,0.454133,instances.vantage.sh (AWS Price List mirror)
2026-06-22,AWS,ap-northeast-2,g6.8xlarge,L4,1.0,ondemand,2.47695,2.47695,instances.vantage.sh (AWS Price List mirror)
2026-06-22,AWS,ap-northeast-2,g6.8xlarge,L4,1.0,spot,0.4591,0.4591,instances.vantage.sh (AWS Price List mirror)
2026-06-22,AWS,ap-northeast-2,g6.xlarge,L4,1.0,ondemand,0.9896,0.9896,instances.vantage.sh (AWS Price List mirror)
2026-06-22,AWS,ap-northeast-2,g6.xlarge,L4,1.0,spot,0.326267,0.326267,instances.vantage.sh (AWS Price List mirror)
2026-06-22,AWS,ap-northeast-2,g6e.12xlarge,L40S,4.0,ondemand,12.90014,3.225035,instances.vantage.sh (AWS Price List mirror)
2026-06-22,AWS,ap-northeast-2,g6e.12xlarge,L40S,4.0,spot,2.32525,0.5813125,instances.vantage.sh (AWS Price List mirror)
2026-06-22,AWS,ap-northeast-2,g6e.16xlarge,L40S,1.0,ondemand,9.31575,9.31575,instances.vantage.sh (AWS Price List mirror)
2026-06-22,AWS,ap-northeast-2,g6e.16xlarge,L40S,1.0,spot,1.45745,1.45745,instances.vantage.sh (AWS Price List mirror)
2026-06-22,AWS,ap-northeast-2,g6e.24xlarge,L40S,4.0,ondemand,18.52234,4.630585,instances.vantage.sh (AWS Price List mirror)
2026-06-22,AWS,ap-northeast-2,g6e.24xlarge,L40S,4.0,spot,2.5232,0.6308,instances.vantage.sh (AWS Price List mirror)
2026-06-22,AWS,ap-northeast-2,g6e.2xlarge,L40S,1.0,ondemand,2.75652,2.75652,instances.vantage.sh (AWS Price List mirror)
2026-06-22,AWS,ap-northeast-2,g6e.2xlarge,L40S,1.0,spot,0.72745,0.72745,instances.vantage.sh (AWS Price List mirror)
2026-06-22,AWS,ap-northeast-2,g6e.48xlarge,L40S,8.0,ondemand,37.04468,4.630585,instances.vantage.sh (AWS Price List mirror)
2026-06-22,AWS,ap-northeast-2,g6e.48xlarge,L40S,8.0,spot,5.32775,0.66596875,instances.vantage.sh (AWS Price List mirror)
2026-06-22,AWS,ap-northeast-2,g6e.4xlarge,L40S,1.0,ondemand,3.69355,3.69355,instances.vantage.sh (AWS Price List mirror)
2026-06-22,AWS,ap-northeast-2,g6e.4xlarge,L40S,1.0,spot,1.16475,1.16475,instances.vantage.sh (AWS Price List mirror)
2026-06-22,AWS,ap-northeast-2,g6e.8xlarge,L40S,1.0,ondemand,5.56762,5.56762,instances.vantage.sh (AWS Price List mirror)
2026-06-22,AWS,ap-northeast-2,g6e.8xlarge,L40S,1.0,spot,1.4102,1.4102,instances.vantage.sh (AWS Price List mirror)
2026-06-22,AWS,ap-northeast-2,g6e.xlarge,L40S,1.0,ondemand,2.288,2.288,instances.vantage.sh (AWS Price List mirror)
2026-06-22,AWS,ap-northeast-2,g6e.xlarge,L40S,1.0,spot,0.5237,0.5237,instances.vantage.sh (AWS Price List mirror)
2026-06-22,AWS,ap-northeast-2,g6f.2xlarge,L4,0.25,ondemand,0.58406,2.33624,instances.vantage.sh (AWS Price List mirror)
2026-06-22,AWS,ap-northeast-2,g6f.2xlarge,L4,0.25,spot,0.173367,0.693468,instances.vantage.sh (AWS Price List mirror)
2026-06-22,AWS,ap-northeast-2,g6f.4xlarge,L4,0.5,ondemand,1.16812,2.33624,instances.vantage.sh (AWS Price List mirror)
2026-06-22,AWS,ap-northeast-2,g6f.4xlarge,L4,0.5,spot,0.368567,0.737134,instances.vantage.sh (AWS Price List mirror)
2026-06-22,AWS,ap-northeast-2,g6f.large,L4,0.125,ondemand,0.24838,1.98704,instances.vantage.sh (AWS Price List mirror)
2026-06-22,AWS,ap-northeast-2,g6f.large,L4,0.125,spot,0.036467,0.291736,instances.vantage.sh (AWS Price List mirror)
2026-06-22,AWS,ap-northeast-2,g6f.xlarge,L4,0.125,ondemand,0.29203,2.33624,instances.vantage.sh (AWS Price List mirror)
2026-06-22,AWS,ap-northeast-2,g6f.xlarge,L4,0.125,spot,0.0736,0.5888,instances.vantage.sh (AWS Price List mirror)
2026-06-22,AWS,ap-northeast-2,g7e.12xlarge,NVIDIA GB202,2.0,ondemand,10.1873,5.09365,instances.vantage.sh (AWS Price List mirror)
2026-06-22,AWS,ap-northeast-2,g7e.12xlarge,NVIDIA GB202,2.0,spot,4.6448,2.3224,instances.vantage.sh (AWS Price List mirror)
2026-06-22,AWS,ap-northeast-2,g7e.24xlarge,NVIDIA GB202,4.0,ondemand,20.3746,5.09365,instances.vantage.sh (AWS Price List mirror)
2026-06-22,AWS,ap-northeast-2,g7e.24xlarge,NVIDIA GB202,4.0,spot,5.7348,1.4337,instances.vantage.sh (AWS Price List mirror)
2026-06-22,AWS,ap-northeast-2,g7e.2xlarge,NVIDIA GB202,1.0,ondemand,4.13478,4.13478,instances.vantage.sh (AWS Price List mirror)
2026-06-22,AWS,ap-northeast-2,g7e.2xlarge,NVIDIA GB202,1.0,spot,1.4054,1.4054,instances.vantage.sh (AWS Price List mirror)
2026-06-22,AWS,ap-northeast-2,g7e.48xlarge,NVIDIA GB202,8.0,ondemand,40.74921,5.09365125,instances.vantage.sh (AWS Price List mirror)
2026-06-22,AWS,ap-northeast-2,g7e.48xlarge,NVIDIA GB202,8.0,spot,7.7134,0.964175,instances.vantage.sh (AWS Price List mirror)
2026-06-22,AWS,ap-northeast-2,g7e.4xlarge,NVIDIA GB202,1.0,ondemand,4.91553,4.91553,instances.vantage.sh (AWS Price List mirror)
2026-06-22,AWS,ap-northeast-2,g7e.4xlarge,NVIDIA GB202,1.0,spot,1.48845,1.48845,instances.vantage.sh (AWS Price List mirror)
2026-06-22,AWS,ap-northeast-2,g7e.8xlarge,NVIDIA GB202,1.0,ondemand,6.47703,6.47703,instances.vantage.sh (AWS Price List mirror)
2026-06-22,AWS,ap-northeast-2,g7e.8xlarge,NVIDIA GB202,1.0,spot,2.03755,2.03755,instances.vantage.sh (AWS Price List mirror)
2026-06-22,AWS,ap-northeast-2,gr6.4xlarge,L4,1.0,ondemand,1.8926,1.8926,instances.vantage.sh (AWS Price List mirror)
2026-06-22,AWS,ap-northeast-2,gr6.4xlarge,L4,1.0,spot,0.3878,0.3878,instances.vantage.sh (AWS Price List mirror)
2026-06-22,AWS,ap-northeast-2,gr6.8xlarge,L4,1.0,ondemand,3.00809,3.00809,instances.vantage.sh (AWS Price List mirror)
2026-06-22,AWS,ap-northeast-2,gr6.8xlarge,L4,1.0,spot,0.5049,0.5049,instances.vantage.sh (AWS Price List mirror)
2026-06-22,AWS,ap-northeast-2,gr6f.4xlarge,L4,0.5,ondemand,1.31075,2.6215,instances.vantage.sh (AWS Price List mirror)
2026-06-22,AWS,ap-northeast-2,gr6f.4xlarge,L4,0.5,spot,0.339933,0.679866,instances.vantage.sh (AWS Price List mirror)
2026-06-22,AWS,ap-northeast-2,inf1.24xlarge,AWS Inferentia,16.0,ondemand,5.812,0.36325,instances.vantage.sh (AWS Price List mirror)
2026-06-22,AWS,ap-northeast-2,inf1.24xlarge,AWS Inferentia,16.0,spot,1.1894,0.0743375,instances.vantage.sh (AWS Price List mirror)
2026-06-22,AWS,ap-northeast-2,inf1.2xlarge,AWS Inferentia,1.0,ondemand,0.446,0.446,instances.vantage.sh (AWS Price List mirror)
2026-06-22,AWS,ap-northeast-2,inf1.2xlarge,AWS Inferentia,1.0,spot,0.0864,0.0864,instances.vantage.sh (AWS Price List mirror)
2026-06-22,AWS,ap-northeast-2,inf1.6xlarge,AWS Inferentia,4.0,ondemand,1.453,0.36325,instances.vantage.sh (AWS Price List mirror)
2026-06-22,AWS,ap-northeast-2,inf1.6xlarge,AWS Inferentia,4.0,spot,0.19685,0.0492125,instances.vantage.sh (AWS Price List mirror)
2026-06-22,AWS,ap-northeast-2,inf1.xlarge,AWS Inferentia,1.0,ondemand,0.281,0.281,instances.vantage.sh (AWS Price List mirror)
2026-06-22,AWS,ap-northeast-2,inf1.xlarge,AWS Inferentia,1.0,spot,0.05645,0.05645,instances.vantage.sh (AWS Price List mirror)
2026-06-22,AWS,ap-northeast-2,inf2.xlarge,AWS Inferentia2,1.0,ondemand,0.90984,0.90984,instances.vantage.sh (AWS Price List mirror)
2026-06-22,AWS,ap-northeast-2,inf2.xlarge,AWS Inferentia2,1.0,spot,0.4129,0.4129,instances.vantage.sh (AWS Price List mirror)
2026-06-22,AWS,ap-northeast-2,p2.16xlarge,K80,16.0,ondemand,23.44,1.465,instances.vantage.sh (AWS Price List mirror)
2026-06-22,AWS,ap-northeast-2,p2.8xlarge,K80,8.0,ondemand,11.72,1.465,instances.vantage.sh (AWS Price List mirror)
2026-06-22,AWS,ap-northeast-2,p2.xlarge,K80,1.0,ondemand,1.465,1.465,instances.vantage.sh (AWS Price List mirror)
2026-06-22,AWS,ap-northeast-2,p3.16xlarge,V100,8.0,ondemand,33.872,4.234,instances.vantage.sh (AWS Price List mirror)
2026-06-22,AWS,ap-northeast-2,p3.16xlarge,V100,8.0,spot,33.872,4.234,instances.vantage.sh (AWS Price List mirror)
2026-06-22,AWS,ap-northeast-2,p3.2xlarge,V100,1.0,ondemand,4.234,4.234,instances.vantage.sh (AWS Price List mirror)
2026-06-22,AWS,ap-northeast-2,p3.2xlarge,V100,1.0,spot,4.234,4.234,instances.vantage.sh (AWS Price List mirror)
2026-06-22,AWS,ap-northeast-2,p3.8xlarge,V100,4.0,ondemand,16.936,4.234,instances.vantage.sh (AWS Price List mirror)
2026-06-22,AWS,ap-northeast-2,p3.8xlarge,V100,4.0,spot,9.82288,2.45572,instances.vantage.sh (AWS Price List mirror)
2026-06-22,AWS,ap-northeast-2,p4d.24xlarge,A100,8.0,ondemand,30.41028,3.801285,instances.vantage.sh (AWS Price List mirror)
2026-06-22,AWS,ap-northeast-2,p4d.24xlarge,A100,8.0,spot,9.50345,1.18793125,instances.vantage.sh (AWS Price List mirror)
2026-06-22,AWS,ap-northeast-2,p5.48xlarge,H100,8.0,ondemand,75.9552,9.4944,instances.vantage.sh (AWS Price List mirror)
2026-06-22,AWS,ap-northeast-2,p5en.48xlarge,H200,8.0,ondemand,87.34848,10.91856,instances.vantage.sh (AWS Price List mirror)
2026-06-22,AWS,ap-northeast-2,p5en.48xlarge,H200,8.0,spot,15.5053,1.9381625,instances.vantage.sh (AWS Price List mirror)
2026-06-22,AWS,ap-northeast-2-wl1-cjj1,g4dn.2xlarge,T4,1.0,ondemand,1.249,1.249,instances.vantage.sh (AWS Price List mirror)
2026-06-22,AWS,ap-northeast-2-wl1-sel1,g4dn.2xlarge,T4,1.0,ondemand,1.249,1.249,instances.vantage.sh (AWS Price List mirror)
2026-06-22,AWS,ap-northeast-3,g4dn.12xlarge,T4,4.0,ondemand,5.281,1.32025,instances.vantage.sh (AWS Price List mirror)
2026-06-22,AWS,ap-northeast-3,g4dn.12xlarge,T4,4.0,spot,1.35705,0.3392625,instances.vantage.sh (AWS Price List mirror)
2026-06-22,AWS,ap-northeast-3,g4dn.16xlarge,T4,1.0,ondemand,5.875,5.875,instances.vantage.sh (AWS Price List mirror)
2026-06-22,AWS,ap-northeast-3,g4dn.16xlarge,T4,1.0,spot,1.1221,1.1221,instances.vantage.sh (AWS Price List mirror)
2026-06-22,AWS,ap-northeast-3,g4dn.2xlarge,T4,1.0,ondemand,1.015,1.015,instances.vantage.sh (AWS Price List mirror)
2026-06-22,AWS,ap-northeast-3,g4dn.2xlarge,T4,1.0,spot,0.28645,0.28645,instances.vantage.sh (AWS Price List mirror)
2026-06-22,AWS,ap-northeast-3,g4dn.4xlarge,T4,1.0,ondemand,1.625,1.625,instances.vantage.sh (AWS Price List mirror)
2026-06-22,AWS,ap-northeast-3,g4dn.4xlarge,T4,1.0,spot,0.463,0.463,instances.vantage.sh (AWS Price List mirror)
2026-06-22,AWS,ap-northeast-3,g4dn.8xlarge,T4,1.0,ondemand,2.938,2.938,instances.vantage.sh (AWS Price List mirror)
2026-06-22,AWS,ap-northeast-3,g4dn.8xlarge,T4,1.0,spot,0.75255,0.75255,instances.vantage.sh (AWS Price List mirror)
2026-06-22,AWS,ap-northeast-3,g4dn.metal,T4,8.0,ondemand,10.562,1.32025,instances.vantage.sh (AWS Price List mirror)
2026-06-22,AWS,ap-northeast-3,g4dn.metal,T4,8.0,spot,3.4613,0.4326625,instances.vantage.sh (AWS Price List mirror)
2026-06-22,AWS,ap-northeast-3,g4dn.xlarge,T4,1.0,ondemand,0.71,0.71,instances.vantage.sh (AWS Price List mirror)
2026-06-22,AWS,ap-northeast-3,g4dn.xlarge,T4,1.0,spot,0.2774,0.2774,instances.vantage.sh (AWS Price List mirror)
2026-06-22,AWS,ap-northeast-3,g6e.12xlarge,L40S,4.0,ondemand,15.21742,3.804355,instances.vantage.sh (AWS Price List mirror)
2026-06-22,AWS,ap-northeast-3,g6e.12xlarge,L40S,4.0,spot,3.3219,0.830475,instances.vantage.sh (AWS Price List mirror)
2026-06-22,AWS,ap-northeast-3,g6e.16xlarge,L40S,1.0,ondemand,10.98917,10.98917,instances.vantage.sh (AWS Price List mirror)
2026-06-22,AWS,ap-northeast-3,g6e.16xlarge,L40S,1.0,spot,1.576,1.576,instances.vantage.sh (AWS Price List mirror)
2026-06-22,AWS,ap-northeast-3,g6e.24xlarge,L40S,4.0,ondemand,21.84956,5.46239,instances.vantage.sh (AWS Price List mirror)
2026-06-22,AWS,ap-northeast-3,g6e.24xlarge,L40S,4.0,spot,4.31395,1.0784875,instances.vantage.sh (AWS Price List mirror)
2026-06-22,AWS,ap-northeast-3,g6e.2xlarge,L40S,1.0,ondemand,3.25168,3.25168,instances.vantage.sh (AWS Price List mirror)
2026-06-22,AWS,ap-northeast-3,g6e.2xlarge,L40S,1.0,spot,0.82555,0.82555,instances.vantage.sh (AWS Price List mirror)
2026-06-22,AWS,ap-northeast-3,g6e.48xlarge,L40S,8.0,ondemand,43.69912,5.46239,instances.vantage.sh (AWS Price List mirror)
2026-06-22,AWS,ap-northeast-3,g6e.48xlarge,L40S,8.0,spot,7.2669,0.9083625,instances.vantage.sh (AWS Price List mirror)
2026-06-22,AWS,ap-northeast-3,g6e.4xlarge,L40S,1.0,ondemand,4.35703,4.35703,instances.vantage.sh (AWS Price List mirror)
2026-06-22,AWS,ap-northeast-3,g6e.4xlarge,L40S,1.0,spot,1.14555,1.14555,instances.vantage.sh (AWS Price List mirror)
2026-06-22,AWS,ap-northeast-3,g6e.8xlarge,L40S,1.0,ondemand,6.56775,6.56775,instances.vantage.sh (AWS Price List mirror)
2026-06-22,AWS,ap-northeast-3,g6e.8xlarge,L40S,1.0,spot,1.0146,1.0146,instances.vantage.sh (AWS Price List mirror)
2026-06-22,AWS,ap-northeast-3,g6e.xlarge,L40S,1.0,ondemand,2.699,2.699,instances.vantage.sh (AWS Price List mirror)
2026-06-22,AWS,ap-northeast-3,g6e.xlarge,L40S,1.0,spot,0.71375,0.71375,instances.vantage.sh (AWS Price List mirror)
2026-06-22,AWS,ap-south-1,g4dn.12xlarge,T4,4.0,ondemand,4.306,1.0765,instances.vantage.sh (AWS Price List mirror)
2026-06-22,AWS,ap-south-1,g4dn.12xlarge,T4,4.0,spot,1.904367,0.47609175,instances.vantage.sh (AWS Price List mirror)
2026-06-22,AWS,ap-south-1,g4dn.16xlarge,T4,1.0,ondemand,4.791,4.791,instances.vantage.sh (AWS Price List mirror)
2026-06-22,AWS,ap-south-1,g4dn.16xlarge,T4,1.0,spot,1.164767,1.164767,instances.vantage.sh (AWS Price List mirror)
2026-06-22,AWS,ap-south-1,g4dn.2xlarge,T4,1.0,ondemand,0.828,0.828,instances.vantage.sh (AWS Price List mirror)
2026-06-22,AWS,ap-south-1,g4dn.2xlarge,T4,1.0,spot,0.292533,0.292533,instances.vantage.sh (AWS Price List mirror)
2026-06-22,AWS,ap-south-1,g4dn.4xlarge,T4,1.0,ondemand,1.325,1.325,instances.vantage.sh (AWS Price List mirror)
2026-06-22,AWS,ap-south-1,g4dn.4xlarge,T4,1.0,spot,0.442567,0.442567,instances.vantage.sh (AWS Price List mirror)
2026-06-22,AWS,ap-south-1,g4dn.8xlarge,T4,1.0,ondemand,2.395,2.395,instances.vantage.sh (AWS Price List mirror)
2026-06-22,AWS,ap-south-1,g4dn.8xlarge,T4,1.0,spot,0.823167,0.823167,instances.vantage.sh (AWS Price List mirror)
2026-06-22,AWS,ap-south-1,g4dn.metal,T4,8.0,ondemand,8.612,1.0765,instances.vantage.sh (AWS Price List mirror)
2026-06-22,AWS,ap-south-1,g4dn.metal,T4,8.0,spot,2.925733,0.365716625,instances.vantage.sh (AWS Price List mirror)
2026-06-22,AWS,ap-south-1,g4dn.xlarge,T4,1.0,ondemand,0.579,0.579,instances.vantage.sh (AWS Price List mirror)
2026-06-22,AWS,ap-south-1,g4dn.xlarge,T4,1.0,spot,0.2145,0.2145,instances.vantage.sh (AWS Price List mirror)
2026-06-22,AWS,ap-south-1,g5.12xlarge,A10G,4.0,ondemand,6.81091,1.7027275,instances.vantage.sh (AWS Price List mirror)
2026-06-22,AWS,ap-south-1,g5.12xlarge,A10G,4.0,spot,4.071,1.01775,instances.vantage.sh (AWS Price List mirror)
2026-06-22,AWS,ap-south-1,g5.16xlarge,A10G,1.0,ondemand,4.91846,4.91846,instances.vantage.sh (AWS Price List mirror)
2026-06-22,AWS,ap-south-1,g5.16xlarge,A10G,1.0,spot,1.3797,1.3797,instances.vantage.sh (AWS Price List mirror)
2026-06-22,AWS,ap-south-1,g5.24xlarge,A10G,4.0,ondemand,9.77928,2.44482,instances.vantage.sh (AWS Price List mirror)
2026-06-22,AWS,ap-south-1,g5.24xlarge,A10G,4.0,spot,6.14955,1.5373875,instances.vantage.sh (AWS Price List mirror)
2026-06-22,AWS,ap-south-1,g5.2xlarge,A10G,1.0,ondemand,1.45536,1.45536,instances.vantage.sh (AWS Price List mirror)
2026-06-22,AWS,ap-south-1,g5.2xlarge,A10G,1.0,spot,0.54135,0.54135,instances.vantage.sh (AWS Price List mirror)
2026-06-22,AWS,ap-south-1,g5.48xlarge,A10G,8.0,ondemand,19.55855,2.44481875,instances.vantage.sh (AWS Price List mirror)
2026-06-22,AWS,ap-south-1,g5.48xlarge,A10G,8.0,spot,13.13535,1.64191875,instances.vantage.sh (AWS Price List mirror)
2026-06-22,AWS,ap-south-1,g5.4xlarge,A10G,1.0,ondemand,1.95009,1.95009,instances.vantage.sh (AWS Price List mirror)
2026-06-22,AWS,ap-south-1,g5.4xlarge,A10G,1.0,spot,0.78885,0.78885,instances.vantage.sh (AWS Price List mirror)
2026-06-22,AWS,ap-south-1,g5.8xlarge,A10G,1.0,ondemand,2.93955,2.93955,instances.vantage.sh (AWS Price List mirror)
2026-06-22,AWS,ap-south-1,g5.8xlarge,A10G,1.0,spot,1.12945,1.12945,instances.vantage.sh (AWS Price List mirror)
2026-06-22,AWS,ap-south-1,g5.xlarge,A10G,1.0,ondemand,1.208,1.208,instances.vantage.sh (AWS Price List mirror)
2026-06-22,AWS,ap-south-1,g5.xlarge,A10G,1.0,spot,0.444,0.444,instances.vantage.sh (AWS Price List mirror)
2026-06-22,AWS,ap-south-1,g6.12xlarge,L4,4.0,ondemand,5.52558,1.381395,instances.vantage.sh (AWS Price List mirror)
2026-06-22,AWS,ap-south-1,g6.12xlarge,L4,4.0,spot,1.7344,0.4336,instances.vantage.sh (AWS Price List mirror)
2026-06-22,AWS,ap-south-1,g6.16xlarge,L4,1.0,ondemand,4.07886,4.07886,instances.vantage.sh (AWS Price List mirror)
2026-06-22,AWS,ap-south-1,g6.16xlarge,L4,1.0,spot,0.9428,0.9428,instances.vantage.sh (AWS Price List mirror)
2026-06-22,AWS,ap-south-1,g6.24xlarge,L4,4.0,ondemand,8.01555,2.0038875,instances.vantage.sh (AWS Price List mirror)
2026-06-22,AWS,ap-south-1,g6.24xlarge,L4,4.0,spot,3.52495,0.8812375,instances.vantage.sh (AWS Price List mirror)
2026-06-22,AWS,ap-south-1,g6.2xlarge,L4,1.0,ondemand,1.1739,1.1739,instances.vantage.sh (AWS Price List mirror)
2026-06-22,AWS,ap-south-1,g6.2xlarge,L4,1.0,spot,0.46815,0.46815,instances.vantage.sh (AWS Price List mirror)
2026-06-22,AWS,ap-south-1,g6.48xlarge,L4,8.0,ondemand,16.0311,2.0038875,instances.vantage.sh (AWS Price List mirror)
2026-06-22,AWS,ap-south-1,g6.48xlarge,L4,8.0,spot,3.3746,0.421825,instances.vantage.sh (AWS Price List mirror)
2026-06-22,AWS,ap-south-1,g6.4xlarge,L4,1.0,ondemand,1.58889,1.58889,instances.vantage.sh (AWS Price List mirror)
2026-06-22,AWS,ap-south-1,g6.4xlarge,L4,1.0,spot,0.42595,0.42595,instances.vantage.sh (AWS Price List mirror)
2026-06-22,AWS,ap-south-1,g6.8xlarge,L4,1.0,ondemand,2.41888,2.41888,instances.vantage.sh (AWS Price List mirror)
2026-06-22,AWS,ap-south-1,g6.8xlarge,L4,1.0,spot,0.60625,0.60625,instances.vantage.sh (AWS Price List mirror)
2026-06-22,AWS,ap-south-1,g6.xlarge,L4,1.0,ondemand,0.9664,0.9664,instances.vantage.sh (AWS Price List mirror)
2026-06-22,AWS,ap-south-1,g6.xlarge,L4,1.0,spot,0.43755,0.43755,instances.vantage.sh (AWS Price List mirror)
2026-06-22,AWS,ap-south-1,g6e.12xlarge,L40S,4.0,ondemand,12.60131,3.1503275,instances.vantage.sh (AWS Price List mirror)
2026-06-22,AWS,ap-south-1,g6e.12xlarge,L40S,4.0,spot,3.67785,0.9194625,instances.vantage.sh (AWS Price List mirror)
2026-06-22,AWS,ap-south-1,g6e.16xlarge,L40S,1.0,ondemand,9.09996,9.09996,instances.vantage.sh (AWS Price List mirror)
2026-06-22,AWS,ap-south-1,g6e.16xlarge,L40S,1.0,spot,1.21185,1.21185,instances.vantage.sh (AWS Price List mirror)
2026-06-22,AWS,ap-south-1,g6e.24xlarge,L40S,4.0,ondemand,18.09328,4.52332,instances.vantage.sh (AWS Price List mirror)
2026-06-22,AWS,ap-south-1,g6e.24xlarge,L40S,4.0,spot,4.02805,1.0070125,instances.vantage.sh (AWS Price List mirror)
2026-06-22,AWS,ap-south-1,g6e.2xlarge,L40S,1.0,ondemand,2.69266,2.69266,instances.vantage.sh (AWS Price List mirror)
2026-06-22,AWS,ap-south-1,g6e.2xlarge,L40S,1.0,spot,0.7135,0.7135,instances.vantage.sh (AWS Price List mirror)
2026-06-22,AWS,ap-south-1,g6e.48xlarge,L40S,8.0,ondemand,36.18656,4.52332,instances.vantage.sh (AWS Price List mirror)
2026-06-22,AWS,ap-south-1,g6e.48xlarge,L40S,8.0,spot,9.8958,1.236975,instances.vantage.sh (AWS Price List mirror)
2026-06-22,AWS,ap-south-1,g6e.4xlarge,L40S,1.0,ondemand,3.60799,3.60799,instances.vantage.sh (AWS Price List mirror)
2026-06-22,AWS,ap-south-1,g6e.4xlarge,L40S,1.0,spot,0.92485,0.92485,instances.vantage.sh (AWS Price List mirror)
2026-06-22,AWS,ap-south-1,g6e.8xlarge,L40S,1.0,ondemand,5.43865,5.43865,instances.vantage.sh (AWS Price List mirror)
2026-06-22,AWS,ap-south-1,g6e.8xlarge,L40S,1.0,spot,1.84695,1.84695,instances.vantage.sh (AWS Price List mirror)
2026-06-22,AWS,ap-south-1,g6e.xlarge,L40S,1.0,ondemand,2.235,2.235,instances.vantage.sh (AWS Price List mirror)
2026-06-22,AWS,ap-south-1,g6e.xlarge,L40S,1.0,spot,0.51775,0.51775,instances.vantage.sh (AWS Price List mirror)
2026-06-22,AWS,ap-south-1,g6f.2xlarge,L4,0.25,ondemand,0.57038,2.28152,instances.vantage.sh (AWS Price List mirror)
2026-06-22,AWS,ap-south-1,g6f.2xlarge,L4,0.25,spot,0.32635,1.3054,instances.vantage.sh (AWS Price List mirror)
2026-06-22,AWS,ap-south-1,g6f.4xlarge,L4,0.5,ondemand,1.14076,2.28152,instances.vantage.sh (AWS Price List mirror)
2026-06-22,AWS,ap-south-1,g6f.4xlarge,L4,0.5,spot,1.0854,2.1708,instances.vantage.sh (AWS Price List mirror)
2026-06-22,AWS,ap-south-1,g6f.large,L4,0.125,ondemand,0.24256,1.94048,instances.vantage.sh (AWS Price List mirror)
2026-06-22,AWS,ap-south-1,g6f.large,L4,0.125,spot,0.1513,1.2104,instances.vantage.sh (AWS Price List mirror)
2026-06-22,AWS,ap-south-1,g6f.xlarge,L4,0.125,ondemand,0.28519,2.28152,instances.vantage.sh (AWS Price List mirror)
2026-06-22,AWS,ap-south-1,g6f.xlarge,L4,0.125,spot,0.1424,1.1392,instances.vantage.sh (AWS Price List mirror)
2026-06-22,AWS,ap-south-1,gr6.4xlarge,L4,1.0,ondemand,1.8483,1.8483,instances.vantage.sh (AWS Price List mirror)
2026-06-22,AWS,ap-south-1,gr6.4xlarge,L4,1.0,spot,0.2937,0.2937,instances.vantage.sh (AWS Price List mirror)
2026-06-22,AWS,ap-south-1,gr6.8xlarge,L4,1.0,ondemand,2.93768,2.93768,instances.vantage.sh (AWS Price List mirror)
2026-06-22,AWS,ap-south-1,gr6.8xlarge,L4,1.0,spot,0.8276,0.8276,instances.vantage.sh (AWS Price List mirror)
2026-06-22,AWS,ap-south-1,gr6f.4xlarge,L4,0.5,ondemand,1.28007,2.56014,instances.vantage.sh (AWS Price List mirror)
2026-06-22,AWS,ap-south-1,gr6f.4xlarge,L4,0.5,spot,0.88025,1.7605,instances.vantage.sh (AWS Price List mirror)
2026-06-22,AWS,ap-south-1,inf1.24xlarge,AWS Inferentia,16.0,ondemand,4.965,0.3103125,instances.vantage.sh (AWS Price List mirror)
2026-06-22,AWS,ap-south-1,inf1.24xlarge,AWS Inferentia,16.0,spot,0.868233,0.0542645625,instances.vantage.sh (AWS Price List mirror)
2026-06-22,AWS,ap-south-1,inf1.2xlarge,AWS Inferentia,1.0,ondemand,0.381,0.381,instances.vantage.sh (AWS Price List mirror)
2026-06-22,AWS,ap-south-1,inf1.2xlarge,AWS Inferentia,1.0,spot,0.118033,0.118033,instances.vantage.sh (AWS Price List mirror)
2026-06-22,AWS,ap-south-1,inf1.6xlarge,AWS Inferentia,4.0,ondemand,1.241,0.31025,instances.vantage.sh (AWS Price List mirror)
2026-06-22,AWS,ap-south-1,inf1.6xlarge,AWS Inferentia,4.0,spot,0.387667,0.09691675,instances.vantage.sh (AWS Price List mirror)
2026-06-22,AWS,ap-south-1,inf1.xlarge,AWS Inferentia,1.0,ondemand,0.24,0.24,instances.vantage.sh (AWS Price List mirror)
2026-06-22,AWS,ap-south-1,inf1.xlarge,AWS Inferentia,1.0,spot,0.069933,0.069933,instances.vantage.sh (AWS Price List mirror)
2026-06-22,AWS,ap-south-1,inf2.24xlarge,AWS Inferentia2,6.0,ondemand,8.43782,1.4063033333333335,instances.vantage.sh (AWS Price List mirror)
2026-06-22,AWS,ap-south-1,inf2.24xlarge,AWS Inferentia2,6.0,spot,1.10295,0.18382500000000002,instances.vantage.sh (AWS Price List mirror)
2026-06-22,AWS,ap-south-1,inf2.48xlarge,AWS Inferentia2,12.0,ondemand,16.87565,1.4063041666666667,instances.vantage.sh (AWS Price List mirror)
2026-06-22,AWS,ap-south-1,inf2.48xlarge,AWS Inferentia2,12.0,spot,2.30215,0.19184583333333335,instances.vantage.sh (AWS Price List mirror)
2026-06-22,AWS,ap-south-1,inf2.8xlarge,AWS Inferentia2,1.0,ondemand,2.55822,2.55822,instances.vantage.sh (AWS Price List mirror)
2026-06-22,AWS,ap-south-1,inf2.8xlarge,AWS Inferentia2,1.0,spot,0.57565,0.57565,instances.vantage.sh (AWS Price List mirror)
2026-06-22,AWS,ap-south-1,inf2.xlarge,AWS Inferentia2,1.0,ondemand,0.98566,0.98566,instances.vantage.sh (AWS Price List mirror)
2026-06-22,AWS,ap-south-1,inf2.xlarge,AWS Inferentia2,1.0,spot,0.2752,0.2752,instances.vantage.sh (AWS Price List mirror)
2026-06-22,AWS,ap-south-1,p2.16xlarge,K80,16.0,ondemand,27.488,1.718,instances.vantage.sh (AWS Price List mirror)
2026-06-22,AWS,ap-south-1,p2.8xlarge,K80,8.0,ondemand,13.744,1.718,instances.vantage.sh (AWS Price List mirror)
2026-06-22,AWS,ap-south-1,p2.xlarge,K80,1.0,ondemand,1.718,1.718,instances.vantage.sh (AWS Price List mirror)
2026-06-22,AWS,ap-south-1,p4d.24xlarge,A100,8.0,ondemand,26.3444,3.29305,instances.vantage.sh (AWS Price List mirror)
2026-06-22,AWS,ap-south-1,p4d.24xlarge,A100,8.0,spot,20.780367,2.597545875,instances.vantage.sh (AWS Price List mirror)
2026-06-22,AWS,ap-south-1,p5.48xlarge,H100,8.0,ondemand,66.048,8.256,instances.vantage.sh (AWS Price List mirror)
2026-06-22,AWS,ap-south-1,p5.48xlarge,H100,8.0,spot,16.956833,2.119604125,instances.vantage.sh (AWS Price List mirror)
2026-06-22,AWS,ap-south-1,p5.4xlarge,H100,1.0,ondemand,8.256,8.256,instances.vantage.sh (AWS Price List mirror)
2026-06-22,AWS,ap-south-1,p5.4xlarge,H100,1.0,spot,5.4732,5.4732,instances.vantage.sh (AWS Price List mirror)
2026-06-22,AWS,ap-south-1,p5en.48xlarge,H200,8.0,ondemand,75.9552,9.4944,instances.vantage.sh (AWS Price List mirror)
2026-06-22,AWS,ap-south-1,p5en.48xlarge,H200,8.0,spot,51.09725,6.38715625,instances.vantage.sh (AWS Price List mirror)
2026-06-22,AWS,ap-south-1,p6-b200.48xlarge,B200,8.0,ondemand,160.64525,20.08065625,instances.vantage.sh (AWS Price List mirror)
2026-06-22,AWS,ap-south-1,p6-b200.48xlarge,B200,8.0,spot,50.7076,6.33845,instances.vantage.sh (AWS Price List mirror)
2026-06-22,AWS,ap-south-1-ccu-1,g4dn.2xlarge,T4,1.0,ondemand,1.2,1.2,instances.vantage.sh (AWS Price List mirror)
2026-06-22,AWS,ap-south-1-del-1,g4dn.2xlarge,T4,1.0,ondemand,1.2,1.2,instances.vantage.sh (AWS Price List mirror)
2026-06-22,AWS,ap-south-2,g6.12xlarge,L4,4.0,ondemand,5.52558,1.381395,instances.vantage.sh (AWS Price List mirror)
2026-06-22,AWS,ap-south-2,g6.16xlarge,L4,1.0,ondemand,4.07886,4.07886,instances.vantage.sh (AWS Price List mirror)
2026-06-22,AWS,ap-south-2,g6.24xlarge,L4,4.0,ondemand,8.01555,2.0038875,instances.vantage.sh (AWS Price List mirror)
2026-06-22,AWS,ap-south-2,g6.2xlarge,L4,1.0,ondemand,1.1739,1.1739,instances.vantage.sh (AWS Price List mirror)
2026-06-22,AWS,ap-south-2,g6.48xlarge,L4,8.0,ondemand,16.0311,2.0038875,instances.vantage.sh (AWS Price List mirror)
2026-06-22,AWS,ap-south-2,g6.4xlarge,L4,1.0,ondemand,1.58889,1.58889,instances.vantage.sh (AWS Price List mirror)
2026-06-22,AWS,ap-south-2,g6.8xlarge,L4,1.0,ondemand,2.41888,2.41888,instances.vantage.sh (AWS Price List mirror)
2026-06-22,AWS,ap-south-2,g6.xlarge,L4,1.0,ondemand,0.9664,0.9664,instances.vantage.sh (AWS Price List mirror)
2026-06-22,AWS,ap-south-2,g6e.12xlarge,L40S,4.0,ondemand,12.60131,3.1503275,instances.vantage.sh (AWS Price List mirror)
2026-06-22,AWS,ap-south-2,g6e.16xlarge,L40S,1.0,ondemand,9.09996,9.09996,instances.vantage.sh (AWS Price List mirror)
2026-06-22,AWS,ap-south-2,g6e.24xlarge,L40S,4.0,ondemand,18.09328,4.52332,instances.vantage.sh (AWS Price List mirror)
2026-06-22,AWS,ap-south-2,g6e.2xlarge,L40S,1.0,ondemand,2.69266,2.69266,instances.vantage.sh (AWS Price List mirror)
2026-06-22,AWS,ap-south-2,g6e.48xlarge,L40S,8.0,ondemand,36.18656,4.52332,instances.vantage.sh (AWS Price List mirror)
2026-06-22,AWS,ap-south-2,g6e.4xlarge,L40S,1.0,ondemand,3.60799,3.60799,instances.vantage.sh (AWS Price List mirror)
2026-06-22,AWS,ap-south-2,g6e.8xlarge,L40S,1.0,ondemand,5.43865,5.43865,instances.vantage.sh (AWS Price List mirror)
2026-06-22,AWS,ap-south-2,g6e.xlarge,L40S,1.0,ondemand,2.235,2.235,instances.vantage.sh (AWS Price List mirror)
2026-06-22,AWS,ap-southeast-1,g2.2xlarge,K520,1.0,ondemand,1.0,1.0,instances.vantage.sh (AWS Price List mirror)
2026-06-22,AWS,ap-southeast-1,g2.8xlarge,K520,4.0,ondemand,4.0,1.0,instances.vantage.sh (AWS Price List mirror)
2026-06-22,AWS,ap-southeast-1,g3.16xlarge,M60,4.0,ondemand,6.68,1.67,instances.vantage.sh (AWS Price List mirror)
2026-06-22,AWS,ap-southeast-1,g3.4xlarge,M60,1.0,ondemand,1.67,1.67,instances.vantage.sh (AWS Price List mirror)
2026-06-22,AWS,ap-southeast-1,g3.8xlarge,M60,2.0,ondemand,3.34,1.67,instances.vantage.sh (AWS Price List mirror)
2026-06-22,AWS,ap-southeast-1,g4dn.12xlarge,T4,4.0,ondemand,5.474,1.3685,instances.vantage.sh (AWS Price List mirror)
2026-06-22,AWS,ap-southeast-1,g4dn.12xlarge,T4,4.0,spot,2.154067,0.53851675,instances.vantage.sh (AWS Price List mirror)
2026-06-22,AWS,ap-southeast-1,g4dn.16xlarge,T4,1.0,ondemand,6.089,6.089,instances.vantage.sh (AWS Price List mirror)
2026-06-22,AWS,ap-southeast-1,g4dn.16xlarge,T4,1.0,spot,1.3971,1.3971,instances.vantage.sh (AWS Price List mirror)
2026-06-22,AWS,ap-southeast-1,g4dn.2xlarge,T4,1.0,ondemand,1.052,1.052,instances.vantage.sh (AWS Price List mirror)
2026-06-22,AWS,ap-southeast-1,g4dn.2xlarge,T4,1.0,spot,0.501767,0.501767,instances.vantage.sh (AWS Price List mirror)
2026-06-22,AWS,ap-southeast-1,g4dn.4xlarge,T4,1.0,ondemand,1.685,1.685,instances.vantage.sh (AWS Price List mirror)
2026-06-22,AWS,ap-southeast-1,g4dn.4xlarge,T4,1.0,spot,0.711367,0.711367,instances.vantage.sh (AWS Price List mirror)
2026-06-22,AWS,ap-southeast-1,g4dn.8xlarge,T4,1.0,ondemand,3.045,3.045,instances.vantage.sh (AWS Price List mirror)
2026-06-22,AWS,ap-southeast-1,g4dn.8xlarge,T4,1.0,spot,1.0377,1.0377,instances.vantage.sh (AWS Price List mirror)
2026-06-22,AWS,ap-southeast-1,g4dn.metal,T4,8.0,ondemand,10.948,1.3685,instances.vantage.sh (AWS Price List mirror)
2026-06-22,AWS,ap-southeast-1,g4dn.metal,T4,8.0,spot,3.5646,0.445575,instances.vantage.sh (AWS Price List mirror)
2026-06-22,AWS,ap-southeast-1,g4dn.xlarge,T4,1.0,ondemand,0.736,0.736,instances.vantage.sh (AWS Price List mirror)
2026-06-22,AWS,ap-southeast-1,g4dn.xlarge,T4,1.0,spot,0.3063,0.3063,instances.vantage.sh (AWS Price List mirror)
2026-06-22,AWS,ap-southeast-1,g5g.16xlarge,T4G,2.0,ondemand,3.8395,1.91975,instances.vantage.sh (AWS Price List mirror)
2026-06-22,AWS,ap-southeast-1,g5g.16xlarge,T4G,2.0,spot,1.03605,0.518025,instances.vantage.sh (AWS Price List mirror)
2026-06-22,AWS,ap-southeast-1,g5g.2xlarge,T4G,1.0,ondemand,0.778,0.778,instances.vantage.sh (AWS Price List mirror)
2026-06-22,AWS,ap-southeast-1,g5g.2xlarge,T4G,1.0,spot,0.28455,0.28455,instances.vantage.sh (AWS Price List mirror)
2026-06-22,AWS,ap-southeast-1,g5g.4xlarge,T4G,1.0,ondemand,1.1586,1.1586,instances.vantage.sh (AWS Price List mirror)
2026-06-22,AWS,ap-southeast-1,g5g.4xlarge,T4G,1.0,spot,0.40015,0.40015,instances.vantage.sh (AWS Price List mirror)
2026-06-22,AWS,ap-southeast-1,g5g.8xlarge,T4G,1.0,ondemand,1.9198,1.9198,instances.vantage.sh (AWS Price List mirror)
2026-06-22,AWS,ap-southeast-1,g5g.8xlarge,T4G,1.0,spot,0.7786,0.7786,instances.vantage.sh (AWS Price List mirror)
2026-06-22,AWS,ap-southeast-1,g5g.metal,T4G,2.0,ondemand,3.8395,1.91975,instances.vantage.sh (AWS Price List mirror)
2026-06-22,AWS,ap-southeast-1,g5g.metal,T4G,2.0,spot,0.83615,0.418075,instances.vantage.sh (AWS Price List mirror)
2026-06-22,AWS,ap-southeast-1,g5g.xlarge,T4G,1.0,ondemand,0.5877,0.5877,instances.vantage.sh (AWS Price List mirror)
2026-06-22,AWS,ap-southeast-1,g5g.xlarge,T4G,1.0,spot,0.25115,0.25115,instances.vantage.sh (AWS Price List mirror)
2026-06-22,AWS,ap-southeast-1,inf1.24xlarge,AWS Inferentia,16.0,ondemand,6.376,0.3985,instances.vantage.sh (AWS Price List mirror)
2026-06-22,AWS,ap-southeast-1,inf1.24xlarge,AWS Inferentia,16.0,spot,3.0251,0.18906875,instances.vantage.sh (AWS Price List mirror)
2026-06-22,AWS,ap-southeast-1,inf1.2xlarge,AWS Inferentia,1.0,ondemand,0.489,0.489,instances.vantage.sh (AWS Price List mirror)
2026-06-22,AWS,ap-southeast-1,inf1.2xlarge,AWS Inferentia,1.0,spot,0.1388,0.1388,instances.vantage.sh (AWS Price List mirror)
2026-06-22,AWS,ap-southeast-1,inf1.6xlarge,AWS Inferentia,4.0,ondemand,1.594,0.3985,instances.vantage.sh (AWS Price List mirror)
2026-06-22,AWS,ap-southeast-1,inf1.6xlarge,AWS Inferentia,4.0,spot,0.332667,0.08316675,instances.vantage.sh (AWS Price List mirror)
2026-06-22,AWS,ap-southeast-1,inf1.xlarge,AWS Inferentia,1.0,ondemand,0.308,0.308,instances.vantage.sh (AWS Price List mirror)
2026-06-22,AWS,ap-southeast-1,inf1.xlarge,AWS Inferentia,1.0,spot,0.0725,0.0725,instances.vantage.sh (AWS Price List mirror)
2026-06-22,AWS,ap-southeast-1,inf2.24xlarge,AWS Inferentia2,6.0,ondemand,9.08689,1.5144816666666667,instances.vantage.sh (AWS Price List mirror)
2026-06-22,AWS,ap-southeast-1,inf2.24xlarge,AWS Inferentia2,6.0,spot,5.06345,0.8439083333333333,instances.vantage.sh (AWS Price List mirror)
2026-06-22,AWS,ap-southeast-1,inf2.48xlarge,AWS Inferentia2,12.0,ondemand,18.17377,1.5144808333333335,instances.vantage.sh (AWS Price List mirror)
2026-06-22,AWS,ap-southeast-1,inf2.48xlarge,AWS Inferentia2,12.0,spot,10.9017,0.908475,instances.vantage.sh (AWS Price List mirror)
2026-06-22,AWS,ap-southeast-1,inf2.8xlarge,AWS Inferentia2,1.0,ondemand,2.755,2.755,instances.vantage.sh (AWS Price List mirror)
2026-06-22,AWS,ap-southeast-1,inf2.8xlarge,AWS Inferentia2,1.0,spot,1.47965,1.47965,instances.vantage.sh (AWS Price List mirror)
2026-06-22,AWS,ap-southeast-1,inf2.xlarge,AWS Inferentia2,1.0,ondemand,1.06148,1.06148,instances.vantage.sh (AWS Price List mirror)
2026-06-22,AWS,ap-southeast-1,inf2.xlarge,AWS Inferentia2,1.0,spot,0.2144,0.2144,instances.vantage.sh (AWS Price List mirror)
2026-06-22,AWS,ap-southeast-1,p2.16xlarge,K80,16.0,ondemand,27.488,1.718,instances.vantage.sh (AWS Price List mirror)
2026-06-22,AWS,ap-southeast-1,p2.8xlarge,K80,8.0,ondemand,13.744,1.718,instances.vantage.sh (AWS Price List mirror)
2026-06-22,AWS,ap-southeast-1,p2.xlarge,K80,1.0,ondemand,1.718,1.718,instances.vantage.sh (AWS Price List mirror)
2026-06-22,AWS,ap-southeast-1,p3.16xlarge,V100,8.0,ondemand,33.872,4.234,instances.vantage.sh (AWS Price List mirror)
2026-06-22,AWS,ap-southeast-1,p3.16xlarge,V100,8.0,spot,33.19456,4.14932,instances.vantage.sh (AWS Price List mirror)
2026-06-22,AWS,ap-southeast-1,p3.2xlarge,V100,1.0,ondemand,4.234,4.234,instances.vantage.sh (AWS Price List mirror)
2026-06-22,AWS,ap-southeast-1,p3.2xlarge,V100,1.0,spot,2.8282,2.8282,instances.vantage.sh (AWS Price List mirror)
2026-06-22,AWS,ap-southeast-1,p3.8xlarge,V100,4.0,ondemand,16.936,4.234,instances.vantage.sh (AWS Price List mirror)
2026-06-22,AWS,ap-southeast-1,p3.8xlarge,V100,4.0,spot,16.936,4.234,instances.vantage.sh (AWS Price List mirror)
2026-06-22,AWS,ap-southeast-1,p4d.24xlarge,A100,8.0,ondemand,26.34917,3.29364625,instances.vantage.sh (AWS Price List mirror)
2026-06-22,AWS,ap-southeast-1,p4de.24xlarge,A100,8.0,ondemand,32.93646,4.1170575,instances.vantage.sh (AWS Price List mirror)
2026-06-22,AWS,ap-southeast-1,p4de.24xlarge,A100,8.0,spot,32.9365,4.1170625,instances.vantage.sh (AWS Price List mirror)
2026-06-22,AWS,ap-southeast-1-bkk-1,g4dn.2xlarge,T4,1.0,ondemand,1.578,1.578,instances.vantage.sh (AWS Price List mirror)
2026-06-22,AWS,ap-southeast-1-mnl-1,g4dn.2xlarge,T4,1.0,ondemand,1.368,1.368,instances.vantage.sh (AWS Price List mirror)
2026-06-22,AWS,ap-southeast-2,g2.2xlarge,K520,1.0,ondemand,0.898,0.898,instances.vantage.sh (AWS Price List mirror)
2026-06-22,AWS,ap-southeast-2,g2.8xlarge,K520,4.0,ondemand,3.592,0.898,instances.vantage.sh (AWS Price List mirror)
2026-06-22,AWS,ap-southeast-2,g3.16xlarge,M60,4.0,ondemand,7.016,1.754,instances.vantage.sh (AWS Price List mirror)
2026-06-22,AWS,ap-southeast-2,g3.4xlarge,M60,1.0,ondemand,1.754,1.754,instances.vantage.sh (AWS Price List mirror)
2026-06-22,AWS,ap-southeast-2,g3.8xlarge,M60,2.0,ondemand,3.508,1.754,instances.vantage.sh (AWS Price List mirror)
2026-06-22,AWS,ap-southeast-2,g3s.xlarge,M60,1.0,ondemand,1.154,1.154,instances.vantage.sh (AWS Price List mirror)
2026-06-22,AWS,ap-southeast-2,g4dn.12xlarge,T4,4.0,ondemand,5.087,1.27175,instances.vantage.sh (AWS Price List mirror)
2026-06-22,AWS,ap-southeast-2,g4dn.12xlarge,T4,4.0,spot,2.318,0.5795,instances.vantage.sh (AWS Price List mirror)
2026-06-22,AWS,ap-southeast-2,g4dn.16xlarge,T4,1.0,ondemand,5.659,5.659,instances.vantage.sh (AWS Price List mirror)
2026-06-22,AWS,ap-southeast-2,g4dn.16xlarge,T4,1.0,spot,1.035967,1.035967,instances.vantage.sh (AWS Price List mirror)
2026-06-22,AWS,ap-southeast-2,g4dn.2xlarge,T4,1.0,ondemand,0.978,0.978,instances.vantage.sh (AWS Price List mirror)
2026-06-22,AWS,ap-southeast-2,g4dn.2xlarge,T4,1.0,spot,0.474267,0.474267,instances.vantage.sh (AWS Price List mirror)
2026-06-22,AWS,ap-southeast-2,g4dn.4xlarge,T4,1.0,ondemand,1.566,1.566,instances.vantage.sh (AWS Price List mirror)
2026-06-22,AWS,ap-southeast-2,g4dn.4xlarge,T4,1.0,spot,0.620933,0.620933,instances.vantage.sh (AWS Price List mirror)
2026-06-22,AWS,ap-southeast-2,g4dn.8xlarge,T4,1.0,ondemand,2.83,2.83,instances.vantage.sh (AWS Price List mirror)
2026-06-22,AWS,ap-southeast-2,g4dn.8xlarge,T4,1.0,spot,0.840833,0.840833,instances.vantage.sh (AWS Price List mirror)
2026-06-22,AWS,ap-southeast-2,g4dn.metal,T4,8.0,ondemand,10.174,1.27175,instances.vantage.sh (AWS Price List mirror)
2026-06-22,AWS,ap-southeast-2,g4dn.metal,T4,8.0,spot,4.070767,0.508845875,instances.vantage.sh (AWS Price List mirror)
2026-06-22,AWS,ap-southeast-2,g4dn.xlarge,T4,1.0,ondemand,0.684,0.684,instances.vantage.sh (AWS Price List mirror)
2026-06-22,AWS,ap-southeast-2,g4dn.xlarge,T4,1.0,spot,0.340133,0.340133,instances.vantage.sh (AWS Price List mirror)
2026-06-22,AWS,ap-southeast-2,g5.12xlarge,A10G,4.0,ondemand,7.37473,1.8436825,instances.vantage.sh (AWS Price List mirror)
2026-06-22,AWS,ap-southeast-2,g5.12xlarge,A10G,4.0,spot,3.16435,0.7910875,instances.vantage.sh (AWS Price List mirror)
2026-06-22,AWS,ap-southeast-2,g5.16xlarge,A10G,1.0,ondemand,5.32561,5.32561,instances.vantage.sh (AWS Price List mirror)
2026-06-22,AWS,ap-southeast-2,g5.16xlarge,A10G,1.0,spot,1.51845,1.51845,instances.vantage.sh (AWS Price List mirror)
2026-06-22,AWS,ap-southeast-2,g5.24xlarge,A10G,4.0,ondemand,10.58882,2.647205,instances.vantage.sh (AWS Price List mirror)
2026-06-22,AWS,ap-southeast-2,g5.24xlarge,A10G,4.0,spot,10.5888,2.6472,instances.vantage.sh (AWS Price List mirror)
2026-06-22,AWS,ap-southeast-2,g5.2xlarge,A10G,1.0,ondemand,1.57584,1.57584,instances.vantage.sh (AWS Price List mirror)
2026-06-22,AWS,ap-southeast-2,g5.2xlarge,A10G,1.0,spot,0.80115,0.80115,instances.vantage.sh (AWS Price List mirror)
2026-06-22,AWS,ap-southeast-2,g5.48xlarge,A10G,8.0,ondemand,21.17764,2.647205,instances.vantage.sh (AWS Price List mirror)
2026-06-22,AWS,ap-southeast-2,g5.48xlarge,A10G,8.0,spot,13.61005,1.70125625,instances.vantage.sh (AWS Price List mirror)
2026-06-22,AWS,ap-southeast-2,g5.4xlarge,A10G,1.0,ondemand,2.11152,2.11152,instances.vantage.sh (AWS Price List mirror)
2026-06-22,AWS,ap-southeast-2,g5.4xlarge,A10G,1.0,spot,1.0749,1.0749,instances.vantage.sh (AWS Price List mirror)
2026-06-22,AWS,ap-southeast-2,g5.8xlarge,A10G,1.0,ondemand,3.18289,3.18289,instances.vantage.sh (AWS Price List mirror)
2026-06-22,AWS,ap-southeast-2,g5.8xlarge,A10G,1.0,spot,1.20125,1.20125,instances.vantage.sh (AWS Price List mirror)
2026-06-22,AWS,ap-southeast-2,g5.xlarge,A10G,1.0,ondemand,1.308,1.308,instances.vantage.sh (AWS Price List mirror)
2026-06-22,AWS,ap-southeast-2,g5.xlarge,A10G,1.0,spot,0.6961,0.6961,instances.vantage.sh (AWS Price List mirror)
2026-06-22,AWS,ap-southeast-2,g6.12xlarge,L4,4.0,ondemand,5.98299,1.4957475,instances.vantage.sh (AWS Price List mirror)
2026-06-22,AWS,ap-southeast-2,g6.12xlarge,L4,4.0,spot,2.3456,0.5864,instances.vantage.sh (AWS Price List mirror)
2026-06-22,AWS,ap-southeast-2,g6.16xlarge,L4,1.0,ondemand,4.41652,4.41652,instances.vantage.sh (AWS Price List mirror)
2026-06-22,AWS,ap-southeast-2,g6.16xlarge,L4,1.0,spot,1.735967,1.735967,instances.vantage.sh (AWS Price List mirror)
2026-06-22,AWS,ap-southeast-2,g6.24xlarge,L4,4.0,ondemand,8.67909,2.1697725,instances.vantage.sh (AWS Price List mirror)
2026-06-22,AWS,ap-southeast-2,g6.24xlarge,L4,4.0,spot,1.941733,0.48543325,instances.vantage.sh (AWS Price List mirror)
2026-06-22,AWS,ap-southeast-2,g6.2xlarge,L4,1.0,ondemand,1.27107,1.27107,instances.vantage.sh (AWS Price List mirror)
2026-06-22,AWS,ap-southeast-2,g6.2xlarge,L4,1.0,spot,0.6624,0.6624,instances.vantage.sh (AWS Price List mirror)
2026-06-22,AWS,ap-southeast-2,g6.48xlarge,L4,8.0,ondemand,17.35817,2.16977125,instances.vantage.sh (AWS Price List mirror)
2026-06-22,AWS,ap-southeast-2,g6.48xlarge,L4,8.0,spot,4.9622,0.620275,instances.vantage.sh (AWS Price List mirror)
2026-06-22,AWS,ap-southeast-2,g6.4xlarge,L4,1.0,ondemand,1.72042,1.72042,instances.vantage.sh (AWS Price List mirror)
2026-06-22,AWS,ap-southeast-2,g6.4xlarge,L4,1.0,spot,0.970567,0.970567,instances.vantage.sh (AWS Price List mirror)
2026-06-22,AWS,ap-southeast-2,g6.8xlarge,L4,1.0,ondemand,2.61912,2.61912,instances.vantage.sh (AWS Price List mirror)
2026-06-22,AWS,ap-southeast-2,g6.8xlarge,L4,1.0,spot,1.2547,1.2547,instances.vantage.sh (AWS Price List mirror)
2026-06-22,AWS,ap-southeast-2,g6.xlarge,L4,1.0,ondemand,1.0464,1.0464,instances.vantage.sh (AWS Price List mirror)
2026-06-22,AWS,ap-southeast-2,g6.xlarge,L4,1.0,spot,0.553567,0.553567,instances.vantage.sh (AWS Price List mirror)
2026-06-22,AWS,ap-southeast-2,g6f.2xlarge,L4,0.25,ondemand,0.61759,2.47036,instances.vantage.sh (AWS Price List mirror)
2026-06-22,AWS,ap-southeast-2,g6f.2xlarge,L4,0.25,spot,0.28575,1.143,instances.vantage.sh (AWS Price List mirror)
2026-06-22,AWS,ap-southeast-2,g6f.4xlarge,L4,0.5,ondemand,1.23517,2.47034,instances.vantage.sh (AWS Price List mirror)
2026-06-22,AWS,ap-southeast-2,g6f.4xlarge,L4,0.5,spot,0.52755,1.0551,instances.vantage.sh (AWS Price List mirror)
2026-06-22,AWS,ap-southeast-2,g6f.large,L4,0.125,ondemand,0.26264,2.10112,instances.vantage.sh (AWS Price List mirror)
2026-06-22,AWS,ap-southeast-2,g6f.large,L4,0.125,spot,0.15785,1.2628,instances.vantage.sh (AWS Price List mirror)
2026-06-22,AWS,ap-southeast-2,g6f.xlarge,L4,0.125,ondemand,0.30879,2.47032,instances.vantage.sh (AWS Price List mirror)
2026-06-22,AWS,ap-southeast-2,g6f.xlarge,L4,0.125,spot,0.134,1.072,instances.vantage.sh (AWS Price List mirror)
2026-06-22,AWS,ap-southeast-2,gr6.4xlarge,L4,1.0,ondemand,2.0012,2.0012,instances.vantage.sh (AWS Price List mirror)
2026-06-22,AWS,ap-southeast-2,gr6.4xlarge,L4,1.0,spot,0.44175,0.44175,instances.vantage.sh (AWS Price List mirror)
2026-06-22,AWS,ap-southeast-2,gr6.8xlarge,L4,1.0,ondemand,3.1807,3.1807,instances.vantage.sh (AWS Price List mirror)
2026-06-22,AWS,ap-southeast-2,gr6.8xlarge,L4,1.0,spot,0.9403,0.9403,instances.vantage.sh (AWS Price List mirror)
2026-06-22,AWS,ap-southeast-2,gr6f.4xlarge,L4,0.5,ondemand,1.38597,2.77194,instances.vantage.sh (AWS Price List mirror)
2026-06-22,AWS,ap-southeast-2,gr6f.4xlarge,L4,0.5,spot,0.8372,1.6744,instances.vantage.sh (AWS Price List mirror)
2026-06-22,AWS,ap-southeast-2,inf1.24xlarge,AWS Inferentia,16.0,ondemand,5.902,0.368875,instances.vantage.sh (AWS Price List mirror)
2026-06-22,AWS,ap-southeast-2,inf1.24xlarge,AWS Inferentia,16.0,spot,1.0178,0.0636125,instances.vantage.sh (AWS Price List mirror)
2026-06-22,AWS,ap-southeast-2,inf1.2xlarge,AWS Inferentia,1.0,ondemand,0.453,0.453,instances.vantage.sh (AWS Price List mirror)
2026-06-22,AWS,ap-southeast-2,inf1.2xlarge,AWS Inferentia,1.0,spot,0.1622,0.1622,instances.vantage.sh (AWS Price List mirror)
2026-06-22,AWS,ap-southeast-2,inf1.6xlarge,AWS Inferentia,4.0,ondemand,1.475,0.36875,instances.vantage.sh (AWS Price List mirror)
2026-06-22,AWS,ap-southeast-2,inf1.6xlarge,AWS Inferentia,4.0,spot,0.399733,0.09993325,instances.vantage.sh (AWS Price List mirror)
2026-06-22,AWS,ap-southeast-2,inf1.xlarge,AWS Inferentia,1.0,ondemand,0.285,0.285,instances.vantage.sh (AWS Price List mirror)
2026-06-22,AWS,ap-southeast-2,inf1.xlarge,AWS Inferentia,1.0,spot,0.0866,0.0866,instances.vantage.sh (AWS Price List mirror)
2026-06-22,AWS,ap-southeast-2,inf2.24xlarge,AWS Inferentia2,6.0,ondemand,8.43782,1.4063033333333335,instances.vantage.sh (AWS Price List mirror)
2026-06-22,AWS,ap-southeast-2,inf2.24xlarge,AWS Inferentia2,6.0,spot,4.8269,0.8044833333333333,instances.vantage.sh (AWS Price List mirror)
2026-06-22,AWS,ap-southeast-2,inf2.48xlarge,AWS Inferentia2,12.0,ondemand,16.87565,1.4063041666666667,instances.vantage.sh (AWS Price List mirror)
2026-06-22,AWS,ap-southeast-2,inf2.48xlarge,AWS Inferentia2,12.0,spot,16.8757,1.4063083333333333,instances.vantage.sh (AWS Price List mirror)
2026-06-22,AWS,ap-southeast-2,inf2.8xlarge,AWS Inferentia2,1.0,ondemand,2.55822,2.55822,instances.vantage.sh (AWS Price List mirror)
2026-06-22,AWS,ap-southeast-2,inf2.8xlarge,AWS Inferentia2,1.0,spot,1.54705,1.54705,instances.vantage.sh (AWS Price List mirror)
2026-06-22,AWS,ap-southeast-2,inf2.xlarge,AWS Inferentia2,1.0,ondemand,0.98566,0.98566,instances.vantage.sh (AWS Price List mirror)
2026-06-22,AWS,ap-southeast-2,inf2.xlarge,AWS Inferentia2,1.0,spot,0.5775,0.5775,instances.vantage.sh (AWS Price List mirror)
2026-06-22,AWS,ap-southeast-2,p2.16xlarge,K80,16.0,ondemand,24.672,1.542,instances.vantage.sh (AWS Price List mirror)
2026-06-22,AWS,ap-southeast-2,p2.8xlarge,K80,8.0,ondemand,12.336,1.542,instances.vantage.sh (AWS Price List mirror)
2026-06-22,AWS,ap-southeast-2,p2.xlarge,K80,1.0,ondemand,1.542,1.542,instances.vantage.sh (AWS Price List mirror)
2026-06-22,AWS,ap-southeast-2,p3.16xlarge,V100,8.0,ondemand,33.872,4.234,instances.vantage.sh (AWS Price List mirror)
2026-06-22,AWS,ap-southeast-2,p3.16xlarge,V100,8.0,spot,33.872,4.234,instances.vantage.sh (AWS Price List mirror)
2026-06-22,AWS,ap-southeast-2,p3.2xlarge,V100,1.0,ondemand,4.234,4.234,instances.vantage.sh (AWS Price List mirror)
2026-06-22,AWS,ap-southeast-2,p3.2xlarge,V100,1.0,spot,4.234,4.234,instances.vantage.sh (AWS Price List mirror)
2026-06-22,AWS,ap-southeast-2,p3.8xlarge,V100,4.0,ondemand,16.936,4.234,instances.vantage.sh (AWS Price List mirror)
2026-06-22,AWS,ap-southeast-2,p3.8xlarge,V100,4.0,spot,9.3148,2.3287,instances.vantage.sh (AWS Price List mirror)
2026-06-22,AWS,ap-southeast-2,p4d.24xlarge,A100,8.0,ondemand,28.54493,3.56811625,instances.vantage.sh (AWS Price List mirror)
2026-06-22,AWS,ap-southeast-2,p4d.24xlarge,A100,8.0,spot,18.12935,2.26616875,instances.vantage.sh (AWS Price List mirror)
2026-06-22,AWS,ap-southeast-2,p5.48xlarge,H100,8.0,ondemand,71.552,8.944,instances.vantage.sh (AWS Price List mirror)
2026-06-22,AWS,ap-southeast-2,p5.48xlarge,H100,8.0,spot,59.542967,7.442870875,instances.vantage.sh (AWS Price List mirror)
2026-06-22,AWS,ap-southeast-2,p5.4xlarge,H100,1.0,ondemand,8.944,8.944,instances.vantage.sh (AWS Price List mirror)
2026-06-22,AWS,ap-southeast-2-akl-1,g4dn.2xlarge,T4,1.0,ondemand,1.418,1.418,instances.vantage.sh (AWS Price List mirror)
2026-06-22,AWS,ap-southeast-2-per-1,g4dn.2xlarge,T4,1.0,ondemand,1.418,1.418,instances.vantage.sh (AWS Price List mirror)
2026-06-22,AWS,ap-southeast-3,g5.12xlarge,A10G,4.0,ondemand,7.93854,1.984635,instances.vantage.sh (AWS Price List mirror)
2026-06-22,AWS,ap-southeast-3,g5.12xlarge,A10G,4.0,spot,2.143406,0.5358515,instances.vantage.sh (AWS Price List mirror)
2026-06-22,AWS,ap-southeast-3,g5.16xlarge,A10G,1.0,ondemand,5.73277,5.73277,instances.vantage.sh (AWS Price List mirror)
2026-06-22,AWS,ap-southeast-3,g5.16xlarge,A10G,1.0,spot,0.74526,0.74526,instances.vantage.sh (AWS Price List mirror)
2026-06-22,AWS,ap-southeast-3,g5.24xlarge,A10G,4.0,ondemand,11.39836,2.84959,instances.vantage.sh (AWS Price List mirror)
2026-06-22,AWS,ap-southeast-3,g5.24xlarge,A10G,4.0,spot,5.129262,1.2823155,instances.vantage.sh (AWS Price List mirror)
2026-06-22,AWS,ap-southeast-3,g5.2xlarge,A10G,1.0,ondemand,1.69632,1.69632,instances.vantage.sh (AWS Price List mirror)
2026-06-22,AWS,ap-southeast-3,g5.2xlarge,A10G,1.0,spot,0.407117,0.407117,instances.vantage.sh (AWS Price List mirror)
2026-06-22,AWS,ap-southeast-3,g5.48xlarge,A10G,8.0,ondemand,22.79672,2.84959,instances.vantage.sh (AWS Price List mirror)
2026-06-22,AWS,ap-southeast-3,g5.48xlarge,A10G,8.0,spot,10.942426,1.36780325,instances.vantage.sh (AWS Price List mirror)
2026-06-22,AWS,ap-southeast-3,g5.4xlarge,A10G,1.0,ondemand,2.27295,2.27295,instances.vantage.sh (AWS Price List mirror)
2026-06-22,AWS,ap-southeast-3,g5.4xlarge,A10G,1.0,spot,0.43186,0.43186,instances.vantage.sh (AWS Price List mirror)
2026-06-22,AWS,ap-southeast-3,g5.8xlarge,A10G,1.0,ondemand,3.42623,3.42623,instances.vantage.sh (AWS Price List mirror)
2026-06-22,AWS,ap-southeast-3,g5.8xlarge,A10G,1.0,spot,0.959344,0.959344,instances.vantage.sh (AWS Price List mirror)
2026-06-22,AWS,ap-southeast-3,g5.xlarge,A10G,1.0,ondemand,1.408,1.408,instances.vantage.sh (AWS Price List mirror)
2026-06-22,AWS,ap-southeast-3,g5.xlarge,A10G,1.0,spot,0.39424,0.39424,instances.vantage.sh (AWS Price List mirror)
2026-06-22,AWS,ap-southeast-3,g5g.metal,T4G,2.0,ondemand,3.8395,1.91975,instances.vantage.sh (AWS Price List mirror)
2026-06-22,AWS,ap-southeast-3,g5g.metal,T4G,2.0,spot,0.883085,0.4415425,instances.vantage.sh (AWS Price List mirror)
2026-06-22,AWS,ap-southeast-3,p5.48xlarge,H100,8.0,ondemand,75.9552,9.4944,instances.vantage.sh (AWS Price List mirror)
2026-06-22,AWS,ap-southeast-3,p5.48xlarge,H100,8.0,spot,75.9552,9.4944,instances.vantage.sh (AWS Price List mirror)
2026-06-22,AWS,ap-southeast-3,p5.4xlarge,H100,1.0,ondemand,9.4944,9.4944,instances.vantage.sh (AWS Price List mirror)
2026-06-22,AWS,ap-southeast-3,p5.4xlarge,H100,1.0,spot,9.4944,9.4944,instances.vantage.sh (AWS Price List mirror)
2026-06-22,AWS,ap-southeast-3,p5en.48xlarge,H200,8.0,ondemand,87.34848,10.91856,instances.vantage.sh (AWS Price List mirror)
2026-06-22,AWS,ap-southeast-3,p5en.48xlarge,H200,8.0,spot,27.951514,3.49393925,instances.vantage.sh (AWS Price List mirror)
2026-06-22,AWS,ap-southeast-5,g6.12xlarge,L4,4.0,ondemand,5.7966,1.44915,instances.vantage.sh (AWS Price List mirror)
2026-06-22,AWS,ap-southeast-5,g6.12xlarge,L4,4.0,spot,4.231518,1.0578795,instances.vantage.sh (AWS Price List mirror)
2026-06-22,AWS,ap-southeast-5,g6.16xlarge,L4,1.0,ondemand,4.27892,4.27892,instances.vantage.sh (AWS Price List mirror)
2026-06-22,AWS,ap-southeast-5,g6.16xlarge,L4,1.0,spot,0.855784,0.855784,instances.vantage.sh (AWS Price List mirror)
2026-06-22,AWS,ap-southeast-5,g6.24xlarge,L4,4.0,ondemand,8.4087,2.102175,instances.vantage.sh (AWS Price List mirror)
2026-06-22,AWS,ap-southeast-5,g6.24xlarge,L4,4.0,spot,3.699828,0.924957,instances.vantage.sh (AWS Price List mirror)
2026-06-22,AWS,ap-southeast-5,g6.2xlarge,L4,1.0,ondemand,1.23147,1.23147,instances.vantage.sh (AWS Price List mirror)
2026-06-22,AWS,ap-southeast-5,g6.2xlarge,L4,1.0,spot,1.083694,1.083694,instances.vantage.sh (AWS Price List mirror)
2026-06-22,AWS,ap-southeast-5,g6.48xlarge,L4,8.0,ondemand,16.81739,2.10217375,instances.vantage.sh (AWS Price List mirror)
2026-06-22,AWS,ap-southeast-5,g6.48xlarge,L4,8.0,spot,13.117564,1.6396955,instances.vantage.sh (AWS Price List mirror)
2026-06-22,AWS,ap-southeast-5,g6.4xlarge,L4,1.0,ondemand,1.66682,1.66682,instances.vantage.sh (AWS Price List mirror)
2026-06-22,AWS,ap-southeast-5,g6.4xlarge,L4,1.0,spot,0.900083,0.900083,instances.vantage.sh (AWS Price List mirror)
2026-06-22,AWS,ap-southeast-5,g6.8xlarge,L4,1.0,ondemand,2.53752,2.53752,instances.vantage.sh (AWS Price List mirror)
2026-06-22,AWS,ap-southeast-5,g6.8xlarge,L4,1.0,spot,0.68513,0.68513,instances.vantage.sh (AWS Price List mirror)
2026-06-22,AWS,ap-southeast-5,g6.xlarge,L4,1.0,ondemand,1.0138,1.0138,instances.vantage.sh (AWS Price List mirror)
2026-06-22,AWS,ap-southeast-5,g6.xlarge,L4,1.0,spot,0.91242,0.91242,instances.vantage.sh (AWS Price List mirror)
2026-06-22,AWS,ap-southeast-5,gr6.4xlarge,L4,1.0,ondemand,1.9388,1.9388,instances.vantage.sh (AWS Price List mirror)
2026-06-22,AWS,ap-southeast-5,gr6.4xlarge,L4,1.0,spot,0.542864,0.542864,instances.vantage.sh (AWS Price List mirror)
2026-06-22,AWS,ap-southeast-5,gr6.8xlarge,L4,1.0,ondemand,3.08152,3.08152,instances.vantage.sh (AWS Price List mirror)
2026-06-22,AWS,ap-southeast-5,gr6.8xlarge,L4,1.0,spot,0.554674,0.554674,instances.vantage.sh (AWS Price List mirror)
2026-06-22,AWS,ca-central-1,g3.16xlarge,M60,4.0,ondemand,5.664,1.416,instances.vantage.sh (AWS Price List mirror)
2026-06-22,AWS,ca-central-1,g3.4xlarge,M60,1.0,ondemand,1.416,1.416,instances.vantage.sh (AWS Price List mirror)
2026-06-22,AWS,ca-central-1,g3.8xlarge,M60,2.0,ondemand,2.832,1.416,instances.vantage.sh (AWS Price List mirror)
2026-06-22,AWS,ca-central-1,g4ad.16xlarge,V520,4.0,ondemand,3.872,0.968,instances.vantage.sh (AWS Price List mirror)
2026-06-22,AWS,ca-central-1,g4ad.16xlarge,V520,4.0,spot,0.74435,0.1860875,instances.vantage.sh (AWS Price List mirror)
2026-06-22,AWS,ca-central-1,g4ad.2xlarge,V520,1.0,ondemand,0.60421,0.60421,instances.vantage.sh (AWS Price List mirror)
2026-06-22,AWS,ca-central-1,g4ad.2xlarge,V520,1.0,spot,0.20215,0.20215,instances.vantage.sh (AWS Price List mirror)
2026-06-22,AWS,ca-central-1,g4ad.4xlarge,V520,1.0,ondemand,0.968,0.968,instances.vantage.sh (AWS Price List mirror)
2026-06-22,AWS,ca-central-1,g4ad.4xlarge,V520,1.0,spot,0.30915,0.30915,instances.vantage.sh (AWS Price List mirror)
2026-06-22,AWS,ca-central-1,g4ad.8xlarge,V520,2.0,ondemand,1.936,0.968,instances.vantage.sh (AWS Price List mirror)
2026-06-22,AWS,ca-central-1,g4ad.8xlarge,V520,2.0,spot,0.3816,0.1908,instances.vantage.sh (AWS Price List mirror)
2026-06-22,AWS,ca-central-1,g4ad.xlarge,V520,1.0,ondemand,0.42263,0.42263,instances.vantage.sh (AWS Price List mirror)
2026-06-22,AWS,ca-central-1,g4ad.xlarge,V520,1.0,spot,0.11455,0.11455,instances.vantage.sh (AWS Price List mirror)
2026-06-22,AWS,ca-central-1,g4dn.12xlarge,T4,4.0,ondemand,4.343,1.08575,instances.vantage.sh (AWS Price List mirror)
2026-06-22,AWS,ca-central-1,g4dn.12xlarge,T4,4.0,spot,1.30035,0.3250875,instances.vantage.sh (AWS Price List mirror)
2026-06-22,AWS,ca-central-1,g4dn.16xlarge,T4,1.0,ondemand,4.832,4.832,instances.vantage.sh (AWS Price List mirror)
2026-06-22,AWS,ca-central-1,g4dn.16xlarge,T4,1.0,spot,0.85665,0.85665,instances.vantage.sh (AWS Price List mirror)
2026-06-22,AWS,ca-central-1,g4dn.2xlarge,T4,1.0,ondemand,0.835,0.835,instances.vantage.sh (AWS Price List mirror)
2026-06-22,AWS,ca-central-1,g4dn.2xlarge,T4,1.0,spot,0.26955,0.26955,instances.vantage.sh (AWS Price List mirror)
2026-06-22,AWS,ca-central-1,g4dn.4xlarge,T4,1.0,ondemand,1.337,1.337,instances.vantage.sh (AWS Price List mirror)
2026-06-22,AWS,ca-central-1,g4dn.4xlarge,T4,1.0,spot,0.60865,0.60865,instances.vantage.sh (AWS Price List mirror)
2026-06-22,AWS,ca-central-1,g4dn.8xlarge,T4,1.0,ondemand,2.416,2.416,instances.vantage.sh (AWS Price List mirror)
2026-06-22,AWS,ca-central-1,g4dn.8xlarge,T4,1.0,spot,0.71305,0.71305,instances.vantage.sh (AWS Price List mirror)
2026-06-22,AWS,ca-central-1,g4dn.metal,T4,8.0,ondemand,8.687,1.085875,instances.vantage.sh (AWS Price List mirror)
2026-06-22,AWS,ca-central-1,g4dn.metal,T4,8.0,spot,4.8811,0.6101375,instances.vantage.sh (AWS Price List mirror)
2026-06-22,AWS,ca-central-1,g4dn.xlarge,T4,1.0,ondemand,0.584,0.584,instances.vantage.sh (AWS Price List mirror)
2026-06-22,AWS,ca-central-1,g4dn.xlarge,T4,1.0,spot,0.216,0.216,instances.vantage.sh (AWS Price List mirror)
2026-06-22,AWS,ca-central-1,g5.12xlarge,A10G,4.0,ondemand,6.29784,1.57446,instances.vantage.sh (AWS Price List mirror)
2026-06-22,AWS,ca-central-1,g5.12xlarge,A10G,4.0,spot,2.40295,0.6007375,instances.vantage.sh (AWS Price List mirror)
2026-06-22,AWS,ca-central-1,g5.16xlarge,A10G,1.0,ondemand,4.54794,4.54794,instances.vantage.sh (AWS Price List mirror)
2026-06-22,AWS,ca-central-1,g5.16xlarge,A10G,1.0,spot,1.0509,1.0509,instances.vantage.sh (AWS Price List mirror)
2026-06-22,AWS,ca-central-1,g5.24xlarge,A10G,4.0,ondemand,9.04259,2.2606475,instances.vantage.sh (AWS Price List mirror)
2026-06-22,AWS,ca-central-1,g5.24xlarge,A10G,4.0,spot,5.25845,1.3146125,instances.vantage.sh (AWS Price List mirror)
2026-06-22,AWS,ca-central-1,g5.2xlarge,A10G,1.0,ondemand,1.34573,1.34573,instances.vantage.sh (AWS Price List mirror)
2026-06-22,AWS,ca-central-1,g5.2xlarge,A10G,1.0,spot,0.4711,0.4711,instances.vantage.sh (AWS Price List mirror)
2026-06-22,AWS,ca-central-1,g5.48xlarge,A10G,8.0,ondemand,18.08518,2.2606475,instances.vantage.sh (AWS Price List mirror)
2026-06-22,AWS,ca-central-1,g5.48xlarge,A10G,8.0,spot,11.69135,1.46141875,instances.vantage.sh (AWS Price List mirror)
2026-06-22,AWS,ca-central-1,g5.4xlarge,A10G,1.0,ondemand,1.80319,1.80319,instances.vantage.sh (AWS Price List mirror)
2026-06-22,AWS,ca-central-1,g5.4xlarge,A10G,1.0,spot,0.8591,0.8591,instances.vantage.sh (AWS Price List mirror)
2026-06-22,AWS,ca-central-1,g5.8xlarge,A10G,1.0,ondemand,2.71811,2.71811,instances.vantage.sh (AWS Price List mirror)
2026-06-22,AWS,ca-central-1,g5.8xlarge,A10G,1.0,spot,0.72165,0.72165,instances.vantage.sh (AWS Price List mirror)
2026-06-22,AWS,ca-central-1,g5.xlarge,A10G,1.0,ondemand,1.117,1.117,instances.vantage.sh (AWS Price List mirror)
2026-06-22,AWS,ca-central-1,g5.xlarge,A10G,1.0,spot,0.43235,0.43235,instances.vantage.sh (AWS Price List mirror)
2026-06-22,AWS,ca-central-1,g6.12xlarge,L4,4.0,ondemand,5.10933,1.2773325,instances.vantage.sh (AWS Price List mirror)
2026-06-22,AWS,ca-central-1,g6.12xlarge,L4,4.0,spot,2.465867,0.61646675,instances.vantage.sh (AWS Price List mirror)
2026-06-22,AWS,ca-central-1,g6.16xlarge,L4,1.0,ondemand,3.7716,3.7716,instances.vantage.sh (AWS Price List mirror)
2026-06-22,AWS,ca-central-1,g6.16xlarge,L4,1.0,spot,1.068967,1.068967,instances.vantage.sh (AWS Price List mirror)
2026-06-22,AWS,ca-central-1,g6.24xlarge,L4,4.0,ondemand,7.41173,1.8529325,instances.vantage.sh (AWS Price List mirror)
2026-06-22,AWS,ca-central-1,g6.24xlarge,L4,4.0,spot,3.773233,0.94330825,instances.vantage.sh (AWS Price List mirror)
2026-06-22,AWS,ca-central-1,g6.2xlarge,L4,1.0,ondemand,1.08547,1.08547,instances.vantage.sh (AWS Price List mirror)
2026-06-22,AWS,ca-central-1,g6.2xlarge,L4,1.0,spot,0.6559,0.6559,instances.vantage.sh (AWS Price List mirror)
2026-06-22,AWS,ca-central-1,g6.48xlarge,L4,8.0,ondemand,14.82346,1.8529325,instances.vantage.sh (AWS Price List mirror)
2026-06-22,AWS,ca-central-1,g6.48xlarge,L4,8.0,spot,9.326767,1.165845875,instances.vantage.sh (AWS Price List mirror)
2026-06-22,AWS,ca-central-1,g6.4xlarge,L4,1.0,ondemand,1.4692,1.4692,instances.vantage.sh (AWS Price List mirror)
2026-06-22,AWS,ca-central-1,g6.4xlarge,L4,1.0,spot,0.931767,0.931767,instances.vantage.sh (AWS Price List mirror)
2026-06-22,AWS,ca-central-1,g6.8xlarge,L4,1.0,ondemand,2.23666,2.23666,instances.vantage.sh (AWS Price List mirror)
2026-06-22,AWS,ca-central-1,g6.8xlarge,L4,1.0,spot,0.7178,0.7178,instances.vantage.sh (AWS Price List mirror)
2026-06-22,AWS,ca-central-1,g6.xlarge,L4,1.0,ondemand,0.8936,0.8936,instances.vantage.sh (AWS Price List mirror)
2026-06-22,AWS,ca-central-1,g6.xlarge,L4,1.0,spot,0.606733,0.606733,instances.vantage.sh (AWS Price List mirror)
2026-06-22,AWS,ca-central-1,g6f.2xlarge,L4,0.25,ondemand,0.52741,2.10964,instances.vantage.sh (AWS Price List mirror)
2026-06-22,AWS,ca-central-1,g6f.2xlarge,L4,0.25,spot,0.2819,1.1276,instances.vantage.sh (AWS Price List mirror)
2026-06-22,AWS,ca-central-1,g6f.4xlarge,L4,0.5,ondemand,1.05482,2.10964,instances.vantage.sh (AWS Price List mirror)
2026-06-22,AWS,ca-central-1,g6f.4xlarge,L4,0.5,spot,0.34995,0.6999,instances.vantage.sh (AWS Price List mirror)
2026-06-22,AWS,ca-central-1,g6f.large,L4,0.125,ondemand,0.22429,1.79432,instances.vantage.sh (AWS Price List mirror)
2026-06-22,AWS,ca-central-1,g6f.large,L4,0.125,spot,0.2243,1.7944,instances.vantage.sh (AWS Price List mirror)
2026-06-22,AWS,ca-central-1,g6f.xlarge,L4,0.125,ondemand,0.26371,2.10968,instances.vantage.sh (AWS Price List mirror)
2026-06-22,AWS,ca-central-1,g6f.xlarge,L4,0.125,spot,0.2637,2.1096,instances.vantage.sh (AWS Price List mirror)
2026-06-22,AWS,ca-central-1,gr6.4xlarge,L4,1.0,ondemand,1.709,1.709,instances.vantage.sh (AWS Price List mirror)
2026-06-22,AWS,ca-central-1,gr6.4xlarge,L4,1.0,spot,0.455,0.455,instances.vantage.sh (AWS Price List mirror)
2026-06-22,AWS,ca-central-1,gr6.8xlarge,L4,1.0,ondemand,2.71628,2.71628,instances.vantage.sh (AWS Price List mirror)
2026-06-22,AWS,ca-central-1,gr6.8xlarge,L4,1.0,spot,0.3843,0.3843,instances.vantage.sh (AWS Price List mirror)
2026-06-22,AWS,ca-central-1,gr6f.4xlarge,L4,0.5,ondemand,1.1836,2.3672,instances.vantage.sh (AWS Price List mirror)
2026-06-22,AWS,ca-central-1,gr6f.4xlarge,L4,0.5,spot,0.3835,0.767,instances.vantage.sh (AWS Price List mirror)
2026-06-22,AWS,ca-central-1,inf1.24xlarge,AWS Inferentia,16.0,ondemand,5.26,0.32875,instances.vantage.sh (AWS Price List mirror)
2026-06-22,AWS,ca-central-1,inf1.24xlarge,AWS Inferentia,16.0,spot,1.72895,0.108059375,instances.vantage.sh (AWS Price List mirror)
2026-06-22,AWS,ca-central-1,inf1.2xlarge,AWS Inferentia,1.0,ondemand,0.403,0.403,instances.vantage.sh (AWS Price List mirror)
2026-06-22,AWS,ca-central-1,inf1.2xlarge,AWS Inferentia,1.0,spot,0.074,0.074,instances.vantage.sh (AWS Price List mirror)
2026-06-22,AWS,ca-central-1,inf1.6xlarge,AWS Inferentia,4.0,ondemand,1.315,0.32875,instances.vantage.sh (AWS Price List mirror)
2026-06-22,AWS,ca-central-1,inf1.6xlarge,AWS Inferentia,4.0,spot,0.18515,0.0462875,instances.vantage.sh (AWS Price List mirror)
2026-06-22,AWS,ca-central-1,inf1.xlarge,AWS Inferentia,1.0,ondemand,0.254,0.254,instances.vantage.sh (AWS Price List mirror)
2026-06-22,AWS,ca-central-1,inf1.xlarge,AWS Inferentia,1.0,spot,0.039,0.039,instances.vantage.sh (AWS Price List mirror)
2026-06-22,AWS,ca-central-1,p3.16xlarge,V100,8.0,ondemand,26.928,3.366,instances.vantage.sh (AWS Price List mirror)
2026-06-22,AWS,ca-central-1,p3.16xlarge,V100,8.0,spot,11.84832,1.48104,instances.vantage.sh (AWS Price List mirror)
2026-06-22,AWS,ca-central-1,p3.2xlarge,V100,1.0,ondemand,3.366,3.366,instances.vantage.sh (AWS Price List mirror)
2026-06-22,AWS,ca-central-1,p3.2xlarge,V100,1.0,spot,3.366,3.366,instances.vantage.sh (AWS Price List mirror)
2026-06-22,AWS,ca-central-1,p3.8xlarge,V100,4.0,ondemand,13.464,3.366,instances.vantage.sh (AWS Price List mirror)
2026-06-22,AWS,ca-central-1,p3.8xlarge,V100,4.0,spot,7.13592,1.78398,instances.vantage.sh (AWS Price List mirror)
2026-06-22,AWS,ca-central-1,p4d.24xlarge,A100,8.0,ondemand,25.25174,3.1564675,instances.vantage.sh (AWS Price List mirror)
2026-06-22,AWS,ca-central-1,p4d.24xlarge,A100,8.0,spot,14.18745,1.77343125,instances.vantage.sh (AWS Price List mirror)
2026-06-22,AWS,ca-central-1,p5.48xlarge,H100,8.0,ondemand,63.296,7.912,instances.vantage.sh (AWS Price List mirror)
2026-06-22,AWS,ca-central-1,p5.48xlarge,H100,8.0,spot,63.296,7.912,instances.vantage.sh (AWS Price List mirror)
2026-06-22,AWS,ca-central-1-wl1-yto1,g4dn.2xlarge,T4,1.0,ondemand,1.252,1.252,instances.vantage.sh (AWS Price List mirror)
2026-06-22,AWS,eu-central-1,dl2q.24xlarge,Qualcomm AI 100 Accelerators,8.0,ondemand,11.5952,1.4494,instances.vantage.sh (AWS Price List mirror)
2026-06-22,AWS,eu-central-1,dl2q.24xlarge,Qualcomm AI 100 Accelerators,8.0,spot,10.0779,1.2597375,instances.vantage.sh (AWS Price List mirror)
2026-06-22,AWS,eu-central-1,g2.2xlarge,K520,1.0,ondemand,0.772,0.772,instances.vantage.sh (AWS Price List mirror)
2026-06-22,AWS,eu-central-1,g2.8xlarge,K520,4.0,ondemand,3.088,0.772,instances.vantage.sh (AWS Price List mirror)
2026-06-22,AWS,eu-central-1,g3.16xlarge,M60,4.0,ondemand,5.7,1.425,instances.vantage.sh (AWS Price List mirror)
2026-06-22,AWS,eu-central-1,g3.4xlarge,M60,1.0,ondemand,1.425,1.425,instances.vantage.sh (AWS Price List mirror)
2026-06-22,AWS,eu-central-1,g3.8xlarge,M60,2.0,ondemand,2.85,1.425,instances.vantage.sh (AWS Price List mirror)
2026-06-22,AWS,eu-central-1,g3s.xlarge,M60,1.0,ondemand,0.938,0.938,instances.vantage.sh (AWS Price List mirror)
2026-06-22,AWS,eu-central-1,g4ad.16xlarge,V520,4.0,ondemand,4.336,1.084,instances.vantage.sh (AWS Price List mirror)
2026-06-22,AWS,eu-central-1,g4ad.16xlarge,V520,4.0,spot,1.61595,0.4039875,instances.vantage.sh (AWS Price List mirror)
2026-06-22,AWS,eu-central-1,g4ad.2xlarge,V520,1.0,ondemand,0.67662,0.67662,instances.vantage.sh (AWS Price List mirror)
2026-06-22,AWS,eu-central-1,g4ad.2xlarge,V520,1.0,spot,0.28365,0.28365,instances.vantage.sh (AWS Price List mirror)
2026-06-22,AWS,eu-central-1,g4ad.4xlarge,V520,1.0,ondemand,1.084,1.084,instances.vantage.sh (AWS Price List mirror)
2026-06-22,AWS,eu-central-1,g4ad.4xlarge,V520,1.0,spot,0.5206,0.5206,instances.vantage.sh (AWS Price List mirror)
2026-06-22,AWS,eu-central-1,g4ad.8xlarge,V520,2.0,ondemand,2.168,1.084,instances.vantage.sh (AWS Price List mirror)
2026-06-22,AWS,eu-central-1,g4ad.8xlarge,V520,2.0,spot,0.5898,0.2949,instances.vantage.sh (AWS Price List mirror)
2026-06-22,AWS,eu-central-1,g4ad.xlarge,V520,1.0,ondemand,0.47327,0.47327,instances.vantage.sh (AWS Price List mirror)
2026-06-22,AWS,eu-central-1,g4ad.xlarge,V520,1.0,spot,0.12665,0.12665,instances.vantage.sh (AWS Price List mirror)
2026-06-22,AWS,eu-central-1,g4dn.12xlarge,T4,4.0,ondemand,4.89,1.2225,instances.vantage.sh (AWS Price List mirror)
2026-06-22,AWS,eu-central-1,g4dn.12xlarge,T4,4.0,spot,1.559233,0.38980825,instances.vantage.sh (AWS Price List mirror)
2026-06-22,AWS,eu-central-1,g4dn.16xlarge,T4,1.0,ondemand,5.44,5.44,instances.vantage.sh (AWS Price List mirror)
2026-06-22,AWS,eu-central-1,g4dn.16xlarge,T4,1.0,spot,1.755933,1.755933,instances.vantage.sh (AWS Price List mirror)
2026-06-22,AWS,eu-central-1,g4dn.2xlarge,T4,1.0,ondemand,0.94,0.94,instances.vantage.sh (AWS Price List mirror)
2026-06-22,AWS,eu-central-1,g4dn.2xlarge,T4,1.0,spot,0.351733,0.351733,instances.vantage.sh (AWS Price List mirror)
2026-06-22,AWS,eu-central-1,g4dn.4xlarge,T4,1.0,ondemand,1.505,1.505,instances.vantage.sh (AWS Price List mirror)
2026-06-22,AWS,eu-central-1,g4dn.4xlarge,T4,1.0,spot,0.509267,0.509267,instances.vantage.sh (AWS Price List mirror)
2026-06-22,AWS,eu-central-1,g4dn.8xlarge,T4,1.0,ondemand,2.72,2.72,instances.vantage.sh (AWS Price List mirror)
2026-06-22,AWS,eu-central-1,g4dn.8xlarge,T4,1.0,spot,1.045267,1.045267,instances.vantage.sh (AWS Price List mirror)
2026-06-22,AWS,eu-central-1,g4dn.metal,T4,8.0,ondemand,9.78,1.2225,instances.vantage.sh (AWS Price List mirror)
2026-06-22,AWS,eu-central-1,g4dn.metal,T4,8.0,spot,3.783833,0.472979125,instances.vantage.sh (AWS Price List mirror)
2026-06-22,AWS,eu-central-1,g4dn.xlarge,T4,1.0,ondemand,0.658,0.658,instances.vantage.sh (AWS Price List mirror)
2026-06-22,AWS,eu-central-1,g4dn.xlarge,T4,1.0,spot,0.221733,0.221733,instances.vantage.sh (AWS Price List mirror)
2026-06-22,AWS,eu-central-1,g5.12xlarge,A10G,4.0,ondemand,7.09282,1.773205,instances.vantage.sh (AWS Price List mirror)
2026-06-22,AWS,eu-central-1,g5.12xlarge,A10G,4.0,spot,3.9917,0.997925,instances.vantage.sh (AWS Price List mirror)
2026-06-22,AWS,eu-central-1,g5.16xlarge,A10G,1.0,ondemand,5.12204,5.12204,instances.vantage.sh (AWS Price List mirror)
2026-06-22,AWS,eu-central-1,g5.16xlarge,A10G,1.0,spot,1.6575,1.6575,instances.vantage.sh (AWS Price List mirror)
2026-06-22,AWS,eu-central-1,g5.24xlarge,A10G,4.0,ondemand,10.18405,2.5460125,instances.vantage.sh (AWS Price List mirror)
2026-06-22,AWS,eu-central-1,g5.24xlarge,A10G,4.0,spot,4.767267,1.19181675,instances.vantage.sh (AWS Price List mirror)
2026-06-22,AWS,eu-central-1,g5.2xlarge,A10G,1.0,ondemand,1.5156,1.5156,instances.vantage.sh (AWS Price List mirror)
2026-06-22,AWS,eu-central-1,g5.2xlarge,A10G,1.0,spot,0.642633,0.642633,instances.vantage.sh (AWS Price List mirror)
2026-06-22,AWS,eu-central-1,g5.48xlarge,A10G,8.0,ondemand,20.3681,2.5460125,instances.vantage.sh (AWS Price List mirror)
2026-06-22,AWS,eu-central-1,g5.48xlarge,A10G,8.0,spot,11.743133,1.467891625,instances.vantage.sh (AWS Price List mirror)
2026-06-22,AWS,eu-central-1,g5.4xlarge,A10G,1.0,ondemand,2.03081,2.03081,instances.vantage.sh (AWS Price List mirror)
2026-06-22,AWS,eu-central-1,g5.4xlarge,A10G,1.0,spot,0.777467,0.777467,instances.vantage.sh (AWS Price List mirror)
2026-06-22,AWS,eu-central-1,g5.8xlarge,A10G,1.0,ondemand,3.06122,3.06122,instances.vantage.sh (AWS Price List mirror)
2026-06-22,AWS,eu-central-1,g5.8xlarge,A10G,1.0,spot,0.985533,0.985533,instances.vantage.sh (AWS Price List mirror)
2026-06-22,AWS,eu-central-1,g5.xlarge,A10G,1.0,ondemand,1.258,1.258,instances.vantage.sh (AWS Price List mirror)
2026-06-22,AWS,eu-central-1,g5.xlarge,A10G,1.0,spot,0.445333,0.445333,instances.vantage.sh (AWS Price List mirror)
2026-06-22,AWS,eu-central-1,g5g.16xlarge,T4G,2.0,ondemand,3.4326,1.7163,instances.vantage.sh (AWS Price List mirror)
2026-06-22,AWS,eu-central-1,g5g.16xlarge,T4G,2.0,spot,1.0335,0.51675,instances.vantage.sh (AWS Price List mirror)
2026-06-22,AWS,eu-central-1,g5g.2xlarge,T4G,1.0,ondemand,0.6955,0.6955,instances.vantage.sh (AWS Price List mirror)
2026-06-22,AWS,eu-central-1,g5g.2xlarge,T4G,1.0,spot,0.1851,0.1851,instances.vantage.sh (AWS Price List mirror)
2026-06-22,AWS,eu-central-1,g5g.4xlarge,T4G,1.0,ondemand,1.0358,1.0358,instances.vantage.sh (AWS Price List mirror)
2026-06-22,AWS,eu-central-1,g5g.4xlarge,T4G,1.0,spot,0.2569,0.2569,instances.vantage.sh (AWS Price List mirror)
2026-06-22,AWS,eu-central-1,g5g.8xlarge,T4G,1.0,ondemand,1.7163,1.7163,instances.vantage.sh (AWS Price List mirror)
2026-06-22,AWS,eu-central-1,g5g.8xlarge,T4G,1.0,spot,0.2972,0.2972,instances.vantage.sh (AWS Price List mirror)
2026-06-22,AWS,eu-central-1,g5g.metal,T4G,2.0,ondemand,3.4326,1.7163,instances.vantage.sh (AWS Price List mirror)
2026-06-22,AWS,eu-central-1,g5g.metal,T4G,2.0,spot,0.7729,0.38645,instances.vantage.sh (AWS Price List mirror)
2026-06-22,AWS,eu-central-1,g5g.xlarge,T4G,1.0,ondemand,0.5254,0.5254,instances.vantage.sh (AWS Price List mirror)
2026-06-22,AWS,eu-central-1,g5g.xlarge,T4G,1.0,spot,0.1349,0.1349,instances.vantage.sh (AWS Price List mirror)
2026-06-22,AWS,eu-central-1,g6.12xlarge,L4,4.0,ondemand,5.75429,1.4385725,instances.vantage.sh (AWS Price List mirror)
2026-06-22,AWS,eu-central-1,g6.12xlarge,L4,4.0,spot,2.052133,0.51303325,instances.vantage.sh (AWS Price List mirror)
2026-06-22,AWS,eu-central-1,g6.16xlarge,L4,1.0,ondemand,4.24769,4.24769,instances.vantage.sh (AWS Price List mirror)
2026-06-22,AWS,eu-central-1,g6.16xlarge,L4,1.0,spot,1.5786,1.5786,instances.vantage.sh (AWS Price List mirror)
2026-06-22,AWS,eu-central-1,g6.24xlarge,L4,4.0,ondemand,8.34732,2.08683,instances.vantage.sh (AWS Price List mirror)
2026-06-22,AWS,eu-central-1,g6.24xlarge,L4,4.0,spot,2.536,0.634,instances.vantage.sh (AWS Price List mirror)
2026-06-22,AWS,eu-central-1,g6.2xlarge,L4,1.0,ondemand,1.22249,1.22249,instances.vantage.sh (AWS Price List mirror)
2026-06-22,AWS,eu-central-1,g6.2xlarge,L4,1.0,spot,0.4493,0.4493,instances.vantage.sh (AWS Price List mirror)
2026-06-22,AWS,eu-central-1,g6.48xlarge,L4,8.0,ondemand,16.69464,2.08683,instances.vantage.sh (AWS Price List mirror)
2026-06-22,AWS,eu-central-1,g6.48xlarge,L4,8.0,spot,5.356833,0.669604125,instances.vantage.sh (AWS Price List mirror)
2026-06-22,AWS,eu-central-1,g6.4xlarge,L4,1.0,ondemand,1.65466,1.65466,instances.vantage.sh (AWS Price List mirror)
2026-06-22,AWS,eu-central-1,g6.4xlarge,L4,1.0,spot,0.558267,0.558267,instances.vantage.sh (AWS Price List mirror)
2026-06-22,AWS,eu-central-1,g6.8xlarge,L4,1.0,ondemand,2.519,2.519,instances.vantage.sh (AWS Price List mirror)
2026-06-22,AWS,eu-central-1,g6.8xlarge,L4,1.0,spot,0.818833,0.818833,instances.vantage.sh (AWS Price List mirror)
2026-06-22,AWS,eu-central-1,g6.xlarge,L4,1.0,ondemand,1.0064,1.0064,instances.vantage.sh (AWS Price List mirror)
2026-06-22,AWS,eu-central-1,g6.xlarge,L4,1.0,spot,0.3706,0.3706,instances.vantage.sh (AWS Price List mirror)
2026-06-22,AWS,eu-central-1,g6e.12xlarge,L40S,4.0,ondemand,13.12002,3.280005,instances.vantage.sh (AWS Price List mirror)
2026-06-22,AWS,eu-central-1,g6e.12xlarge,L40S,4.0,spot,4.491633,1.12290825,instances.vantage.sh (AWS Price List mirror)
2026-06-22,AWS,eu-central-1,g6e.16xlarge,L40S,1.0,ondemand,9.47454,9.47454,instances.vantage.sh (AWS Price List mirror)
2026-06-22,AWS,eu-central-1,g6e.16xlarge,L40S,1.0,spot,2.842,2.842,instances.vantage.sh (AWS Price List mirror)
2026-06-22,AWS,eu-central-1,g6e.24xlarge,L40S,4.0,ondemand,18.83806,4.709515,instances.vantage.sh (AWS Price List mirror)
2026-06-22,AWS,eu-central-1,g6e.24xlarge,L40S,4.0,spot,9.6562,2.41405,instances.vantage.sh (AWS Price List mirror)
2026-06-22,AWS,eu-central-1,g6e.2xlarge,L40S,1.0,ondemand,2.8035,2.8035,instances.vantage.sh (AWS Price List mirror)
2026-06-22,AWS,eu-central-1,g6e.2xlarge,L40S,1.0,spot,1.013033,1.013033,instances.vantage.sh (AWS Price List mirror)
2026-06-22,AWS,eu-central-1,g6e.48xlarge,L40S,8.0,ondemand,37.67612,4.709515,instances.vantage.sh (AWS Price List mirror)
2026-06-22,AWS,eu-central-1,g6e.48xlarge,L40S,8.0,spot,17.629333,2.203666625,instances.vantage.sh (AWS Price List mirror)
2026-06-22,AWS,eu-central-1,g6e.4xlarge,L40S,1.0,ondemand,3.75651,3.75651,instances.vantage.sh (AWS Price List mirror)
2026-06-22,AWS,eu-central-1,g6e.4xlarge,L40S,1.0,spot,1.2407,1.2407,instances.vantage.sh (AWS Price List mirror)
2026-06-22,AWS,eu-central-1,g6e.8xlarge,L40S,1.0,ondemand,5.66252,5.66252,instances.vantage.sh (AWS Price List mirror)
2026-06-22,AWS,eu-central-1,g6e.8xlarge,L40S,1.0,spot,2.236367,2.236367,instances.vantage.sh (AWS Price List mirror)
2026-06-22,AWS,eu-central-1,g6e.xlarge,L40S,1.0,ondemand,2.327,2.327,instances.vantage.sh (AWS Price List mirror)
2026-06-22,AWS,eu-central-1,g6e.xlarge,L40S,1.0,spot,2.327,2.327,instances.vantage.sh (AWS Price List mirror)
2026-06-22,AWS,eu-central-1,g6f.2xlarge,L4,0.25,ondemand,0.594,2.376,instances.vantage.sh (AWS Price List mirror)
2026-06-22,AWS,eu-central-1,g6f.2xlarge,L4,0.25,spot,0.2277,0.9108,instances.vantage.sh (AWS Price List mirror)
2026-06-22,AWS,eu-central-1,g6f.4xlarge,L4,0.5,ondemand,1.188,2.376,instances.vantage.sh (AWS Price List mirror)
2026-06-22,AWS,eu-central-1,g6f.4xlarge,L4,0.5,spot,0.5596,1.1192,instances.vantage.sh (AWS Price List mirror)
2026-06-22,AWS,eu-central-1,g6f.large,L4,0.125,ondemand,0.25261,2.02088,instances.vantage.sh (AWS Price List mirror)
2026-06-22,AWS,eu-central-1,g6f.large,L4,0.125,spot,0.08225,0.658,instances.vantage.sh (AWS Price List mirror)
2026-06-22,AWS,eu-central-1,g6f.xlarge,L4,0.125,ondemand,0.297,2.376,instances.vantage.sh (AWS Price List mirror)
2026-06-22,AWS,eu-central-1,g6f.xlarge,L4,0.125,spot,0.1073,0.8584,instances.vantage.sh (AWS Price List mirror)
2026-06-22,AWS,eu-central-1,gr6.4xlarge,L4,1.0,ondemand,1.9248,1.9248,instances.vantage.sh (AWS Price List mirror)
2026-06-22,AWS,eu-central-1,gr6.4xlarge,L4,1.0,spot,0.62495,0.62495,instances.vantage.sh (AWS Price List mirror)
2026-06-22,AWS,eu-central-1,gr6.8xlarge,L4,1.0,ondemand,3.05927,3.05927,instances.vantage.sh (AWS Price List mirror)
2026-06-22,AWS,eu-central-1,gr6.8xlarge,L4,1.0,spot,1.0509,1.0509,instances.vantage.sh (AWS Price List mirror)
2026-06-22,AWS,eu-central-1,gr6f.4xlarge,L4,0.5,ondemand,1.33305,2.6661,instances.vantage.sh (AWS Price List mirror)
2026-06-22,AWS,eu-central-1,gr6f.4xlarge,L4,0.5,spot,0.5203,1.0406,instances.vantage.sh (AWS Price List mirror)
2026-06-22,AWS,eu-central-1,inf1.24xlarge,AWS Inferentia,16.0,ondemand,5.902,0.368875,instances.vantage.sh (AWS Price List mirror)
2026-06-22,AWS,eu-central-1,inf1.24xlarge,AWS Inferentia,16.0,spot,2.772233,0.1732645625,instances.vantage.sh (AWS Price List mirror)
2026-06-22,AWS,eu-central-1,inf1.2xlarge,AWS Inferentia,1.0,ondemand,0.453,0.453,instances.vantage.sh (AWS Price List mirror)
2026-06-22,AWS,eu-central-1,inf1.2xlarge,AWS Inferentia,1.0,spot,0.133033,0.133033,instances.vantage.sh (AWS Price List mirror)
2026-06-22,AWS,eu-central-1,inf1.6xlarge,AWS Inferentia,4.0,ondemand,1.475,0.36875,instances.vantage.sh (AWS Price List mirror)
2026-06-22,AWS,eu-central-1,inf1.6xlarge,AWS Inferentia,4.0,spot,0.322767,0.08069175,instances.vantage.sh (AWS Price List mirror)
2026-06-22,AWS,eu-central-1,inf1.xlarge,AWS Inferentia,1.0,ondemand,0.285,0.285,instances.vantage.sh (AWS Price List mirror)
2026-06-22,AWS,eu-central-1,inf1.xlarge,AWS Inferentia,1.0,spot,0.0706,0.0706,instances.vantage.sh (AWS Price List mirror)
2026-06-22,AWS,eu-central-1,inf2.24xlarge,AWS Inferentia2,6.0,ondemand,9.73595,1.6226583333333335,instances.vantage.sh (AWS Price List mirror)
2026-06-22,AWS,eu-central-1,inf2.24xlarge,AWS Inferentia2,6.0,spot,5.3548,0.8924666666666666,instances.vantage.sh (AWS Price List mirror)
2026-06-22,AWS,eu-central-1,inf2.48xlarge,AWS Inferentia2,12.0,ondemand,19.4719,1.6226583333333335,instances.vantage.sh (AWS Price List mirror)
2026-06-22,AWS,eu-central-1,inf2.48xlarge,AWS Inferentia2,12.0,spot,19.4719,1.6226583333333335,instances.vantage.sh (AWS Price List mirror)
2026-06-22,AWS,eu-central-1,inf2.8xlarge,AWS Inferentia2,1.0,ondemand,2.95179,2.95179,instances.vantage.sh (AWS Price List mirror)
2026-06-22,AWS,eu-central-1,inf2.8xlarge,AWS Inferentia2,1.0,spot,1.7965,1.7965,instances.vantage.sh (AWS Price List mirror)
2026-06-22,AWS,eu-central-1,inf2.xlarge,AWS Inferentia2,1.0,ondemand,1.1373,1.1373,instances.vantage.sh (AWS Price List mirror)
2026-06-22,AWS,eu-central-1,inf2.xlarge,AWS Inferentia2,1.0,spot,1.05785,1.05785,instances.vantage.sh (AWS Price List mirror)
2026-06-22,AWS,eu-central-1,p2.16xlarge,K80,16.0,ondemand,21.216,1.326,instances.vantage.sh (AWS Price List mirror)
2026-06-22,AWS,eu-central-1,p2.8xlarge,K80,8.0,ondemand,10.608,1.326,instances.vantage.sh (AWS Price List mirror)
2026-06-22,AWS,eu-central-1,p2.xlarge,K80,1.0,ondemand,1.326,1.326,instances.vantage.sh (AWS Price List mirror)
2026-06-22,AWS,eu-central-1,p3.16xlarge,V100,8.0,ondemand,30.584,3.823,instances.vantage.sh (AWS Price List mirror)
2026-06-22,AWS,eu-central-1,p3.16xlarge,V100,8.0,spot,30.584,3.823,instances.vantage.sh (AWS Price List mirror)
2026-06-22,AWS,eu-central-1,p3.2xlarge,V100,1.0,ondemand,3.823,3.823,instances.vantage.sh (AWS Price List mirror)
2026-06-22,AWS,eu-central-1,p3.2xlarge,V100,1.0,spot,3.823,3.823,instances.vantage.sh (AWS Price List mirror)
2026-06-22,AWS,eu-central-1,p3.8xlarge,V100,4.0,ondemand,15.292,3.823,instances.vantage.sh (AWS Price List mirror)
2026-06-22,AWS,eu-central-1,p3.8xlarge,V100,4.0,spot,10.10075,2.5251875,instances.vantage.sh (AWS Price List mirror)
2026-06-22,AWS,eu-central-1,p4d.24xlarge,A100,8.0,ondemand,27.43298,3.4291225,instances.vantage.sh (AWS Price List mirror)
2026-06-22,AWS,eu-central-1,p4d.24xlarge,A100,8.0,spot,21.645533,2.705691625,instances.vantage.sh (AWS Price List mirror)
2026-06-22,AWS,eu-central-1,p4de.24xlarge,A100,8.0,ondemand,34.29122,4.2864025,instances.vantage.sh (AWS Price List mirror)
2026-06-22,AWS,eu-central-1,p4de.24xlarge,A100,8.0,spot,13.702,1.71275,instances.vantage.sh (AWS Price List mirror)
2026-06-22,AWS,eu-central-1-ham-1,g4dn.2xlarge,T4,1.0,ondemand,1.363,1.363,instances.vantage.sh (AWS Price List mirror)
2026-06-22,AWS,eu-central-1-waw-1,g4dn.2xlarge,T4,1.0,ondemand,1.175,1.175,instances.vantage.sh (AWS Price List mirror)
2026-06-22,AWS,eu-central-1-wl1-ber1,g4dn.2xlarge,T4,1.0,ondemand,1.222,1.222,instances.vantage.sh (AWS Price List mirror)
2026-06-22,AWS,eu-central-1-wl1-dtm1,g4dn.2xlarge,T4,1.0,ondemand,1.222,1.222,instances.vantage.sh (AWS Price List mirror)
2026-06-22,AWS,eu-central-1-wl1-muc1,g4dn.2xlarge,T4,1.0,ondemand,1.222,1.222,instances.vantage.sh (AWS Price List mirror)
2026-06-22,AWS,eu-central-2,g6.12xlarge,L4,4.0,ondemand,6.2037,1.550925,instances.vantage.sh (AWS Price List mirror)
2026-06-22,AWS,eu-central-2,g6.12xlarge,L4,4.0,spot,1.799073,0.44976825,instances.vantage.sh (AWS Price List mirror)
2026-06-22,AWS,eu-central-2,g6.16xlarge,L4,1.0,ondemand,4.57943,4.57943,instances.vantage.sh (AWS Price List mirror)
2026-06-22,AWS,eu-central-2,g6.16xlarge,L4,1.0,spot,0.870092,0.870092,instances.vantage.sh (AWS Price List mirror)
2026-06-22,AWS,eu-central-2,g6.24xlarge,L4,4.0,ondemand,8.99924,2.24981,instances.vantage.sh (AWS Price List mirror)
2026-06-22,AWS,eu-central-2,g6.24xlarge,L4,4.0,spot,1.88984,0.47246,instances.vantage.sh (AWS Price List mirror)
2026-06-22,AWS,eu-central-2,g6.2xlarge,L4,1.0,ondemand,1.31796,1.31796,instances.vantage.sh (AWS Price List mirror)
2026-06-22,AWS,eu-central-2,g6.2xlarge,L4,1.0,spot,0.382208,0.382208,instances.vantage.sh (AWS Price List mirror)
2026-06-22,AWS,eu-central-2,g6.48xlarge,L4,8.0,ondemand,17.99849,2.24981125,instances.vantage.sh (AWS Price List mirror)
2026-06-22,AWS,eu-central-2,g6.48xlarge,L4,8.0,spot,3.599698,0.44996225,instances.vantage.sh (AWS Price List mirror)
2026-06-22,AWS,eu-central-2,g6.4xlarge,L4,1.0,ondemand,1.78389,1.78389,instances.vantage.sh (AWS Price List mirror)
2026-06-22,AWS,eu-central-2,g6.4xlarge,L4,1.0,spot,0.48165,0.48165,instances.vantage.sh (AWS Price List mirror)
2026-06-22,AWS,eu-central-2,g6.8xlarge,L4,1.0,ondemand,2.71574,2.71574,instances.vantage.sh (AWS Price List mirror)
2026-06-22,AWS,eu-central-2,g6.8xlarge,L4,1.0,spot,0.570305,0.570305,instances.vantage.sh (AWS Price List mirror)
2026-06-22,AWS,eu-central-2,g6.xlarge,L4,1.0,ondemand,1.085,1.085,instances.vantage.sh (AWS Price List mirror)
2026-06-22,AWS,eu-central-2,g6.xlarge,L4,1.0,spot,0.22785,0.22785,instances.vantage.sh (AWS Price List mirror)
2026-06-22,AWS,eu-central-2,gr6.4xlarge,L4,1.0,ondemand,2.1649,2.1649,instances.vantage.sh (AWS Price List mirror)
2026-06-22,AWS,eu-central-2,gr6.4xlarge,L4,1.0,spot,0.454629,0.454629,instances.vantage.sh (AWS Price List mirror)
2026-06-22,AWS,eu-central-2,gr6.8xlarge,L4,1.0,ondemand,3.44089,3.44089,instances.vantage.sh (AWS Price List mirror)
2026-06-22,AWS,eu-central-2,gr6.8xlarge,L4,1.0,spot,0.722587,0.722587,instances.vantage.sh (AWS Price List mirror)
2026-06-22,AWS,eu-north-1,g4dn.12xlarge,T4,4.0,ondemand,4.15,1.0375,instances.vantage.sh (AWS Price List mirror)
2026-06-22,AWS,eu-north-1,g4dn.12xlarge,T4,4.0,spot,1.5979,0.399475,instances.vantage.sh (AWS Price List mirror)
2026-06-22,AWS,eu-north-1,g4dn.16xlarge,T4,1.0,ondemand,4.617,4.617,instances.vantage.sh (AWS Price List mirror)
2026-06-22,AWS,eu-north-1,g4dn.16xlarge,T4,1.0,spot,0.474467,0.474467,instances.vantage.sh (AWS Price List mirror)
2026-06-22,AWS,eu-north-1,g4dn.2xlarge,T4,1.0,ondemand,0.798,0.798,instances.vantage.sh (AWS Price List mirror)
2026-06-22,AWS,eu-north-1,g4dn.2xlarge,T4,1.0,spot,0.183633,0.183633,instances.vantage.sh (AWS Price List mirror)
2026-06-22,AWS,eu-north-1,g4dn.4xlarge,T4,1.0,ondemand,1.277,1.277,instances.vantage.sh (AWS Price List mirror)
2026-06-22,AWS,eu-north-1,g4dn.4xlarge,T4,1.0,spot,0.3833,0.3833,instances.vantage.sh (AWS Price List mirror)
2026-06-22,AWS,eu-north-1,g4dn.8xlarge,T4,1.0,ondemand,2.308,2.308,instances.vantage.sh (AWS Price List mirror)
2026-06-22,AWS,eu-north-1,g4dn.8xlarge,T4,1.0,spot,0.445433,0.445433,instances.vantage.sh (AWS Price List mirror)
2026-06-22,AWS,eu-north-1,g4dn.metal,T4,8.0,ondemand,8.3,1.0375,instances.vantage.sh (AWS Price List mirror)
2026-06-22,AWS,eu-north-1,g4dn.metal,T4,8.0,spot,3.246367,0.405795875,instances.vantage.sh (AWS Price List mirror)
2026-06-22,AWS,eu-north-1,g4dn.xlarge,T4,1.0,ondemand,0.558,0.558,instances.vantage.sh (AWS Price List mirror)
2026-06-22,AWS,eu-north-1,g4dn.xlarge,T4,1.0,spot,0.157933,0.157933,instances.vantage.sh (AWS Price List mirror)
2026-06-22,AWS,eu-north-1,g5.12xlarge,A10G,4.0,ondemand,6.01593,1.5039825,instances.vantage.sh (AWS Price List mirror)
2026-06-22,AWS,eu-north-1,g5.12xlarge,A10G,4.0,spot,1.87825,0.4695625,instances.vantage.sh (AWS Price List mirror)
2026-06-22,AWS,eu-north-1,g5.16xlarge,A10G,1.0,ondemand,4.34437,4.34437,instances.vantage.sh (AWS Price List mirror)
2026-06-22,AWS,eu-north-1,g5.16xlarge,A10G,1.0,spot,1.141,1.141,instances.vantage.sh (AWS Price List mirror)
2026-06-22,AWS,eu-north-1,g5.24xlarge,A10G,4.0,ondemand,8.63782,2.159455,instances.vantage.sh (AWS Price List mirror)
2026-06-22,AWS,eu-north-1,g5.24xlarge,A10G,4.0,spot,2.4275,0.606875,instances.vantage.sh (AWS Price List mirror)
2026-06-22,AWS,eu-north-1,g5.2xlarge,A10G,1.0,ondemand,1.28549,1.28549,instances.vantage.sh (AWS Price List mirror)
2026-06-22,AWS,eu-north-1,g5.2xlarge,A10G,1.0,spot,0.43955,0.43955,instances.vantage.sh (AWS Price List mirror)
2026-06-22,AWS,eu-north-1,g5.48xlarge,A10G,8.0,ondemand,17.27564,2.159455,instances.vantage.sh (AWS Price List mirror)
2026-06-22,AWS,eu-north-1,g5.48xlarge,A10G,8.0,spot,6.12405,0.76550625,instances.vantage.sh (AWS Price List mirror)
2026-06-22,AWS,eu-north-1,g5.4xlarge,A10G,1.0,ondemand,1.72247,1.72247,instances.vantage.sh (AWS Price List mirror)
2026-06-22,AWS,eu-north-1,g5.4xlarge,A10G,1.0,spot,0.51535,0.51535,instances.vantage.sh (AWS Price List mirror)
2026-06-22,AWS,eu-north-1,g5.8xlarge,A10G,1.0,ondemand,2.59644,2.59644,instances.vantage.sh (AWS Price List mirror)
2026-06-22,AWS,eu-north-1,g5.8xlarge,A10G,1.0,spot,0.8717,0.8717,instances.vantage.sh (AWS Price List mirror)
2026-06-22,AWS,eu-north-1,g5.xlarge,A10G,1.0,ondemand,1.067,1.067,instances.vantage.sh (AWS Price List mirror)
2026-06-22,AWS,eu-north-1,g5.xlarge,A10G,1.0,spot,0.39145,0.39145,instances.vantage.sh (AWS Price List mirror)
2026-06-22,AWS,eu-north-1,g6.12xlarge,L4,4.0,ondemand,4.88062,1.220155,instances.vantage.sh (AWS Price List mirror)
2026-06-22,AWS,eu-north-1,g6.12xlarge,L4,4.0,spot,1.295,0.32375,instances.vantage.sh (AWS Price List mirror)
2026-06-22,AWS,eu-north-1,g6.16xlarge,L4,1.0,ondemand,3.60277,3.60277,instances.vantage.sh (AWS Price List mirror)
2026-06-22,AWS,eu-north-1,g6.16xlarge,L4,1.0,spot,1.08005,1.08005,instances.vantage.sh (AWS Price List mirror)
2026-06-22,AWS,eu-north-1,g6.24xlarge,L4,4.0,ondemand,7.07996,1.76999,instances.vantage.sh (AWS Price List mirror)
2026-06-22,AWS,eu-north-1,g6.24xlarge,L4,4.0,spot,1.92105,0.4802625,instances.vantage.sh (AWS Price List mirror)
2026-06-22,AWS,eu-north-1,g6.2xlarge,L4,1.0,ondemand,1.03688,1.03688,instances.vantage.sh (AWS Price List mirror)
2026-06-22,AWS,eu-north-1,g6.2xlarge,L4,1.0,spot,0.285,0.285,instances.vantage.sh (AWS Price List mirror)
2026-06-22,AWS,eu-north-1,g6.48xlarge,L4,8.0,ondemand,14.15992,1.76999,instances.vantage.sh (AWS Price List mirror)
2026-06-22,AWS,eu-north-1,g6.48xlarge,L4,8.0,spot,3.507,0.438375,instances.vantage.sh (AWS Price List mirror)
2026-06-22,AWS,eu-north-1,g6.4xlarge,L4,1.0,ondemand,1.40343,1.40343,instances.vantage.sh (AWS Price List mirror)
2026-06-22,AWS,eu-north-1,g6.4xlarge,L4,1.0,spot,0.3423,0.3423,instances.vantage.sh (AWS Price List mirror)
2026-06-22,AWS,eu-north-1,g6.8xlarge,L4,1.0,ondemand,2.13655,2.13655,instances.vantage.sh (AWS Price List mirror)
2026-06-22,AWS,eu-north-1,g6.8xlarge,L4,1.0,spot,0.76305,0.76305,instances.vantage.sh (AWS Price List mirror)
2026-06-22,AWS,eu-north-1,g6.xlarge,L4,1.0,ondemand,0.8536,0.8536,instances.vantage.sh (AWS Price List mirror)
2026-06-22,AWS,eu-north-1,g6.xlarge,L4,1.0,spot,0.2805,0.2805,instances.vantage.sh (AWS Price List mirror)
2026-06-22,AWS,eu-north-1,g6e.12xlarge,L40S,4.0,ondemand,11.12975,2.7824375,instances.vantage.sh (AWS Price List mirror)
2026-06-22,AWS,eu-north-1,g6e.12xlarge,L40S,4.0,spot,3.7557,0.938925,instances.vantage.sh (AWS Price List mirror)
2026-06-22,AWS,eu-north-1,g6e.16xlarge,L40S,1.0,ondemand,8.03728,8.03728,instances.vantage.sh (AWS Price List mirror)
2026-06-22,AWS,eu-north-1,g6e.16xlarge,L40S,1.0,spot,2.5537,2.5537,instances.vantage.sh (AWS Price List mirror)
2026-06-22,AWS,eu-north-1,g6e.24xlarge,L40S,4.0,ondemand,15.98037,3.9950925,instances.vantage.sh (AWS Price List mirror)
2026-06-22,AWS,eu-north-1,g6e.24xlarge,L40S,4.0,spot,9.5111,2.377775,instances.vantage.sh (AWS Price List mirror)
2026-06-22,AWS,eu-north-1,g6e.2xlarge,L40S,1.0,ondemand,2.37822,2.37822,instances.vantage.sh (AWS Price List mirror)
2026-06-22,AWS,eu-north-1,g6e.2xlarge,L40S,1.0,spot,0.78065,0.78065,instances.vantage.sh (AWS Price List mirror)
2026-06-22,AWS,eu-north-1,g6e.48xlarge,L40S,8.0,ondemand,31.96075,3.99509375,instances.vantage.sh (AWS Price List mirror)
2026-06-22,AWS,eu-north-1,g6e.48xlarge,L40S,8.0,spot,19.5142,2.439275,instances.vantage.sh (AWS Price List mirror)
2026-06-22,AWS,eu-north-1,g6e.4xlarge,L40S,1.0,ondemand,3.18666,3.18666,instances.vantage.sh (AWS Price List mirror)
2026-06-22,AWS,eu-north-1,g6e.4xlarge,L40S,1.0,spot,1.07005,1.07005,instances.vantage.sh (AWS Price List mirror)
2026-06-22,AWS,eu-north-1,g6e.8xlarge,L40S,1.0,ondemand,4.80353,4.80353,instances.vantage.sh (AWS Price List mirror)
2026-06-22,AWS,eu-north-1,g6e.8xlarge,L40S,1.0,spot,1.81705,1.81705,instances.vantage.sh (AWS Price List mirror)
2026-06-22,AWS,eu-north-1,g6e.xlarge,L40S,1.0,ondemand,1.974,1.974,instances.vantage.sh (AWS Price List mirror)
2026-06-22,AWS,eu-north-1,g6e.xlarge,L40S,1.0,spot,0.5786,0.5786,instances.vantage.sh (AWS Price List mirror)
2026-06-22,AWS,eu-north-1,g6f.2xlarge,L4,0.25,ondemand,0.50379,2.01516,instances.vantage.sh (AWS Price List mirror)
2026-06-22,AWS,eu-north-1,g6f.2xlarge,L4,0.25,spot,0.12775,0.511,instances.vantage.sh (AWS Price List mirror)
2026-06-22,AWS,eu-north-1,g6f.4xlarge,L4,0.5,ondemand,1.00758,2.01516,instances.vantage.sh (AWS Price List mirror)
2026-06-22,AWS,eu-north-1,g6f.4xlarge,L4,0.5,spot,0.17865,0.3573,instances.vantage.sh (AWS Price List mirror)
2026-06-22,AWS,eu-north-1,g6f.large,L4,0.125,ondemand,0.21424,1.71392,instances.vantage.sh (AWS Price List mirror)
2026-06-22,AWS,eu-north-1,g6f.large,L4,0.125,spot,0.0304,0.2432,instances.vantage.sh (AWS Price List mirror)
2026-06-22,AWS,eu-north-1,g6f.xlarge,L4,0.125,ondemand,0.2519,2.0152,instances.vantage.sh (AWS Price List mirror)
2026-06-22,AWS,eu-north-1,g6f.xlarge,L4,0.125,spot,0.0564,0.4512,instances.vantage.sh (AWS Price List mirror)
2026-06-22,AWS,eu-north-1,gr6.4xlarge,L4,1.0,ondemand,1.6326,1.6326,instances.vantage.sh (AWS Price List mirror)
2026-06-22,AWS,eu-north-1,gr6.4xlarge,L4,1.0,spot,0.24575,0.24575,instances.vantage.sh (AWS Price List mirror)
2026-06-22,AWS,eu-north-1,gr6.8xlarge,L4,1.0,ondemand,2.59485,2.59485,instances.vantage.sh (AWS Price List mirror)
2026-06-22,AWS,eu-north-1,gr6.8xlarge,L4,1.0,spot,0.58095,0.58095,instances.vantage.sh (AWS Price List mirror)
2026-06-22,AWS,eu-north-1,gr6f.4xlarge,L4,0.5,ondemand,1.13069,2.26138,instances.vantage.sh (AWS Price List mirror)
2026-06-22,AWS,eu-north-1,gr6f.4xlarge,L4,0.5,spot,0.176,0.352,instances.vantage.sh (AWS Price List mirror)
2026-06-22,AWS,eu-north-1,inf1.24xlarge,AWS Inferentia,16.0,ondemand,5.016,0.3135,instances.vantage.sh (AWS Price List mirror)
2026-06-22,AWS,eu-north-1,inf1.24xlarge,AWS Inferentia,16.0,spot,0.79225,0.049515625,instances.vantage.sh (AWS Price List mirror)
2026-06-22,AWS,eu-north-1,inf1.2xlarge,AWS Inferentia,1.0,ondemand,0.385,0.385,instances.vantage.sh (AWS Price List mirror)
2026-06-22,AWS,eu-north-1,inf1.2xlarge,AWS Inferentia,1.0,spot,0.0458,0.0458,instances.vantage.sh (AWS Price List mirror)
2026-06-22,AWS,eu-north-1,inf1.6xlarge,AWS Inferentia,4.0,ondemand,1.254,0.3135,instances.vantage.sh (AWS Price List mirror)
2026-06-22,AWS,eu-north-1,inf1.6xlarge,AWS Inferentia,4.0,spot,0.1254,0.03135,instances.vantage.sh (AWS Price List mirror)
2026-06-22,AWS,eu-north-1,inf1.xlarge,AWS Inferentia,1.0,ondemand,0.242,0.242,instances.vantage.sh (AWS Price List mirror)
2026-06-22,AWS,eu-north-1,inf1.xlarge,AWS Inferentia,1.0,spot,0.0253,0.0253,instances.vantage.sh (AWS Price List mirror)
2026-06-22,AWS,eu-north-1,inf2.24xlarge,AWS Inferentia2,6.0,ondemand,7.1397,1.18995,instances.vantage.sh (AWS Price List mirror)
2026-06-22,AWS,eu-north-1,inf2.24xlarge,AWS Inferentia2,6.0,spot,0.714,0.119,instances.vantage.sh (AWS Price List mirror)
2026-06-22,AWS,eu-north-1,inf2.48xlarge,AWS Inferentia2,12.0,ondemand,14.27939,1.1899491666666666,instances.vantage.sh (AWS Price List mirror)
2026-06-22,AWS,eu-north-1,inf2.48xlarge,AWS Inferentia2,12.0,spot,1.4279,0.11899166666666666,instances.vantage.sh (AWS Price List mirror)
2026-06-22,AWS,eu-north-1,inf2.8xlarge,AWS Inferentia2,1.0,ondemand,2.16465,2.16465,instances.vantage.sh (AWS Price List mirror)
2026-06-22,AWS,eu-north-1,inf2.8xlarge,AWS Inferentia2,1.0,spot,0.2165,0.2165,instances.vantage.sh (AWS Price List mirror)
2026-06-22,AWS,eu-north-1,inf2.xlarge,AWS Inferentia2,1.0,ondemand,0.83402,0.83402,instances.vantage.sh (AWS Price List mirror)
2026-06-22,AWS,eu-north-1,inf2.xlarge,AWS Inferentia2,1.0,spot,0.0834,0.0834,instances.vantage.sh (AWS Price List mirror)
2026-06-22,AWS,eu-north-1,p4d.24xlarge,A100,8.0,ondemand,23.71569,2.96446125,instances.vantage.sh (AWS Price List mirror)
2026-06-22,AWS,eu-north-1,p4d.24xlarge,A100,8.0,spot,8.3272,1.0409,instances.vantage.sh (AWS Price List mirror)
2026-06-22,AWS,eu-north-1,p5.48xlarge,H100,8.0,ondemand,58.8928,7.3616,instances.vantage.sh (AWS Price List mirror)
2026-06-22,AWS,eu-north-1,p5.48xlarge,H100,8.0,spot,57.7456,7.2182,instances.vantage.sh (AWS Price List mirror)
2026-06-22,AWS,eu-north-1,p5en.48xlarge,H200,8.0,ondemand,67.72672,8.46584,instances.vantage.sh (AWS Price List mirror)
2026-06-22,AWS,eu-north-1,p5en.48xlarge,H200,8.0,spot,26.44315,3.30539375,instances.vantage.sh (AWS Price List mirror)
2026-06-22,AWS,eu-north-1-cph-1,g4dn.2xlarge,T4,1.0,ondemand,1.157,1.157,instances.vantage.sh (AWS Price List mirror)
2026-06-22,AWS,eu-north-1-hel-1,g4dn.2xlarge,T4,1.0,ondemand,0.997,0.997,instances.vantage.sh (AWS Price List mirror)
2026-06-22,AWS,eu-south-1,g4dn.12xlarge,T4,4.0,ondemand,4.58,1.145,instances.vantage.sh (AWS Price List mirror)
2026-06-22,AWS,eu-south-1,g4dn.12xlarge,T4,4.0,spot,2.1068,0.5267,instances.vantage.sh (AWS Price List mirror)
2026-06-22,AWS,eu-south-1,g4dn.16xlarge,T4,1.0,ondemand,5.095,5.095,instances.vantage.sh (AWS Price List mirror)
2026-06-22,AWS,eu-south-1,g4dn.16xlarge,T4,1.0,spot,0.5095,0.5095,instances.vantage.sh (AWS Price List mirror)
2026-06-22,AWS,eu-south-1,g4dn.2xlarge,T4,1.0,ondemand,0.88,0.88,instances.vantage.sh (AWS Price List mirror)
2026-06-22,AWS,eu-south-1,g4dn.2xlarge,T4,1.0,spot,0.1232,0.1232,instances.vantage.sh (AWS Price List mirror)
2026-06-22,AWS,eu-south-1,g4dn.4xlarge,T4,1.0,ondemand,1.41,1.41,instances.vantage.sh (AWS Price List mirror)
2026-06-22,AWS,eu-south-1,g4dn.4xlarge,T4,1.0,spot,0.3102,0.3102,instances.vantage.sh (AWS Price List mirror)
2026-06-22,AWS,eu-south-1,g4dn.8xlarge,T4,1.0,ondemand,2.547,2.547,instances.vantage.sh (AWS Price List mirror)
2026-06-22,AWS,eu-south-1,g4dn.8xlarge,T4,1.0,spot,0.2547,0.2547,instances.vantage.sh (AWS Price List mirror)
2026-06-22,AWS,eu-south-1,g4dn.metal,T4,8.0,ondemand,9.16,1.145,instances.vantage.sh (AWS Price List mirror)
2026-06-22,AWS,eu-south-1,g4dn.metal,T4,8.0,spot,2.8396,0.35495,instances.vantage.sh (AWS Price List mirror)
2026-06-22,AWS,eu-south-1,g4dn.xlarge,T4,1.0,ondemand,0.616,0.616,instances.vantage.sh (AWS Price List mirror)
2026-06-22,AWS,eu-south-1,g4dn.xlarge,T4,1.0,spot,0.08008,0.08008,instances.vantage.sh (AWS Price List mirror)
2026-06-22,AWS,eu-south-1,inf1.24xlarge,AWS Inferentia,16.0,ondemand,5.53,0.345625,instances.vantage.sh (AWS Price List mirror)
2026-06-22,AWS,eu-south-1,inf1.24xlarge,AWS Inferentia,16.0,spot,0.553,0.0345625,instances.vantage.sh (AWS Price List mirror)
2026-06-22,AWS,eu-south-1,inf1.2xlarge,AWS Inferentia,1.0,ondemand,0.424,0.424,instances.vantage.sh (AWS Price List mirror)
2026-06-22,AWS,eu-south-1,inf1.2xlarge,AWS Inferentia,1.0,spot,0.04664,0.04664,instances.vantage.sh (AWS Price List mirror)
2026-06-22,AWS,eu-south-1,inf1.6xlarge,AWS Inferentia,4.0,ondemand,1.382,0.3455,instances.vantage.sh (AWS Price List mirror)
2026-06-22,AWS,eu-south-1,inf1.6xlarge,AWS Inferentia,4.0,spot,0.1382,0.03455,instances.vantage.sh (AWS Price List mirror)
2026-06-22,AWS,eu-south-1,inf1.xlarge,AWS Inferentia,1.0,ondemand,0.267,0.267,instances.vantage.sh (AWS Price List mirror)
2026-06-22,AWS,eu-south-1,inf1.xlarge,AWS Inferentia,1.0,spot,0.0267,0.0267,instances.vantage.sh (AWS Price List mirror)
2026-06-22,AWS,eu-south-2,g5g.16xlarge,T4G,2.0,ondemand,3.0622,1.5311,instances.vantage.sh (AWS Price List mirror)
2026-06-22,AWS,eu-south-2,g5g.16xlarge,T4G,2.0,spot,0.30622,0.15311,instances.vantage.sh (AWS Price List mirror)
2026-06-22,AWS,eu-south-2,g5g.2xlarge,T4G,1.0,ondemand,0.6205,0.6205,instances.vantage.sh (AWS Price List mirror)
2026-06-22,AWS,eu-south-2,g5g.2xlarge,T4G,1.0,spot,0.093075,0.093075,instances.vantage.sh (AWS Price List mirror)
2026-06-22,AWS,eu-south-2,g5g.4xlarge,T4G,1.0,ondemand,0.924,0.924,instances.vantage.sh (AWS Price List mirror)
2026-06-22,AWS,eu-south-2,g5g.4xlarge,T4G,1.0,spot,0.11088,0.11088,instances.vantage.sh (AWS Price List mirror)
2026-06-22,AWS,eu-south-2,g5g.8xlarge,T4G,1.0,ondemand,1.5311,1.5311,instances.vantage.sh (AWS Price List mirror)
2026-06-22,AWS,eu-south-2,g5g.8xlarge,T4G,1.0,spot,0.168421,0.168421,instances.vantage.sh (AWS Price List mirror)
2026-06-22,AWS,eu-south-2,g5g.metal,T4G,2.0,ondemand,3.0622,1.5311,instances.vantage.sh (AWS Price List mirror)
2026-06-22,AWS,eu-south-2,g5g.metal,T4G,2.0,spot,0.30622,0.15311,instances.vantage.sh (AWS Price List mirror)
2026-06-22,AWS,eu-south-2,g5g.xlarge,T4G,1.0,ondemand,0.4687,0.4687,instances.vantage.sh (AWS Price List mirror)
2026-06-22,AWS,eu-south-2,g5g.xlarge,T4G,1.0,spot,0.14061,0.14061,instances.vantage.sh (AWS Price List mirror)
2026-06-22,AWS,eu-south-2,g6.12xlarge,L4,4.0,ondemand,4.8486,1.21215,instances.vantage.sh (AWS Price List mirror)
2026-06-22,AWS,eu-south-2,g6.12xlarge,L4,4.0,spot,0.824262,0.2060655,instances.vantage.sh (AWS Price List mirror)
2026-06-22,AWS,eu-south-2,g6.16xlarge,L4,1.0,ondemand,3.57913,3.57913,instances.vantage.sh (AWS Price List mirror)
2026-06-22,AWS,eu-south-2,g6.16xlarge,L4,1.0,spot,0.393704,0.393704,instances.vantage.sh (AWS Price List mirror)
2026-06-22,AWS,eu-south-2,g6.24xlarge,L4,4.0,ondemand,7.03351,1.7583775,instances.vantage.sh (AWS Price List mirror)
2026-06-22,AWS,eu-south-2,g6.24xlarge,L4,4.0,spot,1.195697,0.29892425,instances.vantage.sh (AWS Price List mirror)
2026-06-22,AWS,eu-south-2,g6.2xlarge,L4,1.0,ondemand,1.03008,1.03008,instances.vantage.sh (AWS Price List mirror)
2026-06-22,AWS,eu-south-2,g6.2xlarge,L4,1.0,spot,0.13391,0.13391,instances.vantage.sh (AWS Price List mirror)
2026-06-22,AWS,eu-south-2,g6.48xlarge,L4,8.0,ondemand,14.06702,1.7583775,instances.vantage.sh (AWS Price List mirror)
2026-06-22,AWS,eu-south-2,g6.48xlarge,L4,8.0,spot,2.672734,0.33409175,instances.vantage.sh (AWS Price List mirror)
2026-06-22,AWS,eu-south-2,g6.4xlarge,L4,1.0,ondemand,1.39423,1.39423,instances.vantage.sh (AWS Price List mirror)
2026-06-22,AWS,eu-south-2,g6.4xlarge,L4,1.0,spot,0.167308,0.167308,instances.vantage.sh (AWS Price List mirror)
2026-06-22,AWS,eu-south-2,g6.8xlarge,L4,1.0,ondemand,2.12253,2.12253,instances.vantage.sh (AWS Price List mirror)
2026-06-22,AWS,eu-south-2,g6.8xlarge,L4,1.0,spot,0.233478,0.233478,instances.vantage.sh (AWS Price List mirror)
2026-06-22,AWS,eu-south-2,g6.xlarge,L4,1.0,ondemand,0.848,0.848,instances.vantage.sh (AWS Price List mirror)
2026-06-22,AWS,eu-south-2,g6.xlarge,L4,1.0,spot,0.14416,0.14416,instances.vantage.sh (AWS Price List mirror)
2026-06-22,AWS,eu-south-2,g6e.12xlarge,L40S,4.0,ondemand,11.05645,2.7641125,instances.vantage.sh (AWS Price List mirror)
2026-06-22,AWS,eu-south-2,g6e.12xlarge,L40S,4.0,spot,3.095806,0.7739515,instances.vantage.sh (AWS Price List mirror)
2026-06-22,AWS,eu-south-2,g6e.16xlarge,L40S,1.0,ondemand,7.98435,7.98435,instances.vantage.sh (AWS Price List mirror)
2026-06-22,AWS,eu-south-2,g6e.16xlarge,L40S,1.0,spot,0.798435,0.798435,instances.vantage.sh (AWS Price List mirror)
2026-06-22,AWS,eu-south-2,g6e.24xlarge,L40S,4.0,ondemand,15.87513,3.9687825,instances.vantage.sh (AWS Price List mirror)
2026-06-22,AWS,eu-south-2,g6e.24xlarge,L40S,4.0,spot,4.127534,1.0318835,instances.vantage.sh (AWS Price List mirror)
2026-06-22,AWS,eu-south-2,g6e.2xlarge,L40S,1.0,ondemand,2.36256,2.36256,instances.vantage.sh (AWS Price List mirror)
2026-06-22,AWS,eu-south-2,g6e.2xlarge,L40S,1.0,spot,0.567014,0.567014,instances.vantage.sh (AWS Price List mirror)
2026-06-22,AWS,eu-south-2,g6e.48xlarge,L40S,8.0,ondemand,31.75027,3.96878375,instances.vantage.sh (AWS Price List mirror)
2026-06-22,AWS,eu-south-2,g6e.48xlarge,L40S,8.0,spot,15.24013,1.90501625,instances.vantage.sh (AWS Price List mirror)
2026-06-22,AWS,eu-south-2,g6e.4xlarge,L40S,1.0,ondemand,3.16567,3.16567,instances.vantage.sh (AWS Price List mirror)
2026-06-22,AWS,eu-south-2,g6e.4xlarge,L40S,1.0,spot,0.664791,0.664791,instances.vantage.sh (AWS Price List mirror)
2026-06-22,AWS,eu-south-2,g6e.8xlarge,L40S,1.0,ondemand,4.7719,4.7719,instances.vantage.sh (AWS Price List mirror)
2026-06-22,AWS,eu-south-2,g6e.8xlarge,L40S,1.0,spot,0.668066,0.668066,instances.vantage.sh (AWS Price List mirror)
2026-06-22,AWS,eu-south-2,g6e.xlarge,L40S,1.0,ondemand,1.961,1.961,instances.vantage.sh (AWS Price List mirror)
2026-06-22,AWS,eu-south-2,g6e.xlarge,L40S,1.0,spot,0.62752,0.62752,instances.vantage.sh (AWS Price List mirror)
2026-06-22,AWS,eu-south-2,g6f.2xlarge,L4,0.25,ondemand,0.53438,2.13752,instances.vantage.sh (AWS Price List mirror)
2026-06-22,AWS,eu-south-2,g6f.2xlarge,L4,0.25,spot,0.15497,0.61988,instances.vantage.sh (AWS Price List mirror)
2026-06-22,AWS,eu-south-2,g6f.4xlarge,L4,0.5,ondemand,1.06875,2.1375,instances.vantage.sh (AWS Price List mirror)
2026-06-22,AWS,eu-south-2,g6f.4xlarge,L4,0.5,spot,0.309937,0.619874,instances.vantage.sh (AWS Price List mirror)
2026-06-22,AWS,eu-south-2,g6f.large,L4,0.125,ondemand,0.22725,1.818,instances.vantage.sh (AWS Price List mirror)
2026-06-22,AWS,eu-south-2,g6f.large,L4,0.125,spot,0.052268,0.418144,instances.vantage.sh (AWS Price List mirror)
2026-06-22,AWS,eu-south-2,g6f.xlarge,L4,0.125,ondemand,0.26719,2.13752,instances.vantage.sh (AWS Price List mirror)
2026-06-22,AWS,eu-south-2,g6f.xlarge,L4,0.125,spot,0.077485,0.61988,instances.vantage.sh (AWS Price List mirror)
2026-06-22,AWS,eu-south-2,g7e.12xlarge,NVIDIA GB202,2.0,ondemand,8.73134,4.36567,instances.vantage.sh (AWS Price List mirror)
2026-06-22,AWS,eu-south-2,g7e.12xlarge,NVIDIA GB202,2.0,spot,2.532089,1.2660445,instances.vantage.sh (AWS Price List mirror)
2026-06-22,AWS,eu-south-2,g7e.24xlarge,NVIDIA GB202,4.0,ondemand,17.46268,4.36567,instances.vantage.sh (AWS Price List mirror)
2026-06-22,AWS,eu-south-2,g7e.24xlarge,NVIDIA GB202,4.0,spot,5.064177,1.26604425,instances.vantage.sh (AWS Price List mirror)
2026-06-22,AWS,eu-south-2,g7e.2xlarge,NVIDIA GB202,1.0,ondemand,3.54384,3.54384,instances.vantage.sh (AWS Price List mirror)
2026-06-22,AWS,eu-south-2,g7e.2xlarge,NVIDIA GB202,1.0,spot,1.063152,1.063152,instances.vantage.sh (AWS Price List mirror)
2026-06-22,AWS,eu-south-2,g7e.48xlarge,NVIDIA GB202,8.0,ondemand,34.92536,4.36567,instances.vantage.sh (AWS Price List mirror)
2026-06-22,AWS,eu-south-2,g7e.48xlarge,NVIDIA GB202,8.0,spot,10.477608,1.309701,instances.vantage.sh (AWS Price List mirror)
2026-06-22,AWS,eu-south-2,g7e.4xlarge,NVIDIA GB202,1.0,ondemand,4.213,4.213,instances.vantage.sh (AWS Price List mirror)
2026-06-22,AWS,eu-south-2,g7e.4xlarge,NVIDIA GB202,1.0,spot,1.39029,1.39029,instances.vantage.sh (AWS Price List mirror)
2026-06-22,AWS,eu-south-2,g7e.8xlarge,NVIDIA GB202,1.0,ondemand,5.55133,5.55133,instances.vantage.sh (AWS Price List mirror)
2026-06-22,AWS,eu-south-2,g7e.8xlarge,NVIDIA GB202,1.0,spot,1.665399,1.665399,instances.vantage.sh (AWS Price List mirror)
2026-06-22,AWS,eu-south-2,gr6.4xlarge,L4,1.0,ondemand,1.6218,1.6218,instances.vantage.sh (AWS Price List mirror)
2026-06-22,AWS,eu-south-2,gr6.4xlarge,L4,1.0,spot,0.178398,0.178398,instances.vantage.sh (AWS Price List mirror)
2026-06-22,AWS,eu-south-2,gr6.8xlarge,L4,1.0,ondemand,2.57768,2.57768,instances.vantage.sh (AWS Price List mirror)
2026-06-22,AWS,eu-south-2,gr6.8xlarge,L4,1.0,spot,0.283545,0.283545,instances.vantage.sh (AWS Price List mirror)
2026-06-22,AWS,eu-south-2,gr6f.4xlarge,L4,0.5,ondemand,1.19925,2.3985,instances.vantage.sh (AWS Price List mirror)
2026-06-22,AWS,eu-south-2,gr6f.4xlarge,L4,0.5,spot,0.347782,0.695564,instances.vantage.sh (AWS Price List mirror)
2026-06-22,AWS,eu-south-2,p5en.48xlarge,H200,8.0,ondemand,68.35968,8.54496,instances.vantage.sh (AWS Price List mirror)
2026-06-22,AWS,eu-south-2,p5en.48xlarge,H200,8.0,spot,13.671936,1.708992,instances.vantage.sh (AWS Price List mirror)
2026-06-22,AWS,eu-west-1,g2.2xlarge,K520,1.0,ondemand,0.702,0.702,instances.vantage.sh (AWS Price List mirror)
2026-06-22,AWS,eu-west-1,g2.8xlarge,K520,4.0,ondemand,2.808,0.702,instances.vantage.sh (AWS Price List mirror)
2026-06-22,AWS,eu-west-1,g3.16xlarge,M60,4.0,ondemand,4.84,1.21,instances.vantage.sh (AWS Price List mirror)
2026-06-22,AWS,eu-west-1,g3.4xlarge,M60,1.0,ondemand,1.21,1.21,instances.vantage.sh (AWS Price List mirror)
2026-06-22,AWS,eu-west-1,g3.8xlarge,M60,2.0,ondemand,2.42,1.21,instances.vantage.sh (AWS Price List mirror)
2026-06-22,AWS,eu-west-1,g3s.xlarge,M60,1.0,ondemand,0.796,0.796,instances.vantage.sh (AWS Price List mirror)
2026-06-22,AWS,eu-west-1,g4ad.16xlarge,V520,4.0,ondemand,3.872,0.968,instances.vantage.sh (AWS Price List mirror)
2026-06-22,AWS,eu-west-1,g4ad.16xlarge,V520,4.0,spot,1.5577,0.389425,instances.vantage.sh (AWS Price List mirror)
2026-06-22,AWS,eu-west-1,g4ad.2xlarge,V520,1.0,ondemand,0.60421,0.60421,instances.vantage.sh (AWS Price List mirror)
2026-06-22,AWS,eu-west-1,g4ad.2xlarge,V520,1.0,spot,0.264367,0.264367,instances.vantage.sh (AWS Price List mirror)
2026-06-22,AWS,eu-west-1,g4ad.4xlarge,V520,1.0,ondemand,0.968,0.968,instances.vantage.sh (AWS Price List mirror)
2026-06-22,AWS,eu-west-1,g4ad.4xlarge,V520,1.0,spot,0.4348,0.4348,instances.vantage.sh (AWS Price List mirror)
2026-06-22,AWS,eu-west-1,g4ad.8xlarge,V520,2.0,ondemand,1.936,0.968,instances.vantage.sh (AWS Price List mirror)
2026-06-22,AWS,eu-west-1,g4ad.8xlarge,V520,2.0,spot,0.8008,0.4004,instances.vantage.sh (AWS Price List mirror)
2026-06-22,AWS,eu-west-1,g4ad.xlarge,V520,1.0,ondemand,0.42263,0.42263,instances.vantage.sh (AWS Price List mirror)
2026-06-22,AWS,eu-west-1,g4ad.xlarge,V520,1.0,spot,0.179233,0.179233,instances.vantage.sh (AWS Price List mirror)
2026-06-22,AWS,eu-west-1,g4dn.12xlarge,T4,4.0,ondemand,4.362,1.0905,instances.vantage.sh (AWS Price List mirror)
2026-06-22,AWS,eu-west-1,g4dn.12xlarge,T4,4.0,spot,2.047033,0.51175825,instances.vantage.sh (AWS Price List mirror)
2026-06-22,AWS,eu-west-1,g4dn.16xlarge,T4,1.0,ondemand,4.853,4.853,instances.vantage.sh (AWS Price List mirror)
2026-06-22,AWS,eu-west-1,g4dn.16xlarge,T4,1.0,spot,1.193,1.193,instances.vantage.sh (AWS Price List mirror)
2026-06-22,AWS,eu-west-1,g4dn.2xlarge,T4,1.0,ondemand,0.838,0.838,instances.vantage.sh (AWS Price List mirror)
2026-06-22,AWS,eu-west-1,g4dn.2xlarge,T4,1.0,spot,0.373033,0.373033,instances.vantage.sh (AWS Price List mirror)
2026-06-22,AWS,eu-west-1,g4dn.4xlarge,T4,1.0,ondemand,1.342,1.342,instances.vantage.sh (AWS Price List mirror)
2026-06-22,AWS,eu-west-1,g4dn.4xlarge,T4,1.0,spot,0.621767,0.621767,instances.vantage.sh (AWS Price List mirror)
2026-06-22,AWS,eu-west-1,g4dn.8xlarge,T4,1.0,ondemand,2.426,2.426,instances.vantage.sh (AWS Price List mirror)
2026-06-22,AWS,eu-west-1,g4dn.8xlarge,T4,1.0,spot,1.097533,1.097533,instances.vantage.sh (AWS Price List mirror)
2026-06-22,AWS,eu-west-1,g4dn.metal,T4,8.0,ondemand,8.724,1.0905,instances.vantage.sh (AWS Price List mirror)
2026-06-22,AWS,eu-west-1,g4dn.metal,T4,8.0,spot,4.4608,0.5576,instances.vantage.sh (AWS Price List mirror)
2026-06-22,AWS,eu-west-1,g4dn.xlarge,T4,1.0,ondemand,0.587,0.587,instances.vantage.sh (AWS Price List mirror)
2026-06-22,AWS,eu-west-1,g4dn.xlarge,T4,1.0,spot,0.2986,0.2986,instances.vantage.sh (AWS Price List mirror)
2026-06-22,AWS,eu-west-1,g5.12xlarge,A10G,4.0,ondemand,6.33167,1.5829175,instances.vantage.sh (AWS Price List mirror)
2026-06-22,AWS,eu-west-1,g5.12xlarge,A10G,4.0,spot,3.591733,0.89793325,instances.vantage.sh (AWS Price List mirror)
2026-06-22,AWS,eu-west-1,g5.16xlarge,A10G,1.0,ondemand,4.57237,4.57237,instances.vantage.sh (AWS Price List mirror)
2026-06-22,AWS,eu-west-1,g5.16xlarge,A10G,1.0,spot,1.736633,1.736633,instances.vantage.sh (AWS Price List mirror)
2026-06-22,AWS,eu-west-1,g5.24xlarge,A10G,4.0,ondemand,9.09117,2.2727925,instances.vantage.sh (AWS Price List mirror)
2026-06-22,AWS,eu-west-1,g5.24xlarge,A10G,4.0,spot,2.5356,0.6339,instances.vantage.sh (AWS Price List mirror)
2026-06-22,AWS,eu-west-1,g5.2xlarge,A10G,1.0,ondemand,1.35296,1.35296,instances.vantage.sh (AWS Price List mirror)
2026-06-22,AWS,eu-west-1,g5.2xlarge,A10G,1.0,spot,1.194867,1.194867,instances.vantage.sh (AWS Price List mirror)
2026-06-22,AWS,eu-west-1,g5.48xlarge,A10G,8.0,ondemand,18.18233,2.27279125,instances.vantage.sh (AWS Price List mirror)
2026-06-22,AWS,eu-west-1,g5.48xlarge,A10G,8.0,spot,6.257533,0.782191625,instances.vantage.sh (AWS Price List mirror)
2026-06-22,AWS,eu-west-1,g5.4xlarge,A10G,1.0,ondemand,1.81287,1.81287,instances.vantage.sh (AWS Price List mirror)
2026-06-22,AWS,eu-west-1,g5.4xlarge,A10G,1.0,spot,1.064233,1.064233,instances.vantage.sh (AWS Price List mirror)
2026-06-22,AWS,eu-west-1,g5.8xlarge,A10G,1.0,ondemand,2.73271,2.73271,instances.vantage.sh (AWS Price List mirror)
2026-06-22,AWS,eu-west-1,g5.8xlarge,A10G,1.0,spot,1.532933,1.532933,instances.vantage.sh (AWS Price List mirror)
2026-06-22,AWS,eu-west-1,g5.xlarge,A10G,1.0,ondemand,1.123,1.123,instances.vantage.sh (AWS Price List mirror)
2026-06-22,AWS,eu-west-1,g5.xlarge,A10G,1.0,spot,0.749733,0.749733,instances.vantage.sh (AWS Price List mirror)
2026-06-22,AWS,eu-west-1,inf1.24xlarge,AWS Inferentia,16.0,ondemand,5.26,0.32875,instances.vantage.sh (AWS Price List mirror)
2026-06-22,AWS,eu-west-1,inf1.24xlarge,AWS Inferentia,16.0,spot,1.2296,0.07685,instances.vantage.sh (AWS Price List mirror)
2026-06-22,AWS,eu-west-1,inf1.2xlarge,AWS Inferentia,1.0,ondemand,0.403,0.403,instances.vantage.sh (AWS Price List mirror)
2026-06-22,AWS,eu-west-1,inf1.2xlarge,AWS Inferentia,1.0,spot,0.129033,0.129033,instances.vantage.sh (AWS Price List mirror)
2026-06-22,AWS,eu-west-1,inf1.6xlarge,AWS Inferentia,4.0,ondemand,1.315,0.32875,instances.vantage.sh (AWS Price List mirror)
2026-06-22,AWS,eu-west-1,inf1.6xlarge,AWS Inferentia,4.0,spot,0.332733,0.08318325,instances.vantage.sh (AWS Price List mirror)
2026-06-22,AWS,eu-west-1,inf1.xlarge,AWS Inferentia,1.0,ondemand,0.254,0.254,instances.vantage.sh (AWS Price List mirror)
2026-06-22,AWS,eu-west-1,inf1.xlarge,AWS Inferentia,1.0,spot,0.065033,0.065033,instances.vantage.sh (AWS Price List mirror)
2026-06-22,AWS,eu-west-1,inf2.24xlarge,AWS Inferentia2,6.0,ondemand,8.11329,1.352215,instances.vantage.sh (AWS Price List mirror)
2026-06-22,AWS,eu-west-1,inf2.24xlarge,AWS Inferentia2,6.0,spot,1.574667,0.2624445,instances.vantage.sh (AWS Price List mirror)
2026-06-22,AWS,eu-west-1,inf2.48xlarge,AWS Inferentia2,12.0,ondemand,16.22658,1.352215,instances.vantage.sh (AWS Price List mirror)
2026-06-22,AWS,eu-west-1,inf2.48xlarge,AWS Inferentia2,12.0,spot,2.330933,0.19424441666666667,instances.vantage.sh (AWS Price List mirror)
2026-06-22,AWS,eu-west-1,inf2.8xlarge,AWS Inferentia2,1.0,ondemand,2.45982,2.45982,instances.vantage.sh (AWS Price List mirror)
2026-06-22,AWS,eu-west-1,inf2.8xlarge,AWS Inferentia2,1.0,spot,0.7589,0.7589,instances.vantage.sh (AWS Price List mirror)
2026-06-22,AWS,eu-west-1,inf2.xlarge,AWS Inferentia2,1.0,ondemand,0.94775,0.94775,instances.vantage.sh (AWS Price List mirror)
2026-06-22,AWS,eu-west-1,inf2.xlarge,AWS Inferentia2,1.0,spot,0.2286,0.2286,instances.vantage.sh (AWS Price List mirror)
2026-06-22,AWS,eu-west-1,p2.16xlarge,K80,16.0,ondemand,15.552,0.972,instances.vantage.sh (AWS Price List mirror)
2026-06-22,AWS,eu-west-1,p2.8xlarge,K80,8.0,ondemand,7.776,0.972,instances.vantage.sh (AWS Price List mirror)
2026-06-22,AWS,eu-west-1,p2.xlarge,K80,1.0,ondemand,0.972,0.972,instances.vantage.sh (AWS Price List mirror)
2026-06-22,AWS,eu-west-1,p3.16xlarge,V100,8.0,ondemand,26.44,3.305,instances.vantage.sh (AWS Price List mirror)
2026-06-22,AWS,eu-west-1,p3.16xlarge,V100,8.0,spot,26.44,3.305,instances.vantage.sh (AWS Price List mirror)
2026-06-22,AWS,eu-west-1,p3.2xlarge,V100,1.0,ondemand,3.305,3.305,instances.vantage.sh (AWS Price List mirror)
2026-06-22,AWS,eu-west-1,p3.2xlarge,V100,1.0,spot,1.2338,1.2338,instances.vantage.sh (AWS Price List mirror)
2026-06-22,AWS,eu-west-1,p3.8xlarge,V100,4.0,ondemand,13.22,3.305,instances.vantage.sh (AWS Price List mirror)
2026-06-22,AWS,eu-west-1,p3.8xlarge,V100,4.0,spot,4.40865,1.1021625,instances.vantage.sh (AWS Price List mirror)
2026-06-22,AWS,eu-west-1,p3dn.24xlarge,V100,8.0,ondemand,33.711,4.213875,instances.vantage.sh (AWS Price List mirror)
2026-06-22,AWS,eu-west-1,p3dn.24xlarge,V100,8.0,spot,14.15655,1.76956875,instances.vantage.sh (AWS Price List mirror)
2026-06-22,AWS,eu-west-1,p4d.24xlarge,A100,8.0,ondemand,23.71569,2.96446125,instances.vantage.sh (AWS Price List mirror)
2026-06-22,AWS,eu-west-1,p4d.24xlarge,A100,8.0,spot,10.8725,1.3590625,instances.vantage.sh (AWS Price List mirror)
2026-06-22,AWS,eu-west-2,g3.16xlarge,M60,4.0,ondemand,5.716,1.429,instances.vantage.sh (AWS Price List mirror)
2026-06-22,AWS,eu-west-2,g3.4xlarge,M60,1.0,ondemand,1.429,1.429,instances.vantage.sh (AWS Price List mirror)
2026-06-22,AWS,eu-west-2,g3.8xlarge,M60,2.0,ondemand,2.858,1.429,instances.vantage.sh (AWS Price List mirror)
2026-06-22,AWS,eu-west-2,g3s.xlarge,M60,1.0,ondemand,0.94,0.94,instances.vantage.sh (AWS Price List mirror)
2026-06-22,AWS,eu-west-2,g4ad.16xlarge,V520,4.0,ondemand,4.056,1.014,instances.vantage.sh (AWS Price List mirror)
2026-06-22,AWS,eu-west-2,g4ad.16xlarge,V520,4.0,spot,0.7872,0.1968,instances.vantage.sh (AWS Price List mirror)
2026-06-22,AWS,eu-west-2,g4ad.2xlarge,V520,1.0,ondemand,0.63292,0.63292,instances.vantage.sh (AWS Price List mirror)
2026-06-22,AWS,eu-west-2,g4ad.2xlarge,V520,1.0,spot,0.2857,0.2857,instances.vantage.sh (AWS Price List mirror)
2026-06-22,AWS,eu-west-2,g4ad.4xlarge,V520,1.0,ondemand,1.014,1.014,instances.vantage.sh (AWS Price List mirror)
2026-06-22,AWS,eu-west-2,g4ad.4xlarge,V520,1.0,spot,0.34915,0.34915,instances.vantage.sh (AWS Price List mirror)
2026-06-22,AWS,eu-west-2,g4ad.8xlarge,V520,2.0,ondemand,2.028,1.014,instances.vantage.sh (AWS Price List mirror)
2026-06-22,AWS,eu-west-2,g4ad.8xlarge,V520,2.0,spot,0.3416,0.1708,instances.vantage.sh (AWS Price List mirror)
2026-06-22,AWS,eu-west-2,g4ad.xlarge,V520,1.0,ondemand,0.44271,0.44271,instances.vantage.sh (AWS Price List mirror)
2026-06-22,AWS,eu-west-2,g4ad.xlarge,V520,1.0,spot,0.1129,0.1129,instances.vantage.sh (AWS Price List mirror)
2026-06-22,AWS,eu-west-2,g4dn.12xlarge,T4,4.0,ondemand,4.577,1.14425,instances.vantage.sh (AWS Price List mirror)
2026-06-22,AWS,eu-west-2,g4dn.12xlarge,T4,4.0,spot,1.705267,0.42631675,instances.vantage.sh (AWS Price List mirror)
2026-06-22,AWS,eu-west-2,g4dn.16xlarge,T4,1.0,ondemand,5.092,5.092,instances.vantage.sh (AWS Price List mirror)
2026-06-22,AWS,eu-west-2,g4dn.16xlarge,T4,1.0,spot,0.852033,0.852033,instances.vantage.sh (AWS Price List mirror)
2026-06-22,AWS,eu-west-2,g4dn.2xlarge,T4,1.0,ondemand,0.88,0.88,instances.vantage.sh (AWS Price List mirror)
2026-06-22,AWS,eu-west-2,g4dn.2xlarge,T4,1.0,spot,0.269633,0.269633,instances.vantage.sh (AWS Price List mirror)
2026-06-22,AWS,eu-west-2,g4dn.4xlarge,T4,1.0,ondemand,1.409,1.409,instances.vantage.sh (AWS Price List mirror)
2026-06-22,AWS,eu-west-2,g4dn.4xlarge,T4,1.0,spot,0.394733,0.394733,instances.vantage.sh (AWS Price List mirror)
2026-06-22,AWS,eu-west-2,g4dn.8xlarge,T4,1.0,ondemand,2.546,2.546,instances.vantage.sh (AWS Price List mirror)
2026-06-22,AWS,eu-west-2,g4dn.8xlarge,T4,1.0,spot,0.611633,0.611633,instances.vantage.sh (AWS Price List mirror)
2026-06-22,AWS,eu-west-2,g4dn.metal,T4,8.0,ondemand,9.154,1.14425,instances.vantage.sh (AWS Price List mirror)
2026-06-22,AWS,eu-west-2,g4dn.metal,T4,8.0,spot,2.3164,0.28955,instances.vantage.sh (AWS Price List mirror)
2026-06-22,AWS,eu-west-2,g4dn.xlarge,T4,1.0,ondemand,0.615,0.615,instances.vantage.sh (AWS Price List mirror)
2026-06-22,AWS,eu-west-2,g4dn.xlarge,T4,1.0,spot,0.194667,0.194667,instances.vantage.sh (AWS Price List mirror)
2026-06-22,AWS,eu-west-2,g5.12xlarge,A10G,4.0,ondemand,7.19994,1.799985,instances.vantage.sh (AWS Price List mirror)
2026-06-22,AWS,eu-west-2,g5.12xlarge,A10G,4.0,spot,4.78905,1.1972625,instances.vantage.sh (AWS Price List mirror)
2026-06-22,AWS,eu-west-2,g5.16xlarge,A10G,1.0,ondemand,5.1994,5.1994,instances.vantage.sh (AWS Price List mirror)
2026-06-22,AWS,eu-west-2,g5.16xlarge,A10G,1.0,spot,3.1629,3.1629,instances.vantage.sh (AWS Price List mirror)
2026-06-22,AWS,eu-west-2,g5.24xlarge,A10G,4.0,ondemand,10.33786,2.584465,instances.vantage.sh (AWS Price List mirror)
2026-06-22,AWS,eu-west-2,g5.24xlarge,A10G,4.0,spot,10.3379,2.584475,instances.vantage.sh (AWS Price List mirror)
2026-06-22,AWS,eu-west-2,g5.2xlarge,A10G,1.0,ondemand,1.53849,1.53849,instances.vantage.sh (AWS Price List mirror)
2026-06-22,AWS,eu-west-2,g5.2xlarge,A10G,1.0,spot,0.7307,0.7307,instances.vantage.sh (AWS Price List mirror)
2026-06-22,AWS,eu-west-2,g5.48xlarge,A10G,8.0,ondemand,20.67572,2.584465,instances.vantage.sh (AWS Price List mirror)
2026-06-22,AWS,eu-west-2,g5.48xlarge,A10G,8.0,spot,20.6757,2.5844625,instances.vantage.sh (AWS Price List mirror)
2026-06-22,AWS,eu-west-2,g5.4xlarge,A10G,1.0,ondemand,2.06148,2.06148,instances.vantage.sh (AWS Price List mirror)
2026-06-22,AWS,eu-west-2,g5.4xlarge,A10G,1.0,spot,0.7905,0.7905,instances.vantage.sh (AWS Price List mirror)
2026-06-22,AWS,eu-west-2,g5.8xlarge,A10G,1.0,ondemand,3.10745,3.10745,instances.vantage.sh (AWS Price List mirror)
2026-06-22,AWS,eu-west-2,g5.8xlarge,A10G,1.0,spot,1.15915,1.15915,instances.vantage.sh (AWS Price List mirror)
2026-06-22,AWS,eu-west-2,g5.xlarge,A10G,1.0,ondemand,1.277,1.277,instances.vantage.sh (AWS Price List mirror)
2026-06-22,AWS,eu-west-2,g5.xlarge,A10G,1.0,spot,0.46925,0.46925,instances.vantage.sh (AWS Price List mirror)
2026-06-22,AWS,eu-west-2,g6.12xlarge,L4,4.0,ondemand,5.8412,1.4603,instances.vantage.sh (AWS Price List mirror)
2026-06-22,AWS,eu-west-2,g6.12xlarge,L4,4.0,spot,1.854233,0.46355825,instances.vantage.sh (AWS Price List mirror)
2026-06-22,AWS,eu-west-2,g6.16xlarge,L4,1.0,ondemand,4.31184,4.31184,instances.vantage.sh (AWS Price List mirror)
2026-06-22,AWS,eu-west-2,g6.16xlarge,L4,1.0,spot,1.455433,1.455433,instances.vantage.sh (AWS Price List mirror)
2026-06-22,AWS,eu-west-2,g6.24xlarge,L4,4.0,ondemand,8.47339,2.1183475,instances.vantage.sh (AWS Price List mirror)
2026-06-22,AWS,eu-west-2,g6.24xlarge,L4,4.0,spot,2.368733,0.59218325,instances.vantage.sh (AWS Price List mirror)
2026-06-22,AWS,eu-west-2,g6.2xlarge,L4,1.0,ondemand,1.24095,1.24095,instances.vantage.sh (AWS Price List mirror)
2026-06-22,AWS,eu-west-2,g6.2xlarge,L4,1.0,spot,0.4902,0.4902,instances.vantage.sh (AWS Price List mirror)
2026-06-22,AWS,eu-west-2,g6.48xlarge,L4,8.0,ondemand,16.94678,2.1183475,instances.vantage.sh (AWS Price List mirror)
2026-06-22,AWS,eu-west-2,g6.48xlarge,L4,8.0,spot,5.5211,0.6901375,instances.vantage.sh (AWS Price List mirror)
2026-06-22,AWS,eu-west-2,g6.4xlarge,L4,1.0,ondemand,1.67965,1.67965,instances.vantage.sh (AWS Price List mirror)
2026-06-22,AWS,eu-west-2,g6.4xlarge,L4,1.0,spot,0.6209,0.6209,instances.vantage.sh (AWS Price List mirror)
2026-06-22,AWS,eu-west-2,g6.8xlarge,L4,1.0,ondemand,2.55705,2.55705,instances.vantage.sh (AWS Price List mirror)
2026-06-22,AWS,eu-west-2,g6.8xlarge,L4,1.0,spot,0.9875,0.9875,instances.vantage.sh (AWS Price List mirror)
2026-06-22,AWS,eu-west-2,g6.xlarge,L4,1.0,ondemand,1.0216,1.0216,instances.vantage.sh (AWS Price List mirror)
2026-06-22,AWS,eu-west-2,g6.xlarge,L4,1.0,spot,0.345033,0.345033,instances.vantage.sh (AWS Price List mirror)
2026-06-22,AWS,eu-west-2,g6f.2xlarge,L4,0.25,ondemand,0.60298,2.41192,instances.vantage.sh (AWS Price List mirror)
2026-06-22,AWS,eu-west-2,g6f.2xlarge,L4,0.25,spot,0.2066,0.8264,instances.vantage.sh (AWS Price List mirror)
2026-06-22,AWS,eu-west-2,g6f.4xlarge,L4,0.5,ondemand,1.20595,2.4119,instances.vantage.sh (AWS Price List mirror)
2026-06-22,AWS,eu-west-2,g6f.4xlarge,L4,0.5,spot,0.44875,0.8975,instances.vantage.sh (AWS Price List mirror)
2026-06-22,AWS,eu-west-2,g6f.large,L4,0.125,ondemand,0.25642,2.05136,instances.vantage.sh (AWS Price List mirror)
2026-06-22,AWS,eu-west-2,g6f.large,L4,0.125,spot,0.0684,0.5472,instances.vantage.sh (AWS Price List mirror)
2026-06-22,AWS,eu-west-2,g6f.xlarge,L4,0.125,ondemand,0.30149,2.41192,instances.vantage.sh (AWS Price List mirror)
2026-06-22,AWS,eu-west-2,g6f.xlarge,L4,0.125,spot,0.1148,0.9184,instances.vantage.sh (AWS Price List mirror)
2026-06-22,AWS,eu-west-2,g7e.12xlarge,NVIDIA GB202,2.0,ondemand,14.40172,7.20086,instances.vantage.sh (AWS Price List mirror)
2026-06-22,AWS,eu-west-2,g7e.12xlarge,NVIDIA GB202,2.0,spot,5.6082,2.8041,instances.vantage.sh (AWS Price List mirror)
2026-06-22,AWS,eu-west-2,g7e.24xlarge,NVIDIA GB202,4.0,ondemand,28.80344,7.20086,instances.vantage.sh (AWS Price List mirror)
2026-06-22,AWS,eu-west-2,g7e.24xlarge,NVIDIA GB202,4.0,spot,10.3299,2.582475,instances.vantage.sh (AWS Price List mirror)
2026-06-22,AWS,eu-west-2,g7e.2xlarge,NVIDIA GB202,1.0,ondemand,5.84531,5.84531,instances.vantage.sh (AWS Price List mirror)
2026-06-22,AWS,eu-west-2,g7e.2xlarge,NVIDIA GB202,1.0,spot,1.9519,1.9519,instances.vantage.sh (AWS Price List mirror)
2026-06-22,AWS,eu-west-2,g7e.48xlarge,NVIDIA GB202,8.0,ondemand,57.60687,7.20085875,instances.vantage.sh (AWS Price List mirror)
2026-06-22,AWS,eu-west-2,g7e.48xlarge,NVIDIA GB202,8.0,spot,40.148,5.0185,instances.vantage.sh (AWS Price List mirror)
2026-06-22,AWS,eu-west-2,g7e.4xlarge,NVIDIA GB202,1.0,ondemand,6.94905,6.94905,instances.vantage.sh (AWS Price List mirror)
2026-06-22,AWS,eu-west-2,g7e.4xlarge,NVIDIA GB202,1.0,spot,2.46385,2.46385,instances.vantage.sh (AWS Price List mirror)
2026-06-22,AWS,eu-west-2,g7e.8xlarge,NVIDIA GB202,1.0,ondemand,9.15653,9.15653,instances.vantage.sh (AWS Price List mirror)
2026-06-22,AWS,eu-west-2,g7e.8xlarge,NVIDIA GB202,1.0,spot,3.6687,3.6687,instances.vantage.sh (AWS Price List mirror)
2026-06-22,AWS,eu-west-2,gr6.4xlarge,L4,1.0,ondemand,1.9539,1.9539,instances.vantage.sh (AWS Price List mirror)
2026-06-22,AWS,eu-west-2,gr6.4xlarge,L4,1.0,spot,0.47925,0.47925,instances.vantage.sh (AWS Price List mirror)
2026-06-22,AWS,eu-west-2,gr6.8xlarge,L4,1.0,ondemand,3.10552,3.10552,instances.vantage.sh (AWS Price List mirror)
2026-06-22,AWS,eu-west-2,gr6.8xlarge,L4,1.0,spot,0.7744,0.7744,instances.vantage.sh (AWS Price List mirror)
2026-06-22,AWS,eu-west-2,gr6f.4xlarge,L4,0.5,ondemand,1.35321,2.70642,instances.vantage.sh (AWS Price List mirror)
2026-06-22,AWS,eu-west-2,gr6f.4xlarge,L4,0.5,spot,0.4917,0.9834,instances.vantage.sh (AWS Price List mirror)
2026-06-22,AWS,eu-west-2,inf1.24xlarge,AWS Inferentia,16.0,ondemand,5.53,0.345625,instances.vantage.sh (AWS Price List mirror)
2026-06-22,AWS,eu-west-2,inf1.24xlarge,AWS Inferentia,16.0,spot,0.731967,0.0457479375,instances.vantage.sh (AWS Price List mirror)
2026-06-22,AWS,eu-west-2,inf1.2xlarge,AWS Inferentia,1.0,ondemand,0.424,0.424,instances.vantage.sh (AWS Price List mirror)
2026-06-22,AWS,eu-west-2,inf1.2xlarge,AWS Inferentia,1.0,spot,0.084133,0.084133,instances.vantage.sh (AWS Price List mirror)
2026-06-22,AWS,eu-west-2,inf1.6xlarge,AWS Inferentia,4.0,ondemand,1.382,0.3455,instances.vantage.sh (AWS Price List mirror)
2026-06-22,AWS,eu-west-2,inf1.6xlarge,AWS Inferentia,4.0,spot,0.202367,0.05059175,instances.vantage.sh (AWS Price List mirror)
2026-06-22,AWS,eu-west-2,inf1.xlarge,AWS Inferentia,1.0,ondemand,0.267,0.267,instances.vantage.sh (AWS Price List mirror)
2026-06-22,AWS,eu-west-2,inf1.xlarge,AWS Inferentia,1.0,spot,0.042,0.042,instances.vantage.sh (AWS Price List mirror)
2026-06-22,AWS,eu-west-2,inf2.24xlarge,AWS Inferentia2,6.0,ondemand,9.73595,1.6226583333333335,instances.vantage.sh (AWS Price List mirror)
2026-06-22,AWS,eu-west-2,inf2.24xlarge,AWS Inferentia2,6.0,spot,0.9736,0.16226666666666667,instances.vantage.sh (AWS Price List mirror)
2026-06-22,AWS,eu-west-2,inf2.48xlarge,AWS Inferentia2,12.0,ondemand,19.4719,1.6226583333333335,instances.vantage.sh (AWS Price List mirror)
2026-06-22,AWS,eu-west-2,inf2.48xlarge,AWS Inferentia2,12.0,spot,3.9873,0.332275,instances.vantage.sh (AWS Price List mirror)
2026-06-22,AWS,eu-west-2,inf2.8xlarge,AWS Inferentia2,1.0,ondemand,2.95179,2.95179,instances.vantage.sh (AWS Price List mirror)
2026-06-22,AWS,eu-west-2,inf2.8xlarge,AWS Inferentia2,1.0,spot,0.4198,0.4198,instances.vantage.sh (AWS Price List mirror)
2026-06-22,AWS,eu-west-2,inf2.xlarge,AWS Inferentia2,1.0,ondemand,1.1373,1.1373,instances.vantage.sh (AWS Price List mirror)
2026-06-22,AWS,eu-west-2,inf2.xlarge,AWS Inferentia2,1.0,spot,0.1486,0.1486,instances.vantage.sh (AWS Price List mirror)
2026-06-22,AWS,eu-west-2,p3.16xlarge,V100,8.0,ondemand,28.712,3.589,instances.vantage.sh (AWS Price List mirror)
2026-06-22,AWS,eu-west-2,p3.16xlarge,V100,8.0,spot,28.712,3.589,instances.vantage.sh (AWS Price List mirror)
2026-06-22,AWS,eu-west-2,p3.2xlarge,V100,1.0,ondemand,3.589,3.589,instances.vantage.sh (AWS Price List mirror)
2026-06-22,AWS,eu-west-2,p3.2xlarge,V100,1.0,spot,3.589,3.589,instances.vantage.sh (AWS Price List mirror)
2026-06-22,AWS,eu-west-2,p3.8xlarge,V100,4.0,ondemand,14.356,3.589,instances.vantage.sh (AWS Price List mirror)
2026-06-22,AWS,eu-west-2,p3.8xlarge,V100,4.0,spot,5.88596,1.47149,instances.vantage.sh (AWS Price List mirror)
2026-06-22,AWS,eu-west-2,p4d.24xlarge,A100,8.0,ondemand,28.54493,3.56811625,instances.vantage.sh (AWS Price List mirror)
2026-06-22,AWS,eu-west-2,p4d.24xlarge,A100,8.0,spot,17.66415,2.20801875,instances.vantage.sh (AWS Price List mirror)
2026-06-22,AWS,eu-west-2,p5.48xlarge,H100,8.0,ondemand,71.552,8.944,instances.vantage.sh (AWS Price List mirror)
2026-06-22,AWS,eu-west-2,p5.48xlarge,H100,8.0,spot,14.619533,1.827441625,instances.vantage.sh (AWS Price List mirror)
2026-06-22,AWS,eu-west-2,p5.4xlarge,H100,1.0,ondemand,8.944,8.944,instances.vantage.sh (AWS Price List mirror)
2026-06-22,AWS,eu-west-2,p5.4xlarge,H100,1.0,spot,8.944,8.944,instances.vantage.sh (AWS Price List mirror)
2026-06-22,AWS,eu-west-2-wl1-lon1,g4dn.2xlarge,T4,1.0,ondemand,1.144,1.144,instances.vantage.sh (AWS Price List mirror)
2026-06-22,AWS,eu-west-2-wl1-man1,g4dn.2xlarge,T4,1.0,ondemand,1.144,1.144,instances.vantage.sh (AWS Price List mirror)
2026-06-22,AWS,eu-west-2-wl2-man1,g4dn.2xlarge,T4,1.0,ondemand,1.144,1.144,instances.vantage.sh (AWS Price List mirror)
2026-06-22,AWS,eu-west-3,g4dn.12xlarge,T4,4.0,ondemand,4.574,1.1435,instances.vantage.sh (AWS Price List mirror)
2026-06-22,AWS,eu-west-3,g4dn.12xlarge,T4,4.0,spot,1.024567,0.25614175,instances.vantage.sh (AWS Price List mirror)
2026-06-22,AWS,eu-west-3,g4dn.16xlarge,T4,1.0,ondemand,5.088,5.088,instances.vantage.sh (AWS Price List mirror)
2026-06-22,AWS,eu-west-3,g4dn.16xlarge,T4,1.0,spot,0.851133,0.851133,instances.vantage.sh (AWS Price List mirror)
2026-06-22,AWS,eu-west-3,g4dn.2xlarge,T4,1.0,ondemand,0.879,0.879,instances.vantage.sh (AWS Price List mirror)
2026-06-22,AWS,eu-west-3,g4dn.2xlarge,T4,1.0,spot,0.248667,0.248667,instances.vantage.sh (AWS Price List mirror)
2026-06-22,AWS,eu-west-3,g4dn.4xlarge,T4,1.0,ondemand,1.408,1.408,instances.vantage.sh (AWS Price List mirror)
2026-06-22,AWS,eu-west-3,g4dn.4xlarge,T4,1.0,spot,0.416833,0.416833,instances.vantage.sh (AWS Price List mirror)
2026-06-22,AWS,eu-west-3,g4dn.8xlarge,T4,1.0,ondemand,2.544,2.544,instances.vantage.sh (AWS Price List mirror)
2026-06-22,AWS,eu-west-3,g4dn.8xlarge,T4,1.0,spot,0.470433,0.470433,instances.vantage.sh (AWS Price List mirror)
2026-06-22,AWS,eu-west-3,g4dn.metal,T4,8.0,ondemand,9.148,1.1435,instances.vantage.sh (AWS Price List mirror)
2026-06-22,AWS,eu-west-3,g4dn.metal,T4,8.0,spot,2.587967,0.323495875,instances.vantage.sh (AWS Price List mirror)
2026-06-22,AWS,eu-west-3,g4dn.xlarge,T4,1.0,ondemand,0.615,0.615,instances.vantage.sh (AWS Price List mirror)
2026-06-22,AWS,eu-west-3,g4dn.xlarge,T4,1.0,spot,0.187933,0.187933,instances.vantage.sh (AWS Price List mirror)
2026-06-22,AWS,eu-west-3,g6.12xlarge,L4,4.0,ondemand,5.8412,1.4603,instances.vantage.sh (AWS Price List mirror)
2026-06-22,AWS,eu-west-3,g6.12xlarge,L4,4.0,spot,1.2158,0.30395,instances.vantage.sh (AWS Price List mirror)
2026-06-22,AWS,eu-west-3,g6.16xlarge,L4,1.0,ondemand,4.31184,4.31184,instances.vantage.sh (AWS Price List mirror)
2026-06-22,AWS,eu-west-3,g6.16xlarge,L4,1.0,spot,1.1658,1.1658,instances.vantage.sh (AWS Price List mirror)
2026-06-22,AWS,eu-west-3,g6.24xlarge,L4,4.0,ondemand,8.47339,2.1183475,instances.vantage.sh (AWS Price List mirror)
2026-06-22,AWS,eu-west-3,g6.24xlarge,L4,4.0,spot,1.87065,0.4676625,instances.vantage.sh (AWS Price List mirror)
2026-06-22,AWS,eu-west-3,g6.2xlarge,L4,1.0,ondemand,1.24095,1.24095,instances.vantage.sh (AWS Price List mirror)
2026-06-22,AWS,eu-west-3,g6.2xlarge,L4,1.0,spot,0.34325,0.34325,instances.vantage.sh (AWS Price List mirror)
2026-06-22,AWS,eu-west-3,g6.48xlarge,L4,8.0,ondemand,16.94678,2.1183475,instances.vantage.sh (AWS Price List mirror)
2026-06-22,AWS,eu-west-3,g6.48xlarge,L4,8.0,spot,3.8935,0.4866875,instances.vantage.sh (AWS Price List mirror)
2026-06-22,AWS,eu-west-3,g6.4xlarge,L4,1.0,ondemand,1.67965,1.67965,instances.vantage.sh (AWS Price List mirror)
2026-06-22,AWS,eu-west-3,g6.4xlarge,L4,1.0,spot,0.44885,0.44885,instances.vantage.sh (AWS Price List mirror)
2026-06-22,AWS,eu-west-3,g6.8xlarge,L4,1.0,ondemand,2.55705,2.55705,instances.vantage.sh (AWS Price List mirror)
2026-06-22,AWS,eu-west-3,g6.8xlarge,L4,1.0,spot,0.75595,0.75595,instances.vantage.sh (AWS Price List mirror)
2026-06-22,AWS,eu-west-3,g6.xlarge,L4,1.0,ondemand,1.0216,1.0216,instances.vantage.sh (AWS Price List mirror)
2026-06-22,AWS,eu-west-3,g6.xlarge,L4,1.0,spot,0.32285,0.32285,instances.vantage.sh (AWS Price List mirror)
2026-06-22,AWS,eu-west-3,gr6.4xlarge,L4,1.0,ondemand,1.9538,1.9538,instances.vantage.sh (AWS Price List mirror)
2026-06-22,AWS,eu-west-3,gr6.4xlarge,L4,1.0,spot,0.38405,0.38405,instances.vantage.sh (AWS Price List mirror)
2026-06-22,AWS,eu-west-3,gr6.8xlarge,L4,1.0,ondemand,3.10536,3.10536,instances.vantage.sh (AWS Price List mirror)
2026-06-22,AWS,eu-west-3,gr6.8xlarge,L4,1.0,spot,0.42655,0.42655,instances.vantage.sh (AWS Price List mirror)
2026-06-22,AWS,eu-west-3,inf1.24xlarge,AWS Inferentia,16.0,ondemand,5.517,0.3448125,instances.vantage.sh (AWS Price List mirror)
2026-06-22,AWS,eu-west-3,inf1.24xlarge,AWS Inferentia,16.0,spot,0.7037,0.04398125,instances.vantage.sh (AWS Price List mirror)
2026-06-22,AWS,eu-west-3,inf1.2xlarge,AWS Inferentia,1.0,ondemand,0.423,0.423,instances.vantage.sh (AWS Price List mirror)
2026-06-22,AWS,eu-west-3,inf1.2xlarge,AWS Inferentia,1.0,spot,0.10605,0.10605,instances.vantage.sh (AWS Price List mirror)
2026-06-22,AWS,eu-west-3,inf1.6xlarge,AWS Inferentia,4.0,ondemand,1.379,0.34475,instances.vantage.sh (AWS Price List mirror)
2026-06-22,AWS,eu-west-3,inf1.6xlarge,AWS Inferentia,4.0,spot,0.20925,0.0523125,instances.vantage.sh (AWS Price List mirror)
2026-06-22,AWS,eu-west-3,inf1.xlarge,AWS Inferentia,1.0,ondemand,0.267,0.267,instances.vantage.sh (AWS Price List mirror)
2026-06-22,AWS,eu-west-3,inf1.xlarge,AWS Inferentia,1.0,spot,0.03995,0.03995,instances.vantage.sh (AWS Price List mirror)
2026-06-22,AWS,eu-west-3,inf2.24xlarge,AWS Inferentia2,6.0,ondemand,9.08689,1.5144816666666667,instances.vantage.sh (AWS Price List mirror)
2026-06-22,AWS,eu-west-3,inf2.24xlarge,AWS Inferentia2,6.0,spot,1.5941,0.2656833333333333,instances.vantage.sh (AWS Price List mirror)
2026-06-22,AWS,eu-west-3,inf2.48xlarge,AWS Inferentia2,12.0,ondemand,18.17377,1.5144808333333335,instances.vantage.sh (AWS Price List mirror)
2026-06-22,AWS,eu-west-3,inf2.48xlarge,AWS Inferentia2,12.0,spot,1.99035,0.1658625,instances.vantage.sh (AWS Price List mirror)
2026-06-22,AWS,eu-west-3,inf2.8xlarge,AWS Inferentia2,1.0,ondemand,2.755,2.755,instances.vantage.sh (AWS Price List mirror)
2026-06-22,AWS,eu-west-3,inf2.8xlarge,AWS Inferentia2,1.0,spot,0.3206,0.3206,instances.vantage.sh (AWS Price List mirror)
2026-06-22,AWS,eu-west-3,inf2.xlarge,AWS Inferentia2,1.0,ondemand,1.06148,1.06148,instances.vantage.sh (AWS Price List mirror)
2026-06-22,AWS,eu-west-3,inf2.xlarge,AWS Inferentia2,1.0,spot,0.12775,0.12775,instances.vantage.sh (AWS Price List mirror)
2026-06-22,AWS,eu-west-3-wl1-cmn1,g4dn.12xlarge,T4,4.0,ondemand,5.234,1.3085,instances.vantage.sh (AWS Price List mirror)
2026-06-22,AWS,eu-west-3-wl1-cmn1,g4dn.2xlarge,T4,1.0,ondemand,1.006,1.006,instances.vantage.sh (AWS Price List mirror)
2026-06-22,AWS,eu-west-3-wl1-dss1,g4dn.12xlarge,T4,4.0,ondemand,5.234,1.3085,instances.vantage.sh (AWS Price List mirror)
2026-06-22,AWS,eu-west-3-wl1-dss1,g4dn.2xlarge,T4,1.0,ondemand,1.006,1.006,instances.vantage.sh (AWS Price List mirror)
2026-06-22,AWS,il-central-1,g5.12xlarge,A10G,4.0,ondemand,6.64825,1.6620625,instances.vantage.sh (AWS Price List mirror)
2026-06-22,AWS,il-central-1,g5.12xlarge,A10G,4.0,spot,2.526335,0.63158375,instances.vantage.sh (AWS Price List mirror)
2026-06-22,AWS,il-central-1,g5.16xlarge,A10G,1.0,ondemand,4.80099,4.80099,instances.vantage.sh (AWS Price List mirror)
2026-06-22,AWS,il-central-1,g5.16xlarge,A10G,1.0,spot,1.056218,1.056218,instances.vantage.sh (AWS Price List mirror)
2026-06-22,AWS,il-central-1,g5.24xlarge,A10G,4.0,ondemand,9.54572,2.38643,instances.vantage.sh (AWS Price List mirror)
2026-06-22,AWS,il-central-1,g5.24xlarge,A10G,4.0,spot,7.15929,1.7898225,instances.vantage.sh (AWS Price List mirror)
2026-06-22,AWS,il-central-1,g5.2xlarge,A10G,1.0,ondemand,1.42061,1.42061,instances.vantage.sh (AWS Price List mirror)
2026-06-22,AWS,il-central-1,g5.2xlarge,A10G,1.0,spot,0.298328,0.298328,instances.vantage.sh (AWS Price List mirror)
2026-06-22,AWS,il-central-1,g5.48xlarge,A10G,8.0,ondemand,19.09145,2.38643125,instances.vantage.sh (AWS Price List mirror)
2026-06-22,AWS,il-central-1,g5.48xlarge,A10G,8.0,spot,12.409442,1.55118025,instances.vantage.sh (AWS Price List mirror)
2026-06-22,AWS,il-central-1,g5.4xlarge,A10G,1.0,ondemand,1.90352,1.90352,instances.vantage.sh (AWS Price List mirror)
2026-06-22,AWS,il-central-1,g5.4xlarge,A10G,1.0,spot,0.799478,0.799478,instances.vantage.sh (AWS Price List mirror)
2026-06-22,AWS,il-central-1,g5.8xlarge,A10G,1.0,ondemand,2.86934,2.86934,instances.vantage.sh (AWS Price List mirror)
2026-06-22,AWS,il-central-1,g5.8xlarge,A10G,1.0,spot,0.803415,0.803415,instances.vantage.sh (AWS Price List mirror)
2026-06-22,AWS,il-central-1,g5.xlarge,A10G,1.0,ondemand,1.17915,1.17915,instances.vantage.sh (AWS Price List mirror)
2026-06-22,AWS,il-central-1,g5.xlarge,A10G,1.0,spot,0.330162,0.330162,instances.vantage.sh (AWS Price List mirror)
2026-06-22,AWS,il-central-1,p4de.24xlarge,A100,8.0,ondemand,35.57346,4.4466825,instances.vantage.sh (AWS Price List mirror)
2026-06-22,AWS,il-central-1,p4de.24xlarge,A100,8.0,spot,5.691754,0.71146925,instances.vantage.sh (AWS Price List mirror)
2026-06-22,AWS,me-central-1,g5.12xlarge,A10G,4.0,ondemand,6.9575,1.739375,instances.vantage.sh (AWS Price List mirror)
2026-06-22,AWS,me-central-1,g5.12xlarge,A10G,4.0,spot,6.6792,1.6698,instances.vantage.sh (AWS Price List mirror)
2026-06-22,AWS,me-central-1,g5.16xlarge,A10G,1.0,ondemand,5.02432,5.02432,instances.vantage.sh (AWS Price List mirror)
2026-06-22,AWS,me-central-1,g5.16xlarge,A10G,1.0,spot,2.009728,2.009728,instances.vantage.sh (AWS Price List mirror)
2026-06-22,AWS,me-central-1,g5.24xlarge,A10G,4.0,ondemand,9.98976,2.49744,instances.vantage.sh (AWS Price List mirror)
2026-06-22,AWS,me-central-1,g5.24xlarge,A10G,4.0,spot,9.59017,2.3975425,instances.vantage.sh (AWS Price List mirror)
2026-06-22,AWS,me-central-1,g5.2xlarge,A10G,1.0,ondemand,1.48669,1.48669,instances.vantage.sh (AWS Price List mirror)
2026-06-22,AWS,me-central-1,g5.2xlarge,A10G,1.0,spot,0.847413,0.847413,instances.vantage.sh (AWS Price List mirror)
2026-06-22,AWS,me-central-1,g5.48xlarge,A10G,8.0,ondemand,19.97951,2.49743875,instances.vantage.sh (AWS Price List mirror)
2026-06-22,AWS,me-central-1,g5.48xlarge,A10G,8.0,spot,19.18033,2.39754125,instances.vantage.sh (AWS Price List mirror)
2026-06-22,AWS,me-central-1,g5.4xlarge,A10G,1.0,ondemand,1.99206,1.99206,instances.vantage.sh (AWS Price List mirror)
2026-06-22,AWS,me-central-1,g5.4xlarge,A10G,1.0,spot,1.095633,1.095633,instances.vantage.sh (AWS Price List mirror)
2026-06-22,AWS,me-central-1,g5.8xlarge,A10G,1.0,ondemand,3.00282,3.00282,instances.vantage.sh (AWS Price List mirror)
2026-06-22,AWS,me-central-1,g5.8xlarge,A10G,1.0,spot,1.561466,1.561466,instances.vantage.sh (AWS Price List mirror)
2026-06-22,AWS,me-central-1,g5.xlarge,A10G,1.0,ondemand,1.234,1.234,instances.vantage.sh (AWS Price List mirror)
2026-06-22,AWS,me-central-1,g5.xlarge,A10G,1.0,spot,0.71572,0.71572,instances.vantage.sh (AWS Price List mirror)
2026-06-22,AWS,me-central-1,g6.12xlarge,L4,4.0,ondemand,5.65045,1.4126125,instances.vantage.sh (AWS Price List mirror)
2026-06-22,AWS,me-central-1,g6.12xlarge,L4,4.0,spot,2.316685,0.57917125,instances.vantage.sh (AWS Price List mirror)
2026-06-22,AWS,me-central-1,g6.16xlarge,L4,1.0,ondemand,4.17104,4.17104,instances.vantage.sh (AWS Price List mirror)
2026-06-22,AWS,me-central-1,g6.16xlarge,L4,1.0,spot,0.667366,0.667366,instances.vantage.sh (AWS Price List mirror)
2026-06-22,AWS,me-central-1,g6.24xlarge,L4,4.0,ondemand,8.19669,2.0491725,instances.vantage.sh (AWS Price List mirror)
2026-06-22,AWS,me-central-1,g6.24xlarge,L4,4.0,spot,7.540955,1.88523875,instances.vantage.sh (AWS Price List mirror)
2026-06-22,AWS,me-central-1,g6.2xlarge,L4,1.0,ondemand,1.20043,1.20043,instances.vantage.sh (AWS Price List mirror)
2026-06-22,AWS,me-central-1,g6.2xlarge,L4,1.0,spot,0.516185,0.516185,instances.vantage.sh (AWS Price List mirror)
2026-06-22,AWS,me-central-1,g6.48xlarge,L4,8.0,ondemand,16.39339,2.04917375,instances.vantage.sh (AWS Price List mirror)
2026-06-22,AWS,me-central-1,g6.48xlarge,L4,8.0,spot,15.901588,1.9876985,instances.vantage.sh (AWS Price List mirror)
2026-06-22,AWS,me-central-1,g6.4xlarge,L4,1.0,ondemand,1.6248,1.6248,instances.vantage.sh (AWS Price List mirror)
2026-06-22,AWS,me-central-1,g6.4xlarge,L4,1.0,spot,0.796152,0.796152,instances.vantage.sh (AWS Price List mirror)
2026-06-22,AWS,me-central-1,g6.8xlarge,L4,1.0,ondemand,2.47355,2.47355,instances.vantage.sh (AWS Price List mirror)
2026-06-22,AWS,me-central-1,g6.8xlarge,L4,1.0,spot,0.519446,0.519446,instances.vantage.sh (AWS Price List mirror)
2026-06-22,AWS,me-central-1,g6.xlarge,L4,1.0,ondemand,0.98824,0.98824,instances.vantage.sh (AWS Price List mirror)
2026-06-22,AWS,me-central-1,g6.xlarge,L4,1.0,spot,0.74118,0.74118,instances.vantage.sh (AWS Price List mirror)
2026-06-22,AWS,me-central-1,g6e.12xlarge,L40S,4.0,ondemand,12.87194,3.217985,instances.vantage.sh (AWS Price List mirror)
2026-06-22,AWS,me-central-1,g6e.12xlarge,L40S,4.0,spot,2.831827,0.70795675,instances.vantage.sh (AWS Price List mirror)
2026-06-22,AWS,me-central-1,g6e.16xlarge,L40S,1.0,ondemand,9.2954,9.2954,instances.vantage.sh (AWS Price List mirror)
2026-06-22,AWS,me-central-1,g6e.16xlarge,L40S,1.0,spot,2.137942,2.137942,instances.vantage.sh (AWS Price List mirror)
2026-06-22,AWS,me-central-1,g6e.24xlarge,L40S,4.0,ondemand,18.48186,4.620465,instances.vantage.sh (AWS Price List mirror)
2026-06-22,AWS,me-central-1,g6e.24xlarge,L40S,4.0,spot,4.066009,1.01650225,instances.vantage.sh (AWS Price List mirror)
2026-06-22,AWS,me-central-1,g6e.2xlarge,L40S,1.0,ondemand,2.75049,2.75049,instances.vantage.sh (AWS Price List mirror)
2026-06-22,AWS,me-central-1,g6e.2xlarge,L40S,1.0,spot,0.715127,0.715127,instances.vantage.sh (AWS Price List mirror)
2026-06-22,AWS,me-central-1,g6e.48xlarge,L40S,8.0,ondemand,36.96372,4.620465,instances.vantage.sh (AWS Price List mirror)
2026-06-22,AWS,me-central-1,g6e.48xlarge,L40S,8.0,spot,20.699683,2.587460375,instances.vantage.sh (AWS Price List mirror)
2026-06-22,AWS,me-central-1,g6e.4xlarge,L40S,1.0,ondemand,3.68548,3.68548,instances.vantage.sh (AWS Price List mirror)
2026-06-22,AWS,me-central-1,g6e.4xlarge,L40S,1.0,spot,0.84766,0.84766,instances.vantage.sh (AWS Price List mirror)
2026-06-22,AWS,me-central-1,g6e.8xlarge,L40S,1.0,ondemand,5.55545,5.55545,instances.vantage.sh (AWS Price List mirror)
2026-06-22,AWS,me-central-1,g6e.8xlarge,L40S,1.0,spot,1.333308,1.333308,instances.vantage.sh (AWS Price List mirror)
2026-06-22,AWS,me-central-1,g6e.xlarge,L40S,1.0,ondemand,2.283,2.283,instances.vantage.sh (AWS Price List mirror)
2026-06-22,AWS,me-central-1,g6e.xlarge,L40S,1.0,spot,0.59358,0.59358,instances.vantage.sh (AWS Price List mirror)
2026-06-22,AWS,me-central-1,p5en.48xlarge,H200,8.0,ondemand,75.9552,9.4944,instances.vantage.sh (AWS Price List mirror)
2026-06-22,AWS,me-south-1,g4dn.12xlarge,T4,4.0,ondemand,4.798,1.1995,instances.vantage.sh (AWS Price List mirror)
2026-06-22,AWS,me-south-1,g4dn.12xlarge,T4,4.0,spot,0.7197,0.179925,instances.vantage.sh (AWS Price List mirror)
2026-06-22,AWS,me-south-1,g4dn.16xlarge,T4,1.0,ondemand,5.338,5.338,instances.vantage.sh (AWS Price List mirror)
2026-06-22,AWS,me-south-1,g4dn.16xlarge,T4,1.0,spot,0.64056,0.64056,instances.vantage.sh (AWS Price List mirror)
2026-06-22,AWS,me-south-1,g4dn.2xlarge,T4,1.0,ondemand,0.922,0.922,instances.vantage.sh (AWS Price List mirror)
2026-06-22,AWS,me-south-1,g4dn.2xlarge,T4,1.0,spot,0.31348,0.31348,instances.vantage.sh (AWS Price List mirror)
2026-06-22,AWS,me-south-1,g4dn.4xlarge,T4,1.0,ondemand,1.477,1.477,instances.vantage.sh (AWS Price List mirror)
2026-06-22,AWS,me-south-1,g4dn.4xlarge,T4,1.0,spot,0.48741,0.48741,instances.vantage.sh (AWS Price List mirror)
2026-06-22,AWS,me-south-1,g4dn.8xlarge,T4,1.0,ondemand,2.669,2.669,instances.vantage.sh (AWS Price List mirror)
2026-06-22,AWS,me-south-1,g4dn.8xlarge,T4,1.0,spot,0.5338,0.5338,instances.vantage.sh (AWS Price List mirror)
2026-06-22,AWS,me-south-1,g4dn.metal,T4,8.0,ondemand,9.596,1.1995,instances.vantage.sh (AWS Price List mirror)
2026-06-22,AWS,me-south-1,g4dn.metal,T4,8.0,spot,0.9596,0.11995,instances.vantage.sh (AWS Price List mirror)
2026-06-22,AWS,me-south-1,g4dn.xlarge,T4,1.0,ondemand,0.645,0.645,instances.vantage.sh (AWS Price List mirror)
2026-06-22,AWS,me-south-1,g4dn.xlarge,T4,1.0,spot,0.129,0.129,instances.vantage.sh (AWS Price List mirror)
2026-06-22,AWS,me-south-1,inf1.24xlarge,AWS Inferentia,16.0,ondemand,5.786,0.361625,instances.vantage.sh (AWS Price List mirror)
2026-06-22,AWS,me-south-1,inf1.24xlarge,AWS Inferentia,16.0,spot,5.786,0.361625,instances.vantage.sh (AWS Price List mirror)
2026-06-22,AWS,me-south-1,inf1.2xlarge,AWS Inferentia,1.0,ondemand,0.444,0.444,instances.vantage.sh (AWS Price List mirror)
2026-06-22,AWS,me-south-1,inf1.2xlarge,AWS Inferentia,1.0,spot,0.37296,0.37296,instances.vantage.sh (AWS Price List mirror)
2026-06-22,AWS,me-south-1,inf1.6xlarge,AWS Inferentia,4.0,ondemand,1.447,0.36175,instances.vantage.sh (AWS Price List mirror)
2026-06-22,AWS,me-south-1,inf1.6xlarge,AWS Inferentia,4.0,spot,1.447,0.36175,instances.vantage.sh (AWS Price List mirror)
2026-06-22,AWS,me-south-1,inf1.xlarge,AWS Inferentia,1.0,ondemand,0.28,0.28,instances.vantage.sh (AWS Price List mirror)
2026-06-22,AWS,me-south-1,inf1.xlarge,AWS Inferentia,1.0,spot,0.1484,0.1484,instances.vantage.sh (AWS Price List mirror)
2026-06-22,AWS,me-south-1-mct-1,g4dn.2xlarge,T4,1.0,ondemand,1.153,1.153,instances.vantage.sh (AWS Price List mirror)
2026-06-22,AWS,sa-east-1,g4dn.12xlarge,T4,4.0,ondemand,6.649,1.66225,instances.vantage.sh (AWS Price List mirror)
2026-06-22,AWS,sa-east-1,g4dn.12xlarge,T4,4.0,spot,1.848733,0.46218325,instances.vantage.sh (AWS Price List mirror)
2026-06-22,AWS,sa-east-1,g4dn.16xlarge,T4,1.0,ondemand,7.397,7.397,instances.vantage.sh (AWS Price List mirror)
2026-06-22,AWS,sa-east-1,g4dn.16xlarge,T4,1.0,spot,0.7397,0.7397,instances.vantage.sh (AWS Price List mirror)
2026-06-22,AWS,sa-east-1,g4dn.2xlarge,T4,1.0,ondemand,1.278,1.278,instances.vantage.sh (AWS Price List mirror)
2026-06-22,AWS,sa-east-1,g4dn.2xlarge,T4,1.0,spot,0.1278,0.1278,instances.vantage.sh (AWS Price List mirror)
2026-06-22,AWS,sa-east-1,g4dn.4xlarge,T4,1.0,ondemand,2.046,2.046,instances.vantage.sh (AWS Price List mirror)
2026-06-22,AWS,sa-east-1,g4dn.4xlarge,T4,1.0,spot,0.2354,0.2354,instances.vantage.sh (AWS Price List mirror)
2026-06-22,AWS,sa-east-1,g4dn.8xlarge,T4,1.0,ondemand,3.698,3.698,instances.vantage.sh (AWS Price List mirror)
2026-06-22,AWS,sa-east-1,g4dn.8xlarge,T4,1.0,spot,0.3698,0.3698,instances.vantage.sh (AWS Price List mirror)
2026-06-22,AWS,sa-east-1,g4dn.metal,T4,8.0,ondemand,13.298,1.66225,instances.vantage.sh (AWS Price List mirror)
2026-06-22,AWS,sa-east-1,g4dn.metal,T4,8.0,spot,1.904867,0.238108375,instances.vantage.sh (AWS Price List mirror)
2026-06-22,AWS,sa-east-1,g4dn.xlarge,T4,1.0,ondemand,0.894,0.894,instances.vantage.sh (AWS Price List mirror)
2026-06-22,AWS,sa-east-1,g4dn.xlarge,T4,1.0,spot,0.0938,0.0938,instances.vantage.sh (AWS Price List mirror)
2026-06-22,AWS,sa-east-1,g5.12xlarge,A10G,4.0,ondemand,9.64127,2.4103175,instances.vantage.sh (AWS Price List mirror)
2026-06-22,AWS,sa-east-1,g5.12xlarge,A10G,4.0,spot,7.8578,1.96445,instances.vantage.sh (AWS Price List mirror)
2026-06-22,AWS,sa-east-1,g5.16xlarge,A10G,1.0,ondemand,6.96239,6.96239,instances.vantage.sh (AWS Price List mirror)
2026-06-22,AWS,sa-east-1,g5.16xlarge,A10G,1.0,spot,3.90225,3.90225,instances.vantage.sh (AWS Price List mirror)
2026-06-22,AWS,sa-east-1,g5.24xlarge,A10G,4.0,ondemand,13.84318,3.460795,instances.vantage.sh (AWS Price List mirror)
2026-06-22,AWS,sa-east-1,g5.24xlarge,A10G,4.0,spot,11.6878,2.92195,instances.vantage.sh (AWS Price List mirror)
2026-06-22,AWS,sa-east-1,g5.2xlarge,A10G,1.0,ondemand,2.06016,2.06016,instances.vantage.sh (AWS Price List mirror)
2026-06-22,AWS,sa-east-1,g5.2xlarge,A10G,1.0,spot,0.24505,0.24505,instances.vantage.sh (AWS Price List mirror)
2026-06-22,AWS,sa-east-1,g5.48xlarge,A10G,8.0,ondemand,27.68636,3.460795,instances.vantage.sh (AWS Price List mirror)
2026-06-22,AWS,sa-east-1,g5.48xlarge,A10G,8.0,spot,22.56245,2.82030625,instances.vantage.sh (AWS Price List mirror)
2026-06-22,AWS,sa-east-1,g5.4xlarge,A10G,1.0,ondemand,2.76048,2.76048,instances.vantage.sh (AWS Price List mirror)
2026-06-22,AWS,sa-east-1,g5.4xlarge,A10G,1.0,spot,0.6188,0.6188,instances.vantage.sh (AWS Price List mirror)
2026-06-22,AWS,sa-east-1,g5.8xlarge,A10G,1.0,ondemand,4.16111,4.16111,instances.vantage.sh (AWS Price List mirror)
2026-06-22,AWS,sa-east-1,g5.8xlarge,A10G,1.0,spot,1.61765,1.61765,instances.vantage.sh (AWS Price List mirror)
2026-06-22,AWS,sa-east-1,g5.xlarge,A10G,1.0,ondemand,1.71,1.71,instances.vantage.sh (AWS Price List mirror)
2026-06-22,AWS,sa-east-1,g5.xlarge,A10G,1.0,spot,0.3428,0.3428,instances.vantage.sh (AWS Price List mirror)
2026-06-22,AWS,sa-east-1,g6.12xlarge,L4,4.0,ondemand,7.82181,1.9554525,instances.vantage.sh (AWS Price List mirror)
2026-06-22,AWS,sa-east-1,g6.12xlarge,L4,4.0,spot,0.7822,0.19555,instances.vantage.sh (AWS Price List mirror)
2026-06-22,AWS,sa-east-1,g6.16xlarge,L4,1.0,ondemand,5.77388,5.77388,instances.vantage.sh (AWS Price List mirror)
2026-06-22,AWS,sa-east-1,g6.16xlarge,L4,1.0,spot,1.1318,1.1318,instances.vantage.sh (AWS Price List mirror)
2026-06-22,AWS,sa-east-1,g6.24xlarge,L4,4.0,ondemand,11.34651,2.8366275,instances.vantage.sh (AWS Price List mirror)
2026-06-22,AWS,sa-east-1,g6.24xlarge,L4,4.0,spot,2.50095,0.6252375,instances.vantage.sh (AWS Price List mirror)
2026-06-22,AWS,sa-east-1,g6.2xlarge,L4,1.0,ondemand,1.66173,1.66173,instances.vantage.sh (AWS Price List mirror)
2026-06-22,AWS,sa-east-1,g6.2xlarge,L4,1.0,spot,0.25305,0.25305,instances.vantage.sh (AWS Price List mirror)
2026-06-22,AWS,sa-east-1,g6.48xlarge,L4,8.0,ondemand,22.69303,2.83662875,instances.vantage.sh (AWS Price List mirror)
2026-06-22,AWS,sa-east-1,g6.48xlarge,L4,8.0,spot,6.4673,0.8084125,instances.vantage.sh (AWS Price List mirror)
2026-06-22,AWS,sa-east-1,g6.4xlarge,L4,1.0,ondemand,2.24918,2.24918,instances.vantage.sh (AWS Price List mirror)
2026-06-22,AWS,sa-east-1,g6.4xlarge,L4,1.0,spot,0.3168,0.3168,instances.vantage.sh (AWS Price List mirror)
2026-06-22,AWS,sa-east-1,g6.8xlarge,L4,1.0,ondemand,3.42408,3.42408,instances.vantage.sh (AWS Price List mirror)
2026-06-22,AWS,sa-east-1,g6.8xlarge,L4,1.0,spot,0.6705,0.6705,instances.vantage.sh (AWS Price List mirror)
2026-06-22,AWS,sa-east-1,g6.xlarge,L4,1.0,ondemand,1.368,1.368,instances.vantage.sh (AWS Price List mirror)
2026-06-22,AWS,sa-east-1,g6.xlarge,L4,1.0,spot,0.31135,0.31135,instances.vantage.sh (AWS Price List mirror)
2026-06-22,AWS,sa-east-1,g6f.2xlarge,L4,0.25,ondemand,0.80742,3.22968,instances.vantage.sh (AWS Price List mirror)
2026-06-22,AWS,sa-east-1,g6f.2xlarge,L4,0.25,spot,0.40435,1.6174,instances.vantage.sh (AWS Price List mirror)
2026-06-22,AWS,sa-east-1,g6f.4xlarge,L4,0.5,ondemand,1.61483,3.22966,instances.vantage.sh (AWS Price List mirror)
2026-06-22,AWS,sa-east-1,g6f.4xlarge,L4,0.5,spot,1.3161,2.6322,instances.vantage.sh (AWS Price List mirror)
2026-06-22,AWS,sa-east-1,g6f.large,L4,0.125,ondemand,0.34336,2.74688,instances.vantage.sh (AWS Price List mirror)
2026-06-22,AWS,sa-east-1,g6f.large,L4,0.125,spot,0.18125,1.45,instances.vantage.sh (AWS Price List mirror)
2026-06-22,AWS,sa-east-1,g6f.xlarge,L4,0.125,ondemand,0.40371,3.22968,instances.vantage.sh (AWS Price List mirror)
2026-06-22,AWS,sa-east-1,g6f.xlarge,L4,0.125,spot,0.11725,0.938,instances.vantage.sh (AWS Price List mirror)
2026-06-22,AWS,sa-east-1,gr6.4xlarge,L4,1.0,ondemand,2.6164,2.6164,instances.vantage.sh (AWS Price List mirror)
2026-06-22,AWS,sa-east-1,gr6.4xlarge,L4,1.0,spot,0.60155,0.60155,instances.vantage.sh (AWS Price List mirror)
2026-06-22,AWS,sa-east-1,gr6.8xlarge,L4,1.0,ondemand,4.1585,4.1585,instances.vantage.sh (AWS Price List mirror)
2026-06-22,AWS,sa-east-1,gr6.8xlarge,L4,1.0,spot,0.7938,0.7938,instances.vantage.sh (AWS Price List mirror)
2026-06-22,AWS,sa-east-1,gr6f.4xlarge,L4,0.5,ondemand,1.81203,3.62406,instances.vantage.sh (AWS Price List mirror)
2026-06-22,AWS,sa-east-1,gr6f.4xlarge,L4,0.5,spot,1.4768,2.9536,instances.vantage.sh (AWS Price List mirror)
2026-06-22,AWS,sa-east-1,inf1.24xlarge,AWS Inferentia,16.0,ondemand,7.8,0.4875,instances.vantage.sh (AWS Price List mirror)
2026-06-22,AWS,sa-east-1,inf1.24xlarge,AWS Inferentia,16.0,spot,0.78,0.04875,instances.vantage.sh (AWS Price List mirror)
2026-06-22,AWS,sa-east-1,inf1.2xlarge,AWS Inferentia,1.0,ondemand,0.598,0.598,instances.vantage.sh (AWS Price List mirror)
2026-06-22,AWS,sa-east-1,inf1.2xlarge,AWS Inferentia,1.0,spot,0.070833,0.070833,instances.vantage.sh (AWS Price List mirror)
2026-06-22,AWS,sa-east-1,inf1.6xlarge,AWS Inferentia,4.0,ondemand,1.95,0.4875,instances.vantage.sh (AWS Price List mirror)
2026-06-22,AWS,sa-east-1,inf1.6xlarge,AWS Inferentia,4.0,spot,0.195,0.04875,instances.vantage.sh (AWS Price List mirror)
2026-06-22,AWS,sa-east-1,inf1.xlarge,AWS Inferentia,1.0,ondemand,0.377,0.377,instances.vantage.sh (AWS Price List mirror)
2026-06-22,AWS,sa-east-1,inf1.xlarge,AWS Inferentia,1.0,spot,0.042133,0.042133,instances.vantage.sh (AWS Price List mirror)
2026-06-22,AWS,sa-east-1,inf2.24xlarge,AWS Inferentia2,6.0,ondemand,11.03408,1.8390133333333332,instances.vantage.sh (AWS Price List mirror)
2026-06-22,AWS,sa-east-1,inf2.24xlarge,AWS Inferentia2,6.0,spot,1.1034,0.18389999999999998,instances.vantage.sh (AWS Price List mirror)
2026-06-22,AWS,sa-east-1,inf2.48xlarge,AWS Inferentia2,12.0,ondemand,22.06815,1.8390125,instances.vantage.sh (AWS Price List mirror)
2026-06-22,AWS,sa-east-1,inf2.48xlarge,AWS Inferentia2,12.0,spot,2.2068,0.18389999999999998,instances.vantage.sh (AWS Price List mirror)
2026-06-22,AWS,sa-east-1,inf2.8xlarge,AWS Inferentia2,1.0,ondemand,3.34536,3.34536,instances.vantage.sh (AWS Price List mirror)
2026-06-22,AWS,sa-east-1,inf2.8xlarge,AWS Inferentia2,1.0,spot,0.3345,0.3345,instances.vantage.sh (AWS Price List mirror)
2026-06-22,AWS,sa-east-1,inf2.xlarge,AWS Inferentia2,1.0,ondemand,1.28894,1.28894,instances.vantage.sh (AWS Price List mirror)
2026-06-22,AWS,sa-east-1,inf2.xlarge,AWS Inferentia2,1.0,spot,0.1289,0.1289,instances.vantage.sh (AWS Price List mirror)
2026-06-22,AWS,sa-east-1,p4d.24xlarge,A100,8.0,ondemand,35.5569,4.4446125,instances.vantage.sh (AWS Price List mirror)
2026-06-22,AWS,sa-east-1,p4d.24xlarge,A100,8.0,spot,28.9796,3.62245,instances.vantage.sh (AWS Price List mirror)
2026-06-22,AWS,sa-east-1,p5.48xlarge,H100,8.0,ondemand,92.4672,11.5584,instances.vantage.sh (AWS Price List mirror)
2026-06-22,AWS,sa-east-1,p5.48xlarge,H100,8.0,spot,75.3626,9.420325,instances.vantage.sh (AWS Price List mirror)
2026-06-22,AWS,sa-east-1,p5.4xlarge,H100,1.0,ondemand,11.5584,11.5584,instances.vantage.sh (AWS Price List mirror)
2026-06-22,AWS,sa-east-1,p5.4xlarge,H100,1.0,spot,9.4203,9.4203,instances.vantage.sh (AWS Price List mirror)
2026-06-22,AWS,us-east-1,g2.2xlarge,K520,1.0,ondemand,0.65,0.65,instances.vantage.sh (AWS Price List mirror)
2026-06-22,AWS,us-east-1,g2.8xlarge,K520,4.0,ondemand,2.6,0.65,instances.vantage.sh (AWS Price List mirror)
2026-06-22,AWS,us-east-1,g3.16xlarge,M60,4.0,ondemand,4.56,1.14,instances.vantage.sh (AWS Price List mirror)
2026-06-22,AWS,us-east-1,g3.4xlarge,M60,1.0,ondemand,1.14,1.14,instances.vantage.sh (AWS Price List mirror)
2026-06-22,AWS,us-east-1,g3.8xlarge,M60,2.0,ondemand,2.28,1.14,instances.vantage.sh (AWS Price List mirror)
2026-06-22,AWS,us-east-1,g3s.xlarge,M60,1.0,ondemand,0.75,0.75,instances.vantage.sh (AWS Price List mirror)
2026-06-22,AWS,us-east-1,g4ad.16xlarge,V520,4.0,ondemand,3.468,0.867,instances.vantage.sh (AWS Price List mirror)
2026-06-22,AWS,us-east-1,g4ad.16xlarge,V520,4.0,spot,2.2417,0.560425,instances.vantage.sh (AWS Price List mirror)
2026-06-22,AWS,us-east-1,g4ad.2xlarge,V520,1.0,ondemand,0.54117,0.54117,instances.vantage.sh (AWS Price List mirror)
2026-06-22,AWS,us-east-1,g4ad.2xlarge,V520,1.0,spot,0.242725,0.242725,instances.vantage.sh (AWS Price List mirror)
2026-06-22,AWS,us-east-1,g4ad.4xlarge,V520,1.0,ondemand,0.867,0.867,instances.vantage.sh (AWS Price List mirror)
2026-06-22,AWS,us-east-1,g4ad.4xlarge,V520,1.0,spot,0.3497,0.3497,instances.vantage.sh (AWS Price List mirror)
2026-06-22,AWS,us-east-1,g4ad.8xlarge,V520,2.0,ondemand,1.734,0.867,instances.vantage.sh (AWS Price List mirror)
2026-06-22,AWS,us-east-1,g4ad.8xlarge,V520,2.0,spot,0.721175,0.3605875,instances.vantage.sh (AWS Price List mirror)
2026-06-22,AWS,us-east-1,g4ad.xlarge,V520,1.0,ondemand,0.37853,0.37853,instances.vantage.sh (AWS Price List mirror)
2026-06-22,AWS,us-east-1,g4ad.xlarge,V520,1.0,spot,0.125025,0.125025,instances.vantage.sh (AWS Price List mirror)
2026-06-22,AWS,us-east-1,g4dn.12xlarge,T4,4.0,ondemand,3.912,0.978,instances.vantage.sh (AWS Price List mirror)
2026-06-22,AWS,us-east-1,g4dn.12xlarge,T4,4.0,spot,1.35622,0.339055,instances.vantage.sh (AWS Price List mirror)
2026-06-22,AWS,us-east-1,g4dn.16xlarge,T4,1.0,ondemand,4.352,4.352,instances.vantage.sh (AWS Price List mirror)
2026-06-22,AWS,us-east-1,g4dn.16xlarge,T4,1.0,spot,1.18986,1.18986,instances.vantage.sh (AWS Price List mirror)
2026-06-22,AWS,us-east-1,g4dn.2xlarge,T4,1.0,ondemand,0.752,0.752,instances.vantage.sh (AWS Price List mirror)
2026-06-22,AWS,us-east-1,g4dn.2xlarge,T4,1.0,spot,0.28628,0.28628,instances.vantage.sh (AWS Price List mirror)
2026-06-22,AWS,us-east-1,g4dn.4xlarge,T4,1.0,ondemand,1.204,1.204,instances.vantage.sh (AWS Price List mirror)
2026-06-22,AWS,us-east-1,g4dn.4xlarge,T4,1.0,spot,0.42162,0.42162,instances.vantage.sh (AWS Price List mirror)
2026-06-22,AWS,us-east-1,g4dn.8xlarge,T4,1.0,ondemand,2.176,2.176,instances.vantage.sh (AWS Price List mirror)
2026-06-22,AWS,us-east-1,g4dn.8xlarge,T4,1.0,spot,0.67766,0.67766,instances.vantage.sh (AWS Price List mirror)
2026-06-22,AWS,us-east-1,g4dn.metal,T4,8.0,ondemand,7.824,0.978,instances.vantage.sh (AWS Price List mirror)
2026-06-22,AWS,us-east-1,g4dn.metal,T4,8.0,spot,4.2713,0.5339125,instances.vantage.sh (AWS Price List mirror)
2026-06-22,AWS,us-east-1,g4dn.xlarge,T4,1.0,ondemand,0.526,0.526,instances.vantage.sh (AWS Price List mirror)
2026-06-22,AWS,us-east-1,g4dn.xlarge,T4,1.0,spot,0.25628,0.25628,instances.vantage.sh (AWS Price List mirror)
2026-06-22,AWS,us-east-1,g5.12xlarge,A10G,4.0,ondemand,5.672,1.418,instances.vantage.sh (AWS Price List mirror)
2026-06-22,AWS,us-east-1,g5.12xlarge,A10G,4.0,spot,2.90272,0.72568,instances.vantage.sh (AWS Price List mirror)
2026-06-22,AWS,us-east-1,g5.16xlarge,A10G,1.0,ondemand,4.096,4.096,instances.vantage.sh (AWS Price List mirror)
2026-06-22,AWS,us-east-1,g5.16xlarge,A10G,1.0,spot,1.61304,1.61304,instances.vantage.sh (AWS Price List mirror)
2026-06-22,AWS,us-east-1,g5.24xlarge,A10G,4.0,ondemand,8.144,2.036,instances.vantage.sh (AWS Price List mirror)
2026-06-22,AWS,us-east-1,g5.24xlarge,A10G,4.0,spot,3.51994,0.879985,instances.vantage.sh (AWS Price List mirror)
2026-06-22,AWS,us-east-1,g5.2xlarge,A10G,1.0,ondemand,1.212,1.212,instances.vantage.sh (AWS Price List mirror)
2026-06-22,AWS,us-east-1,g5.2xlarge,A10G,1.0,spot,0.58234,0.58234,instances.vantage.sh (AWS Price List mirror)
2026-06-22,AWS,us-east-1,g5.48xlarge,A10G,8.0,ondemand,16.288,2.036,instances.vantage.sh (AWS Price List mirror)
2026-06-22,AWS,us-east-1,g5.48xlarge,A10G,8.0,spot,7.64064,0.95508,instances.vantage.sh (AWS Price List mirror)
2026-06-22,AWS,us-east-1,g5.4xlarge,A10G,1.0,ondemand,1.624,1.624,instances.vantage.sh (AWS Price List mirror)
2026-06-22,AWS,us-east-1,g5.4xlarge,A10G,1.0,spot,0.8897,0.8897,instances.vantage.sh (AWS Price List mirror)
2026-06-22,AWS,us-east-1,g5.8xlarge,A10G,1.0,ondemand,2.448,2.448,instances.vantage.sh (AWS Price List mirror)
2026-06-22,AWS,us-east-1,g5.8xlarge,A10G,1.0,spot,1.03748,1.03748,instances.vantage.sh (AWS Price List mirror)
2026-06-22,AWS,us-east-1,g5.xlarge,A10G,1.0,ondemand,1.006,1.006,instances.vantage.sh (AWS Price List mirror)
2026-06-22,AWS,us-east-1,g5.xlarge,A10G,1.0,spot,0.50988,0.50988,instances.vantage.sh (AWS Price List mirror)
2026-06-22,AWS,us-east-1,g5g.16xlarge,T4G,2.0,ondemand,2.744,1.372,instances.vantage.sh (AWS Price List mirror)
2026-06-22,AWS,us-east-1,g5g.16xlarge,T4G,2.0,spot,0.7347,0.36735,instances.vantage.sh (AWS Price List mirror)
2026-06-22,AWS,us-east-1,g5g.2xlarge,T4G,1.0,ondemand,0.556,0.556,instances.vantage.sh (AWS Price List mirror)
2026-06-22,AWS,us-east-1,g5g.2xlarge,T4G,1.0,spot,0.2411,0.2411,instances.vantage.sh (AWS Price List mirror)
2026-06-22,AWS,us-east-1,g5g.4xlarge,T4G,1.0,ondemand,0.828,0.828,instances.vantage.sh (AWS Price List mirror)
2026-06-22,AWS,us-east-1,g5g.4xlarge,T4G,1.0,spot,0.252775,0.252775,instances.vantage.sh (AWS Price List mirror)
2026-06-22,AWS,us-east-1,g5g.8xlarge,T4G,1.0,ondemand,1.372,1.372,instances.vantage.sh (AWS Price List mirror)
2026-06-22,AWS,us-east-1,g5g.8xlarge,T4G,1.0,spot,0.6853,0.6853,instances.vantage.sh (AWS Price List mirror)
2026-06-22,AWS,us-east-1,g5g.metal,T4G,2.0,ondemand,2.744,1.372,instances.vantage.sh (AWS Price List mirror)
2026-06-22,AWS,us-east-1,g5g.metal,T4G,2.0,spot,0.77235,0.386175,instances.vantage.sh (AWS Price List mirror)
2026-06-22,AWS,us-east-1,g5g.xlarge,T4G,1.0,ondemand,0.42,0.42,instances.vantage.sh (AWS Price List mirror)
2026-06-22,AWS,us-east-1,g5g.xlarge,T4G,1.0,spot,0.1278,0.1278,instances.vantage.sh (AWS Price List mirror)
2026-06-22,AWS,us-east-1,g6.12xlarge,L4,4.0,ondemand,4.6016,1.1504,instances.vantage.sh (AWS Price List mirror)
2026-06-22,AWS,us-east-1,g6.12xlarge,L4,4.0,spot,3.5214,0.88035,instances.vantage.sh (AWS Price List mirror)
2026-06-22,AWS,us-east-1,g6.16xlarge,L4,1.0,ondemand,3.3968,3.3968,instances.vantage.sh (AWS Price List mirror)
2026-06-22,AWS,us-east-1,g6.16xlarge,L4,1.0,spot,1.50264,1.50264,instances.vantage.sh (AWS Price List mirror)
2026-06-22,AWS,us-east-1,g6.24xlarge,L4,4.0,ondemand,6.6752,1.6688,instances.vantage.sh (AWS Price List mirror)
2026-06-22,AWS,us-east-1,g6.24xlarge,L4,4.0,spot,3.39258,0.848145,instances.vantage.sh (AWS Price List mirror)
2026-06-22,AWS,us-east-1,g6.2xlarge,L4,1.0,ondemand,0.9776,0.9776,instances.vantage.sh (AWS Price List mirror)
2026-06-22,AWS,us-east-1,g6.2xlarge,L4,1.0,spot,0.71694,0.71694,instances.vantage.sh (AWS Price List mirror)
2026-06-22,AWS,us-east-1,g6.48xlarge,L4,8.0,ondemand,13.3504,1.6688,instances.vantage.sh (AWS Price List mirror)
2026-06-22,AWS,us-east-1,g6.48xlarge,L4,8.0,spot,7.75018,0.9687725,instances.vantage.sh (AWS Price List mirror)
2026-06-22,AWS,us-east-1,g6.4xlarge,L4,1.0,ondemand,1.3232,1.3232,instances.vantage.sh (AWS Price List mirror)
2026-06-22,AWS,us-east-1,g6.4xlarge,L4,1.0,spot,0.79314,0.79314,instances.vantage.sh (AWS Price List mirror)
2026-06-22,AWS,us-east-1,g6.8xlarge,L4,1.0,ondemand,2.0144,2.0144,instances.vantage.sh (AWS Price List mirror)
2026-06-22,AWS,us-east-1,g6.8xlarge,L4,1.0,spot,1.15608,1.15608,instances.vantage.sh (AWS Price List mirror)
2026-06-22,AWS,us-east-1,g6.xlarge,L4,1.0,ondemand,0.8048,0.8048,instances.vantage.sh (AWS Price List mirror)
2026-06-22,AWS,us-east-1,g6.xlarge,L4,1.0,spot,0.44044,0.44044,instances.vantage.sh (AWS Price List mirror)
2026-06-22,AWS,us-east-1,g6e.12xlarge,L40S,4.0,ondemand,10.49264,2.62316,instances.vantage.sh (AWS Price List mirror)
2026-06-22,AWS,us-east-1,g6e.12xlarge,L40S,4.0,spot,4.173775,1.04344375,instances.vantage.sh (AWS Price List mirror)
2026-06-22,AWS,us-east-1,g6e.16xlarge,L40S,1.0,ondemand,7.57719,7.57719,instances.vantage.sh (AWS Price List mirror)
2026-06-22,AWS,us-east-1,g6e.16xlarge,L40S,1.0,spot,2.000675,2.000675,instances.vantage.sh (AWS Price List mirror)
2026-06-22,AWS,us-east-1,g6e.24xlarge,L40S,4.0,ondemand,15.06559,3.7663975,instances.vantage.sh (AWS Price List mirror)
2026-06-22,AWS,us-east-1,g6e.24xlarge,L40S,4.0,spot,5.5524,1.3881,instances.vantage.sh (AWS Price List mirror)
2026-06-22,AWS,us-east-1,g6e.2xlarge,L40S,1.0,ondemand,2.24208,2.24208,instances.vantage.sh (AWS Price List mirror)
2026-06-22,AWS,us-east-1,g6e.2xlarge,L40S,1.0,spot,1.63285,1.63285,instances.vantage.sh (AWS Price List mirror)
2026-06-22,AWS,us-east-1,g6e.48xlarge,L40S,8.0,ondemand,30.13118,3.7663975,instances.vantage.sh (AWS Price List mirror)
2026-06-22,AWS,us-east-1,g6e.48xlarge,L40S,8.0,spot,13.406875,1.675859375,instances.vantage.sh (AWS Price List mirror)
2026-06-22,AWS,us-east-1,g6e.4xlarge,L40S,1.0,ondemand,3.00424,3.00424,instances.vantage.sh (AWS Price List mirror)
2026-06-22,AWS,us-east-1,g6e.4xlarge,L40S,1.0,spot,1.834,1.834,instances.vantage.sh (AWS Price List mirror)
2026-06-22,AWS,us-east-1,g6e.8xlarge,L40S,1.0,ondemand,4.52856,4.52856,instances.vantage.sh (AWS Price List mirror)
2026-06-22,AWS,us-east-1,g6e.8xlarge,L40S,1.0,spot,1.5159,1.5159,instances.vantage.sh (AWS Price List mirror)
2026-06-22,AWS,us-east-1,g6e.xlarge,L40S,1.0,ondemand,1.861,1.861,instances.vantage.sh (AWS Price List mirror)
2026-06-22,AWS,us-east-1,g6e.xlarge,L40S,1.0,spot,1.282775,1.282775,instances.vantage.sh (AWS Price List mirror)
2026-06-22,AWS,us-east-1,g6f.2xlarge,L4,0.25,ondemand,0.475,1.9,instances.vantage.sh (AWS Price List mirror)
2026-06-22,AWS,us-east-1,g6f.2xlarge,L4,0.25,spot,0.214075,0.8563,instances.vantage.sh (AWS Price List mirror)
2026-06-22,AWS,us-east-1,g6f.4xlarge,L4,0.5,ondemand,0.95,1.9,instances.vantage.sh (AWS Price List mirror)
2026-06-22,AWS,us-east-1,g6f.4xlarge,L4,0.5,spot,0.38415,0.7683,instances.vantage.sh (AWS Price List mirror)
2026-06-22,AWS,us-east-1,g6f.large,L4,0.125,ondemand,0.202,1.616,instances.vantage.sh (AWS Price List mirror)
2026-06-22,AWS,us-east-1,g6f.large,L4,0.125,spot,0.05375,0.43,instances.vantage.sh (AWS Price List mirror)
2026-06-22,AWS,us-east-1,g6f.xlarge,L4,0.125,ondemand,0.2375,1.9,instances.vantage.sh (AWS Price List mirror)
2026-06-22,AWS,us-east-1,g6f.xlarge,L4,0.125,spot,0.0839,0.6712,instances.vantage.sh (AWS Price List mirror)
2026-06-22,AWS,us-east-1,g7e.12xlarge,NVIDIA GB202,2.0,ondemand,8.28608,4.14304,instances.vantage.sh (AWS Price List mirror)
2026-06-22,AWS,us-east-1,g7e.12xlarge,NVIDIA GB202,2.0,spot,3.3511,1.67555,instances.vantage.sh (AWS Price List mirror)
2026-06-22,AWS,us-east-1,g7e.24xlarge,NVIDIA GB202,4.0,ondemand,16.57216,4.14304,instances.vantage.sh (AWS Price List mirror)
2026-06-22,AWS,us-east-1,g7e.24xlarge,NVIDIA GB202,4.0,spot,6.1877,1.546925,instances.vantage.sh (AWS Price List mirror)
2026-06-22,AWS,us-east-1,g7e.2xlarge,NVIDIA GB202,1.0,ondemand,3.36312,3.36312,instances.vantage.sh (AWS Price List mirror)
2026-06-22,AWS,us-east-1,g7e.2xlarge,NVIDIA GB202,1.0,spot,1.5794,1.5794,instances.vantage.sh (AWS Price List mirror)
2026-06-22,AWS,us-east-1,g7e.48xlarge,NVIDIA GB202,8.0,ondemand,33.14432,4.14304,instances.vantage.sh (AWS Price List mirror)
2026-06-22,AWS,us-east-1,g7e.48xlarge,NVIDIA GB202,8.0,spot,12.53315,1.56664375,instances.vantage.sh (AWS Price List mirror)
2026-06-22,AWS,us-east-1,g7e.4xlarge,NVIDIA GB202,1.0,ondemand,3.99816,3.99816,instances.vantage.sh (AWS Price List mirror)
2026-06-22,AWS,us-east-1,g7e.4xlarge,NVIDIA GB202,1.0,spot,1.65165,1.65165,instances.vantage.sh (AWS Price List mirror)
2026-06-22,AWS,us-east-1,g7e.8xlarge,NVIDIA GB202,1.0,ondemand,5.26824,5.26824,instances.vantage.sh (AWS Price List mirror)
2026-06-22,AWS,us-east-1,g7e.8xlarge,NVIDIA GB202,1.0,spot,2.0194,2.0194,instances.vantage.sh (AWS Price List mirror)
2026-06-22,AWS,us-east-1,gr6.4xlarge,L4,1.0,ondemand,1.5392,1.5392,instances.vantage.sh (AWS Price List mirror)
2026-06-22,AWS,us-east-1,gr6.4xlarge,L4,1.0,spot,0.635025,0.635025,instances.vantage.sh (AWS Price List mirror)
2026-06-22,AWS,us-east-1,gr6.8xlarge,L4,1.0,ondemand,2.4464,2.4464,instances.vantage.sh (AWS Price List mirror)
2026-06-22,AWS,us-east-1,gr6.8xlarge,L4,1.0,spot,1.15395,1.15395,instances.vantage.sh (AWS Price List mirror)
2026-06-22,AWS,us-east-1,gr6f.4xlarge,L4,0.5,ondemand,1.066,2.132,instances.vantage.sh (AWS Price List mirror)
2026-06-22,AWS,us-east-1,gr6f.4xlarge,L4,0.5,spot,0.39275,0.7855,instances.vantage.sh (AWS Price List mirror)
2026-06-22,AWS,us-east-1,inf1.24xlarge,AWS Inferentia,16.0,ondemand,4.721,0.2950625,instances.vantage.sh (AWS Price List mirror)
2026-06-22,AWS,us-east-1,inf1.24xlarge,AWS Inferentia,16.0,spot,1.08236,0.0676475,instances.vantage.sh (AWS Price List mirror)
2026-06-22,AWS,us-east-1,inf1.2xlarge,AWS Inferentia,1.0,ondemand,0.362,0.362,instances.vantage.sh (AWS Price List mirror)
2026-06-22,AWS,us-east-1,inf1.2xlarge,AWS Inferentia,1.0,spot,0.09804,0.09804,instances.vantage.sh (AWS Price List mirror)
2026-06-22,AWS,us-east-1,inf1.6xlarge,AWS Inferentia,4.0,ondemand,1.18,0.295,instances.vantage.sh (AWS Price List mirror)
2026-06-22,AWS,us-east-1,inf1.6xlarge,AWS Inferentia,4.0,spot,0.29298,0.073245,instances.vantage.sh (AWS Price List mirror)
2026-06-22,AWS,us-east-1,inf1.xlarge,AWS Inferentia,1.0,ondemand,0.228,0.228,instances.vantage.sh (AWS Price List mirror)
2026-06-22,AWS,us-east-1,inf1.xlarge,AWS Inferentia,1.0,spot,0.04852,0.04852,instances.vantage.sh (AWS Price List mirror)
2026-06-22,AWS,us-east-1,inf2.24xlarge,AWS Inferentia2,6.0,ondemand,6.49063,1.0817716666666668,instances.vantage.sh (AWS Price List mirror)
2026-06-22,AWS,us-east-1,inf2.24xlarge,AWS Inferentia2,6.0,spot,0.8376,0.1396,instances.vantage.sh (AWS Price List mirror)
2026-06-22,AWS,us-east-1,inf2.48xlarge,AWS Inferentia2,12.0,ondemand,12.98127,1.0817725,instances.vantage.sh (AWS Price List mirror)
2026-06-22,AWS,us-east-1,inf2.48xlarge,AWS Inferentia2,12.0,spot,4.488275,0.37402291666666665,instances.vantage.sh (AWS Price List mirror)
2026-06-22,AWS,us-east-1,inf2.8xlarge,AWS Inferentia2,1.0,ondemand,1.96786,1.96786,instances.vantage.sh (AWS Price List mirror)
2026-06-22,AWS,us-east-1,inf2.8xlarge,AWS Inferentia2,1.0,spot,0.51925,0.51925,instances.vantage.sh (AWS Price List mirror)
2026-06-22,AWS,us-east-1,inf2.xlarge,AWS Inferentia2,1.0,ondemand,0.7582,0.7582,instances.vantage.sh (AWS Price List mirror)
2026-06-22,AWS,us-east-1,inf2.xlarge,AWS Inferentia2,1.0,spot,0.093675,0.093675,instances.vantage.sh (AWS Price List mirror)
2026-06-22,AWS,us-east-1,p2.16xlarge,K80,16.0,ondemand,14.4,0.9,instances.vantage.sh (AWS Price List mirror)
2026-06-22,AWS,us-east-1,p2.8xlarge,K80,8.0,ondemand,7.2,0.9,instances.vantage.sh (AWS Price List mirror)
2026-06-22,AWS,us-east-1,p2.xlarge,K80,1.0,ondemand,0.9,0.9,instances.vantage.sh (AWS Price List mirror)
2026-06-22,AWS,us-east-1,p3.16xlarge,V100,8.0,ondemand,24.48,3.06,instances.vantage.sh (AWS Price List mirror)
2026-06-22,AWS,us-east-1,p3.16xlarge,V100,8.0,spot,11.5076,1.43845,instances.vantage.sh (AWS Price List mirror)
2026-06-22,AWS,us-east-1,p3.2xlarge,V100,1.0,ondemand,3.06,3.06,instances.vantage.sh (AWS Price List mirror)
2026-06-22,AWS,us-east-1,p3.2xlarge,V100,1.0,spot,0.890725,0.890725,instances.vantage.sh (AWS Price List mirror)
2026-06-22,AWS,us-east-1,p3.8xlarge,V100,4.0,ondemand,12.24,3.06,instances.vantage.sh (AWS Price List mirror)
2026-06-22,AWS,us-east-1,p3.8xlarge,V100,4.0,spot,3.97955,0.9948875,instances.vantage.sh (AWS Price List mirror)
2026-06-22,AWS,us-east-1,p3dn.24xlarge,V100,8.0,ondemand,31.212,3.9015,instances.vantage.sh (AWS Price List mirror)
2026-06-22,AWS,us-east-1,p3dn.24xlarge,V100,8.0,spot,6.29135,0.78641875,instances.vantage.sh (AWS Price List mirror)
2026-06-22,AWS,us-east-1,p4d.24xlarge,A100,8.0,ondemand,21.957642,2.74470525,instances.vantage.sh (AWS Price List mirror)
2026-06-22,AWS,us-east-1,p4d.24xlarge,A100,8.0,spot,11.32675,1.41584375,instances.vantage.sh (AWS Price List mirror)
2026-06-22,AWS,us-east-1,p4de.24xlarge,A100,8.0,ondemand,27.44705,3.43088125,instances.vantage.sh (AWS Price List mirror)
2026-06-22,AWS,us-east-1,p4de.24xlarge,A100,8.0,spot,11.2542,1.406775,instances.vantage.sh (AWS Price List mirror)
2026-06-22,AWS,us-east-1,p5.48xlarge,H100,8.0,ondemand,55.04,6.88,instances.vantage.sh (AWS Price List mirror)
2026-06-22,AWS,us-east-1,p5.48xlarge,H100,8.0,spot,27.209033,3.401129125,instances.vantage.sh (AWS Price List mirror)
2026-06-22,AWS,us-east-1,p5.4xlarge,H100,1.0,ondemand,6.88,6.88,instances.vantage.sh (AWS Price List mirror)
2026-06-22,AWS,us-east-1,p5.4xlarge,H100,1.0,spot,5.44406,5.44406,instances.vantage.sh (AWS Price List mirror)
2026-06-22,AWS,us-east-1,p5en.48xlarge,H200,8.0,ondemand,63.296,7.912,instances.vantage.sh (AWS Price List mirror)
2026-06-22,AWS,us-east-1,p5en.48xlarge,H200,8.0,spot,19.1214,2.390175,instances.vantage.sh (AWS Price List mirror)
2026-06-22,AWS,us-east-1,p6-b200.48xlarge,B200,8.0,ondemand,113.9328,14.2416,instances.vantage.sh (AWS Price List mirror)
2026-06-22,AWS,us-east-1,p6-b200.48xlarge,B200,8.0,spot,21.473,2.684125,instances.vantage.sh (AWS Price List mirror)
2026-06-22,AWS,us-east-1,p6-b300.48xlarge,NVIDIA B300,8.0,ondemand,142.416,17.802,instances.vantage.sh (AWS Price List mirror)
2026-06-22,AWS,us-east-1,p6-b300.48xlarge,NVIDIA B300,8.0,spot,32.5751,4.0718875,instances.vantage.sh (AWS Price List mirror)
2026-06-22,AWS,us-east-1,trn1.2xlarge,AWS Inferentia,1.0,ondemand,1.34375,1.34375,instances.vantage.sh (AWS Price List mirror)
2026-06-22,AWS,us-east-1,trn1.2xlarge,AWS Inferentia,1.0,spot,0.76845,0.76845,instances.vantage.sh (AWS Price List mirror)
2026-06-22,AWS,us-east-1,trn1.32xlarge,AWS Inferentia,16.0,ondemand,21.5,1.34375,instances.vantage.sh (AWS Price List mirror)
2026-06-22,AWS,us-east-1,trn1.32xlarge,AWS Inferentia,16.0,spot,3.287167,0.2054479375,instances.vantage.sh (AWS Price List mirror)
2026-06-22,AWS,us-east-1,trn1n.32xlarge,AWS Inferentia,16.0,ondemand,24.78,1.54875,instances.vantage.sh (AWS Price List mirror)
2026-06-22,AWS,us-east-1,trn1n.32xlarge,AWS Inferentia,16.0,spot,2.6759,0.16724375,instances.vantage.sh (AWS Price List mirror)
2026-06-22,AWS,us-east-1-atl-1,g4dn.2xlarge,T4,1.0,ondemand,1.015,1.015,instances.vantage.sh (AWS Price List mirror)
2026-06-22,AWS,us-east-1-atl-1,p5.48xlarge,H100,8.0,ondemand,55.04,6.88,instances.vantage.sh (AWS Price List mirror)
2026-06-22,AWS,us-east-1-atl-1,p5en.48xlarge,H200,8.0,ondemand,63.296,7.912,instances.vantage.sh (AWS Price List mirror)
2026-06-22,AWS,us-east-1-atl-1,p6-b200.48xlarge,B200,8.0,ondemand,113.9328,14.2416,instances.vantage.sh (AWS Price List mirror)
2026-06-22,AWS,us-east-1-atl-1,p6-b300.48xlarge,NVIDIA B300,8.0,ondemand,167.3388,20.91735,instances.vantage.sh (AWS Price List mirror)
2026-06-22,AWS,us-east-1-bos-1,g4dn.2xlarge,T4,1.0,ondemand,1.015,1.015,instances.vantage.sh (AWS Price List mirror)
2026-06-22,AWS,us-east-1-bos-1,g4dn.4xlarge,T4,1.0,ondemand,1.625,1.625,instances.vantage.sh (AWS Price List mirror)
2026-06-22,AWS,us-east-1-chi-1,g4dn.2xlarge,T4,1.0,ondemand,1.015,1.015,instances.vantage.sh (AWS Price List mirror)
2026-06-22,AWS,us-east-1-chi-1,g4dn.4xlarge,T4,1.0,ondemand,1.625,1.625,instances.vantage.sh (AWS Price List mirror)
2026-06-22,AWS,us-east-1-dfw-1,g4dn.2xlarge,T4,1.0,ondemand,1.015,1.015,instances.vantage.sh (AWS Price List mirror)
2026-06-22,AWS,us-east-1-dfw-1,g4dn.4xlarge,T4,1.0,ondemand,1.625,1.625,instances.vantage.sh (AWS Price List mirror)
2026-06-22,AWS,us-east-1-iah-1,g4dn.2xlarge,T4,1.0,ondemand,1.015,1.015,instances.vantage.sh (AWS Price List mirror)
2026-06-22,AWS,us-east-1-iah-1,g4dn.4xlarge,T4,1.0,ondemand,1.625,1.625,instances.vantage.sh (AWS Price List mirror)
2026-06-22,AWS,us-east-1-lim-1,g4dn.2xlarge,T4,1.0,ondemand,1.725,1.725,instances.vantage.sh (AWS Price List mirror)
2026-06-22,AWS,us-east-1-mci-1,g4dn.2xlarge,T4,1.0,ondemand,1.015,1.015,instances.vantage.sh (AWS Price List mirror)
2026-06-22,AWS,us-east-1-mia-1,g4dn.2xlarge,T4,1.0,ondemand,1.015,1.015,instances.vantage.sh (AWS Price List mirror)
2026-06-22,AWS,us-east-1-msp-1,g4dn.2xlarge,T4,1.0,ondemand,1.015,1.015,instances.vantage.sh (AWS Price List mirror)
2026-06-22,AWS,us-east-1-nyc-1,g4dn.2xlarge,T4,1.0,ondemand,1.015,1.015,instances.vantage.sh (AWS Price List mirror)
2026-06-22,AWS,us-east-1-nyc-1,g4dn.4xlarge,T4,1.0,ondemand,1.625,1.625,instances.vantage.sh (AWS Price List mirror)
2026-06-22,AWS,us-east-1-phl-1,g4dn.2xlarge,T4,1.0,ondemand,1.015,1.015,instances.vantage.sh (AWS Price List mirror)
2026-06-22,AWS,us-east-1-phl-1,g4dn.4xlarge,T4,1.0,ondemand,1.625,1.625,instances.vantage.sh (AWS Price List mirror)
2026-06-22,AWS,us-east-1-qro-1,g4dn.2xlarge,T4,1.0,ondemand,1.09,1.09,instances.vantage.sh (AWS Price List mirror)
2026-06-22,AWS,us-east-1-qro-1,g4dn.4xlarge,T4,1.0,ondemand,1.746,1.746,instances.vantage.sh (AWS Price List mirror)
2026-06-22,AWS,us-east-1-scl-1,g4dn.2xlarge,T4,1.0,ondemand,1.47,1.47,instances.vantage.sh (AWS Price List mirror)
2026-06-22,AWS,us-east-1-wl1,g4dn.2xlarge,T4,1.0,ondemand,1.317,1.317,instances.vantage.sh (AWS Price List mirror)
2026-06-22,AWS,us-east-1-wl1-atl1,g4dn.2xlarge,T4,1.0,ondemand,1.317,1.317,instances.vantage.sh (AWS Price List mirror)
2026-06-22,AWS,us-east-1-wl1-bna1,g4dn.2xlarge,T4,1.0,ondemand,1.317,1.317,instances.vantage.sh (AWS Price List mirror)
2026-06-22,AWS,us-east-1-wl1-chi1,g4dn.2xlarge,T4,1.0,ondemand,1.317,1.317,instances.vantage.sh (AWS Price List mirror)
2026-06-22,AWS,us-east-1-wl1-clt1,g4dn.2xlarge,T4,1.0,ondemand,1.317,1.317,instances.vantage.sh (AWS Price List mirror)
2026-06-22,AWS,us-east-1-wl1-dfw1,g4dn.2xlarge,T4,1.0,ondemand,1.317,1.317,instances.vantage.sh (AWS Price List mirror)
2026-06-22,AWS,us-east-1-wl1-dtw1,g4dn.2xlarge,T4,1.0,ondemand,1.317,1.317,instances.vantage.sh (AWS Price List mirror)
2026-06-22,AWS,us-east-1-wl1-iah1,g4dn.2xlarge,T4,1.0,ondemand,1.317,1.317,instances.vantage.sh (AWS Price List mirror)
2026-06-22,AWS,us-east-1-wl1-mia1,g4dn.2xlarge,T4,1.0,ondemand,1.317,1.317,instances.vantage.sh (AWS Price List mirror)
2026-06-22,AWS,us-east-1-wl1-msp1,g4dn.2xlarge,T4,1.0,ondemand,1.317,1.317,instances.vantage.sh (AWS Price List mirror)
2026-06-22,AWS,us-east-1-wl1-nyc1,g4dn.2xlarge,T4,1.0,ondemand,1.317,1.317,instances.vantage.sh (AWS Price List mirror)
2026-06-22,AWS,us-east-1-wl1-tpa1,g4dn.2xlarge,T4,1.0,ondemand,1.317,1.317,instances.vantage.sh (AWS Price List mirror)
2026-06-22,AWS,us-east-1-wl1-was1,g4dn.2xlarge,T4,1.0,ondemand,1.317,1.317,instances.vantage.sh (AWS Price List mirror)
2026-06-22,AWS,us-east-2,g3.16xlarge,M60,4.0,ondemand,4.56,1.14,instances.vantage.sh (AWS Price List mirror)
2026-06-22,AWS,us-east-2,g3.4xlarge,M60,1.0,ondemand,1.14,1.14,instances.vantage.sh (AWS Price List mirror)
2026-06-22,AWS,us-east-2,g3.8xlarge,M60,2.0,ondemand,2.28,1.14,instances.vantage.sh (AWS Price List mirror)
2026-06-22,AWS,us-east-2,g3s.xlarge,M60,1.0,ondemand,0.75,0.75,instances.vantage.sh (AWS Price List mirror)
2026-06-22,AWS,us-east-2,g4ad.16xlarge,V520,4.0,ondemand,3.468,0.867,instances.vantage.sh (AWS Price List mirror)
2026-06-22,AWS,us-east-2,g4ad.16xlarge,V520,4.0,spot,0.626833,0.15670825,instances.vantage.sh (AWS Price List mirror)
2026-06-22,AWS,us-east-2,g4ad.2xlarge,V520,1.0,ondemand,0.54117,0.54117,instances.vantage.sh (AWS Price List mirror)
2026-06-22,AWS,us-east-2,g4ad.2xlarge,V520,1.0,spot,0.144,0.144,instances.vantage.sh (AWS Price List mirror)
2026-06-22,AWS,us-east-2,g4ad.4xlarge,V520,1.0,ondemand,0.867,0.867,instances.vantage.sh (AWS Price List mirror)
2026-06-22,AWS,us-east-2,g4ad.4xlarge,V520,1.0,spot,0.200867,0.200867,instances.vantage.sh (AWS Price List mirror)
2026-06-22,AWS,us-east-2,g4ad.8xlarge,V520,2.0,ondemand,1.734,0.867,instances.vantage.sh (AWS Price List mirror)
2026-06-22,AWS,us-east-2,g4ad.8xlarge,V520,2.0,spot,0.351367,0.1756835,instances.vantage.sh (AWS Price List mirror)
2026-06-22,AWS,us-east-2,g4ad.xlarge,V520,1.0,ondemand,0.37853,0.37853,instances.vantage.sh (AWS Price List mirror)
2026-06-22,AWS,us-east-2,g4ad.xlarge,V520,1.0,spot,0.0919,0.0919,instances.vantage.sh (AWS Price List mirror)
2026-06-22,AWS,us-east-2,g4dn.12xlarge,T4,4.0,ondemand,3.912,0.978,instances.vantage.sh (AWS Price List mirror)
2026-06-22,AWS,us-east-2,g4dn.12xlarge,T4,4.0,spot,1.2286,0.30715,instances.vantage.sh (AWS Price List mirror)
2026-06-22,AWS,us-east-2,g4dn.16xlarge,T4,1.0,ondemand,4.352,4.352,instances.vantage.sh (AWS Price List mirror)
2026-06-22,AWS,us-east-2,g4dn.16xlarge,T4,1.0,spot,0.9706,0.9706,instances.vantage.sh (AWS Price List mirror)
2026-06-22,AWS,us-east-2,g4dn.2xlarge,T4,1.0,ondemand,0.752,0.752,instances.vantage.sh (AWS Price List mirror)
2026-06-22,AWS,us-east-2,g4dn.2xlarge,T4,1.0,spot,0.1954,0.1954,instances.vantage.sh (AWS Price List mirror)
2026-06-22,AWS,us-east-2,g4dn.4xlarge,T4,1.0,ondemand,1.204,1.204,instances.vantage.sh (AWS Price List mirror)
2026-06-22,AWS,us-east-2,g4dn.4xlarge,T4,1.0,spot,0.328333,0.328333,instances.vantage.sh (AWS Price List mirror)
2026-06-22,AWS,us-east-2,g4dn.8xlarge,T4,1.0,ondemand,2.176,2.176,instances.vantage.sh (AWS Price List mirror)
2026-06-22,AWS,us-east-2,g4dn.8xlarge,T4,1.0,spot,0.453333,0.453333,instances.vantage.sh (AWS Price List mirror)
2026-06-22,AWS,us-east-2,g4dn.metal,T4,8.0,ondemand,7.824,0.978,instances.vantage.sh (AWS Price List mirror)
2026-06-22,AWS,us-east-2,g4dn.metal,T4,8.0,spot,3.069467,0.383683375,instances.vantage.sh (AWS Price List mirror)
2026-06-22,AWS,us-east-2,g4dn.xlarge,T4,1.0,ondemand,0.526,0.526,instances.vantage.sh (AWS Price List mirror)
2026-06-22,AWS,us-east-2,g4dn.xlarge,T4,1.0,spot,0.137333,0.137333,instances.vantage.sh (AWS Price List mirror)
2026-06-22,AWS,us-east-2,g5.12xlarge,A10G,4.0,ondemand,5.672,1.418,instances.vantage.sh (AWS Price List mirror)
2026-06-22,AWS,us-east-2,g5.12xlarge,A10G,4.0,spot,2.465233,0.61630825,instances.vantage.sh (AWS Price List mirror)
2026-06-22,AWS,us-east-2,g5.16xlarge,A10G,1.0,ondemand,4.096,4.096,instances.vantage.sh (AWS Price List mirror)
2026-06-22,AWS,us-east-2,g5.16xlarge,A10G,1.0,spot,0.9164,0.9164,instances.vantage.sh (AWS Price List mirror)
2026-06-22,AWS,us-east-2,g5.24xlarge,A10G,4.0,ondemand,8.144,2.036,instances.vantage.sh (AWS Price List mirror)
2026-06-22,AWS,us-east-2,g5.24xlarge,A10G,4.0,spot,2.580833,0.64520825,instances.vantage.sh (AWS Price List mirror)
2026-06-22,AWS,us-east-2,g5.2xlarge,A10G,1.0,ondemand,1.212,1.212,instances.vantage.sh (AWS Price List mirror)
2026-06-22,AWS,us-east-2,g5.2xlarge,A10G,1.0,spot,0.3766,0.3766,instances.vantage.sh (AWS Price List mirror)
2026-06-22,AWS,us-east-2,g5.48xlarge,A10G,8.0,ondemand,16.288,2.036,instances.vantage.sh (AWS Price List mirror)
2026-06-22,AWS,us-east-2,g5.48xlarge,A10G,8.0,spot,5.120767,0.640095875,instances.vantage.sh (AWS Price List mirror)
2026-06-22,AWS,us-east-2,g5.4xlarge,A10G,1.0,ondemand,1.624,1.624,instances.vantage.sh (AWS Price List mirror)
2026-06-22,AWS,us-east-2,g5.4xlarge,A10G,1.0,spot,0.515333,0.515333,instances.vantage.sh (AWS Price List mirror)
2026-06-22,AWS,us-east-2,g5.8xlarge,A10G,1.0,ondemand,2.448,2.448,instances.vantage.sh (AWS Price List mirror)
2026-06-22,AWS,us-east-2,g5.8xlarge,A10G,1.0,spot,0.618133,0.618133,instances.vantage.sh (AWS Price List mirror)
2026-06-22,AWS,us-east-2,g5.xlarge,A10G,1.0,ondemand,1.006,1.006,instances.vantage.sh (AWS Price List mirror)
2026-06-22,AWS,us-east-2,g5.xlarge,A10G,1.0,spot,0.610533,0.610533,instances.vantage.sh (AWS Price List mirror)
2026-06-22,AWS,us-east-2,g6.12xlarge,L4,4.0,ondemand,4.6016,1.1504,instances.vantage.sh (AWS Price List mirror)
2026-06-22,AWS,us-east-2,g6.12xlarge,L4,4.0,spot,1.1558,0.28895,instances.vantage.sh (AWS Price List mirror)
2026-06-22,AWS,us-east-2,g6.16xlarge,L4,1.0,ondemand,3.3968,3.3968,instances.vantage.sh (AWS Price List mirror)
2026-06-22,AWS,us-east-2,g6.16xlarge,L4,1.0,spot,0.791,0.791,instances.vantage.sh (AWS Price List mirror)
2026-06-22,AWS,us-east-2,g6.24xlarge,L4,4.0,ondemand,6.6752,1.6688,instances.vantage.sh (AWS Price List mirror)
2026-06-22,AWS,us-east-2,g6.24xlarge,L4,4.0,spot,1.673233,0.41830825,instances.vantage.sh (AWS Price List mirror)
2026-06-22,AWS,us-east-2,g6.2xlarge,L4,1.0,ondemand,0.9776,0.9776,instances.vantage.sh (AWS Price List mirror)
2026-06-22,AWS,us-east-2,g6.2xlarge,L4,1.0,spot,0.2787,0.2787,instances.vantage.sh (AWS Price List mirror)
2026-06-22,AWS,us-east-2,g6.48xlarge,L4,8.0,ondemand,13.3504,1.6688,instances.vantage.sh (AWS Price List mirror)
2026-06-22,AWS,us-east-2,g6.48xlarge,L4,8.0,spot,3.7228,0.46535,instances.vantage.sh (AWS Price List mirror)
2026-06-22,AWS,us-east-2,g6.4xlarge,L4,1.0,ondemand,1.3232,1.3232,instances.vantage.sh (AWS Price List mirror)
2026-06-22,AWS,us-east-2,g6.4xlarge,L4,1.0,spot,0.4268,0.4268,instances.vantage.sh (AWS Price List mirror)
2026-06-22,AWS,us-east-2,g6.8xlarge,L4,1.0,ondemand,2.0144,2.0144,instances.vantage.sh (AWS Price List mirror)
2026-06-22,AWS,us-east-2,g6.8xlarge,L4,1.0,spot,0.4505,0.4505,instances.vantage.sh (AWS Price List mirror)
2026-06-22,AWS,us-east-2,g6.xlarge,L4,1.0,ondemand,0.8048,0.8048,instances.vantage.sh (AWS Price List mirror)
2026-06-22,AWS,us-east-2,g6.xlarge,L4,1.0,spot,0.1976,0.1976,instances.vantage.sh (AWS Price List mirror)
2026-06-22,AWS,us-east-2,g6e.12xlarge,L40S,4.0,ondemand,10.49264,2.62316,instances.vantage.sh (AWS Price List mirror)
2026-06-22,AWS,us-east-2,g6e.12xlarge,L40S,4.0,spot,1.8233,0.455825,instances.vantage.sh (AWS Price List mirror)
2026-06-22,AWS,us-east-2,g6e.16xlarge,L40S,1.0,ondemand,7.57719,7.57719,instances.vantage.sh (AWS Price List mirror)
2026-06-22,AWS,us-east-2,g6e.16xlarge,L40S,1.0,spot,1.234933,1.234933,instances.vantage.sh (AWS Price List mirror)
2026-06-22,AWS,us-east-2,g6e.24xlarge,L40S,4.0,ondemand,15.06559,3.7663975,instances.vantage.sh (AWS Price List mirror)
2026-06-22,AWS,us-east-2,g6e.24xlarge,L40S,4.0,spot,2.414433,0.60360825,instances.vantage.sh (AWS Price List mirror)
2026-06-22,AWS,us-east-2,g6e.2xlarge,L40S,1.0,ondemand,2.24208,2.24208,instances.vantage.sh (AWS Price List mirror)
2026-06-22,AWS,us-east-2,g6e.2xlarge,L40S,1.0,spot,0.580867,0.580867,instances.vantage.sh (AWS Price List mirror)
2026-06-22,AWS,us-east-2,g6e.48xlarge,L40S,8.0,ondemand,30.13118,3.7663975,instances.vantage.sh (AWS Price List mirror)
2026-06-22,AWS,us-east-2,g6e.48xlarge,L40S,8.0,spot,5.5914,0.698925,instances.vantage.sh (AWS Price List mirror)
2026-06-22,AWS,us-east-2,g6e.4xlarge,L40S,1.0,ondemand,3.00424,3.00424,instances.vantage.sh (AWS Price List mirror)
2026-06-22,AWS,us-east-2,g6e.4xlarge,L40S,1.0,spot,0.8711,0.8711,instances.vantage.sh (AWS Price List mirror)
2026-06-22,AWS,us-east-2,g6e.8xlarge,L40S,1.0,ondemand,4.52856,4.52856,instances.vantage.sh (AWS Price List mirror)
2026-06-22,AWS,us-east-2,g6e.8xlarge,L40S,1.0,spot,1.199167,1.199167,instances.vantage.sh (AWS Price List mirror)
2026-06-22,AWS,us-east-2,g6e.xlarge,L40S,1.0,ondemand,1.861,1.861,instances.vantage.sh (AWS Price List mirror)
2026-06-22,AWS,us-east-2,g6e.xlarge,L40S,1.0,spot,0.437233,0.437233,instances.vantage.sh (AWS Price List mirror)
2026-06-22,AWS,us-east-2,g6f.2xlarge,L4,0.25,ondemand,0.475,1.9,instances.vantage.sh (AWS Price List mirror)
2026-06-22,AWS,us-east-2,g6f.2xlarge,L4,0.25,spot,0.096267,0.385068,instances.vantage.sh (AWS Price List mirror)
2026-06-22,AWS,us-east-2,g6f.4xlarge,L4,0.5,ondemand,0.95,1.9,instances.vantage.sh (AWS Price List mirror)
2026-06-22,AWS,us-east-2,g6f.4xlarge,L4,0.5,spot,0.370767,0.741534,instances.vantage.sh (AWS Price List mirror)
2026-06-22,AWS,us-east-2,g6f.large,L4,0.125,ondemand,0.202,1.616,instances.vantage.sh (AWS Price List mirror)
2026-06-22,AWS,us-east-2,g6f.large,L4,0.125,spot,0.046367,0.370936,instances.vantage.sh (AWS Price List mirror)
2026-06-22,AWS,us-east-2,g6f.xlarge,L4,0.125,ondemand,0.2375,1.9,instances.vantage.sh (AWS Price List mirror)
2026-06-22,AWS,us-east-2,g6f.xlarge,L4,0.125,spot,0.0715,0.572,instances.vantage.sh (AWS Price List mirror)
2026-06-22,AWS,us-east-2,g7.12xlarge,unknown,2.0,ondemand,7.12832,3.56416,instances.vantage.sh (AWS Price List mirror)
2026-06-22,AWS,us-east-2,g7.12xlarge,unknown,2.0,spot,1.726333,0.8631665,instances.vantage.sh (AWS Price List mirror)
2026-06-22,AWS,us-east-2,g7.24xlarge,unknown,4.0,ondemand,14.25664,3.56416,instances.vantage.sh (AWS Price List mirror)
2026-06-22,AWS,us-east-2,g7.24xlarge,unknown,4.0,spot,3.290467,0.82261675,instances.vantage.sh (AWS Price List mirror)
2026-06-22,AWS,us-east-2,g7.2xlarge,unknown,1.0,ondemand,2.52,2.52,instances.vantage.sh (AWS Price List mirror)
2026-06-22,AWS,us-east-2,g7.2xlarge,unknown,1.0,spot,0.602733,0.602733,instances.vantage.sh (AWS Price List mirror)
2026-06-22,AWS,us-east-2,g7.48xlarge,unknown,8.0,ondemand,28.51328,3.56416,instances.vantage.sh (AWS Price List mirror)
2026-06-22,AWS,us-east-2,g7.48xlarge,unknown,8.0,spot,6.483767,0.810470875,instances.vantage.sh (AWS Price List mirror)
2026-06-22,AWS,us-east-2,g7.4xlarge,unknown,1.0,ondemand,3.04208,3.04208,instances.vantage.sh (AWS Price List mirror)
2026-06-22,AWS,us-east-2,g7.4xlarge,unknown,1.0,spot,0.757633,0.757633,instances.vantage.sh (AWS Price List mirror)
2026-06-22,AWS,us-east-2,g7.8xlarge,unknown,1.0,ondemand,4.08624,4.08624,instances.vantage.sh (AWS Price List mirror)
2026-06-22,AWS,us-east-2,g7.8xlarge,unknown,1.0,spot,1.047367,1.047367,instances.vantage.sh (AWS Price List mirror)
2026-06-22,AWS,us-east-2,g7e.12xlarge,NVIDIA GB202,2.0,ondemand,8.28608,4.14304,instances.vantage.sh (AWS Price List mirror)
2026-06-22,AWS,us-east-2,g7e.12xlarge,NVIDIA GB202,2.0,spot,2.65205,1.326025,instances.vantage.sh (AWS Price List mirror)
2026-06-22,AWS,us-east-2,g7e.24xlarge,NVIDIA GB202,4.0,ondemand,16.57216,4.14304,instances.vantage.sh (AWS Price List mirror)
2026-06-22,AWS,us-east-2,g7e.24xlarge,NVIDIA GB202,4.0,spot,4.824,1.206,instances.vantage.sh (AWS Price List mirror)
2026-06-22,AWS,us-east-2,g7e.2xlarge,NVIDIA GB202,1.0,ondemand,3.36312,3.36312,instances.vantage.sh (AWS Price List mirror)
2026-06-22,AWS,us-east-2,g7e.2xlarge,NVIDIA GB202,1.0,spot,1.23395,1.23395,instances.vantage.sh (AWS Price List mirror)
2026-06-22,AWS,us-east-2,g7e.48xlarge,NVIDIA GB202,8.0,ondemand,33.14432,4.14304,instances.vantage.sh (AWS Price List mirror)
2026-06-22,AWS,us-east-2,g7e.48xlarge,NVIDIA GB202,8.0,spot,12.78085,1.59760625,instances.vantage.sh (AWS Price List mirror)
2026-06-22,AWS,us-east-2,g7e.4xlarge,NVIDIA GB202,1.0,ondemand,3.99816,3.99816,instances.vantage.sh (AWS Price List mirror)
2026-06-22,AWS,us-east-2,g7e.4xlarge,NVIDIA GB202,1.0,spot,1.8641,1.8641,instances.vantage.sh (AWS Price List mirror)
2026-06-22,AWS,us-east-2,g7e.8xlarge,NVIDIA GB202,1.0,ondemand,5.26824,5.26824,instances.vantage.sh (AWS Price List mirror)
2026-06-22,AWS,us-east-2,g7e.8xlarge,NVIDIA GB202,1.0,spot,2.28075,2.28075,instances.vantage.sh (AWS Price List mirror)
2026-06-22,AWS,us-east-2,gr6.4xlarge,L4,1.0,ondemand,1.5392,1.5392,instances.vantage.sh (AWS Price List mirror)
2026-06-22,AWS,us-east-2,gr6.4xlarge,L4,1.0,spot,0.272333,0.272333,instances.vantage.sh (AWS Price List mirror)
2026-06-22,AWS,us-east-2,gr6.8xlarge,L4,1.0,ondemand,2.4464,2.4464,instances.vantage.sh (AWS Price List mirror)
2026-06-22,AWS,us-east-2,gr6.8xlarge,L4,1.0,spot,0.4346,0.4346,instances.vantage.sh (AWS Price List mirror)
2026-06-22,AWS,us-east-2,gr6f.4xlarge,L4,0.5,ondemand,1.066,2.132,instances.vantage.sh (AWS Price List mirror)
2026-06-22,AWS,us-east-2,gr6f.4xlarge,L4,0.5,spot,0.376467,0.752934,instances.vantage.sh (AWS Price List mirror)
2026-06-22,AWS,us-east-2,inf1.24xlarge,AWS Inferentia,16.0,ondemand,4.721,0.2950625,instances.vantage.sh (AWS Price List mirror)
2026-06-22,AWS,us-east-2,inf1.24xlarge,AWS Inferentia,16.0,spot,0.4721,0.02950625,instances.vantage.sh (AWS Price List mirror)
2026-06-22,AWS,us-east-2,inf1.2xlarge,AWS Inferentia,1.0,ondemand,0.362,0.362,instances.vantage.sh (AWS Price List mirror)
2026-06-22,AWS,us-east-2,inf1.2xlarge,AWS Inferentia,1.0,spot,0.073367,0.073367,instances.vantage.sh (AWS Price List mirror)
2026-06-22,AWS,us-east-2,inf1.6xlarge,AWS Inferentia,4.0,ondemand,1.18,0.295,instances.vantage.sh (AWS Price List mirror)
2026-06-22,AWS,us-east-2,inf1.6xlarge,AWS Inferentia,4.0,spot,0.253333,0.06333325,instances.vantage.sh (AWS Price List mirror)
2026-06-22,AWS,us-east-2,inf1.xlarge,AWS Inferentia,1.0,ondemand,0.228,0.228,instances.vantage.sh (AWS Price List mirror)
2026-06-22,AWS,us-east-2,inf1.xlarge,AWS Inferentia,1.0,spot,0.0314,0.0314,instances.vantage.sh (AWS Price List mirror)
2026-06-22,AWS,us-east-2,inf2.24xlarge,AWS Inferentia2,6.0,ondemand,6.49063,1.0817716666666668,instances.vantage.sh (AWS Price List mirror)
2026-06-22,AWS,us-east-2,inf2.24xlarge,AWS Inferentia2,6.0,spot,0.6491,0.10818333333333334,instances.vantage.sh (AWS Price List mirror)
2026-06-22,AWS,us-east-2,inf2.48xlarge,AWS Inferentia2,12.0,ondemand,12.98127,1.0817725,instances.vantage.sh (AWS Price List mirror)
2026-06-22,AWS,us-east-2,inf2.48xlarge,AWS Inferentia2,12.0,spot,1.2981,0.10817500000000001,instances.vantage.sh (AWS Price List mirror)
2026-06-22,AWS,us-east-2,inf2.8xlarge,AWS Inferentia2,1.0,ondemand,1.96786,1.96786,instances.vantage.sh (AWS Price List mirror)
2026-06-22,AWS,us-east-2,inf2.8xlarge,AWS Inferentia2,1.0,spot,0.332433,0.332433,instances.vantage.sh (AWS Price List mirror)
2026-06-22,AWS,us-east-2,inf2.xlarge,AWS Inferentia2,1.0,ondemand,0.7582,0.7582,instances.vantage.sh (AWS Price List mirror)
2026-06-22,AWS,us-east-2,inf2.xlarge,AWS Inferentia2,1.0,spot,0.0758,0.0758,instances.vantage.sh (AWS Price List mirror)
2026-06-22,AWS,us-east-2,p2.16xlarge,K80,16.0,ondemand,14.4,0.9,instances.vantage.sh (AWS Price List mirror)
2026-06-22,AWS,us-east-2,p2.8xlarge,K80,8.0,ondemand,7.2,0.9,instances.vantage.sh (AWS Price List mirror)
2026-06-22,AWS,us-east-2,p2.xlarge,K80,1.0,ondemand,0.9,0.9,instances.vantage.sh (AWS Price List mirror)
2026-06-22,AWS,us-east-2,p3.16xlarge,V100,8.0,ondemand,24.48,3.06,instances.vantage.sh (AWS Price List mirror)
2026-06-22,AWS,us-east-2,p3.16xlarge,V100,8.0,spot,14.1719,1.7714875,instances.vantage.sh (AWS Price List mirror)
2026-06-22,AWS,us-east-2,p3.2xlarge,V100,1.0,ondemand,3.06,3.06,instances.vantage.sh (AWS Price List mirror)
2026-06-22,AWS,us-east-2,p3.2xlarge,V100,1.0,spot,0.7881,0.7881,instances.vantage.sh (AWS Price List mirror)
2026-06-22,AWS,us-east-2,p3.8xlarge,V100,4.0,ondemand,12.24,3.06,instances.vantage.sh (AWS Price List mirror)
2026-06-22,AWS,us-east-2,p3.8xlarge,V100,4.0,spot,3.19885,0.7997125,instances.vantage.sh (AWS Price List mirror)
2026-06-22,AWS,us-east-2,p4d.24xlarge,A100,8.0,ondemand,21.95764,2.744705,instances.vantage.sh (AWS Price List mirror)
2026-06-22,AWS,us-east-2,p4d.24xlarge,A100,8.0,spot,11.7455,1.4681875,instances.vantage.sh (AWS Price List mirror)
2026-06-22,AWS,us-east-2,p5.48xlarge,H100,8.0,ondemand,55.04,6.88,instances.vantage.sh (AWS Price List mirror)
2026-06-22,AWS,us-east-2,p5.48xlarge,H100,8.0,spot,10.8979,1.3622375,instances.vantage.sh (AWS Price List mirror)
2026-06-22,AWS,us-east-2,p5.4xlarge,H100,1.0,ondemand,6.88,6.88,instances.vantage.sh (AWS Price List mirror)
2026-06-22,AWS,us-east-2,p5.4xlarge,H100,1.0,spot,2.5003,2.5003,instances.vantage.sh (AWS Price List mirror)
2026-06-22,AWS,us-east-2,p5en.48xlarge,H200,8.0,ondemand,63.296,7.912,instances.vantage.sh (AWS Price List mirror)
2026-06-22,AWS,us-east-2,p5en.48xlarge,H200,8.0,spot,17.9128,2.2391,instances.vantage.sh (AWS Price List mirror)
2026-06-22,AWS,us-east-2,p6-b200.48xlarge,B200,8.0,ondemand,113.9328,14.2416,instances.vantage.sh (AWS Price List mirror)
2026-06-22,AWS,us-east-2,p6-b200.48xlarge,B200,8.0,spot,29.2807,3.6600875,instances.vantage.sh (AWS Price List mirror)
2026-06-22,AWS,us-east-2,trn1.2xlarge,AWS Inferentia,1.0,ondemand,1.34375,1.34375,instances.vantage.sh (AWS Price List mirror)
2026-06-22,AWS,us-east-2,trn1.2xlarge,AWS Inferentia,1.0,spot,0.1344,0.1344,instances.vantage.sh (AWS Price List mirror)
2026-06-22,AWS,us-east-2,trn1.32xlarge,AWS Inferentia,16.0,ondemand,21.5,1.34375,instances.vantage.sh (AWS Price List mirror)
2026-06-22,AWS,us-east-2,trn1.32xlarge,AWS Inferentia,16.0,spot,2.15,0.134375,instances.vantage.sh (AWS Price List mirror)
2026-06-22,AWS,us-east-2,trn1n.32xlarge,AWS Inferentia,16.0,ondemand,24.78,1.54875,instances.vantage.sh (AWS Price List mirror)
2026-06-22,AWS,us-east-2,trn1n.32xlarge,AWS Inferentia,16.0,spot,2.478,0.154875,instances.vantage.sh (AWS Price List mirror)
2026-06-22,AWS,us-gov-east-1,g4dn.12xlarge,T4,4.0,ondemand,4.931,1.23275,instances.vantage.sh (AWS Price List mirror)
2026-06-22,AWS,us-gov-east-1,g4dn.16xlarge,T4,1.0,ondemand,5.486,5.486,instances.vantage.sh (AWS Price List mirror)
2026-06-22,AWS,us-gov-east-1,g4dn.2xlarge,T4,1.0,ondemand,0.948,0.948,instances.vantage.sh (AWS Price List mirror)
2026-06-22,AWS,us-gov-east-1,g4dn.4xlarge,T4,1.0,ondemand,1.518,1.518,instances.vantage.sh (AWS Price List mirror)
2026-06-22,AWS,us-gov-east-1,g4dn.8xlarge,T4,1.0,ondemand,2.743,2.743,instances.vantage.sh (AWS Price List mirror)
2026-06-22,AWS,us-gov-east-1,g4dn.xlarge,T4,1.0,ondemand,0.663,0.663,instances.vantage.sh (AWS Price List mirror)
2026-06-22,AWS,us-gov-east-1,g6.12xlarge,L4,4.0,ondemand,5.80003,1.4500075,instances.vantage.sh (AWS Price List mirror)
2026-06-22,AWS,us-gov-east-1,g6.16xlarge,L4,1.0,ondemand,4.28145,4.28145,instances.vantage.sh (AWS Price List mirror)
2026-06-22,AWS,us-gov-east-1,g6.24xlarge,L4,4.0,ondemand,8.41367,2.1034175,instances.vantage.sh (AWS Price List mirror)
2026-06-22,AWS,us-gov-east-1,g6.2xlarge,L4,1.0,ondemand,1.2322,1.2322,instances.vantage.sh (AWS Price List mirror)
2026-06-22,AWS,us-gov-east-1,g6.48xlarge,L4,8.0,ondemand,16.82734,2.1034175,instances.vantage.sh (AWS Price List mirror)
2026-06-22,AWS,us-gov-east-1,g6.4xlarge,L4,1.0,ondemand,1.66781,1.66781,instances.vantage.sh (AWS Price List mirror)
2026-06-22,AWS,us-gov-east-1,g6.8xlarge,L4,1.0,ondemand,2.53903,2.53903,instances.vantage.sh (AWS Price List mirror)
2026-06-22,AWS,us-gov-east-1,g6.xlarge,L4,1.0,ondemand,1.0144,1.0144,instances.vantage.sh (AWS Price List mirror)
2026-06-22,AWS,us-gov-east-1,gr6.4xlarge,L4,1.0,ondemand,1.9401,1.9401,instances.vantage.sh (AWS Price List mirror)
2026-06-22,AWS,us-gov-east-1,gr6.8xlarge,L4,1.0,ondemand,3.08359,3.08359,instances.vantage.sh (AWS Price List mirror)
2026-06-22,AWS,us-gov-east-1,inf1.24xlarge,AWS Inferentia,16.0,ondemand,5.953,0.3720625,instances.vantage.sh (AWS Price List mirror)
2026-06-22,AWS,us-gov-east-1,inf1.2xlarge,AWS Inferentia,1.0,ondemand,0.456,0.456,instances.vantage.sh (AWS Price List mirror)
2026-06-22,AWS,us-gov-east-1,inf1.6xlarge,AWS Inferentia,4.0,ondemand,1.488,0.372,instances.vantage.sh (AWS Price List mirror)
2026-06-22,AWS,us-gov-east-1,inf1.xlarge,AWS Inferentia,1.0,ondemand,0.288,0.288,instances.vantage.sh (AWS Price List mirror)
2026-06-22,AWS,us-gov-east-1,p3dn.24xlarge,V100,8.0,ondemand,37.454,4.68175,instances.vantage.sh (AWS Price List mirror)
2026-06-22,AWS,us-gov-east-1,p6-b200.48xlarge,B200,8.0,ondemand,136.71936,17.08992,instances.vantage.sh (AWS Price List mirror)
2026-06-22,AWS,us-gov-east-1,p6-b300.48xlarge,NVIDIA B300,8.0,ondemand,170.9,21.3625,instances.vantage.sh (AWS Price List mirror)
2026-06-22,AWS,us-gov-west-1,g3.16xlarge,M60,4.0,ondemand,5.28,1.32,instances.vantage.sh (AWS Price List mirror)
2026-06-22,AWS,us-gov-west-1,g3.4xlarge,M60,1.0,ondemand,1.32,1.32,instances.vantage.sh (AWS Price List mirror)
2026-06-22,AWS,us-gov-west-1,g3.8xlarge,M60,2.0,ondemand,2.64,1.32,instances.vantage.sh (AWS Price List mirror)
2026-06-22,AWS,us-gov-west-1,g3s.xlarge,M60,1.0,ondemand,0.868,0.868,instances.vantage.sh (AWS Price List mirror)
2026-06-22,AWS,us-gov-west-1,g4dn.12xlarge,T4,4.0,ondemand,4.931,1.23275,instances.vantage.sh (AWS Price List mirror)
2026-06-22,AWS,us-gov-west-1,g4dn.16xlarge,T4,1.0,ondemand,5.486,5.486,instances.vantage.sh (AWS Price List mirror)
2026-06-22,AWS,us-gov-west-1,g4dn.2xlarge,T4,1.0,ondemand,0.948,0.948,instances.vantage.sh (AWS Price List mirror)
2026-06-22,AWS,us-gov-west-1,g4dn.4xlarge,T4,1.0,ondemand,1.518,1.518,instances.vantage.sh (AWS Price List mirror)
2026-06-22,AWS,us-gov-west-1,g4dn.8xlarge,T4,1.0,ondemand,2.743,2.743,instances.vantage.sh (AWS Price List mirror)
2026-06-22,AWS,us-gov-west-1,g4dn.metal,T4,8.0,ondemand,9.862,1.23275,instances.vantage.sh (AWS Price List mirror)
2026-06-22,AWS,us-gov-west-1,g4dn.xlarge,T4,1.0,ondemand,0.663,0.663,instances.vantage.sh (AWS Price List mirror)
2026-06-22,AWS,us-gov-west-1,g6.12xlarge,L4,4.0,ondemand,5.80003,1.4500075,instances.vantage.sh (AWS Price List mirror)
2026-06-22,AWS,us-gov-west-1,g6.16xlarge,L4,1.0,ondemand,4.28145,4.28145,instances.vantage.sh (AWS Price List mirror)
2026-06-22,AWS,us-gov-west-1,g6.24xlarge,L4,4.0,ondemand,8.41367,2.1034175,instances.vantage.sh (AWS Price List mirror)
2026-06-22,AWS,us-gov-west-1,g6.2xlarge,L4,1.0,ondemand,1.2322,1.2322,instances.vantage.sh (AWS Price List mirror)
2026-06-22,AWS,us-gov-west-1,g6.48xlarge,L4,8.0,ondemand,16.82734,2.1034175,instances.vantage.sh (AWS Price List mirror)
2026-06-22,AWS,us-gov-west-1,g6.4xlarge,L4,1.0,ondemand,1.66781,1.66781,instances.vantage.sh (AWS Price List mirror)
2026-06-22,AWS,us-gov-west-1,g6.8xlarge,L4,1.0,ondemand,2.53903,2.53903,instances.vantage.sh (AWS Price List mirror)
2026-06-22,AWS,us-gov-west-1,g6.xlarge,L4,1.0,ondemand,1.0144,1.0144,instances.vantage.sh (AWS Price List mirror)
2026-06-22,AWS,us-gov-west-1,gr6.4xlarge,L4,1.0,ondemand,1.9401,1.9401,instances.vantage.sh (AWS Price List mirror)
2026-06-22,AWS,us-gov-west-1,gr6.8xlarge,L4,1.0,ondemand,3.08359,3.08359,instances.vantage.sh (AWS Price List mirror)
2026-06-22,AWS,us-gov-west-1,inf1.24xlarge,AWS Inferentia,16.0,ondemand,5.953,0.3720625,instances.vantage.sh (AWS Price List mirror)
2026-06-22,AWS,us-gov-west-1,inf1.2xlarge,AWS Inferentia,1.0,ondemand,0.456,0.456,instances.vantage.sh (AWS Price List mirror)
2026-06-22,AWS,us-gov-west-1,inf1.6xlarge,AWS Inferentia,4.0,ondemand,1.488,0.372,instances.vantage.sh (AWS Price List mirror)
2026-06-22,AWS,us-gov-west-1,inf1.xlarge,AWS Inferentia,1.0,ondemand,0.288,0.288,instances.vantage.sh (AWS Price List mirror)
2026-06-22,AWS,us-gov-west-1,p2.16xlarge,K80,16.0,ondemand,17.28,1.08,instances.vantage.sh (AWS Price List mirror)
2026-06-22,AWS,us-gov-west-1,p2.8xlarge,K80,8.0,ondemand,8.64,1.08,instances.vantage.sh (AWS Price List mirror)
2026-06-22,AWS,us-gov-west-1,p2.xlarge,K80,1.0,ondemand,1.08,1.08,instances.vantage.sh (AWS Price List mirror)
2026-06-22,AWS,us-gov-west-1,p3.16xlarge,V100,8.0,ondemand,29.376,3.672,instances.vantage.sh (AWS Price List mirror)
2026-06-22,AWS,us-gov-west-1,p3.2xlarge,V100,1.0,ondemand,3.672,3.672,instances.vantage.sh (AWS Price List mirror)
2026-06-22,AWS,us-gov-west-1,p3.8xlarge,V100,4.0,ondemand,14.688,3.672,instances.vantage.sh (AWS Price List mirror)
2026-06-22,AWS,us-gov-west-1,p3dn.24xlarge,V100,8.0,ondemand,37.454,4.68175,instances.vantage.sh (AWS Price List mirror)
2026-06-22,AWS,us-gov-west-1,p4d.24xlarge,A100,8.0,ondemand,26.3511,3.2938875,instances.vantage.sh (AWS Price List mirror)
2026-06-22,AWS,us-gov-west-1,p5.48xlarge,H100,8.0,ondemand,66.048,8.256,instances.vantage.sh (AWS Price List mirror)
2026-06-22,AWS,us-gov-west-1,p5.4xlarge,H100,1.0,ondemand,8.256,8.256,instances.vantage.sh (AWS Price List mirror)
2026-06-22,AWS,us-gov-west-1,p5en.48xlarge,H200,8.0,ondemand,75.9552,9.4944,instances.vantage.sh (AWS Price List mirror)
2026-06-22,AWS,us-gov-west-1,p6-b200.48xlarge,B200,8.0,ondemand,136.71936,17.08992,instances.vantage.sh (AWS Price List mirror)
2026-06-22,AWS,us-west-1,g2.2xlarge,K520,1.0,ondemand,0.702,0.702,instances.vantage.sh (AWS Price List mirror)
2026-06-22,AWS,us-west-1,g2.8xlarge,K520,4.0,ondemand,2.808,0.702,instances.vantage.sh (AWS Price List mirror)
2026-06-22,AWS,us-west-1,g3.16xlarge,M60,4.0,ondemand,6.136,1.534,instances.vantage.sh (AWS Price List mirror)
2026-06-22,AWS,us-west-1,g3.4xlarge,M60,1.0,ondemand,1.534,1.534,instances.vantage.sh (AWS Price List mirror)
2026-06-22,AWS,us-west-1,g3.8xlarge,M60,2.0,ondemand,3.068,1.534,instances.vantage.sh (AWS Price List mirror)
2026-06-22,AWS,us-west-1,g4dn.12xlarge,T4,4.0,ondemand,4.694,1.1735,instances.vantage.sh (AWS Price List mirror)
2026-06-22,AWS,us-west-1,g4dn.12xlarge,T4,4.0,spot,1.7693,0.442325,instances.vantage.sh (AWS Price List mirror)
2026-06-22,AWS,us-west-1,g4dn.16xlarge,T4,1.0,ondemand,5.222,5.222,instances.vantage.sh (AWS Price List mirror)
2026-06-22,AWS,us-west-1,g4dn.16xlarge,T4,1.0,spot,1.37745,1.37745,instances.vantage.sh (AWS Price List mirror)
2026-06-22,AWS,us-west-1,g4dn.2xlarge,T4,1.0,ondemand,0.902,0.902,instances.vantage.sh (AWS Price List mirror)
2026-06-22,AWS,us-west-1,g4dn.2xlarge,T4,1.0,spot,0.4922,0.4922,instances.vantage.sh (AWS Price List mirror)
2026-06-22,AWS,us-west-1,g4dn.4xlarge,T4,1.0,ondemand,1.445,1.445,instances.vantage.sh (AWS Price List mirror)
2026-06-22,AWS,us-west-1,g4dn.4xlarge,T4,1.0,spot,1.0142,1.0142,instances.vantage.sh (AWS Price List mirror)
2026-06-22,AWS,us-west-1,g4dn.8xlarge,T4,1.0,ondemand,2.611,2.611,instances.vantage.sh (AWS Price List mirror)
2026-06-22,AWS,us-west-1,g4dn.8xlarge,T4,1.0,spot,0.9171,0.9171,instances.vantage.sh (AWS Price List mirror)
2026-06-22,AWS,us-west-1,g4dn.metal,T4,8.0,ondemand,9.389,1.173625,instances.vantage.sh (AWS Price List mirror)
2026-06-22,AWS,us-west-1,g4dn.metal,T4,8.0,spot,3.5014,0.437675,instances.vantage.sh (AWS Price List mirror)
2026-06-22,AWS,us-west-1,g4dn.xlarge,T4,1.0,ondemand,0.631,0.631,instances.vantage.sh (AWS Price List mirror)
2026-06-22,AWS,us-west-1,g4dn.xlarge,T4,1.0,spot,0.3599,0.3599,instances.vantage.sh (AWS Price List mirror)
2026-06-22,AWS,us-west-1,inf1.24xlarge,AWS Inferentia,16.0,ondemand,5.671,0.3544375,instances.vantage.sh (AWS Price List mirror)
2026-06-22,AWS,us-west-1,inf1.24xlarge,AWS Inferentia,16.0,spot,1.02905,0.064315625,instances.vantage.sh (AWS Price List mirror)
2026-06-22,AWS,us-west-1,inf1.2xlarge,AWS Inferentia,1.0,ondemand,0.435,0.435,instances.vantage.sh (AWS Price List mirror)
2026-06-22,AWS,us-west-1,inf1.2xlarge,AWS Inferentia,1.0,spot,0.11115,0.11115,instances.vantage.sh (AWS Price List mirror)
2026-06-22,AWS,us-west-1,inf1.6xlarge,AWS Inferentia,4.0,ondemand,1.418,0.3545,instances.vantage.sh (AWS Price List mirror)
2026-06-22,AWS,us-west-1,inf1.6xlarge,AWS Inferentia,4.0,spot,0.253,0.06325,instances.vantage.sh (AWS Price List mirror)
2026-06-22,AWS,us-west-1,inf1.xlarge,AWS Inferentia,1.0,ondemand,0.274,0.274,instances.vantage.sh (AWS Price List mirror)
2026-06-22,AWS,us-west-1,inf1.xlarge,AWS Inferentia,1.0,spot,0.0631,0.0631,instances.vantage.sh (AWS Price List mirror)
2026-06-22,AWS,us-west-1,p5.48xlarge,H100,8.0,ondemand,68.8,8.6,instances.vantage.sh (AWS Price List mirror)
2026-06-22,AWS,us-west-1,p5.48xlarge,H100,8.0,spot,60.2578,7.532225,instances.vantage.sh (AWS Price List mirror)
2026-06-22,AWS,us-west-1,p5en.48xlarge,H200,8.0,ondemand,79.12,9.89,instances.vantage.sh (AWS Price List mirror)
2026-06-22,AWS,us-west-1,p5en.48xlarge,H200,8.0,spot,79.12,9.89,instances.vantage.sh (AWS Price List mirror)
2026-06-22,AWS,us-west-2,dl2q.24xlarge,Qualcomm AI 100 Accelerators,8.0,ondemand,8.9194,1.114925,instances.vantage.sh (AWS Price List mirror)
2026-06-22,AWS,us-west-2,dl2q.24xlarge,Qualcomm AI 100 Accelerators,8.0,spot,3.6367,0.4545875,instances.vantage.sh (AWS Price List mirror)
2026-06-22,AWS,us-west-2,g2.2xlarge,K520,1.0,ondemand,0.65,0.65,instances.vantage.sh (AWS Price List mirror)
2026-06-22,AWS,us-west-2,g2.8xlarge,K520,4.0,ondemand,2.6,0.65,instances.vantage.sh (AWS Price List mirror)
2026-06-22,AWS,us-west-2,g3.16xlarge,M60,4.0,ondemand,4.56,1.14,instances.vantage.sh (AWS Price List mirror)
2026-06-22,AWS,us-west-2,g3.4xlarge,M60,1.0,ondemand,1.14,1.14,instances.vantage.sh (AWS Price List mirror)
2026-06-22,AWS,us-west-2,g3.8xlarge,M60,2.0,ondemand,2.28,1.14,instances.vantage.sh (AWS Price List mirror)
2026-06-22,AWS,us-west-2,g3s.xlarge,M60,1.0,ondemand,0.75,0.75,instances.vantage.sh (AWS Price List mirror)
2026-06-22,AWS,us-west-2,g4ad.16xlarge,V520,4.0,ondemand,3.468,0.867,instances.vantage.sh (AWS Price List mirror)
2026-06-22,AWS,us-west-2,g4ad.16xlarge,V520,4.0,spot,1.298133,0.32453325,instances.vantage.sh (AWS Price List mirror)
2026-06-22,AWS,us-west-2,g4ad.2xlarge,V520,1.0,ondemand,0.54117,0.54117,instances.vantage.sh (AWS Price List mirror)
2026-06-22,AWS,us-west-2,g4ad.2xlarge,V520,1.0,spot,0.241333,0.241333,instances.vantage.sh (AWS Price List mirror)
2026-06-22,AWS,us-west-2,g4ad.4xlarge,V520,1.0,ondemand,0.867,0.867,instances.vantage.sh (AWS Price List mirror)
2026-06-22,AWS,us-west-2,g4ad.4xlarge,V520,1.0,spot,0.339567,0.339567,instances.vantage.sh (AWS Price List mirror)
2026-06-22,AWS,us-west-2,g4ad.8xlarge,V520,2.0,ondemand,1.734,0.867,instances.vantage.sh (AWS Price List mirror)
2026-06-22,AWS,us-west-2,g4ad.8xlarge,V520,2.0,spot,0.614367,0.3071835,instances.vantage.sh (AWS Price List mirror)
2026-06-22,AWS,us-west-2,g4ad.xlarge,V520,1.0,ondemand,0.37853,0.37853,instances.vantage.sh (AWS Price List mirror)
2026-06-22,AWS,us-west-2,g4ad.xlarge,V520,1.0,spot,0.1528,0.1528,instances.vantage.sh (AWS Price List mirror)
2026-06-22,AWS,us-west-2,g4dn.12xlarge,T4,4.0,ondemand,3.912,0.978,instances.vantage.sh (AWS Price List mirror)
2026-06-22,AWS,us-west-2,g4dn.12xlarge,T4,4.0,spot,1.4217,0.355425,instances.vantage.sh (AWS Price List mirror)
2026-06-22,AWS,us-west-2,g4dn.16xlarge,T4,1.0,ondemand,4.352,4.352,instances.vantage.sh (AWS Price List mirror)
2026-06-22,AWS,us-west-2,g4dn.16xlarge,T4,1.0,spot,1.4225,1.4225,instances.vantage.sh (AWS Price List mirror)
2026-06-22,AWS,us-west-2,g4dn.2xlarge,T4,1.0,ondemand,0.752,0.752,instances.vantage.sh (AWS Price List mirror)
2026-06-22,AWS,us-west-2,g4dn.2xlarge,T4,1.0,spot,0.280667,0.280667,instances.vantage.sh (AWS Price List mirror)
2026-06-22,AWS,us-west-2,g4dn.4xlarge,T4,1.0,ondemand,1.204,1.204,instances.vantage.sh (AWS Price List mirror)
2026-06-22,AWS,us-west-2,g4dn.4xlarge,T4,1.0,spot,0.442433,0.442433,instances.vantage.sh (AWS Price List mirror)
2026-06-22,AWS,us-west-2,g4dn.8xlarge,T4,1.0,ondemand,2.176,2.176,instances.vantage.sh (AWS Price List mirror)
2026-06-22,AWS,us-west-2,g4dn.8xlarge,T4,1.0,spot,0.836767,0.836767,instances.vantage.sh (AWS Price List mirror)
2026-06-22,AWS,us-west-2,g4dn.metal,T4,8.0,ondemand,7.824,0.978,instances.vantage.sh (AWS Price List mirror)
2026-06-22,AWS,us-west-2,g4dn.metal,T4,8.0,spot,3.654267,0.456783375,instances.vantage.sh (AWS Price List mirror)
2026-06-22,AWS,us-west-2,g4dn.xlarge,T4,1.0,ondemand,0.526,0.526,instances.vantage.sh (AWS Price List mirror)
2026-06-22,AWS,us-west-2,g4dn.xlarge,T4,1.0,spot,0.2026,0.2026,instances.vantage.sh (AWS Price List mirror)
2026-06-22,AWS,us-west-2,g5.12xlarge,A10G,4.0,ondemand,5.672,1.418,instances.vantage.sh (AWS Price List mirror)
2026-06-22,AWS,us-west-2,g5.12xlarge,A10G,4.0,spot,3.1484,0.7871,instances.vantage.sh (AWS Price List mirror)
2026-06-22,AWS,us-west-2,g5.16xlarge,A10G,1.0,ondemand,4.096,4.096,instances.vantage.sh (AWS Price List mirror)
2026-06-22,AWS,us-west-2,g5.16xlarge,A10G,1.0,spot,1.4391,1.4391,instances.vantage.sh (AWS Price List mirror)
2026-06-22,AWS,us-west-2,g5.24xlarge,A10G,4.0,ondemand,8.144,2.036,instances.vantage.sh (AWS Price List mirror)
2026-06-22,AWS,us-west-2,g5.24xlarge,A10G,4.0,spot,3.865333,0.96633325,instances.vantage.sh (AWS Price List mirror)
2026-06-22,AWS,us-west-2,g5.2xlarge,A10G,1.0,ondemand,1.212,1.212,instances.vantage.sh (AWS Price List mirror)
2026-06-22,AWS,us-west-2,g5.2xlarge,A10G,1.0,spot,0.655267,0.655267,instances.vantage.sh (AWS Price List mirror)
2026-06-22,AWS,us-west-2,g5.48xlarge,A10G,8.0,ondemand,16.288,2.036,instances.vantage.sh (AWS Price List mirror)
2026-06-22,AWS,us-west-2,g5.48xlarge,A10G,8.0,spot,9.1425,1.1428125,instances.vantage.sh (AWS Price List mirror)
2026-06-22,AWS,us-west-2,g5.4xlarge,A10G,1.0,ondemand,1.624,1.624,instances.vantage.sh (AWS Price List mirror)
2026-06-22,AWS,us-west-2,g5.4xlarge,A10G,1.0,spot,0.647267,0.647267,instances.vantage.sh (AWS Price List mirror)
2026-06-22,AWS,us-west-2,g5.8xlarge,A10G,1.0,ondemand,2.448,2.448,instances.vantage.sh (AWS Price List mirror)
2026-06-22,AWS,us-west-2,g5.8xlarge,A10G,1.0,spot,1.245267,1.245267,instances.vantage.sh (AWS Price List mirror)
2026-06-22,AWS,us-west-2,g5.xlarge,A10G,1.0,ondemand,1.006,1.006,instances.vantage.sh (AWS Price List mirror)
2026-06-22,AWS,us-west-2,g5.xlarge,A10G,1.0,spot,0.691167,0.691167,instances.vantage.sh (AWS Price List mirror)
2026-06-22,AWS,us-west-2,g5g.16xlarge,T4G,2.0,ondemand,2.744,1.372,instances.vantage.sh (AWS Price List mirror)
2026-06-22,AWS,us-west-2,g5g.16xlarge,T4G,2.0,spot,0.952267,0.4761335,instances.vantage.sh (AWS Price List mirror)
2026-06-22,AWS,us-west-2,g5g.2xlarge,T4G,1.0,ondemand,0.556,0.556,instances.vantage.sh (AWS Price List mirror)
2026-06-22,AWS,us-west-2,g5g.2xlarge,T4G,1.0,spot,0.1989,0.1989,instances.vantage.sh (AWS Price List mirror)
2026-06-22,AWS,us-west-2,g5g.4xlarge,T4G,1.0,ondemand,0.828,0.828,instances.vantage.sh (AWS Price List mirror)
2026-06-22,AWS,us-west-2,g5g.4xlarge,T4G,1.0,spot,0.290033,0.290033,instances.vantage.sh (AWS Price List mirror)
2026-06-22,AWS,us-west-2,g5g.8xlarge,T4G,1.0,ondemand,1.372,1.372,instances.vantage.sh (AWS Price List mirror)
2026-06-22,AWS,us-west-2,g5g.8xlarge,T4G,1.0,spot,0.4778,0.4778,instances.vantage.sh (AWS Price List mirror)
2026-06-22,AWS,us-west-2,g5g.metal,T4G,2.0,ondemand,2.744,1.372,instances.vantage.sh (AWS Price List mirror)
2026-06-22,AWS,us-west-2,g5g.metal,T4G,2.0,spot,0.4431,0.22155,instances.vantage.sh (AWS Price List mirror)
2026-06-22,AWS,us-west-2,g5g.xlarge,T4G,1.0,ondemand,0.42,0.42,instances.vantage.sh (AWS Price List mirror)
2026-06-22,AWS,us-west-2,g5g.xlarge,T4G,1.0,spot,0.143133,0.143133,instances.vantage.sh (AWS Price List mirror)
2026-06-22,AWS,us-west-2,g6.12xlarge,L4,4.0,ondemand,4.6016,1.1504,instances.vantage.sh (AWS Price List mirror)
2026-06-22,AWS,us-west-2,g6.12xlarge,L4,4.0,spot,2.109925,0.52748125,instances.vantage.sh (AWS Price List mirror)
2026-06-22,AWS,us-west-2,g6.16xlarge,L4,1.0,ondemand,3.3968,3.3968,instances.vantage.sh (AWS Price List mirror)
2026-06-22,AWS,us-west-2,g6.16xlarge,L4,1.0,spot,1.90845,1.90845,instances.vantage.sh (AWS Price List mirror)
2026-06-22,AWS,us-west-2,g6.24xlarge,L4,4.0,ondemand,6.6752,1.6688,instances.vantage.sh (AWS Price List mirror)
2026-06-22,AWS,us-west-2,g6.24xlarge,L4,4.0,spot,2.721525,0.68038125,instances.vantage.sh (AWS Price List mirror)
2026-06-22,AWS,us-west-2,g6.2xlarge,L4,1.0,ondemand,0.9776,0.9776,instances.vantage.sh (AWS Price List mirror)
2026-06-22,AWS,us-west-2,g6.2xlarge,L4,1.0,spot,0.67045,0.67045,instances.vantage.sh (AWS Price List mirror)
2026-06-22,AWS,us-west-2,g6.48xlarge,L4,8.0,ondemand,13.3504,1.6688,instances.vantage.sh (AWS Price List mirror)
2026-06-22,AWS,us-west-2,g6.48xlarge,L4,8.0,spot,5.371525,0.671440625,instances.vantage.sh (AWS Price List mirror)
2026-06-22,AWS,us-west-2,g6.4xlarge,L4,1.0,ondemand,1.3232,1.3232,instances.vantage.sh (AWS Price List mirror)
2026-06-22,AWS,us-west-2,g6.4xlarge,L4,1.0,spot,0.79615,0.79615,instances.vantage.sh (AWS Price List mirror)
2026-06-22,AWS,us-west-2,g6.8xlarge,L4,1.0,ondemand,2.0144,2.0144,instances.vantage.sh (AWS Price List mirror)
2026-06-22,AWS,us-west-2,g6.8xlarge,L4,1.0,spot,1.2102,1.2102,instances.vantage.sh (AWS Price List mirror)
2026-06-22,AWS,us-west-2,g6.xlarge,L4,1.0,ondemand,0.8048,0.8048,instances.vantage.sh (AWS Price List mirror)
2026-06-22,AWS,us-west-2,g6.xlarge,L4,1.0,spot,0.4837,0.4837,instances.vantage.sh (AWS Price List mirror)
2026-06-22,AWS,us-west-2,g6e.12xlarge,L40S,4.0,ondemand,10.49264,2.62316,instances.vantage.sh (AWS Price List mirror)
2026-06-22,AWS,us-west-2,g6e.12xlarge,L40S,4.0,spot,5.729675,1.43241875,instances.vantage.sh (AWS Price List mirror)
2026-06-22,AWS,us-west-2,g6e.16xlarge,L40S,1.0,ondemand,7.57719,7.57719,instances.vantage.sh (AWS Price List mirror)
2026-06-22,AWS,us-west-2,g6e.16xlarge,L40S,1.0,spot,2.612675,2.612675,instances.vantage.sh (AWS Price List mirror)
2026-06-22,AWS,us-west-2,g6e.24xlarge,L40S,4.0,ondemand,15.06559,3.7663975,instances.vantage.sh (AWS Price List mirror)
2026-06-22,AWS,us-west-2,g6e.24xlarge,L40S,4.0,spot,5.65865,1.4146625,instances.vantage.sh (AWS Price List mirror)
2026-06-22,AWS,us-west-2,g6e.2xlarge,L40S,1.0,ondemand,2.24208,2.24208,instances.vantage.sh (AWS Price List mirror)
2026-06-22,AWS,us-west-2,g6e.2xlarge,L40S,1.0,spot,1.071875,1.071875,instances.vantage.sh (AWS Price List mirror)
2026-06-22,AWS,us-west-2,g6e.48xlarge,L40S,8.0,ondemand,30.13118,3.7663975,instances.vantage.sh (AWS Price List mirror)
2026-06-22,AWS,us-west-2,g6e.48xlarge,L40S,8.0,spot,15.91915,1.98989375,instances.vantage.sh (AWS Price List mirror)
2026-06-22,AWS,us-west-2,g6e.4xlarge,L40S,1.0,ondemand,3.00424,3.00424,instances.vantage.sh (AWS Price List mirror)
2026-06-22,AWS,us-west-2,g6e.4xlarge,L40S,1.0,spot,1.509125,1.509125,instances.vantage.sh (AWS Price List mirror)
2026-06-22,AWS,us-west-2,g6e.8xlarge,L40S,1.0,ondemand,4.52856,4.52856,instances.vantage.sh (AWS Price List mirror)
2026-06-22,AWS,us-west-2,g6e.8xlarge,L40S,1.0,spot,1.754575,1.754575,instances.vantage.sh (AWS Price List mirror)
2026-06-22,AWS,us-west-2,g6e.xlarge,L40S,1.0,ondemand,1.861,1.861,instances.vantage.sh (AWS Price List mirror)
2026-06-22,AWS,us-west-2,g6e.xlarge,L40S,1.0,spot,0.96155,0.96155,instances.vantage.sh (AWS Price List mirror)
2026-06-22,AWS,us-west-2,g6f.2xlarge,L4,0.25,ondemand,0.475,1.9,instances.vantage.sh (AWS Price List mirror)
2026-06-22,AWS,us-west-2,g6f.2xlarge,L4,0.25,spot,0.169125,0.6765,instances.vantage.sh (AWS Price List mirror)
2026-06-22,AWS,us-west-2,g6f.4xlarge,L4,0.5,ondemand,0.95,1.9,instances.vantage.sh (AWS Price List mirror)
2026-06-22,AWS,us-west-2,g6f.4xlarge,L4,0.5,spot,0.359825,0.71965,instances.vantage.sh (AWS Price List mirror)
2026-06-22,AWS,us-west-2,g6f.large,L4,0.125,ondemand,0.202,1.616,instances.vantage.sh (AWS Price List mirror)
2026-06-22,AWS,us-west-2,g6f.large,L4,0.125,spot,0.039625,0.317,instances.vantage.sh (AWS Price List mirror)
2026-06-22,AWS,us-west-2,g6f.xlarge,L4,0.125,ondemand,0.2375,1.9,instances.vantage.sh (AWS Price List mirror)
2026-06-22,AWS,us-west-2,g6f.xlarge,L4,0.125,spot,0.080675,0.6454,instances.vantage.sh (AWS Price List mirror)
2026-06-22,AWS,us-west-2,g7.12xlarge,unknown,2.0,ondemand,7.12832,3.56416,instances.vantage.sh (AWS Price List mirror)
2026-06-22,AWS,us-west-2,g7.12xlarge,unknown,2.0,spot,2.636975,1.3184875,instances.vantage.sh (AWS Price List mirror)
2026-06-22,AWS,us-west-2,g7.24xlarge,unknown,4.0,ondemand,14.25664,3.56416,instances.vantage.sh (AWS Price List mirror)
2026-06-22,AWS,us-west-2,g7.24xlarge,unknown,4.0,spot,5.2318,1.30795,instances.vantage.sh (AWS Price List mirror)
2026-06-22,AWS,us-west-2,g7.2xlarge,unknown,1.0,ondemand,2.52,2.52,instances.vantage.sh (AWS Price List mirror)
2026-06-22,AWS,us-west-2,g7.2xlarge,unknown,1.0,spot,0.9527,0.9527,instances.vantage.sh (AWS Price List mirror)
2026-06-22,AWS,us-west-2,g7.48xlarge,unknown,8.0,ondemand,28.51328,3.56416,instances.vantage.sh (AWS Price List mirror)
2026-06-22,AWS,us-west-2,g7.48xlarge,unknown,8.0,spot,10.59555,1.32444375,instances.vantage.sh (AWS Price List mirror)
2026-06-22,AWS,us-west-2,g7.4xlarge,unknown,1.0,ondemand,3.04208,3.04208,instances.vantage.sh (AWS Price List mirror)
2026-06-22,AWS,us-west-2,g7.4xlarge,unknown,1.0,spot,1.12685,1.12685,instances.vantage.sh (AWS Price List mirror)
2026-06-22,AWS,us-west-2,g7.8xlarge,unknown,1.0,ondemand,4.08624,4.08624,instances.vantage.sh (AWS Price List mirror)
2026-06-22,AWS,us-west-2,g7.8xlarge,unknown,1.0,spot,1.491575,1.491575,instances.vantage.sh (AWS Price List mirror)
2026-06-22,AWS,us-west-2,g7e.12xlarge,NVIDIA GB202,2.0,ondemand,8.28608,4.14304,instances.vantage.sh (AWS Price List mirror)
2026-06-22,AWS,us-west-2,g7e.12xlarge,NVIDIA GB202,2.0,spot,4.06335,2.031675,instances.vantage.sh (AWS Price List mirror)
2026-06-22,AWS,us-west-2,g7e.24xlarge,NVIDIA GB202,4.0,ondemand,16.57216,4.14304,instances.vantage.sh (AWS Price List mirror)
2026-06-22,AWS,us-west-2,g7e.24xlarge,NVIDIA GB202,4.0,spot,8.56355,2.1408875,instances.vantage.sh (AWS Price List mirror)
2026-06-22,AWS,us-west-2,g7e.2xlarge,NVIDIA GB202,1.0,ondemand,3.36312,3.36312,instances.vantage.sh (AWS Price List mirror)
2026-06-22,AWS,us-west-2,g7e.2xlarge,NVIDIA GB202,1.0,spot,2.050275,2.050275,instances.vantage.sh (AWS Price List mirror)
2026-06-22,AWS,us-west-2,g7e.48xlarge,NVIDIA GB202,8.0,ondemand,33.14432,4.14304,instances.vantage.sh (AWS Price List mirror)
2026-06-22,AWS,us-west-2,g7e.48xlarge,NVIDIA GB202,8.0,spot,19.667525,2.458440625,instances.vantage.sh (AWS Price List mirror)
2026-06-22,AWS,us-west-2,g7e.4xlarge,NVIDIA GB202,1.0,ondemand,3.99816,3.99816,instances.vantage.sh (AWS Price List mirror)
2026-06-22,AWS,us-west-2,g7e.4xlarge,NVIDIA GB202,1.0,spot,2.431075,2.431075,instances.vantage.sh (AWS Price List mirror)
2026-06-22,AWS,us-west-2,g7e.8xlarge,NVIDIA GB202,1.0,ondemand,5.26824,5.26824,instances.vantage.sh (AWS Price List mirror)
2026-06-22,AWS,us-west-2,g7e.8xlarge,NVIDIA GB202,1.0,spot,2.635175,2.635175,instances.vantage.sh (AWS Price List mirror)
2026-06-22,AWS,us-west-2,gr6.4xlarge,L4,1.0,ondemand,1.5392,1.5392,instances.vantage.sh (AWS Price List mirror)
2026-06-22,AWS,us-west-2,gr6.4xlarge,L4,1.0,spot,0.4931,0.4931,instances.vantage.sh (AWS Price List mirror)
2026-06-22,AWS,us-west-2,gr6.8xlarge,L4,1.0,ondemand,2.4464,2.4464,instances.vantage.sh (AWS Price List mirror)
2026-06-22,AWS,us-west-2,gr6.8xlarge,L4,1.0,spot,0.86035,0.86035,instances.vantage.sh (AWS Price List mirror)
2026-06-22,AWS,us-west-2,gr6f.4xlarge,L4,0.5,ondemand,1.066,2.132,instances.vantage.sh (AWS Price List mirror)
2026-06-22,AWS,us-west-2,gr6f.4xlarge,L4,0.5,spot,0.358275,0.71655,instances.vantage.sh (AWS Price List mirror)
2026-06-22,AWS,us-west-2,inf1.24xlarge,AWS Inferentia,16.0,ondemand,4.721,0.2950625,instances.vantage.sh (AWS Price List mirror)
2026-06-22,AWS,us-west-2,inf1.24xlarge,AWS Inferentia,16.0,spot,1.198175,0.0748859375,instances.vantage.sh (AWS Price List mirror)
2026-06-22,AWS,us-west-2,inf1.2xlarge,AWS Inferentia,1.0,ondemand,0.362,0.362,instances.vantage.sh (AWS Price List mirror)
2026-06-22,AWS,us-west-2,inf1.2xlarge,AWS Inferentia,1.0,spot,0.086,0.086,instances.vantage.sh (AWS Price List mirror)
2026-06-22,AWS,us-west-2,inf1.6xlarge,AWS Inferentia,4.0,ondemand,1.18,0.295,instances.vantage.sh (AWS Price List mirror)
2026-06-22,AWS,us-west-2,inf1.6xlarge,AWS Inferentia,4.0,spot,0.26785,0.0669625,instances.vantage.sh (AWS Price List mirror)
2026-06-22,AWS,us-west-2,inf1.xlarge,AWS Inferentia,1.0,ondemand,0.228,0.228,instances.vantage.sh (AWS Price List mirror)
2026-06-22,AWS,us-west-2,inf1.xlarge,AWS Inferentia,1.0,spot,0.049975,0.049975,instances.vantage.sh (AWS Price List mirror)
2026-06-22,AWS,us-west-2,inf2.24xlarge,AWS Inferentia2,6.0,ondemand,6.49063,1.0817716666666668,instances.vantage.sh (AWS Price List mirror)
2026-06-22,AWS,us-west-2,inf2.24xlarge,AWS Inferentia2,6.0,spot,1.196475,0.1994125,instances.vantage.sh (AWS Price List mirror)
2026-06-22,AWS,us-west-2,inf2.48xlarge,AWS Inferentia2,12.0,ondemand,12.98127,1.0817725,instances.vantage.sh (AWS Price List mirror)
2026-06-22,AWS,us-west-2,inf2.48xlarge,AWS Inferentia2,12.0,spot,2.596775,0.21639791666666666,instances.vantage.sh (AWS Price List mirror)
2026-06-22,AWS,us-west-2,inf2.8xlarge,AWS Inferentia2,1.0,ondemand,1.96786,1.96786,instances.vantage.sh (AWS Price List mirror)
2026-06-22,AWS,us-west-2,inf2.8xlarge,AWS Inferentia2,1.0,spot,0.5244,0.5244,instances.vantage.sh (AWS Price List mirror)
2026-06-22,AWS,us-west-2,inf2.xlarge,AWS Inferentia2,1.0,ondemand,0.7582,0.7582,instances.vantage.sh (AWS Price List mirror)
2026-06-22,AWS,us-west-2,inf2.xlarge,AWS Inferentia2,1.0,spot,0.1856,0.1856,instances.vantage.sh (AWS Price List mirror)
2026-06-22,AWS,us-west-2,p2.16xlarge,K80,16.0,ondemand,14.4,0.9,instances.vantage.sh (AWS Price List mirror)
2026-06-22,AWS,us-west-2,p2.8xlarge,K80,8.0,ondemand,7.2,0.9,instances.vantage.sh (AWS Price List mirror)
2026-06-22,AWS,us-west-2,p2.xlarge,K80,1.0,ondemand,0.9,0.9,instances.vantage.sh (AWS Price List mirror)
2026-06-22,AWS,us-west-2,p3.16xlarge,V100,8.0,ondemand,24.48,3.06,instances.vantage.sh (AWS Price List mirror)
2026-06-22,AWS,us-west-2,p3.16xlarge,V100,8.0,spot,13.117033,1.639629125,instances.vantage.sh (AWS Price List mirror)
2026-06-22,AWS,us-west-2,p3.2xlarge,V100,1.0,ondemand,3.06,3.06,instances.vantage.sh (AWS Price List mirror)
2026-06-22,AWS,us-west-2,p3.2xlarge,V100,1.0,spot,0.7914,0.7914,instances.vantage.sh (AWS Price List mirror)
2026-06-22,AWS,us-west-2,p3.8xlarge,V100,4.0,ondemand,12.24,3.06,instances.vantage.sh (AWS Price List mirror)
2026-06-22,AWS,us-west-2,p3.8xlarge,V100,4.0,spot,5.321133,1.33028325,instances.vantage.sh (AWS Price List mirror)
2026-06-22,AWS,us-west-2,p3dn.24xlarge,V100,8.0,ondemand,31.212,3.9015,instances.vantage.sh (AWS Price List mirror)
2026-06-22,AWS,us-west-2,p3dn.24xlarge,V100,8.0,spot,6.06045,0.75755625,instances.vantage.sh (AWS Price List mirror)
2026-06-22,AWS,us-west-2,p4d.24xlarge,A100,8.0,ondemand,21.95764,2.744705,instances.vantage.sh (AWS Price List mirror)
2026-06-22,AWS,us-west-2,p4d.24xlarge,A100,8.0,spot,11.688675,1.461084375,instances.vantage.sh (AWS Price List mirror)
2026-06-22,AWS,us-west-2,p4de.24xlarge,A100,8.0,ondemand,27.44705,3.43088125,instances.vantage.sh (AWS Price List mirror)
2026-06-22,AWS,us-west-2,p4de.24xlarge,A100,8.0,spot,14.142933,1.767866625,instances.vantage.sh (AWS Price List mirror)
2026-06-22,AWS,us-west-2,p5.48xlarge,H100,8.0,ondemand,55.04,6.88,instances.vantage.sh (AWS Price List mirror)
2026-06-22,AWS,us-west-2,p5.48xlarge,H100,8.0,spot,15.408525,1.926065625,instances.vantage.sh (AWS Price List mirror)
2026-06-22,AWS,us-west-2,p5.4xlarge,H100,1.0,ondemand,6.88,6.88,instances.vantage.sh (AWS Price List mirror)
2026-06-22,AWS,us-west-2,p5.4xlarge,H100,1.0,spot,2.37475,2.37475,instances.vantage.sh (AWS Price List mirror)
2026-06-22,AWS,us-west-2,p5en.48xlarge,H200,8.0,ondemand,63.296,7.912,instances.vantage.sh (AWS Price List mirror)
2026-06-22,AWS,us-west-2,p5en.48xlarge,H200,8.0,spot,19.241633,2.405204125,instances.vantage.sh (AWS Price List mirror)
2026-06-22,AWS,us-west-2,p6-b200.48xlarge,B200,8.0,ondemand,113.9328,14.2416,instances.vantage.sh (AWS Price List mirror)
2026-06-22,AWS,us-west-2,p6-b200.48xlarge,B200,8.0,spot,28.068067,3.508508375,instances.vantage.sh (AWS Price List mirror)
2026-06-22,AWS,us-west-2,p6-b300.48xlarge,NVIDIA B300,8.0,ondemand,142.416,17.802,instances.vantage.sh (AWS Price List mirror)
2026-06-22,AWS,us-west-2,p6-b300.48xlarge,NVIDIA B300,8.0,spot,37.3266,4.665825,instances.vantage.sh (AWS Price List mirror)
2026-06-22,AWS,us-west-2,trn1.2xlarge,AWS Inferentia,1.0,ondemand,1.34375,1.34375,instances.vantage.sh (AWS Price List mirror)
2026-06-22,AWS,us-west-2,trn1.2xlarge,AWS Inferentia,1.0,spot,0.20365,0.20365,instances.vantage.sh (AWS Price List mirror)
2026-06-22,AWS,us-west-2,trn1.32xlarge,AWS Inferentia,16.0,ondemand,21.5,1.34375,instances.vantage.sh (AWS Price List mirror)
2026-06-22,AWS,us-west-2,trn1.32xlarge,AWS Inferentia,16.0,spot,3.8191,0.23869375,instances.vantage.sh (AWS Price List mirror)
2026-06-22,AWS,us-west-2,trn1n.32xlarge,AWS Inferentia,16.0,ondemand,24.78,1.54875,instances.vantage.sh (AWS Price List mirror)
2026-06-22,AWS,us-west-2,trn1n.32xlarge,AWS Inferentia,16.0,spot,3.3185,0.20740625,instances.vantage.sh (AWS Price List mirror)
2026-06-22,AWS,us-west-2-den-1,g4dn.2xlarge,T4,1.0,ondemand,1.015,1.015,instances.vantage.sh (AWS Price List mirror)
2026-06-22,AWS,us-west-2-den-1,g4dn.4xlarge,T4,1.0,ondemand,1.625,1.625,instances.vantage.sh (AWS Price List mirror)
2026-06-22,AWS,us-west-2-hnl-1,g4dn.2xlarge,T4,1.0,ondemand,1.241,1.241,instances.vantage.sh (AWS Price List mirror)
2026-06-22,AWS,us-west-2-hnl-1,g4dn.4xlarge,T4,1.0,ondemand,1.987,1.987,instances.vantage.sh (AWS Price List mirror)
2026-06-22,AWS,us-west-2-las-1,g4dn.2xlarge,T4,1.0,ondemand,1.015,1.015,instances.vantage.sh (AWS Price List mirror)
2026-06-22,AWS,us-west-2-lax-1,g4dn.12xlarge,T4,4.0,ondemand,4.694,1.1735,instances.vantage.sh (AWS Price List mirror)
2026-06-22,AWS,us-west-2-lax-1,g4dn.16xlarge,T4,1.0,ondemand,5.222,5.222,instances.vantage.sh (AWS Price List mirror)
2026-06-22,AWS,us-west-2-lax-1,g4dn.2xlarge,T4,1.0,ondemand,0.902,0.902,instances.vantage.sh (AWS Price List mirror)
2026-06-22,AWS,us-west-2-lax-1,g4dn.4xlarge,T4,1.0,ondemand,1.445,1.445,instances.vantage.sh (AWS Price List mirror)
2026-06-22,AWS,us-west-2-lax-1,g4dn.8xlarge,T4,1.0,ondemand,2.611,2.611,instances.vantage.sh (AWS Price List mirror)
2026-06-22,AWS,us-west-2-lax-1,g4dn.metal,T4,8.0,ondemand,9.389,1.173625,instances.vantage.sh (AWS Price List mirror)
2026-06-22,AWS,us-west-2-lax-1,g4dn.xlarge,T4,1.0,ondemand,0.631,0.631,instances.vantage.sh (AWS Price List mirror)
2026-06-22,AWS,us-west-2-lax-1,g5.4xlarge,A10G,1.0,ondemand,2.23098,2.23098,instances.vantage.sh (AWS Price List mirror)
2026-06-22,AWS,us-west-2-lax-1,g5.8xlarge,A10G,1.0,ondemand,3.36296,3.36296,instances.vantage.sh (AWS Price List mirror)
2026-06-22,AWS,us-west-2-lax-1,g7e.4xlarge,NVIDIA GB202,1.0,ondemand,5.35803,5.35803,instances.vantage.sh (AWS Price List mirror)
2026-06-22,AWS,us-west-2-lax-1,g7e.8xlarge,NVIDIA GB202,1.0,ondemand,7.0601,7.0601,instances.vantage.sh (AWS Price List mirror)
2026-06-22,AWS,us-west-2-pdx-1,g4dn.2xlarge,T4,1.0,ondemand,1.015,1.015,instances.vantage.sh (AWS Price List mirror)
2026-06-22,AWS,us-west-2-phx-1,g4dn.2xlarge,T4,1.0,ondemand,1.015,1.015,instances.vantage.sh (AWS Price List mirror)
2026-06-22,AWS,us-west-2-phx-1,g4dn.4xlarge,T4,1.0,ondemand,1.625,1.625,instances.vantage.sh (AWS Price List mirror)
2026-06-22,AWS,us-west-2-sea-1,g4dn.2xlarge,T4,1.0,ondemand,1.015,1.015,instances.vantage.sh (AWS Price List mirror)
2026-06-22,AWS,us-west-2-wl1,g4dn.2xlarge,T4,1.0,ondemand,1.317,1.317,instances.vantage.sh (AWS Price List mirror)
2026-06-22,AWS,us-west-2-wl1-den1,g4dn.2xlarge,T4,1.0,ondemand,1.317,1.317,instances.vantage.sh (AWS Price List mirror)
2026-06-22,AWS,us-west-2-wl1-las1,g4dn.2xlarge,T4,1.0,ondemand,1.317,1.317,instances.vantage.sh (AWS Price List mirror)
2026-06-22,AWS,us-west-2-wl1-lax1,g4dn.2xlarge,T4,1.0,ondemand,1.317,1.317,instances.vantage.sh (AWS Price List mirror)
2026-06-22,AWS,us-west-2-wl1-phx1,g4dn.2xlarge,T4,1.0,ondemand,1.317,1.317,instances.vantage.sh (AWS Price List mirror)
2026-06-22,AWS,us-west-2-wl1-sea1,g4dn.2xlarge,T4,1.0,ondemand,1.317,1.317,instances.vantage.sh (AWS Price List mirror)
