snapshot_date,provider,region,sku,gpu_model,gpu_count,price_type,price_usd_hour,price_usd_per_gpu_hour,source
2026-08-03,Azure,attatlanta1,Standard_NC16as_T4_v3,T4,1.0,ondemand,2.106,2.106,prices.azure.com retail API
2026-08-03,Azure,attatlanta1,Standard_NC16as_T4_v3,T4,1.0,spot,0.4212,0.4212,prices.azure.com retail API
2026-08-03,Azure,attatlanta1,Standard_NC4as_T4_v3,T4,1.0,ondemand,0.92,0.92,prices.azure.com retail API
2026-08-03,Azure,attatlanta1,Standard_NC4as_T4_v3,T4,1.0,spot,0.184,0.184,prices.azure.com retail API
2026-08-03,Azure,attatlanta1,Standard_NC64as_T4_v3,T4,4.0,ondemand,7.6,1.9,prices.azure.com retail API
2026-08-03,Azure,attatlanta1,Standard_NC64as_T4_v3,T4,4.0,spot,1.52,0.38,prices.azure.com retail API
2026-08-03,Azure,attatlanta1,Standard_NC8as_T4_v3,T4,1.0,ondemand,1.315,1.315,prices.azure.com retail API
2026-08-03,Azure,attatlanta1,Standard_NC8as_T4_v3,T4,1.0,spot,0.263,0.263,prices.azure.com retail API
2026-08-03,Azure,attatlanta1,Standard_NV16as_v4,MI25,,ondemand,1.631,,prices.azure.com retail API
2026-08-03,Azure,attatlanta1,Standard_NV16as_v4,MI25,,spot,0.3262,,prices.azure.com retail API
2026-08-03,Azure,attatlanta1,Standard_NV32as_v4,MI25,,ondemand,3.262,,prices.azure.com retail API
2026-08-03,Azure,attatlanta1,Standard_NV32as_v4,MI25,,spot,0.6524,,prices.azure.com retail API
2026-08-03,Azure,attatlanta1,Standard_NV4as_v4,MI25,,ondemand,0.408,,prices.azure.com retail API
2026-08-03,Azure,attatlanta1,Standard_NV4as_v4,MI25,,spot,0.0816,,prices.azure.com retail API
2026-08-03,Azure,attatlanta1,Standard_NV8as_v4,MI25,,ondemand,0.816,,prices.azure.com retail API
2026-08-03,Azure,attatlanta1,Standard_NV8as_v4,MI25,,spot,0.1632,,prices.azure.com retail API
2026-08-03,Azure,attdallas1,Standard_NC16as_T4_v3,T4,1.0,ondemand,0.785,0.785,prices.azure.com retail API
2026-08-03,Azure,attdallas1,Standard_NC16as_T4_v3,T4,1.0,spot,0.157,0.157,prices.azure.com retail API
2026-08-03,Azure,attdallas1,Standard_NC4as_T4_v3,T4,1.0,ondemand,0.343,0.343,prices.azure.com retail API
2026-08-03,Azure,attdallas1,Standard_NC4as_T4_v3,T4,1.0,spot,0.0686,0.0686,prices.azure.com retail API
2026-08-03,Azure,attdallas1,Standard_NC64as_T4_v3,T4,4.0,ondemand,2.831,0.70775,prices.azure.com retail API
2026-08-03,Azure,attdallas1,Standard_NC64as_T4_v3,T4,4.0,spot,0.5662,0.14155,prices.azure.com retail API
2026-08-03,Azure,attdallas1,Standard_NC8as_T4_v3,T4,1.0,ondemand,0.49,0.49,prices.azure.com retail API
2026-08-03,Azure,attdallas1,Standard_NC8as_T4_v3,T4,1.0,spot,0.098,0.098,prices.azure.com retail API
2026-08-03,Azure,attdallas1,Standard_NV16as_v4,MI25,,ondemand,1.957,,prices.azure.com retail API
2026-08-03,Azure,attdallas1,Standard_NV16as_v4,MI25,,spot,0.3914,,prices.azure.com retail API
2026-08-03,Azure,attdallas1,Standard_NV32as_v4,MI25,,ondemand,3.914,,prices.azure.com retail API
2026-08-03,Azure,attdallas1,Standard_NV32as_v4,MI25,,spot,0.7828,,prices.azure.com retail API
2026-08-03,Azure,attdallas1,Standard_NV4as_v4,MI25,,ondemand,0.489,,prices.azure.com retail API
2026-08-03,Azure,attdallas1,Standard_NV4as_v4,MI25,,spot,0.0978,,prices.azure.com retail API
2026-08-03,Azure,attdallas1,Standard_NV8as_v4,MI25,,ondemand,0.979,,prices.azure.com retail API
2026-08-03,Azure,attdallas1,Standard_NV8as_v4,MI25,,spot,0.1958,,prices.azure.com retail API
2026-08-03,Azure,australiacentral,Standard_NC16as_T4_v3,T4,1.0,ondemand,1.565,1.565,prices.azure.com retail API
2026-08-03,Azure,australiacentral,Standard_NC16as_T4_v3,T4,1.0,spot,0.45385,0.45385,prices.azure.com retail API
2026-08-03,Azure,australiacentral,Standard_NC4as_T4_v3,T4,1.0,ondemand,0.684,0.684,prices.azure.com retail API
2026-08-03,Azure,australiacentral,Standard_NC4as_T4_v3,T4,1.0,spot,0.19836,0.19836,prices.azure.com retail API
2026-08-03,Azure,australiacentral,Standard_NC64as_T4_v3,T4,4.0,ondemand,5.645,1.41125,prices.azure.com retail API
2026-08-03,Azure,australiacentral,Standard_NC64as_T4_v3,T4,4.0,spot,1.63705,0.4092625,prices.azure.com retail API
2026-08-03,Azure,australiacentral,Standard_NC8as_T4_v3,T4,1.0,ondemand,0.977,0.977,prices.azure.com retail API
2026-08-03,Azure,australiacentral,Standard_NC8as_T4_v3,T4,1.0,spot,0.28333,0.28333,prices.azure.com retail API
2026-08-03,Azure,australiacentral2,Standard_NC16as_T4_v3,T4,1.0,ondemand,1.565,1.565,prices.azure.com retail API
2026-08-03,Azure,australiacentral2,Standard_NC16as_T4_v3,T4,1.0,spot,0.1565,0.1565,prices.azure.com retail API
2026-08-03,Azure,australiacentral2,Standard_NC4as_T4_v3,T4,1.0,ondemand,0.684,0.684,prices.azure.com retail API
2026-08-03,Azure,australiacentral2,Standard_NC4as_T4_v3,T4,1.0,spot,0.0684,0.0684,prices.azure.com retail API
2026-08-03,Azure,australiacentral2,Standard_NC64as_T4_v3,T4,4.0,ondemand,5.645,1.41125,prices.azure.com retail API
2026-08-03,Azure,australiacentral2,Standard_NC64as_T4_v3,T4,4.0,spot,0.5645,0.141125,prices.azure.com retail API
2026-08-03,Azure,australiacentral2,Standard_NC8as_T4_v3,T4,1.0,ondemand,0.977,0.977,prices.azure.com retail API
2026-08-03,Azure,australiacentral2,Standard_NC8as_T4_v3,T4,1.0,spot,0.0977,0.0977,prices.azure.com retail API
2026-08-03,Azure,australiaeast,Standard_NC12_Promo,K80,,ondemand,1.366,,prices.azure.com retail API
2026-08-03,Azure,australiaeast,Standard_NC12s_v3,V100,2.0,ondemand,8.468,4.234,prices.azure.com retail API
2026-08-03,Azure,australiaeast,Standard_NC12s_v3,V100,2.0,spot,1.564886,0.782443,prices.azure.com retail API
2026-08-03,Azure,australiaeast,Standard_NC16as_T4_v3,T4,1.0,ondemand,1.565,1.565,prices.azure.com retail API
2026-08-03,Azure,australiaeast,Standard_NC16as_T4_v3,T4,1.0,spot,0.45385,0.45385,prices.azure.com retail API
2026-08-03,Azure,australiaeast,Standard_NC24_Promo,K80,,ondemand,2.732,,prices.azure.com retail API
2026-08-03,Azure,australiaeast,Standard_NC24ads_A100_v4,A100,1.0,ondemand,5.326,5.326,prices.azure.com retail API
2026-08-03,Azure,australiaeast,Standard_NC24ads_A100_v4,A100,1.0,spot,0.984245,0.984245,prices.azure.com retail API
2026-08-03,Azure,australiaeast,Standard_NC24r_Promo,K80,,ondemand,3.006,,prices.azure.com retail API
2026-08-03,Azure,australiaeast,Standard_NC24rs_v3,V100,4.0,ondemand,18.63,4.6575,prices.azure.com retail API
2026-08-03,Azure,australiaeast,Standard_NC24rs_v3,V100,4.0,spot,3.442824,0.860706,prices.azure.com retail API
2026-08-03,Azure,australiaeast,Standard_NC24s_v3,V100,4.0,ondemand,16.936,4.234,prices.azure.com retail API
2026-08-03,Azure,australiaeast,Standard_NC24s_v3,V100,4.0,spot,3.129773,0.78244325,prices.azure.com retail API
2026-08-03,Azure,australiaeast,Standard_NC40ads_H100_v5,H100,1.0,ondemand,10.121,10.121,prices.azure.com retail API
2026-08-03,Azure,australiaeast,Standard_NC40ads_H100_v5,H100,1.0,spot,2.722549,2.722549,prices.azure.com retail API
2026-08-03,Azure,australiaeast,Standard_NC48ads_A100_v4,A100,2.0,ondemand,10.652,5.326,prices.azure.com retail API
2026-08-03,Azure,australiaeast,Standard_NC48ads_A100_v4,A100,2.0,spot,1.96849,0.984245,prices.azure.com retail API
2026-08-03,Azure,australiaeast,Standard_NC4as_T4_v3,T4,1.0,ondemand,0.684,0.684,prices.azure.com retail API
2026-08-03,Azure,australiaeast,Standard_NC4as_T4_v3,T4,1.0,spot,0.19836,0.19836,prices.azure.com retail API
2026-08-03,Azure,australiaeast,Standard_NC64as_T4_v3,T4,4.0,ondemand,5.658,1.4145,prices.azure.com retail API
2026-08-03,Azure,australiaeast,Standard_NC64as_T4_v3,T4,4.0,spot,1.64082,0.410205,prices.azure.com retail API
2026-08-03,Azure,australiaeast,Standard_NC6_Promo,K80,,ondemand,0.683,,prices.azure.com retail API
2026-08-03,Azure,australiaeast,Standard_NC6s_v3,V100,1.0,ondemand,4.234,4.234,prices.azure.com retail API
2026-08-03,Azure,australiaeast,Standard_NC6s_v3,V100,1.0,spot,0.782443,0.782443,prices.azure.com retail API
2026-08-03,Azure,australiaeast,Standard_NC80adis_H100_v5,H100,2.0,ondemand,20.242,10.121,prices.azure.com retail API
2026-08-03,Azure,australiaeast,Standard_NC80adis_H100_v5,H100,2.0,spot,5.445098,2.722549,prices.azure.com retail API
2026-08-03,Azure,australiaeast,Standard_NC8as_T4_v3,T4,1.0,ondemand,0.978,0.978,prices.azure.com retail API
2026-08-03,Azure,australiaeast,Standard_NC8as_T4_v3,T4,1.0,spot,0.28362,0.28362,prices.azure.com retail API
2026-08-03,Azure,australiaeast,Standard_NC96ads_A100_v4,A100,4.0,ondemand,21.303,5.32575,prices.azure.com retail API
2026-08-03,Azure,australiaeast,Standard_NC96ads_A100_v4,A100,4.0,spot,3.936794,0.9841985,prices.azure.com retail API
2026-08-03,Azure,australiaeast,Standard_ND128isr_NDR_GB200_v6,GB200,,ondemand,156.84,,prices.azure.com retail API
2026-08-03,Azure,australiaeast,Standard_ND128isr_NDR_GB200_v6,GB200,,spot,156.84,,prices.azure.com retail API
2026-08-03,Azure,australiaeast,Standard_ND96ams_A100_v4,A100,8.0,ondemand,47.516,5.9395,prices.azure.com retail API
2026-08-03,Azure,australiaeast,Standard_ND96ams_A100_v4,A100,8.0,spot,12.35416,1.54427,prices.azure.com retail API
2026-08-03,Azure,australiaeast,Standard_ND96amsr_A100_v4,A100,8.0,ondemand,47.516,5.9395,prices.azure.com retail API
2026-08-03,Azure,australiaeast,Standard_ND96amsr_A100_v4,A100,8.0,spot,12.35416,1.54427,prices.azure.com retail API
2026-08-03,Azure,australiaeast,Standard_ND96isr_H100_v5,H100,8.0,ondemand,142.6,17.825,prices.azure.com retail API
2026-08-03,Azure,australiaeast,Standard_ND96isr_H100_v5,H100,8.0,spot,26.35248,3.29406,prices.azure.com retail API
2026-08-03,Azure,australiaeast,Standard_ND96isr_H200_v5,H200,8.0,ondemand,122.96,15.37,prices.azure.com retail API
2026-08-03,Azure,australiaeast,Standard_ND96isr_H200_v5,H200,8.0,spot,122.96,15.37,prices.azure.com retail API
2026-08-03,Azure,australiaeast,Standard_NV12_Promo,M60,,ondemand,1.908,,prices.azure.com retail API
2026-08-03,Azure,australiaeast,Standard_NV12ads_A10_v5,A10,0.3333333333333333,ondemand,1.317,3.951,prices.azure.com retail API
2026-08-03,Azure,australiaeast,Standard_NV12ads_A10_v5,A10,0.3333333333333333,spot,0.243382,0.730146,prices.azure.com retail API
2026-08-03,Azure,australiaeast,Standard_NV12s_v3,M60,,ondemand,1.59,,prices.azure.com retail API
2026-08-03,Azure,australiaeast,Standard_NV12s_v3,M60,,spot,0.293832,,prices.azure.com retail API
2026-08-03,Azure,australiaeast,Standard_NV16as_v4,MI25,,ondemand,1.351,,prices.azure.com retail API
2026-08-03,Azure,australiaeast,Standard_NV16as_v4,MI25,,spot,0.249665,,prices.azure.com retail API
2026-08-03,Azure,australiaeast,Standard_NV18ads_A10_v5,A10,0.5,ondemand,2.32,4.64,prices.azure.com retail API
2026-08-03,Azure,australiaeast,Standard_NV18ads_A10_v5,A10,0.5,spot,0.428736,0.857472,prices.azure.com retail API
2026-08-03,Azure,australiaeast,Standard_NV24_Promo,M60,,ondemand,3.815,,prices.azure.com retail API
2026-08-03,Azure,australiaeast,Standard_NV24s_v3,M60,,ondemand,3.179,,prices.azure.com retail API
2026-08-03,Azure,australiaeast,Standard_NV24s_v3,M60,,spot,0.587479,,prices.azure.com retail API
2026-08-03,Azure,australiaeast,Standard_NV32as_v4,MI25,,ondemand,2.703,,prices.azure.com retail API
2026-08-03,Azure,australiaeast,Standard_NV32as_v4,MI25,,spot,0.499514,,prices.azure.com retail API
2026-08-03,Azure,australiaeast,Standard_NV36adms_A10_v5,A10,1.0,ondemand,6.554,6.554,prices.azure.com retail API
2026-08-03,Azure,australiaeast,Standard_NV36adms_A10_v5,A10,1.0,spot,1.211179,1.211179,prices.azure.com retail API
2026-08-03,Azure,australiaeast,Standard_NV36ads_A10_v5,A10,1.0,ondemand,4.64,4.64,prices.azure.com retail API
2026-08-03,Azure,australiaeast,Standard_NV36ads_A10_v5,A10,1.0,spot,0.857472,0.857472,prices.azure.com retail API
2026-08-03,Azure,australiaeast,Standard_NV48s_v3,M60,,ondemand,6.358,,prices.azure.com retail API
2026-08-03,Azure,australiaeast,Standard_NV48s_v3,M60,,spot,1.174958,,prices.azure.com retail API
2026-08-03,Azure,australiaeast,Standard_NV4as_v4,MI25,,ondemand,0.338,,prices.azure.com retail API
2026-08-03,Azure,australiaeast,Standard_NV4as_v4,MI25,,spot,0.062462,,prices.azure.com retail API
2026-08-03,Azure,australiaeast,Standard_NV6_Promo,M60,,ondemand,0.954,,prices.azure.com retail API
2026-08-03,Azure,australiaeast,Standard_NV6ads_A10_v5,A10,0.16666666666666666,ondemand,0.658,3.9480000000000004,prices.azure.com retail API
2026-08-03,Azure,australiaeast,Standard_NV6ads_A10_v5,A10,0.16666666666666666,spot,0.121598,0.729588,prices.azure.com retail API
2026-08-03,Azure,australiaeast,Standard_NV72ads_A10_v5,A10,2.0,ondemand,9.454,4.727,prices.azure.com retail API
2026-08-03,Azure,australiaeast,Standard_NV72ads_A10_v5,A10,2.0,spot,1.747099,0.8735495,prices.azure.com retail API
2026-08-03,Azure,australiaeast,Standard_NV8as_v4,MI25,,ondemand,0.676,,prices.azure.com retail API
2026-08-03,Azure,australiaeast,Standard_NV8as_v4,MI25,,spot,0.124925,,prices.azure.com retail API
2026-08-03,Azure,australiasoutheast,Standard_ND128isr_NDR_GB200_v6,GB200,,ondemand,151.44,,prices.azure.com retail API
2026-08-03,Azure,australiasoutheast,Standard_ND128isr_NDR_GB200_v6,GB200,,spot,151.44,,prices.azure.com retail API
2026-08-03,Azure,australiasoutheast,Standard_ND96is_MI300X_v5,MI300X,,ondemand,67.2,,prices.azure.com retail API
2026-08-03,Azure,australiasoutheast,Standard_ND96is_MI300X_v5,MI300X,,spot,12.41856,,prices.azure.com retail API
2026-08-03,Azure,australiasoutheast,Standard_ND96isr_H200_v5,H200,8.0,ondemand,110.24,13.78,prices.azure.com retail API
2026-08-03,Azure,australiasoutheast,Standard_ND96isr_H200_v5,H200,8.0,spot,110.24,13.78,prices.azure.com retail API
2026-08-03,Azure,australiasoutheast,Standard_ND96isr_MI300X_v5,MI300X,8.0,ondemand,67.2,8.4,prices.azure.com retail API
2026-08-03,Azure,australiasoutheast,Standard_ND96isr_MI300X_v5,MI300X,8.0,spot,12.41856,1.55232,prices.azure.com retail API
2026-08-03,Azure,brazilsouth,Standard_NC12s_v3,V100,2.0,ondemand,12.24,6.12,prices.azure.com retail API
2026-08-03,Azure,brazilsouth,Standard_NC12s_v3,V100,2.0,spot,2.261952,1.130976,prices.azure.com retail API
2026-08-03,Azure,brazilsouth,Standard_NC16as_T4_v3,T4,1.0,ondemand,2.046,2.046,prices.azure.com retail API
2026-08-03,Azure,brazilsouth,Standard_NC16as_T4_v3,T4,1.0,spot,0.59334,0.59334,prices.azure.com retail API
2026-08-03,Azure,brazilsouth,Standard_NC24ads_A100_v4,A100,1.0,ondemand,7.346,7.346,prices.azure.com retail API
2026-08-03,Azure,brazilsouth,Standard_NC24ads_A100_v4,A100,1.0,spot,1.357541,1.357541,prices.azure.com retail API
2026-08-03,Azure,brazilsouth,Standard_NC24rs_v3,V100,4.0,ondemand,26.928,6.732,prices.azure.com retail API
2026-08-03,Azure,brazilsouth,Standard_NC24rs_v3,V100,4.0,spot,4.976294,1.2440735,prices.azure.com retail API
2026-08-03,Azure,brazilsouth,Standard_NC24s_v3,V100,4.0,ondemand,24.48,6.12,prices.azure.com retail API
2026-08-03,Azure,brazilsouth,Standard_NC24s_v3,V100,4.0,spot,4.523904,1.130976,prices.azure.com retail API
2026-08-03,Azure,brazilsouth,Standard_NC48ads_A100_v4,A100,2.0,ondemand,14.692,7.346,prices.azure.com retail API
2026-08-03,Azure,brazilsouth,Standard_NC48ads_A100_v4,A100,2.0,spot,2.715082,1.357541,prices.azure.com retail API
2026-08-03,Azure,brazilsouth,Standard_NC4as_T4_v3,T4,1.0,ondemand,0.894,0.894,prices.azure.com retail API
2026-08-03,Azure,brazilsouth,Standard_NC4as_T4_v3,T4,1.0,spot,0.25926,0.25926,prices.azure.com retail API
2026-08-03,Azure,brazilsouth,Standard_NC64as_T4_v3,T4,4.0,ondemand,7.383,1.84575,prices.azure.com retail API
2026-08-03,Azure,brazilsouth,Standard_NC64as_T4_v3,T4,4.0,spot,2.14107,0.5352675,prices.azure.com retail API
2026-08-03,Azure,brazilsouth,Standard_NC6s_v3,V100,1.0,ondemand,6.12,6.12,prices.azure.com retail API
2026-08-03,Azure,brazilsouth,Standard_NC6s_v3,V100,1.0,spot,1.130976,1.130976,prices.azure.com retail API
2026-08-03,Azure,brazilsouth,Standard_NC8as_T4_v3,T4,1.0,ondemand,1.277,1.277,prices.azure.com retail API
2026-08-03,Azure,brazilsouth,Standard_NC8as_T4_v3,T4,1.0,spot,0.37033,0.37033,prices.azure.com retail API
2026-08-03,Azure,brazilsouth,Standard_NC96ads_A100_v4,A100,4.0,ondemand,29.384,7.346,prices.azure.com retail API
2026-08-03,Azure,brazilsouth,Standard_NC96ads_A100_v4,A100,4.0,spot,5.430163,1.35754075,prices.azure.com retail API
2026-08-03,Azure,brazilsouth,Standard_ND128isr_NDR_GB200_v6,GB200,,ondemand,216.32,,prices.azure.com retail API
2026-08-03,Azure,brazilsouth,Standard_ND128isr_NDR_GB200_v6,GB200,,spot,216.32,,prices.azure.com retail API
2026-08-03,Azure,brazilsouth,Standard_ND96ams_A100_v4,A100,8.0,ondemand,65.54,8.1925,prices.azure.com retail API
2026-08-03,Azure,brazilsouth,Standard_ND96ams_A100_v4,A100,8.0,spot,17.0404,2.13005,prices.azure.com retail API
2026-08-03,Azure,brazilsouth,Standard_ND96amsr_A100_v4,A100,8.0,ondemand,65.54,8.1925,prices.azure.com retail API
2026-08-03,Azure,brazilsouth,Standard_ND96amsr_A100_v4,A100,8.0,spot,17.0404,2.13005,prices.azure.com retail API
2026-08-03,Azure,brazilsouth,Standard_ND96is_MI300X_v5,MI300X,,ondemand,96.0,,prices.azure.com retail API
2026-08-03,Azure,brazilsouth,Standard_ND96is_MI300X_v5,MI300X,,spot,17.7408,,prices.azure.com retail API
2026-08-03,Azure,brazilsouth,Standard_ND96isr_H200_v5,H200,8.0,ondemand,169.6,21.2,prices.azure.com retail API
2026-08-03,Azure,brazilsouth,Standard_ND96isr_H200_v5,H200,8.0,spot,169.6,21.2,prices.azure.com retail API
2026-08-03,Azure,brazilsouth,Standard_ND96isr_MI300X_v5,MI300X,8.0,ondemand,96.0,12.0,prices.azure.com retail API
2026-08-03,Azure,brazilsouth,Standard_ND96isr_MI300X_v5,MI300X,8.0,spot,17.7408,2.2176,prices.azure.com retail API
2026-08-03,Azure,brazilsouth,Standard_NV12ads_A10_v5,A10,0.3333333333333333,ondemand,1.816,5.448,prices.azure.com retail API
2026-08-03,Azure,brazilsouth,Standard_NV12ads_A10_v5,A10,0.3333333333333333,spot,0.335597,1.006791,prices.azure.com retail API
2026-08-03,Azure,brazilsouth,Standard_NV12s_v3,M60,,ondemand,1.938,,prices.azure.com retail API
2026-08-03,Azure,brazilsouth,Standard_NV12s_v3,M60,,spot,0.358142,,prices.azure.com retail API
2026-08-03,Azure,brazilsouth,Standard_NV18ads_A10_v5,A10,0.5,ondemand,3.2,6.4,prices.azure.com retail API
2026-08-03,Azure,brazilsouth,Standard_NV18ads_A10_v5,A10,0.5,spot,0.59136,1.18272,prices.azure.com retail API
2026-08-03,Azure,brazilsouth,Standard_NV24s_v3,M60,,ondemand,3.876,,prices.azure.com retail API
2026-08-03,Azure,brazilsouth,Standard_NV24s_v3,M60,,spot,0.716285,,prices.azure.com retail API
2026-08-03,Azure,brazilsouth,Standard_NV36adms_A10_v5,A10,1.0,ondemand,9.04,9.04,prices.azure.com retail API
2026-08-03,Azure,brazilsouth,Standard_NV36adms_A10_v5,A10,1.0,spot,1.670592,1.670592,prices.azure.com retail API
2026-08-03,Azure,brazilsouth,Standard_NV36ads_A10_v5,A10,1.0,ondemand,6.4,6.4,prices.azure.com retail API
2026-08-03,Azure,brazilsouth,Standard_NV36ads_A10_v5,A10,1.0,spot,1.18272,1.18272,prices.azure.com retail API
2026-08-03,Azure,brazilsouth,Standard_NV48s_v3,M60,,ondemand,7.752,,prices.azure.com retail API
2026-08-03,Azure,brazilsouth,Standard_NV48s_v3,M60,,spot,1.43257,,prices.azure.com retail API
2026-08-03,Azure,brazilsouth,Standard_NV6ads_A10_v5,A10,0.16666666666666666,ondemand,0.908,5.448,prices.azure.com retail API
2026-08-03,Azure,brazilsouth,Standard_NV6ads_A10_v5,A10,0.16666666666666666,spot,0.167798,1.006788,prices.azure.com retail API
2026-08-03,Azure,brazilsouth,Standard_NV72ads_A10_v5,A10,2.0,ondemand,13.04,6.52,prices.azure.com retail API
2026-08-03,Azure,brazilsouth,Standard_NV72ads_A10_v5,A10,2.0,spot,2.409792,1.204896,prices.azure.com retail API
2026-08-03,Azure,canadacentral,Standard_NC12s_v3,V100,2.0,ondemand,6.732,3.366,prices.azure.com retail API
2026-08-03,Azure,canadacentral,Standard_NC12s_v3,V100,2.0,spot,1.244074,0.622037,prices.azure.com retail API
2026-08-03,Azure,canadacentral,Standard_NC16as_T4_v3,T4,1.0,ondemand,1.336,1.336,prices.azure.com retail API
2026-08-03,Azure,canadacentral,Standard_NC16as_T4_v3,T4,1.0,spot,0.38744,0.38744,prices.azure.com retail API
2026-08-03,Azure,canadacentral,Standard_NC24ads_A100_v4,A100,1.0,ondemand,4.408,4.408,prices.azure.com retail API
2026-08-03,Azure,canadacentral,Standard_NC24ads_A100_v4,A100,1.0,spot,0.867494,0.867494,prices.azure.com retail API
2026-08-03,Azure,canadacentral,Standard_NC24rs_v3,V100,4.0,ondemand,14.81,3.7025,prices.azure.com retail API
2026-08-03,Azure,canadacentral,Standard_NC24rs_v3,V100,4.0,spot,2.736888,0.684222,prices.azure.com retail API
2026-08-03,Azure,canadacentral,Standard_NC24s_v3,V100,4.0,ondemand,13.464,3.366,prices.azure.com retail API
2026-08-03,Azure,canadacentral,Standard_NC24s_v3,V100,4.0,spot,2.488147,0.62203675,prices.azure.com retail API
2026-08-03,Azure,canadacentral,Standard_NC40ads_H100_v5,H100,1.0,ondemand,8.59,8.59,prices.azure.com retail API
2026-08-03,Azure,canadacentral,Standard_NC40ads_H100_v5,H100,1.0,spot,2.11314,2.11314,prices.azure.com retail API
2026-08-03,Azure,canadacentral,Standard_NC48ads_A100_v4,A100,2.0,ondemand,8.815,4.4075,prices.azure.com retail API
2026-08-03,Azure,canadacentral,Standard_NC48ads_A100_v4,A100,2.0,spot,1.734792,0.867396,prices.azure.com retail API
2026-08-03,Azure,canadacentral,Standard_NC4as_T4_v3,T4,1.0,ondemand,0.584,0.584,prices.azure.com retail API
2026-08-03,Azure,canadacentral,Standard_NC4as_T4_v3,T4,1.0,spot,0.16936,0.16936,prices.azure.com retail API
2026-08-03,Azure,canadacentral,Standard_NC64as_T4_v3,T4,4.0,ondemand,4.82,1.205,prices.azure.com retail API
2026-08-03,Azure,canadacentral,Standard_NC64as_T4_v3,T4,4.0,spot,1.3978,0.34945,prices.azure.com retail API
2026-08-03,Azure,canadacentral,Standard_NC6s_v3,V100,1.0,ondemand,3.366,3.366,prices.azure.com retail API
2026-08-03,Azure,canadacentral,Standard_NC6s_v3,V100,1.0,spot,0.622037,0.622037,prices.azure.com retail API
2026-08-03,Azure,canadacentral,Standard_NC80adis_H100_v5,H100,2.0,ondemand,17.18,8.59,prices.azure.com retail API
2026-08-03,Azure,canadacentral,Standard_NC80adis_H100_v5,H100,2.0,spot,4.22628,2.11314,prices.azure.com retail API
2026-08-03,Azure,canadacentral,Standard_NC8as_T4_v3,T4,1.0,ondemand,0.834,0.834,prices.azure.com retail API
2026-08-03,Azure,canadacentral,Standard_NC8as_T4_v3,T4,1.0,spot,0.24186,0.24186,prices.azure.com retail API
2026-08-03,Azure,canadacentral,Standard_NC96ads_A100_v4,A100,4.0,ondemand,17.63,4.4075,prices.azure.com retail API
2026-08-03,Azure,canadacentral,Standard_NC96ads_A100_v4,A100,4.0,spot,3.469584,0.867396,prices.azure.com retail API
2026-08-03,Azure,canadacentral,Standard_ND96ams_A100_v4,A100,8.0,ondemand,39.324,4.9155,prices.azure.com retail API
2026-08-03,Azure,canadacentral,Standard_ND96ams_A100_v4,A100,8.0,spot,10.22424,1.27803,prices.azure.com retail API
2026-08-03,Azure,canadacentral,Standard_ND96amsr_A100_v4,A100,8.0,ondemand,39.324,4.9155,prices.azure.com retail API
2026-08-03,Azure,canadacentral,Standard_ND96amsr_A100_v4,A100,8.0,spot,10.22424,1.27803,prices.azure.com retail API
2026-08-03,Azure,canadacentral,Standard_ND96is_MI300X_v5,MI300X,,ondemand,57.6,,prices.azure.com retail API
2026-08-03,Azure,canadacentral,Standard_ND96is_MI300X_v5,MI300X,,spot,10.64448,,prices.azure.com retail API
2026-08-03,Azure,canadacentral,Standard_ND96isr_H100_v5,H100,8.0,ondemand,117.984,14.748,prices.azure.com retail API
2026-08-03,Azure,canadacentral,Standard_ND96isr_H100_v5,H100,8.0,spot,21.803443,2.725430375,prices.azure.com retail API
2026-08-03,Azure,canadacentral,Standard_ND96isr_MI300X_v5,MI300X,8.0,ondemand,57.6,7.2,prices.azure.com retail API
2026-08-03,Azure,canadacentral,Standard_ND96isr_MI300X_v5,MI300X,8.0,spot,10.64448,1.33056,prices.azure.com retail API
2026-08-03,Azure,canadacentral,Standard_NV12ads_A10_v5,A10,0.3333333333333333,ondemand,1.09,3.2700000000000005,prices.azure.com retail API
2026-08-03,Azure,canadacentral,Standard_NV12ads_A10_v5,A10,0.3333333333333333,spot,0.201432,0.604296,prices.azure.com retail API
2026-08-03,Azure,canadacentral,Standard_NV16as_v4,MI25,,ondemand,1.118,,prices.azure.com retail API
2026-08-03,Azure,canadacentral,Standard_NV16as_v4,MI25,,spot,0.206606,,prices.azure.com retail API
2026-08-03,Azure,canadacentral,Standard_NV18ads_A10_v5,A10,0.5,ondemand,1.92,3.84,prices.azure.com retail API
2026-08-03,Azure,canadacentral,Standard_NV18ads_A10_v5,A10,0.5,spot,0.354816,0.709632,prices.azure.com retail API
2026-08-03,Azure,canadacentral,Standard_NV32as_v4,MI25,,ondemand,2.237,,prices.azure.com retail API
2026-08-03,Azure,canadacentral,Standard_NV32as_v4,MI25,,spot,0.413398,,prices.azure.com retail API
2026-08-03,Azure,canadacentral,Standard_NV36adms_A10_v5,A10,1.0,ondemand,5.424,5.424,prices.azure.com retail API
2026-08-03,Azure,canadacentral,Standard_NV36adms_A10_v5,A10,1.0,spot,1.002355,1.002355,prices.azure.com retail API
2026-08-03,Azure,canadacentral,Standard_NV36ads_A10_v5,A10,1.0,ondemand,3.84,3.84,prices.azure.com retail API
2026-08-03,Azure,canadacentral,Standard_NV36ads_A10_v5,A10,1.0,spot,0.709632,0.709632,prices.azure.com retail API
2026-08-03,Azure,canadacentral,Standard_NV4as_v4,MI25,,ondemand,0.28,,prices.azure.com retail API
2026-08-03,Azure,canadacentral,Standard_NV4as_v4,MI25,,spot,0.051744,,prices.azure.com retail API
2026-08-03,Azure,canadacentral,Standard_NV6ads_A10_v5,A10,0.16666666666666666,ondemand,0.545,3.2700000000000005,prices.azure.com retail API
2026-08-03,Azure,canadacentral,Standard_NV6ads_A10_v5,A10,0.16666666666666666,spot,0.100716,0.604296,prices.azure.com retail API
2026-08-03,Azure,canadacentral,Standard_NV72ads_A10_v5,A10,2.0,ondemand,7.824,3.912,prices.azure.com retail API
2026-08-03,Azure,canadacentral,Standard_NV72ads_A10_v5,A10,2.0,spot,1.445875,0.7229375,prices.azure.com retail API
2026-08-03,Azure,canadacentral,Standard_NV8as_v4,MI25,,ondemand,0.559,,prices.azure.com retail API
2026-08-03,Azure,canadacentral,Standard_NV8as_v4,MI25,,spot,0.103303,,prices.azure.com retail API
2026-08-03,Azure,canadaeast,Standard_ND128isr_NDR_GB200_v6,GB200,,ondemand,129.8,,prices.azure.com retail API
2026-08-03,Azure,canadaeast,Standard_ND128isr_NDR_GB200_v6,GB200,,spot,129.8,,prices.azure.com retail API
2026-08-03,Azure,canadaeast,Standard_ND96ams_A100_v4,A100,8.0,ondemand,39.324,4.9155,prices.azure.com retail API
2026-08-03,Azure,canadaeast,Standard_ND96ams_A100_v4,A100,8.0,spot,10.22424,1.27803,prices.azure.com retail API
2026-08-03,Azure,canadaeast,Standard_ND96amsr_A100_v4,A100,8.0,ondemand,39.324,4.9155,prices.azure.com retail API
2026-08-03,Azure,canadaeast,Standard_ND96amsr_A100_v4,A100,8.0,spot,10.22424,1.27803,prices.azure.com retail API
2026-08-03,Azure,centralindia,Standard_NC12s_v3,V100,2.0,ondemand,8.468,4.234,prices.azure.com retail API
2026-08-03,Azure,centralindia,Standard_NC12s_v3,V100,2.0,spot,1.564886,0.782443,prices.azure.com retail API
2026-08-03,Azure,centralindia,Standard_NC16as_T4_v3,T4,1.0,ondemand,1.324,1.324,prices.azure.com retail API
2026-08-03,Azure,centralindia,Standard_NC16as_T4_v3,T4,1.0,spot,0.38396,0.38396,prices.azure.com retail API
2026-08-03,Azure,centralindia,Standard_NC24ads_A100_v4,A100,1.0,ondemand,5.142,5.142,prices.azure.com retail API
2026-08-03,Azure,centralindia,Standard_NC24ads_A100_v4,A100,1.0,spot,0.950242,0.950242,prices.azure.com retail API
2026-08-03,Azure,centralindia,Standard_NC24rs_v3,V100,4.0,ondemand,18.63,4.6575,prices.azure.com retail API
2026-08-03,Azure,centralindia,Standard_NC24rs_v3,V100,4.0,spot,3.442824,0.860706,prices.azure.com retail API
2026-08-03,Azure,centralindia,Standard_NC24s_v3,V100,4.0,ondemand,16.936,4.234,prices.azure.com retail API
2026-08-03,Azure,centralindia,Standard_NC24s_v3,V100,4.0,spot,3.129773,0.78244325,prices.azure.com retail API
2026-08-03,Azure,centralindia,Standard_NC40ads_H100_v5,H100,1.0,ondemand,9.772,9.772,prices.azure.com retail API
2026-08-03,Azure,centralindia,Standard_NC40ads_H100_v5,H100,1.0,spot,4.502938,4.502938,prices.azure.com retail API
2026-08-03,Azure,centralindia,Standard_NC48ads_A100_v4,A100,2.0,ondemand,10.284,5.142,prices.azure.com retail API
2026-08-03,Azure,centralindia,Standard_NC48ads_A100_v4,A100,2.0,spot,1.900483,0.9502415,prices.azure.com retail API
2026-08-03,Azure,centralindia,Standard_NC4as_T4_v3,T4,1.0,ondemand,0.579,0.579,prices.azure.com retail API
2026-08-03,Azure,centralindia,Standard_NC4as_T4_v3,T4,1.0,spot,0.16791,0.16791,prices.azure.com retail API
2026-08-03,Azure,centralindia,Standard_NC64as_T4_v3,T4,4.0,ondemand,4.787,1.19675,prices.azure.com retail API
2026-08-03,Azure,centralindia,Standard_NC64as_T4_v3,T4,4.0,spot,1.38823,0.3470575,prices.azure.com retail API
2026-08-03,Azure,centralindia,Standard_NC6s_v3,V100,1.0,ondemand,4.234,4.234,prices.azure.com retail API
2026-08-03,Azure,centralindia,Standard_NC6s_v3,V100,1.0,spot,0.782443,0.782443,prices.azure.com retail API
2026-08-03,Azure,centralindia,Standard_NC80adis_H100_v5,H100,2.0,ondemand,19.544,9.772,prices.azure.com retail API
2026-08-03,Azure,centralindia,Standard_NC80adis_H100_v5,H100,2.0,spot,9.005875,4.5029375,prices.azure.com retail API
2026-08-03,Azure,centralindia,Standard_NC8as_T4_v3,T4,1.0,ondemand,0.827,0.827,prices.azure.com retail API
2026-08-03,Azure,centralindia,Standard_NC8as_T4_v3,T4,1.0,spot,0.23983,0.23983,prices.azure.com retail API
2026-08-03,Azure,centralindia,Standard_NC96ads_A100_v4,A100,4.0,ondemand,20.569,5.14225,prices.azure.com retail API
2026-08-03,Azure,centralindia,Standard_NC96ads_A100_v4,A100,4.0,spot,3.801151,0.95028775,prices.azure.com retail API
2026-08-03,Azure,centralindia,Standard_NV12_Promo,M60,,ondemand,2.062,,prices.azure.com retail API
2026-08-03,Azure,centralindia,Standard_NV12ads_A10_v5,A10,0.3333333333333333,ondemand,1.271,3.8129999999999997,prices.azure.com retail API
2026-08-03,Azure,centralindia,Standard_NV12ads_A10_v5,A10,0.3333333333333333,spot,0.234881,0.704643,prices.azure.com retail API
2026-08-03,Azure,centralindia,Standard_NV12s_v3,M60,,ondemand,1.596,,prices.azure.com retail API
2026-08-03,Azure,centralindia,Standard_NV12s_v3,M60,,spot,0.294941,,prices.azure.com retail API
2026-08-03,Azure,centralindia,Standard_NV16as_v4,MI25,,ondemand,1.305,,prices.azure.com retail API
2026-08-03,Azure,centralindia,Standard_NV16as_v4,MI25,,spot,0.241164,,prices.azure.com retail API
2026-08-03,Azure,centralindia,Standard_NV18ads_A10_v5,A10,0.5,ondemand,2.24,4.48,prices.azure.com retail API
2026-08-03,Azure,centralindia,Standard_NV18ads_A10_v5,A10,0.5,spot,0.413952,0.827904,prices.azure.com retail API
2026-08-03,Azure,centralindia,Standard_NV24_Promo,M60,,ondemand,4.123,,prices.azure.com retail API
2026-08-03,Azure,centralindia,Standard_NV24s_v3,M60,,ondemand,3.192,,prices.azure.com retail API
2026-08-03,Azure,centralindia,Standard_NV24s_v3,M60,,spot,0.589882,,prices.azure.com retail API
2026-08-03,Azure,centralindia,Standard_NV32as_v4,MI25,,ondemand,2.61,,prices.azure.com retail API
2026-08-03,Azure,centralindia,Standard_NV32as_v4,MI25,,spot,0.482328,,prices.azure.com retail API
2026-08-03,Azure,centralindia,Standard_NV36adms_A10_v5,A10,1.0,ondemand,6.328,6.328,prices.azure.com retail API
2026-08-03,Azure,centralindia,Standard_NV36adms_A10_v5,A10,1.0,spot,1.169414,1.169414,prices.azure.com retail API
2026-08-03,Azure,centralindia,Standard_NV36ads_A10_v5,A10,1.0,ondemand,4.48,4.48,prices.azure.com retail API
2026-08-03,Azure,centralindia,Standard_NV36ads_A10_v5,A10,1.0,spot,0.827904,0.827904,prices.azure.com retail API
2026-08-03,Azure,centralindia,Standard_NV48s_v3,M60,,ondemand,6.384,,prices.azure.com retail API
2026-08-03,Azure,centralindia,Standard_NV48s_v3,M60,,spot,1.179763,,prices.azure.com retail API
2026-08-03,Azure,centralindia,Standard_NV4as_v4,MI25,,ondemand,0.326,,prices.azure.com retail API
2026-08-03,Azure,centralindia,Standard_NV4as_v4,MI25,,spot,0.060245,,prices.azure.com retail API
2026-08-03,Azure,centralindia,Standard_NV6_Promo,M60,,ondemand,1.031,,prices.azure.com retail API
2026-08-03,Azure,centralindia,Standard_NV6ads_A10_v5,A10,0.16666666666666666,ondemand,0.636,3.8160000000000003,prices.azure.com retail API
2026-08-03,Azure,centralindia,Standard_NV6ads_A10_v5,A10,0.16666666666666666,spot,0.117533,0.705198,prices.azure.com retail API
2026-08-03,Azure,centralindia,Standard_NV72ads_A10_v5,A10,2.0,ondemand,9.128,4.564,prices.azure.com retail API
2026-08-03,Azure,centralindia,Standard_NV72ads_A10_v5,A10,2.0,spot,1.686854,0.843427,prices.azure.com retail API
2026-08-03,Azure,centralindia,Standard_NV8as_v4,MI25,,ondemand,0.652,,prices.azure.com retail API
2026-08-03,Azure,centralindia,Standard_NV8as_v4,MI25,,spot,0.12049,,prices.azure.com retail API
2026-08-03,Azure,centralus,Standard_NC12s_v3,V100,2.0,ondemand,6.916,3.458,prices.azure.com retail API
2026-08-03,Azure,centralus,Standard_NC12s_v3,V100,2.0,spot,1.278077,0.6390385,prices.azure.com retail API
2026-08-03,Azure,centralus,Standard_NC16as_T4_v3,T4,1.0,ondemand,1.36,1.36,prices.azure.com retail API
2026-08-03,Azure,centralus,Standard_NC16as_T4_v3,T4,1.0,spot,0.711824,0.711824,prices.azure.com retail API
2026-08-03,Azure,centralus,Standard_NC24ads_A100_v4,A100,1.0,ondemand,4.15,4.15,prices.azure.com retail API
2026-08-03,Azure,centralus,Standard_NC24ads_A100_v4,A100,1.0,spot,0.76692,0.76692,prices.azure.com retail API
2026-08-03,Azure,centralus,Standard_NC24rs_v3,V100,4.0,ondemand,15.214,3.8035,prices.azure.com retail API
2026-08-03,Azure,centralus,Standard_NC24rs_v3,V100,4.0,spot,2.811547,0.70288675,prices.azure.com retail API
2026-08-03,Azure,centralus,Standard_NC24s_v3,V100,4.0,ondemand,13.831,3.45775,prices.azure.com retail API
2026-08-03,Azure,centralus,Standard_NC24s_v3,V100,4.0,spot,2.555969,0.63899225,prices.azure.com retail API
2026-08-03,Azure,centralus,Standard_NC40ads_H100_v5,H100,1.0,ondemand,8.585,8.585,prices.azure.com retail API
2026-08-03,Azure,centralus,Standard_NC40ads_H100_v5,H100,1.0,spot,2.147108,2.147108,prices.azure.com retail API
2026-08-03,Azure,centralus,Standard_NC48ads_A100_v4,A100,2.0,ondemand,8.301,4.1505,prices.azure.com retail API
2026-08-03,Azure,centralus,Standard_NC48ads_A100_v4,A100,2.0,spot,1.534025,0.7670125,prices.azure.com retail API
2026-08-03,Azure,centralus,Standard_NC4as_T4_v3,T4,1.0,ondemand,0.594,0.594,prices.azure.com retail API
2026-08-03,Azure,centralus,Standard_NC4as_T4_v3,T4,1.0,spot,0.3109,0.3109,prices.azure.com retail API
2026-08-03,Azure,centralus,Standard_NC64as_T4_v3,T4,4.0,ondemand,4.907,1.22675,prices.azure.com retail API
2026-08-03,Azure,centralus,Standard_NC64as_T4_v3,T4,4.0,spot,2.568324,0.642081,prices.azure.com retail API
2026-08-03,Azure,centralus,Standard_NC6s_v3,V100,1.0,ondemand,3.458,3.458,prices.azure.com retail API
2026-08-03,Azure,centralus,Standard_NC6s_v3,V100,1.0,spot,0.639038,0.639038,prices.azure.com retail API
2026-08-03,Azure,centralus,Standard_NC80adis_H100_v5,H100,2.0,ondemand,17.17,8.585,prices.azure.com retail API
2026-08-03,Azure,centralus,Standard_NC80adis_H100_v5,H100,2.0,spot,4.294217,2.1471085,prices.azure.com retail API
2026-08-03,Azure,centralus,Standard_NC8as_T4_v3,T4,1.0,ondemand,0.849,0.849,prices.azure.com retail API
2026-08-03,Azure,centralus,Standard_NC8as_T4_v3,T4,1.0,spot,0.444367,0.444367,prices.azure.com retail API
2026-08-03,Azure,centralus,Standard_NC96ads_A100_v4,A100,4.0,ondemand,16.602,4.1505,prices.azure.com retail API
2026-08-03,Azure,centralus,Standard_NC96ads_A100_v4,A100,4.0,spot,3.06805,0.7670125,prices.azure.com retail API
2026-08-03,Azure,centralus,Standard_NCC40ads_H100_v5,H100,,ondemand,9.73,,prices.azure.com retail API
2026-08-03,Azure,centralus,Standard_NCC40ads_H100_v5,H100,,spot,1.798104,,prices.azure.com retail API
2026-08-03,Azure,centralus,Standard_ND128isr_NDR_GB200_v6,GB200,,ondemand,133.037,,prices.azure.com retail API
2026-08-03,Azure,centralus,Standard_ND128isr_NDR_GB200_v6,GB200,,spot,133.037,,prices.azure.com retail API
2026-08-03,Azure,centralus,Standard_ND96amsr_A100_v4,A100,8.0,ondemand,37.03,4.62875,prices.azure.com retail API
2026-08-03,Azure,centralus,Standard_ND96amsr_A100_v4,A100,8.0,spot,9.6278,1.203475,prices.azure.com retail API
2026-08-03,Azure,centralus,Standard_ND96is_H100_v5,H100,8.0,ondemand,108.84,13.605,prices.azure.com retail API
2026-08-03,Azure,centralus,Standard_ND96is_H100_v5,H100,8.0,spot,20.113632,2.514204,prices.azure.com retail API
2026-08-03,Azure,centralus,Standard_ND96is_MI300X_v5,MI300X,,ondemand,59.041,,prices.azure.com retail API
2026-08-03,Azure,centralus,Standard_ND96is_MI300X_v5,MI300X,,spot,10.910777,,prices.azure.com retail API
2026-08-03,Azure,centralus,Standard_ND96is_flex_H100_v5,H100,,ondemand,108.84,,prices.azure.com retail API
2026-08-03,Azure,centralus,Standard_ND96is_flex_H100_v5,H100,,spot,20.113632,,prices.azure.com retail API
2026-08-03,Azure,centralus,Standard_ND96is_noIB_H100_v5,H100,,ondemand,108.84,,prices.azure.com retail API
2026-08-03,Azure,centralus,Standard_ND96is_noIB_H100_v5,H100,,spot,20.113632,,prices.azure.com retail API
2026-08-03,Azure,centralus,Standard_ND96isr_H100_v5,H100,8.0,ondemand,120.934,15.11675,prices.azure.com retail API
2026-08-03,Azure,centralus,Standard_ND96isr_H100_v5,H100,8.0,spot,22.348603,2.793575375,prices.azure.com retail API
2026-08-03,Azure,centralus,Standard_ND96isr_H200_v5,H200,8.0,ondemand,95.824,11.978,prices.azure.com retail API
2026-08-03,Azure,centralus,Standard_ND96isr_H200_v5,H200,8.0,spot,95.824,11.978,prices.azure.com retail API
2026-08-03,Azure,centralus,Standard_ND96isr_MI300X_v5,MI300X,8.0,ondemand,59.041,7.380125,prices.azure.com retail API
2026-08-03,Azure,centralus,Standard_ND96isr_MI300X_v5,MI300X,8.0,spot,10.910777,1.363847125,prices.azure.com retail API
2026-08-03,Azure,centralus,Standard_ND96isrf_H100_v5,H100,,ondemand,120.934,,prices.azure.com retail API
2026-08-03,Azure,centralus,Standard_ND96isrf_H100_v5,H100,,spot,22.348603,,prices.azure.com retail API
2026-08-03,Azure,centralus,Standard_NG16ads_V620_v1,V620,,ondemand,1.56,,prices.azure.com retail API
2026-08-03,Azure,centralus,Standard_NG16ads_V620_v1,V620,,spot,0.288288,,prices.azure.com retail API
2026-08-03,Azure,centralus,Standard_NG32adms_V620,V620,,ondemand,4.056,,prices.azure.com retail API
2026-08-03,Azure,centralus,Standard_NG32adms_V620,V620,,spot,0.749549,,prices.azure.com retail API
2026-08-03,Azure,centralus,Standard_NG32ads_V620_v1,V620,,ondemand,3.12,,prices.azure.com retail API
2026-08-03,Azure,centralus,Standard_NG32ads_V620_v1,V620,,spot,0.576576,,prices.azure.com retail API
2026-08-03,Azure,centralus,Standard_NG8ads_V620_v1,V620,,ondemand,0.78,,prices.azure.com retail API
2026-08-03,Azure,centralus,Standard_NG8ads_V620_v1,V620,,spot,0.144144,,prices.azure.com retail API
2026-08-03,Azure,centralus,Standard_NV12ads_A10_v5,A10,0.3333333333333333,ondemand,1.117,3.351,prices.azure.com retail API
2026-08-03,Azure,centralus,Standard_NV12ads_A10_v5,A10,0.3333333333333333,spot,0.206422,0.619266,prices.azure.com retail API
2026-08-03,Azure,centralus,Standard_NV18ads_A10_v5,A10,0.5,ondemand,1.968,3.936,prices.azure.com retail API
2026-08-03,Azure,centralus,Standard_NV18ads_A10_v5,A10,0.5,spot,0.363686,0.727372,prices.azure.com retail API
2026-08-03,Azure,centralus,Standard_NV36adms_A10_v5,A10,1.0,ondemand,5.56,5.56,prices.azure.com retail API
2026-08-03,Azure,centralus,Standard_NV36adms_A10_v5,A10,1.0,spot,1.027488,1.027488,prices.azure.com retail API
2026-08-03,Azure,centralus,Standard_NV36ads_A10_v5,A10,1.0,ondemand,3.936,3.936,prices.azure.com retail API
2026-08-03,Azure,centralus,Standard_NV36ads_A10_v5,A10,1.0,spot,0.727373,0.727373,prices.azure.com retail API
2026-08-03,Azure,centralus,Standard_NV6ads_A10_v5,A10,0.16666666666666666,ondemand,0.558,3.3480000000000003,prices.azure.com retail API
2026-08-03,Azure,centralus,Standard_NV6ads_A10_v5,A10,0.16666666666666666,spot,0.103118,0.618708,prices.azure.com retail API
2026-08-03,Azure,centralus,Standard_NV72ads_A10_v5,A10,2.0,ondemand,8.02,4.01,prices.azure.com retail API
2026-08-03,Azure,centralus,Standard_NV72ads_A10_v5,A10,2.0,spot,1.482096,0.741048,prices.azure.com retail API
2026-08-03,Azure,chilecentral,Standard_NV16as_v4,MI25,,ondemand,1.305,,prices.azure.com retail API
2026-08-03,Azure,chilecentral,Standard_NV16as_v4,MI25,,spot,0.241164,,prices.azure.com retail API
2026-08-03,Azure,chilecentral,Standard_NV32as_v4,MI25,,ondemand,2.61,,prices.azure.com retail API
2026-08-03,Azure,chilecentral,Standard_NV32as_v4,MI25,,spot,0.482328,,prices.azure.com retail API
2026-08-03,Azure,chilecentral,Standard_NV4as_v4,MI25,,ondemand,0.326,,prices.azure.com retail API
2026-08-03,Azure,chilecentral,Standard_NV4as_v4,MI25,,spot,0.060245,,prices.azure.com retail API
2026-08-03,Azure,chilecentral,Standard_NV8as_v4,MI25,,ondemand,0.652,,prices.azure.com retail API
2026-08-03,Azure,chilecentral,Standard_NV8as_v4,MI25,,spot,0.12049,,prices.azure.com retail API
2026-08-03,Azure,eastasia,Standard_NC12s_v3,V100,2.0,ondemand,9.486,4.743,prices.azure.com retail API
2026-08-03,Azure,eastasia,Standard_NC12s_v3,V100,2.0,spot,1.753013,0.8765065,prices.azure.com retail API
2026-08-03,Azure,eastasia,Standard_NC24rs_v3,V100,4.0,ondemand,20.869,5.21725,prices.azure.com retail API
2026-08-03,Azure,eastasia,Standard_NC24rs_v3,V100,4.0,spot,3.856591,0.96414775,prices.azure.com retail API
2026-08-03,Azure,eastasia,Standard_NC24s_v3,V100,4.0,ondemand,18.972,4.743,prices.azure.com retail API
2026-08-03,Azure,eastasia,Standard_NC24s_v3,V100,4.0,spot,3.506026,0.8765065,prices.azure.com retail API
2026-08-03,Azure,eastasia,Standard_NC6s_v3,V100,1.0,ondemand,4.743,4.743,prices.azure.com retail API
2026-08-03,Azure,eastasia,Standard_NC6s_v3,V100,1.0,spot,0.876506,0.876506,prices.azure.com retail API
2026-08-03,Azure,eastasia,Standard_ND40s_v2,P40,,ondemand,29.205,,prices.azure.com retail API
2026-08-03,Azure,eastasia,Standard_ND40s_v2,P40,,spot,5.397084,,prices.azure.com retail API
2026-08-03,Azure,eastasia,Standard_NV12ads_A10_v5,A10,0.3333333333333333,ondemand,1.407,4.221,prices.azure.com retail API
2026-08-03,Azure,eastasia,Standard_NV12ads_A10_v5,A10,0.3333333333333333,spot,0.260014,0.7800420000000001,prices.azure.com retail API
2026-08-03,Azure,eastasia,Standard_NV18ads_A10_v5,A10,0.5,ondemand,2.48,4.96,prices.azure.com retail API
2026-08-03,Azure,eastasia,Standard_NV18ads_A10_v5,A10,0.5,spot,0.458304,0.916608,prices.azure.com retail API
2026-08-03,Azure,eastasia,Standard_NV36adms_A10_v5,A10,1.0,ondemand,7.006,7.006,prices.azure.com retail API
2026-08-03,Azure,eastasia,Standard_NV36adms_A10_v5,A10,1.0,spot,1.294709,1.294709,prices.azure.com retail API
2026-08-03,Azure,eastasia,Standard_NV36ads_A10_v5,A10,1.0,ondemand,4.96,4.96,prices.azure.com retail API
2026-08-03,Azure,eastasia,Standard_NV36ads_A10_v5,A10,1.0,spot,0.916608,0.916608,prices.azure.com retail API
2026-08-03,Azure,eastasia,Standard_NV6ads_A10_v5,A10,0.16666666666666666,ondemand,0.704,4.224,prices.azure.com retail API
2026-08-03,Azure,eastasia,Standard_NV6ads_A10_v5,A10,0.16666666666666666,spot,0.130099,0.780594,prices.azure.com retail API
2026-08-03,Azure,eastasia,Standard_NV72ads_A10_v5,A10,2.0,ondemand,10.106,5.053,prices.azure.com retail API
2026-08-03,Azure,eastasia,Standard_NV72ads_A10_v5,A10,2.0,spot,1.867589,0.9337945,prices.azure.com retail API
2026-08-03,Azure,eastus,Standard_NC12_Promo,K80,,ondemand,0.792,,prices.azure.com retail API
2026-08-03,Azure,eastus,Standard_NC12s_v3,V100,2.0,ondemand,6.12,3.06,prices.azure.com retail API
2026-08-03,Azure,eastus,Standard_NC12s_v3,V100,2.0,spot,1.130976,0.565488,prices.azure.com retail API
2026-08-03,Azure,eastus,Standard_NC16as_T4_v3,T4,1.0,ondemand,1.204,1.204,prices.azure.com retail API
2026-08-03,Azure,eastus,Standard_NC16as_T4_v3,T4,1.0,spot,0.411407,0.411407,prices.azure.com retail API
2026-08-03,Azure,eastus,Standard_NC24_Promo,K80,,ondemand,1.584,,prices.azure.com retail API
2026-08-03,Azure,eastus,Standard_NC24ads_A100_v4,A100,1.0,ondemand,3.673,3.673,prices.azure.com retail API
2026-08-03,Azure,eastus,Standard_NC24ads_A100_v4,A100,1.0,spot,0.67877,0.67877,prices.azure.com retail API
2026-08-03,Azure,eastus,Standard_NC24r_Promo,K80,,ondemand,1.742,,prices.azure.com retail API
2026-08-03,Azure,eastus,Standard_NC24rs_v3,V100,4.0,ondemand,13.46,3.365,prices.azure.com retail API
2026-08-03,Azure,eastus,Standard_NC24rs_v3,V100,4.0,spot,2.487408,0.621852,prices.azure.com retail API
2026-08-03,Azure,eastus,Standard_NC24s_v3,V100,4.0,ondemand,12.24,3.06,prices.azure.com retail API
2026-08-03,Azure,eastus,Standard_NC24s_v3,V100,4.0,spot,2.261952,0.565488,prices.azure.com retail API
2026-08-03,Azure,eastus,Standard_NC40ads_H100_v5,H100,1.0,ondemand,6.98,6.98,prices.azure.com retail API
2026-08-03,Azure,eastus,Standard_NC40ads_H100_v5,H100,1.0,spot,1.40298,1.40298,prices.azure.com retail API
2026-08-03,Azure,eastus,Standard_NC48ads_A100_v4,A100,2.0,ondemand,7.346,3.673,prices.azure.com retail API
2026-08-03,Azure,eastus,Standard_NC48ads_A100_v4,A100,2.0,spot,1.357541,0.6787705,prices.azure.com retail API
2026-08-03,Azure,eastus,Standard_NC4as_T4_v3,T4,1.0,ondemand,0.526,0.526,prices.azure.com retail API
2026-08-03,Azure,eastus,Standard_NC4as_T4_v3,T4,1.0,spot,0.179734,0.179734,prices.azure.com retail API
2026-08-03,Azure,eastus,Standard_NC64as_T4_v3,T4,4.0,ondemand,4.352,1.088,prices.azure.com retail API
2026-08-03,Azure,eastus,Standard_NC64as_T4_v3,T4,4.0,spot,1.487078,0.3717695,prices.azure.com retail API
2026-08-03,Azure,eastus,Standard_NC6_Promo,K80,,ondemand,0.396,,prices.azure.com retail API
2026-08-03,Azure,eastus,Standard_NC6s_v3,V100,1.0,ondemand,3.06,3.06,prices.azure.com retail API
2026-08-03,Azure,eastus,Standard_NC6s_v3,V100,1.0,spot,0.565488,0.565488,prices.azure.com retail API
2026-08-03,Azure,eastus,Standard_NC80adis_H100_v5,H100,2.0,ondemand,13.96,6.98,prices.azure.com retail API
2026-08-03,Azure,eastus,Standard_NC80adis_H100_v5,H100,2.0,spot,2.80596,1.40298,prices.azure.com retail API
2026-08-03,Azure,eastus,Standard_NC8as_T4_v3,T4,1.0,ondemand,0.752,0.752,prices.azure.com retail API
2026-08-03,Azure,eastus,Standard_NC8as_T4_v3,T4,1.0,spot,0.256958,0.256958,prices.azure.com retail API
2026-08-03,Azure,eastus,Standard_NC96ads_A100_v4,A100,4.0,ondemand,14.692,3.673,prices.azure.com retail API
2026-08-03,Azure,eastus,Standard_NC96ads_A100_v4,A100,4.0,spot,2.715082,0.6787705,prices.azure.com retail API
2026-08-03,Azure,eastus,Standard_ND128isr_NDR_GB200_v6,GB200,,ondemand,108.16,,prices.azure.com retail API
2026-08-03,Azure,eastus,Standard_ND128isr_NDR_GB200_v6,GB200,,spot,108.16,,prices.azure.com retail API
2026-08-03,Azure,eastus,Standard_ND40rs_v2,V100,8.0,ondemand,22.032,2.754,prices.azure.com retail API
2026-08-03,Azure,eastus,Standard_ND40rs_v2,V100,8.0,spot,4.071514,0.50893925,prices.azure.com retail API
2026-08-03,Azure,eastus,Standard_ND40s_v2,P40,,ondemand,12.24,,prices.azure.com retail API
2026-08-03,Azure,eastus,Standard_ND40s_v2,P40,,spot,2.261952,,prices.azure.com retail API
2026-08-03,Azure,eastus,Standard_ND96ams_A100_v4,A100,8.0,ondemand,32.77,4.09625,prices.azure.com retail API
2026-08-03,Azure,eastus,Standard_ND96ams_A100_v4,A100,8.0,spot,8.5202,1.065025,prices.azure.com retail API
2026-08-03,Azure,eastus,Standard_ND96amsr_A100_v4,A100,8.0,ondemand,32.77,4.09625,prices.azure.com retail API
2026-08-03,Azure,eastus,Standard_ND96amsr_A100_v4,A100,8.0,spot,8.5202,1.065025,prices.azure.com retail API
2026-08-03,Azure,eastus,Standard_ND96asr_A100_v4,A100,,ondemand,27.197,,prices.azure.com retail API
2026-08-03,Azure,eastus,Standard_ND96asr_A100_v4,A100,,spot,5.98334,,prices.azure.com retail API
2026-08-03,Azure,eastus,Standard_ND96asr_v4,A100,8.0,ondemand,27.197,3.399625,prices.azure.com retail API
2026-08-03,Azure,eastus,Standard_ND96asr_v4,A100,8.0,spot,5.98334,0.7479175,prices.azure.com retail API
2026-08-03,Azure,eastus,Standard_ND96is_H100_v5,H100,8.0,ondemand,88.488,11.061,prices.azure.com retail API
2026-08-03,Azure,eastus,Standard_ND96is_H100_v5,H100,8.0,spot,16.352582,2.04407275,prices.azure.com retail API
2026-08-03,Azure,eastus,Standard_ND96is_flex_H100_v5,H100,,ondemand,88.488,,prices.azure.com retail API
2026-08-03,Azure,eastus,Standard_ND96is_flex_H100_v5,H100,,spot,16.352582,,prices.azure.com retail API
2026-08-03,Azure,eastus,Standard_ND96is_noIB_H100_v5,H100,,ondemand,88.488,,prices.azure.com retail API
2026-08-03,Azure,eastus,Standard_ND96is_noIB_H100_v5,H100,,spot,16.352582,,prices.azure.com retail API
2026-08-03,Azure,eastus,Standard_ND96isr_H100_v5,H100,8.0,ondemand,98.32,12.29,prices.azure.com retail API
2026-08-03,Azure,eastus,Standard_ND96isr_H100_v5,H100,8.0,spot,18.169536,2.271192,prices.azure.com retail API
2026-08-03,Azure,eastus,Standard_ND96isrf_H100_v5,H100,,ondemand,98.32,,prices.azure.com retail API
2026-08-03,Azure,eastus,Standard_ND96isrf_H100_v5,H100,,spot,18.169536,,prices.azure.com retail API
2026-08-03,Azure,eastus,Standard_NV12_Promo,M60,,ondemand,1.368,,prices.azure.com retail API
2026-08-03,Azure,eastus,Standard_NV12ads_A10_v5,A10,0.3333333333333333,ondemand,0.908,2.724,prices.azure.com retail API
2026-08-03,Azure,eastus,Standard_NV12ads_A10_v5,A10,0.3333333333333333,spot,0.167798,0.503394,prices.azure.com retail API
2026-08-03,Azure,eastus,Standard_NV12s_v3,M60,,ondemand,1.14,,prices.azure.com retail API
2026-08-03,Azure,eastus,Standard_NV12s_v3,M60,,spot,0.210672,,prices.azure.com retail API
2026-08-03,Azure,eastus,Standard_NV16as_v4,MI25,,ondemand,0.932,,prices.azure.com retail API
2026-08-03,Azure,eastus,Standard_NV16as_v4,MI25,,spot,0.172234,,prices.azure.com retail API
2026-08-03,Azure,eastus,Standard_NV18ads_A10_v5,A10,0.5,ondemand,1.6,3.2,prices.azure.com retail API
2026-08-03,Azure,eastus,Standard_NV18ads_A10_v5,A10,0.5,spot,0.29568,0.59136,prices.azure.com retail API
2026-08-03,Azure,eastus,Standard_NV24_Promo,M60,,ondemand,2.736,,prices.azure.com retail API
2026-08-03,Azure,eastus,Standard_NV24s_v3,M60,,ondemand,2.28,,prices.azure.com retail API
2026-08-03,Azure,eastus,Standard_NV24s_v3,M60,,spot,0.421344,,prices.azure.com retail API
2026-08-03,Azure,eastus,Standard_NV32as_v4,MI25,,ondemand,1.864,,prices.azure.com retail API
2026-08-03,Azure,eastus,Standard_NV32as_v4,MI25,,spot,0.344467,,prices.azure.com retail API
2026-08-03,Azure,eastus,Standard_NV36adms_A10_v5,A10,1.0,ondemand,4.52,4.52,prices.azure.com retail API
2026-08-03,Azure,eastus,Standard_NV36adms_A10_v5,A10,1.0,spot,0.835296,0.835296,prices.azure.com retail API
2026-08-03,Azure,eastus,Standard_NV36ads_A10_v5,A10,1.0,ondemand,3.2,3.2,prices.azure.com retail API
2026-08-03,Azure,eastus,Standard_NV36ads_A10_v5,A10,1.0,spot,0.59136,0.59136,prices.azure.com retail API
2026-08-03,Azure,eastus,Standard_NV48s_v3,M60,,ondemand,4.56,,prices.azure.com retail API
2026-08-03,Azure,eastus,Standard_NV48s_v3,M60,,spot,0.842688,,prices.azure.com retail API
2026-08-03,Azure,eastus,Standard_NV4as_v4,MI25,,ondemand,0.233,,prices.azure.com retail API
2026-08-03,Azure,eastus,Standard_NV4as_v4,MI25,,spot,0.043058,,prices.azure.com retail API
2026-08-03,Azure,eastus,Standard_NV6_Promo,M60,,ondemand,0.684,,prices.azure.com retail API
2026-08-03,Azure,eastus,Standard_NV6ads_A10_v5,A10,0.16666666666666666,ondemand,0.454,2.724,prices.azure.com retail API
2026-08-03,Azure,eastus,Standard_NV6ads_A10_v5,A10,0.16666666666666666,spot,0.083899,0.503394,prices.azure.com retail API
2026-08-03,Azure,eastus,Standard_NV72ads_A10_v5,A10,2.0,ondemand,6.52,3.26,prices.azure.com retail API
2026-08-03,Azure,eastus,Standard_NV72ads_A10_v5,A10,2.0,spot,1.204896,0.602448,prices.azure.com retail API
2026-08-03,Azure,eastus,Standard_NV8as_v4,MI25,,ondemand,0.466,,prices.azure.com retail API
2026-08-03,Azure,eastus,Standard_NV8as_v4,MI25,,spot,0.086117,,prices.azure.com retail API
2026-08-03,Azure,eastus2,Standard_NC12_Promo,K80,,ondemand,0.792,,prices.azure.com retail API
2026-08-03,Azure,eastus2,Standard_NC12s_v3,V100,2.0,ondemand,6.12,3.06,prices.azure.com retail API
2026-08-03,Azure,eastus2,Standard_NC12s_v3,V100,2.0,spot,1.130976,0.565488,prices.azure.com retail API
2026-08-03,Azure,eastus2,Standard_NC16as_T4_v3,T4,1.0,ondemand,1.204,1.204,prices.azure.com retail API
2026-08-03,Azure,eastus2,Standard_NC16as_T4_v3,T4,1.0,spot,0.750694,0.750694,prices.azure.com retail API
2026-08-03,Azure,eastus2,Standard_NC24_Promo,K80,,ondemand,1.584,,prices.azure.com retail API
2026-08-03,Azure,eastus2,Standard_NC24ads_A100_v4,A100,1.0,ondemand,3.673,3.673,prices.azure.com retail API
2026-08-03,Azure,eastus2,Standard_NC24ads_A100_v4,A100,1.0,spot,0.758842,0.758842,prices.azure.com retail API
2026-08-03,Azure,eastus2,Standard_NC24r_Promo,K80,,ondemand,1.742,,prices.azure.com retail API
2026-08-03,Azure,eastus2,Standard_NC24rs_v3,V100,4.0,ondemand,13.464,3.366,prices.azure.com retail API
2026-08-03,Azure,eastus2,Standard_NC24rs_v3,V100,4.0,spot,2.488147,0.62203675,prices.azure.com retail API
2026-08-03,Azure,eastus2,Standard_NC24s_v3,V100,4.0,ondemand,12.24,3.06,prices.azure.com retail API
2026-08-03,Azure,eastus2,Standard_NC24s_v3,V100,4.0,spot,2.261952,0.565488,prices.azure.com retail API
2026-08-03,Azure,eastus2,Standard_NC40ads_H100_v5,H100,1.0,ondemand,6.98,6.98,prices.azure.com retail API
2026-08-03,Azure,eastus2,Standard_NC40ads_H100_v5,H100,1.0,spot,5.0256,5.0256,prices.azure.com retail API
2026-08-03,Azure,eastus2,Standard_NC48ads_A100_v4,A100,2.0,ondemand,7.346,3.673,prices.azure.com retail API
2026-08-03,Azure,eastus2,Standard_NC48ads_A100_v4,A100,2.0,spot,1.517684,0.758842,prices.azure.com retail API
2026-08-03,Azure,eastus2,Standard_NC4as_T4_v3,T4,1.0,ondemand,0.526,0.526,prices.azure.com retail API
2026-08-03,Azure,eastus2,Standard_NC4as_T4_v3,T4,1.0,spot,0.327961,0.327961,prices.azure.com retail API
2026-08-03,Azure,eastus2,Standard_NC64as_T4_v3,T4,4.0,ondemand,4.352,1.088,prices.azure.com retail API
2026-08-03,Azure,eastus2,Standard_NC64as_T4_v3,T4,4.0,spot,2.713472,0.678368,prices.azure.com retail API
2026-08-03,Azure,eastus2,Standard_NC6_Promo,K80,,ondemand,0.396,,prices.azure.com retail API
2026-08-03,Azure,eastus2,Standard_NC6s_v3,V100,1.0,ondemand,3.06,3.06,prices.azure.com retail API
2026-08-03,Azure,eastus2,Standard_NC6s_v3,V100,1.0,spot,0.565488,0.565488,prices.azure.com retail API
2026-08-03,Azure,eastus2,Standard_NC80adis_H100_v5,H100,2.0,ondemand,13.96,6.98,prices.azure.com retail API
2026-08-03,Azure,eastus2,Standard_NC80adis_H100_v5,H100,2.0,spot,10.0512,5.0256,prices.azure.com retail API
2026-08-03,Azure,eastus2,Standard_NC8as_T4_v3,T4,1.0,ondemand,0.752,0.752,prices.azure.com retail API
2026-08-03,Azure,eastus2,Standard_NC8as_T4_v3,T4,1.0,spot,0.468872,0.468872,prices.azure.com retail API
2026-08-03,Azure,eastus2,Standard_NC96ads_A100_v4,A100,4.0,ondemand,14.692,3.673,prices.azure.com retail API
2026-08-03,Azure,eastus2,Standard_NC96ads_A100_v4,A100,4.0,spot,3.035367,0.75884175,prices.azure.com retail API
2026-08-03,Azure,eastus2,Standard_NCC40ads_H100_v5,H100,,ondemand,8.82,,prices.azure.com retail API
2026-08-03,Azure,eastus2,Standard_NCC40ads_H100_v5,H100,,spot,1.793106,,prices.azure.com retail API
2026-08-03,Azure,eastus2,Standard_ND128isr_NDR_GB200_v6,GB200,,ondemand,108.16,,prices.azure.com retail API
2026-08-03,Azure,eastus2,Standard_ND128isr_NDR_GB200_v6,GB200,,spot,108.16,,prices.azure.com retail API
2026-08-03,Azure,eastus2,Standard_ND96ams_A100_v4,A100,8.0,ondemand,32.77,4.09625,prices.azure.com retail API
2026-08-03,Azure,eastus2,Standard_ND96ams_A100_v4,A100,8.0,spot,8.5202,1.065025,prices.azure.com retail API
2026-08-03,Azure,eastus2,Standard_ND96amsr_A100_v4,A100,8.0,ondemand,32.77,4.09625,prices.azure.com retail API
2026-08-03,Azure,eastus2,Standard_ND96amsr_A100_v4,A100,8.0,spot,8.5202,1.065025,prices.azure.com retail API
2026-08-03,Azure,eastus2,Standard_ND96is_H100_v5,H100,8.0,ondemand,88.488,11.061,prices.azure.com retail API
2026-08-03,Azure,eastus2,Standard_ND96is_H100_v5,H100,8.0,spot,16.352582,2.04407275,prices.azure.com retail API
2026-08-03,Azure,eastus2,Standard_ND96is_MI300X_v5,MI300X,,ondemand,48.0,,prices.azure.com retail API
2026-08-03,Azure,eastus2,Standard_ND96is_MI300X_v5,MI300X,,spot,8.8704,,prices.azure.com retail API
2026-08-03,Azure,eastus2,Standard_ND96is_flex_H100_v5,H100,,ondemand,88.488,,prices.azure.com retail API
2026-08-03,Azure,eastus2,Standard_ND96is_flex_H100_v5,H100,,spot,16.352582,,prices.azure.com retail API
2026-08-03,Azure,eastus2,Standard_ND96is_noIB_H100_v5,H100,,ondemand,88.488,,prices.azure.com retail API
2026-08-03,Azure,eastus2,Standard_ND96is_noIB_H100_v5,H100,,spot,16.352582,,prices.azure.com retail API
2026-08-03,Azure,eastus2,Standard_ND96isf_H100_v5,H100,,ondemand,88.488,,prices.azure.com retail API
2026-08-03,Azure,eastus2,Standard_ND96isf_H100_v5,H100,,spot,16.352582,,prices.azure.com retail API
2026-08-03,Azure,eastus2,Standard_ND96isr_H100_v5,H100,8.0,ondemand,98.32,12.29,prices.azure.com retail API
2026-08-03,Azure,eastus2,Standard_ND96isr_H100_v5,H100,8.0,spot,18.169536,2.271192,prices.azure.com retail API
2026-08-03,Azure,eastus2,Standard_ND96isr_H200_v5,H200,8.0,ondemand,84.8,10.6,prices.azure.com retail API
2026-08-03,Azure,eastus2,Standard_ND96isr_H200_v5,H200,8.0,spot,84.8,10.6,prices.azure.com retail API
2026-08-03,Azure,eastus2,Standard_ND96isr_MI300X_v5,MI300X,8.0,ondemand,48.0,6.0,prices.azure.com retail API
2026-08-03,Azure,eastus2,Standard_ND96isr_MI300X_v5,MI300X,8.0,spot,8.8704,1.1088,prices.azure.com retail API
2026-08-03,Azure,eastus2,Standard_ND96isrf_H100_v5,H100,,ondemand,98.32,,prices.azure.com retail API
2026-08-03,Azure,eastus2,Standard_ND96isrf_H100_v5,H100,,spot,18.169536,,prices.azure.com retail API
2026-08-03,Azure,eastus2,Standard_NG16ads_V620_v1,V620,,ondemand,1.27,,prices.azure.com retail API
2026-08-03,Azure,eastus2,Standard_NG16ads_V620_v1,V620,,spot,0.234696,,prices.azure.com retail API
2026-08-03,Azure,eastus2,Standard_NG32adms_V620,V620,,ondemand,3.302,,prices.azure.com retail API
2026-08-03,Azure,eastus2,Standard_NG32adms_V620,V620,,spot,0.61021,,prices.azure.com retail API
2026-08-03,Azure,eastus2,Standard_NG32ads_V620_v1,V620,,ondemand,2.54,,prices.azure.com retail API
2026-08-03,Azure,eastus2,Standard_NG32ads_V620_v1,V620,,spot,0.469392,,prices.azure.com retail API
2026-08-03,Azure,eastus2,Standard_NG8ads_V620_v1,V620,,ondemand,0.635,,prices.azure.com retail API
2026-08-03,Azure,eastus2,Standard_NG8ads_V620_v1,V620,,spot,0.117348,,prices.azure.com retail API
2026-08-03,Azure,eastus2,Standard_NV12_Promo,M60,,ondemand,1.442,,prices.azure.com retail API
2026-08-03,Azure,eastus2,Standard_NV12ads_A10_v5,A10,0.3333333333333333,ondemand,0.908,2.724,prices.azure.com retail API
2026-08-03,Azure,eastus2,Standard_NV12ads_A10_v5,A10,0.3333333333333333,spot,0.167798,0.503394,prices.azure.com retail API
2026-08-03,Azure,eastus2,Standard_NV12s_v3,M60,,ondemand,1.14,,prices.azure.com retail API
2026-08-03,Azure,eastus2,Standard_NV12s_v3,M60,,spot,0.210672,,prices.azure.com retail API
2026-08-03,Azure,eastus2,Standard_NV16as_v4,MI25,,ondemand,0.932,,prices.azure.com retail API
2026-08-03,Azure,eastus2,Standard_NV16as_v4,MI25,,spot,0.172234,,prices.azure.com retail API
2026-08-03,Azure,eastus2,Standard_NV18ads_A10_v5,A10,0.5,ondemand,1.6,3.2,prices.azure.com retail API
2026-08-03,Azure,eastus2,Standard_NV18ads_A10_v5,A10,0.5,spot,0.29568,0.59136,prices.azure.com retail API
2026-08-03,Azure,eastus2,Standard_NV24_Promo,M60,,ondemand,2.884,,prices.azure.com retail API
2026-08-03,Azure,eastus2,Standard_NV24s_v3,M60,,ondemand,2.28,,prices.azure.com retail API
2026-08-03,Azure,eastus2,Standard_NV24s_v3,M60,,spot,0.421344,,prices.azure.com retail API
2026-08-03,Azure,eastus2,Standard_NV32as_v4,MI25,,ondemand,1.864,,prices.azure.com retail API
2026-08-03,Azure,eastus2,Standard_NV32as_v4,MI25,,spot,0.344467,,prices.azure.com retail API
2026-08-03,Azure,eastus2,Standard_NV36adms_A10_v5,A10,1.0,ondemand,4.52,4.52,prices.azure.com retail API
2026-08-03,Azure,eastus2,Standard_NV36adms_A10_v5,A10,1.0,spot,0.835296,0.835296,prices.azure.com retail API
2026-08-03,Azure,eastus2,Standard_NV36ads_A10_v5,A10,1.0,ondemand,3.2,3.2,prices.azure.com retail API
2026-08-03,Azure,eastus2,Standard_NV36ads_A10_v5,A10,1.0,spot,0.59136,0.59136,prices.azure.com retail API
2026-08-03,Azure,eastus2,Standard_NV48s_v3,M60,,ondemand,4.56,,prices.azure.com retail API
2026-08-03,Azure,eastus2,Standard_NV48s_v3,M60,,spot,0.842688,,prices.azure.com retail API
2026-08-03,Azure,eastus2,Standard_NV4as_v4,MI25,,ondemand,0.233,,prices.azure.com retail API
2026-08-03,Azure,eastus2,Standard_NV4as_v4,MI25,,spot,0.043058,,prices.azure.com retail API
2026-08-03,Azure,eastus2,Standard_NV6_Promo,M60,,ondemand,0.721,,prices.azure.com retail API
2026-08-03,Azure,eastus2,Standard_NV6ads_A10_v5,A10,0.16666666666666666,ondemand,0.454,2.724,prices.azure.com retail API
2026-08-03,Azure,eastus2,Standard_NV6ads_A10_v5,A10,0.16666666666666666,spot,0.083899,0.503394,prices.azure.com retail API
2026-08-03,Azure,eastus2,Standard_NV72ads_A10_v5,A10,2.0,ondemand,6.52,3.26,prices.azure.com retail API
2026-08-03,Azure,eastus2,Standard_NV72ads_A10_v5,A10,2.0,spot,1.204896,0.602448,prices.azure.com retail API
2026-08-03,Azure,eastus2,Standard_NV8as_v4,MI25,,ondemand,0.466,,prices.azure.com retail API
2026-08-03,Azure,eastus2,Standard_NV8as_v4,MI25,,spot,0.086117,,prices.azure.com retail API
2026-08-03,Azure,francecentral,Standard_NC12s_v3,V100,2.0,ondemand,7.16,3.58,prices.azure.com retail API
2026-08-03,Azure,francecentral,Standard_NC12s_v3,V100,2.0,spot,1.323168,0.661584,prices.azure.com retail API
2026-08-03,Azure,francecentral,Standard_NC16as_T4_v3,T4,1.0,ondemand,1.407,1.407,prices.azure.com retail API
2026-08-03,Azure,francecentral,Standard_NC16as_T4_v3,T4,1.0,spot,0.40803,0.40803,prices.azure.com retail API
2026-08-03,Azure,francecentral,Standard_NC24ads_A100_v4,A100,1.0,ondemand,4.591,4.591,prices.azure.com retail API
2026-08-03,Azure,francecentral,Standard_NC24ads_A100_v4,A100,1.0,spot,0.848417,0.848417,prices.azure.com retail API
2026-08-03,Azure,francecentral,Standard_NC24rs_v3,V100,4.0,ondemand,15.753,3.93825,prices.azure.com retail API
2026-08-03,Azure,francecentral,Standard_NC24rs_v3,V100,4.0,spot,2.911154,0.7277885,prices.azure.com retail API
2026-08-03,Azure,francecentral,Standard_NC24s_v3,V100,4.0,ondemand,14.321,3.58025,prices.azure.com retail API
2026-08-03,Azure,francecentral,Standard_NC24s_v3,V100,4.0,spot,2.646521,0.66163025,prices.azure.com retail API
2026-08-03,Azure,francecentral,Standard_NC48ads_A100_v4,A100,2.0,ondemand,9.183,4.5915,prices.azure.com retail API
2026-08-03,Azure,francecentral,Standard_NC48ads_A100_v4,A100,2.0,spot,1.697018,0.848509,prices.azure.com retail API
2026-08-03,Azure,francecentral,Standard_NC4as_T4_v3,T4,1.0,ondemand,0.615,0.615,prices.azure.com retail API
2026-08-03,Azure,francecentral,Standard_NC4as_T4_v3,T4,1.0,spot,0.17835,0.17835,prices.azure.com retail API
2026-08-03,Azure,francecentral,Standard_NC64as_T4_v3,T4,4.0,ondemand,5.077,1.26925,prices.azure.com retail API
2026-08-03,Azure,francecentral,Standard_NC64as_T4_v3,T4,4.0,spot,1.47233,0.3680825,prices.azure.com retail API
2026-08-03,Azure,francecentral,Standard_NC6s_v3,V100,1.0,ondemand,3.58,3.58,prices.azure.com retail API
2026-08-03,Azure,francecentral,Standard_NC6s_v3,V100,1.0,spot,0.661584,0.661584,prices.azure.com retail API
2026-08-03,Azure,francecentral,Standard_NC8as_T4_v3,T4,1.0,ondemand,0.878,0.878,prices.azure.com retail API
2026-08-03,Azure,francecentral,Standard_NC8as_T4_v3,T4,1.0,spot,0.25462,0.25462,prices.azure.com retail API
2026-08-03,Azure,francecentral,Standard_NC96ads_A100_v4,A100,4.0,ondemand,18.365,4.59125,prices.azure.com retail API
2026-08-03,Azure,francecentral,Standard_NC96ads_A100_v4,A100,4.0,spot,3.393852,0.848463,prices.azure.com retail API
2026-08-03,Azure,francecentral,Standard_ND96ams_A100_v4,A100,8.0,ondemand,40.962,5.12025,prices.azure.com retail API
2026-08-03,Azure,francecentral,Standard_ND96ams_A100_v4,A100,8.0,spot,10.65012,1.331265,prices.azure.com retail API
2026-08-03,Azure,francecentral,Standard_ND96amsr_A100_v4,A100,8.0,ondemand,40.962,5.12025,prices.azure.com retail API
2026-08-03,Azure,francecentral,Standard_ND96amsr_A100_v4,A100,8.0,spot,10.65012,1.331265,prices.azure.com retail API
2026-08-03,Azure,francecentral,Standard_ND96is_MI300X_v5,MI300X,,ondemand,60.0,,prices.azure.com retail API
2026-08-03,Azure,francecentral,Standard_ND96is_MI300X_v5,MI300X,,spot,11.088,,prices.azure.com retail API
2026-08-03,Azure,francecentral,Standard_ND96isr_H200_v5,H200,8.0,ondemand,106.0,13.25,prices.azure.com retail API
2026-08-03,Azure,francecentral,Standard_ND96isr_H200_v5,H200,8.0,spot,106.0,13.25,prices.azure.com retail API
2026-08-03,Azure,francecentral,Standard_ND96isr_MI300X_v5,MI300X,8.0,ondemand,60.0,7.5,prices.azure.com retail API
2026-08-03,Azure,francecentral,Standard_ND96isr_MI300X_v5,MI300X,8.0,spot,11.088,1.386,prices.azure.com retail API
2026-08-03,Azure,francecentral,Standard_NV12ads_A10_v5,A10,0.3333333333333333,ondemand,1.135,3.4050000000000002,prices.azure.com retail API
2026-08-03,Azure,francecentral,Standard_NV12ads_A10_v5,A10,0.3333333333333333,spot,0.209748,0.629244,prices.azure.com retail API
2026-08-03,Azure,francecentral,Standard_NV12s_v3,M60,,ondemand,1.425,,prices.azure.com retail API
2026-08-03,Azure,francecentral,Standard_NV12s_v3,M60,,spot,0.26334,,prices.azure.com retail API
2026-08-03,Azure,francecentral,Standard_NV16as_v4,MI25,,ondemand,1.165,,prices.azure.com retail API
2026-08-03,Azure,francecentral,Standard_NV16as_v4,MI25,,spot,0.215292,,prices.azure.com retail API
2026-08-03,Azure,francecentral,Standard_NV18ads_A10_v5,A10,0.5,ondemand,2.0,4.0,prices.azure.com retail API
2026-08-03,Azure,francecentral,Standard_NV18ads_A10_v5,A10,0.5,spot,0.3696,0.7392,prices.azure.com retail API
2026-08-03,Azure,francecentral,Standard_NV24s_v3,M60,,ondemand,2.85,,prices.azure.com retail API
2026-08-03,Azure,francecentral,Standard_NV24s_v3,M60,,spot,0.52668,,prices.azure.com retail API
2026-08-03,Azure,francecentral,Standard_NV32as_v4,MI25,,ondemand,2.33,,prices.azure.com retail API
2026-08-03,Azure,francecentral,Standard_NV32as_v4,MI25,,spot,0.430584,,prices.azure.com retail API
2026-08-03,Azure,francecentral,Standard_NV36adms_A10_v5,A10,1.0,ondemand,5.65,5.65,prices.azure.com retail API
2026-08-03,Azure,francecentral,Standard_NV36adms_A10_v5,A10,1.0,spot,1.04412,1.04412,prices.azure.com retail API
2026-08-03,Azure,francecentral,Standard_NV36ads_A10_v5,A10,1.0,ondemand,4.0,4.0,prices.azure.com retail API
2026-08-03,Azure,francecentral,Standard_NV36ads_A10_v5,A10,1.0,spot,0.7392,0.7392,prices.azure.com retail API
2026-08-03,Azure,francecentral,Standard_NV48s_v3,M60,,ondemand,5.7,,prices.azure.com retail API
2026-08-03,Azure,francecentral,Standard_NV48s_v3,M60,,spot,1.05336,,prices.azure.com retail API
2026-08-03,Azure,francecentral,Standard_NV4as_v4,MI25,,ondemand,0.291,,prices.azure.com retail API
2026-08-03,Azure,francecentral,Standard_NV4as_v4,MI25,,spot,0.053777,,prices.azure.com retail API
2026-08-03,Azure,francecentral,Standard_NV6ads_A10_v5,A10,0.16666666666666666,ondemand,0.567,3.4019999999999997,prices.azure.com retail API
2026-08-03,Azure,francecentral,Standard_NV6ads_A10_v5,A10,0.16666666666666666,spot,0.104782,0.628692,prices.azure.com retail API
2026-08-03,Azure,francecentral,Standard_NV72ads_A10_v5,A10,2.0,ondemand,8.15,4.075,prices.azure.com retail API
2026-08-03,Azure,francecentral,Standard_NV72ads_A10_v5,A10,2.0,spot,1.50612,0.75306,prices.azure.com retail API
2026-08-03,Azure,francecentral,Standard_NV8as_v4,MI25,,ondemand,0.582,,prices.azure.com retail API
2026-08-03,Azure,francecentral,Standard_NV8as_v4,MI25,,spot,0.107554,,prices.azure.com retail API
2026-08-03,Azure,francesouth,Standard_ND96ams_A100_v4,A100,8.0,ondemand,53.248,6.656,prices.azure.com retail API
2026-08-03,Azure,francesouth,Standard_ND96ams_A100_v4,A100,8.0,spot,13.84448,1.73056,prices.azure.com retail API
2026-08-03,Azure,germanynorth,Standard_ND96ams_A100_v4,A100,8.0,ondemand,55.381,6.922625,prices.azure.com retail API
2026-08-03,Azure,germanynorth,Standard_ND96ams_A100_v4,A100,8.0,spot,14.39906,1.7998825,prices.azure.com retail API
2026-08-03,Azure,germanynorth,Standard_ND96amsr_A100_v4,A100,8.0,ondemand,55.381,6.922625,prices.azure.com retail API
2026-08-03,Azure,germanynorth,Standard_ND96amsr_A100_v4,A100,8.0,spot,14.39906,1.7998825,prices.azure.com retail API
2026-08-03,Azure,germanywestcentral,Standard_NC16as_T4_v3,T4,1.0,ondemand,1.504,1.504,prices.azure.com retail API
2026-08-03,Azure,germanywestcentral,Standard_NC16as_T4_v3,T4,1.0,spot,0.43616,0.43616,prices.azure.com retail API
2026-08-03,Azure,germanywestcentral,Standard_NC24ads_A100_v4,A100,1.0,ondemand,4.775,4.775,prices.azure.com retail API
2026-08-03,Azure,germanywestcentral,Standard_NC24ads_A100_v4,A100,1.0,spot,0.88242,0.88242,prices.azure.com retail API
2026-08-03,Azure,germanywestcentral,Standard_NC40ads_H100_v5,H100,1.0,ondemand,9.074,9.074,prices.azure.com retail API
2026-08-03,Azure,germanywestcentral,Standard_NC40ads_H100_v5,H100,1.0,spot,1.914614,1.914614,prices.azure.com retail API
2026-08-03,Azure,germanywestcentral,Standard_NC48ads_A100_v4,A100,2.0,ondemand,9.55,4.775,prices.azure.com retail API
2026-08-03,Azure,germanywestcentral,Standard_NC48ads_A100_v4,A100,2.0,spot,1.76484,0.88242,prices.azure.com retail API
2026-08-03,Azure,germanywestcentral,Standard_NC4as_T4_v3,T4,1.0,ondemand,0.658,0.658,prices.azure.com retail API
2026-08-03,Azure,germanywestcentral,Standard_NC4as_T4_v3,T4,1.0,spot,0.19082,0.19082,prices.azure.com retail API
2026-08-03,Azure,germanywestcentral,Standard_NC64as_T4_v3,T4,4.0,ondemand,5.428,1.357,prices.azure.com retail API
2026-08-03,Azure,germanywestcentral,Standard_NC64as_T4_v3,T4,4.0,spot,1.57412,0.39353,prices.azure.com retail API
2026-08-03,Azure,germanywestcentral,Standard_NC80adis_H100_v5,H100,2.0,ondemand,18.148,9.074,prices.azure.com retail API
2026-08-03,Azure,germanywestcentral,Standard_NC80adis_H100_v5,H100,2.0,spot,3.829228,1.914614,prices.azure.com retail API
2026-08-03,Azure,germanywestcentral,Standard_NC8as_T4_v3,T4,1.0,ondemand,0.939,0.939,prices.azure.com retail API
2026-08-03,Azure,germanywestcentral,Standard_NC8as_T4_v3,T4,1.0,spot,0.27231,0.27231,prices.azure.com retail API
2026-08-03,Azure,germanywestcentral,Standard_NC96ads_A100_v4,A100,4.0,ondemand,19.1,4.775,prices.azure.com retail API
2026-08-03,Azure,germanywestcentral,Standard_NC96ads_A100_v4,A100,4.0,spot,3.52968,0.88242,prices.azure.com retail API
2026-08-03,Azure,germanywestcentral,Standard_ND128isr_NDR_GB200_v6,GB200,,ondemand,140.6,,prices.azure.com retail API
2026-08-03,Azure,germanywestcentral,Standard_ND128isr_NDR_GB200_v6,GB200,,spot,140.6,,prices.azure.com retail API
2026-08-03,Azure,germanywestcentral,Standard_ND96is_MI300X_v5,MI300X,,ondemand,62.4,,prices.azure.com retail API
2026-08-03,Azure,germanywestcentral,Standard_ND96is_MI300X_v5,MI300X,,spot,11.53152,,prices.azure.com retail API
2026-08-03,Azure,germanywestcentral,Standard_ND96isr_H200_v5,H200,8.0,ondemand,110.24,13.78,prices.azure.com retail API
2026-08-03,Azure,germanywestcentral,Standard_ND96isr_H200_v5,H200,8.0,spot,110.24,13.78,prices.azure.com retail API
2026-08-03,Azure,germanywestcentral,Standard_ND96isr_MI300X_v5,MI300X,8.0,ondemand,62.4,7.8,prices.azure.com retail API
2026-08-03,Azure,germanywestcentral,Standard_ND96isr_MI300X_v5,MI300X,8.0,spot,11.53152,1.44144,prices.azure.com retail API
2026-08-03,Azure,germanywestcentral,Standard_NV12ads_A10_v5,A10,0.3333333333333333,ondemand,1.18,3.54,prices.azure.com retail API
2026-08-03,Azure,germanywestcentral,Standard_NV12ads_A10_v5,A10,0.3333333333333333,spot,0.218064,0.6541920000000001,prices.azure.com retail API
2026-08-03,Azure,germanywestcentral,Standard_NV16as_v4,MI25,,ondemand,1.165,,prices.azure.com retail API
2026-08-03,Azure,germanywestcentral,Standard_NV16as_v4,MI25,,spot,0.215292,,prices.azure.com retail API
2026-08-03,Azure,germanywestcentral,Standard_NV18ads_A10_v5,A10,0.5,ondemand,2.08,4.16,prices.azure.com retail API
2026-08-03,Azure,germanywestcentral,Standard_NV18ads_A10_v5,A10,0.5,spot,0.384384,0.768768,prices.azure.com retail API
2026-08-03,Azure,germanywestcentral,Standard_NV32as_v4,MI25,,ondemand,2.33,,prices.azure.com retail API
2026-08-03,Azure,germanywestcentral,Standard_NV32as_v4,MI25,,spot,0.430584,,prices.azure.com retail API
2026-08-03,Azure,germanywestcentral,Standard_NV36adms_A10_v5,A10,1.0,ondemand,5.876,5.876,prices.azure.com retail API
2026-08-03,Azure,germanywestcentral,Standard_NV36adms_A10_v5,A10,1.0,spot,1.085885,1.085885,prices.azure.com retail API
2026-08-03,Azure,germanywestcentral,Standard_NV36ads_A10_v5,A10,1.0,ondemand,4.16,4.16,prices.azure.com retail API
2026-08-03,Azure,germanywestcentral,Standard_NV36ads_A10_v5,A10,1.0,spot,0.768768,0.768768,prices.azure.com retail API
2026-08-03,Azure,germanywestcentral,Standard_NV4as_v4,MI25,,ondemand,0.291,,prices.azure.com retail API
2026-08-03,Azure,germanywestcentral,Standard_NV4as_v4,MI25,,spot,0.053777,,prices.azure.com retail API
2026-08-03,Azure,germanywestcentral,Standard_NV6ads_A10_v5,A10,0.16666666666666666,ondemand,0.59,3.54,prices.azure.com retail API
2026-08-03,Azure,germanywestcentral,Standard_NV6ads_A10_v5,A10,0.16666666666666666,spot,0.109032,0.6541920000000001,prices.azure.com retail API
2026-08-03,Azure,germanywestcentral,Standard_NV72ads_A10_v5,A10,2.0,ondemand,8.476,4.238,prices.azure.com retail API
2026-08-03,Azure,germanywestcentral,Standard_NV72ads_A10_v5,A10,2.0,spot,1.566365,0.7831825,prices.azure.com retail API
2026-08-03,Azure,germanywestcentral,Standard_NV8as_v4,MI25,,ondemand,0.582,,prices.azure.com retail API
2026-08-03,Azure,germanywestcentral,Standard_NV8as_v4,MI25,,spot,0.107554,,prices.azure.com retail API
2026-08-03,Azure,indonesiacentral,Standard_NC40ads_H100_v5,H100,1.0,ondemand,8.167,8.167,prices.azure.com retail API
2026-08-03,Azure,indonesiacentral,Standard_NC40ads_H100_v5,H100,1.0,spot,1.509262,1.509262,prices.azure.com retail API
2026-08-03,Azure,indonesiacentral,Standard_NC80adis_H100_v5,H100,2.0,ondemand,16.333,8.1665,prices.azure.com retail API
2026-08-03,Azure,indonesiacentral,Standard_NC80adis_H100_v5,H100,2.0,spot,3.018338,1.509169,prices.azure.com retail API
2026-08-03,Azure,indonesiacentral,Standard_ND128isr_NDR_GB200_v6,GB200,,ondemand,126.54,,prices.azure.com retail API
2026-08-03,Azure,indonesiacentral,Standard_ND128isr_NDR_GB200_v6,GB200,,spot,126.54,,prices.azure.com retail API
2026-08-03,Azure,indonesiacentral,Standard_ND96isr_H200_v5,H200,8.0,ondemand,99.216,12.402,prices.azure.com retail API
2026-08-03,Azure,indonesiacentral,Standard_ND96isr_H200_v5,H200,8.0,spot,99.216,12.402,prices.azure.com retail API
2026-08-03,Azure,indonesiacentral,Standard_NV12ads_A10_v5,A10,0.3333333333333333,ondemand,1.112,3.3360000000000003,prices.azure.com retail API
2026-08-03,Azure,indonesiacentral,Standard_NV12ads_A10_v5,A10,0.3333333333333333,spot,0.205498,0.616494,prices.azure.com retail API
2026-08-03,Azure,indonesiacentral,Standard_NV18ads_A10_v5,A10,0.5,ondemand,1.96,3.92,prices.azure.com retail API
2026-08-03,Azure,indonesiacentral,Standard_NV18ads_A10_v5,A10,0.5,spot,0.362208,0.724416,prices.azure.com retail API
2026-08-03,Azure,indonesiacentral,Standard_NV36adms_A10_v5,A10,1.0,ondemand,5.537,5.537,prices.azure.com retail API
2026-08-03,Azure,indonesiacentral,Standard_NV36adms_A10_v5,A10,1.0,spot,1.023238,1.023238,prices.azure.com retail API
2026-08-03,Azure,indonesiacentral,Standard_NV36ads_A10_v5,A10,1.0,ondemand,3.92,3.92,prices.azure.com retail API
2026-08-03,Azure,indonesiacentral,Standard_NV36ads_A10_v5,A10,1.0,spot,0.724416,0.724416,prices.azure.com retail API
2026-08-03,Azure,indonesiacentral,Standard_NV6ads_A10_v5,A10,0.16666666666666666,ondemand,0.556,3.3360000000000003,prices.azure.com retail API
2026-08-03,Azure,indonesiacentral,Standard_NV6ads_A10_v5,A10,0.16666666666666666,spot,0.102749,0.616494,prices.azure.com retail API
2026-08-03,Azure,indonesiacentral,Standard_NV72ads_A10_v5,A10,2.0,ondemand,7.987,3.9935,prices.azure.com retail API
2026-08-03,Azure,indonesiacentral,Standard_NV72ads_A10_v5,A10,2.0,spot,1.475998,0.737999,prices.azure.com retail API
2026-08-03,Azure,israelcentral,Standard_NC12s_v3,V100,2.0,ondemand,8.411,4.2055,prices.azure.com retail API
2026-08-03,Azure,israelcentral,Standard_NC12s_v3,V100,2.0,spot,1.554353,0.7771765,prices.azure.com retail API
2026-08-03,Azure,israelcentral,Standard_NC16as_T4_v3,T4,1.0,ondemand,1.657,1.657,prices.azure.com retail API
2026-08-03,Azure,israelcentral,Standard_NC16as_T4_v3,T4,1.0,spot,0.48053,0.48053,prices.azure.com retail API
2026-08-03,Azure,israelcentral,Standard_NC24rs_v3,V100,4.0,ondemand,18.503,4.62575,prices.azure.com retail API
2026-08-03,Azure,israelcentral,Standard_NC24rs_v3,V100,4.0,spot,3.419354,0.8548385,prices.azure.com retail API
2026-08-03,Azure,israelcentral,Standard_NC24s_v3,V100,4.0,ondemand,16.821,4.20525,prices.azure.com retail API
2026-08-03,Azure,israelcentral,Standard_NC24s_v3,V100,4.0,spot,3.108521,0.77713025,prices.azure.com retail API
2026-08-03,Azure,israelcentral,Standard_NC4as_T4_v3,T4,1.0,ondemand,0.724,0.724,prices.azure.com retail API
2026-08-03,Azure,israelcentral,Standard_NC4as_T4_v3,T4,1.0,spot,0.20996,0.20996,prices.azure.com retail API
2026-08-03,Azure,israelcentral,Standard_NC64as_T4_v3,T4,4.0,ondemand,5.977,1.49425,prices.azure.com retail API
2026-08-03,Azure,israelcentral,Standard_NC64as_T4_v3,T4,4.0,spot,1.73333,0.4333325,prices.azure.com retail API
2026-08-03,Azure,israelcentral,Standard_NC6s_v3,V100,1.0,ondemand,4.205,4.205,prices.azure.com retail API
2026-08-03,Azure,israelcentral,Standard_NC6s_v3,V100,1.0,spot,0.777084,0.777084,prices.azure.com retail API
2026-08-03,Azure,israelcentral,Standard_NC8as_T4_v3,T4,1.0,ondemand,1.034,1.034,prices.azure.com retail API
2026-08-03,Azure,israelcentral,Standard_NC8as_T4_v3,T4,1.0,spot,0.29986,0.29986,prices.azure.com retail API
2026-08-03,Azure,israelcentral,Standard_NV12ads_A10_v5,A10,0.3333333333333333,ondemand,1.298,3.894,prices.azure.com retail API
2026-08-03,Azure,israelcentral,Standard_NV12ads_A10_v5,A10,0.3333333333333333,spot,0.23987,0.7196100000000001,prices.azure.com retail API
2026-08-03,Azure,israelcentral,Standard_NV18ads_A10_v5,A10,0.5,ondemand,2.288,4.576,prices.azure.com retail API
2026-08-03,Azure,israelcentral,Standard_NV18ads_A10_v5,A10,0.5,spot,0.422822,0.845644,prices.azure.com retail API
2026-08-03,Azure,israelcentral,Standard_NV36adms_A10_v5,A10,1.0,ondemand,6.464,6.464,prices.azure.com retail API
2026-08-03,Azure,israelcentral,Standard_NV36adms_A10_v5,A10,1.0,spot,1.194547,1.194547,prices.azure.com retail API
2026-08-03,Azure,israelcentral,Standard_NV36ads_A10_v5,A10,1.0,ondemand,4.576,4.576,prices.azure.com retail API
2026-08-03,Azure,israelcentral,Standard_NV36ads_A10_v5,A10,1.0,spot,0.845645,0.845645,prices.azure.com retail API
2026-08-03,Azure,israelcentral,Standard_NV6ads_A10_v5,A10,0.16666666666666666,ondemand,0.649,3.894,prices.azure.com retail API
2026-08-03,Azure,israelcentral,Standard_NV6ads_A10_v5,A10,0.16666666666666666,spot,0.119935,0.7196100000000001,prices.azure.com retail API
2026-08-03,Azure,israelcentral,Standard_NV72ads_A10_v5,A10,2.0,ondemand,9.324,4.662,prices.azure.com retail API
2026-08-03,Azure,israelcentral,Standard_NV72ads_A10_v5,A10,2.0,spot,1.723075,0.8615375,prices.azure.com retail API
2026-08-03,Azure,italynorth,Standard_NC16as_T4_v3,T4,1.0,ondemand,1.408,1.408,prices.azure.com retail API
2026-08-03,Azure,italynorth,Standard_NC16as_T4_v3,T4,1.0,spot,0.40832,0.40832,prices.azure.com retail API
2026-08-03,Azure,italynorth,Standard_NC24ads_A100_v4,A100,1.0,ondemand,4.775,4.775,prices.azure.com retail API
2026-08-03,Azure,italynorth,Standard_NC24ads_A100_v4,A100,1.0,spot,0.88242,0.88242,prices.azure.com retail API
2026-08-03,Azure,italynorth,Standard_NC48ads_A100_v4,A100,2.0,ondemand,9.55,4.775,prices.azure.com retail API
2026-08-03,Azure,italynorth,Standard_NC48ads_A100_v4,A100,2.0,spot,1.76484,0.88242,prices.azure.com retail API
2026-08-03,Azure,italynorth,Standard_NC4as_T4_v3,T4,1.0,ondemand,0.615,0.615,prices.azure.com retail API
2026-08-03,Azure,italynorth,Standard_NC4as_T4_v3,T4,1.0,spot,0.17835,0.17835,prices.azure.com retail API
2026-08-03,Azure,italynorth,Standard_NC64as_T4_v3,T4,4.0,ondemand,5.081,1.27025,prices.azure.com retail API
2026-08-03,Azure,italynorth,Standard_NC64as_T4_v3,T4,4.0,spot,1.47349,0.3683725,prices.azure.com retail API
2026-08-03,Azure,italynorth,Standard_NC8as_T4_v3,T4,1.0,ondemand,0.879,0.879,prices.azure.com retail API
2026-08-03,Azure,italynorth,Standard_NC8as_T4_v3,T4,1.0,spot,0.25491,0.25491,prices.azure.com retail API
2026-08-03,Azure,italynorth,Standard_NC96ads_A100_v4,A100,4.0,ondemand,19.1,4.775,prices.azure.com retail API
2026-08-03,Azure,italynorth,Standard_NC96ads_A100_v4,A100,4.0,spot,3.52968,0.88242,prices.azure.com retail API
2026-08-03,Azure,italynorth,Standard_ND128isr_NDR_GB200_v6,GB200,,ondemand,140.6,,prices.azure.com retail API
2026-08-03,Azure,italynorth,Standard_ND128isr_NDR_GB200_v6,GB200,,spot,140.6,,prices.azure.com retail API
2026-08-03,Azure,italynorth,Standard_ND96ams_A100_v4,A100,8.0,ondemand,40.962,5.12025,prices.azure.com retail API
2026-08-03,Azure,italynorth,Standard_ND96ams_A100_v4,A100,8.0,spot,10.65012,1.331265,prices.azure.com retail API
2026-08-03,Azure,italynorth,Standard_ND96amsr_A100_v4,A100,8.0,ondemand,40.962,5.12025,prices.azure.com retail API
2026-08-03,Azure,italynorth,Standard_ND96amsr_A100_v4,A100,8.0,spot,10.65012,1.331265,prices.azure.com retail API
2026-08-03,Azure,italynorth,Standard_ND96asr_A100_v4,A100,,ondemand,35.357,,prices.azure.com retail API
2026-08-03,Azure,italynorth,Standard_ND96asr_A100_v4,A100,,spot,7.77854,,prices.azure.com retail API
2026-08-03,Azure,italynorth,Standard_ND96asr_v4,A100,8.0,ondemand,35.357,4.419625,prices.azure.com retail API
2026-08-03,Azure,italynorth,Standard_ND96asr_v4,A100,8.0,spot,7.77854,0.9723175,prices.azure.com retail API
2026-08-03,Azure,italynorth,Standard_ND96isr_H200_v5,H200,8.0,ondemand,110.24,13.78,prices.azure.com retail API
2026-08-03,Azure,italynorth,Standard_ND96isr_H200_v5,H200,8.0,spot,110.24,13.78,prices.azure.com retail API
2026-08-03,Azure,italynorth,Standard_NV12ads_A10_v5,A10,0.3333333333333333,ondemand,1.18,3.54,prices.azure.com retail API
2026-08-03,Azure,italynorth,Standard_NV12ads_A10_v5,A10,0.3333333333333333,spot,0.218064,0.6541920000000001,prices.azure.com retail API
2026-08-03,Azure,italynorth,Standard_NV16as_v4,MI25,,ondemand,1.165,,prices.azure.com retail API
2026-08-03,Azure,italynorth,Standard_NV16as_v4,MI25,,spot,0.215292,,prices.azure.com retail API
2026-08-03,Azure,italynorth,Standard_NV18ads_A10_v5,A10,0.5,ondemand,2.08,4.16,prices.azure.com retail API
2026-08-03,Azure,italynorth,Standard_NV18ads_A10_v5,A10,0.5,spot,0.384384,0.768768,prices.azure.com retail API
2026-08-03,Azure,italynorth,Standard_NV32as_v4,MI25,,ondemand,2.33,,prices.azure.com retail API
2026-08-03,Azure,italynorth,Standard_NV32as_v4,MI25,,spot,0.430584,,prices.azure.com retail API
2026-08-03,Azure,italynorth,Standard_NV36adms_A10_v5,A10,1.0,ondemand,5.876,5.876,prices.azure.com retail API
2026-08-03,Azure,italynorth,Standard_NV36adms_A10_v5,A10,1.0,spot,1.085885,1.085885,prices.azure.com retail API
2026-08-03,Azure,italynorth,Standard_NV36ads_A10_v5,A10,1.0,ondemand,4.16,4.16,prices.azure.com retail API
2026-08-03,Azure,italynorth,Standard_NV36ads_A10_v5,A10,1.0,spot,0.768768,0.768768,prices.azure.com retail API
2026-08-03,Azure,italynorth,Standard_NV4as_v4,MI25,,ondemand,0.291,,prices.azure.com retail API
2026-08-03,Azure,italynorth,Standard_NV4as_v4,MI25,,spot,0.053777,,prices.azure.com retail API
2026-08-03,Azure,italynorth,Standard_NV6ads_A10_v5,A10,0.16666666666666666,ondemand,0.59,3.54,prices.azure.com retail API
2026-08-03,Azure,italynorth,Standard_NV6ads_A10_v5,A10,0.16666666666666666,spot,0.109032,0.6541920000000001,prices.azure.com retail API
2026-08-03,Azure,italynorth,Standard_NV72ads_A10_v5,A10,2.0,ondemand,8.476,4.238,prices.azure.com retail API
2026-08-03,Azure,italynorth,Standard_NV72ads_A10_v5,A10,2.0,spot,1.566365,0.7831825,prices.azure.com retail API
2026-08-03,Azure,italynorth,Standard_NV8as_v4,MI25,,ondemand,0.582,,prices.azure.com retail API
2026-08-03,Azure,italynorth,Standard_NV8as_v4,MI25,,spot,0.107554,,prices.azure.com retail API
2026-08-03,Azure,japaneast,Standard_NC12s_v3,V100,2.0,ondemand,8.388,4.194,prices.azure.com retail API
2026-08-03,Azure,japaneast,Standard_NC12s_v3,V100,2.0,spot,1.550102,0.775051,prices.azure.com retail API
2026-08-03,Azure,japaneast,Standard_NC16as_T4_v3,T4,1.0,ondemand,1.625,1.625,prices.azure.com retail API
2026-08-03,Azure,japaneast,Standard_NC16as_T4_v3,T4,1.0,spot,0.47125,0.47125,prices.azure.com retail API
2026-08-03,Azure,japaneast,Standard_NC24ads_A100_v4,A100,1.0,ondemand,5.326,5.326,prices.azure.com retail API
2026-08-03,Azure,japaneast,Standard_NC24ads_A100_v4,A100,1.0,spot,0.984245,0.984245,prices.azure.com retail API
2026-08-03,Azure,japaneast,Standard_NC24rs_v3,V100,4.0,ondemand,18.454,4.6135,prices.azure.com retail API
2026-08-03,Azure,japaneast,Standard_NC24rs_v3,V100,4.0,spot,3.410299,0.85257475,prices.azure.com retail API
2026-08-03,Azure,japaneast,Standard_NC24s_v3,V100,4.0,ondemand,16.776,4.194,prices.azure.com retail API
2026-08-03,Azure,japaneast,Standard_NC24s_v3,V100,4.0,spot,3.100205,0.77505125,prices.azure.com retail API
2026-08-03,Azure,japaneast,Standard_NC40ads_H100_v5,H100,1.0,ondemand,10.121,10.121,prices.azure.com retail API
2026-08-03,Azure,japaneast,Standard_NC40ads_H100_v5,H100,1.0,spot,4.663757,4.663757,prices.azure.com retail API
2026-08-03,Azure,japaneast,Standard_NC48ads_A100_v4,A100,2.0,ondemand,10.652,5.326,prices.azure.com retail API
2026-08-03,Azure,japaneast,Standard_NC48ads_A100_v4,A100,2.0,spot,1.96849,0.984245,prices.azure.com retail API
2026-08-03,Azure,japaneast,Standard_NC4as_T4_v3,T4,1.0,ondemand,0.71,0.71,prices.azure.com retail API
2026-08-03,Azure,japaneast,Standard_NC4as_T4_v3,T4,1.0,spot,0.2059,0.2059,prices.azure.com retail API
2026-08-03,Azure,japaneast,Standard_NC64as_T4_v3,T4,4.0,ondemand,5.875,1.46875,prices.azure.com retail API
2026-08-03,Azure,japaneast,Standard_NC64as_T4_v3,T4,4.0,spot,1.70375,0.4259375,prices.azure.com retail API
2026-08-03,Azure,japaneast,Standard_NC6s_v3,V100,1.0,ondemand,4.194,4.194,prices.azure.com retail API
2026-08-03,Azure,japaneast,Standard_NC6s_v3,V100,1.0,spot,0.775051,0.775051,prices.azure.com retail API
2026-08-03,Azure,japaneast,Standard_NC80adis_H100_v5,H100,2.0,ondemand,20.242,10.121,prices.azure.com retail API
2026-08-03,Azure,japaneast,Standard_NC80adis_H100_v5,H100,2.0,spot,9.327514,4.663757,prices.azure.com retail API
2026-08-03,Azure,japaneast,Standard_NC8as_T4_v3,T4,1.0,ondemand,1.015,1.015,prices.azure.com retail API
2026-08-03,Azure,japaneast,Standard_NC8as_T4_v3,T4,1.0,spot,0.29435,0.29435,prices.azure.com retail API
2026-08-03,Azure,japaneast,Standard_NC96ads_A100_v4,A100,4.0,ondemand,21.303,5.32575,prices.azure.com retail API
2026-08-03,Azure,japaneast,Standard_NC96ads_A100_v4,A100,4.0,spot,3.936794,0.9841985,prices.azure.com retail API
2026-08-03,Azure,japaneast,Standard_ND96ams_A100_v4,A100,8.0,ondemand,47.517,5.939625,prices.azure.com retail API
2026-08-03,Azure,japaneast,Standard_ND96ams_A100_v4,A100,8.0,spot,12.35442,1.5443025,prices.azure.com retail API
2026-08-03,Azure,japaneast,Standard_ND96amsr_A100_v4,A100,8.0,ondemand,47.517,5.939625,prices.azure.com retail API
2026-08-03,Azure,japaneast,Standard_ND96amsr_A100_v4,A100,8.0,spot,12.35442,1.5443025,prices.azure.com retail API
2026-08-03,Azure,japaneast,Standard_ND96is_H100_v5,H100,8.0,ondemand,128.308,16.0385,prices.azure.com retail API
2026-08-03,Azure,japaneast,Standard_ND96is_H100_v5,H100,8.0,spot,23.711318,2.96391475,prices.azure.com retail API
2026-08-03,Azure,japaneast,Standard_ND96isr_H100_v5,H100,8.0,ondemand,142.564,17.8205,prices.azure.com retail API
2026-08-03,Azure,japaneast,Standard_ND96isr_H100_v5,H100,8.0,spot,26.345827,3.293228375,prices.azure.com retail API
2026-08-03,Azure,japaneast,Standard_ND96isr_H200_v5,H200,8.0,ondemand,106.0,13.25,prices.azure.com retail API
2026-08-03,Azure,japaneast,Standard_ND96isr_H200_v5,H200,8.0,spot,106.0,13.25,prices.azure.com retail API
2026-08-03,Azure,japaneast,Standard_NG16ads_V620_v1,V620,,ondemand,1.84,,prices.azure.com retail API
2026-08-03,Azure,japaneast,Standard_NG16ads_V620_v1,V620,,spot,0.340032,,prices.azure.com retail API
2026-08-03,Azure,japaneast,Standard_NG32adms_V620,V620,,ondemand,4.784,,prices.azure.com retail API
2026-08-03,Azure,japaneast,Standard_NG32adms_V620,V620,,spot,0.884083,,prices.azure.com retail API
2026-08-03,Azure,japaneast,Standard_NG32ads_V620_v1,V620,,ondemand,3.68,,prices.azure.com retail API
2026-08-03,Azure,japaneast,Standard_NG32ads_V620_v1,V620,,spot,0.680064,,prices.azure.com retail API
2026-08-03,Azure,japaneast,Standard_NG8ads_V620_v1,V620,,ondemand,0.92,,prices.azure.com retail API
2026-08-03,Azure,japaneast,Standard_NG8ads_V620_v1,V620,,spot,0.170016,,prices.azure.com retail API
2026-08-03,Azure,japaneast,Standard_NV12_Promo,M60,,ondemand,1.896,,prices.azure.com retail API
2026-08-03,Azure,japaneast,Standard_NV12ads_A10_v5,A10,0.3333333333333333,ondemand,1.317,3.951,prices.azure.com retail API
2026-08-03,Azure,japaneast,Standard_NV12ads_A10_v5,A10,0.3333333333333333,spot,0.243382,0.730146,prices.azure.com retail API
2026-08-03,Azure,japaneast,Standard_NV12s_v3,M60,,ondemand,1.58,,prices.azure.com retail API
2026-08-03,Azure,japaneast,Standard_NV12s_v3,M60,,spot,0.291984,,prices.azure.com retail API
2026-08-03,Azure,japaneast,Standard_NV16as_v4,MI25,,ondemand,1.351,,prices.azure.com retail API
2026-08-03,Azure,japaneast,Standard_NV16as_v4,MI25,,spot,0.249665,,prices.azure.com retail API
2026-08-03,Azure,japaneast,Standard_NV18ads_A10_v5,A10,0.5,ondemand,2.32,4.64,prices.azure.com retail API
2026-08-03,Azure,japaneast,Standard_NV18ads_A10_v5,A10,0.5,spot,0.428736,0.857472,prices.azure.com retail API
2026-08-03,Azure,japaneast,Standard_NV24_Promo,M60,,ondemand,3.791,,prices.azure.com retail API
2026-08-03,Azure,japaneast,Standard_NV24s_v3,M60,,ondemand,3.16,,prices.azure.com retail API
2026-08-03,Azure,japaneast,Standard_NV24s_v3,M60,,spot,0.583968,,prices.azure.com retail API
2026-08-03,Azure,japaneast,Standard_NV32as_v4,MI25,,ondemand,2.703,,prices.azure.com retail API
2026-08-03,Azure,japaneast,Standard_NV32as_v4,MI25,,spot,0.499514,,prices.azure.com retail API
2026-08-03,Azure,japaneast,Standard_NV36adms_A10_v5,A10,1.0,ondemand,6.554,6.554,prices.azure.com retail API
2026-08-03,Azure,japaneast,Standard_NV36adms_A10_v5,A10,1.0,spot,1.211179,1.211179,prices.azure.com retail API
2026-08-03,Azure,japaneast,Standard_NV36ads_A10_v5,A10,1.0,ondemand,4.64,4.64,prices.azure.com retail API
2026-08-03,Azure,japaneast,Standard_NV36ads_A10_v5,A10,1.0,spot,0.857472,0.857472,prices.azure.com retail API
2026-08-03,Azure,japaneast,Standard_NV48s_v3,M60,,ondemand,6.32,,prices.azure.com retail API
2026-08-03,Azure,japaneast,Standard_NV48s_v3,M60,,spot,1.167936,,prices.azure.com retail API
2026-08-03,Azure,japaneast,Standard_NV4as_v4,MI25,,ondemand,0.338,,prices.azure.com retail API
2026-08-03,Azure,japaneast,Standard_NV4as_v4,MI25,,spot,0.062462,,prices.azure.com retail API
2026-08-03,Azure,japaneast,Standard_NV6_Promo,M60,,ondemand,0.948,,prices.azure.com retail API
2026-08-03,Azure,japaneast,Standard_NV6ads_A10_v5,A10,0.16666666666666666,ondemand,0.658,3.9480000000000004,prices.azure.com retail API
2026-08-03,Azure,japaneast,Standard_NV6ads_A10_v5,A10,0.16666666666666666,spot,0.121598,0.729588,prices.azure.com retail API
2026-08-03,Azure,japaneast,Standard_NV72ads_A10_v5,A10,2.0,ondemand,9.454,4.727,prices.azure.com retail API
2026-08-03,Azure,japaneast,Standard_NV72ads_A10_v5,A10,2.0,spot,1.747099,0.8735495,prices.azure.com retail API
2026-08-03,Azure,japaneast,Standard_NV8as_v4,MI25,,ondemand,0.676,,prices.azure.com retail API
2026-08-03,Azure,japaneast,Standard_NV8as_v4,MI25,,spot,0.124925,,prices.azure.com retail API
2026-08-03,Azure,japanwest,Standard_NC16as_T4_v3,T4,1.0,ondemand,1.757,1.757,prices.azure.com retail API
2026-08-03,Azure,japanwest,Standard_NC16as_T4_v3,T4,1.0,spot,0.50953,0.50953,prices.azure.com retail API
2026-08-03,Azure,japanwest,Standard_NC4as_T4_v3,T4,1.0,ondemand,0.768,0.768,prices.azure.com retail API
2026-08-03,Azure,japanwest,Standard_NC4as_T4_v3,T4,1.0,spot,0.22272,0.22272,prices.azure.com retail API
2026-08-03,Azure,japanwest,Standard_NC64as_T4_v3,T4,4.0,ondemand,6.341,1.58525,prices.azure.com retail API
2026-08-03,Azure,japanwest,Standard_NC64as_T4_v3,T4,4.0,spot,1.83889,0.4597225,prices.azure.com retail API
2026-08-03,Azure,japanwest,Standard_NC8as_T4_v3,T4,1.0,ondemand,1.097,1.097,prices.azure.com retail API
2026-08-03,Azure,japanwest,Standard_NC8as_T4_v3,T4,1.0,spot,0.31813,0.31813,prices.azure.com retail API
2026-08-03,Azure,japanwest,Standard_ND96ams_A100_v4,A100,8.0,ondemand,50.794,6.34925,prices.azure.com retail API
2026-08-03,Azure,japanwest,Standard_ND96ams_A100_v4,A100,8.0,spot,13.20644,1.650805,prices.azure.com retail API
2026-08-03,Azure,japanwest,Standard_ND96amsr_A100_v4,A100,8.0,ondemand,50.794,6.34925,prices.azure.com retail API
2026-08-03,Azure,japanwest,Standard_ND96amsr_A100_v4,A100,8.0,spot,13.20644,1.650805,prices.azure.com retail API
2026-08-03,Azure,japanwest,Standard_ND96is_H100_v5,H100,8.0,ondemand,137.156,17.1445,prices.azure.com retail API
2026-08-03,Azure,japanwest,Standard_ND96is_H100_v5,H100,8.0,spot,25.346429,3.168303625,prices.azure.com retail API
2026-08-03,Azure,japanwest,Standard_ND96isr_H100_v5,H100,8.0,ondemand,152.396,19.0495,prices.azure.com retail API
2026-08-03,Azure,japanwest,Standard_ND96isr_H100_v5,H100,8.0,spot,28.162781,3.520347625,prices.azure.com retail API
2026-08-03,Azure,japanwest,Standard_ND96isr_H200_v5,H200,8.0,ondemand,131.44,16.43,prices.azure.com retail API
2026-08-03,Azure,japanwest,Standard_ND96isr_H200_v5,H200,8.0,spot,131.44,16.43,prices.azure.com retail API
2026-08-03,Azure,jioindiacentral,Standard_NC24ads_A100_v4,A100,1.0,ondemand,5.142,5.142,prices.azure.com retail API
2026-08-03,Azure,jioindiacentral,Standard_NC40ads_H100_v5,H100,1.0,ondemand,9.772,9.772,prices.azure.com retail API
2026-08-03,Azure,jioindiacentral,Standard_NC48ads_A100_v4,A100,2.0,ondemand,10.284,5.142,prices.azure.com retail API
2026-08-03,Azure,jioindiacentral,Standard_NC80adis_H100_v5,H100,2.0,ondemand,19.544,9.772,prices.azure.com retail API
2026-08-03,Azure,jioindiacentral,Standard_NC96ads_A100_v4,A100,4.0,ondemand,20.569,5.14225,prices.azure.com retail API
2026-08-03,Azure,jioindiacentral,Standard_NV12ads_A10_v5,A10,0.3333333333333333,ondemand,1.271,3.8129999999999997,prices.azure.com retail API
2026-08-03,Azure,jioindiacentral,Standard_NV18ads_A10_v5,A10,0.5,ondemand,2.24,4.48,prices.azure.com retail API
2026-08-03,Azure,jioindiacentral,Standard_NV36adms_A10_v5,A10,1.0,ondemand,6.328,6.328,prices.azure.com retail API
2026-08-03,Azure,jioindiacentral,Standard_NV36ads_A10_v5,A10,1.0,ondemand,4.48,4.48,prices.azure.com retail API
2026-08-03,Azure,jioindiacentral,Standard_NV6ads_A10_v5,A10,0.16666666666666666,ondemand,0.636,3.8160000000000003,prices.azure.com retail API
2026-08-03,Azure,jioindiacentral,Standard_NV72ads_A10_v5,A10,2.0,ondemand,9.128,4.564,prices.azure.com retail API
2026-08-03,Azure,jioindiawest,Standard_NC12s_v3,V100,2.0,ondemand,8.468,4.234,prices.azure.com retail API
2026-08-03,Azure,jioindiawest,Standard_NC24ads_A100_v4,A100,1.0,ondemand,5.142,5.142,prices.azure.com retail API
2026-08-03,Azure,jioindiawest,Standard_NC24rs_v3,V100,4.0,ondemand,18.63,4.6575,prices.azure.com retail API
2026-08-03,Azure,jioindiawest,Standard_NC24s_v3,V100,4.0,ondemand,16.936,4.234,prices.azure.com retail API
2026-08-03,Azure,jioindiawest,Standard_NC40ads_H100_v5,H100,1.0,ondemand,9.772,9.772,prices.azure.com retail API
2026-08-03,Azure,jioindiawest,Standard_NC48ads_A100_v4,A100,2.0,ondemand,10.284,5.142,prices.azure.com retail API
2026-08-03,Azure,jioindiawest,Standard_NC6s_v3,V100,1.0,ondemand,4.234,4.234,prices.azure.com retail API
2026-08-03,Azure,jioindiawest,Standard_NC80adis_H100_v5,H100,2.0,ondemand,19.544,9.772,prices.azure.com retail API
2026-08-03,Azure,jioindiawest,Standard_NC96ads_A100_v4,A100,4.0,ondemand,20.569,5.14225,prices.azure.com retail API
2026-08-03,Azure,jioindiawest,Standard_NV12ads_A10_v5,A10,0.3333333333333333,ondemand,1.271,3.8129999999999997,prices.azure.com retail API
2026-08-03,Azure,jioindiawest,Standard_NV18ads_A10_v5,A10,0.5,ondemand,2.24,4.48,prices.azure.com retail API
2026-08-03,Azure,jioindiawest,Standard_NV36adms_A10_v5,A10,1.0,ondemand,6.328,6.328,prices.azure.com retail API
2026-08-03,Azure,jioindiawest,Standard_NV36ads_A10_v5,A10,1.0,ondemand,4.48,4.48,prices.azure.com retail API
2026-08-03,Azure,jioindiawest,Standard_NV6ads_A10_v5,A10,0.16666666666666666,ondemand,0.636,3.8160000000000003,prices.azure.com retail API
2026-08-03,Azure,jioindiawest,Standard_NV72ads_A10_v5,A10,2.0,ondemand,9.128,4.564,prices.azure.com retail API
2026-08-03,Azure,koreacentral,Standard_NC12s_v3,V100,2.0,ondemand,8.468,4.234,prices.azure.com retail API
2026-08-03,Azure,koreacentral,Standard_NC12s_v3,V100,2.0,spot,1.564886,0.782443,prices.azure.com retail API
2026-08-03,Azure,koreacentral,Standard_NC16as_T4_v3,T4,1.0,ondemand,1.481,1.481,prices.azure.com retail API
2026-08-03,Azure,koreacentral,Standard_NC16as_T4_v3,T4,1.0,spot,0.42949,0.42949,prices.azure.com retail API
2026-08-03,Azure,koreacentral,Standard_NC24ads_A100_v4,A100,1.0,ondemand,4.959,4.959,prices.azure.com retail API
2026-08-03,Azure,koreacentral,Standard_NC24ads_A100_v4,A100,1.0,spot,0.916423,0.916423,prices.azure.com retail API
2026-08-03,Azure,koreacentral,Standard_NC24rs_v3,V100,4.0,ondemand,18.63,4.6575,prices.azure.com retail API
2026-08-03,Azure,koreacentral,Standard_NC24rs_v3,V100,4.0,spot,3.442824,0.860706,prices.azure.com retail API
2026-08-03,Azure,koreacentral,Standard_NC24s_v3,V100,4.0,ondemand,16.936,4.234,prices.azure.com retail API
2026-08-03,Azure,koreacentral,Standard_NC24s_v3,V100,4.0,spot,3.129773,0.78244325,prices.azure.com retail API
2026-08-03,Azure,koreacentral,Standard_NC40ads_H100_v5,H100,1.0,ondemand,9.423,9.423,prices.azure.com retail API
2026-08-03,Azure,koreacentral,Standard_NC40ads_H100_v5,H100,1.0,spot,3.348934,3.348934,prices.azure.com retail API
2026-08-03,Azure,koreacentral,Standard_NC48ads_A100_v4,A100,2.0,ondemand,9.917,4.9585,prices.azure.com retail API
2026-08-03,Azure,koreacentral,Standard_NC48ads_A100_v4,A100,2.0,spot,1.832662,0.916331,prices.azure.com retail API
2026-08-03,Azure,koreacentral,Standard_NC4as_T4_v3,T4,1.0,ondemand,0.647,0.647,prices.azure.com retail API
2026-08-03,Azure,koreacentral,Standard_NC4as_T4_v3,T4,1.0,spot,0.18763,0.18763,prices.azure.com retail API
2026-08-03,Azure,koreacentral,Standard_NC64as_T4_v3,T4,4.0,ondemand,5.353,1.33825,prices.azure.com retail API
2026-08-03,Azure,koreacentral,Standard_NC64as_T4_v3,T4,4.0,spot,1.55237,0.3880925,prices.azure.com retail API
2026-08-03,Azure,koreacentral,Standard_NC6s_v3,V100,1.0,ondemand,4.234,4.234,prices.azure.com retail API
2026-08-03,Azure,koreacentral,Standard_NC6s_v3,V100,1.0,spot,0.782443,0.782443,prices.azure.com retail API
2026-08-03,Azure,koreacentral,Standard_NC80adis_H100_v5,H100,2.0,ondemand,18.846,9.423,prices.azure.com retail API
2026-08-03,Azure,koreacentral,Standard_NC80adis_H100_v5,H100,2.0,spot,6.697868,3.348934,prices.azure.com retail API
2026-08-03,Azure,koreacentral,Standard_NC8as_T4_v3,T4,1.0,ondemand,0.925,0.925,prices.azure.com retail API
2026-08-03,Azure,koreacentral,Standard_NC8as_T4_v3,T4,1.0,spot,0.26825,0.26825,prices.azure.com retail API
2026-08-03,Azure,koreacentral,Standard_NC96ads_A100_v4,A100,4.0,ondemand,19.834,4.9585,prices.azure.com retail API
2026-08-03,Azure,koreacentral,Standard_NC96ads_A100_v4,A100,4.0,spot,3.665323,0.91633075,prices.azure.com retail API
2026-08-03,Azure,koreacentral,Standard_ND128isr_NDR_GB200_v6,GB200,,ondemand,146.0,,prices.azure.com retail API
2026-08-03,Azure,koreacentral,Standard_ND128isr_NDR_GB200_v6,GB200,,spot,146.0,,prices.azure.com retail API
2026-08-03,Azure,koreacentral,Standard_ND96is_H100_v5,H100,8.0,ondemand,119.459,14.932375,prices.azure.com retail API
2026-08-03,Azure,koreacentral,Standard_ND96is_H100_v5,H100,8.0,spot,22.076023,2.759502875,prices.azure.com retail API
2026-08-03,Azure,koreacentral,Standard_ND96isr_H100_v5,H100,8.0,ondemand,132.732,16.5915,prices.azure.com retail API
2026-08-03,Azure,koreacentral,Standard_ND96isr_H100_v5,H100,8.0,spot,24.528874,3.06610925,prices.azure.com retail API
2026-08-03,Azure,koreacentral,Standard_NV12ads_A10_v5,A10,0.3333333333333333,ondemand,1.226,3.678,prices.azure.com retail API
2026-08-03,Azure,koreacentral,Standard_NV12ads_A10_v5,A10,0.3333333333333333,spot,0.226565,0.679695,prices.azure.com retail API
2026-08-03,Azure,koreacentral,Standard_NV16as_v4,MI25,,ondemand,1.258,,prices.azure.com retail API
2026-08-03,Azure,koreacentral,Standard_NV16as_v4,MI25,,spot,0.232478,,prices.azure.com retail API
2026-08-03,Azure,koreacentral,Standard_NV18ads_A10_v5,A10,0.5,ondemand,2.16,4.32,prices.azure.com retail API
2026-08-03,Azure,koreacentral,Standard_NV18ads_A10_v5,A10,0.5,spot,0.399168,0.798336,prices.azure.com retail API
2026-08-03,Azure,koreacentral,Standard_NV32as_v4,MI25,,ondemand,2.516,,prices.azure.com retail API
2026-08-03,Azure,koreacentral,Standard_NV32as_v4,MI25,,spot,0.464957,,prices.azure.com retail API
2026-08-03,Azure,koreacentral,Standard_NV36adms_A10_v5,A10,1.0,ondemand,6.102,6.102,prices.azure.com retail API
2026-08-03,Azure,koreacentral,Standard_NV36adms_A10_v5,A10,1.0,spot,1.12765,1.12765,prices.azure.com retail API
2026-08-03,Azure,koreacentral,Standard_NV36ads_A10_v5,A10,1.0,ondemand,4.32,4.32,prices.azure.com retail API
2026-08-03,Azure,koreacentral,Standard_NV36ads_A10_v5,A10,1.0,spot,0.798336,0.798336,prices.azure.com retail API
2026-08-03,Azure,koreacentral,Standard_NV4as_v4,MI25,,ondemand,0.315,,prices.azure.com retail API
2026-08-03,Azure,koreacentral,Standard_NV4as_v4,MI25,,spot,0.058212,,prices.azure.com retail API
2026-08-03,Azure,koreacentral,Standard_NV6ads_A10_v5,A10,0.16666666666666666,ondemand,0.613,3.678,prices.azure.com retail API
2026-08-03,Azure,koreacentral,Standard_NV6ads_A10_v5,A10,0.16666666666666666,spot,0.113282,0.679692,prices.azure.com retail API
2026-08-03,Azure,koreacentral,Standard_NV72ads_A10_v5,A10,2.0,ondemand,8.802,4.401,prices.azure.com retail API
2026-08-03,Azure,koreacentral,Standard_NV72ads_A10_v5,A10,2.0,spot,1.62661,0.813305,prices.azure.com retail API
2026-08-03,Azure,koreacentral,Standard_NV8as_v4,MI25,,ondemand,0.629,,prices.azure.com retail API
2026-08-03,Azure,koreacentral,Standard_NV8as_v4,MI25,,spot,0.116239,,prices.azure.com retail API
2026-08-03,Azure,koreasouth,Standard_NC40ads_H100_v5,H100,1.0,ondemand,8.725,8.725,prices.azure.com retail API
2026-08-03,Azure,koreasouth,Standard_NC40ads_H100_v5,H100,1.0,spot,1.61238,1.61238,prices.azure.com retail API
2026-08-03,Azure,koreasouth,Standard_NC80adis_H100_v5,H100,2.0,ondemand,17.45,8.725,prices.azure.com retail API
2026-08-03,Azure,koreasouth,Standard_NC80adis_H100_v5,H100,2.0,spot,3.22476,1.61238,prices.azure.com retail API
2026-08-03,Azure,koreasouth,Standard_ND128isr_NDR_GB200_v6,GB200,,ondemand,124.4,,prices.azure.com retail API
2026-08-03,Azure,koreasouth,Standard_ND128isr_NDR_GB200_v6,GB200,,spot,124.4,,prices.azure.com retail API
2026-08-03,Azure,koreasouth,Standard_ND128isrf_NDR_GB200_v6,GB200,,ondemand,124.4,,prices.azure.com retail API
2026-08-03,Azure,koreasouth,Standard_ND128isrf_NDR_GB200_v6,GB200,,spot,24.88,,prices.azure.com retail API
2026-08-03,Azure,koreasouth,Standard_ND96is_MI300X_v5,MI300X,,ondemand,60.0,,prices.azure.com retail API
2026-08-03,Azure,koreasouth,Standard_ND96is_MI300X_v5,MI300X,,spot,11.088,,prices.azure.com retail API
2026-08-03,Azure,koreasouth,Standard_ND96isr_H200_v5,H200,8.0,ondemand,106.0,13.25,prices.azure.com retail API
2026-08-03,Azure,koreasouth,Standard_ND96isr_H200_v5,H200,8.0,spot,106.0,13.25,prices.azure.com retail API
2026-08-03,Azure,koreasouth,Standard_ND96isr_MI300X_v5,MI300X,8.0,ondemand,60.0,7.5,prices.azure.com retail API
2026-08-03,Azure,koreasouth,Standard_ND96isr_MI300X_v5,MI300X,8.0,spot,11.088,1.386,prices.azure.com retail API
2026-08-03,Azure,koreasouth,Standard_NV12ads_A10_v5,A10,0.3333333333333333,ondemand,1.135,3.4050000000000002,prices.azure.com retail API
2026-08-03,Azure,koreasouth,Standard_NV12ads_A10_v5,A10,0.3333333333333333,spot,0.209748,0.629244,prices.azure.com retail API
2026-08-03,Azure,koreasouth,Standard_NV18ads_A10_v5,A10,0.5,ondemand,2.0,4.0,prices.azure.com retail API
2026-08-03,Azure,koreasouth,Standard_NV18ads_A10_v5,A10,0.5,spot,0.3696,0.7392,prices.azure.com retail API
2026-08-03,Azure,koreasouth,Standard_NV36adms_A10_v5,A10,1.0,ondemand,5.65,5.65,prices.azure.com retail API
2026-08-03,Azure,koreasouth,Standard_NV36adms_A10_v5,A10,1.0,spot,1.04412,1.04412,prices.azure.com retail API
2026-08-03,Azure,koreasouth,Standard_NV36ads_A10_v5,A10,1.0,ondemand,4.0,4.0,prices.azure.com retail API
2026-08-03,Azure,koreasouth,Standard_NV36ads_A10_v5,A10,1.0,spot,0.7392,0.7392,prices.azure.com retail API
2026-08-03,Azure,koreasouth,Standard_NV6ads_A10_v5,A10,0.16666666666666666,ondemand,0.567,3.4019999999999997,prices.azure.com retail API
2026-08-03,Azure,koreasouth,Standard_NV6ads_A10_v5,A10,0.16666666666666666,spot,0.104782,0.628692,prices.azure.com retail API
2026-08-03,Azure,koreasouth,Standard_NV72ads_A10_v5,A10,2.0,ondemand,8.15,4.075,prices.azure.com retail API
2026-08-03,Azure,koreasouth,Standard_NV72ads_A10_v5,A10,2.0,spot,1.50612,0.75306,prices.azure.com retail API
2026-08-03,Azure,malaysiawest,Standard_NC16as_T4_v3,T4,1.0,ondemand,1.444,1.444,prices.azure.com retail API
2026-08-03,Azure,malaysiawest,Standard_NC16as_T4_v3,T4,1.0,spot,0.41876,0.41876,prices.azure.com retail API
2026-08-03,Azure,malaysiawest,Standard_NC40ads_H100_v5,H100,1.0,ondemand,8.167,8.167,prices.azure.com retail API
2026-08-03,Azure,malaysiawest,Standard_NC40ads_H100_v5,H100,1.0,spot,1.509262,1.509262,prices.azure.com retail API
2026-08-03,Azure,malaysiawest,Standard_NC4as_T4_v3,T4,1.0,ondemand,0.631,0.631,prices.azure.com retail API
2026-08-03,Azure,malaysiawest,Standard_NC4as_T4_v3,T4,1.0,spot,0.18299,0.18299,prices.azure.com retail API
2026-08-03,Azure,malaysiawest,Standard_NC64as_T4_v3,T4,4.0,ondemand,5.211,1.30275,prices.azure.com retail API
2026-08-03,Azure,malaysiawest,Standard_NC64as_T4_v3,T4,4.0,spot,1.51119,0.3777975,prices.azure.com retail API
2026-08-03,Azure,malaysiawest,Standard_NC80adis_H100_v5,H100,2.0,ondemand,16.333,8.1665,prices.azure.com retail API
2026-08-03,Azure,malaysiawest,Standard_NC80adis_H100_v5,H100,2.0,spot,3.018338,1.509169,prices.azure.com retail API
2026-08-03,Azure,malaysiawest,Standard_NC8as_T4_v3,T4,1.0,ondemand,0.902,0.902,prices.azure.com retail API
2026-08-03,Azure,malaysiawest,Standard_NC8as_T4_v3,T4,1.0,spot,0.26158,0.26158,prices.azure.com retail API
2026-08-03,Azure,malaysiawest,Standard_ND96isr_H200_v5,H200,8.0,ondemand,99.216,12.402,prices.azure.com retail API
2026-08-03,Azure,malaysiawest,Standard_ND96isr_H200_v5,H200,8.0,spot,99.216,12.402,prices.azure.com retail API
2026-08-03,Azure,malaysiawest,Standard_NV12ads_A10_v5,A10,0.3333333333333333,ondemand,1.062,3.1860000000000004,prices.azure.com retail API
2026-08-03,Azure,malaysiawest,Standard_NV12ads_A10_v5,A10,0.3333333333333333,spot,0.196258,0.588774,prices.azure.com retail API
2026-08-03,Azure,malaysiawest,Standard_NV18ads_A10_v5,A10,0.5,ondemand,1.872,3.744,prices.azure.com retail API
2026-08-03,Azure,malaysiawest,Standard_NV18ads_A10_v5,A10,0.5,spot,0.345946,0.691892,prices.azure.com retail API
2026-08-03,Azure,malaysiawest,Standard_NV36adms_A10_v5,A10,1.0,ondemand,5.288,5.288,prices.azure.com retail API
2026-08-03,Azure,malaysiawest,Standard_NV36adms_A10_v5,A10,1.0,spot,0.977222,0.977222,prices.azure.com retail API
2026-08-03,Azure,malaysiawest,Standard_NV36ads_A10_v5,A10,1.0,ondemand,3.744,3.744,prices.azure.com retail API
2026-08-03,Azure,malaysiawest,Standard_NV36ads_A10_v5,A10,1.0,spot,0.691891,0.691891,prices.azure.com retail API
2026-08-03,Azure,malaysiawest,Standard_NV6ads_A10_v5,A10,0.16666666666666666,ondemand,0.531,3.1860000000000004,prices.azure.com retail API
2026-08-03,Azure,malaysiawest,Standard_NV6ads_A10_v5,A10,0.16666666666666666,spot,0.098129,0.588774,prices.azure.com retail API
2026-08-03,Azure,malaysiawest,Standard_NV72ads_A10_v5,A10,2.0,ondemand,7.628,3.814,prices.azure.com retail API
2026-08-03,Azure,malaysiawest,Standard_NV72ads_A10_v5,A10,2.0,spot,1.409654,0.704827,prices.azure.com retail API
2026-08-03,Azure,mexicocentral,Standard_ND96isr_H200_v5,H200,8.0,ondemand,93.28,11.66,prices.azure.com retail API
2026-08-03,Azure,mexicocentral,Standard_ND96isr_H200_v5,H200,8.0,spot,93.28,11.66,prices.azure.com retail API
2026-08-03,Azure,mexicocentral,Standard_NV12ads_A10_v5,A10,0.3333333333333333,ondemand,1.002,3.0060000000000002,prices.azure.com retail API
2026-08-03,Azure,mexicocentral,Standard_NV12ads_A10_v5,A10,0.3333333333333333,spot,0.18517,0.5555100000000001,prices.azure.com retail API
2026-08-03,Azure,mexicocentral,Standard_NV16as_v4,MI25,,ondemand,1.025,,prices.azure.com retail API
2026-08-03,Azure,mexicocentral,Standard_NV16as_v4,MI25,,spot,0.18942,,prices.azure.com retail API
2026-08-03,Azure,mexicocentral,Standard_NV18ads_A10_v5,A10,0.5,ondemand,1.766,3.532,prices.azure.com retail API
2026-08-03,Azure,mexicocentral,Standard_NV18ads_A10_v5,A10,0.5,spot,0.326357,0.652714,prices.azure.com retail API
2026-08-03,Azure,mexicocentral,Standard_NV32as_v4,MI25,,ondemand,2.051,,prices.azure.com retail API
2026-08-03,Azure,mexicocentral,Standard_NV32as_v4,MI25,,spot,0.379025,,prices.azure.com retail API
2026-08-03,Azure,mexicocentral,Standard_NV36adms_A10_v5,A10,1.0,ondemand,4.989,4.989,prices.azure.com retail API
2026-08-03,Azure,mexicocentral,Standard_NV36adms_A10_v5,A10,1.0,spot,0.921967,0.921967,prices.azure.com retail API
2026-08-03,Azure,mexicocentral,Standard_NV36ads_A10_v5,A10,1.0,ondemand,3.532,3.532,prices.azure.com retail API
2026-08-03,Azure,mexicocentral,Standard_NV36ads_A10_v5,A10,1.0,spot,0.652714,0.652714,prices.azure.com retail API
2026-08-03,Azure,mexicocentral,Standard_NV4as_v4,MI25,,ondemand,0.256,,prices.azure.com retail API
2026-08-03,Azure,mexicocentral,Standard_NV4as_v4,MI25,,spot,0.047309,,prices.azure.com retail API
2026-08-03,Azure,mexicocentral,Standard_NV6ads_A10_v5,A10,0.16666666666666666,ondemand,0.501,3.0060000000000002,prices.azure.com retail API
2026-08-03,Azure,mexicocentral,Standard_NV6ads_A10_v5,A10,0.16666666666666666,spot,0.092585,0.5555100000000001,prices.azure.com retail API
2026-08-03,Azure,mexicocentral,Standard_NV72ads_A10_v5,A10,2.0,ondemand,7.196,3.598,prices.azure.com retail API
2026-08-03,Azure,mexicocentral,Standard_NV72ads_A10_v5,A10,2.0,spot,1.329821,0.6649105,prices.azure.com retail API
2026-08-03,Azure,mexicocentral,Standard_NV8as_v4,MI25,,ondemand,0.513,,prices.azure.com retail API
2026-08-03,Azure,mexicocentral,Standard_NV8as_v4,MI25,,spot,0.094802,,prices.azure.com retail API
2026-08-03,Azure,northcentralus,Standard_NC12_Promo,K80,,ondemand,0.792,,prices.azure.com retail API
2026-08-03,Azure,northcentralus,Standard_NC16as_T4_v3,T4,1.0,ondemand,1.204,1.204,prices.azure.com retail API
2026-08-03,Azure,northcentralus,Standard_NC16as_T4_v3,T4,1.0,spot,0.34916,0.34916,prices.azure.com retail API
2026-08-03,Azure,northcentralus,Standard_NC24_Promo,K80,,ondemand,1.584,,prices.azure.com retail API
2026-08-03,Azure,northcentralus,Standard_NC24ads_A100_v4,A100,1.0,ondemand,4.408,4.408,prices.azure.com retail API
2026-08-03,Azure,northcentralus,Standard_NC24ads_A100_v4,A100,1.0,spot,0.814598,0.814598,prices.azure.com retail API
2026-08-03,Azure,northcentralus,Standard_NC24r_Promo,K80,,ondemand,1.742,,prices.azure.com retail API
2026-08-03,Azure,northcentralus,Standard_NC40ads_H100_v5,H100,1.0,ondemand,8.376,8.376,prices.azure.com retail API
2026-08-03,Azure,northcentralus,Standard_NC40ads_H100_v5,H100,1.0,spot,1.547885,1.547885,prices.azure.com retail API
2026-08-03,Azure,northcentralus,Standard_NC48ads_A100_v4,A100,2.0,ondemand,8.815,4.4075,prices.azure.com retail API
2026-08-03,Azure,northcentralus,Standard_NC48ads_A100_v4,A100,2.0,spot,1.629012,0.814506,prices.azure.com retail API
2026-08-03,Azure,northcentralus,Standard_NC4as_T4_v3,T4,1.0,ondemand,0.526,0.526,prices.azure.com retail API
2026-08-03,Azure,northcentralus,Standard_NC4as_T4_v3,T4,1.0,spot,0.15254,0.15254,prices.azure.com retail API
2026-08-03,Azure,northcentralus,Standard_NC64as_T4_v3,T4,4.0,ondemand,4.352,1.088,prices.azure.com retail API
2026-08-03,Azure,northcentralus,Standard_NC64as_T4_v3,T4,4.0,spot,1.26208,0.31552,prices.azure.com retail API
2026-08-03,Azure,northcentralus,Standard_NC6_Promo,K80,,ondemand,0.396,,prices.azure.com retail API
2026-08-03,Azure,northcentralus,Standard_NC80adis_H100_v5,H100,2.0,ondemand,16.752,8.376,prices.azure.com retail API
2026-08-03,Azure,northcentralus,Standard_NC80adis_H100_v5,H100,2.0,spot,3.09577,1.547885,prices.azure.com retail API
2026-08-03,Azure,northcentralus,Standard_NC8as_T4_v3,T4,1.0,ondemand,0.752,0.752,prices.azure.com retail API
2026-08-03,Azure,northcentralus,Standard_NC8as_T4_v3,T4,1.0,spot,0.21808,0.21808,prices.azure.com retail API
2026-08-03,Azure,northcentralus,Standard_NC96ads_A100_v4,A100,4.0,ondemand,17.63,4.4075,prices.azure.com retail API
2026-08-03,Azure,northcentralus,Standard_NC96ads_A100_v4,A100,4.0,spot,3.258024,0.814506,prices.azure.com retail API
2026-08-03,Azure,northcentralus,Standard_ND128isr_NDR_GB200_v6,GB200,,ondemand,129.8,,prices.azure.com retail API
2026-08-03,Azure,northcentralus,Standard_ND128isr_NDR_GB200_v6,GB200,,spot,129.8,,prices.azure.com retail API
2026-08-03,Azure,northcentralus,Standard_ND96is_H100_v5,H100,8.0,ondemand,106.186,13.27325,prices.azure.com retail API
2026-08-03,Azure,northcentralus,Standard_ND96is_H100_v5,H100,8.0,spot,19.623173,2.452896625,prices.azure.com retail API
2026-08-03,Azure,northcentralus,Standard_ND96is_MI300X_v5,MI300X,,ondemand,57.6,,prices.azure.com retail API
2026-08-03,Azure,northcentralus,Standard_ND96is_MI300X_v5,MI300X,,spot,10.64448,,prices.azure.com retail API
2026-08-03,Azure,northcentralus,Standard_ND96is_flex_H100_v5,H100,,ondemand,106.186,,prices.azure.com retail API
2026-08-03,Azure,northcentralus,Standard_ND96is_flex_H100_v5,H100,,spot,19.623173,,prices.azure.com retail API
2026-08-03,Azure,northcentralus,Standard_ND96is_noIB_H100_v5,H100,,ondemand,106.171,,prices.azure.com retail API
2026-08-03,Azure,northcentralus,Standard_ND96is_noIB_H100_v5,H100,,spot,19.620401,,prices.azure.com retail API
2026-08-03,Azure,northcentralus,Standard_ND96isr_H100_v5,H100,8.0,ondemand,117.984,14.748,prices.azure.com retail API
2026-08-03,Azure,northcentralus,Standard_ND96isr_H100_v5,H100,8.0,spot,21.803443,2.725430375,prices.azure.com retail API
2026-08-03,Azure,northcentralus,Standard_ND96isr_H200_v5,H200,8.0,ondemand,101.76,12.72,prices.azure.com retail API
2026-08-03,Azure,northcentralus,Standard_ND96isr_H200_v5,H200,8.0,spot,101.76,12.72,prices.azure.com retail API
2026-08-03,Azure,northcentralus,Standard_ND96isr_MI300X_v5,MI300X,8.0,ondemand,57.6,7.2,prices.azure.com retail API
2026-08-03,Azure,northcentralus,Standard_ND96isr_MI300X_v5,MI300X,8.0,spot,10.64448,1.33056,prices.azure.com retail API
2026-08-03,Azure,northcentralus,Standard_ND96isrf_H100_v5,H100,,ondemand,117.984,,prices.azure.com retail API
2026-08-03,Azure,northcentralus,Standard_ND96isrf_H100_v5,H100,,spot,21.803443,,prices.azure.com retail API
2026-08-03,Azure,northcentralus,Standard_NV12_Promo,M60,,ondemand,1.368,,prices.azure.com retail API
2026-08-03,Azure,northcentralus,Standard_NV12ads_A10_v5,A10,0.3333333333333333,ondemand,1.09,3.2700000000000005,prices.azure.com retail API
2026-08-03,Azure,northcentralus,Standard_NV12ads_A10_v5,A10,0.3333333333333333,spot,0.201432,0.604296,prices.azure.com retail API
2026-08-03,Azure,northcentralus,Standard_NV16as_v4,MI25,,ondemand,1.118,,prices.azure.com retail API
2026-08-03,Azure,northcentralus,Standard_NV16as_v4,MI25,,spot,0.206606,,prices.azure.com retail API
2026-08-03,Azure,northcentralus,Standard_NV18ads_A10_v5,A10,0.5,ondemand,1.92,3.84,prices.azure.com retail API
2026-08-03,Azure,northcentralus,Standard_NV18ads_A10_v5,A10,0.5,spot,0.354816,0.709632,prices.azure.com retail API
2026-08-03,Azure,northcentralus,Standard_NV24_Promo,M60,,ondemand,2.736,,prices.azure.com retail API
2026-08-03,Azure,northcentralus,Standard_NV32as_v4,MI25,,ondemand,2.237,,prices.azure.com retail API
2026-08-03,Azure,northcentralus,Standard_NV32as_v4,MI25,,spot,0.413398,,prices.azure.com retail API
2026-08-03,Azure,northcentralus,Standard_NV36adms_A10_v5,A10,1.0,ondemand,5.424,5.424,prices.azure.com retail API
2026-08-03,Azure,northcentralus,Standard_NV36adms_A10_v5,A10,1.0,spot,1.002355,1.002355,prices.azure.com retail API
2026-08-03,Azure,northcentralus,Standard_NV36ads_A10_v5,A10,1.0,ondemand,3.84,3.84,prices.azure.com retail API
2026-08-03,Azure,northcentralus,Standard_NV36ads_A10_v5,A10,1.0,spot,0.709632,0.709632,prices.azure.com retail API
2026-08-03,Azure,northcentralus,Standard_NV4as_v4,MI25,,ondemand,0.28,,prices.azure.com retail API
2026-08-03,Azure,northcentralus,Standard_NV4as_v4,MI25,,spot,0.051744,,prices.azure.com retail API
2026-08-03,Azure,northcentralus,Standard_NV6_Promo,M60,,ondemand,0.684,,prices.azure.com retail API
2026-08-03,Azure,northcentralus,Standard_NV6ads_A10_v5,A10,0.16666666666666666,ondemand,0.545,3.2700000000000005,prices.azure.com retail API
2026-08-03,Azure,northcentralus,Standard_NV6ads_A10_v5,A10,0.16666666666666666,spot,0.100716,0.604296,prices.azure.com retail API
2026-08-03,Azure,northcentralus,Standard_NV72ads_A10_v5,A10,2.0,ondemand,7.824,3.912,prices.azure.com retail API
2026-08-03,Azure,northcentralus,Standard_NV72ads_A10_v5,A10,2.0,spot,1.445875,0.7229375,prices.azure.com retail API
2026-08-03,Azure,northcentralus,Standard_NV8as_v4,MI25,,ondemand,0.559,,prices.azure.com retail API
2026-08-03,Azure,northcentralus,Standard_NV8as_v4,MI25,,spot,0.103303,,prices.azure.com retail API
2026-08-03,Azure,northeurope,Standard_NC12_Promo,K80,,ondemand,0.855,,prices.azure.com retail API
2026-08-03,Azure,northeurope,Standard_NC12s_v3,V100,2.0,ondemand,6.61,3.305,prices.azure.com retail API
2026-08-03,Azure,northeurope,Standard_NC12s_v3,V100,2.0,spot,1.221528,0.610764,prices.azure.com retail API
2026-08-03,Azure,northeurope,Standard_NC16as_T4_v3,T4,1.0,ondemand,1.342,1.342,prices.azure.com retail API
2026-08-03,Azure,northeurope,Standard_NC16as_T4_v3,T4,1.0,spot,0.559882,0.559882,prices.azure.com retail API
2026-08-03,Azure,northeurope,Standard_NC24_Promo,K80,,ondemand,1.711,,prices.azure.com retail API
2026-08-03,Azure,northeurope,Standard_NC24ads_A100_v4,A100,1.0,ondemand,4.408,4.408,prices.azure.com retail API
2026-08-03,Azure,northeurope,Standard_NC24ads_A100_v4,A100,1.0,spot,0.814598,0.814598,prices.azure.com retail API
2026-08-03,Azure,northeurope,Standard_NC24r_Promo,K80,,ondemand,1.882,,prices.azure.com retail API
2026-08-03,Azure,northeurope,Standard_NC24rs_v3,V100,4.0,ondemand,14.541,3.63525,prices.azure.com retail API
2026-08-03,Azure,northeurope,Standard_NC24rs_v3,V100,4.0,spot,2.687177,0.67179425,prices.azure.com retail API
2026-08-03,Azure,northeurope,Standard_NC24s_v3,V100,4.0,ondemand,13.219,3.30475,prices.azure.com retail API
2026-08-03,Azure,northeurope,Standard_NC24s_v3,V100,4.0,spot,2.442871,0.61071775,prices.azure.com retail API
2026-08-03,Azure,northeurope,Standard_NC40ads_H100_v5,H100,1.0,ondemand,8.376,8.376,prices.azure.com retail API
2026-08-03,Azure,northeurope,Standard_NC40ads_H100_v5,H100,1.0,spot,1.547885,1.547885,prices.azure.com retail API
2026-08-03,Azure,northeurope,Standard_NC48ads_A100_v4,A100,2.0,ondemand,8.815,4.4075,prices.azure.com retail API
2026-08-03,Azure,northeurope,Standard_NC48ads_A100_v4,A100,2.0,spot,1.629012,0.814506,prices.azure.com retail API
2026-08-03,Azure,northeurope,Standard_NC4as_T4_v3,T4,1.0,ondemand,0.587,0.587,prices.azure.com retail API
2026-08-03,Azure,northeurope,Standard_NC4as_T4_v3,T4,1.0,spot,0.244896,0.244896,prices.azure.com retail API
2026-08-03,Azure,northeurope,Standard_NC64as_T4_v3,T4,4.0,ondemand,4.853,1.21325,prices.azure.com retail API
2026-08-03,Azure,northeurope,Standard_NC64as_T4_v3,T4,4.0,spot,2.024672,0.506168,prices.azure.com retail API
2026-08-03,Azure,northeurope,Standard_NC6_Promo,K80,,ondemand,0.428,,prices.azure.com retail API
2026-08-03,Azure,northeurope,Standard_NC6s_v3,V100,1.0,ondemand,3.305,3.305,prices.azure.com retail API
2026-08-03,Azure,northeurope,Standard_NC6s_v3,V100,1.0,spot,0.610764,0.610764,prices.azure.com retail API
2026-08-03,Azure,northeurope,Standard_NC80adis_H100_v5,H100,2.0,ondemand,16.752,8.376,prices.azure.com retail API
2026-08-03,Azure,northeurope,Standard_NC80adis_H100_v5,H100,2.0,spot,3.09577,1.547885,prices.azure.com retail API
2026-08-03,Azure,northeurope,Standard_NC8as_T4_v3,T4,1.0,ondemand,0.838,0.838,prices.azure.com retail API
2026-08-03,Azure,northeurope,Standard_NC8as_T4_v3,T4,1.0,spot,0.349614,0.349614,prices.azure.com retail API
2026-08-03,Azure,northeurope,Standard_NC96ads_A100_v4,A100,4.0,ondemand,17.63,4.4075,prices.azure.com retail API
2026-08-03,Azure,northeurope,Standard_NC96ads_A100_v4,A100,4.0,spot,3.258024,0.814506,prices.azure.com retail API
2026-08-03,Azure,northeurope,Standard_ND96is_MI300X_v5,MI300X,,ondemand,57.6,,prices.azure.com retail API
2026-08-03,Azure,northeurope,Standard_ND96is_MI300X_v5,MI300X,,spot,10.64448,,prices.azure.com retail API
2026-08-03,Azure,northeurope,Standard_ND96isr_H200_v5,H200,8.0,ondemand,101.76,12.72,prices.azure.com retail API
2026-08-03,Azure,northeurope,Standard_ND96isr_H200_v5,H200,8.0,spot,101.76,12.72,prices.azure.com retail API
2026-08-03,Azure,northeurope,Standard_ND96isr_MI300X_v5,MI300X,8.0,ondemand,57.6,7.2,prices.azure.com retail API
2026-08-03,Azure,northeurope,Standard_ND96isr_MI300X_v5,MI300X,8.0,spot,10.64448,1.33056,prices.azure.com retail API
2026-08-03,Azure,northeurope,Standard_NV12_Promo,M60,,ondemand,1.452,,prices.azure.com retail API
2026-08-03,Azure,northeurope,Standard_NV12ads_A10_v5,A10,0.3333333333333333,ondemand,1.09,3.2700000000000005,prices.azure.com retail API
2026-08-03,Azure,northeurope,Standard_NV12ads_A10_v5,A10,0.3333333333333333,spot,0.201432,0.604296,prices.azure.com retail API
2026-08-03,Azure,northeurope,Standard_NV12s_v3,M60,,ondemand,1.21,,prices.azure.com retail API
2026-08-03,Azure,northeurope,Standard_NV12s_v3,M60,,spot,0.223608,,prices.azure.com retail API
2026-08-03,Azure,northeurope,Standard_NV16as_v4,MI25,,ondemand,1.118,,prices.azure.com retail API
2026-08-03,Azure,northeurope,Standard_NV16as_v4,MI25,,spot,0.206606,,prices.azure.com retail API
2026-08-03,Azure,northeurope,Standard_NV18ads_A10_v5,A10,0.5,ondemand,1.92,3.84,prices.azure.com retail API
2026-08-03,Azure,northeurope,Standard_NV18ads_A10_v5,A10,0.5,spot,0.354816,0.709632,prices.azure.com retail API
2026-08-03,Azure,northeurope,Standard_NV24_Promo,M60,,ondemand,2.904,,prices.azure.com retail API
2026-08-03,Azure,northeurope,Standard_NV24s_v3,M60,,ondemand,2.42,,prices.azure.com retail API
2026-08-03,Azure,northeurope,Standard_NV24s_v3,M60,,spot,0.447216,,prices.azure.com retail API
2026-08-03,Azure,northeurope,Standard_NV32as_v4,MI25,,ondemand,2.237,,prices.azure.com retail API
2026-08-03,Azure,northeurope,Standard_NV32as_v4,MI25,,spot,0.413398,,prices.azure.com retail API
2026-08-03,Azure,northeurope,Standard_NV36adms_A10_v5,A10,1.0,ondemand,5.424,5.424,prices.azure.com retail API
2026-08-03,Azure,northeurope,Standard_NV36adms_A10_v5,A10,1.0,spot,1.002355,1.002355,prices.azure.com retail API
2026-08-03,Azure,northeurope,Standard_NV36ads_A10_v5,A10,1.0,ondemand,3.84,3.84,prices.azure.com retail API
2026-08-03,Azure,northeurope,Standard_NV36ads_A10_v5,A10,1.0,spot,0.709632,0.709632,prices.azure.com retail API
2026-08-03,Azure,northeurope,Standard_NV48s_v3,M60,,ondemand,4.838,,prices.azure.com retail API
2026-08-03,Azure,northeurope,Standard_NV48s_v3,M60,,spot,0.894062,,prices.azure.com retail API
2026-08-03,Azure,northeurope,Standard_NV4as_v4,MI25,,ondemand,0.28,,prices.azure.com retail API
2026-08-03,Azure,northeurope,Standard_NV4as_v4,MI25,,spot,0.051744,,prices.azure.com retail API
2026-08-03,Azure,northeurope,Standard_NV6_Promo,M60,,ondemand,0.726,,prices.azure.com retail API
2026-08-03,Azure,northeurope,Standard_NV6ads_A10_v5,A10,0.16666666666666666,ondemand,0.545,3.2700000000000005,prices.azure.com retail API
2026-08-03,Azure,northeurope,Standard_NV6ads_A10_v5,A10,0.16666666666666666,spot,0.100716,0.604296,prices.azure.com retail API
2026-08-03,Azure,northeurope,Standard_NV72ads_A10_v5,A10,2.0,ondemand,7.824,3.912,prices.azure.com retail API
2026-08-03,Azure,northeurope,Standard_NV72ads_A10_v5,A10,2.0,spot,1.445875,0.7229375,prices.azure.com retail API
2026-08-03,Azure,northeurope,Standard_NV8as_v4,MI25,,ondemand,0.559,,prices.azure.com retail API
2026-08-03,Azure,northeurope,Standard_NV8as_v4,MI25,,spot,0.103303,,prices.azure.com retail API
2026-08-03,Azure,norwayeast,Standard_ND96ams_A100_v4,A100,8.0,ondemand,46.861,5.857625,prices.azure.com retail API
2026-08-03,Azure,norwayeast,Standard_ND96ams_A100_v4,A100,8.0,spot,12.18386,1.5229825,prices.azure.com retail API
2026-08-03,Azure,norwayeast,Standard_ND96amsr_A100_v4,A100,8.0,ondemand,46.861,5.857625,prices.azure.com retail API
2026-08-03,Azure,norwayeast,Standard_ND96amsr_A100_v4,A100,8.0,spot,12.18386,1.5229825,prices.azure.com retail API
2026-08-03,Azure,norwayeast,Standard_ND96isr_H200_v5,H200,8.0,ondemand,121.264,15.158,prices.azure.com retail API
2026-08-03,Azure,norwayeast,Standard_ND96isr_H200_v5,H200,8.0,spot,121.264,15.158,prices.azure.com retail API
2026-08-03,Azure,norwayeast,Standard_NV12s_v3,M60,,ondemand,1.568,,prices.azure.com retail API
2026-08-03,Azure,norwayeast,Standard_NV12s_v3,M60,,spot,0.289766,,prices.azure.com retail API
2026-08-03,Azure,norwayeast,Standard_NV24s_v3,M60,,ondemand,3.135,,prices.azure.com retail API
2026-08-03,Azure,norwayeast,Standard_NV24s_v3,M60,,spot,0.579348,,prices.azure.com retail API
2026-08-03,Azure,norwayeast,Standard_NV48s_v3,M60,,ondemand,6.27,,prices.azure.com retail API
2026-08-03,Azure,norwayeast,Standard_NV48s_v3,M60,,spot,1.158696,,prices.azure.com retail API
2026-08-03,Azure,norwaywest,Standard_NV12s_v3,M60,,ondemand,2.038,,prices.azure.com retail API
2026-08-03,Azure,norwaywest,Standard_NV12s_v3,M60,,spot,0.376622,,prices.azure.com retail API
2026-08-03,Azure,norwaywest,Standard_NV24s_v3,M60,,ondemand,4.076,,prices.azure.com retail API
2026-08-03,Azure,norwaywest,Standard_NV24s_v3,M60,,spot,0.753245,,prices.azure.com retail API
2026-08-03,Azure,norwaywest,Standard_NV48s_v3,M60,,ondemand,8.151,,prices.azure.com retail API
2026-08-03,Azure,norwaywest,Standard_NV48s_v3,M60,,spot,1.506305,,prices.azure.com retail API
2026-08-03,Azure,polandcentral,Standard_NC16as_T4_v3,T4,1.0,ondemand,1.501,1.501,prices.azure.com retail API
2026-08-03,Azure,polandcentral,Standard_NC16as_T4_v3,T4,1.0,spot,0.479269,0.479269,prices.azure.com retail API
2026-08-03,Azure,polandcentral,Standard_NC24ads_A100_v4,A100,1.0,ondemand,4.775,4.775,prices.azure.com retail API
2026-08-03,Azure,polandcentral,Standard_NC24ads_A100_v4,A100,1.0,spot,0.88242,0.88242,prices.azure.com retail API
2026-08-03,Azure,polandcentral,Standard_NC48ads_A100_v4,A100,2.0,ondemand,9.55,4.775,prices.azure.com retail API
2026-08-03,Azure,polandcentral,Standard_NC48ads_A100_v4,A100,2.0,spot,1.76484,0.88242,prices.azure.com retail API
2026-08-03,Azure,polandcentral,Standard_NC4as_T4_v3,T4,1.0,ondemand,0.656,0.656,prices.azure.com retail API
2026-08-03,Azure,polandcentral,Standard_NC4as_T4_v3,T4,1.0,spot,0.209461,0.209461,prices.azure.com retail API
2026-08-03,Azure,polandcentral,Standard_NC64as_T4_v3,T4,4.0,ondemand,5.416,1.354,prices.azure.com retail API
2026-08-03,Azure,polandcentral,Standard_NC64as_T4_v3,T4,4.0,spot,1.729329,0.43233225,prices.azure.com retail API
2026-08-03,Azure,polandcentral,Standard_NC8as_T4_v3,T4,1.0,ondemand,0.937,0.937,prices.azure.com retail API
2026-08-03,Azure,polandcentral,Standard_NC8as_T4_v3,T4,1.0,spot,0.299184,0.299184,prices.azure.com retail API
2026-08-03,Azure,polandcentral,Standard_NC96ads_A100_v4,A100,4.0,ondemand,19.1,4.775,prices.azure.com retail API
2026-08-03,Azure,polandcentral,Standard_NC96ads_A100_v4,A100,4.0,spot,3.52968,0.88242,prices.azure.com retail API
2026-08-03,Azure,polandcentral,Standard_ND96ams_A100_v4,A100,8.0,ondemand,46.89,5.86125,prices.azure.com retail API
2026-08-03,Azure,polandcentral,Standard_ND96ams_A100_v4,A100,8.0,spot,12.1914,1.523925,prices.azure.com retail API
2026-08-03,Azure,polandcentral,Standard_ND96amsr_A100_v4,A100,8.0,ondemand,46.89,5.86125,prices.azure.com retail API
2026-08-03,Azure,polandcentral,Standard_ND96amsr_A100_v4,A100,8.0,spot,12.1914,1.523925,prices.azure.com retail API
2026-08-03,Azure,polandcentral,Standard_ND96is_H100_v5,H100,8.0,ondemand,115.034,14.37925,prices.azure.com retail API
2026-08-03,Azure,polandcentral,Standard_ND96is_H100_v5,H100,8.0,spot,21.258283,2.657285375,prices.azure.com retail API
2026-08-03,Azure,polandcentral,Standard_ND96is_MI300X_v5,MI300X,,ondemand,73.92,,prices.azure.com retail API
2026-08-03,Azure,polandcentral,Standard_ND96is_MI300X_v5,MI300X,,spot,13.660416,,prices.azure.com retail API
2026-08-03,Azure,polandcentral,Standard_ND96is_flex_H100_v5,H100,,ondemand,115.034,,prices.azure.com retail API
2026-08-03,Azure,polandcentral,Standard_ND96is_flex_H100_v5,H100,,spot,21.258283,,prices.azure.com retail API
2026-08-03,Azure,polandcentral,Standard_ND96is_noIB_H100_v5,H100,,ondemand,115.034,,prices.azure.com retail API
2026-08-03,Azure,polandcentral,Standard_ND96is_noIB_H100_v5,H100,,spot,21.258283,,prices.azure.com retail API
2026-08-03,Azure,polandcentral,Standard_ND96isr_H100_v5,H100,8.0,ondemand,127.816,15.977,prices.azure.com retail API
2026-08-03,Azure,polandcentral,Standard_ND96isr_H100_v5,H100,8.0,spot,23.620397,2.952549625,prices.azure.com retail API
2026-08-03,Azure,polandcentral,Standard_ND96isr_H200_v5,H200,8.0,ondemand,130.592,16.324,prices.azure.com retail API
2026-08-03,Azure,polandcentral,Standard_ND96isr_H200_v5,H200,8.0,spot,130.592,16.324,prices.azure.com retail API
2026-08-03,Azure,polandcentral,Standard_ND96isr_MI300X_v5,MI300X,8.0,ondemand,73.92,9.24,prices.azure.com retail API
2026-08-03,Azure,polandcentral,Standard_ND96isr_MI300X_v5,MI300X,8.0,spot,13.660416,1.707552,prices.azure.com retail API
2026-08-03,Azure,polandcentral,Standard_ND96isrf_H100_v5,H100,,ondemand,127.816,,prices.azure.com retail API
2026-08-03,Azure,polandcentral,Standard_ND96isrf_H100_v5,H100,,spot,23.620397,,prices.azure.com retail API
2026-08-03,Azure,polandcentral,Standard_NV12ads_A10_v5,A10,0.3333333333333333,ondemand,1.18,3.54,prices.azure.com retail API
2026-08-03,Azure,polandcentral,Standard_NV12ads_A10_v5,A10,0.3333333333333333,spot,0.218064,0.6541920000000001,prices.azure.com retail API
2026-08-03,Azure,polandcentral,Standard_NV16as_v4,MI25,,ondemand,1.165,,prices.azure.com retail API
2026-08-03,Azure,polandcentral,Standard_NV16as_v4,MI25,,spot,0.215292,,prices.azure.com retail API
2026-08-03,Azure,polandcentral,Standard_NV18ads_A10_v5,A10,0.5,ondemand,2.08,4.16,prices.azure.com retail API
2026-08-03,Azure,polandcentral,Standard_NV18ads_A10_v5,A10,0.5,spot,0.384384,0.768768,prices.azure.com retail API
2026-08-03,Azure,polandcentral,Standard_NV32as_v4,MI25,,ondemand,2.33,,prices.azure.com retail API
2026-08-03,Azure,polandcentral,Standard_NV32as_v4,MI25,,spot,0.430584,,prices.azure.com retail API
2026-08-03,Azure,polandcentral,Standard_NV36adms_A10_v5,A10,1.0,ondemand,5.876,5.876,prices.azure.com retail API
2026-08-03,Azure,polandcentral,Standard_NV36adms_A10_v5,A10,1.0,spot,1.085885,1.085885,prices.azure.com retail API
2026-08-03,Azure,polandcentral,Standard_NV36ads_A10_v5,A10,1.0,ondemand,4.16,4.16,prices.azure.com retail API
2026-08-03,Azure,polandcentral,Standard_NV36ads_A10_v5,A10,1.0,spot,0.768768,0.768768,prices.azure.com retail API
2026-08-03,Azure,polandcentral,Standard_NV4as_v4,MI25,,ondemand,0.291,,prices.azure.com retail API
2026-08-03,Azure,polandcentral,Standard_NV4as_v4,MI25,,spot,0.053777,,prices.azure.com retail API
2026-08-03,Azure,polandcentral,Standard_NV6ads_A10_v5,A10,0.16666666666666666,ondemand,0.59,3.54,prices.azure.com retail API
2026-08-03,Azure,polandcentral,Standard_NV6ads_A10_v5,A10,0.16666666666666666,spot,0.109032,0.6541920000000001,prices.azure.com retail API
2026-08-03,Azure,polandcentral,Standard_NV72ads_A10_v5,A10,2.0,ondemand,8.476,4.238,prices.azure.com retail API
2026-08-03,Azure,polandcentral,Standard_NV72ads_A10_v5,A10,2.0,spot,1.566365,0.7831825,prices.azure.com retail API
2026-08-03,Azure,polandcentral,Standard_NV8as_v4,MI25,,ondemand,0.582,,prices.azure.com retail API
2026-08-03,Azure,polandcentral,Standard_NV8as_v4,MI25,,spot,0.107554,,prices.azure.com retail API
2026-08-03,Azure,qatarcentral,Standard_NC12s_v3,V100,2.0,ondemand,8.411,4.2055,prices.azure.com retail API
2026-08-03,Azure,qatarcentral,Standard_NC12s_v3,V100,2.0,spot,1.554353,0.7771765,prices.azure.com retail API
2026-08-03,Azure,qatarcentral,Standard_NC24rs_v3,V100,4.0,ondemand,18.503,4.62575,prices.azure.com retail API
2026-08-03,Azure,qatarcentral,Standard_NC24rs_v3,V100,4.0,spot,3.419354,0.8548385,prices.azure.com retail API
2026-08-03,Azure,qatarcentral,Standard_NC24s_v3,V100,4.0,ondemand,16.821,4.20525,prices.azure.com retail API
2026-08-03,Azure,qatarcentral,Standard_NC24s_v3,V100,4.0,spot,3.108521,0.77713025,prices.azure.com retail API
2026-08-03,Azure,qatarcentral,Standard_NC6s_v3,V100,1.0,ondemand,4.205,4.205,prices.azure.com retail API
2026-08-03,Azure,qatarcentral,Standard_NC6s_v3,V100,1.0,spot,0.777084,0.777084,prices.azure.com retail API
2026-08-03,Azure,qatarcentral,Standard_NV12ads_A10_v5,A10,0.3333333333333333,ondemand,1.298,3.894,prices.azure.com retail API
2026-08-03,Azure,qatarcentral,Standard_NV12ads_A10_v5,A10,0.3333333333333333,spot,0.23987,0.7196100000000001,prices.azure.com retail API
2026-08-03,Azure,qatarcentral,Standard_NV18ads_A10_v5,A10,0.5,ondemand,2.288,4.576,prices.azure.com retail API
2026-08-03,Azure,qatarcentral,Standard_NV18ads_A10_v5,A10,0.5,spot,0.422822,0.845644,prices.azure.com retail API
2026-08-03,Azure,qatarcentral,Standard_NV36adms_A10_v5,A10,1.0,ondemand,6.464,6.464,prices.azure.com retail API
2026-08-03,Azure,qatarcentral,Standard_NV36adms_A10_v5,A10,1.0,spot,1.194547,1.194547,prices.azure.com retail API
2026-08-03,Azure,qatarcentral,Standard_NV36ads_A10_v5,A10,1.0,ondemand,4.576,4.576,prices.azure.com retail API
2026-08-03,Azure,qatarcentral,Standard_NV36ads_A10_v5,A10,1.0,spot,0.845645,0.845645,prices.azure.com retail API
2026-08-03,Azure,qatarcentral,Standard_NV6ads_A10_v5,A10,0.16666666666666666,ondemand,0.649,3.894,prices.azure.com retail API
2026-08-03,Azure,qatarcentral,Standard_NV6ads_A10_v5,A10,0.16666666666666666,spot,0.119935,0.7196100000000001,prices.azure.com retail API
2026-08-03,Azure,qatarcentral,Standard_NV72ads_A10_v5,A10,2.0,ondemand,9.324,4.662,prices.azure.com retail API
2026-08-03,Azure,qatarcentral,Standard_NV72ads_A10_v5,A10,2.0,spot,1.723075,0.8615375,prices.azure.com retail API
2026-08-03,Azure,sgxsingapore1,Standard_NC4as_T4_v3,T4,1.0,ondemand,1.288,1.288,prices.azure.com retail API
2026-08-03,Azure,sgxsingapore1,Standard_NC4as_T4_v3,T4,1.0,spot,0.2576,0.2576,prices.azure.com retail API
2026-08-03,Azure,sgxsingapore1,Standard_NC8as_T4_v3,T4,1.0,ondemand,1.841,1.841,prices.azure.com retail API
2026-08-03,Azure,sgxsingapore1,Standard_NC8as_T4_v3,T4,1.0,spot,0.3682,0.3682,prices.azure.com retail API
2026-08-03,Azure,southafricanorth,Standard_ND96ams_A100_v4,A100,8.0,ondemand,47.844,5.9805,prices.azure.com retail API
2026-08-03,Azure,southafricanorth,Standard_ND96ams_A100_v4,A100,8.0,spot,12.43944,1.55493,prices.azure.com retail API
2026-08-03,Azure,southafricanorth,Standard_ND96amsr_A100_v4,A100,8.0,ondemand,47.844,5.9805,prices.azure.com retail API
2026-08-03,Azure,southafricanorth,Standard_ND96amsr_A100_v4,A100,8.0,spot,12.43944,1.55493,prices.azure.com retail API
2026-08-03,Azure,southafricanorth,Standard_ND96isr_H100_v5,H100,8.0,ondemand,168.672,21.084,prices.azure.com retail API
2026-08-03,Azure,southafricanorth,Standard_ND96isr_H100_v5,H100,8.0,spot,31.170586,3.89632325,prices.azure.com retail API
2026-08-03,Azure,southafricanorth,Standard_ND96isr_H200_v5,H200,8.0,ondemand,123.808,15.476,prices.azure.com retail API
2026-08-03,Azure,southafricanorth,Standard_ND96isr_H200_v5,H200,8.0,spot,123.808,15.476,prices.azure.com retail API
2026-08-03,Azure,southafricanorth,Standard_NV12ads_A10_v5,A10,0.3333333333333333,ondemand,1.326,3.978,prices.azure.com retail API
2026-08-03,Azure,southafricanorth,Standard_NV12ads_A10_v5,A10,0.3333333333333333,spot,0.245045,0.7351350000000001,prices.azure.com retail API
2026-08-03,Azure,southafricanorth,Standard_NV12s_v3,M60,,ondemand,1.46,,prices.azure.com retail API
2026-08-03,Azure,southafricanorth,Standard_NV12s_v3,M60,,spot,0.269808,,prices.azure.com retail API
2026-08-03,Azure,southafricanorth,Standard_NV18ads_A10_v5,A10,0.5,ondemand,2.336,4.672,prices.azure.com retail API
2026-08-03,Azure,southafricanorth,Standard_NV18ads_A10_v5,A10,0.5,spot,0.431693,0.863386,prices.azure.com retail API
2026-08-03,Azure,southafricanorth,Standard_NV24s_v3,M60,,ondemand,2.921,,prices.azure.com retail API
2026-08-03,Azure,southafricanorth,Standard_NV24s_v3,M60,,spot,0.539801,,prices.azure.com retail API
2026-08-03,Azure,southafricanorth,Standard_NV36adms_A10_v5,A10,1.0,ondemand,6.599,6.599,prices.azure.com retail API
2026-08-03,Azure,southafricanorth,Standard_NV36adms_A10_v5,A10,1.0,spot,1.219495,1.219495,prices.azure.com retail API
2026-08-03,Azure,southafricanorth,Standard_NV36ads_A10_v5,A10,1.0,ondemand,4.672,4.672,prices.azure.com retail API
2026-08-03,Azure,southafricanorth,Standard_NV36ads_A10_v5,A10,1.0,spot,0.863386,0.863386,prices.azure.com retail API
2026-08-03,Azure,southafricanorth,Standard_NV48s_v3,M60,,ondemand,5.841,,prices.azure.com retail API
2026-08-03,Azure,southafricanorth,Standard_NV48s_v3,M60,,spot,1.079417,,prices.azure.com retail API
2026-08-03,Azure,southafricanorth,Standard_NV6ads_A10_v5,A10,0.16666666666666666,ondemand,0.663,3.978,prices.azure.com retail API
2026-08-03,Azure,southafricanorth,Standard_NV6ads_A10_v5,A10,0.16666666666666666,spot,0.122522,0.7351320000000001,prices.azure.com retail API
2026-08-03,Azure,southafricanorth,Standard_NV72ads_A10_v5,A10,2.0,ondemand,9.519,4.7595,prices.azure.com retail API
2026-08-03,Azure,southafricanorth,Standard_NV72ads_A10_v5,A10,2.0,spot,1.759111,0.8795555,prices.azure.com retail API
2026-08-03,Azure,southafricawest,Standard_ND96isr_H100_v5,H100,8.0,ondemand,186.608,23.326,prices.azure.com retail API
2026-08-03,Azure,southafricawest,Standard_ND96isr_H100_v5,H100,8.0,spot,34.485158,4.31064475,prices.azure.com retail API
2026-08-03,Azure,southcentralus,Standard_NC12_Promo,K80,,ondemand,0.95,,prices.azure.com retail API
2026-08-03,Azure,southcentralus,Standard_NC12s_v3,V100,2.0,ondemand,6.732,3.366,prices.azure.com retail API
2026-08-03,Azure,southcentralus,Standard_NC12s_v3,V100,2.0,spot,1.244074,0.622037,prices.azure.com retail API
2026-08-03,Azure,southcentralus,Standard_NC16ads_A10_v4,A10,,ondemand,2.64,,prices.azure.com retail API
2026-08-03,Azure,southcentralus,Standard_NC16ads_A10_v4,A10,,spot,0.487872,,prices.azure.com retail API
2026-08-03,Azure,southcentralus,Standard_NC16as_T4_v3,T4,1.0,ondemand,1.445,1.445,prices.azure.com retail API
2026-08-03,Azure,southcentralus,Standard_NC16as_T4_v3,T4,1.0,spot,0.41905,0.41905,prices.azure.com retail API
2026-08-03,Azure,southcentralus,Standard_NC24_Promo,K80,,ondemand,1.901,,prices.azure.com retail API
2026-08-03,Azure,southcentralus,Standard_NC24ads_A100_v4,A100,1.0,ondemand,4.408,4.408,prices.azure.com retail API
2026-08-03,Azure,southcentralus,Standard_NC24ads_A100_v4,A100,1.0,spot,0.814598,0.814598,prices.azure.com retail API
2026-08-03,Azure,southcentralus,Standard_NC24r_Promo,K80,,ondemand,2.091,,prices.azure.com retail API
2026-08-03,Azure,southcentralus,Standard_NC24rs_v3,V100,4.0,ondemand,14.8104,3.7026,prices.azure.com retail API
2026-08-03,Azure,southcentralus,Standard_NC24rs_v3,V100,4.0,spot,2.736962,0.6842405,prices.azure.com retail API
2026-08-03,Azure,southcentralus,Standard_NC24s_v3,V100,4.0,ondemand,13.464,3.366,prices.azure.com retail API
2026-08-03,Azure,southcentralus,Standard_NC24s_v3,V100,4.0,spot,2.488147,0.62203675,prices.azure.com retail API
2026-08-03,Azure,southcentralus,Standard_NC32ads_A10_v4,A10,,ondemand,5.28,,prices.azure.com retail API
2026-08-03,Azure,southcentralus,Standard_NC32ads_A10_v4,A10,,spot,0.975744,,prices.azure.com retail API
2026-08-03,Azure,southcentralus,Standard_NC40ads_H100_v5,H100,1.0,ondemand,8.38,8.38,prices.azure.com retail API
2026-08-03,Azure,southcentralus,Standard_NC40ads_H100_v5,H100,1.0,spot,4.178268,4.178268,prices.azure.com retail API
2026-08-03,Azure,southcentralus,Standard_NC48ads_A100_v4,A100,2.0,ondemand,8.815,4.4075,prices.azure.com retail API
2026-08-03,Azure,southcentralus,Standard_NC48ads_A100_v4,A100,2.0,spot,1.629012,0.814506,prices.azure.com retail API
2026-08-03,Azure,southcentralus,Standard_NC4as_T4_v3,T4,1.0,ondemand,0.631,0.631,prices.azure.com retail API
2026-08-03,Azure,southcentralus,Standard_NC4as_T4_v3,T4,1.0,spot,0.18299,0.18299,prices.azure.com retail API
2026-08-03,Azure,southcentralus,Standard_NC64as_T4_v3,T4,4.0,ondemand,5.222,1.3055,prices.azure.com retail API
2026-08-03,Azure,southcentralus,Standard_NC64as_T4_v3,T4,4.0,spot,1.51438,0.378595,prices.azure.com retail API
2026-08-03,Azure,southcentralus,Standard_NC6_Promo,K80,,ondemand,0.475,,prices.azure.com retail API
2026-08-03,Azure,southcentralus,Standard_NC6s_v3,V100,1.0,ondemand,3.366,3.366,prices.azure.com retail API
2026-08-03,Azure,southcentralus,Standard_NC6s_v3,V100,1.0,spot,0.622037,0.622037,prices.azure.com retail API
2026-08-03,Azure,southcentralus,Standard_NC80adis_H100_v5,H100,2.0,ondemand,16.76,8.38,prices.azure.com retail API
2026-08-03,Azure,southcentralus,Standard_NC80adis_H100_v5,H100,2.0,spot,8.356536,4.178268,prices.azure.com retail API
2026-08-03,Azure,southcentralus,Standard_NC8ads_A10_v4,A10,,ondemand,1.32,,prices.azure.com retail API
2026-08-03,Azure,southcentralus,Standard_NC8ads_A10_v4,A10,,spot,0.243936,,prices.azure.com retail API
2026-08-03,Azure,southcentralus,Standard_NC8as_T4_v3,T4,1.0,ondemand,0.902,0.902,prices.azure.com retail API
2026-08-03,Azure,southcentralus,Standard_NC8as_T4_v3,T4,1.0,spot,0.26158,0.26158,prices.azure.com retail API
2026-08-03,Azure,southcentralus,Standard_NC96ads_A100_v4,A100,4.0,ondemand,17.63,4.4075,prices.azure.com retail API
2026-08-03,Azure,southcentralus,Standard_NC96ads_A100_v4,A100,4.0,spot,3.258024,0.814506,prices.azure.com retail API
2026-08-03,Azure,southcentralus,Standard_NCC40ads_H100_v5,H100,,ondemand,7.89,,prices.azure.com retail API
2026-08-03,Azure,southcentralus,Standard_NCC40ads_H100_v5,H100,,spot,1.798104,,prices.azure.com retail API
2026-08-03,Azure,southcentralus,Standard_ND40rs_v2,V100,8.0,ondemand,26.438,3.30475,prices.azure.com retail API
2026-08-03,Azure,southcentralus,Standard_ND40rs_v2,V100,8.0,spot,4.885742,0.61071775,prices.azure.com retail API
2026-08-03,Azure,southcentralus,Standard_ND40s_v2,P40,,ondemand,14.688,,prices.azure.com retail API
2026-08-03,Azure,southcentralus,Standard_ND40s_v2,P40,,spot,2.714342,,prices.azure.com retail API
2026-08-03,Azure,southcentralus,Standard_ND96ams_A100_v4,A100,8.0,ondemand,39.324,4.9155,prices.azure.com retail API
2026-08-03,Azure,southcentralus,Standard_ND96ams_A100_v4,A100,8.0,spot,10.22424,1.27803,prices.azure.com retail API
2026-08-03,Azure,southcentralus,Standard_ND96amsr_A100_v4,A100,8.0,ondemand,39.324,4.9155,prices.azure.com retail API
2026-08-03,Azure,southcentralus,Standard_ND96amsr_A100_v4,A100,8.0,spot,10.22424,1.27803,prices.azure.com retail API
2026-08-03,Azure,southcentralus,Standard_ND96asr_A100_v4,A100,,ondemand,32.63,,prices.azure.com retail API
2026-08-03,Azure,southcentralus,Standard_ND96asr_A100_v4,A100,,spot,7.198178,,prices.azure.com retail API
2026-08-03,Azure,southcentralus,Standard_ND96asr_v4,A100,8.0,ondemand,32.63,4.07875,prices.azure.com retail API
2026-08-03,Azure,southcentralus,Standard_ND96asr_v4,A100,8.0,spot,7.1786,0.897325,prices.azure.com retail API
2026-08-03,Azure,southcentralus,Standard_ND96is_H100_v5,H100,8.0,ondemand,106.171,13.271375,prices.azure.com retail API
2026-08-03,Azure,southcentralus,Standard_ND96is_H100_v5,H100,8.0,spot,19.620401,2.452550125,prices.azure.com retail API
2026-08-03,Azure,southcentralus,Standard_ND96is_flex_H100_v5,H100,,ondemand,106.186,,prices.azure.com retail API
2026-08-03,Azure,southcentralus,Standard_ND96is_flex_H100_v5,H100,,spot,19.623173,,prices.azure.com retail API
2026-08-03,Azure,southcentralus,Standard_ND96is_noIB_H100_v5,H100,,ondemand,106.171,,prices.azure.com retail API
2026-08-03,Azure,southcentralus,Standard_ND96is_noIB_H100_v5,H100,,spot,19.620401,,prices.azure.com retail API
2026-08-03,Azure,southcentralus,Standard_ND96isr_H100_v5,H100,8.0,ondemand,117.968,14.746,prices.azure.com retail API
2026-08-03,Azure,southcentralus,Standard_ND96isr_H100_v5,H100,8.0,spot,21.800486,2.72506075,prices.azure.com retail API
2026-08-03,Azure,southcentralus,Standard_NV12_Promo,M60,,ondemand,1.38,,prices.azure.com retail API
2026-08-03,Azure,southcentralus,Standard_NV12ads_A10_v5,A10,0.3333333333333333,ondemand,1.09,3.2700000000000005,prices.azure.com retail API
2026-08-03,Azure,southcentralus,Standard_NV12ads_A10_v5,A10,0.3333333333333333,spot,0.201432,0.604296,prices.azure.com retail API
2026-08-03,Azure,southcentralus,Standard_NV12s_v3,M60,,ondemand,1.368,,prices.azure.com retail API
2026-08-03,Azure,southcentralus,Standard_NV12s_v3,M60,,spot,0.252806,,prices.azure.com retail API
2026-08-03,Azure,southcentralus,Standard_NV16as_v4,MI25,,ondemand,1.118,,prices.azure.com retail API
2026-08-03,Azure,southcentralus,Standard_NV16as_v4,MI25,,spot,0.206606,,prices.azure.com retail API
2026-08-03,Azure,southcentralus,Standard_NV18ads_A10_v5,A10,0.5,ondemand,1.92,3.84,prices.azure.com retail API
2026-08-03,Azure,southcentralus,Standard_NV18ads_A10_v5,A10,0.5,spot,0.354816,0.709632,prices.azure.com retail API
2026-08-03,Azure,southcentralus,Standard_NV24_Promo,M60,,ondemand,2.76,,prices.azure.com retail API
2026-08-03,Azure,southcentralus,Standard_NV24s_v3,M60,,ondemand,2.736,,prices.azure.com retail API
2026-08-03,Azure,southcentralus,Standard_NV24s_v3,M60,,spot,0.505613,,prices.azure.com retail API
2026-08-03,Azure,southcentralus,Standard_NV32as_v4,MI25,,ondemand,2.237,,prices.azure.com retail API
2026-08-03,Azure,southcentralus,Standard_NV32as_v4,MI25,,spot,0.413398,,prices.azure.com retail API
2026-08-03,Azure,southcentralus,Standard_NV36adms_A10_v5,A10,1.0,ondemand,5.424,5.424,prices.azure.com retail API
2026-08-03,Azure,southcentralus,Standard_NV36adms_A10_v5,A10,1.0,spot,1.002355,1.002355,prices.azure.com retail API
2026-08-03,Azure,southcentralus,Standard_NV36ads_A10_v5,A10,1.0,ondemand,3.84,3.84,prices.azure.com retail API
2026-08-03,Azure,southcentralus,Standard_NV36ads_A10_v5,A10,1.0,spot,0.709632,0.709632,prices.azure.com retail API
2026-08-03,Azure,southcentralus,Standard_NV48s_v3,M60,,ondemand,5.472,,prices.azure.com retail API
2026-08-03,Azure,southcentralus,Standard_NV48s_v3,M60,,spot,1.011226,,prices.azure.com retail API
2026-08-03,Azure,southcentralus,Standard_NV4as_v4,MI25,,ondemand,0.28,,prices.azure.com retail API
2026-08-03,Azure,southcentralus,Standard_NV4as_v4,MI25,,spot,0.051744,,prices.azure.com retail API
2026-08-03,Azure,southcentralus,Standard_NV6_Promo,M60,,ondemand,0.69,,prices.azure.com retail API
2026-08-03,Azure,southcentralus,Standard_NV6ads_A10_v5,A10,0.16666666666666666,ondemand,0.545,3.2700000000000005,prices.azure.com retail API
2026-08-03,Azure,southcentralus,Standard_NV6ads_A10_v5,A10,0.16666666666666666,spot,0.100716,0.604296,prices.azure.com retail API
2026-08-03,Azure,southcentralus,Standard_NV72ads_A10_v5,A10,2.0,ondemand,7.824,3.912,prices.azure.com retail API
2026-08-03,Azure,southcentralus,Standard_NV72ads_A10_v5,A10,2.0,spot,1.445875,0.7229375,prices.azure.com retail API
2026-08-03,Azure,southcentralus,Standard_NV8as_v4,MI25,,ondemand,0.559,,prices.azure.com retail API
2026-08-03,Azure,southcentralus,Standard_NV8as_v4,MI25,,spot,0.103303,,prices.azure.com retail API
2026-08-03,Azure,southcentralus2,Standard_ND96isr_H200_v5,H200,8.0,ondemand,93.28,11.66,prices.azure.com retail API
2026-08-03,Azure,southcentralus2,Standard_ND96isr_H200_v5,H200,8.0,spot,93.28,11.66,prices.azure.com retail API
2026-08-03,Azure,southeastasia,Standard_NC12s_v3,V100,2.0,ondemand,8.468,4.234,prices.azure.com retail API
2026-08-03,Azure,southeastasia,Standard_NC12s_v3,V100,2.0,spot,1.564886,0.782443,prices.azure.com retail API
2026-08-03,Azure,southeastasia,Standard_NC16as_T4_v3,T4,1.0,ondemand,1.685,1.685,prices.azure.com retail API
2026-08-03,Azure,southeastasia,Standard_NC16as_T4_v3,T4,1.0,spot,0.48865,0.48865,prices.azure.com retail API
2026-08-03,Azure,southeastasia,Standard_NC24ads_A100_v4,A100,1.0,ondemand,4.775,4.775,prices.azure.com retail API
2026-08-03,Azure,southeastasia,Standard_NC24ads_A100_v4,A100,1.0,spot,0.88242,0.88242,prices.azure.com retail API
2026-08-03,Azure,southeastasia,Standard_NC24rs_v3,V100,4.0,ondemand,18.63,4.6575,prices.azure.com retail API
2026-08-03,Azure,southeastasia,Standard_NC24rs_v3,V100,4.0,spot,3.442824,0.860706,prices.azure.com retail API
2026-08-03,Azure,southeastasia,Standard_NC24s_v3,V100,4.0,ondemand,16.936,4.234,prices.azure.com retail API
2026-08-03,Azure,southeastasia,Standard_NC24s_v3,V100,4.0,spot,3.129773,0.78244325,prices.azure.com retail API
2026-08-03,Azure,southeastasia,Standard_NC40ads_H100_v5,H100,1.0,ondemand,9.074,9.074,prices.azure.com retail API
2026-08-03,Azure,southeastasia,Standard_NC40ads_H100_v5,H100,1.0,spot,2.278481,2.278481,prices.azure.com retail API
2026-08-03,Azure,southeastasia,Standard_NC48ads_A100_v4,A100,2.0,ondemand,9.55,4.775,prices.azure.com retail API
2026-08-03,Azure,southeastasia,Standard_NC48ads_A100_v4,A100,2.0,spot,1.76484,0.88242,prices.azure.com retail API
2026-08-03,Azure,southeastasia,Standard_NC4as_T4_v3,T4,1.0,ondemand,0.736,0.736,prices.azure.com retail API
2026-08-03,Azure,southeastasia,Standard_NC4as_T4_v3,T4,1.0,spot,0.21344,0.21344,prices.azure.com retail API
2026-08-03,Azure,southeastasia,Standard_NC64as_T4_v3,T4,4.0,ondemand,6.089,1.52225,prices.azure.com retail API
2026-08-03,Azure,southeastasia,Standard_NC64as_T4_v3,T4,4.0,spot,1.76581,0.4414525,prices.azure.com retail API
2026-08-03,Azure,southeastasia,Standard_NC6s_v3,V100,1.0,ondemand,4.234,4.234,prices.azure.com retail API
2026-08-03,Azure,southeastasia,Standard_NC6s_v3,V100,1.0,spot,0.782443,0.782443,prices.azure.com retail API
2026-08-03,Azure,southeastasia,Standard_NC80adis_H100_v5,H100,2.0,ondemand,18.148,9.074,prices.azure.com retail API
2026-08-03,Azure,southeastasia,Standard_NC80adis_H100_v5,H100,2.0,spot,4.556963,2.2784815,prices.azure.com retail API
2026-08-03,Azure,southeastasia,Standard_NC8as_T4_v3,T4,1.0,ondemand,1.052,1.052,prices.azure.com retail API
2026-08-03,Azure,southeastasia,Standard_NC8as_T4_v3,T4,1.0,spot,0.30508,0.30508,prices.azure.com retail API
2026-08-03,Azure,southeastasia,Standard_NC96ads_A100_v4,A100,4.0,ondemand,19.1,4.775,prices.azure.com retail API
2026-08-03,Azure,southeastasia,Standard_NC96ads_A100_v4,A100,4.0,spot,3.52968,0.88242,prices.azure.com retail API
2026-08-03,Azure,southeastasia,Standard_ND40rs_v2,V100,8.0,ondemand,30.492,3.8115,prices.azure.com retail API
2026-08-03,Azure,southeastasia,Standard_ND40rs_v2,V100,8.0,spot,5.634922,0.70436525,prices.azure.com retail API
2026-08-03,Azure,southeastasia,Standard_ND40s_v2,P40,,ondemand,23.366,,prices.azure.com retail API
2026-08-03,Azure,southeastasia,Standard_ND40s_v2,P40,,spot,4.318037,,prices.azure.com retail API
2026-08-03,Azure,southeastasia,Standard_ND96isr_H200_v5,H200,8.0,ondemand,110.24,13.78,prices.azure.com retail API
2026-08-03,Azure,southeastasia,Standard_ND96isr_H200_v5,H200,8.0,spot,110.24,13.78,prices.azure.com retail API
2026-08-03,Azure,southeastasia,Standard_NV12_Promo,M60,,ondemand,1.908,,prices.azure.com retail API
2026-08-03,Azure,southeastasia,Standard_NV12ads_A10_v5,A10,0.3333333333333333,ondemand,1.18,3.54,prices.azure.com retail API
2026-08-03,Azure,southeastasia,Standard_NV12ads_A10_v5,A10,0.3333333333333333,spot,0.218064,0.6541920000000001,prices.azure.com retail API
2026-08-03,Azure,southeastasia,Standard_NV12s_v3,M60,,ondemand,1.59,,prices.azure.com retail API
2026-08-03,Azure,southeastasia,Standard_NV12s_v3,M60,,spot,0.293832,,prices.azure.com retail API
2026-08-03,Azure,southeastasia,Standard_NV16as_v4,MI25,,ondemand,1.212,,prices.azure.com retail API
2026-08-03,Azure,southeastasia,Standard_NV16as_v4,MI25,,spot,0.223978,,prices.azure.com retail API
2026-08-03,Azure,southeastasia,Standard_NV18ads_A10_v5,A10,0.5,ondemand,2.08,4.16,prices.azure.com retail API
2026-08-03,Azure,southeastasia,Standard_NV18ads_A10_v5,A10,0.5,spot,0.384384,0.768768,prices.azure.com retail API
2026-08-03,Azure,southeastasia,Standard_NV24_Promo,M60,,ondemand,3.815,,prices.azure.com retail API
2026-08-03,Azure,southeastasia,Standard_NV24s_v3,M60,,ondemand,3.18,,prices.azure.com retail API
2026-08-03,Azure,southeastasia,Standard_NV24s_v3,M60,,spot,0.587664,,prices.azure.com retail API
2026-08-03,Azure,southeastasia,Standard_NV32as_v4,MI25,,ondemand,2.423,,prices.azure.com retail API
2026-08-03,Azure,southeastasia,Standard_NV32as_v4,MI25,,spot,0.44777,,prices.azure.com retail API
2026-08-03,Azure,southeastasia,Standard_NV36adms_A10_v5,A10,1.0,ondemand,5.876,5.876,prices.azure.com retail API
2026-08-03,Azure,southeastasia,Standard_NV36adms_A10_v5,A10,1.0,spot,1.085885,1.085885,prices.azure.com retail API
2026-08-03,Azure,southeastasia,Standard_NV36ads_A10_v5,A10,1.0,ondemand,4.16,4.16,prices.azure.com retail API
2026-08-03,Azure,southeastasia,Standard_NV36ads_A10_v5,A10,1.0,spot,0.768768,0.768768,prices.azure.com retail API
2026-08-03,Azure,southeastasia,Standard_NV48s_v3,M60,,ondemand,6.36,,prices.azure.com retail API
2026-08-03,Azure,southeastasia,Standard_NV48s_v3,M60,,spot,1.175328,,prices.azure.com retail API
2026-08-03,Azure,southeastasia,Standard_NV4as_v4,MI25,,ondemand,0.303,,prices.azure.com retail API
2026-08-03,Azure,southeastasia,Standard_NV4as_v4,MI25,,spot,0.055994,,prices.azure.com retail API
2026-08-03,Azure,southeastasia,Standard_NV6_Promo,M60,,ondemand,0.954,,prices.azure.com retail API
2026-08-03,Azure,southeastasia,Standard_NV6ads_A10_v5,A10,0.16666666666666666,ondemand,0.59,3.54,prices.azure.com retail API
2026-08-03,Azure,southeastasia,Standard_NV6ads_A10_v5,A10,0.16666666666666666,spot,0.109032,0.6541920000000001,prices.azure.com retail API
2026-08-03,Azure,southeastasia,Standard_NV72ads_A10_v5,A10,2.0,ondemand,8.476,4.238,prices.azure.com retail API
2026-08-03,Azure,southeastasia,Standard_NV72ads_A10_v5,A10,2.0,spot,1.566365,0.7831825,prices.azure.com retail API
2026-08-03,Azure,southeastasia,Standard_NV8as_v4,MI25,,ondemand,0.606,,prices.azure.com retail API
2026-08-03,Azure,southeastasia,Standard_NV8as_v4,MI25,,spot,0.111989,,prices.azure.com retail API
2026-08-03,Azure,southeastus,Standard_ND96is_flex_H100_v5,H100,,ondemand,115.034,,prices.azure.com retail API
2026-08-03,Azure,southeastus,Standard_ND96is_flex_H100_v5,H100,,spot,21.258283,,prices.azure.com retail API
2026-08-03,Azure,southeastus,Standard_ND96is_noIB_H100_v5,H100,,ondemand,115.034,,prices.azure.com retail API
2026-08-03,Azure,southeastus,Standard_ND96is_noIB_H100_v5,H100,,spot,21.258283,,prices.azure.com retail API
2026-08-03,Azure,southeastus,Standard_ND96isf_H100_v5,H100,,ondemand,115.034,,prices.azure.com retail API
2026-08-03,Azure,southeastus,Standard_ND96isf_H100_v5,H100,,spot,21.258283,,prices.azure.com retail API
2026-08-03,Azure,southeastus,Standard_ND96isrf_H100_v5,H100,,ondemand,127.816,,prices.azure.com retail API
2026-08-03,Azure,southeastus,Standard_ND96isrf_H100_v5,H100,,spot,23.620397,,prices.azure.com retail API
2026-08-03,Azure,southindia,Standard_NC16as_T4_v3,T4,1.0,ondemand,1.697,1.697,prices.azure.com retail API
2026-08-03,Azure,southindia,Standard_NC16as_T4_v3,T4,1.0,spot,0.49213,0.49213,prices.azure.com retail API
2026-08-03,Azure,southindia,Standard_NC4as_T4_v3,T4,1.0,ondemand,0.742,0.742,prices.azure.com retail API
2026-08-03,Azure,southindia,Standard_NC4as_T4_v3,T4,1.0,spot,0.21518,0.21518,prices.azure.com retail API
2026-08-03,Azure,southindia,Standard_NC64as_T4_v3,T4,4.0,ondemand,6.123,1.53075,prices.azure.com retail API
2026-08-03,Azure,southindia,Standard_NC64as_T4_v3,T4,4.0,spot,1.77567,0.4439175,prices.azure.com retail API
2026-08-03,Azure,southindia,Standard_NC8as_T4_v3,T4,1.0,ondemand,1.059,1.059,prices.azure.com retail API
2026-08-03,Azure,southindia,Standard_NC8as_T4_v3,T4,1.0,spot,0.30711,0.30711,prices.azure.com retail API
2026-08-03,Azure,southindia,Standard_ND128isr_NDR_GB200_v6,GB200,,ondemand,163.32,,prices.azure.com retail API
2026-08-03,Azure,southindia,Standard_ND128isr_NDR_GB200_v6,GB200,,spot,163.32,,prices.azure.com retail API
2026-08-03,Azure,southindia,Standard_ND96ams_A100_v4,A100,8.0,ondemand,49.483,6.185375,prices.azure.com retail API
2026-08-03,Azure,southindia,Standard_ND96ams_A100_v4,A100,8.0,spot,12.86558,1.6081975,prices.azure.com retail API
2026-08-03,Azure,southindia,Standard_ND96amsr_A100_v4,A100,8.0,ondemand,49.483,6.185375,prices.azure.com retail API
2026-08-03,Azure,southindia,Standard_ND96amsr_A100_v4,A100,8.0,spot,12.86558,1.6081975,prices.azure.com retail API
2026-08-03,Azure,spaincentral,Standard_NC16as_T4_v3,T4,1.0,ondemand,0.01,0.01,prices.azure.com retail API
2026-08-03,Azure,spaincentral,Standard_NC16as_T4_v3,T4,1.0,spot,0.002,0.002,prices.azure.com retail API
2026-08-03,Azure,spaincentral,Standard_NC24ads_A100_v4,A100,1.0,ondemand,4.775,4.775,prices.azure.com retail API
2026-08-03,Azure,spaincentral,Standard_NC24ads_A100_v4,A100,1.0,spot,0.88242,0.88242,prices.azure.com retail API
2026-08-03,Azure,spaincentral,Standard_NC40ads_H100_v5,H100,1.0,ondemand,9.074,9.074,prices.azure.com retail API
2026-08-03,Azure,spaincentral,Standard_NC40ads_H100_v5,H100,1.0,spot,2.797514,2.797514,prices.azure.com retail API
2026-08-03,Azure,spaincentral,Standard_NC48ads_A100_v4,A100,2.0,ondemand,9.55,4.775,prices.azure.com retail API
2026-08-03,Azure,spaincentral,Standard_NC48ads_A100_v4,A100,2.0,spot,1.76484,0.88242,prices.azure.com retail API
2026-08-03,Azure,spaincentral,Standard_NC4as_T4_v3,T4,1.0,ondemand,0.01,0.01,prices.azure.com retail API
2026-08-03,Azure,spaincentral,Standard_NC4as_T4_v3,T4,1.0,spot,0.002,0.002,prices.azure.com retail API
2026-08-03,Azure,spaincentral,Standard_NC64as_T4_v3,T4,4.0,ondemand,0.01,0.0025,prices.azure.com retail API
2026-08-03,Azure,spaincentral,Standard_NC64as_T4_v3,T4,4.0,spot,0.002,0.0005,prices.azure.com retail API
2026-08-03,Azure,spaincentral,Standard_NC80adis_H100_v5,H100,2.0,ondemand,18.148,9.074,prices.azure.com retail API
2026-08-03,Azure,spaincentral,Standard_NC80adis_H100_v5,H100,2.0,spot,5.595028,2.797514,prices.azure.com retail API
2026-08-03,Azure,spaincentral,Standard_NC8as_T4_v3,T4,1.0,ondemand,0.01,0.01,prices.azure.com retail API
2026-08-03,Azure,spaincentral,Standard_NC8as_T4_v3,T4,1.0,spot,0.002,0.002,prices.azure.com retail API
2026-08-03,Azure,spaincentral,Standard_NC96ads_A100_v4,A100,4.0,ondemand,19.1,4.775,prices.azure.com retail API
2026-08-03,Azure,spaincentral,Standard_NC96ads_A100_v4,A100,4.0,spot,3.52968,0.88242,prices.azure.com retail API
2026-08-03,Azure,spaincentral,Standard_ND128isr_NDR_GB200_v6,GB200,,ondemand,140.6,,prices.azure.com retail API
2026-08-03,Azure,spaincentral,Standard_ND128isr_NDR_GB200_v6,GB200,,spot,140.6,,prices.azure.com retail API
2026-08-03,Azure,spaincentral,Standard_ND96ams_A100_v4,A100,8.0,ondemand,40.962,5.12025,prices.azure.com retail API
2026-08-03,Azure,spaincentral,Standard_ND96ams_A100_v4,A100,8.0,spot,10.65012,1.331265,prices.azure.com retail API
2026-08-03,Azure,spaincentral,Standard_ND96amsr_A100_v4,A100,8.0,ondemand,40.962,5.12025,prices.azure.com retail API
2026-08-03,Azure,spaincentral,Standard_ND96amsr_A100_v4,A100,8.0,spot,10.65012,1.331265,prices.azure.com retail API
2026-08-03,Azure,spaincentral,Standard_ND96is_flex_H100_v5,H100,,ondemand,115.034,,prices.azure.com retail API
2026-08-03,Azure,spaincentral,Standard_ND96is_flex_H100_v5,H100,,spot,21.258283,,prices.azure.com retail API
2026-08-03,Azure,spaincentral,Standard_ND96is_noIB_H100_v5,H100,,ondemand,115.034,,prices.azure.com retail API
2026-08-03,Azure,spaincentral,Standard_ND96is_noIB_H100_v5,H100,,spot,21.258283,,prices.azure.com retail API
2026-08-03,Azure,spaincentral,Standard_ND96isf_H100_v5,H100,,ondemand,115.034,,prices.azure.com retail API
2026-08-03,Azure,spaincentral,Standard_ND96isf_H100_v5,H100,,spot,21.258283,,prices.azure.com retail API
2026-08-03,Azure,spaincentral,Standard_ND96isr_H100_v5,H100,8.0,ondemand,127.816,15.977,prices.azure.com retail API
2026-08-03,Azure,spaincentral,Standard_ND96isr_H100_v5,H100,8.0,spot,23.620397,2.952549625,prices.azure.com retail API
2026-08-03,Azure,spaincentral,Standard_ND96isr_H200_v5,H200,8.0,ondemand,110.24,13.78,prices.azure.com retail API
2026-08-03,Azure,spaincentral,Standard_ND96isr_H200_v5,H200,8.0,spot,110.24,13.78,prices.azure.com retail API
2026-08-03,Azure,spaincentral,Standard_ND96isrf_H100_v5,H100,,ondemand,127.816,,prices.azure.com retail API
2026-08-03,Azure,spaincentral,Standard_ND96isrf_H100_v5,H100,,spot,23.620397,,prices.azure.com retail API
2026-08-03,Azure,spaincentral,Standard_NV12ads_A10_v5,A10,0.3333333333333333,ondemand,1.18,3.54,prices.azure.com retail API
2026-08-03,Azure,spaincentral,Standard_NV12ads_A10_v5,A10,0.3333333333333333,spot,0.218064,0.6541920000000001,prices.azure.com retail API
2026-08-03,Azure,spaincentral,Standard_NV16as_v4,MI25,,ondemand,1.212,,prices.azure.com retail API
2026-08-03,Azure,spaincentral,Standard_NV16as_v4,MI25,,spot,0.223978,,prices.azure.com retail API
2026-08-03,Azure,spaincentral,Standard_NV18ads_A10_v5,A10,0.5,ondemand,2.08,4.16,prices.azure.com retail API
2026-08-03,Azure,spaincentral,Standard_NV18ads_A10_v5,A10,0.5,spot,0.384384,0.768768,prices.azure.com retail API
2026-08-03,Azure,spaincentral,Standard_NV32as_v4,MI25,,ondemand,2.423,,prices.azure.com retail API
2026-08-03,Azure,spaincentral,Standard_NV32as_v4,MI25,,spot,0.44777,,prices.azure.com retail API
2026-08-03,Azure,spaincentral,Standard_NV36adms_A10_v5,A10,1.0,ondemand,5.876,5.876,prices.azure.com retail API
2026-08-03,Azure,spaincentral,Standard_NV36adms_A10_v5,A10,1.0,spot,1.085885,1.085885,prices.azure.com retail API
2026-08-03,Azure,spaincentral,Standard_NV36ads_A10_v5,A10,1.0,ondemand,4.16,4.16,prices.azure.com retail API
2026-08-03,Azure,spaincentral,Standard_NV36ads_A10_v5,A10,1.0,spot,0.768768,0.768768,prices.azure.com retail API
2026-08-03,Azure,spaincentral,Standard_NV4as_v4,MI25,,ondemand,0.303,,prices.azure.com retail API
2026-08-03,Azure,spaincentral,Standard_NV4as_v4,MI25,,spot,0.055994,,prices.azure.com retail API
2026-08-03,Azure,spaincentral,Standard_NV6ads_A10_v5,A10,0.16666666666666666,ondemand,0.59,3.54,prices.azure.com retail API
2026-08-03,Azure,spaincentral,Standard_NV6ads_A10_v5,A10,0.16666666666666666,spot,0.109032,0.6541920000000001,prices.azure.com retail API
2026-08-03,Azure,spaincentral,Standard_NV72ads_A10_v5,A10,2.0,ondemand,8.476,4.238,prices.azure.com retail API
2026-08-03,Azure,spaincentral,Standard_NV72ads_A10_v5,A10,2.0,spot,1.566365,0.7831825,prices.azure.com retail API
2026-08-03,Azure,spaincentral,Standard_NV8as_v4,MI25,,ondemand,0.606,,prices.azure.com retail API
2026-08-03,Azure,spaincentral,Standard_NV8as_v4,MI25,,spot,0.111989,,prices.azure.com retail API
2026-08-03,Azure,swedencentral,Standard_NC16as_T4_v3,T4,1.0,ondemand,1.276,1.276,prices.azure.com retail API
2026-08-03,Azure,swedencentral,Standard_NC16as_T4_v3,T4,1.0,spot,0.37004,0.37004,prices.azure.com retail API
2026-08-03,Azure,swedencentral,Standard_NC24ads_A100_v4,A100,1.0,ondemand,4.775,4.775,prices.azure.com retail API
2026-08-03,Azure,swedencentral,Standard_NC24ads_A100_v4,A100,1.0,spot,1.830735,1.830735,prices.azure.com retail API
2026-08-03,Azure,swedencentral,Standard_NC40ads_H100_v5,H100,1.0,ondemand,9.074,9.074,prices.azure.com retail API
2026-08-03,Azure,swedencentral,Standard_NC40ads_H100_v5,H100,1.0,spot,3.344676,3.344676,prices.azure.com retail API
2026-08-03,Azure,swedencentral,Standard_NC48ads_A100_v4,A100,2.0,ondemand,9.55,4.775,prices.azure.com retail API
2026-08-03,Azure,swedencentral,Standard_NC48ads_A100_v4,A100,2.0,spot,3.66147,1.830735,prices.azure.com retail API
2026-08-03,Azure,swedencentral,Standard_NC4as_T4_v3,T4,1.0,ondemand,0.558,0.558,prices.azure.com retail API
2026-08-03,Azure,swedencentral,Standard_NC4as_T4_v3,T4,1.0,spot,0.16182,0.16182,prices.azure.com retail API
2026-08-03,Azure,swedencentral,Standard_NC64as_T4_v3,T4,4.0,ondemand,4.603,1.15075,prices.azure.com retail API
2026-08-03,Azure,swedencentral,Standard_NC64as_T4_v3,T4,4.0,spot,1.33487,0.3337175,prices.azure.com retail API
2026-08-03,Azure,swedencentral,Standard_NC80adis_H100_v5,H100,2.0,ondemand,18.148,9.074,prices.azure.com retail API
2026-08-03,Azure,swedencentral,Standard_NC80adis_H100_v5,H100,2.0,spot,6.689353,3.3446765,prices.azure.com retail API
2026-08-03,Azure,swedencentral,Standard_NC8as_T4_v3,T4,1.0,ondemand,0.796,0.796,prices.azure.com retail API
2026-08-03,Azure,swedencentral,Standard_NC8as_T4_v3,T4,1.0,spot,0.23084,0.23084,prices.azure.com retail API
2026-08-03,Azure,swedencentral,Standard_NC96ads_A100_v4,A100,4.0,ondemand,19.1,4.775,prices.azure.com retail API
2026-08-03,Azure,swedencentral,Standard_NC96ads_A100_v4,A100,4.0,spot,7.32294,1.830735,prices.azure.com retail API
2026-08-03,Azure,swedencentral,Standard_ND40s_v2,P40,,ondemand,12.24,,prices.azure.com retail API
2026-08-03,Azure,swedencentral,Standard_ND40s_v2,P40,,spot,2.261952,,prices.azure.com retail API
2026-08-03,Azure,swedencentral,Standard_ND96ams_A100_v4,A100,8.0,ondemand,40.962,5.12025,prices.azure.com retail API
2026-08-03,Azure,swedencentral,Standard_ND96ams_A100_v4,A100,8.0,spot,10.65012,1.331265,prices.azure.com retail API
2026-08-03,Azure,swedencentral,Standard_ND96amsr_A100_v4,A100,8.0,ondemand,40.962,5.12025,prices.azure.com retail API
2026-08-03,Azure,swedencentral,Standard_ND96amsr_A100_v4,A100,8.0,spot,10.65012,1.331265,prices.azure.com retail API
2026-08-03,Azure,swedencentral,Standard_ND96is_H100_v5,H100,8.0,ondemand,115.034,14.37925,prices.azure.com retail API
2026-08-03,Azure,swedencentral,Standard_ND96is_H100_v5,H100,8.0,spot,21.258283,2.657285375,prices.azure.com retail API
2026-08-03,Azure,swedencentral,Standard_ND96is_MI300X_v5,MI300X,,ondemand,67.2,,prices.azure.com retail API
2026-08-03,Azure,swedencentral,Standard_ND96is_MI300X_v5,MI300X,,spot,12.41856,,prices.azure.com retail API
2026-08-03,Azure,swedencentral,Standard_ND96is_flex_H100_v5,H100,,ondemand,115.034,,prices.azure.com retail API
2026-08-03,Azure,swedencentral,Standard_ND96is_flex_H100_v5,H100,,spot,21.258283,,prices.azure.com retail API
2026-08-03,Azure,swedencentral,Standard_ND96is_noIB_H100_v5,H100,,ondemand,115.034,,prices.azure.com retail API
2026-08-03,Azure,swedencentral,Standard_ND96is_noIB_H100_v5,H100,,spot,21.258283,,prices.azure.com retail API
2026-08-03,Azure,swedencentral,Standard_ND96isf_H100_v5,H100,,ondemand,115.034,,prices.azure.com retail API
2026-08-03,Azure,swedencentral,Standard_ND96isf_H100_v5,H100,,spot,21.258283,,prices.azure.com retail API
2026-08-03,Azure,swedencentral,Standard_ND96isr_H100_v5,H100,8.0,ondemand,127.816,15.977,prices.azure.com retail API
2026-08-03,Azure,swedencentral,Standard_ND96isr_H100_v5,H100,8.0,spot,23.620397,2.952549625,prices.azure.com retail API
2026-08-03,Azure,swedencentral,Standard_ND96isr_H200_v5,H200,8.0,ondemand,110.272,13.784,prices.azure.com retail API
2026-08-03,Azure,swedencentral,Standard_ND96isr_H200_v5,H200,8.0,spot,110.272,13.784,prices.azure.com retail API
2026-08-03,Azure,swedencentral,Standard_ND96isr_MI300X_v5,MI300X,8.0,ondemand,67.2,8.4,prices.azure.com retail API
2026-08-03,Azure,swedencentral,Standard_ND96isr_MI300X_v5,MI300X,8.0,spot,12.41856,1.55232,prices.azure.com retail API
2026-08-03,Azure,swedencentral,Standard_ND96isrf_H100_v5,H100,,ondemand,127.816,,prices.azure.com retail API
2026-08-03,Azure,swedencentral,Standard_ND96isrf_H100_v5,H100,,spot,23.620397,,prices.azure.com retail API
2026-08-03,Azure,swedencentral,Standard_NG16ads_V620_v1,V620,,ondemand,1.651,,prices.azure.com retail API
2026-08-03,Azure,swedencentral,Standard_NG16ads_V620_v1,V620,,spot,0.305105,,prices.azure.com retail API
2026-08-03,Azure,swedencentral,Standard_NG32adms_V620,V620,,ondemand,4.293,,prices.azure.com retail API
2026-08-03,Azure,swedencentral,Standard_NG32adms_V620,V620,,spot,0.793346,,prices.azure.com retail API
2026-08-03,Azure,swedencentral,Standard_NG32ads_V620_v1,V620,,ondemand,3.302,,prices.azure.com retail API
2026-08-03,Azure,swedencentral,Standard_NG32ads_V620_v1,V620,,spot,0.61021,,prices.azure.com retail API
2026-08-03,Azure,swedencentral,Standard_NG8ads_V620_v1,V620,,ondemand,0.826,,prices.azure.com retail API
2026-08-03,Azure,swedencentral,Standard_NG8ads_V620_v1,V620,,spot,0.152645,,prices.azure.com retail API
2026-08-03,Azure,swedencentral,Standard_NV12ads_A10_v5,A10,0.3333333333333333,ondemand,1.18,3.54,prices.azure.com retail API
2026-08-03,Azure,swedencentral,Standard_NV12ads_A10_v5,A10,0.3333333333333333,spot,0.218064,0.6541920000000001,prices.azure.com retail API
2026-08-03,Azure,swedencentral,Standard_NV16as_v4,MI25,,ondemand,1.305,,prices.azure.com retail API
2026-08-03,Azure,swedencentral,Standard_NV16as_v4,MI25,,spot,0.241164,,prices.azure.com retail API
2026-08-03,Azure,swedencentral,Standard_NV18ads_A10_v5,A10,0.5,ondemand,2.08,4.16,prices.azure.com retail API
2026-08-03,Azure,swedencentral,Standard_NV18ads_A10_v5,A10,0.5,spot,0.384384,0.768768,prices.azure.com retail API
2026-08-03,Azure,swedencentral,Standard_NV32as_v4,MI25,,ondemand,2.61,,prices.azure.com retail API
2026-08-03,Azure,swedencentral,Standard_NV32as_v4,MI25,,spot,0.482328,,prices.azure.com retail API
2026-08-03,Azure,swedencentral,Standard_NV36adms_A10_v5,A10,1.0,ondemand,5.876,5.876,prices.azure.com retail API
2026-08-03,Azure,swedencentral,Standard_NV36adms_A10_v5,A10,1.0,spot,1.085885,1.085885,prices.azure.com retail API
2026-08-03,Azure,swedencentral,Standard_NV36ads_A10_v5,A10,1.0,ondemand,4.16,4.16,prices.azure.com retail API
2026-08-03,Azure,swedencentral,Standard_NV36ads_A10_v5,A10,1.0,spot,0.768768,0.768768,prices.azure.com retail API
2026-08-03,Azure,swedencentral,Standard_NV4as_v4,MI25,,ondemand,0.326,,prices.azure.com retail API
2026-08-03,Azure,swedencentral,Standard_NV4as_v4,MI25,,spot,0.060245,,prices.azure.com retail API
2026-08-03,Azure,swedencentral,Standard_NV6ads_A10_v5,A10,0.16666666666666666,ondemand,0.59,3.54,prices.azure.com retail API
2026-08-03,Azure,swedencentral,Standard_NV6ads_A10_v5,A10,0.16666666666666666,spot,0.109032,0.6541920000000001,prices.azure.com retail API
2026-08-03,Azure,swedencentral,Standard_NV72ads_A10_v5,A10,2.0,ondemand,8.476,4.238,prices.azure.com retail API
2026-08-03,Azure,swedencentral,Standard_NV72ads_A10_v5,A10,2.0,spot,1.566365,0.7831825,prices.azure.com retail API
2026-08-03,Azure,swedencentral,Standard_NV8as_v4,MI25,,ondemand,0.652,,prices.azure.com retail API
2026-08-03,Azure,swedencentral,Standard_NV8as_v4,MI25,,spot,0.12049,,prices.azure.com retail API
2026-08-03,Azure,switzerlandnorth,Standard_NC12s_v3,V100,2.0,ondemand,8.411,4.2055,prices.azure.com retail API
2026-08-03,Azure,switzerlandnorth,Standard_NC12s_v3,V100,2.0,spot,1.554353,0.7771765,prices.azure.com retail API
2026-08-03,Azure,switzerlandnorth,Standard_NC24ads_A100_v4,A100,1.0,ondemand,5.252,5.252,prices.azure.com retail API
2026-08-03,Azure,switzerlandnorth,Standard_NC24ads_A100_v4,A100,1.0,spot,0.97057,0.97057,prices.azure.com retail API
2026-08-03,Azure,switzerlandnorth,Standard_NC24rs_v3,V100,4.0,ondemand,18.503,4.62575,prices.azure.com retail API
2026-08-03,Azure,switzerlandnorth,Standard_NC24rs_v3,V100,4.0,spot,3.419354,0.8548385,prices.azure.com retail API
2026-08-03,Azure,switzerlandnorth,Standard_NC24s_v3,V100,4.0,ondemand,16.821,4.20525,prices.azure.com retail API
2026-08-03,Azure,switzerlandnorth,Standard_NC24s_v3,V100,4.0,spot,3.108521,0.77713025,prices.azure.com retail API
2026-08-03,Azure,switzerlandnorth,Standard_NC40ads_H100_v5,H100,1.0,ondemand,9.981,9.981,prices.azure.com retail API
2026-08-03,Azure,switzerlandnorth,Standard_NC40ads_H100_v5,H100,1.0,spot,3.386553,3.386553,prices.azure.com retail API
2026-08-03,Azure,switzerlandnorth,Standard_NC48ads_A100_v4,A100,2.0,ondemand,10.505,5.2525,prices.azure.com retail API
2026-08-03,Azure,switzerlandnorth,Standard_NC48ads_A100_v4,A100,2.0,spot,1.941324,0.970662,prices.azure.com retail API
2026-08-03,Azure,switzerlandnorth,Standard_NC6s_v3,V100,1.0,ondemand,4.205,4.205,prices.azure.com retail API
2026-08-03,Azure,switzerlandnorth,Standard_NC6s_v3,V100,1.0,spot,0.777084,0.777084,prices.azure.com retail API
2026-08-03,Azure,switzerlandnorth,Standard_NC80adis_H100_v5,H100,2.0,ondemand,19.963,9.9815,prices.azure.com retail API
2026-08-03,Azure,switzerlandnorth,Standard_NC80adis_H100_v5,H100,2.0,spot,6.773446,3.386723,prices.azure.com retail API
2026-08-03,Azure,switzerlandnorth,Standard_NC96ads_A100_v4,A100,4.0,ondemand,21.01,5.2525,prices.azure.com retail API
2026-08-03,Azure,switzerlandnorth,Standard_NC96ads_A100_v4,A100,4.0,spot,3.882648,0.970662,prices.azure.com retail API
2026-08-03,Azure,switzerlandnorth,Standard_ND96ams_A100_v4,A100,8.0,ondemand,46.861,5.857625,prices.azure.com retail API
2026-08-03,Azure,switzerlandnorth,Standard_ND96ams_A100_v4,A100,8.0,spot,12.18386,1.5229825,prices.azure.com retail API
2026-08-03,Azure,switzerlandnorth,Standard_ND96amsr_A100_v4,A100,8.0,ondemand,46.861,5.857625,prices.azure.com retail API
2026-08-03,Azure,switzerlandnorth,Standard_ND96amsr_A100_v4,A100,8.0,spot,12.18386,1.5229825,prices.azure.com retail API
2026-08-03,Azure,switzerlandnorth,Standard_ND96is_H100_v5,H100,8.0,ondemand,126.538,15.81725,prices.azure.com retail API
2026-08-03,Azure,switzerlandnorth,Standard_ND96is_H100_v5,H100,8.0,spot,23.384222,2.92302775,prices.azure.com retail API
2026-08-03,Azure,switzerlandnorth,Standard_ND96isr_H100_v5,H100,8.0,ondemand,140.598,17.57475,prices.azure.com retail API
2026-08-03,Azure,switzerlandnorth,Standard_ND96isr_H100_v5,H100,8.0,spot,25.98251,3.24781375,prices.azure.com retail API
2026-08-03,Azure,switzerlandnorth,Standard_NV12ads_A10_v5,A10,0.3333333333333333,ondemand,1.298,3.894,prices.azure.com retail API
2026-08-03,Azure,switzerlandnorth,Standard_NV12ads_A10_v5,A10,0.3333333333333333,spot,0.23987,0.7196100000000001,prices.azure.com retail API
2026-08-03,Azure,switzerlandnorth,Standard_NV12s_v3,M60,,ondemand,1.569,,prices.azure.com retail API
2026-08-03,Azure,switzerlandnorth,Standard_NV12s_v3,M60,,spot,0.289951,,prices.azure.com retail API
2026-08-03,Azure,switzerlandnorth,Standard_NV18ads_A10_v5,A10,0.5,ondemand,2.288,4.576,prices.azure.com retail API
2026-08-03,Azure,switzerlandnorth,Standard_NV18ads_A10_v5,A10,0.5,spot,0.422822,0.845644,prices.azure.com retail API
2026-08-03,Azure,switzerlandnorth,Standard_NV24s_v3,M60,,ondemand,3.135,,prices.azure.com retail API
2026-08-03,Azure,switzerlandnorth,Standard_NV24s_v3,M60,,spot,0.579348,,prices.azure.com retail API
2026-08-03,Azure,switzerlandnorth,Standard_NV36adms_A10_v5,A10,1.0,ondemand,6.464,6.464,prices.azure.com retail API
2026-08-03,Azure,switzerlandnorth,Standard_NV36adms_A10_v5,A10,1.0,spot,1.194547,1.194547,prices.azure.com retail API
2026-08-03,Azure,switzerlandnorth,Standard_NV36ads_A10_v5,A10,1.0,ondemand,4.576,4.576,prices.azure.com retail API
2026-08-03,Azure,switzerlandnorth,Standard_NV36ads_A10_v5,A10,1.0,spot,0.845645,0.845645,prices.azure.com retail API
2026-08-03,Azure,switzerlandnorth,Standard_NV48s_v3,M60,,ondemand,6.27,,prices.azure.com retail API
2026-08-03,Azure,switzerlandnorth,Standard_NV48s_v3,M60,,spot,1.158696,,prices.azure.com retail API
2026-08-03,Azure,switzerlandnorth,Standard_NV6ads_A10_v5,A10,0.16666666666666666,ondemand,0.649,3.894,prices.azure.com retail API
2026-08-03,Azure,switzerlandnorth,Standard_NV6ads_A10_v5,A10,0.16666666666666666,spot,0.119935,0.7196100000000001,prices.azure.com retail API
2026-08-03,Azure,switzerlandnorth,Standard_NV72ads_A10_v5,A10,2.0,ondemand,9.324,4.662,prices.azure.com retail API
2026-08-03,Azure,switzerlandnorth,Standard_NV72ads_A10_v5,A10,2.0,spot,1.723075,0.8615375,prices.azure.com retail API
2026-08-03,Azure,switzerlandwest,Standard_ND96ams_A100_v4,A100,8.0,ondemand,60.919,7.614875,prices.azure.com retail API
2026-08-03,Azure,switzerlandwest,Standard_ND96ams_A100_v4,A100,8.0,spot,15.83894,1.9798675,prices.azure.com retail API
2026-08-03,Azure,switzerlandwest,Standard_ND96amsr_A100_v4,A100,8.0,ondemand,60.919,7.614875,prices.azure.com retail API
2026-08-03,Azure,switzerlandwest,Standard_ND96amsr_A100_v4,A100,8.0,spot,15.83894,1.9798675,prices.azure.com retail API
2026-08-03,Azure,uaecentral,Standard_ND128isr_NDR_GB200_v6,GB200,,ondemand,201.16,,prices.azure.com retail API
2026-08-03,Azure,uaecentral,Standard_ND128isr_NDR_GB200_v6,GB200,,spot,201.16,,prices.azure.com retail API
2026-08-03,Azure,uaecentral,Standard_ND96ams_A100_v4,A100,8.0,ondemand,60.919,7.614875,prices.azure.com retail API
2026-08-03,Azure,uaecentral,Standard_ND96ams_A100_v4,A100,8.0,spot,15.83894,1.9798675,prices.azure.com retail API
2026-08-03,Azure,uaecentral,Standard_ND96amsr_A100_v4,A100,8.0,ondemand,60.919,7.614875,prices.azure.com retail API
2026-08-03,Azure,uaecentral,Standard_ND96amsr_A100_v4,A100,8.0,spot,15.83894,1.9798675,prices.azure.com retail API
2026-08-03,Azure,uaenorth,Standard_NC40ads_H100_v5,H100,1.0,ondemand,9.98,9.98,prices.azure.com retail API
2026-08-03,Azure,uaenorth,Standard_NC40ads_H100_v5,H100,1.0,spot,1.844304,1.844304,prices.azure.com retail API
2026-08-03,Azure,uaenorth,Standard_NC80adis_H100_v5,H100,2.0,ondemand,19.96,9.98,prices.azure.com retail API
2026-08-03,Azure,uaenorth,Standard_NC80adis_H100_v5,H100,2.0,spot,3.688608,1.844304,prices.azure.com retail API
2026-08-03,Azure,uaenorth,Standard_ND96ams_A100_v4,A100,8.0,ondemand,46.861,5.857625,prices.azure.com retail API
2026-08-03,Azure,uaenorth,Standard_ND96ams_A100_v4,A100,8.0,spot,12.18386,1.5229825,prices.azure.com retail API
2026-08-03,Azure,uaenorth,Standard_ND96amsr_A100_v4,A100,8.0,ondemand,46.861,5.857625,prices.azure.com retail API
2026-08-03,Azure,uaenorth,Standard_ND96amsr_A100_v4,A100,8.0,spot,12.18386,1.5229825,prices.azure.com retail API
2026-08-03,Azure,uaenorth,Standard_ND96is_H100_v5,H100,8.0,ondemand,126.538,15.81725,prices.azure.com retail API
2026-08-03,Azure,uaenorth,Standard_ND96is_H100_v5,H100,8.0,spot,23.384222,2.92302775,prices.azure.com retail API
2026-08-03,Azure,uaenorth,Standard_ND96is_MI300X_v5,MI300X,,ondemand,68.64,,prices.azure.com retail API
2026-08-03,Azure,uaenorth,Standard_ND96is_MI300X_v5,MI300X,,spot,12.684672,,prices.azure.com retail API
2026-08-03,Azure,uaenorth,Standard_ND96isr_H100_v5,H100,8.0,ondemand,140.598,17.57475,prices.azure.com retail API
2026-08-03,Azure,uaenorth,Standard_ND96isr_H100_v5,H100,8.0,spot,25.98251,3.24781375,prices.azure.com retail API
2026-08-03,Azure,uaenorth,Standard_ND96isr_H200_v5,H200,8.0,ondemand,121.264,15.158,prices.azure.com retail API
2026-08-03,Azure,uaenorth,Standard_ND96isr_H200_v5,H200,8.0,spot,121.264,15.158,prices.azure.com retail API
2026-08-03,Azure,uaenorth,Standard_ND96isr_MI300X_v5,MI300X,8.0,ondemand,68.64,8.58,prices.azure.com retail API
2026-08-03,Azure,uaenorth,Standard_ND96isr_MI300X_v5,MI300X,8.0,spot,12.684672,1.585584,prices.azure.com retail API
2026-08-03,Azure,uaenorth,Standard_NV12ads_A10_v5,A10,0.3333333333333333,ondemand,1.298,3.894,prices.azure.com retail API
2026-08-03,Azure,uaenorth,Standard_NV12ads_A10_v5,A10,0.3333333333333333,spot,0.23987,0.7196100000000001,prices.azure.com retail API
2026-08-03,Azure,uaenorth,Standard_NV12s_v3,M60,,ondemand,1.391,,prices.azure.com retail API
2026-08-03,Azure,uaenorth,Standard_NV12s_v3,M60,,spot,0.257057,,prices.azure.com retail API
2026-08-03,Azure,uaenorth,Standard_NV18ads_A10_v5,A10,0.5,ondemand,2.288,4.576,prices.azure.com retail API
2026-08-03,Azure,uaenorth,Standard_NV18ads_A10_v5,A10,0.5,spot,0.422822,0.845644,prices.azure.com retail API
2026-08-03,Azure,uaenorth,Standard_NV24s_v3,M60,,ondemand,2.782,,prices.azure.com retail API
2026-08-03,Azure,uaenorth,Standard_NV24s_v3,M60,,spot,0.514114,,prices.azure.com retail API
2026-08-03,Azure,uaenorth,Standard_NV36adms_A10_v5,A10,1.0,ondemand,6.464,6.464,prices.azure.com retail API
2026-08-03,Azure,uaenorth,Standard_NV36adms_A10_v5,A10,1.0,spot,1.194547,1.194547,prices.azure.com retail API
2026-08-03,Azure,uaenorth,Standard_NV36ads_A10_v5,A10,1.0,ondemand,4.576,4.576,prices.azure.com retail API
2026-08-03,Azure,uaenorth,Standard_NV36ads_A10_v5,A10,1.0,spot,0.845645,0.845645,prices.azure.com retail API
2026-08-03,Azure,uaenorth,Standard_NV48s_v3,M60,,ondemand,5.563,,prices.azure.com retail API
2026-08-03,Azure,uaenorth,Standard_NV48s_v3,M60,,spot,1.028042,,prices.azure.com retail API
2026-08-03,Azure,uaenorth,Standard_NV6ads_A10_v5,A10,0.16666666666666666,ondemand,0.649,3.894,prices.azure.com retail API
2026-08-03,Azure,uaenorth,Standard_NV6ads_A10_v5,A10,0.16666666666666666,spot,0.119935,0.7196100000000001,prices.azure.com retail API
2026-08-03,Azure,uaenorth,Standard_NV72ads_A10_v5,A10,2.0,ondemand,9.324,4.662,prices.azure.com retail API
2026-08-03,Azure,uaenorth,Standard_NV72ads_A10_v5,A10,2.0,spot,1.723075,0.8615375,prices.azure.com retail API
2026-08-03,Azure,uksouth,Standard_NC12_Promo,K80,,ondemand,1.129,,prices.azure.com retail API
2026-08-03,Azure,uksouth,Standard_NC12s_v3,V100,2.0,ondemand,7.178,3.589,prices.azure.com retail API
2026-08-03,Azure,uksouth,Standard_NC12s_v3,V100,2.0,spot,1.326494,0.663247,prices.azure.com retail API
2026-08-03,Azure,uksouth,Standard_NC16as_T4_v3,T4,1.0,ondemand,1.409,1.409,prices.azure.com retail API
2026-08-03,Azure,uksouth,Standard_NC16as_T4_v3,T4,1.0,spot,0.51668,0.51668,prices.azure.com retail API
2026-08-03,Azure,uksouth,Standard_NC24_Promo,K80,,ondemand,2.257,,prices.azure.com retail API
2026-08-03,Azure,uksouth,Standard_NC24ads_A100_v4,A100,1.0,ondemand,4.591,4.591,prices.azure.com retail API
2026-08-03,Azure,uksouth,Standard_NC24ads_A100_v4,A100,1.0,spot,0.848417,0.848417,prices.azure.com retail API
2026-08-03,Azure,uksouth,Standard_NC24r_Promo,K80,,ondemand,2.484,,prices.azure.com retail API
2026-08-03,Azure,uksouth,Standard_NC24rs_v3,V100,4.0,ondemand,15.792,3.948,prices.azure.com retail API
2026-08-03,Azure,uksouth,Standard_NC24rs_v3,V100,4.0,spot,2.918362,0.7295905,prices.azure.com retail API
2026-08-03,Azure,uksouth,Standard_NC24s_v3,V100,4.0,ondemand,14.356,3.589,prices.azure.com retail API
2026-08-03,Azure,uksouth,Standard_NC24s_v3,V100,4.0,spot,2.652989,0.66324725,prices.azure.com retail API
2026-08-03,Azure,uksouth,Standard_NC40ads_H100_v5,H100,1.0,ondemand,8.725,8.725,prices.azure.com retail API
2026-08-03,Azure,uksouth,Standard_NC40ads_H100_v5,H100,1.0,spot,2.058228,2.058228,prices.azure.com retail API
2026-08-03,Azure,uksouth,Standard_NC48ads_A100_v4,A100,2.0,ondemand,9.183,4.5915,prices.azure.com retail API
2026-08-03,Azure,uksouth,Standard_NC48ads_A100_v4,A100,2.0,spot,1.697018,0.848509,prices.azure.com retail API
2026-08-03,Azure,uksouth,Standard_NC4as_T4_v3,T4,1.0,ondemand,0.615,0.615,prices.azure.com retail API
2026-08-03,Azure,uksouth,Standard_NC4as_T4_v3,T4,1.0,spot,0.22552,0.22552,prices.azure.com retail API
2026-08-03,Azure,uksouth,Standard_NC64as_T4_v3,T4,4.0,ondemand,5.092,1.273,prices.azure.com retail API
2026-08-03,Azure,uksouth,Standard_NC64as_T4_v3,T4,4.0,spot,1.867236,0.466809,prices.azure.com retail API
2026-08-03,Azure,uksouth,Standard_NC6_Promo,K80,,ondemand,0.564,,prices.azure.com retail API
2026-08-03,Azure,uksouth,Standard_NC6s_v3,V100,1.0,ondemand,3.589,3.589,prices.azure.com retail API
2026-08-03,Azure,uksouth,Standard_NC6s_v3,V100,1.0,spot,0.663247,0.663247,prices.azure.com retail API
2026-08-03,Azure,uksouth,Standard_NC80adis_H100_v5,H100,2.0,ondemand,17.45,8.725,prices.azure.com retail API
2026-08-03,Azure,uksouth,Standard_NC80adis_H100_v5,H100,2.0,spot,4.116455,2.0582275,prices.azure.com retail API
2026-08-03,Azure,uksouth,Standard_NC8as_T4_v3,T4,1.0,ondemand,0.88,0.88,prices.azure.com retail API
2026-08-03,Azure,uksouth,Standard_NC8as_T4_v3,T4,1.0,spot,0.322696,0.322696,prices.azure.com retail API
2026-08-03,Azure,uksouth,Standard_NC96ads_A100_v4,A100,4.0,ondemand,18.365,4.59125,prices.azure.com retail API
2026-08-03,Azure,uksouth,Standard_NC96ads_A100_v4,A100,4.0,spot,3.393852,0.848463,prices.azure.com retail API
2026-08-03,Azure,uksouth,Standard_ND128isr_NDR_GB200_v6,GB200,,ondemand,135.2,,prices.azure.com retail API
2026-08-03,Azure,uksouth,Standard_ND128isr_NDR_GB200_v6,GB200,,spot,135.2,,prices.azure.com retail API
2026-08-03,Azure,uksouth,Standard_ND96ams_A100_v4,A100,8.0,ondemand,40.962,5.12025,prices.azure.com retail API
2026-08-03,Azure,uksouth,Standard_ND96ams_A100_v4,A100,8.0,spot,10.65012,1.331265,prices.azure.com retail API
2026-08-03,Azure,uksouth,Standard_ND96amsr_A100_v4,A100,8.0,ondemand,40.962,5.12025,prices.azure.com retail API
2026-08-03,Azure,uksouth,Standard_ND96amsr_A100_v4,A100,8.0,spot,10.65012,1.331265,prices.azure.com retail API
2026-08-03,Azure,uksouth,Standard_ND96is_H100_v5,H100,8.0,ondemand,110.61,13.82625,prices.azure.com retail API
2026-08-03,Azure,uksouth,Standard_ND96is_H100_v5,H100,8.0,spot,20.440728,2.555091,prices.azure.com retail API
2026-08-03,Azure,uksouth,Standard_ND96is_MI300X_v5,MI300X,,ondemand,60.0,,prices.azure.com retail API
2026-08-03,Azure,uksouth,Standard_ND96is_MI300X_v5,MI300X,,spot,11.088,,prices.azure.com retail API
2026-08-03,Azure,uksouth,Standard_ND96isr_H100_v5,H100,8.0,ondemand,122.9,15.3625,prices.azure.com retail API
2026-08-03,Azure,uksouth,Standard_ND96isr_H100_v5,H100,8.0,spot,22.71192,2.83899,prices.azure.com retail API
2026-08-03,Azure,uksouth,Standard_ND96isr_H200_v5,H200,8.0,ondemand,106.0,13.25,prices.azure.com retail API
2026-08-03,Azure,uksouth,Standard_ND96isr_H200_v5,H200,8.0,spot,106.0,13.25,prices.azure.com retail API
2026-08-03,Azure,uksouth,Standard_ND96isr_MI300X_v5,MI300X,8.0,ondemand,60.0,7.5,prices.azure.com retail API
2026-08-03,Azure,uksouth,Standard_ND96isr_MI300X_v5,MI300X,8.0,spot,11.088,1.386,prices.azure.com retail API
2026-08-03,Azure,uksouth,Standard_NG16ads_V620_v1,V620,,ondemand,1.59,,prices.azure.com retail API
2026-08-03,Azure,uksouth,Standard_NG16ads_V620_v1,V620,,spot,0.293832,,prices.azure.com retail API
2026-08-03,Azure,uksouth,Standard_NG32adms_V620,V620,,ondemand,4.134,,prices.azure.com retail API
2026-08-03,Azure,uksouth,Standard_NG32adms_V620,V620,,spot,0.763963,,prices.azure.com retail API
2026-08-03,Azure,uksouth,Standard_NG32ads_V620_v1,V620,,ondemand,3.18,,prices.azure.com retail API
2026-08-03,Azure,uksouth,Standard_NG32ads_V620_v1,V620,,spot,0.587664,,prices.azure.com retail API
2026-08-03,Azure,uksouth,Standard_NG8ads_V620_v1,V620,,ondemand,0.795,,prices.azure.com retail API
2026-08-03,Azure,uksouth,Standard_NG8ads_V620_v1,V620,,spot,0.146916,,prices.azure.com retail API
2026-08-03,Azure,uksouth,Standard_NV12_Promo,M60,,ondemand,1.803,,prices.azure.com retail API
2026-08-03,Azure,uksouth,Standard_NV12ads_A10_v5,A10,0.3333333333333333,ondemand,1.135,3.4050000000000002,prices.azure.com retail API
2026-08-03,Azure,uksouth,Standard_NV12ads_A10_v5,A10,0.3333333333333333,spot,0.209748,0.629244,prices.azure.com retail API
2026-08-03,Azure,uksouth,Standard_NV12s_v3,M60,,ondemand,1.425,,prices.azure.com retail API
2026-08-03,Azure,uksouth,Standard_NV12s_v3,M60,,spot,0.26334,,prices.azure.com retail API
2026-08-03,Azure,uksouth,Standard_NV16as_v4,MI25,,ondemand,1.165,,prices.azure.com retail API
2026-08-03,Azure,uksouth,Standard_NV16as_v4,MI25,,spot,0.215292,,prices.azure.com retail API
2026-08-03,Azure,uksouth,Standard_NV18ads_A10_v5,A10,0.5,ondemand,2.0,4.0,prices.azure.com retail API
2026-08-03,Azure,uksouth,Standard_NV18ads_A10_v5,A10,0.5,spot,0.3696,0.7392,prices.azure.com retail API
2026-08-03,Azure,uksouth,Standard_NV24_Promo,M60,,ondemand,3.605,,prices.azure.com retail API
2026-08-03,Azure,uksouth,Standard_NV24s_v3,M60,,ondemand,2.85,,prices.azure.com retail API
2026-08-03,Azure,uksouth,Standard_NV24s_v3,M60,,spot,0.52668,,prices.azure.com retail API
2026-08-03,Azure,uksouth,Standard_NV32as_v4,MI25,,ondemand,2.33,,prices.azure.com retail API
2026-08-03,Azure,uksouth,Standard_NV32as_v4,MI25,,spot,0.430584,,prices.azure.com retail API
2026-08-03,Azure,uksouth,Standard_NV36adms_A10_v5,A10,1.0,ondemand,5.65,5.65,prices.azure.com retail API
2026-08-03,Azure,uksouth,Standard_NV36adms_A10_v5,A10,1.0,spot,1.04412,1.04412,prices.azure.com retail API
2026-08-03,Azure,uksouth,Standard_NV36ads_A10_v5,A10,1.0,ondemand,4.0,4.0,prices.azure.com retail API
2026-08-03,Azure,uksouth,Standard_NV36ads_A10_v5,A10,1.0,spot,0.7392,0.7392,prices.azure.com retail API
2026-08-03,Azure,uksouth,Standard_NV48s_v3,M60,,ondemand,5.7,,prices.azure.com retail API
2026-08-03,Azure,uksouth,Standard_NV48s_v3,M60,,spot,1.05336,,prices.azure.com retail API
2026-08-03,Azure,uksouth,Standard_NV4as_v4,MI25,,ondemand,0.291,,prices.azure.com retail API
2026-08-03,Azure,uksouth,Standard_NV4as_v4,MI25,,spot,0.053777,,prices.azure.com retail API
2026-08-03,Azure,uksouth,Standard_NV6_Promo,M60,,ondemand,0.901,,prices.azure.com retail API
2026-08-03,Azure,uksouth,Standard_NV6ads_A10_v5,A10,0.16666666666666666,ondemand,0.567,3.4019999999999997,prices.azure.com retail API
2026-08-03,Azure,uksouth,Standard_NV6ads_A10_v5,A10,0.16666666666666666,spot,0.104782,0.628692,prices.azure.com retail API
2026-08-03,Azure,uksouth,Standard_NV72ads_A10_v5,A10,2.0,ondemand,8.15,4.075,prices.azure.com retail API
2026-08-03,Azure,uksouth,Standard_NV72ads_A10_v5,A10,2.0,spot,1.50612,0.75306,prices.azure.com retail API
2026-08-03,Azure,uksouth,Standard_NV8as_v4,MI25,,ondemand,0.582,,prices.azure.com retail API
2026-08-03,Azure,uksouth,Standard_NV8as_v4,MI25,,spot,0.107554,,prices.azure.com retail API
2026-08-03,Azure,ukwest,Standard_ND96ams_A100_v4,A100,8.0,ondemand,42.929,5.366125,prices.azure.com retail API
2026-08-03,Azure,ukwest,Standard_ND96ams_A100_v4,A100,8.0,spot,11.16154,1.3951925,prices.azure.com retail API
2026-08-03,Azure,ukwest,Standard_ND96amsr_A100_v4,A100,8.0,ondemand,42.929,5.366125,prices.azure.com retail API
2026-08-03,Azure,ukwest,Standard_ND96amsr_A100_v4,A100,8.0,spot,11.16154,1.3951925,prices.azure.com retail API
2026-08-03,Azure,ukwest,Standard_ND96isr_H200_v5,H200,8.0,ondemand,111.088,13.886,prices.azure.com retail API
2026-08-03,Azure,ukwest,Standard_ND96isr_H200_v5,H200,8.0,spot,111.088,13.886,prices.azure.com retail API
2026-08-03,Azure,ukwest,Standard_NV12ads_A10_v5,A10,0.3333333333333333,ondemand,0.01,0.030000000000000002,prices.azure.com retail API
2026-08-03,Azure,ukwest,Standard_NV12ads_A10_v5,A10,0.3333333333333333,spot,0.002,0.006,prices.azure.com retail API
2026-08-03,Azure,ukwest,Standard_NV18ads_A10_v5,A10,0.5,ondemand,0.01,0.02,prices.azure.com retail API
2026-08-03,Azure,ukwest,Standard_NV18ads_A10_v5,A10,0.5,spot,0.002,0.004,prices.azure.com retail API
2026-08-03,Azure,ukwest,Standard_NV36adms_A10_v5,A10,1.0,ondemand,0.01,0.01,prices.azure.com retail API
2026-08-03,Azure,ukwest,Standard_NV36adms_A10_v5,A10,1.0,spot,0.002,0.002,prices.azure.com retail API
2026-08-03,Azure,ukwest,Standard_NV36ads_A10_v5,A10,1.0,ondemand,0.01,0.01,prices.azure.com retail API
2026-08-03,Azure,ukwest,Standard_NV36ads_A10_v5,A10,1.0,spot,0.002,0.002,prices.azure.com retail API
2026-08-03,Azure,ukwest,Standard_NV6ads_A10_v5,A10,0.16666666666666666,ondemand,0.01,0.060000000000000005,prices.azure.com retail API
2026-08-03,Azure,ukwest,Standard_NV6ads_A10_v5,A10,0.16666666666666666,spot,0.002,0.012,prices.azure.com retail API
2026-08-03,Azure,ukwest,Standard_NV72ads_A10_v5,A10,2.0,ondemand,0.01,0.005,prices.azure.com retail API
2026-08-03,Azure,ukwest,Standard_NV72ads_A10_v5,A10,2.0,spot,0.002,0.001,prices.azure.com retail API
2026-08-03,Azure,usgovarizona,Standard_NC12_Promo,K80,,ondemand,0.95,,prices.azure.com retail API
2026-08-03,Azure,usgovarizona,Standard_NC12s_v3,V100,2.0,ondemand,7.344,3.672,prices.azure.com retail API
2026-08-03,Azure,usgovarizona,Standard_NC12s_v3,V100,2.0,spot,1.357171,0.6785855,prices.azure.com retail API
2026-08-03,Azure,usgovarizona,Standard_NC24_Promo,K80,,ondemand,1.901,,prices.azure.com retail API
2026-08-03,Azure,usgovarizona,Standard_NC24r_Promo,K80,,ondemand,2.091,,prices.azure.com retail API
2026-08-03,Azure,usgovarizona,Standard_NC24rs_v3,V100,4.0,ondemand,16.157,4.03925,prices.azure.com retail API
2026-08-03,Azure,usgovarizona,Standard_NC24rs_v3,V100,4.0,spot,2.985814,0.7464535,prices.azure.com retail API
2026-08-03,Azure,usgovarizona,Standard_NC24s_v3,V100,4.0,ondemand,14.688,3.672,prices.azure.com retail API
2026-08-03,Azure,usgovarizona,Standard_NC24s_v3,V100,4.0,spot,2.714342,0.6785855,prices.azure.com retail API
2026-08-03,Azure,usgovarizona,Standard_NC6_Promo,K80,,ondemand,0.475,,prices.azure.com retail API
2026-08-03,Azure,usgovarizona,Standard_NC6s_v3,V100,1.0,ondemand,3.672,3.672,prices.azure.com retail API
2026-08-03,Azure,usgovarizona,Standard_NC6s_v3,V100,1.0,spot,0.678586,0.678586,prices.azure.com retail API
2026-08-03,Azure,usgovarizona,Standard_ND40rs_v2,V100,8.0,ondemand,27.54,3.4425,prices.azure.com retail API
2026-08-03,Azure,usgovarizona,Standard_ND40rs_v2,V100,8.0,spot,5.089392,0.636174,prices.azure.com retail API
2026-08-03,Azure,usgovarizona,Standard_ND96ams_A100_v4,A100,8.0,ondemand,40.962,5.12025,prices.azure.com retail API
2026-08-03,Azure,usgovarizona,Standard_ND96ams_A100_v4,A100,8.0,spot,10.65012,1.331265,prices.azure.com retail API
2026-08-03,Azure,usgovarizona,Standard_ND96is_H100_v5,H100,8.0,ondemand,110.61,13.82625,prices.azure.com retail API
2026-08-03,Azure,usgovarizona,Standard_ND96is_H100_v5,H100,8.0,spot,20.440728,2.555091,prices.azure.com retail API
2026-08-03,Azure,usgovarizona,Standard_ND96isr_H100_v5,H100,8.0,ondemand,122.9,15.3625,prices.azure.com retail API
2026-08-03,Azure,usgovarizona,Standard_ND96isr_H100_v5,H100,8.0,spot,22.71192,2.83899,prices.azure.com retail API
2026-08-03,Azure,usgovarizona,Standard_ND96isr_H200_v5,H200,8.0,ondemand,106.0,13.25,prices.azure.com retail API
2026-08-03,Azure,usgovarizona,Standard_ND96isr_H200_v5,H200,8.0,spot,106.0,13.25,prices.azure.com retail API
2026-08-03,Azure,usgovarizona,Standard_ND96isrf_H200_v5,H200,,ondemand,106.0,,prices.azure.com retail API
2026-08-03,Azure,usgovarizona,Standard_ND96isrf_H200_v5,H200,,spot,106.0,,prices.azure.com retail API
2026-08-03,Azure,usgovarizona,Standard_NV12ads_A10_v5,A10,0.3333333333333333,ondemand,1.135,3.4050000000000002,prices.azure.com retail API
2026-08-03,Azure,usgovarizona,Standard_NV12ads_A10_v5,A10,0.3333333333333333,spot,0.209748,0.629244,prices.azure.com retail API
2026-08-03,Azure,usgovarizona,Standard_NV12s_v3,M60,,ondemand,1.425,,prices.azure.com retail API
2026-08-03,Azure,usgovarizona,Standard_NV12s_v3,M60,,spot,0.26334,,prices.azure.com retail API
2026-08-03,Azure,usgovarizona,Standard_NV16as_v4,MI25,,ondemand,1.165,,prices.azure.com retail API
2026-08-03,Azure,usgovarizona,Standard_NV16as_v4,MI25,,spot,0.215292,,prices.azure.com retail API
2026-08-03,Azure,usgovarizona,Standard_NV18ads_A10_v5,A10,0.5,ondemand,2.0,4.0,prices.azure.com retail API
2026-08-03,Azure,usgovarizona,Standard_NV18ads_A10_v5,A10,0.5,spot,0.3696,0.7392,prices.azure.com retail API
2026-08-03,Azure,usgovarizona,Standard_NV24s_v3,M60,,ondemand,2.85,,prices.azure.com retail API
2026-08-03,Azure,usgovarizona,Standard_NV24s_v3,M60,,spot,0.52668,,prices.azure.com retail API
2026-08-03,Azure,usgovarizona,Standard_NV32as_v4,MI25,,ondemand,2.33,,prices.azure.com retail API
2026-08-03,Azure,usgovarizona,Standard_NV32as_v4,MI25,,spot,0.430584,,prices.azure.com retail API
2026-08-03,Azure,usgovarizona,Standard_NV36adms_A10_v5,A10,1.0,ondemand,5.65,5.65,prices.azure.com retail API
2026-08-03,Azure,usgovarizona,Standard_NV36adms_A10_v5,A10,1.0,spot,1.04412,1.04412,prices.azure.com retail API
2026-08-03,Azure,usgovarizona,Standard_NV36ads_A10_v5,A10,1.0,ondemand,4.0,4.0,prices.azure.com retail API
2026-08-03,Azure,usgovarizona,Standard_NV36ads_A10_v5,A10,1.0,spot,0.7392,0.7392,prices.azure.com retail API
2026-08-03,Azure,usgovarizona,Standard_NV48s_v3,M60,,ondemand,5.7,,prices.azure.com retail API
2026-08-03,Azure,usgovarizona,Standard_NV48s_v3,M60,,spot,1.05336,,prices.azure.com retail API
2026-08-03,Azure,usgovarizona,Standard_NV4as_v4,MI25,,ondemand,0.291,,prices.azure.com retail API
2026-08-03,Azure,usgovarizona,Standard_NV4as_v4,MI25,,spot,0.053777,,prices.azure.com retail API
2026-08-03,Azure,usgovarizona,Standard_NV6ads_A10_v5,A10,0.16666666666666666,ondemand,0.567,3.4019999999999997,prices.azure.com retail API
2026-08-03,Azure,usgovarizona,Standard_NV6ads_A10_v5,A10,0.16666666666666666,spot,0.104782,0.628692,prices.azure.com retail API
2026-08-03,Azure,usgovarizona,Standard_NV72ads_A10_v5,A10,2.0,ondemand,8.15,4.075,prices.azure.com retail API
2026-08-03,Azure,usgovarizona,Standard_NV72ads_A10_v5,A10,2.0,spot,1.50612,0.75306,prices.azure.com retail API
2026-08-03,Azure,usgovarizona,Standard_NV8as_v4,MI25,,ondemand,0.582,,prices.azure.com retail API
2026-08-03,Azure,usgovarizona,Standard_NV8as_v4,MI25,,spot,0.107554,,prices.azure.com retail API
2026-08-03,Azure,usgovvirginia,Standard_NC12_Promo,K80,,ondemand,0.95,,prices.azure.com retail API
2026-08-03,Azure,usgovvirginia,Standard_NC12s_v3,V100,2.0,ondemand,7.344,3.672,prices.azure.com retail API
2026-08-03,Azure,usgovvirginia,Standard_NC12s_v3,V100,2.0,spot,1.357171,0.6785855,prices.azure.com retail API
2026-08-03,Azure,usgovvirginia,Standard_NC16as_T4_v3,T4,1.0,ondemand,1.505,1.505,prices.azure.com retail API
2026-08-03,Azure,usgovvirginia,Standard_NC16as_T4_v3,T4,1.0,spot,0.43645,0.43645,prices.azure.com retail API
2026-08-03,Azure,usgovvirginia,Standard_NC24_Promo,K80,,ondemand,1.901,,prices.azure.com retail API
2026-08-03,Azure,usgovvirginia,Standard_NC24r_Promo,K80,,ondemand,2.091,,prices.azure.com retail API
2026-08-03,Azure,usgovvirginia,Standard_NC24rs_v3,V100,4.0,ondemand,16.157,4.03925,prices.azure.com retail API
2026-08-03,Azure,usgovvirginia,Standard_NC24rs_v3,V100,4.0,spot,2.985814,0.7464535,prices.azure.com retail API
2026-08-03,Azure,usgovvirginia,Standard_NC24s_v3,V100,4.0,ondemand,14.688,3.672,prices.azure.com retail API
2026-08-03,Azure,usgovvirginia,Standard_NC24s_v3,V100,4.0,spot,2.714342,0.6785855,prices.azure.com retail API
2026-08-03,Azure,usgovvirginia,Standard_NC4as_T4_v3,T4,1.0,ondemand,0.658,0.658,prices.azure.com retail API
2026-08-03,Azure,usgovvirginia,Standard_NC4as_T4_v3,T4,1.0,spot,0.19082,0.19082,prices.azure.com retail API
2026-08-03,Azure,usgovvirginia,Standard_NC64as_T4_v3,T4,4.0,ondemand,5.44,1.36,prices.azure.com retail API
2026-08-03,Azure,usgovvirginia,Standard_NC64as_T4_v3,T4,4.0,spot,1.5776,0.3944,prices.azure.com retail API
2026-08-03,Azure,usgovvirginia,Standard_NC6_Promo,K80,,ondemand,0.475,,prices.azure.com retail API
2026-08-03,Azure,usgovvirginia,Standard_NC6s_v3,V100,1.0,ondemand,3.672,3.672,prices.azure.com retail API
2026-08-03,Azure,usgovvirginia,Standard_NC6s_v3,V100,1.0,spot,0.678586,0.678586,prices.azure.com retail API
2026-08-03,Azure,usgovvirginia,Standard_NC8as_T4_v3,T4,1.0,ondemand,0.94,0.94,prices.azure.com retail API
2026-08-03,Azure,usgovvirginia,Standard_NC8as_T4_v3,T4,1.0,spot,0.2726,0.2726,prices.azure.com retail API
2026-08-03,Azure,usgovvirginia,Standard_ND40rs_v2,V100,8.0,ondemand,27.54,3.4425,prices.azure.com retail API
2026-08-03,Azure,usgovvirginia,Standard_ND40rs_v2,V100,8.0,spot,5.089392,0.636174,prices.azure.com retail API
2026-08-03,Azure,usgovvirginia,Standard_ND96ams_A100_v4,A100,8.0,ondemand,40.962,5.12025,prices.azure.com retail API
2026-08-03,Azure,usgovvirginia,Standard_ND96ams_A100_v4,A100,8.0,spot,10.65012,1.331265,prices.azure.com retail API
2026-08-03,Azure,usgovvirginia,Standard_ND96asr_A100_v4,A100,,ondemand,34.003,,prices.azure.com retail API
2026-08-03,Azure,usgovvirginia,Standard_ND96asr_A100_v4,A100,,spot,7.48066,,prices.azure.com retail API
2026-08-03,Azure,usgovvirginia,Standard_ND96asr_v4,A100,8.0,ondemand,34.003,4.250375,prices.azure.com retail API
2026-08-03,Azure,usgovvirginia,Standard_ND96asr_v4,A100,8.0,spot,7.48066,0.9350825,prices.azure.com retail API
2026-08-03,Azure,usgovvirginia,Standard_ND96isr_H200_v5,H200,8.0,ondemand,106.0,13.25,prices.azure.com retail API
2026-08-03,Azure,usgovvirginia,Standard_ND96isr_H200_v5,H200,8.0,spot,106.0,13.25,prices.azure.com retail API
2026-08-03,Azure,usgovvirginia,Standard_NV12_Promo,M60,,ondemand,1.639,,prices.azure.com retail API
2026-08-03,Azure,usgovvirginia,Standard_NV12ads_A10_v5,A10,0.3333333333333333,ondemand,1.135,3.4050000000000002,prices.azure.com retail API
2026-08-03,Azure,usgovvirginia,Standard_NV12ads_A10_v5,A10,0.3333333333333333,spot,0.209748,0.629244,prices.azure.com retail API
2026-08-03,Azure,usgovvirginia,Standard_NV12s_v3,M60,,ondemand,1.425,,prices.azure.com retail API
2026-08-03,Azure,usgovvirginia,Standard_NV12s_v3,M60,,spot,0.26334,,prices.azure.com retail API
2026-08-03,Azure,usgovvirginia,Standard_NV16as_v4,MI25,,ondemand,1.165,,prices.azure.com retail API
2026-08-03,Azure,usgovvirginia,Standard_NV16as_v4,MI25,,spot,0.215292,,prices.azure.com retail API
2026-08-03,Azure,usgovvirginia,Standard_NV18ads_A10_v5,A10,0.5,ondemand,2.0,4.0,prices.azure.com retail API
2026-08-03,Azure,usgovvirginia,Standard_NV18ads_A10_v5,A10,0.5,spot,0.3696,0.7392,prices.azure.com retail API
2026-08-03,Azure,usgovvirginia,Standard_NV24_Promo,M60,,ondemand,3.278,,prices.azure.com retail API
2026-08-03,Azure,usgovvirginia,Standard_NV24s_v3,M60,,ondemand,2.85,,prices.azure.com retail API
2026-08-03,Azure,usgovvirginia,Standard_NV24s_v3,M60,,spot,0.52668,,prices.azure.com retail API
2026-08-03,Azure,usgovvirginia,Standard_NV32as_v4,MI25,,ondemand,2.33,,prices.azure.com retail API
2026-08-03,Azure,usgovvirginia,Standard_NV32as_v4,MI25,,spot,0.430584,,prices.azure.com retail API
2026-08-03,Azure,usgovvirginia,Standard_NV36adms_A10_v5,A10,1.0,ondemand,5.65,5.65,prices.azure.com retail API
2026-08-03,Azure,usgovvirginia,Standard_NV36adms_A10_v5,A10,1.0,spot,1.04412,1.04412,prices.azure.com retail API
2026-08-03,Azure,usgovvirginia,Standard_NV36ads_A10_v5,A10,1.0,ondemand,4.0,4.0,prices.azure.com retail API
2026-08-03,Azure,usgovvirginia,Standard_NV36ads_A10_v5,A10,1.0,spot,0.7392,0.7392,prices.azure.com retail API
2026-08-03,Azure,usgovvirginia,Standard_NV48s_v3,M60,,ondemand,5.7,,prices.azure.com retail API
2026-08-03,Azure,usgovvirginia,Standard_NV48s_v3,M60,,spot,1.05336,,prices.azure.com retail API
2026-08-03,Azure,usgovvirginia,Standard_NV4as_v4,MI25,,ondemand,0.291,,prices.azure.com retail API
2026-08-03,Azure,usgovvirginia,Standard_NV4as_v4,MI25,,spot,0.053777,,prices.azure.com retail API
2026-08-03,Azure,usgovvirginia,Standard_NV6_Promo,M60,,ondemand,0.819,,prices.azure.com retail API
2026-08-03,Azure,usgovvirginia,Standard_NV6ads_A10_v5,A10,0.16666666666666666,ondemand,0.567,3.4019999999999997,prices.azure.com retail API
2026-08-03,Azure,usgovvirginia,Standard_NV6ads_A10_v5,A10,0.16666666666666666,spot,0.104782,0.628692,prices.azure.com retail API
2026-08-03,Azure,usgovvirginia,Standard_NV72ads_A10_v5,A10,2.0,ondemand,8.15,4.075,prices.azure.com retail API
2026-08-03,Azure,usgovvirginia,Standard_NV72ads_A10_v5,A10,2.0,spot,1.50612,0.75306,prices.azure.com retail API
2026-08-03,Azure,usgovvirginia,Standard_NV8as_v4,MI25,,ondemand,0.582,,prices.azure.com retail API
2026-08-03,Azure,usgovvirginia,Standard_NV8as_v4,MI25,,spot,0.107554,,prices.azure.com retail API
2026-08-03,Azure,westcentralus,Standard_ND96is_H100_v5,H100,8.0,ondemand,106.186,13.27325,prices.azure.com retail API
2026-08-03,Azure,westcentralus,Standard_ND96is_H100_v5,H100,8.0,spot,19.623173,2.452896625,prices.azure.com retail API
2026-08-03,Azure,westcentralus,Standard_ND96is_MI300X_v5,MI300X,,ondemand,57.6,,prices.azure.com retail API
2026-08-03,Azure,westcentralus,Standard_ND96is_MI300X_v5,MI300X,,spot,10.64448,,prices.azure.com retail API
2026-08-03,Azure,westcentralus,Standard_ND96isr_H100_v5,H100,8.0,ondemand,117.984,14.748,prices.azure.com retail API
2026-08-03,Azure,westcentralus,Standard_ND96isr_H100_v5,H100,8.0,spot,21.803443,2.725430375,prices.azure.com retail API
2026-08-03,Azure,westcentralus,Standard_ND96isr_MI300X_v5,MI300X,8.0,ondemand,57.6,7.2,prices.azure.com retail API
2026-08-03,Azure,westcentralus,Standard_ND96isr_MI300X_v5,MI300X,8.0,spot,10.64448,1.33056,prices.azure.com retail API
2026-08-03,Azure,westcentralus,Standard_ND96isrf_H100_v5,H100,,ondemand,127.816,,prices.azure.com retail API
2026-08-03,Azure,westcentralus,Standard_ND96isrf_H100_v5,H100,,spot,23.620397,,prices.azure.com retail API
2026-08-03,Azure,westeurope,Standard_NC12_Promo,K80,,ondemand,1.03,,prices.azure.com retail API
2026-08-03,Azure,westeurope,Standard_NC12s_v3,V100,2.0,ondemand,7.646,3.823,prices.azure.com retail API
2026-08-03,Azure,westeurope,Standard_NC12s_v3,V100,2.0,spot,1.412981,0.7064905,prices.azure.com retail API
2026-08-03,Azure,westeurope,Standard_NC16ads_A10_v4,A10,,ondemand,2.86,,prices.azure.com retail API
2026-08-03,Azure,westeurope,Standard_NC16ads_A10_v4,A10,,spot,0.528528,,prices.azure.com retail API
2026-08-03,Azure,westeurope,Standard_NC16as_T4_v3,T4,1.0,ondemand,1.505,1.505,prices.azure.com retail API
2026-08-03,Azure,westeurope,Standard_NC16as_T4_v3,T4,1.0,spot,1.306942,1.306942,prices.azure.com retail API
2026-08-03,Azure,westeurope,Standard_NC24_Promo,K80,,ondemand,2.059,,prices.azure.com retail API
2026-08-03,Azure,westeurope,Standard_NC24ads_A100_v4,A100,1.0,ondemand,4.775,4.775,prices.azure.com retail API
2026-08-03,Azure,westeurope,Standard_NC24ads_A100_v4,A100,1.0,spot,1.37138,1.37138,prices.azure.com retail API
2026-08-03,Azure,westeurope,Standard_NC24r_Promo,K80,,ondemand,2.265,,prices.azure.com retail API
2026-08-03,Azure,westeurope,Standard_NC24rs_v3,V100,4.0,ondemand,16.821,4.20525,prices.azure.com retail API
2026-08-03,Azure,westeurope,Standard_NC24rs_v3,V100,4.0,spot,3.108521,0.77713025,prices.azure.com retail API
2026-08-03,Azure,westeurope,Standard_NC24s_v3,V100,4.0,ondemand,15.292,3.823,prices.azure.com retail API
2026-08-03,Azure,westeurope,Standard_NC24s_v3,V100,4.0,spot,2.825962,0.7064905,prices.azure.com retail API
2026-08-03,Azure,westeurope,Standard_NC32ads_A10_v4,A10,,ondemand,5.72,,prices.azure.com retail API
2026-08-03,Azure,westeurope,Standard_NC32ads_A10_v4,A10,,spot,1.057056,,prices.azure.com retail API
2026-08-03,Azure,westeurope,Standard_NC40ads_H100_v5,H100,1.0,ondemand,9.08,9.08,prices.azure.com retail API
2026-08-03,Azure,westeurope,Standard_NC40ads_H100_v5,H100,1.0,spot,6.5376,6.5376,prices.azure.com retail API
2026-08-03,Azure,westeurope,Standard_NC48ads_A100_v4,A100,2.0,ondemand,9.55,4.775,prices.azure.com retail API
2026-08-03,Azure,westeurope,Standard_NC48ads_A100_v4,A100,2.0,spot,2.74276,1.37138,prices.azure.com retail API
2026-08-03,Azure,westeurope,Standard_NC4as_T4_v3,T4,1.0,ondemand,0.658,0.658,prices.azure.com retail API
2026-08-03,Azure,westeurope,Standard_NC4as_T4_v3,T4,1.0,spot,0.571407,0.571407,prices.azure.com retail API
2026-08-03,Azure,westeurope,Standard_NC64as_T4_v3,T4,4.0,ondemand,5.44,1.36,prices.azure.com retail API
2026-08-03,Azure,westeurope,Standard_NC64as_T4_v3,T4,4.0,spot,4.724096,1.181024,prices.azure.com retail API
2026-08-03,Azure,westeurope,Standard_NC6_Promo,K80,,ondemand,0.515,,prices.azure.com retail API
2026-08-03,Azure,westeurope,Standard_NC6s_v3,V100,1.0,ondemand,3.823,3.823,prices.azure.com retail API
2026-08-03,Azure,westeurope,Standard_NC6s_v3,V100,1.0,spot,0.70649,0.70649,prices.azure.com retail API
2026-08-03,Azure,westeurope,Standard_NC80adis_H100_v5,H100,2.0,ondemand,18.16,9.08,prices.azure.com retail API
2026-08-03,Azure,westeurope,Standard_NC80adis_H100_v5,H100,2.0,spot,13.0752,6.5376,prices.azure.com retail API
2026-08-03,Azure,westeurope,Standard_NC8ads_A10_v4,A10,,ondemand,1.43,,prices.azure.com retail API
2026-08-03,Azure,westeurope,Standard_NC8ads_A10_v4,A10,,spot,0.264264,,prices.azure.com retail API
2026-08-03,Azure,westeurope,Standard_NC8as_T4_v3,T4,1.0,ondemand,0.94,0.94,prices.azure.com retail API
2026-08-03,Azure,westeurope,Standard_NC8as_T4_v3,T4,1.0,spot,0.816296,0.816296,prices.azure.com retail API
2026-08-03,Azure,westeurope,Standard_NC96ads_A100_v4,A100,4.0,ondemand,19.1,4.775,prices.azure.com retail API
2026-08-03,Azure,westeurope,Standard_NC96ads_A100_v4,A100,4.0,spot,5.48552,1.37138,prices.azure.com retail API
2026-08-03,Azure,westeurope,Standard_NCC40ads_H100_v5,H100,,ondemand,8.9,,prices.azure.com retail API
2026-08-03,Azure,westeurope,Standard_NCC40ads_H100_v5,H100,,spot,1.984752,,prices.azure.com retail API
2026-08-03,Azure,westeurope,Standard_ND40rs_v2,V100,8.0,ondemand,27.526,3.44075,prices.azure.com retail API
2026-08-03,Azure,westeurope,Standard_ND40rs_v2,V100,8.0,spot,5.086805,0.635850625,prices.azure.com retail API
2026-08-03,Azure,westeurope,Standard_ND40s_v2,P40,,ondemand,18.03,,prices.azure.com retail API
2026-08-03,Azure,westeurope,Standard_ND40s_v2,P40,,spot,3.331944,,prices.azure.com retail API
2026-08-03,Azure,westeurope,Standard_ND96ams_A100_v4,A100,8.0,ondemand,40.962,5.12025,prices.azure.com retail API
2026-08-03,Azure,westeurope,Standard_ND96ams_A100_v4,A100,8.0,spot,10.65012,1.331265,prices.azure.com retail API
2026-08-03,Azure,westeurope,Standard_ND96amsr_A100_v4,A100,8.0,ondemand,40.962,5.12025,prices.azure.com retail API
2026-08-03,Azure,westeurope,Standard_ND96amsr_A100_v4,A100,8.0,spot,10.65012,1.331265,prices.azure.com retail API
2026-08-03,Azure,westeurope,Standard_ND96asr_A100_v4,A100,,ondemand,35.357,,prices.azure.com retail API
2026-08-03,Azure,westeurope,Standard_ND96asr_A100_v4,A100,,spot,7.77854,,prices.azure.com retail API
2026-08-03,Azure,westeurope,Standard_ND96asr_v4,A100,8.0,ondemand,35.357,4.419625,prices.azure.com retail API
2026-08-03,Azure,westeurope,Standard_ND96asr_v4,A100,8.0,spot,7.77854,0.9723175,prices.azure.com retail API
2026-08-03,Azure,westeurope,Standard_ND96is_H100_v5,H100,8.0,ondemand,115.034,14.37925,prices.azure.com retail API
2026-08-03,Azure,westeurope,Standard_ND96is_H100_v5,H100,8.0,spot,21.258283,2.657285375,prices.azure.com retail API
2026-08-03,Azure,westeurope,Standard_ND96is_flex_H100_v5,H100,,ondemand,115.034,,prices.azure.com retail API
2026-08-03,Azure,westeurope,Standard_ND96is_flex_H100_v5,H100,,spot,21.258283,,prices.azure.com retail API
2026-08-03,Azure,westeurope,Standard_ND96is_noIB_H100_v5,H100,,ondemand,115.034,,prices.azure.com retail API
2026-08-03,Azure,westeurope,Standard_ND96is_noIB_H100_v5,H100,,spot,21.258283,,prices.azure.com retail API
2026-08-03,Azure,westeurope,Standard_ND96isr_H100_v5,H100,8.0,ondemand,127.816,15.977,prices.azure.com retail API
2026-08-03,Azure,westeurope,Standard_ND96isr_H100_v5,H100,8.0,spot,23.620397,2.952549625,prices.azure.com retail API
2026-08-03,Azure,westeurope,Standard_NG16ads_V620_v1,V620,,ondemand,1.651,,prices.azure.com retail API
2026-08-03,Azure,westeurope,Standard_NG16ads_V620_v1,V620,,spot,0.305105,,prices.azure.com retail API
2026-08-03,Azure,westeurope,Standard_NG32adms_V620,V620,,ondemand,4.293,,prices.azure.com retail API
2026-08-03,Azure,westeurope,Standard_NG32adms_V620,V620,,spot,0.84014,,prices.azure.com retail API
2026-08-03,Azure,westeurope,Standard_NG32ads_V620_v1,V620,,ondemand,3.302,,prices.azure.com retail API
2026-08-03,Azure,westeurope,Standard_NG32ads_V620_v1,V620,,spot,0.61021,,prices.azure.com retail API
2026-08-03,Azure,westeurope,Standard_NG8ads_V620_v1,V620,,ondemand,0.826,,prices.azure.com retail API
2026-08-03,Azure,westeurope,Standard_NG8ads_V620_v1,V620,,spot,0.152645,,prices.azure.com retail API
2026-08-03,Azure,westeurope,Standard_NV12_Promo,M60,,ondemand,1.639,,prices.azure.com retail API
2026-08-03,Azure,westeurope,Standard_NV12ads_A10_v5,A10,0.3333333333333333,ondemand,1.18,3.54,prices.azure.com retail API
2026-08-03,Azure,westeurope,Standard_NV12ads_A10_v5,A10,0.3333333333333333,spot,0.218064,0.6541920000000001,prices.azure.com retail API
2026-08-03,Azure,westeurope,Standard_NV12s_v3,M60,,ondemand,1.426,,prices.azure.com retail API
2026-08-03,Azure,westeurope,Standard_NV12s_v3,M60,,spot,0.263525,,prices.azure.com retail API
2026-08-03,Azure,westeurope,Standard_NV16as_v4,MI25,,ondemand,1.165,,prices.azure.com retail API
2026-08-03,Azure,westeurope,Standard_NV16as_v4,MI25,,spot,0.215292,,prices.azure.com retail API
2026-08-03,Azure,westeurope,Standard_NV18ads_A10_v5,A10,0.5,ondemand,2.08,4.16,prices.azure.com retail API
2026-08-03,Azure,westeurope,Standard_NV18ads_A10_v5,A10,0.5,spot,0.384384,0.768768,prices.azure.com retail API
2026-08-03,Azure,westeurope,Standard_NV24_Promo,M60,,ondemand,3.278,,prices.azure.com retail API
2026-08-03,Azure,westeurope,Standard_NV24s_v3,M60,,ondemand,2.85,,prices.azure.com retail API
2026-08-03,Azure,westeurope,Standard_NV24s_v3,M60,,spot,0.52668,,prices.azure.com retail API
2026-08-03,Azure,westeurope,Standard_NV32as_v4,MI25,,ondemand,2.33,,prices.azure.com retail API
2026-08-03,Azure,westeurope,Standard_NV32as_v4,MI25,,spot,0.430584,,prices.azure.com retail API
2026-08-03,Azure,westeurope,Standard_NV36adms_A10_v5,A10,1.0,ondemand,5.876,5.876,prices.azure.com retail API
2026-08-03,Azure,westeurope,Standard_NV36adms_A10_v5,A10,1.0,spot,1.085885,1.085885,prices.azure.com retail API
2026-08-03,Azure,westeurope,Standard_NV36ads_A10_v5,A10,1.0,ondemand,4.16,4.16,prices.azure.com retail API
2026-08-03,Azure,westeurope,Standard_NV36ads_A10_v5,A10,1.0,spot,0.768768,0.768768,prices.azure.com retail API
2026-08-03,Azure,westeurope,Standard_NV48s_v3,M60,,ondemand,5.7,,prices.azure.com retail API
2026-08-03,Azure,westeurope,Standard_NV48s_v3,M60,,spot,1.05336,,prices.azure.com retail API
2026-08-03,Azure,westeurope,Standard_NV4as_v4,MI25,,ondemand,0.291,,prices.azure.com retail API
2026-08-03,Azure,westeurope,Standard_NV4as_v4,MI25,,spot,0.053777,,prices.azure.com retail API
2026-08-03,Azure,westeurope,Standard_NV6_Promo,M60,,ondemand,0.819,,prices.azure.com retail API
2026-08-03,Azure,westeurope,Standard_NV6ads_A10_v5,A10,0.16666666666666666,ondemand,0.59,3.54,prices.azure.com retail API
2026-08-03,Azure,westeurope,Standard_NV6ads_A10_v5,A10,0.16666666666666666,spot,0.109032,0.6541920000000001,prices.azure.com retail API
2026-08-03,Azure,westeurope,Standard_NV72ads_A10_v5,A10,2.0,ondemand,8.476,4.238,prices.azure.com retail API
2026-08-03,Azure,westeurope,Standard_NV72ads_A10_v5,A10,2.0,spot,1.566365,0.7831825,prices.azure.com retail API
2026-08-03,Azure,westeurope,Standard_NV8as_v4,MI25,,ondemand,0.582,,prices.azure.com retail API
2026-08-03,Azure,westeurope,Standard_NV8as_v4,MI25,,spot,0.107554,,prices.azure.com retail API
2026-08-03,Azure,westus,Standard_NC12s_v3,V100,2.0,ondemand,7.956,3.978,prices.azure.com retail API
2026-08-03,Azure,westus,Standard_NC12s_v3,V100,2.0,spot,1.470269,0.7351345,prices.azure.com retail API
2026-08-03,Azure,westus,Standard_NC16as_T4_v3,T4,1.0,ondemand,1.445,1.445,prices.azure.com retail API
2026-08-03,Azure,westus,Standard_NC16as_T4_v3,T4,1.0,spot,0.41905,0.41905,prices.azure.com retail API
2026-08-03,Azure,westus,Standard_NC24ads_A100_v4,A100,1.0,ondemand,4.775,4.775,prices.azure.com retail API
2026-08-03,Azure,westus,Standard_NC24ads_A100_v4,A100,1.0,spot,0.88242,0.88242,prices.azure.com retail API
2026-08-03,Azure,westus,Standard_NC24rs_v3,V100,4.0,ondemand,17.503,4.37575,prices.azure.com retail API
2026-08-03,Azure,westus,Standard_NC24rs_v3,V100,4.0,spot,3.234554,0.8086385,prices.azure.com retail API
2026-08-03,Azure,westus,Standard_NC24s_v3,V100,4.0,ondemand,15.912,3.978,prices.azure.com retail API
2026-08-03,Azure,westus,Standard_NC24s_v3,V100,4.0,spot,2.940538,0.7351345,prices.azure.com retail API
2026-08-03,Azure,westus,Standard_NC40ads_H100_v5,H100,1.0,ondemand,9.074,9.074,prices.azure.com retail API
2026-08-03,Azure,westus,Standard_NC40ads_H100_v5,H100,1.0,spot,7.454291,7.454291,prices.azure.com retail API
2026-08-03,Azure,westus,Standard_NC48ads_A100_v4,A100,2.0,ondemand,9.55,4.775,prices.azure.com retail API
2026-08-03,Azure,westus,Standard_NC48ads_A100_v4,A100,2.0,spot,1.76484,0.88242,prices.azure.com retail API
2026-08-03,Azure,westus,Standard_NC4as_T4_v3,T4,1.0,ondemand,0.631,0.631,prices.azure.com retail API
2026-08-03,Azure,westus,Standard_NC4as_T4_v3,T4,1.0,spot,0.18299,0.18299,prices.azure.com retail API
2026-08-03,Azure,westus,Standard_NC64as_T4_v3,T4,4.0,ondemand,5.222,1.3055,prices.azure.com retail API
2026-08-03,Azure,westus,Standard_NC64as_T4_v3,T4,4.0,spot,1.51438,0.378595,prices.azure.com retail API
2026-08-03,Azure,westus,Standard_NC6s_v3,V100,1.0,ondemand,3.978,3.978,prices.azure.com retail API
2026-08-03,Azure,westus,Standard_NC6s_v3,V100,1.0,spot,0.735134,0.735134,prices.azure.com retail API
2026-08-03,Azure,westus,Standard_NC80adis_H100_v5,H100,2.0,ondemand,18.148,9.074,prices.azure.com retail API
2026-08-03,Azure,westus,Standard_NC80adis_H100_v5,H100,2.0,spot,14.908582,7.454291,prices.azure.com retail API
2026-08-03,Azure,westus,Standard_NC8as_T4_v3,T4,1.0,ondemand,0.902,0.902,prices.azure.com retail API
2026-08-03,Azure,westus,Standard_NC8as_T4_v3,T4,1.0,spot,0.26158,0.26158,prices.azure.com retail API
2026-08-03,Azure,westus,Standard_NC96ads_A100_v4,A100,4.0,ondemand,19.1,4.775,prices.azure.com retail API
2026-08-03,Azure,westus,Standard_NC96ads_A100_v4,A100,4.0,spot,3.52968,0.88242,prices.azure.com retail API
2026-08-03,Azure,westus,Standard_ND96ams_A100_v4,A100,8.0,ondemand,42.601,5.325125,prices.azure.com retail API
2026-08-03,Azure,westus,Standard_ND96ams_A100_v4,A100,8.0,spot,11.07626,1.3845325,prices.azure.com retail API
2026-08-03,Azure,westus,Standard_ND96amsr_A100_v4,A100,8.0,ondemand,42.601,5.325125,prices.azure.com retail API
2026-08-03,Azure,westus,Standard_ND96amsr_A100_v4,A100,8.0,spot,11.07626,1.3845325,prices.azure.com retail API
2026-08-03,Azure,westus,Standard_ND96is_H100_v5,H100,8.0,ondemand,115.034,14.37925,prices.azure.com retail API
2026-08-03,Azure,westus,Standard_ND96is_H100_v5,H100,8.0,spot,21.258283,2.657285375,prices.azure.com retail API
2026-08-03,Azure,westus,Standard_ND96is_MI300X_v5,MI300X,,ondemand,62.853,,prices.azure.com retail API
2026-08-03,Azure,westus,Standard_ND96is_MI300X_v5,MI300X,,spot,11.615234,,prices.azure.com retail API
2026-08-03,Azure,westus,Standard_ND96is_flex_H100_v5,H100,,ondemand,115.034,,prices.azure.com retail API
2026-08-03,Azure,westus,Standard_ND96is_flex_H100_v5,H100,,spot,21.258283,,prices.azure.com retail API
2026-08-03,Azure,westus,Standard_ND96is_noIB_H100_v5,H100,,ondemand,115.034,,prices.azure.com retail API
2026-08-03,Azure,westus,Standard_ND96is_noIB_H100_v5,H100,,spot,21.258283,,prices.azure.com retail API
2026-08-03,Azure,westus,Standard_ND96isr_H100_v5,H100,8.0,ondemand,127.816,15.977,prices.azure.com retail API
2026-08-03,Azure,westus,Standard_ND96isr_H100_v5,H100,8.0,spot,23.620397,2.952549625,prices.azure.com retail API
2026-08-03,Azure,westus,Standard_ND96isr_H200_v5,H200,8.0,ondemand,110.24,13.78,prices.azure.com retail API
2026-08-03,Azure,westus,Standard_ND96isr_H200_v5,H200,8.0,spot,110.24,13.78,prices.azure.com retail API
2026-08-03,Azure,westus,Standard_ND96isr_MI300X_v5,MI300X,8.0,ondemand,62.853,7.856625,prices.azure.com retail API
2026-08-03,Azure,westus,Standard_ND96isr_MI300X_v5,MI300X,8.0,spot,11.615234,1.45190425,prices.azure.com retail API
2026-08-03,Azure,westus,Standard_NV12_Promo,M60,,ondemand,1.488,,prices.azure.com retail API
2026-08-03,Azure,westus,Standard_NV12ads_A10_v5,A10,0.3333333333333333,ondemand,1.18,3.54,prices.azure.com retail API
2026-08-03,Azure,westus,Standard_NV12ads_A10_v5,A10,0.3333333333333333,spot,0.218064,0.6541920000000001,prices.azure.com retail API
2026-08-03,Azure,westus,Standard_NV12s_v3,M60,,ondemand,1.14,,prices.azure.com retail API
2026-08-03,Azure,westus,Standard_NV12s_v3,M60,,spot,0.210672,,prices.azure.com retail API
2026-08-03,Azure,westus,Standard_NV18ads_A10_v5,A10,0.5,ondemand,2.08,4.16,prices.azure.com retail API
2026-08-03,Azure,westus,Standard_NV18ads_A10_v5,A10,0.5,spot,0.384384,0.768768,prices.azure.com retail API
2026-08-03,Azure,westus,Standard_NV24_Promo,M60,,ondemand,2.976,,prices.azure.com retail API
2026-08-03,Azure,westus,Standard_NV24s_v3,M60,,ondemand,2.28,,prices.azure.com retail API
2026-08-03,Azure,westus,Standard_NV24s_v3,M60,,spot,0.421344,,prices.azure.com retail API
2026-08-03,Azure,westus,Standard_NV36adms_A10_v5,A10,1.0,ondemand,5.876,5.876,prices.azure.com retail API
2026-08-03,Azure,westus,Standard_NV36adms_A10_v5,A10,1.0,spot,1.085885,1.085885,prices.azure.com retail API
2026-08-03,Azure,westus,Standard_NV36ads_A10_v5,A10,1.0,ondemand,4.16,4.16,prices.azure.com retail API
2026-08-03,Azure,westus,Standard_NV36ads_A10_v5,A10,1.0,spot,0.768768,0.768768,prices.azure.com retail API
2026-08-03,Azure,westus,Standard_NV48s_v3,M60,,ondemand,4.56,,prices.azure.com retail API
2026-08-03,Azure,westus,Standard_NV48s_v3,M60,,spot,0.842688,,prices.azure.com retail API
2026-08-03,Azure,westus,Standard_NV6_Promo,M60,,ondemand,0.744,,prices.azure.com retail API
2026-08-03,Azure,westus,Standard_NV6ads_A10_v5,A10,0.16666666666666666,ondemand,0.59,3.54,prices.azure.com retail API
2026-08-03,Azure,westus,Standard_NV6ads_A10_v5,A10,0.16666666666666666,spot,0.109032,0.6541920000000001,prices.azure.com retail API
2026-08-03,Azure,westus,Standard_NV72ads_A10_v5,A10,2.0,ondemand,8.476,4.238,prices.azure.com retail API
2026-08-03,Azure,westus,Standard_NV72ads_A10_v5,A10,2.0,spot,1.566365,0.7831825,prices.azure.com retail API
2026-08-03,Azure,westus2,Standard_NC12_Promo,K80,,ondemand,0.792,,prices.azure.com retail API
2026-08-03,Azure,westus2,Standard_NC12s_v3,V100,2.0,ondemand,6.12,3.06,prices.azure.com retail API
2026-08-03,Azure,westus2,Standard_NC12s_v3,V100,2.0,spot,1.130976,0.565488,prices.azure.com retail API
2026-08-03,Azure,westus2,Standard_NC16as_T4_v3,T4,1.0,ondemand,1.204,1.204,prices.azure.com retail API
2026-08-03,Azure,westus2,Standard_NC16as_T4_v3,T4,1.0,spot,0.34916,0.34916,prices.azure.com retail API
2026-08-03,Azure,westus2,Standard_NC24_Promo,K80,,ondemand,1.584,,prices.azure.com retail API
2026-08-03,Azure,westus2,Standard_NC24ads_A100_v4,A100,1.0,ondemand,3.673,3.673,prices.azure.com retail API
2026-08-03,Azure,westus2,Standard_NC24ads_A100_v4,A100,1.0,spot,0.830833,0.830833,prices.azure.com retail API
2026-08-03,Azure,westus2,Standard_NC24r_Promo,K80,,ondemand,1.742,,prices.azure.com retail API
2026-08-03,Azure,westus2,Standard_NC24rs_v3,V100,4.0,ondemand,13.46,3.365,prices.azure.com retail API
2026-08-03,Azure,westus2,Standard_NC24rs_v3,V100,4.0,spot,2.487408,0.621852,prices.azure.com retail API
2026-08-03,Azure,westus2,Standard_NC24s_v3,V100,4.0,ondemand,12.24,3.06,prices.azure.com retail API
2026-08-03,Azure,westus2,Standard_NC24s_v3,V100,4.0,spot,2.261952,0.565488,prices.azure.com retail API
2026-08-03,Azure,westus2,Standard_NC40ads_H100_v5,H100,1.0,ondemand,6.98,6.98,prices.azure.com retail API
2026-08-03,Azure,westus2,Standard_NC40ads_H100_v5,H100,1.0,spot,5.0256,5.0256,prices.azure.com retail API
2026-08-03,Azure,westus2,Standard_NC48ads_A100_v4,A100,2.0,ondemand,7.346,3.673,prices.azure.com retail API
2026-08-03,Azure,westus2,Standard_NC48ads_A100_v4,A100,2.0,spot,1.661665,0.8308325,prices.azure.com retail API
2026-08-03,Azure,westus2,Standard_NC4as_T4_v3,T4,1.0,ondemand,0.526,0.526,prices.azure.com retail API
2026-08-03,Azure,westus2,Standard_NC4as_T4_v3,T4,1.0,spot,0.15254,0.15254,prices.azure.com retail API
2026-08-03,Azure,westus2,Standard_NC64as_T4_v3,T4,4.0,ondemand,4.352,1.088,prices.azure.com retail API
2026-08-03,Azure,westus2,Standard_NC64as_T4_v3,T4,4.0,spot,1.26208,0.31552,prices.azure.com retail API
2026-08-03,Azure,westus2,Standard_NC6_Promo,K80,,ondemand,0.396,,prices.azure.com retail API
2026-08-03,Azure,westus2,Standard_NC6s_v3,V100,1.0,ondemand,3.06,3.06,prices.azure.com retail API
2026-08-03,Azure,westus2,Standard_NC6s_v3,V100,1.0,spot,0.565488,0.565488,prices.azure.com retail API
2026-08-03,Azure,westus2,Standard_NC80adis_H100_v5,H100,2.0,ondemand,13.96,6.98,prices.azure.com retail API
2026-08-03,Azure,westus2,Standard_NC80adis_H100_v5,H100,2.0,spot,10.0512,5.0256,prices.azure.com retail API
2026-08-03,Azure,westus2,Standard_NC8as_T4_v3,T4,1.0,ondemand,0.752,0.752,prices.azure.com retail API
2026-08-03,Azure,westus2,Standard_NC8as_T4_v3,T4,1.0,spot,0.21808,0.21808,prices.azure.com retail API
2026-08-03,Azure,westus2,Standard_NC96ads_A100_v4,A100,4.0,ondemand,14.692,3.673,prices.azure.com retail API
2026-08-03,Azure,westus2,Standard_NC96ads_A100_v4,A100,4.0,spot,3.32333,0.8308325,prices.azure.com retail API
2026-08-03,Azure,westus2,Standard_ND128isr_NDR_GB200_v6,GB200,,ondemand,108.16,,prices.azure.com retail API
2026-08-03,Azure,westus2,Standard_ND128isr_NDR_GB200_v6,GB200,,spot,108.16,,prices.azure.com retail API
2026-08-03,Azure,westus2,Standard_ND40rs_v2,V100,8.0,ondemand,22.032,2.754,prices.azure.com retail API
2026-08-03,Azure,westus2,Standard_ND40rs_v2,V100,8.0,spot,4.071514,0.50893925,prices.azure.com retail API
2026-08-03,Azure,westus2,Standard_ND96amsr_A100_v4,A100,8.0,ondemand,32.77,4.09625,prices.azure.com retail API
2026-08-03,Azure,westus2,Standard_ND96amsr_A100_v4,A100,8.0,spot,8.5202,1.065025,prices.azure.com retail API
2026-08-03,Azure,westus2,Standard_ND96asr_A100_v4,A100,,ondemand,27.197,,prices.azure.com retail API
2026-08-03,Azure,westus2,Standard_ND96asr_A100_v4,A100,,spot,5.98334,,prices.azure.com retail API
2026-08-03,Azure,westus2,Standard_ND96asr_v4,A100,8.0,ondemand,27.197,3.399625,prices.azure.com retail API
2026-08-03,Azure,westus2,Standard_ND96asr_v4,A100,8.0,spot,5.98334,0.7479175,prices.azure.com retail API
2026-08-03,Azure,westus2,Standard_ND96is_H100_v5,H100,8.0,ondemand,88.488,11.061,prices.azure.com retail API
2026-08-03,Azure,westus2,Standard_ND96is_H100_v5,H100,8.0,spot,16.352582,2.04407275,prices.azure.com retail API
2026-08-03,Azure,westus2,Standard_ND96is_flex_H100_v5,H100,,ondemand,88.488,,prices.azure.com retail API
2026-08-03,Azure,westus2,Standard_ND96is_flex_H100_v5,H100,,spot,16.352582,,prices.azure.com retail API
2026-08-03,Azure,westus2,Standard_ND96is_noIB_H100_v5,H100,,ondemand,88.488,,prices.azure.com retail API
2026-08-03,Azure,westus2,Standard_ND96is_noIB_H100_v5,H100,,spot,16.352582,,prices.azure.com retail API
2026-08-03,Azure,westus2,Standard_ND96isr_H100_v5,H100,8.0,ondemand,98.32,12.29,prices.azure.com retail API
2026-08-03,Azure,westus2,Standard_ND96isr_H100_v5,H100,8.0,spot,18.169536,2.271192,prices.azure.com retail API
2026-08-03,Azure,westus2,Standard_ND96isr_H200_v5,H200,8.0,ondemand,84.8,10.6,prices.azure.com retail API
2026-08-03,Azure,westus2,Standard_ND96isr_H200_v5,H200,8.0,spot,84.8,10.6,prices.azure.com retail API
2026-08-03,Azure,westus2,Standard_NV12_Promo,M60,,ondemand,1.311,,prices.azure.com retail API
2026-08-03,Azure,westus2,Standard_NV12ads_A10_v5,A10,0.3333333333333333,ondemand,0.908,2.724,prices.azure.com retail API
2026-08-03,Azure,westus2,Standard_NV12ads_A10_v5,A10,0.3333333333333333,spot,0.167798,0.503394,prices.azure.com retail API
2026-08-03,Azure,westus2,Standard_NV12s_v3,M60,,ondemand,1.14,,prices.azure.com retail API
2026-08-03,Azure,westus2,Standard_NV12s_v3,M60,,spot,0.210672,,prices.azure.com retail API
2026-08-03,Azure,westus2,Standard_NV16as_v4,MI25,,ondemand,0.932,,prices.azure.com retail API
2026-08-03,Azure,westus2,Standard_NV16as_v4,MI25,,spot,0.172234,,prices.azure.com retail API
2026-08-03,Azure,westus2,Standard_NV18ads_A10_v5,A10,0.5,ondemand,1.6,3.2,prices.azure.com retail API
2026-08-03,Azure,westus2,Standard_NV18ads_A10_v5,A10,0.5,spot,0.29568,0.59136,prices.azure.com retail API
2026-08-03,Azure,westus2,Standard_NV24_Promo,M60,,ondemand,2.622,,prices.azure.com retail API
2026-08-03,Azure,westus2,Standard_NV24s_v3,M60,,ondemand,2.28,,prices.azure.com retail API
2026-08-03,Azure,westus2,Standard_NV24s_v3,M60,,spot,0.421344,,prices.azure.com retail API
2026-08-03,Azure,westus2,Standard_NV32as_v4,MI25,,ondemand,1.864,,prices.azure.com retail API
2026-08-03,Azure,westus2,Standard_NV32as_v4,MI25,,spot,0.344467,,prices.azure.com retail API
2026-08-03,Azure,westus2,Standard_NV36adms_A10_v5,A10,1.0,ondemand,4.52,4.52,prices.azure.com retail API
2026-08-03,Azure,westus2,Standard_NV36adms_A10_v5,A10,1.0,spot,0.835296,0.835296,prices.azure.com retail API
2026-08-03,Azure,westus2,Standard_NV36ads_A10_v5,A10,1.0,ondemand,3.2,3.2,prices.azure.com retail API
2026-08-03,Azure,westus2,Standard_NV36ads_A10_v5,A10,1.0,spot,0.59136,0.59136,prices.azure.com retail API
2026-08-03,Azure,westus2,Standard_NV48s_v3,M60,,ondemand,4.56,,prices.azure.com retail API
2026-08-03,Azure,westus2,Standard_NV48s_v3,M60,,spot,0.842688,,prices.azure.com retail API
2026-08-03,Azure,westus2,Standard_NV4as_v4,MI25,,ondemand,0.233,,prices.azure.com retail API
2026-08-03,Azure,westus2,Standard_NV4as_v4,MI25,,spot,0.043058,,prices.azure.com retail API
2026-08-03,Azure,westus2,Standard_NV6_Promo,M60,,ondemand,0.656,,prices.azure.com retail API
2026-08-03,Azure,westus2,Standard_NV6ads_A10_v5,A10,0.16666666666666666,ondemand,0.454,2.724,prices.azure.com retail API
2026-08-03,Azure,westus2,Standard_NV6ads_A10_v5,A10,0.16666666666666666,spot,0.083899,0.503394,prices.azure.com retail API
2026-08-03,Azure,westus2,Standard_NV72ads_A10_v5,A10,2.0,ondemand,6.52,3.26,prices.azure.com retail API
2026-08-03,Azure,westus2,Standard_NV72ads_A10_v5,A10,2.0,spot,1.204896,0.602448,prices.azure.com retail API
2026-08-03,Azure,westus2,Standard_NV8as_v4,MI25,,ondemand,0.466,,prices.azure.com retail API
2026-08-03,Azure,westus2,Standard_NV8as_v4,MI25,,spot,0.086117,,prices.azure.com retail API
2026-08-03,Azure,westus3,Standard_NC12s_v3,V100,2.0,ondemand,6.12,3.06,prices.azure.com retail API
2026-08-03,Azure,westus3,Standard_NC12s_v3,V100,2.0,spot,1.130976,0.565488,prices.azure.com retail API
2026-08-03,Azure,westus3,Standard_NC16ads_A10_v4,A10,,ondemand,2.2,,prices.azure.com retail API
2026-08-03,Azure,westus3,Standard_NC16ads_A10_v4,A10,,spot,0.40656,,prices.azure.com retail API
2026-08-03,Azure,westus3,Standard_NC16as_T4_v3,T4,1.0,ondemand,1.204,1.204,prices.azure.com retail API
2026-08-03,Azure,westus3,Standard_NC16as_T4_v3,T4,1.0,spot,0.34916,0.34916,prices.azure.com retail API
2026-08-03,Azure,westus3,Standard_NC24ads_A100_v4,A100,1.0,ondemand,3.673,3.673,prices.azure.com retail API
2026-08-03,Azure,westus3,Standard_NC24ads_A100_v4,A100,1.0,spot,0.910537,0.910537,prices.azure.com retail API
2026-08-03,Azure,westus3,Standard_NC24rs_v3,V100,4.0,ondemand,13.46,3.365,prices.azure.com retail API
2026-08-03,Azure,westus3,Standard_NC24rs_v3,V100,4.0,spot,2.487408,0.621852,prices.azure.com retail API
2026-08-03,Azure,westus3,Standard_NC24s_v3,V100,4.0,ondemand,12.24,3.06,prices.azure.com retail API
2026-08-03,Azure,westus3,Standard_NC24s_v3,V100,4.0,spot,2.261952,0.565488,prices.azure.com retail API
2026-08-03,Azure,westus3,Standard_NC32ads_A10_v4,A10,,ondemand,4.4,,prices.azure.com retail API
2026-08-03,Azure,westus3,Standard_NC32ads_A10_v4,A10,,spot,0.81312,,prices.azure.com retail API
2026-08-03,Azure,westus3,Standard_NC40ads_H100_v5,H100,1.0,ondemand,6.98,6.98,prices.azure.com retail API
2026-08-03,Azure,westus3,Standard_NC40ads_H100_v5,H100,1.0,spot,4.708708,4.708708,prices.azure.com retail API
2026-08-03,Azure,westus3,Standard_NC48ads_A100_v4,A100,2.0,ondemand,7.346,3.673,prices.azure.com retail API
2026-08-03,Azure,westus3,Standard_NC48ads_A100_v4,A100,2.0,spot,1.821073,0.9105365,prices.azure.com retail API
2026-08-03,Azure,westus3,Standard_NC4as_T4_v3,T4,1.0,ondemand,0.526,0.526,prices.azure.com retail API
2026-08-03,Azure,westus3,Standard_NC4as_T4_v3,T4,1.0,spot,0.15254,0.15254,prices.azure.com retail API
2026-08-03,Azure,westus3,Standard_NC64as_T4_v3,T4,4.0,ondemand,4.352,1.088,prices.azure.com retail API
2026-08-03,Azure,westus3,Standard_NC64as_T4_v3,T4,4.0,spot,1.26208,0.31552,prices.azure.com retail API
2026-08-03,Azure,westus3,Standard_NC6s_v3,V100,1.0,ondemand,3.06,3.06,prices.azure.com retail API
2026-08-03,Azure,westus3,Standard_NC6s_v3,V100,1.0,spot,0.565488,0.565488,prices.azure.com retail API
2026-08-03,Azure,westus3,Standard_NC80adis_H100_v5,H100,2.0,ondemand,13.96,6.98,prices.azure.com retail API
2026-08-03,Azure,westus3,Standard_NC80adis_H100_v5,H100,2.0,spot,9.417416,4.708708,prices.azure.com retail API
2026-08-03,Azure,westus3,Standard_NC8ads_A10_v4,A10,,ondemand,1.1,,prices.azure.com retail API
2026-08-03,Azure,westus3,Standard_NC8ads_A10_v4,A10,,spot,0.20328,,prices.azure.com retail API
2026-08-03,Azure,westus3,Standard_NC8as_T4_v3,T4,1.0,ondemand,0.752,0.752,prices.azure.com retail API
2026-08-03,Azure,westus3,Standard_NC8as_T4_v3,T4,1.0,spot,0.21808,0.21808,prices.azure.com retail API
2026-08-03,Azure,westus3,Standard_NC96ads_A100_v4,A100,4.0,ondemand,14.692,3.673,prices.azure.com retail API
2026-08-03,Azure,westus3,Standard_NC96ads_A100_v4,A100,4.0,spot,3.642147,0.91053675,prices.azure.com retail API
2026-08-03,Azure,westus3,Standard_ND128isr_NDR_GB200_v6,GB200,,ondemand,108.16,,prices.azure.com retail API
2026-08-03,Azure,westus3,Standard_ND128isr_NDR_GB200_v6,GB200,,spot,108.16,,prices.azure.com retail API
2026-08-03,Azure,westus3,Standard_ND96ams_A100_v4,A100,8.0,ondemand,32.77,4.09625,prices.azure.com retail API
2026-08-03,Azure,westus3,Standard_ND96ams_A100_v4,A100,8.0,spot,8.5202,1.065025,prices.azure.com retail API
2026-08-03,Azure,westus3,Standard_ND96amsr_A100_v4,A100,8.0,ondemand,32.77,4.09625,prices.azure.com retail API
2026-08-03,Azure,westus3,Standard_ND96amsr_A100_v4,A100,8.0,spot,8.5202,1.065025,prices.azure.com retail API
2026-08-03,Azure,westus3,Standard_ND96asr_A100_v4,A100,,ondemand,27.197,,prices.azure.com retail API
2026-08-03,Azure,westus3,Standard_ND96asr_A100_v4,A100,,spot,5.98334,,prices.azure.com retail API
2026-08-03,Azure,westus3,Standard_ND96is_H100_v5,H100,8.0,ondemand,88.488,11.061,prices.azure.com retail API
2026-08-03,Azure,westus3,Standard_ND96is_H100_v5,H100,8.0,spot,16.352582,2.04407275,prices.azure.com retail API
2026-08-03,Azure,westus3,Standard_ND96is_MI300X_v5,MI300X,,ondemand,48.0,,prices.azure.com retail API
2026-08-03,Azure,westus3,Standard_ND96is_MI300X_v5,MI300X,,spot,8.8704,,prices.azure.com retail API
2026-08-03,Azure,westus3,Standard_ND96is_flex_H100_v5,H100,,ondemand,88.488,,prices.azure.com retail API
2026-08-03,Azure,westus3,Standard_ND96is_flex_H100_v5,H100,,spot,16.352582,,prices.azure.com retail API
2026-08-03,Azure,westus3,Standard_ND96is_noIB_H100_v5,H100,,ondemand,88.488,,prices.azure.com retail API
2026-08-03,Azure,westus3,Standard_ND96is_noIB_H100_v5,H100,,spot,16.352582,,prices.azure.com retail API
2026-08-03,Azure,westus3,Standard_ND96isr_H100_v5,H100,8.0,ondemand,98.32,12.29,prices.azure.com retail API
2026-08-03,Azure,westus3,Standard_ND96isr_H100_v5,H100,8.0,spot,18.169536,2.271192,prices.azure.com retail API
2026-08-03,Azure,westus3,Standard_ND96isr_H200_v5,H200,8.0,ondemand,84.8,10.6,prices.azure.com retail API
2026-08-03,Azure,westus3,Standard_ND96isr_H200_v5,H200,8.0,spot,84.8,10.6,prices.azure.com retail API
2026-08-03,Azure,westus3,Standard_ND96isr_MI300X_v5,MI300X,8.0,ondemand,48.0,6.0,prices.azure.com retail API
2026-08-03,Azure,westus3,Standard_ND96isr_MI300X_v5,MI300X,8.0,spot,8.8704,1.1088,prices.azure.com retail API
2026-08-03,Azure,westus3,Standard_NG16ads_V620_v1,V620,,ondemand,1.27,,prices.azure.com retail API
2026-08-03,Azure,westus3,Standard_NG16ads_V620_v1,V620,,spot,0.234696,,prices.azure.com retail API
2026-08-03,Azure,westus3,Standard_NG32adms_V620,V620,,ondemand,3.302,,prices.azure.com retail API
2026-08-03,Azure,westus3,Standard_NG32adms_V620,V620,,spot,0.61021,,prices.azure.com retail API
2026-08-03,Azure,westus3,Standard_NG32ads_V620_v1,V620,,ondemand,2.54,,prices.azure.com retail API
2026-08-03,Azure,westus3,Standard_NG32ads_V620_v1,V620,,spot,0.469392,,prices.azure.com retail API
2026-08-03,Azure,westus3,Standard_NG8ads_V620_v1,V620,,ondemand,0.635,,prices.azure.com retail API
2026-08-03,Azure,westus3,Standard_NG8ads_V620_v1,V620,,spot,0.117348,,prices.azure.com retail API
2026-08-03,Azure,westus3,Standard_NV12ads_A10_v5,A10,0.3333333333333333,ondemand,0.908,2.724,prices.azure.com retail API
2026-08-03,Azure,westus3,Standard_NV12ads_A10_v5,A10,0.3333333333333333,spot,0.167798,0.503394,prices.azure.com retail API
2026-08-03,Azure,westus3,Standard_NV16as_v4,MI25,,ondemand,0.932,,prices.azure.com retail API
2026-08-03,Azure,westus3,Standard_NV16as_v4,MI25,,spot,0.172234,,prices.azure.com retail API
2026-08-03,Azure,westus3,Standard_NV18ads_A10_v5,A10,0.5,ondemand,1.6,3.2,prices.azure.com retail API
2026-08-03,Azure,westus3,Standard_NV18ads_A10_v5,A10,0.5,spot,0.29568,0.59136,prices.azure.com retail API
2026-08-03,Azure,westus3,Standard_NV32as_v4,MI25,,ondemand,1.864,,prices.azure.com retail API
2026-08-03,Azure,westus3,Standard_NV32as_v4,MI25,,spot,0.344467,,prices.azure.com retail API
2026-08-03,Azure,westus3,Standard_NV36adms_A10_v5,A10,1.0,ondemand,4.52,4.52,prices.azure.com retail API
2026-08-03,Azure,westus3,Standard_NV36adms_A10_v5,A10,1.0,spot,0.835296,0.835296,prices.azure.com retail API
2026-08-03,Azure,westus3,Standard_NV36ads_A10_v5,A10,1.0,ondemand,3.2,3.2,prices.azure.com retail API
2026-08-03,Azure,westus3,Standard_NV36ads_A10_v5,A10,1.0,spot,0.59136,0.59136,prices.azure.com retail API
2026-08-03,Azure,westus3,Standard_NV4as_v4,MI25,,ondemand,0.233,,prices.azure.com retail API
2026-08-03,Azure,westus3,Standard_NV4as_v4,MI25,,spot,0.043058,,prices.azure.com retail API
2026-08-03,Azure,westus3,Standard_NV6ads_A10_v5,A10,0.16666666666666666,ondemand,0.454,2.724,prices.azure.com retail API
2026-08-03,Azure,westus3,Standard_NV6ads_A10_v5,A10,0.16666666666666666,spot,0.083899,0.503394,prices.azure.com retail API
2026-08-03,Azure,westus3,Standard_NV72ads_A10_v5,A10,2.0,ondemand,6.52,3.26,prices.azure.com retail API
2026-08-03,Azure,westus3,Standard_NV72ads_A10_v5,A10,2.0,spot,1.204896,0.602448,prices.azure.com retail API
2026-08-03,Azure,westus3,Standard_NV8as_v4,MI25,,ondemand,0.466,,prices.azure.com retail API
2026-08-03,Azure,westus3,Standard_NV8as_v4,MI25,,spot,0.086117,,prices.azure.com retail API
