snapshot_date,provider,region,sku,gpu_model,gpu_count,price_type,price_usd_hour,price_usd_per_gpu_hour,source
2026-06-15,AWS,af-south-1,g4dn.12xlarge,T4,4.0,ondemand,5.19,1.2975,instances.vantage.sh (AWS Price List mirror)
2026-06-15,AWS,af-south-1,g4dn.12xlarge,T4,4.0,spot,0.519,0.12975,instances.vantage.sh (AWS Price List mirror)
2026-06-15,AWS,af-south-1,g4dn.16xlarge,T4,1.0,ondemand,5.774,5.774,instances.vantage.sh (AWS Price List mirror)
2026-06-15,AWS,af-south-1,g4dn.16xlarge,T4,1.0,spot,0.5774,0.5774,instances.vantage.sh (AWS Price List mirror)
2026-06-15,AWS,af-south-1,g4dn.2xlarge,T4,1.0,ondemand,0.998,0.998,instances.vantage.sh (AWS Price List mirror)
2026-06-15,AWS,af-south-1,g4dn.2xlarge,T4,1.0,spot,0.15968,0.15968,instances.vantage.sh (AWS Price List mirror)
2026-06-15,AWS,af-south-1,g4dn.4xlarge,T4,1.0,ondemand,1.597,1.597,instances.vantage.sh (AWS Price List mirror)
2026-06-15,AWS,af-south-1,g4dn.4xlarge,T4,1.0,spot,0.35134,0.35134,instances.vantage.sh (AWS Price List mirror)
2026-06-15,AWS,af-south-1,g4dn.8xlarge,T4,1.0,ondemand,2.887,2.887,instances.vantage.sh (AWS Price List mirror)
2026-06-15,AWS,af-south-1,g4dn.8xlarge,T4,1.0,spot,0.31757,0.31757,instances.vantage.sh (AWS Price List mirror)
2026-06-15,AWS,af-south-1,g4dn.metal,T4,8.0,ondemand,10.381,1.297625,instances.vantage.sh (AWS Price List mirror)
2026-06-15,AWS,af-south-1,g4dn.metal,T4,8.0,spot,9.44671,1.18083875,instances.vantage.sh (AWS Price List mirror)
2026-06-15,AWS,af-south-1,g4dn.xlarge,T4,1.0,ondemand,0.698,0.698,instances.vantage.sh (AWS Price List mirror)
2026-06-15,AWS,af-south-1,g4dn.xlarge,T4,1.0,spot,0.16054,0.16054,instances.vantage.sh (AWS Price List mirror)
2026-06-15,AWS,af-south-1,inf1.24xlarge,AWS Inferentia,16.0,ondemand,6.249,0.3905625,instances.vantage.sh (AWS Price List mirror)
2026-06-15,AWS,af-south-1,inf1.24xlarge,AWS Inferentia,16.0,spot,0.74988,0.0468675,instances.vantage.sh (AWS Price List mirror)
2026-06-15,AWS,af-south-1,inf1.xlarge,AWS Inferentia,1.0,ondemand,0.302,0.302,instances.vantage.sh (AWS Price List mirror)
2026-06-15,AWS,af-south-1-los-1,g4dn.2xlarge,T4,1.0,ondemand,1.247,1.247,instances.vantage.sh (AWS Price List mirror)
2026-06-15,AWS,ap-east-1,g4dn.12xlarge,T4,4.0,ondemand,6.024,1.506,instances.vantage.sh (AWS Price List mirror)
2026-06-15,AWS,ap-east-1,g4dn.12xlarge,T4,4.0,spot,3.3132,0.8283,instances.vantage.sh (AWS Price List mirror)
2026-06-15,AWS,ap-east-1,g4dn.16xlarge,T4,1.0,ondemand,6.702,6.702,instances.vantage.sh (AWS Price List mirror)
2026-06-15,AWS,ap-east-1,g4dn.16xlarge,T4,1.0,spot,0.6702,0.6702,instances.vantage.sh (AWS Price List mirror)
2026-06-15,AWS,ap-east-1,g4dn.2xlarge,T4,1.0,ondemand,1.158,1.158,instances.vantage.sh (AWS Price List mirror)
2026-06-15,AWS,ap-east-1,g4dn.2xlarge,T4,1.0,spot,0.30108,0.30108,instances.vantage.sh (AWS Price List mirror)
2026-06-15,AWS,ap-east-1,g4dn.4xlarge,T4,1.0,ondemand,1.854,1.854,instances.vantage.sh (AWS Price List mirror)
2026-06-15,AWS,ap-east-1,g4dn.4xlarge,T4,1.0,spot,0.31518,0.31518,instances.vantage.sh (AWS Price List mirror)
2026-06-15,AWS,ap-east-1,g4dn.8xlarge,T4,1.0,ondemand,3.351,3.351,instances.vantage.sh (AWS Price List mirror)
2026-06-15,AWS,ap-east-1,g4dn.8xlarge,T4,1.0,spot,0.40212,0.40212,instances.vantage.sh (AWS Price List mirror)
2026-06-15,AWS,ap-east-1,g4dn.metal,T4,8.0,ondemand,12.048,1.506,instances.vantage.sh (AWS Price List mirror)
2026-06-15,AWS,ap-east-1,g4dn.metal,T4,8.0,spot,7.8312,0.9789,instances.vantage.sh (AWS Price List mirror)
2026-06-15,AWS,ap-east-1,g4dn.xlarge,T4,1.0,ondemand,0.81,0.81,instances.vantage.sh (AWS Price List mirror)
2026-06-15,AWS,ap-east-1,g4dn.xlarge,T4,1.0,spot,0.162,0.162,instances.vantage.sh (AWS Price List mirror)
2026-06-15,AWS,ap-east-1,g5.12xlarge,A10G,4.0,ondemand,8.7324,2.1831,instances.vantage.sh (AWS Price List mirror)
2026-06-15,AWS,ap-east-1,g5.12xlarge,A10G,4.0,spot,1.833804,0.458451,instances.vantage.sh (AWS Price List mirror)
2026-06-15,AWS,ap-east-1,g5.16xlarge,A10G,1.0,ondemand,6.30605,6.30605,instances.vantage.sh (AWS Price List mirror)
2026-06-15,AWS,ap-east-1,g5.16xlarge,A10G,1.0,spot,1.450392,1.450392,instances.vantage.sh (AWS Price List mirror)
2026-06-15,AWS,ap-east-1,g5.24xlarge,A10G,4.0,ondemand,12.5382,3.13455,instances.vantage.sh (AWS Price List mirror)
2026-06-15,AWS,ap-east-1,g5.24xlarge,A10G,4.0,spot,11.409762,2.8524405,instances.vantage.sh (AWS Price List mirror)
2026-06-15,AWS,ap-east-1,g5.2xlarge,A10G,1.0,ondemand,1.86595,1.86595,instances.vantage.sh (AWS Price List mirror)
2026-06-15,AWS,ap-east-1,g5.2xlarge,A10G,1.0,spot,0.410509,0.410509,instances.vantage.sh (AWS Price List mirror)
2026-06-15,AWS,ap-east-1,g5.48xlarge,A10G,8.0,ondemand,25.0764,3.13455,instances.vantage.sh (AWS Price List mirror)
2026-06-15,AWS,ap-east-1,g5.48xlarge,A10G,8.0,spot,12.5382,1.567275,instances.vantage.sh (AWS Price List mirror)
2026-06-15,AWS,ap-east-1,g5.4xlarge,A10G,1.0,ondemand,2.50025,2.50025,instances.vantage.sh (AWS Price List mirror)
2026-06-15,AWS,ap-east-1,g5.4xlarge,A10G,1.0,spot,2.10021,2.10021,instances.vantage.sh (AWS Price List mirror)
2026-06-15,AWS,ap-east-1,g5.8xlarge,A10G,1.0,ondemand,3.76885,3.76885,instances.vantage.sh (AWS Price List mirror)
2026-06-15,AWS,ap-east-1,g5.8xlarge,A10G,1.0,spot,1.055278,1.055278,instances.vantage.sh (AWS Price List mirror)
2026-06-15,AWS,ap-east-1,g5.xlarge,A10G,1.0,ondemand,1.5488,1.5488,instances.vantage.sh (AWS Price List mirror)
2026-06-15,AWS,ap-east-1,g5.xlarge,A10G,1.0,spot,0.3872,0.3872,instances.vantage.sh (AWS Price List mirror)
2026-06-15,AWS,ap-east-1,inf1.24xlarge,AWS Inferentia,16.0,ondemand,7.274,0.454625,instances.vantage.sh (AWS Price List mirror)
2026-06-15,AWS,ap-east-1,inf1.24xlarge,AWS Inferentia,16.0,spot,4.14618,0.25913625,instances.vantage.sh (AWS Price List mirror)
2026-06-15,AWS,ap-east-1,inf1.2xlarge,AWS Inferentia,1.0,ondemand,0.558,0.558,instances.vantage.sh (AWS Price List mirror)
2026-06-15,AWS,ap-east-1,inf1.2xlarge,AWS Inferentia,1.0,spot,0.06138,0.06138,instances.vantage.sh (AWS Price List mirror)
2026-06-15,AWS,ap-east-1,inf1.6xlarge,AWS Inferentia,4.0,ondemand,1.819,0.45475,instances.vantage.sh (AWS Price List mirror)
2026-06-15,AWS,ap-east-1,inf1.6xlarge,AWS Inferentia,4.0,spot,0.21828,0.05457,instances.vantage.sh (AWS Price List mirror)
2026-06-15,AWS,ap-east-1,inf1.xlarge,AWS Inferentia,1.0,ondemand,0.352,0.352,instances.vantage.sh (AWS Price List mirror)
2026-06-15,AWS,ap-east-1,inf1.xlarge,AWS Inferentia,1.0,spot,0.03872,0.03872,instances.vantage.sh (AWS Price List mirror)
2026-06-15,AWS,ap-northeast-1,g2.2xlarge,K520,1.0,ondemand,0.898,0.898,instances.vantage.sh (AWS Price List mirror)
2026-06-15,AWS,ap-northeast-1,g2.8xlarge,K520,4.0,ondemand,3.592,0.898,instances.vantage.sh (AWS Price List mirror)
2026-06-15,AWS,ap-northeast-1,g3.16xlarge,M60,4.0,ondemand,6.32,1.58,instances.vantage.sh (AWS Price List mirror)
2026-06-15,AWS,ap-northeast-1,g3.4xlarge,M60,1.0,ondemand,1.58,1.58,instances.vantage.sh (AWS Price List mirror)
2026-06-15,AWS,ap-northeast-1,g3.8xlarge,M60,2.0,ondemand,3.16,1.58,instances.vantage.sh (AWS Price List mirror)
2026-06-15,AWS,ap-northeast-1,g3s.xlarge,M60,1.0,ondemand,1.04,1.04,instances.vantage.sh (AWS Price List mirror)
2026-06-15,AWS,ap-northeast-1,g4ad.16xlarge,V520,4.0,ondemand,4.68,1.17,instances.vantage.sh (AWS Price List mirror)
2026-06-15,AWS,ap-northeast-1,g4ad.16xlarge,V520,4.0,spot,2.0065,0.501625,instances.vantage.sh (AWS Price List mirror)
2026-06-15,AWS,ap-northeast-1,g4ad.2xlarge,V520,1.0,ondemand,0.7303,0.7303,instances.vantage.sh (AWS Price List mirror)
2026-06-15,AWS,ap-northeast-1,g4ad.2xlarge,V520,1.0,spot,0.3976,0.3976,instances.vantage.sh (AWS Price List mirror)
2026-06-15,AWS,ap-northeast-1,g4ad.4xlarge,V520,1.0,ondemand,1.17,1.17,instances.vantage.sh (AWS Price List mirror)
2026-06-15,AWS,ap-northeast-1,g4ad.4xlarge,V520,1.0,spot,0.644667,0.644667,instances.vantage.sh (AWS Price List mirror)
2026-06-15,AWS,ap-northeast-1,g4ad.8xlarge,V520,2.0,ondemand,2.34,1.17,instances.vantage.sh (AWS Price List mirror)
2026-06-15,AWS,ap-northeast-1,g4ad.8xlarge,V520,2.0,spot,0.494033,0.2470165,instances.vantage.sh (AWS Price List mirror)
2026-06-15,AWS,ap-northeast-1,g4ad.xlarge,V520,1.0,ondemand,0.51082,0.51082,instances.vantage.sh (AWS Price List mirror)
2026-06-15,AWS,ap-northeast-1,g4ad.xlarge,V520,1.0,spot,0.2671,0.2671,instances.vantage.sh (AWS Price List mirror)
2026-06-15,AWS,ap-northeast-1,g4dn.12xlarge,T4,4.0,ondemand,5.281,1.32025,instances.vantage.sh (AWS Price List mirror)
2026-06-15,AWS,ap-northeast-1,g4dn.12xlarge,T4,4.0,spot,2.483533,0.62088325,instances.vantage.sh (AWS Price List mirror)
2026-06-15,AWS,ap-northeast-1,g4dn.16xlarge,T4,1.0,ondemand,5.875,5.875,instances.vantage.sh (AWS Price List mirror)
2026-06-15,AWS,ap-northeast-1,g4dn.16xlarge,T4,1.0,spot,0.942933,0.942933,instances.vantage.sh (AWS Price List mirror)
2026-06-15,AWS,ap-northeast-1,g4dn.2xlarge,T4,1.0,ondemand,1.015,1.015,instances.vantage.sh (AWS Price List mirror)
2026-06-15,AWS,ap-northeast-1,g4dn.2xlarge,T4,1.0,spot,0.397833,0.397833,instances.vantage.sh (AWS Price List mirror)
2026-06-15,AWS,ap-northeast-1,g4dn.4xlarge,T4,1.0,ondemand,1.625,1.625,instances.vantage.sh (AWS Price List mirror)
2026-06-15,AWS,ap-northeast-1,g4dn.4xlarge,T4,1.0,spot,0.6587,0.6587,instances.vantage.sh (AWS Price List mirror)
2026-06-15,AWS,ap-northeast-1,g4dn.8xlarge,T4,1.0,ondemand,2.938,2.938,instances.vantage.sh (AWS Price List mirror)
2026-06-15,AWS,ap-northeast-1,g4dn.8xlarge,T4,1.0,spot,1.0054,1.0054,instances.vantage.sh (AWS Price List mirror)
2026-06-15,AWS,ap-northeast-1,g4dn.metal,T4,8.0,ondemand,10.562,1.32025,instances.vantage.sh (AWS Price List mirror)
2026-06-15,AWS,ap-northeast-1,g4dn.metal,T4,8.0,spot,3.9729,0.4966125,instances.vantage.sh (AWS Price List mirror)
2026-06-15,AWS,ap-northeast-1,g4dn.xlarge,T4,1.0,ondemand,0.71,0.71,instances.vantage.sh (AWS Price List mirror)
2026-06-15,AWS,ap-northeast-1,g4dn.xlarge,T4,1.0,spot,0.245633,0.245633,instances.vantage.sh (AWS Price List mirror)
2026-06-15,AWS,ap-northeast-1,g5.12xlarge,A10G,4.0,ondemand,8.22609,2.0565225,instances.vantage.sh (AWS Price List mirror)
2026-06-15,AWS,ap-northeast-1,g5.12xlarge,A10G,4.0,spot,8.2261,2.056525,instances.vantage.sh (AWS Price List mirror)
2026-06-15,AWS,ap-northeast-1,g5.16xlarge,A10G,1.0,ondemand,5.94042,5.94042,instances.vantage.sh (AWS Price List mirror)
2026-06-15,AWS,ap-northeast-1,g5.16xlarge,A10G,1.0,spot,2.1059,2.1059,instances.vantage.sh (AWS Price List mirror)
2026-06-15,AWS,ap-northeast-1,g5.24xlarge,A10G,4.0,ondemand,11.81123,2.9528075,instances.vantage.sh (AWS Price List mirror)
2026-06-15,AWS,ap-northeast-1,g5.24xlarge,A10G,4.0,spot,11.8112,2.9528,instances.vantage.sh (AWS Price List mirror)
2026-06-15,AWS,ap-northeast-1,g5.2xlarge,A10G,1.0,ondemand,1.75776,1.75776,instances.vantage.sh (AWS Price List mirror)
2026-06-15,AWS,ap-northeast-1,g5.2xlarge,A10G,1.0,spot,0.768,0.768,instances.vantage.sh (AWS Price List mirror)
2026-06-15,AWS,ap-northeast-1,g5.48xlarge,A10G,8.0,ondemand,23.62246,2.9528075,instances.vantage.sh (AWS Price List mirror)
2026-06-15,AWS,ap-northeast-1,g5.48xlarge,A10G,8.0,spot,23.6225,2.9528125,instances.vantage.sh (AWS Price List mirror)
2026-06-15,AWS,ap-northeast-1,g5.4xlarge,A10G,1.0,ondemand,2.35528,2.35528,instances.vantage.sh (AWS Price List mirror)
2026-06-15,AWS,ap-northeast-1,g5.4xlarge,A10G,1.0,spot,0.66745,0.66745,instances.vantage.sh (AWS Price List mirror)
2026-06-15,AWS,ap-northeast-1,g5.8xlarge,A10G,1.0,ondemand,3.55033,3.55033,instances.vantage.sh (AWS Price List mirror)
2026-06-15,AWS,ap-northeast-1,g5.8xlarge,A10G,1.0,spot,1.00585,1.00585,instances.vantage.sh (AWS Price List mirror)
2026-06-15,AWS,ap-northeast-1,g5.xlarge,A10G,1.0,ondemand,1.459,1.459,instances.vantage.sh (AWS Price List mirror)
2026-06-15,AWS,ap-northeast-1,g5.xlarge,A10G,1.0,spot,0.56355,0.56355,instances.vantage.sh (AWS Price List mirror)
2026-06-15,AWS,ap-northeast-1,g5g.16xlarge,T4G,2.0,ondemand,3.7039,1.85195,instances.vantage.sh (AWS Price List mirror)
2026-06-15,AWS,ap-northeast-1,g5g.16xlarge,T4G,2.0,spot,0.50875,0.254375,instances.vantage.sh (AWS Price List mirror)
2026-06-15,AWS,ap-northeast-1,g5g.2xlarge,T4G,1.0,ondemand,0.7505,0.7505,instances.vantage.sh (AWS Price List mirror)
2026-06-15,AWS,ap-northeast-1,g5g.2xlarge,T4G,1.0,spot,0.1765,0.1765,instances.vantage.sh (AWS Price List mirror)
2026-06-15,AWS,ap-northeast-1,g5g.4xlarge,T4G,1.0,ondemand,1.1176,1.1176,instances.vantage.sh (AWS Price List mirror)
2026-06-15,AWS,ap-northeast-1,g5g.4xlarge,T4G,1.0,spot,0.16575,0.16575,instances.vantage.sh (AWS Price List mirror)
2026-06-15,AWS,ap-northeast-1,g5g.8xlarge,T4G,1.0,ondemand,1.8519,1.8519,instances.vantage.sh (AWS Price List mirror)
2026-06-15,AWS,ap-northeast-1,g5g.8xlarge,T4G,1.0,spot,0.2541,0.2541,instances.vantage.sh (AWS Price List mirror)
2026-06-15,AWS,ap-northeast-1,g5g.metal,T4G,2.0,ondemand,3.7039,1.85195,instances.vantage.sh (AWS Price List mirror)
2026-06-15,AWS,ap-northeast-1,g5g.metal,T4G,2.0,spot,0.50695,0.253475,instances.vantage.sh (AWS Price List mirror)
2026-06-15,AWS,ap-northeast-1,g5g.xlarge,T4G,1.0,ondemand,0.5669,0.5669,instances.vantage.sh (AWS Price List mirror)
2026-06-15,AWS,ap-northeast-1,g5g.xlarge,T4G,1.0,spot,0.0892,0.0892,instances.vantage.sh (AWS Price List mirror)
2026-06-15,AWS,ap-northeast-1,g6.12xlarge,L4,4.0,ondemand,6.67369,1.6684225,instances.vantage.sh (AWS Price List mirror)
2026-06-15,AWS,ap-northeast-1,g6.12xlarge,L4,4.0,spot,2.545,0.63625,instances.vantage.sh (AWS Price List mirror)
2026-06-15,AWS,ap-northeast-1,g6.16xlarge,L4,1.0,ondemand,4.92637,4.92637,instances.vantage.sh (AWS Price List mirror)
2026-06-15,AWS,ap-northeast-1,g6.16xlarge,L4,1.0,spot,1.151,1.151,instances.vantage.sh (AWS Price List mirror)
2026-06-15,AWS,ap-northeast-1,g6.24xlarge,L4,4.0,ondemand,9.68103,2.4202575,instances.vantage.sh (AWS Price List mirror)
2026-06-15,AWS,ap-northeast-1,g6.24xlarge,L4,4.0,spot,1.9579,0.489475,instances.vantage.sh (AWS Price List mirror)
2026-06-15,AWS,ap-northeast-1,g6.2xlarge,L4,1.0,ondemand,1.41781,1.41781,instances.vantage.sh (AWS Price List mirror)
2026-06-15,AWS,ap-northeast-1,g6.2xlarge,L4,1.0,spot,0.52055,0.52055,instances.vantage.sh (AWS Price List mirror)
2026-06-15,AWS,ap-northeast-1,g6.48xlarge,L4,8.0,ondemand,19.36206,2.4202575,instances.vantage.sh (AWS Price List mirror)
2026-06-15,AWS,ap-northeast-1,g6.48xlarge,L4,8.0,spot,3.5133,0.4391625,instances.vantage.sh (AWS Price List mirror)
2026-06-15,AWS,ap-northeast-1,g6.4xlarge,L4,1.0,ondemand,1.91903,1.91903,instances.vantage.sh (AWS Price List mirror)
2026-06-15,AWS,ap-northeast-1,g6.4xlarge,L4,1.0,spot,0.58105,0.58105,instances.vantage.sh (AWS Price List mirror)
2026-06-15,AWS,ap-northeast-1,g6.8xlarge,L4,1.0,ondemand,2.92148,2.92148,instances.vantage.sh (AWS Price List mirror)
2026-06-15,AWS,ap-northeast-1,g6.8xlarge,L4,1.0,spot,0.96165,0.96165,instances.vantage.sh (AWS Price List mirror)
2026-06-15,AWS,ap-northeast-1,g6.xlarge,L4,1.0,ondemand,1.1672,1.1672,instances.vantage.sh (AWS Price List mirror)
2026-06-15,AWS,ap-northeast-1,g6.xlarge,L4,1.0,spot,0.40805,0.40805,instances.vantage.sh (AWS Price List mirror)
2026-06-15,AWS,ap-northeast-1,g6e.12xlarge,L40S,4.0,ondemand,15.21742,3.804355,instances.vantage.sh (AWS Price List mirror)
2026-06-15,AWS,ap-northeast-1,g6e.12xlarge,L40S,4.0,spot,4.3799,1.094975,instances.vantage.sh (AWS Price List mirror)
2026-06-15,AWS,ap-northeast-1,g6e.16xlarge,L40S,1.0,ondemand,10.98917,10.98917,instances.vantage.sh (AWS Price List mirror)
2026-06-15,AWS,ap-northeast-1,g6e.16xlarge,L40S,1.0,spot,1.87445,1.87445,instances.vantage.sh (AWS Price List mirror)
2026-06-15,AWS,ap-northeast-1,g6e.24xlarge,L40S,4.0,ondemand,21.84956,5.46239,instances.vantage.sh (AWS Price List mirror)
2026-06-15,AWS,ap-northeast-1,g6e.24xlarge,L40S,4.0,spot,3.45425,0.8635625,instances.vantage.sh (AWS Price List mirror)
2026-06-15,AWS,ap-northeast-1,g6e.2xlarge,L40S,1.0,ondemand,3.25168,3.25168,instances.vantage.sh (AWS Price List mirror)
2026-06-15,AWS,ap-northeast-1,g6e.2xlarge,L40S,1.0,spot,1.0118,1.0118,instances.vantage.sh (AWS Price List mirror)
2026-06-15,AWS,ap-northeast-1,g6e.48xlarge,L40S,8.0,ondemand,43.69912,5.46239,instances.vantage.sh (AWS Price List mirror)
2026-06-15,AWS,ap-northeast-1,g6e.48xlarge,L40S,8.0,spot,7.23705,0.90463125,instances.vantage.sh (AWS Price List mirror)
2026-06-15,AWS,ap-northeast-1,g6e.4xlarge,L40S,1.0,ondemand,4.35703,4.35703,instances.vantage.sh (AWS Price List mirror)
2026-06-15,AWS,ap-northeast-1,g6e.4xlarge,L40S,1.0,spot,1.44805,1.44805,instances.vantage.sh (AWS Price List mirror)
2026-06-15,AWS,ap-northeast-1,g6e.8xlarge,L40S,1.0,ondemand,6.56775,6.56775,instances.vantage.sh (AWS Price List mirror)
2026-06-15,AWS,ap-northeast-1,g6e.8xlarge,L40S,1.0,spot,2.3809,2.3809,instances.vantage.sh (AWS Price List mirror)
2026-06-15,AWS,ap-northeast-1,g6e.xlarge,L40S,1.0,ondemand,2.699,2.699,instances.vantage.sh (AWS Price List mirror)
2026-06-15,AWS,ap-northeast-1,g6e.xlarge,L40S,1.0,spot,0.956,0.956,instances.vantage.sh (AWS Price List mirror)
2026-06-15,AWS,ap-northeast-1,g6f.2xlarge,L4,0.25,ondemand,0.68888,2.75552,instances.vantage.sh (AWS Price List mirror)
2026-06-15,AWS,ap-northeast-1,g6f.2xlarge,L4,0.25,spot,0.2122,0.8488,instances.vantage.sh (AWS Price List mirror)
2026-06-15,AWS,ap-northeast-1,g6f.4xlarge,L4,0.5,ondemand,1.37776,2.75552,instances.vantage.sh (AWS Price List mirror)
2026-06-15,AWS,ap-northeast-1,g6f.4xlarge,L4,0.5,spot,0.4573,0.9146,instances.vantage.sh (AWS Price List mirror)
2026-06-15,AWS,ap-northeast-1,g6f.large,L4,0.125,ondemand,0.29296,2.34368,instances.vantage.sh (AWS Price List mirror)
2026-06-15,AWS,ap-northeast-1,g6f.large,L4,0.125,spot,0.05515,0.4412,instances.vantage.sh (AWS Price List mirror)
2026-06-15,AWS,ap-northeast-1,g6f.xlarge,L4,0.125,ondemand,0.34444,2.75552,instances.vantage.sh (AWS Price List mirror)
2026-06-15,AWS,ap-northeast-1,g6f.xlarge,L4,0.125,spot,0.1004,0.8032,instances.vantage.sh (AWS Price List mirror)
2026-06-15,AWS,ap-northeast-1,g7e.12xlarge,NVIDIA GB202,2.0,ondemand,12.01727,6.008635,instances.vantage.sh (AWS Price List mirror)
2026-06-15,AWS,ap-northeast-1,g7e.12xlarge,NVIDIA GB202,2.0,spot,2.5441,1.27205,instances.vantage.sh (AWS Price List mirror)
2026-06-15,AWS,ap-northeast-1,g7e.24xlarge,NVIDIA GB202,4.0,ondemand,24.03454,6.008635,instances.vantage.sh (AWS Price List mirror)
2026-06-15,AWS,ap-northeast-1,g7e.24xlarge,NVIDIA GB202,4.0,spot,5.55435,1.3885875,instances.vantage.sh (AWS Price List mirror)
2026-06-15,AWS,ap-northeast-1,g7e.2xlarge,NVIDIA GB202,1.0,ondemand,4.87752,4.87752,instances.vantage.sh (AWS Price List mirror)
2026-06-15,AWS,ap-northeast-1,g7e.2xlarge,NVIDIA GB202,1.0,spot,1.5474,1.5474,instances.vantage.sh (AWS Price List mirror)
2026-06-15,AWS,ap-northeast-1,g7e.48xlarge,NVIDIA GB202,8.0,ondemand,48.06908,6.008635,instances.vantage.sh (AWS Price List mirror)
2026-06-15,AWS,ap-northeast-1,g7e.48xlarge,NVIDIA GB202,8.0,spot,22.5852,2.82315,instances.vantage.sh (AWS Price List mirror)
2026-06-15,AWS,ap-northeast-1,g7e.4xlarge,NVIDIA GB202,1.0,ondemand,5.79852,5.79852,instances.vantage.sh (AWS Price List mirror)
2026-06-15,AWS,ap-northeast-1,g7e.4xlarge,NVIDIA GB202,1.0,spot,1.9763,1.9763,instances.vantage.sh (AWS Price List mirror)
2026-06-15,AWS,ap-northeast-1,g7e.8xlarge,NVIDIA GB202,1.0,ondemand,7.64051,7.64051,instances.vantage.sh (AWS Price List mirror)
2026-06-15,AWS,ap-northeast-1,g7e.8xlarge,NVIDIA GB202,1.0,spot,2.2432,2.2432,instances.vantage.sh (AWS Price List mirror)
2026-06-15,AWS,ap-northeast-1,gr6.4xlarge,L4,1.0,ondemand,2.2323,2.2323,instances.vantage.sh (AWS Price List mirror)
2026-06-15,AWS,ap-northeast-1,gr6.4xlarge,L4,1.0,spot,0.43915,0.43915,instances.vantage.sh (AWS Price List mirror)
2026-06-15,AWS,ap-northeast-1,gr6.8xlarge,L4,1.0,ondemand,3.54801,3.54801,instances.vantage.sh (AWS Price List mirror)
2026-06-15,AWS,ap-northeast-1,gr6.8xlarge,L4,1.0,spot,0.57155,0.57155,instances.vantage.sh (AWS Price List mirror)
2026-06-15,AWS,ap-northeast-1,gr6f.4xlarge,L4,0.5,ondemand,1.54602,3.09204,instances.vantage.sh (AWS Price List mirror)
2026-06-15,AWS,ap-northeast-1,gr6f.4xlarge,L4,0.5,spot,0.4704,0.9408,instances.vantage.sh (AWS Price List mirror)
2026-06-15,AWS,ap-northeast-1,inf1.24xlarge,AWS Inferentia,16.0,ondemand,6.376,0.3985,instances.vantage.sh (AWS Price List mirror)
2026-06-15,AWS,ap-northeast-1,inf1.24xlarge,AWS Inferentia,16.0,spot,4.779733,0.2987333125,instances.vantage.sh (AWS Price List mirror)
2026-06-15,AWS,ap-northeast-1,inf1.2xlarge,AWS Inferentia,1.0,ondemand,0.489,0.489,instances.vantage.sh (AWS Price List mirror)
2026-06-15,AWS,ap-northeast-1,inf1.2xlarge,AWS Inferentia,1.0,spot,0.0863,0.0863,instances.vantage.sh (AWS Price List mirror)
2026-06-15,AWS,ap-northeast-1,inf1.6xlarge,AWS Inferentia,4.0,ondemand,1.594,0.3985,instances.vantage.sh (AWS Price List mirror)
2026-06-15,AWS,ap-northeast-1,inf1.6xlarge,AWS Inferentia,4.0,spot,0.3871,0.096775,instances.vantage.sh (AWS Price List mirror)
2026-06-15,AWS,ap-northeast-1,inf1.xlarge,AWS Inferentia,1.0,ondemand,0.308,0.308,instances.vantage.sh (AWS Price List mirror)
2026-06-15,AWS,ap-northeast-1,inf1.xlarge,AWS Inferentia,1.0,spot,0.0551,0.0551,instances.vantage.sh (AWS Price List mirror)
2026-06-15,AWS,ap-northeast-1,inf2.24xlarge,AWS Inferentia2,6.0,ondemand,9.73595,1.6226583333333335,instances.vantage.sh (AWS Price List mirror)
2026-06-15,AWS,ap-northeast-1,inf2.24xlarge,AWS Inferentia2,6.0,spot,9.736,1.6226666666666667,instances.vantage.sh (AWS Price List mirror)
2026-06-15,AWS,ap-northeast-1,inf2.48xlarge,AWS Inferentia2,12.0,ondemand,19.4719,1.6226583333333335,instances.vantage.sh (AWS Price List mirror)
2026-06-15,AWS,ap-northeast-1,inf2.48xlarge,AWS Inferentia2,12.0,spot,19.4719,1.6226583333333335,instances.vantage.sh (AWS Price List mirror)
2026-06-15,AWS,ap-northeast-1,inf2.8xlarge,AWS Inferentia2,1.0,ondemand,2.95179,2.95179,instances.vantage.sh (AWS Price List mirror)
2026-06-15,AWS,ap-northeast-1,inf2.8xlarge,AWS Inferentia2,1.0,spot,2.9518,2.9518,instances.vantage.sh (AWS Price List mirror)
2026-06-15,AWS,ap-northeast-1,inf2.xlarge,AWS Inferentia2,1.0,ondemand,1.1373,1.1373,instances.vantage.sh (AWS Price List mirror)
2026-06-15,AWS,ap-northeast-1,inf2.xlarge,AWS Inferentia2,1.0,spot,0.4121,0.4121,instances.vantage.sh (AWS Price List mirror)
2026-06-15,AWS,ap-northeast-1,p2.16xlarge,K80,16.0,ondemand,24.672,1.542,instances.vantage.sh (AWS Price List mirror)
2026-06-15,AWS,ap-northeast-1,p2.8xlarge,K80,8.0,ondemand,12.336,1.542,instances.vantage.sh (AWS Price List mirror)
2026-06-15,AWS,ap-northeast-1,p2.xlarge,K80,1.0,ondemand,1.542,1.542,instances.vantage.sh (AWS Price List mirror)
2026-06-15,AWS,ap-northeast-1,p3.16xlarge,V100,8.0,ondemand,33.552,4.194,instances.vantage.sh (AWS Price List mirror)
2026-06-15,AWS,ap-northeast-1,p3.16xlarge,V100,8.0,spot,33.552,4.194,instances.vantage.sh (AWS Price List mirror)
2026-06-15,AWS,ap-northeast-1,p3.2xlarge,V100,1.0,ondemand,4.194,4.194,instances.vantage.sh (AWS Price List mirror)
2026-06-15,AWS,ap-northeast-1,p3.2xlarge,V100,1.0,spot,4.194,4.194,instances.vantage.sh (AWS Price List mirror)
2026-06-15,AWS,ap-northeast-1,p3.8xlarge,V100,4.0,ondemand,16.776,4.194,instances.vantage.sh (AWS Price List mirror)
2026-06-15,AWS,ap-northeast-1,p3.8xlarge,V100,4.0,spot,7.4068,1.8517,instances.vantage.sh (AWS Price List mirror)
2026-06-15,AWS,ap-northeast-1,p3dn.24xlarge,V100,8.0,ondemand,42.783,5.347875,instances.vantage.sh (AWS Price List mirror)
2026-06-15,AWS,ap-northeast-1,p3dn.24xlarge,V100,8.0,spot,14.6723,1.8340375,instances.vantage.sh (AWS Price List mirror)
2026-06-15,AWS,ap-northeast-1,p4d.24xlarge,A100,8.0,ondemand,30.09784,3.76223,instances.vantage.sh (AWS Price List mirror)
2026-06-15,AWS,ap-northeast-1,p4d.24xlarge,A100,8.0,spot,20.0289,2.5036125,instances.vantage.sh (AWS Price List mirror)
2026-06-15,AWS,ap-northeast-1,p4de.24xlarge,A100,8.0,ondemand,37.6223,4.7027875,instances.vantage.sh (AWS Price List mirror)
2026-06-15,AWS,ap-northeast-1,p4de.24xlarge,A100,8.0,spot,24.12095,3.01511875,instances.vantage.sh (AWS Price List mirror)
2026-06-15,AWS,ap-northeast-1,p5.48xlarge,H100,8.0,ondemand,68.8,8.6,instances.vantage.sh (AWS Price List mirror)
2026-06-15,AWS,ap-northeast-1,p5.48xlarge,H100,8.0,spot,31.6271,3.9533875,instances.vantage.sh (AWS Price List mirror)
2026-06-15,AWS,ap-northeast-1,p5.4xlarge,H100,1.0,ondemand,8.6,8.6,instances.vantage.sh (AWS Price List mirror)
2026-06-15,AWS,ap-northeast-1,p5.4xlarge,H100,1.0,spot,2.3151,2.3151,instances.vantage.sh (AWS Price List mirror)
2026-06-15,AWS,ap-northeast-1,p5en.48xlarge,H200,8.0,ondemand,79.12,9.89,instances.vantage.sh (AWS Price List mirror)
2026-06-15,AWS,ap-northeast-1,p5en.48xlarge,H200,8.0,spot,20.1638,2.520475,instances.vantage.sh (AWS Price List mirror)
2026-06-15,AWS,ap-northeast-1-tpe-1,g4dn.2xlarge,T4,1.0,ondemand,1.371,1.371,instances.vantage.sh (AWS Price List mirror)
2026-06-15,AWS,ap-northeast-1-wl1-kix1,g4dn.2xlarge,T4,1.0,ondemand,1.777,1.777,instances.vantage.sh (AWS Price List mirror)
2026-06-15,AWS,ap-northeast-1-wl1-nrt1,g4dn.2xlarge,T4,1.0,ondemand,1.777,1.777,instances.vantage.sh (AWS Price List mirror)
2026-06-15,AWS,ap-northeast-2,g2.2xlarge,K520,1.0,ondemand,0.898,0.898,instances.vantage.sh (AWS Price List mirror)
2026-06-15,AWS,ap-northeast-2,g2.8xlarge,K520,4.0,ondemand,3.592,0.898,instances.vantage.sh (AWS Price List mirror)
2026-06-15,AWS,ap-northeast-2,g3.16xlarge,M60,4.0,ondemand,5.68,1.42,instances.vantage.sh (AWS Price List mirror)
2026-06-15,AWS,ap-northeast-2,g3.4xlarge,M60,1.0,ondemand,1.42,1.42,instances.vantage.sh (AWS Price List mirror)
2026-06-15,AWS,ap-northeast-2,g3.8xlarge,M60,2.0,ondemand,2.84,1.42,instances.vantage.sh (AWS Price List mirror)
2026-06-15,AWS,ap-northeast-2,g3s.xlarge,M60,1.0,ondemand,0.934,0.934,instances.vantage.sh (AWS Price List mirror)
2026-06-15,AWS,ap-northeast-2,g4dn.12xlarge,T4,4.0,ondemand,4.812,1.203,instances.vantage.sh (AWS Price List mirror)
2026-06-15,AWS,ap-northeast-2,g4dn.12xlarge,T4,4.0,spot,2.448867,0.61221675,instances.vantage.sh (AWS Price List mirror)
2026-06-15,AWS,ap-northeast-2,g4dn.16xlarge,T4,1.0,ondemand,5.353,5.353,instances.vantage.sh (AWS Price List mirror)
2026-06-15,AWS,ap-northeast-2,g4dn.16xlarge,T4,1.0,spot,1.190533,1.190533,instances.vantage.sh (AWS Price List mirror)
2026-06-15,AWS,ap-northeast-2,g4dn.2xlarge,T4,1.0,ondemand,0.925,0.925,instances.vantage.sh (AWS Price List mirror)
2026-06-15,AWS,ap-northeast-2,g4dn.2xlarge,T4,1.0,spot,0.2744,0.2744,instances.vantage.sh (AWS Price List mirror)
2026-06-15,AWS,ap-northeast-2,g4dn.4xlarge,T4,1.0,ondemand,1.481,1.481,instances.vantage.sh (AWS Price List mirror)
2026-06-15,AWS,ap-northeast-2,g4dn.4xlarge,T4,1.0,spot,0.525033,0.525033,instances.vantage.sh (AWS Price List mirror)
2026-06-15,AWS,ap-northeast-2,g4dn.8xlarge,T4,1.0,ondemand,2.677,2.677,instances.vantage.sh (AWS Price List mirror)
2026-06-15,AWS,ap-northeast-2,g4dn.8xlarge,T4,1.0,spot,0.5157,0.5157,instances.vantage.sh (AWS Price List mirror)
2026-06-15,AWS,ap-northeast-2,g4dn.metal,T4,8.0,ondemand,9.624,1.203,instances.vantage.sh (AWS Price List mirror)
2026-06-15,AWS,ap-northeast-2,g4dn.metal,T4,8.0,spot,4.134367,0.516795875,instances.vantage.sh (AWS Price List mirror)
2026-06-15,AWS,ap-northeast-2,g4dn.xlarge,T4,1.0,ondemand,0.647,0.647,instances.vantage.sh (AWS Price List mirror)
2026-06-15,AWS,ap-northeast-2,g4dn.xlarge,T4,1.0,spot,0.238433,0.238433,instances.vantage.sh (AWS Price List mirror)
2026-06-15,AWS,ap-northeast-2,g5.12xlarge,A10G,4.0,ondemand,6.97442,1.743605,instances.vantage.sh (AWS Price List mirror)
2026-06-15,AWS,ap-northeast-2,g5.12xlarge,A10G,4.0,spot,2.4355,0.608875,instances.vantage.sh (AWS Price List mirror)
2026-06-15,AWS,ap-northeast-2,g5.16xlarge,A10G,1.0,ondemand,5.03653,5.03653,instances.vantage.sh (AWS Price List mirror)
2026-06-15,AWS,ap-northeast-2,g5.16xlarge,A10G,1.0,spot,0.832267,0.832267,instances.vantage.sh (AWS Price List mirror)
2026-06-15,AWS,ap-northeast-2,g5.24xlarge,A10G,4.0,ondemand,10.01404,2.50351,instances.vantage.sh (AWS Price List mirror)
2026-06-15,AWS,ap-northeast-2,g5.24xlarge,A10G,4.0,spot,2.9516,0.7379,instances.vantage.sh (AWS Price List mirror)
2026-06-15,AWS,ap-northeast-2,g5.2xlarge,A10G,1.0,ondemand,1.4903,1.4903,instances.vantage.sh (AWS Price List mirror)
2026-06-15,AWS,ap-northeast-2,g5.2xlarge,A10G,1.0,spot,0.444033,0.444033,instances.vantage.sh (AWS Price List mirror)
2026-06-15,AWS,ap-northeast-2,g5.48xlarge,A10G,8.0,ondemand,20.02809,2.50351125,instances.vantage.sh (AWS Price List mirror)
2026-06-15,AWS,ap-northeast-2,g5.48xlarge,A10G,8.0,spot,6.529867,0.816233375,instances.vantage.sh (AWS Price List mirror)
2026-06-15,AWS,ap-northeast-2,g5.4xlarge,A10G,1.0,ondemand,1.99691,1.99691,instances.vantage.sh (AWS Price List mirror)
2026-06-15,AWS,ap-northeast-2,g5.4xlarge,A10G,1.0,spot,0.559333,0.559333,instances.vantage.sh (AWS Price List mirror)
2026-06-15,AWS,ap-northeast-2,g5.8xlarge,A10G,1.0,ondemand,3.01012,3.01012,instances.vantage.sh (AWS Price List mirror)
2026-06-15,AWS,ap-northeast-2,g5.8xlarge,A10G,1.0,spot,0.862967,0.862967,instances.vantage.sh (AWS Price List mirror)
2026-06-15,AWS,ap-northeast-2,g5.xlarge,A10G,1.0,ondemand,1.237,1.237,instances.vantage.sh (AWS Price List mirror)
2026-06-15,AWS,ap-northeast-2,g5.xlarge,A10G,1.0,spot,0.521467,0.521467,instances.vantage.sh (AWS Price List mirror)
2026-06-15,AWS,ap-northeast-2,g5g.16xlarge,T4G,2.0,ondemand,3.3752,1.6876,instances.vantage.sh (AWS Price List mirror)
2026-06-15,AWS,ap-northeast-2,g5g.16xlarge,T4G,2.0,spot,0.3375,0.16875,instances.vantage.sh (AWS Price List mirror)
2026-06-15,AWS,ap-northeast-2,g5g.2xlarge,T4G,1.0,ondemand,0.6839,0.6839,instances.vantage.sh (AWS Price List mirror)
2026-06-15,AWS,ap-northeast-2,g5g.2xlarge,T4G,1.0,spot,0.14435,0.14435,instances.vantage.sh (AWS Price List mirror)
2026-06-15,AWS,ap-northeast-2,g5g.4xlarge,T4G,1.0,ondemand,1.0185,1.0185,instances.vantage.sh (AWS Price List mirror)
2026-06-15,AWS,ap-northeast-2,g5g.4xlarge,T4G,1.0,spot,0.13225,0.13225,instances.vantage.sh (AWS Price List mirror)
2026-06-15,AWS,ap-northeast-2,g5g.8xlarge,T4G,1.0,ondemand,1.6876,1.6876,instances.vantage.sh (AWS Price List mirror)
2026-06-15,AWS,ap-northeast-2,g5g.8xlarge,T4G,1.0,spot,0.1688,0.1688,instances.vantage.sh (AWS Price List mirror)
2026-06-15,AWS,ap-northeast-2,g5g.metal,T4G,2.0,ondemand,3.3752,1.6876,instances.vantage.sh (AWS Price List mirror)
2026-06-15,AWS,ap-northeast-2,g5g.metal,T4G,2.0,spot,0.37665,0.188325,instances.vantage.sh (AWS Price List mirror)
2026-06-15,AWS,ap-northeast-2,g5g.xlarge,T4G,1.0,ondemand,0.5166,0.5166,instances.vantage.sh (AWS Price List mirror)
2026-06-15,AWS,ap-northeast-2,g5g.xlarge,T4G,1.0,spot,0.0747,0.0747,instances.vantage.sh (AWS Price List mirror)
2026-06-15,AWS,ap-northeast-2,g6.12xlarge,L4,4.0,ondemand,5.65823,1.4145575,instances.vantage.sh (AWS Price List mirror)
2026-06-15,AWS,ap-northeast-2,g6.12xlarge,L4,4.0,spot,1.4001,0.350025,instances.vantage.sh (AWS Price List mirror)
2026-06-15,AWS,ap-northeast-2,g6.16xlarge,L4,1.0,ondemand,4.17678,4.17678,instances.vantage.sh (AWS Price List mirror)
2026-06-15,AWS,ap-northeast-2,g6.16xlarge,L4,1.0,spot,0.778533,0.778533,instances.vantage.sh (AWS Price List mirror)
2026-06-15,AWS,ap-northeast-2,g6.24xlarge,L4,4.0,ondemand,8.20797,2.0519925,instances.vantage.sh (AWS Price List mirror)
2026-06-15,AWS,ap-northeast-2,g6.24xlarge,L4,4.0,spot,1.379467,0.34486675,instances.vantage.sh (AWS Price List mirror)
2026-06-15,AWS,ap-northeast-2,g6.2xlarge,L4,1.0,ondemand,1.20208,1.20208,instances.vantage.sh (AWS Price List mirror)
2026-06-15,AWS,ap-northeast-2,g6.2xlarge,L4,1.0,spot,0.393067,0.393067,instances.vantage.sh (AWS Price List mirror)
2026-06-15,AWS,ap-northeast-2,g6.48xlarge,L4,8.0,ondemand,16.41595,2.05199375,instances.vantage.sh (AWS Price List mirror)
2026-06-15,AWS,ap-northeast-2,g6.48xlarge,L4,8.0,spot,3.1671,0.3958875,instances.vantage.sh (AWS Price List mirror)
2026-06-15,AWS,ap-northeast-2,g6.4xlarge,L4,1.0,ondemand,1.62704,1.62704,instances.vantage.sh (AWS Price List mirror)
2026-06-15,AWS,ap-northeast-2,g6.4xlarge,L4,1.0,spot,0.403867,0.403867,instances.vantage.sh (AWS Price List mirror)
2026-06-15,AWS,ap-northeast-2,g6.8xlarge,L4,1.0,ondemand,2.47695,2.47695,instances.vantage.sh (AWS Price List mirror)
2026-06-15,AWS,ap-northeast-2,g6.8xlarge,L4,1.0,spot,0.4291,0.4291,instances.vantage.sh (AWS Price List mirror)
2026-06-15,AWS,ap-northeast-2,g6.xlarge,L4,1.0,ondemand,0.9896,0.9896,instances.vantage.sh (AWS Price List mirror)
2026-06-15,AWS,ap-northeast-2,g6.xlarge,L4,1.0,spot,0.3255,0.3255,instances.vantage.sh (AWS Price List mirror)
2026-06-15,AWS,ap-northeast-2,g6e.12xlarge,L40S,4.0,ondemand,12.90014,3.225035,instances.vantage.sh (AWS Price List mirror)
2026-06-15,AWS,ap-northeast-2,g6e.12xlarge,L40S,4.0,spot,2.37555,0.5938875,instances.vantage.sh (AWS Price List mirror)
2026-06-15,AWS,ap-northeast-2,g6e.16xlarge,L40S,1.0,ondemand,9.31575,9.31575,instances.vantage.sh (AWS Price List mirror)
2026-06-15,AWS,ap-northeast-2,g6e.16xlarge,L40S,1.0,spot,1.4148,1.4148,instances.vantage.sh (AWS Price List mirror)
2026-06-15,AWS,ap-northeast-2,g6e.24xlarge,L40S,4.0,ondemand,18.52234,4.630585,instances.vantage.sh (AWS Price List mirror)
2026-06-15,AWS,ap-northeast-2,g6e.24xlarge,L40S,4.0,spot,2.4866,0.62165,instances.vantage.sh (AWS Price List mirror)
2026-06-15,AWS,ap-northeast-2,g6e.2xlarge,L40S,1.0,ondemand,2.75652,2.75652,instances.vantage.sh (AWS Price List mirror)
2026-06-15,AWS,ap-northeast-2,g6e.2xlarge,L40S,1.0,spot,0.6969,0.6969,instances.vantage.sh (AWS Price List mirror)
2026-06-15,AWS,ap-northeast-2,g6e.48xlarge,L40S,8.0,ondemand,37.04468,4.630585,instances.vantage.sh (AWS Price List mirror)
2026-06-15,AWS,ap-northeast-2,g6e.48xlarge,L40S,8.0,spot,5.02685,0.62835625,instances.vantage.sh (AWS Price List mirror)
2026-06-15,AWS,ap-northeast-2,g6e.4xlarge,L40S,1.0,ondemand,3.69355,3.69355,instances.vantage.sh (AWS Price List mirror)
2026-06-15,AWS,ap-northeast-2,g6e.4xlarge,L40S,1.0,spot,1.0067,1.0067,instances.vantage.sh (AWS Price List mirror)
2026-06-15,AWS,ap-northeast-2,g6e.8xlarge,L40S,1.0,ondemand,5.56762,5.56762,instances.vantage.sh (AWS Price List mirror)
2026-06-15,AWS,ap-northeast-2,g6e.8xlarge,L40S,1.0,spot,1.51505,1.51505,instances.vantage.sh (AWS Price List mirror)
2026-06-15,AWS,ap-northeast-2,g6e.xlarge,L40S,1.0,ondemand,2.288,2.288,instances.vantage.sh (AWS Price List mirror)
2026-06-15,AWS,ap-northeast-2,g6e.xlarge,L40S,1.0,spot,0.5487,0.5487,instances.vantage.sh (AWS Price List mirror)
2026-06-15,AWS,ap-northeast-2,g6f.2xlarge,L4,0.25,ondemand,0.58406,2.33624,instances.vantage.sh (AWS Price List mirror)
2026-06-15,AWS,ap-northeast-2,g6f.2xlarge,L4,0.25,spot,0.1511,0.6044,instances.vantage.sh (AWS Price List mirror)
2026-06-15,AWS,ap-northeast-2,g6f.4xlarge,L4,0.5,ondemand,1.16812,2.33624,instances.vantage.sh (AWS Price List mirror)
2026-06-15,AWS,ap-northeast-2,g6f.4xlarge,L4,0.5,spot,0.378967,0.757934,instances.vantage.sh (AWS Price List mirror)
2026-06-15,AWS,ap-northeast-2,g6f.large,L4,0.125,ondemand,0.24838,1.98704,instances.vantage.sh (AWS Price List mirror)
2026-06-15,AWS,ap-northeast-2,g6f.large,L4,0.125,spot,0.035033,0.280264,instances.vantage.sh (AWS Price List mirror)
2026-06-15,AWS,ap-northeast-2,g6f.xlarge,L4,0.125,ondemand,0.29203,2.33624,instances.vantage.sh (AWS Price List mirror)
2026-06-15,AWS,ap-northeast-2,g6f.xlarge,L4,0.125,spot,0.0776,0.6208,instances.vantage.sh (AWS Price List mirror)
2026-06-15,AWS,ap-northeast-2,g7e.12xlarge,NVIDIA GB202,2.0,ondemand,10.1873,5.09365,instances.vantage.sh (AWS Price List mirror)
2026-06-15,AWS,ap-northeast-2,g7e.12xlarge,NVIDIA GB202,2.0,spot,3.98635,1.993175,instances.vantage.sh (AWS Price List mirror)
2026-06-15,AWS,ap-northeast-2,g7e.24xlarge,NVIDIA GB202,4.0,ondemand,20.3746,5.09365,instances.vantage.sh (AWS Price List mirror)
2026-06-15,AWS,ap-northeast-2,g7e.24xlarge,NVIDIA GB202,4.0,spot,6.788,1.697,instances.vantage.sh (AWS Price List mirror)
2026-06-15,AWS,ap-northeast-2,g7e.2xlarge,NVIDIA GB202,1.0,ondemand,4.13478,4.13478,instances.vantage.sh (AWS Price List mirror)
2026-06-15,AWS,ap-northeast-2,g7e.2xlarge,NVIDIA GB202,1.0,spot,1.5922,1.5922,instances.vantage.sh (AWS Price List mirror)
2026-06-15,AWS,ap-northeast-2,g7e.48xlarge,NVIDIA GB202,8.0,ondemand,40.74921,5.09365125,instances.vantage.sh (AWS Price List mirror)
2026-06-15,AWS,ap-northeast-2,g7e.48xlarge,NVIDIA GB202,8.0,spot,9.4274,1.178425,instances.vantage.sh (AWS Price List mirror)
2026-06-15,AWS,ap-northeast-2,g7e.4xlarge,NVIDIA GB202,1.0,ondemand,4.91553,4.91553,instances.vantage.sh (AWS Price List mirror)
2026-06-15,AWS,ap-northeast-2,g7e.4xlarge,NVIDIA GB202,1.0,spot,1.3912,1.3912,instances.vantage.sh (AWS Price List mirror)
2026-06-15,AWS,ap-northeast-2,g7e.8xlarge,NVIDIA GB202,1.0,ondemand,6.47703,6.47703,instances.vantage.sh (AWS Price List mirror)
2026-06-15,AWS,ap-northeast-2,g7e.8xlarge,NVIDIA GB202,1.0,spot,2.1986,2.1986,instances.vantage.sh (AWS Price List mirror)
2026-06-15,AWS,ap-northeast-2,gr6.4xlarge,L4,1.0,ondemand,1.8926,1.8926,instances.vantage.sh (AWS Price List mirror)
2026-06-15,AWS,ap-northeast-2,gr6.4xlarge,L4,1.0,spot,0.3513,0.3513,instances.vantage.sh (AWS Price List mirror)
2026-06-15,AWS,ap-northeast-2,gr6.8xlarge,L4,1.0,ondemand,3.00809,3.00809,instances.vantage.sh (AWS Price List mirror)
2026-06-15,AWS,ap-northeast-2,gr6.8xlarge,L4,1.0,spot,0.3878,0.3878,instances.vantage.sh (AWS Price List mirror)
2026-06-15,AWS,ap-northeast-2,gr6f.4xlarge,L4,0.5,ondemand,1.31075,2.6215,instances.vantage.sh (AWS Price List mirror)
2026-06-15,AWS,ap-northeast-2,gr6f.4xlarge,L4,0.5,spot,0.287367,0.574734,instances.vantage.sh (AWS Price List mirror)
2026-06-15,AWS,ap-northeast-2,inf1.24xlarge,AWS Inferentia,16.0,ondemand,5.812,0.36325,instances.vantage.sh (AWS Price List mirror)
2026-06-15,AWS,ap-northeast-2,inf1.24xlarge,AWS Inferentia,16.0,spot,1.1457,0.07160625,instances.vantage.sh (AWS Price List mirror)
2026-06-15,AWS,ap-northeast-2,inf1.2xlarge,AWS Inferentia,1.0,ondemand,0.446,0.446,instances.vantage.sh (AWS Price List mirror)
2026-06-15,AWS,ap-northeast-2,inf1.2xlarge,AWS Inferentia,1.0,spot,0.076,0.076,instances.vantage.sh (AWS Price List mirror)
2026-06-15,AWS,ap-northeast-2,inf1.6xlarge,AWS Inferentia,4.0,ondemand,1.453,0.36325,instances.vantage.sh (AWS Price List mirror)
2026-06-15,AWS,ap-northeast-2,inf1.6xlarge,AWS Inferentia,4.0,spot,0.1938,0.04845,instances.vantage.sh (AWS Price List mirror)
2026-06-15,AWS,ap-northeast-2,inf1.xlarge,AWS Inferentia,1.0,ondemand,0.281,0.281,instances.vantage.sh (AWS Price List mirror)
2026-06-15,AWS,ap-northeast-2,inf1.xlarge,AWS Inferentia,1.0,spot,0.05145,0.05145,instances.vantage.sh (AWS Price List mirror)
2026-06-15,AWS,ap-northeast-2,inf2.xlarge,AWS Inferentia2,1.0,ondemand,0.90984,0.90984,instances.vantage.sh (AWS Price List mirror)
2026-06-15,AWS,ap-northeast-2,inf2.xlarge,AWS Inferentia2,1.0,spot,0.401533,0.401533,instances.vantage.sh (AWS Price List mirror)
2026-06-15,AWS,ap-northeast-2,p2.16xlarge,K80,16.0,ondemand,23.44,1.465,instances.vantage.sh (AWS Price List mirror)
2026-06-15,AWS,ap-northeast-2,p2.8xlarge,K80,8.0,ondemand,11.72,1.465,instances.vantage.sh (AWS Price List mirror)
2026-06-15,AWS,ap-northeast-2,p2.xlarge,K80,1.0,ondemand,1.465,1.465,instances.vantage.sh (AWS Price List mirror)
2026-06-15,AWS,ap-northeast-2,p3.16xlarge,V100,8.0,ondemand,33.872,4.234,instances.vantage.sh (AWS Price List mirror)
2026-06-15,AWS,ap-northeast-2,p3.16xlarge,V100,8.0,spot,33.872,4.234,instances.vantage.sh (AWS Price List mirror)
2026-06-15,AWS,ap-northeast-2,p3.2xlarge,V100,1.0,ondemand,4.234,4.234,instances.vantage.sh (AWS Price List mirror)
2026-06-15,AWS,ap-northeast-2,p3.2xlarge,V100,1.0,spot,4.234,4.234,instances.vantage.sh (AWS Price List mirror)
2026-06-15,AWS,ap-northeast-2,p3.8xlarge,V100,4.0,ondemand,16.936,4.234,instances.vantage.sh (AWS Price List mirror)
2026-06-15,AWS,ap-northeast-2,p3.8xlarge,V100,4.0,spot,16.936,4.234,instances.vantage.sh (AWS Price List mirror)
2026-06-15,AWS,ap-northeast-2,p4d.24xlarge,A100,8.0,ondemand,30.41028,3.801285,instances.vantage.sh (AWS Price List mirror)
2026-06-15,AWS,ap-northeast-2,p4d.24xlarge,A100,8.0,spot,9.60545,1.20068125,instances.vantage.sh (AWS Price List mirror)
2026-06-15,AWS,ap-northeast-2,p5.48xlarge,H100,8.0,ondemand,75.9552,9.4944,instances.vantage.sh (AWS Price List mirror)
2026-06-15,AWS,ap-northeast-2,p5en.48xlarge,H200,8.0,ondemand,87.34848,10.91856,instances.vantage.sh (AWS Price List mirror)
2026-06-15,AWS,ap-northeast-2,p5en.48xlarge,H200,8.0,spot,21.4392,2.6799,instances.vantage.sh (AWS Price List mirror)
2026-06-15,AWS,ap-northeast-2-wl1-cjj1,g4dn.2xlarge,T4,1.0,ondemand,1.249,1.249,instances.vantage.sh (AWS Price List mirror)
2026-06-15,AWS,ap-northeast-2-wl1-sel1,g4dn.2xlarge,T4,1.0,ondemand,1.249,1.249,instances.vantage.sh (AWS Price List mirror)
2026-06-15,AWS,ap-northeast-3,g4dn.12xlarge,T4,4.0,ondemand,5.281,1.32025,instances.vantage.sh (AWS Price List mirror)
2026-06-15,AWS,ap-northeast-3,g4dn.12xlarge,T4,4.0,spot,1.2202,0.30505,instances.vantage.sh (AWS Price List mirror)
2026-06-15,AWS,ap-northeast-3,g4dn.16xlarge,T4,1.0,ondemand,5.875,5.875,instances.vantage.sh (AWS Price List mirror)
2026-06-15,AWS,ap-northeast-3,g4dn.16xlarge,T4,1.0,spot,1.12575,1.12575,instances.vantage.sh (AWS Price List mirror)
2026-06-15,AWS,ap-northeast-3,g4dn.2xlarge,T4,1.0,ondemand,1.015,1.015,instances.vantage.sh (AWS Price List mirror)
2026-06-15,AWS,ap-northeast-3,g4dn.2xlarge,T4,1.0,spot,0.24965,0.24965,instances.vantage.sh (AWS Price List mirror)
2026-06-15,AWS,ap-northeast-3,g4dn.4xlarge,T4,1.0,ondemand,1.625,1.625,instances.vantage.sh (AWS Price List mirror)
2026-06-15,AWS,ap-northeast-3,g4dn.4xlarge,T4,1.0,spot,0.4156,0.4156,instances.vantage.sh (AWS Price List mirror)
2026-06-15,AWS,ap-northeast-3,g4dn.8xlarge,T4,1.0,ondemand,2.938,2.938,instances.vantage.sh (AWS Price List mirror)
2026-06-15,AWS,ap-northeast-3,g4dn.8xlarge,T4,1.0,spot,0.6522,0.6522,instances.vantage.sh (AWS Price List mirror)
2026-06-15,AWS,ap-northeast-3,g4dn.metal,T4,8.0,ondemand,10.562,1.32025,instances.vantage.sh (AWS Price List mirror)
2026-06-15,AWS,ap-northeast-3,g4dn.metal,T4,8.0,spot,3.64445,0.45555625,instances.vantage.sh (AWS Price List mirror)
2026-06-15,AWS,ap-northeast-3,g4dn.xlarge,T4,1.0,ondemand,0.71,0.71,instances.vantage.sh (AWS Price List mirror)
2026-06-15,AWS,ap-northeast-3,g4dn.xlarge,T4,1.0,spot,0.25,0.25,instances.vantage.sh (AWS Price List mirror)
2026-06-15,AWS,ap-northeast-3,g6e.12xlarge,L40S,4.0,ondemand,15.21742,3.804355,instances.vantage.sh (AWS Price List mirror)
2026-06-15,AWS,ap-northeast-3,g6e.12xlarge,L40S,4.0,spot,3.79905,0.9497625,instances.vantage.sh (AWS Price List mirror)
2026-06-15,AWS,ap-northeast-3,g6e.16xlarge,L40S,1.0,ondemand,10.98917,10.98917,instances.vantage.sh (AWS Price List mirror)
2026-06-15,AWS,ap-northeast-3,g6e.16xlarge,L40S,1.0,spot,1.9324,1.9324,instances.vantage.sh (AWS Price List mirror)
2026-06-15,AWS,ap-northeast-3,g6e.24xlarge,L40S,4.0,ondemand,21.84956,5.46239,instances.vantage.sh (AWS Price List mirror)
2026-06-15,AWS,ap-northeast-3,g6e.24xlarge,L40S,4.0,spot,4.58335,1.1458375,instances.vantage.sh (AWS Price List mirror)
2026-06-15,AWS,ap-northeast-3,g6e.2xlarge,L40S,1.0,ondemand,3.25168,3.25168,instances.vantage.sh (AWS Price List mirror)
2026-06-15,AWS,ap-northeast-3,g6e.2xlarge,L40S,1.0,spot,0.8599,0.8599,instances.vantage.sh (AWS Price List mirror)
2026-06-15,AWS,ap-northeast-3,g6e.48xlarge,L40S,8.0,ondemand,43.69912,5.46239,instances.vantage.sh (AWS Price List mirror)
2026-06-15,AWS,ap-northeast-3,g6e.48xlarge,L40S,8.0,spot,6.62295,0.82786875,instances.vantage.sh (AWS Price List mirror)
2026-06-15,AWS,ap-northeast-3,g6e.4xlarge,L40S,1.0,ondemand,4.35703,4.35703,instances.vantage.sh (AWS Price List mirror)
2026-06-15,AWS,ap-northeast-3,g6e.4xlarge,L40S,1.0,spot,1.16555,1.16555,instances.vantage.sh (AWS Price List mirror)
2026-06-15,AWS,ap-northeast-3,g6e.8xlarge,L40S,1.0,ondemand,6.56775,6.56775,instances.vantage.sh (AWS Price List mirror)
2026-06-15,AWS,ap-northeast-3,g6e.8xlarge,L40S,1.0,spot,1.25105,1.25105,instances.vantage.sh (AWS Price List mirror)
2026-06-15,AWS,ap-northeast-3,g6e.xlarge,L40S,1.0,ondemand,2.699,2.699,instances.vantage.sh (AWS Price List mirror)
2026-06-15,AWS,ap-northeast-3,g6e.xlarge,L40S,1.0,spot,0.72105,0.72105,instances.vantage.sh (AWS Price List mirror)
2026-06-15,AWS,ap-south-1,g4dn.12xlarge,T4,4.0,ondemand,4.306,1.0765,instances.vantage.sh (AWS Price List mirror)
2026-06-15,AWS,ap-south-1,g4dn.12xlarge,T4,4.0,spot,1.935733,0.48393325,instances.vantage.sh (AWS Price List mirror)
2026-06-15,AWS,ap-south-1,g4dn.16xlarge,T4,1.0,ondemand,4.791,4.791,instances.vantage.sh (AWS Price List mirror)
2026-06-15,AWS,ap-south-1,g4dn.16xlarge,T4,1.0,spot,1.277467,1.277467,instances.vantage.sh (AWS Price List mirror)
2026-06-15,AWS,ap-south-1,g4dn.2xlarge,T4,1.0,ondemand,0.828,0.828,instances.vantage.sh (AWS Price List mirror)
2026-06-15,AWS,ap-south-1,g4dn.2xlarge,T4,1.0,spot,0.279,0.279,instances.vantage.sh (AWS Price List mirror)
2026-06-15,AWS,ap-south-1,g4dn.4xlarge,T4,1.0,ondemand,1.325,1.325,instances.vantage.sh (AWS Price List mirror)
2026-06-15,AWS,ap-south-1,g4dn.4xlarge,T4,1.0,spot,0.447167,0.447167,instances.vantage.sh (AWS Price List mirror)
2026-06-15,AWS,ap-south-1,g4dn.8xlarge,T4,1.0,ondemand,2.395,2.395,instances.vantage.sh (AWS Price List mirror)
2026-06-15,AWS,ap-south-1,g4dn.8xlarge,T4,1.0,spot,0.796333,0.796333,instances.vantage.sh (AWS Price List mirror)
2026-06-15,AWS,ap-south-1,g4dn.metal,T4,8.0,ondemand,8.612,1.0765,instances.vantage.sh (AWS Price List mirror)
2026-06-15,AWS,ap-south-1,g4dn.metal,T4,8.0,spot,2.798267,0.349783375,instances.vantage.sh (AWS Price List mirror)
2026-06-15,AWS,ap-south-1,g4dn.xlarge,T4,1.0,ondemand,0.579,0.579,instances.vantage.sh (AWS Price List mirror)
2026-06-15,AWS,ap-south-1,g4dn.xlarge,T4,1.0,spot,0.2109,0.2109,instances.vantage.sh (AWS Price List mirror)
2026-06-15,AWS,ap-south-1,g5.12xlarge,A10G,4.0,ondemand,6.81091,1.7027275,instances.vantage.sh (AWS Price List mirror)
2026-06-15,AWS,ap-south-1,g5.12xlarge,A10G,4.0,spot,4.74595,1.1864875,instances.vantage.sh (AWS Price List mirror)
2026-06-15,AWS,ap-south-1,g5.16xlarge,A10G,1.0,ondemand,4.91846,4.91846,instances.vantage.sh (AWS Price List mirror)
2026-06-15,AWS,ap-south-1,g5.16xlarge,A10G,1.0,spot,1.34885,1.34885,instances.vantage.sh (AWS Price List mirror)
2026-06-15,AWS,ap-south-1,g5.24xlarge,A10G,4.0,ondemand,9.77928,2.44482,instances.vantage.sh (AWS Price List mirror)
2026-06-15,AWS,ap-south-1,g5.24xlarge,A10G,4.0,spot,6.18985,1.5474625,instances.vantage.sh (AWS Price List mirror)
2026-06-15,AWS,ap-south-1,g5.2xlarge,A10G,1.0,ondemand,1.45536,1.45536,instances.vantage.sh (AWS Price List mirror)
2026-06-15,AWS,ap-south-1,g5.2xlarge,A10G,1.0,spot,0.5052,0.5052,instances.vantage.sh (AWS Price List mirror)
2026-06-15,AWS,ap-south-1,g5.48xlarge,A10G,8.0,ondemand,19.55855,2.44481875,instances.vantage.sh (AWS Price List mirror)
2026-06-15,AWS,ap-south-1,g5.48xlarge,A10G,8.0,spot,12.68745,1.58593125,instances.vantage.sh (AWS Price List mirror)
2026-06-15,AWS,ap-south-1,g5.4xlarge,A10G,1.0,ondemand,1.95009,1.95009,instances.vantage.sh (AWS Price List mirror)
2026-06-15,AWS,ap-south-1,g5.4xlarge,A10G,1.0,spot,0.7168,0.7168,instances.vantage.sh (AWS Price List mirror)
2026-06-15,AWS,ap-south-1,g5.8xlarge,A10G,1.0,ondemand,2.93955,2.93955,instances.vantage.sh (AWS Price List mirror)
2026-06-15,AWS,ap-south-1,g5.8xlarge,A10G,1.0,spot,1.0312,1.0312,instances.vantage.sh (AWS Price List mirror)
2026-06-15,AWS,ap-south-1,g5.xlarge,A10G,1.0,ondemand,1.208,1.208,instances.vantage.sh (AWS Price List mirror)
2026-06-15,AWS,ap-south-1,g5.xlarge,A10G,1.0,spot,0.45465,0.45465,instances.vantage.sh (AWS Price List mirror)
2026-06-15,AWS,ap-south-1,g6.12xlarge,L4,4.0,ondemand,5.52558,1.381395,instances.vantage.sh (AWS Price List mirror)
2026-06-15,AWS,ap-south-1,g6.12xlarge,L4,4.0,spot,2.1586,0.53965,instances.vantage.sh (AWS Price List mirror)
2026-06-15,AWS,ap-south-1,g6.16xlarge,L4,1.0,ondemand,4.07886,4.07886,instances.vantage.sh (AWS Price List mirror)
2026-06-15,AWS,ap-south-1,g6.16xlarge,L4,1.0,spot,0.8196,0.8196,instances.vantage.sh (AWS Price List mirror)
2026-06-15,AWS,ap-south-1,g6.24xlarge,L4,4.0,ondemand,8.01555,2.0038875,instances.vantage.sh (AWS Price List mirror)
2026-06-15,AWS,ap-south-1,g6.24xlarge,L4,4.0,spot,4.8315,1.207875,instances.vantage.sh (AWS Price List mirror)
2026-06-15,AWS,ap-south-1,g6.2xlarge,L4,1.0,ondemand,1.1739,1.1739,instances.vantage.sh (AWS Price List mirror)
2026-06-15,AWS,ap-south-1,g6.2xlarge,L4,1.0,spot,0.37925,0.37925,instances.vantage.sh (AWS Price List mirror)
2026-06-15,AWS,ap-south-1,g6.48xlarge,L4,8.0,ondemand,16.0311,2.0038875,instances.vantage.sh (AWS Price List mirror)
2026-06-15,AWS,ap-south-1,g6.48xlarge,L4,8.0,spot,4.3528,0.5441,instances.vantage.sh (AWS Price List mirror)
2026-06-15,AWS,ap-south-1,g6.4xlarge,L4,1.0,ondemand,1.58889,1.58889,instances.vantage.sh (AWS Price List mirror)
2026-06-15,AWS,ap-south-1,g6.4xlarge,L4,1.0,spot,0.41905,0.41905,instances.vantage.sh (AWS Price List mirror)
2026-06-15,AWS,ap-south-1,g6.8xlarge,L4,1.0,ondemand,2.41888,2.41888,instances.vantage.sh (AWS Price List mirror)
2026-06-15,AWS,ap-south-1,g6.8xlarge,L4,1.0,spot,0.65345,0.65345,instances.vantage.sh (AWS Price List mirror)
2026-06-15,AWS,ap-south-1,g6.xlarge,L4,1.0,ondemand,0.9664,0.9664,instances.vantage.sh (AWS Price List mirror)
2026-06-15,AWS,ap-south-1,g6.xlarge,L4,1.0,spot,0.3771,0.3771,instances.vantage.sh (AWS Price List mirror)
2026-06-15,AWS,ap-south-1,g6e.12xlarge,L40S,4.0,ondemand,12.60131,3.1503275,instances.vantage.sh (AWS Price List mirror)
2026-06-15,AWS,ap-south-1,g6e.12xlarge,L40S,4.0,spot,3.7649,0.941225,instances.vantage.sh (AWS Price List mirror)
2026-06-15,AWS,ap-south-1,g6e.16xlarge,L40S,1.0,ondemand,9.09996,9.09996,instances.vantage.sh (AWS Price List mirror)
2026-06-15,AWS,ap-south-1,g6e.16xlarge,L40S,1.0,spot,1.50485,1.50485,instances.vantage.sh (AWS Price List mirror)
2026-06-15,AWS,ap-south-1,g6e.24xlarge,L40S,4.0,ondemand,18.09328,4.52332,instances.vantage.sh (AWS Price List mirror)
2026-06-15,AWS,ap-south-1,g6e.24xlarge,L40S,4.0,spot,3.9761,0.994025,instances.vantage.sh (AWS Price List mirror)
2026-06-15,AWS,ap-south-1,g6e.2xlarge,L40S,1.0,ondemand,2.69266,2.69266,instances.vantage.sh (AWS Price List mirror)
2026-06-15,AWS,ap-south-1,g6e.2xlarge,L40S,1.0,spot,0.67475,0.67475,instances.vantage.sh (AWS Price List mirror)
2026-06-15,AWS,ap-south-1,g6e.48xlarge,L40S,8.0,ondemand,36.18656,4.52332,instances.vantage.sh (AWS Price List mirror)
2026-06-15,AWS,ap-south-1,g6e.48xlarge,L40S,8.0,spot,9.7821,1.2227625,instances.vantage.sh (AWS Price List mirror)
2026-06-15,AWS,ap-south-1,g6e.4xlarge,L40S,1.0,ondemand,3.60799,3.60799,instances.vantage.sh (AWS Price List mirror)
2026-06-15,AWS,ap-south-1,g6e.4xlarge,L40S,1.0,spot,0.7529,0.7529,instances.vantage.sh (AWS Price List mirror)
2026-06-15,AWS,ap-south-1,g6e.8xlarge,L40S,1.0,ondemand,5.43865,5.43865,instances.vantage.sh (AWS Price List mirror)
2026-06-15,AWS,ap-south-1,g6e.8xlarge,L40S,1.0,spot,2.0648,2.0648,instances.vantage.sh (AWS Price List mirror)
2026-06-15,AWS,ap-south-1,g6e.xlarge,L40S,1.0,ondemand,2.235,2.235,instances.vantage.sh (AWS Price List mirror)
2026-06-15,AWS,ap-south-1,g6e.xlarge,L40S,1.0,spot,0.52055,0.52055,instances.vantage.sh (AWS Price List mirror)
2026-06-15,AWS,ap-south-1,g6f.2xlarge,L4,0.25,ondemand,0.57038,2.28152,instances.vantage.sh (AWS Price List mirror)
2026-06-15,AWS,ap-south-1,g6f.2xlarge,L4,0.25,spot,0.41125,1.645,instances.vantage.sh (AWS Price List mirror)
2026-06-15,AWS,ap-south-1,g6f.4xlarge,L4,0.5,ondemand,1.14076,2.28152,instances.vantage.sh (AWS Price List mirror)
2026-06-15,AWS,ap-south-1,g6f.4xlarge,L4,0.5,spot,0.94315,1.8863,instances.vantage.sh (AWS Price List mirror)
2026-06-15,AWS,ap-south-1,g6f.large,L4,0.125,ondemand,0.24256,1.94048,instances.vantage.sh (AWS Price List mirror)
2026-06-15,AWS,ap-south-1,g6f.large,L4,0.125,spot,0.19005,1.5204,instances.vantage.sh (AWS Price List mirror)
2026-06-15,AWS,ap-south-1,g6f.xlarge,L4,0.125,ondemand,0.28519,2.28152,instances.vantage.sh (AWS Price List mirror)
2026-06-15,AWS,ap-south-1,g6f.xlarge,L4,0.125,spot,0.1938,1.5504,instances.vantage.sh (AWS Price List mirror)
2026-06-15,AWS,ap-south-1,gr6.4xlarge,L4,1.0,ondemand,1.8483,1.8483,instances.vantage.sh (AWS Price List mirror)
2026-06-15,AWS,ap-south-1,gr6.4xlarge,L4,1.0,spot,0.39475,0.39475,instances.vantage.sh (AWS Price List mirror)
2026-06-15,AWS,ap-south-1,gr6.8xlarge,L4,1.0,ondemand,2.93768,2.93768,instances.vantage.sh (AWS Price List mirror)
2026-06-15,AWS,ap-south-1,gr6.8xlarge,L4,1.0,spot,0.6924,0.6924,instances.vantage.sh (AWS Price List mirror)
2026-06-15,AWS,ap-south-1,gr6f.4xlarge,L4,0.5,ondemand,1.28007,2.56014,instances.vantage.sh (AWS Price List mirror)
2026-06-15,AWS,ap-south-1,gr6f.4xlarge,L4,0.5,spot,0.81605,1.6321,instances.vantage.sh (AWS Price List mirror)
2026-06-15,AWS,ap-south-1,inf1.24xlarge,AWS Inferentia,16.0,ondemand,4.965,0.3103125,instances.vantage.sh (AWS Price List mirror)
2026-06-15,AWS,ap-south-1,inf1.24xlarge,AWS Inferentia,16.0,spot,0.935167,0.0584479375,instances.vantage.sh (AWS Price List mirror)
2026-06-15,AWS,ap-south-1,inf1.2xlarge,AWS Inferentia,1.0,ondemand,0.381,0.381,instances.vantage.sh (AWS Price List mirror)
2026-06-15,AWS,ap-south-1,inf1.2xlarge,AWS Inferentia,1.0,spot,0.115867,0.115867,instances.vantage.sh (AWS Price List mirror)
2026-06-15,AWS,ap-south-1,inf1.6xlarge,AWS Inferentia,4.0,ondemand,1.241,0.31025,instances.vantage.sh (AWS Price List mirror)
2026-06-15,AWS,ap-south-1,inf1.6xlarge,AWS Inferentia,4.0,spot,0.3756,0.0939,instances.vantage.sh (AWS Price List mirror)
2026-06-15,AWS,ap-south-1,inf1.xlarge,AWS Inferentia,1.0,ondemand,0.24,0.24,instances.vantage.sh (AWS Price List mirror)
2026-06-15,AWS,ap-south-1,inf1.xlarge,AWS Inferentia,1.0,spot,0.070567,0.070567,instances.vantage.sh (AWS Price List mirror)
2026-06-15,AWS,ap-south-1,inf2.24xlarge,AWS Inferentia2,6.0,ondemand,8.43782,1.4063033333333335,instances.vantage.sh (AWS Price List mirror)
2026-06-15,AWS,ap-south-1,inf2.24xlarge,AWS Inferentia2,6.0,spot,1.11605,0.18600833333333333,instances.vantage.sh (AWS Price List mirror)
2026-06-15,AWS,ap-south-1,inf2.48xlarge,AWS Inferentia2,12.0,ondemand,16.87565,1.4063041666666667,instances.vantage.sh (AWS Price List mirror)
2026-06-15,AWS,ap-south-1,inf2.48xlarge,AWS Inferentia2,12.0,spot,2.2633,0.18860833333333335,instances.vantage.sh (AWS Price List mirror)
2026-06-15,AWS,ap-south-1,inf2.8xlarge,AWS Inferentia2,1.0,ondemand,2.55822,2.55822,instances.vantage.sh (AWS Price List mirror)
2026-06-15,AWS,ap-south-1,inf2.8xlarge,AWS Inferentia2,1.0,spot,0.4391,0.4391,instances.vantage.sh (AWS Price List mirror)
2026-06-15,AWS,ap-south-1,inf2.xlarge,AWS Inferentia2,1.0,ondemand,0.98566,0.98566,instances.vantage.sh (AWS Price List mirror)
2026-06-15,AWS,ap-south-1,inf2.xlarge,AWS Inferentia2,1.0,spot,0.26885,0.26885,instances.vantage.sh (AWS Price List mirror)
2026-06-15,AWS,ap-south-1,p2.16xlarge,K80,16.0,ondemand,27.488,1.718,instances.vantage.sh (AWS Price List mirror)
2026-06-15,AWS,ap-south-1,p2.8xlarge,K80,8.0,ondemand,13.744,1.718,instances.vantage.sh (AWS Price List mirror)
2026-06-15,AWS,ap-south-1,p2.xlarge,K80,1.0,ondemand,1.718,1.718,instances.vantage.sh (AWS Price List mirror)
2026-06-15,AWS,ap-south-1,p4d.24xlarge,A100,8.0,ondemand,26.3444,3.29305,instances.vantage.sh (AWS Price List mirror)
2026-06-15,AWS,ap-south-1,p4d.24xlarge,A100,8.0,spot,20.150033,2.518754125,instances.vantage.sh (AWS Price List mirror)
2026-06-15,AWS,ap-south-1,p5.48xlarge,H100,8.0,ondemand,66.048,8.256,instances.vantage.sh (AWS Price List mirror)
2026-06-15,AWS,ap-south-1,p5.48xlarge,H100,8.0,spot,18.362467,2.295308375,instances.vantage.sh (AWS Price List mirror)
2026-06-15,AWS,ap-south-1,p5.4xlarge,H100,1.0,ondemand,8.256,8.256,instances.vantage.sh (AWS Price List mirror)
2026-06-15,AWS,ap-south-1,p5.4xlarge,H100,1.0,spot,5.45915,5.45915,instances.vantage.sh (AWS Price List mirror)
2026-06-15,AWS,ap-south-1,p5en.48xlarge,H200,8.0,ondemand,75.9552,9.4944,instances.vantage.sh (AWS Price List mirror)
2026-06-15,AWS,ap-south-1,p5en.48xlarge,H200,8.0,spot,55.9027,6.9878375,instances.vantage.sh (AWS Price List mirror)
2026-06-15,AWS,ap-south-1-ccu-1,g4dn.2xlarge,T4,1.0,ondemand,1.2,1.2,instances.vantage.sh (AWS Price List mirror)
2026-06-15,AWS,ap-south-1-del-1,g4dn.2xlarge,T4,1.0,ondemand,1.2,1.2,instances.vantage.sh (AWS Price List mirror)
2026-06-15,AWS,ap-south-2,g6.12xlarge,L4,4.0,ondemand,5.52558,1.381395,instances.vantage.sh (AWS Price List mirror)
2026-06-15,AWS,ap-south-2,g6.16xlarge,L4,1.0,ondemand,4.07886,4.07886,instances.vantage.sh (AWS Price List mirror)
2026-06-15,AWS,ap-south-2,g6.24xlarge,L4,4.0,ondemand,8.01555,2.0038875,instances.vantage.sh (AWS Price List mirror)
2026-06-15,AWS,ap-south-2,g6.2xlarge,L4,1.0,ondemand,1.1739,1.1739,instances.vantage.sh (AWS Price List mirror)
2026-06-15,AWS,ap-south-2,g6.48xlarge,L4,8.0,ondemand,16.0311,2.0038875,instances.vantage.sh (AWS Price List mirror)
2026-06-15,AWS,ap-south-2,g6.4xlarge,L4,1.0,ondemand,1.58889,1.58889,instances.vantage.sh (AWS Price List mirror)
2026-06-15,AWS,ap-south-2,g6.8xlarge,L4,1.0,ondemand,2.41888,2.41888,instances.vantage.sh (AWS Price List mirror)
2026-06-15,AWS,ap-south-2,g6.xlarge,L4,1.0,ondemand,0.9664,0.9664,instances.vantage.sh (AWS Price List mirror)
2026-06-15,AWS,ap-south-2,g6e.12xlarge,L40S,4.0,ondemand,12.60131,3.1503275,instances.vantage.sh (AWS Price List mirror)
2026-06-15,AWS,ap-south-2,g6e.16xlarge,L40S,1.0,ondemand,9.09996,9.09996,instances.vantage.sh (AWS Price List mirror)
2026-06-15,AWS,ap-south-2,g6e.24xlarge,L40S,4.0,ondemand,18.09328,4.52332,instances.vantage.sh (AWS Price List mirror)
2026-06-15,AWS,ap-south-2,g6e.2xlarge,L40S,1.0,ondemand,2.69266,2.69266,instances.vantage.sh (AWS Price List mirror)
2026-06-15,AWS,ap-south-2,g6e.48xlarge,L40S,8.0,ondemand,36.18656,4.52332,instances.vantage.sh (AWS Price List mirror)
2026-06-15,AWS,ap-south-2,g6e.4xlarge,L40S,1.0,ondemand,3.60799,3.60799,instances.vantage.sh (AWS Price List mirror)
2026-06-15,AWS,ap-south-2,g6e.8xlarge,L40S,1.0,ondemand,5.43865,5.43865,instances.vantage.sh (AWS Price List mirror)
2026-06-15,AWS,ap-south-2,g6e.xlarge,L40S,1.0,ondemand,2.235,2.235,instances.vantage.sh (AWS Price List mirror)
2026-06-15,AWS,ap-southeast-1,g2.2xlarge,K520,1.0,ondemand,1.0,1.0,instances.vantage.sh (AWS Price List mirror)
2026-06-15,AWS,ap-southeast-1,g2.8xlarge,K520,4.0,ondemand,4.0,1.0,instances.vantage.sh (AWS Price List mirror)
2026-06-15,AWS,ap-southeast-1,g3.16xlarge,M60,4.0,ondemand,6.68,1.67,instances.vantage.sh (AWS Price List mirror)
2026-06-15,AWS,ap-southeast-1,g3.4xlarge,M60,1.0,ondemand,1.67,1.67,instances.vantage.sh (AWS Price List mirror)
2026-06-15,AWS,ap-southeast-1,g3.8xlarge,M60,2.0,ondemand,3.34,1.67,instances.vantage.sh (AWS Price List mirror)
2026-06-15,AWS,ap-southeast-1,g4dn.12xlarge,T4,4.0,ondemand,5.474,1.3685,instances.vantage.sh (AWS Price List mirror)
2026-06-15,AWS,ap-southeast-1,g4dn.12xlarge,T4,4.0,spot,2.014667,0.50366675,instances.vantage.sh (AWS Price List mirror)
2026-06-15,AWS,ap-southeast-1,g4dn.16xlarge,T4,1.0,ondemand,6.089,6.089,instances.vantage.sh (AWS Price List mirror)
2026-06-15,AWS,ap-southeast-1,g4dn.16xlarge,T4,1.0,spot,1.466833,1.466833,instances.vantage.sh (AWS Price List mirror)
2026-06-15,AWS,ap-southeast-1,g4dn.2xlarge,T4,1.0,ondemand,1.052,1.052,instances.vantage.sh (AWS Price List mirror)
2026-06-15,AWS,ap-southeast-1,g4dn.2xlarge,T4,1.0,spot,0.490233,0.490233,instances.vantage.sh (AWS Price List mirror)
2026-06-15,AWS,ap-southeast-1,g4dn.4xlarge,T4,1.0,ondemand,1.685,1.685,instances.vantage.sh (AWS Price List mirror)
2026-06-15,AWS,ap-southeast-1,g4dn.4xlarge,T4,1.0,spot,0.706,0.706,instances.vantage.sh (AWS Price List mirror)
2026-06-15,AWS,ap-southeast-1,g4dn.8xlarge,T4,1.0,ondemand,3.045,3.045,instances.vantage.sh (AWS Price List mirror)
2026-06-15,AWS,ap-southeast-1,g4dn.8xlarge,T4,1.0,spot,0.984367,0.984367,instances.vantage.sh (AWS Price List mirror)
2026-06-15,AWS,ap-southeast-1,g4dn.metal,T4,8.0,ondemand,10.948,1.3685,instances.vantage.sh (AWS Price List mirror)
2026-06-15,AWS,ap-southeast-1,g4dn.metal,T4,8.0,spot,3.0865,0.3858125,instances.vantage.sh (AWS Price List mirror)
2026-06-15,AWS,ap-southeast-1,g4dn.xlarge,T4,1.0,ondemand,0.736,0.736,instances.vantage.sh (AWS Price List mirror)
2026-06-15,AWS,ap-southeast-1,g4dn.xlarge,T4,1.0,spot,0.308467,0.308467,instances.vantage.sh (AWS Price List mirror)
2026-06-15,AWS,ap-southeast-1,g5g.16xlarge,T4G,2.0,ondemand,3.8395,1.91975,instances.vantage.sh (AWS Price List mirror)
2026-06-15,AWS,ap-southeast-1,g5g.16xlarge,T4G,2.0,spot,1.1032,0.5516,instances.vantage.sh (AWS Price List mirror)
2026-06-15,AWS,ap-southeast-1,g5g.2xlarge,T4G,1.0,ondemand,0.778,0.778,instances.vantage.sh (AWS Price List mirror)
2026-06-15,AWS,ap-southeast-1,g5g.2xlarge,T4G,1.0,spot,0.2754,0.2754,instances.vantage.sh (AWS Price List mirror)
2026-06-15,AWS,ap-southeast-1,g5g.4xlarge,T4G,1.0,ondemand,1.1586,1.1586,instances.vantage.sh (AWS Price List mirror)
2026-06-15,AWS,ap-southeast-1,g5g.4xlarge,T4G,1.0,spot,0.4132,0.4132,instances.vantage.sh (AWS Price List mirror)
2026-06-15,AWS,ap-southeast-1,g5g.8xlarge,T4G,1.0,ondemand,1.9198,1.9198,instances.vantage.sh (AWS Price List mirror)
2026-06-15,AWS,ap-southeast-1,g5g.8xlarge,T4G,1.0,spot,0.7559,0.7559,instances.vantage.sh (AWS Price List mirror)
2026-06-15,AWS,ap-southeast-1,g5g.metal,T4G,2.0,ondemand,3.8395,1.91975,instances.vantage.sh (AWS Price List mirror)
2026-06-15,AWS,ap-southeast-1,g5g.metal,T4G,2.0,spot,0.7883,0.39415,instances.vantage.sh (AWS Price List mirror)
2026-06-15,AWS,ap-southeast-1,g5g.xlarge,T4G,1.0,ondemand,0.5877,0.5877,instances.vantage.sh (AWS Price List mirror)
2026-06-15,AWS,ap-southeast-1,g5g.xlarge,T4G,1.0,spot,0.24285,0.24285,instances.vantage.sh (AWS Price List mirror)
2026-06-15,AWS,ap-southeast-1,inf1.24xlarge,AWS Inferentia,16.0,ondemand,6.376,0.3985,instances.vantage.sh (AWS Price List mirror)
2026-06-15,AWS,ap-southeast-1,inf1.24xlarge,AWS Inferentia,16.0,spot,2.936067,0.1835041875,instances.vantage.sh (AWS Price List mirror)
2026-06-15,AWS,ap-southeast-1,inf1.2xlarge,AWS Inferentia,1.0,ondemand,0.489,0.489,instances.vantage.sh (AWS Price List mirror)
2026-06-15,AWS,ap-southeast-1,inf1.2xlarge,AWS Inferentia,1.0,spot,0.1499,0.1499,instances.vantage.sh (AWS Price List mirror)
2026-06-15,AWS,ap-southeast-1,inf1.6xlarge,AWS Inferentia,4.0,ondemand,1.594,0.3985,instances.vantage.sh (AWS Price List mirror)
2026-06-15,AWS,ap-southeast-1,inf1.6xlarge,AWS Inferentia,4.0,spot,0.3435,0.085875,instances.vantage.sh (AWS Price List mirror)
2026-06-15,AWS,ap-southeast-1,inf1.xlarge,AWS Inferentia,1.0,ondemand,0.308,0.308,instances.vantage.sh (AWS Price List mirror)
2026-06-15,AWS,ap-southeast-1,inf1.xlarge,AWS Inferentia,1.0,spot,0.074467,0.074467,instances.vantage.sh (AWS Price List mirror)
2026-06-15,AWS,ap-southeast-1,inf2.24xlarge,AWS Inferentia2,6.0,ondemand,9.08689,1.5144816666666667,instances.vantage.sh (AWS Price List mirror)
2026-06-15,AWS,ap-southeast-1,inf2.24xlarge,AWS Inferentia2,6.0,spot,5.2567,0.8761166666666668,instances.vantage.sh (AWS Price List mirror)
2026-06-15,AWS,ap-southeast-1,inf2.48xlarge,AWS Inferentia2,12.0,ondemand,18.17377,1.5144808333333335,instances.vantage.sh (AWS Price List mirror)
2026-06-15,AWS,ap-southeast-1,inf2.48xlarge,AWS Inferentia2,12.0,spot,10.5957,0.8829750000000001,instances.vantage.sh (AWS Price List mirror)
2026-06-15,AWS,ap-southeast-1,inf2.8xlarge,AWS Inferentia2,1.0,ondemand,2.755,2.755,instances.vantage.sh (AWS Price List mirror)
2026-06-15,AWS,ap-southeast-1,inf2.8xlarge,AWS Inferentia2,1.0,spot,1.6957,1.6957,instances.vantage.sh (AWS Price List mirror)
2026-06-15,AWS,ap-southeast-1,inf2.xlarge,AWS Inferentia2,1.0,ondemand,1.06148,1.06148,instances.vantage.sh (AWS Price List mirror)
2026-06-15,AWS,ap-southeast-1,inf2.xlarge,AWS Inferentia2,1.0,spot,0.2178,0.2178,instances.vantage.sh (AWS Price List mirror)
2026-06-15,AWS,ap-southeast-1,p2.16xlarge,K80,16.0,ondemand,27.488,1.718,instances.vantage.sh (AWS Price List mirror)
2026-06-15,AWS,ap-southeast-1,p2.8xlarge,K80,8.0,ondemand,13.744,1.718,instances.vantage.sh (AWS Price List mirror)
2026-06-15,AWS,ap-southeast-1,p2.xlarge,K80,1.0,ondemand,1.718,1.718,instances.vantage.sh (AWS Price List mirror)
2026-06-15,AWS,ap-southeast-1,p3.16xlarge,V100,8.0,ondemand,33.872,4.234,instances.vantage.sh (AWS Price List mirror)
2026-06-15,AWS,ap-southeast-1,p3.16xlarge,V100,8.0,spot,33.19456,4.14932,instances.vantage.sh (AWS Price List mirror)
2026-06-15,AWS,ap-southeast-1,p3.2xlarge,V100,1.0,ondemand,4.234,4.234,instances.vantage.sh (AWS Price List mirror)
2026-06-15,AWS,ap-southeast-1,p3.2xlarge,V100,1.0,spot,2.8282,2.8282,instances.vantage.sh (AWS Price List mirror)
2026-06-15,AWS,ap-southeast-1,p3.8xlarge,V100,4.0,ondemand,16.936,4.234,instances.vantage.sh (AWS Price List mirror)
2026-06-15,AWS,ap-southeast-1,p3.8xlarge,V100,4.0,spot,16.936,4.234,instances.vantage.sh (AWS Price List mirror)
2026-06-15,AWS,ap-southeast-1,p4d.24xlarge,A100,8.0,ondemand,26.34917,3.29364625,instances.vantage.sh (AWS Price List mirror)
2026-06-15,AWS,ap-southeast-1,p4de.24xlarge,A100,8.0,ondemand,32.93646,4.1170575,instances.vantage.sh (AWS Price List mirror)
2026-06-15,AWS,ap-southeast-1,p4de.24xlarge,A100,8.0,spot,32.9365,4.1170625,instances.vantage.sh (AWS Price List mirror)
2026-06-15,AWS,ap-southeast-1-bkk-1,g4dn.2xlarge,T4,1.0,ondemand,1.578,1.578,instances.vantage.sh (AWS Price List mirror)
2026-06-15,AWS,ap-southeast-1-mnl-1,g4dn.2xlarge,T4,1.0,ondemand,1.368,1.368,instances.vantage.sh (AWS Price List mirror)
2026-06-15,AWS,ap-southeast-2,g2.2xlarge,K520,1.0,ondemand,0.898,0.898,instances.vantage.sh (AWS Price List mirror)
2026-06-15,AWS,ap-southeast-2,g2.8xlarge,K520,4.0,ondemand,3.592,0.898,instances.vantage.sh (AWS Price List mirror)
2026-06-15,AWS,ap-southeast-2,g3.16xlarge,M60,4.0,ondemand,7.016,1.754,instances.vantage.sh (AWS Price List mirror)
2026-06-15,AWS,ap-southeast-2,g3.4xlarge,M60,1.0,ondemand,1.754,1.754,instances.vantage.sh (AWS Price List mirror)
2026-06-15,AWS,ap-southeast-2,g3.8xlarge,M60,2.0,ondemand,3.508,1.754,instances.vantage.sh (AWS Price List mirror)
2026-06-15,AWS,ap-southeast-2,g3s.xlarge,M60,1.0,ondemand,1.154,1.154,instances.vantage.sh (AWS Price List mirror)
2026-06-15,AWS,ap-southeast-2,g4dn.12xlarge,T4,4.0,ondemand,5.087,1.27175,instances.vantage.sh (AWS Price List mirror)
2026-06-15,AWS,ap-southeast-2,g4dn.12xlarge,T4,4.0,spot,2.154933,0.53873325,instances.vantage.sh (AWS Price List mirror)
2026-06-15,AWS,ap-southeast-2,g4dn.16xlarge,T4,1.0,ondemand,5.659,5.659,instances.vantage.sh (AWS Price List mirror)
2026-06-15,AWS,ap-southeast-2,g4dn.16xlarge,T4,1.0,spot,0.937267,0.937267,instances.vantage.sh (AWS Price List mirror)
2026-06-15,AWS,ap-southeast-2,g4dn.2xlarge,T4,1.0,ondemand,0.978,0.978,instances.vantage.sh (AWS Price List mirror)
2026-06-15,AWS,ap-southeast-2,g4dn.2xlarge,T4,1.0,spot,0.467833,0.467833,instances.vantage.sh (AWS Price List mirror)
2026-06-15,AWS,ap-southeast-2,g4dn.4xlarge,T4,1.0,ondemand,1.566,1.566,instances.vantage.sh (AWS Price List mirror)
2026-06-15,AWS,ap-southeast-2,g4dn.4xlarge,T4,1.0,spot,0.569233,0.569233,instances.vantage.sh (AWS Price List mirror)
2026-06-15,AWS,ap-southeast-2,g4dn.8xlarge,T4,1.0,ondemand,2.83,2.83,instances.vantage.sh (AWS Price List mirror)
2026-06-15,AWS,ap-southeast-2,g4dn.8xlarge,T4,1.0,spot,0.896067,0.896067,instances.vantage.sh (AWS Price List mirror)
2026-06-15,AWS,ap-southeast-2,g4dn.metal,T4,8.0,ondemand,10.174,1.27175,instances.vantage.sh (AWS Price List mirror)
2026-06-15,AWS,ap-southeast-2,g4dn.metal,T4,8.0,spot,3.922833,0.490354125,instances.vantage.sh (AWS Price List mirror)
2026-06-15,AWS,ap-southeast-2,g4dn.xlarge,T4,1.0,ondemand,0.684,0.684,instances.vantage.sh (AWS Price List mirror)
2026-06-15,AWS,ap-southeast-2,g4dn.xlarge,T4,1.0,spot,0.325667,0.325667,instances.vantage.sh (AWS Price List mirror)
2026-06-15,AWS,ap-southeast-2,g5.12xlarge,A10G,4.0,ondemand,7.37473,1.8436825,instances.vantage.sh (AWS Price List mirror)
2026-06-15,AWS,ap-southeast-2,g5.12xlarge,A10G,4.0,spot,3.5707,0.892675,instances.vantage.sh (AWS Price List mirror)
2026-06-15,AWS,ap-southeast-2,g5.16xlarge,A10G,1.0,ondemand,5.32561,5.32561,instances.vantage.sh (AWS Price List mirror)
2026-06-15,AWS,ap-southeast-2,g5.16xlarge,A10G,1.0,spot,1.2976,1.2976,instances.vantage.sh (AWS Price List mirror)
2026-06-15,AWS,ap-southeast-2,g5.24xlarge,A10G,4.0,ondemand,10.58882,2.647205,instances.vantage.sh (AWS Price List mirror)
2026-06-15,AWS,ap-southeast-2,g5.24xlarge,A10G,4.0,spot,10.5888,2.6472,instances.vantage.sh (AWS Price List mirror)
2026-06-15,AWS,ap-southeast-2,g5.2xlarge,A10G,1.0,ondemand,1.57584,1.57584,instances.vantage.sh (AWS Price List mirror)
2026-06-15,AWS,ap-southeast-2,g5.2xlarge,A10G,1.0,spot,0.77335,0.77335,instances.vantage.sh (AWS Price List mirror)
2026-06-15,AWS,ap-southeast-2,g5.48xlarge,A10G,8.0,ondemand,21.17764,2.647205,instances.vantage.sh (AWS Price List mirror)
2026-06-15,AWS,ap-southeast-2,g5.48xlarge,A10G,8.0,spot,13.54685,1.69335625,instances.vantage.sh (AWS Price List mirror)
2026-06-15,AWS,ap-southeast-2,g5.4xlarge,A10G,1.0,ondemand,2.11152,2.11152,instances.vantage.sh (AWS Price List mirror)
2026-06-15,AWS,ap-southeast-2,g5.4xlarge,A10G,1.0,spot,1.0404,1.0404,instances.vantage.sh (AWS Price List mirror)
2026-06-15,AWS,ap-southeast-2,g5.8xlarge,A10G,1.0,ondemand,3.18289,3.18289,instances.vantage.sh (AWS Price List mirror)
2026-06-15,AWS,ap-southeast-2,g5.8xlarge,A10G,1.0,spot,1.3487,1.3487,instances.vantage.sh (AWS Price List mirror)
2026-06-15,AWS,ap-southeast-2,g5.xlarge,A10G,1.0,ondemand,1.308,1.308,instances.vantage.sh (AWS Price List mirror)
2026-06-15,AWS,ap-southeast-2,g5.xlarge,A10G,1.0,spot,0.71745,0.71745,instances.vantage.sh (AWS Price List mirror)
2026-06-15,AWS,ap-southeast-2,g6.12xlarge,L4,4.0,ondemand,5.98299,1.4957475,instances.vantage.sh (AWS Price List mirror)
2026-06-15,AWS,ap-southeast-2,g6.12xlarge,L4,4.0,spot,1.867933,0.46698325,instances.vantage.sh (AWS Price List mirror)
2026-06-15,AWS,ap-southeast-2,g6.16xlarge,L4,1.0,ondemand,4.41652,4.41652,instances.vantage.sh (AWS Price List mirror)
2026-06-15,AWS,ap-southeast-2,g6.16xlarge,L4,1.0,spot,1.617367,1.617367,instances.vantage.sh (AWS Price List mirror)
2026-06-15,AWS,ap-southeast-2,g6.24xlarge,L4,4.0,ondemand,8.67909,2.1697725,instances.vantage.sh (AWS Price List mirror)
2026-06-15,AWS,ap-southeast-2,g6.24xlarge,L4,4.0,spot,1.970967,0.49274175,instances.vantage.sh (AWS Price List mirror)
2026-06-15,AWS,ap-southeast-2,g6.2xlarge,L4,1.0,ondemand,1.27107,1.27107,instances.vantage.sh (AWS Price List mirror)
2026-06-15,AWS,ap-southeast-2,g6.2xlarge,L4,1.0,spot,0.638267,0.638267,instances.vantage.sh (AWS Price List mirror)
2026-06-15,AWS,ap-southeast-2,g6.48xlarge,L4,8.0,ondemand,17.35817,2.16977125,instances.vantage.sh (AWS Price List mirror)
2026-06-15,AWS,ap-southeast-2,g6.48xlarge,L4,8.0,spot,5.6163,0.7020375,instances.vantage.sh (AWS Price List mirror)
2026-06-15,AWS,ap-southeast-2,g6.4xlarge,L4,1.0,ondemand,1.72042,1.72042,instances.vantage.sh (AWS Price List mirror)
2026-06-15,AWS,ap-southeast-2,g6.4xlarge,L4,1.0,spot,0.938333,0.938333,instances.vantage.sh (AWS Price List mirror)
2026-06-15,AWS,ap-southeast-2,g6.8xlarge,L4,1.0,ondemand,2.61912,2.61912,instances.vantage.sh (AWS Price List mirror)
2026-06-15,AWS,ap-southeast-2,g6.8xlarge,L4,1.0,spot,1.272767,1.272767,instances.vantage.sh (AWS Price List mirror)
2026-06-15,AWS,ap-southeast-2,g6.xlarge,L4,1.0,ondemand,1.0464,1.0464,instances.vantage.sh (AWS Price List mirror)
2026-06-15,AWS,ap-southeast-2,g6.xlarge,L4,1.0,spot,0.540567,0.540567,instances.vantage.sh (AWS Price List mirror)
2026-06-15,AWS,ap-southeast-2,g6f.2xlarge,L4,0.25,ondemand,0.61759,2.47036,instances.vantage.sh (AWS Price List mirror)
2026-06-15,AWS,ap-southeast-2,g6f.2xlarge,L4,0.25,spot,0.35875,1.435,instances.vantage.sh (AWS Price List mirror)
2026-06-15,AWS,ap-southeast-2,g6f.4xlarge,L4,0.5,ondemand,1.23517,2.47034,instances.vantage.sh (AWS Price List mirror)
2026-06-15,AWS,ap-southeast-2,g6f.4xlarge,L4,0.5,spot,0.6767,1.3534,instances.vantage.sh (AWS Price List mirror)
2026-06-15,AWS,ap-southeast-2,g6f.large,L4,0.125,ondemand,0.26264,2.10112,instances.vantage.sh (AWS Price List mirror)
2026-06-15,AWS,ap-southeast-2,g6f.large,L4,0.125,spot,0.1581,1.2648,instances.vantage.sh (AWS Price List mirror)
2026-06-15,AWS,ap-southeast-2,g6f.xlarge,L4,0.125,ondemand,0.30879,2.47032,instances.vantage.sh (AWS Price List mirror)
2026-06-15,AWS,ap-southeast-2,g6f.xlarge,L4,0.125,spot,0.1734,1.3872,instances.vantage.sh (AWS Price List mirror)
2026-06-15,AWS,ap-southeast-2,gr6.4xlarge,L4,1.0,ondemand,2.0012,2.0012,instances.vantage.sh (AWS Price List mirror)
2026-06-15,AWS,ap-southeast-2,gr6.4xlarge,L4,1.0,spot,0.44615,0.44615,instances.vantage.sh (AWS Price List mirror)
2026-06-15,AWS,ap-southeast-2,gr6.8xlarge,L4,1.0,ondemand,3.1807,3.1807,instances.vantage.sh (AWS Price List mirror)
2026-06-15,AWS,ap-southeast-2,gr6.8xlarge,L4,1.0,spot,0.7849,0.7849,instances.vantage.sh (AWS Price List mirror)
2026-06-15,AWS,ap-southeast-2,gr6f.4xlarge,L4,0.5,ondemand,1.38597,2.77194,instances.vantage.sh (AWS Price List mirror)
2026-06-15,AWS,ap-southeast-2,gr6f.4xlarge,L4,0.5,spot,0.89895,1.7979,instances.vantage.sh (AWS Price List mirror)
2026-06-15,AWS,ap-southeast-2,inf1.24xlarge,AWS Inferentia,16.0,ondemand,5.902,0.368875,instances.vantage.sh (AWS Price List mirror)
2026-06-15,AWS,ap-southeast-2,inf1.24xlarge,AWS Inferentia,16.0,spot,1.017233,0.0635770625,instances.vantage.sh (AWS Price List mirror)
2026-06-15,AWS,ap-southeast-2,inf1.2xlarge,AWS Inferentia,1.0,ondemand,0.453,0.453,instances.vantage.sh (AWS Price List mirror)
2026-06-15,AWS,ap-southeast-2,inf1.2xlarge,AWS Inferentia,1.0,spot,0.1587,0.1587,instances.vantage.sh (AWS Price List mirror)
2026-06-15,AWS,ap-southeast-2,inf1.6xlarge,AWS Inferentia,4.0,ondemand,1.475,0.36875,instances.vantage.sh (AWS Price List mirror)
2026-06-15,AWS,ap-southeast-2,inf1.6xlarge,AWS Inferentia,4.0,spot,0.393,0.09825,instances.vantage.sh (AWS Price List mirror)
2026-06-15,AWS,ap-southeast-2,inf1.xlarge,AWS Inferentia,1.0,ondemand,0.285,0.285,instances.vantage.sh (AWS Price List mirror)
2026-06-15,AWS,ap-southeast-2,inf1.xlarge,AWS Inferentia,1.0,spot,0.091067,0.091067,instances.vantage.sh (AWS Price List mirror)
2026-06-15,AWS,ap-southeast-2,inf2.24xlarge,AWS Inferentia2,6.0,ondemand,8.43782,1.4063033333333335,instances.vantage.sh (AWS Price List mirror)
2026-06-15,AWS,ap-southeast-2,inf2.24xlarge,AWS Inferentia2,6.0,spot,4.89625,0.8160416666666667,instances.vantage.sh (AWS Price List mirror)
2026-06-15,AWS,ap-southeast-2,inf2.48xlarge,AWS Inferentia2,12.0,ondemand,16.87565,1.4063041666666667,instances.vantage.sh (AWS Price List mirror)
2026-06-15,AWS,ap-southeast-2,inf2.48xlarge,AWS Inferentia2,12.0,spot,16.8757,1.4063083333333333,instances.vantage.sh (AWS Price List mirror)
2026-06-15,AWS,ap-southeast-2,inf2.8xlarge,AWS Inferentia2,1.0,ondemand,2.55822,2.55822,instances.vantage.sh (AWS Price List mirror)
2026-06-15,AWS,ap-southeast-2,inf2.8xlarge,AWS Inferentia2,1.0,spot,1.62275,1.62275,instances.vantage.sh (AWS Price List mirror)
2026-06-15,AWS,ap-southeast-2,inf2.xlarge,AWS Inferentia2,1.0,ondemand,0.98566,0.98566,instances.vantage.sh (AWS Price List mirror)
2026-06-15,AWS,ap-southeast-2,inf2.xlarge,AWS Inferentia2,1.0,spot,0.5773,0.5773,instances.vantage.sh (AWS Price List mirror)
2026-06-15,AWS,ap-southeast-2,p2.16xlarge,K80,16.0,ondemand,24.672,1.542,instances.vantage.sh (AWS Price List mirror)
2026-06-15,AWS,ap-southeast-2,p2.8xlarge,K80,8.0,ondemand,12.336,1.542,instances.vantage.sh (AWS Price List mirror)
2026-06-15,AWS,ap-southeast-2,p2.xlarge,K80,1.0,ondemand,1.542,1.542,instances.vantage.sh (AWS Price List mirror)
2026-06-15,AWS,ap-southeast-2,p3.16xlarge,V100,8.0,ondemand,33.872,4.234,instances.vantage.sh (AWS Price List mirror)
2026-06-15,AWS,ap-southeast-2,p3.16xlarge,V100,8.0,spot,33.872,4.234,instances.vantage.sh (AWS Price List mirror)
2026-06-15,AWS,ap-southeast-2,p3.2xlarge,V100,1.0,ondemand,4.234,4.234,instances.vantage.sh (AWS Price List mirror)
2026-06-15,AWS,ap-southeast-2,p3.2xlarge,V100,1.0,spot,4.234,4.234,instances.vantage.sh (AWS Price List mirror)
2026-06-15,AWS,ap-southeast-2,p3.8xlarge,V100,4.0,ondemand,16.936,4.234,instances.vantage.sh (AWS Price List mirror)
2026-06-15,AWS,ap-southeast-2,p3.8xlarge,V100,4.0,spot,16.3284,4.0821,instances.vantage.sh (AWS Price List mirror)
2026-06-15,AWS,ap-southeast-2,p4d.24xlarge,A100,8.0,ondemand,28.54493,3.56811625,instances.vantage.sh (AWS Price List mirror)
2026-06-15,AWS,ap-southeast-2,p4d.24xlarge,A100,8.0,spot,19.10565,2.38820625,instances.vantage.sh (AWS Price List mirror)
2026-06-15,AWS,ap-southeast-2,p5.48xlarge,H100,8.0,ondemand,71.552,8.944,instances.vantage.sh (AWS Price List mirror)
2026-06-15,AWS,ap-southeast-2,p5.48xlarge,H100,8.0,spot,62.983267,7.872908375,instances.vantage.sh (AWS Price List mirror)
2026-06-15,AWS,ap-southeast-2,p5.4xlarge,H100,1.0,ondemand,8.944,8.944,instances.vantage.sh (AWS Price List mirror)
2026-06-15,AWS,ap-southeast-2-akl-1,g4dn.2xlarge,T4,1.0,ondemand,1.418,1.418,instances.vantage.sh (AWS Price List mirror)
2026-06-15,AWS,ap-southeast-2-per-1,g4dn.2xlarge,T4,1.0,ondemand,1.418,1.418,instances.vantage.sh (AWS Price List mirror)
2026-06-15,AWS,ap-southeast-3,g5.12xlarge,A10G,4.0,ondemand,7.93854,1.984635,instances.vantage.sh (AWS Price List mirror)
2026-06-15,AWS,ap-southeast-3,g5.12xlarge,A10G,4.0,spot,2.143406,0.5358515,instances.vantage.sh (AWS Price List mirror)
2026-06-15,AWS,ap-southeast-3,g5.16xlarge,A10G,1.0,ondemand,5.73277,5.73277,instances.vantage.sh (AWS Price List mirror)
2026-06-15,AWS,ap-southeast-3,g5.16xlarge,A10G,1.0,spot,0.74526,0.74526,instances.vantage.sh (AWS Price List mirror)
2026-06-15,AWS,ap-southeast-3,g5.24xlarge,A10G,4.0,ondemand,11.39836,2.84959,instances.vantage.sh (AWS Price List mirror)
2026-06-15,AWS,ap-southeast-3,g5.24xlarge,A10G,4.0,spot,5.129262,1.2823155,instances.vantage.sh (AWS Price List mirror)
2026-06-15,AWS,ap-southeast-3,g5.2xlarge,A10G,1.0,ondemand,1.69632,1.69632,instances.vantage.sh (AWS Price List mirror)
2026-06-15,AWS,ap-southeast-3,g5.2xlarge,A10G,1.0,spot,0.407117,0.407117,instances.vantage.sh (AWS Price List mirror)
2026-06-15,AWS,ap-southeast-3,g5.48xlarge,A10G,8.0,ondemand,22.79672,2.84959,instances.vantage.sh (AWS Price List mirror)
2026-06-15,AWS,ap-southeast-3,g5.48xlarge,A10G,8.0,spot,10.942426,1.36780325,instances.vantage.sh (AWS Price List mirror)
2026-06-15,AWS,ap-southeast-3,g5.4xlarge,A10G,1.0,ondemand,2.27295,2.27295,instances.vantage.sh (AWS Price List mirror)
2026-06-15,AWS,ap-southeast-3,g5.4xlarge,A10G,1.0,spot,0.43186,0.43186,instances.vantage.sh (AWS Price List mirror)
2026-06-15,AWS,ap-southeast-3,g5.8xlarge,A10G,1.0,ondemand,3.42623,3.42623,instances.vantage.sh (AWS Price List mirror)
2026-06-15,AWS,ap-southeast-3,g5.8xlarge,A10G,1.0,spot,0.959344,0.959344,instances.vantage.sh (AWS Price List mirror)
2026-06-15,AWS,ap-southeast-3,g5.xlarge,A10G,1.0,ondemand,1.408,1.408,instances.vantage.sh (AWS Price List mirror)
2026-06-15,AWS,ap-southeast-3,g5.xlarge,A10G,1.0,spot,0.39424,0.39424,instances.vantage.sh (AWS Price List mirror)
2026-06-15,AWS,ap-southeast-3,g5g.metal,T4G,2.0,ondemand,3.8395,1.91975,instances.vantage.sh (AWS Price List mirror)
2026-06-15,AWS,ap-southeast-3,g5g.metal,T4G,2.0,spot,0.883085,0.4415425,instances.vantage.sh (AWS Price List mirror)
2026-06-15,AWS,ap-southeast-3,p5.48xlarge,H100,8.0,ondemand,75.9552,9.4944,instances.vantage.sh (AWS Price List mirror)
2026-06-15,AWS,ap-southeast-3,p5.48xlarge,H100,8.0,spot,75.9552,9.4944,instances.vantage.sh (AWS Price List mirror)
2026-06-15,AWS,ap-southeast-3,p5.4xlarge,H100,1.0,ondemand,9.4944,9.4944,instances.vantage.sh (AWS Price List mirror)
2026-06-15,AWS,ap-southeast-3,p5.4xlarge,H100,1.0,spot,9.4944,9.4944,instances.vantage.sh (AWS Price List mirror)
2026-06-15,AWS,ap-southeast-3,p5en.48xlarge,H200,8.0,ondemand,87.34848,10.91856,instances.vantage.sh (AWS Price List mirror)
2026-06-15,AWS,ap-southeast-3,p5en.48xlarge,H200,8.0,spot,27.951514,3.49393925,instances.vantage.sh (AWS Price List mirror)
2026-06-15,AWS,ap-southeast-5,g6.12xlarge,L4,4.0,ondemand,5.7966,1.44915,instances.vantage.sh (AWS Price List mirror)
2026-06-15,AWS,ap-southeast-5,g6.12xlarge,L4,4.0,spot,4.231518,1.0578795,instances.vantage.sh (AWS Price List mirror)
2026-06-15,AWS,ap-southeast-5,g6.16xlarge,L4,1.0,ondemand,4.27892,4.27892,instances.vantage.sh (AWS Price List mirror)
2026-06-15,AWS,ap-southeast-5,g6.16xlarge,L4,1.0,spot,0.855784,0.855784,instances.vantage.sh (AWS Price List mirror)
2026-06-15,AWS,ap-southeast-5,g6.24xlarge,L4,4.0,ondemand,8.4087,2.102175,instances.vantage.sh (AWS Price List mirror)
2026-06-15,AWS,ap-southeast-5,g6.24xlarge,L4,4.0,spot,3.699828,0.924957,instances.vantage.sh (AWS Price List mirror)
2026-06-15,AWS,ap-southeast-5,g6.2xlarge,L4,1.0,ondemand,1.23147,1.23147,instances.vantage.sh (AWS Price List mirror)
2026-06-15,AWS,ap-southeast-5,g6.2xlarge,L4,1.0,spot,1.083694,1.083694,instances.vantage.sh (AWS Price List mirror)
2026-06-15,AWS,ap-southeast-5,g6.48xlarge,L4,8.0,ondemand,16.81739,2.10217375,instances.vantage.sh (AWS Price List mirror)
2026-06-15,AWS,ap-southeast-5,g6.48xlarge,L4,8.0,spot,13.117564,1.6396955,instances.vantage.sh (AWS Price List mirror)
2026-06-15,AWS,ap-southeast-5,g6.4xlarge,L4,1.0,ondemand,1.66682,1.66682,instances.vantage.sh (AWS Price List mirror)
2026-06-15,AWS,ap-southeast-5,g6.4xlarge,L4,1.0,spot,0.900083,0.900083,instances.vantage.sh (AWS Price List mirror)
2026-06-15,AWS,ap-southeast-5,g6.8xlarge,L4,1.0,ondemand,2.53752,2.53752,instances.vantage.sh (AWS Price List mirror)
2026-06-15,AWS,ap-southeast-5,g6.8xlarge,L4,1.0,spot,0.68513,0.68513,instances.vantage.sh (AWS Price List mirror)
2026-06-15,AWS,ap-southeast-5,g6.xlarge,L4,1.0,ondemand,1.0138,1.0138,instances.vantage.sh (AWS Price List mirror)
2026-06-15,AWS,ap-southeast-5,g6.xlarge,L4,1.0,spot,0.91242,0.91242,instances.vantage.sh (AWS Price List mirror)
2026-06-15,AWS,ap-southeast-5,gr6.4xlarge,L4,1.0,ondemand,1.9388,1.9388,instances.vantage.sh (AWS Price List mirror)
2026-06-15,AWS,ap-southeast-5,gr6.4xlarge,L4,1.0,spot,0.542864,0.542864,instances.vantage.sh (AWS Price List mirror)
2026-06-15,AWS,ap-southeast-5,gr6.8xlarge,L4,1.0,ondemand,3.08152,3.08152,instances.vantage.sh (AWS Price List mirror)
2026-06-15,AWS,ap-southeast-5,gr6.8xlarge,L4,1.0,spot,0.554674,0.554674,instances.vantage.sh (AWS Price List mirror)
2026-06-15,AWS,ca-central-1,g3.16xlarge,M60,4.0,ondemand,5.664,1.416,instances.vantage.sh (AWS Price List mirror)
2026-06-15,AWS,ca-central-1,g3.4xlarge,M60,1.0,ondemand,1.416,1.416,instances.vantage.sh (AWS Price List mirror)
2026-06-15,AWS,ca-central-1,g3.8xlarge,M60,2.0,ondemand,2.832,1.416,instances.vantage.sh (AWS Price List mirror)
2026-06-15,AWS,ca-central-1,g4ad.16xlarge,V520,4.0,ondemand,3.872,0.968,instances.vantage.sh (AWS Price List mirror)
2026-06-15,AWS,ca-central-1,g4ad.16xlarge,V520,4.0,spot,0.61525,0.1538125,instances.vantage.sh (AWS Price List mirror)
2026-06-15,AWS,ca-central-1,g4ad.2xlarge,V520,1.0,ondemand,0.60421,0.60421,instances.vantage.sh (AWS Price List mirror)
2026-06-15,AWS,ca-central-1,g4ad.2xlarge,V520,1.0,spot,0.21035,0.21035,instances.vantage.sh (AWS Price List mirror)
2026-06-15,AWS,ca-central-1,g4ad.4xlarge,V520,1.0,ondemand,0.968,0.968,instances.vantage.sh (AWS Price List mirror)
2026-06-15,AWS,ca-central-1,g4ad.4xlarge,V520,1.0,spot,0.3225,0.3225,instances.vantage.sh (AWS Price List mirror)
2026-06-15,AWS,ca-central-1,g4ad.8xlarge,V520,2.0,ondemand,1.936,0.968,instances.vantage.sh (AWS Price List mirror)
2026-06-15,AWS,ca-central-1,g4ad.8xlarge,V520,2.0,spot,0.4186,0.2093,instances.vantage.sh (AWS Price List mirror)
2026-06-15,AWS,ca-central-1,g4ad.xlarge,V520,1.0,ondemand,0.42263,0.42263,instances.vantage.sh (AWS Price List mirror)
2026-06-15,AWS,ca-central-1,g4ad.xlarge,V520,1.0,spot,0.12345,0.12345,instances.vantage.sh (AWS Price List mirror)
2026-06-15,AWS,ca-central-1,g4dn.12xlarge,T4,4.0,ondemand,4.343,1.08575,instances.vantage.sh (AWS Price List mirror)
2026-06-15,AWS,ca-central-1,g4dn.12xlarge,T4,4.0,spot,1.36385,0.3409625,instances.vantage.sh (AWS Price List mirror)
2026-06-15,AWS,ca-central-1,g4dn.16xlarge,T4,1.0,ondemand,4.832,4.832,instances.vantage.sh (AWS Price List mirror)
2026-06-15,AWS,ca-central-1,g4dn.16xlarge,T4,1.0,spot,1.0816,1.0816,instances.vantage.sh (AWS Price List mirror)
2026-06-15,AWS,ca-central-1,g4dn.2xlarge,T4,1.0,ondemand,0.835,0.835,instances.vantage.sh (AWS Price List mirror)
2026-06-15,AWS,ca-central-1,g4dn.2xlarge,T4,1.0,spot,0.29715,0.29715,instances.vantage.sh (AWS Price List mirror)
2026-06-15,AWS,ca-central-1,g4dn.4xlarge,T4,1.0,ondemand,1.337,1.337,instances.vantage.sh (AWS Price List mirror)
2026-06-15,AWS,ca-central-1,g4dn.4xlarge,T4,1.0,spot,0.6406,0.6406,instances.vantage.sh (AWS Price List mirror)
2026-06-15,AWS,ca-central-1,g4dn.8xlarge,T4,1.0,ondemand,2.416,2.416,instances.vantage.sh (AWS Price List mirror)
2026-06-15,AWS,ca-central-1,g4dn.8xlarge,T4,1.0,spot,0.8316,0.8316,instances.vantage.sh (AWS Price List mirror)
2026-06-15,AWS,ca-central-1,g4dn.metal,T4,8.0,ondemand,8.687,1.085875,instances.vantage.sh (AWS Price List mirror)
2026-06-15,AWS,ca-central-1,g4dn.metal,T4,8.0,spot,6.07615,0.75951875,instances.vantage.sh (AWS Price List mirror)
2026-06-15,AWS,ca-central-1,g4dn.xlarge,T4,1.0,ondemand,0.584,0.584,instances.vantage.sh (AWS Price List mirror)
2026-06-15,AWS,ca-central-1,g4dn.xlarge,T4,1.0,spot,0.2129,0.2129,instances.vantage.sh (AWS Price List mirror)
2026-06-15,AWS,ca-central-1,g5.12xlarge,A10G,4.0,ondemand,6.29784,1.57446,instances.vantage.sh (AWS Price List mirror)
2026-06-15,AWS,ca-central-1,g5.12xlarge,A10G,4.0,spot,2.7379,0.684475,instances.vantage.sh (AWS Price List mirror)
2026-06-15,AWS,ca-central-1,g5.16xlarge,A10G,1.0,ondemand,4.54794,4.54794,instances.vantage.sh (AWS Price List mirror)
2026-06-15,AWS,ca-central-1,g5.16xlarge,A10G,1.0,spot,0.9463,0.9463,instances.vantage.sh (AWS Price List mirror)
2026-06-15,AWS,ca-central-1,g5.24xlarge,A10G,4.0,ondemand,9.04259,2.2606475,instances.vantage.sh (AWS Price List mirror)
2026-06-15,AWS,ca-central-1,g5.24xlarge,A10G,4.0,spot,5.3424,1.3356,instances.vantage.sh (AWS Price List mirror)
2026-06-15,AWS,ca-central-1,g5.2xlarge,A10G,1.0,ondemand,1.34573,1.34573,instances.vantage.sh (AWS Price List mirror)
2026-06-15,AWS,ca-central-1,g5.2xlarge,A10G,1.0,spot,0.4313,0.4313,instances.vantage.sh (AWS Price List mirror)
2026-06-15,AWS,ca-central-1,g5.48xlarge,A10G,8.0,ondemand,18.08518,2.2606475,instances.vantage.sh (AWS Price List mirror)
2026-06-15,AWS,ca-central-1,g5.48xlarge,A10G,8.0,spot,11.0043,1.3755375,instances.vantage.sh (AWS Price List mirror)
2026-06-15,AWS,ca-central-1,g5.4xlarge,A10G,1.0,ondemand,1.80319,1.80319,instances.vantage.sh (AWS Price List mirror)
2026-06-15,AWS,ca-central-1,g5.4xlarge,A10G,1.0,spot,0.9025,0.9025,instances.vantage.sh (AWS Price List mirror)
2026-06-15,AWS,ca-central-1,g5.8xlarge,A10G,1.0,ondemand,2.71811,2.71811,instances.vantage.sh (AWS Price List mirror)
2026-06-15,AWS,ca-central-1,g5.8xlarge,A10G,1.0,spot,0.74375,0.74375,instances.vantage.sh (AWS Price List mirror)
2026-06-15,AWS,ca-central-1,g5.xlarge,A10G,1.0,ondemand,1.117,1.117,instances.vantage.sh (AWS Price List mirror)
2026-06-15,AWS,ca-central-1,g5.xlarge,A10G,1.0,spot,0.4413,0.4413,instances.vantage.sh (AWS Price List mirror)
2026-06-15,AWS,ca-central-1,g6.12xlarge,L4,4.0,ondemand,5.10933,1.2773325,instances.vantage.sh (AWS Price List mirror)
2026-06-15,AWS,ca-central-1,g6.12xlarge,L4,4.0,spot,2.564567,0.64114175,instances.vantage.sh (AWS Price List mirror)
2026-06-15,AWS,ca-central-1,g6.16xlarge,L4,1.0,ondemand,3.7716,3.7716,instances.vantage.sh (AWS Price List mirror)
2026-06-15,AWS,ca-central-1,g6.16xlarge,L4,1.0,spot,1.015867,1.015867,instances.vantage.sh (AWS Price List mirror)
2026-06-15,AWS,ca-central-1,g6.24xlarge,L4,4.0,ondemand,7.41173,1.8529325,instances.vantage.sh (AWS Price List mirror)
2026-06-15,AWS,ca-central-1,g6.24xlarge,L4,4.0,spot,3.751967,0.93799175,instances.vantage.sh (AWS Price List mirror)
2026-06-15,AWS,ca-central-1,g6.2xlarge,L4,1.0,ondemand,1.08547,1.08547,instances.vantage.sh (AWS Price List mirror)
2026-06-15,AWS,ca-central-1,g6.2xlarge,L4,1.0,spot,0.687667,0.687667,instances.vantage.sh (AWS Price List mirror)
2026-06-15,AWS,ca-central-1,g6.48xlarge,L4,8.0,ondemand,14.82346,1.8529325,instances.vantage.sh (AWS Price List mirror)
2026-06-15,AWS,ca-central-1,g6.48xlarge,L4,8.0,spot,9.922633,1.240329125,instances.vantage.sh (AWS Price List mirror)
2026-06-15,AWS,ca-central-1,g6.4xlarge,L4,1.0,ondemand,1.4692,1.4692,instances.vantage.sh (AWS Price List mirror)
2026-06-15,AWS,ca-central-1,g6.4xlarge,L4,1.0,spot,0.978,0.978,instances.vantage.sh (AWS Price List mirror)
2026-06-15,AWS,ca-central-1,g6.8xlarge,L4,1.0,ondemand,2.23666,2.23666,instances.vantage.sh (AWS Price List mirror)
2026-06-15,AWS,ca-central-1,g6.8xlarge,L4,1.0,spot,0.7799,0.7799,instances.vantage.sh (AWS Price List mirror)
2026-06-15,AWS,ca-central-1,g6.xlarge,L4,1.0,ondemand,0.8936,0.8936,instances.vantage.sh (AWS Price List mirror)
2026-06-15,AWS,ca-central-1,g6.xlarge,L4,1.0,spot,0.607933,0.607933,instances.vantage.sh (AWS Price List mirror)
2026-06-15,AWS,ca-central-1,g6f.2xlarge,L4,0.25,ondemand,0.52741,2.10964,instances.vantage.sh (AWS Price List mirror)
2026-06-15,AWS,ca-central-1,g6f.2xlarge,L4,0.25,spot,0.2131,0.8524,instances.vantage.sh (AWS Price List mirror)
2026-06-15,AWS,ca-central-1,g6f.4xlarge,L4,0.5,ondemand,1.05482,2.10964,instances.vantage.sh (AWS Price List mirror)
2026-06-15,AWS,ca-central-1,g6f.4xlarge,L4,0.5,spot,0.3056,0.6112,instances.vantage.sh (AWS Price List mirror)
2026-06-15,AWS,ca-central-1,g6f.large,L4,0.125,ondemand,0.22429,1.79432,instances.vantage.sh (AWS Price List mirror)
2026-06-15,AWS,ca-central-1,g6f.large,L4,0.125,spot,0.2243,1.7944,instances.vantage.sh (AWS Price List mirror)
2026-06-15,AWS,ca-central-1,g6f.xlarge,L4,0.125,ondemand,0.26371,2.10968,instances.vantage.sh (AWS Price List mirror)
2026-06-15,AWS,ca-central-1,g6f.xlarge,L4,0.125,spot,0.2637,2.1096,instances.vantage.sh (AWS Price List mirror)
2026-06-15,AWS,ca-central-1,gr6.4xlarge,L4,1.0,ondemand,1.709,1.709,instances.vantage.sh (AWS Price List mirror)
2026-06-15,AWS,ca-central-1,gr6.4xlarge,L4,1.0,spot,0.3712,0.3712,instances.vantage.sh (AWS Price List mirror)
2026-06-15,AWS,ca-central-1,gr6.8xlarge,L4,1.0,ondemand,2.71628,2.71628,instances.vantage.sh (AWS Price List mirror)
2026-06-15,AWS,ca-central-1,gr6.8xlarge,L4,1.0,spot,0.42705,0.42705,instances.vantage.sh (AWS Price List mirror)
2026-06-15,AWS,ca-central-1,gr6f.4xlarge,L4,0.5,ondemand,1.1836,2.3672,instances.vantage.sh (AWS Price List mirror)
2026-06-15,AWS,ca-central-1,gr6f.4xlarge,L4,0.5,spot,0.3218,0.6436,instances.vantage.sh (AWS Price List mirror)
2026-06-15,AWS,ca-central-1,inf1.24xlarge,AWS Inferentia,16.0,ondemand,5.26,0.32875,instances.vantage.sh (AWS Price List mirror)
2026-06-15,AWS,ca-central-1,inf1.24xlarge,AWS Inferentia,16.0,spot,1.2964,0.081025,instances.vantage.sh (AWS Price List mirror)
2026-06-15,AWS,ca-central-1,inf1.2xlarge,AWS Inferentia,1.0,ondemand,0.403,0.403,instances.vantage.sh (AWS Price List mirror)
2026-06-15,AWS,ca-central-1,inf1.2xlarge,AWS Inferentia,1.0,spot,0.0799,0.0799,instances.vantage.sh (AWS Price List mirror)
2026-06-15,AWS,ca-central-1,inf1.6xlarge,AWS Inferentia,4.0,ondemand,1.315,0.32875,instances.vantage.sh (AWS Price List mirror)
2026-06-15,AWS,ca-central-1,inf1.6xlarge,AWS Inferentia,4.0,spot,0.21015,0.0525375,instances.vantage.sh (AWS Price List mirror)
2026-06-15,AWS,ca-central-1,inf1.xlarge,AWS Inferentia,1.0,ondemand,0.254,0.254,instances.vantage.sh (AWS Price List mirror)
2026-06-15,AWS,ca-central-1,inf1.xlarge,AWS Inferentia,1.0,spot,0.0426,0.0426,instances.vantage.sh (AWS Price List mirror)
2026-06-15,AWS,ca-central-1,p3.16xlarge,V100,8.0,ondemand,26.928,3.366,instances.vantage.sh (AWS Price List mirror)
2026-06-15,AWS,ca-central-1,p3.16xlarge,V100,8.0,spot,11.84832,1.48104,instances.vantage.sh (AWS Price List mirror)
2026-06-15,AWS,ca-central-1,p3.2xlarge,V100,1.0,ondemand,3.366,3.366,instances.vantage.sh (AWS Price List mirror)
2026-06-15,AWS,ca-central-1,p3.2xlarge,V100,1.0,spot,3.366,3.366,instances.vantage.sh (AWS Price List mirror)
2026-06-15,AWS,ca-central-1,p3.8xlarge,V100,4.0,ondemand,13.464,3.366,instances.vantage.sh (AWS Price List mirror)
2026-06-15,AWS,ca-central-1,p3.8xlarge,V100,4.0,spot,7.13592,1.78398,instances.vantage.sh (AWS Price List mirror)
2026-06-15,AWS,ca-central-1,p4d.24xlarge,A100,8.0,ondemand,25.25174,3.1564675,instances.vantage.sh (AWS Price List mirror)
2026-06-15,AWS,ca-central-1,p4d.24xlarge,A100,8.0,spot,14.09505,1.76188125,instances.vantage.sh (AWS Price List mirror)
2026-06-15,AWS,ca-central-1,p5.48xlarge,H100,8.0,ondemand,63.296,7.912,instances.vantage.sh (AWS Price List mirror)
2026-06-15,AWS,ca-central-1,p5.48xlarge,H100,8.0,spot,63.296,7.912,instances.vantage.sh (AWS Price List mirror)
2026-06-15,AWS,ca-central-1-wl1-yto1,g4dn.2xlarge,T4,1.0,ondemand,1.252,1.252,instances.vantage.sh (AWS Price List mirror)
2026-06-15,AWS,eu-central-1,dl2q.24xlarge,Qualcomm AI 100 Accelerators,8.0,ondemand,11.5952,1.4494,instances.vantage.sh (AWS Price List mirror)
2026-06-15,AWS,eu-central-1,dl2q.24xlarge,Qualcomm AI 100 Accelerators,8.0,spot,10.0779,1.2597375,instances.vantage.sh (AWS Price List mirror)
2026-06-15,AWS,eu-central-1,g2.2xlarge,K520,1.0,ondemand,0.772,0.772,instances.vantage.sh (AWS Price List mirror)
2026-06-15,AWS,eu-central-1,g2.8xlarge,K520,4.0,ondemand,3.088,0.772,instances.vantage.sh (AWS Price List mirror)
2026-06-15,AWS,eu-central-1,g3.16xlarge,M60,4.0,ondemand,5.7,1.425,instances.vantage.sh (AWS Price List mirror)
2026-06-15,AWS,eu-central-1,g3.4xlarge,M60,1.0,ondemand,1.425,1.425,instances.vantage.sh (AWS Price List mirror)
2026-06-15,AWS,eu-central-1,g3.8xlarge,M60,2.0,ondemand,2.85,1.425,instances.vantage.sh (AWS Price List mirror)
2026-06-15,AWS,eu-central-1,g3s.xlarge,M60,1.0,ondemand,0.938,0.938,instances.vantage.sh (AWS Price List mirror)
2026-06-15,AWS,eu-central-1,g4ad.16xlarge,V520,4.0,ondemand,4.336,1.084,instances.vantage.sh (AWS Price List mirror)
2026-06-15,AWS,eu-central-1,g4ad.16xlarge,V520,4.0,spot,1.3416,0.3354,instances.vantage.sh (AWS Price List mirror)
2026-06-15,AWS,eu-central-1,g4ad.2xlarge,V520,1.0,ondemand,0.67662,0.67662,instances.vantage.sh (AWS Price List mirror)
2026-06-15,AWS,eu-central-1,g4ad.2xlarge,V520,1.0,spot,0.283,0.283,instances.vantage.sh (AWS Price List mirror)
2026-06-15,AWS,eu-central-1,g4ad.4xlarge,V520,1.0,ondemand,1.084,1.084,instances.vantage.sh (AWS Price List mirror)
2026-06-15,AWS,eu-central-1,g4ad.4xlarge,V520,1.0,spot,0.56665,0.56665,instances.vantage.sh (AWS Price List mirror)
2026-06-15,AWS,eu-central-1,g4ad.8xlarge,V520,2.0,ondemand,2.168,1.084,instances.vantage.sh (AWS Price List mirror)
2026-06-15,AWS,eu-central-1,g4ad.8xlarge,V520,2.0,spot,0.58735,0.293675,instances.vantage.sh (AWS Price List mirror)
2026-06-15,AWS,eu-central-1,g4ad.xlarge,V520,1.0,ondemand,0.47327,0.47327,instances.vantage.sh (AWS Price List mirror)
2026-06-15,AWS,eu-central-1,g4ad.xlarge,V520,1.0,spot,0.13745,0.13745,instances.vantage.sh (AWS Price List mirror)
2026-06-15,AWS,eu-central-1,g4dn.12xlarge,T4,4.0,ondemand,4.89,1.2225,instances.vantage.sh (AWS Price List mirror)
2026-06-15,AWS,eu-central-1,g4dn.12xlarge,T4,4.0,spot,1.598833,0.39970825,instances.vantage.sh (AWS Price List mirror)
2026-06-15,AWS,eu-central-1,g4dn.16xlarge,T4,1.0,ondemand,5.44,5.44,instances.vantage.sh (AWS Price List mirror)
2026-06-15,AWS,eu-central-1,g4dn.16xlarge,T4,1.0,spot,1.851333,1.851333,instances.vantage.sh (AWS Price List mirror)
2026-06-15,AWS,eu-central-1,g4dn.2xlarge,T4,1.0,ondemand,0.94,0.94,instances.vantage.sh (AWS Price List mirror)
2026-06-15,AWS,eu-central-1,g4dn.2xlarge,T4,1.0,spot,0.3412,0.3412,instances.vantage.sh (AWS Price List mirror)
2026-06-15,AWS,eu-central-1,g4dn.4xlarge,T4,1.0,ondemand,1.505,1.505,instances.vantage.sh (AWS Price List mirror)
2026-06-15,AWS,eu-central-1,g4dn.4xlarge,T4,1.0,spot,0.5144,0.5144,instances.vantage.sh (AWS Price List mirror)
2026-06-15,AWS,eu-central-1,g4dn.8xlarge,T4,1.0,ondemand,2.72,2.72,instances.vantage.sh (AWS Price List mirror)
2026-06-15,AWS,eu-central-1,g4dn.8xlarge,T4,1.0,spot,1.031933,1.031933,instances.vantage.sh (AWS Price List mirror)
2026-06-15,AWS,eu-central-1,g4dn.metal,T4,8.0,ondemand,9.78,1.2225,instances.vantage.sh (AWS Price List mirror)
2026-06-15,AWS,eu-central-1,g4dn.metal,T4,8.0,spot,3.500767,0.437595875,instances.vantage.sh (AWS Price List mirror)
2026-06-15,AWS,eu-central-1,g4dn.xlarge,T4,1.0,ondemand,0.658,0.658,instances.vantage.sh (AWS Price List mirror)
2026-06-15,AWS,eu-central-1,g4dn.xlarge,T4,1.0,spot,0.2134,0.2134,instances.vantage.sh (AWS Price List mirror)
2026-06-15,AWS,eu-central-1,g5.12xlarge,A10G,4.0,ondemand,7.09282,1.773205,instances.vantage.sh (AWS Price List mirror)
2026-06-15,AWS,eu-central-1,g5.12xlarge,A10G,4.0,spot,3.562833,0.89070825,instances.vantage.sh (AWS Price List mirror)
2026-06-15,AWS,eu-central-1,g5.16xlarge,A10G,1.0,ondemand,5.12204,5.12204,instances.vantage.sh (AWS Price List mirror)
2026-06-15,AWS,eu-central-1,g5.16xlarge,A10G,1.0,spot,1.5717,1.5717,instances.vantage.sh (AWS Price List mirror)
2026-06-15,AWS,eu-central-1,g5.24xlarge,A10G,4.0,ondemand,10.18405,2.5460125,instances.vantage.sh (AWS Price List mirror)
2026-06-15,AWS,eu-central-1,g5.24xlarge,A10G,4.0,spot,4.458667,1.11466675,instances.vantage.sh (AWS Price List mirror)
2026-06-15,AWS,eu-central-1,g5.2xlarge,A10G,1.0,ondemand,1.5156,1.5156,instances.vantage.sh (AWS Price List mirror)
2026-06-15,AWS,eu-central-1,g5.2xlarge,A10G,1.0,spot,0.618067,0.618067,instances.vantage.sh (AWS Price List mirror)
2026-06-15,AWS,eu-central-1,g5.48xlarge,A10G,8.0,ondemand,20.3681,2.5460125,instances.vantage.sh (AWS Price List mirror)
2026-06-15,AWS,eu-central-1,g5.48xlarge,A10G,8.0,spot,10.729267,1.341158375,instances.vantage.sh (AWS Price List mirror)
2026-06-15,AWS,eu-central-1,g5.4xlarge,A10G,1.0,ondemand,2.03081,2.03081,instances.vantage.sh (AWS Price List mirror)
2026-06-15,AWS,eu-central-1,g5.4xlarge,A10G,1.0,spot,0.739033,0.739033,instances.vantage.sh (AWS Price List mirror)
2026-06-15,AWS,eu-central-1,g5.8xlarge,A10G,1.0,ondemand,3.06122,3.06122,instances.vantage.sh (AWS Price List mirror)
2026-06-15,AWS,eu-central-1,g5.8xlarge,A10G,1.0,spot,0.998567,0.998567,instances.vantage.sh (AWS Price List mirror)
2026-06-15,AWS,eu-central-1,g5.xlarge,A10G,1.0,ondemand,1.258,1.258,instances.vantage.sh (AWS Price List mirror)
2026-06-15,AWS,eu-central-1,g5.xlarge,A10G,1.0,spot,0.454833,0.454833,instances.vantage.sh (AWS Price List mirror)
2026-06-15,AWS,eu-central-1,g5g.16xlarge,T4G,2.0,ondemand,3.4326,1.7163,instances.vantage.sh (AWS Price List mirror)
2026-06-15,AWS,eu-central-1,g5g.16xlarge,T4G,2.0,spot,0.9838,0.4919,instances.vantage.sh (AWS Price List mirror)
2026-06-15,AWS,eu-central-1,g5g.2xlarge,T4G,1.0,ondemand,0.6955,0.6955,instances.vantage.sh (AWS Price List mirror)
2026-06-15,AWS,eu-central-1,g5g.2xlarge,T4G,1.0,spot,0.1862,0.1862,instances.vantage.sh (AWS Price List mirror)
2026-06-15,AWS,eu-central-1,g5g.4xlarge,T4G,1.0,ondemand,1.0358,1.0358,instances.vantage.sh (AWS Price List mirror)
2026-06-15,AWS,eu-central-1,g5g.4xlarge,T4G,1.0,spot,0.2659,0.2659,instances.vantage.sh (AWS Price List mirror)
2026-06-15,AWS,eu-central-1,g5g.8xlarge,T4G,1.0,ondemand,1.7163,1.7163,instances.vantage.sh (AWS Price List mirror)
2026-06-15,AWS,eu-central-1,g5g.8xlarge,T4G,1.0,spot,0.357,0.357,instances.vantage.sh (AWS Price List mirror)
2026-06-15,AWS,eu-central-1,g5g.metal,T4G,2.0,ondemand,3.4326,1.7163,instances.vantage.sh (AWS Price List mirror)
2026-06-15,AWS,eu-central-1,g5g.metal,T4G,2.0,spot,0.819,0.4095,instances.vantage.sh (AWS Price List mirror)
2026-06-15,AWS,eu-central-1,g5g.xlarge,T4G,1.0,ondemand,0.5254,0.5254,instances.vantage.sh (AWS Price List mirror)
2026-06-15,AWS,eu-central-1,g5g.xlarge,T4G,1.0,spot,0.1461,0.1461,instances.vantage.sh (AWS Price List mirror)
2026-06-15,AWS,eu-central-1,g6.12xlarge,L4,4.0,ondemand,5.75429,1.4385725,instances.vantage.sh (AWS Price List mirror)
2026-06-15,AWS,eu-central-1,g6.12xlarge,L4,4.0,spot,2.035033,0.50875825,instances.vantage.sh (AWS Price List mirror)
2026-06-15,AWS,eu-central-1,g6.16xlarge,L4,1.0,ondemand,4.24769,4.24769,instances.vantage.sh (AWS Price List mirror)
2026-06-15,AWS,eu-central-1,g6.16xlarge,L4,1.0,spot,1.584733,1.584733,instances.vantage.sh (AWS Price List mirror)
2026-06-15,AWS,eu-central-1,g6.24xlarge,L4,4.0,ondemand,8.34732,2.08683,instances.vantage.sh (AWS Price List mirror)
2026-06-15,AWS,eu-central-1,g6.24xlarge,L4,4.0,spot,2.6654,0.66635,instances.vantage.sh (AWS Price List mirror)
2026-06-15,AWS,eu-central-1,g6.2xlarge,L4,1.0,ondemand,1.22249,1.22249,instances.vantage.sh (AWS Price List mirror)
2026-06-15,AWS,eu-central-1,g6.2xlarge,L4,1.0,spot,0.4595,0.4595,instances.vantage.sh (AWS Price List mirror)
2026-06-15,AWS,eu-central-1,g6.48xlarge,L4,8.0,ondemand,16.69464,2.08683,instances.vantage.sh (AWS Price List mirror)
2026-06-15,AWS,eu-central-1,g6.48xlarge,L4,8.0,spot,5.138033,0.642254125,instances.vantage.sh (AWS Price List mirror)
2026-06-15,AWS,eu-central-1,g6.4xlarge,L4,1.0,ondemand,1.65466,1.65466,instances.vantage.sh (AWS Price List mirror)
2026-06-15,AWS,eu-central-1,g6.4xlarge,L4,1.0,spot,0.550433,0.550433,instances.vantage.sh (AWS Price List mirror)
2026-06-15,AWS,eu-central-1,g6.8xlarge,L4,1.0,ondemand,2.519,2.519,instances.vantage.sh (AWS Price List mirror)
2026-06-15,AWS,eu-central-1,g6.8xlarge,L4,1.0,spot,0.816567,0.816567,instances.vantage.sh (AWS Price List mirror)
2026-06-15,AWS,eu-central-1,g6.xlarge,L4,1.0,ondemand,1.0064,1.0064,instances.vantage.sh (AWS Price List mirror)
2026-06-15,AWS,eu-central-1,g6.xlarge,L4,1.0,spot,0.353467,0.353467,instances.vantage.sh (AWS Price List mirror)
2026-06-15,AWS,eu-central-1,g6e.12xlarge,L40S,4.0,ondemand,13.12002,3.280005,instances.vantage.sh (AWS Price List mirror)
2026-06-15,AWS,eu-central-1,g6e.12xlarge,L40S,4.0,spot,4.046067,1.01151675,instances.vantage.sh (AWS Price List mirror)
2026-06-15,AWS,eu-central-1,g6e.16xlarge,L40S,1.0,ondemand,9.47454,9.47454,instances.vantage.sh (AWS Price List mirror)
2026-06-15,AWS,eu-central-1,g6e.16xlarge,L40S,1.0,spot,2.763367,2.763367,instances.vantage.sh (AWS Price List mirror)
2026-06-15,AWS,eu-central-1,g6e.24xlarge,L40S,4.0,ondemand,18.83806,4.709515,instances.vantage.sh (AWS Price List mirror)
2026-06-15,AWS,eu-central-1,g6e.24xlarge,L40S,4.0,spot,9.508267,2.37706675,instances.vantage.sh (AWS Price List mirror)
2026-06-15,AWS,eu-central-1,g6e.2xlarge,L40S,1.0,ondemand,2.8035,2.8035,instances.vantage.sh (AWS Price List mirror)
2026-06-15,AWS,eu-central-1,g6e.2xlarge,L40S,1.0,spot,0.9775,0.9775,instances.vantage.sh (AWS Price List mirror)
2026-06-15,AWS,eu-central-1,g6e.48xlarge,L40S,8.0,ondemand,37.67612,4.709515,instances.vantage.sh (AWS Price List mirror)
2026-06-15,AWS,eu-central-1,g6e.48xlarge,L40S,8.0,spot,18.650067,2.331258375,instances.vantage.sh (AWS Price List mirror)
2026-06-15,AWS,eu-central-1,g6e.4xlarge,L40S,1.0,ondemand,3.75651,3.75651,instances.vantage.sh (AWS Price List mirror)
2026-06-15,AWS,eu-central-1,g6e.4xlarge,L40S,1.0,spot,1.174533,1.174533,instances.vantage.sh (AWS Price List mirror)
2026-06-15,AWS,eu-central-1,g6e.8xlarge,L40S,1.0,ondemand,5.66252,5.66252,instances.vantage.sh (AWS Price List mirror)
2026-06-15,AWS,eu-central-1,g6e.8xlarge,L40S,1.0,spot,1.763567,1.763567,instances.vantage.sh (AWS Price List mirror)
2026-06-15,AWS,eu-central-1,g6e.xlarge,L40S,1.0,ondemand,2.327,2.327,instances.vantage.sh (AWS Price List mirror)
2026-06-15,AWS,eu-central-1,g6e.xlarge,L40S,1.0,spot,2.327,2.327,instances.vantage.sh (AWS Price List mirror)
2026-06-15,AWS,eu-central-1,g6f.2xlarge,L4,0.25,ondemand,0.594,2.376,instances.vantage.sh (AWS Price List mirror)
2026-06-15,AWS,eu-central-1,g6f.2xlarge,L4,0.25,spot,0.22825,0.913,instances.vantage.sh (AWS Price List mirror)
2026-06-15,AWS,eu-central-1,g6f.4xlarge,L4,0.5,ondemand,1.188,2.376,instances.vantage.sh (AWS Price List mirror)
2026-06-15,AWS,eu-central-1,g6f.4xlarge,L4,0.5,spot,0.5324,1.0648,instances.vantage.sh (AWS Price List mirror)
2026-06-15,AWS,eu-central-1,g6f.large,L4,0.125,ondemand,0.25261,2.02088,instances.vantage.sh (AWS Price List mirror)
2026-06-15,AWS,eu-central-1,g6f.large,L4,0.125,spot,0.0774,0.6192,instances.vantage.sh (AWS Price List mirror)
2026-06-15,AWS,eu-central-1,g6f.xlarge,L4,0.125,ondemand,0.297,2.376,instances.vantage.sh (AWS Price List mirror)
2026-06-15,AWS,eu-central-1,g6f.xlarge,L4,0.125,spot,0.1025,0.82,instances.vantage.sh (AWS Price List mirror)
2026-06-15,AWS,eu-central-1,gr6.4xlarge,L4,1.0,ondemand,1.9248,1.9248,instances.vantage.sh (AWS Price List mirror)
2026-06-15,AWS,eu-central-1,gr6.4xlarge,L4,1.0,spot,0.6045,0.6045,instances.vantage.sh (AWS Price List mirror)
2026-06-15,AWS,eu-central-1,gr6.8xlarge,L4,1.0,ondemand,3.05927,3.05927,instances.vantage.sh (AWS Price List mirror)
2026-06-15,AWS,eu-central-1,gr6.8xlarge,L4,1.0,spot,0.96105,0.96105,instances.vantage.sh (AWS Price List mirror)
2026-06-15,AWS,eu-central-1,gr6f.4xlarge,L4,0.5,ondemand,1.33305,2.6661,instances.vantage.sh (AWS Price List mirror)
2026-06-15,AWS,eu-central-1,gr6f.4xlarge,L4,0.5,spot,0.4661,0.9322,instances.vantage.sh (AWS Price List mirror)
2026-06-15,AWS,eu-central-1,inf1.24xlarge,AWS Inferentia,16.0,ondemand,5.902,0.368875,instances.vantage.sh (AWS Price List mirror)
2026-06-15,AWS,eu-central-1,inf1.24xlarge,AWS Inferentia,16.0,spot,2.841,0.1775625,instances.vantage.sh (AWS Price List mirror)
2026-06-15,AWS,eu-central-1,inf1.2xlarge,AWS Inferentia,1.0,ondemand,0.453,0.453,instances.vantage.sh (AWS Price List mirror)
2026-06-15,AWS,eu-central-1,inf1.2xlarge,AWS Inferentia,1.0,spot,0.126333,0.126333,instances.vantage.sh (AWS Price List mirror)
2026-06-15,AWS,eu-central-1,inf1.6xlarge,AWS Inferentia,4.0,ondemand,1.475,0.36875,instances.vantage.sh (AWS Price List mirror)
2026-06-15,AWS,eu-central-1,inf1.6xlarge,AWS Inferentia,4.0,spot,0.324,0.081,instances.vantage.sh (AWS Price List mirror)
2026-06-15,AWS,eu-central-1,inf1.xlarge,AWS Inferentia,1.0,ondemand,0.285,0.285,instances.vantage.sh (AWS Price List mirror)
2026-06-15,AWS,eu-central-1,inf1.xlarge,AWS Inferentia,1.0,spot,0.0673,0.0673,instances.vantage.sh (AWS Price List mirror)
2026-06-15,AWS,eu-central-1,inf2.24xlarge,AWS Inferentia2,6.0,ondemand,9.73595,1.6226583333333335,instances.vantage.sh (AWS Price List mirror)
2026-06-15,AWS,eu-central-1,inf2.24xlarge,AWS Inferentia2,6.0,spot,5.3548,0.8924666666666666,instances.vantage.sh (AWS Price List mirror)
2026-06-15,AWS,eu-central-1,inf2.48xlarge,AWS Inferentia2,12.0,ondemand,19.4719,1.6226583333333335,instances.vantage.sh (AWS Price List mirror)
2026-06-15,AWS,eu-central-1,inf2.48xlarge,AWS Inferentia2,12.0,spot,19.4719,1.6226583333333335,instances.vantage.sh (AWS Price List mirror)
2026-06-15,AWS,eu-central-1,inf2.8xlarge,AWS Inferentia2,1.0,ondemand,2.95179,2.95179,instances.vantage.sh (AWS Price List mirror)
2026-06-15,AWS,eu-central-1,inf2.8xlarge,AWS Inferentia2,1.0,spot,1.8628,1.8628,instances.vantage.sh (AWS Price List mirror)
2026-06-15,AWS,eu-central-1,inf2.xlarge,AWS Inferentia2,1.0,ondemand,1.1373,1.1373,instances.vantage.sh (AWS Price List mirror)
2026-06-15,AWS,eu-central-1,inf2.xlarge,AWS Inferentia2,1.0,spot,0.8797,0.8797,instances.vantage.sh (AWS Price List mirror)
2026-06-15,AWS,eu-central-1,p2.16xlarge,K80,16.0,ondemand,21.216,1.326,instances.vantage.sh (AWS Price List mirror)
2026-06-15,AWS,eu-central-1,p2.8xlarge,K80,8.0,ondemand,10.608,1.326,instances.vantage.sh (AWS Price List mirror)
2026-06-15,AWS,eu-central-1,p2.xlarge,K80,1.0,ondemand,1.326,1.326,instances.vantage.sh (AWS Price List mirror)
2026-06-15,AWS,eu-central-1,p3.16xlarge,V100,8.0,ondemand,30.584,3.823,instances.vantage.sh (AWS Price List mirror)
2026-06-15,AWS,eu-central-1,p3.16xlarge,V100,8.0,spot,30.584,3.823,instances.vantage.sh (AWS Price List mirror)
2026-06-15,AWS,eu-central-1,p3.2xlarge,V100,1.0,ondemand,3.823,3.823,instances.vantage.sh (AWS Price List mirror)
2026-06-15,AWS,eu-central-1,p3.2xlarge,V100,1.0,spot,3.823,3.823,instances.vantage.sh (AWS Price List mirror)
2026-06-15,AWS,eu-central-1,p3.8xlarge,V100,4.0,ondemand,15.292,3.823,instances.vantage.sh (AWS Price List mirror)
2026-06-15,AWS,eu-central-1,p3.8xlarge,V100,4.0,spot,10.10075,2.5251875,instances.vantage.sh (AWS Price List mirror)
2026-06-15,AWS,eu-central-1,p4d.24xlarge,A100,8.0,ondemand,27.43298,3.4291225,instances.vantage.sh (AWS Price List mirror)
2026-06-15,AWS,eu-central-1,p4d.24xlarge,A100,8.0,spot,21.932833,2.741604125,instances.vantage.sh (AWS Price List mirror)
2026-06-15,AWS,eu-central-1,p4de.24xlarge,A100,8.0,ondemand,34.29122,4.2864025,instances.vantage.sh (AWS Price List mirror)
2026-06-15,AWS,eu-central-1,p4de.24xlarge,A100,8.0,spot,13.59145,1.69893125,instances.vantage.sh (AWS Price List mirror)
2026-06-15,AWS,eu-central-1-ham-1,g4dn.2xlarge,T4,1.0,ondemand,1.363,1.363,instances.vantage.sh (AWS Price List mirror)
2026-06-15,AWS,eu-central-1-waw-1,g4dn.2xlarge,T4,1.0,ondemand,1.175,1.175,instances.vantage.sh (AWS Price List mirror)
2026-06-15,AWS,eu-central-1-wl1-ber1,g4dn.2xlarge,T4,1.0,ondemand,1.222,1.222,instances.vantage.sh (AWS Price List mirror)
2026-06-15,AWS,eu-central-1-wl1-dtm1,g4dn.2xlarge,T4,1.0,ondemand,1.222,1.222,instances.vantage.sh (AWS Price List mirror)
2026-06-15,AWS,eu-central-1-wl1-muc1,g4dn.2xlarge,T4,1.0,ondemand,1.222,1.222,instances.vantage.sh (AWS Price List mirror)
2026-06-15,AWS,eu-central-2,g6.12xlarge,L4,4.0,ondemand,6.2037,1.550925,instances.vantage.sh (AWS Price List mirror)
2026-06-15,AWS,eu-central-2,g6.12xlarge,L4,4.0,spot,1.799073,0.44976825,instances.vantage.sh (AWS Price List mirror)
2026-06-15,AWS,eu-central-2,g6.16xlarge,L4,1.0,ondemand,4.57943,4.57943,instances.vantage.sh (AWS Price List mirror)
2026-06-15,AWS,eu-central-2,g6.16xlarge,L4,1.0,spot,0.870092,0.870092,instances.vantage.sh (AWS Price List mirror)
2026-06-15,AWS,eu-central-2,g6.24xlarge,L4,4.0,ondemand,8.99924,2.24981,instances.vantage.sh (AWS Price List mirror)
2026-06-15,AWS,eu-central-2,g6.24xlarge,L4,4.0,spot,1.88984,0.47246,instances.vantage.sh (AWS Price List mirror)
2026-06-15,AWS,eu-central-2,g6.2xlarge,L4,1.0,ondemand,1.31796,1.31796,instances.vantage.sh (AWS Price List mirror)
2026-06-15,AWS,eu-central-2,g6.2xlarge,L4,1.0,spot,0.382208,0.382208,instances.vantage.sh (AWS Price List mirror)
2026-06-15,AWS,eu-central-2,g6.48xlarge,L4,8.0,ondemand,17.99849,2.24981125,instances.vantage.sh (AWS Price List mirror)
2026-06-15,AWS,eu-central-2,g6.48xlarge,L4,8.0,spot,3.599698,0.44996225,instances.vantage.sh (AWS Price List mirror)
2026-06-15,AWS,eu-central-2,g6.4xlarge,L4,1.0,ondemand,1.78389,1.78389,instances.vantage.sh (AWS Price List mirror)
2026-06-15,AWS,eu-central-2,g6.4xlarge,L4,1.0,spot,0.48165,0.48165,instances.vantage.sh (AWS Price List mirror)
2026-06-15,AWS,eu-central-2,g6.8xlarge,L4,1.0,ondemand,2.71574,2.71574,instances.vantage.sh (AWS Price List mirror)
2026-06-15,AWS,eu-central-2,g6.8xlarge,L4,1.0,spot,0.570305,0.570305,instances.vantage.sh (AWS Price List mirror)
2026-06-15,AWS,eu-central-2,g6.xlarge,L4,1.0,ondemand,1.085,1.085,instances.vantage.sh (AWS Price List mirror)
2026-06-15,AWS,eu-central-2,g6.xlarge,L4,1.0,spot,0.22785,0.22785,instances.vantage.sh (AWS Price List mirror)
2026-06-15,AWS,eu-central-2,gr6.4xlarge,L4,1.0,ondemand,2.1649,2.1649,instances.vantage.sh (AWS Price List mirror)
2026-06-15,AWS,eu-central-2,gr6.4xlarge,L4,1.0,spot,0.454629,0.454629,instances.vantage.sh (AWS Price List mirror)
2026-06-15,AWS,eu-central-2,gr6.8xlarge,L4,1.0,ondemand,3.44089,3.44089,instances.vantage.sh (AWS Price List mirror)
2026-06-15,AWS,eu-central-2,gr6.8xlarge,L4,1.0,spot,0.722587,0.722587,instances.vantage.sh (AWS Price List mirror)
2026-06-15,AWS,eu-north-1,g4dn.12xlarge,T4,4.0,ondemand,4.15,1.0375,instances.vantage.sh (AWS Price List mirror)
2026-06-15,AWS,eu-north-1,g4dn.12xlarge,T4,4.0,spot,1.565867,0.39146675,instances.vantage.sh (AWS Price List mirror)
2026-06-15,AWS,eu-north-1,g4dn.16xlarge,T4,1.0,ondemand,4.617,4.617,instances.vantage.sh (AWS Price List mirror)
2026-06-15,AWS,eu-north-1,g4dn.16xlarge,T4,1.0,spot,0.485533,0.485533,instances.vantage.sh (AWS Price List mirror)
2026-06-15,AWS,eu-north-1,g4dn.2xlarge,T4,1.0,ondemand,0.798,0.798,instances.vantage.sh (AWS Price List mirror)
2026-06-15,AWS,eu-north-1,g4dn.2xlarge,T4,1.0,spot,0.175633,0.175633,instances.vantage.sh (AWS Price List mirror)
2026-06-15,AWS,eu-north-1,g4dn.4xlarge,T4,1.0,ondemand,1.277,1.277,instances.vantage.sh (AWS Price List mirror)
2026-06-15,AWS,eu-north-1,g4dn.4xlarge,T4,1.0,spot,0.367067,0.367067,instances.vantage.sh (AWS Price List mirror)
2026-06-15,AWS,eu-north-1,g4dn.8xlarge,T4,1.0,ondemand,2.308,2.308,instances.vantage.sh (AWS Price List mirror)
2026-06-15,AWS,eu-north-1,g4dn.8xlarge,T4,1.0,spot,0.377133,0.377133,instances.vantage.sh (AWS Price List mirror)
2026-06-15,AWS,eu-north-1,g4dn.metal,T4,8.0,ondemand,8.3,1.0375,instances.vantage.sh (AWS Price List mirror)
2026-06-15,AWS,eu-north-1,g4dn.metal,T4,8.0,spot,3.113067,0.389133375,instances.vantage.sh (AWS Price List mirror)
2026-06-15,AWS,eu-north-1,g4dn.xlarge,T4,1.0,ondemand,0.558,0.558,instances.vantage.sh (AWS Price List mirror)
2026-06-15,AWS,eu-north-1,g4dn.xlarge,T4,1.0,spot,0.160367,0.160367,instances.vantage.sh (AWS Price List mirror)
2026-06-15,AWS,eu-north-1,g5.12xlarge,A10G,4.0,ondemand,6.01593,1.5039825,instances.vantage.sh (AWS Price List mirror)
2026-06-15,AWS,eu-north-1,g5.12xlarge,A10G,4.0,spot,1.8847,0.471175,instances.vantage.sh (AWS Price List mirror)
2026-06-15,AWS,eu-north-1,g5.16xlarge,A10G,1.0,ondemand,4.34437,4.34437,instances.vantage.sh (AWS Price List mirror)
2026-06-15,AWS,eu-north-1,g5.16xlarge,A10G,1.0,spot,1.0486,1.0486,instances.vantage.sh (AWS Price List mirror)
2026-06-15,AWS,eu-north-1,g5.24xlarge,A10G,4.0,ondemand,8.63782,2.159455,instances.vantage.sh (AWS Price List mirror)
2026-06-15,AWS,eu-north-1,g5.24xlarge,A10G,4.0,spot,2.4385,0.609625,instances.vantage.sh (AWS Price List mirror)
2026-06-15,AWS,eu-north-1,g5.2xlarge,A10G,1.0,ondemand,1.28549,1.28549,instances.vantage.sh (AWS Price List mirror)
2026-06-15,AWS,eu-north-1,g5.2xlarge,A10G,1.0,spot,0.414,0.414,instances.vantage.sh (AWS Price List mirror)
2026-06-15,AWS,eu-north-1,g5.48xlarge,A10G,8.0,ondemand,17.27564,2.159455,instances.vantage.sh (AWS Price List mirror)
2026-06-15,AWS,eu-north-1,g5.48xlarge,A10G,8.0,spot,4.49225,0.56153125,instances.vantage.sh (AWS Price List mirror)
2026-06-15,AWS,eu-north-1,g5.4xlarge,A10G,1.0,ondemand,1.72247,1.72247,instances.vantage.sh (AWS Price List mirror)
2026-06-15,AWS,eu-north-1,g5.4xlarge,A10G,1.0,spot,0.4639,0.4639,instances.vantage.sh (AWS Price List mirror)
2026-06-15,AWS,eu-north-1,g5.8xlarge,A10G,1.0,ondemand,2.59644,2.59644,instances.vantage.sh (AWS Price List mirror)
2026-06-15,AWS,eu-north-1,g5.8xlarge,A10G,1.0,spot,0.6993,0.6993,instances.vantage.sh (AWS Price List mirror)
2026-06-15,AWS,eu-north-1,g5.xlarge,A10G,1.0,ondemand,1.067,1.067,instances.vantage.sh (AWS Price List mirror)
2026-06-15,AWS,eu-north-1,g5.xlarge,A10G,1.0,spot,0.38725,0.38725,instances.vantage.sh (AWS Price List mirror)
2026-06-15,AWS,eu-north-1,g6.12xlarge,L4,4.0,ondemand,4.88062,1.220155,instances.vantage.sh (AWS Price List mirror)
2026-06-15,AWS,eu-north-1,g6.12xlarge,L4,4.0,spot,1.0513,0.262825,instances.vantage.sh (AWS Price List mirror)
2026-06-15,AWS,eu-north-1,g6.16xlarge,L4,1.0,ondemand,3.60277,3.60277,instances.vantage.sh (AWS Price List mirror)
2026-06-15,AWS,eu-north-1,g6.16xlarge,L4,1.0,spot,1.0272,1.0272,instances.vantage.sh (AWS Price List mirror)
2026-06-15,AWS,eu-north-1,g6.24xlarge,L4,4.0,ondemand,7.07996,1.76999,instances.vantage.sh (AWS Price List mirror)
2026-06-15,AWS,eu-north-1,g6.24xlarge,L4,4.0,spot,1.43705,0.3592625,instances.vantage.sh (AWS Price List mirror)
2026-06-15,AWS,eu-north-1,g6.2xlarge,L4,1.0,ondemand,1.03688,1.03688,instances.vantage.sh (AWS Price List mirror)
2026-06-15,AWS,eu-north-1,g6.2xlarge,L4,1.0,spot,0.25045,0.25045,instances.vantage.sh (AWS Price List mirror)
2026-06-15,AWS,eu-north-1,g6.48xlarge,L4,8.0,ondemand,14.15992,1.76999,instances.vantage.sh (AWS Price List mirror)
2026-06-15,AWS,eu-north-1,g6.48xlarge,L4,8.0,spot,3.66465,0.45808125,instances.vantage.sh (AWS Price List mirror)
2026-06-15,AWS,eu-north-1,g6.4xlarge,L4,1.0,ondemand,1.40343,1.40343,instances.vantage.sh (AWS Price List mirror)
2026-06-15,AWS,eu-north-1,g6.4xlarge,L4,1.0,spot,0.28825,0.28825,instances.vantage.sh (AWS Price List mirror)
2026-06-15,AWS,eu-north-1,g6.8xlarge,L4,1.0,ondemand,2.13655,2.13655,instances.vantage.sh (AWS Price List mirror)
2026-06-15,AWS,eu-north-1,g6.8xlarge,L4,1.0,spot,0.74695,0.74695,instances.vantage.sh (AWS Price List mirror)
2026-06-15,AWS,eu-north-1,g6.xlarge,L4,1.0,ondemand,0.8536,0.8536,instances.vantage.sh (AWS Price List mirror)
2026-06-15,AWS,eu-north-1,g6.xlarge,L4,1.0,spot,0.27275,0.27275,instances.vantage.sh (AWS Price List mirror)
2026-06-15,AWS,eu-north-1,g6e.12xlarge,L40S,4.0,ondemand,11.12975,2.7824375,instances.vantage.sh (AWS Price List mirror)
2026-06-15,AWS,eu-north-1,g6e.12xlarge,L40S,4.0,spot,3.80985,0.9524625,instances.vantage.sh (AWS Price List mirror)
2026-06-15,AWS,eu-north-1,g6e.16xlarge,L40S,1.0,ondemand,8.03728,8.03728,instances.vantage.sh (AWS Price List mirror)
2026-06-15,AWS,eu-north-1,g6e.16xlarge,L40S,1.0,spot,2.36965,2.36965,instances.vantage.sh (AWS Price List mirror)
2026-06-15,AWS,eu-north-1,g6e.24xlarge,L40S,4.0,ondemand,15.98037,3.9950925,instances.vantage.sh (AWS Price List mirror)
2026-06-15,AWS,eu-north-1,g6e.24xlarge,L40S,4.0,spot,8.84435,2.2110875,instances.vantage.sh (AWS Price List mirror)
2026-06-15,AWS,eu-north-1,g6e.2xlarge,L40S,1.0,ondemand,2.37822,2.37822,instances.vantage.sh (AWS Price List mirror)
2026-06-15,AWS,eu-north-1,g6e.2xlarge,L40S,1.0,spot,0.74795,0.74795,instances.vantage.sh (AWS Price List mirror)
2026-06-15,AWS,eu-north-1,g6e.48xlarge,L40S,8.0,ondemand,31.96075,3.99509375,instances.vantage.sh (AWS Price List mirror)
2026-06-15,AWS,eu-north-1,g6e.48xlarge,L40S,8.0,spot,16.38535,2.04816875,instances.vantage.sh (AWS Price List mirror)
2026-06-15,AWS,eu-north-1,g6e.4xlarge,L40S,1.0,ondemand,3.18666,3.18666,instances.vantage.sh (AWS Price List mirror)
2026-06-15,AWS,eu-north-1,g6e.4xlarge,L40S,1.0,spot,0.88425,0.88425,instances.vantage.sh (AWS Price List mirror)
2026-06-15,AWS,eu-north-1,g6e.8xlarge,L40S,1.0,ondemand,4.80353,4.80353,instances.vantage.sh (AWS Price List mirror)
2026-06-15,AWS,eu-north-1,g6e.8xlarge,L40S,1.0,spot,1.57315,1.57315,instances.vantage.sh (AWS Price List mirror)
2026-06-15,AWS,eu-north-1,g6e.xlarge,L40S,1.0,ondemand,1.974,1.974,instances.vantage.sh (AWS Price List mirror)
2026-06-15,AWS,eu-north-1,g6e.xlarge,L40S,1.0,spot,0.5457,0.5457,instances.vantage.sh (AWS Price List mirror)
2026-06-15,AWS,eu-north-1,g6f.2xlarge,L4,0.25,ondemand,0.50379,2.01516,instances.vantage.sh (AWS Price List mirror)
2026-06-15,AWS,eu-north-1,g6f.2xlarge,L4,0.25,spot,0.11765,0.4706,instances.vantage.sh (AWS Price List mirror)
2026-06-15,AWS,eu-north-1,g6f.4xlarge,L4,0.5,ondemand,1.00758,2.01516,instances.vantage.sh (AWS Price List mirror)
2026-06-15,AWS,eu-north-1,g6f.4xlarge,L4,0.5,spot,0.1484,0.2968,instances.vantage.sh (AWS Price List mirror)
2026-06-15,AWS,eu-north-1,g6f.large,L4,0.125,ondemand,0.21424,1.71392,instances.vantage.sh (AWS Price List mirror)
2026-06-15,AWS,eu-north-1,g6f.large,L4,0.125,spot,0.0305,0.244,instances.vantage.sh (AWS Price List mirror)
2026-06-15,AWS,eu-north-1,g6f.xlarge,L4,0.125,ondemand,0.2519,2.0152,instances.vantage.sh (AWS Price List mirror)
2026-06-15,AWS,eu-north-1,g6f.xlarge,L4,0.125,spot,0.04865,0.3892,instances.vantage.sh (AWS Price List mirror)
2026-06-15,AWS,eu-north-1,gr6.4xlarge,L4,1.0,ondemand,1.6326,1.6326,instances.vantage.sh (AWS Price List mirror)
2026-06-15,AWS,eu-north-1,gr6.4xlarge,L4,1.0,spot,0.2518,0.2518,instances.vantage.sh (AWS Price List mirror)
2026-06-15,AWS,eu-north-1,gr6.8xlarge,L4,1.0,ondemand,2.59485,2.59485,instances.vantage.sh (AWS Price List mirror)
2026-06-15,AWS,eu-north-1,gr6.8xlarge,L4,1.0,spot,0.53975,0.53975,instances.vantage.sh (AWS Price List mirror)
2026-06-15,AWS,eu-north-1,gr6f.4xlarge,L4,0.5,ondemand,1.13069,2.26138,instances.vantage.sh (AWS Price List mirror)
2026-06-15,AWS,eu-north-1,gr6f.4xlarge,L4,0.5,spot,0.1764,0.3528,instances.vantage.sh (AWS Price List mirror)
2026-06-15,AWS,eu-north-1,inf1.24xlarge,AWS Inferentia,16.0,ondemand,5.016,0.3135,instances.vantage.sh (AWS Price List mirror)
2026-06-15,AWS,eu-north-1,inf1.24xlarge,AWS Inferentia,16.0,spot,0.75895,0.047434375,instances.vantage.sh (AWS Price List mirror)
2026-06-15,AWS,eu-north-1,inf1.2xlarge,AWS Inferentia,1.0,ondemand,0.385,0.385,instances.vantage.sh (AWS Price List mirror)
2026-06-15,AWS,eu-north-1,inf1.2xlarge,AWS Inferentia,1.0,spot,0.04615,0.04615,instances.vantage.sh (AWS Price List mirror)
2026-06-15,AWS,eu-north-1,inf1.6xlarge,AWS Inferentia,4.0,ondemand,1.254,0.3135,instances.vantage.sh (AWS Price List mirror)
2026-06-15,AWS,eu-north-1,inf1.6xlarge,AWS Inferentia,4.0,spot,0.1254,0.03135,instances.vantage.sh (AWS Price List mirror)
2026-06-15,AWS,eu-north-1,inf1.xlarge,AWS Inferentia,1.0,ondemand,0.242,0.242,instances.vantage.sh (AWS Price List mirror)
2026-06-15,AWS,eu-north-1,inf1.xlarge,AWS Inferentia,1.0,spot,0.0242,0.0242,instances.vantage.sh (AWS Price List mirror)
2026-06-15,AWS,eu-north-1,inf2.24xlarge,AWS Inferentia2,6.0,ondemand,7.1397,1.18995,instances.vantage.sh (AWS Price List mirror)
2026-06-15,AWS,eu-north-1,inf2.24xlarge,AWS Inferentia2,6.0,spot,0.714,0.119,instances.vantage.sh (AWS Price List mirror)
2026-06-15,AWS,eu-north-1,inf2.48xlarge,AWS Inferentia2,12.0,ondemand,14.27939,1.1899491666666666,instances.vantage.sh (AWS Price List mirror)
2026-06-15,AWS,eu-north-1,inf2.48xlarge,AWS Inferentia2,12.0,spot,1.4279,0.11899166666666666,instances.vantage.sh (AWS Price List mirror)
2026-06-15,AWS,eu-north-1,inf2.8xlarge,AWS Inferentia2,1.0,ondemand,2.16465,2.16465,instances.vantage.sh (AWS Price List mirror)
2026-06-15,AWS,eu-north-1,inf2.8xlarge,AWS Inferentia2,1.0,spot,0.2165,0.2165,instances.vantage.sh (AWS Price List mirror)
2026-06-15,AWS,eu-north-1,inf2.xlarge,AWS Inferentia2,1.0,ondemand,0.83402,0.83402,instances.vantage.sh (AWS Price List mirror)
2026-06-15,AWS,eu-north-1,inf2.xlarge,AWS Inferentia2,1.0,spot,0.0834,0.0834,instances.vantage.sh (AWS Price List mirror)
2026-06-15,AWS,eu-north-1,p4d.24xlarge,A100,8.0,ondemand,23.71569,2.96446125,instances.vantage.sh (AWS Price List mirror)
2026-06-15,AWS,eu-north-1,p4d.24xlarge,A100,8.0,spot,7.7492,0.96865,instances.vantage.sh (AWS Price List mirror)
2026-06-15,AWS,eu-north-1,p5.48xlarge,H100,8.0,ondemand,58.8928,7.3616,instances.vantage.sh (AWS Price List mirror)
2026-06-15,AWS,eu-north-1,p5.48xlarge,H100,8.0,spot,56.842,7.10525,instances.vantage.sh (AWS Price List mirror)
2026-06-15,AWS,eu-north-1,p5en.48xlarge,H200,8.0,ondemand,67.72672,8.46584,instances.vantage.sh (AWS Price List mirror)
2026-06-15,AWS,eu-north-1,p5en.48xlarge,H200,8.0,spot,20.5538,2.569225,instances.vantage.sh (AWS Price List mirror)
2026-06-15,AWS,eu-north-1-cph-1,g4dn.2xlarge,T4,1.0,ondemand,1.157,1.157,instances.vantage.sh (AWS Price List mirror)
2026-06-15,AWS,eu-north-1-hel-1,g4dn.2xlarge,T4,1.0,ondemand,0.997,0.997,instances.vantage.sh (AWS Price List mirror)
2026-06-15,AWS,eu-south-1,g4dn.12xlarge,T4,4.0,ondemand,4.58,1.145,instances.vantage.sh (AWS Price List mirror)
2026-06-15,AWS,eu-south-1,g4dn.12xlarge,T4,4.0,spot,2.1068,0.5267,instances.vantage.sh (AWS Price List mirror)
2026-06-15,AWS,eu-south-1,g4dn.16xlarge,T4,1.0,ondemand,5.095,5.095,instances.vantage.sh (AWS Price List mirror)
2026-06-15,AWS,eu-south-1,g4dn.16xlarge,T4,1.0,spot,0.5095,0.5095,instances.vantage.sh (AWS Price List mirror)
2026-06-15,AWS,eu-south-1,g4dn.2xlarge,T4,1.0,ondemand,0.88,0.88,instances.vantage.sh (AWS Price List mirror)
2026-06-15,AWS,eu-south-1,g4dn.2xlarge,T4,1.0,spot,0.1232,0.1232,instances.vantage.sh (AWS Price List mirror)
2026-06-15,AWS,eu-south-1,g4dn.4xlarge,T4,1.0,ondemand,1.41,1.41,instances.vantage.sh (AWS Price List mirror)
2026-06-15,AWS,eu-south-1,g4dn.4xlarge,T4,1.0,spot,0.3102,0.3102,instances.vantage.sh (AWS Price List mirror)
2026-06-15,AWS,eu-south-1,g4dn.8xlarge,T4,1.0,ondemand,2.547,2.547,instances.vantage.sh (AWS Price List mirror)
2026-06-15,AWS,eu-south-1,g4dn.8xlarge,T4,1.0,spot,0.2547,0.2547,instances.vantage.sh (AWS Price List mirror)
2026-06-15,AWS,eu-south-1,g4dn.metal,T4,8.0,ondemand,9.16,1.145,instances.vantage.sh (AWS Price List mirror)
2026-06-15,AWS,eu-south-1,g4dn.metal,T4,8.0,spot,2.8396,0.35495,instances.vantage.sh (AWS Price List mirror)
2026-06-15,AWS,eu-south-1,g4dn.xlarge,T4,1.0,ondemand,0.616,0.616,instances.vantage.sh (AWS Price List mirror)
2026-06-15,AWS,eu-south-1,g4dn.xlarge,T4,1.0,spot,0.08008,0.08008,instances.vantage.sh (AWS Price List mirror)
2026-06-15,AWS,eu-south-1,inf1.24xlarge,AWS Inferentia,16.0,ondemand,5.53,0.345625,instances.vantage.sh (AWS Price List mirror)
2026-06-15,AWS,eu-south-1,inf1.24xlarge,AWS Inferentia,16.0,spot,0.553,0.0345625,instances.vantage.sh (AWS Price List mirror)
2026-06-15,AWS,eu-south-1,inf1.2xlarge,AWS Inferentia,1.0,ondemand,0.424,0.424,instances.vantage.sh (AWS Price List mirror)
2026-06-15,AWS,eu-south-1,inf1.2xlarge,AWS Inferentia,1.0,spot,0.04664,0.04664,instances.vantage.sh (AWS Price List mirror)
2026-06-15,AWS,eu-south-1,inf1.6xlarge,AWS Inferentia,4.0,ondemand,1.382,0.3455,instances.vantage.sh (AWS Price List mirror)
2026-06-15,AWS,eu-south-1,inf1.6xlarge,AWS Inferentia,4.0,spot,0.1382,0.03455,instances.vantage.sh (AWS Price List mirror)
2026-06-15,AWS,eu-south-1,inf1.xlarge,AWS Inferentia,1.0,ondemand,0.267,0.267,instances.vantage.sh (AWS Price List mirror)
2026-06-15,AWS,eu-south-1,inf1.xlarge,AWS Inferentia,1.0,spot,0.0267,0.0267,instances.vantage.sh (AWS Price List mirror)
2026-06-15,AWS,eu-south-2,g5g.16xlarge,T4G,2.0,ondemand,3.0622,1.5311,instances.vantage.sh (AWS Price List mirror)
2026-06-15,AWS,eu-south-2,g5g.16xlarge,T4G,2.0,spot,0.30622,0.15311,instances.vantage.sh (AWS Price List mirror)
2026-06-15,AWS,eu-south-2,g5g.2xlarge,T4G,1.0,ondemand,0.6205,0.6205,instances.vantage.sh (AWS Price List mirror)
2026-06-15,AWS,eu-south-2,g5g.2xlarge,T4G,1.0,spot,0.093075,0.093075,instances.vantage.sh (AWS Price List mirror)
2026-06-15,AWS,eu-south-2,g5g.4xlarge,T4G,1.0,ondemand,0.924,0.924,instances.vantage.sh (AWS Price List mirror)
2026-06-15,AWS,eu-south-2,g5g.4xlarge,T4G,1.0,spot,0.11088,0.11088,instances.vantage.sh (AWS Price List mirror)
2026-06-15,AWS,eu-south-2,g5g.8xlarge,T4G,1.0,ondemand,1.5311,1.5311,instances.vantage.sh (AWS Price List mirror)
2026-06-15,AWS,eu-south-2,g5g.8xlarge,T4G,1.0,spot,0.168421,0.168421,instances.vantage.sh (AWS Price List mirror)
2026-06-15,AWS,eu-south-2,g5g.metal,T4G,2.0,ondemand,3.0622,1.5311,instances.vantage.sh (AWS Price List mirror)
2026-06-15,AWS,eu-south-2,g5g.metal,T4G,2.0,spot,0.30622,0.15311,instances.vantage.sh (AWS Price List mirror)
2026-06-15,AWS,eu-south-2,g5g.xlarge,T4G,1.0,ondemand,0.4687,0.4687,instances.vantage.sh (AWS Price List mirror)
2026-06-15,AWS,eu-south-2,g5g.xlarge,T4G,1.0,spot,0.14061,0.14061,instances.vantage.sh (AWS Price List mirror)
2026-06-15,AWS,eu-south-2,g6.12xlarge,L4,4.0,ondemand,4.8486,1.21215,instances.vantage.sh (AWS Price List mirror)
2026-06-15,AWS,eu-south-2,g6.12xlarge,L4,4.0,spot,0.824262,0.2060655,instances.vantage.sh (AWS Price List mirror)
2026-06-15,AWS,eu-south-2,g6.16xlarge,L4,1.0,ondemand,3.57913,3.57913,instances.vantage.sh (AWS Price List mirror)
2026-06-15,AWS,eu-south-2,g6.16xlarge,L4,1.0,spot,0.393704,0.393704,instances.vantage.sh (AWS Price List mirror)
2026-06-15,AWS,eu-south-2,g6.24xlarge,L4,4.0,ondemand,7.03351,1.7583775,instances.vantage.sh (AWS Price List mirror)
2026-06-15,AWS,eu-south-2,g6.24xlarge,L4,4.0,spot,1.195697,0.29892425,instances.vantage.sh (AWS Price List mirror)
2026-06-15,AWS,eu-south-2,g6.2xlarge,L4,1.0,ondemand,1.03008,1.03008,instances.vantage.sh (AWS Price List mirror)
2026-06-15,AWS,eu-south-2,g6.2xlarge,L4,1.0,spot,0.13391,0.13391,instances.vantage.sh (AWS Price List mirror)
2026-06-15,AWS,eu-south-2,g6.48xlarge,L4,8.0,ondemand,14.06702,1.7583775,instances.vantage.sh (AWS Price List mirror)
2026-06-15,AWS,eu-south-2,g6.48xlarge,L4,8.0,spot,2.672734,0.33409175,instances.vantage.sh (AWS Price List mirror)
2026-06-15,AWS,eu-south-2,g6.4xlarge,L4,1.0,ondemand,1.39423,1.39423,instances.vantage.sh (AWS Price List mirror)
2026-06-15,AWS,eu-south-2,g6.4xlarge,L4,1.0,spot,0.167308,0.167308,instances.vantage.sh (AWS Price List mirror)
2026-06-15,AWS,eu-south-2,g6.8xlarge,L4,1.0,ondemand,2.12253,2.12253,instances.vantage.sh (AWS Price List mirror)
2026-06-15,AWS,eu-south-2,g6.8xlarge,L4,1.0,spot,0.233478,0.233478,instances.vantage.sh (AWS Price List mirror)
2026-06-15,AWS,eu-south-2,g6.xlarge,L4,1.0,ondemand,0.848,0.848,instances.vantage.sh (AWS Price List mirror)
2026-06-15,AWS,eu-south-2,g6.xlarge,L4,1.0,spot,0.14416,0.14416,instances.vantage.sh (AWS Price List mirror)
2026-06-15,AWS,eu-south-2,g6e.12xlarge,L40S,4.0,ondemand,11.05645,2.7641125,instances.vantage.sh (AWS Price List mirror)
2026-06-15,AWS,eu-south-2,g6e.12xlarge,L40S,4.0,spot,3.095806,0.7739515,instances.vantage.sh (AWS Price List mirror)
2026-06-15,AWS,eu-south-2,g6e.16xlarge,L40S,1.0,ondemand,7.98435,7.98435,instances.vantage.sh (AWS Price List mirror)
2026-06-15,AWS,eu-south-2,g6e.16xlarge,L40S,1.0,spot,0.798435,0.798435,instances.vantage.sh (AWS Price List mirror)
2026-06-15,AWS,eu-south-2,g6e.24xlarge,L40S,4.0,ondemand,15.87513,3.9687825,instances.vantage.sh (AWS Price List mirror)
2026-06-15,AWS,eu-south-2,g6e.24xlarge,L40S,4.0,spot,4.127534,1.0318835,instances.vantage.sh (AWS Price List mirror)
2026-06-15,AWS,eu-south-2,g6e.2xlarge,L40S,1.0,ondemand,2.36256,2.36256,instances.vantage.sh (AWS Price List mirror)
2026-06-15,AWS,eu-south-2,g6e.2xlarge,L40S,1.0,spot,0.567014,0.567014,instances.vantage.sh (AWS Price List mirror)
2026-06-15,AWS,eu-south-2,g6e.48xlarge,L40S,8.0,ondemand,31.75027,3.96878375,instances.vantage.sh (AWS Price List mirror)
2026-06-15,AWS,eu-south-2,g6e.48xlarge,L40S,8.0,spot,15.24013,1.90501625,instances.vantage.sh (AWS Price List mirror)
2026-06-15,AWS,eu-south-2,g6e.4xlarge,L40S,1.0,ondemand,3.16567,3.16567,instances.vantage.sh (AWS Price List mirror)
2026-06-15,AWS,eu-south-2,g6e.4xlarge,L40S,1.0,spot,0.664791,0.664791,instances.vantage.sh (AWS Price List mirror)
2026-06-15,AWS,eu-south-2,g6e.8xlarge,L40S,1.0,ondemand,4.7719,4.7719,instances.vantage.sh (AWS Price List mirror)
2026-06-15,AWS,eu-south-2,g6e.8xlarge,L40S,1.0,spot,0.668066,0.668066,instances.vantage.sh (AWS Price List mirror)
2026-06-15,AWS,eu-south-2,g6e.xlarge,L40S,1.0,ondemand,1.961,1.961,instances.vantage.sh (AWS Price List mirror)
2026-06-15,AWS,eu-south-2,g6e.xlarge,L40S,1.0,spot,0.62752,0.62752,instances.vantage.sh (AWS Price List mirror)
2026-06-15,AWS,eu-south-2,g6f.2xlarge,L4,0.25,ondemand,0.53438,2.13752,instances.vantage.sh (AWS Price List mirror)
2026-06-15,AWS,eu-south-2,g6f.2xlarge,L4,0.25,spot,0.15497,0.61988,instances.vantage.sh (AWS Price List mirror)
2026-06-15,AWS,eu-south-2,g6f.4xlarge,L4,0.5,ondemand,1.06875,2.1375,instances.vantage.sh (AWS Price List mirror)
2026-06-15,AWS,eu-south-2,g6f.4xlarge,L4,0.5,spot,0.309937,0.619874,instances.vantage.sh (AWS Price List mirror)
2026-06-15,AWS,eu-south-2,g6f.large,L4,0.125,ondemand,0.22725,1.818,instances.vantage.sh (AWS Price List mirror)
2026-06-15,AWS,eu-south-2,g6f.large,L4,0.125,spot,0.052268,0.418144,instances.vantage.sh (AWS Price List mirror)
2026-06-15,AWS,eu-south-2,g6f.xlarge,L4,0.125,ondemand,0.26719,2.13752,instances.vantage.sh (AWS Price List mirror)
2026-06-15,AWS,eu-south-2,g6f.xlarge,L4,0.125,spot,0.077485,0.61988,instances.vantage.sh (AWS Price List mirror)
2026-06-15,AWS,eu-south-2,g7e.12xlarge,NVIDIA GB202,2.0,ondemand,8.73134,4.36567,instances.vantage.sh (AWS Price List mirror)
2026-06-15,AWS,eu-south-2,g7e.12xlarge,NVIDIA GB202,2.0,spot,2.532089,1.2660445,instances.vantage.sh (AWS Price List mirror)
2026-06-15,AWS,eu-south-2,g7e.24xlarge,NVIDIA GB202,4.0,ondemand,17.46268,4.36567,instances.vantage.sh (AWS Price List mirror)
2026-06-15,AWS,eu-south-2,g7e.24xlarge,NVIDIA GB202,4.0,spot,5.064177,1.26604425,instances.vantage.sh (AWS Price List mirror)
2026-06-15,AWS,eu-south-2,g7e.2xlarge,NVIDIA GB202,1.0,ondemand,3.54384,3.54384,instances.vantage.sh (AWS Price List mirror)
2026-06-15,AWS,eu-south-2,g7e.2xlarge,NVIDIA GB202,1.0,spot,1.063152,1.063152,instances.vantage.sh (AWS Price List mirror)
2026-06-15,AWS,eu-south-2,g7e.48xlarge,NVIDIA GB202,8.0,ondemand,34.92536,4.36567,instances.vantage.sh (AWS Price List mirror)
2026-06-15,AWS,eu-south-2,g7e.48xlarge,NVIDIA GB202,8.0,spot,10.477608,1.309701,instances.vantage.sh (AWS Price List mirror)
2026-06-15,AWS,eu-south-2,g7e.4xlarge,NVIDIA GB202,1.0,ondemand,4.213,4.213,instances.vantage.sh (AWS Price List mirror)
2026-06-15,AWS,eu-south-2,g7e.4xlarge,NVIDIA GB202,1.0,spot,1.39029,1.39029,instances.vantage.sh (AWS Price List mirror)
2026-06-15,AWS,eu-south-2,g7e.8xlarge,NVIDIA GB202,1.0,ondemand,5.55133,5.55133,instances.vantage.sh (AWS Price List mirror)
2026-06-15,AWS,eu-south-2,g7e.8xlarge,NVIDIA GB202,1.0,spot,1.665399,1.665399,instances.vantage.sh (AWS Price List mirror)
2026-06-15,AWS,eu-south-2,gr6.4xlarge,L4,1.0,ondemand,1.6218,1.6218,instances.vantage.sh (AWS Price List mirror)
2026-06-15,AWS,eu-south-2,gr6.4xlarge,L4,1.0,spot,0.178398,0.178398,instances.vantage.sh (AWS Price List mirror)
2026-06-15,AWS,eu-south-2,gr6.8xlarge,L4,1.0,ondemand,2.57768,2.57768,instances.vantage.sh (AWS Price List mirror)
2026-06-15,AWS,eu-south-2,gr6.8xlarge,L4,1.0,spot,0.283545,0.283545,instances.vantage.sh (AWS Price List mirror)
2026-06-15,AWS,eu-south-2,gr6f.4xlarge,L4,0.5,ondemand,1.19925,2.3985,instances.vantage.sh (AWS Price List mirror)
2026-06-15,AWS,eu-south-2,gr6f.4xlarge,L4,0.5,spot,0.347782,0.695564,instances.vantage.sh (AWS Price List mirror)
2026-06-15,AWS,eu-south-2,p5en.48xlarge,H200,8.0,ondemand,68.35968,8.54496,instances.vantage.sh (AWS Price List mirror)
2026-06-15,AWS,eu-south-2,p5en.48xlarge,H200,8.0,spot,13.671936,1.708992,instances.vantage.sh (AWS Price List mirror)
2026-06-15,AWS,eu-west-1,g2.2xlarge,K520,1.0,ondemand,0.702,0.702,instances.vantage.sh (AWS Price List mirror)
2026-06-15,AWS,eu-west-1,g2.8xlarge,K520,4.0,ondemand,2.808,0.702,instances.vantage.sh (AWS Price List mirror)
2026-06-15,AWS,eu-west-1,g3.16xlarge,M60,4.0,ondemand,4.84,1.21,instances.vantage.sh (AWS Price List mirror)
2026-06-15,AWS,eu-west-1,g3.4xlarge,M60,1.0,ondemand,1.21,1.21,instances.vantage.sh (AWS Price List mirror)
2026-06-15,AWS,eu-west-1,g3.8xlarge,M60,2.0,ondemand,2.42,1.21,instances.vantage.sh (AWS Price List mirror)
2026-06-15,AWS,eu-west-1,g3s.xlarge,M60,1.0,ondemand,0.796,0.796,instances.vantage.sh (AWS Price List mirror)
2026-06-15,AWS,eu-west-1,g4ad.16xlarge,V520,4.0,ondemand,3.872,0.968,instances.vantage.sh (AWS Price List mirror)
2026-06-15,AWS,eu-west-1,g4ad.16xlarge,V520,4.0,spot,1.6389,0.409725,instances.vantage.sh (AWS Price List mirror)
2026-06-15,AWS,eu-west-1,g4ad.2xlarge,V520,1.0,ondemand,0.60421,0.60421,instances.vantage.sh (AWS Price List mirror)
2026-06-15,AWS,eu-west-1,g4ad.2xlarge,V520,1.0,spot,0.258967,0.258967,instances.vantage.sh (AWS Price List mirror)
2026-06-15,AWS,eu-west-1,g4ad.4xlarge,V520,1.0,ondemand,0.968,0.968,instances.vantage.sh (AWS Price List mirror)
2026-06-15,AWS,eu-west-1,g4ad.4xlarge,V520,1.0,spot,0.436733,0.436733,instances.vantage.sh (AWS Price List mirror)
2026-06-15,AWS,eu-west-1,g4ad.8xlarge,V520,2.0,ondemand,1.936,0.968,instances.vantage.sh (AWS Price List mirror)
2026-06-15,AWS,eu-west-1,g4ad.8xlarge,V520,2.0,spot,0.793567,0.3967835,instances.vantage.sh (AWS Price List mirror)
2026-06-15,AWS,eu-west-1,g4ad.xlarge,V520,1.0,ondemand,0.42263,0.42263,instances.vantage.sh (AWS Price List mirror)
2026-06-15,AWS,eu-west-1,g4ad.xlarge,V520,1.0,spot,0.180033,0.180033,instances.vantage.sh (AWS Price List mirror)
2026-06-15,AWS,eu-west-1,g4dn.12xlarge,T4,4.0,ondemand,4.362,1.0905,instances.vantage.sh (AWS Price List mirror)
2026-06-15,AWS,eu-west-1,g4dn.12xlarge,T4,4.0,spot,2.061367,0.51534175,instances.vantage.sh (AWS Price List mirror)
2026-06-15,AWS,eu-west-1,g4dn.16xlarge,T4,1.0,ondemand,4.853,4.853,instances.vantage.sh (AWS Price List mirror)
2026-06-15,AWS,eu-west-1,g4dn.16xlarge,T4,1.0,spot,1.189033,1.189033,instances.vantage.sh (AWS Price List mirror)
2026-06-15,AWS,eu-west-1,g4dn.2xlarge,T4,1.0,ondemand,0.838,0.838,instances.vantage.sh (AWS Price List mirror)
2026-06-15,AWS,eu-west-1,g4dn.2xlarge,T4,1.0,spot,0.352067,0.352067,instances.vantage.sh (AWS Price List mirror)
2026-06-15,AWS,eu-west-1,g4dn.4xlarge,T4,1.0,ondemand,1.342,1.342,instances.vantage.sh (AWS Price List mirror)
2026-06-15,AWS,eu-west-1,g4dn.4xlarge,T4,1.0,spot,0.629233,0.629233,instances.vantage.sh (AWS Price List mirror)
2026-06-15,AWS,eu-west-1,g4dn.8xlarge,T4,1.0,ondemand,2.426,2.426,instances.vantage.sh (AWS Price List mirror)
2026-06-15,AWS,eu-west-1,g4dn.8xlarge,T4,1.0,spot,1.135967,1.135967,instances.vantage.sh (AWS Price List mirror)
2026-06-15,AWS,eu-west-1,g4dn.metal,T4,8.0,ondemand,8.724,1.0905,instances.vantage.sh (AWS Price List mirror)
2026-06-15,AWS,eu-west-1,g4dn.metal,T4,8.0,spot,4.570767,0.571345875,instances.vantage.sh (AWS Price List mirror)
2026-06-15,AWS,eu-west-1,g4dn.xlarge,T4,1.0,ondemand,0.587,0.587,instances.vantage.sh (AWS Price List mirror)
2026-06-15,AWS,eu-west-1,g4dn.xlarge,T4,1.0,spot,0.288067,0.288067,instances.vantage.sh (AWS Price List mirror)
2026-06-15,AWS,eu-west-1,g5.12xlarge,A10G,4.0,ondemand,6.33167,1.5829175,instances.vantage.sh (AWS Price List mirror)
2026-06-15,AWS,eu-west-1,g5.12xlarge,A10G,4.0,spot,3.671967,0.91799175,instances.vantage.sh (AWS Price List mirror)
2026-06-15,AWS,eu-west-1,g5.16xlarge,A10G,1.0,ondemand,4.57237,4.57237,instances.vantage.sh (AWS Price List mirror)
2026-06-15,AWS,eu-west-1,g5.16xlarge,A10G,1.0,spot,1.704767,1.704767,instances.vantage.sh (AWS Price List mirror)
2026-06-15,AWS,eu-west-1,g5.24xlarge,A10G,4.0,ondemand,9.09117,2.2727925,instances.vantage.sh (AWS Price List mirror)
2026-06-15,AWS,eu-west-1,g5.24xlarge,A10G,4.0,spot,2.577067,0.64426675,instances.vantage.sh (AWS Price List mirror)
2026-06-15,AWS,eu-west-1,g5.2xlarge,A10G,1.0,ondemand,1.35296,1.35296,instances.vantage.sh (AWS Price List mirror)
2026-06-15,AWS,eu-west-1,g5.2xlarge,A10G,1.0,spot,1.146367,1.146367,instances.vantage.sh (AWS Price List mirror)
2026-06-15,AWS,eu-west-1,g5.48xlarge,A10G,8.0,ondemand,18.18233,2.27279125,instances.vantage.sh (AWS Price List mirror)
2026-06-15,AWS,eu-west-1,g5.48xlarge,A10G,8.0,spot,6.5956,0.82445,instances.vantage.sh (AWS Price List mirror)
2026-06-15,AWS,eu-west-1,g5.4xlarge,A10G,1.0,ondemand,1.81287,1.81287,instances.vantage.sh (AWS Price List mirror)
2026-06-15,AWS,eu-west-1,g5.4xlarge,A10G,1.0,spot,1.027333,1.027333,instances.vantage.sh (AWS Price List mirror)
2026-06-15,AWS,eu-west-1,g5.8xlarge,A10G,1.0,ondemand,2.73271,2.73271,instances.vantage.sh (AWS Price List mirror)
2026-06-15,AWS,eu-west-1,g5.8xlarge,A10G,1.0,spot,1.494333,1.494333,instances.vantage.sh (AWS Price List mirror)
2026-06-15,AWS,eu-west-1,g5.xlarge,A10G,1.0,ondemand,1.123,1.123,instances.vantage.sh (AWS Price List mirror)
2026-06-15,AWS,eu-west-1,g5.xlarge,A10G,1.0,spot,0.716833,0.716833,instances.vantage.sh (AWS Price List mirror)
2026-06-15,AWS,eu-west-1,inf1.24xlarge,AWS Inferentia,16.0,ondemand,5.26,0.32875,instances.vantage.sh (AWS Price List mirror)
2026-06-15,AWS,eu-west-1,inf1.24xlarge,AWS Inferentia,16.0,spot,1.209567,0.0755979375,instances.vantage.sh (AWS Price List mirror)
2026-06-15,AWS,eu-west-1,inf1.2xlarge,AWS Inferentia,1.0,ondemand,0.403,0.403,instances.vantage.sh (AWS Price List mirror)
2026-06-15,AWS,eu-west-1,inf1.2xlarge,AWS Inferentia,1.0,spot,0.1274,0.1274,instances.vantage.sh (AWS Price List mirror)
2026-06-15,AWS,eu-west-1,inf1.6xlarge,AWS Inferentia,4.0,ondemand,1.315,0.32875,instances.vantage.sh (AWS Price List mirror)
2026-06-15,AWS,eu-west-1,inf1.6xlarge,AWS Inferentia,4.0,spot,0.332267,0.08306675,instances.vantage.sh (AWS Price List mirror)
2026-06-15,AWS,eu-west-1,inf1.xlarge,AWS Inferentia,1.0,ondemand,0.254,0.254,instances.vantage.sh (AWS Price List mirror)
2026-06-15,AWS,eu-west-1,inf1.xlarge,AWS Inferentia,1.0,spot,0.064233,0.064233,instances.vantage.sh (AWS Price List mirror)
2026-06-15,AWS,eu-west-1,inf2.24xlarge,AWS Inferentia2,6.0,ondemand,8.11329,1.352215,instances.vantage.sh (AWS Price List mirror)
2026-06-15,AWS,eu-west-1,inf2.24xlarge,AWS Inferentia2,6.0,spot,1.6262,0.27103333333333335,instances.vantage.sh (AWS Price List mirror)
2026-06-15,AWS,eu-west-1,inf2.48xlarge,AWS Inferentia2,12.0,ondemand,16.22658,1.352215,instances.vantage.sh (AWS Price List mirror)
2026-06-15,AWS,eu-west-1,inf2.48xlarge,AWS Inferentia2,12.0,spot,2.4736,0.2061333333333333,instances.vantage.sh (AWS Price List mirror)
2026-06-15,AWS,eu-west-1,inf2.8xlarge,AWS Inferentia2,1.0,ondemand,2.45982,2.45982,instances.vantage.sh (AWS Price List mirror)
2026-06-15,AWS,eu-west-1,inf2.8xlarge,AWS Inferentia2,1.0,spot,0.711567,0.711567,instances.vantage.sh (AWS Price List mirror)
2026-06-15,AWS,eu-west-1,inf2.xlarge,AWS Inferentia2,1.0,ondemand,0.94775,0.94775,instances.vantage.sh (AWS Price List mirror)
2026-06-15,AWS,eu-west-1,inf2.xlarge,AWS Inferentia2,1.0,spot,0.2262,0.2262,instances.vantage.sh (AWS Price List mirror)
2026-06-15,AWS,eu-west-1,p2.16xlarge,K80,16.0,ondemand,15.552,0.972,instances.vantage.sh (AWS Price List mirror)
2026-06-15,AWS,eu-west-1,p2.8xlarge,K80,8.0,ondemand,7.776,0.972,instances.vantage.sh (AWS Price List mirror)
2026-06-15,AWS,eu-west-1,p2.xlarge,K80,1.0,ondemand,0.972,0.972,instances.vantage.sh (AWS Price List mirror)
2026-06-15,AWS,eu-west-1,p3.16xlarge,V100,8.0,ondemand,26.44,3.305,instances.vantage.sh (AWS Price List mirror)
2026-06-15,AWS,eu-west-1,p3.16xlarge,V100,8.0,spot,26.44,3.305,instances.vantage.sh (AWS Price List mirror)
2026-06-15,AWS,eu-west-1,p3.2xlarge,V100,1.0,ondemand,3.305,3.305,instances.vantage.sh (AWS Price List mirror)
2026-06-15,AWS,eu-west-1,p3.2xlarge,V100,1.0,spot,1.2338,1.2338,instances.vantage.sh (AWS Price List mirror)
2026-06-15,AWS,eu-west-1,p3.8xlarge,V100,4.0,ondemand,13.22,3.305,instances.vantage.sh (AWS Price List mirror)
2026-06-15,AWS,eu-west-1,p3.8xlarge,V100,4.0,spot,4.40865,1.1021625,instances.vantage.sh (AWS Price List mirror)
2026-06-15,AWS,eu-west-1,p3dn.24xlarge,V100,8.0,ondemand,33.711,4.213875,instances.vantage.sh (AWS Price List mirror)
2026-06-15,AWS,eu-west-1,p3dn.24xlarge,V100,8.0,spot,13.88145,1.73518125,instances.vantage.sh (AWS Price List mirror)
2026-06-15,AWS,eu-west-1,p4d.24xlarge,A100,8.0,ondemand,23.71569,2.96446125,instances.vantage.sh (AWS Price List mirror)
2026-06-15,AWS,eu-west-1,p4d.24xlarge,A100,8.0,spot,9.9653,1.2456625,instances.vantage.sh (AWS Price List mirror)
2026-06-15,AWS,eu-west-2,g3.16xlarge,M60,4.0,ondemand,5.716,1.429,instances.vantage.sh (AWS Price List mirror)
2026-06-15,AWS,eu-west-2,g3.4xlarge,M60,1.0,ondemand,1.429,1.429,instances.vantage.sh (AWS Price List mirror)
2026-06-15,AWS,eu-west-2,g3.8xlarge,M60,2.0,ondemand,2.858,1.429,instances.vantage.sh (AWS Price List mirror)
2026-06-15,AWS,eu-west-2,g3s.xlarge,M60,1.0,ondemand,0.94,0.94,instances.vantage.sh (AWS Price List mirror)
2026-06-15,AWS,eu-west-2,g4ad.16xlarge,V520,4.0,ondemand,4.056,1.014,instances.vantage.sh (AWS Price List mirror)
2026-06-15,AWS,eu-west-2,g4ad.16xlarge,V520,4.0,spot,0.7592,0.1898,instances.vantage.sh (AWS Price List mirror)
2026-06-15,AWS,eu-west-2,g4ad.2xlarge,V520,1.0,ondemand,0.63292,0.63292,instances.vantage.sh (AWS Price List mirror)
2026-06-15,AWS,eu-west-2,g4ad.2xlarge,V520,1.0,spot,0.2538,0.2538,instances.vantage.sh (AWS Price List mirror)
2026-06-15,AWS,eu-west-2,g4ad.4xlarge,V520,1.0,ondemand,1.014,1.014,instances.vantage.sh (AWS Price List mirror)
2026-06-15,AWS,eu-west-2,g4ad.4xlarge,V520,1.0,spot,0.3386,0.3386,instances.vantage.sh (AWS Price List mirror)
2026-06-15,AWS,eu-west-2,g4ad.8xlarge,V520,2.0,ondemand,2.028,1.014,instances.vantage.sh (AWS Price List mirror)
2026-06-15,AWS,eu-west-2,g4ad.8xlarge,V520,2.0,spot,0.37745,0.188725,instances.vantage.sh (AWS Price List mirror)
2026-06-15,AWS,eu-west-2,g4ad.xlarge,V520,1.0,ondemand,0.44271,0.44271,instances.vantage.sh (AWS Price List mirror)
2026-06-15,AWS,eu-west-2,g4ad.xlarge,V520,1.0,spot,0.11095,0.11095,instances.vantage.sh (AWS Price List mirror)
2026-06-15,AWS,eu-west-2,g4dn.12xlarge,T4,4.0,ondemand,4.577,1.14425,instances.vantage.sh (AWS Price List mirror)
2026-06-15,AWS,eu-west-2,g4dn.12xlarge,T4,4.0,spot,1.549033,0.38725825,instances.vantage.sh (AWS Price List mirror)
2026-06-15,AWS,eu-west-2,g4dn.16xlarge,T4,1.0,ondemand,5.092,5.092,instances.vantage.sh (AWS Price List mirror)
2026-06-15,AWS,eu-west-2,g4dn.16xlarge,T4,1.0,spot,0.896567,0.896567,instances.vantage.sh (AWS Price List mirror)
2026-06-15,AWS,eu-west-2,g4dn.2xlarge,T4,1.0,ondemand,0.88,0.88,instances.vantage.sh (AWS Price List mirror)
2026-06-15,AWS,eu-west-2,g4dn.2xlarge,T4,1.0,spot,0.2572,0.2572,instances.vantage.sh (AWS Price List mirror)
2026-06-15,AWS,eu-west-2,g4dn.4xlarge,T4,1.0,ondemand,1.409,1.409,instances.vantage.sh (AWS Price List mirror)
2026-06-15,AWS,eu-west-2,g4dn.4xlarge,T4,1.0,spot,0.413433,0.413433,instances.vantage.sh (AWS Price List mirror)
2026-06-15,AWS,eu-west-2,g4dn.8xlarge,T4,1.0,ondemand,2.546,2.546,instances.vantage.sh (AWS Price List mirror)
2026-06-15,AWS,eu-west-2,g4dn.8xlarge,T4,1.0,spot,0.5879,0.5879,instances.vantage.sh (AWS Price List mirror)
2026-06-15,AWS,eu-west-2,g4dn.metal,T4,8.0,ondemand,9.154,1.14425,instances.vantage.sh (AWS Price List mirror)
2026-06-15,AWS,eu-west-2,g4dn.metal,T4,8.0,spot,2.094367,0.261795875,instances.vantage.sh (AWS Price List mirror)
2026-06-15,AWS,eu-west-2,g4dn.xlarge,T4,1.0,ondemand,0.615,0.615,instances.vantage.sh (AWS Price List mirror)
2026-06-15,AWS,eu-west-2,g4dn.xlarge,T4,1.0,spot,0.1947,0.1947,instances.vantage.sh (AWS Price List mirror)
2026-06-15,AWS,eu-west-2,g5.12xlarge,A10G,4.0,ondemand,7.19994,1.799985,instances.vantage.sh (AWS Price List mirror)
2026-06-15,AWS,eu-west-2,g5.12xlarge,A10G,4.0,spot,5.05795,1.2644875,instances.vantage.sh (AWS Price List mirror)
2026-06-15,AWS,eu-west-2,g5.16xlarge,A10G,1.0,ondemand,5.1994,5.1994,instances.vantage.sh (AWS Price List mirror)
2026-06-15,AWS,eu-west-2,g5.16xlarge,A10G,1.0,spot,2.99395,2.99395,instances.vantage.sh (AWS Price List mirror)
2026-06-15,AWS,eu-west-2,g5.24xlarge,A10G,4.0,ondemand,10.33786,2.584465,instances.vantage.sh (AWS Price List mirror)
2026-06-15,AWS,eu-west-2,g5.24xlarge,A10G,4.0,spot,10.3379,2.584475,instances.vantage.sh (AWS Price List mirror)
2026-06-15,AWS,eu-west-2,g5.2xlarge,A10G,1.0,ondemand,1.53849,1.53849,instances.vantage.sh (AWS Price List mirror)
2026-06-15,AWS,eu-west-2,g5.2xlarge,A10G,1.0,spot,0.69225,0.69225,instances.vantage.sh (AWS Price List mirror)
2026-06-15,AWS,eu-west-2,g5.48xlarge,A10G,8.0,ondemand,20.67572,2.584465,instances.vantage.sh (AWS Price List mirror)
2026-06-15,AWS,eu-west-2,g5.48xlarge,A10G,8.0,spot,20.6757,2.5844625,instances.vantage.sh (AWS Price List mirror)
2026-06-15,AWS,eu-west-2,g5.4xlarge,A10G,1.0,ondemand,2.06148,2.06148,instances.vantage.sh (AWS Price List mirror)
2026-06-15,AWS,eu-west-2,g5.4xlarge,A10G,1.0,spot,0.7735,0.7735,instances.vantage.sh (AWS Price List mirror)
2026-06-15,AWS,eu-west-2,g5.8xlarge,A10G,1.0,ondemand,3.10745,3.10745,instances.vantage.sh (AWS Price List mirror)
2026-06-15,AWS,eu-west-2,g5.8xlarge,A10G,1.0,spot,1.36685,1.36685,instances.vantage.sh (AWS Price List mirror)
2026-06-15,AWS,eu-west-2,g5.xlarge,A10G,1.0,ondemand,1.277,1.277,instances.vantage.sh (AWS Price List mirror)
2026-06-15,AWS,eu-west-2,g5.xlarge,A10G,1.0,spot,0.4676,0.4676,instances.vantage.sh (AWS Price List mirror)
2026-06-15,AWS,eu-west-2,g6.12xlarge,L4,4.0,ondemand,5.8412,1.4603,instances.vantage.sh (AWS Price List mirror)
2026-06-15,AWS,eu-west-2,g6.12xlarge,L4,4.0,spot,1.7486,0.43715,instances.vantage.sh (AWS Price List mirror)
2026-06-15,AWS,eu-west-2,g6.16xlarge,L4,1.0,ondemand,4.31184,4.31184,instances.vantage.sh (AWS Price List mirror)
2026-06-15,AWS,eu-west-2,g6.16xlarge,L4,1.0,spot,1.428567,1.428567,instances.vantage.sh (AWS Price List mirror)
2026-06-15,AWS,eu-west-2,g6.24xlarge,L4,4.0,ondemand,8.47339,2.1183475,instances.vantage.sh (AWS Price List mirror)
2026-06-15,AWS,eu-west-2,g6.24xlarge,L4,4.0,spot,2.5404,0.6351,instances.vantage.sh (AWS Price List mirror)
2026-06-15,AWS,eu-west-2,g6.2xlarge,L4,1.0,ondemand,1.24095,1.24095,instances.vantage.sh (AWS Price List mirror)
2026-06-15,AWS,eu-west-2,g6.2xlarge,L4,1.0,spot,0.488,0.488,instances.vantage.sh (AWS Price List mirror)
2026-06-15,AWS,eu-west-2,g6.48xlarge,L4,8.0,ondemand,16.94678,2.1183475,instances.vantage.sh (AWS Price List mirror)
2026-06-15,AWS,eu-west-2,g6.48xlarge,L4,8.0,spot,6.064833,0.758104125,instances.vantage.sh (AWS Price List mirror)
2026-06-15,AWS,eu-west-2,g6.4xlarge,L4,1.0,ondemand,1.67965,1.67965,instances.vantage.sh (AWS Price List mirror)
2026-06-15,AWS,eu-west-2,g6.4xlarge,L4,1.0,spot,0.592067,0.592067,instances.vantage.sh (AWS Price List mirror)
2026-06-15,AWS,eu-west-2,g6.8xlarge,L4,1.0,ondemand,2.55705,2.55705,instances.vantage.sh (AWS Price List mirror)
2026-06-15,AWS,eu-west-2,g6.8xlarge,L4,1.0,spot,0.9422,0.9422,instances.vantage.sh (AWS Price List mirror)
2026-06-15,AWS,eu-west-2,g6.xlarge,L4,1.0,ondemand,1.0216,1.0216,instances.vantage.sh (AWS Price List mirror)
2026-06-15,AWS,eu-west-2,g6.xlarge,L4,1.0,spot,0.314867,0.314867,instances.vantage.sh (AWS Price List mirror)
2026-06-15,AWS,eu-west-2,g6f.2xlarge,L4,0.25,ondemand,0.60298,2.41192,instances.vantage.sh (AWS Price List mirror)
2026-06-15,AWS,eu-west-2,g6f.2xlarge,L4,0.25,spot,0.1931,0.7724,instances.vantage.sh (AWS Price List mirror)
2026-06-15,AWS,eu-west-2,g6f.4xlarge,L4,0.5,ondemand,1.20595,2.4119,instances.vantage.sh (AWS Price List mirror)
2026-06-15,AWS,eu-west-2,g6f.4xlarge,L4,0.5,spot,0.3939,0.7878,instances.vantage.sh (AWS Price List mirror)
2026-06-15,AWS,eu-west-2,g6f.large,L4,0.125,ondemand,0.25642,2.05136,instances.vantage.sh (AWS Price List mirror)
2026-06-15,AWS,eu-west-2,g6f.large,L4,0.125,spot,0.06655,0.5324,instances.vantage.sh (AWS Price List mirror)
2026-06-15,AWS,eu-west-2,g6f.xlarge,L4,0.125,ondemand,0.30149,2.41192,instances.vantage.sh (AWS Price List mirror)
2026-06-15,AWS,eu-west-2,g6f.xlarge,L4,0.125,spot,0.11675,0.934,instances.vantage.sh (AWS Price List mirror)
2026-06-15,AWS,eu-west-2,g7e.12xlarge,NVIDIA GB202,2.0,ondemand,14.40172,7.20086,instances.vantage.sh (AWS Price List mirror)
2026-06-15,AWS,eu-west-2,g7e.12xlarge,NVIDIA GB202,2.0,spot,7.2713,3.63565,instances.vantage.sh (AWS Price List mirror)
2026-06-15,AWS,eu-west-2,g7e.24xlarge,NVIDIA GB202,4.0,ondemand,28.80344,7.20086,instances.vantage.sh (AWS Price List mirror)
2026-06-15,AWS,eu-west-2,g7e.24xlarge,NVIDIA GB202,4.0,spot,12.589,3.14725,instances.vantage.sh (AWS Price List mirror)
2026-06-15,AWS,eu-west-2,g7e.2xlarge,NVIDIA GB202,1.0,ondemand,5.84531,5.84531,instances.vantage.sh (AWS Price List mirror)
2026-06-15,AWS,eu-west-2,g7e.2xlarge,NVIDIA GB202,1.0,spot,1.8402,1.8402,instances.vantage.sh (AWS Price List mirror)
2026-06-15,AWS,eu-west-2,g7e.48xlarge,NVIDIA GB202,8.0,ondemand,57.60687,7.20085875,instances.vantage.sh (AWS Price List mirror)
2026-06-15,AWS,eu-west-2,g7e.48xlarge,NVIDIA GB202,8.0,spot,57.6069,7.2008625,instances.vantage.sh (AWS Price List mirror)
2026-06-15,AWS,eu-west-2,g7e.4xlarge,NVIDIA GB202,1.0,ondemand,6.94905,6.94905,instances.vantage.sh (AWS Price List mirror)
2026-06-15,AWS,eu-west-2,g7e.4xlarge,NVIDIA GB202,1.0,spot,1.6863,1.6863,instances.vantage.sh (AWS Price List mirror)
2026-06-15,AWS,eu-west-2,g7e.8xlarge,NVIDIA GB202,1.0,ondemand,9.15653,9.15653,instances.vantage.sh (AWS Price List mirror)
2026-06-15,AWS,eu-west-2,g7e.8xlarge,NVIDIA GB202,1.0,spot,4.3731,4.3731,instances.vantage.sh (AWS Price List mirror)
2026-06-15,AWS,eu-west-2,gr6.4xlarge,L4,1.0,ondemand,1.9539,1.9539,instances.vantage.sh (AWS Price List mirror)
2026-06-15,AWS,eu-west-2,gr6.4xlarge,L4,1.0,spot,0.46795,0.46795,instances.vantage.sh (AWS Price List mirror)
2026-06-15,AWS,eu-west-2,gr6.8xlarge,L4,1.0,ondemand,3.10552,3.10552,instances.vantage.sh (AWS Price List mirror)
2026-06-15,AWS,eu-west-2,gr6.8xlarge,L4,1.0,spot,0.77655,0.77655,instances.vantage.sh (AWS Price List mirror)
2026-06-15,AWS,eu-west-2,gr6f.4xlarge,L4,0.5,ondemand,1.35321,2.70642,instances.vantage.sh (AWS Price List mirror)
2026-06-15,AWS,eu-west-2,gr6f.4xlarge,L4,0.5,spot,0.4527,0.9054,instances.vantage.sh (AWS Price List mirror)
2026-06-15,AWS,eu-west-2,inf1.24xlarge,AWS Inferentia,16.0,ondemand,5.53,0.345625,instances.vantage.sh (AWS Price List mirror)
2026-06-15,AWS,eu-west-2,inf1.24xlarge,AWS Inferentia,16.0,spot,0.6845,0.04278125,instances.vantage.sh (AWS Price List mirror)
2026-06-15,AWS,eu-west-2,inf1.2xlarge,AWS Inferentia,1.0,ondemand,0.424,0.424,instances.vantage.sh (AWS Price List mirror)
2026-06-15,AWS,eu-west-2,inf1.2xlarge,AWS Inferentia,1.0,spot,0.081833,0.081833,instances.vantage.sh (AWS Price List mirror)
2026-06-15,AWS,eu-west-2,inf1.6xlarge,AWS Inferentia,4.0,ondemand,1.382,0.3455,instances.vantage.sh (AWS Price List mirror)
2026-06-15,AWS,eu-west-2,inf1.6xlarge,AWS Inferentia,4.0,spot,0.193833,0.04845825,instances.vantage.sh (AWS Price List mirror)
2026-06-15,AWS,eu-west-2,inf1.xlarge,AWS Inferentia,1.0,ondemand,0.267,0.267,instances.vantage.sh (AWS Price List mirror)
2026-06-15,AWS,eu-west-2,inf1.xlarge,AWS Inferentia,1.0,spot,0.040333,0.040333,instances.vantage.sh (AWS Price List mirror)
2026-06-15,AWS,eu-west-2,inf2.24xlarge,AWS Inferentia2,6.0,ondemand,9.73595,1.6226583333333335,instances.vantage.sh (AWS Price List mirror)
2026-06-15,AWS,eu-west-2,inf2.24xlarge,AWS Inferentia2,6.0,spot,0.9736,0.16226666666666667,instances.vantage.sh (AWS Price List mirror)
2026-06-15,AWS,eu-west-2,inf2.48xlarge,AWS Inferentia2,12.0,ondemand,19.4719,1.6226583333333335,instances.vantage.sh (AWS Price List mirror)
2026-06-15,AWS,eu-west-2,inf2.48xlarge,AWS Inferentia2,12.0,spot,5.253,0.43775000000000003,instances.vantage.sh (AWS Price List mirror)
2026-06-15,AWS,eu-west-2,inf2.8xlarge,AWS Inferentia2,1.0,ondemand,2.95179,2.95179,instances.vantage.sh (AWS Price List mirror)
2026-06-15,AWS,eu-west-2,inf2.8xlarge,AWS Inferentia2,1.0,spot,0.4214,0.4214,instances.vantage.sh (AWS Price List mirror)
2026-06-15,AWS,eu-west-2,inf2.xlarge,AWS Inferentia2,1.0,ondemand,1.1373,1.1373,instances.vantage.sh (AWS Price List mirror)
2026-06-15,AWS,eu-west-2,inf2.xlarge,AWS Inferentia2,1.0,spot,0.1415,0.1415,instances.vantage.sh (AWS Price List mirror)
2026-06-15,AWS,eu-west-2,p3.16xlarge,V100,8.0,ondemand,28.712,3.589,instances.vantage.sh (AWS Price List mirror)
2026-06-15,AWS,eu-west-2,p3.16xlarge,V100,8.0,spot,28.712,3.589,instances.vantage.sh (AWS Price List mirror)
2026-06-15,AWS,eu-west-2,p3.2xlarge,V100,1.0,ondemand,3.589,3.589,instances.vantage.sh (AWS Price List mirror)
2026-06-15,AWS,eu-west-2,p3.2xlarge,V100,1.0,spot,3.589,3.589,instances.vantage.sh (AWS Price List mirror)
2026-06-15,AWS,eu-west-2,p3.8xlarge,V100,4.0,ondemand,14.356,3.589,instances.vantage.sh (AWS Price List mirror)
2026-06-15,AWS,eu-west-2,p3.8xlarge,V100,4.0,spot,9.455,2.36375,instances.vantage.sh (AWS Price List mirror)
2026-06-15,AWS,eu-west-2,p4d.24xlarge,A100,8.0,ondemand,28.54493,3.56811625,instances.vantage.sh (AWS Price List mirror)
2026-06-15,AWS,eu-west-2,p4d.24xlarge,A100,8.0,spot,16.8454,2.105675,instances.vantage.sh (AWS Price List mirror)
2026-06-15,AWS,eu-west-2,p5.48xlarge,H100,8.0,ondemand,71.552,8.944,instances.vantage.sh (AWS Price List mirror)
2026-06-15,AWS,eu-west-2,p5.48xlarge,H100,8.0,spot,16.9781,2.1222625,instances.vantage.sh (AWS Price List mirror)
2026-06-15,AWS,eu-west-2,p5.4xlarge,H100,1.0,ondemand,8.944,8.944,instances.vantage.sh (AWS Price List mirror)
2026-06-15,AWS,eu-west-2,p5.4xlarge,H100,1.0,spot,8.944,8.944,instances.vantage.sh (AWS Price List mirror)
2026-06-15,AWS,eu-west-2-wl1-lon1,g4dn.2xlarge,T4,1.0,ondemand,1.144,1.144,instances.vantage.sh (AWS Price List mirror)
2026-06-15,AWS,eu-west-2-wl1-man1,g4dn.2xlarge,T4,1.0,ondemand,1.144,1.144,instances.vantage.sh (AWS Price List mirror)
2026-06-15,AWS,eu-west-2-wl2-man1,g4dn.2xlarge,T4,1.0,ondemand,1.144,1.144,instances.vantage.sh (AWS Price List mirror)
2026-06-15,AWS,eu-west-3,g4dn.12xlarge,T4,4.0,ondemand,4.574,1.1435,instances.vantage.sh (AWS Price List mirror)
2026-06-15,AWS,eu-west-3,g4dn.12xlarge,T4,4.0,spot,1.153533,0.28838325,instances.vantage.sh (AWS Price List mirror)
2026-06-15,AWS,eu-west-3,g4dn.16xlarge,T4,1.0,ondemand,5.088,5.088,instances.vantage.sh (AWS Price List mirror)
2026-06-15,AWS,eu-west-3,g4dn.16xlarge,T4,1.0,spot,0.833267,0.833267,instances.vantage.sh (AWS Price List mirror)
2026-06-15,AWS,eu-west-3,g4dn.2xlarge,T4,1.0,ondemand,0.879,0.879,instances.vantage.sh (AWS Price List mirror)
2026-06-15,AWS,eu-west-3,g4dn.2xlarge,T4,1.0,spot,0.2308,0.2308,instances.vantage.sh (AWS Price List mirror)
2026-06-15,AWS,eu-west-3,g4dn.4xlarge,T4,1.0,ondemand,1.408,1.408,instances.vantage.sh (AWS Price List mirror)
2026-06-15,AWS,eu-west-3,g4dn.4xlarge,T4,1.0,spot,0.434533,0.434533,instances.vantage.sh (AWS Price List mirror)
2026-06-15,AWS,eu-west-3,g4dn.8xlarge,T4,1.0,ondemand,2.544,2.544,instances.vantage.sh (AWS Price List mirror)
2026-06-15,AWS,eu-west-3,g4dn.8xlarge,T4,1.0,spot,0.537533,0.537533,instances.vantage.sh (AWS Price List mirror)
2026-06-15,AWS,eu-west-3,g4dn.metal,T4,8.0,ondemand,9.148,1.1435,instances.vantage.sh (AWS Price List mirror)
2026-06-15,AWS,eu-west-3,g4dn.metal,T4,8.0,spot,2.424433,0.303054125,instances.vantage.sh (AWS Price List mirror)
2026-06-15,AWS,eu-west-3,g4dn.xlarge,T4,1.0,ondemand,0.615,0.615,instances.vantage.sh (AWS Price List mirror)
2026-06-15,AWS,eu-west-3,g4dn.xlarge,T4,1.0,spot,0.1799,0.1799,instances.vantage.sh (AWS Price List mirror)
2026-06-15,AWS,eu-west-3,g6.12xlarge,L4,4.0,ondemand,5.8412,1.4603,instances.vantage.sh (AWS Price List mirror)
2026-06-15,AWS,eu-west-3,g6.12xlarge,L4,4.0,spot,1.2687,0.317175,instances.vantage.sh (AWS Price List mirror)
2026-06-15,AWS,eu-west-3,g6.16xlarge,L4,1.0,ondemand,4.31184,4.31184,instances.vantage.sh (AWS Price List mirror)
2026-06-15,AWS,eu-west-3,g6.16xlarge,L4,1.0,spot,1.1214,1.1214,instances.vantage.sh (AWS Price List mirror)
2026-06-15,AWS,eu-west-3,g6.24xlarge,L4,4.0,ondemand,8.47339,2.1183475,instances.vantage.sh (AWS Price List mirror)
2026-06-15,AWS,eu-west-3,g6.24xlarge,L4,4.0,spot,1.5725,0.393125,instances.vantage.sh (AWS Price List mirror)
2026-06-15,AWS,eu-west-3,g6.2xlarge,L4,1.0,ondemand,1.24095,1.24095,instances.vantage.sh (AWS Price List mirror)
2026-06-15,AWS,eu-west-3,g6.2xlarge,L4,1.0,spot,0.2989,0.2989,instances.vantage.sh (AWS Price List mirror)
2026-06-15,AWS,eu-west-3,g6.48xlarge,L4,8.0,ondemand,16.94678,2.1183475,instances.vantage.sh (AWS Price List mirror)
2026-06-15,AWS,eu-west-3,g6.48xlarge,L4,8.0,spot,3.2477,0.4059625,instances.vantage.sh (AWS Price List mirror)
2026-06-15,AWS,eu-west-3,g6.4xlarge,L4,1.0,ondemand,1.67965,1.67965,instances.vantage.sh (AWS Price List mirror)
2026-06-15,AWS,eu-west-3,g6.4xlarge,L4,1.0,spot,0.3806,0.3806,instances.vantage.sh (AWS Price List mirror)
2026-06-15,AWS,eu-west-3,g6.8xlarge,L4,1.0,ondemand,2.55705,2.55705,instances.vantage.sh (AWS Price List mirror)
2026-06-15,AWS,eu-west-3,g6.8xlarge,L4,1.0,spot,0.7669,0.7669,instances.vantage.sh (AWS Price List mirror)
2026-06-15,AWS,eu-west-3,g6.xlarge,L4,1.0,ondemand,1.0216,1.0216,instances.vantage.sh (AWS Price List mirror)
2026-06-15,AWS,eu-west-3,g6.xlarge,L4,1.0,spot,0.2898,0.2898,instances.vantage.sh (AWS Price List mirror)
2026-06-15,AWS,eu-west-3,gr6.4xlarge,L4,1.0,ondemand,1.9538,1.9538,instances.vantage.sh (AWS Price List mirror)
2026-06-15,AWS,eu-west-3,gr6.4xlarge,L4,1.0,spot,0.41635,0.41635,instances.vantage.sh (AWS Price List mirror)
2026-06-15,AWS,eu-west-3,gr6.8xlarge,L4,1.0,ondemand,3.10536,3.10536,instances.vantage.sh (AWS Price List mirror)
2026-06-15,AWS,eu-west-3,gr6.8xlarge,L4,1.0,spot,0.38275,0.38275,instances.vantage.sh (AWS Price List mirror)
2026-06-15,AWS,eu-west-3,inf1.24xlarge,AWS Inferentia,16.0,ondemand,5.517,0.3448125,instances.vantage.sh (AWS Price List mirror)
2026-06-15,AWS,eu-west-3,inf1.24xlarge,AWS Inferentia,16.0,spot,0.6096,0.0381,instances.vantage.sh (AWS Price List mirror)
2026-06-15,AWS,eu-west-3,inf1.2xlarge,AWS Inferentia,1.0,ondemand,0.423,0.423,instances.vantage.sh (AWS Price List mirror)
2026-06-15,AWS,eu-west-3,inf1.2xlarge,AWS Inferentia,1.0,spot,0.10615,0.10615,instances.vantage.sh (AWS Price List mirror)
2026-06-15,AWS,eu-west-3,inf1.6xlarge,AWS Inferentia,4.0,ondemand,1.379,0.34475,instances.vantage.sh (AWS Price List mirror)
2026-06-15,AWS,eu-west-3,inf1.6xlarge,AWS Inferentia,4.0,spot,0.16275,0.0406875,instances.vantage.sh (AWS Price List mirror)
2026-06-15,AWS,eu-west-3,inf1.xlarge,AWS Inferentia,1.0,ondemand,0.267,0.267,instances.vantage.sh (AWS Price List mirror)
2026-06-15,AWS,eu-west-3,inf1.xlarge,AWS Inferentia,1.0,spot,0.04005,0.04005,instances.vantage.sh (AWS Price List mirror)
2026-06-15,AWS,eu-west-3,inf2.24xlarge,AWS Inferentia2,6.0,ondemand,9.08689,1.5144816666666667,instances.vantage.sh (AWS Price List mirror)
2026-06-15,AWS,eu-west-3,inf2.24xlarge,AWS Inferentia2,6.0,spot,0.90955,0.15159166666666665,instances.vantage.sh (AWS Price List mirror)
2026-06-15,AWS,eu-west-3,inf2.48xlarge,AWS Inferentia2,12.0,ondemand,18.17377,1.5144808333333335,instances.vantage.sh (AWS Price List mirror)
2026-06-15,AWS,eu-west-3,inf2.48xlarge,AWS Inferentia2,12.0,spot,1.8625,0.15520833333333334,instances.vantage.sh (AWS Price List mirror)
2026-06-15,AWS,eu-west-3,inf2.8xlarge,AWS Inferentia2,1.0,ondemand,2.755,2.755,instances.vantage.sh (AWS Price List mirror)
2026-06-15,AWS,eu-west-3,inf2.8xlarge,AWS Inferentia2,1.0,spot,0.3014,0.3014,instances.vantage.sh (AWS Price List mirror)
2026-06-15,AWS,eu-west-3,inf2.xlarge,AWS Inferentia2,1.0,ondemand,1.06148,1.06148,instances.vantage.sh (AWS Price List mirror)
2026-06-15,AWS,eu-west-3,inf2.xlarge,AWS Inferentia2,1.0,spot,0.1234,0.1234,instances.vantage.sh (AWS Price List mirror)
2026-06-15,AWS,eu-west-3-wl1-cmn1,g4dn.12xlarge,T4,4.0,ondemand,5.234,1.3085,instances.vantage.sh (AWS Price List mirror)
2026-06-15,AWS,eu-west-3-wl1-cmn1,g4dn.2xlarge,T4,1.0,ondemand,1.006,1.006,instances.vantage.sh (AWS Price List mirror)
2026-06-15,AWS,eu-west-3-wl1-dss1,g4dn.12xlarge,T4,4.0,ondemand,5.234,1.3085,instances.vantage.sh (AWS Price List mirror)
2026-06-15,AWS,eu-west-3-wl1-dss1,g4dn.2xlarge,T4,1.0,ondemand,1.006,1.006,instances.vantage.sh (AWS Price List mirror)
2026-06-15,AWS,il-central-1,g5.12xlarge,A10G,4.0,ondemand,6.64825,1.6620625,instances.vantage.sh (AWS Price List mirror)
2026-06-15,AWS,il-central-1,g5.12xlarge,A10G,4.0,spot,2.526335,0.63158375,instances.vantage.sh (AWS Price List mirror)
2026-06-15,AWS,il-central-1,g5.16xlarge,A10G,1.0,ondemand,4.80099,4.80099,instances.vantage.sh (AWS Price List mirror)
2026-06-15,AWS,il-central-1,g5.16xlarge,A10G,1.0,spot,1.056218,1.056218,instances.vantage.sh (AWS Price List mirror)
2026-06-15,AWS,il-central-1,g5.24xlarge,A10G,4.0,ondemand,9.54572,2.38643,instances.vantage.sh (AWS Price List mirror)
2026-06-15,AWS,il-central-1,g5.24xlarge,A10G,4.0,spot,7.15929,1.7898225,instances.vantage.sh (AWS Price List mirror)
2026-06-15,AWS,il-central-1,g5.2xlarge,A10G,1.0,ondemand,1.42061,1.42061,instances.vantage.sh (AWS Price List mirror)
2026-06-15,AWS,il-central-1,g5.2xlarge,A10G,1.0,spot,0.298328,0.298328,instances.vantage.sh (AWS Price List mirror)
2026-06-15,AWS,il-central-1,g5.48xlarge,A10G,8.0,ondemand,19.09145,2.38643125,instances.vantage.sh (AWS Price List mirror)
2026-06-15,AWS,il-central-1,g5.48xlarge,A10G,8.0,spot,12.409442,1.55118025,instances.vantage.sh (AWS Price List mirror)
2026-06-15,AWS,il-central-1,g5.4xlarge,A10G,1.0,ondemand,1.90352,1.90352,instances.vantage.sh (AWS Price List mirror)
2026-06-15,AWS,il-central-1,g5.4xlarge,A10G,1.0,spot,0.799478,0.799478,instances.vantage.sh (AWS Price List mirror)
2026-06-15,AWS,il-central-1,g5.8xlarge,A10G,1.0,ondemand,2.86934,2.86934,instances.vantage.sh (AWS Price List mirror)
2026-06-15,AWS,il-central-1,g5.8xlarge,A10G,1.0,spot,0.803415,0.803415,instances.vantage.sh (AWS Price List mirror)
2026-06-15,AWS,il-central-1,g5.xlarge,A10G,1.0,ondemand,1.17915,1.17915,instances.vantage.sh (AWS Price List mirror)
2026-06-15,AWS,il-central-1,g5.xlarge,A10G,1.0,spot,0.330162,0.330162,instances.vantage.sh (AWS Price List mirror)
2026-06-15,AWS,il-central-1,p4de.24xlarge,A100,8.0,ondemand,35.57346,4.4466825,instances.vantage.sh (AWS Price List mirror)
2026-06-15,AWS,il-central-1,p4de.24xlarge,A100,8.0,spot,5.691754,0.71146925,instances.vantage.sh (AWS Price List mirror)
2026-06-15,AWS,me-central-1,g5.12xlarge,A10G,4.0,ondemand,6.9575,1.739375,instances.vantage.sh (AWS Price List mirror)
2026-06-15,AWS,me-central-1,g5.12xlarge,A10G,4.0,spot,6.6792,1.6698,instances.vantage.sh (AWS Price List mirror)
2026-06-15,AWS,me-central-1,g5.16xlarge,A10G,1.0,ondemand,5.02432,5.02432,instances.vantage.sh (AWS Price List mirror)
2026-06-15,AWS,me-central-1,g5.16xlarge,A10G,1.0,spot,2.009728,2.009728,instances.vantage.sh (AWS Price List mirror)
2026-06-15,AWS,me-central-1,g5.24xlarge,A10G,4.0,ondemand,9.98976,2.49744,instances.vantage.sh (AWS Price List mirror)
2026-06-15,AWS,me-central-1,g5.24xlarge,A10G,4.0,spot,9.59017,2.3975425,instances.vantage.sh (AWS Price List mirror)
2026-06-15,AWS,me-central-1,g5.2xlarge,A10G,1.0,ondemand,1.48669,1.48669,instances.vantage.sh (AWS Price List mirror)
2026-06-15,AWS,me-central-1,g5.2xlarge,A10G,1.0,spot,0.847413,0.847413,instances.vantage.sh (AWS Price List mirror)
2026-06-15,AWS,me-central-1,g5.48xlarge,A10G,8.0,ondemand,19.97951,2.49743875,instances.vantage.sh (AWS Price List mirror)
2026-06-15,AWS,me-central-1,g5.48xlarge,A10G,8.0,spot,19.18033,2.39754125,instances.vantage.sh (AWS Price List mirror)
2026-06-15,AWS,me-central-1,g5.4xlarge,A10G,1.0,ondemand,1.99206,1.99206,instances.vantage.sh (AWS Price List mirror)
2026-06-15,AWS,me-central-1,g5.4xlarge,A10G,1.0,spot,1.095633,1.095633,instances.vantage.sh (AWS Price List mirror)
2026-06-15,AWS,me-central-1,g5.8xlarge,A10G,1.0,ondemand,3.00282,3.00282,instances.vantage.sh (AWS Price List mirror)
2026-06-15,AWS,me-central-1,g5.8xlarge,A10G,1.0,spot,1.561466,1.561466,instances.vantage.sh (AWS Price List mirror)
2026-06-15,AWS,me-central-1,g5.xlarge,A10G,1.0,ondemand,1.234,1.234,instances.vantage.sh (AWS Price List mirror)
2026-06-15,AWS,me-central-1,g5.xlarge,A10G,1.0,spot,0.71572,0.71572,instances.vantage.sh (AWS Price List mirror)
2026-06-15,AWS,me-central-1,g6.12xlarge,L4,4.0,ondemand,5.65045,1.4126125,instances.vantage.sh (AWS Price List mirror)
2026-06-15,AWS,me-central-1,g6.12xlarge,L4,4.0,spot,2.316685,0.57917125,instances.vantage.sh (AWS Price List mirror)
2026-06-15,AWS,me-central-1,g6.16xlarge,L4,1.0,ondemand,4.17104,4.17104,instances.vantage.sh (AWS Price List mirror)
2026-06-15,AWS,me-central-1,g6.16xlarge,L4,1.0,spot,0.667366,0.667366,instances.vantage.sh (AWS Price List mirror)
2026-06-15,AWS,me-central-1,g6.24xlarge,L4,4.0,ondemand,8.19669,2.0491725,instances.vantage.sh (AWS Price List mirror)
2026-06-15,AWS,me-central-1,g6.24xlarge,L4,4.0,spot,7.540955,1.88523875,instances.vantage.sh (AWS Price List mirror)
2026-06-15,AWS,me-central-1,g6.2xlarge,L4,1.0,ondemand,1.20043,1.20043,instances.vantage.sh (AWS Price List mirror)
2026-06-15,AWS,me-central-1,g6.2xlarge,L4,1.0,spot,0.516185,0.516185,instances.vantage.sh (AWS Price List mirror)
2026-06-15,AWS,me-central-1,g6.48xlarge,L4,8.0,ondemand,16.39339,2.04917375,instances.vantage.sh (AWS Price List mirror)
2026-06-15,AWS,me-central-1,g6.48xlarge,L4,8.0,spot,15.901588,1.9876985,instances.vantage.sh (AWS Price List mirror)
2026-06-15,AWS,me-central-1,g6.4xlarge,L4,1.0,ondemand,1.6248,1.6248,instances.vantage.sh (AWS Price List mirror)
2026-06-15,AWS,me-central-1,g6.4xlarge,L4,1.0,spot,0.796152,0.796152,instances.vantage.sh (AWS Price List mirror)
2026-06-15,AWS,me-central-1,g6.8xlarge,L4,1.0,ondemand,2.47355,2.47355,instances.vantage.sh (AWS Price List mirror)
2026-06-15,AWS,me-central-1,g6.8xlarge,L4,1.0,spot,0.519446,0.519446,instances.vantage.sh (AWS Price List mirror)
2026-06-15,AWS,me-central-1,g6.xlarge,L4,1.0,ondemand,0.98824,0.98824,instances.vantage.sh (AWS Price List mirror)
2026-06-15,AWS,me-central-1,g6.xlarge,L4,1.0,spot,0.74118,0.74118,instances.vantage.sh (AWS Price List mirror)
2026-06-15,AWS,me-central-1,g6e.12xlarge,L40S,4.0,ondemand,12.87194,3.217985,instances.vantage.sh (AWS Price List mirror)
2026-06-15,AWS,me-central-1,g6e.12xlarge,L40S,4.0,spot,2.831827,0.70795675,instances.vantage.sh (AWS Price List mirror)
2026-06-15,AWS,me-central-1,g6e.16xlarge,L40S,1.0,ondemand,9.2954,9.2954,instances.vantage.sh (AWS Price List mirror)
2026-06-15,AWS,me-central-1,g6e.16xlarge,L40S,1.0,spot,2.137942,2.137942,instances.vantage.sh (AWS Price List mirror)
2026-06-15,AWS,me-central-1,g6e.24xlarge,L40S,4.0,ondemand,18.48186,4.620465,instances.vantage.sh (AWS Price List mirror)
2026-06-15,AWS,me-central-1,g6e.24xlarge,L40S,4.0,spot,4.066009,1.01650225,instances.vantage.sh (AWS Price List mirror)
2026-06-15,AWS,me-central-1,g6e.2xlarge,L40S,1.0,ondemand,2.75049,2.75049,instances.vantage.sh (AWS Price List mirror)
2026-06-15,AWS,me-central-1,g6e.2xlarge,L40S,1.0,spot,0.715127,0.715127,instances.vantage.sh (AWS Price List mirror)
2026-06-15,AWS,me-central-1,g6e.48xlarge,L40S,8.0,ondemand,36.96372,4.620465,instances.vantage.sh (AWS Price List mirror)
2026-06-15,AWS,me-central-1,g6e.48xlarge,L40S,8.0,spot,20.699683,2.587460375,instances.vantage.sh (AWS Price List mirror)
2026-06-15,AWS,me-central-1,g6e.4xlarge,L40S,1.0,ondemand,3.68548,3.68548,instances.vantage.sh (AWS Price List mirror)
2026-06-15,AWS,me-central-1,g6e.4xlarge,L40S,1.0,spot,0.84766,0.84766,instances.vantage.sh (AWS Price List mirror)
2026-06-15,AWS,me-central-1,g6e.8xlarge,L40S,1.0,ondemand,5.55545,5.55545,instances.vantage.sh (AWS Price List mirror)
2026-06-15,AWS,me-central-1,g6e.8xlarge,L40S,1.0,spot,1.333308,1.333308,instances.vantage.sh (AWS Price List mirror)
2026-06-15,AWS,me-central-1,g6e.xlarge,L40S,1.0,ondemand,2.283,2.283,instances.vantage.sh (AWS Price List mirror)
2026-06-15,AWS,me-central-1,g6e.xlarge,L40S,1.0,spot,0.59358,0.59358,instances.vantage.sh (AWS Price List mirror)
2026-06-15,AWS,me-central-1,p5en.48xlarge,H200,8.0,ondemand,75.9552,9.4944,instances.vantage.sh (AWS Price List mirror)
2026-06-15,AWS,me-south-1,g4dn.12xlarge,T4,4.0,ondemand,4.798,1.1995,instances.vantage.sh (AWS Price List mirror)
2026-06-15,AWS,me-south-1,g4dn.12xlarge,T4,4.0,spot,0.7197,0.179925,instances.vantage.sh (AWS Price List mirror)
2026-06-15,AWS,me-south-1,g4dn.16xlarge,T4,1.0,ondemand,5.338,5.338,instances.vantage.sh (AWS Price List mirror)
2026-06-15,AWS,me-south-1,g4dn.16xlarge,T4,1.0,spot,0.64056,0.64056,instances.vantage.sh (AWS Price List mirror)
2026-06-15,AWS,me-south-1,g4dn.2xlarge,T4,1.0,ondemand,0.922,0.922,instances.vantage.sh (AWS Price List mirror)
2026-06-15,AWS,me-south-1,g4dn.2xlarge,T4,1.0,spot,0.31348,0.31348,instances.vantage.sh (AWS Price List mirror)
2026-06-15,AWS,me-south-1,g4dn.4xlarge,T4,1.0,ondemand,1.477,1.477,instances.vantage.sh (AWS Price List mirror)
2026-06-15,AWS,me-south-1,g4dn.4xlarge,T4,1.0,spot,0.48741,0.48741,instances.vantage.sh (AWS Price List mirror)
2026-06-15,AWS,me-south-1,g4dn.8xlarge,T4,1.0,ondemand,2.669,2.669,instances.vantage.sh (AWS Price List mirror)
2026-06-15,AWS,me-south-1,g4dn.8xlarge,T4,1.0,spot,0.5338,0.5338,instances.vantage.sh (AWS Price List mirror)
2026-06-15,AWS,me-south-1,g4dn.metal,T4,8.0,ondemand,9.596,1.1995,instances.vantage.sh (AWS Price List mirror)
2026-06-15,AWS,me-south-1,g4dn.metal,T4,8.0,spot,0.9596,0.11995,instances.vantage.sh (AWS Price List mirror)
2026-06-15,AWS,me-south-1,g4dn.xlarge,T4,1.0,ondemand,0.645,0.645,instances.vantage.sh (AWS Price List mirror)
2026-06-15,AWS,me-south-1,g4dn.xlarge,T4,1.0,spot,0.129,0.129,instances.vantage.sh (AWS Price List mirror)
2026-06-15,AWS,me-south-1,inf1.24xlarge,AWS Inferentia,16.0,ondemand,5.786,0.361625,instances.vantage.sh (AWS Price List mirror)
2026-06-15,AWS,me-south-1,inf1.24xlarge,AWS Inferentia,16.0,spot,5.786,0.361625,instances.vantage.sh (AWS Price List mirror)
2026-06-15,AWS,me-south-1,inf1.2xlarge,AWS Inferentia,1.0,ondemand,0.444,0.444,instances.vantage.sh (AWS Price List mirror)
2026-06-15,AWS,me-south-1,inf1.2xlarge,AWS Inferentia,1.0,spot,0.37296,0.37296,instances.vantage.sh (AWS Price List mirror)
2026-06-15,AWS,me-south-1,inf1.6xlarge,AWS Inferentia,4.0,ondemand,1.447,0.36175,instances.vantage.sh (AWS Price List mirror)
2026-06-15,AWS,me-south-1,inf1.6xlarge,AWS Inferentia,4.0,spot,1.447,0.36175,instances.vantage.sh (AWS Price List mirror)
2026-06-15,AWS,me-south-1,inf1.xlarge,AWS Inferentia,1.0,ondemand,0.28,0.28,instances.vantage.sh (AWS Price List mirror)
2026-06-15,AWS,me-south-1,inf1.xlarge,AWS Inferentia,1.0,spot,0.1484,0.1484,instances.vantage.sh (AWS Price List mirror)
2026-06-15,AWS,me-south-1-mct-1,g4dn.2xlarge,T4,1.0,ondemand,1.153,1.153,instances.vantage.sh (AWS Price List mirror)
2026-06-15,AWS,sa-east-1,g4dn.12xlarge,T4,4.0,ondemand,6.649,1.66225,instances.vantage.sh (AWS Price List mirror)
2026-06-15,AWS,sa-east-1,g4dn.12xlarge,T4,4.0,spot,2.003633,0.50090825,instances.vantage.sh (AWS Price List mirror)
2026-06-15,AWS,sa-east-1,g4dn.16xlarge,T4,1.0,ondemand,7.397,7.397,instances.vantage.sh (AWS Price List mirror)
2026-06-15,AWS,sa-east-1,g4dn.16xlarge,T4,1.0,spot,0.7397,0.7397,instances.vantage.sh (AWS Price List mirror)
2026-06-15,AWS,sa-east-1,g4dn.2xlarge,T4,1.0,ondemand,1.278,1.278,instances.vantage.sh (AWS Price List mirror)
2026-06-15,AWS,sa-east-1,g4dn.2xlarge,T4,1.0,spot,0.1278,0.1278,instances.vantage.sh (AWS Price List mirror)
2026-06-15,AWS,sa-east-1,g4dn.4xlarge,T4,1.0,ondemand,2.046,2.046,instances.vantage.sh (AWS Price List mirror)
2026-06-15,AWS,sa-east-1,g4dn.4xlarge,T4,1.0,spot,0.226167,0.226167,instances.vantage.sh (AWS Price List mirror)
2026-06-15,AWS,sa-east-1,g4dn.8xlarge,T4,1.0,ondemand,3.698,3.698,instances.vantage.sh (AWS Price List mirror)
2026-06-15,AWS,sa-east-1,g4dn.8xlarge,T4,1.0,spot,0.3698,0.3698,instances.vantage.sh (AWS Price List mirror)
2026-06-15,AWS,sa-east-1,g4dn.metal,T4,8.0,ondemand,13.298,1.66225,instances.vantage.sh (AWS Price List mirror)
2026-06-15,AWS,sa-east-1,g4dn.metal,T4,8.0,spot,1.8438,0.230475,instances.vantage.sh (AWS Price List mirror)
2026-06-15,AWS,sa-east-1,g4dn.xlarge,T4,1.0,ondemand,0.894,0.894,instances.vantage.sh (AWS Price List mirror)
2026-06-15,AWS,sa-east-1,g4dn.xlarge,T4,1.0,spot,0.091067,0.091067,instances.vantage.sh (AWS Price List mirror)
2026-06-15,AWS,sa-east-1,g5.12xlarge,A10G,4.0,ondemand,9.64127,2.4103175,instances.vantage.sh (AWS Price List mirror)
2026-06-15,AWS,sa-east-1,g5.12xlarge,A10G,4.0,spot,7.89935,1.9748375,instances.vantage.sh (AWS Price List mirror)
2026-06-15,AWS,sa-east-1,g5.16xlarge,A10G,1.0,ondemand,6.96239,6.96239,instances.vantage.sh (AWS Price List mirror)
2026-06-15,AWS,sa-east-1,g5.16xlarge,A10G,1.0,spot,3.7631,3.7631,instances.vantage.sh (AWS Price List mirror)
2026-06-15,AWS,sa-east-1,g5.24xlarge,A10G,4.0,ondemand,13.84318,3.460795,instances.vantage.sh (AWS Price List mirror)
2026-06-15,AWS,sa-east-1,g5.24xlarge,A10G,4.0,spot,11.71865,2.9296625,instances.vantage.sh (AWS Price List mirror)
2026-06-15,AWS,sa-east-1,g5.2xlarge,A10G,1.0,ondemand,2.06016,2.06016,instances.vantage.sh (AWS Price List mirror)
2026-06-15,AWS,sa-east-1,g5.2xlarge,A10G,1.0,spot,0.24105,0.24105,instances.vantage.sh (AWS Price List mirror)
2026-06-15,AWS,sa-east-1,g5.48xlarge,A10G,8.0,ondemand,27.68636,3.460795,instances.vantage.sh (AWS Price List mirror)
2026-06-15,AWS,sa-east-1,g5.48xlarge,A10G,8.0,spot,22.6885,2.8360625,instances.vantage.sh (AWS Price List mirror)
2026-06-15,AWS,sa-east-1,g5.4xlarge,A10G,1.0,ondemand,2.76048,2.76048,instances.vantage.sh (AWS Price List mirror)
2026-06-15,AWS,sa-east-1,g5.4xlarge,A10G,1.0,spot,0.48165,0.48165,instances.vantage.sh (AWS Price List mirror)
2026-06-15,AWS,sa-east-1,g5.8xlarge,A10G,1.0,ondemand,4.16111,4.16111,instances.vantage.sh (AWS Price List mirror)
2026-06-15,AWS,sa-east-1,g5.8xlarge,A10G,1.0,spot,1.31575,1.31575,instances.vantage.sh (AWS Price List mirror)
2026-06-15,AWS,sa-east-1,g5.xlarge,A10G,1.0,ondemand,1.71,1.71,instances.vantage.sh (AWS Price List mirror)
2026-06-15,AWS,sa-east-1,g5.xlarge,A10G,1.0,spot,0.3516,0.3516,instances.vantage.sh (AWS Price List mirror)
2026-06-15,AWS,sa-east-1,g6.12xlarge,L4,4.0,ondemand,7.82181,1.9554525,instances.vantage.sh (AWS Price List mirror)
2026-06-15,AWS,sa-east-1,g6.12xlarge,L4,4.0,spot,0.7822,0.19555,instances.vantage.sh (AWS Price List mirror)
2026-06-15,AWS,sa-east-1,g6.16xlarge,L4,1.0,ondemand,5.77388,5.77388,instances.vantage.sh (AWS Price List mirror)
2026-06-15,AWS,sa-east-1,g6.16xlarge,L4,1.0,spot,0.9477,0.9477,instances.vantage.sh (AWS Price List mirror)
2026-06-15,AWS,sa-east-1,g6.24xlarge,L4,4.0,ondemand,11.34651,2.8366275,instances.vantage.sh (AWS Price List mirror)
2026-06-15,AWS,sa-east-1,g6.24xlarge,L4,4.0,spot,2.37085,0.5927125,instances.vantage.sh (AWS Price List mirror)
2026-06-15,AWS,sa-east-1,g6.2xlarge,L4,1.0,ondemand,1.66173,1.66173,instances.vantage.sh (AWS Price List mirror)
2026-06-15,AWS,sa-east-1,g6.2xlarge,L4,1.0,spot,0.22645,0.22645,instances.vantage.sh (AWS Price List mirror)
2026-06-15,AWS,sa-east-1,g6.48xlarge,L4,8.0,ondemand,22.69303,2.83662875,instances.vantage.sh (AWS Price List mirror)
2026-06-15,AWS,sa-east-1,g6.48xlarge,L4,8.0,spot,5.9941,0.7492625,instances.vantage.sh (AWS Price List mirror)
2026-06-15,AWS,sa-east-1,g6.4xlarge,L4,1.0,ondemand,2.24918,2.24918,instances.vantage.sh (AWS Price List mirror)
2026-06-15,AWS,sa-east-1,g6.4xlarge,L4,1.0,spot,0.2781,0.2781,instances.vantage.sh (AWS Price List mirror)
2026-06-15,AWS,sa-east-1,g6.8xlarge,L4,1.0,ondemand,3.42408,3.42408,instances.vantage.sh (AWS Price List mirror)
2026-06-15,AWS,sa-east-1,g6.8xlarge,L4,1.0,spot,0.5947,0.5947,instances.vantage.sh (AWS Price List mirror)
2026-06-15,AWS,sa-east-1,g6.xlarge,L4,1.0,ondemand,1.368,1.368,instances.vantage.sh (AWS Price List mirror)
2026-06-15,AWS,sa-east-1,g6.xlarge,L4,1.0,spot,0.30095,0.30095,instances.vantage.sh (AWS Price List mirror)
2026-06-15,AWS,sa-east-1,g6f.2xlarge,L4,0.25,ondemand,0.80742,3.22968,instances.vantage.sh (AWS Price List mirror)
2026-06-15,AWS,sa-east-1,g6f.2xlarge,L4,0.25,spot,0.41235,1.6494,instances.vantage.sh (AWS Price List mirror)
2026-06-15,AWS,sa-east-1,g6f.4xlarge,L4,0.5,ondemand,1.61483,3.22966,instances.vantage.sh (AWS Price List mirror)
2026-06-15,AWS,sa-east-1,g6f.4xlarge,L4,0.5,spot,1.3233,2.6466,instances.vantage.sh (AWS Price List mirror)
2026-06-15,AWS,sa-east-1,g6f.large,L4,0.125,ondemand,0.34336,2.74688,instances.vantage.sh (AWS Price List mirror)
2026-06-15,AWS,sa-east-1,g6f.large,L4,0.125,spot,0.1757,1.4056,instances.vantage.sh (AWS Price List mirror)
2026-06-15,AWS,sa-east-1,g6f.xlarge,L4,0.125,ondemand,0.40371,3.22968,instances.vantage.sh (AWS Price List mirror)
2026-06-15,AWS,sa-east-1,g6f.xlarge,L4,0.125,spot,0.1345,1.076,instances.vantage.sh (AWS Price List mirror)
2026-06-15,AWS,sa-east-1,gr6.4xlarge,L4,1.0,ondemand,2.6164,2.6164,instances.vantage.sh (AWS Price List mirror)
2026-06-15,AWS,sa-east-1,gr6.4xlarge,L4,1.0,spot,0.6609,0.6609,instances.vantage.sh (AWS Price List mirror)
2026-06-15,AWS,sa-east-1,gr6.8xlarge,L4,1.0,ondemand,4.1585,4.1585,instances.vantage.sh (AWS Price List mirror)
2026-06-15,AWS,sa-east-1,gr6.8xlarge,L4,1.0,spot,0.8265,0.8265,instances.vantage.sh (AWS Price List mirror)
2026-06-15,AWS,sa-east-1,gr6f.4xlarge,L4,0.5,ondemand,1.81203,3.62406,instances.vantage.sh (AWS Price List mirror)
2026-06-15,AWS,sa-east-1,gr6f.4xlarge,L4,0.5,spot,1.48465,2.9693,instances.vantage.sh (AWS Price List mirror)
2026-06-15,AWS,sa-east-1,inf1.24xlarge,AWS Inferentia,16.0,ondemand,7.8,0.4875,instances.vantage.sh (AWS Price List mirror)
2026-06-15,AWS,sa-east-1,inf1.24xlarge,AWS Inferentia,16.0,spot,0.78,0.04875,instances.vantage.sh (AWS Price List mirror)
2026-06-15,AWS,sa-east-1,inf1.2xlarge,AWS Inferentia,1.0,ondemand,0.598,0.598,instances.vantage.sh (AWS Price List mirror)
2026-06-15,AWS,sa-east-1,inf1.2xlarge,AWS Inferentia,1.0,spot,0.0702,0.0702,instances.vantage.sh (AWS Price List mirror)
2026-06-15,AWS,sa-east-1,inf1.6xlarge,AWS Inferentia,4.0,ondemand,1.95,0.4875,instances.vantage.sh (AWS Price List mirror)
2026-06-15,AWS,sa-east-1,inf1.6xlarge,AWS Inferentia,4.0,spot,0.195,0.04875,instances.vantage.sh (AWS Price List mirror)
2026-06-15,AWS,sa-east-1,inf1.xlarge,AWS Inferentia,1.0,ondemand,0.377,0.377,instances.vantage.sh (AWS Price List mirror)
2026-06-15,AWS,sa-east-1,inf1.xlarge,AWS Inferentia,1.0,spot,0.041267,0.041267,instances.vantage.sh (AWS Price List mirror)
2026-06-15,AWS,sa-east-1,inf2.24xlarge,AWS Inferentia2,6.0,ondemand,11.03408,1.8390133333333332,instances.vantage.sh (AWS Price List mirror)
2026-06-15,AWS,sa-east-1,inf2.24xlarge,AWS Inferentia2,6.0,spot,1.1034,0.18389999999999998,instances.vantage.sh (AWS Price List mirror)
2026-06-15,AWS,sa-east-1,inf2.48xlarge,AWS Inferentia2,12.0,ondemand,22.06815,1.8390125,instances.vantage.sh (AWS Price List mirror)
2026-06-15,AWS,sa-east-1,inf2.48xlarge,AWS Inferentia2,12.0,spot,2.2068,0.18389999999999998,instances.vantage.sh (AWS Price List mirror)
2026-06-15,AWS,sa-east-1,inf2.8xlarge,AWS Inferentia2,1.0,ondemand,3.34536,3.34536,instances.vantage.sh (AWS Price List mirror)
2026-06-15,AWS,sa-east-1,inf2.8xlarge,AWS Inferentia2,1.0,spot,0.3345,0.3345,instances.vantage.sh (AWS Price List mirror)
2026-06-15,AWS,sa-east-1,inf2.xlarge,AWS Inferentia2,1.0,ondemand,1.28894,1.28894,instances.vantage.sh (AWS Price List mirror)
2026-06-15,AWS,sa-east-1,inf2.xlarge,AWS Inferentia2,1.0,spot,0.1289,0.1289,instances.vantage.sh (AWS Price List mirror)
2026-06-15,AWS,sa-east-1,p4d.24xlarge,A100,8.0,ondemand,35.5569,4.4446125,instances.vantage.sh (AWS Price List mirror)
2026-06-15,AWS,sa-east-1,p4d.24xlarge,A100,8.0,spot,29.127,3.640875,instances.vantage.sh (AWS Price List mirror)
2026-06-15,AWS,sa-east-1,p5.48xlarge,H100,8.0,ondemand,92.4672,11.5584,instances.vantage.sh (AWS Price List mirror)
2026-06-15,AWS,sa-east-1,p5.48xlarge,H100,8.0,spot,75.7753,9.4719125,instances.vantage.sh (AWS Price List mirror)
2026-06-15,AWS,sa-east-1,p5.4xlarge,H100,1.0,ondemand,11.5584,11.5584,instances.vantage.sh (AWS Price List mirror)
2026-06-15,AWS,sa-east-1,p5.4xlarge,H100,1.0,spot,9.4683,9.4683,instances.vantage.sh (AWS Price List mirror)
2026-06-15,AWS,us-east-1,g2.2xlarge,K520,1.0,ondemand,0.65,0.65,instances.vantage.sh (AWS Price List mirror)
2026-06-15,AWS,us-east-1,g2.8xlarge,K520,4.0,ondemand,2.6,0.65,instances.vantage.sh (AWS Price List mirror)
2026-06-15,AWS,us-east-1,g3.16xlarge,M60,4.0,ondemand,4.56,1.14,instances.vantage.sh (AWS Price List mirror)
2026-06-15,AWS,us-east-1,g3.4xlarge,M60,1.0,ondemand,1.14,1.14,instances.vantage.sh (AWS Price List mirror)
2026-06-15,AWS,us-east-1,g3.8xlarge,M60,2.0,ondemand,2.28,1.14,instances.vantage.sh (AWS Price List mirror)
2026-06-15,AWS,us-east-1,g3s.xlarge,M60,1.0,ondemand,0.75,0.75,instances.vantage.sh (AWS Price List mirror)
2026-06-15,AWS,us-east-1,g4ad.16xlarge,V520,4.0,ondemand,3.468,0.867,instances.vantage.sh (AWS Price List mirror)
2026-06-15,AWS,us-east-1,g4ad.16xlarge,V520,4.0,spot,2.141875,0.53546875,instances.vantage.sh (AWS Price List mirror)
2026-06-15,AWS,us-east-1,g4ad.2xlarge,V520,1.0,ondemand,0.54117,0.54117,instances.vantage.sh (AWS Price List mirror)
2026-06-15,AWS,us-east-1,g4ad.2xlarge,V520,1.0,spot,0.24105,0.24105,instances.vantage.sh (AWS Price List mirror)
2026-06-15,AWS,us-east-1,g4ad.4xlarge,V520,1.0,ondemand,0.867,0.867,instances.vantage.sh (AWS Price List mirror)
2026-06-15,AWS,us-east-1,g4ad.4xlarge,V520,1.0,spot,0.355575,0.355575,instances.vantage.sh (AWS Price List mirror)
2026-06-15,AWS,us-east-1,g4ad.8xlarge,V520,2.0,ondemand,1.734,0.867,instances.vantage.sh (AWS Price List mirror)
2026-06-15,AWS,us-east-1,g4ad.8xlarge,V520,2.0,spot,0.693175,0.3465875,instances.vantage.sh (AWS Price List mirror)
2026-06-15,AWS,us-east-1,g4ad.xlarge,V520,1.0,ondemand,0.37853,0.37853,instances.vantage.sh (AWS Price List mirror)
2026-06-15,AWS,us-east-1,g4ad.xlarge,V520,1.0,spot,0.125,0.125,instances.vantage.sh (AWS Price List mirror)
2026-06-15,AWS,us-east-1,g4dn.12xlarge,T4,4.0,ondemand,3.912,0.978,instances.vantage.sh (AWS Price List mirror)
2026-06-15,AWS,us-east-1,g4dn.12xlarge,T4,4.0,spot,1.36772,0.34193,instances.vantage.sh (AWS Price List mirror)
2026-06-15,AWS,us-east-1,g4dn.16xlarge,T4,1.0,ondemand,4.352,4.352,instances.vantage.sh (AWS Price List mirror)
2026-06-15,AWS,us-east-1,g4dn.16xlarge,T4,1.0,spot,1.2097,1.2097,instances.vantage.sh (AWS Price List mirror)
2026-06-15,AWS,us-east-1,g4dn.2xlarge,T4,1.0,ondemand,0.752,0.752,instances.vantage.sh (AWS Price List mirror)
2026-06-15,AWS,us-east-1,g4dn.2xlarge,T4,1.0,spot,0.2992,0.2992,instances.vantage.sh (AWS Price List mirror)
2026-06-15,AWS,us-east-1,g4dn.4xlarge,T4,1.0,ondemand,1.204,1.204,instances.vantage.sh (AWS Price List mirror)
2026-06-15,AWS,us-east-1,g4dn.4xlarge,T4,1.0,spot,0.39696,0.39696,instances.vantage.sh (AWS Price List mirror)
2026-06-15,AWS,us-east-1,g4dn.8xlarge,T4,1.0,ondemand,2.176,2.176,instances.vantage.sh (AWS Price List mirror)
2026-06-15,AWS,us-east-1,g4dn.8xlarge,T4,1.0,spot,0.71696,0.71696,instances.vantage.sh (AWS Price List mirror)
2026-06-15,AWS,us-east-1,g4dn.metal,T4,8.0,ondemand,7.824,0.978,instances.vantage.sh (AWS Price List mirror)
2026-06-15,AWS,us-east-1,g4dn.metal,T4,8.0,spot,4.22396,0.527995,instances.vantage.sh (AWS Price List mirror)
2026-06-15,AWS,us-east-1,g4dn.xlarge,T4,1.0,ondemand,0.526,0.526,instances.vantage.sh (AWS Price List mirror)
2026-06-15,AWS,us-east-1,g4dn.xlarge,T4,1.0,spot,0.2505,0.2505,instances.vantage.sh (AWS Price List mirror)
2026-06-15,AWS,us-east-1,g5.12xlarge,A10G,4.0,ondemand,5.672,1.418,instances.vantage.sh (AWS Price List mirror)
2026-06-15,AWS,us-east-1,g5.12xlarge,A10G,4.0,spot,2.87622,0.719055,instances.vantage.sh (AWS Price List mirror)
2026-06-15,AWS,us-east-1,g5.16xlarge,A10G,1.0,ondemand,4.096,4.096,instances.vantage.sh (AWS Price List mirror)
2026-06-15,AWS,us-east-1,g5.16xlarge,A10G,1.0,spot,1.52902,1.52902,instances.vantage.sh (AWS Price List mirror)
2026-06-15,AWS,us-east-1,g5.24xlarge,A10G,4.0,ondemand,8.144,2.036,instances.vantage.sh (AWS Price List mirror)
2026-06-15,AWS,us-east-1,g5.24xlarge,A10G,4.0,spot,3.55102,0.887755,instances.vantage.sh (AWS Price List mirror)
2026-06-15,AWS,us-east-1,g5.2xlarge,A10G,1.0,ondemand,1.212,1.212,instances.vantage.sh (AWS Price List mirror)
2026-06-15,AWS,us-east-1,g5.2xlarge,A10G,1.0,spot,0.56998,0.56998,instances.vantage.sh (AWS Price List mirror)
2026-06-15,AWS,us-east-1,g5.48xlarge,A10G,8.0,ondemand,16.288,2.036,instances.vantage.sh (AWS Price List mirror)
2026-06-15,AWS,us-east-1,g5.48xlarge,A10G,8.0,spot,8.29142,1.0364275,instances.vantage.sh (AWS Price List mirror)
2026-06-15,AWS,us-east-1,g5.4xlarge,A10G,1.0,ondemand,1.624,1.624,instances.vantage.sh (AWS Price List mirror)
2026-06-15,AWS,us-east-1,g5.4xlarge,A10G,1.0,spot,0.8696,0.8696,instances.vantage.sh (AWS Price List mirror)
2026-06-15,AWS,us-east-1,g5.8xlarge,A10G,1.0,ondemand,2.448,2.448,instances.vantage.sh (AWS Price List mirror)
2026-06-15,AWS,us-east-1,g5.8xlarge,A10G,1.0,spot,1.00588,1.00588,instances.vantage.sh (AWS Price List mirror)
2026-06-15,AWS,us-east-1,g5.xlarge,A10G,1.0,ondemand,1.006,1.006,instances.vantage.sh (AWS Price List mirror)
2026-06-15,AWS,us-east-1,g5.xlarge,A10G,1.0,spot,0.45316,0.45316,instances.vantage.sh (AWS Price List mirror)
2026-06-15,AWS,us-east-1,g5g.16xlarge,T4G,2.0,ondemand,2.744,1.372,instances.vantage.sh (AWS Price List mirror)
2026-06-15,AWS,us-east-1,g5g.16xlarge,T4G,2.0,spot,0.679825,0.3399125,instances.vantage.sh (AWS Price List mirror)
2026-06-15,AWS,us-east-1,g5g.2xlarge,T4G,1.0,ondemand,0.556,0.556,instances.vantage.sh (AWS Price List mirror)
2026-06-15,AWS,us-east-1,g5g.2xlarge,T4G,1.0,spot,0.24265,0.24265,instances.vantage.sh (AWS Price List mirror)
2026-06-15,AWS,us-east-1,g5g.4xlarge,T4G,1.0,ondemand,0.828,0.828,instances.vantage.sh (AWS Price List mirror)
2026-06-15,AWS,us-east-1,g5g.4xlarge,T4G,1.0,spot,0.25685,0.25685,instances.vantage.sh (AWS Price List mirror)
2026-06-15,AWS,us-east-1,g5g.8xlarge,T4G,1.0,ondemand,1.372,1.372,instances.vantage.sh (AWS Price List mirror)
2026-06-15,AWS,us-east-1,g5g.8xlarge,T4G,1.0,spot,0.644275,0.644275,instances.vantage.sh (AWS Price List mirror)
2026-06-15,AWS,us-east-1,g5g.metal,T4G,2.0,ondemand,2.744,1.372,instances.vantage.sh (AWS Price List mirror)
2026-06-15,AWS,us-east-1,g5g.metal,T4G,2.0,spot,0.69835,0.349175,instances.vantage.sh (AWS Price List mirror)
2026-06-15,AWS,us-east-1,g5g.xlarge,T4G,1.0,ondemand,0.42,0.42,instances.vantage.sh (AWS Price List mirror)
2026-06-15,AWS,us-east-1,g5g.xlarge,T4G,1.0,spot,0.1324,0.1324,instances.vantage.sh (AWS Price List mirror)
2026-06-15,AWS,us-east-1,g6.12xlarge,L4,4.0,ondemand,4.6016,1.1504,instances.vantage.sh (AWS Price List mirror)
2026-06-15,AWS,us-east-1,g6.12xlarge,L4,4.0,spot,3.43256,0.85814,instances.vantage.sh (AWS Price List mirror)
2026-06-15,AWS,us-east-1,g6.16xlarge,L4,1.0,ondemand,3.3968,3.3968,instances.vantage.sh (AWS Price List mirror)
2026-06-15,AWS,us-east-1,g6.16xlarge,L4,1.0,spot,1.3671,1.3671,instances.vantage.sh (AWS Price List mirror)
2026-06-15,AWS,us-east-1,g6.24xlarge,L4,4.0,ondemand,6.6752,1.6688,instances.vantage.sh (AWS Price List mirror)
2026-06-15,AWS,us-east-1,g6.24xlarge,L4,4.0,spot,2.86416,0.71604,instances.vantage.sh (AWS Price List mirror)
2026-06-15,AWS,us-east-1,g6.2xlarge,L4,1.0,ondemand,0.9776,0.9776,instances.vantage.sh (AWS Price List mirror)
2026-06-15,AWS,us-east-1,g6.2xlarge,L4,1.0,spot,0.63316,0.63316,instances.vantage.sh (AWS Price List mirror)
2026-06-15,AWS,us-east-1,g6.48xlarge,L4,8.0,ondemand,13.3504,1.6688,instances.vantage.sh (AWS Price List mirror)
2026-06-15,AWS,us-east-1,g6.48xlarge,L4,8.0,spot,6.99014,0.8737675,instances.vantage.sh (AWS Price List mirror)
2026-06-15,AWS,us-east-1,g6.4xlarge,L4,1.0,ondemand,1.3232,1.3232,instances.vantage.sh (AWS Price List mirror)
2026-06-15,AWS,us-east-1,g6.4xlarge,L4,1.0,spot,0.80596,0.80596,instances.vantage.sh (AWS Price List mirror)
2026-06-15,AWS,us-east-1,g6.8xlarge,L4,1.0,ondemand,2.0144,2.0144,instances.vantage.sh (AWS Price List mirror)
2026-06-15,AWS,us-east-1,g6.8xlarge,L4,1.0,spot,1.06914,1.06914,instances.vantage.sh (AWS Price List mirror)
2026-06-15,AWS,us-east-1,g6.xlarge,L4,1.0,ondemand,0.8048,0.8048,instances.vantage.sh (AWS Price List mirror)
2026-06-15,AWS,us-east-1,g6.xlarge,L4,1.0,spot,0.39034,0.39034,instances.vantage.sh (AWS Price List mirror)
2026-06-15,AWS,us-east-1,g6e.12xlarge,L40S,4.0,ondemand,10.49264,2.62316,instances.vantage.sh (AWS Price List mirror)
2026-06-15,AWS,us-east-1,g6e.12xlarge,L40S,4.0,spot,3.864025,0.96600625,instances.vantage.sh (AWS Price List mirror)
2026-06-15,AWS,us-east-1,g6e.16xlarge,L40S,1.0,ondemand,7.57719,7.57719,instances.vantage.sh (AWS Price List mirror)
2026-06-15,AWS,us-east-1,g6e.16xlarge,L40S,1.0,spot,2.1397,2.1397,instances.vantage.sh (AWS Price List mirror)
2026-06-15,AWS,us-east-1,g6e.24xlarge,L40S,4.0,ondemand,15.06559,3.7663975,instances.vantage.sh (AWS Price List mirror)
2026-06-15,AWS,us-east-1,g6e.24xlarge,L40S,4.0,spot,5.75365,1.4384125,instances.vantage.sh (AWS Price List mirror)
2026-06-15,AWS,us-east-1,g6e.2xlarge,L40S,1.0,ondemand,2.24208,2.24208,instances.vantage.sh (AWS Price List mirror)
2026-06-15,AWS,us-east-1,g6e.2xlarge,L40S,1.0,spot,1.4307,1.4307,instances.vantage.sh (AWS Price List mirror)
2026-06-15,AWS,us-east-1,g6e.48xlarge,L40S,8.0,ondemand,30.13118,3.7663975,instances.vantage.sh (AWS Price List mirror)
2026-06-15,AWS,us-east-1,g6e.48xlarge,L40S,8.0,spot,13.833875,1.729234375,instances.vantage.sh (AWS Price List mirror)
2026-06-15,AWS,us-east-1,g6e.4xlarge,L40S,1.0,ondemand,3.00424,3.00424,instances.vantage.sh (AWS Price List mirror)
2026-06-15,AWS,us-east-1,g6e.4xlarge,L40S,1.0,spot,1.771625,1.771625,instances.vantage.sh (AWS Price List mirror)
2026-06-15,AWS,us-east-1,g6e.8xlarge,L40S,1.0,ondemand,4.52856,4.52856,instances.vantage.sh (AWS Price List mirror)
2026-06-15,AWS,us-east-1,g6e.8xlarge,L40S,1.0,spot,1.534925,1.534925,instances.vantage.sh (AWS Price List mirror)
2026-06-15,AWS,us-east-1,g6e.xlarge,L40S,1.0,ondemand,1.861,1.861,instances.vantage.sh (AWS Price List mirror)
2026-06-15,AWS,us-east-1,g6e.xlarge,L40S,1.0,spot,1.199925,1.199925,instances.vantage.sh (AWS Price List mirror)
2026-06-15,AWS,us-east-1,g6f.2xlarge,L4,0.25,ondemand,0.475,1.9,instances.vantage.sh (AWS Price List mirror)
2026-06-15,AWS,us-east-1,g6f.2xlarge,L4,0.25,spot,0.208225,0.8329,instances.vantage.sh (AWS Price List mirror)
2026-06-15,AWS,us-east-1,g6f.4xlarge,L4,0.5,ondemand,0.95,1.9,instances.vantage.sh (AWS Price List mirror)
2026-06-15,AWS,us-east-1,g6f.4xlarge,L4,0.5,spot,0.3683,0.7366,instances.vantage.sh (AWS Price List mirror)
2026-06-15,AWS,us-east-1,g6f.large,L4,0.125,ondemand,0.202,1.616,instances.vantage.sh (AWS Price List mirror)
2026-06-15,AWS,us-east-1,g6f.large,L4,0.125,spot,0.057575,0.4606,instances.vantage.sh (AWS Price List mirror)
2026-06-15,AWS,us-east-1,g6f.xlarge,L4,0.125,ondemand,0.2375,1.9,instances.vantage.sh (AWS Price List mirror)
2026-06-15,AWS,us-east-1,g6f.xlarge,L4,0.125,spot,0.08805,0.7044,instances.vantage.sh (AWS Price List mirror)
2026-06-15,AWS,us-east-1,g7e.12xlarge,NVIDIA GB202,2.0,ondemand,8.28608,4.14304,instances.vantage.sh (AWS Price List mirror)
2026-06-15,AWS,us-east-1,g7e.12xlarge,NVIDIA GB202,2.0,spot,3.1975,1.59875,instances.vantage.sh (AWS Price List mirror)
2026-06-15,AWS,us-east-1,g7e.24xlarge,NVIDIA GB202,4.0,ondemand,16.57216,4.14304,instances.vantage.sh (AWS Price List mirror)
2026-06-15,AWS,us-east-1,g7e.24xlarge,NVIDIA GB202,4.0,spot,5.76405,1.4410125,instances.vantage.sh (AWS Price List mirror)
2026-06-15,AWS,us-east-1,g7e.2xlarge,NVIDIA GB202,1.0,ondemand,3.36312,3.36312,instances.vantage.sh (AWS Price List mirror)
2026-06-15,AWS,us-east-1,g7e.2xlarge,NVIDIA GB202,1.0,spot,1.628,1.628,instances.vantage.sh (AWS Price List mirror)
2026-06-15,AWS,us-east-1,g7e.48xlarge,NVIDIA GB202,8.0,ondemand,33.14432,4.14304,instances.vantage.sh (AWS Price List mirror)
2026-06-15,AWS,us-east-1,g7e.48xlarge,NVIDIA GB202,8.0,spot,12.2291,1.5286375,instances.vantage.sh (AWS Price List mirror)
2026-06-15,AWS,us-east-1,g7e.4xlarge,NVIDIA GB202,1.0,ondemand,3.99816,3.99816,instances.vantage.sh (AWS Price List mirror)
2026-06-15,AWS,us-east-1,g7e.4xlarge,NVIDIA GB202,1.0,spot,1.72185,1.72185,instances.vantage.sh (AWS Price List mirror)
2026-06-15,AWS,us-east-1,g7e.8xlarge,NVIDIA GB202,1.0,ondemand,5.26824,5.26824,instances.vantage.sh (AWS Price List mirror)
2026-06-15,AWS,us-east-1,g7e.8xlarge,NVIDIA GB202,1.0,spot,1.9939,1.9939,instances.vantage.sh (AWS Price List mirror)
2026-06-15,AWS,us-east-1,gr6.4xlarge,L4,1.0,ondemand,1.5392,1.5392,instances.vantage.sh (AWS Price List mirror)
2026-06-15,AWS,us-east-1,gr6.4xlarge,L4,1.0,spot,0.6157,0.6157,instances.vantage.sh (AWS Price List mirror)
2026-06-15,AWS,us-east-1,gr6.8xlarge,L4,1.0,ondemand,2.4464,2.4464,instances.vantage.sh (AWS Price List mirror)
2026-06-15,AWS,us-east-1,gr6.8xlarge,L4,1.0,spot,1.15985,1.15985,instances.vantage.sh (AWS Price List mirror)
2026-06-15,AWS,us-east-1,gr6f.4xlarge,L4,0.5,ondemand,1.066,2.132,instances.vantage.sh (AWS Price List mirror)
2026-06-15,AWS,us-east-1,gr6f.4xlarge,L4,0.5,spot,0.41605,0.8321,instances.vantage.sh (AWS Price List mirror)
2026-06-15,AWS,us-east-1,inf1.24xlarge,AWS Inferentia,16.0,ondemand,4.721,0.2950625,instances.vantage.sh (AWS Price List mirror)
2026-06-15,AWS,us-east-1,inf1.24xlarge,AWS Inferentia,16.0,spot,1.1012,0.068825,instances.vantage.sh (AWS Price List mirror)
2026-06-15,AWS,us-east-1,inf1.2xlarge,AWS Inferentia,1.0,ondemand,0.362,0.362,instances.vantage.sh (AWS Price List mirror)
2026-06-15,AWS,us-east-1,inf1.2xlarge,AWS Inferentia,1.0,spot,0.10056,0.10056,instances.vantage.sh (AWS Price List mirror)
2026-06-15,AWS,us-east-1,inf1.6xlarge,AWS Inferentia,4.0,ondemand,1.18,0.295,instances.vantage.sh (AWS Price List mirror)
2026-06-15,AWS,us-east-1,inf1.6xlarge,AWS Inferentia,4.0,spot,0.30308,0.07577,instances.vantage.sh (AWS Price List mirror)
2026-06-15,AWS,us-east-1,inf1.xlarge,AWS Inferentia,1.0,ondemand,0.228,0.228,instances.vantage.sh (AWS Price List mirror)
2026-06-15,AWS,us-east-1,inf1.xlarge,AWS Inferentia,1.0,spot,0.05126,0.05126,instances.vantage.sh (AWS Price List mirror)
2026-06-15,AWS,us-east-1,inf2.24xlarge,AWS Inferentia2,6.0,ondemand,6.49063,1.0817716666666668,instances.vantage.sh (AWS Price List mirror)
2026-06-15,AWS,us-east-1,inf2.24xlarge,AWS Inferentia2,6.0,spot,0.972625,0.16210416666666666,instances.vantage.sh (AWS Price List mirror)
2026-06-15,AWS,us-east-1,inf2.48xlarge,AWS Inferentia2,12.0,ondemand,12.98127,1.0817725,instances.vantage.sh (AWS Price List mirror)
2026-06-15,AWS,us-east-1,inf2.48xlarge,AWS Inferentia2,12.0,spot,5.420875,0.4517395833333333,instances.vantage.sh (AWS Price List mirror)
2026-06-15,AWS,us-east-1,inf2.8xlarge,AWS Inferentia2,1.0,ondemand,1.96786,1.96786,instances.vantage.sh (AWS Price List mirror)
2026-06-15,AWS,us-east-1,inf2.8xlarge,AWS Inferentia2,1.0,spot,0.462575,0.462575,instances.vantage.sh (AWS Price List mirror)
2026-06-15,AWS,us-east-1,inf2.xlarge,AWS Inferentia2,1.0,ondemand,0.7582,0.7582,instances.vantage.sh (AWS Price List mirror)
2026-06-15,AWS,us-east-1,inf2.xlarge,AWS Inferentia2,1.0,spot,0.103725,0.103725,instances.vantage.sh (AWS Price List mirror)
2026-06-15,AWS,us-east-1,p2.16xlarge,K80,16.0,ondemand,14.4,0.9,instances.vantage.sh (AWS Price List mirror)
2026-06-15,AWS,us-east-1,p2.8xlarge,K80,8.0,ondemand,7.2,0.9,instances.vantage.sh (AWS Price List mirror)
2026-06-15,AWS,us-east-1,p2.xlarge,K80,1.0,ondemand,0.9,0.9,instances.vantage.sh (AWS Price List mirror)
2026-06-15,AWS,us-east-1,p3.16xlarge,V100,8.0,ondemand,24.48,3.06,instances.vantage.sh (AWS Price List mirror)
2026-06-15,AWS,us-east-1,p3.16xlarge,V100,8.0,spot,11.5076,1.43845,instances.vantage.sh (AWS Price List mirror)
2026-06-15,AWS,us-east-1,p3.2xlarge,V100,1.0,ondemand,3.06,3.06,instances.vantage.sh (AWS Price List mirror)
2026-06-15,AWS,us-east-1,p3.2xlarge,V100,1.0,spot,0.890725,0.890725,instances.vantage.sh (AWS Price List mirror)
2026-06-15,AWS,us-east-1,p3.8xlarge,V100,4.0,ondemand,12.24,3.06,instances.vantage.sh (AWS Price List mirror)
2026-06-15,AWS,us-east-1,p3.8xlarge,V100,4.0,spot,3.97955,0.9948875,instances.vantage.sh (AWS Price List mirror)
2026-06-15,AWS,us-east-1,p3dn.24xlarge,V100,8.0,ondemand,31.212,3.9015,instances.vantage.sh (AWS Price List mirror)
2026-06-15,AWS,us-east-1,p3dn.24xlarge,V100,8.0,spot,4.406,0.55075,instances.vantage.sh (AWS Price List mirror)
2026-06-15,AWS,us-east-1,p4d.24xlarge,A100,8.0,ondemand,21.957642,2.74470525,instances.vantage.sh (AWS Price List mirror)
2026-06-15,AWS,us-east-1,p4d.24xlarge,A100,8.0,spot,12.047575,1.505946875,instances.vantage.sh (AWS Price List mirror)
2026-06-15,AWS,us-east-1,p4de.24xlarge,A100,8.0,ondemand,27.44705,3.43088125,instances.vantage.sh (AWS Price List mirror)
2026-06-15,AWS,us-east-1,p4de.24xlarge,A100,8.0,spot,11.51095,1.43886875,instances.vantage.sh (AWS Price List mirror)
2026-06-15,AWS,us-east-1,p5.48xlarge,H100,8.0,ondemand,55.04,6.88,instances.vantage.sh (AWS Price List mirror)
2026-06-15,AWS,us-east-1,p5.48xlarge,H100,8.0,spot,25.377833,3.172229125,instances.vantage.sh (AWS Price List mirror)
2026-06-15,AWS,us-east-1,p5.4xlarge,H100,1.0,ondemand,6.88,6.88,instances.vantage.sh (AWS Price List mirror)
2026-06-15,AWS,us-east-1,p5.4xlarge,H100,1.0,spot,4.82772,4.82772,instances.vantage.sh (AWS Price List mirror)
2026-06-15,AWS,us-east-1,p5en.48xlarge,H200,8.0,ondemand,63.296,7.912,instances.vantage.sh (AWS Price List mirror)
2026-06-15,AWS,us-east-1,p5en.48xlarge,H200,8.0,spot,19.36295,2.42036875,instances.vantage.sh (AWS Price List mirror)
2026-06-15,AWS,us-east-1,p6-b200.48xlarge,B200,8.0,ondemand,113.9328,14.2416,instances.vantage.sh (AWS Price List mirror)
2026-06-15,AWS,us-east-1,p6-b200.48xlarge,B200,8.0,spot,21.2259,2.6532375,instances.vantage.sh (AWS Price List mirror)
2026-06-15,AWS,us-east-1,p6-b300.48xlarge,NVIDIA B300,8.0,ondemand,142.416,17.802,instances.vantage.sh (AWS Price List mirror)
2026-06-15,AWS,us-east-1,p6-b300.48xlarge,NVIDIA B300,8.0,spot,36.0609,4.5076125,instances.vantage.sh (AWS Price List mirror)
2026-06-15,AWS,us-east-1,trn1.2xlarge,AWS Inferentia,1.0,ondemand,1.34375,1.34375,instances.vantage.sh (AWS Price List mirror)
2026-06-15,AWS,us-east-1,trn1.2xlarge,AWS Inferentia,1.0,spot,0.7692,0.7692,instances.vantage.sh (AWS Price List mirror)
2026-06-15,AWS,us-east-1,trn1.32xlarge,AWS Inferentia,16.0,ondemand,21.5,1.34375,instances.vantage.sh (AWS Price List mirror)
2026-06-15,AWS,us-east-1,trn1.32xlarge,AWS Inferentia,16.0,spot,3.0472,0.19045,instances.vantage.sh (AWS Price List mirror)
2026-06-15,AWS,us-east-1,trn1n.32xlarge,AWS Inferentia,16.0,ondemand,24.78,1.54875,instances.vantage.sh (AWS Price List mirror)
2026-06-15,AWS,us-east-1,trn1n.32xlarge,AWS Inferentia,16.0,spot,2.726,0.170375,instances.vantage.sh (AWS Price List mirror)
2026-06-15,AWS,us-east-1-atl-1,g4dn.2xlarge,T4,1.0,ondemand,1.015,1.015,instances.vantage.sh (AWS Price List mirror)
2026-06-15,AWS,us-east-1-atl-1,p5.48xlarge,H100,8.0,ondemand,55.04,6.88,instances.vantage.sh (AWS Price List mirror)
2026-06-15,AWS,us-east-1-atl-1,p5en.48xlarge,H200,8.0,ondemand,63.296,7.912,instances.vantage.sh (AWS Price List mirror)
2026-06-15,AWS,us-east-1-atl-1,p6-b200.48xlarge,B200,8.0,ondemand,113.9328,14.2416,instances.vantage.sh (AWS Price List mirror)
2026-06-15,AWS,us-east-1-bos-1,g4dn.2xlarge,T4,1.0,ondemand,1.015,1.015,instances.vantage.sh (AWS Price List mirror)
2026-06-15,AWS,us-east-1-bos-1,g4dn.4xlarge,T4,1.0,ondemand,1.625,1.625,instances.vantage.sh (AWS Price List mirror)
2026-06-15,AWS,us-east-1-chi-1,g4dn.2xlarge,T4,1.0,ondemand,1.015,1.015,instances.vantage.sh (AWS Price List mirror)
2026-06-15,AWS,us-east-1-chi-1,g4dn.4xlarge,T4,1.0,ondemand,1.625,1.625,instances.vantage.sh (AWS Price List mirror)
2026-06-15,AWS,us-east-1-dfw-1,g4dn.2xlarge,T4,1.0,ondemand,1.015,1.015,instances.vantage.sh (AWS Price List mirror)
2026-06-15,AWS,us-east-1-dfw-1,g4dn.4xlarge,T4,1.0,ondemand,1.625,1.625,instances.vantage.sh (AWS Price List mirror)
2026-06-15,AWS,us-east-1-iah-1,g4dn.2xlarge,T4,1.0,ondemand,1.015,1.015,instances.vantage.sh (AWS Price List mirror)
2026-06-15,AWS,us-east-1-iah-1,g4dn.4xlarge,T4,1.0,ondemand,1.625,1.625,instances.vantage.sh (AWS Price List mirror)
2026-06-15,AWS,us-east-1-lim-1,g4dn.2xlarge,T4,1.0,ondemand,1.725,1.725,instances.vantage.sh (AWS Price List mirror)
2026-06-15,AWS,us-east-1-mci-1,g4dn.2xlarge,T4,1.0,ondemand,1.015,1.015,instances.vantage.sh (AWS Price List mirror)
2026-06-15,AWS,us-east-1-mia-1,g4dn.2xlarge,T4,1.0,ondemand,1.015,1.015,instances.vantage.sh (AWS Price List mirror)
2026-06-15,AWS,us-east-1-msp-1,g4dn.2xlarge,T4,1.0,ondemand,1.015,1.015,instances.vantage.sh (AWS Price List mirror)
2026-06-15,AWS,us-east-1-nyc-1,g4dn.2xlarge,T4,1.0,ondemand,1.015,1.015,instances.vantage.sh (AWS Price List mirror)
2026-06-15,AWS,us-east-1-nyc-1,g4dn.4xlarge,T4,1.0,ondemand,1.625,1.625,instances.vantage.sh (AWS Price List mirror)
2026-06-15,AWS,us-east-1-phl-1,g4dn.2xlarge,T4,1.0,ondemand,1.015,1.015,instances.vantage.sh (AWS Price List mirror)
2026-06-15,AWS,us-east-1-phl-1,g4dn.4xlarge,T4,1.0,ondemand,1.625,1.625,instances.vantage.sh (AWS Price List mirror)
2026-06-15,AWS,us-east-1-qro-1,g4dn.2xlarge,T4,1.0,ondemand,1.09,1.09,instances.vantage.sh (AWS Price List mirror)
2026-06-15,AWS,us-east-1-qro-1,g4dn.4xlarge,T4,1.0,ondemand,1.746,1.746,instances.vantage.sh (AWS Price List mirror)
2026-06-15,AWS,us-east-1-scl-1,g4dn.2xlarge,T4,1.0,ondemand,1.47,1.47,instances.vantage.sh (AWS Price List mirror)
2026-06-15,AWS,us-east-1-wl1,g4dn.2xlarge,T4,1.0,ondemand,1.317,1.317,instances.vantage.sh (AWS Price List mirror)
2026-06-15,AWS,us-east-1-wl1-atl1,g4dn.2xlarge,T4,1.0,ondemand,1.317,1.317,instances.vantage.sh (AWS Price List mirror)
2026-06-15,AWS,us-east-1-wl1-bna1,g4dn.2xlarge,T4,1.0,ondemand,1.317,1.317,instances.vantage.sh (AWS Price List mirror)
2026-06-15,AWS,us-east-1-wl1-chi1,g4dn.2xlarge,T4,1.0,ondemand,1.317,1.317,instances.vantage.sh (AWS Price List mirror)
2026-06-15,AWS,us-east-1-wl1-clt1,g4dn.2xlarge,T4,1.0,ondemand,1.317,1.317,instances.vantage.sh (AWS Price List mirror)
2026-06-15,AWS,us-east-1-wl1-dfw1,g4dn.2xlarge,T4,1.0,ondemand,1.317,1.317,instances.vantage.sh (AWS Price List mirror)
2026-06-15,AWS,us-east-1-wl1-dtw1,g4dn.2xlarge,T4,1.0,ondemand,1.317,1.317,instances.vantage.sh (AWS Price List mirror)
2026-06-15,AWS,us-east-1-wl1-iah1,g4dn.2xlarge,T4,1.0,ondemand,1.317,1.317,instances.vantage.sh (AWS Price List mirror)
2026-06-15,AWS,us-east-1-wl1-mia1,g4dn.2xlarge,T4,1.0,ondemand,1.317,1.317,instances.vantage.sh (AWS Price List mirror)
2026-06-15,AWS,us-east-1-wl1-msp1,g4dn.2xlarge,T4,1.0,ondemand,1.317,1.317,instances.vantage.sh (AWS Price List mirror)
2026-06-15,AWS,us-east-1-wl1-nyc1,g4dn.2xlarge,T4,1.0,ondemand,1.317,1.317,instances.vantage.sh (AWS Price List mirror)
2026-06-15,AWS,us-east-1-wl1-tpa1,g4dn.2xlarge,T4,1.0,ondemand,1.317,1.317,instances.vantage.sh (AWS Price List mirror)
2026-06-15,AWS,us-east-1-wl1-was1,g4dn.2xlarge,T4,1.0,ondemand,1.317,1.317,instances.vantage.sh (AWS Price List mirror)
2026-06-15,AWS,us-east-2,g3.16xlarge,M60,4.0,ondemand,4.56,1.14,instances.vantage.sh (AWS Price List mirror)
2026-06-15,AWS,us-east-2,g3.4xlarge,M60,1.0,ondemand,1.14,1.14,instances.vantage.sh (AWS Price List mirror)
2026-06-15,AWS,us-east-2,g3.8xlarge,M60,2.0,ondemand,2.28,1.14,instances.vantage.sh (AWS Price List mirror)
2026-06-15,AWS,us-east-2,g3s.xlarge,M60,1.0,ondemand,0.75,0.75,instances.vantage.sh (AWS Price List mirror)
2026-06-15,AWS,us-east-2,g4ad.16xlarge,V520,4.0,ondemand,3.468,0.867,instances.vantage.sh (AWS Price List mirror)
2026-06-15,AWS,us-east-2,g4ad.16xlarge,V520,4.0,spot,0.6623,0.165575,instances.vantage.sh (AWS Price List mirror)
2026-06-15,AWS,us-east-2,g4ad.2xlarge,V520,1.0,ondemand,0.54117,0.54117,instances.vantage.sh (AWS Price List mirror)
2026-06-15,AWS,us-east-2,g4ad.2xlarge,V520,1.0,spot,0.145367,0.145367,instances.vantage.sh (AWS Price List mirror)
2026-06-15,AWS,us-east-2,g4ad.4xlarge,V520,1.0,ondemand,0.867,0.867,instances.vantage.sh (AWS Price List mirror)
2026-06-15,AWS,us-east-2,g4ad.4xlarge,V520,1.0,spot,0.205167,0.205167,instances.vantage.sh (AWS Price List mirror)
2026-06-15,AWS,us-east-2,g4ad.8xlarge,V520,2.0,ondemand,1.734,0.867,instances.vantage.sh (AWS Price List mirror)
2026-06-15,AWS,us-east-2,g4ad.8xlarge,V520,2.0,spot,0.334667,0.1673335,instances.vantage.sh (AWS Price List mirror)
2026-06-15,AWS,us-east-2,g4ad.xlarge,V520,1.0,ondemand,0.37853,0.37853,instances.vantage.sh (AWS Price List mirror)
2026-06-15,AWS,us-east-2,g4ad.xlarge,V520,1.0,spot,0.0913,0.0913,instances.vantage.sh (AWS Price List mirror)
2026-06-15,AWS,us-east-2,g4dn.12xlarge,T4,4.0,ondemand,3.912,0.978,instances.vantage.sh (AWS Price List mirror)
2026-06-15,AWS,us-east-2,g4dn.12xlarge,T4,4.0,spot,1.101767,0.27544175,instances.vantage.sh (AWS Price List mirror)
2026-06-15,AWS,us-east-2,g4dn.16xlarge,T4,1.0,ondemand,4.352,4.352,instances.vantage.sh (AWS Price List mirror)
2026-06-15,AWS,us-east-2,g4dn.16xlarge,T4,1.0,spot,1.0668,1.0668,instances.vantage.sh (AWS Price List mirror)
2026-06-15,AWS,us-east-2,g4dn.2xlarge,T4,1.0,ondemand,0.752,0.752,instances.vantage.sh (AWS Price List mirror)
2026-06-15,AWS,us-east-2,g4dn.2xlarge,T4,1.0,spot,0.184433,0.184433,instances.vantage.sh (AWS Price List mirror)
2026-06-15,AWS,us-east-2,g4dn.4xlarge,T4,1.0,ondemand,1.204,1.204,instances.vantage.sh (AWS Price List mirror)
2026-06-15,AWS,us-east-2,g4dn.4xlarge,T4,1.0,spot,0.3327,0.3327,instances.vantage.sh (AWS Price List mirror)
2026-06-15,AWS,us-east-2,g4dn.8xlarge,T4,1.0,ondemand,2.176,2.176,instances.vantage.sh (AWS Price List mirror)
2026-06-15,AWS,us-east-2,g4dn.8xlarge,T4,1.0,spot,0.4188,0.4188,instances.vantage.sh (AWS Price List mirror)
2026-06-15,AWS,us-east-2,g4dn.metal,T4,8.0,ondemand,7.824,0.978,instances.vantage.sh (AWS Price List mirror)
2026-06-15,AWS,us-east-2,g4dn.metal,T4,8.0,spot,2.9619,0.3702375,instances.vantage.sh (AWS Price List mirror)
2026-06-15,AWS,us-east-2,g4dn.xlarge,T4,1.0,ondemand,0.526,0.526,instances.vantage.sh (AWS Price List mirror)
2026-06-15,AWS,us-east-2,g4dn.xlarge,T4,1.0,spot,0.1425,0.1425,instances.vantage.sh (AWS Price List mirror)
2026-06-15,AWS,us-east-2,g5.12xlarge,A10G,4.0,ondemand,5.672,1.418,instances.vantage.sh (AWS Price List mirror)
2026-06-15,AWS,us-east-2,g5.12xlarge,A10G,4.0,spot,2.4745,0.618625,instances.vantage.sh (AWS Price List mirror)
2026-06-15,AWS,us-east-2,g5.16xlarge,A10G,1.0,ondemand,4.096,4.096,instances.vantage.sh (AWS Price List mirror)
2026-06-15,AWS,us-east-2,g5.16xlarge,A10G,1.0,spot,0.966,0.966,instances.vantage.sh (AWS Price List mirror)
2026-06-15,AWS,us-east-2,g5.24xlarge,A10G,4.0,ondemand,8.144,2.036,instances.vantage.sh (AWS Price List mirror)
2026-06-15,AWS,us-east-2,g5.24xlarge,A10G,4.0,spot,2.7297,0.682425,instances.vantage.sh (AWS Price List mirror)
2026-06-15,AWS,us-east-2,g5.2xlarge,A10G,1.0,ondemand,1.212,1.212,instances.vantage.sh (AWS Price List mirror)
2026-06-15,AWS,us-east-2,g5.2xlarge,A10G,1.0,spot,0.3508,0.3508,instances.vantage.sh (AWS Price List mirror)
2026-06-15,AWS,us-east-2,g5.48xlarge,A10G,8.0,ondemand,16.288,2.036,instances.vantage.sh (AWS Price List mirror)
2026-06-15,AWS,us-east-2,g5.48xlarge,A10G,8.0,spot,5.3729,0.6716125,instances.vantage.sh (AWS Price List mirror)
2026-06-15,AWS,us-east-2,g5.4xlarge,A10G,1.0,ondemand,1.624,1.624,instances.vantage.sh (AWS Price List mirror)
2026-06-15,AWS,us-east-2,g5.4xlarge,A10G,1.0,spot,0.508333,0.508333,instances.vantage.sh (AWS Price List mirror)
2026-06-15,AWS,us-east-2,g5.8xlarge,A10G,1.0,ondemand,2.448,2.448,instances.vantage.sh (AWS Price List mirror)
2026-06-15,AWS,us-east-2,g5.8xlarge,A10G,1.0,spot,0.5733,0.5733,instances.vantage.sh (AWS Price List mirror)
2026-06-15,AWS,us-east-2,g5.xlarge,A10G,1.0,ondemand,1.006,1.006,instances.vantage.sh (AWS Price List mirror)
2026-06-15,AWS,us-east-2,g5.xlarge,A10G,1.0,spot,0.4132,0.4132,instances.vantage.sh (AWS Price List mirror)
2026-06-15,AWS,us-east-2,g6.12xlarge,L4,4.0,ondemand,4.6016,1.1504,instances.vantage.sh (AWS Price List mirror)
2026-06-15,AWS,us-east-2,g6.12xlarge,L4,4.0,spot,1.144333,0.28608325,instances.vantage.sh (AWS Price List mirror)
2026-06-15,AWS,us-east-2,g6.16xlarge,L4,1.0,ondemand,3.3968,3.3968,instances.vantage.sh (AWS Price List mirror)
2026-06-15,AWS,us-east-2,g6.16xlarge,L4,1.0,spot,0.875633,0.875633,instances.vantage.sh (AWS Price List mirror)
2026-06-15,AWS,us-east-2,g6.24xlarge,L4,4.0,ondemand,6.6752,1.6688,instances.vantage.sh (AWS Price List mirror)
2026-06-15,AWS,us-east-2,g6.24xlarge,L4,4.0,spot,1.609233,0.40230825,instances.vantage.sh (AWS Price List mirror)
2026-06-15,AWS,us-east-2,g6.2xlarge,L4,1.0,ondemand,0.9776,0.9776,instances.vantage.sh (AWS Price List mirror)
2026-06-15,AWS,us-east-2,g6.2xlarge,L4,1.0,spot,0.288367,0.288367,instances.vantage.sh (AWS Price List mirror)
2026-06-15,AWS,us-east-2,g6.48xlarge,L4,8.0,ondemand,13.3504,1.6688,instances.vantage.sh (AWS Price List mirror)
2026-06-15,AWS,us-east-2,g6.48xlarge,L4,8.0,spot,3.230467,0.403808375,instances.vantage.sh (AWS Price List mirror)
2026-06-15,AWS,us-east-2,g6.4xlarge,L4,1.0,ondemand,1.3232,1.3232,instances.vantage.sh (AWS Price List mirror)
2026-06-15,AWS,us-east-2,g6.4xlarge,L4,1.0,spot,0.424233,0.424233,instances.vantage.sh (AWS Price List mirror)
2026-06-15,AWS,us-east-2,g6.8xlarge,L4,1.0,ondemand,2.0144,2.0144,instances.vantage.sh (AWS Price List mirror)
2026-06-15,AWS,us-east-2,g6.8xlarge,L4,1.0,spot,0.458567,0.458567,instances.vantage.sh (AWS Price List mirror)
2026-06-15,AWS,us-east-2,g6.xlarge,L4,1.0,ondemand,0.8048,0.8048,instances.vantage.sh (AWS Price List mirror)
2026-06-15,AWS,us-east-2,g6.xlarge,L4,1.0,spot,0.199733,0.199733,instances.vantage.sh (AWS Price List mirror)
2026-06-15,AWS,us-east-2,g6e.12xlarge,L40S,4.0,ondemand,10.49264,2.62316,instances.vantage.sh (AWS Price List mirror)
2026-06-15,AWS,us-east-2,g6e.12xlarge,L40S,4.0,spot,1.807367,0.45184175,instances.vantage.sh (AWS Price List mirror)
2026-06-15,AWS,us-east-2,g6e.16xlarge,L40S,1.0,ondemand,7.57719,7.57719,instances.vantage.sh (AWS Price List mirror)
2026-06-15,AWS,us-east-2,g6e.16xlarge,L40S,1.0,spot,1.214833,1.214833,instances.vantage.sh (AWS Price List mirror)
2026-06-15,AWS,us-east-2,g6e.24xlarge,L40S,4.0,ondemand,15.06559,3.7663975,instances.vantage.sh (AWS Price List mirror)
2026-06-15,AWS,us-east-2,g6e.24xlarge,L40S,4.0,spot,2.564367,0.64109175,instances.vantage.sh (AWS Price List mirror)
2026-06-15,AWS,us-east-2,g6e.2xlarge,L40S,1.0,ondemand,2.24208,2.24208,instances.vantage.sh (AWS Price List mirror)
2026-06-15,AWS,us-east-2,g6e.2xlarge,L40S,1.0,spot,0.530933,0.530933,instances.vantage.sh (AWS Price List mirror)
2026-06-15,AWS,us-east-2,g6e.48xlarge,L40S,8.0,ondemand,30.13118,3.7663975,instances.vantage.sh (AWS Price List mirror)
2026-06-15,AWS,us-east-2,g6e.48xlarge,L40S,8.0,spot,5.951467,0.743933375,instances.vantage.sh (AWS Price List mirror)
2026-06-15,AWS,us-east-2,g6e.4xlarge,L40S,1.0,ondemand,3.00424,3.00424,instances.vantage.sh (AWS Price List mirror)
2026-06-15,AWS,us-east-2,g6e.4xlarge,L40S,1.0,spot,0.886333,0.886333,instances.vantage.sh (AWS Price List mirror)
2026-06-15,AWS,us-east-2,g6e.8xlarge,L40S,1.0,ondemand,4.52856,4.52856,instances.vantage.sh (AWS Price List mirror)
2026-06-15,AWS,us-east-2,g6e.8xlarge,L40S,1.0,spot,1.323267,1.323267,instances.vantage.sh (AWS Price List mirror)
2026-06-15,AWS,us-east-2,g6e.xlarge,L40S,1.0,ondemand,1.861,1.861,instances.vantage.sh (AWS Price List mirror)
2026-06-15,AWS,us-east-2,g6e.xlarge,L40S,1.0,spot,0.463067,0.463067,instances.vantage.sh (AWS Price List mirror)
2026-06-15,AWS,us-east-2,g6f.2xlarge,L4,0.25,ondemand,0.475,1.9,instances.vantage.sh (AWS Price List mirror)
2026-06-15,AWS,us-east-2,g6f.2xlarge,L4,0.25,spot,0.098967,0.395868,instances.vantage.sh (AWS Price List mirror)
2026-06-15,AWS,us-east-2,g6f.4xlarge,L4,0.5,ondemand,0.95,1.9,instances.vantage.sh (AWS Price List mirror)
2026-06-15,AWS,us-east-2,g6f.4xlarge,L4,0.5,spot,0.390633,0.781266,instances.vantage.sh (AWS Price List mirror)
2026-06-15,AWS,us-east-2,g6f.large,L4,0.125,ondemand,0.202,1.616,instances.vantage.sh (AWS Price List mirror)
2026-06-15,AWS,us-east-2,g6f.large,L4,0.125,spot,0.051267,0.410136,instances.vantage.sh (AWS Price List mirror)
2026-06-15,AWS,us-east-2,g6f.xlarge,L4,0.125,ondemand,0.2375,1.9,instances.vantage.sh (AWS Price List mirror)
2026-06-15,AWS,us-east-2,g6f.xlarge,L4,0.125,spot,0.075267,0.602136,instances.vantage.sh (AWS Price List mirror)
2026-06-15,AWS,us-east-2,g7e.12xlarge,NVIDIA GB202,2.0,ondemand,8.28608,4.14304,instances.vantage.sh (AWS Price List mirror)
2026-06-15,AWS,us-east-2,g7e.12xlarge,NVIDIA GB202,2.0,spot,2.80555,1.402775,instances.vantage.sh (AWS Price List mirror)
2026-06-15,AWS,us-east-2,g7e.24xlarge,NVIDIA GB202,4.0,ondemand,16.57216,4.14304,instances.vantage.sh (AWS Price List mirror)
2026-06-15,AWS,us-east-2,g7e.24xlarge,NVIDIA GB202,4.0,spot,4.9504,1.2376,instances.vantage.sh (AWS Price List mirror)
2026-06-15,AWS,us-east-2,g7e.2xlarge,NVIDIA GB202,1.0,ondemand,3.36312,3.36312,instances.vantage.sh (AWS Price List mirror)
2026-06-15,AWS,us-east-2,g7e.2xlarge,NVIDIA GB202,1.0,spot,1.18025,1.18025,instances.vantage.sh (AWS Price List mirror)
2026-06-15,AWS,us-east-2,g7e.48xlarge,NVIDIA GB202,8.0,ondemand,33.14432,4.14304,instances.vantage.sh (AWS Price List mirror)
2026-06-15,AWS,us-east-2,g7e.48xlarge,NVIDIA GB202,8.0,spot,11.63355,1.45419375,instances.vantage.sh (AWS Price List mirror)
2026-06-15,AWS,us-east-2,g7e.4xlarge,NVIDIA GB202,1.0,ondemand,3.99816,3.99816,instances.vantage.sh (AWS Price List mirror)
2026-06-15,AWS,us-east-2,g7e.4xlarge,NVIDIA GB202,1.0,spot,1.92015,1.92015,instances.vantage.sh (AWS Price List mirror)
2026-06-15,AWS,us-east-2,g7e.8xlarge,NVIDIA GB202,1.0,ondemand,5.26824,5.26824,instances.vantage.sh (AWS Price List mirror)
2026-06-15,AWS,us-east-2,g7e.8xlarge,NVIDIA GB202,1.0,spot,1.9196,1.9196,instances.vantage.sh (AWS Price List mirror)
2026-06-15,AWS,us-east-2,gr6.4xlarge,L4,1.0,ondemand,1.5392,1.5392,instances.vantage.sh (AWS Price List mirror)
2026-06-15,AWS,us-east-2,gr6.4xlarge,L4,1.0,spot,0.2837,0.2837,instances.vantage.sh (AWS Price List mirror)
2026-06-15,AWS,us-east-2,gr6.8xlarge,L4,1.0,ondemand,2.4464,2.4464,instances.vantage.sh (AWS Price List mirror)
2026-06-15,AWS,us-east-2,gr6.8xlarge,L4,1.0,spot,0.461333,0.461333,instances.vantage.sh (AWS Price List mirror)
2026-06-15,AWS,us-east-2,gr6f.4xlarge,L4,0.5,ondemand,1.066,2.132,instances.vantage.sh (AWS Price List mirror)
2026-06-15,AWS,us-east-2,gr6f.4xlarge,L4,0.5,spot,0.404967,0.809934,instances.vantage.sh (AWS Price List mirror)
2026-06-15,AWS,us-east-2,inf1.24xlarge,AWS Inferentia,16.0,ondemand,4.721,0.2950625,instances.vantage.sh (AWS Price List mirror)
2026-06-15,AWS,us-east-2,inf1.24xlarge,AWS Inferentia,16.0,spot,0.4721,0.02950625,instances.vantage.sh (AWS Price List mirror)
2026-06-15,AWS,us-east-2,inf1.2xlarge,AWS Inferentia,1.0,ondemand,0.362,0.362,instances.vantage.sh (AWS Price List mirror)
2026-06-15,AWS,us-east-2,inf1.2xlarge,AWS Inferentia,1.0,spot,0.071033,0.071033,instances.vantage.sh (AWS Price List mirror)
2026-06-15,AWS,us-east-2,inf1.6xlarge,AWS Inferentia,4.0,ondemand,1.18,0.295,instances.vantage.sh (AWS Price List mirror)
2026-06-15,AWS,us-east-2,inf1.6xlarge,AWS Inferentia,4.0,spot,0.260567,0.06514175,instances.vantage.sh (AWS Price List mirror)
2026-06-15,AWS,us-east-2,inf1.xlarge,AWS Inferentia,1.0,ondemand,0.228,0.228,instances.vantage.sh (AWS Price List mirror)
2026-06-15,AWS,us-east-2,inf1.xlarge,AWS Inferentia,1.0,spot,0.0259,0.0259,instances.vantage.sh (AWS Price List mirror)
2026-06-15,AWS,us-east-2,inf2.24xlarge,AWS Inferentia2,6.0,ondemand,6.49063,1.0817716666666668,instances.vantage.sh (AWS Price List mirror)
2026-06-15,AWS,us-east-2,inf2.24xlarge,AWS Inferentia2,6.0,spot,0.6491,0.10818333333333334,instances.vantage.sh (AWS Price List mirror)
2026-06-15,AWS,us-east-2,inf2.48xlarge,AWS Inferentia2,12.0,ondemand,12.98127,1.0817725,instances.vantage.sh (AWS Price List mirror)
2026-06-15,AWS,us-east-2,inf2.48xlarge,AWS Inferentia2,12.0,spot,1.2981,0.10817500000000001,instances.vantage.sh (AWS Price List mirror)
2026-06-15,AWS,us-east-2,inf2.8xlarge,AWS Inferentia2,1.0,ondemand,1.96786,1.96786,instances.vantage.sh (AWS Price List mirror)
2026-06-15,AWS,us-east-2,inf2.8xlarge,AWS Inferentia2,1.0,spot,0.324,0.324,instances.vantage.sh (AWS Price List mirror)
2026-06-15,AWS,us-east-2,inf2.xlarge,AWS Inferentia2,1.0,ondemand,0.7582,0.7582,instances.vantage.sh (AWS Price List mirror)
2026-06-15,AWS,us-east-2,inf2.xlarge,AWS Inferentia2,1.0,spot,0.0758,0.0758,instances.vantage.sh (AWS Price List mirror)
2026-06-15,AWS,us-east-2,p2.16xlarge,K80,16.0,ondemand,14.4,0.9,instances.vantage.sh (AWS Price List mirror)
2026-06-15,AWS,us-east-2,p2.8xlarge,K80,8.0,ondemand,7.2,0.9,instances.vantage.sh (AWS Price List mirror)
2026-06-15,AWS,us-east-2,p2.xlarge,K80,1.0,ondemand,0.9,0.9,instances.vantage.sh (AWS Price List mirror)
2026-06-15,AWS,us-east-2,p3.16xlarge,V100,8.0,ondemand,24.48,3.06,instances.vantage.sh (AWS Price List mirror)
2026-06-15,AWS,us-east-2,p3.16xlarge,V100,8.0,spot,14.1719,1.7714875,instances.vantage.sh (AWS Price List mirror)
2026-06-15,AWS,us-east-2,p3.2xlarge,V100,1.0,ondemand,3.06,3.06,instances.vantage.sh (AWS Price List mirror)
2026-06-15,AWS,us-east-2,p3.2xlarge,V100,1.0,spot,0.7881,0.7881,instances.vantage.sh (AWS Price List mirror)
2026-06-15,AWS,us-east-2,p3.8xlarge,V100,4.0,ondemand,12.24,3.06,instances.vantage.sh (AWS Price List mirror)
2026-06-15,AWS,us-east-2,p3.8xlarge,V100,4.0,spot,3.19885,0.7997125,instances.vantage.sh (AWS Price List mirror)
2026-06-15,AWS,us-east-2,p4d.24xlarge,A100,8.0,ondemand,21.95764,2.744705,instances.vantage.sh (AWS Price List mirror)
2026-06-15,AWS,us-east-2,p4d.24xlarge,A100,8.0,spot,11.692533,1.461566625,instances.vantage.sh (AWS Price List mirror)
2026-06-15,AWS,us-east-2,p5.48xlarge,H100,8.0,ondemand,55.04,6.88,instances.vantage.sh (AWS Price List mirror)
2026-06-15,AWS,us-east-2,p5.48xlarge,H100,8.0,spot,7.7628,0.97035,instances.vantage.sh (AWS Price List mirror)
2026-06-15,AWS,us-east-2,p5.4xlarge,H100,1.0,ondemand,6.88,6.88,instances.vantage.sh (AWS Price List mirror)
2026-06-15,AWS,us-east-2,p5.4xlarge,H100,1.0,spot,6.057,6.057,instances.vantage.sh (AWS Price List mirror)
2026-06-15,AWS,us-east-2,p5en.48xlarge,H200,8.0,ondemand,63.296,7.912,instances.vantage.sh (AWS Price List mirror)
2026-06-15,AWS,us-east-2,p5en.48xlarge,H200,8.0,spot,15.379533,1.922441625,instances.vantage.sh (AWS Price List mirror)
2026-06-15,AWS,us-east-2,p6-b200.48xlarge,B200,8.0,ondemand,113.9328,14.2416,instances.vantage.sh (AWS Price List mirror)
2026-06-15,AWS,us-east-2,p6-b200.48xlarge,B200,8.0,spot,25.857033,3.232129125,instances.vantage.sh (AWS Price List mirror)
2026-06-15,AWS,us-east-2,trn1.2xlarge,AWS Inferentia,1.0,ondemand,1.34375,1.34375,instances.vantage.sh (AWS Price List mirror)
2026-06-15,AWS,us-east-2,trn1.2xlarge,AWS Inferentia,1.0,spot,0.1344,0.1344,instances.vantage.sh (AWS Price List mirror)
2026-06-15,AWS,us-east-2,trn1.32xlarge,AWS Inferentia,16.0,ondemand,21.5,1.34375,instances.vantage.sh (AWS Price List mirror)
2026-06-15,AWS,us-east-2,trn1.32xlarge,AWS Inferentia,16.0,spot,2.15,0.134375,instances.vantage.sh (AWS Price List mirror)
2026-06-15,AWS,us-east-2,trn1n.32xlarge,AWS Inferentia,16.0,ondemand,24.78,1.54875,instances.vantage.sh (AWS Price List mirror)
2026-06-15,AWS,us-east-2,trn1n.32xlarge,AWS Inferentia,16.0,spot,2.478,0.154875,instances.vantage.sh (AWS Price List mirror)
2026-06-15,AWS,us-gov-east-1,g4dn.12xlarge,T4,4.0,ondemand,4.931,1.23275,instances.vantage.sh (AWS Price List mirror)
2026-06-15,AWS,us-gov-east-1,g4dn.16xlarge,T4,1.0,ondemand,5.486,5.486,instances.vantage.sh (AWS Price List mirror)
2026-06-15,AWS,us-gov-east-1,g4dn.2xlarge,T4,1.0,ondemand,0.948,0.948,instances.vantage.sh (AWS Price List mirror)
2026-06-15,AWS,us-gov-east-1,g4dn.4xlarge,T4,1.0,ondemand,1.518,1.518,instances.vantage.sh (AWS Price List mirror)
2026-06-15,AWS,us-gov-east-1,g4dn.8xlarge,T4,1.0,ondemand,2.743,2.743,instances.vantage.sh (AWS Price List mirror)
2026-06-15,AWS,us-gov-east-1,g4dn.xlarge,T4,1.0,ondemand,0.663,0.663,instances.vantage.sh (AWS Price List mirror)
2026-06-15,AWS,us-gov-east-1,g6.12xlarge,L4,4.0,ondemand,5.80003,1.4500075,instances.vantage.sh (AWS Price List mirror)
2026-06-15,AWS,us-gov-east-1,g6.16xlarge,L4,1.0,ondemand,4.28145,4.28145,instances.vantage.sh (AWS Price List mirror)
2026-06-15,AWS,us-gov-east-1,g6.24xlarge,L4,4.0,ondemand,8.41367,2.1034175,instances.vantage.sh (AWS Price List mirror)
2026-06-15,AWS,us-gov-east-1,g6.2xlarge,L4,1.0,ondemand,1.2322,1.2322,instances.vantage.sh (AWS Price List mirror)
2026-06-15,AWS,us-gov-east-1,g6.48xlarge,L4,8.0,ondemand,16.82734,2.1034175,instances.vantage.sh (AWS Price List mirror)
2026-06-15,AWS,us-gov-east-1,g6.4xlarge,L4,1.0,ondemand,1.66781,1.66781,instances.vantage.sh (AWS Price List mirror)
2026-06-15,AWS,us-gov-east-1,g6.8xlarge,L4,1.0,ondemand,2.53903,2.53903,instances.vantage.sh (AWS Price List mirror)
2026-06-15,AWS,us-gov-east-1,g6.xlarge,L4,1.0,ondemand,1.0144,1.0144,instances.vantage.sh (AWS Price List mirror)
2026-06-15,AWS,us-gov-east-1,gr6.4xlarge,L4,1.0,ondemand,1.9401,1.9401,instances.vantage.sh (AWS Price List mirror)
2026-06-15,AWS,us-gov-east-1,gr6.8xlarge,L4,1.0,ondemand,3.08359,3.08359,instances.vantage.sh (AWS Price List mirror)
2026-06-15,AWS,us-gov-east-1,inf1.24xlarge,AWS Inferentia,16.0,ondemand,5.953,0.3720625,instances.vantage.sh (AWS Price List mirror)
2026-06-15,AWS,us-gov-east-1,inf1.2xlarge,AWS Inferentia,1.0,ondemand,0.456,0.456,instances.vantage.sh (AWS Price List mirror)
2026-06-15,AWS,us-gov-east-1,inf1.6xlarge,AWS Inferentia,4.0,ondemand,1.488,0.372,instances.vantage.sh (AWS Price List mirror)
2026-06-15,AWS,us-gov-east-1,inf1.xlarge,AWS Inferentia,1.0,ondemand,0.288,0.288,instances.vantage.sh (AWS Price List mirror)
2026-06-15,AWS,us-gov-east-1,p3dn.24xlarge,V100,8.0,ondemand,37.454,4.68175,instances.vantage.sh (AWS Price List mirror)
2026-06-15,AWS,us-gov-east-1,p6-b200.48xlarge,B200,8.0,ondemand,136.71936,17.08992,instances.vantage.sh (AWS Price List mirror)
2026-06-15,AWS,us-gov-east-1,p6-b300.48xlarge,NVIDIA B300,8.0,ondemand,170.9,21.3625,instances.vantage.sh (AWS Price List mirror)
2026-06-15,AWS,us-gov-west-1,g3.16xlarge,M60,4.0,ondemand,5.28,1.32,instances.vantage.sh (AWS Price List mirror)
2026-06-15,AWS,us-gov-west-1,g3.4xlarge,M60,1.0,ondemand,1.32,1.32,instances.vantage.sh (AWS Price List mirror)
2026-06-15,AWS,us-gov-west-1,g3.8xlarge,M60,2.0,ondemand,2.64,1.32,instances.vantage.sh (AWS Price List mirror)
2026-06-15,AWS,us-gov-west-1,g3s.xlarge,M60,1.0,ondemand,0.868,0.868,instances.vantage.sh (AWS Price List mirror)
2026-06-15,AWS,us-gov-west-1,g4dn.12xlarge,T4,4.0,ondemand,4.931,1.23275,instances.vantage.sh (AWS Price List mirror)
2026-06-15,AWS,us-gov-west-1,g4dn.16xlarge,T4,1.0,ondemand,5.486,5.486,instances.vantage.sh (AWS Price List mirror)
2026-06-15,AWS,us-gov-west-1,g4dn.2xlarge,T4,1.0,ondemand,0.948,0.948,instances.vantage.sh (AWS Price List mirror)
2026-06-15,AWS,us-gov-west-1,g4dn.4xlarge,T4,1.0,ondemand,1.518,1.518,instances.vantage.sh (AWS Price List mirror)
2026-06-15,AWS,us-gov-west-1,g4dn.8xlarge,T4,1.0,ondemand,2.743,2.743,instances.vantage.sh (AWS Price List mirror)
2026-06-15,AWS,us-gov-west-1,g4dn.metal,T4,8.0,ondemand,9.862,1.23275,instances.vantage.sh (AWS Price List mirror)
2026-06-15,AWS,us-gov-west-1,g4dn.xlarge,T4,1.0,ondemand,0.663,0.663,instances.vantage.sh (AWS Price List mirror)
2026-06-15,AWS,us-gov-west-1,g6.12xlarge,L4,4.0,ondemand,5.80003,1.4500075,instances.vantage.sh (AWS Price List mirror)
2026-06-15,AWS,us-gov-west-1,g6.16xlarge,L4,1.0,ondemand,4.28145,4.28145,instances.vantage.sh (AWS Price List mirror)
2026-06-15,AWS,us-gov-west-1,g6.24xlarge,L4,4.0,ondemand,8.41367,2.1034175,instances.vantage.sh (AWS Price List mirror)
2026-06-15,AWS,us-gov-west-1,g6.2xlarge,L4,1.0,ondemand,1.2322,1.2322,instances.vantage.sh (AWS Price List mirror)
2026-06-15,AWS,us-gov-west-1,g6.48xlarge,L4,8.0,ondemand,16.82734,2.1034175,instances.vantage.sh (AWS Price List mirror)
2026-06-15,AWS,us-gov-west-1,g6.4xlarge,L4,1.0,ondemand,1.66781,1.66781,instances.vantage.sh (AWS Price List mirror)
2026-06-15,AWS,us-gov-west-1,g6.8xlarge,L4,1.0,ondemand,2.53903,2.53903,instances.vantage.sh (AWS Price List mirror)
2026-06-15,AWS,us-gov-west-1,g6.xlarge,L4,1.0,ondemand,1.0144,1.0144,instances.vantage.sh (AWS Price List mirror)
2026-06-15,AWS,us-gov-west-1,gr6.4xlarge,L4,1.0,ondemand,1.9401,1.9401,instances.vantage.sh (AWS Price List mirror)
2026-06-15,AWS,us-gov-west-1,gr6.8xlarge,L4,1.0,ondemand,3.08359,3.08359,instances.vantage.sh (AWS Price List mirror)
2026-06-15,AWS,us-gov-west-1,inf1.24xlarge,AWS Inferentia,16.0,ondemand,5.953,0.3720625,instances.vantage.sh (AWS Price List mirror)
2026-06-15,AWS,us-gov-west-1,inf1.2xlarge,AWS Inferentia,1.0,ondemand,0.456,0.456,instances.vantage.sh (AWS Price List mirror)
2026-06-15,AWS,us-gov-west-1,inf1.6xlarge,AWS Inferentia,4.0,ondemand,1.488,0.372,instances.vantage.sh (AWS Price List mirror)
2026-06-15,AWS,us-gov-west-1,inf1.xlarge,AWS Inferentia,1.0,ondemand,0.288,0.288,instances.vantage.sh (AWS Price List mirror)
2026-06-15,AWS,us-gov-west-1,p2.16xlarge,K80,16.0,ondemand,17.28,1.08,instances.vantage.sh (AWS Price List mirror)
2026-06-15,AWS,us-gov-west-1,p2.8xlarge,K80,8.0,ondemand,8.64,1.08,instances.vantage.sh (AWS Price List mirror)
2026-06-15,AWS,us-gov-west-1,p2.xlarge,K80,1.0,ondemand,1.08,1.08,instances.vantage.sh (AWS Price List mirror)
2026-06-15,AWS,us-gov-west-1,p3.16xlarge,V100,8.0,ondemand,29.376,3.672,instances.vantage.sh (AWS Price List mirror)
2026-06-15,AWS,us-gov-west-1,p3.2xlarge,V100,1.0,ondemand,3.672,3.672,instances.vantage.sh (AWS Price List mirror)
2026-06-15,AWS,us-gov-west-1,p3.8xlarge,V100,4.0,ondemand,14.688,3.672,instances.vantage.sh (AWS Price List mirror)
2026-06-15,AWS,us-gov-west-1,p3dn.24xlarge,V100,8.0,ondemand,37.454,4.68175,instances.vantage.sh (AWS Price List mirror)
2026-06-15,AWS,us-gov-west-1,p4d.24xlarge,A100,8.0,ondemand,26.3511,3.2938875,instances.vantage.sh (AWS Price List mirror)
2026-06-15,AWS,us-gov-west-1,p5.48xlarge,H100,8.0,ondemand,66.048,8.256,instances.vantage.sh (AWS Price List mirror)
2026-06-15,AWS,us-gov-west-1,p5.4xlarge,H100,1.0,ondemand,8.256,8.256,instances.vantage.sh (AWS Price List mirror)
2026-06-15,AWS,us-gov-west-1,p5en.48xlarge,H200,8.0,ondemand,75.9552,9.4944,instances.vantage.sh (AWS Price List mirror)
2026-06-15,AWS,us-gov-west-1,p6-b200.48xlarge,B200,8.0,ondemand,136.71936,17.08992,instances.vantage.sh (AWS Price List mirror)
2026-06-15,AWS,us-west-1,g2.2xlarge,K520,1.0,ondemand,0.702,0.702,instances.vantage.sh (AWS Price List mirror)
2026-06-15,AWS,us-west-1,g2.8xlarge,K520,4.0,ondemand,2.808,0.702,instances.vantage.sh (AWS Price List mirror)
2026-06-15,AWS,us-west-1,g3.16xlarge,M60,4.0,ondemand,6.136,1.534,instances.vantage.sh (AWS Price List mirror)
2026-06-15,AWS,us-west-1,g3.4xlarge,M60,1.0,ondemand,1.534,1.534,instances.vantage.sh (AWS Price List mirror)
2026-06-15,AWS,us-west-1,g3.8xlarge,M60,2.0,ondemand,3.068,1.534,instances.vantage.sh (AWS Price List mirror)
2026-06-15,AWS,us-west-1,g4dn.12xlarge,T4,4.0,ondemand,4.694,1.1735,instances.vantage.sh (AWS Price List mirror)
2026-06-15,AWS,us-west-1,g4dn.12xlarge,T4,4.0,spot,1.7855,0.446375,instances.vantage.sh (AWS Price List mirror)
2026-06-15,AWS,us-west-1,g4dn.16xlarge,T4,1.0,ondemand,5.222,5.222,instances.vantage.sh (AWS Price List mirror)
2026-06-15,AWS,us-west-1,g4dn.16xlarge,T4,1.0,spot,1.55195,1.55195,instances.vantage.sh (AWS Price List mirror)
2026-06-15,AWS,us-west-1,g4dn.2xlarge,T4,1.0,ondemand,0.902,0.902,instances.vantage.sh (AWS Price List mirror)
2026-06-15,AWS,us-west-1,g4dn.2xlarge,T4,1.0,spot,0.5053,0.5053,instances.vantage.sh (AWS Price List mirror)
2026-06-15,AWS,us-west-1,g4dn.4xlarge,T4,1.0,ondemand,1.445,1.445,instances.vantage.sh (AWS Price List mirror)
2026-06-15,AWS,us-west-1,g4dn.4xlarge,T4,1.0,spot,0.95565,0.95565,instances.vantage.sh (AWS Price List mirror)
2026-06-15,AWS,us-west-1,g4dn.8xlarge,T4,1.0,ondemand,2.611,2.611,instances.vantage.sh (AWS Price List mirror)
2026-06-15,AWS,us-west-1,g4dn.8xlarge,T4,1.0,spot,0.9319,0.9319,instances.vantage.sh (AWS Price List mirror)
2026-06-15,AWS,us-west-1,g4dn.metal,T4,8.0,ondemand,9.389,1.173625,instances.vantage.sh (AWS Price List mirror)
2026-06-15,AWS,us-west-1,g4dn.metal,T4,8.0,spot,3.54605,0.44325625,instances.vantage.sh (AWS Price List mirror)
2026-06-15,AWS,us-west-1,g4dn.xlarge,T4,1.0,ondemand,0.631,0.631,instances.vantage.sh (AWS Price List mirror)
2026-06-15,AWS,us-west-1,g4dn.xlarge,T4,1.0,spot,0.36795,0.36795,instances.vantage.sh (AWS Price List mirror)
2026-06-15,AWS,us-west-1,inf1.24xlarge,AWS Inferentia,16.0,ondemand,5.671,0.3544375,instances.vantage.sh (AWS Price List mirror)
2026-06-15,AWS,us-west-1,inf1.24xlarge,AWS Inferentia,16.0,spot,1.14605,0.071628125,instances.vantage.sh (AWS Price List mirror)
2026-06-15,AWS,us-west-1,inf1.2xlarge,AWS Inferentia,1.0,ondemand,0.435,0.435,instances.vantage.sh (AWS Price List mirror)
2026-06-15,AWS,us-west-1,inf1.2xlarge,AWS Inferentia,1.0,spot,0.1117,0.1117,instances.vantage.sh (AWS Price List mirror)
2026-06-15,AWS,us-west-1,inf1.6xlarge,AWS Inferentia,4.0,ondemand,1.418,0.3545,instances.vantage.sh (AWS Price List mirror)
2026-06-15,AWS,us-west-1,inf1.6xlarge,AWS Inferentia,4.0,spot,0.2639,0.065975,instances.vantage.sh (AWS Price List mirror)
2026-06-15,AWS,us-west-1,inf1.xlarge,AWS Inferentia,1.0,ondemand,0.274,0.274,instances.vantage.sh (AWS Price List mirror)
2026-06-15,AWS,us-west-1,inf1.xlarge,AWS Inferentia,1.0,spot,0.0677,0.0677,instances.vantage.sh (AWS Price List mirror)
2026-06-15,AWS,us-west-1,p5.48xlarge,H100,8.0,ondemand,68.8,8.6,instances.vantage.sh (AWS Price List mirror)
2026-06-15,AWS,us-west-1,p5.48xlarge,H100,8.0,spot,43.3989,5.4248625,instances.vantage.sh (AWS Price List mirror)
2026-06-15,AWS,us-west-1,p5en.48xlarge,H200,8.0,ondemand,79.12,9.89,instances.vantage.sh (AWS Price List mirror)
2026-06-15,AWS,us-west-1,p5en.48xlarge,H200,8.0,spot,79.12,9.89,instances.vantage.sh (AWS Price List mirror)
2026-06-15,AWS,us-west-2,dl2q.24xlarge,Qualcomm AI 100 Accelerators,8.0,ondemand,8.9194,1.114925,instances.vantage.sh (AWS Price List mirror)
2026-06-15,AWS,us-west-2,dl2q.24xlarge,Qualcomm AI 100 Accelerators,8.0,spot,4.8963,0.6120375,instances.vantage.sh (AWS Price List mirror)
2026-06-15,AWS,us-west-2,g2.2xlarge,K520,1.0,ondemand,0.65,0.65,instances.vantage.sh (AWS Price List mirror)
2026-06-15,AWS,us-west-2,g2.8xlarge,K520,4.0,ondemand,2.6,0.65,instances.vantage.sh (AWS Price List mirror)
2026-06-15,AWS,us-west-2,g3.16xlarge,M60,4.0,ondemand,4.56,1.14,instances.vantage.sh (AWS Price List mirror)
2026-06-15,AWS,us-west-2,g3.4xlarge,M60,1.0,ondemand,1.14,1.14,instances.vantage.sh (AWS Price List mirror)
2026-06-15,AWS,us-west-2,g3.8xlarge,M60,2.0,ondemand,2.28,1.14,instances.vantage.sh (AWS Price List mirror)
2026-06-15,AWS,us-west-2,g3s.xlarge,M60,1.0,ondemand,0.75,0.75,instances.vantage.sh (AWS Price List mirror)
2026-06-15,AWS,us-west-2,g4ad.16xlarge,V520,4.0,ondemand,3.468,0.867,instances.vantage.sh (AWS Price List mirror)
2026-06-15,AWS,us-west-2,g4ad.16xlarge,V520,4.0,spot,1.2695,0.317375,instances.vantage.sh (AWS Price List mirror)
2026-06-15,AWS,us-west-2,g4ad.2xlarge,V520,1.0,ondemand,0.54117,0.54117,instances.vantage.sh (AWS Price List mirror)
2026-06-15,AWS,us-west-2,g4ad.2xlarge,V520,1.0,spot,0.242133,0.242133,instances.vantage.sh (AWS Price List mirror)
2026-06-15,AWS,us-west-2,g4ad.4xlarge,V520,1.0,ondemand,0.867,0.867,instances.vantage.sh (AWS Price List mirror)
2026-06-15,AWS,us-west-2,g4ad.4xlarge,V520,1.0,spot,0.337767,0.337767,instances.vantage.sh (AWS Price List mirror)
2026-06-15,AWS,us-west-2,g4ad.8xlarge,V520,2.0,ondemand,1.734,0.867,instances.vantage.sh (AWS Price List mirror)
2026-06-15,AWS,us-west-2,g4ad.8xlarge,V520,2.0,spot,0.603333,0.3016665,instances.vantage.sh (AWS Price List mirror)
2026-06-15,AWS,us-west-2,g4ad.xlarge,V520,1.0,ondemand,0.37853,0.37853,instances.vantage.sh (AWS Price List mirror)
2026-06-15,AWS,us-west-2,g4ad.xlarge,V520,1.0,spot,0.160767,0.160767,instances.vantage.sh (AWS Price List mirror)
2026-06-15,AWS,us-west-2,g4dn.12xlarge,T4,4.0,ondemand,3.912,0.978,instances.vantage.sh (AWS Price List mirror)
2026-06-15,AWS,us-west-2,g4dn.12xlarge,T4,4.0,spot,1.402567,0.35064175,instances.vantage.sh (AWS Price List mirror)
2026-06-15,AWS,us-west-2,g4dn.16xlarge,T4,1.0,ondemand,4.352,4.352,instances.vantage.sh (AWS Price List mirror)
2026-06-15,AWS,us-west-2,g4dn.16xlarge,T4,1.0,spot,1.410133,1.410133,instances.vantage.sh (AWS Price List mirror)
2026-06-15,AWS,us-west-2,g4dn.2xlarge,T4,1.0,ondemand,0.752,0.752,instances.vantage.sh (AWS Price List mirror)
2026-06-15,AWS,us-west-2,g4dn.2xlarge,T4,1.0,spot,0.280867,0.280867,instances.vantage.sh (AWS Price List mirror)
2026-06-15,AWS,us-west-2,g4dn.4xlarge,T4,1.0,ondemand,1.204,1.204,instances.vantage.sh (AWS Price List mirror)
2026-06-15,AWS,us-west-2,g4dn.4xlarge,T4,1.0,spot,0.441067,0.441067,instances.vantage.sh (AWS Price List mirror)
2026-06-15,AWS,us-west-2,g4dn.8xlarge,T4,1.0,ondemand,2.176,2.176,instances.vantage.sh (AWS Price List mirror)
2026-06-15,AWS,us-west-2,g4dn.8xlarge,T4,1.0,spot,0.854133,0.854133,instances.vantage.sh (AWS Price List mirror)
2026-06-15,AWS,us-west-2,g4dn.metal,T4,8.0,ondemand,7.824,0.978,instances.vantage.sh (AWS Price List mirror)
2026-06-15,AWS,us-west-2,g4dn.metal,T4,8.0,spot,3.622467,0.452808375,instances.vantage.sh (AWS Price List mirror)
2026-06-15,AWS,us-west-2,g4dn.xlarge,T4,1.0,ondemand,0.526,0.526,instances.vantage.sh (AWS Price List mirror)
2026-06-15,AWS,us-west-2,g4dn.xlarge,T4,1.0,spot,0.208267,0.208267,instances.vantage.sh (AWS Price List mirror)
2026-06-15,AWS,us-west-2,g5.12xlarge,A10G,4.0,ondemand,5.672,1.418,instances.vantage.sh (AWS Price List mirror)
2026-06-15,AWS,us-west-2,g5.12xlarge,A10G,4.0,spot,3.360667,0.84016675,instances.vantage.sh (AWS Price List mirror)
2026-06-15,AWS,us-west-2,g5.16xlarge,A10G,1.0,ondemand,4.096,4.096,instances.vantage.sh (AWS Price List mirror)
2026-06-15,AWS,us-west-2,g5.16xlarge,A10G,1.0,spot,1.261133,1.261133,instances.vantage.sh (AWS Price List mirror)
2026-06-15,AWS,us-west-2,g5.24xlarge,A10G,4.0,ondemand,8.144,2.036,instances.vantage.sh (AWS Price List mirror)
2026-06-15,AWS,us-west-2,g5.24xlarge,A10G,4.0,spot,3.8935,0.973375,instances.vantage.sh (AWS Price List mirror)
2026-06-15,AWS,us-west-2,g5.2xlarge,A10G,1.0,ondemand,1.212,1.212,instances.vantage.sh (AWS Price List mirror)
2026-06-15,AWS,us-west-2,g5.2xlarge,A10G,1.0,spot,0.5424,0.5424,instances.vantage.sh (AWS Price List mirror)
2026-06-15,AWS,us-west-2,g5.48xlarge,A10G,8.0,ondemand,16.288,2.036,instances.vantage.sh (AWS Price List mirror)
2026-06-15,AWS,us-west-2,g5.48xlarge,A10G,8.0,spot,9.004,1.1255,instances.vantage.sh (AWS Price List mirror)
2026-06-15,AWS,us-west-2,g5.4xlarge,A10G,1.0,ondemand,1.624,1.624,instances.vantage.sh (AWS Price List mirror)
2026-06-15,AWS,us-west-2,g5.4xlarge,A10G,1.0,spot,0.570533,0.570533,instances.vantage.sh (AWS Price List mirror)
2026-06-15,AWS,us-west-2,g5.8xlarge,A10G,1.0,ondemand,2.448,2.448,instances.vantage.sh (AWS Price List mirror)
2026-06-15,AWS,us-west-2,g5.8xlarge,A10G,1.0,spot,1.046567,1.046567,instances.vantage.sh (AWS Price List mirror)
2026-06-15,AWS,us-west-2,g5.xlarge,A10G,1.0,ondemand,1.006,1.006,instances.vantage.sh (AWS Price List mirror)
2026-06-15,AWS,us-west-2,g5.xlarge,A10G,1.0,spot,0.576867,0.576867,instances.vantage.sh (AWS Price List mirror)
2026-06-15,AWS,us-west-2,g5g.16xlarge,T4G,2.0,ondemand,2.744,1.372,instances.vantage.sh (AWS Price List mirror)
2026-06-15,AWS,us-west-2,g5g.16xlarge,T4G,2.0,spot,0.952767,0.4763835,instances.vantage.sh (AWS Price List mirror)
2026-06-15,AWS,us-west-2,g5g.2xlarge,T4G,1.0,ondemand,0.556,0.556,instances.vantage.sh (AWS Price List mirror)
2026-06-15,AWS,us-west-2,g5g.2xlarge,T4G,1.0,spot,0.196,0.196,instances.vantage.sh (AWS Price List mirror)
2026-06-15,AWS,us-west-2,g5g.4xlarge,T4G,1.0,ondemand,0.828,0.828,instances.vantage.sh (AWS Price List mirror)
2026-06-15,AWS,us-west-2,g5g.4xlarge,T4G,1.0,spot,0.2943,0.2943,instances.vantage.sh (AWS Price List mirror)
2026-06-15,AWS,us-west-2,g5g.8xlarge,T4G,1.0,ondemand,1.372,1.372,instances.vantage.sh (AWS Price List mirror)
2026-06-15,AWS,us-west-2,g5g.8xlarge,T4G,1.0,spot,0.481067,0.481067,instances.vantage.sh (AWS Price List mirror)
2026-06-15,AWS,us-west-2,g5g.metal,T4G,2.0,ondemand,2.744,1.372,instances.vantage.sh (AWS Price List mirror)
2026-06-15,AWS,us-west-2,g5g.metal,T4G,2.0,spot,0.433033,0.2165165,instances.vantage.sh (AWS Price List mirror)
2026-06-15,AWS,us-west-2,g5g.xlarge,T4G,1.0,ondemand,0.42,0.42,instances.vantage.sh (AWS Price List mirror)
2026-06-15,AWS,us-west-2,g5g.xlarge,T4G,1.0,spot,0.144667,0.144667,instances.vantage.sh (AWS Price List mirror)
2026-06-15,AWS,us-west-2,g6.12xlarge,L4,4.0,ondemand,4.6016,1.1504,instances.vantage.sh (AWS Price List mirror)
2026-06-15,AWS,us-west-2,g6.12xlarge,L4,4.0,spot,2.033175,0.50829375,instances.vantage.sh (AWS Price List mirror)
2026-06-15,AWS,us-west-2,g6.16xlarge,L4,1.0,ondemand,3.3968,3.3968,instances.vantage.sh (AWS Price List mirror)
2026-06-15,AWS,us-west-2,g6.16xlarge,L4,1.0,spot,1.6374,1.6374,instances.vantage.sh (AWS Price List mirror)
2026-06-15,AWS,us-west-2,g6.24xlarge,L4,4.0,ondemand,6.6752,1.6688,instances.vantage.sh (AWS Price List mirror)
2026-06-15,AWS,us-west-2,g6.24xlarge,L4,4.0,spot,2.7053,0.676325,instances.vantage.sh (AWS Price List mirror)
2026-06-15,AWS,us-west-2,g6.2xlarge,L4,1.0,ondemand,0.9776,0.9776,instances.vantage.sh (AWS Price List mirror)
2026-06-15,AWS,us-west-2,g6.2xlarge,L4,1.0,spot,0.6994,0.6994,instances.vantage.sh (AWS Price List mirror)
2026-06-15,AWS,us-west-2,g6.48xlarge,L4,8.0,ondemand,13.3504,1.6688,instances.vantage.sh (AWS Price List mirror)
2026-06-15,AWS,us-west-2,g6.48xlarge,L4,8.0,spot,5.4821,0.6852625,instances.vantage.sh (AWS Price List mirror)
2026-06-15,AWS,us-west-2,g6.4xlarge,L4,1.0,ondemand,1.3232,1.3232,instances.vantage.sh (AWS Price List mirror)
2026-06-15,AWS,us-west-2,g6.4xlarge,L4,1.0,spot,0.719475,0.719475,instances.vantage.sh (AWS Price List mirror)
2026-06-15,AWS,us-west-2,g6.8xlarge,L4,1.0,ondemand,2.0144,2.0144,instances.vantage.sh (AWS Price List mirror)
2026-06-15,AWS,us-west-2,g6.8xlarge,L4,1.0,spot,1.129475,1.129475,instances.vantage.sh (AWS Price List mirror)
2026-06-15,AWS,us-west-2,g6.xlarge,L4,1.0,ondemand,0.8048,0.8048,instances.vantage.sh (AWS Price List mirror)
2026-06-15,AWS,us-west-2,g6.xlarge,L4,1.0,spot,0.45745,0.45745,instances.vantage.sh (AWS Price List mirror)
2026-06-15,AWS,us-west-2,g6e.12xlarge,L40S,4.0,ondemand,10.49264,2.62316,instances.vantage.sh (AWS Price List mirror)
2026-06-15,AWS,us-west-2,g6e.12xlarge,L40S,4.0,spot,5.547975,1.38699375,instances.vantage.sh (AWS Price List mirror)
2026-06-15,AWS,us-west-2,g6e.16xlarge,L40S,1.0,ondemand,7.57719,7.57719,instances.vantage.sh (AWS Price List mirror)
2026-06-15,AWS,us-west-2,g6e.16xlarge,L40S,1.0,spot,2.7223,2.7223,instances.vantage.sh (AWS Price List mirror)
2026-06-15,AWS,us-west-2,g6e.24xlarge,L40S,4.0,ondemand,15.06559,3.7663975,instances.vantage.sh (AWS Price List mirror)
2026-06-15,AWS,us-west-2,g6e.24xlarge,L40S,4.0,spot,5.138025,1.28450625,instances.vantage.sh (AWS Price List mirror)
2026-06-15,AWS,us-west-2,g6e.2xlarge,L40S,1.0,ondemand,2.24208,2.24208,instances.vantage.sh (AWS Price List mirror)
2026-06-15,AWS,us-west-2,g6e.2xlarge,L40S,1.0,spot,1.0808,1.0808,instances.vantage.sh (AWS Price List mirror)
2026-06-15,AWS,us-west-2,g6e.48xlarge,L40S,8.0,ondemand,30.13118,3.7663975,instances.vantage.sh (AWS Price List mirror)
2026-06-15,AWS,us-west-2,g6e.48xlarge,L40S,8.0,spot,15.5543,1.9442875,instances.vantage.sh (AWS Price List mirror)
2026-06-15,AWS,us-west-2,g6e.4xlarge,L40S,1.0,ondemand,3.00424,3.00424,instances.vantage.sh (AWS Price List mirror)
2026-06-15,AWS,us-west-2,g6e.4xlarge,L40S,1.0,spot,1.573625,1.573625,instances.vantage.sh (AWS Price List mirror)
2026-06-15,AWS,us-west-2,g6e.8xlarge,L40S,1.0,ondemand,4.52856,4.52856,instances.vantage.sh (AWS Price List mirror)
2026-06-15,AWS,us-west-2,g6e.8xlarge,L40S,1.0,spot,1.85995,1.85995,instances.vantage.sh (AWS Price List mirror)
2026-06-15,AWS,us-west-2,g6e.xlarge,L40S,1.0,ondemand,1.861,1.861,instances.vantage.sh (AWS Price List mirror)
2026-06-15,AWS,us-west-2,g6e.xlarge,L40S,1.0,spot,0.9942,0.9942,instances.vantage.sh (AWS Price List mirror)
2026-06-15,AWS,us-west-2,g6f.2xlarge,L4,0.25,ondemand,0.475,1.9,instances.vantage.sh (AWS Price List mirror)
2026-06-15,AWS,us-west-2,g6f.2xlarge,L4,0.25,spot,0.18095,0.7238,instances.vantage.sh (AWS Price List mirror)
2026-06-15,AWS,us-west-2,g6f.4xlarge,L4,0.5,ondemand,0.95,1.9,instances.vantage.sh (AWS Price List mirror)
2026-06-15,AWS,us-west-2,g6f.4xlarge,L4,0.5,spot,0.3655,0.731,instances.vantage.sh (AWS Price List mirror)
2026-06-15,AWS,us-west-2,g6f.large,L4,0.125,ondemand,0.202,1.616,instances.vantage.sh (AWS Price List mirror)
2026-06-15,AWS,us-west-2,g6f.large,L4,0.125,spot,0.04375,0.35,instances.vantage.sh (AWS Price List mirror)
2026-06-15,AWS,us-west-2,g6f.xlarge,L4,0.125,ondemand,0.2375,1.9,instances.vantage.sh (AWS Price List mirror)
2026-06-15,AWS,us-west-2,g6f.xlarge,L4,0.125,spot,0.08135,0.6508,instances.vantage.sh (AWS Price List mirror)
2026-06-15,AWS,us-west-2,g7e.12xlarge,NVIDIA GB202,2.0,ondemand,8.28608,4.14304,instances.vantage.sh (AWS Price List mirror)
2026-06-15,AWS,us-west-2,g7e.12xlarge,NVIDIA GB202,2.0,spot,3.637725,1.8188625,instances.vantage.sh (AWS Price List mirror)
2026-06-15,AWS,us-west-2,g7e.24xlarge,NVIDIA GB202,4.0,ondemand,16.57216,4.14304,instances.vantage.sh (AWS Price List mirror)
2026-06-15,AWS,us-west-2,g7e.24xlarge,NVIDIA GB202,4.0,spot,7.19065,1.7976625,instances.vantage.sh (AWS Price List mirror)
2026-06-15,AWS,us-west-2,g7e.2xlarge,NVIDIA GB202,1.0,ondemand,3.36312,3.36312,instances.vantage.sh (AWS Price List mirror)
2026-06-15,AWS,us-west-2,g7e.2xlarge,NVIDIA GB202,1.0,spot,1.84175,1.84175,instances.vantage.sh (AWS Price List mirror)
2026-06-15,AWS,us-west-2,g7e.48xlarge,NVIDIA GB202,8.0,ondemand,33.14432,4.14304,instances.vantage.sh (AWS Price List mirror)
2026-06-15,AWS,us-west-2,g7e.48xlarge,NVIDIA GB202,8.0,spot,16.900975,2.112621875,instances.vantage.sh (AWS Price List mirror)
2026-06-15,AWS,us-west-2,g7e.4xlarge,NVIDIA GB202,1.0,ondemand,3.99816,3.99816,instances.vantage.sh (AWS Price List mirror)
2026-06-15,AWS,us-west-2,g7e.4xlarge,NVIDIA GB202,1.0,spot,2.021275,2.021275,instances.vantage.sh (AWS Price List mirror)
2026-06-15,AWS,us-west-2,g7e.8xlarge,NVIDIA GB202,1.0,ondemand,5.26824,5.26824,instances.vantage.sh (AWS Price List mirror)
2026-06-15,AWS,us-west-2,g7e.8xlarge,NVIDIA GB202,1.0,spot,2.30065,2.30065,instances.vantage.sh (AWS Price List mirror)
2026-06-15,AWS,us-west-2,gr6.4xlarge,L4,1.0,ondemand,1.5392,1.5392,instances.vantage.sh (AWS Price List mirror)
2026-06-15,AWS,us-west-2,gr6.4xlarge,L4,1.0,spot,0.488675,0.488675,instances.vantage.sh (AWS Price List mirror)
2026-06-15,AWS,us-west-2,gr6.8xlarge,L4,1.0,ondemand,2.4464,2.4464,instances.vantage.sh (AWS Price List mirror)
2026-06-15,AWS,us-west-2,gr6.8xlarge,L4,1.0,spot,0.85885,0.85885,instances.vantage.sh (AWS Price List mirror)
2026-06-15,AWS,us-west-2,gr6f.4xlarge,L4,0.5,ondemand,1.066,2.132,instances.vantage.sh (AWS Price List mirror)
2026-06-15,AWS,us-west-2,gr6f.4xlarge,L4,0.5,spot,0.357125,0.71425,instances.vantage.sh (AWS Price List mirror)
2026-06-15,AWS,us-west-2,inf1.24xlarge,AWS Inferentia,16.0,ondemand,4.721,0.2950625,instances.vantage.sh (AWS Price List mirror)
2026-06-15,AWS,us-west-2,inf1.24xlarge,AWS Inferentia,16.0,spot,1.109925,0.0693703125,instances.vantage.sh (AWS Price List mirror)
2026-06-15,AWS,us-west-2,inf1.2xlarge,AWS Inferentia,1.0,ondemand,0.362,0.362,instances.vantage.sh (AWS Price List mirror)
2026-06-15,AWS,us-west-2,inf1.2xlarge,AWS Inferentia,1.0,spot,0.084775,0.084775,instances.vantage.sh (AWS Price List mirror)
2026-06-15,AWS,us-west-2,inf1.6xlarge,AWS Inferentia,4.0,ondemand,1.18,0.295,instances.vantage.sh (AWS Price List mirror)
2026-06-15,AWS,us-west-2,inf1.6xlarge,AWS Inferentia,4.0,spot,0.268175,0.06704375,instances.vantage.sh (AWS Price List mirror)
2026-06-15,AWS,us-west-2,inf1.xlarge,AWS Inferentia,1.0,ondemand,0.228,0.228,instances.vantage.sh (AWS Price List mirror)
2026-06-15,AWS,us-west-2,inf1.xlarge,AWS Inferentia,1.0,spot,0.05085,0.05085,instances.vantage.sh (AWS Price List mirror)
2026-06-15,AWS,us-west-2,inf2.24xlarge,AWS Inferentia2,6.0,ondemand,6.49063,1.0817716666666668,instances.vantage.sh (AWS Price List mirror)
2026-06-15,AWS,us-west-2,inf2.24xlarge,AWS Inferentia2,6.0,spot,1.20285,0.200475,instances.vantage.sh (AWS Price List mirror)
2026-06-15,AWS,us-west-2,inf2.48xlarge,AWS Inferentia2,12.0,ondemand,12.98127,1.0817725,instances.vantage.sh (AWS Price List mirror)
2026-06-15,AWS,us-west-2,inf2.48xlarge,AWS Inferentia2,12.0,spot,2.559,0.21325000000000002,instances.vantage.sh (AWS Price List mirror)
2026-06-15,AWS,us-west-2,inf2.8xlarge,AWS Inferentia2,1.0,ondemand,1.96786,1.96786,instances.vantage.sh (AWS Price List mirror)
2026-06-15,AWS,us-west-2,inf2.8xlarge,AWS Inferentia2,1.0,spot,0.522125,0.522125,instances.vantage.sh (AWS Price List mirror)
2026-06-15,AWS,us-west-2,inf2.xlarge,AWS Inferentia2,1.0,ondemand,0.7582,0.7582,instances.vantage.sh (AWS Price List mirror)
2026-06-15,AWS,us-west-2,inf2.xlarge,AWS Inferentia2,1.0,spot,0.193675,0.193675,instances.vantage.sh (AWS Price List mirror)
2026-06-15,AWS,us-west-2,p2.16xlarge,K80,16.0,ondemand,14.4,0.9,instances.vantage.sh (AWS Price List mirror)
2026-06-15,AWS,us-west-2,p2.8xlarge,K80,8.0,ondemand,7.2,0.9,instances.vantage.sh (AWS Price List mirror)
2026-06-15,AWS,us-west-2,p2.xlarge,K80,1.0,ondemand,0.9,0.9,instances.vantage.sh (AWS Price List mirror)
2026-06-15,AWS,us-west-2,p3.16xlarge,V100,8.0,ondemand,24.48,3.06,instances.vantage.sh (AWS Price List mirror)
2026-06-15,AWS,us-west-2,p3.16xlarge,V100,8.0,spot,13.117033,1.639629125,instances.vantage.sh (AWS Price List mirror)
2026-06-15,AWS,us-west-2,p3.2xlarge,V100,1.0,ondemand,3.06,3.06,instances.vantage.sh (AWS Price List mirror)
2026-06-15,AWS,us-west-2,p3.2xlarge,V100,1.0,spot,0.7914,0.7914,instances.vantage.sh (AWS Price List mirror)
2026-06-15,AWS,us-west-2,p3.8xlarge,V100,4.0,ondemand,12.24,3.06,instances.vantage.sh (AWS Price List mirror)
2026-06-15,AWS,us-west-2,p3.8xlarge,V100,4.0,spot,5.321133,1.33028325,instances.vantage.sh (AWS Price List mirror)
2026-06-15,AWS,us-west-2,p3dn.24xlarge,V100,8.0,ondemand,31.212,3.9015,instances.vantage.sh (AWS Price List mirror)
2026-06-15,AWS,us-west-2,p3dn.24xlarge,V100,8.0,spot,5.27115,0.65889375,instances.vantage.sh (AWS Price List mirror)
2026-06-15,AWS,us-west-2,p4d.24xlarge,A100,8.0,ondemand,21.95764,2.744705,instances.vantage.sh (AWS Price List mirror)
2026-06-15,AWS,us-west-2,p4d.24xlarge,A100,8.0,spot,11.691775,1.461471875,instances.vantage.sh (AWS Price List mirror)
2026-06-15,AWS,us-west-2,p4de.24xlarge,A100,8.0,ondemand,27.44705,3.43088125,instances.vantage.sh (AWS Price List mirror)
2026-06-15,AWS,us-west-2,p4de.24xlarge,A100,8.0,spot,15.659967,1.957495875,instances.vantage.sh (AWS Price List mirror)
2026-06-15,AWS,us-west-2,p5.48xlarge,H100,8.0,ondemand,55.04,6.88,instances.vantage.sh (AWS Price List mirror)
2026-06-15,AWS,us-west-2,p5.48xlarge,H100,8.0,spot,16.0847,2.0105875,instances.vantage.sh (AWS Price List mirror)
2026-06-15,AWS,us-west-2,p5.4xlarge,H100,1.0,ondemand,6.88,6.88,instances.vantage.sh (AWS Price List mirror)
2026-06-15,AWS,us-west-2,p5.4xlarge,H100,1.0,spot,1.9913,1.9913,instances.vantage.sh (AWS Price List mirror)
2026-06-15,AWS,us-west-2,p5en.48xlarge,H200,8.0,ondemand,63.296,7.912,instances.vantage.sh (AWS Price List mirror)
2026-06-15,AWS,us-west-2,p5en.48xlarge,H200,8.0,spot,18.784367,2.348045875,instances.vantage.sh (AWS Price List mirror)
2026-06-15,AWS,us-west-2,p6-b200.48xlarge,B200,8.0,ondemand,113.9328,14.2416,instances.vantage.sh (AWS Price List mirror)
2026-06-15,AWS,us-west-2,p6-b200.48xlarge,B200,8.0,spot,30.2587,3.7823375,instances.vantage.sh (AWS Price List mirror)
2026-06-15,AWS,us-west-2,p6-b300.48xlarge,NVIDIA B300,8.0,ondemand,142.416,17.802,instances.vantage.sh (AWS Price List mirror)
2026-06-15,AWS,us-west-2,p6-b300.48xlarge,NVIDIA B300,8.0,spot,32.9331,4.1166375,instances.vantage.sh (AWS Price List mirror)
2026-06-15,AWS,us-west-2,trn1.2xlarge,AWS Inferentia,1.0,ondemand,1.34375,1.34375,instances.vantage.sh (AWS Price List mirror)
2026-06-15,AWS,us-west-2,trn1.2xlarge,AWS Inferentia,1.0,spot,0.20015,0.20015,instances.vantage.sh (AWS Price List mirror)
2026-06-15,AWS,us-west-2,trn1.32xlarge,AWS Inferentia,16.0,ondemand,21.5,1.34375,instances.vantage.sh (AWS Price List mirror)
2026-06-15,AWS,us-west-2,trn1.32xlarge,AWS Inferentia,16.0,spot,3.87585,0.242240625,instances.vantage.sh (AWS Price List mirror)
2026-06-15,AWS,us-west-2,trn1n.32xlarge,AWS Inferentia,16.0,ondemand,24.78,1.54875,instances.vantage.sh (AWS Price List mirror)
2026-06-15,AWS,us-west-2,trn1n.32xlarge,AWS Inferentia,16.0,spot,3.2404,0.202525,instances.vantage.sh (AWS Price List mirror)
2026-06-15,AWS,us-west-2-den-1,g4dn.2xlarge,T4,1.0,ondemand,1.015,1.015,instances.vantage.sh (AWS Price List mirror)
2026-06-15,AWS,us-west-2-den-1,g4dn.4xlarge,T4,1.0,ondemand,1.625,1.625,instances.vantage.sh (AWS Price List mirror)
2026-06-15,AWS,us-west-2-hnl-1,g4dn.2xlarge,T4,1.0,ondemand,1.241,1.241,instances.vantage.sh (AWS Price List mirror)
2026-06-15,AWS,us-west-2-hnl-1,g4dn.4xlarge,T4,1.0,ondemand,1.987,1.987,instances.vantage.sh (AWS Price List mirror)
2026-06-15,AWS,us-west-2-las-1,g4dn.2xlarge,T4,1.0,ondemand,1.015,1.015,instances.vantage.sh (AWS Price List mirror)
2026-06-15,AWS,us-west-2-lax-1,g4dn.12xlarge,T4,4.0,ondemand,4.694,1.1735,instances.vantage.sh (AWS Price List mirror)
2026-06-15,AWS,us-west-2-lax-1,g4dn.16xlarge,T4,1.0,ondemand,5.222,5.222,instances.vantage.sh (AWS Price List mirror)
2026-06-15,AWS,us-west-2-lax-1,g4dn.2xlarge,T4,1.0,ondemand,0.902,0.902,instances.vantage.sh (AWS Price List mirror)
2026-06-15,AWS,us-west-2-lax-1,g4dn.4xlarge,T4,1.0,ondemand,1.445,1.445,instances.vantage.sh (AWS Price List mirror)
2026-06-15,AWS,us-west-2-lax-1,g4dn.8xlarge,T4,1.0,ondemand,2.611,2.611,instances.vantage.sh (AWS Price List mirror)
2026-06-15,AWS,us-west-2-lax-1,g4dn.metal,T4,8.0,ondemand,9.389,1.173625,instances.vantage.sh (AWS Price List mirror)
2026-06-15,AWS,us-west-2-lax-1,g4dn.xlarge,T4,1.0,ondemand,0.631,0.631,instances.vantage.sh (AWS Price List mirror)
2026-06-15,AWS,us-west-2-lax-1,g5.4xlarge,A10G,1.0,ondemand,2.23098,2.23098,instances.vantage.sh (AWS Price List mirror)
2026-06-15,AWS,us-west-2-lax-1,g5.8xlarge,A10G,1.0,ondemand,3.36296,3.36296,instances.vantage.sh (AWS Price List mirror)
2026-06-15,AWS,us-west-2-lax-1,g7e.4xlarge,NVIDIA GB202,1.0,ondemand,5.35803,5.35803,instances.vantage.sh (AWS Price List mirror)
2026-06-15,AWS,us-west-2-lax-1,g7e.8xlarge,NVIDIA GB202,1.0,ondemand,7.0601,7.0601,instances.vantage.sh (AWS Price List mirror)
2026-06-15,AWS,us-west-2-pdx-1,g4dn.2xlarge,T4,1.0,ondemand,1.015,1.015,instances.vantage.sh (AWS Price List mirror)
2026-06-15,AWS,us-west-2-phx-1,g4dn.2xlarge,T4,1.0,ondemand,1.015,1.015,instances.vantage.sh (AWS Price List mirror)
2026-06-15,AWS,us-west-2-phx-1,g4dn.4xlarge,T4,1.0,ondemand,1.625,1.625,instances.vantage.sh (AWS Price List mirror)
2026-06-15,AWS,us-west-2-sea-1,g4dn.2xlarge,T4,1.0,ondemand,1.015,1.015,instances.vantage.sh (AWS Price List mirror)
2026-06-15,AWS,us-west-2-wl1,g4dn.2xlarge,T4,1.0,ondemand,1.317,1.317,instances.vantage.sh (AWS Price List mirror)
2026-06-15,AWS,us-west-2-wl1-den1,g4dn.2xlarge,T4,1.0,ondemand,1.317,1.317,instances.vantage.sh (AWS Price List mirror)
2026-06-15,AWS,us-west-2-wl1-las1,g4dn.2xlarge,T4,1.0,ondemand,1.317,1.317,instances.vantage.sh (AWS Price List mirror)
2026-06-15,AWS,us-west-2-wl1-lax1,g4dn.2xlarge,T4,1.0,ondemand,1.317,1.317,instances.vantage.sh (AWS Price List mirror)
2026-06-15,AWS,us-west-2-wl1-phx1,g4dn.2xlarge,T4,1.0,ondemand,1.317,1.317,instances.vantage.sh (AWS Price List mirror)
2026-06-15,AWS,us-west-2-wl1-sea1,g4dn.2xlarge,T4,1.0,ondemand,1.317,1.317,instances.vantage.sh (AWS Price List mirror)
