snapshot_date,provider,region,sku,gpu_model,gpu_count,price_type,price_usd_hour,price_usd_per_gpu_hour,source
2026-06-10,AWS,af-south-1,g4dn.12xlarge,T4,4.0,ondemand,5.19,1.2975,instances.vantage.sh (AWS Price List mirror)
2026-06-10,AWS,af-south-1,g4dn.12xlarge,T4,4.0,spot,0.519,0.12975,instances.vantage.sh (AWS Price List mirror)
2026-06-10,AWS,af-south-1,g4dn.16xlarge,T4,1.0,ondemand,5.774,5.774,instances.vantage.sh (AWS Price List mirror)
2026-06-10,AWS,af-south-1,g4dn.16xlarge,T4,1.0,spot,0.5774,0.5774,instances.vantage.sh (AWS Price List mirror)
2026-06-10,AWS,af-south-1,g4dn.2xlarge,T4,1.0,ondemand,0.998,0.998,instances.vantage.sh (AWS Price List mirror)
2026-06-10,AWS,af-south-1,g4dn.2xlarge,T4,1.0,spot,0.15968,0.15968,instances.vantage.sh (AWS Price List mirror)
2026-06-10,AWS,af-south-1,g4dn.4xlarge,T4,1.0,ondemand,1.597,1.597,instances.vantage.sh (AWS Price List mirror)
2026-06-10,AWS,af-south-1,g4dn.4xlarge,T4,1.0,spot,0.35134,0.35134,instances.vantage.sh (AWS Price List mirror)
2026-06-10,AWS,af-south-1,g4dn.8xlarge,T4,1.0,ondemand,2.887,2.887,instances.vantage.sh (AWS Price List mirror)
2026-06-10,AWS,af-south-1,g4dn.8xlarge,T4,1.0,spot,0.31757,0.31757,instances.vantage.sh (AWS Price List mirror)
2026-06-10,AWS,af-south-1,g4dn.metal,T4,8.0,ondemand,10.381,1.297625,instances.vantage.sh (AWS Price List mirror)
2026-06-10,AWS,af-south-1,g4dn.metal,T4,8.0,spot,9.44671,1.18083875,instances.vantage.sh (AWS Price List mirror)
2026-06-10,AWS,af-south-1,g4dn.xlarge,T4,1.0,ondemand,0.698,0.698,instances.vantage.sh (AWS Price List mirror)
2026-06-10,AWS,af-south-1,g4dn.xlarge,T4,1.0,spot,0.16054,0.16054,instances.vantage.sh (AWS Price List mirror)
2026-06-10,AWS,af-south-1,inf1.24xlarge,AWS Inferentia,16.0,ondemand,6.249,0.3905625,instances.vantage.sh (AWS Price List mirror)
2026-06-10,AWS,af-south-1,inf1.24xlarge,AWS Inferentia,16.0,spot,0.74988,0.0468675,instances.vantage.sh (AWS Price List mirror)
2026-06-10,AWS,af-south-1,inf1.xlarge,AWS Inferentia,1.0,ondemand,0.302,0.302,instances.vantage.sh (AWS Price List mirror)
2026-06-10,AWS,af-south-1-los-1,g4dn.2xlarge,T4,1.0,ondemand,1.247,1.247,instances.vantage.sh (AWS Price List mirror)
2026-06-10,AWS,ap-east-1,g4dn.12xlarge,T4,4.0,ondemand,6.024,1.506,instances.vantage.sh (AWS Price List mirror)
2026-06-10,AWS,ap-east-1,g4dn.12xlarge,T4,4.0,spot,3.3132,0.8283,instances.vantage.sh (AWS Price List mirror)
2026-06-10,AWS,ap-east-1,g4dn.16xlarge,T4,1.0,ondemand,6.702,6.702,instances.vantage.sh (AWS Price List mirror)
2026-06-10,AWS,ap-east-1,g4dn.16xlarge,T4,1.0,spot,0.6702,0.6702,instances.vantage.sh (AWS Price List mirror)
2026-06-10,AWS,ap-east-1,g4dn.2xlarge,T4,1.0,ondemand,1.158,1.158,instances.vantage.sh (AWS Price List mirror)
2026-06-10,AWS,ap-east-1,g4dn.2xlarge,T4,1.0,spot,0.30108,0.30108,instances.vantage.sh (AWS Price List mirror)
2026-06-10,AWS,ap-east-1,g4dn.4xlarge,T4,1.0,ondemand,1.854,1.854,instances.vantage.sh (AWS Price List mirror)
2026-06-10,AWS,ap-east-1,g4dn.4xlarge,T4,1.0,spot,0.31518,0.31518,instances.vantage.sh (AWS Price List mirror)
2026-06-10,AWS,ap-east-1,g4dn.8xlarge,T4,1.0,ondemand,3.351,3.351,instances.vantage.sh (AWS Price List mirror)
2026-06-10,AWS,ap-east-1,g4dn.8xlarge,T4,1.0,spot,0.40212,0.40212,instances.vantage.sh (AWS Price List mirror)
2026-06-10,AWS,ap-east-1,g4dn.metal,T4,8.0,ondemand,12.048,1.506,instances.vantage.sh (AWS Price List mirror)
2026-06-10,AWS,ap-east-1,g4dn.metal,T4,8.0,spot,7.8312,0.9789,instances.vantage.sh (AWS Price List mirror)
2026-06-10,AWS,ap-east-1,g4dn.xlarge,T4,1.0,ondemand,0.81,0.81,instances.vantage.sh (AWS Price List mirror)
2026-06-10,AWS,ap-east-1,g4dn.xlarge,T4,1.0,spot,0.162,0.162,instances.vantage.sh (AWS Price List mirror)
2026-06-10,AWS,ap-east-1,g5.12xlarge,A10G,4.0,ondemand,8.7324,2.1831,instances.vantage.sh (AWS Price List mirror)
2026-06-10,AWS,ap-east-1,g5.12xlarge,A10G,4.0,spot,1.833804,0.458451,instances.vantage.sh (AWS Price List mirror)
2026-06-10,AWS,ap-east-1,g5.16xlarge,A10G,1.0,ondemand,6.30605,6.30605,instances.vantage.sh (AWS Price List mirror)
2026-06-10,AWS,ap-east-1,g5.16xlarge,A10G,1.0,spot,1.450392,1.450392,instances.vantage.sh (AWS Price List mirror)
2026-06-10,AWS,ap-east-1,g5.24xlarge,A10G,4.0,ondemand,12.5382,3.13455,instances.vantage.sh (AWS Price List mirror)
2026-06-10,AWS,ap-east-1,g5.24xlarge,A10G,4.0,spot,11.409762,2.8524405,instances.vantage.sh (AWS Price List mirror)
2026-06-10,AWS,ap-east-1,g5.2xlarge,A10G,1.0,ondemand,1.86595,1.86595,instances.vantage.sh (AWS Price List mirror)
2026-06-10,AWS,ap-east-1,g5.2xlarge,A10G,1.0,spot,0.410509,0.410509,instances.vantage.sh (AWS Price List mirror)
2026-06-10,AWS,ap-east-1,g5.48xlarge,A10G,8.0,ondemand,25.0764,3.13455,instances.vantage.sh (AWS Price List mirror)
2026-06-10,AWS,ap-east-1,g5.48xlarge,A10G,8.0,spot,12.5382,1.567275,instances.vantage.sh (AWS Price List mirror)
2026-06-10,AWS,ap-east-1,g5.4xlarge,A10G,1.0,ondemand,2.50025,2.50025,instances.vantage.sh (AWS Price List mirror)
2026-06-10,AWS,ap-east-1,g5.4xlarge,A10G,1.0,spot,2.10021,2.10021,instances.vantage.sh (AWS Price List mirror)
2026-06-10,AWS,ap-east-1,g5.8xlarge,A10G,1.0,ondemand,3.76885,3.76885,instances.vantage.sh (AWS Price List mirror)
2026-06-10,AWS,ap-east-1,g5.8xlarge,A10G,1.0,spot,1.055278,1.055278,instances.vantage.sh (AWS Price List mirror)
2026-06-10,AWS,ap-east-1,g5.xlarge,A10G,1.0,ondemand,1.5488,1.5488,instances.vantage.sh (AWS Price List mirror)
2026-06-10,AWS,ap-east-1,g5.xlarge,A10G,1.0,spot,0.3872,0.3872,instances.vantage.sh (AWS Price List mirror)
2026-06-10,AWS,ap-east-1,inf1.24xlarge,AWS Inferentia,16.0,ondemand,7.274,0.454625,instances.vantage.sh (AWS Price List mirror)
2026-06-10,AWS,ap-east-1,inf1.24xlarge,AWS Inferentia,16.0,spot,4.14618,0.25913625,instances.vantage.sh (AWS Price List mirror)
2026-06-10,AWS,ap-east-1,inf1.2xlarge,AWS Inferentia,1.0,ondemand,0.558,0.558,instances.vantage.sh (AWS Price List mirror)
2026-06-10,AWS,ap-east-1,inf1.2xlarge,AWS Inferentia,1.0,spot,0.06138,0.06138,instances.vantage.sh (AWS Price List mirror)
2026-06-10,AWS,ap-east-1,inf1.6xlarge,AWS Inferentia,4.0,ondemand,1.819,0.45475,instances.vantage.sh (AWS Price List mirror)
2026-06-10,AWS,ap-east-1,inf1.6xlarge,AWS Inferentia,4.0,spot,0.21828,0.05457,instances.vantage.sh (AWS Price List mirror)
2026-06-10,AWS,ap-east-1,inf1.xlarge,AWS Inferentia,1.0,ondemand,0.352,0.352,instances.vantage.sh (AWS Price List mirror)
2026-06-10,AWS,ap-east-1,inf1.xlarge,AWS Inferentia,1.0,spot,0.03872,0.03872,instances.vantage.sh (AWS Price List mirror)
2026-06-10,AWS,ap-northeast-1,g2.2xlarge,K520,1.0,ondemand,0.898,0.898,instances.vantage.sh (AWS Price List mirror)
2026-06-10,AWS,ap-northeast-1,g2.8xlarge,K520,4.0,ondemand,3.592,0.898,instances.vantage.sh (AWS Price List mirror)
2026-06-10,AWS,ap-northeast-1,g3.16xlarge,M60,4.0,ondemand,6.32,1.58,instances.vantage.sh (AWS Price List mirror)
2026-06-10,AWS,ap-northeast-1,g3.4xlarge,M60,1.0,ondemand,1.58,1.58,instances.vantage.sh (AWS Price List mirror)
2026-06-10,AWS,ap-northeast-1,g3.8xlarge,M60,2.0,ondemand,3.16,1.58,instances.vantage.sh (AWS Price List mirror)
2026-06-10,AWS,ap-northeast-1,g3s.xlarge,M60,1.0,ondemand,1.04,1.04,instances.vantage.sh (AWS Price List mirror)
2026-06-10,AWS,ap-northeast-1,g4ad.16xlarge,V520,4.0,ondemand,4.68,1.17,instances.vantage.sh (AWS Price List mirror)
2026-06-10,AWS,ap-northeast-1,g4ad.16xlarge,V520,4.0,spot,1.985167,0.49629175,instances.vantage.sh (AWS Price List mirror)
2026-06-10,AWS,ap-northeast-1,g4ad.2xlarge,V520,1.0,ondemand,0.7303,0.7303,instances.vantage.sh (AWS Price List mirror)
2026-06-10,AWS,ap-northeast-1,g4ad.2xlarge,V520,1.0,spot,0.394,0.394,instances.vantage.sh (AWS Price List mirror)
2026-06-10,AWS,ap-northeast-1,g4ad.4xlarge,V520,1.0,ondemand,1.17,1.17,instances.vantage.sh (AWS Price List mirror)
2026-06-10,AWS,ap-northeast-1,g4ad.4xlarge,V520,1.0,spot,0.641467,0.641467,instances.vantage.sh (AWS Price List mirror)
2026-06-10,AWS,ap-northeast-1,g4ad.8xlarge,V520,2.0,ondemand,2.34,1.17,instances.vantage.sh (AWS Price List mirror)
2026-06-10,AWS,ap-northeast-1,g4ad.8xlarge,V520,2.0,spot,0.459267,0.2296335,instances.vantage.sh (AWS Price List mirror)
2026-06-10,AWS,ap-northeast-1,g4ad.xlarge,V520,1.0,ondemand,0.51082,0.51082,instances.vantage.sh (AWS Price List mirror)
2026-06-10,AWS,ap-northeast-1,g4ad.xlarge,V520,1.0,spot,0.269167,0.269167,instances.vantage.sh (AWS Price List mirror)
2026-06-10,AWS,ap-northeast-1,g4dn.12xlarge,T4,4.0,ondemand,5.281,1.32025,instances.vantage.sh (AWS Price List mirror)
2026-06-10,AWS,ap-northeast-1,g4dn.12xlarge,T4,4.0,spot,2.478333,0.61958325,instances.vantage.sh (AWS Price List mirror)
2026-06-10,AWS,ap-northeast-1,g4dn.16xlarge,T4,1.0,ondemand,5.875,5.875,instances.vantage.sh (AWS Price List mirror)
2026-06-10,AWS,ap-northeast-1,g4dn.16xlarge,T4,1.0,spot,0.865367,0.865367,instances.vantage.sh (AWS Price List mirror)
2026-06-10,AWS,ap-northeast-1,g4dn.2xlarge,T4,1.0,ondemand,1.015,1.015,instances.vantage.sh (AWS Price List mirror)
2026-06-10,AWS,ap-northeast-1,g4dn.2xlarge,T4,1.0,spot,0.3959,0.3959,instances.vantage.sh (AWS Price List mirror)
2026-06-10,AWS,ap-northeast-1,g4dn.4xlarge,T4,1.0,ondemand,1.625,1.625,instances.vantage.sh (AWS Price List mirror)
2026-06-10,AWS,ap-northeast-1,g4dn.4xlarge,T4,1.0,spot,0.661833,0.661833,instances.vantage.sh (AWS Price List mirror)
2026-06-10,AWS,ap-northeast-1,g4dn.8xlarge,T4,1.0,ondemand,2.938,2.938,instances.vantage.sh (AWS Price List mirror)
2026-06-10,AWS,ap-northeast-1,g4dn.8xlarge,T4,1.0,spot,1.027767,1.027767,instances.vantage.sh (AWS Price List mirror)
2026-06-10,AWS,ap-northeast-1,g4dn.metal,T4,8.0,ondemand,10.562,1.32025,instances.vantage.sh (AWS Price List mirror)
2026-06-10,AWS,ap-northeast-1,g4dn.metal,T4,8.0,spot,3.768867,0.471108375,instances.vantage.sh (AWS Price List mirror)
2026-06-10,AWS,ap-northeast-1,g4dn.xlarge,T4,1.0,ondemand,0.71,0.71,instances.vantage.sh (AWS Price List mirror)
2026-06-10,AWS,ap-northeast-1,g4dn.xlarge,T4,1.0,spot,0.243233,0.243233,instances.vantage.sh (AWS Price List mirror)
2026-06-10,AWS,ap-northeast-1,g5.12xlarge,A10G,4.0,ondemand,8.22609,2.0565225,instances.vantage.sh (AWS Price List mirror)
2026-06-10,AWS,ap-northeast-1,g5.12xlarge,A10G,4.0,spot,7.74315,1.9357875,instances.vantage.sh (AWS Price List mirror)
2026-06-10,AWS,ap-northeast-1,g5.16xlarge,A10G,1.0,ondemand,5.94042,5.94042,instances.vantage.sh (AWS Price List mirror)
2026-06-10,AWS,ap-northeast-1,g5.16xlarge,A10G,1.0,spot,1.7612,1.7612,instances.vantage.sh (AWS Price List mirror)
2026-06-10,AWS,ap-northeast-1,g5.24xlarge,A10G,4.0,ondemand,11.81123,2.9528075,instances.vantage.sh (AWS Price List mirror)
2026-06-10,AWS,ap-northeast-1,g5.24xlarge,A10G,4.0,spot,11.8112,2.9528,instances.vantage.sh (AWS Price List mirror)
2026-06-10,AWS,ap-northeast-1,g5.2xlarge,A10G,1.0,ondemand,1.75776,1.75776,instances.vantage.sh (AWS Price List mirror)
2026-06-10,AWS,ap-northeast-1,g5.2xlarge,A10G,1.0,spot,0.7513,0.7513,instances.vantage.sh (AWS Price List mirror)
2026-06-10,AWS,ap-northeast-1,g5.48xlarge,A10G,8.0,ondemand,23.62246,2.9528075,instances.vantage.sh (AWS Price List mirror)
2026-06-10,AWS,ap-northeast-1,g5.48xlarge,A10G,8.0,spot,23.6225,2.9528125,instances.vantage.sh (AWS Price List mirror)
2026-06-10,AWS,ap-northeast-1,g5.4xlarge,A10G,1.0,ondemand,2.35528,2.35528,instances.vantage.sh (AWS Price List mirror)
2026-06-10,AWS,ap-northeast-1,g5.4xlarge,A10G,1.0,spot,0.8052,0.8052,instances.vantage.sh (AWS Price List mirror)
2026-06-10,AWS,ap-northeast-1,g5.8xlarge,A10G,1.0,ondemand,3.55033,3.55033,instances.vantage.sh (AWS Price List mirror)
2026-06-10,AWS,ap-northeast-1,g5.8xlarge,A10G,1.0,spot,1.07935,1.07935,instances.vantage.sh (AWS Price List mirror)
2026-06-10,AWS,ap-northeast-1,g5.xlarge,A10G,1.0,ondemand,1.459,1.459,instances.vantage.sh (AWS Price List mirror)
2026-06-10,AWS,ap-northeast-1,g5.xlarge,A10G,1.0,spot,0.63245,0.63245,instances.vantage.sh (AWS Price List mirror)
2026-06-10,AWS,ap-northeast-1,g5g.16xlarge,T4G,2.0,ondemand,3.7039,1.85195,instances.vantage.sh (AWS Price List mirror)
2026-06-10,AWS,ap-northeast-1,g5g.16xlarge,T4G,2.0,spot,0.4818,0.2409,instances.vantage.sh (AWS Price List mirror)
2026-06-10,AWS,ap-northeast-1,g5g.2xlarge,T4G,1.0,ondemand,0.7505,0.7505,instances.vantage.sh (AWS Price List mirror)
2026-06-10,AWS,ap-northeast-1,g5g.2xlarge,T4G,1.0,spot,0.13575,0.13575,instances.vantage.sh (AWS Price List mirror)
2026-06-10,AWS,ap-northeast-1,g5g.4xlarge,T4G,1.0,ondemand,1.1176,1.1176,instances.vantage.sh (AWS Price List mirror)
2026-06-10,AWS,ap-northeast-1,g5g.4xlarge,T4G,1.0,spot,0.17415,0.17415,instances.vantage.sh (AWS Price List mirror)
2026-06-10,AWS,ap-northeast-1,g5g.8xlarge,T4G,1.0,ondemand,1.8519,1.8519,instances.vantage.sh (AWS Price List mirror)
2026-06-10,AWS,ap-northeast-1,g5g.8xlarge,T4G,1.0,spot,0.2401,0.2401,instances.vantage.sh (AWS Price List mirror)
2026-06-10,AWS,ap-northeast-1,g5g.metal,T4G,2.0,ondemand,3.7039,1.85195,instances.vantage.sh (AWS Price List mirror)
2026-06-10,AWS,ap-northeast-1,g5g.metal,T4G,2.0,spot,0.4791,0.23955,instances.vantage.sh (AWS Price List mirror)
2026-06-10,AWS,ap-northeast-1,g5g.xlarge,T4G,1.0,ondemand,0.5669,0.5669,instances.vantage.sh (AWS Price List mirror)
2026-06-10,AWS,ap-northeast-1,g5g.xlarge,T4G,1.0,spot,0.08645,0.08645,instances.vantage.sh (AWS Price List mirror)
2026-06-10,AWS,ap-northeast-1,g6.12xlarge,L4,4.0,ondemand,6.67369,1.6684225,instances.vantage.sh (AWS Price List mirror)
2026-06-10,AWS,ap-northeast-1,g6.12xlarge,L4,4.0,spot,2.7189,0.679725,instances.vantage.sh (AWS Price List mirror)
2026-06-10,AWS,ap-northeast-1,g6.16xlarge,L4,1.0,ondemand,4.92637,4.92637,instances.vantage.sh (AWS Price List mirror)
2026-06-10,AWS,ap-northeast-1,g6.16xlarge,L4,1.0,spot,1.20345,1.20345,instances.vantage.sh (AWS Price List mirror)
2026-06-10,AWS,ap-northeast-1,g6.24xlarge,L4,4.0,ondemand,9.68103,2.4202575,instances.vantage.sh (AWS Price List mirror)
2026-06-10,AWS,ap-northeast-1,g6.24xlarge,L4,4.0,spot,2.17805,0.5445125,instances.vantage.sh (AWS Price List mirror)
2026-06-10,AWS,ap-northeast-1,g6.2xlarge,L4,1.0,ondemand,1.41781,1.41781,instances.vantage.sh (AWS Price List mirror)
2026-06-10,AWS,ap-northeast-1,g6.2xlarge,L4,1.0,spot,0.5052,0.5052,instances.vantage.sh (AWS Price List mirror)
2026-06-10,AWS,ap-northeast-1,g6.48xlarge,L4,8.0,ondemand,19.36206,2.4202575,instances.vantage.sh (AWS Price List mirror)
2026-06-10,AWS,ap-northeast-1,g6.48xlarge,L4,8.0,spot,3.6335,0.4541875,instances.vantage.sh (AWS Price List mirror)
2026-06-10,AWS,ap-northeast-1,g6.4xlarge,L4,1.0,ondemand,1.91903,1.91903,instances.vantage.sh (AWS Price List mirror)
2026-06-10,AWS,ap-northeast-1,g6.4xlarge,L4,1.0,spot,0.606,0.606,instances.vantage.sh (AWS Price List mirror)
2026-06-10,AWS,ap-northeast-1,g6.8xlarge,L4,1.0,ondemand,2.92148,2.92148,instances.vantage.sh (AWS Price List mirror)
2026-06-10,AWS,ap-northeast-1,g6.8xlarge,L4,1.0,spot,0.99015,0.99015,instances.vantage.sh (AWS Price List mirror)
2026-06-10,AWS,ap-northeast-1,g6.xlarge,L4,1.0,ondemand,1.1672,1.1672,instances.vantage.sh (AWS Price List mirror)
2026-06-10,AWS,ap-northeast-1,g6.xlarge,L4,1.0,spot,0.4287,0.4287,instances.vantage.sh (AWS Price List mirror)
2026-06-10,AWS,ap-northeast-1,g6e.12xlarge,L40S,4.0,ondemand,15.21742,3.804355,instances.vantage.sh (AWS Price List mirror)
2026-06-10,AWS,ap-northeast-1,g6e.12xlarge,L40S,4.0,spot,4.338,1.0845,instances.vantage.sh (AWS Price List mirror)
2026-06-10,AWS,ap-northeast-1,g6e.16xlarge,L40S,1.0,ondemand,10.98917,10.98917,instances.vantage.sh (AWS Price List mirror)
2026-06-10,AWS,ap-northeast-1,g6e.16xlarge,L40S,1.0,spot,2.31835,2.31835,instances.vantage.sh (AWS Price List mirror)
2026-06-10,AWS,ap-northeast-1,g6e.24xlarge,L40S,4.0,ondemand,21.84956,5.46239,instances.vantage.sh (AWS Price List mirror)
2026-06-10,AWS,ap-northeast-1,g6e.24xlarge,L40S,4.0,spot,3.08775,0.7719375,instances.vantage.sh (AWS Price List mirror)
2026-06-10,AWS,ap-northeast-1,g6e.2xlarge,L40S,1.0,ondemand,3.25168,3.25168,instances.vantage.sh (AWS Price List mirror)
2026-06-10,AWS,ap-northeast-1,g6e.2xlarge,L40S,1.0,spot,1.05515,1.05515,instances.vantage.sh (AWS Price List mirror)
2026-06-10,AWS,ap-northeast-1,g6e.48xlarge,L40S,8.0,ondemand,43.69912,5.46239,instances.vantage.sh (AWS Price List mirror)
2026-06-10,AWS,ap-northeast-1,g6e.48xlarge,L40S,8.0,spot,7.5303,0.9412875,instances.vantage.sh (AWS Price List mirror)
2026-06-10,AWS,ap-northeast-1,g6e.4xlarge,L40S,1.0,ondemand,4.35703,4.35703,instances.vantage.sh (AWS Price List mirror)
2026-06-10,AWS,ap-northeast-1,g6e.4xlarge,L40S,1.0,spot,1.4494,1.4494,instances.vantage.sh (AWS Price List mirror)
2026-06-10,AWS,ap-northeast-1,g6e.8xlarge,L40S,1.0,ondemand,6.56775,6.56775,instances.vantage.sh (AWS Price List mirror)
2026-06-10,AWS,ap-northeast-1,g6e.8xlarge,L40S,1.0,spot,2.27685,2.27685,instances.vantage.sh (AWS Price List mirror)
2026-06-10,AWS,ap-northeast-1,g6e.xlarge,L40S,1.0,ondemand,2.699,2.699,instances.vantage.sh (AWS Price List mirror)
2026-06-10,AWS,ap-northeast-1,g6e.xlarge,L40S,1.0,spot,0.95855,0.95855,instances.vantage.sh (AWS Price List mirror)
2026-06-10,AWS,ap-northeast-1,g6f.2xlarge,L4,0.25,ondemand,0.68888,2.75552,instances.vantage.sh (AWS Price List mirror)
2026-06-10,AWS,ap-northeast-1,g6f.2xlarge,L4,0.25,spot,0.1883,0.7532,instances.vantage.sh (AWS Price List mirror)
2026-06-10,AWS,ap-northeast-1,g6f.4xlarge,L4,0.5,ondemand,1.37776,2.75552,instances.vantage.sh (AWS Price List mirror)
2026-06-10,AWS,ap-northeast-1,g6f.4xlarge,L4,0.5,spot,0.4146,0.8292,instances.vantage.sh (AWS Price List mirror)
2026-06-10,AWS,ap-northeast-1,g6f.large,L4,0.125,ondemand,0.29296,2.34368,instances.vantage.sh (AWS Price List mirror)
2026-06-10,AWS,ap-northeast-1,g6f.large,L4,0.125,spot,0.05395,0.4316,instances.vantage.sh (AWS Price List mirror)
2026-06-10,AWS,ap-northeast-1,g6f.xlarge,L4,0.125,ondemand,0.34444,2.75552,instances.vantage.sh (AWS Price List mirror)
2026-06-10,AWS,ap-northeast-1,g6f.xlarge,L4,0.125,spot,0.08755,0.7004,instances.vantage.sh (AWS Price List mirror)
2026-06-10,AWS,ap-northeast-1,g7e.12xlarge,NVIDIA GB202,2.0,ondemand,12.01727,6.008635,instances.vantage.sh (AWS Price List mirror)
2026-06-10,AWS,ap-northeast-1,g7e.12xlarge,NVIDIA GB202,2.0,spot,3.1009,1.55045,instances.vantage.sh (AWS Price List mirror)
2026-06-10,AWS,ap-northeast-1,g7e.24xlarge,NVIDIA GB202,4.0,ondemand,24.03454,6.008635,instances.vantage.sh (AWS Price List mirror)
2026-06-10,AWS,ap-northeast-1,g7e.24xlarge,NVIDIA GB202,4.0,spot,5.34535,1.3363375,instances.vantage.sh (AWS Price List mirror)
2026-06-10,AWS,ap-northeast-1,g7e.2xlarge,NVIDIA GB202,1.0,ondemand,4.87752,4.87752,instances.vantage.sh (AWS Price List mirror)
2026-06-10,AWS,ap-northeast-1,g7e.2xlarge,NVIDIA GB202,1.0,spot,1.6292,1.6292,instances.vantage.sh (AWS Price List mirror)
2026-06-10,AWS,ap-northeast-1,g7e.48xlarge,NVIDIA GB202,8.0,ondemand,48.06908,6.008635,instances.vantage.sh (AWS Price List mirror)
2026-06-10,AWS,ap-northeast-1,g7e.48xlarge,NVIDIA GB202,8.0,spot,19.40595,2.42574375,instances.vantage.sh (AWS Price List mirror)
2026-06-10,AWS,ap-northeast-1,g7e.4xlarge,NVIDIA GB202,1.0,ondemand,5.79852,5.79852,instances.vantage.sh (AWS Price List mirror)
2026-06-10,AWS,ap-northeast-1,g7e.4xlarge,NVIDIA GB202,1.0,spot,2.1508,2.1508,instances.vantage.sh (AWS Price List mirror)
2026-06-10,AWS,ap-northeast-1,g7e.8xlarge,NVIDIA GB202,1.0,ondemand,7.64051,7.64051,instances.vantage.sh (AWS Price List mirror)
2026-06-10,AWS,ap-northeast-1,g7e.8xlarge,NVIDIA GB202,1.0,spot,1.85115,1.85115,instances.vantage.sh (AWS Price List mirror)
2026-06-10,AWS,ap-northeast-1,gr6.4xlarge,L4,1.0,ondemand,2.2323,2.2323,instances.vantage.sh (AWS Price List mirror)
2026-06-10,AWS,ap-northeast-1,gr6.4xlarge,L4,1.0,spot,0.43635,0.43635,instances.vantage.sh (AWS Price List mirror)
2026-06-10,AWS,ap-northeast-1,gr6.8xlarge,L4,1.0,ondemand,3.54801,3.54801,instances.vantage.sh (AWS Price List mirror)
2026-06-10,AWS,ap-northeast-1,gr6.8xlarge,L4,1.0,spot,0.52825,0.52825,instances.vantage.sh (AWS Price List mirror)
2026-06-10,AWS,ap-northeast-1,gr6f.4xlarge,L4,0.5,ondemand,1.54602,3.09204,instances.vantage.sh (AWS Price List mirror)
2026-06-10,AWS,ap-northeast-1,gr6f.4xlarge,L4,0.5,spot,0.482,0.964,instances.vantage.sh (AWS Price List mirror)
2026-06-10,AWS,ap-northeast-1,inf1.24xlarge,AWS Inferentia,16.0,ondemand,6.376,0.3985,instances.vantage.sh (AWS Price List mirror)
2026-06-10,AWS,ap-northeast-1,inf1.24xlarge,AWS Inferentia,16.0,spot,4.770367,0.2981479375,instances.vantage.sh (AWS Price List mirror)
2026-06-10,AWS,ap-northeast-1,inf1.2xlarge,AWS Inferentia,1.0,ondemand,0.489,0.489,instances.vantage.sh (AWS Price List mirror)
2026-06-10,AWS,ap-northeast-1,inf1.2xlarge,AWS Inferentia,1.0,spot,0.084167,0.084167,instances.vantage.sh (AWS Price List mirror)
2026-06-10,AWS,ap-northeast-1,inf1.6xlarge,AWS Inferentia,4.0,ondemand,1.594,0.3985,instances.vantage.sh (AWS Price List mirror)
2026-06-10,AWS,ap-northeast-1,inf1.6xlarge,AWS Inferentia,4.0,spot,0.434,0.1085,instances.vantage.sh (AWS Price List mirror)
2026-06-10,AWS,ap-northeast-1,inf1.xlarge,AWS Inferentia,1.0,ondemand,0.308,0.308,instances.vantage.sh (AWS Price List mirror)
2026-06-10,AWS,ap-northeast-1,inf1.xlarge,AWS Inferentia,1.0,spot,0.0525,0.0525,instances.vantage.sh (AWS Price List mirror)
2026-06-10,AWS,ap-northeast-1,inf2.24xlarge,AWS Inferentia2,6.0,ondemand,9.73595,1.6226583333333335,instances.vantage.sh (AWS Price List mirror)
2026-06-10,AWS,ap-northeast-1,inf2.24xlarge,AWS Inferentia2,6.0,spot,9.09705,1.5161749999999998,instances.vantage.sh (AWS Price List mirror)
2026-06-10,AWS,ap-northeast-1,inf2.48xlarge,AWS Inferentia2,12.0,ondemand,19.4719,1.6226583333333335,instances.vantage.sh (AWS Price List mirror)
2026-06-10,AWS,ap-northeast-1,inf2.48xlarge,AWS Inferentia2,12.0,spot,19.4719,1.6226583333333335,instances.vantage.sh (AWS Price List mirror)
2026-06-10,AWS,ap-northeast-1,inf2.8xlarge,AWS Inferentia2,1.0,ondemand,2.95179,2.95179,instances.vantage.sh (AWS Price List mirror)
2026-06-10,AWS,ap-northeast-1,inf2.8xlarge,AWS Inferentia2,1.0,spot,2.9518,2.9518,instances.vantage.sh (AWS Price List mirror)
2026-06-10,AWS,ap-northeast-1,inf2.xlarge,AWS Inferentia2,1.0,ondemand,1.1373,1.1373,instances.vantage.sh (AWS Price List mirror)
2026-06-10,AWS,ap-northeast-1,inf2.xlarge,AWS Inferentia2,1.0,spot,0.48525,0.48525,instances.vantage.sh (AWS Price List mirror)
2026-06-10,AWS,ap-northeast-1,p2.16xlarge,K80,16.0,ondemand,24.672,1.542,instances.vantage.sh (AWS Price List mirror)
2026-06-10,AWS,ap-northeast-1,p2.8xlarge,K80,8.0,ondemand,12.336,1.542,instances.vantage.sh (AWS Price List mirror)
2026-06-10,AWS,ap-northeast-1,p2.xlarge,K80,1.0,ondemand,1.542,1.542,instances.vantage.sh (AWS Price List mirror)
2026-06-10,AWS,ap-northeast-1,p3.16xlarge,V100,8.0,ondemand,33.552,4.194,instances.vantage.sh (AWS Price List mirror)
2026-06-10,AWS,ap-northeast-1,p3.16xlarge,V100,8.0,spot,33.552,4.194,instances.vantage.sh (AWS Price List mirror)
2026-06-10,AWS,ap-northeast-1,p3.2xlarge,V100,1.0,ondemand,4.194,4.194,instances.vantage.sh (AWS Price List mirror)
2026-06-10,AWS,ap-northeast-1,p3.2xlarge,V100,1.0,spot,4.194,4.194,instances.vantage.sh (AWS Price List mirror)
2026-06-10,AWS,ap-northeast-1,p3.8xlarge,V100,4.0,ondemand,16.776,4.194,instances.vantage.sh (AWS Price List mirror)
2026-06-10,AWS,ap-northeast-1,p3.8xlarge,V100,4.0,spot,7.4068,1.8517,instances.vantage.sh (AWS Price List mirror)
2026-06-10,AWS,ap-northeast-1,p3dn.24xlarge,V100,8.0,ondemand,42.783,5.347875,instances.vantage.sh (AWS Price List mirror)
2026-06-10,AWS,ap-northeast-1,p3dn.24xlarge,V100,8.0,spot,11.3441,1.4180125,instances.vantage.sh (AWS Price List mirror)
2026-06-10,AWS,ap-northeast-1,p4d.24xlarge,A100,8.0,ondemand,30.09784,3.76223,instances.vantage.sh (AWS Price List mirror)
2026-06-10,AWS,ap-northeast-1,p4d.24xlarge,A100,8.0,spot,20.26585,2.53323125,instances.vantage.sh (AWS Price List mirror)
2026-06-10,AWS,ap-northeast-1,p4de.24xlarge,A100,8.0,ondemand,37.6223,4.7027875,instances.vantage.sh (AWS Price List mirror)
2026-06-10,AWS,ap-northeast-1,p4de.24xlarge,A100,8.0,spot,22.721,2.840125,instances.vantage.sh (AWS Price List mirror)
2026-06-10,AWS,ap-northeast-1,p5.48xlarge,H100,8.0,ondemand,68.8,8.6,instances.vantage.sh (AWS Price List mirror)
2026-06-10,AWS,ap-northeast-1,p5.48xlarge,H100,8.0,spot,25.17405,3.14675625,instances.vantage.sh (AWS Price List mirror)
2026-06-10,AWS,ap-northeast-1,p5.4xlarge,H100,1.0,ondemand,8.6,8.6,instances.vantage.sh (AWS Price List mirror)
2026-06-10,AWS,ap-northeast-1,p5.4xlarge,H100,1.0,spot,2.3361,2.3361,instances.vantage.sh (AWS Price List mirror)
2026-06-10,AWS,ap-northeast-1,p5en.48xlarge,H200,8.0,ondemand,79.12,9.89,instances.vantage.sh (AWS Price List mirror)
2026-06-10,AWS,ap-northeast-1,p5en.48xlarge,H200,8.0,spot,20.2261,2.5282625,instances.vantage.sh (AWS Price List mirror)
2026-06-10,AWS,ap-northeast-1-tpe-1,g4dn.2xlarge,T4,1.0,ondemand,1.371,1.371,instances.vantage.sh (AWS Price List mirror)
2026-06-10,AWS,ap-northeast-1-wl1-kix1,g4dn.2xlarge,T4,1.0,ondemand,1.777,1.777,instances.vantage.sh (AWS Price List mirror)
2026-06-10,AWS,ap-northeast-1-wl1-nrt1,g4dn.2xlarge,T4,1.0,ondemand,1.777,1.777,instances.vantage.sh (AWS Price List mirror)
2026-06-10,AWS,ap-northeast-2,g2.2xlarge,K520,1.0,ondemand,0.898,0.898,instances.vantage.sh (AWS Price List mirror)
2026-06-10,AWS,ap-northeast-2,g2.8xlarge,K520,4.0,ondemand,3.592,0.898,instances.vantage.sh (AWS Price List mirror)
2026-06-10,AWS,ap-northeast-2,g3.16xlarge,M60,4.0,ondemand,5.68,1.42,instances.vantage.sh (AWS Price List mirror)
2026-06-10,AWS,ap-northeast-2,g3.4xlarge,M60,1.0,ondemand,1.42,1.42,instances.vantage.sh (AWS Price List mirror)
2026-06-10,AWS,ap-northeast-2,g3.8xlarge,M60,2.0,ondemand,2.84,1.42,instances.vantage.sh (AWS Price List mirror)
2026-06-10,AWS,ap-northeast-2,g3s.xlarge,M60,1.0,ondemand,0.934,0.934,instances.vantage.sh (AWS Price List mirror)
2026-06-10,AWS,ap-northeast-2,g4dn.12xlarge,T4,4.0,ondemand,4.812,1.203,instances.vantage.sh (AWS Price List mirror)
2026-06-10,AWS,ap-northeast-2,g4dn.12xlarge,T4,4.0,spot,2.382233,0.59555825,instances.vantage.sh (AWS Price List mirror)
2026-06-10,AWS,ap-northeast-2,g4dn.16xlarge,T4,1.0,ondemand,5.353,5.353,instances.vantage.sh (AWS Price List mirror)
2026-06-10,AWS,ap-northeast-2,g4dn.16xlarge,T4,1.0,spot,1.220633,1.220633,instances.vantage.sh (AWS Price List mirror)
2026-06-10,AWS,ap-northeast-2,g4dn.2xlarge,T4,1.0,ondemand,0.925,0.925,instances.vantage.sh (AWS Price List mirror)
2026-06-10,AWS,ap-northeast-2,g4dn.2xlarge,T4,1.0,spot,0.2778,0.2778,instances.vantage.sh (AWS Price List mirror)
2026-06-10,AWS,ap-northeast-2,g4dn.4xlarge,T4,1.0,ondemand,1.481,1.481,instances.vantage.sh (AWS Price List mirror)
2026-06-10,AWS,ap-northeast-2,g4dn.4xlarge,T4,1.0,spot,0.5019,0.5019,instances.vantage.sh (AWS Price List mirror)
2026-06-10,AWS,ap-northeast-2,g4dn.8xlarge,T4,1.0,ondemand,2.677,2.677,instances.vantage.sh (AWS Price List mirror)
2026-06-10,AWS,ap-northeast-2,g4dn.8xlarge,T4,1.0,spot,0.4985,0.4985,instances.vantage.sh (AWS Price List mirror)
2026-06-10,AWS,ap-northeast-2,g4dn.metal,T4,8.0,ondemand,9.624,1.203,instances.vantage.sh (AWS Price List mirror)
2026-06-10,AWS,ap-northeast-2,g4dn.metal,T4,8.0,spot,4.181467,0.522683375,instances.vantage.sh (AWS Price List mirror)
2026-06-10,AWS,ap-northeast-2,g4dn.xlarge,T4,1.0,ondemand,0.647,0.647,instances.vantage.sh (AWS Price List mirror)
2026-06-10,AWS,ap-northeast-2,g4dn.xlarge,T4,1.0,spot,0.233,0.233,instances.vantage.sh (AWS Price List mirror)
2026-06-10,AWS,ap-northeast-2,g5.12xlarge,A10G,4.0,ondemand,6.97442,1.743605,instances.vantage.sh (AWS Price List mirror)
2026-06-10,AWS,ap-northeast-2,g5.12xlarge,A10G,4.0,spot,2.453567,0.61339175,instances.vantage.sh (AWS Price List mirror)
2026-06-10,AWS,ap-northeast-2,g5.16xlarge,A10G,1.0,ondemand,5.03653,5.03653,instances.vantage.sh (AWS Price List mirror)
2026-06-10,AWS,ap-northeast-2,g5.16xlarge,A10G,1.0,spot,0.7406,0.7406,instances.vantage.sh (AWS Price List mirror)
2026-06-10,AWS,ap-northeast-2,g5.24xlarge,A10G,4.0,ondemand,10.01404,2.50351,instances.vantage.sh (AWS Price List mirror)
2026-06-10,AWS,ap-northeast-2,g5.24xlarge,A10G,4.0,spot,3.014333,0.75358325,instances.vantage.sh (AWS Price List mirror)
2026-06-10,AWS,ap-northeast-2,g5.2xlarge,A10G,1.0,ondemand,1.4903,1.4903,instances.vantage.sh (AWS Price List mirror)
2026-06-10,AWS,ap-northeast-2,g5.2xlarge,A10G,1.0,spot,0.444833,0.444833,instances.vantage.sh (AWS Price List mirror)
2026-06-10,AWS,ap-northeast-2,g5.48xlarge,A10G,8.0,ondemand,20.02809,2.50351125,instances.vantage.sh (AWS Price List mirror)
2026-06-10,AWS,ap-northeast-2,g5.48xlarge,A10G,8.0,spot,6.727233,0.840904125,instances.vantage.sh (AWS Price List mirror)
2026-06-10,AWS,ap-northeast-2,g5.4xlarge,A10G,1.0,ondemand,1.99691,1.99691,instances.vantage.sh (AWS Price List mirror)
2026-06-10,AWS,ap-northeast-2,g5.4xlarge,A10G,1.0,spot,0.564267,0.564267,instances.vantage.sh (AWS Price List mirror)
2026-06-10,AWS,ap-northeast-2,g5.8xlarge,A10G,1.0,ondemand,3.01012,3.01012,instances.vantage.sh (AWS Price List mirror)
2026-06-10,AWS,ap-northeast-2,g5.8xlarge,A10G,1.0,spot,0.865467,0.865467,instances.vantage.sh (AWS Price List mirror)
2026-06-10,AWS,ap-northeast-2,g5.xlarge,A10G,1.0,ondemand,1.237,1.237,instances.vantage.sh (AWS Price List mirror)
2026-06-10,AWS,ap-northeast-2,g5.xlarge,A10G,1.0,spot,0.5129,0.5129,instances.vantage.sh (AWS Price List mirror)
2026-06-10,AWS,ap-northeast-2,g5g.16xlarge,T4G,2.0,ondemand,3.3752,1.6876,instances.vantage.sh (AWS Price List mirror)
2026-06-10,AWS,ap-northeast-2,g5g.16xlarge,T4G,2.0,spot,0.3375,0.16875,instances.vantage.sh (AWS Price List mirror)
2026-06-10,AWS,ap-northeast-2,g5g.2xlarge,T4G,1.0,ondemand,0.6839,0.6839,instances.vantage.sh (AWS Price List mirror)
2026-06-10,AWS,ap-northeast-2,g5g.2xlarge,T4G,1.0,spot,0.13605,0.13605,instances.vantage.sh (AWS Price List mirror)
2026-06-10,AWS,ap-northeast-2,g5g.4xlarge,T4G,1.0,ondemand,1.0185,1.0185,instances.vantage.sh (AWS Price List mirror)
2026-06-10,AWS,ap-northeast-2,g5g.4xlarge,T4G,1.0,spot,0.12495,0.12495,instances.vantage.sh (AWS Price List mirror)
2026-06-10,AWS,ap-northeast-2,g5g.8xlarge,T4G,1.0,ondemand,1.6876,1.6876,instances.vantage.sh (AWS Price List mirror)
2026-06-10,AWS,ap-northeast-2,g5g.8xlarge,T4G,1.0,spot,0.1688,0.1688,instances.vantage.sh (AWS Price List mirror)
2026-06-10,AWS,ap-northeast-2,g5g.metal,T4G,2.0,ondemand,3.3752,1.6876,instances.vantage.sh (AWS Price List mirror)
2026-06-10,AWS,ap-northeast-2,g5g.metal,T4G,2.0,spot,0.3665,0.18325,instances.vantage.sh (AWS Price List mirror)
2026-06-10,AWS,ap-northeast-2,g5g.xlarge,T4G,1.0,ondemand,0.5166,0.5166,instances.vantage.sh (AWS Price List mirror)
2026-06-10,AWS,ap-northeast-2,g5g.xlarge,T4G,1.0,spot,0.0697,0.0697,instances.vantage.sh (AWS Price List mirror)
2026-06-10,AWS,ap-northeast-2,g6.12xlarge,L4,4.0,ondemand,5.65823,1.4145575,instances.vantage.sh (AWS Price List mirror)
2026-06-10,AWS,ap-northeast-2,g6.12xlarge,L4,4.0,spot,1.192433,0.29810825,instances.vantage.sh (AWS Price List mirror)
2026-06-10,AWS,ap-northeast-2,g6.16xlarge,L4,1.0,ondemand,4.17678,4.17678,instances.vantage.sh (AWS Price List mirror)
2026-06-10,AWS,ap-northeast-2,g6.16xlarge,L4,1.0,spot,0.7944,0.7944,instances.vantage.sh (AWS Price List mirror)
2026-06-10,AWS,ap-northeast-2,g6.24xlarge,L4,4.0,ondemand,8.20797,2.0519925,instances.vantage.sh (AWS Price List mirror)
2026-06-10,AWS,ap-northeast-2,g6.24xlarge,L4,4.0,spot,1.600167,0.40004175,instances.vantage.sh (AWS Price List mirror)
2026-06-10,AWS,ap-northeast-2,g6.2xlarge,L4,1.0,ondemand,1.20208,1.20208,instances.vantage.sh (AWS Price List mirror)
2026-06-10,AWS,ap-northeast-2,g6.2xlarge,L4,1.0,spot,0.3785,0.3785,instances.vantage.sh (AWS Price List mirror)
2026-06-10,AWS,ap-northeast-2,g6.48xlarge,L4,8.0,ondemand,16.41595,2.05199375,instances.vantage.sh (AWS Price List mirror)
2026-06-10,AWS,ap-northeast-2,g6.48xlarge,L4,8.0,spot,3.036867,0.379608375,instances.vantage.sh (AWS Price List mirror)
2026-06-10,AWS,ap-northeast-2,g6.4xlarge,L4,1.0,ondemand,1.62704,1.62704,instances.vantage.sh (AWS Price List mirror)
2026-06-10,AWS,ap-northeast-2,g6.4xlarge,L4,1.0,spot,0.425567,0.425567,instances.vantage.sh (AWS Price List mirror)
2026-06-10,AWS,ap-northeast-2,g6.8xlarge,L4,1.0,ondemand,2.47695,2.47695,instances.vantage.sh (AWS Price List mirror)
2026-06-10,AWS,ap-northeast-2,g6.8xlarge,L4,1.0,spot,0.456933,0.456933,instances.vantage.sh (AWS Price List mirror)
2026-06-10,AWS,ap-northeast-2,g6.xlarge,L4,1.0,ondemand,0.9896,0.9896,instances.vantage.sh (AWS Price List mirror)
2026-06-10,AWS,ap-northeast-2,g6.xlarge,L4,1.0,spot,0.3019,0.3019,instances.vantage.sh (AWS Price List mirror)
2026-06-10,AWS,ap-northeast-2,g6e.12xlarge,L40S,4.0,ondemand,12.90014,3.225035,instances.vantage.sh (AWS Price List mirror)
2026-06-10,AWS,ap-northeast-2,g6e.12xlarge,L40S,4.0,spot,2.8056,0.7014,instances.vantage.sh (AWS Price List mirror)
2026-06-10,AWS,ap-northeast-2,g6e.16xlarge,L40S,1.0,ondemand,9.31575,9.31575,instances.vantage.sh (AWS Price List mirror)
2026-06-10,AWS,ap-northeast-2,g6e.16xlarge,L40S,1.0,spot,1.6831,1.6831,instances.vantage.sh (AWS Price List mirror)
2026-06-10,AWS,ap-northeast-2,g6e.24xlarge,L40S,4.0,ondemand,18.52234,4.630585,instances.vantage.sh (AWS Price List mirror)
2026-06-10,AWS,ap-northeast-2,g6e.24xlarge,L40S,4.0,spot,2.4206,0.60515,instances.vantage.sh (AWS Price List mirror)
2026-06-10,AWS,ap-northeast-2,g6e.2xlarge,L40S,1.0,ondemand,2.75652,2.75652,instances.vantage.sh (AWS Price List mirror)
2026-06-10,AWS,ap-northeast-2,g6e.2xlarge,L40S,1.0,spot,0.79335,0.79335,instances.vantage.sh (AWS Price List mirror)
2026-06-10,AWS,ap-northeast-2,g6e.48xlarge,L40S,8.0,ondemand,37.04468,4.630585,instances.vantage.sh (AWS Price List mirror)
2026-06-10,AWS,ap-northeast-2,g6e.48xlarge,L40S,8.0,spot,5.92595,0.74074375,instances.vantage.sh (AWS Price List mirror)
2026-06-10,AWS,ap-northeast-2,g6e.4xlarge,L40S,1.0,ondemand,3.69355,3.69355,instances.vantage.sh (AWS Price List mirror)
2026-06-10,AWS,ap-northeast-2,g6e.4xlarge,L40S,1.0,spot,1.111,1.111,instances.vantage.sh (AWS Price List mirror)
2026-06-10,AWS,ap-northeast-2,g6e.8xlarge,L40S,1.0,ondemand,5.56762,5.56762,instances.vantage.sh (AWS Price List mirror)
2026-06-10,AWS,ap-northeast-2,g6e.8xlarge,L40S,1.0,spot,1.35135,1.35135,instances.vantage.sh (AWS Price List mirror)
2026-06-10,AWS,ap-northeast-2,g6e.xlarge,L40S,1.0,ondemand,2.288,2.288,instances.vantage.sh (AWS Price List mirror)
2026-06-10,AWS,ap-northeast-2,g6e.xlarge,L40S,1.0,spot,0.62385,0.62385,instances.vantage.sh (AWS Price List mirror)
2026-06-10,AWS,ap-northeast-2,g6f.2xlarge,L4,0.25,ondemand,0.58406,2.33624,instances.vantage.sh (AWS Price List mirror)
2026-06-10,AWS,ap-northeast-2,g6f.2xlarge,L4,0.25,spot,0.156667,0.626668,instances.vantage.sh (AWS Price List mirror)
2026-06-10,AWS,ap-northeast-2,g6f.4xlarge,L4,0.5,ondemand,1.16812,2.33624,instances.vantage.sh (AWS Price List mirror)
2026-06-10,AWS,ap-northeast-2,g6f.4xlarge,L4,0.5,spot,0.4143,0.8286,instances.vantage.sh (AWS Price List mirror)
2026-06-10,AWS,ap-northeast-2,g6f.large,L4,0.125,ondemand,0.24838,1.98704,instances.vantage.sh (AWS Price List mirror)
2026-06-10,AWS,ap-northeast-2,g6f.large,L4,0.125,spot,0.0358,0.2864,instances.vantage.sh (AWS Price List mirror)
2026-06-10,AWS,ap-northeast-2,g6f.xlarge,L4,0.125,ondemand,0.29203,2.33624,instances.vantage.sh (AWS Price List mirror)
2026-06-10,AWS,ap-northeast-2,g6f.xlarge,L4,0.125,spot,0.081033,0.648264,instances.vantage.sh (AWS Price List mirror)
2026-06-10,AWS,ap-northeast-2,g7e.12xlarge,NVIDIA GB202,2.0,ondemand,10.1873,5.09365,instances.vantage.sh (AWS Price List mirror)
2026-06-10,AWS,ap-northeast-2,g7e.12xlarge,NVIDIA GB202,2.0,spot,3.03555,1.517775,instances.vantage.sh (AWS Price List mirror)
2026-06-10,AWS,ap-northeast-2,g7e.24xlarge,NVIDIA GB202,4.0,ondemand,20.3746,5.09365,instances.vantage.sh (AWS Price List mirror)
2026-06-10,AWS,ap-northeast-2,g7e.24xlarge,NVIDIA GB202,4.0,spot,6.54495,1.6362375,instances.vantage.sh (AWS Price List mirror)
2026-06-10,AWS,ap-northeast-2,g7e.2xlarge,NVIDIA GB202,1.0,ondemand,4.13478,4.13478,instances.vantage.sh (AWS Price List mirror)
2026-06-10,AWS,ap-northeast-2,g7e.2xlarge,NVIDIA GB202,1.0,spot,1.1757,1.1757,instances.vantage.sh (AWS Price List mirror)
2026-06-10,AWS,ap-northeast-2,g7e.48xlarge,NVIDIA GB202,8.0,ondemand,40.74921,5.09365125,instances.vantage.sh (AWS Price List mirror)
2026-06-10,AWS,ap-northeast-2,g7e.48xlarge,NVIDIA GB202,8.0,spot,11.8935,1.4866875,instances.vantage.sh (AWS Price List mirror)
2026-06-10,AWS,ap-northeast-2,g7e.4xlarge,NVIDIA GB202,1.0,ondemand,4.91553,4.91553,instances.vantage.sh (AWS Price List mirror)
2026-06-10,AWS,ap-northeast-2,g7e.4xlarge,NVIDIA GB202,1.0,spot,1.16205,1.16205,instances.vantage.sh (AWS Price List mirror)
2026-06-10,AWS,ap-northeast-2,g7e.8xlarge,NVIDIA GB202,1.0,ondemand,6.47703,6.47703,instances.vantage.sh (AWS Price List mirror)
2026-06-10,AWS,ap-northeast-2,g7e.8xlarge,NVIDIA GB202,1.0,spot,1.7899,1.7899,instances.vantage.sh (AWS Price List mirror)
2026-06-10,AWS,ap-northeast-2,gr6.4xlarge,L4,1.0,ondemand,1.8926,1.8926,instances.vantage.sh (AWS Price List mirror)
2026-06-10,AWS,ap-northeast-2,gr6.4xlarge,L4,1.0,spot,0.3016,0.3016,instances.vantage.sh (AWS Price List mirror)
2026-06-10,AWS,ap-northeast-2,gr6.8xlarge,L4,1.0,ondemand,3.00809,3.00809,instances.vantage.sh (AWS Price List mirror)
2026-06-10,AWS,ap-northeast-2,gr6.8xlarge,L4,1.0,spot,0.36655,0.36655,instances.vantage.sh (AWS Price List mirror)
2026-06-10,AWS,ap-northeast-2,gr6f.4xlarge,L4,0.5,ondemand,1.31075,2.6215,instances.vantage.sh (AWS Price List mirror)
2026-06-10,AWS,ap-northeast-2,gr6f.4xlarge,L4,0.5,spot,0.252033,0.504066,instances.vantage.sh (AWS Price List mirror)
2026-06-10,AWS,ap-northeast-2,inf1.24xlarge,AWS Inferentia,16.0,ondemand,5.812,0.36325,instances.vantage.sh (AWS Price List mirror)
2026-06-10,AWS,ap-northeast-2,inf1.24xlarge,AWS Inferentia,16.0,spot,1.1131,0.06956875,instances.vantage.sh (AWS Price List mirror)
2026-06-10,AWS,ap-northeast-2,inf1.2xlarge,AWS Inferentia,1.0,ondemand,0.446,0.446,instances.vantage.sh (AWS Price List mirror)
2026-06-10,AWS,ap-northeast-2,inf1.2xlarge,AWS Inferentia,1.0,spot,0.0712,0.0712,instances.vantage.sh (AWS Price List mirror)
2026-06-10,AWS,ap-northeast-2,inf1.6xlarge,AWS Inferentia,4.0,ondemand,1.453,0.36325,instances.vantage.sh (AWS Price List mirror)
2026-06-10,AWS,ap-northeast-2,inf1.6xlarge,AWS Inferentia,4.0,spot,0.1929,0.048225,instances.vantage.sh (AWS Price List mirror)
2026-06-10,AWS,ap-northeast-2,inf1.xlarge,AWS Inferentia,1.0,ondemand,0.281,0.281,instances.vantage.sh (AWS Price List mirror)
2026-06-10,AWS,ap-northeast-2,inf1.xlarge,AWS Inferentia,1.0,spot,0.04895,0.04895,instances.vantage.sh (AWS Price List mirror)
2026-06-10,AWS,ap-northeast-2,inf2.xlarge,AWS Inferentia2,1.0,ondemand,0.90984,0.90984,instances.vantage.sh (AWS Price List mirror)
2026-06-10,AWS,ap-northeast-2,inf2.xlarge,AWS Inferentia2,1.0,spot,0.3951,0.3951,instances.vantage.sh (AWS Price List mirror)
2026-06-10,AWS,ap-northeast-2,p2.16xlarge,K80,16.0,ondemand,23.44,1.465,instances.vantage.sh (AWS Price List mirror)
2026-06-10,AWS,ap-northeast-2,p2.8xlarge,K80,8.0,ondemand,11.72,1.465,instances.vantage.sh (AWS Price List mirror)
2026-06-10,AWS,ap-northeast-2,p2.xlarge,K80,1.0,ondemand,1.465,1.465,instances.vantage.sh (AWS Price List mirror)
2026-06-10,AWS,ap-northeast-2,p3.16xlarge,V100,8.0,ondemand,33.872,4.234,instances.vantage.sh (AWS Price List mirror)
2026-06-10,AWS,ap-northeast-2,p3.16xlarge,V100,8.0,spot,33.872,4.234,instances.vantage.sh (AWS Price List mirror)
2026-06-10,AWS,ap-northeast-2,p3.2xlarge,V100,1.0,ondemand,4.234,4.234,instances.vantage.sh (AWS Price List mirror)
2026-06-10,AWS,ap-northeast-2,p3.2xlarge,V100,1.0,spot,4.234,4.234,instances.vantage.sh (AWS Price List mirror)
2026-06-10,AWS,ap-northeast-2,p3.8xlarge,V100,4.0,ondemand,16.936,4.234,instances.vantage.sh (AWS Price List mirror)
2026-06-10,AWS,ap-northeast-2,p3.8xlarge,V100,4.0,spot,16.936,4.234,instances.vantage.sh (AWS Price List mirror)
2026-06-10,AWS,ap-northeast-2,p4d.24xlarge,A100,8.0,ondemand,30.41028,3.801285,instances.vantage.sh (AWS Price List mirror)
2026-06-10,AWS,ap-northeast-2,p4d.24xlarge,A100,8.0,spot,9.6096,1.2012,instances.vantage.sh (AWS Price List mirror)
2026-06-10,AWS,ap-northeast-2,p5.48xlarge,H100,8.0,ondemand,75.9552,9.4944,instances.vantage.sh (AWS Price List mirror)
2026-06-10,AWS,ap-northeast-2,p5en.48xlarge,H200,8.0,ondemand,87.34848,10.91856,instances.vantage.sh (AWS Price List mirror)
2026-06-10,AWS,ap-northeast-2,p5en.48xlarge,H200,8.0,spot,26.2947,3.2868375,instances.vantage.sh (AWS Price List mirror)
2026-06-10,AWS,ap-northeast-2-wl1-cjj1,g4dn.2xlarge,T4,1.0,ondemand,1.249,1.249,instances.vantage.sh (AWS Price List mirror)
2026-06-10,AWS,ap-northeast-2-wl1-sel1,g4dn.2xlarge,T4,1.0,ondemand,1.249,1.249,instances.vantage.sh (AWS Price List mirror)
2026-06-10,AWS,ap-northeast-3,g4dn.12xlarge,T4,4.0,ondemand,5.281,1.32025,instances.vantage.sh (AWS Price List mirror)
2026-06-10,AWS,ap-northeast-3,g4dn.12xlarge,T4,4.0,spot,1.21275,0.3031875,instances.vantage.sh (AWS Price List mirror)
2026-06-10,AWS,ap-northeast-3,g4dn.16xlarge,T4,1.0,ondemand,5.875,5.875,instances.vantage.sh (AWS Price List mirror)
2026-06-10,AWS,ap-northeast-3,g4dn.16xlarge,T4,1.0,spot,1.1195,1.1195,instances.vantage.sh (AWS Price List mirror)
2026-06-10,AWS,ap-northeast-3,g4dn.2xlarge,T4,1.0,ondemand,1.015,1.015,instances.vantage.sh (AWS Price List mirror)
2026-06-10,AWS,ap-northeast-3,g4dn.2xlarge,T4,1.0,spot,0.25495,0.25495,instances.vantage.sh (AWS Price List mirror)
2026-06-10,AWS,ap-northeast-3,g4dn.4xlarge,T4,1.0,ondemand,1.625,1.625,instances.vantage.sh (AWS Price List mirror)
2026-06-10,AWS,ap-northeast-3,g4dn.4xlarge,T4,1.0,spot,0.3903,0.3903,instances.vantage.sh (AWS Price List mirror)
2026-06-10,AWS,ap-northeast-3,g4dn.8xlarge,T4,1.0,ondemand,2.938,2.938,instances.vantage.sh (AWS Price List mirror)
2026-06-10,AWS,ap-northeast-3,g4dn.8xlarge,T4,1.0,spot,0.6614,0.6614,instances.vantage.sh (AWS Price List mirror)
2026-06-10,AWS,ap-northeast-3,g4dn.metal,T4,8.0,ondemand,10.562,1.32025,instances.vantage.sh (AWS Price List mirror)
2026-06-10,AWS,ap-northeast-3,g4dn.metal,T4,8.0,spot,3.37855,0.42231875,instances.vantage.sh (AWS Price List mirror)
2026-06-10,AWS,ap-northeast-3,g4dn.xlarge,T4,1.0,ondemand,0.71,0.71,instances.vantage.sh (AWS Price List mirror)
2026-06-10,AWS,ap-northeast-3,g4dn.xlarge,T4,1.0,spot,0.2319,0.2319,instances.vantage.sh (AWS Price List mirror)
2026-06-10,AWS,ap-northeast-3,g6e.12xlarge,L40S,4.0,ondemand,15.21742,3.804355,instances.vantage.sh (AWS Price List mirror)
2026-06-10,AWS,ap-northeast-3,g6e.12xlarge,L40S,4.0,spot,3.5785,0.894625,instances.vantage.sh (AWS Price List mirror)
2026-06-10,AWS,ap-northeast-3,g6e.16xlarge,L40S,1.0,ondemand,10.98917,10.98917,instances.vantage.sh (AWS Price List mirror)
2026-06-10,AWS,ap-northeast-3,g6e.16xlarge,L40S,1.0,spot,1.98505,1.98505,instances.vantage.sh (AWS Price List mirror)
2026-06-10,AWS,ap-northeast-3,g6e.24xlarge,L40S,4.0,ondemand,21.84956,5.46239,instances.vantage.sh (AWS Price List mirror)
2026-06-10,AWS,ap-northeast-3,g6e.24xlarge,L40S,4.0,spot,4.3102,1.07755,instances.vantage.sh (AWS Price List mirror)
2026-06-10,AWS,ap-northeast-3,g6e.2xlarge,L40S,1.0,ondemand,3.25168,3.25168,instances.vantage.sh (AWS Price List mirror)
2026-06-10,AWS,ap-northeast-3,g6e.2xlarge,L40S,1.0,spot,0.88865,0.88865,instances.vantage.sh (AWS Price List mirror)
2026-06-10,AWS,ap-northeast-3,g6e.48xlarge,L40S,8.0,ondemand,43.69912,5.46239,instances.vantage.sh (AWS Price List mirror)
2026-06-10,AWS,ap-northeast-3,g6e.48xlarge,L40S,8.0,spot,5.58745,0.69843125,instances.vantage.sh (AWS Price List mirror)
2026-06-10,AWS,ap-northeast-3,g6e.4xlarge,L40S,1.0,ondemand,4.35703,4.35703,instances.vantage.sh (AWS Price List mirror)
2026-06-10,AWS,ap-northeast-3,g6e.4xlarge,L40S,1.0,spot,1.12955,1.12955,instances.vantage.sh (AWS Price List mirror)
2026-06-10,AWS,ap-northeast-3,g6e.8xlarge,L40S,1.0,ondemand,6.56775,6.56775,instances.vantage.sh (AWS Price List mirror)
2026-06-10,AWS,ap-northeast-3,g6e.8xlarge,L40S,1.0,spot,1.0795,1.0795,instances.vantage.sh (AWS Price List mirror)
2026-06-10,AWS,ap-northeast-3,g6e.xlarge,L40S,1.0,ondemand,2.699,2.699,instances.vantage.sh (AWS Price List mirror)
2026-06-10,AWS,ap-northeast-3,g6e.xlarge,L40S,1.0,spot,0.71365,0.71365,instances.vantage.sh (AWS Price List mirror)
2026-06-10,AWS,ap-south-1,g4dn.12xlarge,T4,4.0,ondemand,4.306,1.0765,instances.vantage.sh (AWS Price List mirror)
2026-06-10,AWS,ap-south-1,g4dn.12xlarge,T4,4.0,spot,1.943933,0.48598325,instances.vantage.sh (AWS Price List mirror)
2026-06-10,AWS,ap-south-1,g4dn.16xlarge,T4,1.0,ondemand,4.791,4.791,instances.vantage.sh (AWS Price List mirror)
2026-06-10,AWS,ap-south-1,g4dn.16xlarge,T4,1.0,spot,1.366967,1.366967,instances.vantage.sh (AWS Price List mirror)
2026-06-10,AWS,ap-south-1,g4dn.2xlarge,T4,1.0,ondemand,0.828,0.828,instances.vantage.sh (AWS Price List mirror)
2026-06-10,AWS,ap-south-1,g4dn.2xlarge,T4,1.0,spot,0.2699,0.2699,instances.vantage.sh (AWS Price List mirror)
2026-06-10,AWS,ap-south-1,g4dn.4xlarge,T4,1.0,ondemand,1.325,1.325,instances.vantage.sh (AWS Price List mirror)
2026-06-10,AWS,ap-south-1,g4dn.4xlarge,T4,1.0,spot,0.4644,0.4644,instances.vantage.sh (AWS Price List mirror)
2026-06-10,AWS,ap-south-1,g4dn.8xlarge,T4,1.0,ondemand,2.395,2.395,instances.vantage.sh (AWS Price List mirror)
2026-06-10,AWS,ap-south-1,g4dn.8xlarge,T4,1.0,spot,0.766167,0.766167,instances.vantage.sh (AWS Price List mirror)
2026-06-10,AWS,ap-south-1,g4dn.metal,T4,8.0,ondemand,8.612,1.0765,instances.vantage.sh (AWS Price List mirror)
2026-06-10,AWS,ap-south-1,g4dn.metal,T4,8.0,spot,2.7488,0.3436,instances.vantage.sh (AWS Price List mirror)
2026-06-10,AWS,ap-south-1,g4dn.xlarge,T4,1.0,ondemand,0.579,0.579,instances.vantage.sh (AWS Price List mirror)
2026-06-10,AWS,ap-south-1,g4dn.xlarge,T4,1.0,spot,0.213967,0.213967,instances.vantage.sh (AWS Price List mirror)
2026-06-10,AWS,ap-south-1,g5.12xlarge,A10G,4.0,ondemand,6.81091,1.7027275,instances.vantage.sh (AWS Price List mirror)
2026-06-10,AWS,ap-south-1,g5.12xlarge,A10G,4.0,spot,4.78135,1.1953375,instances.vantage.sh (AWS Price List mirror)
2026-06-10,AWS,ap-south-1,g5.16xlarge,A10G,1.0,ondemand,4.91846,4.91846,instances.vantage.sh (AWS Price List mirror)
2026-06-10,AWS,ap-south-1,g5.16xlarge,A10G,1.0,spot,1.17975,1.17975,instances.vantage.sh (AWS Price List mirror)
2026-06-10,AWS,ap-south-1,g5.24xlarge,A10G,4.0,ondemand,9.77928,2.44482,instances.vantage.sh (AWS Price List mirror)
2026-06-10,AWS,ap-south-1,g5.24xlarge,A10G,4.0,spot,6.144,1.536,instances.vantage.sh (AWS Price List mirror)
2026-06-10,AWS,ap-south-1,g5.2xlarge,A10G,1.0,ondemand,1.45536,1.45536,instances.vantage.sh (AWS Price List mirror)
2026-06-10,AWS,ap-south-1,g5.2xlarge,A10G,1.0,spot,0.45505,0.45505,instances.vantage.sh (AWS Price List mirror)
2026-06-10,AWS,ap-south-1,g5.48xlarge,A10G,8.0,ondemand,19.55855,2.44481875,instances.vantage.sh (AWS Price List mirror)
2026-06-10,AWS,ap-south-1,g5.48xlarge,A10G,8.0,spot,12.66715,1.58339375,instances.vantage.sh (AWS Price List mirror)
2026-06-10,AWS,ap-south-1,g5.4xlarge,A10G,1.0,ondemand,1.95009,1.95009,instances.vantage.sh (AWS Price List mirror)
2026-06-10,AWS,ap-south-1,g5.4xlarge,A10G,1.0,spot,0.66095,0.66095,instances.vantage.sh (AWS Price List mirror)
2026-06-10,AWS,ap-south-1,g5.8xlarge,A10G,1.0,ondemand,2.93955,2.93955,instances.vantage.sh (AWS Price List mirror)
2026-06-10,AWS,ap-south-1,g5.8xlarge,A10G,1.0,spot,1.0017,1.0017,instances.vantage.sh (AWS Price List mirror)
2026-06-10,AWS,ap-south-1,g5.xlarge,A10G,1.0,ondemand,1.208,1.208,instances.vantage.sh (AWS Price List mirror)
2026-06-10,AWS,ap-south-1,g5.xlarge,A10G,1.0,spot,0.45535,0.45535,instances.vantage.sh (AWS Price List mirror)
2026-06-10,AWS,ap-south-1,g6.12xlarge,L4,4.0,ondemand,5.52558,1.381395,instances.vantage.sh (AWS Price List mirror)
2026-06-10,AWS,ap-south-1,g6.12xlarge,L4,4.0,spot,2.73145,0.6828625,instances.vantage.sh (AWS Price List mirror)
2026-06-10,AWS,ap-south-1,g6.16xlarge,L4,1.0,ondemand,4.07886,4.07886,instances.vantage.sh (AWS Price List mirror)
2026-06-10,AWS,ap-south-1,g6.16xlarge,L4,1.0,spot,0.6324,0.6324,instances.vantage.sh (AWS Price List mirror)
2026-06-10,AWS,ap-south-1,g6.24xlarge,L4,4.0,ondemand,8.01555,2.0038875,instances.vantage.sh (AWS Price List mirror)
2026-06-10,AWS,ap-south-1,g6.24xlarge,L4,4.0,spot,5.94905,1.4872625,instances.vantage.sh (AWS Price List mirror)
2026-06-10,AWS,ap-south-1,g6.2xlarge,L4,1.0,ondemand,1.1739,1.1739,instances.vantage.sh (AWS Price List mirror)
2026-06-10,AWS,ap-south-1,g6.2xlarge,L4,1.0,spot,0.3623,0.3623,instances.vantage.sh (AWS Price List mirror)
2026-06-10,AWS,ap-south-1,g6.48xlarge,L4,8.0,ondemand,16.0311,2.0038875,instances.vantage.sh (AWS Price List mirror)
2026-06-10,AWS,ap-south-1,g6.48xlarge,L4,8.0,spot,5.42435,0.67804375,instances.vantage.sh (AWS Price List mirror)
2026-06-10,AWS,ap-south-1,g6.4xlarge,L4,1.0,ondemand,1.58889,1.58889,instances.vantage.sh (AWS Price List mirror)
2026-06-10,AWS,ap-south-1,g6.4xlarge,L4,1.0,spot,0.41145,0.41145,instances.vantage.sh (AWS Price List mirror)
2026-06-10,AWS,ap-south-1,g6.8xlarge,L4,1.0,ondemand,2.41888,2.41888,instances.vantage.sh (AWS Price List mirror)
2026-06-10,AWS,ap-south-1,g6.8xlarge,L4,1.0,spot,0.62155,0.62155,instances.vantage.sh (AWS Price List mirror)
2026-06-10,AWS,ap-south-1,g6.xlarge,L4,1.0,ondemand,0.9664,0.9664,instances.vantage.sh (AWS Price List mirror)
2026-06-10,AWS,ap-south-1,g6.xlarge,L4,1.0,spot,0.4295,0.4295,instances.vantage.sh (AWS Price List mirror)
2026-06-10,AWS,ap-south-1,g6e.12xlarge,L40S,4.0,ondemand,12.60131,3.1503275,instances.vantage.sh (AWS Price List mirror)
2026-06-10,AWS,ap-south-1,g6e.12xlarge,L40S,4.0,spot,3.7781,0.944525,instances.vantage.sh (AWS Price List mirror)
2026-06-10,AWS,ap-south-1,g6e.16xlarge,L40S,1.0,ondemand,9.09996,9.09996,instances.vantage.sh (AWS Price List mirror)
2026-06-10,AWS,ap-south-1,g6e.16xlarge,L40S,1.0,spot,1.70015,1.70015,instances.vantage.sh (AWS Price List mirror)
2026-06-10,AWS,ap-south-1,g6e.24xlarge,L40S,4.0,ondemand,18.09328,4.52332,instances.vantage.sh (AWS Price List mirror)
2026-06-10,AWS,ap-south-1,g6e.24xlarge,L40S,4.0,spot,3.77575,0.9439375,instances.vantage.sh (AWS Price List mirror)
2026-06-10,AWS,ap-south-1,g6e.2xlarge,L40S,1.0,ondemand,2.69266,2.69266,instances.vantage.sh (AWS Price List mirror)
2026-06-10,AWS,ap-south-1,g6e.2xlarge,L40S,1.0,spot,0.60385,0.60385,instances.vantage.sh (AWS Price List mirror)
2026-06-10,AWS,ap-south-1,g6e.48xlarge,L40S,8.0,ondemand,36.18656,4.52332,instances.vantage.sh (AWS Price List mirror)
2026-06-10,AWS,ap-south-1,g6e.48xlarge,L40S,8.0,spot,7.74915,0.96864375,instances.vantage.sh (AWS Price List mirror)
2026-06-10,AWS,ap-south-1,g6e.4xlarge,L40S,1.0,ondemand,3.60799,3.60799,instances.vantage.sh (AWS Price List mirror)
2026-06-10,AWS,ap-south-1,g6e.4xlarge,L40S,1.0,spot,0.71335,0.71335,instances.vantage.sh (AWS Price List mirror)
2026-06-10,AWS,ap-south-1,g6e.8xlarge,L40S,1.0,ondemand,5.43865,5.43865,instances.vantage.sh (AWS Price List mirror)
2026-06-10,AWS,ap-south-1,g6e.8xlarge,L40S,1.0,spot,1.91215,1.91215,instances.vantage.sh (AWS Price List mirror)
2026-06-10,AWS,ap-south-1,g6e.xlarge,L40S,1.0,ondemand,2.235,2.235,instances.vantage.sh (AWS Price List mirror)
2026-06-10,AWS,ap-south-1,g6e.xlarge,L40S,1.0,spot,0.5882,0.5882,instances.vantage.sh (AWS Price List mirror)
2026-06-10,AWS,ap-south-1,g6f.2xlarge,L4,0.25,ondemand,0.57038,2.28152,instances.vantage.sh (AWS Price List mirror)
2026-06-10,AWS,ap-south-1,g6f.2xlarge,L4,0.25,spot,0.48605,1.9442,instances.vantage.sh (AWS Price List mirror)
2026-06-10,AWS,ap-south-1,g6f.4xlarge,L4,0.5,ondemand,1.14076,2.28152,instances.vantage.sh (AWS Price List mirror)
2026-06-10,AWS,ap-south-1,g6f.4xlarge,L4,0.5,spot,0.8444,1.6888,instances.vantage.sh (AWS Price List mirror)
2026-06-10,AWS,ap-south-1,g6f.large,L4,0.125,ondemand,0.24256,1.94048,instances.vantage.sh (AWS Price List mirror)
2026-06-10,AWS,ap-south-1,g6f.large,L4,0.125,spot,0.22685,1.8148,instances.vantage.sh (AWS Price List mirror)
2026-06-10,AWS,ap-south-1,g6f.xlarge,L4,0.125,ondemand,0.28519,2.28152,instances.vantage.sh (AWS Price List mirror)
2026-06-10,AWS,ap-south-1,g6f.xlarge,L4,0.125,spot,0.24255,1.9404,instances.vantage.sh (AWS Price List mirror)
2026-06-10,AWS,ap-south-1,gr6.4xlarge,L4,1.0,ondemand,1.8483,1.8483,instances.vantage.sh (AWS Price List mirror)
2026-06-10,AWS,ap-south-1,gr6.4xlarge,L4,1.0,spot,0.4211,0.4211,instances.vantage.sh (AWS Price List mirror)
2026-06-10,AWS,ap-south-1,gr6.8xlarge,L4,1.0,ondemand,2.93768,2.93768,instances.vantage.sh (AWS Price List mirror)
2026-06-10,AWS,ap-south-1,gr6.8xlarge,L4,1.0,spot,0.5429,0.5429,instances.vantage.sh (AWS Price List mirror)
2026-06-10,AWS,ap-south-1,gr6f.4xlarge,L4,0.5,ondemand,1.28007,2.56014,instances.vantage.sh (AWS Price List mirror)
2026-06-10,AWS,ap-south-1,gr6f.4xlarge,L4,0.5,spot,0.86725,1.7345,instances.vantage.sh (AWS Price List mirror)
2026-06-10,AWS,ap-south-1,inf1.24xlarge,AWS Inferentia,16.0,ondemand,4.965,0.3103125,instances.vantage.sh (AWS Price List mirror)
2026-06-10,AWS,ap-south-1,inf1.24xlarge,AWS Inferentia,16.0,spot,0.978767,0.0611729375,instances.vantage.sh (AWS Price List mirror)
2026-06-10,AWS,ap-south-1,inf1.2xlarge,AWS Inferentia,1.0,ondemand,0.381,0.381,instances.vantage.sh (AWS Price List mirror)
2026-06-10,AWS,ap-south-1,inf1.2xlarge,AWS Inferentia,1.0,spot,0.116333,0.116333,instances.vantage.sh (AWS Price List mirror)
2026-06-10,AWS,ap-south-1,inf1.6xlarge,AWS Inferentia,4.0,ondemand,1.241,0.31025,instances.vantage.sh (AWS Price List mirror)
2026-06-10,AWS,ap-south-1,inf1.6xlarge,AWS Inferentia,4.0,spot,0.3585,0.089625,instances.vantage.sh (AWS Price List mirror)
2026-06-10,AWS,ap-south-1,inf1.xlarge,AWS Inferentia,1.0,ondemand,0.24,0.24,instances.vantage.sh (AWS Price List mirror)
2026-06-10,AWS,ap-south-1,inf1.xlarge,AWS Inferentia,1.0,spot,0.072167,0.072167,instances.vantage.sh (AWS Price List mirror)
2026-06-10,AWS,ap-south-1,inf2.24xlarge,AWS Inferentia2,6.0,ondemand,8.43782,1.4063033333333335,instances.vantage.sh (AWS Price List mirror)
2026-06-10,AWS,ap-south-1,inf2.24xlarge,AWS Inferentia2,6.0,spot,1.03695,0.172825,instances.vantage.sh (AWS Price List mirror)
2026-06-10,AWS,ap-south-1,inf2.48xlarge,AWS Inferentia2,12.0,ondemand,16.87565,1.4063041666666667,instances.vantage.sh (AWS Price List mirror)
2026-06-10,AWS,ap-south-1,inf2.48xlarge,AWS Inferentia2,12.0,spot,2.09125,0.17427083333333335,instances.vantage.sh (AWS Price List mirror)
2026-06-10,AWS,ap-south-1,inf2.8xlarge,AWS Inferentia2,1.0,ondemand,2.55822,2.55822,instances.vantage.sh (AWS Price List mirror)
2026-06-10,AWS,ap-south-1,inf2.8xlarge,AWS Inferentia2,1.0,spot,0.45865,0.45865,instances.vantage.sh (AWS Price List mirror)
2026-06-10,AWS,ap-south-1,inf2.xlarge,AWS Inferentia2,1.0,ondemand,0.98566,0.98566,instances.vantage.sh (AWS Price List mirror)
2026-06-10,AWS,ap-south-1,inf2.xlarge,AWS Inferentia2,1.0,spot,0.26315,0.26315,instances.vantage.sh (AWS Price List mirror)
2026-06-10,AWS,ap-south-1,p2.16xlarge,K80,16.0,ondemand,27.488,1.718,instances.vantage.sh (AWS Price List mirror)
2026-06-10,AWS,ap-south-1,p2.8xlarge,K80,8.0,ondemand,13.744,1.718,instances.vantage.sh (AWS Price List mirror)
2026-06-10,AWS,ap-south-1,p2.xlarge,K80,1.0,ondemand,1.718,1.718,instances.vantage.sh (AWS Price List mirror)
2026-06-10,AWS,ap-south-1,p4d.24xlarge,A100,8.0,ondemand,26.3444,3.29305,instances.vantage.sh (AWS Price List mirror)
2026-06-10,AWS,ap-south-1,p4d.24xlarge,A100,8.0,spot,20.8245,2.6030625,instances.vantage.sh (AWS Price List mirror)
2026-06-10,AWS,ap-south-1,p5.48xlarge,H100,8.0,ondemand,66.048,8.256,instances.vantage.sh (AWS Price List mirror)
2026-06-10,AWS,ap-south-1,p5.48xlarge,H100,8.0,spot,19.5833,2.4479125,instances.vantage.sh (AWS Price List mirror)
2026-06-10,AWS,ap-south-1,p5.4xlarge,H100,1.0,ondemand,8.256,8.256,instances.vantage.sh (AWS Price List mirror)
2026-06-10,AWS,ap-south-1,p5.4xlarge,H100,1.0,spot,5.43965,5.43965,instances.vantage.sh (AWS Price List mirror)
2026-06-10,AWS,ap-south-1,p5en.48xlarge,H200,8.0,ondemand,75.9552,9.4944,instances.vantage.sh (AWS Price List mirror)
2026-06-10,AWS,ap-south-1,p5en.48xlarge,H200,8.0,spot,60.18135,7.52266875,instances.vantage.sh (AWS Price List mirror)
2026-06-10,AWS,ap-south-1-ccu-1,g4dn.2xlarge,T4,1.0,ondemand,1.2,1.2,instances.vantage.sh (AWS Price List mirror)
2026-06-10,AWS,ap-south-1-del-1,g4dn.2xlarge,T4,1.0,ondemand,1.2,1.2,instances.vantage.sh (AWS Price List mirror)
2026-06-10,AWS,ap-south-2,g6.12xlarge,L4,4.0,ondemand,5.52558,1.381395,instances.vantage.sh (AWS Price List mirror)
2026-06-10,AWS,ap-south-2,g6.16xlarge,L4,1.0,ondemand,4.07886,4.07886,instances.vantage.sh (AWS Price List mirror)
2026-06-10,AWS,ap-south-2,g6.24xlarge,L4,4.0,ondemand,8.01555,2.0038875,instances.vantage.sh (AWS Price List mirror)
2026-06-10,AWS,ap-south-2,g6.2xlarge,L4,1.0,ondemand,1.1739,1.1739,instances.vantage.sh (AWS Price List mirror)
2026-06-10,AWS,ap-south-2,g6.48xlarge,L4,8.0,ondemand,16.0311,2.0038875,instances.vantage.sh (AWS Price List mirror)
2026-06-10,AWS,ap-south-2,g6.4xlarge,L4,1.0,ondemand,1.58889,1.58889,instances.vantage.sh (AWS Price List mirror)
2026-06-10,AWS,ap-south-2,g6.8xlarge,L4,1.0,ondemand,2.41888,2.41888,instances.vantage.sh (AWS Price List mirror)
2026-06-10,AWS,ap-south-2,g6.xlarge,L4,1.0,ondemand,0.9664,0.9664,instances.vantage.sh (AWS Price List mirror)
2026-06-10,AWS,ap-south-2,g6e.12xlarge,L40S,4.0,ondemand,12.60131,3.1503275,instances.vantage.sh (AWS Price List mirror)
2026-06-10,AWS,ap-south-2,g6e.16xlarge,L40S,1.0,ondemand,9.09996,9.09996,instances.vantage.sh (AWS Price List mirror)
2026-06-10,AWS,ap-south-2,g6e.24xlarge,L40S,4.0,ondemand,18.09328,4.52332,instances.vantage.sh (AWS Price List mirror)
2026-06-10,AWS,ap-south-2,g6e.2xlarge,L40S,1.0,ondemand,2.69266,2.69266,instances.vantage.sh (AWS Price List mirror)
2026-06-10,AWS,ap-south-2,g6e.48xlarge,L40S,8.0,ondemand,36.18656,4.52332,instances.vantage.sh (AWS Price List mirror)
2026-06-10,AWS,ap-south-2,g6e.4xlarge,L40S,1.0,ondemand,3.60799,3.60799,instances.vantage.sh (AWS Price List mirror)
2026-06-10,AWS,ap-south-2,g6e.8xlarge,L40S,1.0,ondemand,5.43865,5.43865,instances.vantage.sh (AWS Price List mirror)
2026-06-10,AWS,ap-south-2,g6e.xlarge,L40S,1.0,ondemand,2.235,2.235,instances.vantage.sh (AWS Price List mirror)
2026-06-10,AWS,ap-southeast-1,g2.2xlarge,K520,1.0,ondemand,1.0,1.0,instances.vantage.sh (AWS Price List mirror)
2026-06-10,AWS,ap-southeast-1,g2.8xlarge,K520,4.0,ondemand,4.0,1.0,instances.vantage.sh (AWS Price List mirror)
2026-06-10,AWS,ap-southeast-1,g3.16xlarge,M60,4.0,ondemand,6.68,1.67,instances.vantage.sh (AWS Price List mirror)
2026-06-10,AWS,ap-southeast-1,g3.4xlarge,M60,1.0,ondemand,1.67,1.67,instances.vantage.sh (AWS Price List mirror)
2026-06-10,AWS,ap-southeast-1,g3.8xlarge,M60,2.0,ondemand,3.34,1.67,instances.vantage.sh (AWS Price List mirror)
2026-06-10,AWS,ap-southeast-1,g4dn.12xlarge,T4,4.0,ondemand,5.474,1.3685,instances.vantage.sh (AWS Price List mirror)
2026-06-10,AWS,ap-southeast-1,g4dn.12xlarge,T4,4.0,spot,1.9775,0.494375,instances.vantage.sh (AWS Price List mirror)
2026-06-10,AWS,ap-southeast-1,g4dn.16xlarge,T4,1.0,ondemand,6.089,6.089,instances.vantage.sh (AWS Price List mirror)
2026-06-10,AWS,ap-southeast-1,g4dn.16xlarge,T4,1.0,spot,1.486033,1.486033,instances.vantage.sh (AWS Price List mirror)
2026-06-10,AWS,ap-southeast-1,g4dn.2xlarge,T4,1.0,ondemand,1.052,1.052,instances.vantage.sh (AWS Price List mirror)
2026-06-10,AWS,ap-southeast-1,g4dn.2xlarge,T4,1.0,spot,0.4806,0.4806,instances.vantage.sh (AWS Price List mirror)
2026-06-10,AWS,ap-southeast-1,g4dn.4xlarge,T4,1.0,ondemand,1.685,1.685,instances.vantage.sh (AWS Price List mirror)
2026-06-10,AWS,ap-southeast-1,g4dn.4xlarge,T4,1.0,spot,0.704267,0.704267,instances.vantage.sh (AWS Price List mirror)
2026-06-10,AWS,ap-southeast-1,g4dn.8xlarge,T4,1.0,ondemand,3.045,3.045,instances.vantage.sh (AWS Price List mirror)
2026-06-10,AWS,ap-southeast-1,g4dn.8xlarge,T4,1.0,spot,0.9263,0.9263,instances.vantage.sh (AWS Price List mirror)
2026-06-10,AWS,ap-southeast-1,g4dn.metal,T4,8.0,ondemand,10.948,1.3685,instances.vantage.sh (AWS Price List mirror)
2026-06-10,AWS,ap-southeast-1,g4dn.metal,T4,8.0,spot,3.089433,0.386179125,instances.vantage.sh (AWS Price List mirror)
2026-06-10,AWS,ap-southeast-1,g4dn.xlarge,T4,1.0,ondemand,0.736,0.736,instances.vantage.sh (AWS Price List mirror)
2026-06-10,AWS,ap-southeast-1,g4dn.xlarge,T4,1.0,spot,0.3091,0.3091,instances.vantage.sh (AWS Price List mirror)
2026-06-10,AWS,ap-southeast-1,g5g.16xlarge,T4G,2.0,ondemand,3.8395,1.91975,instances.vantage.sh (AWS Price List mirror)
2026-06-10,AWS,ap-southeast-1,g5g.16xlarge,T4G,2.0,spot,0.99805,0.499025,instances.vantage.sh (AWS Price List mirror)
2026-06-10,AWS,ap-southeast-1,g5g.2xlarge,T4G,1.0,ondemand,0.778,0.778,instances.vantage.sh (AWS Price List mirror)
2026-06-10,AWS,ap-southeast-1,g5g.2xlarge,T4G,1.0,spot,0.258,0.258,instances.vantage.sh (AWS Price List mirror)
2026-06-10,AWS,ap-southeast-1,g5g.4xlarge,T4G,1.0,ondemand,1.1586,1.1586,instances.vantage.sh (AWS Price List mirror)
2026-06-10,AWS,ap-southeast-1,g5g.4xlarge,T4G,1.0,spot,0.39805,0.39805,instances.vantage.sh (AWS Price List mirror)
2026-06-10,AWS,ap-southeast-1,g5g.8xlarge,T4G,1.0,ondemand,1.9198,1.9198,instances.vantage.sh (AWS Price List mirror)
2026-06-10,AWS,ap-southeast-1,g5g.8xlarge,T4G,1.0,spot,0.7515,0.7515,instances.vantage.sh (AWS Price List mirror)
2026-06-10,AWS,ap-southeast-1,g5g.metal,T4G,2.0,ondemand,3.8395,1.91975,instances.vantage.sh (AWS Price List mirror)
2026-06-10,AWS,ap-southeast-1,g5g.metal,T4G,2.0,spot,0.7018,0.3509,instances.vantage.sh (AWS Price List mirror)
2026-06-10,AWS,ap-southeast-1,g5g.xlarge,T4G,1.0,ondemand,0.5877,0.5877,instances.vantage.sh (AWS Price List mirror)
2026-06-10,AWS,ap-southeast-1,g5g.xlarge,T4G,1.0,spot,0.2162,0.2162,instances.vantage.sh (AWS Price List mirror)
2026-06-10,AWS,ap-southeast-1,inf1.24xlarge,AWS Inferentia,16.0,ondemand,6.376,0.3985,instances.vantage.sh (AWS Price List mirror)
2026-06-10,AWS,ap-southeast-1,inf1.24xlarge,AWS Inferentia,16.0,spot,2.992567,0.1870354375,instances.vantage.sh (AWS Price List mirror)
2026-06-10,AWS,ap-southeast-1,inf1.2xlarge,AWS Inferentia,1.0,ondemand,0.489,0.489,instances.vantage.sh (AWS Price List mirror)
2026-06-10,AWS,ap-southeast-1,inf1.2xlarge,AWS Inferentia,1.0,spot,0.147967,0.147967,instances.vantage.sh (AWS Price List mirror)
2026-06-10,AWS,ap-southeast-1,inf1.6xlarge,AWS Inferentia,4.0,ondemand,1.594,0.3985,instances.vantage.sh (AWS Price List mirror)
2026-06-10,AWS,ap-southeast-1,inf1.6xlarge,AWS Inferentia,4.0,spot,0.3429,0.085725,instances.vantage.sh (AWS Price List mirror)
2026-06-10,AWS,ap-southeast-1,inf1.xlarge,AWS Inferentia,1.0,ondemand,0.308,0.308,instances.vantage.sh (AWS Price List mirror)
2026-06-10,AWS,ap-southeast-1,inf1.xlarge,AWS Inferentia,1.0,spot,0.0748,0.0748,instances.vantage.sh (AWS Price List mirror)
2026-06-10,AWS,ap-southeast-1,inf2.24xlarge,AWS Inferentia2,6.0,ondemand,9.08689,1.5144816666666667,instances.vantage.sh (AWS Price List mirror)
2026-06-10,AWS,ap-southeast-1,inf2.24xlarge,AWS Inferentia2,6.0,spot,5.454,0.9089999999999999,instances.vantage.sh (AWS Price List mirror)
2026-06-10,AWS,ap-southeast-1,inf2.48xlarge,AWS Inferentia2,12.0,ondemand,18.17377,1.5144808333333335,instances.vantage.sh (AWS Price List mirror)
2026-06-10,AWS,ap-southeast-1,inf2.48xlarge,AWS Inferentia2,12.0,spot,10.26435,0.8553625,instances.vantage.sh (AWS Price List mirror)
2026-06-10,AWS,ap-southeast-1,inf2.8xlarge,AWS Inferentia2,1.0,ondemand,2.755,2.755,instances.vantage.sh (AWS Price List mirror)
2026-06-10,AWS,ap-southeast-1,inf2.8xlarge,AWS Inferentia2,1.0,spot,1.70415,1.70415,instances.vantage.sh (AWS Price List mirror)
2026-06-10,AWS,ap-southeast-1,inf2.xlarge,AWS Inferentia2,1.0,ondemand,1.06148,1.06148,instances.vantage.sh (AWS Price List mirror)
2026-06-10,AWS,ap-southeast-1,inf2.xlarge,AWS Inferentia2,1.0,spot,0.2151,0.2151,instances.vantage.sh (AWS Price List mirror)
2026-06-10,AWS,ap-southeast-1,p2.16xlarge,K80,16.0,ondemand,27.488,1.718,instances.vantage.sh (AWS Price List mirror)
2026-06-10,AWS,ap-southeast-1,p2.8xlarge,K80,8.0,ondemand,13.744,1.718,instances.vantage.sh (AWS Price List mirror)
2026-06-10,AWS,ap-southeast-1,p2.xlarge,K80,1.0,ondemand,1.718,1.718,instances.vantage.sh (AWS Price List mirror)
2026-06-10,AWS,ap-southeast-1,p3.16xlarge,V100,8.0,ondemand,33.872,4.234,instances.vantage.sh (AWS Price List mirror)
2026-06-10,AWS,ap-southeast-1,p3.16xlarge,V100,8.0,spot,33.872,4.234,instances.vantage.sh (AWS Price List mirror)
2026-06-10,AWS,ap-southeast-1,p3.2xlarge,V100,1.0,ondemand,4.234,4.234,instances.vantage.sh (AWS Price List mirror)
2026-06-10,AWS,ap-southeast-1,p3.2xlarge,V100,1.0,spot,2.8282,2.8282,instances.vantage.sh (AWS Price List mirror)
2026-06-10,AWS,ap-southeast-1,p3.8xlarge,V100,4.0,ondemand,16.936,4.234,instances.vantage.sh (AWS Price List mirror)
2026-06-10,AWS,ap-southeast-1,p3.8xlarge,V100,4.0,spot,16.936,4.234,instances.vantage.sh (AWS Price List mirror)
2026-06-10,AWS,ap-southeast-1,p4d.24xlarge,A100,8.0,ondemand,26.34917,3.29364625,instances.vantage.sh (AWS Price List mirror)
2026-06-10,AWS,ap-southeast-1,p4de.24xlarge,A100,8.0,ondemand,32.93646,4.1170575,instances.vantage.sh (AWS Price List mirror)
2026-06-10,AWS,ap-southeast-1,p4de.24xlarge,A100,8.0,spot,32.9365,4.1170625,instances.vantage.sh (AWS Price List mirror)
2026-06-10,AWS,ap-southeast-1-bkk-1,g4dn.2xlarge,T4,1.0,ondemand,1.578,1.578,instances.vantage.sh (AWS Price List mirror)
2026-06-10,AWS,ap-southeast-1-mnl-1,g4dn.2xlarge,T4,1.0,ondemand,1.368,1.368,instances.vantage.sh (AWS Price List mirror)
2026-06-10,AWS,ap-southeast-2,g2.2xlarge,K520,1.0,ondemand,0.898,0.898,instances.vantage.sh (AWS Price List mirror)
2026-06-10,AWS,ap-southeast-2,g2.8xlarge,K520,4.0,ondemand,3.592,0.898,instances.vantage.sh (AWS Price List mirror)
2026-06-10,AWS,ap-southeast-2,g3.16xlarge,M60,4.0,ondemand,7.016,1.754,instances.vantage.sh (AWS Price List mirror)
2026-06-10,AWS,ap-southeast-2,g3.4xlarge,M60,1.0,ondemand,1.754,1.754,instances.vantage.sh (AWS Price List mirror)
2026-06-10,AWS,ap-southeast-2,g3.8xlarge,M60,2.0,ondemand,3.508,1.754,instances.vantage.sh (AWS Price List mirror)
2026-06-10,AWS,ap-southeast-2,g3s.xlarge,M60,1.0,ondemand,1.154,1.154,instances.vantage.sh (AWS Price List mirror)
2026-06-10,AWS,ap-southeast-2,g4dn.12xlarge,T4,4.0,ondemand,5.087,1.27175,instances.vantage.sh (AWS Price List mirror)
2026-06-10,AWS,ap-southeast-2,g4dn.12xlarge,T4,4.0,spot,1.9452,0.4863,instances.vantage.sh (AWS Price List mirror)
2026-06-10,AWS,ap-southeast-2,g4dn.16xlarge,T4,1.0,ondemand,5.659,5.659,instances.vantage.sh (AWS Price List mirror)
2026-06-10,AWS,ap-southeast-2,g4dn.16xlarge,T4,1.0,spot,0.958733,0.958733,instances.vantage.sh (AWS Price List mirror)
2026-06-10,AWS,ap-southeast-2,g4dn.2xlarge,T4,1.0,ondemand,0.978,0.978,instances.vantage.sh (AWS Price List mirror)
2026-06-10,AWS,ap-southeast-2,g4dn.2xlarge,T4,1.0,spot,0.457933,0.457933,instances.vantage.sh (AWS Price List mirror)
2026-06-10,AWS,ap-southeast-2,g4dn.4xlarge,T4,1.0,ondemand,1.566,1.566,instances.vantage.sh (AWS Price List mirror)
2026-06-10,AWS,ap-southeast-2,g4dn.4xlarge,T4,1.0,spot,0.548533,0.548533,instances.vantage.sh (AWS Price List mirror)
2026-06-10,AWS,ap-southeast-2,g4dn.8xlarge,T4,1.0,ondemand,2.83,2.83,instances.vantage.sh (AWS Price List mirror)
2026-06-10,AWS,ap-southeast-2,g4dn.8xlarge,T4,1.0,spot,0.864533,0.864533,instances.vantage.sh (AWS Price List mirror)
2026-06-10,AWS,ap-southeast-2,g4dn.metal,T4,8.0,ondemand,10.174,1.27175,instances.vantage.sh (AWS Price List mirror)
2026-06-10,AWS,ap-southeast-2,g4dn.metal,T4,8.0,spot,3.884833,0.485604125,instances.vantage.sh (AWS Price List mirror)
2026-06-10,AWS,ap-southeast-2,g4dn.xlarge,T4,1.0,ondemand,0.684,0.684,instances.vantage.sh (AWS Price List mirror)
2026-06-10,AWS,ap-southeast-2,g4dn.xlarge,T4,1.0,spot,0.311967,0.311967,instances.vantage.sh (AWS Price List mirror)
2026-06-10,AWS,ap-southeast-2,g5.12xlarge,A10G,4.0,ondemand,7.37473,1.8436825,instances.vantage.sh (AWS Price List mirror)
2026-06-10,AWS,ap-southeast-2,g5.12xlarge,A10G,4.0,spot,3.40675,0.8516875,instances.vantage.sh (AWS Price List mirror)
2026-06-10,AWS,ap-southeast-2,g5.16xlarge,A10G,1.0,ondemand,5.32561,5.32561,instances.vantage.sh (AWS Price List mirror)
2026-06-10,AWS,ap-southeast-2,g5.16xlarge,A10G,1.0,spot,1.3277,1.3277,instances.vantage.sh (AWS Price List mirror)
2026-06-10,AWS,ap-southeast-2,g5.24xlarge,A10G,4.0,ondemand,10.58882,2.647205,instances.vantage.sh (AWS Price List mirror)
2026-06-10,AWS,ap-southeast-2,g5.24xlarge,A10G,4.0,spot,10.5888,2.6472,instances.vantage.sh (AWS Price List mirror)
2026-06-10,AWS,ap-southeast-2,g5.2xlarge,A10G,1.0,ondemand,1.57584,1.57584,instances.vantage.sh (AWS Price List mirror)
2026-06-10,AWS,ap-southeast-2,g5.2xlarge,A10G,1.0,spot,0.80125,0.80125,instances.vantage.sh (AWS Price List mirror)
2026-06-10,AWS,ap-southeast-2,g5.48xlarge,A10G,8.0,ondemand,21.17764,2.647205,instances.vantage.sh (AWS Price List mirror)
2026-06-10,AWS,ap-southeast-2,g5.48xlarge,A10G,8.0,spot,13.59665,1.69958125,instances.vantage.sh (AWS Price List mirror)
2026-06-10,AWS,ap-southeast-2,g5.4xlarge,A10G,1.0,ondemand,2.11152,2.11152,instances.vantage.sh (AWS Price List mirror)
2026-06-10,AWS,ap-southeast-2,g5.4xlarge,A10G,1.0,spot,1.06235,1.06235,instances.vantage.sh (AWS Price List mirror)
2026-06-10,AWS,ap-southeast-2,g5.8xlarge,A10G,1.0,ondemand,3.18289,3.18289,instances.vantage.sh (AWS Price List mirror)
2026-06-10,AWS,ap-southeast-2,g5.8xlarge,A10G,1.0,spot,1.34455,1.34455,instances.vantage.sh (AWS Price List mirror)
2026-06-10,AWS,ap-southeast-2,g5.xlarge,A10G,1.0,ondemand,1.308,1.308,instances.vantage.sh (AWS Price List mirror)
2026-06-10,AWS,ap-southeast-2,g5.xlarge,A10G,1.0,spot,0.7161,0.7161,instances.vantage.sh (AWS Price List mirror)
2026-06-10,AWS,ap-southeast-2,g6.12xlarge,L4,4.0,ondemand,5.98299,1.4957475,instances.vantage.sh (AWS Price List mirror)
2026-06-10,AWS,ap-southeast-2,g6.12xlarge,L4,4.0,spot,1.754933,0.43873325,instances.vantage.sh (AWS Price List mirror)
2026-06-10,AWS,ap-southeast-2,g6.16xlarge,L4,1.0,ondemand,4.41652,4.41652,instances.vantage.sh (AWS Price List mirror)
2026-06-10,AWS,ap-southeast-2,g6.16xlarge,L4,1.0,spot,1.497667,1.497667,instances.vantage.sh (AWS Price List mirror)
2026-06-10,AWS,ap-southeast-2,g6.24xlarge,L4,4.0,ondemand,8.67909,2.1697725,instances.vantage.sh (AWS Price List mirror)
2026-06-10,AWS,ap-southeast-2,g6.24xlarge,L4,4.0,spot,2.244167,0.56104175,instances.vantage.sh (AWS Price List mirror)
2026-06-10,AWS,ap-southeast-2,g6.2xlarge,L4,1.0,ondemand,1.27107,1.27107,instances.vantage.sh (AWS Price List mirror)
2026-06-10,AWS,ap-southeast-2,g6.2xlarge,L4,1.0,spot,0.639,0.639,instances.vantage.sh (AWS Price List mirror)
2026-06-10,AWS,ap-southeast-2,g6.48xlarge,L4,8.0,ondemand,17.35817,2.16977125,instances.vantage.sh (AWS Price List mirror)
2026-06-10,AWS,ap-southeast-2,g6.48xlarge,L4,8.0,spot,6.2695,0.7836875,instances.vantage.sh (AWS Price List mirror)
2026-06-10,AWS,ap-southeast-2,g6.4xlarge,L4,1.0,ondemand,1.72042,1.72042,instances.vantage.sh (AWS Price List mirror)
2026-06-10,AWS,ap-southeast-2,g6.4xlarge,L4,1.0,spot,0.949433,0.949433,instances.vantage.sh (AWS Price List mirror)
2026-06-10,AWS,ap-southeast-2,g6.8xlarge,L4,1.0,ondemand,2.61912,2.61912,instances.vantage.sh (AWS Price List mirror)
2026-06-10,AWS,ap-southeast-2,g6.8xlarge,L4,1.0,spot,1.190567,1.190567,instances.vantage.sh (AWS Price List mirror)
2026-06-10,AWS,ap-southeast-2,g6.xlarge,L4,1.0,ondemand,1.0464,1.0464,instances.vantage.sh (AWS Price List mirror)
2026-06-10,AWS,ap-southeast-2,g6.xlarge,L4,1.0,spot,0.551233,0.551233,instances.vantage.sh (AWS Price List mirror)
2026-06-10,AWS,ap-southeast-2,g6f.2xlarge,L4,0.25,ondemand,0.61759,2.47036,instances.vantage.sh (AWS Price List mirror)
2026-06-10,AWS,ap-southeast-2,g6f.2xlarge,L4,0.25,spot,0.4222,1.6888,instances.vantage.sh (AWS Price List mirror)
2026-06-10,AWS,ap-southeast-2,g6f.4xlarge,L4,0.5,ondemand,1.23517,2.47034,instances.vantage.sh (AWS Price List mirror)
2026-06-10,AWS,ap-southeast-2,g6f.4xlarge,L4,0.5,spot,0.8596,1.7192,instances.vantage.sh (AWS Price List mirror)
2026-06-10,AWS,ap-southeast-2,g6f.large,L4,0.125,ondemand,0.26264,2.10112,instances.vantage.sh (AWS Price List mirror)
2026-06-10,AWS,ap-southeast-2,g6f.large,L4,0.125,spot,0.1581,1.2648,instances.vantage.sh (AWS Price List mirror)
2026-06-10,AWS,ap-southeast-2,g6f.xlarge,L4,0.125,ondemand,0.30879,2.47032,instances.vantage.sh (AWS Price List mirror)
2026-06-10,AWS,ap-southeast-2,g6f.xlarge,L4,0.125,spot,0.21505,1.7204,instances.vantage.sh (AWS Price List mirror)
2026-06-10,AWS,ap-southeast-2,gr6.4xlarge,L4,1.0,ondemand,2.0012,2.0012,instances.vantage.sh (AWS Price List mirror)
2026-06-10,AWS,ap-southeast-2,gr6.4xlarge,L4,1.0,spot,0.50475,0.50475,instances.vantage.sh (AWS Price List mirror)
2026-06-10,AWS,ap-southeast-2,gr6.8xlarge,L4,1.0,ondemand,3.1807,3.1807,instances.vantage.sh (AWS Price List mirror)
2026-06-10,AWS,ap-southeast-2,gr6.8xlarge,L4,1.0,spot,0.78595,0.78595,instances.vantage.sh (AWS Price List mirror)
2026-06-10,AWS,ap-southeast-2,gr6f.4xlarge,L4,0.5,ondemand,1.38597,2.77194,instances.vantage.sh (AWS Price List mirror)
2026-06-10,AWS,ap-southeast-2,gr6f.4xlarge,L4,0.5,spot,0.93015,1.8603,instances.vantage.sh (AWS Price List mirror)
2026-06-10,AWS,ap-southeast-2,inf1.24xlarge,AWS Inferentia,16.0,ondemand,5.902,0.368875,instances.vantage.sh (AWS Price List mirror)
2026-06-10,AWS,ap-southeast-2,inf1.24xlarge,AWS Inferentia,16.0,spot,1.017867,0.0636166875,instances.vantage.sh (AWS Price List mirror)
2026-06-10,AWS,ap-southeast-2,inf1.2xlarge,AWS Inferentia,1.0,ondemand,0.453,0.453,instances.vantage.sh (AWS Price List mirror)
2026-06-10,AWS,ap-southeast-2,inf1.2xlarge,AWS Inferentia,1.0,spot,0.154567,0.154567,instances.vantage.sh (AWS Price List mirror)
2026-06-10,AWS,ap-southeast-2,inf1.6xlarge,AWS Inferentia,4.0,ondemand,1.475,0.36875,instances.vantage.sh (AWS Price List mirror)
2026-06-10,AWS,ap-southeast-2,inf1.6xlarge,AWS Inferentia,4.0,spot,0.385533,0.09638325,instances.vantage.sh (AWS Price List mirror)
2026-06-10,AWS,ap-southeast-2,inf1.xlarge,AWS Inferentia,1.0,ondemand,0.285,0.285,instances.vantage.sh (AWS Price List mirror)
2026-06-10,AWS,ap-southeast-2,inf1.xlarge,AWS Inferentia,1.0,spot,0.0853,0.0853,instances.vantage.sh (AWS Price List mirror)
2026-06-10,AWS,ap-southeast-2,inf2.24xlarge,AWS Inferentia2,6.0,ondemand,8.43782,1.4063033333333335,instances.vantage.sh (AWS Price List mirror)
2026-06-10,AWS,ap-southeast-2,inf2.24xlarge,AWS Inferentia2,6.0,spot,4.8646,0.8107666666666667,instances.vantage.sh (AWS Price List mirror)
2026-06-10,AWS,ap-southeast-2,inf2.48xlarge,AWS Inferentia2,12.0,ondemand,16.87565,1.4063041666666667,instances.vantage.sh (AWS Price List mirror)
2026-06-10,AWS,ap-southeast-2,inf2.48xlarge,AWS Inferentia2,12.0,spot,16.8757,1.4063083333333333,instances.vantage.sh (AWS Price List mirror)
2026-06-10,AWS,ap-southeast-2,inf2.8xlarge,AWS Inferentia2,1.0,ondemand,2.55822,2.55822,instances.vantage.sh (AWS Price List mirror)
2026-06-10,AWS,ap-southeast-2,inf2.8xlarge,AWS Inferentia2,1.0,spot,1.6671,1.6671,instances.vantage.sh (AWS Price List mirror)
2026-06-10,AWS,ap-southeast-2,inf2.xlarge,AWS Inferentia2,1.0,ondemand,0.98566,0.98566,instances.vantage.sh (AWS Price List mirror)
2026-06-10,AWS,ap-southeast-2,inf2.xlarge,AWS Inferentia2,1.0,spot,0.57745,0.57745,instances.vantage.sh (AWS Price List mirror)
2026-06-10,AWS,ap-southeast-2,p2.16xlarge,K80,16.0,ondemand,24.672,1.542,instances.vantage.sh (AWS Price List mirror)
2026-06-10,AWS,ap-southeast-2,p2.8xlarge,K80,8.0,ondemand,12.336,1.542,instances.vantage.sh (AWS Price List mirror)
2026-06-10,AWS,ap-southeast-2,p2.xlarge,K80,1.0,ondemand,1.542,1.542,instances.vantage.sh (AWS Price List mirror)
2026-06-10,AWS,ap-southeast-2,p3.16xlarge,V100,8.0,ondemand,33.872,4.234,instances.vantage.sh (AWS Price List mirror)
2026-06-10,AWS,ap-southeast-2,p3.16xlarge,V100,8.0,spot,33.872,4.234,instances.vantage.sh (AWS Price List mirror)
2026-06-10,AWS,ap-southeast-2,p3.2xlarge,V100,1.0,ondemand,4.234,4.234,instances.vantage.sh (AWS Price List mirror)
2026-06-10,AWS,ap-southeast-2,p3.2xlarge,V100,1.0,spot,4.234,4.234,instances.vantage.sh (AWS Price List mirror)
2026-06-10,AWS,ap-southeast-2,p3.8xlarge,V100,4.0,ondemand,16.936,4.234,instances.vantage.sh (AWS Price List mirror)
2026-06-10,AWS,ap-southeast-2,p3.8xlarge,V100,4.0,spot,16.3284,4.0821,instances.vantage.sh (AWS Price List mirror)
2026-06-10,AWS,ap-southeast-2,p4d.24xlarge,A100,8.0,ondemand,28.54493,3.56811625,instances.vantage.sh (AWS Price List mirror)
2026-06-10,AWS,ap-southeast-2,p4d.24xlarge,A100,8.0,spot,19.09785,2.38723125,instances.vantage.sh (AWS Price List mirror)
2026-06-10,AWS,ap-southeast-2,p5.48xlarge,H100,8.0,ondemand,71.552,8.944,instances.vantage.sh (AWS Price List mirror)
2026-06-10,AWS,ap-southeast-2,p5.48xlarge,H100,8.0,spot,66.4352,8.3044,instances.vantage.sh (AWS Price List mirror)
2026-06-10,AWS,ap-southeast-2,p5.4xlarge,H100,1.0,ondemand,8.944,8.944,instances.vantage.sh (AWS Price List mirror)
2026-06-10,AWS,ap-southeast-2-akl-1,g4dn.2xlarge,T4,1.0,ondemand,1.418,1.418,instances.vantage.sh (AWS Price List mirror)
2026-06-10,AWS,ap-southeast-2-per-1,g4dn.2xlarge,T4,1.0,ondemand,1.418,1.418,instances.vantage.sh (AWS Price List mirror)
2026-06-10,AWS,ap-southeast-3,g5.12xlarge,A10G,4.0,ondemand,7.93854,1.984635,instances.vantage.sh (AWS Price List mirror)
2026-06-10,AWS,ap-southeast-3,g5.12xlarge,A10G,4.0,spot,2.143406,0.5358515,instances.vantage.sh (AWS Price List mirror)
2026-06-10,AWS,ap-southeast-3,g5.16xlarge,A10G,1.0,ondemand,5.73277,5.73277,instances.vantage.sh (AWS Price List mirror)
2026-06-10,AWS,ap-southeast-3,g5.16xlarge,A10G,1.0,spot,0.74526,0.74526,instances.vantage.sh (AWS Price List mirror)
2026-06-10,AWS,ap-southeast-3,g5.24xlarge,A10G,4.0,ondemand,11.39836,2.84959,instances.vantage.sh (AWS Price List mirror)
2026-06-10,AWS,ap-southeast-3,g5.24xlarge,A10G,4.0,spot,5.129262,1.2823155,instances.vantage.sh (AWS Price List mirror)
2026-06-10,AWS,ap-southeast-3,g5.2xlarge,A10G,1.0,ondemand,1.69632,1.69632,instances.vantage.sh (AWS Price List mirror)
2026-06-10,AWS,ap-southeast-3,g5.2xlarge,A10G,1.0,spot,0.407117,0.407117,instances.vantage.sh (AWS Price List mirror)
2026-06-10,AWS,ap-southeast-3,g5.48xlarge,A10G,8.0,ondemand,22.79672,2.84959,instances.vantage.sh (AWS Price List mirror)
2026-06-10,AWS,ap-southeast-3,g5.48xlarge,A10G,8.0,spot,10.942426,1.36780325,instances.vantage.sh (AWS Price List mirror)
2026-06-10,AWS,ap-southeast-3,g5.4xlarge,A10G,1.0,ondemand,2.27295,2.27295,instances.vantage.sh (AWS Price List mirror)
2026-06-10,AWS,ap-southeast-3,g5.4xlarge,A10G,1.0,spot,0.43186,0.43186,instances.vantage.sh (AWS Price List mirror)
2026-06-10,AWS,ap-southeast-3,g5.8xlarge,A10G,1.0,ondemand,3.42623,3.42623,instances.vantage.sh (AWS Price List mirror)
2026-06-10,AWS,ap-southeast-3,g5.8xlarge,A10G,1.0,spot,0.959344,0.959344,instances.vantage.sh (AWS Price List mirror)
2026-06-10,AWS,ap-southeast-3,g5.xlarge,A10G,1.0,ondemand,1.408,1.408,instances.vantage.sh (AWS Price List mirror)
2026-06-10,AWS,ap-southeast-3,g5.xlarge,A10G,1.0,spot,0.39424,0.39424,instances.vantage.sh (AWS Price List mirror)
2026-06-10,AWS,ap-southeast-3,g5g.metal,T4G,2.0,ondemand,3.8395,1.91975,instances.vantage.sh (AWS Price List mirror)
2026-06-10,AWS,ap-southeast-3,g5g.metal,T4G,2.0,spot,0.883085,0.4415425,instances.vantage.sh (AWS Price List mirror)
2026-06-10,AWS,ap-southeast-3,p5.48xlarge,H100,8.0,ondemand,75.9552,9.4944,instances.vantage.sh (AWS Price List mirror)
2026-06-10,AWS,ap-southeast-3,p5.48xlarge,H100,8.0,spot,75.9552,9.4944,instances.vantage.sh (AWS Price List mirror)
2026-06-10,AWS,ap-southeast-3,p5.4xlarge,H100,1.0,ondemand,9.4944,9.4944,instances.vantage.sh (AWS Price List mirror)
2026-06-10,AWS,ap-southeast-3,p5.4xlarge,H100,1.0,spot,9.4944,9.4944,instances.vantage.sh (AWS Price List mirror)
2026-06-10,AWS,ap-southeast-3,p5en.48xlarge,H200,8.0,ondemand,87.34848,10.91856,instances.vantage.sh (AWS Price List mirror)
2026-06-10,AWS,ap-southeast-3,p5en.48xlarge,H200,8.0,spot,27.951514,3.49393925,instances.vantage.sh (AWS Price List mirror)
2026-06-10,AWS,ap-southeast-5,g6.12xlarge,L4,4.0,ondemand,5.7966,1.44915,instances.vantage.sh (AWS Price List mirror)
2026-06-10,AWS,ap-southeast-5,g6.12xlarge,L4,4.0,spot,4.231518,1.0578795,instances.vantage.sh (AWS Price List mirror)
2026-06-10,AWS,ap-southeast-5,g6.16xlarge,L4,1.0,ondemand,4.27892,4.27892,instances.vantage.sh (AWS Price List mirror)
2026-06-10,AWS,ap-southeast-5,g6.16xlarge,L4,1.0,spot,0.855784,0.855784,instances.vantage.sh (AWS Price List mirror)
2026-06-10,AWS,ap-southeast-5,g6.24xlarge,L4,4.0,ondemand,8.4087,2.102175,instances.vantage.sh (AWS Price List mirror)
2026-06-10,AWS,ap-southeast-5,g6.24xlarge,L4,4.0,spot,3.699828,0.924957,instances.vantage.sh (AWS Price List mirror)
2026-06-10,AWS,ap-southeast-5,g6.2xlarge,L4,1.0,ondemand,1.23147,1.23147,instances.vantage.sh (AWS Price List mirror)
2026-06-10,AWS,ap-southeast-5,g6.2xlarge,L4,1.0,spot,1.083694,1.083694,instances.vantage.sh (AWS Price List mirror)
2026-06-10,AWS,ap-southeast-5,g6.48xlarge,L4,8.0,ondemand,16.81739,2.10217375,instances.vantage.sh (AWS Price List mirror)
2026-06-10,AWS,ap-southeast-5,g6.48xlarge,L4,8.0,spot,13.117564,1.6396955,instances.vantage.sh (AWS Price List mirror)
2026-06-10,AWS,ap-southeast-5,g6.4xlarge,L4,1.0,ondemand,1.66682,1.66682,instances.vantage.sh (AWS Price List mirror)
2026-06-10,AWS,ap-southeast-5,g6.4xlarge,L4,1.0,spot,0.900083,0.900083,instances.vantage.sh (AWS Price List mirror)
2026-06-10,AWS,ap-southeast-5,g6.8xlarge,L4,1.0,ondemand,2.53752,2.53752,instances.vantage.sh (AWS Price List mirror)
2026-06-10,AWS,ap-southeast-5,g6.8xlarge,L4,1.0,spot,0.68513,0.68513,instances.vantage.sh (AWS Price List mirror)
2026-06-10,AWS,ap-southeast-5,g6.xlarge,L4,1.0,ondemand,1.0138,1.0138,instances.vantage.sh (AWS Price List mirror)
2026-06-10,AWS,ap-southeast-5,g6.xlarge,L4,1.0,spot,0.91242,0.91242,instances.vantage.sh (AWS Price List mirror)
2026-06-10,AWS,ap-southeast-5,gr6.4xlarge,L4,1.0,ondemand,1.9388,1.9388,instances.vantage.sh (AWS Price List mirror)
2026-06-10,AWS,ap-southeast-5,gr6.4xlarge,L4,1.0,spot,0.542864,0.542864,instances.vantage.sh (AWS Price List mirror)
2026-06-10,AWS,ap-southeast-5,gr6.8xlarge,L4,1.0,ondemand,3.08152,3.08152,instances.vantage.sh (AWS Price List mirror)
2026-06-10,AWS,ap-southeast-5,gr6.8xlarge,L4,1.0,spot,0.554674,0.554674,instances.vantage.sh (AWS Price List mirror)
2026-06-10,AWS,ca-central-1,g3.16xlarge,M60,4.0,ondemand,5.664,1.416,instances.vantage.sh (AWS Price List mirror)
2026-06-10,AWS,ca-central-1,g3.4xlarge,M60,1.0,ondemand,1.416,1.416,instances.vantage.sh (AWS Price List mirror)
2026-06-10,AWS,ca-central-1,g3.8xlarge,M60,2.0,ondemand,2.832,1.416,instances.vantage.sh (AWS Price List mirror)
2026-06-10,AWS,ca-central-1,g4ad.16xlarge,V520,4.0,ondemand,3.872,0.968,instances.vantage.sh (AWS Price List mirror)
2026-06-10,AWS,ca-central-1,g4ad.16xlarge,V520,4.0,spot,0.5691,0.142275,instances.vantage.sh (AWS Price List mirror)
2026-06-10,AWS,ca-central-1,g4ad.2xlarge,V520,1.0,ondemand,0.60421,0.60421,instances.vantage.sh (AWS Price List mirror)
2026-06-10,AWS,ca-central-1,g4ad.2xlarge,V520,1.0,spot,0.2112,0.2112,instances.vantage.sh (AWS Price List mirror)
2026-06-10,AWS,ca-central-1,g4ad.4xlarge,V520,1.0,ondemand,0.968,0.968,instances.vantage.sh (AWS Price List mirror)
2026-06-10,AWS,ca-central-1,g4ad.4xlarge,V520,1.0,spot,0.3186,0.3186,instances.vantage.sh (AWS Price List mirror)
2026-06-10,AWS,ca-central-1,g4ad.8xlarge,V520,2.0,ondemand,1.936,0.968,instances.vantage.sh (AWS Price List mirror)
2026-06-10,AWS,ca-central-1,g4ad.8xlarge,V520,2.0,spot,0.40425,0.202125,instances.vantage.sh (AWS Price List mirror)
2026-06-10,AWS,ca-central-1,g4ad.xlarge,V520,1.0,ondemand,0.42263,0.42263,instances.vantage.sh (AWS Price List mirror)
2026-06-10,AWS,ca-central-1,g4ad.xlarge,V520,1.0,spot,0.13225,0.13225,instances.vantage.sh (AWS Price List mirror)
2026-06-10,AWS,ca-central-1,g4dn.12xlarge,T4,4.0,ondemand,4.343,1.08575,instances.vantage.sh (AWS Price List mirror)
2026-06-10,AWS,ca-central-1,g4dn.12xlarge,T4,4.0,spot,1.4011,0.350275,instances.vantage.sh (AWS Price List mirror)
2026-06-10,AWS,ca-central-1,g4dn.16xlarge,T4,1.0,ondemand,4.832,4.832,instances.vantage.sh (AWS Price List mirror)
2026-06-10,AWS,ca-central-1,g4dn.16xlarge,T4,1.0,spot,1.00605,1.00605,instances.vantage.sh (AWS Price List mirror)
2026-06-10,AWS,ca-central-1,g4dn.2xlarge,T4,1.0,ondemand,0.835,0.835,instances.vantage.sh (AWS Price List mirror)
2026-06-10,AWS,ca-central-1,g4dn.2xlarge,T4,1.0,spot,0.29945,0.29945,instances.vantage.sh (AWS Price List mirror)
2026-06-10,AWS,ca-central-1,g4dn.4xlarge,T4,1.0,ondemand,1.337,1.337,instances.vantage.sh (AWS Price List mirror)
2026-06-10,AWS,ca-central-1,g4dn.4xlarge,T4,1.0,spot,0.63125,0.63125,instances.vantage.sh (AWS Price List mirror)
2026-06-10,AWS,ca-central-1,g4dn.8xlarge,T4,1.0,ondemand,2.416,2.416,instances.vantage.sh (AWS Price List mirror)
2026-06-10,AWS,ca-central-1,g4dn.8xlarge,T4,1.0,spot,0.8471,0.8471,instances.vantage.sh (AWS Price List mirror)
2026-06-10,AWS,ca-central-1,g4dn.metal,T4,8.0,ondemand,8.687,1.085875,instances.vantage.sh (AWS Price List mirror)
2026-06-10,AWS,ca-central-1,g4dn.metal,T4,8.0,spot,5.5149,0.6893625,instances.vantage.sh (AWS Price List mirror)
2026-06-10,AWS,ca-central-1,g4dn.xlarge,T4,1.0,ondemand,0.584,0.584,instances.vantage.sh (AWS Price List mirror)
2026-06-10,AWS,ca-central-1,g4dn.xlarge,T4,1.0,spot,0.2076,0.2076,instances.vantage.sh (AWS Price List mirror)
2026-06-10,AWS,ca-central-1,g5.12xlarge,A10G,4.0,ondemand,6.29784,1.57446,instances.vantage.sh (AWS Price List mirror)
2026-06-10,AWS,ca-central-1,g5.12xlarge,A10G,4.0,spot,2.69005,0.6725125,instances.vantage.sh (AWS Price List mirror)
2026-06-10,AWS,ca-central-1,g5.16xlarge,A10G,1.0,ondemand,4.54794,4.54794,instances.vantage.sh (AWS Price List mirror)
2026-06-10,AWS,ca-central-1,g5.16xlarge,A10G,1.0,spot,1.13765,1.13765,instances.vantage.sh (AWS Price List mirror)
2026-06-10,AWS,ca-central-1,g5.24xlarge,A10G,4.0,ondemand,9.04259,2.2606475,instances.vantage.sh (AWS Price List mirror)
2026-06-10,AWS,ca-central-1,g5.24xlarge,A10G,4.0,spot,5.3758,1.34395,instances.vantage.sh (AWS Price List mirror)
2026-06-10,AWS,ca-central-1,g5.2xlarge,A10G,1.0,ondemand,1.34573,1.34573,instances.vantage.sh (AWS Price List mirror)
2026-06-10,AWS,ca-central-1,g5.2xlarge,A10G,1.0,spot,0.43725,0.43725,instances.vantage.sh (AWS Price List mirror)
2026-06-10,AWS,ca-central-1,g5.48xlarge,A10G,8.0,ondemand,18.08518,2.2606475,instances.vantage.sh (AWS Price List mirror)
2026-06-10,AWS,ca-central-1,g5.48xlarge,A10G,8.0,spot,10.978,1.37225,instances.vantage.sh (AWS Price List mirror)
2026-06-10,AWS,ca-central-1,g5.4xlarge,A10G,1.0,ondemand,1.80319,1.80319,instances.vantage.sh (AWS Price List mirror)
2026-06-10,AWS,ca-central-1,g5.4xlarge,A10G,1.0,spot,0.92635,0.92635,instances.vantage.sh (AWS Price List mirror)
2026-06-10,AWS,ca-central-1,g5.8xlarge,A10G,1.0,ondemand,2.71811,2.71811,instances.vantage.sh (AWS Price List mirror)
2026-06-10,AWS,ca-central-1,g5.8xlarge,A10G,1.0,spot,0.8009,0.8009,instances.vantage.sh (AWS Price List mirror)
2026-06-10,AWS,ca-central-1,g5.xlarge,A10G,1.0,ondemand,1.117,1.117,instances.vantage.sh (AWS Price List mirror)
2026-06-10,AWS,ca-central-1,g5.xlarge,A10G,1.0,spot,0.4304,0.4304,instances.vantage.sh (AWS Price List mirror)
2026-06-10,AWS,ca-central-1,g6.12xlarge,L4,4.0,ondemand,5.10933,1.2773325,instances.vantage.sh (AWS Price List mirror)
2026-06-10,AWS,ca-central-1,g6.12xlarge,L4,4.0,spot,2.529433,0.63235825,instances.vantage.sh (AWS Price List mirror)
2026-06-10,AWS,ca-central-1,g6.16xlarge,L4,1.0,ondemand,3.7716,3.7716,instances.vantage.sh (AWS Price List mirror)
2026-06-10,AWS,ca-central-1,g6.16xlarge,L4,1.0,spot,1.0157,1.0157,instances.vantage.sh (AWS Price List mirror)
2026-06-10,AWS,ca-central-1,g6.24xlarge,L4,4.0,ondemand,7.41173,1.8529325,instances.vantage.sh (AWS Price List mirror)
2026-06-10,AWS,ca-central-1,g6.24xlarge,L4,4.0,spot,3.6312,0.9078,instances.vantage.sh (AWS Price List mirror)
2026-06-10,AWS,ca-central-1,g6.2xlarge,L4,1.0,ondemand,1.08547,1.08547,instances.vantage.sh (AWS Price List mirror)
2026-06-10,AWS,ca-central-1,g6.2xlarge,L4,1.0,spot,0.7024,0.7024,instances.vantage.sh (AWS Price List mirror)
2026-06-10,AWS,ca-central-1,g6.48xlarge,L4,8.0,ondemand,14.82346,1.8529325,instances.vantage.sh (AWS Price List mirror)
2026-06-10,AWS,ca-central-1,g6.48xlarge,L4,8.0,spot,9.397467,1.174683375,instances.vantage.sh (AWS Price List mirror)
2026-06-10,AWS,ca-central-1,g6.4xlarge,L4,1.0,ondemand,1.4692,1.4692,instances.vantage.sh (AWS Price List mirror)
2026-06-10,AWS,ca-central-1,g6.4xlarge,L4,1.0,spot,0.9803,0.9803,instances.vantage.sh (AWS Price List mirror)
2026-06-10,AWS,ca-central-1,g6.8xlarge,L4,1.0,ondemand,2.23666,2.23666,instances.vantage.sh (AWS Price List mirror)
2026-06-10,AWS,ca-central-1,g6.8xlarge,L4,1.0,spot,0.810667,0.810667,instances.vantage.sh (AWS Price List mirror)
2026-06-10,AWS,ca-central-1,g6.xlarge,L4,1.0,ondemand,0.8936,0.8936,instances.vantage.sh (AWS Price List mirror)
2026-06-10,AWS,ca-central-1,g6.xlarge,L4,1.0,spot,0.609433,0.609433,instances.vantage.sh (AWS Price List mirror)
2026-06-10,AWS,ca-central-1,g6f.2xlarge,L4,0.25,ondemand,0.52741,2.10964,instances.vantage.sh (AWS Price List mirror)
2026-06-10,AWS,ca-central-1,g6f.2xlarge,L4,0.25,spot,0.19655,0.7862,instances.vantage.sh (AWS Price List mirror)
2026-06-10,AWS,ca-central-1,g6f.4xlarge,L4,0.5,ondemand,1.05482,2.10964,instances.vantage.sh (AWS Price List mirror)
2026-06-10,AWS,ca-central-1,g6f.4xlarge,L4,0.5,spot,0.3019,0.6038,instances.vantage.sh (AWS Price List mirror)
2026-06-10,AWS,ca-central-1,g6f.large,L4,0.125,ondemand,0.22429,1.79432,instances.vantage.sh (AWS Price List mirror)
2026-06-10,AWS,ca-central-1,g6f.large,L4,0.125,spot,0.2243,1.7944,instances.vantage.sh (AWS Price List mirror)
2026-06-10,AWS,ca-central-1,g6f.xlarge,L4,0.125,ondemand,0.26371,2.10968,instances.vantage.sh (AWS Price List mirror)
2026-06-10,AWS,ca-central-1,g6f.xlarge,L4,0.125,spot,0.2622,2.0976,instances.vantage.sh (AWS Price List mirror)
2026-06-10,AWS,ca-central-1,gr6.4xlarge,L4,1.0,ondemand,1.709,1.709,instances.vantage.sh (AWS Price List mirror)
2026-06-10,AWS,ca-central-1,gr6.4xlarge,L4,1.0,spot,0.32515,0.32515,instances.vantage.sh (AWS Price List mirror)
2026-06-10,AWS,ca-central-1,gr6.8xlarge,L4,1.0,ondemand,2.71628,2.71628,instances.vantage.sh (AWS Price List mirror)
2026-06-10,AWS,ca-central-1,gr6.8xlarge,L4,1.0,spot,0.42385,0.42385,instances.vantage.sh (AWS Price List mirror)
2026-06-10,AWS,ca-central-1,gr6f.4xlarge,L4,0.5,ondemand,1.1836,2.3672,instances.vantage.sh (AWS Price List mirror)
2026-06-10,AWS,ca-central-1,gr6f.4xlarge,L4,0.5,spot,0.3791,0.7582,instances.vantage.sh (AWS Price List mirror)
2026-06-10,AWS,ca-central-1,inf1.24xlarge,AWS Inferentia,16.0,ondemand,5.26,0.32875,instances.vantage.sh (AWS Price List mirror)
2026-06-10,AWS,ca-central-1,inf1.24xlarge,AWS Inferentia,16.0,spot,1.0684,0.066775,instances.vantage.sh (AWS Price List mirror)
2026-06-10,AWS,ca-central-1,inf1.2xlarge,AWS Inferentia,1.0,ondemand,0.403,0.403,instances.vantage.sh (AWS Price List mirror)
2026-06-10,AWS,ca-central-1,inf1.2xlarge,AWS Inferentia,1.0,spot,0.07725,0.07725,instances.vantage.sh (AWS Price List mirror)
2026-06-10,AWS,ca-central-1,inf1.6xlarge,AWS Inferentia,4.0,ondemand,1.315,0.32875,instances.vantage.sh (AWS Price List mirror)
2026-06-10,AWS,ca-central-1,inf1.6xlarge,AWS Inferentia,4.0,spot,0.20065,0.0501625,instances.vantage.sh (AWS Price List mirror)
2026-06-10,AWS,ca-central-1,inf1.xlarge,AWS Inferentia,1.0,ondemand,0.254,0.254,instances.vantage.sh (AWS Price List mirror)
2026-06-10,AWS,ca-central-1,inf1.xlarge,AWS Inferentia,1.0,spot,0.0415,0.0415,instances.vantage.sh (AWS Price List mirror)
2026-06-10,AWS,ca-central-1,p3.16xlarge,V100,8.0,ondemand,26.928,3.366,instances.vantage.sh (AWS Price List mirror)
2026-06-10,AWS,ca-central-1,p3.16xlarge,V100,8.0,spot,11.84832,1.48104,instances.vantage.sh (AWS Price List mirror)
2026-06-10,AWS,ca-central-1,p3.2xlarge,V100,1.0,ondemand,3.366,3.366,instances.vantage.sh (AWS Price List mirror)
2026-06-10,AWS,ca-central-1,p3.2xlarge,V100,1.0,spot,3.366,3.366,instances.vantage.sh (AWS Price List mirror)
2026-06-10,AWS,ca-central-1,p3.8xlarge,V100,4.0,ondemand,13.464,3.366,instances.vantage.sh (AWS Price List mirror)
2026-06-10,AWS,ca-central-1,p3.8xlarge,V100,4.0,spot,7.13592,1.78398,instances.vantage.sh (AWS Price List mirror)
2026-06-10,AWS,ca-central-1,p4d.24xlarge,A100,8.0,ondemand,25.25174,3.1564675,instances.vantage.sh (AWS Price List mirror)
2026-06-10,AWS,ca-central-1,p4d.24xlarge,A100,8.0,spot,10.8988,1.36235,instances.vantage.sh (AWS Price List mirror)
2026-06-10,AWS,ca-central-1,p5.48xlarge,H100,8.0,ondemand,63.296,7.912,instances.vantage.sh (AWS Price List mirror)
2026-06-10,AWS,ca-central-1,p5.48xlarge,H100,8.0,spot,63.296,7.912,instances.vantage.sh (AWS Price List mirror)
2026-06-10,AWS,ca-central-1-wl1-yto1,g4dn.2xlarge,T4,1.0,ondemand,1.252,1.252,instances.vantage.sh (AWS Price List mirror)
2026-06-10,AWS,eu-central-1,dl2q.24xlarge,Qualcomm AI 100 Accelerators,8.0,ondemand,11.5952,1.4494,instances.vantage.sh (AWS Price List mirror)
2026-06-10,AWS,eu-central-1,dl2q.24xlarge,Qualcomm AI 100 Accelerators,8.0,spot,10.0779,1.2597375,instances.vantage.sh (AWS Price List mirror)
2026-06-10,AWS,eu-central-1,g2.2xlarge,K520,1.0,ondemand,0.772,0.772,instances.vantage.sh (AWS Price List mirror)
2026-06-10,AWS,eu-central-1,g2.8xlarge,K520,4.0,ondemand,3.088,0.772,instances.vantage.sh (AWS Price List mirror)
2026-06-10,AWS,eu-central-1,g3.16xlarge,M60,4.0,ondemand,5.7,1.425,instances.vantage.sh (AWS Price List mirror)
2026-06-10,AWS,eu-central-1,g3.4xlarge,M60,1.0,ondemand,1.425,1.425,instances.vantage.sh (AWS Price List mirror)
2026-06-10,AWS,eu-central-1,g3.8xlarge,M60,2.0,ondemand,2.85,1.425,instances.vantage.sh (AWS Price List mirror)
2026-06-10,AWS,eu-central-1,g3s.xlarge,M60,1.0,ondemand,0.938,0.938,instances.vantage.sh (AWS Price List mirror)
2026-06-10,AWS,eu-central-1,g4ad.16xlarge,V520,4.0,ondemand,4.336,1.084,instances.vantage.sh (AWS Price List mirror)
2026-06-10,AWS,eu-central-1,g4ad.16xlarge,V520,4.0,spot,1.10955,0.2773875,instances.vantage.sh (AWS Price List mirror)
2026-06-10,AWS,eu-central-1,g4ad.2xlarge,V520,1.0,ondemand,0.67662,0.67662,instances.vantage.sh (AWS Price List mirror)
2026-06-10,AWS,eu-central-1,g4ad.2xlarge,V520,1.0,spot,0.2888,0.2888,instances.vantage.sh (AWS Price List mirror)
2026-06-10,AWS,eu-central-1,g4ad.4xlarge,V520,1.0,ondemand,1.084,1.084,instances.vantage.sh (AWS Price List mirror)
2026-06-10,AWS,eu-central-1,g4ad.4xlarge,V520,1.0,spot,0.53265,0.53265,instances.vantage.sh (AWS Price List mirror)
2026-06-10,AWS,eu-central-1,g4ad.8xlarge,V520,2.0,ondemand,2.168,1.084,instances.vantage.sh (AWS Price List mirror)
2026-06-10,AWS,eu-central-1,g4ad.8xlarge,V520,2.0,spot,0.62285,0.311425,instances.vantage.sh (AWS Price List mirror)
2026-06-10,AWS,eu-central-1,g4ad.xlarge,V520,1.0,ondemand,0.47327,0.47327,instances.vantage.sh (AWS Price List mirror)
2026-06-10,AWS,eu-central-1,g4ad.xlarge,V520,1.0,spot,0.12905,0.12905,instances.vantage.sh (AWS Price List mirror)
2026-06-10,AWS,eu-central-1,g4dn.12xlarge,T4,4.0,ondemand,4.89,1.2225,instances.vantage.sh (AWS Price List mirror)
2026-06-10,AWS,eu-central-1,g4dn.12xlarge,T4,4.0,spot,1.6201,0.405025,instances.vantage.sh (AWS Price List mirror)
2026-06-10,AWS,eu-central-1,g4dn.16xlarge,T4,1.0,ondemand,5.44,5.44,instances.vantage.sh (AWS Price List mirror)
2026-06-10,AWS,eu-central-1,g4dn.16xlarge,T4,1.0,spot,1.8417,1.8417,instances.vantage.sh (AWS Price List mirror)
2026-06-10,AWS,eu-central-1,g4dn.2xlarge,T4,1.0,ondemand,0.94,0.94,instances.vantage.sh (AWS Price List mirror)
2026-06-10,AWS,eu-central-1,g4dn.2xlarge,T4,1.0,spot,0.342733,0.342733,instances.vantage.sh (AWS Price List mirror)
2026-06-10,AWS,eu-central-1,g4dn.4xlarge,T4,1.0,ondemand,1.505,1.505,instances.vantage.sh (AWS Price List mirror)
2026-06-10,AWS,eu-central-1,g4dn.4xlarge,T4,1.0,spot,0.523667,0.523667,instances.vantage.sh (AWS Price List mirror)
2026-06-10,AWS,eu-central-1,g4dn.8xlarge,T4,1.0,ondemand,2.72,2.72,instances.vantage.sh (AWS Price List mirror)
2026-06-10,AWS,eu-central-1,g4dn.8xlarge,T4,1.0,spot,1.0426,1.0426,instances.vantage.sh (AWS Price List mirror)
2026-06-10,AWS,eu-central-1,g4dn.metal,T4,8.0,ondemand,9.78,1.2225,instances.vantage.sh (AWS Price List mirror)
2026-06-10,AWS,eu-central-1,g4dn.metal,T4,8.0,spot,3.645167,0.455645875,instances.vantage.sh (AWS Price List mirror)
2026-06-10,AWS,eu-central-1,g4dn.xlarge,T4,1.0,ondemand,0.658,0.658,instances.vantage.sh (AWS Price List mirror)
2026-06-10,AWS,eu-central-1,g4dn.xlarge,T4,1.0,spot,0.212833,0.212833,instances.vantage.sh (AWS Price List mirror)
2026-06-10,AWS,eu-central-1,g5.12xlarge,A10G,4.0,ondemand,7.09282,1.773205,instances.vantage.sh (AWS Price List mirror)
2026-06-10,AWS,eu-central-1,g5.12xlarge,A10G,4.0,spot,3.489033,0.87225825,instances.vantage.sh (AWS Price List mirror)
2026-06-10,AWS,eu-central-1,g5.16xlarge,A10G,1.0,ondemand,5.12204,5.12204,instances.vantage.sh (AWS Price List mirror)
2026-06-10,AWS,eu-central-1,g5.16xlarge,A10G,1.0,spot,1.667433,1.667433,instances.vantage.sh (AWS Price List mirror)
2026-06-10,AWS,eu-central-1,g5.24xlarge,A10G,4.0,ondemand,10.18405,2.5460125,instances.vantage.sh (AWS Price List mirror)
2026-06-10,AWS,eu-central-1,g5.24xlarge,A10G,4.0,spot,4.144367,1.03609175,instances.vantage.sh (AWS Price List mirror)
2026-06-10,AWS,eu-central-1,g5.2xlarge,A10G,1.0,ondemand,1.5156,1.5156,instances.vantage.sh (AWS Price List mirror)
2026-06-10,AWS,eu-central-1,g5.2xlarge,A10G,1.0,spot,0.615033,0.615033,instances.vantage.sh (AWS Price List mirror)
2026-06-10,AWS,eu-central-1,g5.48xlarge,A10G,8.0,ondemand,20.3681,2.5460125,instances.vantage.sh (AWS Price List mirror)
2026-06-10,AWS,eu-central-1,g5.48xlarge,A10G,8.0,spot,10.5548,1.31935,instances.vantage.sh (AWS Price List mirror)
2026-06-10,AWS,eu-central-1,g5.4xlarge,A10G,1.0,ondemand,2.03081,2.03081,instances.vantage.sh (AWS Price List mirror)
2026-06-10,AWS,eu-central-1,g5.4xlarge,A10G,1.0,spot,0.744133,0.744133,instances.vantage.sh (AWS Price List mirror)
2026-06-10,AWS,eu-central-1,g5.8xlarge,A10G,1.0,ondemand,3.06122,3.06122,instances.vantage.sh (AWS Price List mirror)
2026-06-10,AWS,eu-central-1,g5.8xlarge,A10G,1.0,spot,1.067867,1.067867,instances.vantage.sh (AWS Price List mirror)
2026-06-10,AWS,eu-central-1,g5.xlarge,A10G,1.0,ondemand,1.258,1.258,instances.vantage.sh (AWS Price List mirror)
2026-06-10,AWS,eu-central-1,g5.xlarge,A10G,1.0,spot,0.4771,0.4771,instances.vantage.sh (AWS Price List mirror)
2026-06-10,AWS,eu-central-1,g5g.16xlarge,T4G,2.0,ondemand,3.4326,1.7163,instances.vantage.sh (AWS Price List mirror)
2026-06-10,AWS,eu-central-1,g5g.16xlarge,T4G,2.0,spot,0.9751,0.48755,instances.vantage.sh (AWS Price List mirror)
2026-06-10,AWS,eu-central-1,g5g.2xlarge,T4G,1.0,ondemand,0.6955,0.6955,instances.vantage.sh (AWS Price List mirror)
2026-06-10,AWS,eu-central-1,g5g.2xlarge,T4G,1.0,spot,0.2207,0.2207,instances.vantage.sh (AWS Price List mirror)
2026-06-10,AWS,eu-central-1,g5g.4xlarge,T4G,1.0,ondemand,1.0358,1.0358,instances.vantage.sh (AWS Price List mirror)
2026-06-10,AWS,eu-central-1,g5g.4xlarge,T4G,1.0,spot,0.2645,0.2645,instances.vantage.sh (AWS Price List mirror)
2026-06-10,AWS,eu-central-1,g5g.8xlarge,T4G,1.0,ondemand,1.7163,1.7163,instances.vantage.sh (AWS Price List mirror)
2026-06-10,AWS,eu-central-1,g5g.8xlarge,T4G,1.0,spot,0.3544,0.3544,instances.vantage.sh (AWS Price List mirror)
2026-06-10,AWS,eu-central-1,g5g.metal,T4G,2.0,ondemand,3.4326,1.7163,instances.vantage.sh (AWS Price List mirror)
2026-06-10,AWS,eu-central-1,g5g.metal,T4G,2.0,spot,0.6471,0.32355,instances.vantage.sh (AWS Price List mirror)
2026-06-10,AWS,eu-central-1,g5g.xlarge,T4G,1.0,ondemand,0.5254,0.5254,instances.vantage.sh (AWS Price List mirror)
2026-06-10,AWS,eu-central-1,g5g.xlarge,T4G,1.0,spot,0.1647,0.1647,instances.vantage.sh (AWS Price List mirror)
2026-06-10,AWS,eu-central-1,g6.12xlarge,L4,4.0,ondemand,5.75429,1.4385725,instances.vantage.sh (AWS Price List mirror)
2026-06-10,AWS,eu-central-1,g6.12xlarge,L4,4.0,spot,2.0362,0.50905,instances.vantage.sh (AWS Price List mirror)
2026-06-10,AWS,eu-central-1,g6.16xlarge,L4,1.0,ondemand,4.24769,4.24769,instances.vantage.sh (AWS Price List mirror)
2026-06-10,AWS,eu-central-1,g6.16xlarge,L4,1.0,spot,1.509667,1.509667,instances.vantage.sh (AWS Price List mirror)
2026-06-10,AWS,eu-central-1,g6.24xlarge,L4,4.0,ondemand,8.34732,2.08683,instances.vantage.sh (AWS Price List mirror)
2026-06-10,AWS,eu-central-1,g6.24xlarge,L4,4.0,spot,2.5576,0.6394,instances.vantage.sh (AWS Price List mirror)
2026-06-10,AWS,eu-central-1,g6.2xlarge,L4,1.0,ondemand,1.22249,1.22249,instances.vantage.sh (AWS Price List mirror)
2026-06-10,AWS,eu-central-1,g6.2xlarge,L4,1.0,spot,0.474467,0.474467,instances.vantage.sh (AWS Price List mirror)
2026-06-10,AWS,eu-central-1,g6.48xlarge,L4,8.0,ondemand,16.69464,2.08683,instances.vantage.sh (AWS Price List mirror)
2026-06-10,AWS,eu-central-1,g6.48xlarge,L4,8.0,spot,5.184767,0.648095875,instances.vantage.sh (AWS Price List mirror)
2026-06-10,AWS,eu-central-1,g6.4xlarge,L4,1.0,ondemand,1.65466,1.65466,instances.vantage.sh (AWS Price List mirror)
2026-06-10,AWS,eu-central-1,g6.4xlarge,L4,1.0,spot,0.553967,0.553967,instances.vantage.sh (AWS Price List mirror)
2026-06-10,AWS,eu-central-1,g6.8xlarge,L4,1.0,ondemand,2.519,2.519,instances.vantage.sh (AWS Price List mirror)
2026-06-10,AWS,eu-central-1,g6.8xlarge,L4,1.0,spot,0.720967,0.720967,instances.vantage.sh (AWS Price List mirror)
2026-06-10,AWS,eu-central-1,g6.xlarge,L4,1.0,ondemand,1.0064,1.0064,instances.vantage.sh (AWS Price List mirror)
2026-06-10,AWS,eu-central-1,g6.xlarge,L4,1.0,spot,0.3257,0.3257,instances.vantage.sh (AWS Price List mirror)
2026-06-10,AWS,eu-central-1,g6e.12xlarge,L40S,4.0,ondemand,13.12002,3.280005,instances.vantage.sh (AWS Price List mirror)
2026-06-10,AWS,eu-central-1,g6e.12xlarge,L40S,4.0,spot,3.8954,0.97385,instances.vantage.sh (AWS Price List mirror)
2026-06-10,AWS,eu-central-1,g6e.16xlarge,L40S,1.0,ondemand,9.47454,9.47454,instances.vantage.sh (AWS Price List mirror)
2026-06-10,AWS,eu-central-1,g6e.16xlarge,L40S,1.0,spot,2.729633,2.729633,instances.vantage.sh (AWS Price List mirror)
2026-06-10,AWS,eu-central-1,g6e.24xlarge,L40S,4.0,ondemand,18.83806,4.709515,instances.vantage.sh (AWS Price List mirror)
2026-06-10,AWS,eu-central-1,g6e.24xlarge,L40S,4.0,spot,9.2519,2.312975,instances.vantage.sh (AWS Price List mirror)
2026-06-10,AWS,eu-central-1,g6e.2xlarge,L40S,1.0,ondemand,2.8035,2.8035,instances.vantage.sh (AWS Price List mirror)
2026-06-10,AWS,eu-central-1,g6e.2xlarge,L40S,1.0,spot,1.0058,1.0058,instances.vantage.sh (AWS Price List mirror)
2026-06-10,AWS,eu-central-1,g6e.48xlarge,L40S,8.0,ondemand,37.67612,4.709515,instances.vantage.sh (AWS Price List mirror)
2026-06-10,AWS,eu-central-1,g6e.48xlarge,L40S,8.0,spot,19.390067,2.423758375,instances.vantage.sh (AWS Price List mirror)
2026-06-10,AWS,eu-central-1,g6e.4xlarge,L40S,1.0,ondemand,3.75651,3.75651,instances.vantage.sh (AWS Price List mirror)
2026-06-10,AWS,eu-central-1,g6e.4xlarge,L40S,1.0,spot,1.1156,1.1156,instances.vantage.sh (AWS Price List mirror)
2026-06-10,AWS,eu-central-1,g6e.8xlarge,L40S,1.0,ondemand,5.66252,5.66252,instances.vantage.sh (AWS Price List mirror)
2026-06-10,AWS,eu-central-1,g6e.8xlarge,L40S,1.0,spot,1.4777,1.4777,instances.vantage.sh (AWS Price List mirror)
2026-06-10,AWS,eu-central-1,g6e.xlarge,L40S,1.0,ondemand,2.327,2.327,instances.vantage.sh (AWS Price List mirror)
2026-06-10,AWS,eu-central-1,g6e.xlarge,L40S,1.0,spot,2.327,2.327,instances.vantage.sh (AWS Price List mirror)
2026-06-10,AWS,eu-central-1,g6f.2xlarge,L4,0.25,ondemand,0.594,2.376,instances.vantage.sh (AWS Price List mirror)
2026-06-10,AWS,eu-central-1,g6f.2xlarge,L4,0.25,spot,0.22755,0.9102,instances.vantage.sh (AWS Price List mirror)
2026-06-10,AWS,eu-central-1,g6f.4xlarge,L4,0.5,ondemand,1.188,2.376,instances.vantage.sh (AWS Price List mirror)
2026-06-10,AWS,eu-central-1,g6f.4xlarge,L4,0.5,spot,0.5227,1.0454,instances.vantage.sh (AWS Price List mirror)
2026-06-10,AWS,eu-central-1,g6f.large,L4,0.125,ondemand,0.25261,2.02088,instances.vantage.sh (AWS Price List mirror)
2026-06-10,AWS,eu-central-1,g6f.large,L4,0.125,spot,0.0739,0.5912,instances.vantage.sh (AWS Price List mirror)
2026-06-10,AWS,eu-central-1,g6f.xlarge,L4,0.125,ondemand,0.297,2.376,instances.vantage.sh (AWS Price List mirror)
2026-06-10,AWS,eu-central-1,g6f.xlarge,L4,0.125,spot,0.1019,0.8152,instances.vantage.sh (AWS Price List mirror)
2026-06-10,AWS,eu-central-1,gr6.4xlarge,L4,1.0,ondemand,1.9248,1.9248,instances.vantage.sh (AWS Price List mirror)
2026-06-10,AWS,eu-central-1,gr6.4xlarge,L4,1.0,spot,0.6313,0.6313,instances.vantage.sh (AWS Price List mirror)
2026-06-10,AWS,eu-central-1,gr6.8xlarge,L4,1.0,ondemand,3.05927,3.05927,instances.vantage.sh (AWS Price List mirror)
2026-06-10,AWS,eu-central-1,gr6.8xlarge,L4,1.0,spot,1.04295,1.04295,instances.vantage.sh (AWS Price List mirror)
2026-06-10,AWS,eu-central-1,gr6f.4xlarge,L4,0.5,ondemand,1.33305,2.6661,instances.vantage.sh (AWS Price List mirror)
2026-06-10,AWS,eu-central-1,gr6f.4xlarge,L4,0.5,spot,0.4435,0.887,instances.vantage.sh (AWS Price List mirror)
2026-06-10,AWS,eu-central-1,inf1.24xlarge,AWS Inferentia,16.0,ondemand,5.902,0.368875,instances.vantage.sh (AWS Price List mirror)
2026-06-10,AWS,eu-central-1,inf1.24xlarge,AWS Inferentia,16.0,spot,2.700133,0.1687583125,instances.vantage.sh (AWS Price List mirror)
2026-06-10,AWS,eu-central-1,inf1.2xlarge,AWS Inferentia,1.0,ondemand,0.453,0.453,instances.vantage.sh (AWS Price List mirror)
2026-06-10,AWS,eu-central-1,inf1.2xlarge,AWS Inferentia,1.0,spot,0.132433,0.132433,instances.vantage.sh (AWS Price List mirror)
2026-06-10,AWS,eu-central-1,inf1.6xlarge,AWS Inferentia,4.0,ondemand,1.475,0.36875,instances.vantage.sh (AWS Price List mirror)
2026-06-10,AWS,eu-central-1,inf1.6xlarge,AWS Inferentia,4.0,spot,0.3449,0.086225,instances.vantage.sh (AWS Price List mirror)
2026-06-10,AWS,eu-central-1,inf1.xlarge,AWS Inferentia,1.0,ondemand,0.285,0.285,instances.vantage.sh (AWS Price List mirror)
2026-06-10,AWS,eu-central-1,inf1.xlarge,AWS Inferentia,1.0,spot,0.071233,0.071233,instances.vantage.sh (AWS Price List mirror)
2026-06-10,AWS,eu-central-1,inf2.24xlarge,AWS Inferentia2,6.0,ondemand,9.73595,1.6226583333333335,instances.vantage.sh (AWS Price List mirror)
2026-06-10,AWS,eu-central-1,inf2.24xlarge,AWS Inferentia2,6.0,spot,5.3548,0.8924666666666666,instances.vantage.sh (AWS Price List mirror)
2026-06-10,AWS,eu-central-1,inf2.48xlarge,AWS Inferentia2,12.0,ondemand,19.4719,1.6226583333333335,instances.vantage.sh (AWS Price List mirror)
2026-06-10,AWS,eu-central-1,inf2.48xlarge,AWS Inferentia2,12.0,spot,19.4719,1.6226583333333335,instances.vantage.sh (AWS Price List mirror)
2026-06-10,AWS,eu-central-1,inf2.8xlarge,AWS Inferentia2,1.0,ondemand,2.95179,2.95179,instances.vantage.sh (AWS Price List mirror)
2026-06-10,AWS,eu-central-1,inf2.8xlarge,AWS Inferentia2,1.0,spot,1.87575,1.87575,instances.vantage.sh (AWS Price List mirror)
2026-06-10,AWS,eu-central-1,inf2.xlarge,AWS Inferentia2,1.0,ondemand,1.1373,1.1373,instances.vantage.sh (AWS Price List mirror)
2026-06-10,AWS,eu-central-1,inf2.xlarge,AWS Inferentia2,1.0,spot,0.69195,0.69195,instances.vantage.sh (AWS Price List mirror)
2026-06-10,AWS,eu-central-1,p2.16xlarge,K80,16.0,ondemand,21.216,1.326,instances.vantage.sh (AWS Price List mirror)
2026-06-10,AWS,eu-central-1,p2.8xlarge,K80,8.0,ondemand,10.608,1.326,instances.vantage.sh (AWS Price List mirror)
2026-06-10,AWS,eu-central-1,p2.xlarge,K80,1.0,ondemand,1.326,1.326,instances.vantage.sh (AWS Price List mirror)
2026-06-10,AWS,eu-central-1,p3.16xlarge,V100,8.0,ondemand,30.584,3.823,instances.vantage.sh (AWS Price List mirror)
2026-06-10,AWS,eu-central-1,p3.16xlarge,V100,8.0,spot,30.584,3.823,instances.vantage.sh (AWS Price List mirror)
2026-06-10,AWS,eu-central-1,p3.2xlarge,V100,1.0,ondemand,3.823,3.823,instances.vantage.sh (AWS Price List mirror)
2026-06-10,AWS,eu-central-1,p3.2xlarge,V100,1.0,spot,3.823,3.823,instances.vantage.sh (AWS Price List mirror)
2026-06-10,AWS,eu-central-1,p3.8xlarge,V100,4.0,ondemand,15.292,3.823,instances.vantage.sh (AWS Price List mirror)
2026-06-10,AWS,eu-central-1,p3.8xlarge,V100,4.0,spot,10.10075,2.5251875,instances.vantage.sh (AWS Price List mirror)
2026-06-10,AWS,eu-central-1,p4d.24xlarge,A100,8.0,ondemand,27.43298,3.4291225,instances.vantage.sh (AWS Price List mirror)
2026-06-10,AWS,eu-central-1,p4d.24xlarge,A100,8.0,spot,21.897633,2.737204125,instances.vantage.sh (AWS Price List mirror)
2026-06-10,AWS,eu-central-1,p4de.24xlarge,A100,8.0,ondemand,34.29122,4.2864025,instances.vantage.sh (AWS Price List mirror)
2026-06-10,AWS,eu-central-1,p4de.24xlarge,A100,8.0,spot,13.75285,1.71910625,instances.vantage.sh (AWS Price List mirror)
2026-06-10,AWS,eu-central-1-ham-1,g4dn.2xlarge,T4,1.0,ondemand,1.363,1.363,instances.vantage.sh (AWS Price List mirror)
2026-06-10,AWS,eu-central-1-waw-1,g4dn.2xlarge,T4,1.0,ondemand,1.175,1.175,instances.vantage.sh (AWS Price List mirror)
2026-06-10,AWS,eu-central-1-wl1-ber1,g4dn.2xlarge,T4,1.0,ondemand,1.222,1.222,instances.vantage.sh (AWS Price List mirror)
2026-06-10,AWS,eu-central-1-wl1-dtm1,g4dn.2xlarge,T4,1.0,ondemand,1.222,1.222,instances.vantage.sh (AWS Price List mirror)
2026-06-10,AWS,eu-central-1-wl1-muc1,g4dn.2xlarge,T4,1.0,ondemand,1.222,1.222,instances.vantage.sh (AWS Price List mirror)
2026-06-10,AWS,eu-central-2,g6.12xlarge,L4,4.0,ondemand,6.2037,1.550925,instances.vantage.sh (AWS Price List mirror)
2026-06-10,AWS,eu-central-2,g6.12xlarge,L4,4.0,spot,1.799073,0.44976825,instances.vantage.sh (AWS Price List mirror)
2026-06-10,AWS,eu-central-2,g6.16xlarge,L4,1.0,ondemand,4.57943,4.57943,instances.vantage.sh (AWS Price List mirror)
2026-06-10,AWS,eu-central-2,g6.16xlarge,L4,1.0,spot,0.870092,0.870092,instances.vantage.sh (AWS Price List mirror)
2026-06-10,AWS,eu-central-2,g6.24xlarge,L4,4.0,ondemand,8.99924,2.24981,instances.vantage.sh (AWS Price List mirror)
2026-06-10,AWS,eu-central-2,g6.24xlarge,L4,4.0,spot,1.88984,0.47246,instances.vantage.sh (AWS Price List mirror)
2026-06-10,AWS,eu-central-2,g6.2xlarge,L4,1.0,ondemand,1.31796,1.31796,instances.vantage.sh (AWS Price List mirror)
2026-06-10,AWS,eu-central-2,g6.2xlarge,L4,1.0,spot,0.382208,0.382208,instances.vantage.sh (AWS Price List mirror)
2026-06-10,AWS,eu-central-2,g6.48xlarge,L4,8.0,ondemand,17.99849,2.24981125,instances.vantage.sh (AWS Price List mirror)
2026-06-10,AWS,eu-central-2,g6.48xlarge,L4,8.0,spot,3.599698,0.44996225,instances.vantage.sh (AWS Price List mirror)
2026-06-10,AWS,eu-central-2,g6.4xlarge,L4,1.0,ondemand,1.78389,1.78389,instances.vantage.sh (AWS Price List mirror)
2026-06-10,AWS,eu-central-2,g6.4xlarge,L4,1.0,spot,0.48165,0.48165,instances.vantage.sh (AWS Price List mirror)
2026-06-10,AWS,eu-central-2,g6.8xlarge,L4,1.0,ondemand,2.71574,2.71574,instances.vantage.sh (AWS Price List mirror)
2026-06-10,AWS,eu-central-2,g6.8xlarge,L4,1.0,spot,0.570305,0.570305,instances.vantage.sh (AWS Price List mirror)
2026-06-10,AWS,eu-central-2,g6.xlarge,L4,1.0,ondemand,1.085,1.085,instances.vantage.sh (AWS Price List mirror)
2026-06-10,AWS,eu-central-2,g6.xlarge,L4,1.0,spot,0.22785,0.22785,instances.vantage.sh (AWS Price List mirror)
2026-06-10,AWS,eu-central-2,gr6.4xlarge,L4,1.0,ondemand,2.1649,2.1649,instances.vantage.sh (AWS Price List mirror)
2026-06-10,AWS,eu-central-2,gr6.4xlarge,L4,1.0,spot,0.454629,0.454629,instances.vantage.sh (AWS Price List mirror)
2026-06-10,AWS,eu-central-2,gr6.8xlarge,L4,1.0,ondemand,3.44089,3.44089,instances.vantage.sh (AWS Price List mirror)
2026-06-10,AWS,eu-central-2,gr6.8xlarge,L4,1.0,spot,0.722587,0.722587,instances.vantage.sh (AWS Price List mirror)
2026-06-10,AWS,eu-north-1,g4dn.12xlarge,T4,4.0,ondemand,4.15,1.0375,instances.vantage.sh (AWS Price List mirror)
2026-06-10,AWS,eu-north-1,g4dn.12xlarge,T4,4.0,spot,1.498867,0.37471675,instances.vantage.sh (AWS Price List mirror)
2026-06-10,AWS,eu-north-1,g4dn.16xlarge,T4,1.0,ondemand,4.617,4.617,instances.vantage.sh (AWS Price List mirror)
2026-06-10,AWS,eu-north-1,g4dn.16xlarge,T4,1.0,spot,0.4617,0.4617,instances.vantage.sh (AWS Price List mirror)
2026-06-10,AWS,eu-north-1,g4dn.2xlarge,T4,1.0,ondemand,0.798,0.798,instances.vantage.sh (AWS Price List mirror)
2026-06-10,AWS,eu-north-1,g4dn.2xlarge,T4,1.0,spot,0.145167,0.145167,instances.vantage.sh (AWS Price List mirror)
2026-06-10,AWS,eu-north-1,g4dn.4xlarge,T4,1.0,ondemand,1.277,1.277,instances.vantage.sh (AWS Price List mirror)
2026-06-10,AWS,eu-north-1,g4dn.4xlarge,T4,1.0,spot,0.366633,0.366633,instances.vantage.sh (AWS Price List mirror)
2026-06-10,AWS,eu-north-1,g4dn.8xlarge,T4,1.0,ondemand,2.308,2.308,instances.vantage.sh (AWS Price List mirror)
2026-06-10,AWS,eu-north-1,g4dn.8xlarge,T4,1.0,spot,0.362467,0.362467,instances.vantage.sh (AWS Price List mirror)
2026-06-10,AWS,eu-north-1,g4dn.metal,T4,8.0,ondemand,8.3,1.0375,instances.vantage.sh (AWS Price List mirror)
2026-06-10,AWS,eu-north-1,g4dn.metal,T4,8.0,spot,3.116233,0.389529125,instances.vantage.sh (AWS Price List mirror)
2026-06-10,AWS,eu-north-1,g4dn.xlarge,T4,1.0,ondemand,0.558,0.558,instances.vantage.sh (AWS Price List mirror)
2026-06-10,AWS,eu-north-1,g4dn.xlarge,T4,1.0,spot,0.153867,0.153867,instances.vantage.sh (AWS Price List mirror)
2026-06-10,AWS,eu-north-1,g5.12xlarge,A10G,4.0,ondemand,6.01593,1.5039825,instances.vantage.sh (AWS Price List mirror)
2026-06-10,AWS,eu-north-1,g5.12xlarge,A10G,4.0,spot,1.77305,0.4432625,instances.vantage.sh (AWS Price List mirror)
2026-06-10,AWS,eu-north-1,g5.16xlarge,A10G,1.0,ondemand,4.34437,4.34437,instances.vantage.sh (AWS Price List mirror)
2026-06-10,AWS,eu-north-1,g5.16xlarge,A10G,1.0,spot,1.05845,1.05845,instances.vantage.sh (AWS Price List mirror)
2026-06-10,AWS,eu-north-1,g5.24xlarge,A10G,4.0,ondemand,8.63782,2.159455,instances.vantage.sh (AWS Price List mirror)
2026-06-10,AWS,eu-north-1,g5.24xlarge,A10G,4.0,spot,2.5439,0.635975,instances.vantage.sh (AWS Price List mirror)
2026-06-10,AWS,eu-north-1,g5.2xlarge,A10G,1.0,ondemand,1.28549,1.28549,instances.vantage.sh (AWS Price List mirror)
2026-06-10,AWS,eu-north-1,g5.2xlarge,A10G,1.0,spot,0.39935,0.39935,instances.vantage.sh (AWS Price List mirror)
2026-06-10,AWS,eu-north-1,g5.48xlarge,A10G,8.0,ondemand,17.27564,2.159455,instances.vantage.sh (AWS Price List mirror)
2026-06-10,AWS,eu-north-1,g5.48xlarge,A10G,8.0,spot,4.4671,0.5583875,instances.vantage.sh (AWS Price List mirror)
2026-06-10,AWS,eu-north-1,g5.4xlarge,A10G,1.0,ondemand,1.72247,1.72247,instances.vantage.sh (AWS Price List mirror)
2026-06-10,AWS,eu-north-1,g5.4xlarge,A10G,1.0,spot,0.47015,0.47015,instances.vantage.sh (AWS Price List mirror)
2026-06-10,AWS,eu-north-1,g5.8xlarge,A10G,1.0,ondemand,2.59644,2.59644,instances.vantage.sh (AWS Price List mirror)
2026-06-10,AWS,eu-north-1,g5.8xlarge,A10G,1.0,spot,0.701,0.701,instances.vantage.sh (AWS Price List mirror)
2026-06-10,AWS,eu-north-1,g5.xlarge,A10G,1.0,ondemand,1.067,1.067,instances.vantage.sh (AWS Price List mirror)
2026-06-10,AWS,eu-north-1,g5.xlarge,A10G,1.0,spot,0.37425,0.37425,instances.vantage.sh (AWS Price List mirror)
2026-06-10,AWS,eu-north-1,g6.12xlarge,L4,4.0,ondemand,4.88062,1.220155,instances.vantage.sh (AWS Price List mirror)
2026-06-10,AWS,eu-north-1,g6.12xlarge,L4,4.0,spot,0.86685,0.2167125,instances.vantage.sh (AWS Price List mirror)
2026-06-10,AWS,eu-north-1,g6.16xlarge,L4,1.0,ondemand,3.60277,3.60277,instances.vantage.sh (AWS Price List mirror)
2026-06-10,AWS,eu-north-1,g6.16xlarge,L4,1.0,spot,0.9992,0.9992,instances.vantage.sh (AWS Price List mirror)
2026-06-10,AWS,eu-north-1,g6.24xlarge,L4,4.0,ondemand,7.07996,1.76999,instances.vantage.sh (AWS Price List mirror)
2026-06-10,AWS,eu-north-1,g6.24xlarge,L4,4.0,spot,1.3135,0.328375,instances.vantage.sh (AWS Price List mirror)
2026-06-10,AWS,eu-north-1,g6.2xlarge,L4,1.0,ondemand,1.03688,1.03688,instances.vantage.sh (AWS Price List mirror)
2026-06-10,AWS,eu-north-1,g6.2xlarge,L4,1.0,spot,0.2269,0.2269,instances.vantage.sh (AWS Price List mirror)
2026-06-10,AWS,eu-north-1,g6.48xlarge,L4,8.0,ondemand,14.15992,1.76999,instances.vantage.sh (AWS Price List mirror)
2026-06-10,AWS,eu-north-1,g6.48xlarge,L4,8.0,spot,3.56385,0.44548125,instances.vantage.sh (AWS Price List mirror)
2026-06-10,AWS,eu-north-1,g6.4xlarge,L4,1.0,ondemand,1.40343,1.40343,instances.vantage.sh (AWS Price List mirror)
2026-06-10,AWS,eu-north-1,g6.4xlarge,L4,1.0,spot,0.2763,0.2763,instances.vantage.sh (AWS Price List mirror)
2026-06-10,AWS,eu-north-1,g6.8xlarge,L4,1.0,ondemand,2.13655,2.13655,instances.vantage.sh (AWS Price List mirror)
2026-06-10,AWS,eu-north-1,g6.8xlarge,L4,1.0,spot,0.72785,0.72785,instances.vantage.sh (AWS Price List mirror)
2026-06-10,AWS,eu-north-1,g6.xlarge,L4,1.0,ondemand,0.8536,0.8536,instances.vantage.sh (AWS Price List mirror)
2026-06-10,AWS,eu-north-1,g6.xlarge,L4,1.0,spot,0.2578,0.2578,instances.vantage.sh (AWS Price List mirror)
2026-06-10,AWS,eu-north-1,g6e.12xlarge,L40S,4.0,ondemand,11.12975,2.7824375,instances.vantage.sh (AWS Price List mirror)
2026-06-10,AWS,eu-north-1,g6e.12xlarge,L40S,4.0,spot,3.7193,0.929825,instances.vantage.sh (AWS Price List mirror)
2026-06-10,AWS,eu-north-1,g6e.16xlarge,L40S,1.0,ondemand,8.03728,8.03728,instances.vantage.sh (AWS Price List mirror)
2026-06-10,AWS,eu-north-1,g6e.16xlarge,L40S,1.0,spot,2.18265,2.18265,instances.vantage.sh (AWS Price List mirror)
2026-06-10,AWS,eu-north-1,g6e.24xlarge,L40S,4.0,ondemand,15.98037,3.9950925,instances.vantage.sh (AWS Price List mirror)
2026-06-10,AWS,eu-north-1,g6e.24xlarge,L40S,4.0,spot,8.51755,2.1293875,instances.vantage.sh (AWS Price List mirror)
2026-06-10,AWS,eu-north-1,g6e.2xlarge,L40S,1.0,ondemand,2.37822,2.37822,instances.vantage.sh (AWS Price List mirror)
2026-06-10,AWS,eu-north-1,g6e.2xlarge,L40S,1.0,spot,0.72555,0.72555,instances.vantage.sh (AWS Price List mirror)
2026-06-10,AWS,eu-north-1,g6e.48xlarge,L40S,8.0,ondemand,31.96075,3.99509375,instances.vantage.sh (AWS Price List mirror)
2026-06-10,AWS,eu-north-1,g6e.48xlarge,L40S,8.0,spot,13.2714,1.658925,instances.vantage.sh (AWS Price List mirror)
2026-06-10,AWS,eu-north-1,g6e.4xlarge,L40S,1.0,ondemand,3.18666,3.18666,instances.vantage.sh (AWS Price List mirror)
2026-06-10,AWS,eu-north-1,g6e.4xlarge,L40S,1.0,spot,0.8407,0.8407,instances.vantage.sh (AWS Price List mirror)
2026-06-10,AWS,eu-north-1,g6e.8xlarge,L40S,1.0,ondemand,4.80353,4.80353,instances.vantage.sh (AWS Price List mirror)
2026-06-10,AWS,eu-north-1,g6e.8xlarge,L40S,1.0,spot,1.3726,1.3726,instances.vantage.sh (AWS Price List mirror)
2026-06-10,AWS,eu-north-1,g6e.xlarge,L40S,1.0,ondemand,1.974,1.974,instances.vantage.sh (AWS Price List mirror)
2026-06-10,AWS,eu-north-1,g6e.xlarge,L40S,1.0,spot,0.5164,0.5164,instances.vantage.sh (AWS Price List mirror)
2026-06-10,AWS,eu-north-1,g6f.2xlarge,L4,0.25,ondemand,0.50379,2.01516,instances.vantage.sh (AWS Price List mirror)
2026-06-10,AWS,eu-north-1,g6f.2xlarge,L4,0.25,spot,0.1124,0.4496,instances.vantage.sh (AWS Price List mirror)
2026-06-10,AWS,eu-north-1,g6f.4xlarge,L4,0.5,ondemand,1.00758,2.01516,instances.vantage.sh (AWS Price List mirror)
2026-06-10,AWS,eu-north-1,g6f.4xlarge,L4,0.5,spot,0.15345,0.3069,instances.vantage.sh (AWS Price List mirror)
2026-06-10,AWS,eu-north-1,g6f.large,L4,0.125,ondemand,0.21424,1.71392,instances.vantage.sh (AWS Price List mirror)
2026-06-10,AWS,eu-north-1,g6f.large,L4,0.125,spot,0.0255,0.204,instances.vantage.sh (AWS Price List mirror)
2026-06-10,AWS,eu-north-1,g6f.xlarge,L4,0.125,ondemand,0.2519,2.0152,instances.vantage.sh (AWS Price List mirror)
2026-06-10,AWS,eu-north-1,g6f.xlarge,L4,0.125,spot,0.05665,0.4532,instances.vantage.sh (AWS Price List mirror)
2026-06-10,AWS,eu-north-1,gr6.4xlarge,L4,1.0,ondemand,1.6326,1.6326,instances.vantage.sh (AWS Price List mirror)
2026-06-10,AWS,eu-north-1,gr6.4xlarge,L4,1.0,spot,0.2502,0.2502,instances.vantage.sh (AWS Price List mirror)
2026-06-10,AWS,eu-north-1,gr6.8xlarge,L4,1.0,ondemand,2.59485,2.59485,instances.vantage.sh (AWS Price List mirror)
2026-06-10,AWS,eu-north-1,gr6.8xlarge,L4,1.0,spot,0.5292,0.5292,instances.vantage.sh (AWS Price List mirror)
2026-06-10,AWS,eu-north-1,gr6f.4xlarge,L4,0.5,ondemand,1.13069,2.26138,instances.vantage.sh (AWS Price List mirror)
2026-06-10,AWS,eu-north-1,gr6f.4xlarge,L4,0.5,spot,0.209,0.418,instances.vantage.sh (AWS Price List mirror)
2026-06-10,AWS,eu-north-1,inf1.24xlarge,AWS Inferentia,16.0,ondemand,5.016,0.3135,instances.vantage.sh (AWS Price List mirror)
2026-06-10,AWS,eu-north-1,inf1.24xlarge,AWS Inferentia,16.0,spot,0.90135,0.056334375,instances.vantage.sh (AWS Price List mirror)
2026-06-10,AWS,eu-north-1,inf1.2xlarge,AWS Inferentia,1.0,ondemand,0.385,0.385,instances.vantage.sh (AWS Price List mirror)
2026-06-10,AWS,eu-north-1,inf1.2xlarge,AWS Inferentia,1.0,spot,0.0446,0.0446,instances.vantage.sh (AWS Price List mirror)
2026-06-10,AWS,eu-north-1,inf1.6xlarge,AWS Inferentia,4.0,ondemand,1.254,0.3135,instances.vantage.sh (AWS Price List mirror)
2026-06-10,AWS,eu-north-1,inf1.6xlarge,AWS Inferentia,4.0,spot,0.1254,0.03135,instances.vantage.sh (AWS Price List mirror)
2026-06-10,AWS,eu-north-1,inf1.xlarge,AWS Inferentia,1.0,ondemand,0.242,0.242,instances.vantage.sh (AWS Price List mirror)
2026-06-10,AWS,eu-north-1,inf1.xlarge,AWS Inferentia,1.0,spot,0.0242,0.0242,instances.vantage.sh (AWS Price List mirror)
2026-06-10,AWS,eu-north-1,inf2.24xlarge,AWS Inferentia2,6.0,ondemand,7.1397,1.18995,instances.vantage.sh (AWS Price List mirror)
2026-06-10,AWS,eu-north-1,inf2.24xlarge,AWS Inferentia2,6.0,spot,0.714,0.119,instances.vantage.sh (AWS Price List mirror)
2026-06-10,AWS,eu-north-1,inf2.48xlarge,AWS Inferentia2,12.0,ondemand,14.27939,1.1899491666666666,instances.vantage.sh (AWS Price List mirror)
2026-06-10,AWS,eu-north-1,inf2.48xlarge,AWS Inferentia2,12.0,spot,1.4279,0.11899166666666666,instances.vantage.sh (AWS Price List mirror)
2026-06-10,AWS,eu-north-1,inf2.8xlarge,AWS Inferentia2,1.0,ondemand,2.16465,2.16465,instances.vantage.sh (AWS Price List mirror)
2026-06-10,AWS,eu-north-1,inf2.8xlarge,AWS Inferentia2,1.0,spot,0.2165,0.2165,instances.vantage.sh (AWS Price List mirror)
2026-06-10,AWS,eu-north-1,inf2.xlarge,AWS Inferentia2,1.0,ondemand,0.83402,0.83402,instances.vantage.sh (AWS Price List mirror)
2026-06-10,AWS,eu-north-1,inf2.xlarge,AWS Inferentia2,1.0,spot,0.0834,0.0834,instances.vantage.sh (AWS Price List mirror)
2026-06-10,AWS,eu-north-1,p4d.24xlarge,A100,8.0,ondemand,23.71569,2.96446125,instances.vantage.sh (AWS Price List mirror)
2026-06-10,AWS,eu-north-1,p4d.24xlarge,A100,8.0,spot,7.4849,0.9356125,instances.vantage.sh (AWS Price List mirror)
2026-06-10,AWS,eu-north-1,p5.48xlarge,H100,8.0,ondemand,58.8928,7.3616,instances.vantage.sh (AWS Price List mirror)
2026-06-10,AWS,eu-north-1,p5.48xlarge,H100,8.0,spot,56.2694,7.033675,instances.vantage.sh (AWS Price List mirror)
2026-06-10,AWS,eu-north-1,p5en.48xlarge,H200,8.0,ondemand,67.72672,8.46584,instances.vantage.sh (AWS Price List mirror)
2026-06-10,AWS,eu-north-1,p5en.48xlarge,H200,8.0,spot,18.1388,2.26735,instances.vantage.sh (AWS Price List mirror)
2026-06-10,AWS,eu-north-1-cph-1,g4dn.2xlarge,T4,1.0,ondemand,1.157,1.157,instances.vantage.sh (AWS Price List mirror)
2026-06-10,AWS,eu-north-1-hel-1,g4dn.2xlarge,T4,1.0,ondemand,0.997,0.997,instances.vantage.sh (AWS Price List mirror)
2026-06-10,AWS,eu-south-1,g4dn.12xlarge,T4,4.0,ondemand,4.58,1.145,instances.vantage.sh (AWS Price List mirror)
2026-06-10,AWS,eu-south-1,g4dn.12xlarge,T4,4.0,spot,2.1068,0.5267,instances.vantage.sh (AWS Price List mirror)
2026-06-10,AWS,eu-south-1,g4dn.16xlarge,T4,1.0,ondemand,5.095,5.095,instances.vantage.sh (AWS Price List mirror)
2026-06-10,AWS,eu-south-1,g4dn.16xlarge,T4,1.0,spot,0.5095,0.5095,instances.vantage.sh (AWS Price List mirror)
2026-06-10,AWS,eu-south-1,g4dn.2xlarge,T4,1.0,ondemand,0.88,0.88,instances.vantage.sh (AWS Price List mirror)
2026-06-10,AWS,eu-south-1,g4dn.2xlarge,T4,1.0,spot,0.1232,0.1232,instances.vantage.sh (AWS Price List mirror)
2026-06-10,AWS,eu-south-1,g4dn.4xlarge,T4,1.0,ondemand,1.41,1.41,instances.vantage.sh (AWS Price List mirror)
2026-06-10,AWS,eu-south-1,g4dn.4xlarge,T4,1.0,spot,0.3102,0.3102,instances.vantage.sh (AWS Price List mirror)
2026-06-10,AWS,eu-south-1,g4dn.8xlarge,T4,1.0,ondemand,2.547,2.547,instances.vantage.sh (AWS Price List mirror)
2026-06-10,AWS,eu-south-1,g4dn.8xlarge,T4,1.0,spot,0.2547,0.2547,instances.vantage.sh (AWS Price List mirror)
2026-06-10,AWS,eu-south-1,g4dn.metal,T4,8.0,ondemand,9.16,1.145,instances.vantage.sh (AWS Price List mirror)
2026-06-10,AWS,eu-south-1,g4dn.metal,T4,8.0,spot,2.8396,0.35495,instances.vantage.sh (AWS Price List mirror)
2026-06-10,AWS,eu-south-1,g4dn.xlarge,T4,1.0,ondemand,0.616,0.616,instances.vantage.sh (AWS Price List mirror)
2026-06-10,AWS,eu-south-1,g4dn.xlarge,T4,1.0,spot,0.08008,0.08008,instances.vantage.sh (AWS Price List mirror)
2026-06-10,AWS,eu-south-1,inf1.24xlarge,AWS Inferentia,16.0,ondemand,5.53,0.345625,instances.vantage.sh (AWS Price List mirror)
2026-06-10,AWS,eu-south-1,inf1.24xlarge,AWS Inferentia,16.0,spot,0.553,0.0345625,instances.vantage.sh (AWS Price List mirror)
2026-06-10,AWS,eu-south-1,inf1.2xlarge,AWS Inferentia,1.0,ondemand,0.424,0.424,instances.vantage.sh (AWS Price List mirror)
2026-06-10,AWS,eu-south-1,inf1.2xlarge,AWS Inferentia,1.0,spot,0.04664,0.04664,instances.vantage.sh (AWS Price List mirror)
2026-06-10,AWS,eu-south-1,inf1.6xlarge,AWS Inferentia,4.0,ondemand,1.382,0.3455,instances.vantage.sh (AWS Price List mirror)
2026-06-10,AWS,eu-south-1,inf1.6xlarge,AWS Inferentia,4.0,spot,0.1382,0.03455,instances.vantage.sh (AWS Price List mirror)
2026-06-10,AWS,eu-south-1,inf1.xlarge,AWS Inferentia,1.0,ondemand,0.267,0.267,instances.vantage.sh (AWS Price List mirror)
2026-06-10,AWS,eu-south-1,inf1.xlarge,AWS Inferentia,1.0,spot,0.0267,0.0267,instances.vantage.sh (AWS Price List mirror)
2026-06-10,AWS,eu-south-2,g5g.16xlarge,T4G,2.0,ondemand,3.0622,1.5311,instances.vantage.sh (AWS Price List mirror)
2026-06-10,AWS,eu-south-2,g5g.16xlarge,T4G,2.0,spot,0.30622,0.15311,instances.vantage.sh (AWS Price List mirror)
2026-06-10,AWS,eu-south-2,g5g.2xlarge,T4G,1.0,ondemand,0.6205,0.6205,instances.vantage.sh (AWS Price List mirror)
2026-06-10,AWS,eu-south-2,g5g.2xlarge,T4G,1.0,spot,0.093075,0.093075,instances.vantage.sh (AWS Price List mirror)
2026-06-10,AWS,eu-south-2,g5g.4xlarge,T4G,1.0,ondemand,0.924,0.924,instances.vantage.sh (AWS Price List mirror)
2026-06-10,AWS,eu-south-2,g5g.4xlarge,T4G,1.0,spot,0.11088,0.11088,instances.vantage.sh (AWS Price List mirror)
2026-06-10,AWS,eu-south-2,g5g.8xlarge,T4G,1.0,ondemand,1.5311,1.5311,instances.vantage.sh (AWS Price List mirror)
2026-06-10,AWS,eu-south-2,g5g.8xlarge,T4G,1.0,spot,0.168421,0.168421,instances.vantage.sh (AWS Price List mirror)
2026-06-10,AWS,eu-south-2,g5g.metal,T4G,2.0,ondemand,3.0622,1.5311,instances.vantage.sh (AWS Price List mirror)
2026-06-10,AWS,eu-south-2,g5g.metal,T4G,2.0,spot,0.30622,0.15311,instances.vantage.sh (AWS Price List mirror)
2026-06-10,AWS,eu-south-2,g5g.xlarge,T4G,1.0,ondemand,0.4687,0.4687,instances.vantage.sh (AWS Price List mirror)
2026-06-10,AWS,eu-south-2,g5g.xlarge,T4G,1.0,spot,0.14061,0.14061,instances.vantage.sh (AWS Price List mirror)
2026-06-10,AWS,eu-south-2,g6.12xlarge,L4,4.0,ondemand,4.8486,1.21215,instances.vantage.sh (AWS Price List mirror)
2026-06-10,AWS,eu-south-2,g6.12xlarge,L4,4.0,spot,0.824262,0.2060655,instances.vantage.sh (AWS Price List mirror)
2026-06-10,AWS,eu-south-2,g6.16xlarge,L4,1.0,ondemand,3.57913,3.57913,instances.vantage.sh (AWS Price List mirror)
2026-06-10,AWS,eu-south-2,g6.16xlarge,L4,1.0,spot,0.393704,0.393704,instances.vantage.sh (AWS Price List mirror)
2026-06-10,AWS,eu-south-2,g6.24xlarge,L4,4.0,ondemand,7.03351,1.7583775,instances.vantage.sh (AWS Price List mirror)
2026-06-10,AWS,eu-south-2,g6.24xlarge,L4,4.0,spot,1.195697,0.29892425,instances.vantage.sh (AWS Price List mirror)
2026-06-10,AWS,eu-south-2,g6.2xlarge,L4,1.0,ondemand,1.03008,1.03008,instances.vantage.sh (AWS Price List mirror)
2026-06-10,AWS,eu-south-2,g6.2xlarge,L4,1.0,spot,0.13391,0.13391,instances.vantage.sh (AWS Price List mirror)
2026-06-10,AWS,eu-south-2,g6.48xlarge,L4,8.0,ondemand,14.06702,1.7583775,instances.vantage.sh (AWS Price List mirror)
2026-06-10,AWS,eu-south-2,g6.48xlarge,L4,8.0,spot,2.672734,0.33409175,instances.vantage.sh (AWS Price List mirror)
2026-06-10,AWS,eu-south-2,g6.4xlarge,L4,1.0,ondemand,1.39423,1.39423,instances.vantage.sh (AWS Price List mirror)
2026-06-10,AWS,eu-south-2,g6.4xlarge,L4,1.0,spot,0.167308,0.167308,instances.vantage.sh (AWS Price List mirror)
2026-06-10,AWS,eu-south-2,g6.8xlarge,L4,1.0,ondemand,2.12253,2.12253,instances.vantage.sh (AWS Price List mirror)
2026-06-10,AWS,eu-south-2,g6.8xlarge,L4,1.0,spot,0.233478,0.233478,instances.vantage.sh (AWS Price List mirror)
2026-06-10,AWS,eu-south-2,g6.xlarge,L4,1.0,ondemand,0.848,0.848,instances.vantage.sh (AWS Price List mirror)
2026-06-10,AWS,eu-south-2,g6.xlarge,L4,1.0,spot,0.14416,0.14416,instances.vantage.sh (AWS Price List mirror)
2026-06-10,AWS,eu-south-2,g6e.12xlarge,L40S,4.0,ondemand,11.05645,2.7641125,instances.vantage.sh (AWS Price List mirror)
2026-06-10,AWS,eu-south-2,g6e.12xlarge,L40S,4.0,spot,3.095806,0.7739515,instances.vantage.sh (AWS Price List mirror)
2026-06-10,AWS,eu-south-2,g6e.16xlarge,L40S,1.0,ondemand,7.98435,7.98435,instances.vantage.sh (AWS Price List mirror)
2026-06-10,AWS,eu-south-2,g6e.16xlarge,L40S,1.0,spot,0.798435,0.798435,instances.vantage.sh (AWS Price List mirror)
2026-06-10,AWS,eu-south-2,g6e.24xlarge,L40S,4.0,ondemand,15.87513,3.9687825,instances.vantage.sh (AWS Price List mirror)
2026-06-10,AWS,eu-south-2,g6e.24xlarge,L40S,4.0,spot,4.127534,1.0318835,instances.vantage.sh (AWS Price List mirror)
2026-06-10,AWS,eu-south-2,g6e.2xlarge,L40S,1.0,ondemand,2.36256,2.36256,instances.vantage.sh (AWS Price List mirror)
2026-06-10,AWS,eu-south-2,g6e.2xlarge,L40S,1.0,spot,0.567014,0.567014,instances.vantage.sh (AWS Price List mirror)
2026-06-10,AWS,eu-south-2,g6e.48xlarge,L40S,8.0,ondemand,31.75027,3.96878375,instances.vantage.sh (AWS Price List mirror)
2026-06-10,AWS,eu-south-2,g6e.48xlarge,L40S,8.0,spot,15.24013,1.90501625,instances.vantage.sh (AWS Price List mirror)
2026-06-10,AWS,eu-south-2,g6e.4xlarge,L40S,1.0,ondemand,3.16567,3.16567,instances.vantage.sh (AWS Price List mirror)
2026-06-10,AWS,eu-south-2,g6e.4xlarge,L40S,1.0,spot,0.664791,0.664791,instances.vantage.sh (AWS Price List mirror)
2026-06-10,AWS,eu-south-2,g6e.8xlarge,L40S,1.0,ondemand,4.7719,4.7719,instances.vantage.sh (AWS Price List mirror)
2026-06-10,AWS,eu-south-2,g6e.8xlarge,L40S,1.0,spot,0.668066,0.668066,instances.vantage.sh (AWS Price List mirror)
2026-06-10,AWS,eu-south-2,g6e.xlarge,L40S,1.0,ondemand,1.961,1.961,instances.vantage.sh (AWS Price List mirror)
2026-06-10,AWS,eu-south-2,g6e.xlarge,L40S,1.0,spot,0.62752,0.62752,instances.vantage.sh (AWS Price List mirror)
2026-06-10,AWS,eu-south-2,g6f.2xlarge,L4,0.25,ondemand,0.53438,2.13752,instances.vantage.sh (AWS Price List mirror)
2026-06-10,AWS,eu-south-2,g6f.2xlarge,L4,0.25,spot,0.15497,0.61988,instances.vantage.sh (AWS Price List mirror)
2026-06-10,AWS,eu-south-2,g6f.4xlarge,L4,0.5,ondemand,1.06875,2.1375,instances.vantage.sh (AWS Price List mirror)
2026-06-10,AWS,eu-south-2,g6f.4xlarge,L4,0.5,spot,0.309937,0.619874,instances.vantage.sh (AWS Price List mirror)
2026-06-10,AWS,eu-south-2,g6f.large,L4,0.125,ondemand,0.22725,1.818,instances.vantage.sh (AWS Price List mirror)
2026-06-10,AWS,eu-south-2,g6f.large,L4,0.125,spot,0.052268,0.418144,instances.vantage.sh (AWS Price List mirror)
2026-06-10,AWS,eu-south-2,g6f.xlarge,L4,0.125,ondemand,0.26719,2.13752,instances.vantage.sh (AWS Price List mirror)
2026-06-10,AWS,eu-south-2,g6f.xlarge,L4,0.125,spot,0.077485,0.61988,instances.vantage.sh (AWS Price List mirror)
2026-06-10,AWS,eu-south-2,g7e.12xlarge,NVIDIA GB202,2.0,ondemand,8.73134,4.36567,instances.vantage.sh (AWS Price List mirror)
2026-06-10,AWS,eu-south-2,g7e.12xlarge,NVIDIA GB202,2.0,spot,2.532089,1.2660445,instances.vantage.sh (AWS Price List mirror)
2026-06-10,AWS,eu-south-2,g7e.24xlarge,NVIDIA GB202,4.0,ondemand,17.46268,4.36567,instances.vantage.sh (AWS Price List mirror)
2026-06-10,AWS,eu-south-2,g7e.24xlarge,NVIDIA GB202,4.0,spot,5.064177,1.26604425,instances.vantage.sh (AWS Price List mirror)
2026-06-10,AWS,eu-south-2,g7e.2xlarge,NVIDIA GB202,1.0,ondemand,3.54384,3.54384,instances.vantage.sh (AWS Price List mirror)
2026-06-10,AWS,eu-south-2,g7e.2xlarge,NVIDIA GB202,1.0,spot,1.063152,1.063152,instances.vantage.sh (AWS Price List mirror)
2026-06-10,AWS,eu-south-2,g7e.48xlarge,NVIDIA GB202,8.0,ondemand,34.92536,4.36567,instances.vantage.sh (AWS Price List mirror)
2026-06-10,AWS,eu-south-2,g7e.48xlarge,NVIDIA GB202,8.0,spot,10.477608,1.309701,instances.vantage.sh (AWS Price List mirror)
2026-06-10,AWS,eu-south-2,g7e.4xlarge,NVIDIA GB202,1.0,ondemand,4.213,4.213,instances.vantage.sh (AWS Price List mirror)
2026-06-10,AWS,eu-south-2,g7e.4xlarge,NVIDIA GB202,1.0,spot,1.39029,1.39029,instances.vantage.sh (AWS Price List mirror)
2026-06-10,AWS,eu-south-2,g7e.8xlarge,NVIDIA GB202,1.0,ondemand,5.55133,5.55133,instances.vantage.sh (AWS Price List mirror)
2026-06-10,AWS,eu-south-2,g7e.8xlarge,NVIDIA GB202,1.0,spot,1.665399,1.665399,instances.vantage.sh (AWS Price List mirror)
2026-06-10,AWS,eu-south-2,gr6.4xlarge,L4,1.0,ondemand,1.6218,1.6218,instances.vantage.sh (AWS Price List mirror)
2026-06-10,AWS,eu-south-2,gr6.4xlarge,L4,1.0,spot,0.178398,0.178398,instances.vantage.sh (AWS Price List mirror)
2026-06-10,AWS,eu-south-2,gr6.8xlarge,L4,1.0,ondemand,2.57768,2.57768,instances.vantage.sh (AWS Price List mirror)
2026-06-10,AWS,eu-south-2,gr6.8xlarge,L4,1.0,spot,0.283545,0.283545,instances.vantage.sh (AWS Price List mirror)
2026-06-10,AWS,eu-south-2,gr6f.4xlarge,L4,0.5,ondemand,1.19925,2.3985,instances.vantage.sh (AWS Price List mirror)
2026-06-10,AWS,eu-south-2,gr6f.4xlarge,L4,0.5,spot,0.347782,0.695564,instances.vantage.sh (AWS Price List mirror)
2026-06-10,AWS,eu-south-2,p5en.48xlarge,H200,8.0,ondemand,68.35968,8.54496,instances.vantage.sh (AWS Price List mirror)
2026-06-10,AWS,eu-south-2,p5en.48xlarge,H200,8.0,spot,13.671936,1.708992,instances.vantage.sh (AWS Price List mirror)
2026-06-10,AWS,eu-west-1,g2.2xlarge,K520,1.0,ondemand,0.702,0.702,instances.vantage.sh (AWS Price List mirror)
2026-06-10,AWS,eu-west-1,g2.8xlarge,K520,4.0,ondemand,2.808,0.702,instances.vantage.sh (AWS Price List mirror)
2026-06-10,AWS,eu-west-1,g3.16xlarge,M60,4.0,ondemand,4.84,1.21,instances.vantage.sh (AWS Price List mirror)
2026-06-10,AWS,eu-west-1,g3.4xlarge,M60,1.0,ondemand,1.21,1.21,instances.vantage.sh (AWS Price List mirror)
2026-06-10,AWS,eu-west-1,g3.8xlarge,M60,2.0,ondemand,2.42,1.21,instances.vantage.sh (AWS Price List mirror)
2026-06-10,AWS,eu-west-1,g3s.xlarge,M60,1.0,ondemand,0.796,0.796,instances.vantage.sh (AWS Price List mirror)
2026-06-10,AWS,eu-west-1,g4ad.16xlarge,V520,4.0,ondemand,3.872,0.968,instances.vantage.sh (AWS Price List mirror)
2026-06-10,AWS,eu-west-1,g4ad.16xlarge,V520,4.0,spot,1.743267,0.43581675,instances.vantage.sh (AWS Price List mirror)
2026-06-10,AWS,eu-west-1,g4ad.2xlarge,V520,1.0,ondemand,0.60421,0.60421,instances.vantage.sh (AWS Price List mirror)
2026-06-10,AWS,eu-west-1,g4ad.2xlarge,V520,1.0,spot,0.2604,0.2604,instances.vantage.sh (AWS Price List mirror)
2026-06-10,AWS,eu-west-1,g4ad.4xlarge,V520,1.0,ondemand,0.968,0.968,instances.vantage.sh (AWS Price List mirror)
2026-06-10,AWS,eu-west-1,g4ad.4xlarge,V520,1.0,spot,0.4366,0.4366,instances.vantage.sh (AWS Price List mirror)
2026-06-10,AWS,eu-west-1,g4ad.8xlarge,V520,2.0,ondemand,1.936,0.968,instances.vantage.sh (AWS Price List mirror)
2026-06-10,AWS,eu-west-1,g4ad.8xlarge,V520,2.0,spot,0.792533,0.3962665,instances.vantage.sh (AWS Price List mirror)
2026-06-10,AWS,eu-west-1,g4ad.xlarge,V520,1.0,ondemand,0.42263,0.42263,instances.vantage.sh (AWS Price List mirror)
2026-06-10,AWS,eu-west-1,g4ad.xlarge,V520,1.0,spot,0.175233,0.175233,instances.vantage.sh (AWS Price List mirror)
2026-06-10,AWS,eu-west-1,g4dn.12xlarge,T4,4.0,ondemand,4.362,1.0905,instances.vantage.sh (AWS Price List mirror)
2026-06-10,AWS,eu-west-1,g4dn.12xlarge,T4,4.0,spot,2.060167,0.51504175,instances.vantage.sh (AWS Price List mirror)
2026-06-10,AWS,eu-west-1,g4dn.16xlarge,T4,1.0,ondemand,4.853,4.853,instances.vantage.sh (AWS Price List mirror)
2026-06-10,AWS,eu-west-1,g4dn.16xlarge,T4,1.0,spot,1.203333,1.203333,instances.vantage.sh (AWS Price List mirror)
2026-06-10,AWS,eu-west-1,g4dn.2xlarge,T4,1.0,ondemand,0.838,0.838,instances.vantage.sh (AWS Price List mirror)
2026-06-10,AWS,eu-west-1,g4dn.2xlarge,T4,1.0,spot,0.347333,0.347333,instances.vantage.sh (AWS Price List mirror)
2026-06-10,AWS,eu-west-1,g4dn.4xlarge,T4,1.0,ondemand,1.342,1.342,instances.vantage.sh (AWS Price List mirror)
2026-06-10,AWS,eu-west-1,g4dn.4xlarge,T4,1.0,spot,0.615533,0.615533,instances.vantage.sh (AWS Price List mirror)
2026-06-10,AWS,eu-west-1,g4dn.8xlarge,T4,1.0,ondemand,2.426,2.426,instances.vantage.sh (AWS Price List mirror)
2026-06-10,AWS,eu-west-1,g4dn.8xlarge,T4,1.0,spot,1.161133,1.161133,instances.vantage.sh (AWS Price List mirror)
2026-06-10,AWS,eu-west-1,g4dn.metal,T4,8.0,ondemand,8.724,1.0905,instances.vantage.sh (AWS Price List mirror)
2026-06-10,AWS,eu-west-1,g4dn.metal,T4,8.0,spot,4.558033,0.569754125,instances.vantage.sh (AWS Price List mirror)
2026-06-10,AWS,eu-west-1,g4dn.xlarge,T4,1.0,ondemand,0.587,0.587,instances.vantage.sh (AWS Price List mirror)
2026-06-10,AWS,eu-west-1,g4dn.xlarge,T4,1.0,spot,0.2842,0.2842,instances.vantage.sh (AWS Price List mirror)
2026-06-10,AWS,eu-west-1,g5.12xlarge,A10G,4.0,ondemand,6.33167,1.5829175,instances.vantage.sh (AWS Price List mirror)
2026-06-10,AWS,eu-west-1,g5.12xlarge,A10G,4.0,spot,3.765533,0.94138325,instances.vantage.sh (AWS Price List mirror)
2026-06-10,AWS,eu-west-1,g5.16xlarge,A10G,1.0,ondemand,4.57237,4.57237,instances.vantage.sh (AWS Price List mirror)
2026-06-10,AWS,eu-west-1,g5.16xlarge,A10G,1.0,spot,1.661233,1.661233,instances.vantage.sh (AWS Price List mirror)
2026-06-10,AWS,eu-west-1,g5.24xlarge,A10G,4.0,ondemand,9.09117,2.2727925,instances.vantage.sh (AWS Price List mirror)
2026-06-10,AWS,eu-west-1,g5.24xlarge,A10G,4.0,spot,2.7587,0.689675,instances.vantage.sh (AWS Price List mirror)
2026-06-10,AWS,eu-west-1,g5.2xlarge,A10G,1.0,ondemand,1.35296,1.35296,instances.vantage.sh (AWS Price List mirror)
2026-06-10,AWS,eu-west-1,g5.2xlarge,A10G,1.0,spot,0.949933,0.949933,instances.vantage.sh (AWS Price List mirror)
2026-06-10,AWS,eu-west-1,g5.48xlarge,A10G,8.0,ondemand,18.18233,2.27279125,instances.vantage.sh (AWS Price List mirror)
2026-06-10,AWS,eu-west-1,g5.48xlarge,A10G,8.0,spot,6.687167,0.835895875,instances.vantage.sh (AWS Price List mirror)
2026-06-10,AWS,eu-west-1,g5.4xlarge,A10G,1.0,ondemand,1.81287,1.81287,instances.vantage.sh (AWS Price List mirror)
2026-06-10,AWS,eu-west-1,g5.4xlarge,A10G,1.0,spot,1.035,1.035,instances.vantage.sh (AWS Price List mirror)
2026-06-10,AWS,eu-west-1,g5.8xlarge,A10G,1.0,ondemand,2.73271,2.73271,instances.vantage.sh (AWS Price List mirror)
2026-06-10,AWS,eu-west-1,g5.8xlarge,A10G,1.0,spot,1.5108,1.5108,instances.vantage.sh (AWS Price List mirror)
2026-06-10,AWS,eu-west-1,g5.xlarge,A10G,1.0,ondemand,1.123,1.123,instances.vantage.sh (AWS Price List mirror)
2026-06-10,AWS,eu-west-1,g5.xlarge,A10G,1.0,spot,0.7257,0.7257,instances.vantage.sh (AWS Price List mirror)
2026-06-10,AWS,eu-west-1,inf1.24xlarge,AWS Inferentia,16.0,ondemand,5.26,0.32875,instances.vantage.sh (AWS Price List mirror)
2026-06-10,AWS,eu-west-1,inf1.24xlarge,AWS Inferentia,16.0,spot,1.214833,0.0759270625,instances.vantage.sh (AWS Price List mirror)
2026-06-10,AWS,eu-west-1,inf1.2xlarge,AWS Inferentia,1.0,ondemand,0.403,0.403,instances.vantage.sh (AWS Price List mirror)
2026-06-10,AWS,eu-west-1,inf1.2xlarge,AWS Inferentia,1.0,spot,0.126833,0.126833,instances.vantage.sh (AWS Price List mirror)
2026-06-10,AWS,eu-west-1,inf1.6xlarge,AWS Inferentia,4.0,ondemand,1.315,0.32875,instances.vantage.sh (AWS Price List mirror)
2026-06-10,AWS,eu-west-1,inf1.6xlarge,AWS Inferentia,4.0,spot,0.3339,0.083475,instances.vantage.sh (AWS Price List mirror)
2026-06-10,AWS,eu-west-1,inf1.xlarge,AWS Inferentia,1.0,ondemand,0.254,0.254,instances.vantage.sh (AWS Price List mirror)
2026-06-10,AWS,eu-west-1,inf1.xlarge,AWS Inferentia,1.0,spot,0.064667,0.064667,instances.vantage.sh (AWS Price List mirror)
2026-06-10,AWS,eu-west-1,inf2.24xlarge,AWS Inferentia2,6.0,ondemand,8.11329,1.352215,instances.vantage.sh (AWS Price List mirror)
2026-06-10,AWS,eu-west-1,inf2.24xlarge,AWS Inferentia2,6.0,spot,1.749,0.29150000000000004,instances.vantage.sh (AWS Price List mirror)
2026-06-10,AWS,eu-west-1,inf2.48xlarge,AWS Inferentia2,12.0,ondemand,16.22658,1.352215,instances.vantage.sh (AWS Price List mirror)
2026-06-10,AWS,eu-west-1,inf2.48xlarge,AWS Inferentia2,12.0,spot,2.651767,0.22098058333333334,instances.vantage.sh (AWS Price List mirror)
2026-06-10,AWS,eu-west-1,inf2.8xlarge,AWS Inferentia2,1.0,ondemand,2.45982,2.45982,instances.vantage.sh (AWS Price List mirror)
2026-06-10,AWS,eu-west-1,inf2.8xlarge,AWS Inferentia2,1.0,spot,0.7376,0.7376,instances.vantage.sh (AWS Price List mirror)
2026-06-10,AWS,eu-west-1,inf2.xlarge,AWS Inferentia2,1.0,ondemand,0.94775,0.94775,instances.vantage.sh (AWS Price List mirror)
2026-06-10,AWS,eu-west-1,inf2.xlarge,AWS Inferentia2,1.0,spot,0.2292,0.2292,instances.vantage.sh (AWS Price List mirror)
2026-06-10,AWS,eu-west-1,p2.16xlarge,K80,16.0,ondemand,15.552,0.972,instances.vantage.sh (AWS Price List mirror)
2026-06-10,AWS,eu-west-1,p2.8xlarge,K80,8.0,ondemand,7.776,0.972,instances.vantage.sh (AWS Price List mirror)
2026-06-10,AWS,eu-west-1,p2.xlarge,K80,1.0,ondemand,0.972,0.972,instances.vantage.sh (AWS Price List mirror)
2026-06-10,AWS,eu-west-1,p3.16xlarge,V100,8.0,ondemand,26.44,3.305,instances.vantage.sh (AWS Price List mirror)
2026-06-10,AWS,eu-west-1,p3.16xlarge,V100,8.0,spot,26.44,3.305,instances.vantage.sh (AWS Price List mirror)
2026-06-10,AWS,eu-west-1,p3.2xlarge,V100,1.0,ondemand,3.305,3.305,instances.vantage.sh (AWS Price List mirror)
2026-06-10,AWS,eu-west-1,p3.2xlarge,V100,1.0,spot,1.2338,1.2338,instances.vantage.sh (AWS Price List mirror)
2026-06-10,AWS,eu-west-1,p3.8xlarge,V100,4.0,ondemand,13.22,3.305,instances.vantage.sh (AWS Price List mirror)
2026-06-10,AWS,eu-west-1,p3.8xlarge,V100,4.0,spot,4.40865,1.1021625,instances.vantage.sh (AWS Price List mirror)
2026-06-10,AWS,eu-west-1,p3dn.24xlarge,V100,8.0,ondemand,33.711,4.213875,instances.vantage.sh (AWS Price List mirror)
2026-06-10,AWS,eu-west-1,p3dn.24xlarge,V100,8.0,spot,13.9002,1.737525,instances.vantage.sh (AWS Price List mirror)
2026-06-10,AWS,eu-west-1,p4d.24xlarge,A100,8.0,ondemand,23.71569,2.96446125,instances.vantage.sh (AWS Price List mirror)
2026-06-10,AWS,eu-west-1,p4d.24xlarge,A100,8.0,spot,9.8177,1.2272125,instances.vantage.sh (AWS Price List mirror)
2026-06-10,AWS,eu-west-2,g3.16xlarge,M60,4.0,ondemand,5.716,1.429,instances.vantage.sh (AWS Price List mirror)
2026-06-10,AWS,eu-west-2,g3.4xlarge,M60,1.0,ondemand,1.429,1.429,instances.vantage.sh (AWS Price List mirror)
2026-06-10,AWS,eu-west-2,g3.8xlarge,M60,2.0,ondemand,2.858,1.429,instances.vantage.sh (AWS Price List mirror)
2026-06-10,AWS,eu-west-2,g3s.xlarge,M60,1.0,ondemand,0.94,0.94,instances.vantage.sh (AWS Price List mirror)
2026-06-10,AWS,eu-west-2,g4ad.16xlarge,V520,4.0,ondemand,4.056,1.014,instances.vantage.sh (AWS Price List mirror)
2026-06-10,AWS,eu-west-2,g4ad.16xlarge,V520,4.0,spot,0.7468,0.1867,instances.vantage.sh (AWS Price List mirror)
2026-06-10,AWS,eu-west-2,g4ad.2xlarge,V520,1.0,ondemand,0.63292,0.63292,instances.vantage.sh (AWS Price List mirror)
2026-06-10,AWS,eu-west-2,g4ad.2xlarge,V520,1.0,spot,0.23405,0.23405,instances.vantage.sh (AWS Price List mirror)
2026-06-10,AWS,eu-west-2,g4ad.4xlarge,V520,1.0,ondemand,1.014,1.014,instances.vantage.sh (AWS Price List mirror)
2026-06-10,AWS,eu-west-2,g4ad.4xlarge,V520,1.0,spot,0.32505,0.32505,instances.vantage.sh (AWS Price List mirror)
2026-06-10,AWS,eu-west-2,g4ad.8xlarge,V520,2.0,ondemand,2.028,1.014,instances.vantage.sh (AWS Price List mirror)
2026-06-10,AWS,eu-west-2,g4ad.8xlarge,V520,2.0,spot,0.44545,0.222725,instances.vantage.sh (AWS Price List mirror)
2026-06-10,AWS,eu-west-2,g4ad.xlarge,V520,1.0,ondemand,0.44271,0.44271,instances.vantage.sh (AWS Price List mirror)
2026-06-10,AWS,eu-west-2,g4ad.xlarge,V520,1.0,spot,0.10415,0.10415,instances.vantage.sh (AWS Price List mirror)
2026-06-10,AWS,eu-west-2,g4dn.12xlarge,T4,4.0,ondemand,4.577,1.14425,instances.vantage.sh (AWS Price List mirror)
2026-06-10,AWS,eu-west-2,g4dn.12xlarge,T4,4.0,spot,1.488633,0.37215825,instances.vantage.sh (AWS Price List mirror)
2026-06-10,AWS,eu-west-2,g4dn.16xlarge,T4,1.0,ondemand,5.092,5.092,instances.vantage.sh (AWS Price List mirror)
2026-06-10,AWS,eu-west-2,g4dn.16xlarge,T4,1.0,spot,0.7866,0.7866,instances.vantage.sh (AWS Price List mirror)
2026-06-10,AWS,eu-west-2,g4dn.2xlarge,T4,1.0,ondemand,0.88,0.88,instances.vantage.sh (AWS Price List mirror)
2026-06-10,AWS,eu-west-2,g4dn.2xlarge,T4,1.0,spot,0.243667,0.243667,instances.vantage.sh (AWS Price List mirror)
2026-06-10,AWS,eu-west-2,g4dn.4xlarge,T4,1.0,ondemand,1.409,1.409,instances.vantage.sh (AWS Price List mirror)
2026-06-10,AWS,eu-west-2,g4dn.4xlarge,T4,1.0,spot,0.395367,0.395367,instances.vantage.sh (AWS Price List mirror)
2026-06-10,AWS,eu-west-2,g4dn.8xlarge,T4,1.0,ondemand,2.546,2.546,instances.vantage.sh (AWS Price List mirror)
2026-06-10,AWS,eu-west-2,g4dn.8xlarge,T4,1.0,spot,0.5329,0.5329,instances.vantage.sh (AWS Price List mirror)
2026-06-10,AWS,eu-west-2,g4dn.metal,T4,8.0,ondemand,9.154,1.14425,instances.vantage.sh (AWS Price List mirror)
2026-06-10,AWS,eu-west-2,g4dn.metal,T4,8.0,spot,2.107667,0.263458375,instances.vantage.sh (AWS Price List mirror)
2026-06-10,AWS,eu-west-2,g4dn.xlarge,T4,1.0,ondemand,0.615,0.615,instances.vantage.sh (AWS Price List mirror)
2026-06-10,AWS,eu-west-2,g4dn.xlarge,T4,1.0,spot,0.1877,0.1877,instances.vantage.sh (AWS Price List mirror)
2026-06-10,AWS,eu-west-2,g5.12xlarge,A10G,4.0,ondemand,7.19994,1.799985,instances.vantage.sh (AWS Price List mirror)
2026-06-10,AWS,eu-west-2,g5.12xlarge,A10G,4.0,spot,5.3585,1.339625,instances.vantage.sh (AWS Price List mirror)
2026-06-10,AWS,eu-west-2,g5.16xlarge,A10G,1.0,ondemand,5.1994,5.1994,instances.vantage.sh (AWS Price List mirror)
2026-06-10,AWS,eu-west-2,g5.16xlarge,A10G,1.0,spot,3.0085,3.0085,instances.vantage.sh (AWS Price List mirror)
2026-06-10,AWS,eu-west-2,g5.24xlarge,A10G,4.0,ondemand,10.33786,2.584465,instances.vantage.sh (AWS Price List mirror)
2026-06-10,AWS,eu-west-2,g5.24xlarge,A10G,4.0,spot,10.3379,2.584475,instances.vantage.sh (AWS Price List mirror)
2026-06-10,AWS,eu-west-2,g5.2xlarge,A10G,1.0,ondemand,1.53849,1.53849,instances.vantage.sh (AWS Price List mirror)
2026-06-10,AWS,eu-west-2,g5.2xlarge,A10G,1.0,spot,0.7043,0.7043,instances.vantage.sh (AWS Price List mirror)
2026-06-10,AWS,eu-west-2,g5.48xlarge,A10G,8.0,ondemand,20.67572,2.584465,instances.vantage.sh (AWS Price List mirror)
2026-06-10,AWS,eu-west-2,g5.48xlarge,A10G,8.0,spot,20.6757,2.5844625,instances.vantage.sh (AWS Price List mirror)
2026-06-10,AWS,eu-west-2,g5.4xlarge,A10G,1.0,ondemand,2.06148,2.06148,instances.vantage.sh (AWS Price List mirror)
2026-06-10,AWS,eu-west-2,g5.4xlarge,A10G,1.0,spot,0.7143,0.7143,instances.vantage.sh (AWS Price List mirror)
2026-06-10,AWS,eu-west-2,g5.8xlarge,A10G,1.0,ondemand,3.10745,3.10745,instances.vantage.sh (AWS Price List mirror)
2026-06-10,AWS,eu-west-2,g5.8xlarge,A10G,1.0,spot,1.53675,1.53675,instances.vantage.sh (AWS Price List mirror)
2026-06-10,AWS,eu-west-2,g5.xlarge,A10G,1.0,ondemand,1.277,1.277,instances.vantage.sh (AWS Price List mirror)
2026-06-10,AWS,eu-west-2,g5.xlarge,A10G,1.0,spot,0.46735,0.46735,instances.vantage.sh (AWS Price List mirror)
2026-06-10,AWS,eu-west-2,g6.12xlarge,L4,4.0,ondemand,5.8412,1.4603,instances.vantage.sh (AWS Price List mirror)
2026-06-10,AWS,eu-west-2,g6.12xlarge,L4,4.0,spot,1.8554,0.46385,instances.vantage.sh (AWS Price List mirror)
2026-06-10,AWS,eu-west-2,g6.16xlarge,L4,1.0,ondemand,4.31184,4.31184,instances.vantage.sh (AWS Price List mirror)
2026-06-10,AWS,eu-west-2,g6.16xlarge,L4,1.0,spot,1.3757,1.3757,instances.vantage.sh (AWS Price List mirror)
2026-06-10,AWS,eu-west-2,g6.24xlarge,L4,4.0,ondemand,8.47339,2.1183475,instances.vantage.sh (AWS Price List mirror)
2026-06-10,AWS,eu-west-2,g6.24xlarge,L4,4.0,spot,2.476733,0.61918325,instances.vantage.sh (AWS Price List mirror)
2026-06-10,AWS,eu-west-2,g6.2xlarge,L4,1.0,ondemand,1.24095,1.24095,instances.vantage.sh (AWS Price List mirror)
2026-06-10,AWS,eu-west-2,g6.2xlarge,L4,1.0,spot,0.487433,0.487433,instances.vantage.sh (AWS Price List mirror)
2026-06-10,AWS,eu-west-2,g6.48xlarge,L4,8.0,ondemand,16.94678,2.1183475,instances.vantage.sh (AWS Price List mirror)
2026-06-10,AWS,eu-west-2,g6.48xlarge,L4,8.0,spot,6.5733,0.8216625,instances.vantage.sh (AWS Price List mirror)
2026-06-10,AWS,eu-west-2,g6.4xlarge,L4,1.0,ondemand,1.67965,1.67965,instances.vantage.sh (AWS Price List mirror)
2026-06-10,AWS,eu-west-2,g6.4xlarge,L4,1.0,spot,0.5709,0.5709,instances.vantage.sh (AWS Price List mirror)
2026-06-10,AWS,eu-west-2,g6.8xlarge,L4,1.0,ondemand,2.55705,2.55705,instances.vantage.sh (AWS Price List mirror)
2026-06-10,AWS,eu-west-2,g6.8xlarge,L4,1.0,spot,0.805967,0.805967,instances.vantage.sh (AWS Price List mirror)
2026-06-10,AWS,eu-west-2,g6.xlarge,L4,1.0,ondemand,1.0216,1.0216,instances.vantage.sh (AWS Price List mirror)
2026-06-10,AWS,eu-west-2,g6.xlarge,L4,1.0,spot,0.299367,0.299367,instances.vantage.sh (AWS Price List mirror)
2026-06-10,AWS,eu-west-2,g6f.2xlarge,L4,0.25,ondemand,0.60298,2.41192,instances.vantage.sh (AWS Price List mirror)
2026-06-10,AWS,eu-west-2,g6f.2xlarge,L4,0.25,spot,0.1819,0.7276,instances.vantage.sh (AWS Price List mirror)
2026-06-10,AWS,eu-west-2,g6f.4xlarge,L4,0.5,ondemand,1.20595,2.4119,instances.vantage.sh (AWS Price List mirror)
2026-06-10,AWS,eu-west-2,g6f.4xlarge,L4,0.5,spot,0.33995,0.6799,instances.vantage.sh (AWS Price List mirror)
2026-06-10,AWS,eu-west-2,g6f.large,L4,0.125,ondemand,0.25642,2.05136,instances.vantage.sh (AWS Price List mirror)
2026-06-10,AWS,eu-west-2,g6f.large,L4,0.125,spot,0.06065,0.4852,instances.vantage.sh (AWS Price List mirror)
2026-06-10,AWS,eu-west-2,g6f.xlarge,L4,0.125,ondemand,0.30149,2.41192,instances.vantage.sh (AWS Price List mirror)
2026-06-10,AWS,eu-west-2,g6f.xlarge,L4,0.125,spot,0.1207,0.9656,instances.vantage.sh (AWS Price List mirror)
2026-06-10,AWS,eu-west-2,g7e.12xlarge,NVIDIA GB202,2.0,ondemand,14.40172,7.20086,instances.vantage.sh (AWS Price List mirror)
2026-06-10,AWS,eu-west-2,g7e.12xlarge,NVIDIA GB202,2.0,spot,8.9065,4.45325,instances.vantage.sh (AWS Price List mirror)
2026-06-10,AWS,eu-west-2,g7e.24xlarge,NVIDIA GB202,4.0,ondemand,28.80344,7.20086,instances.vantage.sh (AWS Price List mirror)
2026-06-10,AWS,eu-west-2,g7e.24xlarge,NVIDIA GB202,4.0,spot,16.0211,4.005275,instances.vantage.sh (AWS Price List mirror)
2026-06-10,AWS,eu-west-2,g7e.2xlarge,NVIDIA GB202,1.0,ondemand,5.84531,5.84531,instances.vantage.sh (AWS Price List mirror)
2026-06-10,AWS,eu-west-2,g7e.2xlarge,NVIDIA GB202,1.0,spot,1.8563,1.8563,instances.vantage.sh (AWS Price List mirror)
2026-06-10,AWS,eu-west-2,g7e.48xlarge,NVIDIA GB202,8.0,ondemand,57.60687,7.20085875,instances.vantage.sh (AWS Price List mirror)
2026-06-10,AWS,eu-west-2,g7e.48xlarge,NVIDIA GB202,8.0,spot,57.6069,7.2008625,instances.vantage.sh (AWS Price List mirror)
2026-06-10,AWS,eu-west-2,g7e.4xlarge,NVIDIA GB202,1.0,ondemand,6.94905,6.94905,instances.vantage.sh (AWS Price List mirror)
2026-06-10,AWS,eu-west-2,g7e.4xlarge,NVIDIA GB202,1.0,spot,1.32315,1.32315,instances.vantage.sh (AWS Price List mirror)
2026-06-10,AWS,eu-west-2,g7e.8xlarge,NVIDIA GB202,1.0,ondemand,9.15653,9.15653,instances.vantage.sh (AWS Price List mirror)
2026-06-10,AWS,eu-west-2,g7e.8xlarge,NVIDIA GB202,1.0,spot,5.273,5.273,instances.vantage.sh (AWS Price List mirror)
2026-06-10,AWS,eu-west-2,gr6.4xlarge,L4,1.0,ondemand,1.9539,1.9539,instances.vantage.sh (AWS Price List mirror)
2026-06-10,AWS,eu-west-2,gr6.4xlarge,L4,1.0,spot,0.3748,0.3748,instances.vantage.sh (AWS Price List mirror)
2026-06-10,AWS,eu-west-2,gr6.8xlarge,L4,1.0,ondemand,3.10552,3.10552,instances.vantage.sh (AWS Price List mirror)
2026-06-10,AWS,eu-west-2,gr6.8xlarge,L4,1.0,spot,0.67455,0.67455,instances.vantage.sh (AWS Price List mirror)
2026-06-10,AWS,eu-west-2,gr6f.4xlarge,L4,0.5,ondemand,1.35321,2.70642,instances.vantage.sh (AWS Price List mirror)
2026-06-10,AWS,eu-west-2,gr6f.4xlarge,L4,0.5,spot,0.3403,0.6806,instances.vantage.sh (AWS Price List mirror)
2026-06-10,AWS,eu-west-2,inf1.24xlarge,AWS Inferentia,16.0,ondemand,5.53,0.345625,instances.vantage.sh (AWS Price List mirror)
2026-06-10,AWS,eu-west-2,inf1.24xlarge,AWS Inferentia,16.0,spot,0.6137,0.03835625,instances.vantage.sh (AWS Price List mirror)
2026-06-10,AWS,eu-west-2,inf1.2xlarge,AWS Inferentia,1.0,ondemand,0.424,0.424,instances.vantage.sh (AWS Price List mirror)
2026-06-10,AWS,eu-west-2,inf1.2xlarge,AWS Inferentia,1.0,spot,0.077967,0.077967,instances.vantage.sh (AWS Price List mirror)
2026-06-10,AWS,eu-west-2,inf1.6xlarge,AWS Inferentia,4.0,ondemand,1.382,0.3455,instances.vantage.sh (AWS Price List mirror)
2026-06-10,AWS,eu-west-2,inf1.6xlarge,AWS Inferentia,4.0,spot,0.1784,0.0446,instances.vantage.sh (AWS Price List mirror)
2026-06-10,AWS,eu-west-2,inf1.xlarge,AWS Inferentia,1.0,ondemand,0.267,0.267,instances.vantage.sh (AWS Price List mirror)
2026-06-10,AWS,eu-west-2,inf1.xlarge,AWS Inferentia,1.0,spot,0.037733,0.037733,instances.vantage.sh (AWS Price List mirror)
2026-06-10,AWS,eu-west-2,inf2.24xlarge,AWS Inferentia2,6.0,ondemand,9.73595,1.6226583333333335,instances.vantage.sh (AWS Price List mirror)
2026-06-10,AWS,eu-west-2,inf2.24xlarge,AWS Inferentia2,6.0,spot,0.9736,0.16226666666666667,instances.vantage.sh (AWS Price List mirror)
2026-06-10,AWS,eu-west-2,inf2.48xlarge,AWS Inferentia2,12.0,ondemand,19.4719,1.6226583333333335,instances.vantage.sh (AWS Price List mirror)
2026-06-10,AWS,eu-west-2,inf2.48xlarge,AWS Inferentia2,12.0,spot,5.5617,0.463475,instances.vantage.sh (AWS Price List mirror)
2026-06-10,AWS,eu-west-2,inf2.8xlarge,AWS Inferentia2,1.0,ondemand,2.95179,2.95179,instances.vantage.sh (AWS Price List mirror)
2026-06-10,AWS,eu-west-2,inf2.8xlarge,AWS Inferentia2,1.0,spot,0.4076,0.4076,instances.vantage.sh (AWS Price List mirror)
2026-06-10,AWS,eu-west-2,inf2.xlarge,AWS Inferentia2,1.0,ondemand,1.1373,1.1373,instances.vantage.sh (AWS Price List mirror)
2026-06-10,AWS,eu-west-2,inf2.xlarge,AWS Inferentia2,1.0,spot,0.1351,0.1351,instances.vantage.sh (AWS Price List mirror)
2026-06-10,AWS,eu-west-2,p3.16xlarge,V100,8.0,ondemand,28.712,3.589,instances.vantage.sh (AWS Price List mirror)
2026-06-10,AWS,eu-west-2,p3.16xlarge,V100,8.0,spot,28.712,3.589,instances.vantage.sh (AWS Price List mirror)
2026-06-10,AWS,eu-west-2,p3.2xlarge,V100,1.0,ondemand,3.589,3.589,instances.vantage.sh (AWS Price List mirror)
2026-06-10,AWS,eu-west-2,p3.2xlarge,V100,1.0,spot,3.589,3.589,instances.vantage.sh (AWS Price List mirror)
2026-06-10,AWS,eu-west-2,p3.8xlarge,V100,4.0,ondemand,14.356,3.589,instances.vantage.sh (AWS Price List mirror)
2026-06-10,AWS,eu-west-2,p3.8xlarge,V100,4.0,spot,9.455,2.36375,instances.vantage.sh (AWS Price List mirror)
2026-06-10,AWS,eu-west-2,p4d.24xlarge,A100,8.0,ondemand,28.54493,3.56811625,instances.vantage.sh (AWS Price List mirror)
2026-06-10,AWS,eu-west-2,p4d.24xlarge,A100,8.0,spot,16.8447,2.1055875,instances.vantage.sh (AWS Price List mirror)
2026-06-10,AWS,eu-west-2,p5.48xlarge,H100,8.0,ondemand,71.552,8.944,instances.vantage.sh (AWS Price List mirror)
2026-06-10,AWS,eu-west-2,p5.48xlarge,H100,8.0,spot,20.715367,2.589420875,instances.vantage.sh (AWS Price List mirror)
2026-06-10,AWS,eu-west-2,p5.4xlarge,H100,1.0,ondemand,8.944,8.944,instances.vantage.sh (AWS Price List mirror)
2026-06-10,AWS,eu-west-2,p5.4xlarge,H100,1.0,spot,8.944,8.944,instances.vantage.sh (AWS Price List mirror)
2026-06-10,AWS,eu-west-2-wl1-lon1,g4dn.2xlarge,T4,1.0,ondemand,1.144,1.144,instances.vantage.sh (AWS Price List mirror)
2026-06-10,AWS,eu-west-2-wl1-man1,g4dn.2xlarge,T4,1.0,ondemand,1.144,1.144,instances.vantage.sh (AWS Price List mirror)
2026-06-10,AWS,eu-west-2-wl2-man1,g4dn.2xlarge,T4,1.0,ondemand,1.144,1.144,instances.vantage.sh (AWS Price List mirror)
2026-06-10,AWS,eu-west-3,g4dn.12xlarge,T4,4.0,ondemand,4.574,1.1435,instances.vantage.sh (AWS Price List mirror)
2026-06-10,AWS,eu-west-3,g4dn.12xlarge,T4,4.0,spot,1.228133,0.30703325,instances.vantage.sh (AWS Price List mirror)
2026-06-10,AWS,eu-west-3,g4dn.16xlarge,T4,1.0,ondemand,5.088,5.088,instances.vantage.sh (AWS Price List mirror)
2026-06-10,AWS,eu-west-3,g4dn.16xlarge,T4,1.0,spot,0.8341,0.8341,instances.vantage.sh (AWS Price List mirror)
2026-06-10,AWS,eu-west-3,g4dn.2xlarge,T4,1.0,ondemand,0.879,0.879,instances.vantage.sh (AWS Price List mirror)
2026-06-10,AWS,eu-west-3,g4dn.2xlarge,T4,1.0,spot,0.222133,0.222133,instances.vantage.sh (AWS Price List mirror)
2026-06-10,AWS,eu-west-3,g4dn.4xlarge,T4,1.0,ondemand,1.408,1.408,instances.vantage.sh (AWS Price List mirror)
2026-06-10,AWS,eu-west-3,g4dn.4xlarge,T4,1.0,spot,0.421133,0.421133,instances.vantage.sh (AWS Price List mirror)
2026-06-10,AWS,eu-west-3,g4dn.8xlarge,T4,1.0,ondemand,2.544,2.544,instances.vantage.sh (AWS Price List mirror)
2026-06-10,AWS,eu-west-3,g4dn.8xlarge,T4,1.0,spot,0.518833,0.518833,instances.vantage.sh (AWS Price List mirror)
2026-06-10,AWS,eu-west-3,g4dn.metal,T4,8.0,ondemand,9.148,1.1435,instances.vantage.sh (AWS Price List mirror)
2026-06-10,AWS,eu-west-3,g4dn.metal,T4,8.0,spot,2.4858,0.310725,instances.vantage.sh (AWS Price List mirror)
2026-06-10,AWS,eu-west-3,g4dn.xlarge,T4,1.0,ondemand,0.615,0.615,instances.vantage.sh (AWS Price List mirror)
2026-06-10,AWS,eu-west-3,g4dn.xlarge,T4,1.0,spot,0.1708,0.1708,instances.vantage.sh (AWS Price List mirror)
2026-06-10,AWS,eu-west-3,g6.12xlarge,L4,4.0,ondemand,5.8412,1.4603,instances.vantage.sh (AWS Price List mirror)
2026-06-10,AWS,eu-west-3,g6.12xlarge,L4,4.0,spot,1.29885,0.3247125,instances.vantage.sh (AWS Price List mirror)
2026-06-10,AWS,eu-west-3,g6.16xlarge,L4,1.0,ondemand,4.31184,4.31184,instances.vantage.sh (AWS Price List mirror)
2026-06-10,AWS,eu-west-3,g6.16xlarge,L4,1.0,spot,1.11545,1.11545,instances.vantage.sh (AWS Price List mirror)
2026-06-10,AWS,eu-west-3,g6.24xlarge,L4,4.0,ondemand,8.47339,2.1183475,instances.vantage.sh (AWS Price List mirror)
2026-06-10,AWS,eu-west-3,g6.24xlarge,L4,4.0,spot,1.8489,0.462225,instances.vantage.sh (AWS Price List mirror)
2026-06-10,AWS,eu-west-3,g6.2xlarge,L4,1.0,ondemand,1.24095,1.24095,instances.vantage.sh (AWS Price List mirror)
2026-06-10,AWS,eu-west-3,g6.2xlarge,L4,1.0,spot,0.2691,0.2691,instances.vantage.sh (AWS Price List mirror)
2026-06-10,AWS,eu-west-3,g6.48xlarge,L4,8.0,ondemand,16.94678,2.1183475,instances.vantage.sh (AWS Price List mirror)
2026-06-10,AWS,eu-west-3,g6.48xlarge,L4,8.0,spot,3.50165,0.43770625,instances.vantage.sh (AWS Price List mirror)
2026-06-10,AWS,eu-west-3,g6.4xlarge,L4,1.0,ondemand,1.67965,1.67965,instances.vantage.sh (AWS Price List mirror)
2026-06-10,AWS,eu-west-3,g6.4xlarge,L4,1.0,spot,0.38735,0.38735,instances.vantage.sh (AWS Price List mirror)
2026-06-10,AWS,eu-west-3,g6.8xlarge,L4,1.0,ondemand,2.55705,2.55705,instances.vantage.sh (AWS Price List mirror)
2026-06-10,AWS,eu-west-3,g6.8xlarge,L4,1.0,spot,0.67075,0.67075,instances.vantage.sh (AWS Price List mirror)
2026-06-10,AWS,eu-west-3,g6.xlarge,L4,1.0,ondemand,1.0216,1.0216,instances.vantage.sh (AWS Price List mirror)
2026-06-10,AWS,eu-west-3,g6.xlarge,L4,1.0,spot,0.27175,0.27175,instances.vantage.sh (AWS Price List mirror)
2026-06-10,AWS,eu-west-3,gr6.4xlarge,L4,1.0,ondemand,1.9538,1.9538,instances.vantage.sh (AWS Price List mirror)
2026-06-10,AWS,eu-west-3,gr6.4xlarge,L4,1.0,spot,0.459,0.459,instances.vantage.sh (AWS Price List mirror)
2026-06-10,AWS,eu-west-3,gr6.8xlarge,L4,1.0,ondemand,3.10536,3.10536,instances.vantage.sh (AWS Price List mirror)
2026-06-10,AWS,eu-west-3,gr6.8xlarge,L4,1.0,spot,0.33595,0.33595,instances.vantage.sh (AWS Price List mirror)
2026-06-10,AWS,eu-west-3,inf1.24xlarge,AWS Inferentia,16.0,ondemand,5.517,0.3448125,instances.vantage.sh (AWS Price List mirror)
2026-06-10,AWS,eu-west-3,inf1.24xlarge,AWS Inferentia,16.0,spot,0.55965,0.034978125,instances.vantage.sh (AWS Price List mirror)
2026-06-10,AWS,eu-west-3,inf1.2xlarge,AWS Inferentia,1.0,ondemand,0.423,0.423,instances.vantage.sh (AWS Price List mirror)
2026-06-10,AWS,eu-west-3,inf1.2xlarge,AWS Inferentia,1.0,spot,0.10715,0.10715,instances.vantage.sh (AWS Price List mirror)
2026-06-10,AWS,eu-west-3,inf1.6xlarge,AWS Inferentia,4.0,ondemand,1.379,0.34475,instances.vantage.sh (AWS Price List mirror)
2026-06-10,AWS,eu-west-3,inf1.6xlarge,AWS Inferentia,4.0,spot,0.138,0.0345,instances.vantage.sh (AWS Price List mirror)
2026-06-10,AWS,eu-west-3,inf1.xlarge,AWS Inferentia,1.0,ondemand,0.267,0.267,instances.vantage.sh (AWS Price List mirror)
2026-06-10,AWS,eu-west-3,inf1.xlarge,AWS Inferentia,1.0,spot,0.0393,0.0393,instances.vantage.sh (AWS Price List mirror)
2026-06-10,AWS,eu-west-3,inf2.24xlarge,AWS Inferentia2,6.0,ondemand,9.08689,1.5144816666666667,instances.vantage.sh (AWS Price List mirror)
2026-06-10,AWS,eu-west-3,inf2.24xlarge,AWS Inferentia2,6.0,spot,0.9087,0.15145,instances.vantage.sh (AWS Price List mirror)
2026-06-10,AWS,eu-west-3,inf2.48xlarge,AWS Inferentia2,12.0,ondemand,18.17377,1.5144808333333335,instances.vantage.sh (AWS Price List mirror)
2026-06-10,AWS,eu-west-3,inf2.48xlarge,AWS Inferentia2,12.0,spot,1.8174,0.15145,instances.vantage.sh (AWS Price List mirror)
2026-06-10,AWS,eu-west-3,inf2.8xlarge,AWS Inferentia2,1.0,ondemand,2.755,2.755,instances.vantage.sh (AWS Price List mirror)
2026-06-10,AWS,eu-west-3,inf2.8xlarge,AWS Inferentia2,1.0,spot,0.2755,0.2755,instances.vantage.sh (AWS Price List mirror)
2026-06-10,AWS,eu-west-3,inf2.xlarge,AWS Inferentia2,1.0,ondemand,1.06148,1.06148,instances.vantage.sh (AWS Price List mirror)
2026-06-10,AWS,eu-west-3,inf2.xlarge,AWS Inferentia2,1.0,spot,0.11385,0.11385,instances.vantage.sh (AWS Price List mirror)
2026-06-10,AWS,eu-west-3-wl1-cmn1,g4dn.12xlarge,T4,4.0,ondemand,5.234,1.3085,instances.vantage.sh (AWS Price List mirror)
2026-06-10,AWS,eu-west-3-wl1-cmn1,g4dn.2xlarge,T4,1.0,ondemand,1.006,1.006,instances.vantage.sh (AWS Price List mirror)
2026-06-10,AWS,eu-west-3-wl1-dss1,g4dn.12xlarge,T4,4.0,ondemand,5.234,1.3085,instances.vantage.sh (AWS Price List mirror)
2026-06-10,AWS,eu-west-3-wl1-dss1,g4dn.2xlarge,T4,1.0,ondemand,1.006,1.006,instances.vantage.sh (AWS Price List mirror)
2026-06-10,AWS,il-central-1,g5.12xlarge,A10G,4.0,ondemand,6.64825,1.6620625,instances.vantage.sh (AWS Price List mirror)
2026-06-10,AWS,il-central-1,g5.12xlarge,A10G,4.0,spot,2.526335,0.63158375,instances.vantage.sh (AWS Price List mirror)
2026-06-10,AWS,il-central-1,g5.16xlarge,A10G,1.0,ondemand,4.80099,4.80099,instances.vantage.sh (AWS Price List mirror)
2026-06-10,AWS,il-central-1,g5.16xlarge,A10G,1.0,spot,1.056218,1.056218,instances.vantage.sh (AWS Price List mirror)
2026-06-10,AWS,il-central-1,g5.24xlarge,A10G,4.0,ondemand,9.54572,2.38643,instances.vantage.sh (AWS Price List mirror)
2026-06-10,AWS,il-central-1,g5.24xlarge,A10G,4.0,spot,7.15929,1.7898225,instances.vantage.sh (AWS Price List mirror)
2026-06-10,AWS,il-central-1,g5.2xlarge,A10G,1.0,ondemand,1.42061,1.42061,instances.vantage.sh (AWS Price List mirror)
2026-06-10,AWS,il-central-1,g5.2xlarge,A10G,1.0,spot,0.298328,0.298328,instances.vantage.sh (AWS Price List mirror)
2026-06-10,AWS,il-central-1,g5.48xlarge,A10G,8.0,ondemand,19.09145,2.38643125,instances.vantage.sh (AWS Price List mirror)
2026-06-10,AWS,il-central-1,g5.48xlarge,A10G,8.0,spot,12.409442,1.55118025,instances.vantage.sh (AWS Price List mirror)
2026-06-10,AWS,il-central-1,g5.4xlarge,A10G,1.0,ondemand,1.90352,1.90352,instances.vantage.sh (AWS Price List mirror)
2026-06-10,AWS,il-central-1,g5.4xlarge,A10G,1.0,spot,0.799478,0.799478,instances.vantage.sh (AWS Price List mirror)
2026-06-10,AWS,il-central-1,g5.8xlarge,A10G,1.0,ondemand,2.86934,2.86934,instances.vantage.sh (AWS Price List mirror)
2026-06-10,AWS,il-central-1,g5.8xlarge,A10G,1.0,spot,0.803415,0.803415,instances.vantage.sh (AWS Price List mirror)
2026-06-10,AWS,il-central-1,g5.xlarge,A10G,1.0,ondemand,1.17915,1.17915,instances.vantage.sh (AWS Price List mirror)
2026-06-10,AWS,il-central-1,g5.xlarge,A10G,1.0,spot,0.330162,0.330162,instances.vantage.sh (AWS Price List mirror)
2026-06-10,AWS,il-central-1,p4de.24xlarge,A100,8.0,ondemand,35.57346,4.4466825,instances.vantage.sh (AWS Price List mirror)
2026-06-10,AWS,il-central-1,p4de.24xlarge,A100,8.0,spot,5.691754,0.71146925,instances.vantage.sh (AWS Price List mirror)
2026-06-10,AWS,me-central-1,g5.12xlarge,A10G,4.0,ondemand,6.9575,1.739375,instances.vantage.sh (AWS Price List mirror)
2026-06-10,AWS,me-central-1,g5.12xlarge,A10G,4.0,spot,6.6792,1.6698,instances.vantage.sh (AWS Price List mirror)
2026-06-10,AWS,me-central-1,g5.16xlarge,A10G,1.0,ondemand,5.02432,5.02432,instances.vantage.sh (AWS Price List mirror)
2026-06-10,AWS,me-central-1,g5.16xlarge,A10G,1.0,spot,2.009728,2.009728,instances.vantage.sh (AWS Price List mirror)
2026-06-10,AWS,me-central-1,g5.24xlarge,A10G,4.0,ondemand,9.98976,2.49744,instances.vantage.sh (AWS Price List mirror)
2026-06-10,AWS,me-central-1,g5.24xlarge,A10G,4.0,spot,9.59017,2.3975425,instances.vantage.sh (AWS Price List mirror)
2026-06-10,AWS,me-central-1,g5.2xlarge,A10G,1.0,ondemand,1.48669,1.48669,instances.vantage.sh (AWS Price List mirror)
2026-06-10,AWS,me-central-1,g5.2xlarge,A10G,1.0,spot,0.847413,0.847413,instances.vantage.sh (AWS Price List mirror)
2026-06-10,AWS,me-central-1,g5.48xlarge,A10G,8.0,ondemand,19.97951,2.49743875,instances.vantage.sh (AWS Price List mirror)
2026-06-10,AWS,me-central-1,g5.48xlarge,A10G,8.0,spot,19.18033,2.39754125,instances.vantage.sh (AWS Price List mirror)
2026-06-10,AWS,me-central-1,g5.4xlarge,A10G,1.0,ondemand,1.99206,1.99206,instances.vantage.sh (AWS Price List mirror)
2026-06-10,AWS,me-central-1,g5.4xlarge,A10G,1.0,spot,1.095633,1.095633,instances.vantage.sh (AWS Price List mirror)
2026-06-10,AWS,me-central-1,g5.8xlarge,A10G,1.0,ondemand,3.00282,3.00282,instances.vantage.sh (AWS Price List mirror)
2026-06-10,AWS,me-central-1,g5.8xlarge,A10G,1.0,spot,1.561466,1.561466,instances.vantage.sh (AWS Price List mirror)
2026-06-10,AWS,me-central-1,g5.xlarge,A10G,1.0,ondemand,1.234,1.234,instances.vantage.sh (AWS Price List mirror)
2026-06-10,AWS,me-central-1,g5.xlarge,A10G,1.0,spot,0.71572,0.71572,instances.vantage.sh (AWS Price List mirror)
2026-06-10,AWS,me-central-1,g6.12xlarge,L4,4.0,ondemand,5.65045,1.4126125,instances.vantage.sh (AWS Price List mirror)
2026-06-10,AWS,me-central-1,g6.12xlarge,L4,4.0,spot,2.316685,0.57917125,instances.vantage.sh (AWS Price List mirror)
2026-06-10,AWS,me-central-1,g6.16xlarge,L4,1.0,ondemand,4.17104,4.17104,instances.vantage.sh (AWS Price List mirror)
2026-06-10,AWS,me-central-1,g6.16xlarge,L4,1.0,spot,0.667366,0.667366,instances.vantage.sh (AWS Price List mirror)
2026-06-10,AWS,me-central-1,g6.24xlarge,L4,4.0,ondemand,8.19669,2.0491725,instances.vantage.sh (AWS Price List mirror)
2026-06-10,AWS,me-central-1,g6.24xlarge,L4,4.0,spot,7.540955,1.88523875,instances.vantage.sh (AWS Price List mirror)
2026-06-10,AWS,me-central-1,g6.2xlarge,L4,1.0,ondemand,1.20043,1.20043,instances.vantage.sh (AWS Price List mirror)
2026-06-10,AWS,me-central-1,g6.2xlarge,L4,1.0,spot,0.516185,0.516185,instances.vantage.sh (AWS Price List mirror)
2026-06-10,AWS,me-central-1,g6.48xlarge,L4,8.0,ondemand,16.39339,2.04917375,instances.vantage.sh (AWS Price List mirror)
2026-06-10,AWS,me-central-1,g6.48xlarge,L4,8.0,spot,15.901588,1.9876985,instances.vantage.sh (AWS Price List mirror)
2026-06-10,AWS,me-central-1,g6.4xlarge,L4,1.0,ondemand,1.6248,1.6248,instances.vantage.sh (AWS Price List mirror)
2026-06-10,AWS,me-central-1,g6.4xlarge,L4,1.0,spot,0.796152,0.796152,instances.vantage.sh (AWS Price List mirror)
2026-06-10,AWS,me-central-1,g6.8xlarge,L4,1.0,ondemand,2.47355,2.47355,instances.vantage.sh (AWS Price List mirror)
2026-06-10,AWS,me-central-1,g6.8xlarge,L4,1.0,spot,0.519446,0.519446,instances.vantage.sh (AWS Price List mirror)
2026-06-10,AWS,me-central-1,g6.xlarge,L4,1.0,ondemand,0.98824,0.98824,instances.vantage.sh (AWS Price List mirror)
2026-06-10,AWS,me-central-1,g6.xlarge,L4,1.0,spot,0.74118,0.74118,instances.vantage.sh (AWS Price List mirror)
2026-06-10,AWS,me-central-1,g6e.12xlarge,L40S,4.0,ondemand,12.87194,3.217985,instances.vantage.sh (AWS Price List mirror)
2026-06-10,AWS,me-central-1,g6e.12xlarge,L40S,4.0,spot,2.831827,0.70795675,instances.vantage.sh (AWS Price List mirror)
2026-06-10,AWS,me-central-1,g6e.16xlarge,L40S,1.0,ondemand,9.2954,9.2954,instances.vantage.sh (AWS Price List mirror)
2026-06-10,AWS,me-central-1,g6e.16xlarge,L40S,1.0,spot,2.137942,2.137942,instances.vantage.sh (AWS Price List mirror)
2026-06-10,AWS,me-central-1,g6e.24xlarge,L40S,4.0,ondemand,18.48186,4.620465,instances.vantage.sh (AWS Price List mirror)
2026-06-10,AWS,me-central-1,g6e.24xlarge,L40S,4.0,spot,4.066009,1.01650225,instances.vantage.sh (AWS Price List mirror)
2026-06-10,AWS,me-central-1,g6e.2xlarge,L40S,1.0,ondemand,2.75049,2.75049,instances.vantage.sh (AWS Price List mirror)
2026-06-10,AWS,me-central-1,g6e.2xlarge,L40S,1.0,spot,0.715127,0.715127,instances.vantage.sh (AWS Price List mirror)
2026-06-10,AWS,me-central-1,g6e.48xlarge,L40S,8.0,ondemand,36.96372,4.620465,instances.vantage.sh (AWS Price List mirror)
2026-06-10,AWS,me-central-1,g6e.48xlarge,L40S,8.0,spot,20.699683,2.587460375,instances.vantage.sh (AWS Price List mirror)
2026-06-10,AWS,me-central-1,g6e.4xlarge,L40S,1.0,ondemand,3.68548,3.68548,instances.vantage.sh (AWS Price List mirror)
2026-06-10,AWS,me-central-1,g6e.4xlarge,L40S,1.0,spot,0.84766,0.84766,instances.vantage.sh (AWS Price List mirror)
2026-06-10,AWS,me-central-1,g6e.8xlarge,L40S,1.0,ondemand,5.55545,5.55545,instances.vantage.sh (AWS Price List mirror)
2026-06-10,AWS,me-central-1,g6e.8xlarge,L40S,1.0,spot,1.333308,1.333308,instances.vantage.sh (AWS Price List mirror)
2026-06-10,AWS,me-central-1,g6e.xlarge,L40S,1.0,ondemand,2.283,2.283,instances.vantage.sh (AWS Price List mirror)
2026-06-10,AWS,me-central-1,g6e.xlarge,L40S,1.0,spot,0.59358,0.59358,instances.vantage.sh (AWS Price List mirror)
2026-06-10,AWS,me-central-1,p5en.48xlarge,H200,8.0,ondemand,75.9552,9.4944,instances.vantage.sh (AWS Price List mirror)
2026-06-10,AWS,me-south-1,g4dn.12xlarge,T4,4.0,ondemand,4.798,1.1995,instances.vantage.sh (AWS Price List mirror)
2026-06-10,AWS,me-south-1,g4dn.12xlarge,T4,4.0,spot,0.7197,0.179925,instances.vantage.sh (AWS Price List mirror)
2026-06-10,AWS,me-south-1,g4dn.16xlarge,T4,1.0,ondemand,5.338,5.338,instances.vantage.sh (AWS Price List mirror)
2026-06-10,AWS,me-south-1,g4dn.16xlarge,T4,1.0,spot,0.64056,0.64056,instances.vantage.sh (AWS Price List mirror)
2026-06-10,AWS,me-south-1,g4dn.2xlarge,T4,1.0,ondemand,0.922,0.922,instances.vantage.sh (AWS Price List mirror)
2026-06-10,AWS,me-south-1,g4dn.2xlarge,T4,1.0,spot,0.31348,0.31348,instances.vantage.sh (AWS Price List mirror)
2026-06-10,AWS,me-south-1,g4dn.4xlarge,T4,1.0,ondemand,1.477,1.477,instances.vantage.sh (AWS Price List mirror)
2026-06-10,AWS,me-south-1,g4dn.4xlarge,T4,1.0,spot,0.48741,0.48741,instances.vantage.sh (AWS Price List mirror)
2026-06-10,AWS,me-south-1,g4dn.8xlarge,T4,1.0,ondemand,2.669,2.669,instances.vantage.sh (AWS Price List mirror)
2026-06-10,AWS,me-south-1,g4dn.8xlarge,T4,1.0,spot,0.5338,0.5338,instances.vantage.sh (AWS Price List mirror)
2026-06-10,AWS,me-south-1,g4dn.metal,T4,8.0,ondemand,9.596,1.1995,instances.vantage.sh (AWS Price List mirror)
2026-06-10,AWS,me-south-1,g4dn.metal,T4,8.0,spot,0.9596,0.11995,instances.vantage.sh (AWS Price List mirror)
2026-06-10,AWS,me-south-1,g4dn.xlarge,T4,1.0,ondemand,0.645,0.645,instances.vantage.sh (AWS Price List mirror)
2026-06-10,AWS,me-south-1,g4dn.xlarge,T4,1.0,spot,0.129,0.129,instances.vantage.sh (AWS Price List mirror)
2026-06-10,AWS,me-south-1,inf1.24xlarge,AWS Inferentia,16.0,ondemand,5.786,0.361625,instances.vantage.sh (AWS Price List mirror)
2026-06-10,AWS,me-south-1,inf1.24xlarge,AWS Inferentia,16.0,spot,5.786,0.361625,instances.vantage.sh (AWS Price List mirror)
2026-06-10,AWS,me-south-1,inf1.2xlarge,AWS Inferentia,1.0,ondemand,0.444,0.444,instances.vantage.sh (AWS Price List mirror)
2026-06-10,AWS,me-south-1,inf1.2xlarge,AWS Inferentia,1.0,spot,0.37296,0.37296,instances.vantage.sh (AWS Price List mirror)
2026-06-10,AWS,me-south-1,inf1.6xlarge,AWS Inferentia,4.0,ondemand,1.447,0.36175,instances.vantage.sh (AWS Price List mirror)
2026-06-10,AWS,me-south-1,inf1.6xlarge,AWS Inferentia,4.0,spot,1.447,0.36175,instances.vantage.sh (AWS Price List mirror)
2026-06-10,AWS,me-south-1,inf1.xlarge,AWS Inferentia,1.0,ondemand,0.28,0.28,instances.vantage.sh (AWS Price List mirror)
2026-06-10,AWS,me-south-1,inf1.xlarge,AWS Inferentia,1.0,spot,0.1484,0.1484,instances.vantage.sh (AWS Price List mirror)
2026-06-10,AWS,me-south-1-mct-1,g4dn.2xlarge,T4,1.0,ondemand,1.153,1.153,instances.vantage.sh (AWS Price List mirror)
2026-06-10,AWS,sa-east-1,g4dn.12xlarge,T4,4.0,ondemand,6.649,1.66225,instances.vantage.sh (AWS Price List mirror)
2026-06-10,AWS,sa-east-1,g4dn.12xlarge,T4,4.0,spot,2.004333,0.50108325,instances.vantage.sh (AWS Price List mirror)
2026-06-10,AWS,sa-east-1,g4dn.16xlarge,T4,1.0,ondemand,7.397,7.397,instances.vantage.sh (AWS Price List mirror)
2026-06-10,AWS,sa-east-1,g4dn.16xlarge,T4,1.0,spot,0.7397,0.7397,instances.vantage.sh (AWS Price List mirror)
2026-06-10,AWS,sa-east-1,g4dn.2xlarge,T4,1.0,ondemand,1.278,1.278,instances.vantage.sh (AWS Price List mirror)
2026-06-10,AWS,sa-east-1,g4dn.2xlarge,T4,1.0,spot,0.1278,0.1278,instances.vantage.sh (AWS Price List mirror)
2026-06-10,AWS,sa-east-1,g4dn.4xlarge,T4,1.0,ondemand,2.046,2.046,instances.vantage.sh (AWS Price List mirror)
2026-06-10,AWS,sa-east-1,g4dn.4xlarge,T4,1.0,spot,0.2401,0.2401,instances.vantage.sh (AWS Price List mirror)
2026-06-10,AWS,sa-east-1,g4dn.8xlarge,T4,1.0,ondemand,3.698,3.698,instances.vantage.sh (AWS Price List mirror)
2026-06-10,AWS,sa-east-1,g4dn.8xlarge,T4,1.0,spot,0.3698,0.3698,instances.vantage.sh (AWS Price List mirror)
2026-06-10,AWS,sa-east-1,g4dn.metal,T4,8.0,ondemand,13.298,1.66225,instances.vantage.sh (AWS Price List mirror)
2026-06-10,AWS,sa-east-1,g4dn.metal,T4,8.0,spot,1.699767,0.212470875,instances.vantage.sh (AWS Price List mirror)
2026-06-10,AWS,sa-east-1,g4dn.xlarge,T4,1.0,ondemand,0.894,0.894,instances.vantage.sh (AWS Price List mirror)
2026-06-10,AWS,sa-east-1,g4dn.xlarge,T4,1.0,spot,0.0894,0.0894,instances.vantage.sh (AWS Price List mirror)
2026-06-10,AWS,sa-east-1,g5.12xlarge,A10G,4.0,ondemand,9.64127,2.4103175,instances.vantage.sh (AWS Price List mirror)
2026-06-10,AWS,sa-east-1,g5.12xlarge,A10G,4.0,spot,7.9803,1.995075,instances.vantage.sh (AWS Price List mirror)
2026-06-10,AWS,sa-east-1,g5.16xlarge,A10G,1.0,ondemand,6.96239,6.96239,instances.vantage.sh (AWS Price List mirror)
2026-06-10,AWS,sa-east-1,g5.16xlarge,A10G,1.0,spot,4.019,4.019,instances.vantage.sh (AWS Price List mirror)
2026-06-10,AWS,sa-east-1,g5.24xlarge,A10G,4.0,ondemand,13.84318,3.460795,instances.vantage.sh (AWS Price List mirror)
2026-06-10,AWS,sa-east-1,g5.24xlarge,A10G,4.0,spot,11.77535,2.9438375,instances.vantage.sh (AWS Price List mirror)
2026-06-10,AWS,sa-east-1,g5.2xlarge,A10G,1.0,ondemand,2.06016,2.06016,instances.vantage.sh (AWS Price List mirror)
2026-06-10,AWS,sa-east-1,g5.2xlarge,A10G,1.0,spot,0.25705,0.25705,instances.vantage.sh (AWS Price List mirror)
2026-06-10,AWS,sa-east-1,g5.48xlarge,A10G,8.0,ondemand,27.68636,3.460795,instances.vantage.sh (AWS Price List mirror)
2026-06-10,AWS,sa-east-1,g5.48xlarge,A10G,8.0,spot,22.9167,2.8645875,instances.vantage.sh (AWS Price List mirror)
2026-06-10,AWS,sa-east-1,g5.4xlarge,A10G,1.0,ondemand,2.76048,2.76048,instances.vantage.sh (AWS Price List mirror)
2026-06-10,AWS,sa-east-1,g5.4xlarge,A10G,1.0,spot,0.45225,0.45225,instances.vantage.sh (AWS Price List mirror)
2026-06-10,AWS,sa-east-1,g5.8xlarge,A10G,1.0,ondemand,4.16111,4.16111,instances.vantage.sh (AWS Price List mirror)
2026-06-10,AWS,sa-east-1,g5.8xlarge,A10G,1.0,spot,1.20555,1.20555,instances.vantage.sh (AWS Price List mirror)
2026-06-10,AWS,sa-east-1,g5.xlarge,A10G,1.0,ondemand,1.71,1.71,instances.vantage.sh (AWS Price List mirror)
2026-06-10,AWS,sa-east-1,g5.xlarge,A10G,1.0,spot,0.36965,0.36965,instances.vantage.sh (AWS Price List mirror)
2026-06-10,AWS,sa-east-1,g6.12xlarge,L4,4.0,ondemand,7.82181,1.9554525,instances.vantage.sh (AWS Price List mirror)
2026-06-10,AWS,sa-east-1,g6.12xlarge,L4,4.0,spot,0.7822,0.19555,instances.vantage.sh (AWS Price List mirror)
2026-06-10,AWS,sa-east-1,g6.16xlarge,L4,1.0,ondemand,5.77388,5.77388,instances.vantage.sh (AWS Price List mirror)
2026-06-10,AWS,sa-east-1,g6.16xlarge,L4,1.0,spot,0.94345,0.94345,instances.vantage.sh (AWS Price List mirror)
2026-06-10,AWS,sa-east-1,g6.24xlarge,L4,4.0,ondemand,11.34651,2.8366275,instances.vantage.sh (AWS Price List mirror)
2026-06-10,AWS,sa-east-1,g6.24xlarge,L4,4.0,spot,2.64815,0.6620375,instances.vantage.sh (AWS Price List mirror)
2026-06-10,AWS,sa-east-1,g6.2xlarge,L4,1.0,ondemand,1.66173,1.66173,instances.vantage.sh (AWS Price List mirror)
2026-06-10,AWS,sa-east-1,g6.2xlarge,L4,1.0,spot,0.2295,0.2295,instances.vantage.sh (AWS Price List mirror)
2026-06-10,AWS,sa-east-1,g6.48xlarge,L4,8.0,ondemand,22.69303,2.83662875,instances.vantage.sh (AWS Price List mirror)
2026-06-10,AWS,sa-east-1,g6.48xlarge,L4,8.0,spot,5.9337,0.7417125,instances.vantage.sh (AWS Price List mirror)
2026-06-10,AWS,sa-east-1,g6.4xlarge,L4,1.0,ondemand,2.24918,2.24918,instances.vantage.sh (AWS Price List mirror)
2026-06-10,AWS,sa-east-1,g6.4xlarge,L4,1.0,spot,0.30295,0.30295,instances.vantage.sh (AWS Price List mirror)
2026-06-10,AWS,sa-east-1,g6.8xlarge,L4,1.0,ondemand,3.42408,3.42408,instances.vantage.sh (AWS Price List mirror)
2026-06-10,AWS,sa-east-1,g6.8xlarge,L4,1.0,spot,0.5849,0.5849,instances.vantage.sh (AWS Price List mirror)
2026-06-10,AWS,sa-east-1,g6.xlarge,L4,1.0,ondemand,1.368,1.368,instances.vantage.sh (AWS Price List mirror)
2026-06-10,AWS,sa-east-1,g6.xlarge,L4,1.0,spot,0.27325,0.27325,instances.vantage.sh (AWS Price List mirror)
2026-06-10,AWS,sa-east-1,g6f.2xlarge,L4,0.25,ondemand,0.80742,3.22968,instances.vantage.sh (AWS Price List mirror)
2026-06-10,AWS,sa-east-1,g6f.2xlarge,L4,0.25,spot,0.4217,1.6868,instances.vantage.sh (AWS Price List mirror)
2026-06-10,AWS,sa-east-1,g6f.4xlarge,L4,0.5,ondemand,1.61483,3.22966,instances.vantage.sh (AWS Price List mirror)
2026-06-10,AWS,sa-east-1,g6f.4xlarge,L4,0.5,spot,1.196,2.392,instances.vantage.sh (AWS Price List mirror)
2026-06-10,AWS,sa-east-1,g6f.large,L4,0.125,ondemand,0.34336,2.74688,instances.vantage.sh (AWS Price List mirror)
2026-06-10,AWS,sa-east-1,g6f.large,L4,0.125,spot,0.17795,1.4236,instances.vantage.sh (AWS Price List mirror)
2026-06-10,AWS,sa-east-1,g6f.xlarge,L4,0.125,ondemand,0.40371,3.22968,instances.vantage.sh (AWS Price List mirror)
2026-06-10,AWS,sa-east-1,g6f.xlarge,L4,0.125,spot,0.1557,1.2456,instances.vantage.sh (AWS Price List mirror)
2026-06-10,AWS,sa-east-1,gr6.4xlarge,L4,1.0,ondemand,2.6164,2.6164,instances.vantage.sh (AWS Price List mirror)
2026-06-10,AWS,sa-east-1,gr6.4xlarge,L4,1.0,spot,0.58705,0.58705,instances.vantage.sh (AWS Price List mirror)
2026-06-10,AWS,sa-east-1,gr6.8xlarge,L4,1.0,ondemand,4.1585,4.1585,instances.vantage.sh (AWS Price List mirror)
2026-06-10,AWS,sa-east-1,gr6.8xlarge,L4,1.0,spot,0.82845,0.82845,instances.vantage.sh (AWS Price List mirror)
2026-06-10,AWS,sa-east-1,gr6f.4xlarge,L4,0.5,ondemand,1.81203,3.62406,instances.vantage.sh (AWS Price List mirror)
2026-06-10,AWS,sa-east-1,gr6f.4xlarge,L4,0.5,spot,1.35055,2.7011,instances.vantage.sh (AWS Price List mirror)
2026-06-10,AWS,sa-east-1,inf1.24xlarge,AWS Inferentia,16.0,ondemand,7.8,0.4875,instances.vantage.sh (AWS Price List mirror)
2026-06-10,AWS,sa-east-1,inf1.24xlarge,AWS Inferentia,16.0,spot,0.78,0.04875,instances.vantage.sh (AWS Price List mirror)
2026-06-10,AWS,sa-east-1,inf1.2xlarge,AWS Inferentia,1.0,ondemand,0.598,0.598,instances.vantage.sh (AWS Price List mirror)
2026-06-10,AWS,sa-east-1,inf1.2xlarge,AWS Inferentia,1.0,spot,0.0756,0.0756,instances.vantage.sh (AWS Price List mirror)
2026-06-10,AWS,sa-east-1,inf1.6xlarge,AWS Inferentia,4.0,ondemand,1.95,0.4875,instances.vantage.sh (AWS Price List mirror)
2026-06-10,AWS,sa-east-1,inf1.6xlarge,AWS Inferentia,4.0,spot,0.205433,0.05135825,instances.vantage.sh (AWS Price List mirror)
2026-06-10,AWS,sa-east-1,inf1.xlarge,AWS Inferentia,1.0,ondemand,0.377,0.377,instances.vantage.sh (AWS Price List mirror)
2026-06-10,AWS,sa-east-1,inf1.xlarge,AWS Inferentia,1.0,spot,0.0427,0.0427,instances.vantage.sh (AWS Price List mirror)
2026-06-10,AWS,sa-east-1,inf2.24xlarge,AWS Inferentia2,6.0,ondemand,11.03408,1.8390133333333332,instances.vantage.sh (AWS Price List mirror)
2026-06-10,AWS,sa-east-1,inf2.24xlarge,AWS Inferentia2,6.0,spot,1.1034,0.18389999999999998,instances.vantage.sh (AWS Price List mirror)
2026-06-10,AWS,sa-east-1,inf2.48xlarge,AWS Inferentia2,12.0,ondemand,22.06815,1.8390125,instances.vantage.sh (AWS Price List mirror)
2026-06-10,AWS,sa-east-1,inf2.48xlarge,AWS Inferentia2,12.0,spot,2.2068,0.18389999999999998,instances.vantage.sh (AWS Price List mirror)
2026-06-10,AWS,sa-east-1,inf2.8xlarge,AWS Inferentia2,1.0,ondemand,3.34536,3.34536,instances.vantage.sh (AWS Price List mirror)
2026-06-10,AWS,sa-east-1,inf2.8xlarge,AWS Inferentia2,1.0,spot,0.3345,0.3345,instances.vantage.sh (AWS Price List mirror)
2026-06-10,AWS,sa-east-1,inf2.xlarge,AWS Inferentia2,1.0,ondemand,1.28894,1.28894,instances.vantage.sh (AWS Price List mirror)
2026-06-10,AWS,sa-east-1,inf2.xlarge,AWS Inferentia2,1.0,spot,0.1289,0.1289,instances.vantage.sh (AWS Price List mirror)
2026-06-10,AWS,sa-east-1,p4d.24xlarge,A100,8.0,ondemand,35.5569,4.4446125,instances.vantage.sh (AWS Price List mirror)
2026-06-10,AWS,sa-east-1,p4d.24xlarge,A100,8.0,spot,29.4295,3.6786875,instances.vantage.sh (AWS Price List mirror)
2026-06-10,AWS,sa-east-1,p5.48xlarge,H100,8.0,ondemand,92.4672,11.5584,instances.vantage.sh (AWS Price List mirror)
2026-06-10,AWS,sa-east-1,p5.48xlarge,H100,8.0,spot,76.5422,9.567775,instances.vantage.sh (AWS Price List mirror)
2026-06-10,AWS,sa-east-1,p5.4xlarge,H100,1.0,ondemand,11.5584,11.5584,instances.vantage.sh (AWS Price List mirror)
2026-06-10,AWS,sa-east-1,p5.4xlarge,H100,1.0,spot,9.5678,9.5678,instances.vantage.sh (AWS Price List mirror)
2026-06-10,AWS,us-east-1,g2.2xlarge,K520,1.0,ondemand,0.65,0.65,instances.vantage.sh (AWS Price List mirror)
2026-06-10,AWS,us-east-1,g2.8xlarge,K520,4.0,ondemand,2.6,0.65,instances.vantage.sh (AWS Price List mirror)
2026-06-10,AWS,us-east-1,g3.16xlarge,M60,4.0,ondemand,4.56,1.14,instances.vantage.sh (AWS Price List mirror)
2026-06-10,AWS,us-east-1,g3.4xlarge,M60,1.0,ondemand,1.14,1.14,instances.vantage.sh (AWS Price List mirror)
2026-06-10,AWS,us-east-1,g3.8xlarge,M60,2.0,ondemand,2.28,1.14,instances.vantage.sh (AWS Price List mirror)
2026-06-10,AWS,us-east-1,g3s.xlarge,M60,1.0,ondemand,0.75,0.75,instances.vantage.sh (AWS Price List mirror)
2026-06-10,AWS,us-east-1,g4ad.16xlarge,V520,4.0,ondemand,3.468,0.867,instances.vantage.sh (AWS Price List mirror)
2026-06-10,AWS,us-east-1,g4ad.16xlarge,V520,4.0,spot,2.080875,0.52021875,instances.vantage.sh (AWS Price List mirror)
2026-06-10,AWS,us-east-1,g4ad.2xlarge,V520,1.0,ondemand,0.54117,0.54117,instances.vantage.sh (AWS Price List mirror)
2026-06-10,AWS,us-east-1,g4ad.2xlarge,V520,1.0,spot,0.218925,0.218925,instances.vantage.sh (AWS Price List mirror)
2026-06-10,AWS,us-east-1,g4ad.4xlarge,V520,1.0,ondemand,0.867,0.867,instances.vantage.sh (AWS Price List mirror)
2026-06-10,AWS,us-east-1,g4ad.4xlarge,V520,1.0,spot,0.35575,0.35575,instances.vantage.sh (AWS Price List mirror)
2026-06-10,AWS,us-east-1,g4ad.8xlarge,V520,2.0,ondemand,1.734,0.867,instances.vantage.sh (AWS Price List mirror)
2026-06-10,AWS,us-east-1,g4ad.8xlarge,V520,2.0,spot,0.68725,0.343625,instances.vantage.sh (AWS Price List mirror)
2026-06-10,AWS,us-east-1,g4ad.xlarge,V520,1.0,ondemand,0.37853,0.37853,instances.vantage.sh (AWS Price List mirror)
2026-06-10,AWS,us-east-1,g4ad.xlarge,V520,1.0,spot,0.124775,0.124775,instances.vantage.sh (AWS Price List mirror)
2026-06-10,AWS,us-east-1,g4dn.12xlarge,T4,4.0,ondemand,3.912,0.978,instances.vantage.sh (AWS Price List mirror)
2026-06-10,AWS,us-east-1,g4dn.12xlarge,T4,4.0,spot,1.42916,0.35729,instances.vantage.sh (AWS Price List mirror)
2026-06-10,AWS,us-east-1,g4dn.16xlarge,T4,1.0,ondemand,4.352,4.352,instances.vantage.sh (AWS Price List mirror)
2026-06-10,AWS,us-east-1,g4dn.16xlarge,T4,1.0,spot,1.2538,1.2538,instances.vantage.sh (AWS Price List mirror)
2026-06-10,AWS,us-east-1,g4dn.2xlarge,T4,1.0,ondemand,0.752,0.752,instances.vantage.sh (AWS Price List mirror)
2026-06-10,AWS,us-east-1,g4dn.2xlarge,T4,1.0,spot,0.30584,0.30584,instances.vantage.sh (AWS Price List mirror)
2026-06-10,AWS,us-east-1,g4dn.4xlarge,T4,1.0,ondemand,1.204,1.204,instances.vantage.sh (AWS Price List mirror)
2026-06-10,AWS,us-east-1,g4dn.4xlarge,T4,1.0,spot,0.41334,0.41334,instances.vantage.sh (AWS Price List mirror)
2026-06-10,AWS,us-east-1,g4dn.8xlarge,T4,1.0,ondemand,2.176,2.176,instances.vantage.sh (AWS Price List mirror)
2026-06-10,AWS,us-east-1,g4dn.8xlarge,T4,1.0,spot,0.7445,0.7445,instances.vantage.sh (AWS Price List mirror)
2026-06-10,AWS,us-east-1,g4dn.metal,T4,8.0,ondemand,7.824,0.978,instances.vantage.sh (AWS Price List mirror)
2026-06-10,AWS,us-east-1,g4dn.metal,T4,8.0,spot,4.46568,0.55821,instances.vantage.sh (AWS Price List mirror)
2026-06-10,AWS,us-east-1,g4dn.xlarge,T4,1.0,ondemand,0.526,0.526,instances.vantage.sh (AWS Price List mirror)
2026-06-10,AWS,us-east-1,g4dn.xlarge,T4,1.0,spot,0.25158,0.25158,instances.vantage.sh (AWS Price List mirror)
2026-06-10,AWS,us-east-1,g5.12xlarge,A10G,4.0,ondemand,5.672,1.418,instances.vantage.sh (AWS Price List mirror)
2026-06-10,AWS,us-east-1,g5.12xlarge,A10G,4.0,spot,2.80004,0.70001,instances.vantage.sh (AWS Price List mirror)
2026-06-10,AWS,us-east-1,g5.16xlarge,A10G,1.0,ondemand,4.096,4.096,instances.vantage.sh (AWS Price List mirror)
2026-06-10,AWS,us-east-1,g5.16xlarge,A10G,1.0,spot,1.59282,1.59282,instances.vantage.sh (AWS Price List mirror)
2026-06-10,AWS,us-east-1,g5.24xlarge,A10G,4.0,ondemand,8.144,2.036,instances.vantage.sh (AWS Price List mirror)
2026-06-10,AWS,us-east-1,g5.24xlarge,A10G,4.0,spot,3.81186,0.952965,instances.vantage.sh (AWS Price List mirror)
2026-06-10,AWS,us-east-1,g5.2xlarge,A10G,1.0,ondemand,1.212,1.212,instances.vantage.sh (AWS Price List mirror)
2026-06-10,AWS,us-east-1,g5.2xlarge,A10G,1.0,spot,0.61562,0.61562,instances.vantage.sh (AWS Price List mirror)
2026-06-10,AWS,us-east-1,g5.48xlarge,A10G,8.0,ondemand,16.288,2.036,instances.vantage.sh (AWS Price List mirror)
2026-06-10,AWS,us-east-1,g5.48xlarge,A10G,8.0,spot,9.01414,1.1267675,instances.vantage.sh (AWS Price List mirror)
2026-06-10,AWS,us-east-1,g5.4xlarge,A10G,1.0,ondemand,1.624,1.624,instances.vantage.sh (AWS Price List mirror)
2026-06-10,AWS,us-east-1,g5.4xlarge,A10G,1.0,spot,0.91132,0.91132,instances.vantage.sh (AWS Price List mirror)
2026-06-10,AWS,us-east-1,g5.8xlarge,A10G,1.0,ondemand,2.448,2.448,instances.vantage.sh (AWS Price List mirror)
2026-06-10,AWS,us-east-1,g5.8xlarge,A10G,1.0,spot,1.07392,1.07392,instances.vantage.sh (AWS Price List mirror)
2026-06-10,AWS,us-east-1,g5.xlarge,A10G,1.0,ondemand,1.006,1.006,instances.vantage.sh (AWS Price List mirror)
2026-06-10,AWS,us-east-1,g5.xlarge,A10G,1.0,spot,0.445,0.445,instances.vantage.sh (AWS Price List mirror)
2026-06-10,AWS,us-east-1,g5g.16xlarge,T4G,2.0,ondemand,2.744,1.372,instances.vantage.sh (AWS Price List mirror)
2026-06-10,AWS,us-east-1,g5g.16xlarge,T4G,2.0,spot,0.629275,0.3146375,instances.vantage.sh (AWS Price List mirror)
2026-06-10,AWS,us-east-1,g5g.2xlarge,T4G,1.0,ondemand,0.556,0.556,instances.vantage.sh (AWS Price List mirror)
2026-06-10,AWS,us-east-1,g5g.2xlarge,T4G,1.0,spot,0.232,0.232,instances.vantage.sh (AWS Price List mirror)
2026-06-10,AWS,us-east-1,g5g.4xlarge,T4G,1.0,ondemand,0.828,0.828,instances.vantage.sh (AWS Price List mirror)
2026-06-10,AWS,us-east-1,g5g.4xlarge,T4G,1.0,spot,0.25355,0.25355,instances.vantage.sh (AWS Price List mirror)
2026-06-10,AWS,us-east-1,g5g.8xlarge,T4G,1.0,ondemand,1.372,1.372,instances.vantage.sh (AWS Price List mirror)
2026-06-10,AWS,us-east-1,g5g.8xlarge,T4G,1.0,spot,0.644325,0.644325,instances.vantage.sh (AWS Price List mirror)
2026-06-10,AWS,us-east-1,g5g.metal,T4G,2.0,ondemand,2.744,1.372,instances.vantage.sh (AWS Price List mirror)
2026-06-10,AWS,us-east-1,g5g.metal,T4G,2.0,spot,0.649575,0.3247875,instances.vantage.sh (AWS Price List mirror)
2026-06-10,AWS,us-east-1,g5g.xlarge,T4G,1.0,ondemand,0.42,0.42,instances.vantage.sh (AWS Price List mirror)
2026-06-10,AWS,us-east-1,g5g.xlarge,T4G,1.0,spot,0.133675,0.133675,instances.vantage.sh (AWS Price List mirror)
2026-06-10,AWS,us-east-1,g6.12xlarge,L4,4.0,ondemand,4.6016,1.1504,instances.vantage.sh (AWS Price List mirror)
2026-06-10,AWS,us-east-1,g6.12xlarge,L4,4.0,spot,3.44198,0.860495,instances.vantage.sh (AWS Price List mirror)
2026-06-10,AWS,us-east-1,g6.16xlarge,L4,1.0,ondemand,3.3968,3.3968,instances.vantage.sh (AWS Price List mirror)
2026-06-10,AWS,us-east-1,g6.16xlarge,L4,1.0,spot,1.27258,1.27258,instances.vantage.sh (AWS Price List mirror)
2026-06-10,AWS,us-east-1,g6.24xlarge,L4,4.0,ondemand,6.6752,1.6688,instances.vantage.sh (AWS Price List mirror)
2026-06-10,AWS,us-east-1,g6.24xlarge,L4,4.0,spot,2.88036,0.72009,instances.vantage.sh (AWS Price List mirror)
2026-06-10,AWS,us-east-1,g6.2xlarge,L4,1.0,ondemand,0.9776,0.9776,instances.vantage.sh (AWS Price List mirror)
2026-06-10,AWS,us-east-1,g6.2xlarge,L4,1.0,spot,0.6163,0.6163,instances.vantage.sh (AWS Price List mirror)
2026-06-10,AWS,us-east-1,g6.48xlarge,L4,8.0,ondemand,13.3504,1.6688,instances.vantage.sh (AWS Price List mirror)
2026-06-10,AWS,us-east-1,g6.48xlarge,L4,8.0,spot,6.51382,0.8142275,instances.vantage.sh (AWS Price List mirror)
2026-06-10,AWS,us-east-1,g6.4xlarge,L4,1.0,ondemand,1.3232,1.3232,instances.vantage.sh (AWS Price List mirror)
2026-06-10,AWS,us-east-1,g6.4xlarge,L4,1.0,spot,0.82158,0.82158,instances.vantage.sh (AWS Price List mirror)
2026-06-10,AWS,us-east-1,g6.8xlarge,L4,1.0,ondemand,2.0144,2.0144,instances.vantage.sh (AWS Price List mirror)
2026-06-10,AWS,us-east-1,g6.8xlarge,L4,1.0,spot,1.04144,1.04144,instances.vantage.sh (AWS Price List mirror)
2026-06-10,AWS,us-east-1,g6.xlarge,L4,1.0,ondemand,0.8048,0.8048,instances.vantage.sh (AWS Price List mirror)
2026-06-10,AWS,us-east-1,g6.xlarge,L4,1.0,spot,0.38748,0.38748,instances.vantage.sh (AWS Price List mirror)
2026-06-10,AWS,us-east-1,g6e.12xlarge,L40S,4.0,ondemand,10.49264,2.62316,instances.vantage.sh (AWS Price List mirror)
2026-06-10,AWS,us-east-1,g6e.12xlarge,L40S,4.0,spot,3.877675,0.96941875,instances.vantage.sh (AWS Price List mirror)
2026-06-10,AWS,us-east-1,g6e.16xlarge,L40S,1.0,ondemand,7.57719,7.57719,instances.vantage.sh (AWS Price List mirror)
2026-06-10,AWS,us-east-1,g6e.16xlarge,L40S,1.0,spot,2.070575,2.070575,instances.vantage.sh (AWS Price List mirror)
2026-06-10,AWS,us-east-1,g6e.24xlarge,L40S,4.0,ondemand,15.06559,3.7663975,instances.vantage.sh (AWS Price List mirror)
2026-06-10,AWS,us-east-1,g6e.24xlarge,L40S,4.0,spot,5.971325,1.49283125,instances.vantage.sh (AWS Price List mirror)
2026-06-10,AWS,us-east-1,g6e.2xlarge,L40S,1.0,ondemand,2.24208,2.24208,instances.vantage.sh (AWS Price List mirror)
2026-06-10,AWS,us-east-1,g6e.2xlarge,L40S,1.0,spot,1.322425,1.322425,instances.vantage.sh (AWS Price List mirror)
2026-06-10,AWS,us-east-1,g6e.48xlarge,L40S,8.0,ondemand,30.13118,3.7663975,instances.vantage.sh (AWS Price List mirror)
2026-06-10,AWS,us-east-1,g6e.48xlarge,L40S,8.0,spot,12.540375,1.567546875,instances.vantage.sh (AWS Price List mirror)
2026-06-10,AWS,us-east-1,g6e.4xlarge,L40S,1.0,ondemand,3.00424,3.00424,instances.vantage.sh (AWS Price List mirror)
2026-06-10,AWS,us-east-1,g6e.4xlarge,L40S,1.0,spot,1.68265,1.68265,instances.vantage.sh (AWS Price List mirror)
2026-06-10,AWS,us-east-1,g6e.8xlarge,L40S,1.0,ondemand,4.52856,4.52856,instances.vantage.sh (AWS Price List mirror)
2026-06-10,AWS,us-east-1,g6e.8xlarge,L40S,1.0,spot,1.6024,1.6024,instances.vantage.sh (AWS Price List mirror)
2026-06-10,AWS,us-east-1,g6e.xlarge,L40S,1.0,ondemand,1.861,1.861,instances.vantage.sh (AWS Price List mirror)
2026-06-10,AWS,us-east-1,g6e.xlarge,L40S,1.0,spot,1.22555,1.22555,instances.vantage.sh (AWS Price List mirror)
2026-06-10,AWS,us-east-1,g6f.2xlarge,L4,0.25,ondemand,0.475,1.9,instances.vantage.sh (AWS Price List mirror)
2026-06-10,AWS,us-east-1,g6f.2xlarge,L4,0.25,spot,0.216425,0.8657,instances.vantage.sh (AWS Price List mirror)
2026-06-10,AWS,us-east-1,g6f.4xlarge,L4,0.5,ondemand,0.95,1.9,instances.vantage.sh (AWS Price List mirror)
2026-06-10,AWS,us-east-1,g6f.4xlarge,L4,0.5,spot,0.379925,0.75985,instances.vantage.sh (AWS Price List mirror)
2026-06-10,AWS,us-east-1,g6f.large,L4,0.125,ondemand,0.202,1.616,instances.vantage.sh (AWS Price List mirror)
2026-06-10,AWS,us-east-1,g6f.large,L4,0.125,spot,0.056675,0.4534,instances.vantage.sh (AWS Price List mirror)
2026-06-10,AWS,us-east-1,g6f.xlarge,L4,0.125,ondemand,0.2375,1.9,instances.vantage.sh (AWS Price List mirror)
2026-06-10,AWS,us-east-1,g6f.xlarge,L4,0.125,spot,0.09405,0.7524,instances.vantage.sh (AWS Price List mirror)
2026-06-10,AWS,us-east-1,g7e.12xlarge,NVIDIA GB202,2.0,ondemand,8.28608,4.14304,instances.vantage.sh (AWS Price List mirror)
2026-06-10,AWS,us-east-1,g7e.12xlarge,NVIDIA GB202,2.0,spot,3.4155,1.70775,instances.vantage.sh (AWS Price List mirror)
2026-06-10,AWS,us-east-1,g7e.24xlarge,NVIDIA GB202,4.0,ondemand,16.57216,4.14304,instances.vantage.sh (AWS Price List mirror)
2026-06-10,AWS,us-east-1,g7e.24xlarge,NVIDIA GB202,4.0,spot,6.3379,1.584475,instances.vantage.sh (AWS Price List mirror)
2026-06-10,AWS,us-east-1,g7e.2xlarge,NVIDIA GB202,1.0,ondemand,3.36312,3.36312,instances.vantage.sh (AWS Price List mirror)
2026-06-10,AWS,us-east-1,g7e.2xlarge,NVIDIA GB202,1.0,spot,1.63275,1.63275,instances.vantage.sh (AWS Price List mirror)
2026-06-10,AWS,us-east-1,g7e.48xlarge,NVIDIA GB202,8.0,ondemand,33.14432,4.14304,instances.vantage.sh (AWS Price List mirror)
2026-06-10,AWS,us-east-1,g7e.48xlarge,NVIDIA GB202,8.0,spot,13.28755,1.66094375,instances.vantage.sh (AWS Price List mirror)
2026-06-10,AWS,us-east-1,g7e.4xlarge,NVIDIA GB202,1.0,ondemand,3.99816,3.99816,instances.vantage.sh (AWS Price List mirror)
2026-06-10,AWS,us-east-1,g7e.4xlarge,NVIDIA GB202,1.0,spot,1.8546,1.8546,instances.vantage.sh (AWS Price List mirror)
2026-06-10,AWS,us-east-1,g7e.8xlarge,NVIDIA GB202,1.0,ondemand,5.26824,5.26824,instances.vantage.sh (AWS Price List mirror)
2026-06-10,AWS,us-east-1,g7e.8xlarge,NVIDIA GB202,1.0,spot,1.937,1.937,instances.vantage.sh (AWS Price List mirror)
2026-06-10,AWS,us-east-1,gr6.4xlarge,L4,1.0,ondemand,1.5392,1.5392,instances.vantage.sh (AWS Price List mirror)
2026-06-10,AWS,us-east-1,gr6.4xlarge,L4,1.0,spot,0.62235,0.62235,instances.vantage.sh (AWS Price List mirror)
2026-06-10,AWS,us-east-1,gr6.8xlarge,L4,1.0,ondemand,2.4464,2.4464,instances.vantage.sh (AWS Price List mirror)
2026-06-10,AWS,us-east-1,gr6.8xlarge,L4,1.0,spot,1.12835,1.12835,instances.vantage.sh (AWS Price List mirror)
2026-06-10,AWS,us-east-1,gr6f.4xlarge,L4,0.5,ondemand,1.066,2.132,instances.vantage.sh (AWS Price List mirror)
2026-06-10,AWS,us-east-1,gr6f.4xlarge,L4,0.5,spot,0.46655,0.9331,instances.vantage.sh (AWS Price List mirror)
2026-06-10,AWS,us-east-1,inf1.24xlarge,AWS Inferentia,16.0,ondemand,4.721,0.2950625,instances.vantage.sh (AWS Price List mirror)
2026-06-10,AWS,us-east-1,inf1.24xlarge,AWS Inferentia,16.0,spot,1.12052,0.0700325,instances.vantage.sh (AWS Price List mirror)
2026-06-10,AWS,us-east-1,inf1.2xlarge,AWS Inferentia,1.0,ondemand,0.362,0.362,instances.vantage.sh (AWS Price List mirror)
2026-06-10,AWS,us-east-1,inf1.2xlarge,AWS Inferentia,1.0,spot,0.10388,0.10388,instances.vantage.sh (AWS Price List mirror)
2026-06-10,AWS,us-east-1,inf1.6xlarge,AWS Inferentia,4.0,ondemand,1.18,0.295,instances.vantage.sh (AWS Price List mirror)
2026-06-10,AWS,us-east-1,inf1.6xlarge,AWS Inferentia,4.0,spot,0.31466,0.078665,instances.vantage.sh (AWS Price List mirror)
2026-06-10,AWS,us-east-1,inf1.xlarge,AWS Inferentia,1.0,ondemand,0.228,0.228,instances.vantage.sh (AWS Price List mirror)
2026-06-10,AWS,us-east-1,inf1.xlarge,AWS Inferentia,1.0,spot,0.05328,0.05328,instances.vantage.sh (AWS Price List mirror)
2026-06-10,AWS,us-east-1,inf2.24xlarge,AWS Inferentia2,6.0,ondemand,6.49063,1.0817716666666668,instances.vantage.sh (AWS Price List mirror)
2026-06-10,AWS,us-east-1,inf2.24xlarge,AWS Inferentia2,6.0,spot,1.212025,0.20200416666666665,instances.vantage.sh (AWS Price List mirror)
2026-06-10,AWS,us-east-1,inf2.48xlarge,AWS Inferentia2,12.0,ondemand,12.98127,1.0817725,instances.vantage.sh (AWS Price List mirror)
2026-06-10,AWS,us-east-1,inf2.48xlarge,AWS Inferentia2,12.0,spot,6.356025,0.52966875,instances.vantage.sh (AWS Price List mirror)
2026-06-10,AWS,us-east-1,inf2.8xlarge,AWS Inferentia2,1.0,ondemand,1.96786,1.96786,instances.vantage.sh (AWS Price List mirror)
2026-06-10,AWS,us-east-1,inf2.8xlarge,AWS Inferentia2,1.0,spot,0.477225,0.477225,instances.vantage.sh (AWS Price List mirror)
2026-06-10,AWS,us-east-1,inf2.xlarge,AWS Inferentia2,1.0,ondemand,0.7582,0.7582,instances.vantage.sh (AWS Price List mirror)
2026-06-10,AWS,us-east-1,inf2.xlarge,AWS Inferentia2,1.0,spot,0.113025,0.113025,instances.vantage.sh (AWS Price List mirror)
2026-06-10,AWS,us-east-1,p2.16xlarge,K80,16.0,ondemand,14.4,0.9,instances.vantage.sh (AWS Price List mirror)
2026-06-10,AWS,us-east-1,p2.8xlarge,K80,8.0,ondemand,7.2,0.9,instances.vantage.sh (AWS Price List mirror)
2026-06-10,AWS,us-east-1,p2.xlarge,K80,1.0,ondemand,0.9,0.9,instances.vantage.sh (AWS Price List mirror)
2026-06-10,AWS,us-east-1,p3.16xlarge,V100,8.0,ondemand,24.48,3.06,instances.vantage.sh (AWS Price List mirror)
2026-06-10,AWS,us-east-1,p3.16xlarge,V100,8.0,spot,11.5076,1.43845,instances.vantage.sh (AWS Price List mirror)
2026-06-10,AWS,us-east-1,p3.2xlarge,V100,1.0,ondemand,3.06,3.06,instances.vantage.sh (AWS Price List mirror)
2026-06-10,AWS,us-east-1,p3.2xlarge,V100,1.0,spot,0.890725,0.890725,instances.vantage.sh (AWS Price List mirror)
2026-06-10,AWS,us-east-1,p3.8xlarge,V100,4.0,ondemand,12.24,3.06,instances.vantage.sh (AWS Price List mirror)
2026-06-10,AWS,us-east-1,p3.8xlarge,V100,4.0,spot,3.97955,0.9948875,instances.vantage.sh (AWS Price List mirror)
2026-06-10,AWS,us-east-1,p3dn.24xlarge,V100,8.0,ondemand,31.212,3.9015,instances.vantage.sh (AWS Price List mirror)
2026-06-10,AWS,us-east-1,p3dn.24xlarge,V100,8.0,spot,4.60655,0.57581875,instances.vantage.sh (AWS Price List mirror)
2026-06-10,AWS,us-east-1,p4d.24xlarge,A100,8.0,ondemand,21.957642,2.74470525,instances.vantage.sh (AWS Price List mirror)
2026-06-10,AWS,us-east-1,p4d.24xlarge,A100,8.0,spot,12.295225,1.536903125,instances.vantage.sh (AWS Price List mirror)
2026-06-10,AWS,us-east-1,p4de.24xlarge,A100,8.0,ondemand,27.44705,3.43088125,instances.vantage.sh (AWS Price List mirror)
2026-06-10,AWS,us-east-1,p4de.24xlarge,A100,8.0,spot,12.13265,1.51658125,instances.vantage.sh (AWS Price List mirror)
2026-06-10,AWS,us-east-1,p5.48xlarge,H100,8.0,ondemand,55.04,6.88,instances.vantage.sh (AWS Price List mirror)
2026-06-10,AWS,us-east-1,p5.48xlarge,H100,8.0,spot,24.728017,3.091002125,instances.vantage.sh (AWS Price List mirror)
2026-06-10,AWS,us-east-1,p5.4xlarge,H100,1.0,ondemand,6.88,6.88,instances.vantage.sh (AWS Price List mirror)
2026-06-10,AWS,us-east-1,p5.4xlarge,H100,1.0,spot,4.61552,4.61552,instances.vantage.sh (AWS Price List mirror)
2026-06-10,AWS,us-east-1,p5en.48xlarge,H200,8.0,ondemand,63.296,7.912,instances.vantage.sh (AWS Price List mirror)
2026-06-10,AWS,us-east-1,p5en.48xlarge,H200,8.0,spot,19.51585,2.43948125,instances.vantage.sh (AWS Price List mirror)
2026-06-10,AWS,us-east-1,p6-b200.48xlarge,B200,8.0,ondemand,113.9328,14.2416,instances.vantage.sh (AWS Price List mirror)
2026-06-10,AWS,us-east-1,p6-b200.48xlarge,B200,8.0,spot,26.8105,3.3513125,instances.vantage.sh (AWS Price List mirror)
2026-06-10,AWS,us-east-1,p6-b300.48xlarge,NVIDIA B300,8.0,ondemand,142.416,17.802,instances.vantage.sh (AWS Price List mirror)
2026-06-10,AWS,us-east-1,p6-b300.48xlarge,NVIDIA B300,8.0,spot,28.0831,3.5103875,instances.vantage.sh (AWS Price List mirror)
2026-06-10,AWS,us-east-1,trn1.2xlarge,AWS Inferentia,1.0,ondemand,1.34375,1.34375,instances.vantage.sh (AWS Price List mirror)
2026-06-10,AWS,us-east-1,trn1.2xlarge,AWS Inferentia,1.0,spot,0.79775,0.79775,instances.vantage.sh (AWS Price List mirror)
2026-06-10,AWS,us-east-1,trn1.32xlarge,AWS Inferentia,16.0,ondemand,21.5,1.34375,instances.vantage.sh (AWS Price List mirror)
2026-06-10,AWS,us-east-1,trn1.32xlarge,AWS Inferentia,16.0,spot,3.3842,0.2115125,instances.vantage.sh (AWS Price List mirror)
2026-06-10,AWS,us-east-1,trn1n.32xlarge,AWS Inferentia,16.0,ondemand,24.78,1.54875,instances.vantage.sh (AWS Price List mirror)
2026-06-10,AWS,us-east-1,trn1n.32xlarge,AWS Inferentia,16.0,spot,3.0896,0.1931,instances.vantage.sh (AWS Price List mirror)
2026-06-10,AWS,us-east-1-atl-1,g4dn.2xlarge,T4,1.0,ondemand,1.015,1.015,instances.vantage.sh (AWS Price List mirror)
2026-06-10,AWS,us-east-1-atl-1,p5.48xlarge,H100,8.0,ondemand,55.04,6.88,instances.vantage.sh (AWS Price List mirror)
2026-06-10,AWS,us-east-1-atl-1,p5en.48xlarge,H200,8.0,ondemand,63.296,7.912,instances.vantage.sh (AWS Price List mirror)
2026-06-10,AWS,us-east-1-atl-1,p6-b200.48xlarge,B200,8.0,ondemand,113.9328,14.2416,instances.vantage.sh (AWS Price List mirror)
2026-06-10,AWS,us-east-1-bos-1,g4dn.2xlarge,T4,1.0,ondemand,1.015,1.015,instances.vantage.sh (AWS Price List mirror)
2026-06-10,AWS,us-east-1-bos-1,g4dn.4xlarge,T4,1.0,ondemand,1.625,1.625,instances.vantage.sh (AWS Price List mirror)
2026-06-10,AWS,us-east-1-chi-1,g4dn.2xlarge,T4,1.0,ondemand,1.015,1.015,instances.vantage.sh (AWS Price List mirror)
2026-06-10,AWS,us-east-1-chi-1,g4dn.4xlarge,T4,1.0,ondemand,1.625,1.625,instances.vantage.sh (AWS Price List mirror)
2026-06-10,AWS,us-east-1-dfw-1,g4dn.2xlarge,T4,1.0,ondemand,1.015,1.015,instances.vantage.sh (AWS Price List mirror)
2026-06-10,AWS,us-east-1-dfw-1,g4dn.4xlarge,T4,1.0,ondemand,1.625,1.625,instances.vantage.sh (AWS Price List mirror)
2026-06-10,AWS,us-east-1-iah-1,g4dn.2xlarge,T4,1.0,ondemand,1.015,1.015,instances.vantage.sh (AWS Price List mirror)
2026-06-10,AWS,us-east-1-iah-1,g4dn.4xlarge,T4,1.0,ondemand,1.625,1.625,instances.vantage.sh (AWS Price List mirror)
2026-06-10,AWS,us-east-1-lim-1,g4dn.2xlarge,T4,1.0,ondemand,1.725,1.725,instances.vantage.sh (AWS Price List mirror)
2026-06-10,AWS,us-east-1-mci-1,g4dn.2xlarge,T4,1.0,ondemand,1.015,1.015,instances.vantage.sh (AWS Price List mirror)
2026-06-10,AWS,us-east-1-mia-1,g4dn.2xlarge,T4,1.0,ondemand,1.015,1.015,instances.vantage.sh (AWS Price List mirror)
2026-06-10,AWS,us-east-1-msp-1,g4dn.2xlarge,T4,1.0,ondemand,1.015,1.015,instances.vantage.sh (AWS Price List mirror)
2026-06-10,AWS,us-east-1-nyc-1,g4dn.2xlarge,T4,1.0,ondemand,1.015,1.015,instances.vantage.sh (AWS Price List mirror)
2026-06-10,AWS,us-east-1-nyc-1,g4dn.4xlarge,T4,1.0,ondemand,1.625,1.625,instances.vantage.sh (AWS Price List mirror)
2026-06-10,AWS,us-east-1-phl-1,g4dn.2xlarge,T4,1.0,ondemand,1.015,1.015,instances.vantage.sh (AWS Price List mirror)
2026-06-10,AWS,us-east-1-phl-1,g4dn.4xlarge,T4,1.0,ondemand,1.625,1.625,instances.vantage.sh (AWS Price List mirror)
2026-06-10,AWS,us-east-1-qro-1,g4dn.2xlarge,T4,1.0,ondemand,1.09,1.09,instances.vantage.sh (AWS Price List mirror)
2026-06-10,AWS,us-east-1-qro-1,g4dn.4xlarge,T4,1.0,ondemand,1.746,1.746,instances.vantage.sh (AWS Price List mirror)
2026-06-10,AWS,us-east-1-scl-1,g4dn.2xlarge,T4,1.0,ondemand,1.47,1.47,instances.vantage.sh (AWS Price List mirror)
2026-06-10,AWS,us-east-1-wl1,g4dn.2xlarge,T4,1.0,ondemand,1.317,1.317,instances.vantage.sh (AWS Price List mirror)
2026-06-10,AWS,us-east-1-wl1-atl1,g4dn.2xlarge,T4,1.0,ondemand,1.317,1.317,instances.vantage.sh (AWS Price List mirror)
2026-06-10,AWS,us-east-1-wl1-bna1,g4dn.2xlarge,T4,1.0,ondemand,1.317,1.317,instances.vantage.sh (AWS Price List mirror)
2026-06-10,AWS,us-east-1-wl1-chi1,g4dn.2xlarge,T4,1.0,ondemand,1.317,1.317,instances.vantage.sh (AWS Price List mirror)
2026-06-10,AWS,us-east-1-wl1-clt1,g4dn.2xlarge,T4,1.0,ondemand,1.317,1.317,instances.vantage.sh (AWS Price List mirror)
2026-06-10,AWS,us-east-1-wl1-dfw1,g4dn.2xlarge,T4,1.0,ondemand,1.317,1.317,instances.vantage.sh (AWS Price List mirror)
2026-06-10,AWS,us-east-1-wl1-dtw1,g4dn.2xlarge,T4,1.0,ondemand,1.317,1.317,instances.vantage.sh (AWS Price List mirror)
2026-06-10,AWS,us-east-1-wl1-iah1,g4dn.2xlarge,T4,1.0,ondemand,1.317,1.317,instances.vantage.sh (AWS Price List mirror)
2026-06-10,AWS,us-east-1-wl1-mia1,g4dn.2xlarge,T4,1.0,ondemand,1.317,1.317,instances.vantage.sh (AWS Price List mirror)
2026-06-10,AWS,us-east-1-wl1-msp1,g4dn.2xlarge,T4,1.0,ondemand,1.317,1.317,instances.vantage.sh (AWS Price List mirror)
2026-06-10,AWS,us-east-1-wl1-nyc1,g4dn.2xlarge,T4,1.0,ondemand,1.317,1.317,instances.vantage.sh (AWS Price List mirror)
2026-06-10,AWS,us-east-1-wl1-tpa1,g4dn.2xlarge,T4,1.0,ondemand,1.317,1.317,instances.vantage.sh (AWS Price List mirror)
2026-06-10,AWS,us-east-1-wl1-was1,g4dn.2xlarge,T4,1.0,ondemand,1.317,1.317,instances.vantage.sh (AWS Price List mirror)
2026-06-10,AWS,us-east-2,g3.16xlarge,M60,4.0,ondemand,4.56,1.14,instances.vantage.sh (AWS Price List mirror)
2026-06-10,AWS,us-east-2,g3.4xlarge,M60,1.0,ondemand,1.14,1.14,instances.vantage.sh (AWS Price List mirror)
2026-06-10,AWS,us-east-2,g3.8xlarge,M60,2.0,ondemand,2.28,1.14,instances.vantage.sh (AWS Price List mirror)
2026-06-10,AWS,us-east-2,g3s.xlarge,M60,1.0,ondemand,0.75,0.75,instances.vantage.sh (AWS Price List mirror)
2026-06-10,AWS,us-east-2,g4ad.16xlarge,V520,4.0,ondemand,3.468,0.867,instances.vantage.sh (AWS Price List mirror)
2026-06-10,AWS,us-east-2,g4ad.16xlarge,V520,4.0,spot,0.630767,0.15769175,instances.vantage.sh (AWS Price List mirror)
2026-06-10,AWS,us-east-2,g4ad.2xlarge,V520,1.0,ondemand,0.54117,0.54117,instances.vantage.sh (AWS Price List mirror)
2026-06-10,AWS,us-east-2,g4ad.2xlarge,V520,1.0,spot,0.147167,0.147167,instances.vantage.sh (AWS Price List mirror)
2026-06-10,AWS,us-east-2,g4ad.4xlarge,V520,1.0,ondemand,0.867,0.867,instances.vantage.sh (AWS Price List mirror)
2026-06-10,AWS,us-east-2,g4ad.4xlarge,V520,1.0,spot,0.2019,0.2019,instances.vantage.sh (AWS Price List mirror)
2026-06-10,AWS,us-east-2,g4ad.8xlarge,V520,2.0,ondemand,1.734,0.867,instances.vantage.sh (AWS Price List mirror)
2026-06-10,AWS,us-east-2,g4ad.8xlarge,V520,2.0,spot,0.3315,0.16575,instances.vantage.sh (AWS Price List mirror)
2026-06-10,AWS,us-east-2,g4ad.xlarge,V520,1.0,ondemand,0.37853,0.37853,instances.vantage.sh (AWS Price List mirror)
2026-06-10,AWS,us-east-2,g4ad.xlarge,V520,1.0,spot,0.0861,0.0861,instances.vantage.sh (AWS Price List mirror)
2026-06-10,AWS,us-east-2,g4dn.12xlarge,T4,4.0,ondemand,3.912,0.978,instances.vantage.sh (AWS Price List mirror)
2026-06-10,AWS,us-east-2,g4dn.12xlarge,T4,4.0,spot,1.0766,0.26915,instances.vantage.sh (AWS Price List mirror)
2026-06-10,AWS,us-east-2,g4dn.16xlarge,T4,1.0,ondemand,4.352,4.352,instances.vantage.sh (AWS Price List mirror)
2026-06-10,AWS,us-east-2,g4dn.16xlarge,T4,1.0,spot,0.995567,0.995567,instances.vantage.sh (AWS Price List mirror)
2026-06-10,AWS,us-east-2,g4dn.2xlarge,T4,1.0,ondemand,0.752,0.752,instances.vantage.sh (AWS Price List mirror)
2026-06-10,AWS,us-east-2,g4dn.2xlarge,T4,1.0,spot,0.181233,0.181233,instances.vantage.sh (AWS Price List mirror)
2026-06-10,AWS,us-east-2,g4dn.4xlarge,T4,1.0,ondemand,1.204,1.204,instances.vantage.sh (AWS Price List mirror)
2026-06-10,AWS,us-east-2,g4dn.4xlarge,T4,1.0,spot,0.3457,0.3457,instances.vantage.sh (AWS Price List mirror)
2026-06-10,AWS,us-east-2,g4dn.8xlarge,T4,1.0,ondemand,2.176,2.176,instances.vantage.sh (AWS Price List mirror)
2026-06-10,AWS,us-east-2,g4dn.8xlarge,T4,1.0,spot,0.412167,0.412167,instances.vantage.sh (AWS Price List mirror)
2026-06-10,AWS,us-east-2,g4dn.metal,T4,8.0,ondemand,7.824,0.978,instances.vantage.sh (AWS Price List mirror)
2026-06-10,AWS,us-east-2,g4dn.metal,T4,8.0,spot,3.0112,0.3764,instances.vantage.sh (AWS Price List mirror)
2026-06-10,AWS,us-east-2,g4dn.xlarge,T4,1.0,ondemand,0.526,0.526,instances.vantage.sh (AWS Price List mirror)
2026-06-10,AWS,us-east-2,g4dn.xlarge,T4,1.0,spot,0.131967,0.131967,instances.vantage.sh (AWS Price List mirror)
2026-06-10,AWS,us-east-2,g5.12xlarge,A10G,4.0,ondemand,5.672,1.418,instances.vantage.sh (AWS Price List mirror)
2026-06-10,AWS,us-east-2,g5.12xlarge,A10G,4.0,spot,2.492833,0.62320825,instances.vantage.sh (AWS Price List mirror)
2026-06-10,AWS,us-east-2,g5.16xlarge,A10G,1.0,ondemand,4.096,4.096,instances.vantage.sh (AWS Price List mirror)
2026-06-10,AWS,us-east-2,g5.16xlarge,A10G,1.0,spot,0.842033,0.842033,instances.vantage.sh (AWS Price List mirror)
2026-06-10,AWS,us-east-2,g5.24xlarge,A10G,4.0,ondemand,8.144,2.036,instances.vantage.sh (AWS Price List mirror)
2026-06-10,AWS,us-east-2,g5.24xlarge,A10G,4.0,spot,2.778633,0.69465825,instances.vantage.sh (AWS Price List mirror)
2026-06-10,AWS,us-east-2,g5.2xlarge,A10G,1.0,ondemand,1.212,1.212,instances.vantage.sh (AWS Price List mirror)
2026-06-10,AWS,us-east-2,g5.2xlarge,A10G,1.0,spot,0.344633,0.344633,instances.vantage.sh (AWS Price List mirror)
2026-06-10,AWS,us-east-2,g5.48xlarge,A10G,8.0,ondemand,16.288,2.036,instances.vantage.sh (AWS Price List mirror)
2026-06-10,AWS,us-east-2,g5.48xlarge,A10G,8.0,spot,5.810467,0.726308375,instances.vantage.sh (AWS Price List mirror)
2026-06-10,AWS,us-east-2,g5.4xlarge,A10G,1.0,ondemand,1.624,1.624,instances.vantage.sh (AWS Price List mirror)
2026-06-10,AWS,us-east-2,g5.4xlarge,A10G,1.0,spot,0.5172,0.5172,instances.vantage.sh (AWS Price List mirror)
2026-06-10,AWS,us-east-2,g5.8xlarge,A10G,1.0,ondemand,2.448,2.448,instances.vantage.sh (AWS Price List mirror)
2026-06-10,AWS,us-east-2,g5.8xlarge,A10G,1.0,spot,0.578533,0.578533,instances.vantage.sh (AWS Price List mirror)
2026-06-10,AWS,us-east-2,g5.xlarge,A10G,1.0,ondemand,1.006,1.006,instances.vantage.sh (AWS Price List mirror)
2026-06-10,AWS,us-east-2,g5.xlarge,A10G,1.0,spot,0.333167,0.333167,instances.vantage.sh (AWS Price List mirror)
2026-06-10,AWS,us-east-2,g6.12xlarge,L4,4.0,ondemand,4.6016,1.1504,instances.vantage.sh (AWS Price List mirror)
2026-06-10,AWS,us-east-2,g6.12xlarge,L4,4.0,spot,1.128833,0.28220825,instances.vantage.sh (AWS Price List mirror)
2026-06-10,AWS,us-east-2,g6.16xlarge,L4,1.0,ondemand,3.3968,3.3968,instances.vantage.sh (AWS Price List mirror)
2026-06-10,AWS,us-east-2,g6.16xlarge,L4,1.0,spot,0.938,0.938,instances.vantage.sh (AWS Price List mirror)
2026-06-10,AWS,us-east-2,g6.24xlarge,L4,4.0,ondemand,6.6752,1.6688,instances.vantage.sh (AWS Price List mirror)
2026-06-10,AWS,us-east-2,g6.24xlarge,L4,4.0,spot,1.6579,0.414475,instances.vantage.sh (AWS Price List mirror)
2026-06-10,AWS,us-east-2,g6.2xlarge,L4,1.0,ondemand,0.9776,0.9776,instances.vantage.sh (AWS Price List mirror)
2026-06-10,AWS,us-east-2,g6.2xlarge,L4,1.0,spot,0.301333,0.301333,instances.vantage.sh (AWS Price List mirror)
2026-06-10,AWS,us-east-2,g6.48xlarge,L4,8.0,ondemand,13.3504,1.6688,instances.vantage.sh (AWS Price List mirror)
2026-06-10,AWS,us-east-2,g6.48xlarge,L4,8.0,spot,3.439433,0.429929125,instances.vantage.sh (AWS Price List mirror)
2026-06-10,AWS,us-east-2,g6.4xlarge,L4,1.0,ondemand,1.3232,1.3232,instances.vantage.sh (AWS Price List mirror)
2026-06-10,AWS,us-east-2,g6.4xlarge,L4,1.0,spot,0.389633,0.389633,instances.vantage.sh (AWS Price List mirror)
2026-06-10,AWS,us-east-2,g6.8xlarge,L4,1.0,ondemand,2.0144,2.0144,instances.vantage.sh (AWS Price List mirror)
2026-06-10,AWS,us-east-2,g6.8xlarge,L4,1.0,spot,0.4798,0.4798,instances.vantage.sh (AWS Price List mirror)
2026-06-10,AWS,us-east-2,g6.xlarge,L4,1.0,ondemand,0.8048,0.8048,instances.vantage.sh (AWS Price List mirror)
2026-06-10,AWS,us-east-2,g6.xlarge,L4,1.0,spot,0.203767,0.203767,instances.vantage.sh (AWS Price List mirror)
2026-06-10,AWS,us-east-2,g6e.12xlarge,L40S,4.0,ondemand,10.49264,2.62316,instances.vantage.sh (AWS Price List mirror)
2026-06-10,AWS,us-east-2,g6e.12xlarge,L40S,4.0,spot,1.8961,0.474025,instances.vantage.sh (AWS Price List mirror)
2026-06-10,AWS,us-east-2,g6e.16xlarge,L40S,1.0,ondemand,7.57719,7.57719,instances.vantage.sh (AWS Price List mirror)
2026-06-10,AWS,us-east-2,g6e.16xlarge,L40S,1.0,spot,1.207167,1.207167,instances.vantage.sh (AWS Price List mirror)
2026-06-10,AWS,us-east-2,g6e.24xlarge,L40S,4.0,ondemand,15.06559,3.7663975,instances.vantage.sh (AWS Price List mirror)
2026-06-10,AWS,us-east-2,g6e.24xlarge,L40S,4.0,spot,2.528433,0.63210825,instances.vantage.sh (AWS Price List mirror)
2026-06-10,AWS,us-east-2,g6e.2xlarge,L40S,1.0,ondemand,2.24208,2.24208,instances.vantage.sh (AWS Price List mirror)
2026-06-10,AWS,us-east-2,g6e.2xlarge,L40S,1.0,spot,0.511333,0.511333,instances.vantage.sh (AWS Price List mirror)
2026-06-10,AWS,us-east-2,g6e.48xlarge,L40S,8.0,ondemand,30.13118,3.7663975,instances.vantage.sh (AWS Price List mirror)
2026-06-10,AWS,us-east-2,g6e.48xlarge,L40S,8.0,spot,6.515267,0.814408375,instances.vantage.sh (AWS Price List mirror)
2026-06-10,AWS,us-east-2,g6e.4xlarge,L40S,1.0,ondemand,3.00424,3.00424,instances.vantage.sh (AWS Price List mirror)
2026-06-10,AWS,us-east-2,g6e.4xlarge,L40S,1.0,spot,0.883967,0.883967,instances.vantage.sh (AWS Price List mirror)
2026-06-10,AWS,us-east-2,g6e.8xlarge,L40S,1.0,ondemand,4.52856,4.52856,instances.vantage.sh (AWS Price List mirror)
2026-06-10,AWS,us-east-2,g6e.8xlarge,L40S,1.0,spot,1.4098,1.4098,instances.vantage.sh (AWS Price List mirror)
2026-06-10,AWS,us-east-2,g6e.xlarge,L40S,1.0,ondemand,1.861,1.861,instances.vantage.sh (AWS Price List mirror)
2026-06-10,AWS,us-east-2,g6e.xlarge,L40S,1.0,spot,0.402267,0.402267,instances.vantage.sh (AWS Price List mirror)
2026-06-10,AWS,us-east-2,g6f.2xlarge,L4,0.25,ondemand,0.475,1.9,instances.vantage.sh (AWS Price List mirror)
2026-06-10,AWS,us-east-2,g6f.2xlarge,L4,0.25,spot,0.100767,0.403068,instances.vantage.sh (AWS Price List mirror)
2026-06-10,AWS,us-east-2,g6f.4xlarge,L4,0.5,ondemand,0.95,1.9,instances.vantage.sh (AWS Price List mirror)
2026-06-10,AWS,us-east-2,g6f.4xlarge,L4,0.5,spot,0.3788,0.7576,instances.vantage.sh (AWS Price List mirror)
2026-06-10,AWS,us-east-2,g6f.large,L4,0.125,ondemand,0.202,1.616,instances.vantage.sh (AWS Price List mirror)
2026-06-10,AWS,us-east-2,g6f.large,L4,0.125,spot,0.051433,0.411464,instances.vantage.sh (AWS Price List mirror)
2026-06-10,AWS,us-east-2,g6f.xlarge,L4,0.125,ondemand,0.2375,1.9,instances.vantage.sh (AWS Price List mirror)
2026-06-10,AWS,us-east-2,g6f.xlarge,L4,0.125,spot,0.079133,0.633064,instances.vantage.sh (AWS Price List mirror)
2026-06-10,AWS,us-east-2,g7e.12xlarge,NVIDIA GB202,2.0,ondemand,8.28608,4.14304,instances.vantage.sh (AWS Price List mirror)
2026-06-10,AWS,us-east-2,g7e.12xlarge,NVIDIA GB202,2.0,spot,3.0335,1.51675,instances.vantage.sh (AWS Price List mirror)
2026-06-10,AWS,us-east-2,g7e.24xlarge,NVIDIA GB202,4.0,ondemand,16.57216,4.14304,instances.vantage.sh (AWS Price List mirror)
2026-06-10,AWS,us-east-2,g7e.24xlarge,NVIDIA GB202,4.0,spot,4.7223,1.180575,instances.vantage.sh (AWS Price List mirror)
2026-06-10,AWS,us-east-2,g7e.2xlarge,NVIDIA GB202,1.0,ondemand,3.36312,3.36312,instances.vantage.sh (AWS Price List mirror)
2026-06-10,AWS,us-east-2,g7e.2xlarge,NVIDIA GB202,1.0,spot,1.1715,1.1715,instances.vantage.sh (AWS Price List mirror)
2026-06-10,AWS,us-east-2,g7e.48xlarge,NVIDIA GB202,8.0,ondemand,33.14432,4.14304,instances.vantage.sh (AWS Price List mirror)
2026-06-10,AWS,us-east-2,g7e.48xlarge,NVIDIA GB202,8.0,spot,11.7537,1.4692125,instances.vantage.sh (AWS Price List mirror)
2026-06-10,AWS,us-east-2,g7e.4xlarge,NVIDIA GB202,1.0,ondemand,3.99816,3.99816,instances.vantage.sh (AWS Price List mirror)
2026-06-10,AWS,us-east-2,g7e.4xlarge,NVIDIA GB202,1.0,spot,1.863,1.863,instances.vantage.sh (AWS Price List mirror)
2026-06-10,AWS,us-east-2,g7e.8xlarge,NVIDIA GB202,1.0,ondemand,5.26824,5.26824,instances.vantage.sh (AWS Price List mirror)
2026-06-10,AWS,us-east-2,g7e.8xlarge,NVIDIA GB202,1.0,spot,1.78775,1.78775,instances.vantage.sh (AWS Price List mirror)
2026-06-10,AWS,us-east-2,gr6.4xlarge,L4,1.0,ondemand,1.5392,1.5392,instances.vantage.sh (AWS Price List mirror)
2026-06-10,AWS,us-east-2,gr6.4xlarge,L4,1.0,spot,0.304267,0.304267,instances.vantage.sh (AWS Price List mirror)
2026-06-10,AWS,us-east-2,gr6.8xlarge,L4,1.0,ondemand,2.4464,2.4464,instances.vantage.sh (AWS Price List mirror)
2026-06-10,AWS,us-east-2,gr6.8xlarge,L4,1.0,spot,0.481733,0.481733,instances.vantage.sh (AWS Price List mirror)
2026-06-10,AWS,us-east-2,gr6f.4xlarge,L4,0.5,ondemand,1.066,2.132,instances.vantage.sh (AWS Price List mirror)
2026-06-10,AWS,us-east-2,gr6f.4xlarge,L4,0.5,spot,0.4022,0.8044,instances.vantage.sh (AWS Price List mirror)
2026-06-10,AWS,us-east-2,inf1.24xlarge,AWS Inferentia,16.0,ondemand,4.721,0.2950625,instances.vantage.sh (AWS Price List mirror)
2026-06-10,AWS,us-east-2,inf1.24xlarge,AWS Inferentia,16.0,spot,0.4721,0.02950625,instances.vantage.sh (AWS Price List mirror)
2026-06-10,AWS,us-east-2,inf1.2xlarge,AWS Inferentia,1.0,ondemand,0.362,0.362,instances.vantage.sh (AWS Price List mirror)
2026-06-10,AWS,us-east-2,inf1.2xlarge,AWS Inferentia,1.0,spot,0.066533,0.066533,instances.vantage.sh (AWS Price List mirror)
2026-06-10,AWS,us-east-2,inf1.6xlarge,AWS Inferentia,4.0,ondemand,1.18,0.295,instances.vantage.sh (AWS Price List mirror)
2026-06-10,AWS,us-east-2,inf1.6xlarge,AWS Inferentia,4.0,spot,0.236233,0.05905825,instances.vantage.sh (AWS Price List mirror)
2026-06-10,AWS,us-east-2,inf1.xlarge,AWS Inferentia,1.0,ondemand,0.228,0.228,instances.vantage.sh (AWS Price List mirror)
2026-06-10,AWS,us-east-2,inf1.xlarge,AWS Inferentia,1.0,spot,0.0228,0.0228,instances.vantage.sh (AWS Price List mirror)
2026-06-10,AWS,us-east-2,inf2.24xlarge,AWS Inferentia2,6.0,ondemand,6.49063,1.0817716666666668,instances.vantage.sh (AWS Price List mirror)
2026-06-10,AWS,us-east-2,inf2.24xlarge,AWS Inferentia2,6.0,spot,0.6491,0.10818333333333334,instances.vantage.sh (AWS Price List mirror)
2026-06-10,AWS,us-east-2,inf2.48xlarge,AWS Inferentia2,12.0,ondemand,12.98127,1.0817725,instances.vantage.sh (AWS Price List mirror)
2026-06-10,AWS,us-east-2,inf2.48xlarge,AWS Inferentia2,12.0,spot,1.2981,0.10817500000000001,instances.vantage.sh (AWS Price List mirror)
2026-06-10,AWS,us-east-2,inf2.8xlarge,AWS Inferentia2,1.0,ondemand,1.96786,1.96786,instances.vantage.sh (AWS Price List mirror)
2026-06-10,AWS,us-east-2,inf2.8xlarge,AWS Inferentia2,1.0,spot,0.307633,0.307633,instances.vantage.sh (AWS Price List mirror)
2026-06-10,AWS,us-east-2,inf2.xlarge,AWS Inferentia2,1.0,ondemand,0.7582,0.7582,instances.vantage.sh (AWS Price List mirror)
2026-06-10,AWS,us-east-2,inf2.xlarge,AWS Inferentia2,1.0,spot,0.0758,0.0758,instances.vantage.sh (AWS Price List mirror)
2026-06-10,AWS,us-east-2,p2.16xlarge,K80,16.0,ondemand,14.4,0.9,instances.vantage.sh (AWS Price List mirror)
2026-06-10,AWS,us-east-2,p2.8xlarge,K80,8.0,ondemand,7.2,0.9,instances.vantage.sh (AWS Price List mirror)
2026-06-10,AWS,us-east-2,p2.xlarge,K80,1.0,ondemand,0.9,0.9,instances.vantage.sh (AWS Price List mirror)
2026-06-10,AWS,us-east-2,p3.16xlarge,V100,8.0,ondemand,24.48,3.06,instances.vantage.sh (AWS Price List mirror)
2026-06-10,AWS,us-east-2,p3.16xlarge,V100,8.0,spot,14.1719,1.7714875,instances.vantage.sh (AWS Price List mirror)
2026-06-10,AWS,us-east-2,p3.2xlarge,V100,1.0,ondemand,3.06,3.06,instances.vantage.sh (AWS Price List mirror)
2026-06-10,AWS,us-east-2,p3.2xlarge,V100,1.0,spot,0.7881,0.7881,instances.vantage.sh (AWS Price List mirror)
2026-06-10,AWS,us-east-2,p3.8xlarge,V100,4.0,ondemand,12.24,3.06,instances.vantage.sh (AWS Price List mirror)
2026-06-10,AWS,us-east-2,p3.8xlarge,V100,4.0,spot,3.19885,0.7997125,instances.vantage.sh (AWS Price List mirror)
2026-06-10,AWS,us-east-2,p4d.24xlarge,A100,8.0,ondemand,21.95764,2.744705,instances.vantage.sh (AWS Price List mirror)
2026-06-10,AWS,us-east-2,p4d.24xlarge,A100,8.0,spot,11.202433,1.400304125,instances.vantage.sh (AWS Price List mirror)
2026-06-10,AWS,us-east-2,p5.48xlarge,H100,8.0,ondemand,55.04,6.88,instances.vantage.sh (AWS Price List mirror)
2026-06-10,AWS,us-east-2,p5.48xlarge,H100,8.0,spot,8.296433,1.037054125,instances.vantage.sh (AWS Price List mirror)
2026-06-10,AWS,us-east-2,p5.4xlarge,H100,1.0,ondemand,6.88,6.88,instances.vantage.sh (AWS Price List mirror)
2026-06-10,AWS,us-east-2,p5.4xlarge,H100,1.0,spot,5.9821,5.9821,instances.vantage.sh (AWS Price List mirror)
2026-06-10,AWS,us-east-2,p5en.48xlarge,H200,8.0,ondemand,63.296,7.912,instances.vantage.sh (AWS Price List mirror)
2026-06-10,AWS,us-east-2,p5en.48xlarge,H200,8.0,spot,15.223767,1.902970875,instances.vantage.sh (AWS Price List mirror)
2026-06-10,AWS,us-east-2,p6-b200.48xlarge,B200,8.0,ondemand,113.9328,14.2416,instances.vantage.sh (AWS Price List mirror)
2026-06-10,AWS,us-east-2,p6-b200.48xlarge,B200,8.0,spot,29.9654,3.745675,instances.vantage.sh (AWS Price List mirror)
2026-06-10,AWS,us-east-2,trn1.2xlarge,AWS Inferentia,1.0,ondemand,1.34375,1.34375,instances.vantage.sh (AWS Price List mirror)
2026-06-10,AWS,us-east-2,trn1.2xlarge,AWS Inferentia,1.0,spot,0.1344,0.1344,instances.vantage.sh (AWS Price List mirror)
2026-06-10,AWS,us-east-2,trn1.32xlarge,AWS Inferentia,16.0,ondemand,21.5,1.34375,instances.vantage.sh (AWS Price List mirror)
2026-06-10,AWS,us-east-2,trn1.32xlarge,AWS Inferentia,16.0,spot,2.15,0.134375,instances.vantage.sh (AWS Price List mirror)
2026-06-10,AWS,us-east-2,trn1n.32xlarge,AWS Inferentia,16.0,ondemand,24.78,1.54875,instances.vantage.sh (AWS Price List mirror)
2026-06-10,AWS,us-east-2,trn1n.32xlarge,AWS Inferentia,16.0,spot,2.478,0.154875,instances.vantage.sh (AWS Price List mirror)
2026-06-10,AWS,us-gov-east-1,g4dn.12xlarge,T4,4.0,ondemand,4.931,1.23275,instances.vantage.sh (AWS Price List mirror)
2026-06-10,AWS,us-gov-east-1,g4dn.16xlarge,T4,1.0,ondemand,5.486,5.486,instances.vantage.sh (AWS Price List mirror)
2026-06-10,AWS,us-gov-east-1,g4dn.2xlarge,T4,1.0,ondemand,0.948,0.948,instances.vantage.sh (AWS Price List mirror)
2026-06-10,AWS,us-gov-east-1,g4dn.4xlarge,T4,1.0,ondemand,1.518,1.518,instances.vantage.sh (AWS Price List mirror)
2026-06-10,AWS,us-gov-east-1,g4dn.8xlarge,T4,1.0,ondemand,2.743,2.743,instances.vantage.sh (AWS Price List mirror)
2026-06-10,AWS,us-gov-east-1,g4dn.xlarge,T4,1.0,ondemand,0.663,0.663,instances.vantage.sh (AWS Price List mirror)
2026-06-10,AWS,us-gov-east-1,g6.12xlarge,L4,4.0,ondemand,5.80003,1.4500075,instances.vantage.sh (AWS Price List mirror)
2026-06-10,AWS,us-gov-east-1,g6.16xlarge,L4,1.0,ondemand,4.28145,4.28145,instances.vantage.sh (AWS Price List mirror)
2026-06-10,AWS,us-gov-east-1,g6.24xlarge,L4,4.0,ondemand,8.41367,2.1034175,instances.vantage.sh (AWS Price List mirror)
2026-06-10,AWS,us-gov-east-1,g6.2xlarge,L4,1.0,ondemand,1.2322,1.2322,instances.vantage.sh (AWS Price List mirror)
2026-06-10,AWS,us-gov-east-1,g6.48xlarge,L4,8.0,ondemand,16.82734,2.1034175,instances.vantage.sh (AWS Price List mirror)
2026-06-10,AWS,us-gov-east-1,g6.4xlarge,L4,1.0,ondemand,1.66781,1.66781,instances.vantage.sh (AWS Price List mirror)
2026-06-10,AWS,us-gov-east-1,g6.8xlarge,L4,1.0,ondemand,2.53903,2.53903,instances.vantage.sh (AWS Price List mirror)
2026-06-10,AWS,us-gov-east-1,g6.xlarge,L4,1.0,ondemand,1.0144,1.0144,instances.vantage.sh (AWS Price List mirror)
2026-06-10,AWS,us-gov-east-1,gr6.4xlarge,L4,1.0,ondemand,1.9401,1.9401,instances.vantage.sh (AWS Price List mirror)
2026-06-10,AWS,us-gov-east-1,gr6.8xlarge,L4,1.0,ondemand,3.08359,3.08359,instances.vantage.sh (AWS Price List mirror)
2026-06-10,AWS,us-gov-east-1,inf1.24xlarge,AWS Inferentia,16.0,ondemand,5.953,0.3720625,instances.vantage.sh (AWS Price List mirror)
2026-06-10,AWS,us-gov-east-1,inf1.2xlarge,AWS Inferentia,1.0,ondemand,0.456,0.456,instances.vantage.sh (AWS Price List mirror)
2026-06-10,AWS,us-gov-east-1,inf1.6xlarge,AWS Inferentia,4.0,ondemand,1.488,0.372,instances.vantage.sh (AWS Price List mirror)
2026-06-10,AWS,us-gov-east-1,inf1.xlarge,AWS Inferentia,1.0,ondemand,0.288,0.288,instances.vantage.sh (AWS Price List mirror)
2026-06-10,AWS,us-gov-east-1,p3dn.24xlarge,V100,8.0,ondemand,37.454,4.68175,instances.vantage.sh (AWS Price List mirror)
2026-06-10,AWS,us-gov-east-1,p6-b200.48xlarge,B200,8.0,ondemand,136.71936,17.08992,instances.vantage.sh (AWS Price List mirror)
2026-06-10,AWS,us-gov-east-1,p6-b300.48xlarge,NVIDIA B300,8.0,ondemand,170.9,21.3625,instances.vantage.sh (AWS Price List mirror)
2026-06-10,AWS,us-gov-west-1,g3.16xlarge,M60,4.0,ondemand,5.28,1.32,instances.vantage.sh (AWS Price List mirror)
2026-06-10,AWS,us-gov-west-1,g3.4xlarge,M60,1.0,ondemand,1.32,1.32,instances.vantage.sh (AWS Price List mirror)
2026-06-10,AWS,us-gov-west-1,g3.8xlarge,M60,2.0,ondemand,2.64,1.32,instances.vantage.sh (AWS Price List mirror)
2026-06-10,AWS,us-gov-west-1,g3s.xlarge,M60,1.0,ondemand,0.868,0.868,instances.vantage.sh (AWS Price List mirror)
2026-06-10,AWS,us-gov-west-1,g4dn.12xlarge,T4,4.0,ondemand,4.931,1.23275,instances.vantage.sh (AWS Price List mirror)
2026-06-10,AWS,us-gov-west-1,g4dn.16xlarge,T4,1.0,ondemand,5.486,5.486,instances.vantage.sh (AWS Price List mirror)
2026-06-10,AWS,us-gov-west-1,g4dn.2xlarge,T4,1.0,ondemand,0.948,0.948,instances.vantage.sh (AWS Price List mirror)
2026-06-10,AWS,us-gov-west-1,g4dn.4xlarge,T4,1.0,ondemand,1.518,1.518,instances.vantage.sh (AWS Price List mirror)
2026-06-10,AWS,us-gov-west-1,g4dn.8xlarge,T4,1.0,ondemand,2.743,2.743,instances.vantage.sh (AWS Price List mirror)
2026-06-10,AWS,us-gov-west-1,g4dn.metal,T4,8.0,ondemand,9.862,1.23275,instances.vantage.sh (AWS Price List mirror)
2026-06-10,AWS,us-gov-west-1,g4dn.xlarge,T4,1.0,ondemand,0.663,0.663,instances.vantage.sh (AWS Price List mirror)
2026-06-10,AWS,us-gov-west-1,g6.12xlarge,L4,4.0,ondemand,5.80003,1.4500075,instances.vantage.sh (AWS Price List mirror)
2026-06-10,AWS,us-gov-west-1,g6.16xlarge,L4,1.0,ondemand,4.28145,4.28145,instances.vantage.sh (AWS Price List mirror)
2026-06-10,AWS,us-gov-west-1,g6.24xlarge,L4,4.0,ondemand,8.41367,2.1034175,instances.vantage.sh (AWS Price List mirror)
2026-06-10,AWS,us-gov-west-1,g6.2xlarge,L4,1.0,ondemand,1.2322,1.2322,instances.vantage.sh (AWS Price List mirror)
2026-06-10,AWS,us-gov-west-1,g6.48xlarge,L4,8.0,ondemand,16.82734,2.1034175,instances.vantage.sh (AWS Price List mirror)
2026-06-10,AWS,us-gov-west-1,g6.4xlarge,L4,1.0,ondemand,1.66781,1.66781,instances.vantage.sh (AWS Price List mirror)
2026-06-10,AWS,us-gov-west-1,g6.8xlarge,L4,1.0,ondemand,2.53903,2.53903,instances.vantage.sh (AWS Price List mirror)
2026-06-10,AWS,us-gov-west-1,g6.xlarge,L4,1.0,ondemand,1.0144,1.0144,instances.vantage.sh (AWS Price List mirror)
2026-06-10,AWS,us-gov-west-1,gr6.4xlarge,L4,1.0,ondemand,1.9401,1.9401,instances.vantage.sh (AWS Price List mirror)
2026-06-10,AWS,us-gov-west-1,gr6.8xlarge,L4,1.0,ondemand,3.08359,3.08359,instances.vantage.sh (AWS Price List mirror)
2026-06-10,AWS,us-gov-west-1,inf1.24xlarge,AWS Inferentia,16.0,ondemand,5.953,0.3720625,instances.vantage.sh (AWS Price List mirror)
2026-06-10,AWS,us-gov-west-1,inf1.2xlarge,AWS Inferentia,1.0,ondemand,0.456,0.456,instances.vantage.sh (AWS Price List mirror)
2026-06-10,AWS,us-gov-west-1,inf1.6xlarge,AWS Inferentia,4.0,ondemand,1.488,0.372,instances.vantage.sh (AWS Price List mirror)
2026-06-10,AWS,us-gov-west-1,inf1.xlarge,AWS Inferentia,1.0,ondemand,0.288,0.288,instances.vantage.sh (AWS Price List mirror)
2026-06-10,AWS,us-gov-west-1,p2.16xlarge,K80,16.0,ondemand,17.28,1.08,instances.vantage.sh (AWS Price List mirror)
2026-06-10,AWS,us-gov-west-1,p2.8xlarge,K80,8.0,ondemand,8.64,1.08,instances.vantage.sh (AWS Price List mirror)
2026-06-10,AWS,us-gov-west-1,p2.xlarge,K80,1.0,ondemand,1.08,1.08,instances.vantage.sh (AWS Price List mirror)
2026-06-10,AWS,us-gov-west-1,p3.16xlarge,V100,8.0,ondemand,29.376,3.672,instances.vantage.sh (AWS Price List mirror)
2026-06-10,AWS,us-gov-west-1,p3.2xlarge,V100,1.0,ondemand,3.672,3.672,instances.vantage.sh (AWS Price List mirror)
2026-06-10,AWS,us-gov-west-1,p3.8xlarge,V100,4.0,ondemand,14.688,3.672,instances.vantage.sh (AWS Price List mirror)
2026-06-10,AWS,us-gov-west-1,p3dn.24xlarge,V100,8.0,ondemand,37.454,4.68175,instances.vantage.sh (AWS Price List mirror)
2026-06-10,AWS,us-gov-west-1,p4d.24xlarge,A100,8.0,ondemand,26.3511,3.2938875,instances.vantage.sh (AWS Price List mirror)
2026-06-10,AWS,us-gov-west-1,p5.48xlarge,H100,8.0,ondemand,66.048,8.256,instances.vantage.sh (AWS Price List mirror)
2026-06-10,AWS,us-gov-west-1,p5.4xlarge,H100,1.0,ondemand,8.256,8.256,instances.vantage.sh (AWS Price List mirror)
2026-06-10,AWS,us-gov-west-1,p5en.48xlarge,H200,8.0,ondemand,75.9552,9.4944,instances.vantage.sh (AWS Price List mirror)
2026-06-10,AWS,us-gov-west-1,p6-b200.48xlarge,B200,8.0,ondemand,136.71936,17.08992,instances.vantage.sh (AWS Price List mirror)
2026-06-10,AWS,us-west-1,g2.2xlarge,K520,1.0,ondemand,0.702,0.702,instances.vantage.sh (AWS Price List mirror)
2026-06-10,AWS,us-west-1,g2.8xlarge,K520,4.0,ondemand,2.808,0.702,instances.vantage.sh (AWS Price List mirror)
2026-06-10,AWS,us-west-1,g3.16xlarge,M60,4.0,ondemand,6.136,1.534,instances.vantage.sh (AWS Price List mirror)
2026-06-10,AWS,us-west-1,g3.4xlarge,M60,1.0,ondemand,1.534,1.534,instances.vantage.sh (AWS Price List mirror)
2026-06-10,AWS,us-west-1,g3.8xlarge,M60,2.0,ondemand,3.068,1.534,instances.vantage.sh (AWS Price List mirror)
2026-06-10,AWS,us-west-1,g4dn.12xlarge,T4,4.0,ondemand,4.694,1.1735,instances.vantage.sh (AWS Price List mirror)
2026-06-10,AWS,us-west-1,g4dn.12xlarge,T4,4.0,spot,1.7719,0.442975,instances.vantage.sh (AWS Price List mirror)
2026-06-10,AWS,us-west-1,g4dn.16xlarge,T4,1.0,ondemand,5.222,5.222,instances.vantage.sh (AWS Price List mirror)
2026-06-10,AWS,us-west-1,g4dn.16xlarge,T4,1.0,spot,1.55815,1.55815,instances.vantage.sh (AWS Price List mirror)
2026-06-10,AWS,us-west-1,g4dn.2xlarge,T4,1.0,ondemand,0.902,0.902,instances.vantage.sh (AWS Price List mirror)
2026-06-10,AWS,us-west-1,g4dn.2xlarge,T4,1.0,spot,0.51965,0.51965,instances.vantage.sh (AWS Price List mirror)
2026-06-10,AWS,us-west-1,g4dn.4xlarge,T4,1.0,ondemand,1.445,1.445,instances.vantage.sh (AWS Price List mirror)
2026-06-10,AWS,us-west-1,g4dn.4xlarge,T4,1.0,spot,0.93715,0.93715,instances.vantage.sh (AWS Price List mirror)
2026-06-10,AWS,us-west-1,g4dn.8xlarge,T4,1.0,ondemand,2.611,2.611,instances.vantage.sh (AWS Price List mirror)
2026-06-10,AWS,us-west-1,g4dn.8xlarge,T4,1.0,spot,0.9379,0.9379,instances.vantage.sh (AWS Price List mirror)
2026-06-10,AWS,us-west-1,g4dn.metal,T4,8.0,ondemand,9.389,1.173625,instances.vantage.sh (AWS Price List mirror)
2026-06-10,AWS,us-west-1,g4dn.metal,T4,8.0,spot,3.6229,0.4528625,instances.vantage.sh (AWS Price List mirror)
2026-06-10,AWS,us-west-1,g4dn.xlarge,T4,1.0,ondemand,0.631,0.631,instances.vantage.sh (AWS Price List mirror)
2026-06-10,AWS,us-west-1,g4dn.xlarge,T4,1.0,spot,0.3946,0.3946,instances.vantage.sh (AWS Price List mirror)
2026-06-10,AWS,us-west-1,inf1.24xlarge,AWS Inferentia,16.0,ondemand,5.671,0.3544375,instances.vantage.sh (AWS Price List mirror)
2026-06-10,AWS,us-west-1,inf1.24xlarge,AWS Inferentia,16.0,spot,1.29705,0.081065625,instances.vantage.sh (AWS Price List mirror)
2026-06-10,AWS,us-west-1,inf1.2xlarge,AWS Inferentia,1.0,ondemand,0.435,0.435,instances.vantage.sh (AWS Price List mirror)
2026-06-10,AWS,us-west-1,inf1.2xlarge,AWS Inferentia,1.0,spot,0.11245,0.11245,instances.vantage.sh (AWS Price List mirror)
2026-06-10,AWS,us-west-1,inf1.6xlarge,AWS Inferentia,4.0,ondemand,1.418,0.3545,instances.vantage.sh (AWS Price List mirror)
2026-06-10,AWS,us-west-1,inf1.6xlarge,AWS Inferentia,4.0,spot,0.2273,0.056825,instances.vantage.sh (AWS Price List mirror)
2026-06-10,AWS,us-west-1,inf1.xlarge,AWS Inferentia,1.0,ondemand,0.274,0.274,instances.vantage.sh (AWS Price List mirror)
2026-06-10,AWS,us-west-1,inf1.xlarge,AWS Inferentia,1.0,spot,0.06635,0.06635,instances.vantage.sh (AWS Price List mirror)
2026-06-10,AWS,us-west-1,p5.48xlarge,H100,8.0,ondemand,68.8,8.6,instances.vantage.sh (AWS Price List mirror)
2026-06-10,AWS,us-west-1,p5.48xlarge,H100,8.0,spot,32.8465,4.1058125,instances.vantage.sh (AWS Price List mirror)
2026-06-10,AWS,us-west-1,p5en.48xlarge,H200,8.0,ondemand,79.12,9.89,instances.vantage.sh (AWS Price List mirror)
2026-06-10,AWS,us-west-1,p5en.48xlarge,H200,8.0,spot,79.12,9.89,instances.vantage.sh (AWS Price List mirror)
2026-06-10,AWS,us-west-2,dl2q.24xlarge,Qualcomm AI 100 Accelerators,8.0,ondemand,8.9194,1.114925,instances.vantage.sh (AWS Price List mirror)
2026-06-10,AWS,us-west-2,dl2q.24xlarge,Qualcomm AI 100 Accelerators,8.0,spot,5.7099,0.7137375,instances.vantage.sh (AWS Price List mirror)
2026-06-10,AWS,us-west-2,g2.2xlarge,K520,1.0,ondemand,0.65,0.65,instances.vantage.sh (AWS Price List mirror)
2026-06-10,AWS,us-west-2,g2.8xlarge,K520,4.0,ondemand,2.6,0.65,instances.vantage.sh (AWS Price List mirror)
2026-06-10,AWS,us-west-2,g3.16xlarge,M60,4.0,ondemand,4.56,1.14,instances.vantage.sh (AWS Price List mirror)
2026-06-10,AWS,us-west-2,g3.4xlarge,M60,1.0,ondemand,1.14,1.14,instances.vantage.sh (AWS Price List mirror)
2026-06-10,AWS,us-west-2,g3.8xlarge,M60,2.0,ondemand,2.28,1.14,instances.vantage.sh (AWS Price List mirror)
2026-06-10,AWS,us-west-2,g3s.xlarge,M60,1.0,ondemand,0.75,0.75,instances.vantage.sh (AWS Price List mirror)
2026-06-10,AWS,us-west-2,g4ad.16xlarge,V520,4.0,ondemand,3.468,0.867,instances.vantage.sh (AWS Price List mirror)
2026-06-10,AWS,us-west-2,g4ad.16xlarge,V520,4.0,spot,1.3195,0.329875,instances.vantage.sh (AWS Price List mirror)
2026-06-10,AWS,us-west-2,g4ad.2xlarge,V520,1.0,ondemand,0.54117,0.54117,instances.vantage.sh (AWS Price List mirror)
2026-06-10,AWS,us-west-2,g4ad.2xlarge,V520,1.0,spot,0.234367,0.234367,instances.vantage.sh (AWS Price List mirror)
2026-06-10,AWS,us-west-2,g4ad.4xlarge,V520,1.0,ondemand,0.867,0.867,instances.vantage.sh (AWS Price List mirror)
2026-06-10,AWS,us-west-2,g4ad.4xlarge,V520,1.0,spot,0.337833,0.337833,instances.vantage.sh (AWS Price List mirror)
2026-06-10,AWS,us-west-2,g4ad.8xlarge,V520,2.0,ondemand,1.734,0.867,instances.vantage.sh (AWS Price List mirror)
2026-06-10,AWS,us-west-2,g4ad.8xlarge,V520,2.0,spot,0.594667,0.2973335,instances.vantage.sh (AWS Price List mirror)
2026-06-10,AWS,us-west-2,g4ad.xlarge,V520,1.0,ondemand,0.37853,0.37853,instances.vantage.sh (AWS Price List mirror)
2026-06-10,AWS,us-west-2,g4ad.xlarge,V520,1.0,spot,0.1621,0.1621,instances.vantage.sh (AWS Price List mirror)
2026-06-10,AWS,us-west-2,g4dn.12xlarge,T4,4.0,ondemand,3.912,0.978,instances.vantage.sh (AWS Price List mirror)
2026-06-10,AWS,us-west-2,g4dn.12xlarge,T4,4.0,spot,1.439133,0.35978325,instances.vantage.sh (AWS Price List mirror)
2026-06-10,AWS,us-west-2,g4dn.16xlarge,T4,1.0,ondemand,4.352,4.352,instances.vantage.sh (AWS Price List mirror)
2026-06-10,AWS,us-west-2,g4dn.16xlarge,T4,1.0,spot,1.4145,1.4145,instances.vantage.sh (AWS Price List mirror)
2026-06-10,AWS,us-west-2,g4dn.2xlarge,T4,1.0,ondemand,0.752,0.752,instances.vantage.sh (AWS Price List mirror)
2026-06-10,AWS,us-west-2,g4dn.2xlarge,T4,1.0,spot,0.2732,0.2732,instances.vantage.sh (AWS Price List mirror)
2026-06-10,AWS,us-west-2,g4dn.4xlarge,T4,1.0,ondemand,1.204,1.204,instances.vantage.sh (AWS Price List mirror)
2026-06-10,AWS,us-west-2,g4dn.4xlarge,T4,1.0,spot,0.4317,0.4317,instances.vantage.sh (AWS Price List mirror)
2026-06-10,AWS,us-west-2,g4dn.8xlarge,T4,1.0,ondemand,2.176,2.176,instances.vantage.sh (AWS Price List mirror)
2026-06-10,AWS,us-west-2,g4dn.8xlarge,T4,1.0,spot,0.8636,0.8636,instances.vantage.sh (AWS Price List mirror)
2026-06-10,AWS,us-west-2,g4dn.metal,T4,8.0,ondemand,7.824,0.978,instances.vantage.sh (AWS Price List mirror)
2026-06-10,AWS,us-west-2,g4dn.metal,T4,8.0,spot,3.5857,0.4482125,instances.vantage.sh (AWS Price List mirror)
2026-06-10,AWS,us-west-2,g4dn.xlarge,T4,1.0,ondemand,0.526,0.526,instances.vantage.sh (AWS Price List mirror)
2026-06-10,AWS,us-west-2,g4dn.xlarge,T4,1.0,spot,0.197067,0.197067,instances.vantage.sh (AWS Price List mirror)
2026-06-10,AWS,us-west-2,g5.12xlarge,A10G,4.0,ondemand,5.672,1.418,instances.vantage.sh (AWS Price List mirror)
2026-06-10,AWS,us-west-2,g5.12xlarge,A10G,4.0,spot,3.739633,0.93490825,instances.vantage.sh (AWS Price List mirror)
2026-06-10,AWS,us-west-2,g5.16xlarge,A10G,1.0,ondemand,4.096,4.096,instances.vantage.sh (AWS Price List mirror)
2026-06-10,AWS,us-west-2,g5.16xlarge,A10G,1.0,spot,1.4088,1.4088,instances.vantage.sh (AWS Price List mirror)
2026-06-10,AWS,us-west-2,g5.24xlarge,A10G,4.0,ondemand,8.144,2.036,instances.vantage.sh (AWS Price List mirror)
2026-06-10,AWS,us-west-2,g5.24xlarge,A10G,4.0,spot,4.2559,1.063975,instances.vantage.sh (AWS Price List mirror)
2026-06-10,AWS,us-west-2,g5.2xlarge,A10G,1.0,ondemand,1.212,1.212,instances.vantage.sh (AWS Price List mirror)
2026-06-10,AWS,us-west-2,g5.2xlarge,A10G,1.0,spot,0.5314,0.5314,instances.vantage.sh (AWS Price List mirror)
2026-06-10,AWS,us-west-2,g5.48xlarge,A10G,8.0,ondemand,16.288,2.036,instances.vantage.sh (AWS Price List mirror)
2026-06-10,AWS,us-west-2,g5.48xlarge,A10G,8.0,spot,8.3896,1.0487,instances.vantage.sh (AWS Price List mirror)
2026-06-10,AWS,us-west-2,g5.4xlarge,A10G,1.0,ondemand,1.624,1.624,instances.vantage.sh (AWS Price List mirror)
2026-06-10,AWS,us-west-2,g5.4xlarge,A10G,1.0,spot,0.575667,0.575667,instances.vantage.sh (AWS Price List mirror)
2026-06-10,AWS,us-west-2,g5.8xlarge,A10G,1.0,ondemand,2.448,2.448,instances.vantage.sh (AWS Price List mirror)
2026-06-10,AWS,us-west-2,g5.8xlarge,A10G,1.0,spot,1.0628,1.0628,instances.vantage.sh (AWS Price List mirror)
2026-06-10,AWS,us-west-2,g5.xlarge,A10G,1.0,ondemand,1.006,1.006,instances.vantage.sh (AWS Price List mirror)
2026-06-10,AWS,us-west-2,g5.xlarge,A10G,1.0,spot,0.5487,0.5487,instances.vantage.sh (AWS Price List mirror)
2026-06-10,AWS,us-west-2,g5g.16xlarge,T4G,2.0,ondemand,2.744,1.372,instances.vantage.sh (AWS Price List mirror)
2026-06-10,AWS,us-west-2,g5g.16xlarge,T4G,2.0,spot,0.931667,0.4658335,instances.vantage.sh (AWS Price List mirror)
2026-06-10,AWS,us-west-2,g5g.2xlarge,T4G,1.0,ondemand,0.556,0.556,instances.vantage.sh (AWS Price List mirror)
2026-06-10,AWS,us-west-2,g5g.2xlarge,T4G,1.0,spot,0.195433,0.195433,instances.vantage.sh (AWS Price List mirror)
2026-06-10,AWS,us-west-2,g5g.4xlarge,T4G,1.0,ondemand,0.828,0.828,instances.vantage.sh (AWS Price List mirror)
2026-06-10,AWS,us-west-2,g5g.4xlarge,T4G,1.0,spot,0.280967,0.280967,instances.vantage.sh (AWS Price List mirror)
2026-06-10,AWS,us-west-2,g5g.8xlarge,T4G,1.0,ondemand,1.372,1.372,instances.vantage.sh (AWS Price List mirror)
2026-06-10,AWS,us-west-2,g5g.8xlarge,T4G,1.0,spot,0.475833,0.475833,instances.vantage.sh (AWS Price List mirror)
2026-06-10,AWS,us-west-2,g5g.metal,T4G,2.0,ondemand,2.744,1.372,instances.vantage.sh (AWS Price List mirror)
2026-06-10,AWS,us-west-2,g5g.metal,T4G,2.0,spot,0.425767,0.2128835,instances.vantage.sh (AWS Price List mirror)
2026-06-10,AWS,us-west-2,g5g.xlarge,T4G,1.0,ondemand,0.42,0.42,instances.vantage.sh (AWS Price List mirror)
2026-06-10,AWS,us-west-2,g5g.xlarge,T4G,1.0,spot,0.1445,0.1445,instances.vantage.sh (AWS Price List mirror)
2026-06-10,AWS,us-west-2,g6.12xlarge,L4,4.0,ondemand,4.6016,1.1504,instances.vantage.sh (AWS Price List mirror)
2026-06-10,AWS,us-west-2,g6.12xlarge,L4,4.0,spot,1.756725,0.43918125,instances.vantage.sh (AWS Price List mirror)
2026-06-10,AWS,us-west-2,g6.16xlarge,L4,1.0,ondemand,3.3968,3.3968,instances.vantage.sh (AWS Price List mirror)
2026-06-10,AWS,us-west-2,g6.16xlarge,L4,1.0,spot,1.42095,1.42095,instances.vantage.sh (AWS Price List mirror)
2026-06-10,AWS,us-west-2,g6.24xlarge,L4,4.0,ondemand,6.6752,1.6688,instances.vantage.sh (AWS Price List mirror)
2026-06-10,AWS,us-west-2,g6.24xlarge,L4,4.0,spot,2.698725,0.67468125,instances.vantage.sh (AWS Price List mirror)
2026-06-10,AWS,us-west-2,g6.2xlarge,L4,1.0,ondemand,0.9776,0.9776,instances.vantage.sh (AWS Price List mirror)
2026-06-10,AWS,us-west-2,g6.2xlarge,L4,1.0,spot,0.714675,0.714675,instances.vantage.sh (AWS Price List mirror)
2026-06-10,AWS,us-west-2,g6.48xlarge,L4,8.0,ondemand,13.3504,1.6688,instances.vantage.sh (AWS Price List mirror)
2026-06-10,AWS,us-west-2,g6.48xlarge,L4,8.0,spot,5.562225,0.695278125,instances.vantage.sh (AWS Price List mirror)
2026-06-10,AWS,us-west-2,g6.4xlarge,L4,1.0,ondemand,1.3232,1.3232,instances.vantage.sh (AWS Price List mirror)
2026-06-10,AWS,us-west-2,g6.4xlarge,L4,1.0,spot,0.676475,0.676475,instances.vantage.sh (AWS Price List mirror)
2026-06-10,AWS,us-west-2,g6.8xlarge,L4,1.0,ondemand,2.0144,2.0144,instances.vantage.sh (AWS Price List mirror)
2026-06-10,AWS,us-west-2,g6.8xlarge,L4,1.0,spot,1.058225,1.058225,instances.vantage.sh (AWS Price List mirror)
2026-06-10,AWS,us-west-2,g6.xlarge,L4,1.0,ondemand,0.8048,0.8048,instances.vantage.sh (AWS Price List mirror)
2026-06-10,AWS,us-west-2,g6.xlarge,L4,1.0,spot,0.428925,0.428925,instances.vantage.sh (AWS Price List mirror)
2026-06-10,AWS,us-west-2,g6e.12xlarge,L40S,4.0,ondemand,10.49264,2.62316,instances.vantage.sh (AWS Price List mirror)
2026-06-10,AWS,us-west-2,g6e.12xlarge,L40S,4.0,spot,5.6308,1.4077,instances.vantage.sh (AWS Price List mirror)
2026-06-10,AWS,us-west-2,g6e.16xlarge,L40S,1.0,ondemand,7.57719,7.57719,instances.vantage.sh (AWS Price List mirror)
2026-06-10,AWS,us-west-2,g6e.16xlarge,L40S,1.0,spot,2.814825,2.814825,instances.vantage.sh (AWS Price List mirror)
2026-06-10,AWS,us-west-2,g6e.24xlarge,L40S,4.0,ondemand,15.06559,3.7663975,instances.vantage.sh (AWS Price List mirror)
2026-06-10,AWS,us-west-2,g6e.24xlarge,L40S,4.0,spot,5.07435,1.2685875,instances.vantage.sh (AWS Price List mirror)
2026-06-10,AWS,us-west-2,g6e.2xlarge,L40S,1.0,ondemand,2.24208,2.24208,instances.vantage.sh (AWS Price List mirror)
2026-06-10,AWS,us-west-2,g6e.2xlarge,L40S,1.0,spot,1.126875,1.126875,instances.vantage.sh (AWS Price List mirror)
2026-06-10,AWS,us-west-2,g6e.48xlarge,L40S,8.0,ondemand,30.13118,3.7663975,instances.vantage.sh (AWS Price List mirror)
2026-06-10,AWS,us-west-2,g6e.48xlarge,L40S,8.0,spot,16.3296,2.0412,instances.vantage.sh (AWS Price List mirror)
2026-06-10,AWS,us-west-2,g6e.4xlarge,L40S,1.0,ondemand,3.00424,3.00424,instances.vantage.sh (AWS Price List mirror)
2026-06-10,AWS,us-west-2,g6e.4xlarge,L40S,1.0,spot,1.601675,1.601675,instances.vantage.sh (AWS Price List mirror)
2026-06-10,AWS,us-west-2,g6e.8xlarge,L40S,1.0,ondemand,4.52856,4.52856,instances.vantage.sh (AWS Price List mirror)
2026-06-10,AWS,us-west-2,g6e.8xlarge,L40S,1.0,spot,1.9314,1.9314,instances.vantage.sh (AWS Price List mirror)
2026-06-10,AWS,us-west-2,g6e.xlarge,L40S,1.0,ondemand,1.861,1.861,instances.vantage.sh (AWS Price List mirror)
2026-06-10,AWS,us-west-2,g6e.xlarge,L40S,1.0,spot,0.981725,0.981725,instances.vantage.sh (AWS Price List mirror)
2026-06-10,AWS,us-west-2,g6f.2xlarge,L4,0.25,ondemand,0.475,1.9,instances.vantage.sh (AWS Price List mirror)
2026-06-10,AWS,us-west-2,g6f.2xlarge,L4,0.25,spot,0.175125,0.7005,instances.vantage.sh (AWS Price List mirror)
2026-06-10,AWS,us-west-2,g6f.4xlarge,L4,0.5,ondemand,0.95,1.9,instances.vantage.sh (AWS Price List mirror)
2026-06-10,AWS,us-west-2,g6f.4xlarge,L4,0.5,spot,0.34895,0.6979,instances.vantage.sh (AWS Price List mirror)
2026-06-10,AWS,us-west-2,g6f.large,L4,0.125,ondemand,0.202,1.616,instances.vantage.sh (AWS Price List mirror)
2026-06-10,AWS,us-west-2,g6f.large,L4,0.125,spot,0.043725,0.3498,instances.vantage.sh (AWS Price List mirror)
2026-06-10,AWS,us-west-2,g6f.xlarge,L4,0.125,ondemand,0.2375,1.9,instances.vantage.sh (AWS Price List mirror)
2026-06-10,AWS,us-west-2,g6f.xlarge,L4,0.125,spot,0.078875,0.631,instances.vantage.sh (AWS Price List mirror)
2026-06-10,AWS,us-west-2,g7e.12xlarge,NVIDIA GB202,2.0,ondemand,8.28608,4.14304,instances.vantage.sh (AWS Price List mirror)
2026-06-10,AWS,us-west-2,g7e.12xlarge,NVIDIA GB202,2.0,spot,3.329525,1.6647625,instances.vantage.sh (AWS Price List mirror)
2026-06-10,AWS,us-west-2,g7e.24xlarge,NVIDIA GB202,4.0,ondemand,16.57216,4.14304,instances.vantage.sh (AWS Price List mirror)
2026-06-10,AWS,us-west-2,g7e.24xlarge,NVIDIA GB202,4.0,spot,6.2817,1.570425,instances.vantage.sh (AWS Price List mirror)
2026-06-10,AWS,us-west-2,g7e.2xlarge,NVIDIA GB202,1.0,ondemand,3.36312,3.36312,instances.vantage.sh (AWS Price List mirror)
2026-06-10,AWS,us-west-2,g7e.2xlarge,NVIDIA GB202,1.0,spot,1.738225,1.738225,instances.vantage.sh (AWS Price List mirror)
2026-06-10,AWS,us-west-2,g7e.48xlarge,NVIDIA GB202,8.0,ondemand,33.14432,4.14304,instances.vantage.sh (AWS Price List mirror)
2026-06-10,AWS,us-west-2,g7e.48xlarge,NVIDIA GB202,8.0,spot,15.7051,1.9631375,instances.vantage.sh (AWS Price List mirror)
2026-06-10,AWS,us-west-2,g7e.4xlarge,NVIDIA GB202,1.0,ondemand,3.99816,3.99816,instances.vantage.sh (AWS Price List mirror)
2026-06-10,AWS,us-west-2,g7e.4xlarge,NVIDIA GB202,1.0,spot,2.001825,2.001825,instances.vantage.sh (AWS Price List mirror)
2026-06-10,AWS,us-west-2,g7e.8xlarge,NVIDIA GB202,1.0,ondemand,5.26824,5.26824,instances.vantage.sh (AWS Price List mirror)
2026-06-10,AWS,us-west-2,g7e.8xlarge,NVIDIA GB202,1.0,spot,1.835325,1.835325,instances.vantage.sh (AWS Price List mirror)
2026-06-10,AWS,us-west-2,gr6.4xlarge,L4,1.0,ondemand,1.5392,1.5392,instances.vantage.sh (AWS Price List mirror)
2026-06-10,AWS,us-west-2,gr6.4xlarge,L4,1.0,spot,0.4904,0.4904,instances.vantage.sh (AWS Price List mirror)
2026-06-10,AWS,us-west-2,gr6.8xlarge,L4,1.0,ondemand,2.4464,2.4464,instances.vantage.sh (AWS Price List mirror)
2026-06-10,AWS,us-west-2,gr6.8xlarge,L4,1.0,spot,0.966675,0.966675,instances.vantage.sh (AWS Price List mirror)
2026-06-10,AWS,us-west-2,gr6f.4xlarge,L4,0.5,ondemand,1.066,2.132,instances.vantage.sh (AWS Price List mirror)
2026-06-10,AWS,us-west-2,gr6f.4xlarge,L4,0.5,spot,0.351325,0.70265,instances.vantage.sh (AWS Price List mirror)
2026-06-10,AWS,us-west-2,inf1.24xlarge,AWS Inferentia,16.0,ondemand,4.721,0.2950625,instances.vantage.sh (AWS Price List mirror)
2026-06-10,AWS,us-west-2,inf1.24xlarge,AWS Inferentia,16.0,spot,1.11795,0.069871875,instances.vantage.sh (AWS Price List mirror)
2026-06-10,AWS,us-west-2,inf1.2xlarge,AWS Inferentia,1.0,ondemand,0.362,0.362,instances.vantage.sh (AWS Price List mirror)
2026-06-10,AWS,us-west-2,inf1.2xlarge,AWS Inferentia,1.0,spot,0.08435,0.08435,instances.vantage.sh (AWS Price List mirror)
2026-06-10,AWS,us-west-2,inf1.6xlarge,AWS Inferentia,4.0,ondemand,1.18,0.295,instances.vantage.sh (AWS Price List mirror)
2026-06-10,AWS,us-west-2,inf1.6xlarge,AWS Inferentia,4.0,spot,0.270675,0.06766875,instances.vantage.sh (AWS Price List mirror)
2026-06-10,AWS,us-west-2,inf1.xlarge,AWS Inferentia,1.0,ondemand,0.228,0.228,instances.vantage.sh (AWS Price List mirror)
2026-06-10,AWS,us-west-2,inf1.xlarge,AWS Inferentia,1.0,spot,0.05025,0.05025,instances.vantage.sh (AWS Price List mirror)
2026-06-10,AWS,us-west-2,inf2.24xlarge,AWS Inferentia2,6.0,ondemand,6.49063,1.0817716666666668,instances.vantage.sh (AWS Price List mirror)
2026-06-10,AWS,us-west-2,inf2.24xlarge,AWS Inferentia2,6.0,spot,1.235425,0.20590416666666667,instances.vantage.sh (AWS Price List mirror)
2026-06-10,AWS,us-west-2,inf2.48xlarge,AWS Inferentia2,12.0,ondemand,12.98127,1.0817725,instances.vantage.sh (AWS Price List mirror)
2026-06-10,AWS,us-west-2,inf2.48xlarge,AWS Inferentia2,12.0,spot,2.533025,0.21108541666666666,instances.vantage.sh (AWS Price List mirror)
2026-06-10,AWS,us-west-2,inf2.8xlarge,AWS Inferentia2,1.0,ondemand,1.96786,1.96786,instances.vantage.sh (AWS Price List mirror)
2026-06-10,AWS,us-west-2,inf2.8xlarge,AWS Inferentia2,1.0,spot,0.515175,0.515175,instances.vantage.sh (AWS Price List mirror)
2026-06-10,AWS,us-west-2,inf2.xlarge,AWS Inferentia2,1.0,ondemand,0.7582,0.7582,instances.vantage.sh (AWS Price List mirror)
2026-06-10,AWS,us-west-2,inf2.xlarge,AWS Inferentia2,1.0,spot,0.20015,0.20015,instances.vantage.sh (AWS Price List mirror)
2026-06-10,AWS,us-west-2,p2.16xlarge,K80,16.0,ondemand,14.4,0.9,instances.vantage.sh (AWS Price List mirror)
2026-06-10,AWS,us-west-2,p2.8xlarge,K80,8.0,ondemand,7.2,0.9,instances.vantage.sh (AWS Price List mirror)
2026-06-10,AWS,us-west-2,p2.xlarge,K80,1.0,ondemand,0.9,0.9,instances.vantage.sh (AWS Price List mirror)
2026-06-10,AWS,us-west-2,p3.16xlarge,V100,8.0,ondemand,24.48,3.06,instances.vantage.sh (AWS Price List mirror)
2026-06-10,AWS,us-west-2,p3.16xlarge,V100,8.0,spot,13.117033,1.639629125,instances.vantage.sh (AWS Price List mirror)
2026-06-10,AWS,us-west-2,p3.2xlarge,V100,1.0,ondemand,3.06,3.06,instances.vantage.sh (AWS Price List mirror)
2026-06-10,AWS,us-west-2,p3.2xlarge,V100,1.0,spot,0.7914,0.7914,instances.vantage.sh (AWS Price List mirror)
2026-06-10,AWS,us-west-2,p3.8xlarge,V100,4.0,ondemand,12.24,3.06,instances.vantage.sh (AWS Price List mirror)
2026-06-10,AWS,us-west-2,p3.8xlarge,V100,4.0,spot,5.321133,1.33028325,instances.vantage.sh (AWS Price List mirror)
2026-06-10,AWS,us-west-2,p3dn.24xlarge,V100,8.0,ondemand,31.212,3.9015,instances.vantage.sh (AWS Price List mirror)
2026-06-10,AWS,us-west-2,p3dn.24xlarge,V100,8.0,spot,6.11335,0.76416875,instances.vantage.sh (AWS Price List mirror)
2026-06-10,AWS,us-west-2,p4d.24xlarge,A100,8.0,ondemand,21.95764,2.744705,instances.vantage.sh (AWS Price List mirror)
2026-06-10,AWS,us-west-2,p4d.24xlarge,A100,8.0,spot,12.61365,1.57670625,instances.vantage.sh (AWS Price List mirror)
2026-06-10,AWS,us-west-2,p4de.24xlarge,A100,8.0,ondemand,27.44705,3.43088125,instances.vantage.sh (AWS Price List mirror)
2026-06-10,AWS,us-west-2,p4de.24xlarge,A100,8.0,spot,16.8987,2.1123375,instances.vantage.sh (AWS Price List mirror)
2026-06-10,AWS,us-west-2,p5.48xlarge,H100,8.0,ondemand,55.04,6.88,instances.vantage.sh (AWS Price List mirror)
2026-06-10,AWS,us-west-2,p5.48xlarge,H100,8.0,spot,16.152375,2.019046875,instances.vantage.sh (AWS Price List mirror)
2026-06-10,AWS,us-west-2,p5.4xlarge,H100,1.0,ondemand,6.88,6.88,instances.vantage.sh (AWS Price List mirror)
2026-06-10,AWS,us-west-2,p5.4xlarge,H100,1.0,spot,1.7027,1.7027,instances.vantage.sh (AWS Price List mirror)
2026-06-10,AWS,us-west-2,p5en.48xlarge,H200,8.0,ondemand,63.296,7.912,instances.vantage.sh (AWS Price List mirror)
2026-06-10,AWS,us-west-2,p5en.48xlarge,H200,8.0,spot,18.952567,2.369070875,instances.vantage.sh (AWS Price List mirror)
2026-06-10,AWS,us-west-2,p6-b200.48xlarge,B200,8.0,ondemand,113.9328,14.2416,instances.vantage.sh (AWS Price List mirror)
2026-06-10,AWS,us-west-2,p6-b200.48xlarge,B200,8.0,spot,35.4075,4.4259375,instances.vantage.sh (AWS Price List mirror)
2026-06-10,AWS,us-west-2,p6-b300.48xlarge,NVIDIA B300,8.0,ondemand,142.416,17.802,instances.vantage.sh (AWS Price List mirror)
2026-06-10,AWS,us-west-2,p6-b300.48xlarge,NVIDIA B300,8.0,spot,31.725,3.965625,instances.vantage.sh (AWS Price List mirror)
2026-06-10,AWS,us-west-2,trn1.2xlarge,AWS Inferentia,1.0,ondemand,1.34375,1.34375,instances.vantage.sh (AWS Price List mirror)
2026-06-10,AWS,us-west-2,trn1.2xlarge,AWS Inferentia,1.0,spot,0.1965,0.1965,instances.vantage.sh (AWS Price List mirror)
2026-06-10,AWS,us-west-2,trn1.32xlarge,AWS Inferentia,16.0,ondemand,21.5,1.34375,instances.vantage.sh (AWS Price List mirror)
2026-06-10,AWS,us-west-2,trn1.32xlarge,AWS Inferentia,16.0,spot,4.08665,0.255415625,instances.vantage.sh (AWS Price List mirror)
2026-06-10,AWS,us-west-2,trn1n.32xlarge,AWS Inferentia,16.0,ondemand,24.78,1.54875,instances.vantage.sh (AWS Price List mirror)
2026-06-10,AWS,us-west-2,trn1n.32xlarge,AWS Inferentia,16.0,spot,3.2235,0.20146875,instances.vantage.sh (AWS Price List mirror)
2026-06-10,AWS,us-west-2-den-1,g4dn.2xlarge,T4,1.0,ondemand,1.015,1.015,instances.vantage.sh (AWS Price List mirror)
2026-06-10,AWS,us-west-2-den-1,g4dn.4xlarge,T4,1.0,ondemand,1.625,1.625,instances.vantage.sh (AWS Price List mirror)
2026-06-10,AWS,us-west-2-hnl-1,g4dn.2xlarge,T4,1.0,ondemand,1.241,1.241,instances.vantage.sh (AWS Price List mirror)
2026-06-10,AWS,us-west-2-hnl-1,g4dn.4xlarge,T4,1.0,ondemand,1.987,1.987,instances.vantage.sh (AWS Price List mirror)
2026-06-10,AWS,us-west-2-las-1,g4dn.2xlarge,T4,1.0,ondemand,1.015,1.015,instances.vantage.sh (AWS Price List mirror)
2026-06-10,AWS,us-west-2-lax-1,g4dn.12xlarge,T4,4.0,ondemand,4.694,1.1735,instances.vantage.sh (AWS Price List mirror)
2026-06-10,AWS,us-west-2-lax-1,g4dn.16xlarge,T4,1.0,ondemand,5.222,5.222,instances.vantage.sh (AWS Price List mirror)
2026-06-10,AWS,us-west-2-lax-1,g4dn.2xlarge,T4,1.0,ondemand,0.902,0.902,instances.vantage.sh (AWS Price List mirror)
2026-06-10,AWS,us-west-2-lax-1,g4dn.4xlarge,T4,1.0,ondemand,1.445,1.445,instances.vantage.sh (AWS Price List mirror)
2026-06-10,AWS,us-west-2-lax-1,g4dn.8xlarge,T4,1.0,ondemand,2.611,2.611,instances.vantage.sh (AWS Price List mirror)
2026-06-10,AWS,us-west-2-lax-1,g4dn.metal,T4,8.0,ondemand,9.389,1.173625,instances.vantage.sh (AWS Price List mirror)
2026-06-10,AWS,us-west-2-lax-1,g4dn.xlarge,T4,1.0,ondemand,0.631,0.631,instances.vantage.sh (AWS Price List mirror)
2026-06-10,AWS,us-west-2-lax-1,g5.4xlarge,A10G,1.0,ondemand,2.23098,2.23098,instances.vantage.sh (AWS Price List mirror)
2026-06-10,AWS,us-west-2-lax-1,g5.8xlarge,A10G,1.0,ondemand,3.36296,3.36296,instances.vantage.sh (AWS Price List mirror)
2026-06-10,AWS,us-west-2-lax-1,g7e.4xlarge,NVIDIA GB202,1.0,ondemand,5.35803,5.35803,instances.vantage.sh (AWS Price List mirror)
2026-06-10,AWS,us-west-2-lax-1,g7e.8xlarge,NVIDIA GB202,1.0,ondemand,7.0601,7.0601,instances.vantage.sh (AWS Price List mirror)
2026-06-10,AWS,us-west-2-pdx-1,g4dn.2xlarge,T4,1.0,ondemand,1.015,1.015,instances.vantage.sh (AWS Price List mirror)
2026-06-10,AWS,us-west-2-phx-1,g4dn.2xlarge,T4,1.0,ondemand,1.015,1.015,instances.vantage.sh (AWS Price List mirror)
2026-06-10,AWS,us-west-2-phx-1,g4dn.4xlarge,T4,1.0,ondemand,1.625,1.625,instances.vantage.sh (AWS Price List mirror)
2026-06-10,AWS,us-west-2-sea-1,g4dn.2xlarge,T4,1.0,ondemand,1.015,1.015,instances.vantage.sh (AWS Price List mirror)
2026-06-10,AWS,us-west-2-wl1,g4dn.2xlarge,T4,1.0,ondemand,1.317,1.317,instances.vantage.sh (AWS Price List mirror)
2026-06-10,AWS,us-west-2-wl1-den1,g4dn.2xlarge,T4,1.0,ondemand,1.317,1.317,instances.vantage.sh (AWS Price List mirror)
2026-06-10,AWS,us-west-2-wl1-las1,g4dn.2xlarge,T4,1.0,ondemand,1.317,1.317,instances.vantage.sh (AWS Price List mirror)
2026-06-10,AWS,us-west-2-wl1-lax1,g4dn.2xlarge,T4,1.0,ondemand,1.317,1.317,instances.vantage.sh (AWS Price List mirror)
2026-06-10,AWS,us-west-2-wl1-phx1,g4dn.2xlarge,T4,1.0,ondemand,1.317,1.317,instances.vantage.sh (AWS Price List mirror)
2026-06-10,AWS,us-west-2-wl1-sea1,g4dn.2xlarge,T4,1.0,ondemand,1.317,1.317,instances.vantage.sh (AWS Price List mirror)
