snapshot_date,provider,region,sku,gpu_model,gpu_count,price_type,price_usd_hour,price_usd_per_gpu_hour,source
2026-07-30,AWS,af-south-1,g4dn.12xlarge,T4,4.0,ondemand,5.19,1.2975,instances.vantage.sh (AWS Price List mirror)
2026-07-30,AWS,af-south-1,g4dn.12xlarge,T4,4.0,spot,0.519,0.12975,instances.vantage.sh (AWS Price List mirror)
2026-07-30,AWS,af-south-1,g4dn.16xlarge,T4,1.0,ondemand,5.774,5.774,instances.vantage.sh (AWS Price List mirror)
2026-07-30,AWS,af-south-1,g4dn.16xlarge,T4,1.0,spot,0.5774,0.5774,instances.vantage.sh (AWS Price List mirror)
2026-07-30,AWS,af-south-1,g4dn.2xlarge,T4,1.0,ondemand,0.998,0.998,instances.vantage.sh (AWS Price List mirror)
2026-07-30,AWS,af-south-1,g4dn.2xlarge,T4,1.0,spot,0.15968,0.15968,instances.vantage.sh (AWS Price List mirror)
2026-07-30,AWS,af-south-1,g4dn.4xlarge,T4,1.0,ondemand,1.597,1.597,instances.vantage.sh (AWS Price List mirror)
2026-07-30,AWS,af-south-1,g4dn.4xlarge,T4,1.0,spot,0.35134,0.35134,instances.vantage.sh (AWS Price List mirror)
2026-07-30,AWS,af-south-1,g4dn.8xlarge,T4,1.0,ondemand,2.887,2.887,instances.vantage.sh (AWS Price List mirror)
2026-07-30,AWS,af-south-1,g4dn.8xlarge,T4,1.0,spot,0.31757,0.31757,instances.vantage.sh (AWS Price List mirror)
2026-07-30,AWS,af-south-1,g4dn.metal,T4,8.0,ondemand,10.381,1.297625,instances.vantage.sh (AWS Price List mirror)
2026-07-30,AWS,af-south-1,g4dn.metal,T4,8.0,spot,9.44671,1.18083875,instances.vantage.sh (AWS Price List mirror)
2026-07-30,AWS,af-south-1,g4dn.xlarge,T4,1.0,ondemand,0.698,0.698,instances.vantage.sh (AWS Price List mirror)
2026-07-30,AWS,af-south-1,g4dn.xlarge,T4,1.0,spot,0.16054,0.16054,instances.vantage.sh (AWS Price List mirror)
2026-07-30,AWS,af-south-1-los-1,g4dn.2xlarge,T4,1.0,ondemand,1.247,1.247,instances.vantage.sh (AWS Price List mirror)
2026-07-30,AWS,ap-east-1,g4dn.12xlarge,T4,4.0,ondemand,6.024,1.506,instances.vantage.sh (AWS Price List mirror)
2026-07-30,AWS,ap-east-1,g4dn.12xlarge,T4,4.0,spot,3.3132,0.8283,instances.vantage.sh (AWS Price List mirror)
2026-07-30,AWS,ap-east-1,g4dn.16xlarge,T4,1.0,ondemand,6.702,6.702,instances.vantage.sh (AWS Price List mirror)
2026-07-30,AWS,ap-east-1,g4dn.16xlarge,T4,1.0,spot,0.6702,0.6702,instances.vantage.sh (AWS Price List mirror)
2026-07-30,AWS,ap-east-1,g4dn.2xlarge,T4,1.0,ondemand,1.158,1.158,instances.vantage.sh (AWS Price List mirror)
2026-07-30,AWS,ap-east-1,g4dn.2xlarge,T4,1.0,spot,0.30108,0.30108,instances.vantage.sh (AWS Price List mirror)
2026-07-30,AWS,ap-east-1,g4dn.4xlarge,T4,1.0,ondemand,1.854,1.854,instances.vantage.sh (AWS Price List mirror)
2026-07-30,AWS,ap-east-1,g4dn.4xlarge,T4,1.0,spot,0.31518,0.31518,instances.vantage.sh (AWS Price List mirror)
2026-07-30,AWS,ap-east-1,g4dn.8xlarge,T4,1.0,ondemand,3.351,3.351,instances.vantage.sh (AWS Price List mirror)
2026-07-30,AWS,ap-east-1,g4dn.8xlarge,T4,1.0,spot,0.40212,0.40212,instances.vantage.sh (AWS Price List mirror)
2026-07-30,AWS,ap-east-1,g4dn.metal,T4,8.0,ondemand,12.048,1.506,instances.vantage.sh (AWS Price List mirror)
2026-07-30,AWS,ap-east-1,g4dn.metal,T4,8.0,spot,7.8312,0.9789,instances.vantage.sh (AWS Price List mirror)
2026-07-30,AWS,ap-east-1,g4dn.xlarge,T4,1.0,ondemand,0.81,0.81,instances.vantage.sh (AWS Price List mirror)
2026-07-30,AWS,ap-east-1,g4dn.xlarge,T4,1.0,spot,0.162,0.162,instances.vantage.sh (AWS Price List mirror)
2026-07-30,AWS,ap-east-1,g5.12xlarge,A10G,4.0,ondemand,8.7324,2.1831,instances.vantage.sh (AWS Price List mirror)
2026-07-30,AWS,ap-east-1,g5.12xlarge,A10G,4.0,spot,1.833804,0.458451,instances.vantage.sh (AWS Price List mirror)
2026-07-30,AWS,ap-east-1,g5.16xlarge,A10G,1.0,ondemand,6.30605,6.30605,instances.vantage.sh (AWS Price List mirror)
2026-07-30,AWS,ap-east-1,g5.16xlarge,A10G,1.0,spot,1.450392,1.450392,instances.vantage.sh (AWS Price List mirror)
2026-07-30,AWS,ap-east-1,g5.24xlarge,A10G,4.0,ondemand,12.5382,3.13455,instances.vantage.sh (AWS Price List mirror)
2026-07-30,AWS,ap-east-1,g5.24xlarge,A10G,4.0,spot,11.409762,2.8524405,instances.vantage.sh (AWS Price List mirror)
2026-07-30,AWS,ap-east-1,g5.2xlarge,A10G,1.0,ondemand,1.86595,1.86595,instances.vantage.sh (AWS Price List mirror)
2026-07-30,AWS,ap-east-1,g5.2xlarge,A10G,1.0,spot,0.410509,0.410509,instances.vantage.sh (AWS Price List mirror)
2026-07-30,AWS,ap-east-1,g5.48xlarge,A10G,8.0,ondemand,25.0764,3.13455,instances.vantage.sh (AWS Price List mirror)
2026-07-30,AWS,ap-east-1,g5.48xlarge,A10G,8.0,spot,12.5382,1.567275,instances.vantage.sh (AWS Price List mirror)
2026-07-30,AWS,ap-east-1,g5.4xlarge,A10G,1.0,ondemand,2.50025,2.50025,instances.vantage.sh (AWS Price List mirror)
2026-07-30,AWS,ap-east-1,g5.4xlarge,A10G,1.0,spot,2.10021,2.10021,instances.vantage.sh (AWS Price List mirror)
2026-07-30,AWS,ap-east-1,g5.8xlarge,A10G,1.0,ondemand,3.76885,3.76885,instances.vantage.sh (AWS Price List mirror)
2026-07-30,AWS,ap-east-1,g5.8xlarge,A10G,1.0,spot,1.055278,1.055278,instances.vantage.sh (AWS Price List mirror)
2026-07-30,AWS,ap-east-1,g5.xlarge,A10G,1.0,ondemand,1.5488,1.5488,instances.vantage.sh (AWS Price List mirror)
2026-07-30,AWS,ap-east-1,g5.xlarge,A10G,1.0,spot,0.3872,0.3872,instances.vantage.sh (AWS Price List mirror)
2026-07-30,AWS,ap-northeast-1,g2.2xlarge,K520,1.0,ondemand,0.898,0.898,instances.vantage.sh (AWS Price List mirror)
2026-07-30,AWS,ap-northeast-1,g2.8xlarge,K520,4.0,ondemand,3.592,0.898,instances.vantage.sh (AWS Price List mirror)
2026-07-30,AWS,ap-northeast-1,g3.16xlarge,M60,4.0,ondemand,6.32,1.58,instances.vantage.sh (AWS Price List mirror)
2026-07-30,AWS,ap-northeast-1,g3.4xlarge,M60,1.0,ondemand,1.58,1.58,instances.vantage.sh (AWS Price List mirror)
2026-07-30,AWS,ap-northeast-1,g3.8xlarge,M60,2.0,ondemand,3.16,1.58,instances.vantage.sh (AWS Price List mirror)
2026-07-30,AWS,ap-northeast-1,g3s.xlarge,M60,1.0,ondemand,1.04,1.04,instances.vantage.sh (AWS Price List mirror)
2026-07-30,AWS,ap-northeast-1,g4ad.16xlarge,V520,4.0,ondemand,4.68,1.17,instances.vantage.sh (AWS Price List mirror)
2026-07-30,AWS,ap-northeast-1,g4ad.16xlarge,V520,4.0,spot,2.452233,0.61305825,instances.vantage.sh (AWS Price List mirror)
2026-07-30,AWS,ap-northeast-1,g4ad.2xlarge,V520,1.0,ondemand,0.7303,0.7303,instances.vantage.sh (AWS Price List mirror)
2026-07-30,AWS,ap-northeast-1,g4ad.2xlarge,V520,1.0,spot,0.3948,0.3948,instances.vantage.sh (AWS Price List mirror)
2026-07-30,AWS,ap-northeast-1,g4ad.4xlarge,V520,1.0,ondemand,1.17,1.17,instances.vantage.sh (AWS Price List mirror)
2026-07-30,AWS,ap-northeast-1,g4ad.4xlarge,V520,1.0,spot,0.642633,0.642633,instances.vantage.sh (AWS Price List mirror)
2026-07-30,AWS,ap-northeast-1,g4ad.8xlarge,V520,2.0,ondemand,2.34,1.17,instances.vantage.sh (AWS Price List mirror)
2026-07-30,AWS,ap-northeast-1,g4ad.8xlarge,V520,2.0,spot,0.766267,0.3831335,instances.vantage.sh (AWS Price List mirror)
2026-07-30,AWS,ap-northeast-1,g4ad.xlarge,V520,1.0,ondemand,0.51082,0.51082,instances.vantage.sh (AWS Price List mirror)
2026-07-30,AWS,ap-northeast-1,g4ad.xlarge,V520,1.0,spot,0.2404,0.2404,instances.vantage.sh (AWS Price List mirror)
2026-07-30,AWS,ap-northeast-1,g4dn.12xlarge,T4,4.0,ondemand,5.281,1.32025,instances.vantage.sh (AWS Price List mirror)
2026-07-30,AWS,ap-northeast-1,g4dn.12xlarge,T4,4.0,spot,2.661033,0.66525825,instances.vantage.sh (AWS Price List mirror)
2026-07-30,AWS,ap-northeast-1,g4dn.16xlarge,T4,1.0,ondemand,5.875,5.875,instances.vantage.sh (AWS Price List mirror)
2026-07-30,AWS,ap-northeast-1,g4dn.16xlarge,T4,1.0,spot,1.8776,1.8776,instances.vantage.sh (AWS Price List mirror)
2026-07-30,AWS,ap-northeast-1,g4dn.2xlarge,T4,1.0,ondemand,1.015,1.015,instances.vantage.sh (AWS Price List mirror)
2026-07-30,AWS,ap-northeast-1,g4dn.2xlarge,T4,1.0,spot,0.475067,0.475067,instances.vantage.sh (AWS Price List mirror)
2026-07-30,AWS,ap-northeast-1,g4dn.4xlarge,T4,1.0,ondemand,1.625,1.625,instances.vantage.sh (AWS Price List mirror)
2026-07-30,AWS,ap-northeast-1,g4dn.4xlarge,T4,1.0,spot,0.667,0.667,instances.vantage.sh (AWS Price List mirror)
2026-07-30,AWS,ap-northeast-1,g4dn.8xlarge,T4,1.0,ondemand,2.938,2.938,instances.vantage.sh (AWS Price List mirror)
2026-07-30,AWS,ap-northeast-1,g4dn.8xlarge,T4,1.0,spot,1.184667,1.184667,instances.vantage.sh (AWS Price List mirror)
2026-07-30,AWS,ap-northeast-1,g4dn.metal,T4,8.0,ondemand,10.562,1.32025,instances.vantage.sh (AWS Price List mirror)
2026-07-30,AWS,ap-northeast-1,g4dn.metal,T4,8.0,spot,4.117167,0.514645875,instances.vantage.sh (AWS Price List mirror)
2026-07-30,AWS,ap-northeast-1,g4dn.xlarge,T4,1.0,ondemand,0.71,0.71,instances.vantage.sh (AWS Price List mirror)
2026-07-30,AWS,ap-northeast-1,g4dn.xlarge,T4,1.0,spot,0.3243,0.3243,instances.vantage.sh (AWS Price List mirror)
2026-07-30,AWS,ap-northeast-1,g5.12xlarge,A10G,4.0,ondemand,8.22609,2.0565225,instances.vantage.sh (AWS Price List mirror)
2026-07-30,AWS,ap-northeast-1,g5.12xlarge,A10G,4.0,spot,4.15125,1.0378125,instances.vantage.sh (AWS Price List mirror)
2026-07-30,AWS,ap-northeast-1,g5.16xlarge,A10G,1.0,ondemand,5.94042,5.94042,instances.vantage.sh (AWS Price List mirror)
2026-07-30,AWS,ap-northeast-1,g5.16xlarge,A10G,1.0,spot,1.21005,1.21005,instances.vantage.sh (AWS Price List mirror)
2026-07-30,AWS,ap-northeast-1,g5.24xlarge,A10G,4.0,ondemand,11.81123,2.9528075,instances.vantage.sh (AWS Price List mirror)
2026-07-30,AWS,ap-northeast-1,g5.24xlarge,A10G,4.0,spot,11.8112,2.9528,instances.vantage.sh (AWS Price List mirror)
2026-07-30,AWS,ap-northeast-1,g5.2xlarge,A10G,1.0,ondemand,1.75776,1.75776,instances.vantage.sh (AWS Price List mirror)
2026-07-30,AWS,ap-northeast-1,g5.2xlarge,A10G,1.0,spot,0.8793,0.8793,instances.vantage.sh (AWS Price List mirror)
2026-07-30,AWS,ap-northeast-1,g5.48xlarge,A10G,8.0,ondemand,23.62246,2.9528075,instances.vantage.sh (AWS Price List mirror)
2026-07-30,AWS,ap-northeast-1,g5.48xlarge,A10G,8.0,spot,17.5576,2.1947,instances.vantage.sh (AWS Price List mirror)
2026-07-30,AWS,ap-northeast-1,g5.4xlarge,A10G,1.0,ondemand,2.35528,2.35528,instances.vantage.sh (AWS Price List mirror)
2026-07-30,AWS,ap-northeast-1,g5.4xlarge,A10G,1.0,spot,1.0273,1.0273,instances.vantage.sh (AWS Price List mirror)
2026-07-30,AWS,ap-northeast-1,g5.8xlarge,A10G,1.0,ondemand,3.55033,3.55033,instances.vantage.sh (AWS Price List mirror)
2026-07-30,AWS,ap-northeast-1,g5.8xlarge,A10G,1.0,spot,1.51515,1.51515,instances.vantage.sh (AWS Price List mirror)
2026-07-30,AWS,ap-northeast-1,g5.xlarge,A10G,1.0,ondemand,1.459,1.459,instances.vantage.sh (AWS Price List mirror)
2026-07-30,AWS,ap-northeast-1,g5.xlarge,A10G,1.0,spot,1.108,1.108,instances.vantage.sh (AWS Price List mirror)
2026-07-30,AWS,ap-northeast-1,g5g.16xlarge,T4G,2.0,ondemand,3.7039,1.85195,instances.vantage.sh (AWS Price List mirror)
2026-07-30,AWS,ap-northeast-1,g5g.16xlarge,T4G,2.0,spot,0.6036,0.3018,instances.vantage.sh (AWS Price List mirror)
2026-07-30,AWS,ap-northeast-1,g5g.2xlarge,T4G,1.0,ondemand,0.7505,0.7505,instances.vantage.sh (AWS Price List mirror)
2026-07-30,AWS,ap-northeast-1,g5g.2xlarge,T4G,1.0,spot,0.1822,0.1822,instances.vantage.sh (AWS Price List mirror)
2026-07-30,AWS,ap-northeast-1,g5g.4xlarge,T4G,1.0,ondemand,1.1176,1.1176,instances.vantage.sh (AWS Price List mirror)
2026-07-30,AWS,ap-northeast-1,g5g.4xlarge,T4G,1.0,spot,0.2346,0.2346,instances.vantage.sh (AWS Price List mirror)
2026-07-30,AWS,ap-northeast-1,g5g.8xlarge,T4G,1.0,ondemand,1.8519,1.8519,instances.vantage.sh (AWS Price List mirror)
2026-07-30,AWS,ap-northeast-1,g5g.8xlarge,T4G,1.0,spot,0.30615,0.30615,instances.vantage.sh (AWS Price List mirror)
2026-07-30,AWS,ap-northeast-1,g5g.metal,T4G,2.0,ondemand,3.7039,1.85195,instances.vantage.sh (AWS Price List mirror)
2026-07-30,AWS,ap-northeast-1,g5g.metal,T4G,2.0,spot,0.5057,0.25285,instances.vantage.sh (AWS Price List mirror)
2026-07-30,AWS,ap-northeast-1,g5g.xlarge,T4G,1.0,ondemand,0.5669,0.5669,instances.vantage.sh (AWS Price List mirror)
2026-07-30,AWS,ap-northeast-1,g5g.xlarge,T4G,1.0,spot,0.10515,0.10515,instances.vantage.sh (AWS Price List mirror)
2026-07-30,AWS,ap-northeast-1,g6.12xlarge,L4,4.0,ondemand,6.67369,1.6684225,instances.vantage.sh (AWS Price List mirror)
2026-07-30,AWS,ap-northeast-1,g6.12xlarge,L4,4.0,spot,2.2722,0.56805,instances.vantage.sh (AWS Price List mirror)
2026-07-30,AWS,ap-northeast-1,g6.16xlarge,L4,1.0,ondemand,4.92637,4.92637,instances.vantage.sh (AWS Price List mirror)
2026-07-30,AWS,ap-northeast-1,g6.16xlarge,L4,1.0,spot,1.7713,1.7713,instances.vantage.sh (AWS Price List mirror)
2026-07-30,AWS,ap-northeast-1,g6.24xlarge,L4,4.0,ondemand,9.68103,2.4202575,instances.vantage.sh (AWS Price List mirror)
2026-07-30,AWS,ap-northeast-1,g6.24xlarge,L4,4.0,spot,2.97825,0.7445625,instances.vantage.sh (AWS Price List mirror)
2026-07-30,AWS,ap-northeast-1,g6.2xlarge,L4,1.0,ondemand,1.41781,1.41781,instances.vantage.sh (AWS Price List mirror)
2026-07-30,AWS,ap-northeast-1,g6.2xlarge,L4,1.0,spot,0.5759,0.5759,instances.vantage.sh (AWS Price List mirror)
2026-07-30,AWS,ap-northeast-1,g6.48xlarge,L4,8.0,ondemand,19.36206,2.4202575,instances.vantage.sh (AWS Price List mirror)
2026-07-30,AWS,ap-northeast-1,g6.48xlarge,L4,8.0,spot,4.8764,0.60955,instances.vantage.sh (AWS Price List mirror)
2026-07-30,AWS,ap-northeast-1,g6.4xlarge,L4,1.0,ondemand,1.91903,1.91903,instances.vantage.sh (AWS Price List mirror)
2026-07-30,AWS,ap-northeast-1,g6.4xlarge,L4,1.0,spot,0.7075,0.7075,instances.vantage.sh (AWS Price List mirror)
2026-07-30,AWS,ap-northeast-1,g6.8xlarge,L4,1.0,ondemand,2.92148,2.92148,instances.vantage.sh (AWS Price List mirror)
2026-07-30,AWS,ap-northeast-1,g6.8xlarge,L4,1.0,spot,1.08905,1.08905,instances.vantage.sh (AWS Price List mirror)
2026-07-30,AWS,ap-northeast-1,g6.xlarge,L4,1.0,ondemand,1.1672,1.1672,instances.vantage.sh (AWS Price List mirror)
2026-07-30,AWS,ap-northeast-1,g6.xlarge,L4,1.0,spot,0.5524,0.5524,instances.vantage.sh (AWS Price List mirror)
2026-07-30,AWS,ap-northeast-1,g6e.12xlarge,L40S,4.0,ondemand,15.21742,3.804355,instances.vantage.sh (AWS Price List mirror)
2026-07-30,AWS,ap-northeast-1,g6e.12xlarge,L40S,4.0,spot,5.108,1.277,instances.vantage.sh (AWS Price List mirror)
2026-07-30,AWS,ap-northeast-1,g6e.16xlarge,L40S,1.0,ondemand,10.98917,10.98917,instances.vantage.sh (AWS Price List mirror)
2026-07-30,AWS,ap-northeast-1,g6e.16xlarge,L40S,1.0,spot,2.0794,2.0794,instances.vantage.sh (AWS Price List mirror)
2026-07-30,AWS,ap-northeast-1,g6e.24xlarge,L40S,4.0,ondemand,21.84956,5.46239,instances.vantage.sh (AWS Price List mirror)
2026-07-30,AWS,ap-northeast-1,g6e.24xlarge,L40S,4.0,spot,4.9031,1.225775,instances.vantage.sh (AWS Price List mirror)
2026-07-30,AWS,ap-northeast-1,g6e.2xlarge,L40S,1.0,ondemand,3.25168,3.25168,instances.vantage.sh (AWS Price List mirror)
2026-07-30,AWS,ap-northeast-1,g6e.2xlarge,L40S,1.0,spot,1.14705,1.14705,instances.vantage.sh (AWS Price List mirror)
2026-07-30,AWS,ap-northeast-1,g6e.48xlarge,L40S,8.0,ondemand,43.69912,5.46239,instances.vantage.sh (AWS Price List mirror)
2026-07-30,AWS,ap-northeast-1,g6e.48xlarge,L40S,8.0,spot,11.25045,1.40630625,instances.vantage.sh (AWS Price List mirror)
2026-07-30,AWS,ap-northeast-1,g6e.4xlarge,L40S,1.0,ondemand,4.35703,4.35703,instances.vantage.sh (AWS Price List mirror)
2026-07-30,AWS,ap-northeast-1,g6e.4xlarge,L40S,1.0,spot,1.6936,1.6936,instances.vantage.sh (AWS Price List mirror)
2026-07-30,AWS,ap-northeast-1,g6e.8xlarge,L40S,1.0,ondemand,6.56775,6.56775,instances.vantage.sh (AWS Price List mirror)
2026-07-30,AWS,ap-northeast-1,g6e.8xlarge,L40S,1.0,spot,2.0915,2.0915,instances.vantage.sh (AWS Price List mirror)
2026-07-30,AWS,ap-northeast-1,g6e.xlarge,L40S,1.0,ondemand,2.699,2.699,instances.vantage.sh (AWS Price List mirror)
2026-07-30,AWS,ap-northeast-1,g6e.xlarge,L40S,1.0,spot,1.0853,1.0853,instances.vantage.sh (AWS Price List mirror)
2026-07-30,AWS,ap-northeast-1,g6f.2xlarge,L4,0.25,ondemand,0.68888,2.75552,instances.vantage.sh (AWS Price List mirror)
2026-07-30,AWS,ap-northeast-1,g6f.2xlarge,L4,0.25,spot,0.1942,0.7768,instances.vantage.sh (AWS Price List mirror)
2026-07-30,AWS,ap-northeast-1,g6f.4xlarge,L4,0.5,ondemand,1.37776,2.75552,instances.vantage.sh (AWS Price List mirror)
2026-07-30,AWS,ap-northeast-1,g6f.4xlarge,L4,0.5,spot,0.40525,0.8105,instances.vantage.sh (AWS Price List mirror)
2026-07-30,AWS,ap-northeast-1,g6f.large,L4,0.125,ondemand,0.29296,2.34368,instances.vantage.sh (AWS Price List mirror)
2026-07-30,AWS,ap-northeast-1,g6f.large,L4,0.125,spot,0.0626,0.5008,instances.vantage.sh (AWS Price List mirror)
2026-07-30,AWS,ap-northeast-1,g6f.xlarge,L4,0.125,ondemand,0.34444,2.75552,instances.vantage.sh (AWS Price List mirror)
2026-07-30,AWS,ap-northeast-1,g6f.xlarge,L4,0.125,spot,0.10255,0.8204,instances.vantage.sh (AWS Price List mirror)
2026-07-30,AWS,ap-northeast-1,g7e.12xlarge,NVIDIA GB202,2.0,ondemand,12.01727,6.008635,instances.vantage.sh (AWS Price List mirror)
2026-07-30,AWS,ap-northeast-1,g7e.12xlarge,NVIDIA GB202,2.0,spot,4.0655,2.03275,instances.vantage.sh (AWS Price List mirror)
2026-07-30,AWS,ap-northeast-1,g7e.24xlarge,NVIDIA GB202,4.0,ondemand,24.03454,6.008635,instances.vantage.sh (AWS Price List mirror)
2026-07-30,AWS,ap-northeast-1,g7e.24xlarge,NVIDIA GB202,4.0,spot,8.1445,2.036125,instances.vantage.sh (AWS Price List mirror)
2026-07-30,AWS,ap-northeast-1,g7e.2xlarge,NVIDIA GB202,1.0,ondemand,4.87752,4.87752,instances.vantage.sh (AWS Price List mirror)
2026-07-30,AWS,ap-northeast-1,g7e.2xlarge,NVIDIA GB202,1.0,spot,2.0782,2.0782,instances.vantage.sh (AWS Price List mirror)
2026-07-30,AWS,ap-northeast-1,g7e.48xlarge,NVIDIA GB202,8.0,ondemand,48.06908,6.008635,instances.vantage.sh (AWS Price List mirror)
2026-07-30,AWS,ap-northeast-1,g7e.48xlarge,NVIDIA GB202,8.0,spot,16.7814,2.097675,instances.vantage.sh (AWS Price List mirror)
2026-07-30,AWS,ap-northeast-1,g7e.4xlarge,NVIDIA GB202,1.0,ondemand,5.79852,5.79852,instances.vantage.sh (AWS Price List mirror)
2026-07-30,AWS,ap-northeast-1,g7e.4xlarge,NVIDIA GB202,1.0,spot,2.24895,2.24895,instances.vantage.sh (AWS Price List mirror)
2026-07-30,AWS,ap-northeast-1,g7e.8xlarge,NVIDIA GB202,1.0,ondemand,7.64051,7.64051,instances.vantage.sh (AWS Price List mirror)
2026-07-30,AWS,ap-northeast-1,g7e.8xlarge,NVIDIA GB202,1.0,spot,2.80935,2.80935,instances.vantage.sh (AWS Price List mirror)
2026-07-30,AWS,ap-northeast-1,gr6.4xlarge,L4,1.0,ondemand,2.2323,2.2323,instances.vantage.sh (AWS Price List mirror)
2026-07-30,AWS,ap-northeast-1,gr6.4xlarge,L4,1.0,spot,0.5406,0.5406,instances.vantage.sh (AWS Price List mirror)
2026-07-30,AWS,ap-northeast-1,gr6.8xlarge,L4,1.0,ondemand,3.54801,3.54801,instances.vantage.sh (AWS Price List mirror)
2026-07-30,AWS,ap-northeast-1,gr6.8xlarge,L4,1.0,spot,0.72455,0.72455,instances.vantage.sh (AWS Price List mirror)
2026-07-30,AWS,ap-northeast-1,gr6f.4xlarge,L4,0.5,ondemand,1.54602,3.09204,instances.vantage.sh (AWS Price List mirror)
2026-07-30,AWS,ap-northeast-1,gr6f.4xlarge,L4,0.5,spot,0.41545,0.8309,instances.vantage.sh (AWS Price List mirror)
2026-07-30,AWS,ap-northeast-1,p2.16xlarge,K80,16.0,ondemand,24.672,1.542,instances.vantage.sh (AWS Price List mirror)
2026-07-30,AWS,ap-northeast-1,p2.8xlarge,K80,8.0,ondemand,12.336,1.542,instances.vantage.sh (AWS Price List mirror)
2026-07-30,AWS,ap-northeast-1,p2.xlarge,K80,1.0,ondemand,1.542,1.542,instances.vantage.sh (AWS Price List mirror)
2026-07-30,AWS,ap-northeast-1,p3.16xlarge,V100,8.0,ondemand,33.552,4.194,instances.vantage.sh (AWS Price List mirror)
2026-07-30,AWS,ap-northeast-1,p3.16xlarge,V100,8.0,spot,18.4536,2.3067,instances.vantage.sh (AWS Price List mirror)
2026-07-30,AWS,ap-northeast-1,p3.2xlarge,V100,1.0,ondemand,4.194,4.194,instances.vantage.sh (AWS Price List mirror)
2026-07-30,AWS,ap-northeast-1,p3.2xlarge,V100,1.0,spot,4.194,4.194,instances.vantage.sh (AWS Price List mirror)
2026-07-30,AWS,ap-northeast-1,p3.8xlarge,V100,4.0,ondemand,16.776,4.194,instances.vantage.sh (AWS Price List mirror)
2026-07-30,AWS,ap-northeast-1,p3.8xlarge,V100,4.0,spot,5.8716,1.4679,instances.vantage.sh (AWS Price List mirror)
2026-07-30,AWS,ap-northeast-1,p3dn.24xlarge,V100,8.0,ondemand,42.783,5.347875,instances.vantage.sh (AWS Price List mirror)
2026-07-30,AWS,ap-northeast-1,p3dn.24xlarge,V100,8.0,spot,18.4334,2.304175,instances.vantage.sh (AWS Price List mirror)
2026-07-30,AWS,ap-northeast-1,p4d.24xlarge,A100,8.0,ondemand,30.09784,3.76223,instances.vantage.sh (AWS Price List mirror)
2026-07-30,AWS,ap-northeast-1,p4d.24xlarge,A100,8.0,spot,21.5215,2.6901875,instances.vantage.sh (AWS Price List mirror)
2026-07-30,AWS,ap-northeast-1,p4de.24xlarge,A100,8.0,ondemand,37.6223,4.7027875,instances.vantage.sh (AWS Price List mirror)
2026-07-30,AWS,ap-northeast-1,p4de.24xlarge,A100,8.0,spot,19.04025,2.38003125,instances.vantage.sh (AWS Price List mirror)
2026-07-30,AWS,ap-northeast-1,p5.48xlarge,H100,8.0,ondemand,68.8,8.6,instances.vantage.sh (AWS Price List mirror)
2026-07-30,AWS,ap-northeast-1,p5.48xlarge,H100,8.0,spot,27.9735,3.4966875,instances.vantage.sh (AWS Price List mirror)
2026-07-30,AWS,ap-northeast-1,p5.4xlarge,H100,1.0,ondemand,8.6,8.6,instances.vantage.sh (AWS Price List mirror)
2026-07-30,AWS,ap-northeast-1,p5.4xlarge,H100,1.0,spot,8.6,8.6,instances.vantage.sh (AWS Price List mirror)
2026-07-30,AWS,ap-northeast-1,p5en.48xlarge,H200,8.0,ondemand,79.12,9.89,instances.vantage.sh (AWS Price List mirror)
2026-07-30,AWS,ap-northeast-1,p5en.48xlarge,H200,8.0,spot,64.212,8.0265,instances.vantage.sh (AWS Price List mirror)
2026-07-30,AWS,ap-northeast-1-tpe-1,g4dn.2xlarge,T4,1.0,ondemand,1.371,1.371,instances.vantage.sh (AWS Price List mirror)
2026-07-30,AWS,ap-northeast-1-wl1-kix1,g4dn.2xlarge,T4,1.0,ondemand,1.777,1.777,instances.vantage.sh (AWS Price List mirror)
2026-07-30,AWS,ap-northeast-1-wl1-nrt1,g4dn.2xlarge,T4,1.0,ondemand,1.777,1.777,instances.vantage.sh (AWS Price List mirror)
2026-07-30,AWS,ap-northeast-2,g2.2xlarge,K520,1.0,ondemand,0.898,0.898,instances.vantage.sh (AWS Price List mirror)
2026-07-30,AWS,ap-northeast-2,g2.8xlarge,K520,4.0,ondemand,3.592,0.898,instances.vantage.sh (AWS Price List mirror)
2026-07-30,AWS,ap-northeast-2,g3.16xlarge,M60,4.0,ondemand,5.68,1.42,instances.vantage.sh (AWS Price List mirror)
2026-07-30,AWS,ap-northeast-2,g3.4xlarge,M60,1.0,ondemand,1.42,1.42,instances.vantage.sh (AWS Price List mirror)
2026-07-30,AWS,ap-northeast-2,g3.8xlarge,M60,2.0,ondemand,2.84,1.42,instances.vantage.sh (AWS Price List mirror)
2026-07-30,AWS,ap-northeast-2,g3s.xlarge,M60,1.0,ondemand,0.934,0.934,instances.vantage.sh (AWS Price List mirror)
2026-07-30,AWS,ap-northeast-2,g4dn.12xlarge,T4,4.0,ondemand,4.812,1.203,instances.vantage.sh (AWS Price List mirror)
2026-07-30,AWS,ap-northeast-2,g4dn.12xlarge,T4,4.0,spot,2.5862,0.64655,instances.vantage.sh (AWS Price List mirror)
2026-07-30,AWS,ap-northeast-2,g4dn.16xlarge,T4,1.0,ondemand,5.353,5.353,instances.vantage.sh (AWS Price List mirror)
2026-07-30,AWS,ap-northeast-2,g4dn.16xlarge,T4,1.0,spot,0.7966,0.7966,instances.vantage.sh (AWS Price List mirror)
2026-07-30,AWS,ap-northeast-2,g4dn.2xlarge,T4,1.0,ondemand,0.925,0.925,instances.vantage.sh (AWS Price List mirror)
2026-07-30,AWS,ap-northeast-2,g4dn.2xlarge,T4,1.0,spot,0.316967,0.316967,instances.vantage.sh (AWS Price List mirror)
2026-07-30,AWS,ap-northeast-2,g4dn.4xlarge,T4,1.0,ondemand,1.481,1.481,instances.vantage.sh (AWS Price List mirror)
2026-07-30,AWS,ap-northeast-2,g4dn.4xlarge,T4,1.0,spot,0.519967,0.519967,instances.vantage.sh (AWS Price List mirror)
2026-07-30,AWS,ap-northeast-2,g4dn.8xlarge,T4,1.0,ondemand,2.677,2.677,instances.vantage.sh (AWS Price List mirror)
2026-07-30,AWS,ap-northeast-2,g4dn.8xlarge,T4,1.0,spot,0.539833,0.539833,instances.vantage.sh (AWS Price List mirror)
2026-07-30,AWS,ap-northeast-2,g4dn.metal,T4,8.0,ondemand,9.624,1.203,instances.vantage.sh (AWS Price List mirror)
2026-07-30,AWS,ap-northeast-2,g4dn.metal,T4,8.0,spot,3.968533,0.496066625,instances.vantage.sh (AWS Price List mirror)
2026-07-30,AWS,ap-northeast-2,g4dn.xlarge,T4,1.0,ondemand,0.647,0.647,instances.vantage.sh (AWS Price List mirror)
2026-07-30,AWS,ap-northeast-2,g4dn.xlarge,T4,1.0,spot,0.3182,0.3182,instances.vantage.sh (AWS Price List mirror)
2026-07-30,AWS,ap-northeast-2,g5.12xlarge,A10G,4.0,ondemand,6.97442,1.743605,instances.vantage.sh (AWS Price List mirror)
2026-07-30,AWS,ap-northeast-2,g5.12xlarge,A10G,4.0,spot,2.851467,0.71286675,instances.vantage.sh (AWS Price List mirror)
2026-07-30,AWS,ap-northeast-2,g5.16xlarge,A10G,1.0,ondemand,5.03653,5.03653,instances.vantage.sh (AWS Price List mirror)
2026-07-30,AWS,ap-northeast-2,g5.16xlarge,A10G,1.0,spot,1.239467,1.239467,instances.vantage.sh (AWS Price List mirror)
2026-07-30,AWS,ap-northeast-2,g5.24xlarge,A10G,4.0,ondemand,10.01404,2.50351,instances.vantage.sh (AWS Price List mirror)
2026-07-30,AWS,ap-northeast-2,g5.24xlarge,A10G,4.0,spot,3.410933,0.85273325,instances.vantage.sh (AWS Price List mirror)
2026-07-30,AWS,ap-northeast-2,g5.2xlarge,A10G,1.0,ondemand,1.4903,1.4903,instances.vantage.sh (AWS Price List mirror)
2026-07-30,AWS,ap-northeast-2,g5.2xlarge,A10G,1.0,spot,0.4526,0.4526,instances.vantage.sh (AWS Price List mirror)
2026-07-30,AWS,ap-northeast-2,g5.48xlarge,A10G,8.0,ondemand,20.02809,2.50351125,instances.vantage.sh (AWS Price List mirror)
2026-07-30,AWS,ap-northeast-2,g5.48xlarge,A10G,8.0,spot,7.653667,0.956708375,instances.vantage.sh (AWS Price List mirror)
2026-07-30,AWS,ap-northeast-2,g5.4xlarge,A10G,1.0,ondemand,1.99691,1.99691,instances.vantage.sh (AWS Price List mirror)
2026-07-30,AWS,ap-northeast-2,g5.4xlarge,A10G,1.0,spot,0.674,0.674,instances.vantage.sh (AWS Price List mirror)
2026-07-30,AWS,ap-northeast-2,g5.8xlarge,A10G,1.0,ondemand,3.01012,3.01012,instances.vantage.sh (AWS Price List mirror)
2026-07-30,AWS,ap-northeast-2,g5.8xlarge,A10G,1.0,spot,0.901967,0.901967,instances.vantage.sh (AWS Price List mirror)
2026-07-30,AWS,ap-northeast-2,g5.xlarge,A10G,1.0,ondemand,1.237,1.237,instances.vantage.sh (AWS Price List mirror)
2026-07-30,AWS,ap-northeast-2,g5.xlarge,A10G,1.0,spot,0.414533,0.414533,instances.vantage.sh (AWS Price List mirror)
2026-07-30,AWS,ap-northeast-2,g5g.16xlarge,T4G,2.0,ondemand,3.3752,1.6876,instances.vantage.sh (AWS Price List mirror)
2026-07-30,AWS,ap-northeast-2,g5g.16xlarge,T4G,2.0,spot,0.43625,0.218125,instances.vantage.sh (AWS Price List mirror)
2026-07-30,AWS,ap-northeast-2,g5g.2xlarge,T4G,1.0,ondemand,0.6839,0.6839,instances.vantage.sh (AWS Price List mirror)
2026-07-30,AWS,ap-northeast-2,g5g.2xlarge,T4G,1.0,spot,0.14465,0.14465,instances.vantage.sh (AWS Price List mirror)
2026-07-30,AWS,ap-northeast-2,g5g.4xlarge,T4G,1.0,ondemand,1.0185,1.0185,instances.vantage.sh (AWS Price List mirror)
2026-07-30,AWS,ap-northeast-2,g5g.4xlarge,T4G,1.0,spot,0.21225,0.21225,instances.vantage.sh (AWS Price List mirror)
2026-07-30,AWS,ap-northeast-2,g5g.8xlarge,T4G,1.0,ondemand,1.6876,1.6876,instances.vantage.sh (AWS Price List mirror)
2026-07-30,AWS,ap-northeast-2,g5g.8xlarge,T4G,1.0,spot,0.302,0.302,instances.vantage.sh (AWS Price List mirror)
2026-07-30,AWS,ap-northeast-2,g5g.metal,T4G,2.0,ondemand,3.3752,1.6876,instances.vantage.sh (AWS Price List mirror)
2026-07-30,AWS,ap-northeast-2,g5g.metal,T4G,2.0,spot,0.42095,0.210475,instances.vantage.sh (AWS Price List mirror)
2026-07-30,AWS,ap-northeast-2,g5g.xlarge,T4G,1.0,ondemand,0.5166,0.5166,instances.vantage.sh (AWS Price List mirror)
2026-07-30,AWS,ap-northeast-2,g5g.xlarge,T4G,1.0,spot,0.0852,0.0852,instances.vantage.sh (AWS Price List mirror)
2026-07-30,AWS,ap-northeast-2,g6.12xlarge,L4,4.0,ondemand,5.65823,1.4145575,instances.vantage.sh (AWS Price List mirror)
2026-07-30,AWS,ap-northeast-2,g6.12xlarge,L4,4.0,spot,1.6563,0.414075,instances.vantage.sh (AWS Price List mirror)
2026-07-30,AWS,ap-northeast-2,g6.16xlarge,L4,1.0,ondemand,4.17678,4.17678,instances.vantage.sh (AWS Price List mirror)
2026-07-30,AWS,ap-northeast-2,g6.16xlarge,L4,1.0,spot,1.0559,1.0559,instances.vantage.sh (AWS Price List mirror)
2026-07-30,AWS,ap-northeast-2,g6.24xlarge,L4,4.0,ondemand,8.20797,2.0519925,instances.vantage.sh (AWS Price List mirror)
2026-07-30,AWS,ap-northeast-2,g6.24xlarge,L4,4.0,spot,1.979233,0.49480825,instances.vantage.sh (AWS Price List mirror)
2026-07-30,AWS,ap-northeast-2,g6.2xlarge,L4,1.0,ondemand,1.20208,1.20208,instances.vantage.sh (AWS Price List mirror)
2026-07-30,AWS,ap-northeast-2,g6.2xlarge,L4,1.0,spot,0.401467,0.401467,instances.vantage.sh (AWS Price List mirror)
2026-07-30,AWS,ap-northeast-2,g6.48xlarge,L4,8.0,ondemand,16.41595,2.05199375,instances.vantage.sh (AWS Price List mirror)
2026-07-30,AWS,ap-northeast-2,g6.48xlarge,L4,8.0,spot,4.427567,0.553445875,instances.vantage.sh (AWS Price List mirror)
2026-07-30,AWS,ap-northeast-2,g6.4xlarge,L4,1.0,ondemand,1.62704,1.62704,instances.vantage.sh (AWS Price List mirror)
2026-07-30,AWS,ap-northeast-2,g6.4xlarge,L4,1.0,spot,0.518567,0.518567,instances.vantage.sh (AWS Price List mirror)
2026-07-30,AWS,ap-northeast-2,g6.8xlarge,L4,1.0,ondemand,2.47695,2.47695,instances.vantage.sh (AWS Price List mirror)
2026-07-30,AWS,ap-northeast-2,g6.8xlarge,L4,1.0,spot,0.451767,0.451767,instances.vantage.sh (AWS Price List mirror)
2026-07-30,AWS,ap-northeast-2,g6.xlarge,L4,1.0,ondemand,0.9896,0.9896,instances.vantage.sh (AWS Price List mirror)
2026-07-30,AWS,ap-northeast-2,g6.xlarge,L4,1.0,spot,0.3672,0.3672,instances.vantage.sh (AWS Price List mirror)
2026-07-30,AWS,ap-northeast-2,g6e.12xlarge,L40S,4.0,ondemand,12.90014,3.225035,instances.vantage.sh (AWS Price List mirror)
2026-07-30,AWS,ap-northeast-2,g6e.12xlarge,L40S,4.0,spot,4.01305,1.0032625,instances.vantage.sh (AWS Price List mirror)
2026-07-30,AWS,ap-northeast-2,g6e.16xlarge,L40S,1.0,ondemand,9.31575,9.31575,instances.vantage.sh (AWS Price List mirror)
2026-07-30,AWS,ap-northeast-2,g6e.16xlarge,L40S,1.0,spot,2.077,2.077,instances.vantage.sh (AWS Price List mirror)
2026-07-30,AWS,ap-northeast-2,g6e.24xlarge,L40S,4.0,ondemand,18.52234,4.630585,instances.vantage.sh (AWS Price List mirror)
2026-07-30,AWS,ap-northeast-2,g6e.24xlarge,L40S,4.0,spot,4.84885,1.2122125,instances.vantage.sh (AWS Price List mirror)
2026-07-30,AWS,ap-northeast-2,g6e.2xlarge,L40S,1.0,ondemand,2.75652,2.75652,instances.vantage.sh (AWS Price List mirror)
2026-07-30,AWS,ap-northeast-2,g6e.2xlarge,L40S,1.0,spot,1.00425,1.00425,instances.vantage.sh (AWS Price List mirror)
2026-07-30,AWS,ap-northeast-2,g6e.48xlarge,L40S,8.0,ondemand,37.04468,4.630585,instances.vantage.sh (AWS Price List mirror)
2026-07-30,AWS,ap-northeast-2,g6e.48xlarge,L40S,8.0,spot,11.56405,1.44550625,instances.vantage.sh (AWS Price List mirror)
2026-07-30,AWS,ap-northeast-2,g6e.4xlarge,L40S,1.0,ondemand,3.69355,3.69355,instances.vantage.sh (AWS Price List mirror)
2026-07-30,AWS,ap-northeast-2,g6e.4xlarge,L40S,1.0,spot,1.41405,1.41405,instances.vantage.sh (AWS Price List mirror)
2026-07-30,AWS,ap-northeast-2,g6e.8xlarge,L40S,1.0,ondemand,5.56762,5.56762,instances.vantage.sh (AWS Price List mirror)
2026-07-30,AWS,ap-northeast-2,g6e.8xlarge,L40S,1.0,spot,1.2339,1.2339,instances.vantage.sh (AWS Price List mirror)
2026-07-30,AWS,ap-northeast-2,g6e.xlarge,L40S,1.0,ondemand,2.288,2.288,instances.vantage.sh (AWS Price List mirror)
2026-07-30,AWS,ap-northeast-2,g6e.xlarge,L40S,1.0,spot,0.9388,0.9388,instances.vantage.sh (AWS Price List mirror)
2026-07-30,AWS,ap-northeast-2,g6f.2xlarge,L4,0.25,ondemand,0.58406,2.33624,instances.vantage.sh (AWS Price List mirror)
2026-07-30,AWS,ap-northeast-2,g6f.2xlarge,L4,0.25,spot,0.184333,0.737332,instances.vantage.sh (AWS Price List mirror)
2026-07-30,AWS,ap-northeast-2,g6f.4xlarge,L4,0.5,ondemand,1.16812,2.33624,instances.vantage.sh (AWS Price List mirror)
2026-07-30,AWS,ap-northeast-2,g6f.4xlarge,L4,0.5,spot,0.346133,0.692266,instances.vantage.sh (AWS Price List mirror)
2026-07-30,AWS,ap-northeast-2,g6f.large,L4,0.125,ondemand,0.24838,1.98704,instances.vantage.sh (AWS Price List mirror)
2026-07-30,AWS,ap-northeast-2,g6f.large,L4,0.125,spot,0.038167,0.305336,instances.vantage.sh (AWS Price List mirror)
2026-07-30,AWS,ap-northeast-2,g6f.xlarge,L4,0.125,ondemand,0.29203,2.33624,instances.vantage.sh (AWS Price List mirror)
2026-07-30,AWS,ap-northeast-2,g6f.xlarge,L4,0.125,spot,0.0764,0.6112,instances.vantage.sh (AWS Price List mirror)
2026-07-30,AWS,ap-northeast-2,g7e.12xlarge,NVIDIA GB202,2.0,ondemand,10.1873,5.09365,instances.vantage.sh (AWS Price List mirror)
2026-07-30,AWS,ap-northeast-2,g7e.12xlarge,NVIDIA GB202,2.0,spot,3.9574,1.9787,instances.vantage.sh (AWS Price List mirror)
2026-07-30,AWS,ap-northeast-2,g7e.24xlarge,NVIDIA GB202,4.0,ondemand,20.3746,5.09365,instances.vantage.sh (AWS Price List mirror)
2026-07-30,AWS,ap-northeast-2,g7e.24xlarge,NVIDIA GB202,4.0,spot,8.365,2.09125,instances.vantage.sh (AWS Price List mirror)
2026-07-30,AWS,ap-northeast-2,g7e.2xlarge,NVIDIA GB202,1.0,ondemand,4.13478,4.13478,instances.vantage.sh (AWS Price List mirror)
2026-07-30,AWS,ap-northeast-2,g7e.2xlarge,NVIDIA GB202,1.0,spot,1.60025,1.60025,instances.vantage.sh (AWS Price List mirror)
2026-07-30,AWS,ap-northeast-2,g7e.48xlarge,NVIDIA GB202,8.0,ondemand,40.74921,5.09365125,instances.vantage.sh (AWS Price List mirror)
2026-07-30,AWS,ap-northeast-2,g7e.48xlarge,NVIDIA GB202,8.0,spot,13.4995,1.6874375,instances.vantage.sh (AWS Price List mirror)
2026-07-30,AWS,ap-northeast-2,g7e.4xlarge,NVIDIA GB202,1.0,ondemand,4.91553,4.91553,instances.vantage.sh (AWS Price List mirror)
2026-07-30,AWS,ap-northeast-2,g7e.4xlarge,NVIDIA GB202,1.0,spot,1.7427,1.7427,instances.vantage.sh (AWS Price List mirror)
2026-07-30,AWS,ap-northeast-2,g7e.8xlarge,NVIDIA GB202,1.0,ondemand,6.47703,6.47703,instances.vantage.sh (AWS Price List mirror)
2026-07-30,AWS,ap-northeast-2,g7e.8xlarge,NVIDIA GB202,1.0,spot,3.34395,3.34395,instances.vantage.sh (AWS Price List mirror)
2026-07-30,AWS,ap-northeast-2,gr6.4xlarge,L4,1.0,ondemand,1.8926,1.8926,instances.vantage.sh (AWS Price List mirror)
2026-07-30,AWS,ap-northeast-2,gr6.4xlarge,L4,1.0,spot,0.5066,0.5066,instances.vantage.sh (AWS Price List mirror)
2026-07-30,AWS,ap-northeast-2,gr6.8xlarge,L4,1.0,ondemand,3.00809,3.00809,instances.vantage.sh (AWS Price List mirror)
2026-07-30,AWS,ap-northeast-2,gr6.8xlarge,L4,1.0,spot,0.4459,0.4459,instances.vantage.sh (AWS Price List mirror)
2026-07-30,AWS,ap-northeast-2,gr6f.4xlarge,L4,0.5,ondemand,1.31075,2.6215,instances.vantage.sh (AWS Price List mirror)
2026-07-30,AWS,ap-northeast-2,gr6f.4xlarge,L4,0.5,spot,0.338267,0.676534,instances.vantage.sh (AWS Price List mirror)
2026-07-30,AWS,ap-northeast-2,p2.16xlarge,K80,16.0,ondemand,23.44,1.465,instances.vantage.sh (AWS Price List mirror)
2026-07-30,AWS,ap-northeast-2,p2.8xlarge,K80,8.0,ondemand,11.72,1.465,instances.vantage.sh (AWS Price List mirror)
2026-07-30,AWS,ap-northeast-2,p2.xlarge,K80,1.0,ondemand,1.465,1.465,instances.vantage.sh (AWS Price List mirror)
2026-07-30,AWS,ap-northeast-2,p3.16xlarge,V100,8.0,ondemand,33.872,4.234,instances.vantage.sh (AWS Price List mirror)
2026-07-30,AWS,ap-northeast-2,p3.16xlarge,V100,8.0,spot,33.872,4.234,instances.vantage.sh (AWS Price List mirror)
2026-07-30,AWS,ap-northeast-2,p3.2xlarge,V100,1.0,ondemand,4.234,4.234,instances.vantage.sh (AWS Price List mirror)
2026-07-30,AWS,ap-northeast-2,p3.2xlarge,V100,1.0,spot,4.234,4.234,instances.vantage.sh (AWS Price List mirror)
2026-07-30,AWS,ap-northeast-2,p3.8xlarge,V100,4.0,ondemand,16.936,4.234,instances.vantage.sh (AWS Price List mirror)
2026-07-30,AWS,ap-northeast-2,p3.8xlarge,V100,4.0,spot,9.82288,2.45572,instances.vantage.sh (AWS Price List mirror)
2026-07-30,AWS,ap-northeast-2,p4d.24xlarge,A100,8.0,ondemand,30.41028,3.801285,instances.vantage.sh (AWS Price List mirror)
2026-07-30,AWS,ap-northeast-2,p4d.24xlarge,A100,8.0,spot,12.84515,1.60564375,instances.vantage.sh (AWS Price List mirror)
2026-07-30,AWS,ap-northeast-2,p5.48xlarge,H100,8.0,ondemand,75.9552,9.4944,instances.vantage.sh (AWS Price List mirror)
2026-07-30,AWS,ap-northeast-2,p5en.48xlarge,H200,8.0,ondemand,87.34848,10.91856,instances.vantage.sh (AWS Price List mirror)
2026-07-30,AWS,ap-northeast-2,p5en.48xlarge,H200,8.0,spot,15.6177,1.9522125,instances.vantage.sh (AWS Price List mirror)
2026-07-30,AWS,ap-northeast-2-wl1-cjj1,g4dn.2xlarge,T4,1.0,ondemand,1.249,1.249,instances.vantage.sh (AWS Price List mirror)
2026-07-30,AWS,ap-northeast-2-wl1-sel1,g4dn.2xlarge,T4,1.0,ondemand,1.249,1.249,instances.vantage.sh (AWS Price List mirror)
2026-07-30,AWS,ap-northeast-3,g4dn.12xlarge,T4,4.0,ondemand,5.281,1.32025,instances.vantage.sh (AWS Price List mirror)
2026-07-30,AWS,ap-northeast-3,g4dn.12xlarge,T4,4.0,spot,1.5618,0.39045,instances.vantage.sh (AWS Price List mirror)
2026-07-30,AWS,ap-northeast-3,g4dn.16xlarge,T4,1.0,ondemand,5.875,5.875,instances.vantage.sh (AWS Price List mirror)
2026-07-30,AWS,ap-northeast-3,g4dn.16xlarge,T4,1.0,spot,1.5768,1.5768,instances.vantage.sh (AWS Price List mirror)
2026-07-30,AWS,ap-northeast-3,g4dn.2xlarge,T4,1.0,ondemand,1.015,1.015,instances.vantage.sh (AWS Price List mirror)
2026-07-30,AWS,ap-northeast-3,g4dn.2xlarge,T4,1.0,spot,0.3503,0.3503,instances.vantage.sh (AWS Price List mirror)
2026-07-30,AWS,ap-northeast-3,g4dn.4xlarge,T4,1.0,ondemand,1.625,1.625,instances.vantage.sh (AWS Price List mirror)
2026-07-30,AWS,ap-northeast-3,g4dn.4xlarge,T4,1.0,spot,0.5183,0.5183,instances.vantage.sh (AWS Price List mirror)
2026-07-30,AWS,ap-northeast-3,g4dn.8xlarge,T4,1.0,ondemand,2.938,2.938,instances.vantage.sh (AWS Price List mirror)
2026-07-30,AWS,ap-northeast-3,g4dn.8xlarge,T4,1.0,spot,0.77485,0.77485,instances.vantage.sh (AWS Price List mirror)
2026-07-30,AWS,ap-northeast-3,g4dn.metal,T4,8.0,ondemand,10.562,1.32025,instances.vantage.sh (AWS Price List mirror)
2026-07-30,AWS,ap-northeast-3,g4dn.metal,T4,8.0,spot,4.519,0.564875,instances.vantage.sh (AWS Price List mirror)
2026-07-30,AWS,ap-northeast-3,g4dn.xlarge,T4,1.0,ondemand,0.71,0.71,instances.vantage.sh (AWS Price List mirror)
2026-07-30,AWS,ap-northeast-3,g4dn.xlarge,T4,1.0,spot,0.3136,0.3136,instances.vantage.sh (AWS Price List mirror)
2026-07-30,AWS,ap-northeast-3,g6e.12xlarge,L40S,4.0,ondemand,15.21742,3.804355,instances.vantage.sh (AWS Price List mirror)
2026-07-30,AWS,ap-northeast-3,g6e.12xlarge,L40S,4.0,spot,4.37905,1.0947625,instances.vantage.sh (AWS Price List mirror)
2026-07-30,AWS,ap-northeast-3,g6e.16xlarge,L40S,1.0,ondemand,10.98917,10.98917,instances.vantage.sh (AWS Price List mirror)
2026-07-30,AWS,ap-northeast-3,g6e.16xlarge,L40S,1.0,spot,1.86055,1.86055,instances.vantage.sh (AWS Price List mirror)
2026-07-30,AWS,ap-northeast-3,g6e.24xlarge,L40S,4.0,ondemand,21.84956,5.46239,instances.vantage.sh (AWS Price List mirror)
2026-07-30,AWS,ap-northeast-3,g6e.24xlarge,L40S,4.0,spot,5.2853,1.321325,instances.vantage.sh (AWS Price List mirror)
2026-07-30,AWS,ap-northeast-3,g6e.2xlarge,L40S,1.0,ondemand,3.25168,3.25168,instances.vantage.sh (AWS Price List mirror)
2026-07-30,AWS,ap-northeast-3,g6e.2xlarge,L40S,1.0,spot,0.9265,0.9265,instances.vantage.sh (AWS Price List mirror)
2026-07-30,AWS,ap-northeast-3,g6e.48xlarge,L40S,8.0,ondemand,43.69912,5.46239,instances.vantage.sh (AWS Price List mirror)
2026-07-30,AWS,ap-northeast-3,g6e.48xlarge,L40S,8.0,spot,10.1991,1.2748875,instances.vantage.sh (AWS Price List mirror)
2026-07-30,AWS,ap-northeast-3,g6e.4xlarge,L40S,1.0,ondemand,4.35703,4.35703,instances.vantage.sh (AWS Price List mirror)
2026-07-30,AWS,ap-northeast-3,g6e.4xlarge,L40S,1.0,spot,1.72525,1.72525,instances.vantage.sh (AWS Price List mirror)
2026-07-30,AWS,ap-northeast-3,g6e.8xlarge,L40S,1.0,ondemand,6.56775,6.56775,instances.vantage.sh (AWS Price List mirror)
2026-07-30,AWS,ap-northeast-3,g6e.8xlarge,L40S,1.0,spot,1.86695,1.86695,instances.vantage.sh (AWS Price List mirror)
2026-07-30,AWS,ap-northeast-3,g6e.xlarge,L40S,1.0,ondemand,2.699,2.699,instances.vantage.sh (AWS Price List mirror)
2026-07-30,AWS,ap-northeast-3,g6e.xlarge,L40S,1.0,spot,1.22105,1.22105,instances.vantage.sh (AWS Price List mirror)
2026-07-30,AWS,ap-south-1,g4dn.12xlarge,T4,4.0,ondemand,4.306,1.0765,instances.vantage.sh (AWS Price List mirror)
2026-07-30,AWS,ap-south-1,g4dn.12xlarge,T4,4.0,spot,1.776933,0.44423325,instances.vantage.sh (AWS Price List mirror)
2026-07-30,AWS,ap-south-1,g4dn.16xlarge,T4,1.0,ondemand,4.791,4.791,instances.vantage.sh (AWS Price List mirror)
2026-07-30,AWS,ap-south-1,g4dn.16xlarge,T4,1.0,spot,0.627533,0.627533,instances.vantage.sh (AWS Price List mirror)
2026-07-30,AWS,ap-south-1,g4dn.2xlarge,T4,1.0,ondemand,0.828,0.828,instances.vantage.sh (AWS Price List mirror)
2026-07-30,AWS,ap-south-1,g4dn.2xlarge,T4,1.0,spot,0.265233,0.265233,instances.vantage.sh (AWS Price List mirror)
2026-07-30,AWS,ap-south-1,g4dn.4xlarge,T4,1.0,ondemand,1.325,1.325,instances.vantage.sh (AWS Price List mirror)
2026-07-30,AWS,ap-south-1,g4dn.4xlarge,T4,1.0,spot,0.337667,0.337667,instances.vantage.sh (AWS Price List mirror)
2026-07-30,AWS,ap-south-1,g4dn.8xlarge,T4,1.0,ondemand,2.395,2.395,instances.vantage.sh (AWS Price List mirror)
2026-07-30,AWS,ap-south-1,g4dn.8xlarge,T4,1.0,spot,0.778967,0.778967,instances.vantage.sh (AWS Price List mirror)
2026-07-30,AWS,ap-south-1,g4dn.metal,T4,8.0,ondemand,8.612,1.0765,instances.vantage.sh (AWS Price List mirror)
2026-07-30,AWS,ap-south-1,g4dn.metal,T4,8.0,spot,2.7375,0.3421875,instances.vantage.sh (AWS Price List mirror)
2026-07-30,AWS,ap-south-1,g4dn.xlarge,T4,1.0,ondemand,0.579,0.579,instances.vantage.sh (AWS Price List mirror)
2026-07-30,AWS,ap-south-1,g4dn.xlarge,T4,1.0,spot,0.198333,0.198333,instances.vantage.sh (AWS Price List mirror)
2026-07-30,AWS,ap-south-1,g5.12xlarge,A10G,4.0,ondemand,6.81091,1.7027275,instances.vantage.sh (AWS Price List mirror)
2026-07-30,AWS,ap-south-1,g5.12xlarge,A10G,4.0,spot,2.096,0.524,instances.vantage.sh (AWS Price List mirror)
2026-07-30,AWS,ap-south-1,g5.16xlarge,A10G,1.0,ondemand,4.91846,4.91846,instances.vantage.sh (AWS Price List mirror)
2026-07-30,AWS,ap-south-1,g5.16xlarge,A10G,1.0,spot,1.4571,1.4571,instances.vantage.sh (AWS Price List mirror)
2026-07-30,AWS,ap-south-1,g5.24xlarge,A10G,4.0,ondemand,9.77928,2.44482,instances.vantage.sh (AWS Price List mirror)
2026-07-30,AWS,ap-south-1,g5.24xlarge,A10G,4.0,spot,3.68225,0.9205625,instances.vantage.sh (AWS Price List mirror)
2026-07-30,AWS,ap-south-1,g5.2xlarge,A10G,1.0,ondemand,1.45536,1.45536,instances.vantage.sh (AWS Price List mirror)
2026-07-30,AWS,ap-south-1,g5.2xlarge,A10G,1.0,spot,0.42355,0.42355,instances.vantage.sh (AWS Price List mirror)
2026-07-30,AWS,ap-south-1,g5.48xlarge,A10G,8.0,ondemand,19.55855,2.44481875,instances.vantage.sh (AWS Price List mirror)
2026-07-30,AWS,ap-south-1,g5.48xlarge,A10G,8.0,spot,17.43265,2.17908125,instances.vantage.sh (AWS Price List mirror)
2026-07-30,AWS,ap-south-1,g5.4xlarge,A10G,1.0,ondemand,1.95009,1.95009,instances.vantage.sh (AWS Price List mirror)
2026-07-30,AWS,ap-south-1,g5.4xlarge,A10G,1.0,spot,0.5942,0.5942,instances.vantage.sh (AWS Price List mirror)
2026-07-30,AWS,ap-south-1,g5.8xlarge,A10G,1.0,ondemand,2.93955,2.93955,instances.vantage.sh (AWS Price List mirror)
2026-07-30,AWS,ap-south-1,g5.8xlarge,A10G,1.0,spot,1.01835,1.01835,instances.vantage.sh (AWS Price List mirror)
2026-07-30,AWS,ap-south-1,g5.xlarge,A10G,1.0,ondemand,1.208,1.208,instances.vantage.sh (AWS Price List mirror)
2026-07-30,AWS,ap-south-1,g5.xlarge,A10G,1.0,spot,0.52645,0.52645,instances.vantage.sh (AWS Price List mirror)
2026-07-30,AWS,ap-south-1,g6.12xlarge,L4,4.0,ondemand,5.52558,1.381395,instances.vantage.sh (AWS Price List mirror)
2026-07-30,AWS,ap-south-1,g6.12xlarge,L4,4.0,spot,1.96725,0.4918125,instances.vantage.sh (AWS Price List mirror)
2026-07-30,AWS,ap-south-1,g6.16xlarge,L4,1.0,ondemand,4.07886,4.07886,instances.vantage.sh (AWS Price List mirror)
2026-07-30,AWS,ap-south-1,g6.16xlarge,L4,1.0,spot,0.8124,0.8124,instances.vantage.sh (AWS Price List mirror)
2026-07-30,AWS,ap-south-1,g6.24xlarge,L4,4.0,ondemand,8.01555,2.0038875,instances.vantage.sh (AWS Price List mirror)
2026-07-30,AWS,ap-south-1,g6.24xlarge,L4,4.0,spot,2.944,0.736,instances.vantage.sh (AWS Price List mirror)
2026-07-30,AWS,ap-south-1,g6.2xlarge,L4,1.0,ondemand,1.1739,1.1739,instances.vantage.sh (AWS Price List mirror)
2026-07-30,AWS,ap-south-1,g6.2xlarge,L4,1.0,spot,0.4991,0.4991,instances.vantage.sh (AWS Price List mirror)
2026-07-30,AWS,ap-south-1,g6.48xlarge,L4,8.0,ondemand,16.0311,2.0038875,instances.vantage.sh (AWS Price List mirror)
2026-07-30,AWS,ap-south-1,g6.48xlarge,L4,8.0,spot,8.7036,1.08795,instances.vantage.sh (AWS Price List mirror)
2026-07-30,AWS,ap-south-1,g6.4xlarge,L4,1.0,ondemand,1.58889,1.58889,instances.vantage.sh (AWS Price List mirror)
2026-07-30,AWS,ap-south-1,g6.4xlarge,L4,1.0,spot,0.38485,0.38485,instances.vantage.sh (AWS Price List mirror)
2026-07-30,AWS,ap-south-1,g6.8xlarge,L4,1.0,ondemand,2.41888,2.41888,instances.vantage.sh (AWS Price List mirror)
2026-07-30,AWS,ap-south-1,g6.8xlarge,L4,1.0,spot,0.5291,0.5291,instances.vantage.sh (AWS Price List mirror)
2026-07-30,AWS,ap-south-1,g6.xlarge,L4,1.0,ondemand,0.9664,0.9664,instances.vantage.sh (AWS Price List mirror)
2026-07-30,AWS,ap-south-1,g6.xlarge,L4,1.0,spot,0.4661,0.4661,instances.vantage.sh (AWS Price List mirror)
2026-07-30,AWS,ap-south-1,g6e.12xlarge,L40S,4.0,ondemand,12.60131,3.1503275,instances.vantage.sh (AWS Price List mirror)
2026-07-30,AWS,ap-south-1,g6e.12xlarge,L40S,4.0,spot,8.7736,2.1934,instances.vantage.sh (AWS Price List mirror)
2026-07-30,AWS,ap-south-1,g6e.16xlarge,L40S,1.0,ondemand,9.09996,9.09996,instances.vantage.sh (AWS Price List mirror)
2026-07-30,AWS,ap-south-1,g6e.16xlarge,L40S,1.0,spot,2.1472,2.1472,instances.vantage.sh (AWS Price List mirror)
2026-07-30,AWS,ap-south-1,g6e.24xlarge,L40S,4.0,ondemand,18.09328,4.52332,instances.vantage.sh (AWS Price List mirror)
2026-07-30,AWS,ap-south-1,g6e.24xlarge,L40S,4.0,spot,17.964,4.491,instances.vantage.sh (AWS Price List mirror)
2026-07-30,AWS,ap-south-1,g6e.2xlarge,L40S,1.0,ondemand,2.69266,2.69266,instances.vantage.sh (AWS Price List mirror)
2026-07-30,AWS,ap-south-1,g6e.2xlarge,L40S,1.0,spot,0.9409,0.9409,instances.vantage.sh (AWS Price List mirror)
2026-07-30,AWS,ap-south-1,g6e.48xlarge,L40S,8.0,ondemand,36.18656,4.52332,instances.vantage.sh (AWS Price List mirror)
2026-07-30,AWS,ap-south-1,g6e.48xlarge,L40S,8.0,spot,35.928,4.491,instances.vantage.sh (AWS Price List mirror)
2026-07-30,AWS,ap-south-1,g6e.4xlarge,L40S,1.0,ondemand,3.60799,3.60799,instances.vantage.sh (AWS Price List mirror)
2026-07-30,AWS,ap-south-1,g6e.4xlarge,L40S,1.0,spot,1.01825,1.01825,instances.vantage.sh (AWS Price List mirror)
2026-07-30,AWS,ap-south-1,g6e.8xlarge,L40S,1.0,ondemand,5.43865,5.43865,instances.vantage.sh (AWS Price List mirror)
2026-07-30,AWS,ap-south-1,g6e.8xlarge,L40S,1.0,spot,1.44435,1.44435,instances.vantage.sh (AWS Price List mirror)
2026-07-30,AWS,ap-south-1,g6e.xlarge,L40S,1.0,ondemand,2.235,2.235,instances.vantage.sh (AWS Price List mirror)
2026-07-30,AWS,ap-south-1,g6e.xlarge,L40S,1.0,spot,1.3909,1.3909,instances.vantage.sh (AWS Price List mirror)
2026-07-30,AWS,ap-south-1,g6f.2xlarge,L4,0.25,ondemand,0.57038,2.28152,instances.vantage.sh (AWS Price List mirror)
2026-07-30,AWS,ap-south-1,g6f.2xlarge,L4,0.25,spot,0.2844,1.1376,instances.vantage.sh (AWS Price List mirror)
2026-07-30,AWS,ap-south-1,g6f.4xlarge,L4,0.5,ondemand,1.14076,2.28152,instances.vantage.sh (AWS Price List mirror)
2026-07-30,AWS,ap-south-1,g6f.4xlarge,L4,0.5,spot,1.1315,2.263,instances.vantage.sh (AWS Price List mirror)
2026-07-30,AWS,ap-south-1,g6f.large,L4,0.125,ondemand,0.24256,1.94048,instances.vantage.sh (AWS Price List mirror)
2026-07-30,AWS,ap-south-1,g6f.large,L4,0.125,spot,0.1895,1.516,instances.vantage.sh (AWS Price List mirror)
2026-07-30,AWS,ap-south-1,g6f.xlarge,L4,0.125,ondemand,0.28519,2.28152,instances.vantage.sh (AWS Price List mirror)
2026-07-30,AWS,ap-south-1,g6f.xlarge,L4,0.125,spot,0.2081,1.6648,instances.vantage.sh (AWS Price List mirror)
2026-07-30,AWS,ap-south-1,g7e.12xlarge,NVIDIA GB202,2.0,ondemand,13.53377,6.766885,instances.vantage.sh (AWS Price List mirror)
2026-07-30,AWS,ap-south-1,g7e.24xlarge,NVIDIA GB202,4.0,ondemand,27.06754,6.766885,instances.vantage.sh (AWS Price List mirror)
2026-07-30,AWS,ap-south-1,g7e.2xlarge,NVIDIA GB202,1.0,ondemand,5.49303,5.49303,instances.vantage.sh (AWS Price List mirror)
2026-07-30,AWS,ap-south-1,g7e.48xlarge,NVIDIA GB202,8.0,ondemand,54.13507,6.76688375,instances.vantage.sh (AWS Price List mirror)
2026-07-30,AWS,ap-south-1,g7e.4xlarge,NVIDIA GB202,1.0,ondemand,6.53025,6.53025,instances.vantage.sh (AWS Price List mirror)
2026-07-30,AWS,ap-south-1,g7e.8xlarge,NVIDIA GB202,1.0,ondemand,8.60469,8.60469,instances.vantage.sh (AWS Price List mirror)
2026-07-30,AWS,ap-south-1,gr6.4xlarge,L4,1.0,ondemand,1.8483,1.8483,instances.vantage.sh (AWS Price List mirror)
2026-07-30,AWS,ap-south-1,gr6.4xlarge,L4,1.0,spot,0.41195,0.41195,instances.vantage.sh (AWS Price List mirror)
2026-07-30,AWS,ap-south-1,gr6.8xlarge,L4,1.0,ondemand,2.93768,2.93768,instances.vantage.sh (AWS Price List mirror)
2026-07-30,AWS,ap-south-1,gr6.8xlarge,L4,1.0,spot,0.5406,0.5406,instances.vantage.sh (AWS Price List mirror)
2026-07-30,AWS,ap-south-1,gr6f.4xlarge,L4,0.5,ondemand,1.28007,2.56014,instances.vantage.sh (AWS Price List mirror)
2026-07-30,AWS,ap-south-1,gr6f.4xlarge,L4,0.5,spot,1.15695,2.3139,instances.vantage.sh (AWS Price List mirror)
2026-07-30,AWS,ap-south-1,p2.16xlarge,K80,16.0,ondemand,27.488,1.718,instances.vantage.sh (AWS Price List mirror)
2026-07-30,AWS,ap-south-1,p2.8xlarge,K80,8.0,ondemand,13.744,1.718,instances.vantage.sh (AWS Price List mirror)
2026-07-30,AWS,ap-south-1,p2.xlarge,K80,1.0,ondemand,1.718,1.718,instances.vantage.sh (AWS Price List mirror)
2026-07-30,AWS,ap-south-1,p4d.24xlarge,A100,8.0,ondemand,26.3444,3.29305,instances.vantage.sh (AWS Price List mirror)
2026-07-30,AWS,ap-south-1,p4d.24xlarge,A100,8.0,spot,26.122833,3.265354125,instances.vantage.sh (AWS Price List mirror)
2026-07-30,AWS,ap-south-1,p5.48xlarge,H100,8.0,ondemand,66.048,8.256,instances.vantage.sh (AWS Price List mirror)
2026-07-30,AWS,ap-south-1,p5.48xlarge,H100,8.0,spot,14.6993,1.8374125,instances.vantage.sh (AWS Price List mirror)
2026-07-30,AWS,ap-south-1,p5.4xlarge,H100,1.0,ondemand,8.256,8.256,instances.vantage.sh (AWS Price List mirror)
2026-07-30,AWS,ap-south-1,p5.4xlarge,H100,1.0,spot,8.206,8.206,instances.vantage.sh (AWS Price List mirror)
2026-07-30,AWS,ap-south-1,p5en.48xlarge,H200,8.0,ondemand,75.9552,9.4944,instances.vantage.sh (AWS Price List mirror)
2026-07-30,AWS,ap-south-1,p5en.48xlarge,H200,8.0,spot,29.8556,3.73195,instances.vantage.sh (AWS Price List mirror)
2026-07-30,AWS,ap-south-1,p6-b200.48xlarge,B200,8.0,ondemand,160.64525,20.08065625,instances.vantage.sh (AWS Price List mirror)
2026-07-30,AWS,ap-south-1,p6-b200.48xlarge,B200,8.0,spot,50.9781,6.3722625,instances.vantage.sh (AWS Price List mirror)
2026-07-30,AWS,ap-south-1-ccu-1,g4dn.2xlarge,T4,1.0,ondemand,1.2,1.2,instances.vantage.sh (AWS Price List mirror)
2026-07-30,AWS,ap-south-1-del-1,g4dn.2xlarge,T4,1.0,ondemand,1.2,1.2,instances.vantage.sh (AWS Price List mirror)
2026-07-30,AWS,ap-south-2,g6.12xlarge,L4,4.0,ondemand,5.52558,1.381395,instances.vantage.sh (AWS Price List mirror)
2026-07-30,AWS,ap-south-2,g6.16xlarge,L4,1.0,ondemand,4.07886,4.07886,instances.vantage.sh (AWS Price List mirror)
2026-07-30,AWS,ap-south-2,g6.24xlarge,L4,4.0,ondemand,8.01555,2.0038875,instances.vantage.sh (AWS Price List mirror)
2026-07-30,AWS,ap-south-2,g6.2xlarge,L4,1.0,ondemand,1.1739,1.1739,instances.vantage.sh (AWS Price List mirror)
2026-07-30,AWS,ap-south-2,g6.48xlarge,L4,8.0,ondemand,16.0311,2.0038875,instances.vantage.sh (AWS Price List mirror)
2026-07-30,AWS,ap-south-2,g6.4xlarge,L4,1.0,ondemand,1.58889,1.58889,instances.vantage.sh (AWS Price List mirror)
2026-07-30,AWS,ap-south-2,g6.8xlarge,L4,1.0,ondemand,2.41888,2.41888,instances.vantage.sh (AWS Price List mirror)
2026-07-30,AWS,ap-south-2,g6.xlarge,L4,1.0,ondemand,0.9664,0.9664,instances.vantage.sh (AWS Price List mirror)
2026-07-30,AWS,ap-south-2,g6e.12xlarge,L40S,4.0,ondemand,12.60131,3.1503275,instances.vantage.sh (AWS Price List mirror)
2026-07-30,AWS,ap-south-2,g6e.16xlarge,L40S,1.0,ondemand,9.09996,9.09996,instances.vantage.sh (AWS Price List mirror)
2026-07-30,AWS,ap-south-2,g6e.24xlarge,L40S,4.0,ondemand,18.09328,4.52332,instances.vantage.sh (AWS Price List mirror)
2026-07-30,AWS,ap-south-2,g6e.2xlarge,L40S,1.0,ondemand,2.69266,2.69266,instances.vantage.sh (AWS Price List mirror)
2026-07-30,AWS,ap-south-2,g6e.48xlarge,L40S,8.0,ondemand,36.18656,4.52332,instances.vantage.sh (AWS Price List mirror)
2026-07-30,AWS,ap-south-2,g6e.4xlarge,L40S,1.0,ondemand,3.60799,3.60799,instances.vantage.sh (AWS Price List mirror)
2026-07-30,AWS,ap-south-2,g6e.8xlarge,L40S,1.0,ondemand,5.43865,5.43865,instances.vantage.sh (AWS Price List mirror)
2026-07-30,AWS,ap-south-2,g6e.xlarge,L40S,1.0,ondemand,2.235,2.235,instances.vantage.sh (AWS Price List mirror)
2026-07-30,AWS,ap-southeast-1,g2.2xlarge,K520,1.0,ondemand,1.0,1.0,instances.vantage.sh (AWS Price List mirror)
2026-07-30,AWS,ap-southeast-1,g2.8xlarge,K520,4.0,ondemand,4.0,1.0,instances.vantage.sh (AWS Price List mirror)
2026-07-30,AWS,ap-southeast-1,g3.16xlarge,M60,4.0,ondemand,6.68,1.67,instances.vantage.sh (AWS Price List mirror)
2026-07-30,AWS,ap-southeast-1,g3.4xlarge,M60,1.0,ondemand,1.67,1.67,instances.vantage.sh (AWS Price List mirror)
2026-07-30,AWS,ap-southeast-1,g3.8xlarge,M60,2.0,ondemand,3.34,1.67,instances.vantage.sh (AWS Price List mirror)
2026-07-30,AWS,ap-southeast-1,g4dn.12xlarge,T4,4.0,ondemand,5.474,1.3685,instances.vantage.sh (AWS Price List mirror)
2026-07-30,AWS,ap-southeast-1,g4dn.12xlarge,T4,4.0,spot,2.077733,0.51943325,instances.vantage.sh (AWS Price List mirror)
2026-07-30,AWS,ap-southeast-1,g4dn.16xlarge,T4,1.0,ondemand,6.089,6.089,instances.vantage.sh (AWS Price List mirror)
2026-07-30,AWS,ap-southeast-1,g4dn.16xlarge,T4,1.0,spot,1.889567,1.889567,instances.vantage.sh (AWS Price List mirror)
2026-07-30,AWS,ap-southeast-1,g4dn.2xlarge,T4,1.0,ondemand,1.052,1.052,instances.vantage.sh (AWS Price List mirror)
2026-07-30,AWS,ap-southeast-1,g4dn.2xlarge,T4,1.0,spot,0.4908,0.4908,instances.vantage.sh (AWS Price List mirror)
2026-07-30,AWS,ap-southeast-1,g4dn.4xlarge,T4,1.0,ondemand,1.685,1.685,instances.vantage.sh (AWS Price List mirror)
2026-07-30,AWS,ap-southeast-1,g4dn.4xlarge,T4,1.0,spot,0.691767,0.691767,instances.vantage.sh (AWS Price List mirror)
2026-07-30,AWS,ap-southeast-1,g4dn.8xlarge,T4,1.0,ondemand,3.045,3.045,instances.vantage.sh (AWS Price List mirror)
2026-07-30,AWS,ap-southeast-1,g4dn.8xlarge,T4,1.0,spot,0.9377,0.9377,instances.vantage.sh (AWS Price List mirror)
2026-07-30,AWS,ap-southeast-1,g4dn.metal,T4,8.0,ondemand,10.948,1.3685,instances.vantage.sh (AWS Price List mirror)
2026-07-30,AWS,ap-southeast-1,g4dn.metal,T4,8.0,spot,3.920167,0.490020875,instances.vantage.sh (AWS Price List mirror)
2026-07-30,AWS,ap-southeast-1,g4dn.xlarge,T4,1.0,ondemand,0.736,0.736,instances.vantage.sh (AWS Price List mirror)
2026-07-30,AWS,ap-southeast-1,g4dn.xlarge,T4,1.0,spot,0.3447,0.3447,instances.vantage.sh (AWS Price List mirror)
2026-07-30,AWS,ap-southeast-1,g5g.16xlarge,T4G,2.0,ondemand,3.8395,1.91975,instances.vantage.sh (AWS Price List mirror)
2026-07-30,AWS,ap-southeast-1,g5g.16xlarge,T4G,2.0,spot,0.8059,0.40295,instances.vantage.sh (AWS Price List mirror)
2026-07-30,AWS,ap-southeast-1,g5g.2xlarge,T4G,1.0,ondemand,0.778,0.778,instances.vantage.sh (AWS Price List mirror)
2026-07-30,AWS,ap-southeast-1,g5g.2xlarge,T4G,1.0,spot,0.3265,0.3265,instances.vantage.sh (AWS Price List mirror)
2026-07-30,AWS,ap-southeast-1,g5g.4xlarge,T4G,1.0,ondemand,1.1586,1.1586,instances.vantage.sh (AWS Price List mirror)
2026-07-30,AWS,ap-southeast-1,g5g.4xlarge,T4G,1.0,spot,0.39935,0.39935,instances.vantage.sh (AWS Price List mirror)
2026-07-30,AWS,ap-southeast-1,g5g.8xlarge,T4G,1.0,ondemand,1.9198,1.9198,instances.vantage.sh (AWS Price List mirror)
2026-07-30,AWS,ap-southeast-1,g5g.8xlarge,T4G,1.0,spot,0.7969,0.7969,instances.vantage.sh (AWS Price List mirror)
2026-07-30,AWS,ap-southeast-1,g5g.metal,T4G,2.0,ondemand,3.8395,1.91975,instances.vantage.sh (AWS Price List mirror)
2026-07-30,AWS,ap-southeast-1,g5g.metal,T4G,2.0,spot,0.8334,0.4167,instances.vantage.sh (AWS Price List mirror)
2026-07-30,AWS,ap-southeast-1,g5g.xlarge,T4G,1.0,ondemand,0.5877,0.5877,instances.vantage.sh (AWS Price List mirror)
2026-07-30,AWS,ap-southeast-1,g5g.xlarge,T4G,1.0,spot,0.2491,0.2491,instances.vantage.sh (AWS Price List mirror)
2026-07-30,AWS,ap-southeast-1,p2.16xlarge,K80,16.0,ondemand,27.488,1.718,instances.vantage.sh (AWS Price List mirror)
2026-07-30,AWS,ap-southeast-1,p2.8xlarge,K80,8.0,ondemand,13.744,1.718,instances.vantage.sh (AWS Price List mirror)
2026-07-30,AWS,ap-southeast-1,p2.xlarge,K80,1.0,ondemand,1.718,1.718,instances.vantage.sh (AWS Price List mirror)
2026-07-30,AWS,ap-southeast-1,p3.16xlarge,V100,8.0,ondemand,33.872,4.234,instances.vantage.sh (AWS Price List mirror)
2026-07-30,AWS,ap-southeast-1,p3.16xlarge,V100,8.0,spot,33.19456,4.14932,instances.vantage.sh (AWS Price List mirror)
2026-07-30,AWS,ap-southeast-1,p3.2xlarge,V100,1.0,ondemand,4.234,4.234,instances.vantage.sh (AWS Price List mirror)
2026-07-30,AWS,ap-southeast-1,p3.2xlarge,V100,1.0,spot,4.234,4.234,instances.vantage.sh (AWS Price List mirror)
2026-07-30,AWS,ap-southeast-1,p3.8xlarge,V100,4.0,ondemand,16.936,4.234,instances.vantage.sh (AWS Price List mirror)
2026-07-30,AWS,ap-southeast-1,p3.8xlarge,V100,4.0,spot,16.936,4.234,instances.vantage.sh (AWS Price List mirror)
2026-07-30,AWS,ap-southeast-1,p4d.24xlarge,A100,8.0,ondemand,26.34917,3.29364625,instances.vantage.sh (AWS Price List mirror)
2026-07-30,AWS,ap-southeast-1,p4de.24xlarge,A100,8.0,ondemand,32.93646,4.1170575,instances.vantage.sh (AWS Price List mirror)
2026-07-30,AWS,ap-southeast-1,p4de.24xlarge,A100,8.0,spot,32.9365,4.1170625,instances.vantage.sh (AWS Price List mirror)
2026-07-30,AWS,ap-southeast-1-bkk-1,g4dn.2xlarge,T4,1.0,ondemand,1.578,1.578,instances.vantage.sh (AWS Price List mirror)
2026-07-30,AWS,ap-southeast-1-mnl-1,g4dn.2xlarge,T4,1.0,ondemand,1.368,1.368,instances.vantage.sh (AWS Price List mirror)
2026-07-30,AWS,ap-southeast-2,g2.2xlarge,K520,1.0,ondemand,0.898,0.898,instances.vantage.sh (AWS Price List mirror)
2026-07-30,AWS,ap-southeast-2,g2.8xlarge,K520,4.0,ondemand,3.592,0.898,instances.vantage.sh (AWS Price List mirror)
2026-07-30,AWS,ap-southeast-2,g3.16xlarge,M60,4.0,ondemand,7.016,1.754,instances.vantage.sh (AWS Price List mirror)
2026-07-30,AWS,ap-southeast-2,g3.4xlarge,M60,1.0,ondemand,1.754,1.754,instances.vantage.sh (AWS Price List mirror)
2026-07-30,AWS,ap-southeast-2,g3.8xlarge,M60,2.0,ondemand,3.508,1.754,instances.vantage.sh (AWS Price List mirror)
2026-07-30,AWS,ap-southeast-2,g3s.xlarge,M60,1.0,ondemand,1.154,1.154,instances.vantage.sh (AWS Price List mirror)
2026-07-30,AWS,ap-southeast-2,g4dn.12xlarge,T4,4.0,ondemand,5.087,1.27175,instances.vantage.sh (AWS Price List mirror)
2026-07-30,AWS,ap-southeast-2,g4dn.12xlarge,T4,4.0,spot,2.4027,0.600675,instances.vantage.sh (AWS Price List mirror)
2026-07-30,AWS,ap-southeast-2,g4dn.16xlarge,T4,1.0,ondemand,5.659,5.659,instances.vantage.sh (AWS Price List mirror)
2026-07-30,AWS,ap-southeast-2,g4dn.16xlarge,T4,1.0,spot,1.327633,1.327633,instances.vantage.sh (AWS Price List mirror)
2026-07-30,AWS,ap-southeast-2,g4dn.2xlarge,T4,1.0,ondemand,0.978,0.978,instances.vantage.sh (AWS Price List mirror)
2026-07-30,AWS,ap-southeast-2,g4dn.2xlarge,T4,1.0,spot,0.516167,0.516167,instances.vantage.sh (AWS Price List mirror)
2026-07-30,AWS,ap-southeast-2,g4dn.4xlarge,T4,1.0,ondemand,1.566,1.566,instances.vantage.sh (AWS Price List mirror)
2026-07-30,AWS,ap-southeast-2,g4dn.4xlarge,T4,1.0,spot,0.6206,0.6206,instances.vantage.sh (AWS Price List mirror)
2026-07-30,AWS,ap-southeast-2,g4dn.8xlarge,T4,1.0,ondemand,2.83,2.83,instances.vantage.sh (AWS Price List mirror)
2026-07-30,AWS,ap-southeast-2,g4dn.8xlarge,T4,1.0,spot,0.952567,0.952567,instances.vantage.sh (AWS Price List mirror)
2026-07-30,AWS,ap-southeast-2,g4dn.metal,T4,8.0,ondemand,10.174,1.27175,instances.vantage.sh (AWS Price List mirror)
2026-07-30,AWS,ap-southeast-2,g4dn.metal,T4,8.0,spot,4.334333,0.541791625,instances.vantage.sh (AWS Price List mirror)
2026-07-30,AWS,ap-southeast-2,g4dn.xlarge,T4,1.0,ondemand,0.684,0.684,instances.vantage.sh (AWS Price List mirror)
2026-07-30,AWS,ap-southeast-2,g4dn.xlarge,T4,1.0,spot,0.351367,0.351367,instances.vantage.sh (AWS Price List mirror)
2026-07-30,AWS,ap-southeast-2,g5.12xlarge,A10G,4.0,ondemand,7.37473,1.8436825,instances.vantage.sh (AWS Price List mirror)
2026-07-30,AWS,ap-southeast-2,g5.12xlarge,A10G,4.0,spot,5.0227,1.255675,instances.vantage.sh (AWS Price List mirror)
2026-07-30,AWS,ap-southeast-2,g5.16xlarge,A10G,1.0,ondemand,5.32561,5.32561,instances.vantage.sh (AWS Price List mirror)
2026-07-30,AWS,ap-southeast-2,g5.16xlarge,A10G,1.0,spot,1.52875,1.52875,instances.vantage.sh (AWS Price List mirror)
2026-07-30,AWS,ap-southeast-2,g5.24xlarge,A10G,4.0,ondemand,10.58882,2.647205,instances.vantage.sh (AWS Price List mirror)
2026-07-30,AWS,ap-southeast-2,g5.24xlarge,A10G,4.0,spot,10.5888,2.6472,instances.vantage.sh (AWS Price List mirror)
2026-07-30,AWS,ap-southeast-2,g5.2xlarge,A10G,1.0,ondemand,1.57584,1.57584,instances.vantage.sh (AWS Price List mirror)
2026-07-30,AWS,ap-southeast-2,g5.2xlarge,A10G,1.0,spot,0.7158,0.7158,instances.vantage.sh (AWS Price List mirror)
2026-07-30,AWS,ap-southeast-2,g5.48xlarge,A10G,8.0,ondemand,21.17764,2.647205,instances.vantage.sh (AWS Price List mirror)
2026-07-30,AWS,ap-southeast-2,g5.48xlarge,A10G,8.0,spot,19.8531,2.4816375,instances.vantage.sh (AWS Price List mirror)
2026-07-30,AWS,ap-southeast-2,g5.4xlarge,A10G,1.0,ondemand,2.11152,2.11152,instances.vantage.sh (AWS Price List mirror)
2026-07-30,AWS,ap-southeast-2,g5.4xlarge,A10G,1.0,spot,1.0194,1.0194,instances.vantage.sh (AWS Price List mirror)
2026-07-30,AWS,ap-southeast-2,g5.8xlarge,A10G,1.0,ondemand,3.18289,3.18289,instances.vantage.sh (AWS Price List mirror)
2026-07-30,AWS,ap-southeast-2,g5.8xlarge,A10G,1.0,spot,1.139,1.139,instances.vantage.sh (AWS Price List mirror)
2026-07-30,AWS,ap-southeast-2,g5.xlarge,A10G,1.0,ondemand,1.308,1.308,instances.vantage.sh (AWS Price List mirror)
2026-07-30,AWS,ap-southeast-2,g5.xlarge,A10G,1.0,spot,0.71885,0.71885,instances.vantage.sh (AWS Price List mirror)
2026-07-30,AWS,ap-southeast-2,g6.12xlarge,L4,4.0,ondemand,5.98299,1.4957475,instances.vantage.sh (AWS Price List mirror)
2026-07-30,AWS,ap-southeast-2,g6.12xlarge,L4,4.0,spot,3.649867,0.91246675,instances.vantage.sh (AWS Price List mirror)
2026-07-30,AWS,ap-southeast-2,g6.16xlarge,L4,1.0,ondemand,4.41652,4.41652,instances.vantage.sh (AWS Price List mirror)
2026-07-30,AWS,ap-southeast-2,g6.16xlarge,L4,1.0,spot,1.6174,1.6174,instances.vantage.sh (AWS Price List mirror)
2026-07-30,AWS,ap-southeast-2,g6.24xlarge,L4,4.0,ondemand,8.67909,2.1697725,instances.vantage.sh (AWS Price List mirror)
2026-07-30,AWS,ap-southeast-2,g6.24xlarge,L4,4.0,spot,4.6302,1.15755,instances.vantage.sh (AWS Price List mirror)
2026-07-30,AWS,ap-southeast-2,g6.2xlarge,L4,1.0,ondemand,1.27107,1.27107,instances.vantage.sh (AWS Price List mirror)
2026-07-30,AWS,ap-southeast-2,g6.2xlarge,L4,1.0,spot,0.7286,0.7286,instances.vantage.sh (AWS Price List mirror)
2026-07-30,AWS,ap-southeast-2,g6.48xlarge,L4,8.0,ondemand,17.35817,2.16977125,instances.vantage.sh (AWS Price List mirror)
2026-07-30,AWS,ap-southeast-2,g6.48xlarge,L4,8.0,spot,10.491233,1.311404125,instances.vantage.sh (AWS Price List mirror)
2026-07-30,AWS,ap-southeast-2,g6.4xlarge,L4,1.0,ondemand,1.72042,1.72042,instances.vantage.sh (AWS Price List mirror)
2026-07-30,AWS,ap-southeast-2,g6.4xlarge,L4,1.0,spot,0.782667,0.782667,instances.vantage.sh (AWS Price List mirror)
2026-07-30,AWS,ap-southeast-2,g6.8xlarge,L4,1.0,ondemand,2.61912,2.61912,instances.vantage.sh (AWS Price List mirror)
2026-07-30,AWS,ap-southeast-2,g6.8xlarge,L4,1.0,spot,1.092367,1.092367,instances.vantage.sh (AWS Price List mirror)
2026-07-30,AWS,ap-southeast-2,g6.xlarge,L4,1.0,ondemand,1.0464,1.0464,instances.vantage.sh (AWS Price List mirror)
2026-07-30,AWS,ap-southeast-2,g6.xlarge,L4,1.0,spot,0.625267,0.625267,instances.vantage.sh (AWS Price List mirror)
2026-07-30,AWS,ap-southeast-2,g6f.2xlarge,L4,0.25,ondemand,0.61759,2.47036,instances.vantage.sh (AWS Price List mirror)
2026-07-30,AWS,ap-southeast-2,g6f.2xlarge,L4,0.25,spot,0.32545,1.3018,instances.vantage.sh (AWS Price List mirror)
2026-07-30,AWS,ap-southeast-2,g6f.4xlarge,L4,0.5,ondemand,1.23517,2.47034,instances.vantage.sh (AWS Price List mirror)
2026-07-30,AWS,ap-southeast-2,g6f.4xlarge,L4,0.5,spot,0.85295,1.7059,instances.vantage.sh (AWS Price List mirror)
2026-07-30,AWS,ap-southeast-2,g6f.large,L4,0.125,ondemand,0.26264,2.10112,instances.vantage.sh (AWS Price List mirror)
2026-07-30,AWS,ap-southeast-2,g6f.large,L4,0.125,spot,0.17305,1.3844,instances.vantage.sh (AWS Price List mirror)
2026-07-30,AWS,ap-southeast-2,g6f.xlarge,L4,0.125,ondemand,0.30879,2.47032,instances.vantage.sh (AWS Price List mirror)
2026-07-30,AWS,ap-southeast-2,g6f.xlarge,L4,0.125,spot,0.15635,1.2508,instances.vantage.sh (AWS Price List mirror)
2026-07-30,AWS,ap-southeast-2,gr6.4xlarge,L4,1.0,ondemand,2.0012,2.0012,instances.vantage.sh (AWS Price List mirror)
2026-07-30,AWS,ap-southeast-2,gr6.4xlarge,L4,1.0,spot,0.5514,0.5514,instances.vantage.sh (AWS Price List mirror)
2026-07-30,AWS,ap-southeast-2,gr6.8xlarge,L4,1.0,ondemand,3.1807,3.1807,instances.vantage.sh (AWS Price List mirror)
2026-07-30,AWS,ap-southeast-2,gr6.8xlarge,L4,1.0,spot,1.27825,1.27825,instances.vantage.sh (AWS Price List mirror)
2026-07-30,AWS,ap-southeast-2,gr6f.4xlarge,L4,0.5,ondemand,1.38597,2.77194,instances.vantage.sh (AWS Price List mirror)
2026-07-30,AWS,ap-southeast-2,gr6f.4xlarge,L4,0.5,spot,0.84845,1.6969,instances.vantage.sh (AWS Price List mirror)
2026-07-30,AWS,ap-southeast-2,p2.16xlarge,K80,16.0,ondemand,24.672,1.542,instances.vantage.sh (AWS Price List mirror)
2026-07-30,AWS,ap-southeast-2,p2.8xlarge,K80,8.0,ondemand,12.336,1.542,instances.vantage.sh (AWS Price List mirror)
2026-07-30,AWS,ap-southeast-2,p2.xlarge,K80,1.0,ondemand,1.542,1.542,instances.vantage.sh (AWS Price List mirror)
2026-07-30,AWS,ap-southeast-2,p3.16xlarge,V100,8.0,ondemand,33.872,4.234,instances.vantage.sh (AWS Price List mirror)
2026-07-30,AWS,ap-southeast-2,p3.16xlarge,V100,8.0,spot,33.872,4.234,instances.vantage.sh (AWS Price List mirror)
2026-07-30,AWS,ap-southeast-2,p3.2xlarge,V100,1.0,ondemand,4.234,4.234,instances.vantage.sh (AWS Price List mirror)
2026-07-30,AWS,ap-southeast-2,p3.2xlarge,V100,1.0,spot,4.234,4.234,instances.vantage.sh (AWS Price List mirror)
2026-07-30,AWS,ap-southeast-2,p3.8xlarge,V100,4.0,ondemand,16.936,4.234,instances.vantage.sh (AWS Price List mirror)
2026-07-30,AWS,ap-southeast-2,p3.8xlarge,V100,4.0,spot,9.3148,2.3287,instances.vantage.sh (AWS Price List mirror)
2026-07-30,AWS,ap-southeast-2,p4d.24xlarge,A100,8.0,ondemand,28.54493,3.56811625,instances.vantage.sh (AWS Price List mirror)
2026-07-30,AWS,ap-southeast-2,p4d.24xlarge,A100,8.0,spot,10.3582,1.294775,instances.vantage.sh (AWS Price List mirror)
2026-07-30,AWS,ap-southeast-2,p5.48xlarge,H100,8.0,ondemand,71.552,8.944,instances.vantage.sh (AWS Price List mirror)
2026-07-30,AWS,ap-southeast-2,p5.48xlarge,H100,8.0,spot,56.001033,7.000129125,instances.vantage.sh (AWS Price List mirror)
2026-07-30,AWS,ap-southeast-2,p5.4xlarge,H100,1.0,ondemand,8.944,8.944,instances.vantage.sh (AWS Price List mirror)
2026-07-30,AWS,ap-southeast-2-akl-1,g4dn.2xlarge,T4,1.0,ondemand,1.418,1.418,instances.vantage.sh (AWS Price List mirror)
2026-07-30,AWS,ap-southeast-2-per-1,g4dn.2xlarge,T4,1.0,ondemand,1.418,1.418,instances.vantage.sh (AWS Price List mirror)
2026-07-30,AWS,ap-southeast-3,g5.12xlarge,A10G,4.0,ondemand,7.93854,1.984635,instances.vantage.sh (AWS Price List mirror)
2026-07-30,AWS,ap-southeast-3,g5.12xlarge,A10G,4.0,spot,2.143406,0.5358515,instances.vantage.sh (AWS Price List mirror)
2026-07-30,AWS,ap-southeast-3,g5.16xlarge,A10G,1.0,ondemand,5.73277,5.73277,instances.vantage.sh (AWS Price List mirror)
2026-07-30,AWS,ap-southeast-3,g5.16xlarge,A10G,1.0,spot,0.74526,0.74526,instances.vantage.sh (AWS Price List mirror)
2026-07-30,AWS,ap-southeast-3,g5.24xlarge,A10G,4.0,ondemand,11.39836,2.84959,instances.vantage.sh (AWS Price List mirror)
2026-07-30,AWS,ap-southeast-3,g5.24xlarge,A10G,4.0,spot,5.129262,1.2823155,instances.vantage.sh (AWS Price List mirror)
2026-07-30,AWS,ap-southeast-3,g5.2xlarge,A10G,1.0,ondemand,1.69632,1.69632,instances.vantage.sh (AWS Price List mirror)
2026-07-30,AWS,ap-southeast-3,g5.2xlarge,A10G,1.0,spot,0.407117,0.407117,instances.vantage.sh (AWS Price List mirror)
2026-07-30,AWS,ap-southeast-3,g5.48xlarge,A10G,8.0,ondemand,22.79672,2.84959,instances.vantage.sh (AWS Price List mirror)
2026-07-30,AWS,ap-southeast-3,g5.48xlarge,A10G,8.0,spot,10.942426,1.36780325,instances.vantage.sh (AWS Price List mirror)
2026-07-30,AWS,ap-southeast-3,g5.4xlarge,A10G,1.0,ondemand,2.27295,2.27295,instances.vantage.sh (AWS Price List mirror)
2026-07-30,AWS,ap-southeast-3,g5.4xlarge,A10G,1.0,spot,0.43186,0.43186,instances.vantage.sh (AWS Price List mirror)
2026-07-30,AWS,ap-southeast-3,g5.8xlarge,A10G,1.0,ondemand,3.42623,3.42623,instances.vantage.sh (AWS Price List mirror)
2026-07-30,AWS,ap-southeast-3,g5.8xlarge,A10G,1.0,spot,0.959344,0.959344,instances.vantage.sh (AWS Price List mirror)
2026-07-30,AWS,ap-southeast-3,g5.xlarge,A10G,1.0,ondemand,1.408,1.408,instances.vantage.sh (AWS Price List mirror)
2026-07-30,AWS,ap-southeast-3,g5.xlarge,A10G,1.0,spot,0.39424,0.39424,instances.vantage.sh (AWS Price List mirror)
2026-07-30,AWS,ap-southeast-3,g5g.metal,T4G,2.0,ondemand,3.8395,1.91975,instances.vantage.sh (AWS Price List mirror)
2026-07-30,AWS,ap-southeast-3,g5g.metal,T4G,2.0,spot,0.883085,0.4415425,instances.vantage.sh (AWS Price List mirror)
2026-07-30,AWS,ap-southeast-3,p5.48xlarge,H100,8.0,ondemand,75.9552,9.4944,instances.vantage.sh (AWS Price List mirror)
2026-07-30,AWS,ap-southeast-3,p5.48xlarge,H100,8.0,spot,75.9552,9.4944,instances.vantage.sh (AWS Price List mirror)
2026-07-30,AWS,ap-southeast-3,p5.4xlarge,H100,1.0,ondemand,9.4944,9.4944,instances.vantage.sh (AWS Price List mirror)
2026-07-30,AWS,ap-southeast-3,p5.4xlarge,H100,1.0,spot,9.4944,9.4944,instances.vantage.sh (AWS Price List mirror)
2026-07-30,AWS,ap-southeast-3,p5en.48xlarge,H200,8.0,ondemand,87.34848,10.91856,instances.vantage.sh (AWS Price List mirror)
2026-07-30,AWS,ap-southeast-3,p5en.48xlarge,H200,8.0,spot,27.951514,3.49393925,instances.vantage.sh (AWS Price List mirror)
2026-07-30,AWS,ap-southeast-5,g6.12xlarge,L4,4.0,ondemand,5.7966,1.44915,instances.vantage.sh (AWS Price List mirror)
2026-07-30,AWS,ap-southeast-5,g6.12xlarge,L4,4.0,spot,4.231518,1.0578795,instances.vantage.sh (AWS Price List mirror)
2026-07-30,AWS,ap-southeast-5,g6.16xlarge,L4,1.0,ondemand,4.27892,4.27892,instances.vantage.sh (AWS Price List mirror)
2026-07-30,AWS,ap-southeast-5,g6.16xlarge,L4,1.0,spot,0.855784,0.855784,instances.vantage.sh (AWS Price List mirror)
2026-07-30,AWS,ap-southeast-5,g6.24xlarge,L4,4.0,ondemand,8.4087,2.102175,instances.vantage.sh (AWS Price List mirror)
2026-07-30,AWS,ap-southeast-5,g6.24xlarge,L4,4.0,spot,3.699828,0.924957,instances.vantage.sh (AWS Price List mirror)
2026-07-30,AWS,ap-southeast-5,g6.2xlarge,L4,1.0,ondemand,1.23147,1.23147,instances.vantage.sh (AWS Price List mirror)
2026-07-30,AWS,ap-southeast-5,g6.2xlarge,L4,1.0,spot,1.083694,1.083694,instances.vantage.sh (AWS Price List mirror)
2026-07-30,AWS,ap-southeast-5,g6.48xlarge,L4,8.0,ondemand,16.81739,2.10217375,instances.vantage.sh (AWS Price List mirror)
2026-07-30,AWS,ap-southeast-5,g6.48xlarge,L4,8.0,spot,13.117564,1.6396955,instances.vantage.sh (AWS Price List mirror)
2026-07-30,AWS,ap-southeast-5,g6.4xlarge,L4,1.0,ondemand,1.66682,1.66682,instances.vantage.sh (AWS Price List mirror)
2026-07-30,AWS,ap-southeast-5,g6.4xlarge,L4,1.0,spot,0.900083,0.900083,instances.vantage.sh (AWS Price List mirror)
2026-07-30,AWS,ap-southeast-5,g6.8xlarge,L4,1.0,ondemand,2.53752,2.53752,instances.vantage.sh (AWS Price List mirror)
2026-07-30,AWS,ap-southeast-5,g6.8xlarge,L4,1.0,spot,0.68513,0.68513,instances.vantage.sh (AWS Price List mirror)
2026-07-30,AWS,ap-southeast-5,g6.xlarge,L4,1.0,ondemand,1.0138,1.0138,instances.vantage.sh (AWS Price List mirror)
2026-07-30,AWS,ap-southeast-5,g6.xlarge,L4,1.0,spot,0.91242,0.91242,instances.vantage.sh (AWS Price List mirror)
2026-07-30,AWS,ap-southeast-5,gr6.4xlarge,L4,1.0,ondemand,1.9388,1.9388,instances.vantage.sh (AWS Price List mirror)
2026-07-30,AWS,ap-southeast-5,gr6.4xlarge,L4,1.0,spot,0.542864,0.542864,instances.vantage.sh (AWS Price List mirror)
2026-07-30,AWS,ap-southeast-5,gr6.8xlarge,L4,1.0,ondemand,3.08152,3.08152,instances.vantage.sh (AWS Price List mirror)
2026-07-30,AWS,ap-southeast-5,gr6.8xlarge,L4,1.0,spot,0.554674,0.554674,instances.vantage.sh (AWS Price List mirror)
2026-07-30,AWS,ca-central-1,g3.16xlarge,M60,4.0,ondemand,5.664,1.416,instances.vantage.sh (AWS Price List mirror)
2026-07-30,AWS,ca-central-1,g3.4xlarge,M60,1.0,ondemand,1.416,1.416,instances.vantage.sh (AWS Price List mirror)
2026-07-30,AWS,ca-central-1,g3.8xlarge,M60,2.0,ondemand,2.832,1.416,instances.vantage.sh (AWS Price List mirror)
2026-07-30,AWS,ca-central-1,g4ad.16xlarge,V520,4.0,ondemand,3.872,0.968,instances.vantage.sh (AWS Price List mirror)
2026-07-30,AWS,ca-central-1,g4ad.16xlarge,V520,4.0,spot,0.7744,0.1936,instances.vantage.sh (AWS Price List mirror)
2026-07-30,AWS,ca-central-1,g4ad.2xlarge,V520,1.0,ondemand,0.60421,0.60421,instances.vantage.sh (AWS Price List mirror)
2026-07-30,AWS,ca-central-1,g4ad.2xlarge,V520,1.0,spot,0.2152,0.2152,instances.vantage.sh (AWS Price List mirror)
2026-07-30,AWS,ca-central-1,g4ad.4xlarge,V520,1.0,ondemand,0.968,0.968,instances.vantage.sh (AWS Price List mirror)
2026-07-30,AWS,ca-central-1,g4ad.4xlarge,V520,1.0,spot,0.34855,0.34855,instances.vantage.sh (AWS Price List mirror)
2026-07-30,AWS,ca-central-1,g4ad.8xlarge,V520,2.0,ondemand,1.936,0.968,instances.vantage.sh (AWS Price List mirror)
2026-07-30,AWS,ca-central-1,g4ad.8xlarge,V520,2.0,spot,0.5566,0.2783,instances.vantage.sh (AWS Price List mirror)
2026-07-30,AWS,ca-central-1,g4ad.xlarge,V520,1.0,ondemand,0.42263,0.42263,instances.vantage.sh (AWS Price List mirror)
2026-07-30,AWS,ca-central-1,g4ad.xlarge,V520,1.0,spot,0.08855,0.08855,instances.vantage.sh (AWS Price List mirror)
2026-07-30,AWS,ca-central-1,g4dn.12xlarge,T4,4.0,ondemand,4.343,1.08575,instances.vantage.sh (AWS Price List mirror)
2026-07-30,AWS,ca-central-1,g4dn.12xlarge,T4,4.0,spot,1.52245,0.3806125,instances.vantage.sh (AWS Price List mirror)
2026-07-30,AWS,ca-central-1,g4dn.16xlarge,T4,1.0,ondemand,4.832,4.832,instances.vantage.sh (AWS Price List mirror)
2026-07-30,AWS,ca-central-1,g4dn.16xlarge,T4,1.0,spot,0.8824,0.8824,instances.vantage.sh (AWS Price List mirror)
2026-07-30,AWS,ca-central-1,g4dn.2xlarge,T4,1.0,ondemand,0.835,0.835,instances.vantage.sh (AWS Price List mirror)
2026-07-30,AWS,ca-central-1,g4dn.2xlarge,T4,1.0,spot,0.2855,0.2855,instances.vantage.sh (AWS Price List mirror)
2026-07-30,AWS,ca-central-1,g4dn.4xlarge,T4,1.0,ondemand,1.337,1.337,instances.vantage.sh (AWS Price List mirror)
2026-07-30,AWS,ca-central-1,g4dn.4xlarge,T4,1.0,spot,0.613,0.613,instances.vantage.sh (AWS Price List mirror)
2026-07-30,AWS,ca-central-1,g4dn.8xlarge,T4,1.0,ondemand,2.416,2.416,instances.vantage.sh (AWS Price List mirror)
2026-07-30,AWS,ca-central-1,g4dn.8xlarge,T4,1.0,spot,0.46555,0.46555,instances.vantage.sh (AWS Price List mirror)
2026-07-30,AWS,ca-central-1,g4dn.metal,T4,8.0,ondemand,8.687,1.085875,instances.vantage.sh (AWS Price List mirror)
2026-07-30,AWS,ca-central-1,g4dn.metal,T4,8.0,spot,4.7724,0.59655,instances.vantage.sh (AWS Price List mirror)
2026-07-30,AWS,ca-central-1,g4dn.xlarge,T4,1.0,ondemand,0.584,0.584,instances.vantage.sh (AWS Price List mirror)
2026-07-30,AWS,ca-central-1,g4dn.xlarge,T4,1.0,spot,0.2318,0.2318,instances.vantage.sh (AWS Price List mirror)
2026-07-30,AWS,ca-central-1,g5.12xlarge,A10G,4.0,ondemand,6.29784,1.57446,instances.vantage.sh (AWS Price List mirror)
2026-07-30,AWS,ca-central-1,g5.12xlarge,A10G,4.0,spot,2.6173,0.654325,instances.vantage.sh (AWS Price List mirror)
2026-07-30,AWS,ca-central-1,g5.16xlarge,A10G,1.0,ondemand,4.54794,4.54794,instances.vantage.sh (AWS Price List mirror)
2026-07-30,AWS,ca-central-1,g5.16xlarge,A10G,1.0,spot,1.12085,1.12085,instances.vantage.sh (AWS Price List mirror)
2026-07-30,AWS,ca-central-1,g5.24xlarge,A10G,4.0,ondemand,9.04259,2.2606475,instances.vantage.sh (AWS Price List mirror)
2026-07-30,AWS,ca-central-1,g5.24xlarge,A10G,4.0,spot,6.26485,1.5662125,instances.vantage.sh (AWS Price List mirror)
2026-07-30,AWS,ca-central-1,g5.2xlarge,A10G,1.0,ondemand,1.34573,1.34573,instances.vantage.sh (AWS Price List mirror)
2026-07-30,AWS,ca-central-1,g5.2xlarge,A10G,1.0,spot,0.56255,0.56255,instances.vantage.sh (AWS Price List mirror)
2026-07-30,AWS,ca-central-1,g5.48xlarge,A10G,8.0,ondemand,18.08518,2.2606475,instances.vantage.sh (AWS Price List mirror)
2026-07-30,AWS,ca-central-1,g5.48xlarge,A10G,8.0,spot,11.4723,1.4340375,instances.vantage.sh (AWS Price List mirror)
2026-07-30,AWS,ca-central-1,g5.4xlarge,A10G,1.0,ondemand,1.80319,1.80319,instances.vantage.sh (AWS Price List mirror)
2026-07-30,AWS,ca-central-1,g5.4xlarge,A10G,1.0,spot,0.8969,0.8969,instances.vantage.sh (AWS Price List mirror)
2026-07-30,AWS,ca-central-1,g5.8xlarge,A10G,1.0,ondemand,2.71811,2.71811,instances.vantage.sh (AWS Price List mirror)
2026-07-30,AWS,ca-central-1,g5.8xlarge,A10G,1.0,spot,0.7618,0.7618,instances.vantage.sh (AWS Price List mirror)
2026-07-30,AWS,ca-central-1,g5.xlarge,A10G,1.0,ondemand,1.117,1.117,instances.vantage.sh (AWS Price List mirror)
2026-07-30,AWS,ca-central-1,g5.xlarge,A10G,1.0,spot,0.52565,0.52565,instances.vantage.sh (AWS Price List mirror)
2026-07-30,AWS,ca-central-1,g6.12xlarge,L4,4.0,ondemand,5.10933,1.2773325,instances.vantage.sh (AWS Price List mirror)
2026-07-30,AWS,ca-central-1,g6.12xlarge,L4,4.0,spot,2.8443,0.711075,instances.vantage.sh (AWS Price List mirror)
2026-07-30,AWS,ca-central-1,g6.16xlarge,L4,1.0,ondemand,3.7716,3.7716,instances.vantage.sh (AWS Price List mirror)
2026-07-30,AWS,ca-central-1,g6.16xlarge,L4,1.0,spot,1.236567,1.236567,instances.vantage.sh (AWS Price List mirror)
2026-07-30,AWS,ca-central-1,g6.24xlarge,L4,4.0,ondemand,7.41173,1.8529325,instances.vantage.sh (AWS Price List mirror)
2026-07-30,AWS,ca-central-1,g6.24xlarge,L4,4.0,spot,5.4704,1.3676,instances.vantage.sh (AWS Price List mirror)
2026-07-30,AWS,ca-central-1,g6.2xlarge,L4,1.0,ondemand,1.08547,1.08547,instances.vantage.sh (AWS Price List mirror)
2026-07-30,AWS,ca-central-1,g6.2xlarge,L4,1.0,spot,0.4679,0.4679,instances.vantage.sh (AWS Price List mirror)
2026-07-30,AWS,ca-central-1,g6.48xlarge,L4,8.0,ondemand,14.82346,1.8529325,instances.vantage.sh (AWS Price List mirror)
2026-07-30,AWS,ca-central-1,g6.48xlarge,L4,8.0,spot,11.926333,1.490791625,instances.vantage.sh (AWS Price List mirror)
2026-07-30,AWS,ca-central-1,g6.4xlarge,L4,1.0,ondemand,1.4692,1.4692,instances.vantage.sh (AWS Price List mirror)
2026-07-30,AWS,ca-central-1,g6.4xlarge,L4,1.0,spot,0.869067,0.869067,instances.vantage.sh (AWS Price List mirror)
2026-07-30,AWS,ca-central-1,g6.8xlarge,L4,1.0,ondemand,2.23666,2.23666,instances.vantage.sh (AWS Price List mirror)
2026-07-30,AWS,ca-central-1,g6.8xlarge,L4,1.0,spot,0.844433,0.844433,instances.vantage.sh (AWS Price List mirror)
2026-07-30,AWS,ca-central-1,g6.xlarge,L4,1.0,ondemand,0.8936,0.8936,instances.vantage.sh (AWS Price List mirror)
2026-07-30,AWS,ca-central-1,g6.xlarge,L4,1.0,spot,0.628,0.628,instances.vantage.sh (AWS Price List mirror)
2026-07-30,AWS,ca-central-1,g6f.2xlarge,L4,0.25,ondemand,0.52741,2.10964,instances.vantage.sh (AWS Price List mirror)
2026-07-30,AWS,ca-central-1,g6f.2xlarge,L4,0.25,spot,0.5274,2.1096,instances.vantage.sh (AWS Price List mirror)
2026-07-30,AWS,ca-central-1,g6f.4xlarge,L4,0.5,ondemand,1.05482,2.10964,instances.vantage.sh (AWS Price List mirror)
2026-07-30,AWS,ca-central-1,g6f.4xlarge,L4,0.5,spot,1.0548,2.1096,instances.vantage.sh (AWS Price List mirror)
2026-07-30,AWS,ca-central-1,g6f.large,L4,0.125,ondemand,0.22429,1.79432,instances.vantage.sh (AWS Price List mirror)
2026-07-30,AWS,ca-central-1,g6f.large,L4,0.125,spot,0.2243,1.7944,instances.vantage.sh (AWS Price List mirror)
2026-07-30,AWS,ca-central-1,g6f.xlarge,L4,0.125,ondemand,0.26371,2.10968,instances.vantage.sh (AWS Price List mirror)
2026-07-30,AWS,ca-central-1,g6f.xlarge,L4,0.125,spot,0.2637,2.1096,instances.vantage.sh (AWS Price List mirror)
2026-07-30,AWS,ca-central-1,gr6.4xlarge,L4,1.0,ondemand,1.709,1.709,instances.vantage.sh (AWS Price List mirror)
2026-07-30,AWS,ca-central-1,gr6.4xlarge,L4,1.0,spot,0.4425,0.4425,instances.vantage.sh (AWS Price List mirror)
2026-07-30,AWS,ca-central-1,gr6.8xlarge,L4,1.0,ondemand,2.71628,2.71628,instances.vantage.sh (AWS Price List mirror)
2026-07-30,AWS,ca-central-1,gr6.8xlarge,L4,1.0,spot,0.516,0.516,instances.vantage.sh (AWS Price List mirror)
2026-07-30,AWS,ca-central-1,gr6f.4xlarge,L4,0.5,ondemand,1.1836,2.3672,instances.vantage.sh (AWS Price List mirror)
2026-07-30,AWS,ca-central-1,gr6f.4xlarge,L4,0.5,spot,0.8227,1.6454,instances.vantage.sh (AWS Price List mirror)
2026-07-30,AWS,ca-central-1,p3.16xlarge,V100,8.0,ondemand,26.928,3.366,instances.vantage.sh (AWS Price List mirror)
2026-07-30,AWS,ca-central-1,p3.16xlarge,V100,8.0,spot,11.84832,1.48104,instances.vantage.sh (AWS Price List mirror)
2026-07-30,AWS,ca-central-1,p3.2xlarge,V100,1.0,ondemand,3.366,3.366,instances.vantage.sh (AWS Price List mirror)
2026-07-30,AWS,ca-central-1,p3.2xlarge,V100,1.0,spot,3.366,3.366,instances.vantage.sh (AWS Price List mirror)
2026-07-30,AWS,ca-central-1,p3.8xlarge,V100,4.0,ondemand,13.464,3.366,instances.vantage.sh (AWS Price List mirror)
2026-07-30,AWS,ca-central-1,p3.8xlarge,V100,4.0,spot,7.13592,1.78398,instances.vantage.sh (AWS Price List mirror)
2026-07-30,AWS,ca-central-1,p4d.24xlarge,A100,8.0,ondemand,25.25174,3.1564675,instances.vantage.sh (AWS Price List mirror)
2026-07-30,AWS,ca-central-1,p4d.24xlarge,A100,8.0,spot,23.59835,2.94979375,instances.vantage.sh (AWS Price List mirror)
2026-07-30,AWS,ca-central-1,p5.48xlarge,H100,8.0,ondemand,63.296,7.912,instances.vantage.sh (AWS Price List mirror)
2026-07-30,AWS,ca-central-1,p5.48xlarge,H100,8.0,spot,63.296,7.912,instances.vantage.sh (AWS Price List mirror)
2026-07-30,AWS,ca-central-1-wl1-yto1,g4dn.2xlarge,T4,1.0,ondemand,1.252,1.252,instances.vantage.sh (AWS Price List mirror)
2026-07-30,AWS,eu-central-1,dl2q.24xlarge,Qualcomm AI 100 Accelerators,8.0,ondemand,11.5952,1.4494,instances.vantage.sh (AWS Price List mirror)
2026-07-30,AWS,eu-central-1,dl2q.24xlarge,Qualcomm AI 100 Accelerators,8.0,spot,3.47856,0.43482,instances.vantage.sh (AWS Price List mirror)
2026-07-30,AWS,eu-central-1,g2.2xlarge,K520,1.0,ondemand,0.772,0.772,instances.vantage.sh (AWS Price List mirror)
2026-07-30,AWS,eu-central-1,g2.8xlarge,K520,4.0,ondemand,3.088,0.772,instances.vantage.sh (AWS Price List mirror)
2026-07-30,AWS,eu-central-1,g3.16xlarge,M60,4.0,ondemand,5.7,1.425,instances.vantage.sh (AWS Price List mirror)
2026-07-30,AWS,eu-central-1,g3.4xlarge,M60,1.0,ondemand,1.425,1.425,instances.vantage.sh (AWS Price List mirror)
2026-07-30,AWS,eu-central-1,g3.8xlarge,M60,2.0,ondemand,2.85,1.425,instances.vantage.sh (AWS Price List mirror)
2026-07-30,AWS,eu-central-1,g3s.xlarge,M60,1.0,ondemand,0.938,0.938,instances.vantage.sh (AWS Price List mirror)
2026-07-30,AWS,eu-central-1,g4ad.16xlarge,V520,4.0,ondemand,4.336,1.084,instances.vantage.sh (AWS Price List mirror)
2026-07-30,AWS,eu-central-1,g4ad.16xlarge,V520,4.0,spot,1.2511,0.312775,instances.vantage.sh (AWS Price List mirror)
2026-07-30,AWS,eu-central-1,g4ad.2xlarge,V520,1.0,ondemand,0.67662,0.67662,instances.vantage.sh (AWS Price List mirror)
2026-07-30,AWS,eu-central-1,g4ad.2xlarge,V520,1.0,spot,0.27605,0.27605,instances.vantage.sh (AWS Price List mirror)
2026-07-30,AWS,eu-central-1,g4ad.4xlarge,V520,1.0,ondemand,1.084,1.084,instances.vantage.sh (AWS Price List mirror)
2026-07-30,AWS,eu-central-1,g4ad.4xlarge,V520,1.0,spot,0.559,0.559,instances.vantage.sh (AWS Price List mirror)
2026-07-30,AWS,eu-central-1,g4ad.8xlarge,V520,2.0,ondemand,2.168,1.084,instances.vantage.sh (AWS Price List mirror)
2026-07-30,AWS,eu-central-1,g4ad.8xlarge,V520,2.0,spot,0.8764,0.4382,instances.vantage.sh (AWS Price List mirror)
2026-07-30,AWS,eu-central-1,g4ad.xlarge,V520,1.0,ondemand,0.47327,0.47327,instances.vantage.sh (AWS Price List mirror)
2026-07-30,AWS,eu-central-1,g4ad.xlarge,V520,1.0,spot,0.1392,0.1392,instances.vantage.sh (AWS Price List mirror)
2026-07-30,AWS,eu-central-1,g4dn.12xlarge,T4,4.0,ondemand,4.89,1.2225,instances.vantage.sh (AWS Price List mirror)
2026-07-30,AWS,eu-central-1,g4dn.12xlarge,T4,4.0,spot,1.941133,0.48528325,instances.vantage.sh (AWS Price List mirror)
2026-07-30,AWS,eu-central-1,g4dn.16xlarge,T4,1.0,ondemand,5.44,5.44,instances.vantage.sh (AWS Price List mirror)
2026-07-30,AWS,eu-central-1,g4dn.16xlarge,T4,1.0,spot,1.680433,1.680433,instances.vantage.sh (AWS Price List mirror)
2026-07-30,AWS,eu-central-1,g4dn.2xlarge,T4,1.0,ondemand,0.94,0.94,instances.vantage.sh (AWS Price List mirror)
2026-07-30,AWS,eu-central-1,g4dn.2xlarge,T4,1.0,spot,0.4178,0.4178,instances.vantage.sh (AWS Price List mirror)
2026-07-30,AWS,eu-central-1,g4dn.4xlarge,T4,1.0,ondemand,1.505,1.505,instances.vantage.sh (AWS Price List mirror)
2026-07-30,AWS,eu-central-1,g4dn.4xlarge,T4,1.0,spot,0.590033,0.590033,instances.vantage.sh (AWS Price List mirror)
2026-07-30,AWS,eu-central-1,g4dn.8xlarge,T4,1.0,ondemand,2.72,2.72,instances.vantage.sh (AWS Price List mirror)
2026-07-30,AWS,eu-central-1,g4dn.8xlarge,T4,1.0,spot,1.148933,1.148933,instances.vantage.sh (AWS Price List mirror)
2026-07-30,AWS,eu-central-1,g4dn.metal,T4,8.0,ondemand,9.78,1.2225,instances.vantage.sh (AWS Price List mirror)
2026-07-30,AWS,eu-central-1,g4dn.metal,T4,8.0,spot,4.115867,0.514483375,instances.vantage.sh (AWS Price List mirror)
2026-07-30,AWS,eu-central-1,g4dn.xlarge,T4,1.0,ondemand,0.658,0.658,instances.vantage.sh (AWS Price List mirror)
2026-07-30,AWS,eu-central-1,g4dn.xlarge,T4,1.0,spot,0.299067,0.299067,instances.vantage.sh (AWS Price List mirror)
2026-07-30,AWS,eu-central-1,g5.12xlarge,A10G,4.0,ondemand,7.09282,1.773205,instances.vantage.sh (AWS Price List mirror)
2026-07-30,AWS,eu-central-1,g5.12xlarge,A10G,4.0,spot,3.6049,0.901225,instances.vantage.sh (AWS Price List mirror)
2026-07-30,AWS,eu-central-1,g5.16xlarge,A10G,1.0,ondemand,5.12204,5.12204,instances.vantage.sh (AWS Price List mirror)
2026-07-30,AWS,eu-central-1,g5.16xlarge,A10G,1.0,spot,2.204033,2.204033,instances.vantage.sh (AWS Price List mirror)
2026-07-30,AWS,eu-central-1,g5.24xlarge,A10G,4.0,ondemand,10.18405,2.5460125,instances.vantage.sh (AWS Price List mirror)
2026-07-30,AWS,eu-central-1,g5.24xlarge,A10G,4.0,spot,6.338233,1.58455825,instances.vantage.sh (AWS Price List mirror)
2026-07-30,AWS,eu-central-1,g5.2xlarge,A10G,1.0,ondemand,1.5156,1.5156,instances.vantage.sh (AWS Price List mirror)
2026-07-30,AWS,eu-central-1,g5.2xlarge,A10G,1.0,spot,0.9052,0.9052,instances.vantage.sh (AWS Price List mirror)
2026-07-30,AWS,eu-central-1,g5.48xlarge,A10G,8.0,ondemand,20.3681,2.5460125,instances.vantage.sh (AWS Price List mirror)
2026-07-30,AWS,eu-central-1,g5.48xlarge,A10G,8.0,spot,15.575767,1.946970875,instances.vantage.sh (AWS Price List mirror)
2026-07-30,AWS,eu-central-1,g5.4xlarge,A10G,1.0,ondemand,2.03081,2.03081,instances.vantage.sh (AWS Price List mirror)
2026-07-30,AWS,eu-central-1,g5.4xlarge,A10G,1.0,spot,1.066633,1.066633,instances.vantage.sh (AWS Price List mirror)
2026-07-30,AWS,eu-central-1,g5.8xlarge,A10G,1.0,ondemand,3.06122,3.06122,instances.vantage.sh (AWS Price List mirror)
2026-07-30,AWS,eu-central-1,g5.8xlarge,A10G,1.0,spot,1.5591,1.5591,instances.vantage.sh (AWS Price List mirror)
2026-07-30,AWS,eu-central-1,g5.xlarge,A10G,1.0,ondemand,1.258,1.258,instances.vantage.sh (AWS Price List mirror)
2026-07-30,AWS,eu-central-1,g5.xlarge,A10G,1.0,spot,0.6069,0.6069,instances.vantage.sh (AWS Price List mirror)
2026-07-30,AWS,eu-central-1,g5g.16xlarge,T4G,2.0,ondemand,3.4326,1.7163,instances.vantage.sh (AWS Price List mirror)
2026-07-30,AWS,eu-central-1,g5g.16xlarge,T4G,2.0,spot,0.8396,0.4198,instances.vantage.sh (AWS Price List mirror)
2026-07-30,AWS,eu-central-1,g5g.2xlarge,T4G,1.0,ondemand,0.6955,0.6955,instances.vantage.sh (AWS Price List mirror)
2026-07-30,AWS,eu-central-1,g5g.2xlarge,T4G,1.0,spot,0.1419,0.1419,instances.vantage.sh (AWS Price List mirror)
2026-07-30,AWS,eu-central-1,g5g.4xlarge,T4G,1.0,ondemand,1.0358,1.0358,instances.vantage.sh (AWS Price List mirror)
2026-07-30,AWS,eu-central-1,g5g.4xlarge,T4G,1.0,spot,0.4267,0.4267,instances.vantage.sh (AWS Price List mirror)
2026-07-30,AWS,eu-central-1,g5g.8xlarge,T4G,1.0,ondemand,1.7163,1.7163,instances.vantage.sh (AWS Price List mirror)
2026-07-30,AWS,eu-central-1,g5g.8xlarge,T4G,1.0,spot,0.4395,0.4395,instances.vantage.sh (AWS Price List mirror)
2026-07-30,AWS,eu-central-1,g5g.metal,T4G,2.0,ondemand,3.4326,1.7163,instances.vantage.sh (AWS Price List mirror)
2026-07-30,AWS,eu-central-1,g5g.metal,T4G,2.0,spot,0.5167,0.25835,instances.vantage.sh (AWS Price List mirror)
2026-07-30,AWS,eu-central-1,g5g.xlarge,T4G,1.0,ondemand,0.5254,0.5254,instances.vantage.sh (AWS Price List mirror)
2026-07-30,AWS,eu-central-1,g5g.xlarge,T4G,1.0,spot,0.116,0.116,instances.vantage.sh (AWS Price List mirror)
2026-07-30,AWS,eu-central-1,g6.12xlarge,L4,4.0,ondemand,5.75429,1.4385725,instances.vantage.sh (AWS Price List mirror)
2026-07-30,AWS,eu-central-1,g6.12xlarge,L4,4.0,spot,2.444633,0.61115825,instances.vantage.sh (AWS Price List mirror)
2026-07-30,AWS,eu-central-1,g6.16xlarge,L4,1.0,ondemand,4.24769,4.24769,instances.vantage.sh (AWS Price List mirror)
2026-07-30,AWS,eu-central-1,g6.16xlarge,L4,1.0,spot,1.556,1.556,instances.vantage.sh (AWS Price List mirror)
2026-07-30,AWS,eu-central-1,g6.24xlarge,L4,4.0,ondemand,8.34732,2.08683,instances.vantage.sh (AWS Price List mirror)
2026-07-30,AWS,eu-central-1,g6.24xlarge,L4,4.0,spot,2.9782,0.74455,instances.vantage.sh (AWS Price List mirror)
2026-07-30,AWS,eu-central-1,g6.2xlarge,L4,1.0,ondemand,1.22249,1.22249,instances.vantage.sh (AWS Price List mirror)
2026-07-30,AWS,eu-central-1,g6.2xlarge,L4,1.0,spot,0.555067,0.555067,instances.vantage.sh (AWS Price List mirror)
2026-07-30,AWS,eu-central-1,g6.48xlarge,L4,8.0,ondemand,16.69464,2.08683,instances.vantage.sh (AWS Price List mirror)
2026-07-30,AWS,eu-central-1,g6.48xlarge,L4,8.0,spot,5.843433,0.730429125,instances.vantage.sh (AWS Price List mirror)
2026-07-30,AWS,eu-central-1,g6.4xlarge,L4,1.0,ondemand,1.65466,1.65466,instances.vantage.sh (AWS Price List mirror)
2026-07-30,AWS,eu-central-1,g6.4xlarge,L4,1.0,spot,0.7083,0.7083,instances.vantage.sh (AWS Price List mirror)
2026-07-30,AWS,eu-central-1,g6.8xlarge,L4,1.0,ondemand,2.519,2.519,instances.vantage.sh (AWS Price List mirror)
2026-07-30,AWS,eu-central-1,g6.8xlarge,L4,1.0,spot,1.036067,1.036067,instances.vantage.sh (AWS Price List mirror)
2026-07-30,AWS,eu-central-1,g6.xlarge,L4,1.0,ondemand,1.0064,1.0064,instances.vantage.sh (AWS Price List mirror)
2026-07-30,AWS,eu-central-1,g6.xlarge,L4,1.0,spot,0.4644,0.4644,instances.vantage.sh (AWS Price List mirror)
2026-07-30,AWS,eu-central-1,g6e.12xlarge,L40S,4.0,ondemand,13.12002,3.280005,instances.vantage.sh (AWS Price List mirror)
2026-07-30,AWS,eu-central-1,g6e.12xlarge,L40S,4.0,spot,6.085133,1.52128325,instances.vantage.sh (AWS Price List mirror)
2026-07-30,AWS,eu-central-1,g6e.16xlarge,L40S,1.0,ondemand,9.47454,9.47454,instances.vantage.sh (AWS Price List mirror)
2026-07-30,AWS,eu-central-1,g6e.16xlarge,L40S,1.0,spot,3.2113,3.2113,instances.vantage.sh (AWS Price List mirror)
2026-07-30,AWS,eu-central-1,g6e.24xlarge,L40S,4.0,ondemand,18.83806,4.709515,instances.vantage.sh (AWS Price List mirror)
2026-07-30,AWS,eu-central-1,g6e.24xlarge,L40S,4.0,spot,9.0627,2.265675,instances.vantage.sh (AWS Price List mirror)
2026-07-30,AWS,eu-central-1,g6e.2xlarge,L40S,1.0,ondemand,2.8035,2.8035,instances.vantage.sh (AWS Price List mirror)
2026-07-30,AWS,eu-central-1,g6e.2xlarge,L40S,1.0,spot,2.258,2.258,instances.vantage.sh (AWS Price List mirror)
2026-07-30,AWS,eu-central-1,g6e.48xlarge,L40S,8.0,ondemand,37.67612,4.709515,instances.vantage.sh (AWS Price List mirror)
2026-07-30,AWS,eu-central-1,g6e.48xlarge,L40S,8.0,spot,30.512733,3.814091625,instances.vantage.sh (AWS Price List mirror)
2026-07-30,AWS,eu-central-1,g6e.4xlarge,L40S,1.0,ondemand,3.75651,3.75651,instances.vantage.sh (AWS Price List mirror)
2026-07-30,AWS,eu-central-1,g6e.4xlarge,L40S,1.0,spot,1.7919,1.7919,instances.vantage.sh (AWS Price List mirror)
2026-07-30,AWS,eu-central-1,g6e.8xlarge,L40S,1.0,ondemand,5.66252,5.66252,instances.vantage.sh (AWS Price List mirror)
2026-07-30,AWS,eu-central-1,g6e.8xlarge,L40S,1.0,spot,3.217733,3.217733,instances.vantage.sh (AWS Price List mirror)
2026-07-30,AWS,eu-central-1,g6e.xlarge,L40S,1.0,ondemand,2.327,2.327,instances.vantage.sh (AWS Price List mirror)
2026-07-30,AWS,eu-central-1,g6e.xlarge,L40S,1.0,spot,2.327,2.327,instances.vantage.sh (AWS Price List mirror)
2026-07-30,AWS,eu-central-1,g6f.2xlarge,L4,0.25,ondemand,0.594,2.376,instances.vantage.sh (AWS Price List mirror)
2026-07-30,AWS,eu-central-1,g6f.2xlarge,L4,0.25,spot,0.23505,0.9402,instances.vantage.sh (AWS Price List mirror)
2026-07-30,AWS,eu-central-1,g6f.4xlarge,L4,0.5,ondemand,1.188,2.376,instances.vantage.sh (AWS Price List mirror)
2026-07-30,AWS,eu-central-1,g6f.4xlarge,L4,0.5,spot,0.45345,0.9069,instances.vantage.sh (AWS Price List mirror)
2026-07-30,AWS,eu-central-1,g6f.large,L4,0.125,ondemand,0.25261,2.02088,instances.vantage.sh (AWS Price List mirror)
2026-07-30,AWS,eu-central-1,g6f.large,L4,0.125,spot,0.09085,0.7268,instances.vantage.sh (AWS Price List mirror)
2026-07-30,AWS,eu-central-1,g6f.xlarge,L4,0.125,ondemand,0.297,2.376,instances.vantage.sh (AWS Price List mirror)
2026-07-30,AWS,eu-central-1,g6f.xlarge,L4,0.125,spot,0.11955,0.9564,instances.vantage.sh (AWS Price List mirror)
2026-07-30,AWS,eu-central-1,g7e.12xlarge,NVIDIA GB202,2.0,ondemand,14.09088,7.04544,instances.vantage.sh (AWS Price List mirror)
2026-07-30,AWS,eu-central-1,g7e.12xlarge,NVIDIA GB202,2.0,spot,3.4007,1.70035,instances.vantage.sh (AWS Price List mirror)
2026-07-30,AWS,eu-central-1,g7e.24xlarge,NVIDIA GB202,4.0,ondemand,28.18177,7.0454425,instances.vantage.sh (AWS Price List mirror)
2026-07-30,AWS,eu-central-1,g7e.24xlarge,NVIDIA GB202,4.0,spot,15.1248,3.7812,instances.vantage.sh (AWS Price List mirror)
2026-07-30,AWS,eu-central-1,g7e.2xlarge,NVIDIA GB202,1.0,ondemand,5.71915,5.71915,instances.vantage.sh (AWS Price List mirror)
2026-07-30,AWS,eu-central-1,g7e.2xlarge,NVIDIA GB202,1.0,spot,1.84675,1.84675,instances.vantage.sh (AWS Price List mirror)
2026-07-30,AWS,eu-central-1,g7e.48xlarge,NVIDIA GB202,8.0,ondemand,56.36354,7.0454425,instances.vantage.sh (AWS Price List mirror)
2026-07-30,AWS,eu-central-1,g7e.48xlarge,NVIDIA GB202,8.0,spot,12.7008,1.5876,instances.vantage.sh (AWS Price List mirror)
2026-07-30,AWS,eu-central-1,g7e.4xlarge,NVIDIA GB202,1.0,ondemand,6.79907,6.79907,instances.vantage.sh (AWS Price List mirror)
2026-07-30,AWS,eu-central-1,g7e.4xlarge,NVIDIA GB202,1.0,spot,1.5344,1.5344,instances.vantage.sh (AWS Price List mirror)
2026-07-30,AWS,eu-central-1,g7e.8xlarge,NVIDIA GB202,1.0,ondemand,8.9589,8.9589,instances.vantage.sh (AWS Price List mirror)
2026-07-30,AWS,eu-central-1,g7e.8xlarge,NVIDIA GB202,1.0,spot,1.9701,1.9701,instances.vantage.sh (AWS Price List mirror)
2026-07-30,AWS,eu-central-1,gr6.4xlarge,L4,1.0,ondemand,1.9248,1.9248,instances.vantage.sh (AWS Price List mirror)
2026-07-30,AWS,eu-central-1,gr6.4xlarge,L4,1.0,spot,0.8449,0.8449,instances.vantage.sh (AWS Price List mirror)
2026-07-30,AWS,eu-central-1,gr6.8xlarge,L4,1.0,ondemand,3.05927,3.05927,instances.vantage.sh (AWS Price List mirror)
2026-07-30,AWS,eu-central-1,gr6.8xlarge,L4,1.0,spot,1.08225,1.08225,instances.vantage.sh (AWS Price List mirror)
2026-07-30,AWS,eu-central-1,gr6f.4xlarge,L4,0.5,ondemand,1.33305,2.6661,instances.vantage.sh (AWS Price List mirror)
2026-07-30,AWS,eu-central-1,gr6f.4xlarge,L4,0.5,spot,0.6029,1.2058,instances.vantage.sh (AWS Price List mirror)
2026-07-30,AWS,eu-central-1,p2.16xlarge,K80,16.0,ondemand,21.216,1.326,instances.vantage.sh (AWS Price List mirror)
2026-07-30,AWS,eu-central-1,p2.8xlarge,K80,8.0,ondemand,10.608,1.326,instances.vantage.sh (AWS Price List mirror)
2026-07-30,AWS,eu-central-1,p2.xlarge,K80,1.0,ondemand,1.326,1.326,instances.vantage.sh (AWS Price List mirror)
2026-07-30,AWS,eu-central-1,p3.16xlarge,V100,8.0,ondemand,30.584,3.823,instances.vantage.sh (AWS Price List mirror)
2026-07-30,AWS,eu-central-1,p3.16xlarge,V100,8.0,spot,30.584,3.823,instances.vantage.sh (AWS Price List mirror)
2026-07-30,AWS,eu-central-1,p3.2xlarge,V100,1.0,ondemand,3.823,3.823,instances.vantage.sh (AWS Price List mirror)
2026-07-30,AWS,eu-central-1,p3.2xlarge,V100,1.0,spot,3.823,3.823,instances.vantage.sh (AWS Price List mirror)
2026-07-30,AWS,eu-central-1,p3.8xlarge,V100,4.0,ondemand,15.292,3.823,instances.vantage.sh (AWS Price List mirror)
2026-07-30,AWS,eu-central-1,p3.8xlarge,V100,4.0,spot,10.10075,2.5251875,instances.vantage.sh (AWS Price List mirror)
2026-07-30,AWS,eu-central-1,p4d.24xlarge,A100,8.0,ondemand,27.43298,3.4291225,instances.vantage.sh (AWS Price List mirror)
2026-07-30,AWS,eu-central-1,p4d.24xlarge,A100,8.0,spot,22.1483,2.7685375,instances.vantage.sh (AWS Price List mirror)
2026-07-30,AWS,eu-central-1,p4de.24xlarge,A100,8.0,ondemand,34.29122,4.2864025,instances.vantage.sh (AWS Price List mirror)
2026-07-30,AWS,eu-central-1,p4de.24xlarge,A100,8.0,spot,15.4738,1.934225,instances.vantage.sh (AWS Price List mirror)
2026-07-30,AWS,eu-central-1-ham-1,g4dn.2xlarge,T4,1.0,ondemand,1.363,1.363,instances.vantage.sh (AWS Price List mirror)
2026-07-30,AWS,eu-central-1-waw-1,g4dn.2xlarge,T4,1.0,ondemand,1.175,1.175,instances.vantage.sh (AWS Price List mirror)
2026-07-30,AWS,eu-central-1-wl1-ber1,g4dn.2xlarge,T4,1.0,ondemand,1.222,1.222,instances.vantage.sh (AWS Price List mirror)
2026-07-30,AWS,eu-central-1-wl1-dtm1,g4dn.2xlarge,T4,1.0,ondemand,1.222,1.222,instances.vantage.sh (AWS Price List mirror)
2026-07-30,AWS,eu-central-1-wl1-muc1,g4dn.2xlarge,T4,1.0,ondemand,1.222,1.222,instances.vantage.sh (AWS Price List mirror)
2026-07-30,AWS,eu-central-2,g6.12xlarge,L4,4.0,ondemand,6.2037,1.550925,instances.vantage.sh (AWS Price List mirror)
2026-07-30,AWS,eu-central-2,g6.12xlarge,L4,4.0,spot,1.799073,0.44976825,instances.vantage.sh (AWS Price List mirror)
2026-07-30,AWS,eu-central-2,g6.16xlarge,L4,1.0,ondemand,4.57943,4.57943,instances.vantage.sh (AWS Price List mirror)
2026-07-30,AWS,eu-central-2,g6.16xlarge,L4,1.0,spot,0.870092,0.870092,instances.vantage.sh (AWS Price List mirror)
2026-07-30,AWS,eu-central-2,g6.24xlarge,L4,4.0,ondemand,8.99924,2.24981,instances.vantage.sh (AWS Price List mirror)
2026-07-30,AWS,eu-central-2,g6.24xlarge,L4,4.0,spot,1.88984,0.47246,instances.vantage.sh (AWS Price List mirror)
2026-07-30,AWS,eu-central-2,g6.2xlarge,L4,1.0,ondemand,1.31796,1.31796,instances.vantage.sh (AWS Price List mirror)
2026-07-30,AWS,eu-central-2,g6.2xlarge,L4,1.0,spot,0.382208,0.382208,instances.vantage.sh (AWS Price List mirror)
2026-07-30,AWS,eu-central-2,g6.48xlarge,L4,8.0,ondemand,17.99849,2.24981125,instances.vantage.sh (AWS Price List mirror)
2026-07-30,AWS,eu-central-2,g6.48xlarge,L4,8.0,spot,3.599698,0.44996225,instances.vantage.sh (AWS Price List mirror)
2026-07-30,AWS,eu-central-2,g6.4xlarge,L4,1.0,ondemand,1.78389,1.78389,instances.vantage.sh (AWS Price List mirror)
2026-07-30,AWS,eu-central-2,g6.4xlarge,L4,1.0,spot,0.48165,0.48165,instances.vantage.sh (AWS Price List mirror)
2026-07-30,AWS,eu-central-2,g6.8xlarge,L4,1.0,ondemand,2.71574,2.71574,instances.vantage.sh (AWS Price List mirror)
2026-07-30,AWS,eu-central-2,g6.8xlarge,L4,1.0,spot,0.570305,0.570305,instances.vantage.sh (AWS Price List mirror)
2026-07-30,AWS,eu-central-2,g6.xlarge,L4,1.0,ondemand,1.085,1.085,instances.vantage.sh (AWS Price List mirror)
2026-07-30,AWS,eu-central-2,g6.xlarge,L4,1.0,spot,0.22785,0.22785,instances.vantage.sh (AWS Price List mirror)
2026-07-30,AWS,eu-central-2,gr6.4xlarge,L4,1.0,ondemand,2.1649,2.1649,instances.vantage.sh (AWS Price List mirror)
2026-07-30,AWS,eu-central-2,gr6.4xlarge,L4,1.0,spot,0.454629,0.454629,instances.vantage.sh (AWS Price List mirror)
2026-07-30,AWS,eu-central-2,gr6.8xlarge,L4,1.0,ondemand,3.44089,3.44089,instances.vantage.sh (AWS Price List mirror)
2026-07-30,AWS,eu-central-2,gr6.8xlarge,L4,1.0,spot,0.722587,0.722587,instances.vantage.sh (AWS Price List mirror)
2026-07-30,AWS,eu-north-1,g4dn.12xlarge,T4,4.0,ondemand,4.15,1.0375,instances.vantage.sh (AWS Price List mirror)
2026-07-30,AWS,eu-north-1,g4dn.12xlarge,T4,4.0,spot,1.772533,0.44313325,instances.vantage.sh (AWS Price List mirror)
2026-07-30,AWS,eu-north-1,g4dn.16xlarge,T4,1.0,ondemand,4.617,4.617,instances.vantage.sh (AWS Price List mirror)
2026-07-30,AWS,eu-north-1,g4dn.16xlarge,T4,1.0,spot,0.556667,0.556667,instances.vantage.sh (AWS Price List mirror)
2026-07-30,AWS,eu-north-1,g4dn.2xlarge,T4,1.0,ondemand,0.798,0.798,instances.vantage.sh (AWS Price List mirror)
2026-07-30,AWS,eu-north-1,g4dn.2xlarge,T4,1.0,spot,0.2102,0.2102,instances.vantage.sh (AWS Price List mirror)
2026-07-30,AWS,eu-north-1,g4dn.4xlarge,T4,1.0,ondemand,1.277,1.277,instances.vantage.sh (AWS Price List mirror)
2026-07-30,AWS,eu-north-1,g4dn.4xlarge,T4,1.0,spot,0.426333,0.426333,instances.vantage.sh (AWS Price List mirror)
2026-07-30,AWS,eu-north-1,g4dn.8xlarge,T4,1.0,ondemand,2.308,2.308,instances.vantage.sh (AWS Price List mirror)
2026-07-30,AWS,eu-north-1,g4dn.8xlarge,T4,1.0,spot,0.365267,0.365267,instances.vantage.sh (AWS Price List mirror)
2026-07-30,AWS,eu-north-1,g4dn.metal,T4,8.0,ondemand,8.3,1.0375,instances.vantage.sh (AWS Price List mirror)
2026-07-30,AWS,eu-north-1,g4dn.metal,T4,8.0,spot,2.846067,0.355758375,instances.vantage.sh (AWS Price List mirror)
2026-07-30,AWS,eu-north-1,g4dn.xlarge,T4,1.0,ondemand,0.558,0.558,instances.vantage.sh (AWS Price List mirror)
2026-07-30,AWS,eu-north-1,g4dn.xlarge,T4,1.0,spot,0.1986,0.1986,instances.vantage.sh (AWS Price List mirror)
2026-07-30,AWS,eu-north-1,g5.12xlarge,A10G,4.0,ondemand,6.01593,1.5039825,instances.vantage.sh (AWS Price List mirror)
2026-07-30,AWS,eu-north-1,g5.12xlarge,A10G,4.0,spot,2.60795,0.6519875,instances.vantage.sh (AWS Price List mirror)
2026-07-30,AWS,eu-north-1,g5.16xlarge,A10G,1.0,ondemand,4.34437,4.34437,instances.vantage.sh (AWS Price List mirror)
2026-07-30,AWS,eu-north-1,g5.16xlarge,A10G,1.0,spot,1.21165,1.21165,instances.vantage.sh (AWS Price List mirror)
2026-07-30,AWS,eu-north-1,g5.24xlarge,A10G,4.0,ondemand,8.63782,2.159455,instances.vantage.sh (AWS Price List mirror)
2026-07-30,AWS,eu-north-1,g5.24xlarge,A10G,4.0,spot,3.0074,0.75185,instances.vantage.sh (AWS Price List mirror)
2026-07-30,AWS,eu-north-1,g5.2xlarge,A10G,1.0,ondemand,1.28549,1.28549,instances.vantage.sh (AWS Price List mirror)
2026-07-30,AWS,eu-north-1,g5.2xlarge,A10G,1.0,spot,0.5309,0.5309,instances.vantage.sh (AWS Price List mirror)
2026-07-30,AWS,eu-north-1,g5.48xlarge,A10G,8.0,ondemand,17.27564,2.159455,instances.vantage.sh (AWS Price List mirror)
2026-07-30,AWS,eu-north-1,g5.48xlarge,A10G,8.0,spot,5.5482,0.693525,instances.vantage.sh (AWS Price List mirror)
2026-07-30,AWS,eu-north-1,g5.4xlarge,A10G,1.0,ondemand,1.72247,1.72247,instances.vantage.sh (AWS Price List mirror)
2026-07-30,AWS,eu-north-1,g5.4xlarge,A10G,1.0,spot,0.5783,0.5783,instances.vantage.sh (AWS Price List mirror)
2026-07-30,AWS,eu-north-1,g5.8xlarge,A10G,1.0,ondemand,2.59644,2.59644,instances.vantage.sh (AWS Price List mirror)
2026-07-30,AWS,eu-north-1,g5.8xlarge,A10G,1.0,spot,0.8298,0.8298,instances.vantage.sh (AWS Price List mirror)
2026-07-30,AWS,eu-north-1,g5.xlarge,A10G,1.0,ondemand,1.067,1.067,instances.vantage.sh (AWS Price List mirror)
2026-07-30,AWS,eu-north-1,g5.xlarge,A10G,1.0,spot,0.44535,0.44535,instances.vantage.sh (AWS Price List mirror)
2026-07-30,AWS,eu-north-1,g6.12xlarge,L4,4.0,ondemand,4.88062,1.220155,instances.vantage.sh (AWS Price List mirror)
2026-07-30,AWS,eu-north-1,g6.12xlarge,L4,4.0,spot,1.35925,0.3398125,instances.vantage.sh (AWS Price List mirror)
2026-07-30,AWS,eu-north-1,g6.16xlarge,L4,1.0,ondemand,3.60277,3.60277,instances.vantage.sh (AWS Price List mirror)
2026-07-30,AWS,eu-north-1,g6.16xlarge,L4,1.0,spot,1.2436,1.2436,instances.vantage.sh (AWS Price List mirror)
2026-07-30,AWS,eu-north-1,g6.24xlarge,L4,4.0,ondemand,7.07996,1.76999,instances.vantage.sh (AWS Price List mirror)
2026-07-30,AWS,eu-north-1,g6.24xlarge,L4,4.0,spot,1.7282,0.43205,instances.vantage.sh (AWS Price List mirror)
2026-07-30,AWS,eu-north-1,g6.2xlarge,L4,1.0,ondemand,1.03688,1.03688,instances.vantage.sh (AWS Price List mirror)
2026-07-30,AWS,eu-north-1,g6.2xlarge,L4,1.0,spot,0.328,0.328,instances.vantage.sh (AWS Price List mirror)
2026-07-30,AWS,eu-north-1,g6.48xlarge,L4,8.0,ondemand,14.15992,1.76999,instances.vantage.sh (AWS Price List mirror)
2026-07-30,AWS,eu-north-1,g6.48xlarge,L4,8.0,spot,4.62775,0.57846875,instances.vantage.sh (AWS Price List mirror)
2026-07-30,AWS,eu-north-1,g6.4xlarge,L4,1.0,ondemand,1.40343,1.40343,instances.vantage.sh (AWS Price List mirror)
2026-07-30,AWS,eu-north-1,g6.4xlarge,L4,1.0,spot,0.39745,0.39745,instances.vantage.sh (AWS Price List mirror)
2026-07-30,AWS,eu-north-1,g6.8xlarge,L4,1.0,ondemand,2.13655,2.13655,instances.vantage.sh (AWS Price List mirror)
2026-07-30,AWS,eu-north-1,g6.8xlarge,L4,1.0,spot,0.73135,0.73135,instances.vantage.sh (AWS Price List mirror)
2026-07-30,AWS,eu-north-1,g6.xlarge,L4,1.0,ondemand,0.8536,0.8536,instances.vantage.sh (AWS Price List mirror)
2026-07-30,AWS,eu-north-1,g6.xlarge,L4,1.0,spot,0.3838,0.3838,instances.vantage.sh (AWS Price List mirror)
2026-07-30,AWS,eu-north-1,g6e.12xlarge,L40S,4.0,ondemand,11.12975,2.7824375,instances.vantage.sh (AWS Price List mirror)
2026-07-30,AWS,eu-north-1,g6e.12xlarge,L40S,4.0,spot,7.76445,1.9411125,instances.vantage.sh (AWS Price List mirror)
2026-07-30,AWS,eu-north-1,g6e.16xlarge,L40S,1.0,ondemand,8.03728,8.03728,instances.vantage.sh (AWS Price List mirror)
2026-07-30,AWS,eu-north-1,g6e.16xlarge,L40S,1.0,spot,2.3527,2.3527,instances.vantage.sh (AWS Price List mirror)
2026-07-30,AWS,eu-north-1,g6e.24xlarge,L40S,4.0,ondemand,15.98037,3.9950925,instances.vantage.sh (AWS Price List mirror)
2026-07-30,AWS,eu-north-1,g6e.24xlarge,L40S,4.0,spot,11.0363,2.759075,instances.vantage.sh (AWS Price List mirror)
2026-07-30,AWS,eu-north-1,g6e.2xlarge,L40S,1.0,ondemand,2.37822,2.37822,instances.vantage.sh (AWS Price List mirror)
2026-07-30,AWS,eu-north-1,g6e.2xlarge,L40S,1.0,spot,0.9173,0.9173,instances.vantage.sh (AWS Price List mirror)
2026-07-30,AWS,eu-north-1,g6e.48xlarge,L40S,8.0,ondemand,31.96075,3.99509375,instances.vantage.sh (AWS Price List mirror)
2026-07-30,AWS,eu-north-1,g6e.48xlarge,L40S,8.0,spot,19.3244,2.41555,instances.vantage.sh (AWS Price List mirror)
2026-07-30,AWS,eu-north-1,g6e.4xlarge,L40S,1.0,ondemand,3.18666,3.18666,instances.vantage.sh (AWS Price List mirror)
2026-07-30,AWS,eu-north-1,g6e.4xlarge,L40S,1.0,spot,1.1153,1.1153,instances.vantage.sh (AWS Price List mirror)
2026-07-30,AWS,eu-north-1,g6e.8xlarge,L40S,1.0,ondemand,4.80353,4.80353,instances.vantage.sh (AWS Price List mirror)
2026-07-30,AWS,eu-north-1,g6e.8xlarge,L40S,1.0,spot,1.4255,1.4255,instances.vantage.sh (AWS Price List mirror)
2026-07-30,AWS,eu-north-1,g6e.xlarge,L40S,1.0,ondemand,1.974,1.974,instances.vantage.sh (AWS Price List mirror)
2026-07-30,AWS,eu-north-1,g6e.xlarge,L40S,1.0,spot,0.86685,0.86685,instances.vantage.sh (AWS Price List mirror)
2026-07-30,AWS,eu-north-1,g6f.2xlarge,L4,0.25,ondemand,0.50379,2.01516,instances.vantage.sh (AWS Price List mirror)
2026-07-30,AWS,eu-north-1,g6f.2xlarge,L4,0.25,spot,0.1441,0.5764,instances.vantage.sh (AWS Price List mirror)
2026-07-30,AWS,eu-north-1,g6f.4xlarge,L4,0.5,ondemand,1.00758,2.01516,instances.vantage.sh (AWS Price List mirror)
2026-07-30,AWS,eu-north-1,g6f.4xlarge,L4,0.5,spot,0.33185,0.6637,instances.vantage.sh (AWS Price List mirror)
2026-07-30,AWS,eu-north-1,g6f.large,L4,0.125,ondemand,0.21424,1.71392,instances.vantage.sh (AWS Price List mirror)
2026-07-30,AWS,eu-north-1,g6f.large,L4,0.125,spot,0.0308,0.2464,instances.vantage.sh (AWS Price List mirror)
2026-07-30,AWS,eu-north-1,g6f.xlarge,L4,0.125,ondemand,0.2519,2.0152,instances.vantage.sh (AWS Price List mirror)
2026-07-30,AWS,eu-north-1,g6f.xlarge,L4,0.125,spot,0.06725,0.538,instances.vantage.sh (AWS Price List mirror)
2026-07-30,AWS,eu-north-1,g7e.12xlarge,NVIDIA GB202,2.0,ondemand,11.95333,5.976665,instances.vantage.sh (AWS Price List mirror)
2026-07-30,AWS,eu-north-1,g7e.12xlarge,NVIDIA GB202,2.0,spot,6.05925,3.029625,instances.vantage.sh (AWS Price List mirror)
2026-07-30,AWS,eu-north-1,g7e.24xlarge,NVIDIA GB202,4.0,ondemand,23.90667,5.9766675,instances.vantage.sh (AWS Price List mirror)
2026-07-30,AWS,eu-north-1,g7e.24xlarge,NVIDIA GB202,4.0,spot,9.3866,2.34665,instances.vantage.sh (AWS Price List mirror)
2026-07-30,AWS,eu-north-1,g7e.2xlarge,NVIDIA GB202,1.0,ondemand,4.85157,4.85157,instances.vantage.sh (AWS Price List mirror)
2026-07-30,AWS,eu-north-1,g7e.2xlarge,NVIDIA GB202,1.0,spot,2.11375,2.11375,instances.vantage.sh (AWS Price List mirror)
2026-07-30,AWS,eu-north-1,g7e.48xlarge,NVIDIA GB202,8.0,ondemand,47.81334,5.9766675,instances.vantage.sh (AWS Price List mirror)
2026-07-30,AWS,eu-north-1,g7e.48xlarge,NVIDIA GB202,8.0,spot,10.84775,1.35596875,instances.vantage.sh (AWS Price List mirror)
2026-07-30,AWS,eu-north-1,g7e.4xlarge,NVIDIA GB202,1.0,ondemand,5.76767,5.76767,instances.vantage.sh (AWS Price List mirror)
2026-07-30,AWS,eu-north-1,g7e.4xlarge,NVIDIA GB202,1.0,spot,2.5153,2.5153,instances.vantage.sh (AWS Price List mirror)
2026-07-30,AWS,eu-north-1,g7e.8xlarge,NVIDIA GB202,1.0,ondemand,7.59986,7.59986,instances.vantage.sh (AWS Price List mirror)
2026-07-30,AWS,eu-north-1,g7e.8xlarge,NVIDIA GB202,1.0,spot,1.29525,1.29525,instances.vantage.sh (AWS Price List mirror)
2026-07-30,AWS,eu-north-1,gr6.4xlarge,L4,1.0,ondemand,1.6326,1.6326,instances.vantage.sh (AWS Price List mirror)
2026-07-30,AWS,eu-north-1,gr6.4xlarge,L4,1.0,spot,0.38015,0.38015,instances.vantage.sh (AWS Price List mirror)
2026-07-30,AWS,eu-north-1,gr6.8xlarge,L4,1.0,ondemand,2.59485,2.59485,instances.vantage.sh (AWS Price List mirror)
2026-07-30,AWS,eu-north-1,gr6.8xlarge,L4,1.0,spot,0.64865,0.64865,instances.vantage.sh (AWS Price List mirror)
2026-07-30,AWS,eu-north-1,gr6f.4xlarge,L4,0.5,ondemand,1.13069,2.26138,instances.vantage.sh (AWS Price List mirror)
2026-07-30,AWS,eu-north-1,gr6f.4xlarge,L4,0.5,spot,0.26325,0.5265,instances.vantage.sh (AWS Price List mirror)
2026-07-30,AWS,eu-north-1,p4d.24xlarge,A100,8.0,ondemand,23.71569,2.96446125,instances.vantage.sh (AWS Price List mirror)
2026-07-30,AWS,eu-north-1,p4d.24xlarge,A100,8.0,spot,12.0375,1.5046875,instances.vantage.sh (AWS Price List mirror)
2026-07-30,AWS,eu-north-1,p5.48xlarge,H100,8.0,ondemand,58.8928,7.3616,instances.vantage.sh (AWS Price List mirror)
2026-07-30,AWS,eu-north-1,p5.48xlarge,H100,8.0,spot,22.7439,2.8429875,instances.vantage.sh (AWS Price List mirror)
2026-07-30,AWS,eu-north-1,p5en.48xlarge,H200,8.0,ondemand,67.72672,8.46584,instances.vantage.sh (AWS Price List mirror)
2026-07-30,AWS,eu-north-1,p5en.48xlarge,H200,8.0,spot,56.36605,7.04575625,instances.vantage.sh (AWS Price List mirror)
2026-07-30,AWS,eu-north-1-cph-1,g4dn.2xlarge,T4,1.0,ondemand,1.157,1.157,instances.vantage.sh (AWS Price List mirror)
2026-07-30,AWS,eu-north-1-hel-1,g4dn.2xlarge,T4,1.0,ondemand,0.997,0.997,instances.vantage.sh (AWS Price List mirror)
2026-07-30,AWS,eu-south-1,g4dn.12xlarge,T4,4.0,ondemand,4.58,1.145,instances.vantage.sh (AWS Price List mirror)
2026-07-30,AWS,eu-south-1,g4dn.12xlarge,T4,4.0,spot,2.1068,0.5267,instances.vantage.sh (AWS Price List mirror)
2026-07-30,AWS,eu-south-1,g4dn.16xlarge,T4,1.0,ondemand,5.095,5.095,instances.vantage.sh (AWS Price List mirror)
2026-07-30,AWS,eu-south-1,g4dn.16xlarge,T4,1.0,spot,0.5095,0.5095,instances.vantage.sh (AWS Price List mirror)
2026-07-30,AWS,eu-south-1,g4dn.2xlarge,T4,1.0,ondemand,0.88,0.88,instances.vantage.sh (AWS Price List mirror)
2026-07-30,AWS,eu-south-1,g4dn.2xlarge,T4,1.0,spot,0.1232,0.1232,instances.vantage.sh (AWS Price List mirror)
2026-07-30,AWS,eu-south-1,g4dn.4xlarge,T4,1.0,ondemand,1.41,1.41,instances.vantage.sh (AWS Price List mirror)
2026-07-30,AWS,eu-south-1,g4dn.4xlarge,T4,1.0,spot,0.3102,0.3102,instances.vantage.sh (AWS Price List mirror)
2026-07-30,AWS,eu-south-1,g4dn.8xlarge,T4,1.0,ondemand,2.547,2.547,instances.vantage.sh (AWS Price List mirror)
2026-07-30,AWS,eu-south-1,g4dn.8xlarge,T4,1.0,spot,0.2547,0.2547,instances.vantage.sh (AWS Price List mirror)
2026-07-30,AWS,eu-south-1,g4dn.metal,T4,8.0,ondemand,9.16,1.145,instances.vantage.sh (AWS Price List mirror)
2026-07-30,AWS,eu-south-1,g4dn.metal,T4,8.0,spot,2.8396,0.35495,instances.vantage.sh (AWS Price List mirror)
2026-07-30,AWS,eu-south-1,g4dn.xlarge,T4,1.0,ondemand,0.616,0.616,instances.vantage.sh (AWS Price List mirror)
2026-07-30,AWS,eu-south-1,g4dn.xlarge,T4,1.0,spot,0.08008,0.08008,instances.vantage.sh (AWS Price List mirror)
2026-07-30,AWS,eu-south-2,g5.12xlarge,A10G,4.0,ondemand,5.97646,1.494115,instances.vantage.sh (AWS Price List mirror)
2026-07-30,AWS,eu-south-2,g5.16xlarge,A10G,1.0,ondemand,4.31586,4.31586,instances.vantage.sh (AWS Price List mirror)
2026-07-30,AWS,eu-south-2,g5.24xlarge,A10G,4.0,ondemand,8.58115,2.1452875,instances.vantage.sh (AWS Price List mirror)
2026-07-30,AWS,eu-south-2,g5.2xlarge,A10G,1.0,ondemand,1.27706,1.27706,instances.vantage.sh (AWS Price List mirror)
2026-07-30,AWS,eu-south-2,g5.48xlarge,A10G,8.0,ondemand,17.16231,2.14528875,instances.vantage.sh (AWS Price List mirror)
2026-07-30,AWS,eu-south-2,g5.4xlarge,A10G,1.0,ondemand,1.71117,1.71117,instances.vantage.sh (AWS Price List mirror)
2026-07-30,AWS,eu-south-2,g5.8xlarge,A10G,1.0,ondemand,2.5794,2.5794,instances.vantage.sh (AWS Price List mirror)
2026-07-30,AWS,eu-south-2,g5.xlarge,A10G,1.0,ondemand,1.06,1.06,instances.vantage.sh (AWS Price List mirror)
2026-07-30,AWS,eu-south-2,g5g.16xlarge,T4G,2.0,ondemand,3.0622,1.5311,instances.vantage.sh (AWS Price List mirror)
2026-07-30,AWS,eu-south-2,g5g.16xlarge,T4G,2.0,spot,0.30622,0.15311,instances.vantage.sh (AWS Price List mirror)
2026-07-30,AWS,eu-south-2,g5g.2xlarge,T4G,1.0,ondemand,0.6205,0.6205,instances.vantage.sh (AWS Price List mirror)
2026-07-30,AWS,eu-south-2,g5g.2xlarge,T4G,1.0,spot,0.093075,0.093075,instances.vantage.sh (AWS Price List mirror)
2026-07-30,AWS,eu-south-2,g5g.4xlarge,T4G,1.0,ondemand,0.924,0.924,instances.vantage.sh (AWS Price List mirror)
2026-07-30,AWS,eu-south-2,g5g.4xlarge,T4G,1.0,spot,0.11088,0.11088,instances.vantage.sh (AWS Price List mirror)
2026-07-30,AWS,eu-south-2,g5g.8xlarge,T4G,1.0,ondemand,1.5311,1.5311,instances.vantage.sh (AWS Price List mirror)
2026-07-30,AWS,eu-south-2,g5g.8xlarge,T4G,1.0,spot,0.168421,0.168421,instances.vantage.sh (AWS Price List mirror)
2026-07-30,AWS,eu-south-2,g5g.metal,T4G,2.0,ondemand,3.0622,1.5311,instances.vantage.sh (AWS Price List mirror)
2026-07-30,AWS,eu-south-2,g5g.metal,T4G,2.0,spot,0.30622,0.15311,instances.vantage.sh (AWS Price List mirror)
2026-07-30,AWS,eu-south-2,g5g.xlarge,T4G,1.0,ondemand,0.4687,0.4687,instances.vantage.sh (AWS Price List mirror)
2026-07-30,AWS,eu-south-2,g5g.xlarge,T4G,1.0,spot,0.14061,0.14061,instances.vantage.sh (AWS Price List mirror)
2026-07-30,AWS,eu-south-2,g6.12xlarge,L4,4.0,ondemand,4.8486,1.21215,instances.vantage.sh (AWS Price List mirror)
2026-07-30,AWS,eu-south-2,g6.12xlarge,L4,4.0,spot,0.824262,0.2060655,instances.vantage.sh (AWS Price List mirror)
2026-07-30,AWS,eu-south-2,g6.16xlarge,L4,1.0,ondemand,3.57913,3.57913,instances.vantage.sh (AWS Price List mirror)
2026-07-30,AWS,eu-south-2,g6.16xlarge,L4,1.0,spot,0.393704,0.393704,instances.vantage.sh (AWS Price List mirror)
2026-07-30,AWS,eu-south-2,g6.24xlarge,L4,4.0,ondemand,7.03351,1.7583775,instances.vantage.sh (AWS Price List mirror)
2026-07-30,AWS,eu-south-2,g6.24xlarge,L4,4.0,spot,1.195697,0.29892425,instances.vantage.sh (AWS Price List mirror)
2026-07-30,AWS,eu-south-2,g6.2xlarge,L4,1.0,ondemand,1.03008,1.03008,instances.vantage.sh (AWS Price List mirror)
2026-07-30,AWS,eu-south-2,g6.2xlarge,L4,1.0,spot,0.13391,0.13391,instances.vantage.sh (AWS Price List mirror)
2026-07-30,AWS,eu-south-2,g6.48xlarge,L4,8.0,ondemand,14.06702,1.7583775,instances.vantage.sh (AWS Price List mirror)
2026-07-30,AWS,eu-south-2,g6.48xlarge,L4,8.0,spot,2.672734,0.33409175,instances.vantage.sh (AWS Price List mirror)
2026-07-30,AWS,eu-south-2,g6.4xlarge,L4,1.0,ondemand,1.39423,1.39423,instances.vantage.sh (AWS Price List mirror)
2026-07-30,AWS,eu-south-2,g6.4xlarge,L4,1.0,spot,0.167308,0.167308,instances.vantage.sh (AWS Price List mirror)
2026-07-30,AWS,eu-south-2,g6.8xlarge,L4,1.0,ondemand,2.12253,2.12253,instances.vantage.sh (AWS Price List mirror)
2026-07-30,AWS,eu-south-2,g6.8xlarge,L4,1.0,spot,0.233478,0.233478,instances.vantage.sh (AWS Price List mirror)
2026-07-30,AWS,eu-south-2,g6.xlarge,L4,1.0,ondemand,0.848,0.848,instances.vantage.sh (AWS Price List mirror)
2026-07-30,AWS,eu-south-2,g6.xlarge,L4,1.0,spot,0.14416,0.14416,instances.vantage.sh (AWS Price List mirror)
2026-07-30,AWS,eu-south-2,g6e.12xlarge,L40S,4.0,ondemand,11.05645,2.7641125,instances.vantage.sh (AWS Price List mirror)
2026-07-30,AWS,eu-south-2,g6e.12xlarge,L40S,4.0,spot,3.095806,0.7739515,instances.vantage.sh (AWS Price List mirror)
2026-07-30,AWS,eu-south-2,g6e.16xlarge,L40S,1.0,ondemand,7.98435,7.98435,instances.vantage.sh (AWS Price List mirror)
2026-07-30,AWS,eu-south-2,g6e.16xlarge,L40S,1.0,spot,0.798435,0.798435,instances.vantage.sh (AWS Price List mirror)
2026-07-30,AWS,eu-south-2,g6e.24xlarge,L40S,4.0,ondemand,15.87513,3.9687825,instances.vantage.sh (AWS Price List mirror)
2026-07-30,AWS,eu-south-2,g6e.24xlarge,L40S,4.0,spot,4.127534,1.0318835,instances.vantage.sh (AWS Price List mirror)
2026-07-30,AWS,eu-south-2,g6e.2xlarge,L40S,1.0,ondemand,2.36256,2.36256,instances.vantage.sh (AWS Price List mirror)
2026-07-30,AWS,eu-south-2,g6e.2xlarge,L40S,1.0,spot,0.567014,0.567014,instances.vantage.sh (AWS Price List mirror)
2026-07-30,AWS,eu-south-2,g6e.48xlarge,L40S,8.0,ondemand,31.75027,3.96878375,instances.vantage.sh (AWS Price List mirror)
2026-07-30,AWS,eu-south-2,g6e.48xlarge,L40S,8.0,spot,15.24013,1.90501625,instances.vantage.sh (AWS Price List mirror)
2026-07-30,AWS,eu-south-2,g6e.4xlarge,L40S,1.0,ondemand,3.16567,3.16567,instances.vantage.sh (AWS Price List mirror)
2026-07-30,AWS,eu-south-2,g6e.4xlarge,L40S,1.0,spot,0.664791,0.664791,instances.vantage.sh (AWS Price List mirror)
2026-07-30,AWS,eu-south-2,g6e.8xlarge,L40S,1.0,ondemand,4.7719,4.7719,instances.vantage.sh (AWS Price List mirror)
2026-07-30,AWS,eu-south-2,g6e.8xlarge,L40S,1.0,spot,0.668066,0.668066,instances.vantage.sh (AWS Price List mirror)
2026-07-30,AWS,eu-south-2,g6e.xlarge,L40S,1.0,ondemand,1.961,1.961,instances.vantage.sh (AWS Price List mirror)
2026-07-30,AWS,eu-south-2,g6e.xlarge,L40S,1.0,spot,0.62752,0.62752,instances.vantage.sh (AWS Price List mirror)
2026-07-30,AWS,eu-south-2,g6f.2xlarge,L4,0.25,ondemand,0.53438,2.13752,instances.vantage.sh (AWS Price List mirror)
2026-07-30,AWS,eu-south-2,g6f.2xlarge,L4,0.25,spot,0.15497,0.61988,instances.vantage.sh (AWS Price List mirror)
2026-07-30,AWS,eu-south-2,g6f.4xlarge,L4,0.5,ondemand,1.06875,2.1375,instances.vantage.sh (AWS Price List mirror)
2026-07-30,AWS,eu-south-2,g6f.4xlarge,L4,0.5,spot,0.309937,0.619874,instances.vantage.sh (AWS Price List mirror)
2026-07-30,AWS,eu-south-2,g6f.large,L4,0.125,ondemand,0.22725,1.818,instances.vantage.sh (AWS Price List mirror)
2026-07-30,AWS,eu-south-2,g6f.large,L4,0.125,spot,0.052268,0.418144,instances.vantage.sh (AWS Price List mirror)
2026-07-30,AWS,eu-south-2,g6f.xlarge,L4,0.125,ondemand,0.26719,2.13752,instances.vantage.sh (AWS Price List mirror)
2026-07-30,AWS,eu-south-2,g6f.xlarge,L4,0.125,spot,0.077485,0.61988,instances.vantage.sh (AWS Price List mirror)
2026-07-30,AWS,eu-south-2,g7e.12xlarge,NVIDIA GB202,2.0,ondemand,8.73134,4.36567,instances.vantage.sh (AWS Price List mirror)
2026-07-30,AWS,eu-south-2,g7e.12xlarge,NVIDIA GB202,2.0,spot,2.532089,1.2660445,instances.vantage.sh (AWS Price List mirror)
2026-07-30,AWS,eu-south-2,g7e.24xlarge,NVIDIA GB202,4.0,ondemand,17.46268,4.36567,instances.vantage.sh (AWS Price List mirror)
2026-07-30,AWS,eu-south-2,g7e.24xlarge,NVIDIA GB202,4.0,spot,5.064177,1.26604425,instances.vantage.sh (AWS Price List mirror)
2026-07-30,AWS,eu-south-2,g7e.2xlarge,NVIDIA GB202,1.0,ondemand,3.54384,3.54384,instances.vantage.sh (AWS Price List mirror)
2026-07-30,AWS,eu-south-2,g7e.2xlarge,NVIDIA GB202,1.0,spot,1.063152,1.063152,instances.vantage.sh (AWS Price List mirror)
2026-07-30,AWS,eu-south-2,g7e.48xlarge,NVIDIA GB202,8.0,ondemand,34.92536,4.36567,instances.vantage.sh (AWS Price List mirror)
2026-07-30,AWS,eu-south-2,g7e.48xlarge,NVIDIA GB202,8.0,spot,10.477608,1.309701,instances.vantage.sh (AWS Price List mirror)
2026-07-30,AWS,eu-south-2,g7e.4xlarge,NVIDIA GB202,1.0,ondemand,4.213,4.213,instances.vantage.sh (AWS Price List mirror)
2026-07-30,AWS,eu-south-2,g7e.4xlarge,NVIDIA GB202,1.0,spot,1.39029,1.39029,instances.vantage.sh (AWS Price List mirror)
2026-07-30,AWS,eu-south-2,g7e.8xlarge,NVIDIA GB202,1.0,ondemand,5.55133,5.55133,instances.vantage.sh (AWS Price List mirror)
2026-07-30,AWS,eu-south-2,g7e.8xlarge,NVIDIA GB202,1.0,spot,1.665399,1.665399,instances.vantage.sh (AWS Price List mirror)
2026-07-30,AWS,eu-south-2,gr6.4xlarge,L4,1.0,ondemand,1.6218,1.6218,instances.vantage.sh (AWS Price List mirror)
2026-07-30,AWS,eu-south-2,gr6.4xlarge,L4,1.0,spot,0.178398,0.178398,instances.vantage.sh (AWS Price List mirror)
2026-07-30,AWS,eu-south-2,gr6.8xlarge,L4,1.0,ondemand,2.57768,2.57768,instances.vantage.sh (AWS Price List mirror)
2026-07-30,AWS,eu-south-2,gr6.8xlarge,L4,1.0,spot,0.283545,0.283545,instances.vantage.sh (AWS Price List mirror)
2026-07-30,AWS,eu-south-2,gr6f.4xlarge,L4,0.5,ondemand,1.19925,2.3985,instances.vantage.sh (AWS Price List mirror)
2026-07-30,AWS,eu-south-2,gr6f.4xlarge,L4,0.5,spot,0.347782,0.695564,instances.vantage.sh (AWS Price List mirror)
2026-07-30,AWS,eu-south-2,p5en.48xlarge,H200,8.0,ondemand,68.35968,8.54496,instances.vantage.sh (AWS Price List mirror)
2026-07-30,AWS,eu-south-2,p5en.48xlarge,H200,8.0,spot,13.671936,1.708992,instances.vantage.sh (AWS Price List mirror)
2026-07-30,AWS,eu-west-1,g2.2xlarge,K520,1.0,ondemand,0.702,0.702,instances.vantage.sh (AWS Price List mirror)
2026-07-30,AWS,eu-west-1,g2.8xlarge,K520,4.0,ondemand,2.808,0.702,instances.vantage.sh (AWS Price List mirror)
2026-07-30,AWS,eu-west-1,g3.16xlarge,M60,4.0,ondemand,4.84,1.21,instances.vantage.sh (AWS Price List mirror)
2026-07-30,AWS,eu-west-1,g3.4xlarge,M60,1.0,ondemand,1.21,1.21,instances.vantage.sh (AWS Price List mirror)
2026-07-30,AWS,eu-west-1,g3.8xlarge,M60,2.0,ondemand,2.42,1.21,instances.vantage.sh (AWS Price List mirror)
2026-07-30,AWS,eu-west-1,g3s.xlarge,M60,1.0,ondemand,0.796,0.796,instances.vantage.sh (AWS Price List mirror)
2026-07-30,AWS,eu-west-1,g4ad.16xlarge,V520,4.0,ondemand,3.872,0.968,instances.vantage.sh (AWS Price List mirror)
2026-07-30,AWS,eu-west-1,g4ad.16xlarge,V520,4.0,spot,1.618667,0.40466675,instances.vantage.sh (AWS Price List mirror)
2026-07-30,AWS,eu-west-1,g4ad.2xlarge,V520,1.0,ondemand,0.60421,0.60421,instances.vantage.sh (AWS Price List mirror)
2026-07-30,AWS,eu-west-1,g4ad.2xlarge,V520,1.0,spot,0.283833,0.283833,instances.vantage.sh (AWS Price List mirror)
2026-07-30,AWS,eu-west-1,g4ad.4xlarge,V520,1.0,ondemand,0.968,0.968,instances.vantage.sh (AWS Price List mirror)
2026-07-30,AWS,eu-west-1,g4ad.4xlarge,V520,1.0,spot,0.445233,0.445233,instances.vantage.sh (AWS Price List mirror)
2026-07-30,AWS,eu-west-1,g4ad.8xlarge,V520,2.0,ondemand,1.936,0.968,instances.vantage.sh (AWS Price List mirror)
2026-07-30,AWS,eu-west-1,g4ad.8xlarge,V520,2.0,spot,0.8996,0.4498,instances.vantage.sh (AWS Price List mirror)
2026-07-30,AWS,eu-west-1,g4ad.xlarge,V520,1.0,ondemand,0.42263,0.42263,instances.vantage.sh (AWS Price List mirror)
2026-07-30,AWS,eu-west-1,g4ad.xlarge,V520,1.0,spot,0.194967,0.194967,instances.vantage.sh (AWS Price List mirror)
2026-07-30,AWS,eu-west-1,g4dn.12xlarge,T4,4.0,ondemand,4.362,1.0905,instances.vantage.sh (AWS Price List mirror)
2026-07-30,AWS,eu-west-1,g4dn.12xlarge,T4,4.0,spot,2.0365,0.509125,instances.vantage.sh (AWS Price List mirror)
2026-07-30,AWS,eu-west-1,g4dn.16xlarge,T4,1.0,ondemand,4.853,4.853,instances.vantage.sh (AWS Price List mirror)
2026-07-30,AWS,eu-west-1,g4dn.16xlarge,T4,1.0,spot,1.2943,1.2943,instances.vantage.sh (AWS Price List mirror)
2026-07-30,AWS,eu-west-1,g4dn.2xlarge,T4,1.0,ondemand,0.838,0.838,instances.vantage.sh (AWS Price List mirror)
2026-07-30,AWS,eu-west-1,g4dn.2xlarge,T4,1.0,spot,0.3942,0.3942,instances.vantage.sh (AWS Price List mirror)
2026-07-30,AWS,eu-west-1,g4dn.4xlarge,T4,1.0,ondemand,1.342,1.342,instances.vantage.sh (AWS Price List mirror)
2026-07-30,AWS,eu-west-1,g4dn.4xlarge,T4,1.0,spot,0.582367,0.582367,instances.vantage.sh (AWS Price List mirror)
2026-07-30,AWS,eu-west-1,g4dn.8xlarge,T4,1.0,ondemand,2.426,2.426,instances.vantage.sh (AWS Price List mirror)
2026-07-30,AWS,eu-west-1,g4dn.8xlarge,T4,1.0,spot,1.0918,1.0918,instances.vantage.sh (AWS Price List mirror)
2026-07-30,AWS,eu-west-1,g4dn.metal,T4,8.0,ondemand,8.724,1.0905,instances.vantage.sh (AWS Price List mirror)
2026-07-30,AWS,eu-west-1,g4dn.metal,T4,8.0,spot,4.344467,0.543058375,instances.vantage.sh (AWS Price List mirror)
2026-07-30,AWS,eu-west-1,g4dn.xlarge,T4,1.0,ondemand,0.587,0.587,instances.vantage.sh (AWS Price List mirror)
2026-07-30,AWS,eu-west-1,g4dn.xlarge,T4,1.0,spot,0.3331,0.3331,instances.vantage.sh (AWS Price List mirror)
2026-07-30,AWS,eu-west-1,g5.12xlarge,A10G,4.0,ondemand,6.33167,1.5829175,instances.vantage.sh (AWS Price List mirror)
2026-07-30,AWS,eu-west-1,g5.12xlarge,A10G,4.0,spot,3.447867,0.86196675,instances.vantage.sh (AWS Price List mirror)
2026-07-30,AWS,eu-west-1,g5.16xlarge,A10G,1.0,ondemand,4.57237,4.57237,instances.vantage.sh (AWS Price List mirror)
2026-07-30,AWS,eu-west-1,g5.16xlarge,A10G,1.0,spot,1.353733,1.353733,instances.vantage.sh (AWS Price List mirror)
2026-07-30,AWS,eu-west-1,g5.24xlarge,A10G,4.0,ondemand,9.09117,2.2727925,instances.vantage.sh (AWS Price List mirror)
2026-07-30,AWS,eu-west-1,g5.24xlarge,A10G,4.0,spot,2.328833,0.58220825,instances.vantage.sh (AWS Price List mirror)
2026-07-30,AWS,eu-west-1,g5.2xlarge,A10G,1.0,ondemand,1.35296,1.35296,instances.vantage.sh (AWS Price List mirror)
2026-07-30,AWS,eu-west-1,g5.2xlarge,A10G,1.0,spot,0.974133,0.974133,instances.vantage.sh (AWS Price List mirror)
2026-07-30,AWS,eu-west-1,g5.48xlarge,A10G,8.0,ondemand,18.18233,2.27279125,instances.vantage.sh (AWS Price List mirror)
2026-07-30,AWS,eu-west-1,g5.48xlarge,A10G,8.0,spot,7.224667,0.903083375,instances.vantage.sh (AWS Price List mirror)
2026-07-30,AWS,eu-west-1,g5.4xlarge,A10G,1.0,ondemand,1.81287,1.81287,instances.vantage.sh (AWS Price List mirror)
2026-07-30,AWS,eu-west-1,g5.4xlarge,A10G,1.0,spot,1.132033,1.132033,instances.vantage.sh (AWS Price List mirror)
2026-07-30,AWS,eu-west-1,g5.8xlarge,A10G,1.0,ondemand,2.73271,2.73271,instances.vantage.sh (AWS Price List mirror)
2026-07-30,AWS,eu-west-1,g5.8xlarge,A10G,1.0,spot,1.686933,1.686933,instances.vantage.sh (AWS Price List mirror)
2026-07-30,AWS,eu-west-1,g5.xlarge,A10G,1.0,ondemand,1.123,1.123,instances.vantage.sh (AWS Price List mirror)
2026-07-30,AWS,eu-west-1,g5.xlarge,A10G,1.0,spot,0.804467,0.804467,instances.vantage.sh (AWS Price List mirror)
2026-07-30,AWS,eu-west-1,p2.16xlarge,K80,16.0,ondemand,15.552,0.972,instances.vantage.sh (AWS Price List mirror)
2026-07-30,AWS,eu-west-1,p2.8xlarge,K80,8.0,ondemand,7.776,0.972,instances.vantage.sh (AWS Price List mirror)
2026-07-30,AWS,eu-west-1,p2.xlarge,K80,1.0,ondemand,0.972,0.972,instances.vantage.sh (AWS Price List mirror)
2026-07-30,AWS,eu-west-1,p3.16xlarge,V100,8.0,ondemand,26.44,3.305,instances.vantage.sh (AWS Price List mirror)
2026-07-30,AWS,eu-west-1,p3.16xlarge,V100,8.0,spot,26.44,3.305,instances.vantage.sh (AWS Price List mirror)
2026-07-30,AWS,eu-west-1,p3.2xlarge,V100,1.0,ondemand,3.305,3.305,instances.vantage.sh (AWS Price List mirror)
2026-07-30,AWS,eu-west-1,p3.2xlarge,V100,1.0,spot,1.2338,1.2338,instances.vantage.sh (AWS Price List mirror)
2026-07-30,AWS,eu-west-1,p3.8xlarge,V100,4.0,ondemand,13.22,3.305,instances.vantage.sh (AWS Price List mirror)
2026-07-30,AWS,eu-west-1,p3.8xlarge,V100,4.0,spot,4.40865,1.1021625,instances.vantage.sh (AWS Price List mirror)
2026-07-30,AWS,eu-west-1,p3dn.24xlarge,V100,8.0,ondemand,33.711,4.213875,instances.vantage.sh (AWS Price List mirror)
2026-07-30,AWS,eu-west-1,p3dn.24xlarge,V100,8.0,spot,8.756,1.0945,instances.vantage.sh (AWS Price List mirror)
2026-07-30,AWS,eu-west-1,p4d.24xlarge,A100,8.0,ondemand,23.71569,2.96446125,instances.vantage.sh (AWS Price List mirror)
2026-07-30,AWS,eu-west-1,p4d.24xlarge,A100,8.0,spot,16.4036,2.05045,instances.vantage.sh (AWS Price List mirror)
2026-07-30,AWS,eu-west-2,g3.16xlarge,M60,4.0,ondemand,5.716,1.429,instances.vantage.sh (AWS Price List mirror)
2026-07-30,AWS,eu-west-2,g3.4xlarge,M60,1.0,ondemand,1.429,1.429,instances.vantage.sh (AWS Price List mirror)
2026-07-30,AWS,eu-west-2,g3.8xlarge,M60,2.0,ondemand,2.858,1.429,instances.vantage.sh (AWS Price List mirror)
2026-07-30,AWS,eu-west-2,g3s.xlarge,M60,1.0,ondemand,0.94,0.94,instances.vantage.sh (AWS Price List mirror)
2026-07-30,AWS,eu-west-2,g4ad.16xlarge,V520,4.0,ondemand,4.056,1.014,instances.vantage.sh (AWS Price List mirror)
2026-07-30,AWS,eu-west-2,g4ad.16xlarge,V520,4.0,spot,0.81945,0.2048625,instances.vantage.sh (AWS Price List mirror)
2026-07-30,AWS,eu-west-2,g4ad.2xlarge,V520,1.0,ondemand,0.63292,0.63292,instances.vantage.sh (AWS Price List mirror)
2026-07-30,AWS,eu-west-2,g4ad.2xlarge,V520,1.0,spot,0.24695,0.24695,instances.vantage.sh (AWS Price List mirror)
2026-07-30,AWS,eu-west-2,g4ad.4xlarge,V520,1.0,ondemand,1.014,1.014,instances.vantage.sh (AWS Price List mirror)
2026-07-30,AWS,eu-west-2,g4ad.4xlarge,V520,1.0,spot,0.35465,0.35465,instances.vantage.sh (AWS Price List mirror)
2026-07-30,AWS,eu-west-2,g4ad.8xlarge,V520,2.0,ondemand,2.028,1.014,instances.vantage.sh (AWS Price List mirror)
2026-07-30,AWS,eu-west-2,g4ad.8xlarge,V520,2.0,spot,0.45805,0.229025,instances.vantage.sh (AWS Price List mirror)
2026-07-30,AWS,eu-west-2,g4ad.xlarge,V520,1.0,ondemand,0.44271,0.44271,instances.vantage.sh (AWS Price List mirror)
2026-07-30,AWS,eu-west-2,g4ad.xlarge,V520,1.0,spot,0.0929,0.0929,instances.vantage.sh (AWS Price List mirror)
2026-07-30,AWS,eu-west-2,g4dn.12xlarge,T4,4.0,ondemand,4.577,1.14425,instances.vantage.sh (AWS Price List mirror)
2026-07-30,AWS,eu-west-2,g4dn.12xlarge,T4,4.0,spot,1.648633,0.41215825,instances.vantage.sh (AWS Price List mirror)
2026-07-30,AWS,eu-west-2,g4dn.16xlarge,T4,1.0,ondemand,5.092,5.092,instances.vantage.sh (AWS Price List mirror)
2026-07-30,AWS,eu-west-2,g4dn.16xlarge,T4,1.0,spot,1.066167,1.066167,instances.vantage.sh (AWS Price List mirror)
2026-07-30,AWS,eu-west-2,g4dn.2xlarge,T4,1.0,ondemand,0.88,0.88,instances.vantage.sh (AWS Price List mirror)
2026-07-30,AWS,eu-west-2,g4dn.2xlarge,T4,1.0,spot,0.292367,0.292367,instances.vantage.sh (AWS Price List mirror)
2026-07-30,AWS,eu-west-2,g4dn.4xlarge,T4,1.0,ondemand,1.409,1.409,instances.vantage.sh (AWS Price List mirror)
2026-07-30,AWS,eu-west-2,g4dn.4xlarge,T4,1.0,spot,0.454267,0.454267,instances.vantage.sh (AWS Price List mirror)
2026-07-30,AWS,eu-west-2,g4dn.8xlarge,T4,1.0,ondemand,2.546,2.546,instances.vantage.sh (AWS Price List mirror)
2026-07-30,AWS,eu-west-2,g4dn.8xlarge,T4,1.0,spot,0.690033,0.690033,instances.vantage.sh (AWS Price List mirror)
2026-07-30,AWS,eu-west-2,g4dn.metal,T4,8.0,ondemand,9.154,1.14425,instances.vantage.sh (AWS Price List mirror)
2026-07-30,AWS,eu-west-2,g4dn.metal,T4,8.0,spot,2.703467,0.337933375,instances.vantage.sh (AWS Price List mirror)
2026-07-30,AWS,eu-west-2,g4dn.xlarge,T4,1.0,ondemand,0.615,0.615,instances.vantage.sh (AWS Price List mirror)
2026-07-30,AWS,eu-west-2,g4dn.xlarge,T4,1.0,spot,0.218467,0.218467,instances.vantage.sh (AWS Price List mirror)
2026-07-30,AWS,eu-west-2,g5.12xlarge,A10G,4.0,ondemand,7.19994,1.799985,instances.vantage.sh (AWS Price List mirror)
2026-07-30,AWS,eu-west-2,g5.12xlarge,A10G,4.0,spot,7.1999,1.799975,instances.vantage.sh (AWS Price List mirror)
2026-07-30,AWS,eu-west-2,g5.16xlarge,A10G,1.0,ondemand,5.1994,5.1994,instances.vantage.sh (AWS Price List mirror)
2026-07-30,AWS,eu-west-2,g5.16xlarge,A10G,1.0,spot,2.05465,2.05465,instances.vantage.sh (AWS Price List mirror)
2026-07-30,AWS,eu-west-2,g5.24xlarge,A10G,4.0,ondemand,10.33786,2.584465,instances.vantage.sh (AWS Price List mirror)
2026-07-30,AWS,eu-west-2,g5.24xlarge,A10G,4.0,spot,10.3379,2.584475,instances.vantage.sh (AWS Price List mirror)
2026-07-30,AWS,eu-west-2,g5.2xlarge,A10G,1.0,ondemand,1.53849,1.53849,instances.vantage.sh (AWS Price List mirror)
2026-07-30,AWS,eu-west-2,g5.2xlarge,A10G,1.0,spot,0.6436,0.6436,instances.vantage.sh (AWS Price List mirror)
2026-07-30,AWS,eu-west-2,g5.48xlarge,A10G,8.0,ondemand,20.67572,2.584465,instances.vantage.sh (AWS Price List mirror)
2026-07-30,AWS,eu-west-2,g5.48xlarge,A10G,8.0,spot,20.6757,2.5844625,instances.vantage.sh (AWS Price List mirror)
2026-07-30,AWS,eu-west-2,g5.4xlarge,A10G,1.0,ondemand,2.06148,2.06148,instances.vantage.sh (AWS Price List mirror)
2026-07-30,AWS,eu-west-2,g5.4xlarge,A10G,1.0,spot,0.71955,0.71955,instances.vantage.sh (AWS Price List mirror)
2026-07-30,AWS,eu-west-2,g5.8xlarge,A10G,1.0,ondemand,3.10745,3.10745,instances.vantage.sh (AWS Price List mirror)
2026-07-30,AWS,eu-west-2,g5.8xlarge,A10G,1.0,spot,0.74385,0.74385,instances.vantage.sh (AWS Price List mirror)
2026-07-30,AWS,eu-west-2,g5.xlarge,A10G,1.0,ondemand,1.277,1.277,instances.vantage.sh (AWS Price List mirror)
2026-07-30,AWS,eu-west-2,g5.xlarge,A10G,1.0,spot,0.4951,0.4951,instances.vantage.sh (AWS Price List mirror)
2026-07-30,AWS,eu-west-2,g6.12xlarge,L4,4.0,ondemand,5.8412,1.4603,instances.vantage.sh (AWS Price List mirror)
2026-07-30,AWS,eu-west-2,g6.12xlarge,L4,4.0,spot,1.801033,0.45025825,instances.vantage.sh (AWS Price List mirror)
2026-07-30,AWS,eu-west-2,g6.16xlarge,L4,1.0,ondemand,4.31184,4.31184,instances.vantage.sh (AWS Price List mirror)
2026-07-30,AWS,eu-west-2,g6.16xlarge,L4,1.0,spot,1.4728,1.4728,instances.vantage.sh (AWS Price List mirror)
2026-07-30,AWS,eu-west-2,g6.24xlarge,L4,4.0,ondemand,8.47339,2.1183475,instances.vantage.sh (AWS Price List mirror)
2026-07-30,AWS,eu-west-2,g6.24xlarge,L4,4.0,spot,2.5176,0.6294,instances.vantage.sh (AWS Price List mirror)
2026-07-30,AWS,eu-west-2,g6.2xlarge,L4,1.0,ondemand,1.24095,1.24095,instances.vantage.sh (AWS Price List mirror)
2026-07-30,AWS,eu-west-2,g6.2xlarge,L4,1.0,spot,0.452133,0.452133,instances.vantage.sh (AWS Price List mirror)
2026-07-30,AWS,eu-west-2,g6.48xlarge,L4,8.0,ondemand,16.94678,2.1183475,instances.vantage.sh (AWS Price List mirror)
2026-07-30,AWS,eu-west-2,g6.48xlarge,L4,8.0,spot,6.356333,0.794541625,instances.vantage.sh (AWS Price List mirror)
2026-07-30,AWS,eu-west-2,g6.4xlarge,L4,1.0,ondemand,1.67965,1.67965,instances.vantage.sh (AWS Price List mirror)
2026-07-30,AWS,eu-west-2,g6.4xlarge,L4,1.0,spot,0.6794,0.6794,instances.vantage.sh (AWS Price List mirror)
2026-07-30,AWS,eu-west-2,g6.8xlarge,L4,1.0,ondemand,2.55705,2.55705,instances.vantage.sh (AWS Price List mirror)
2026-07-30,AWS,eu-west-2,g6.8xlarge,L4,1.0,spot,0.950433,0.950433,instances.vantage.sh (AWS Price List mirror)
2026-07-30,AWS,eu-west-2,g6.xlarge,L4,1.0,ondemand,1.0216,1.0216,instances.vantage.sh (AWS Price List mirror)
2026-07-30,AWS,eu-west-2,g6.xlarge,L4,1.0,spot,0.439667,0.439667,instances.vantage.sh (AWS Price List mirror)
2026-07-30,AWS,eu-west-2,g6f.2xlarge,L4,0.25,ondemand,0.60298,2.41192,instances.vantage.sh (AWS Price List mirror)
2026-07-30,AWS,eu-west-2,g6f.2xlarge,L4,0.25,spot,0.2262,0.9048,instances.vantage.sh (AWS Price List mirror)
2026-07-30,AWS,eu-west-2,g6f.4xlarge,L4,0.5,ondemand,1.20595,2.4119,instances.vantage.sh (AWS Price List mirror)
2026-07-30,AWS,eu-west-2,g6f.4xlarge,L4,0.5,spot,0.43635,0.8727,instances.vantage.sh (AWS Price List mirror)
2026-07-30,AWS,eu-west-2,g6f.large,L4,0.125,ondemand,0.25642,2.05136,instances.vantage.sh (AWS Price List mirror)
2026-07-30,AWS,eu-west-2,g6f.large,L4,0.125,spot,0.05245,0.4196,instances.vantage.sh (AWS Price List mirror)
2026-07-30,AWS,eu-west-2,g6f.xlarge,L4,0.125,ondemand,0.30149,2.41192,instances.vantage.sh (AWS Price List mirror)
2026-07-30,AWS,eu-west-2,g6f.xlarge,L4,0.125,spot,0.10835,0.8668,instances.vantage.sh (AWS Price List mirror)
2026-07-30,AWS,eu-west-2,g7e.12xlarge,NVIDIA GB202,2.0,ondemand,14.40172,7.20086,instances.vantage.sh (AWS Price List mirror)
2026-07-30,AWS,eu-west-2,g7e.12xlarge,NVIDIA GB202,2.0,spot,4.6938,2.3469,instances.vantage.sh (AWS Price List mirror)
2026-07-30,AWS,eu-west-2,g7e.24xlarge,NVIDIA GB202,4.0,ondemand,28.80344,7.20086,instances.vantage.sh (AWS Price List mirror)
2026-07-30,AWS,eu-west-2,g7e.24xlarge,NVIDIA GB202,4.0,spot,8.03575,2.0089375,instances.vantage.sh (AWS Price List mirror)
2026-07-30,AWS,eu-west-2,g7e.2xlarge,NVIDIA GB202,1.0,ondemand,5.84531,5.84531,instances.vantage.sh (AWS Price List mirror)
2026-07-30,AWS,eu-west-2,g7e.2xlarge,NVIDIA GB202,1.0,spot,1.8701,1.8701,instances.vantage.sh (AWS Price List mirror)
2026-07-30,AWS,eu-west-2,g7e.48xlarge,NVIDIA GB202,8.0,ondemand,57.60687,7.20085875,instances.vantage.sh (AWS Price List mirror)
2026-07-30,AWS,eu-west-2,g7e.48xlarge,NVIDIA GB202,8.0,spot,15.20425,1.90053125,instances.vantage.sh (AWS Price List mirror)
2026-07-30,AWS,eu-west-2,g7e.4xlarge,NVIDIA GB202,1.0,ondemand,6.94905,6.94905,instances.vantage.sh (AWS Price List mirror)
2026-07-30,AWS,eu-west-2,g7e.4xlarge,NVIDIA GB202,1.0,spot,2.0468,2.0468,instances.vantage.sh (AWS Price List mirror)
2026-07-30,AWS,eu-west-2,g7e.8xlarge,NVIDIA GB202,1.0,ondemand,9.15653,9.15653,instances.vantage.sh (AWS Price List mirror)
2026-07-30,AWS,eu-west-2,g7e.8xlarge,NVIDIA GB202,1.0,spot,2.8964,2.8964,instances.vantage.sh (AWS Price List mirror)
2026-07-30,AWS,eu-west-2,gr6.4xlarge,L4,1.0,ondemand,1.9539,1.9539,instances.vantage.sh (AWS Price List mirror)
2026-07-30,AWS,eu-west-2,gr6.4xlarge,L4,1.0,spot,0.55175,0.55175,instances.vantage.sh (AWS Price List mirror)
2026-07-30,AWS,eu-west-2,gr6.8xlarge,L4,1.0,ondemand,3.10552,3.10552,instances.vantage.sh (AWS Price List mirror)
2026-07-30,AWS,eu-west-2,gr6.8xlarge,L4,1.0,spot,0.9882,0.9882,instances.vantage.sh (AWS Price List mirror)
2026-07-30,AWS,eu-west-2,gr6f.4xlarge,L4,0.5,ondemand,1.35321,2.70642,instances.vantage.sh (AWS Price List mirror)
2026-07-30,AWS,eu-west-2,gr6f.4xlarge,L4,0.5,spot,0.4564,0.9128,instances.vantage.sh (AWS Price List mirror)
2026-07-30,AWS,eu-west-2,p3.16xlarge,V100,8.0,ondemand,28.712,3.589,instances.vantage.sh (AWS Price List mirror)
2026-07-30,AWS,eu-west-2,p3.16xlarge,V100,8.0,spot,28.712,3.589,instances.vantage.sh (AWS Price List mirror)
2026-07-30,AWS,eu-west-2,p3.2xlarge,V100,1.0,ondemand,3.589,3.589,instances.vantage.sh (AWS Price List mirror)
2026-07-30,AWS,eu-west-2,p3.2xlarge,V100,1.0,spot,3.589,3.589,instances.vantage.sh (AWS Price List mirror)
2026-07-30,AWS,eu-west-2,p3.8xlarge,V100,4.0,ondemand,14.356,3.589,instances.vantage.sh (AWS Price List mirror)
2026-07-30,AWS,eu-west-2,p3.8xlarge,V100,4.0,spot,5.88596,1.47149,instances.vantage.sh (AWS Price List mirror)
2026-07-30,AWS,eu-west-2,p4d.24xlarge,A100,8.0,ondemand,28.54493,3.56811625,instances.vantage.sh (AWS Price List mirror)
2026-07-30,AWS,eu-west-2,p4d.24xlarge,A100,8.0,spot,17.8097,2.2262125,instances.vantage.sh (AWS Price List mirror)
2026-07-30,AWS,eu-west-2,p5.48xlarge,H100,8.0,ondemand,71.552,8.944,instances.vantage.sh (AWS Price List mirror)
2026-07-30,AWS,eu-west-2,p5.48xlarge,H100,8.0,spot,22.515767,2.814470875,instances.vantage.sh (AWS Price List mirror)
2026-07-30,AWS,eu-west-2,p5.4xlarge,H100,1.0,ondemand,8.944,8.944,instances.vantage.sh (AWS Price List mirror)
2026-07-30,AWS,eu-west-2,p5.4xlarge,H100,1.0,spot,8.944,8.944,instances.vantage.sh (AWS Price List mirror)
2026-07-30,AWS,eu-west-2-wl1-lon1,g4dn.2xlarge,T4,1.0,ondemand,1.144,1.144,instances.vantage.sh (AWS Price List mirror)
2026-07-30,AWS,eu-west-2-wl1-man1,g4dn.2xlarge,T4,1.0,ondemand,1.144,1.144,instances.vantage.sh (AWS Price List mirror)
2026-07-30,AWS,eu-west-2-wl2-man1,g4dn.2xlarge,T4,1.0,ondemand,1.144,1.144,instances.vantage.sh (AWS Price List mirror)
2026-07-30,AWS,eu-west-3,g4dn.12xlarge,T4,4.0,ondemand,4.574,1.1435,instances.vantage.sh (AWS Price List mirror)
2026-07-30,AWS,eu-west-3,g4dn.12xlarge,T4,4.0,spot,1.359233,0.33980825,instances.vantage.sh (AWS Price List mirror)
2026-07-30,AWS,eu-west-3,g4dn.16xlarge,T4,1.0,ondemand,5.088,5.088,instances.vantage.sh (AWS Price List mirror)
2026-07-30,AWS,eu-west-3,g4dn.16xlarge,T4,1.0,spot,0.986633,0.986633,instances.vantage.sh (AWS Price List mirror)
2026-07-30,AWS,eu-west-3,g4dn.2xlarge,T4,1.0,ondemand,0.879,0.879,instances.vantage.sh (AWS Price List mirror)
2026-07-30,AWS,eu-west-3,g4dn.2xlarge,T4,1.0,spot,0.276,0.276,instances.vantage.sh (AWS Price List mirror)
2026-07-30,AWS,eu-west-3,g4dn.4xlarge,T4,1.0,ondemand,1.408,1.408,instances.vantage.sh (AWS Price List mirror)
2026-07-30,AWS,eu-west-3,g4dn.4xlarge,T4,1.0,spot,0.4551,0.4551,instances.vantage.sh (AWS Price List mirror)
2026-07-30,AWS,eu-west-3,g4dn.8xlarge,T4,1.0,ondemand,2.544,2.544,instances.vantage.sh (AWS Price List mirror)
2026-07-30,AWS,eu-west-3,g4dn.8xlarge,T4,1.0,spot,0.505367,0.505367,instances.vantage.sh (AWS Price List mirror)
2026-07-30,AWS,eu-west-3,g4dn.metal,T4,8.0,ondemand,9.148,1.1435,instances.vantage.sh (AWS Price List mirror)
2026-07-30,AWS,eu-west-3,g4dn.metal,T4,8.0,spot,2.315933,0.289491625,instances.vantage.sh (AWS Price List mirror)
2026-07-30,AWS,eu-west-3,g4dn.xlarge,T4,1.0,ondemand,0.615,0.615,instances.vantage.sh (AWS Price List mirror)
2026-07-30,AWS,eu-west-3,g4dn.xlarge,T4,1.0,spot,0.209033,0.209033,instances.vantage.sh (AWS Price List mirror)
2026-07-30,AWS,eu-west-3,g5.12xlarge,A10G,4.0,ondemand,7.19994,1.799985,instances.vantage.sh (AWS Price List mirror)
2026-07-30,AWS,eu-west-3,g5.16xlarge,A10G,1.0,ondemand,5.1994,5.1994,instances.vantage.sh (AWS Price List mirror)
2026-07-30,AWS,eu-west-3,g5.24xlarge,A10G,4.0,ondemand,10.33786,2.584465,instances.vantage.sh (AWS Price List mirror)
2026-07-30,AWS,eu-west-3,g5.2xlarge,A10G,1.0,ondemand,1.53849,1.53849,instances.vantage.sh (AWS Price List mirror)
2026-07-30,AWS,eu-west-3,g5.48xlarge,A10G,8.0,ondemand,20.67572,2.584465,instances.vantage.sh (AWS Price List mirror)
2026-07-30,AWS,eu-west-3,g5.4xlarge,A10G,1.0,ondemand,2.06148,2.06148,instances.vantage.sh (AWS Price List mirror)
2026-07-30,AWS,eu-west-3,g5.8xlarge,A10G,1.0,ondemand,3.10745,3.10745,instances.vantage.sh (AWS Price List mirror)
2026-07-30,AWS,eu-west-3,g5.xlarge,A10G,1.0,ondemand,1.277,1.277,instances.vantage.sh (AWS Price List mirror)
2026-07-30,AWS,eu-west-3,g6.12xlarge,L4,4.0,ondemand,5.8412,1.4603,instances.vantage.sh (AWS Price List mirror)
2026-07-30,AWS,eu-west-3,g6.12xlarge,L4,4.0,spot,1.48245,0.3706125,instances.vantage.sh (AWS Price List mirror)
2026-07-30,AWS,eu-west-3,g6.16xlarge,L4,1.0,ondemand,4.31184,4.31184,instances.vantage.sh (AWS Price List mirror)
2026-07-30,AWS,eu-west-3,g6.16xlarge,L4,1.0,spot,1.37475,1.37475,instances.vantage.sh (AWS Price List mirror)
2026-07-30,AWS,eu-west-3,g6.24xlarge,L4,4.0,ondemand,8.47339,2.1183475,instances.vantage.sh (AWS Price List mirror)
2026-07-30,AWS,eu-west-3,g6.24xlarge,L4,4.0,spot,1.9745,0.493625,instances.vantage.sh (AWS Price List mirror)
2026-07-30,AWS,eu-west-3,g6.2xlarge,L4,1.0,ondemand,1.24095,1.24095,instances.vantage.sh (AWS Price List mirror)
2026-07-30,AWS,eu-west-3,g6.2xlarge,L4,1.0,spot,0.38985,0.38985,instances.vantage.sh (AWS Price List mirror)
2026-07-30,AWS,eu-west-3,g6.48xlarge,L4,8.0,ondemand,16.94678,2.1183475,instances.vantage.sh (AWS Price List mirror)
2026-07-30,AWS,eu-west-3,g6.48xlarge,L4,8.0,spot,4.44175,0.55521875,instances.vantage.sh (AWS Price List mirror)
2026-07-30,AWS,eu-west-3,g6.4xlarge,L4,1.0,ondemand,1.67965,1.67965,instances.vantage.sh (AWS Price List mirror)
2026-07-30,AWS,eu-west-3,g6.4xlarge,L4,1.0,spot,0.5368,0.5368,instances.vantage.sh (AWS Price List mirror)
2026-07-30,AWS,eu-west-3,g6.8xlarge,L4,1.0,ondemand,2.55705,2.55705,instances.vantage.sh (AWS Price List mirror)
2026-07-30,AWS,eu-west-3,g6.8xlarge,L4,1.0,spot,1.2203,1.2203,instances.vantage.sh (AWS Price List mirror)
2026-07-30,AWS,eu-west-3,g6.xlarge,L4,1.0,ondemand,1.0216,1.0216,instances.vantage.sh (AWS Price List mirror)
2026-07-30,AWS,eu-west-3,g6.xlarge,L4,1.0,spot,0.36875,0.36875,instances.vantage.sh (AWS Price List mirror)
2026-07-30,AWS,eu-west-3,gr6.4xlarge,L4,1.0,ondemand,1.9538,1.9538,instances.vantage.sh (AWS Price List mirror)
2026-07-30,AWS,eu-west-3,gr6.4xlarge,L4,1.0,spot,0.51195,0.51195,instances.vantage.sh (AWS Price List mirror)
2026-07-30,AWS,eu-west-3,gr6.8xlarge,L4,1.0,ondemand,3.10536,3.10536,instances.vantage.sh (AWS Price List mirror)
2026-07-30,AWS,eu-west-3,gr6.8xlarge,L4,1.0,spot,0.605,0.605,instances.vantage.sh (AWS Price List mirror)
2026-07-30,AWS,eu-west-3-wl1-cmn1,g4dn.12xlarge,T4,4.0,ondemand,5.234,1.3085,instances.vantage.sh (AWS Price List mirror)
2026-07-30,AWS,eu-west-3-wl1-cmn1,g4dn.2xlarge,T4,1.0,ondemand,1.006,1.006,instances.vantage.sh (AWS Price List mirror)
2026-07-30,AWS,eu-west-3-wl1-dss1,g4dn.12xlarge,T4,4.0,ondemand,5.234,1.3085,instances.vantage.sh (AWS Price List mirror)
2026-07-30,AWS,eu-west-3-wl1-dss1,g4dn.2xlarge,T4,1.0,ondemand,1.006,1.006,instances.vantage.sh (AWS Price List mirror)
2026-07-30,AWS,il-central-1,g5.12xlarge,A10G,4.0,ondemand,6.64825,1.6620625,instances.vantage.sh (AWS Price List mirror)
2026-07-30,AWS,il-central-1,g5.12xlarge,A10G,4.0,spot,2.526335,0.63158375,instances.vantage.sh (AWS Price List mirror)
2026-07-30,AWS,il-central-1,g5.16xlarge,A10G,1.0,ondemand,4.80099,4.80099,instances.vantage.sh (AWS Price List mirror)
2026-07-30,AWS,il-central-1,g5.16xlarge,A10G,1.0,spot,1.056218,1.056218,instances.vantage.sh (AWS Price List mirror)
2026-07-30,AWS,il-central-1,g5.24xlarge,A10G,4.0,ondemand,9.54572,2.38643,instances.vantage.sh (AWS Price List mirror)
2026-07-30,AWS,il-central-1,g5.24xlarge,A10G,4.0,spot,7.15929,1.7898225,instances.vantage.sh (AWS Price List mirror)
2026-07-30,AWS,il-central-1,g5.2xlarge,A10G,1.0,ondemand,1.42061,1.42061,instances.vantage.sh (AWS Price List mirror)
2026-07-30,AWS,il-central-1,g5.2xlarge,A10G,1.0,spot,0.298328,0.298328,instances.vantage.sh (AWS Price List mirror)
2026-07-30,AWS,il-central-1,g5.48xlarge,A10G,8.0,ondemand,19.09145,2.38643125,instances.vantage.sh (AWS Price List mirror)
2026-07-30,AWS,il-central-1,g5.48xlarge,A10G,8.0,spot,12.409442,1.55118025,instances.vantage.sh (AWS Price List mirror)
2026-07-30,AWS,il-central-1,g5.4xlarge,A10G,1.0,ondemand,1.90352,1.90352,instances.vantage.sh (AWS Price List mirror)
2026-07-30,AWS,il-central-1,g5.4xlarge,A10G,1.0,spot,0.799478,0.799478,instances.vantage.sh (AWS Price List mirror)
2026-07-30,AWS,il-central-1,g5.8xlarge,A10G,1.0,ondemand,2.86934,2.86934,instances.vantage.sh (AWS Price List mirror)
2026-07-30,AWS,il-central-1,g5.8xlarge,A10G,1.0,spot,0.803415,0.803415,instances.vantage.sh (AWS Price List mirror)
2026-07-30,AWS,il-central-1,g5.xlarge,A10G,1.0,ondemand,1.17915,1.17915,instances.vantage.sh (AWS Price List mirror)
2026-07-30,AWS,il-central-1,g5.xlarge,A10G,1.0,spot,0.330162,0.330162,instances.vantage.sh (AWS Price List mirror)
2026-07-30,AWS,il-central-1,p4de.24xlarge,A100,8.0,ondemand,35.57346,4.4466825,instances.vantage.sh (AWS Price List mirror)
2026-07-30,AWS,il-central-1,p4de.24xlarge,A100,8.0,spot,5.691754,0.71146925,instances.vantage.sh (AWS Price List mirror)
2026-07-30,AWS,me-central-1,g5.12xlarge,A10G,4.0,ondemand,6.9575,1.739375,instances.vantage.sh (AWS Price List mirror)
2026-07-30,AWS,me-central-1,g5.12xlarge,A10G,4.0,spot,6.6792,1.6698,instances.vantage.sh (AWS Price List mirror)
2026-07-30,AWS,me-central-1,g5.16xlarge,A10G,1.0,ondemand,5.02432,5.02432,instances.vantage.sh (AWS Price List mirror)
2026-07-30,AWS,me-central-1,g5.16xlarge,A10G,1.0,spot,2.009728,2.009728,instances.vantage.sh (AWS Price List mirror)
2026-07-30,AWS,me-central-1,g5.24xlarge,A10G,4.0,ondemand,9.98976,2.49744,instances.vantage.sh (AWS Price List mirror)
2026-07-30,AWS,me-central-1,g5.24xlarge,A10G,4.0,spot,9.59017,2.3975425,instances.vantage.sh (AWS Price List mirror)
2026-07-30,AWS,me-central-1,g5.2xlarge,A10G,1.0,ondemand,1.48669,1.48669,instances.vantage.sh (AWS Price List mirror)
2026-07-30,AWS,me-central-1,g5.2xlarge,A10G,1.0,spot,0.847413,0.847413,instances.vantage.sh (AWS Price List mirror)
2026-07-30,AWS,me-central-1,g5.48xlarge,A10G,8.0,ondemand,19.97951,2.49743875,instances.vantage.sh (AWS Price List mirror)
2026-07-30,AWS,me-central-1,g5.48xlarge,A10G,8.0,spot,19.18033,2.39754125,instances.vantage.sh (AWS Price List mirror)
2026-07-30,AWS,me-central-1,g5.4xlarge,A10G,1.0,ondemand,1.99206,1.99206,instances.vantage.sh (AWS Price List mirror)
2026-07-30,AWS,me-central-1,g5.4xlarge,A10G,1.0,spot,1.095633,1.095633,instances.vantage.sh (AWS Price List mirror)
2026-07-30,AWS,me-central-1,g5.8xlarge,A10G,1.0,ondemand,3.00282,3.00282,instances.vantage.sh (AWS Price List mirror)
2026-07-30,AWS,me-central-1,g5.8xlarge,A10G,1.0,spot,1.561466,1.561466,instances.vantage.sh (AWS Price List mirror)
2026-07-30,AWS,me-central-1,g5.xlarge,A10G,1.0,ondemand,1.234,1.234,instances.vantage.sh (AWS Price List mirror)
2026-07-30,AWS,me-central-1,g5.xlarge,A10G,1.0,spot,0.71572,0.71572,instances.vantage.sh (AWS Price List mirror)
2026-07-30,AWS,me-central-1,g6.12xlarge,L4,4.0,ondemand,5.65045,1.4126125,instances.vantage.sh (AWS Price List mirror)
2026-07-30,AWS,me-central-1,g6.12xlarge,L4,4.0,spot,2.316685,0.57917125,instances.vantage.sh (AWS Price List mirror)
2026-07-30,AWS,me-central-1,g6.16xlarge,L4,1.0,ondemand,4.17104,4.17104,instances.vantage.sh (AWS Price List mirror)
2026-07-30,AWS,me-central-1,g6.16xlarge,L4,1.0,spot,0.667366,0.667366,instances.vantage.sh (AWS Price List mirror)
2026-07-30,AWS,me-central-1,g6.24xlarge,L4,4.0,ondemand,8.19669,2.0491725,instances.vantage.sh (AWS Price List mirror)
2026-07-30,AWS,me-central-1,g6.24xlarge,L4,4.0,spot,7.540955,1.88523875,instances.vantage.sh (AWS Price List mirror)
2026-07-30,AWS,me-central-1,g6.2xlarge,L4,1.0,ondemand,1.20043,1.20043,instances.vantage.sh (AWS Price List mirror)
2026-07-30,AWS,me-central-1,g6.2xlarge,L4,1.0,spot,0.516185,0.516185,instances.vantage.sh (AWS Price List mirror)
2026-07-30,AWS,me-central-1,g6.48xlarge,L4,8.0,ondemand,16.39339,2.04917375,instances.vantage.sh (AWS Price List mirror)
2026-07-30,AWS,me-central-1,g6.48xlarge,L4,8.0,spot,15.901588,1.9876985,instances.vantage.sh (AWS Price List mirror)
2026-07-30,AWS,me-central-1,g6.4xlarge,L4,1.0,ondemand,1.6248,1.6248,instances.vantage.sh (AWS Price List mirror)
2026-07-30,AWS,me-central-1,g6.4xlarge,L4,1.0,spot,0.796152,0.796152,instances.vantage.sh (AWS Price List mirror)
2026-07-30,AWS,me-central-1,g6.8xlarge,L4,1.0,ondemand,2.47355,2.47355,instances.vantage.sh (AWS Price List mirror)
2026-07-30,AWS,me-central-1,g6.8xlarge,L4,1.0,spot,0.519446,0.519446,instances.vantage.sh (AWS Price List mirror)
2026-07-30,AWS,me-central-1,g6.xlarge,L4,1.0,ondemand,0.98824,0.98824,instances.vantage.sh (AWS Price List mirror)
2026-07-30,AWS,me-central-1,g6.xlarge,L4,1.0,spot,0.74118,0.74118,instances.vantage.sh (AWS Price List mirror)
2026-07-30,AWS,me-central-1,g6e.12xlarge,L40S,4.0,ondemand,12.87194,3.217985,instances.vantage.sh (AWS Price List mirror)
2026-07-30,AWS,me-central-1,g6e.12xlarge,L40S,4.0,spot,2.831827,0.70795675,instances.vantage.sh (AWS Price List mirror)
2026-07-30,AWS,me-central-1,g6e.16xlarge,L40S,1.0,ondemand,9.2954,9.2954,instances.vantage.sh (AWS Price List mirror)
2026-07-30,AWS,me-central-1,g6e.16xlarge,L40S,1.0,spot,2.137942,2.137942,instances.vantage.sh (AWS Price List mirror)
2026-07-30,AWS,me-central-1,g6e.24xlarge,L40S,4.0,ondemand,18.48186,4.620465,instances.vantage.sh (AWS Price List mirror)
2026-07-30,AWS,me-central-1,g6e.24xlarge,L40S,4.0,spot,4.066009,1.01650225,instances.vantage.sh (AWS Price List mirror)
2026-07-30,AWS,me-central-1,g6e.2xlarge,L40S,1.0,ondemand,2.75049,2.75049,instances.vantage.sh (AWS Price List mirror)
2026-07-30,AWS,me-central-1,g6e.2xlarge,L40S,1.0,spot,0.715127,0.715127,instances.vantage.sh (AWS Price List mirror)
2026-07-30,AWS,me-central-1,g6e.48xlarge,L40S,8.0,ondemand,36.96372,4.620465,instances.vantage.sh (AWS Price List mirror)
2026-07-30,AWS,me-central-1,g6e.48xlarge,L40S,8.0,spot,20.699683,2.587460375,instances.vantage.sh (AWS Price List mirror)
2026-07-30,AWS,me-central-1,g6e.4xlarge,L40S,1.0,ondemand,3.68548,3.68548,instances.vantage.sh (AWS Price List mirror)
2026-07-30,AWS,me-central-1,g6e.4xlarge,L40S,1.0,spot,0.84766,0.84766,instances.vantage.sh (AWS Price List mirror)
2026-07-30,AWS,me-central-1,g6e.8xlarge,L40S,1.0,ondemand,5.55545,5.55545,instances.vantage.sh (AWS Price List mirror)
2026-07-30,AWS,me-central-1,g6e.8xlarge,L40S,1.0,spot,1.333308,1.333308,instances.vantage.sh (AWS Price List mirror)
2026-07-30,AWS,me-central-1,g6e.xlarge,L40S,1.0,ondemand,2.283,2.283,instances.vantage.sh (AWS Price List mirror)
2026-07-30,AWS,me-central-1,g6e.xlarge,L40S,1.0,spot,0.59358,0.59358,instances.vantage.sh (AWS Price List mirror)
2026-07-30,AWS,me-central-1,p5en.48xlarge,H200,8.0,ondemand,75.9552,9.4944,instances.vantage.sh (AWS Price List mirror)
2026-07-30,AWS,me-south-1,g4dn.12xlarge,T4,4.0,ondemand,4.798,1.1995,instances.vantage.sh (AWS Price List mirror)
2026-07-30,AWS,me-south-1,g4dn.12xlarge,T4,4.0,spot,0.7197,0.179925,instances.vantage.sh (AWS Price List mirror)
2026-07-30,AWS,me-south-1,g4dn.16xlarge,T4,1.0,ondemand,5.338,5.338,instances.vantage.sh (AWS Price List mirror)
2026-07-30,AWS,me-south-1,g4dn.16xlarge,T4,1.0,spot,0.64056,0.64056,instances.vantage.sh (AWS Price List mirror)
2026-07-30,AWS,me-south-1,g4dn.2xlarge,T4,1.0,ondemand,0.922,0.922,instances.vantage.sh (AWS Price List mirror)
2026-07-30,AWS,me-south-1,g4dn.2xlarge,T4,1.0,spot,0.31348,0.31348,instances.vantage.sh (AWS Price List mirror)
2026-07-30,AWS,me-south-1,g4dn.4xlarge,T4,1.0,ondemand,1.477,1.477,instances.vantage.sh (AWS Price List mirror)
2026-07-30,AWS,me-south-1,g4dn.4xlarge,T4,1.0,spot,0.48741,0.48741,instances.vantage.sh (AWS Price List mirror)
2026-07-30,AWS,me-south-1,g4dn.8xlarge,T4,1.0,ondemand,2.669,2.669,instances.vantage.sh (AWS Price List mirror)
2026-07-30,AWS,me-south-1,g4dn.8xlarge,T4,1.0,spot,0.5338,0.5338,instances.vantage.sh (AWS Price List mirror)
2026-07-30,AWS,me-south-1,g4dn.metal,T4,8.0,ondemand,9.596,1.1995,instances.vantage.sh (AWS Price List mirror)
2026-07-30,AWS,me-south-1,g4dn.metal,T4,8.0,spot,0.9596,0.11995,instances.vantage.sh (AWS Price List mirror)
2026-07-30,AWS,me-south-1,g4dn.xlarge,T4,1.0,ondemand,0.645,0.645,instances.vantage.sh (AWS Price List mirror)
2026-07-30,AWS,me-south-1,g4dn.xlarge,T4,1.0,spot,0.129,0.129,instances.vantage.sh (AWS Price List mirror)
2026-07-30,AWS,me-south-1-mct-1,g4dn.2xlarge,T4,1.0,ondemand,1.153,1.153,instances.vantage.sh (AWS Price List mirror)
2026-07-30,AWS,sa-east-1,g4dn.12xlarge,T4,4.0,ondemand,6.649,1.66225,instances.vantage.sh (AWS Price List mirror)
2026-07-30,AWS,sa-east-1,g4dn.12xlarge,T4,4.0,spot,1.7227,0.430675,instances.vantage.sh (AWS Price List mirror)
2026-07-30,AWS,sa-east-1,g4dn.16xlarge,T4,1.0,ondemand,7.397,7.397,instances.vantage.sh (AWS Price List mirror)
2026-07-30,AWS,sa-east-1,g4dn.16xlarge,T4,1.0,spot,0.7397,0.7397,instances.vantage.sh (AWS Price List mirror)
2026-07-30,AWS,sa-east-1,g4dn.2xlarge,T4,1.0,ondemand,1.278,1.278,instances.vantage.sh (AWS Price List mirror)
2026-07-30,AWS,sa-east-1,g4dn.2xlarge,T4,1.0,spot,0.2545,0.2545,instances.vantage.sh (AWS Price List mirror)
2026-07-30,AWS,sa-east-1,g4dn.4xlarge,T4,1.0,ondemand,2.046,2.046,instances.vantage.sh (AWS Price List mirror)
2026-07-30,AWS,sa-east-1,g4dn.4xlarge,T4,1.0,spot,0.400033,0.400033,instances.vantage.sh (AWS Price List mirror)
2026-07-30,AWS,sa-east-1,g4dn.8xlarge,T4,1.0,ondemand,3.698,3.698,instances.vantage.sh (AWS Price List mirror)
2026-07-30,AWS,sa-east-1,g4dn.8xlarge,T4,1.0,spot,0.4509,0.4509,instances.vantage.sh (AWS Price List mirror)
2026-07-30,AWS,sa-east-1,g4dn.metal,T4,8.0,ondemand,13.298,1.66225,instances.vantage.sh (AWS Price List mirror)
2026-07-30,AWS,sa-east-1,g4dn.metal,T4,8.0,spot,5.7271,0.7158875,instances.vantage.sh (AWS Price List mirror)
2026-07-30,AWS,sa-east-1,g4dn.xlarge,T4,1.0,ondemand,0.894,0.894,instances.vantage.sh (AWS Price List mirror)
2026-07-30,AWS,sa-east-1,g4dn.xlarge,T4,1.0,spot,0.1689,0.1689,instances.vantage.sh (AWS Price List mirror)
2026-07-30,AWS,sa-east-1,g5.12xlarge,A10G,4.0,ondemand,9.64127,2.4103175,instances.vantage.sh (AWS Price List mirror)
2026-07-30,AWS,sa-east-1,g5.12xlarge,A10G,4.0,spot,7.95575,1.9889375,instances.vantage.sh (AWS Price List mirror)
2026-07-30,AWS,sa-east-1,g5.16xlarge,A10G,1.0,ondemand,6.96239,6.96239,instances.vantage.sh (AWS Price List mirror)
2026-07-30,AWS,sa-east-1,g5.16xlarge,A10G,1.0,spot,5.7452,5.7452,instances.vantage.sh (AWS Price List mirror)
2026-07-30,AWS,sa-east-1,g5.24xlarge,A10G,4.0,ondemand,13.84318,3.460795,instances.vantage.sh (AWS Price List mirror)
2026-07-30,AWS,sa-east-1,g5.24xlarge,A10G,4.0,spot,11.7643,2.941075,instances.vantage.sh (AWS Price List mirror)
2026-07-30,AWS,sa-east-1,g5.2xlarge,A10G,1.0,ondemand,2.06016,2.06016,instances.vantage.sh (AWS Price List mirror)
2026-07-30,AWS,sa-east-1,g5.2xlarge,A10G,1.0,spot,0.39915,0.39915,instances.vantage.sh (AWS Price List mirror)
2026-07-30,AWS,sa-east-1,g5.48xlarge,A10G,8.0,ondemand,27.68636,3.460795,instances.vantage.sh (AWS Price List mirror)
2026-07-30,AWS,sa-east-1,g5.48xlarge,A10G,8.0,spot,22.8212,2.85265,instances.vantage.sh (AWS Price List mirror)
2026-07-30,AWS,sa-east-1,g5.4xlarge,A10G,1.0,ondemand,2.76048,2.76048,instances.vantage.sh (AWS Price List mirror)
2026-07-30,AWS,sa-east-1,g5.4xlarge,A10G,1.0,spot,2.2754,2.2754,instances.vantage.sh (AWS Price List mirror)
2026-07-30,AWS,sa-east-1,g5.8xlarge,A10G,1.0,ondemand,4.16111,4.16111,instances.vantage.sh (AWS Price List mirror)
2026-07-30,AWS,sa-east-1,g5.8xlarge,A10G,1.0,spot,2.23475,2.23475,instances.vantage.sh (AWS Price List mirror)
2026-07-30,AWS,sa-east-1,g5.xlarge,A10G,1.0,ondemand,1.71,1.71,instances.vantage.sh (AWS Price List mirror)
2026-07-30,AWS,sa-east-1,g5.xlarge,A10G,1.0,spot,0.34225,0.34225,instances.vantage.sh (AWS Price List mirror)
2026-07-30,AWS,sa-east-1,g6.12xlarge,L4,4.0,ondemand,7.82181,1.9554525,instances.vantage.sh (AWS Price List mirror)
2026-07-30,AWS,sa-east-1,g6.12xlarge,L4,4.0,spot,2.14085,0.5352125,instances.vantage.sh (AWS Price List mirror)
2026-07-30,AWS,sa-east-1,g6.16xlarge,L4,1.0,ondemand,5.77388,5.77388,instances.vantage.sh (AWS Price List mirror)
2026-07-30,AWS,sa-east-1,g6.16xlarge,L4,1.0,spot,2.33205,2.33205,instances.vantage.sh (AWS Price List mirror)
2026-07-30,AWS,sa-east-1,g6.24xlarge,L4,4.0,ondemand,11.34651,2.8366275,instances.vantage.sh (AWS Price List mirror)
2026-07-30,AWS,sa-east-1,g6.24xlarge,L4,4.0,spot,6.3286,1.58215,instances.vantage.sh (AWS Price List mirror)
2026-07-30,AWS,sa-east-1,g6.2xlarge,L4,1.0,ondemand,1.66173,1.66173,instances.vantage.sh (AWS Price List mirror)
2026-07-30,AWS,sa-east-1,g6.2xlarge,L4,1.0,spot,0.35195,0.35195,instances.vantage.sh (AWS Price List mirror)
2026-07-30,AWS,sa-east-1,g6.48xlarge,L4,8.0,ondemand,22.69303,2.83662875,instances.vantage.sh (AWS Price List mirror)
2026-07-30,AWS,sa-east-1,g6.48xlarge,L4,8.0,spot,16.6168,2.0771,instances.vantage.sh (AWS Price List mirror)
2026-07-30,AWS,sa-east-1,g6.4xlarge,L4,1.0,ondemand,2.24918,2.24918,instances.vantage.sh (AWS Price List mirror)
2026-07-30,AWS,sa-east-1,g6.4xlarge,L4,1.0,spot,0.6431,0.6431,instances.vantage.sh (AWS Price List mirror)
2026-07-30,AWS,sa-east-1,g6.8xlarge,L4,1.0,ondemand,3.42408,3.42408,instances.vantage.sh (AWS Price List mirror)
2026-07-30,AWS,sa-east-1,g6.8xlarge,L4,1.0,spot,0.3424,0.3424,instances.vantage.sh (AWS Price List mirror)
2026-07-30,AWS,sa-east-1,g6.xlarge,L4,1.0,ondemand,1.368,1.368,instances.vantage.sh (AWS Price List mirror)
2026-07-30,AWS,sa-east-1,g6.xlarge,L4,1.0,spot,0.3558,0.3558,instances.vantage.sh (AWS Price List mirror)
2026-07-30,AWS,sa-east-1,g6f.2xlarge,L4,0.25,ondemand,0.80742,3.22968,instances.vantage.sh (AWS Price List mirror)
2026-07-30,AWS,sa-east-1,g6f.2xlarge,L4,0.25,spot,0.3593,1.4372,instances.vantage.sh (AWS Price List mirror)
2026-07-30,AWS,sa-east-1,g6f.4xlarge,L4,0.5,ondemand,1.61483,3.22966,instances.vantage.sh (AWS Price List mirror)
2026-07-30,AWS,sa-east-1,g6f.4xlarge,L4,0.5,spot,1.33255,2.6651,instances.vantage.sh (AWS Price List mirror)
2026-07-30,AWS,sa-east-1,g6f.large,L4,0.125,ondemand,0.34336,2.74688,instances.vantage.sh (AWS Price List mirror)
2026-07-30,AWS,sa-east-1,g6f.large,L4,0.125,spot,0.18575,1.486,instances.vantage.sh (AWS Price List mirror)
2026-07-30,AWS,sa-east-1,g6f.xlarge,L4,0.125,ondemand,0.40371,3.22968,instances.vantage.sh (AWS Price List mirror)
2026-07-30,AWS,sa-east-1,g6f.xlarge,L4,0.125,spot,0.33315,2.6652,instances.vantage.sh (AWS Price List mirror)
2026-07-30,AWS,sa-east-1,gr6.4xlarge,L4,1.0,ondemand,2.6164,2.6164,instances.vantage.sh (AWS Price List mirror)
2026-07-30,AWS,sa-east-1,gr6.4xlarge,L4,1.0,spot,0.36345,0.36345,instances.vantage.sh (AWS Price List mirror)
2026-07-30,AWS,sa-east-1,gr6.8xlarge,L4,1.0,ondemand,4.1585,4.1585,instances.vantage.sh (AWS Price List mirror)
2026-07-30,AWS,sa-east-1,gr6.8xlarge,L4,1.0,spot,2.00925,2.00925,instances.vantage.sh (AWS Price List mirror)
2026-07-30,AWS,sa-east-1,gr6f.4xlarge,L4,0.5,ondemand,1.81203,3.62406,instances.vantage.sh (AWS Price List mirror)
2026-07-30,AWS,sa-east-1,gr6f.4xlarge,L4,0.5,spot,1.4936,2.9872,instances.vantage.sh (AWS Price List mirror)
2026-07-30,AWS,sa-east-1,p4d.24xlarge,A100,8.0,ondemand,35.5569,4.4446125,instances.vantage.sh (AWS Price List mirror)
2026-07-30,AWS,sa-east-1,p4d.24xlarge,A100,8.0,spot,29.3727,3.6715875,instances.vantage.sh (AWS Price List mirror)
2026-07-30,AWS,sa-east-1,p5.48xlarge,H100,8.0,ondemand,92.4672,11.5584,instances.vantage.sh (AWS Price List mirror)
2026-07-30,AWS,sa-east-1,p5.48xlarge,H100,8.0,spot,76.2184,9.5273,instances.vantage.sh (AWS Price List mirror)
2026-07-30,AWS,sa-east-1,p5.4xlarge,H100,1.0,ondemand,11.5584,11.5584,instances.vantage.sh (AWS Price List mirror)
2026-07-30,AWS,sa-east-1,p5.4xlarge,H100,1.0,spot,9.5308,9.5308,instances.vantage.sh (AWS Price List mirror)
2026-07-30,AWS,us-east-1,g2.2xlarge,K520,1.0,ondemand,0.65,0.65,instances.vantage.sh (AWS Price List mirror)
2026-07-30,AWS,us-east-1,g2.8xlarge,K520,4.0,ondemand,2.6,0.65,instances.vantage.sh (AWS Price List mirror)
2026-07-30,AWS,us-east-1,g3.16xlarge,M60,4.0,ondemand,4.56,1.14,instances.vantage.sh (AWS Price List mirror)
2026-07-30,AWS,us-east-1,g3.4xlarge,M60,1.0,ondemand,1.14,1.14,instances.vantage.sh (AWS Price List mirror)
2026-07-30,AWS,us-east-1,g3.8xlarge,M60,2.0,ondemand,2.28,1.14,instances.vantage.sh (AWS Price List mirror)
2026-07-30,AWS,us-east-1,g3s.xlarge,M60,1.0,ondemand,0.75,0.75,instances.vantage.sh (AWS Price List mirror)
2026-07-30,AWS,us-east-1,g4ad.16xlarge,V520,4.0,ondemand,3.468,0.867,instances.vantage.sh (AWS Price List mirror)
2026-07-30,AWS,us-east-1,g4ad.16xlarge,V520,4.0,spot,2.086925,0.52173125,instances.vantage.sh (AWS Price List mirror)
2026-07-30,AWS,us-east-1,g4ad.2xlarge,V520,1.0,ondemand,0.54117,0.54117,instances.vantage.sh (AWS Price List mirror)
2026-07-30,AWS,us-east-1,g4ad.2xlarge,V520,1.0,spot,0.24485,0.24485,instances.vantage.sh (AWS Price List mirror)
2026-07-30,AWS,us-east-1,g4ad.4xlarge,V520,1.0,ondemand,0.867,0.867,instances.vantage.sh (AWS Price List mirror)
2026-07-30,AWS,us-east-1,g4ad.4xlarge,V520,1.0,spot,0.3698,0.3698,instances.vantage.sh (AWS Price List mirror)
2026-07-30,AWS,us-east-1,g4ad.8xlarge,V520,2.0,ondemand,1.734,0.867,instances.vantage.sh (AWS Price List mirror)
2026-07-30,AWS,us-east-1,g4ad.8xlarge,V520,2.0,spot,0.70085,0.350425,instances.vantage.sh (AWS Price List mirror)
2026-07-30,AWS,us-east-1,g4ad.xlarge,V520,1.0,ondemand,0.37853,0.37853,instances.vantage.sh (AWS Price List mirror)
2026-07-30,AWS,us-east-1,g4ad.xlarge,V520,1.0,spot,0.132225,0.132225,instances.vantage.sh (AWS Price List mirror)
2026-07-30,AWS,us-east-1,g4dn.12xlarge,T4,4.0,ondemand,3.912,0.978,instances.vantage.sh (AWS Price List mirror)
2026-07-30,AWS,us-east-1,g4dn.12xlarge,T4,4.0,spot,1.63706,0.409265,instances.vantage.sh (AWS Price List mirror)
2026-07-30,AWS,us-east-1,g4dn.16xlarge,T4,1.0,ondemand,4.352,4.352,instances.vantage.sh (AWS Price List mirror)
2026-07-30,AWS,us-east-1,g4dn.16xlarge,T4,1.0,spot,1.55168,1.55168,instances.vantage.sh (AWS Price List mirror)
2026-07-30,AWS,us-east-1,g4dn.2xlarge,T4,1.0,ondemand,0.752,0.752,instances.vantage.sh (AWS Price List mirror)
2026-07-30,AWS,us-east-1,g4dn.2xlarge,T4,1.0,spot,0.33188,0.33188,instances.vantage.sh (AWS Price List mirror)
2026-07-30,AWS,us-east-1,g4dn.4xlarge,T4,1.0,ondemand,1.204,1.204,instances.vantage.sh (AWS Price List mirror)
2026-07-30,AWS,us-east-1,g4dn.4xlarge,T4,1.0,spot,0.50342,0.50342,instances.vantage.sh (AWS Price List mirror)
2026-07-30,AWS,us-east-1,g4dn.8xlarge,T4,1.0,ondemand,2.176,2.176,instances.vantage.sh (AWS Price List mirror)
2026-07-30,AWS,us-east-1,g4dn.8xlarge,T4,1.0,spot,0.83398,0.83398,instances.vantage.sh (AWS Price List mirror)
2026-07-30,AWS,us-east-1,g4dn.metal,T4,8.0,ondemand,7.824,0.978,instances.vantage.sh (AWS Price List mirror)
2026-07-30,AWS,us-east-1,g4dn.metal,T4,8.0,spot,4.21054,0.5263175,instances.vantage.sh (AWS Price List mirror)
2026-07-30,AWS,us-east-1,g4dn.xlarge,T4,1.0,ondemand,0.526,0.526,instances.vantage.sh (AWS Price List mirror)
2026-07-30,AWS,us-east-1,g4dn.xlarge,T4,1.0,spot,0.30984,0.30984,instances.vantage.sh (AWS Price List mirror)
2026-07-30,AWS,us-east-1,g5.12xlarge,A10G,4.0,ondemand,5.672,1.418,instances.vantage.sh (AWS Price List mirror)
2026-07-30,AWS,us-east-1,g5.12xlarge,A10G,4.0,spot,4.37758,1.094395,instances.vantage.sh (AWS Price List mirror)
2026-07-30,AWS,us-east-1,g5.16xlarge,A10G,1.0,ondemand,4.096,4.096,instances.vantage.sh (AWS Price List mirror)
2026-07-30,AWS,us-east-1,g5.16xlarge,A10G,1.0,spot,2.1005,2.1005,instances.vantage.sh (AWS Price List mirror)
2026-07-30,AWS,us-east-1,g5.24xlarge,A10G,4.0,ondemand,8.144,2.036,instances.vantage.sh (AWS Price List mirror)
2026-07-30,AWS,us-east-1,g5.24xlarge,A10G,4.0,spot,4.20904,1.05226,instances.vantage.sh (AWS Price List mirror)
2026-07-30,AWS,us-east-1,g5.2xlarge,A10G,1.0,ondemand,1.212,1.212,instances.vantage.sh (AWS Price List mirror)
2026-07-30,AWS,us-east-1,g5.2xlarge,A10G,1.0,spot,1.0707,1.0707,instances.vantage.sh (AWS Price List mirror)
2026-07-30,AWS,us-east-1,g5.48xlarge,A10G,8.0,ondemand,16.288,2.036,instances.vantage.sh (AWS Price List mirror)
2026-07-30,AWS,us-east-1,g5.48xlarge,A10G,8.0,spot,9.46868,1.183585,instances.vantage.sh (AWS Price List mirror)
2026-07-30,AWS,us-east-1,g5.4xlarge,A10G,1.0,ondemand,1.624,1.624,instances.vantage.sh (AWS Price List mirror)
2026-07-30,AWS,us-east-1,g5.4xlarge,A10G,1.0,spot,1.13196,1.13196,instances.vantage.sh (AWS Price List mirror)
2026-07-30,AWS,us-east-1,g5.8xlarge,A10G,1.0,ondemand,2.448,2.448,instances.vantage.sh (AWS Price List mirror)
2026-07-30,AWS,us-east-1,g5.8xlarge,A10G,1.0,spot,1.33582,1.33582,instances.vantage.sh (AWS Price List mirror)
2026-07-30,AWS,us-east-1,g5.xlarge,A10G,1.0,ondemand,1.006,1.006,instances.vantage.sh (AWS Price List mirror)
2026-07-30,AWS,us-east-1,g5.xlarge,A10G,1.0,spot,0.69848,0.69848,instances.vantage.sh (AWS Price List mirror)
2026-07-30,AWS,us-east-1,g5g.16xlarge,T4G,2.0,ondemand,2.744,1.372,instances.vantage.sh (AWS Price List mirror)
2026-07-30,AWS,us-east-1,g5g.16xlarge,T4G,2.0,spot,0.6703,0.33515,instances.vantage.sh (AWS Price List mirror)
2026-07-30,AWS,us-east-1,g5g.2xlarge,T4G,1.0,ondemand,0.556,0.556,instances.vantage.sh (AWS Price List mirror)
2026-07-30,AWS,us-east-1,g5g.2xlarge,T4G,1.0,spot,0.30735,0.30735,instances.vantage.sh (AWS Price List mirror)
2026-07-30,AWS,us-east-1,g5g.4xlarge,T4G,1.0,ondemand,0.828,0.828,instances.vantage.sh (AWS Price List mirror)
2026-07-30,AWS,us-east-1,g5g.4xlarge,T4G,1.0,spot,0.3449,0.3449,instances.vantage.sh (AWS Price List mirror)
2026-07-30,AWS,us-east-1,g5g.8xlarge,T4G,1.0,ondemand,1.372,1.372,instances.vantage.sh (AWS Price List mirror)
2026-07-30,AWS,us-east-1,g5g.8xlarge,T4G,1.0,spot,0.7567,0.7567,instances.vantage.sh (AWS Price List mirror)
2026-07-30,AWS,us-east-1,g5g.metal,T4G,2.0,ondemand,2.744,1.372,instances.vantage.sh (AWS Price List mirror)
2026-07-30,AWS,us-east-1,g5g.metal,T4G,2.0,spot,0.633025,0.3165125,instances.vantage.sh (AWS Price List mirror)
2026-07-30,AWS,us-east-1,g5g.xlarge,T4G,1.0,ondemand,0.42,0.42,instances.vantage.sh (AWS Price List mirror)
2026-07-30,AWS,us-east-1,g5g.xlarge,T4G,1.0,spot,0.13815,0.13815,instances.vantage.sh (AWS Price List mirror)
2026-07-30,AWS,us-east-1,g6.12xlarge,L4,4.0,ondemand,4.6016,1.1504,instances.vantage.sh (AWS Price List mirror)
2026-07-30,AWS,us-east-1,g6.12xlarge,L4,4.0,spot,4.0735,1.018375,instances.vantage.sh (AWS Price List mirror)
2026-07-30,AWS,us-east-1,g6.16xlarge,L4,1.0,ondemand,3.3968,3.3968,instances.vantage.sh (AWS Price List mirror)
2026-07-30,AWS,us-east-1,g6.16xlarge,L4,1.0,spot,2.1061,2.1061,instances.vantage.sh (AWS Price List mirror)
2026-07-30,AWS,us-east-1,g6.24xlarge,L4,4.0,ondemand,6.6752,1.6688,instances.vantage.sh (AWS Price List mirror)
2026-07-30,AWS,us-east-1,g6.24xlarge,L4,4.0,spot,4.80974,1.202435,instances.vantage.sh (AWS Price List mirror)
2026-07-30,AWS,us-east-1,g6.2xlarge,L4,1.0,ondemand,0.9776,0.9776,instances.vantage.sh (AWS Price List mirror)
2026-07-30,AWS,us-east-1,g6.2xlarge,L4,1.0,spot,0.92946,0.92946,instances.vantage.sh (AWS Price List mirror)
2026-07-30,AWS,us-east-1,g6.48xlarge,L4,8.0,ondemand,13.3504,1.6688,instances.vantage.sh (AWS Price List mirror)
2026-07-30,AWS,us-east-1,g6.48xlarge,L4,8.0,spot,9.11242,1.1390525,instances.vantage.sh (AWS Price List mirror)
2026-07-30,AWS,us-east-1,g6.4xlarge,L4,1.0,ondemand,1.3232,1.3232,instances.vantage.sh (AWS Price List mirror)
2026-07-30,AWS,us-east-1,g6.4xlarge,L4,1.0,spot,0.89926,0.89926,instances.vantage.sh (AWS Price List mirror)
2026-07-30,AWS,us-east-1,g6.8xlarge,L4,1.0,ondemand,2.0144,2.0144,instances.vantage.sh (AWS Price List mirror)
2026-07-30,AWS,us-east-1,g6.8xlarge,L4,1.0,spot,1.43004,1.43004,instances.vantage.sh (AWS Price List mirror)
2026-07-30,AWS,us-east-1,g6.xlarge,L4,1.0,ondemand,0.8048,0.8048,instances.vantage.sh (AWS Price List mirror)
2026-07-30,AWS,us-east-1,g6.xlarge,L4,1.0,spot,0.63958,0.63958,instances.vantage.sh (AWS Price List mirror)
2026-07-30,AWS,us-east-1,g6e.12xlarge,L40S,4.0,ondemand,10.49264,2.62316,instances.vantage.sh (AWS Price List mirror)
2026-07-30,AWS,us-east-1,g6e.12xlarge,L40S,4.0,spot,7.315375,1.82884375,instances.vantage.sh (AWS Price List mirror)
2026-07-30,AWS,us-east-1,g6e.16xlarge,L40S,1.0,ondemand,7.57719,7.57719,instances.vantage.sh (AWS Price List mirror)
2026-07-30,AWS,us-east-1,g6e.16xlarge,L40S,1.0,spot,3.28665,3.28665,instances.vantage.sh (AWS Price List mirror)
2026-07-30,AWS,us-east-1,g6e.24xlarge,L40S,4.0,ondemand,15.06559,3.7663975,instances.vantage.sh (AWS Price List mirror)
2026-07-30,AWS,us-east-1,g6e.24xlarge,L40S,4.0,spot,6.453775,1.61344375,instances.vantage.sh (AWS Price List mirror)
2026-07-30,AWS,us-east-1,g6e.2xlarge,L40S,1.0,ondemand,2.24208,2.24208,instances.vantage.sh (AWS Price List mirror)
2026-07-30,AWS,us-east-1,g6e.2xlarge,L40S,1.0,spot,2.178875,2.178875,instances.vantage.sh (AWS Price List mirror)
2026-07-30,AWS,us-east-1,g6e.48xlarge,L40S,8.0,ondemand,30.13118,3.7663975,instances.vantage.sh (AWS Price List mirror)
2026-07-30,AWS,us-east-1,g6e.48xlarge,L40S,8.0,spot,20.6225,2.5778125,instances.vantage.sh (AWS Price List mirror)
2026-07-30,AWS,us-east-1,g6e.4xlarge,L40S,1.0,ondemand,3.00424,3.00424,instances.vantage.sh (AWS Price List mirror)
2026-07-30,AWS,us-east-1,g6e.4xlarge,L40S,1.0,spot,2.887075,2.887075,instances.vantage.sh (AWS Price List mirror)
2026-07-30,AWS,us-east-1,g6e.8xlarge,L40S,1.0,ondemand,4.52856,4.52856,instances.vantage.sh (AWS Price List mirror)
2026-07-30,AWS,us-east-1,g6e.8xlarge,L40S,1.0,spot,2.027075,2.027075,instances.vantage.sh (AWS Price List mirror)
2026-07-30,AWS,us-east-1,g6e.xlarge,L40S,1.0,ondemand,1.861,1.861,instances.vantage.sh (AWS Price List mirror)
2026-07-30,AWS,us-east-1,g6e.xlarge,L40S,1.0,spot,1.861,1.861,instances.vantage.sh (AWS Price List mirror)
2026-07-30,AWS,us-east-1,g6f.2xlarge,L4,0.25,ondemand,0.475,1.9,instances.vantage.sh (AWS Price List mirror)
2026-07-30,AWS,us-east-1,g6f.2xlarge,L4,0.25,spot,0.2429,0.9716,instances.vantage.sh (AWS Price List mirror)
2026-07-30,AWS,us-east-1,g6f.4xlarge,L4,0.5,ondemand,0.95,1.9,instances.vantage.sh (AWS Price List mirror)
2026-07-30,AWS,us-east-1,g6f.4xlarge,L4,0.5,spot,0.4313,0.8626,instances.vantage.sh (AWS Price List mirror)
2026-07-30,AWS,us-east-1,g6f.large,L4,0.125,ondemand,0.202,1.616,instances.vantage.sh (AWS Price List mirror)
2026-07-30,AWS,us-east-1,g6f.large,L4,0.125,spot,0.068725,0.5498,instances.vantage.sh (AWS Price List mirror)
2026-07-30,AWS,us-east-1,g6f.xlarge,L4,0.125,ondemand,0.2375,1.9,instances.vantage.sh (AWS Price List mirror)
2026-07-30,AWS,us-east-1,g6f.xlarge,L4,0.125,spot,0.116225,0.9298,instances.vantage.sh (AWS Price List mirror)
2026-07-30,AWS,us-east-1,g7.12xlarge,NVIDIA RTX PRO 4500 Blackwell,2.0,ondemand,7.12832,3.56416,instances.vantage.sh (AWS Price List mirror)
2026-07-30,AWS,us-east-1,g7.24xlarge,NVIDIA RTX PRO 4500 Blackwell,4.0,ondemand,14.25664,3.56416,instances.vantage.sh (AWS Price List mirror)
2026-07-30,AWS,us-east-1,g7.2xlarge,NVIDIA RTX PRO 4500 Blackwell,1.0,ondemand,2.52,2.52,instances.vantage.sh (AWS Price List mirror)
2026-07-30,AWS,us-east-1,g7.48xlarge,NVIDIA RTX PRO 4500 Blackwell,8.0,ondemand,28.51328,3.56416,instances.vantage.sh (AWS Price List mirror)
2026-07-30,AWS,us-east-1,g7.4xlarge,NVIDIA RTX PRO 4500 Blackwell,1.0,ondemand,3.04208,3.04208,instances.vantage.sh (AWS Price List mirror)
2026-07-30,AWS,us-east-1,g7.8xlarge,NVIDIA RTX PRO 4500 Blackwell,1.0,ondemand,4.08624,4.08624,instances.vantage.sh (AWS Price List mirror)
2026-07-30,AWS,us-east-1,g7e.12xlarge,NVIDIA GB202,2.0,ondemand,8.28608,4.14304,instances.vantage.sh (AWS Price List mirror)
2026-07-30,AWS,us-east-1,g7e.12xlarge,NVIDIA GB202,2.0,spot,3.14005,1.570025,instances.vantage.sh (AWS Price List mirror)
2026-07-30,AWS,us-east-1,g7e.24xlarge,NVIDIA GB202,4.0,ondemand,16.57216,4.14304,instances.vantage.sh (AWS Price List mirror)
2026-07-30,AWS,us-east-1,g7e.24xlarge,NVIDIA GB202,4.0,spot,7.4303,1.857575,instances.vantage.sh (AWS Price List mirror)
2026-07-30,AWS,us-east-1,g7e.2xlarge,NVIDIA GB202,1.0,ondemand,3.36312,3.36312,instances.vantage.sh (AWS Price List mirror)
2026-07-30,AWS,us-east-1,g7e.2xlarge,NVIDIA GB202,1.0,spot,1.6718,1.6718,instances.vantage.sh (AWS Price List mirror)
2026-07-30,AWS,us-east-1,g7e.48xlarge,NVIDIA GB202,8.0,ondemand,33.14432,4.14304,instances.vantage.sh (AWS Price List mirror)
2026-07-30,AWS,us-east-1,g7e.48xlarge,NVIDIA GB202,8.0,spot,14.28045,1.78505625,instances.vantage.sh (AWS Price List mirror)
2026-07-30,AWS,us-east-1,g7e.4xlarge,NVIDIA GB202,1.0,ondemand,3.99816,3.99816,instances.vantage.sh (AWS Price List mirror)
2026-07-30,AWS,us-east-1,g7e.4xlarge,NVIDIA GB202,1.0,spot,1.641,1.641,instances.vantage.sh (AWS Price List mirror)
2026-07-30,AWS,us-east-1,g7e.8xlarge,NVIDIA GB202,1.0,ondemand,5.26824,5.26824,instances.vantage.sh (AWS Price List mirror)
2026-07-30,AWS,us-east-1,g7e.8xlarge,NVIDIA GB202,1.0,spot,2.2186,2.2186,instances.vantage.sh (AWS Price List mirror)
2026-07-30,AWS,us-east-1,gr6.4xlarge,L4,1.0,ondemand,1.5392,1.5392,instances.vantage.sh (AWS Price List mirror)
2026-07-30,AWS,us-east-1,gr6.4xlarge,L4,1.0,spot,1.06265,1.06265,instances.vantage.sh (AWS Price List mirror)
2026-07-30,AWS,us-east-1,gr6.8xlarge,L4,1.0,ondemand,2.4464,2.4464,instances.vantage.sh (AWS Price List mirror)
2026-07-30,AWS,us-east-1,gr6.8xlarge,L4,1.0,spot,1.57105,1.57105,instances.vantage.sh (AWS Price List mirror)
2026-07-30,AWS,us-east-1,gr6f.4xlarge,L4,0.5,ondemand,1.066,2.132,instances.vantage.sh (AWS Price List mirror)
2026-07-30,AWS,us-east-1,gr6f.4xlarge,L4,0.5,spot,0.653025,1.30605,instances.vantage.sh (AWS Price List mirror)
2026-07-30,AWS,us-east-1,p2.16xlarge,K80,16.0,ondemand,14.4,0.9,instances.vantage.sh (AWS Price List mirror)
2026-07-30,AWS,us-east-1,p2.8xlarge,K80,8.0,ondemand,7.2,0.9,instances.vantage.sh (AWS Price List mirror)
2026-07-30,AWS,us-east-1,p2.xlarge,K80,1.0,ondemand,0.9,0.9,instances.vantage.sh (AWS Price List mirror)
2026-07-30,AWS,us-east-1,p3.16xlarge,V100,8.0,ondemand,24.48,3.06,instances.vantage.sh (AWS Price List mirror)
2026-07-30,AWS,us-east-1,p3.16xlarge,V100,8.0,spot,11.5076,1.43845,instances.vantage.sh (AWS Price List mirror)
2026-07-30,AWS,us-east-1,p3.2xlarge,V100,1.0,ondemand,3.06,3.06,instances.vantage.sh (AWS Price List mirror)
2026-07-30,AWS,us-east-1,p3.2xlarge,V100,1.0,spot,0.890725,0.890725,instances.vantage.sh (AWS Price List mirror)
2026-07-30,AWS,us-east-1,p3.8xlarge,V100,4.0,ondemand,12.24,3.06,instances.vantage.sh (AWS Price List mirror)
2026-07-30,AWS,us-east-1,p3.8xlarge,V100,4.0,spot,3.97955,0.9948875,instances.vantage.sh (AWS Price List mirror)
2026-07-30,AWS,us-east-1,p3dn.24xlarge,V100,8.0,ondemand,31.212,3.9015,instances.vantage.sh (AWS Price List mirror)
2026-07-30,AWS,us-east-1,p3dn.24xlarge,V100,8.0,spot,5.07755,0.63469375,instances.vantage.sh (AWS Price List mirror)
2026-07-30,AWS,us-east-1,p4d.24xlarge,A100,8.0,ondemand,21.957642,2.74470525,instances.vantage.sh (AWS Price List mirror)
2026-07-30,AWS,us-east-1,p4d.24xlarge,A100,8.0,spot,16.025975,2.003246875,instances.vantage.sh (AWS Price List mirror)
2026-07-30,AWS,us-east-1,p4de.24xlarge,A100,8.0,ondemand,27.44705,3.43088125,instances.vantage.sh (AWS Price List mirror)
2026-07-30,AWS,us-east-1,p4de.24xlarge,A100,8.0,spot,22.1852,2.77315,instances.vantage.sh (AWS Price List mirror)
2026-07-30,AWS,us-east-1,p5.48xlarge,H100,8.0,ondemand,55.04,6.88,instances.vantage.sh (AWS Price List mirror)
2026-07-30,AWS,us-east-1,p5.48xlarge,H100,8.0,spot,20.987033,2.623379125,instances.vantage.sh (AWS Price List mirror)
2026-07-30,AWS,us-east-1,p5.4xlarge,H100,1.0,ondemand,6.88,6.88,instances.vantage.sh (AWS Price List mirror)
2026-07-30,AWS,us-east-1,p5.4xlarge,H100,1.0,spot,2.85556,2.85556,instances.vantage.sh (AWS Price List mirror)
2026-07-30,AWS,us-east-1,p5en.48xlarge,H200,8.0,ondemand,63.296,7.912,instances.vantage.sh (AWS Price List mirror)
2026-07-30,AWS,us-east-1,p5en.48xlarge,H200,8.0,spot,27.28535,3.41066875,instances.vantage.sh (AWS Price List mirror)
2026-07-30,AWS,us-east-1,p6-b200.48xlarge,B200,8.0,ondemand,113.9328,14.2416,instances.vantage.sh (AWS Price List mirror)
2026-07-30,AWS,us-east-1,p6-b200.48xlarge,B200,8.0,spot,42.1377,5.2672125,instances.vantage.sh (AWS Price List mirror)
2026-07-30,AWS,us-east-1,p6-b300.48xlarge,NVIDIA B300,8.0,ondemand,142.416,17.802,instances.vantage.sh (AWS Price List mirror)
2026-07-30,AWS,us-east-1,p6-b300.48xlarge,NVIDIA B300,8.0,spot,46.0522,5.756525,instances.vantage.sh (AWS Price List mirror)
2026-07-30,AWS,us-east-1-atl-1,g4dn.2xlarge,T4,1.0,ondemand,1.015,1.015,instances.vantage.sh (AWS Price List mirror)
2026-07-30,AWS,us-east-1-atl-1,p5.48xlarge,H100,8.0,ondemand,55.04,6.88,instances.vantage.sh (AWS Price List mirror)
2026-07-30,AWS,us-east-1-atl-1,p5en.48xlarge,H200,8.0,ondemand,63.296,7.912,instances.vantage.sh (AWS Price List mirror)
2026-07-30,AWS,us-east-1-atl-1,p6-b200.48xlarge,B200,8.0,ondemand,113.9328,14.2416,instances.vantage.sh (AWS Price List mirror)
2026-07-30,AWS,us-east-1-atl-1,p6-b300.48xlarge,NVIDIA B300,8.0,ondemand,142.416,17.802,instances.vantage.sh (AWS Price List mirror)
2026-07-30,AWS,us-east-1-bos-1,g4dn.2xlarge,T4,1.0,ondemand,1.015,1.015,instances.vantage.sh (AWS Price List mirror)
2026-07-30,AWS,us-east-1-bos-1,g4dn.4xlarge,T4,1.0,ondemand,1.625,1.625,instances.vantage.sh (AWS Price List mirror)
2026-07-30,AWS,us-east-1-chi-1,g4dn.2xlarge,T4,1.0,ondemand,1.015,1.015,instances.vantage.sh (AWS Price List mirror)
2026-07-30,AWS,us-east-1-chi-1,g4dn.4xlarge,T4,1.0,ondemand,1.625,1.625,instances.vantage.sh (AWS Price List mirror)
2026-07-30,AWS,us-east-1-dfw-1,g4dn.2xlarge,T4,1.0,ondemand,1.015,1.015,instances.vantage.sh (AWS Price List mirror)
2026-07-30,AWS,us-east-1-dfw-1,g4dn.4xlarge,T4,1.0,ondemand,1.625,1.625,instances.vantage.sh (AWS Price List mirror)
2026-07-30,AWS,us-east-1-iah-1,g4dn.2xlarge,T4,1.0,ondemand,1.015,1.015,instances.vantage.sh (AWS Price List mirror)
2026-07-30,AWS,us-east-1-iah-1,g4dn.4xlarge,T4,1.0,ondemand,1.625,1.625,instances.vantage.sh (AWS Price List mirror)
2026-07-30,AWS,us-east-1-lim-1,g4dn.2xlarge,T4,1.0,ondemand,1.725,1.725,instances.vantage.sh (AWS Price List mirror)
2026-07-30,AWS,us-east-1-mci-1,g4dn.2xlarge,T4,1.0,ondemand,1.015,1.015,instances.vantage.sh (AWS Price List mirror)
2026-07-30,AWS,us-east-1-mia-1,g4dn.2xlarge,T4,1.0,ondemand,1.015,1.015,instances.vantage.sh (AWS Price List mirror)
2026-07-30,AWS,us-east-1-msp-1,g4dn.2xlarge,T4,1.0,ondemand,1.015,1.015,instances.vantage.sh (AWS Price List mirror)
2026-07-30,AWS,us-east-1-nyc-1,g4dn.2xlarge,T4,1.0,ondemand,1.015,1.015,instances.vantage.sh (AWS Price List mirror)
2026-07-30,AWS,us-east-1-nyc-1,g4dn.4xlarge,T4,1.0,ondemand,1.625,1.625,instances.vantage.sh (AWS Price List mirror)
2026-07-30,AWS,us-east-1-phl-1,g4dn.2xlarge,T4,1.0,ondemand,1.015,1.015,instances.vantage.sh (AWS Price List mirror)
2026-07-30,AWS,us-east-1-phl-1,g4dn.4xlarge,T4,1.0,ondemand,1.625,1.625,instances.vantage.sh (AWS Price List mirror)
2026-07-30,AWS,us-east-1-qro-1,g4dn.2xlarge,T4,1.0,ondemand,1.09,1.09,instances.vantage.sh (AWS Price List mirror)
2026-07-30,AWS,us-east-1-qro-1,g4dn.4xlarge,T4,1.0,ondemand,1.746,1.746,instances.vantage.sh (AWS Price List mirror)
2026-07-30,AWS,us-east-1-scl-1,g4dn.2xlarge,T4,1.0,ondemand,1.47,1.47,instances.vantage.sh (AWS Price List mirror)
2026-07-30,AWS,us-east-1-wl1,g4dn.2xlarge,T4,1.0,ondemand,1.317,1.317,instances.vantage.sh (AWS Price List mirror)
2026-07-30,AWS,us-east-1-wl1-atl1,g4dn.2xlarge,T4,1.0,ondemand,1.317,1.317,instances.vantage.sh (AWS Price List mirror)
2026-07-30,AWS,us-east-1-wl1-bna1,g4dn.2xlarge,T4,1.0,ondemand,1.317,1.317,instances.vantage.sh (AWS Price List mirror)
2026-07-30,AWS,us-east-1-wl1-chi1,g4dn.2xlarge,T4,1.0,ondemand,1.317,1.317,instances.vantage.sh (AWS Price List mirror)
2026-07-30,AWS,us-east-1-wl1-clt1,g4dn.2xlarge,T4,1.0,ondemand,1.317,1.317,instances.vantage.sh (AWS Price List mirror)
2026-07-30,AWS,us-east-1-wl1-dfw1,g4dn.2xlarge,T4,1.0,ondemand,1.317,1.317,instances.vantage.sh (AWS Price List mirror)
2026-07-30,AWS,us-east-1-wl1-dtw1,g4dn.2xlarge,T4,1.0,ondemand,1.317,1.317,instances.vantage.sh (AWS Price List mirror)
2026-07-30,AWS,us-east-1-wl1-iah1,g4dn.2xlarge,T4,1.0,ondemand,1.317,1.317,instances.vantage.sh (AWS Price List mirror)
2026-07-30,AWS,us-east-1-wl1-mia1,g4dn.2xlarge,T4,1.0,ondemand,1.317,1.317,instances.vantage.sh (AWS Price List mirror)
2026-07-30,AWS,us-east-1-wl1-msp1,g4dn.2xlarge,T4,1.0,ondemand,1.317,1.317,instances.vantage.sh (AWS Price List mirror)
2026-07-30,AWS,us-east-1-wl1-nyc1,g4dn.2xlarge,T4,1.0,ondemand,1.317,1.317,instances.vantage.sh (AWS Price List mirror)
2026-07-30,AWS,us-east-1-wl1-tpa1,g4dn.2xlarge,T4,1.0,ondemand,1.317,1.317,instances.vantage.sh (AWS Price List mirror)
2026-07-30,AWS,us-east-1-wl1-was1,g4dn.2xlarge,T4,1.0,ondemand,1.317,1.317,instances.vantage.sh (AWS Price List mirror)
2026-07-30,AWS,us-east-2,g3.16xlarge,M60,4.0,ondemand,4.56,1.14,instances.vantage.sh (AWS Price List mirror)
2026-07-30,AWS,us-east-2,g3.4xlarge,M60,1.0,ondemand,1.14,1.14,instances.vantage.sh (AWS Price List mirror)
2026-07-30,AWS,us-east-2,g3.8xlarge,M60,2.0,ondemand,2.28,1.14,instances.vantage.sh (AWS Price List mirror)
2026-07-30,AWS,us-east-2,g3s.xlarge,M60,1.0,ondemand,0.75,0.75,instances.vantage.sh (AWS Price List mirror)
2026-07-30,AWS,us-east-2,g4ad.16xlarge,V520,4.0,ondemand,3.468,0.867,instances.vantage.sh (AWS Price List mirror)
2026-07-30,AWS,us-east-2,g4ad.16xlarge,V520,4.0,spot,0.792733,0.19818325,instances.vantage.sh (AWS Price List mirror)
2026-07-30,AWS,us-east-2,g4ad.2xlarge,V520,1.0,ondemand,0.54117,0.54117,instances.vantage.sh (AWS Price List mirror)
2026-07-30,AWS,us-east-2,g4ad.2xlarge,V520,1.0,spot,0.124867,0.124867,instances.vantage.sh (AWS Price List mirror)
2026-07-30,AWS,us-east-2,g4ad.4xlarge,V520,1.0,ondemand,0.867,0.867,instances.vantage.sh (AWS Price List mirror)
2026-07-30,AWS,us-east-2,g4ad.4xlarge,V520,1.0,spot,0.224633,0.224633,instances.vantage.sh (AWS Price List mirror)
2026-07-30,AWS,us-east-2,g4ad.8xlarge,V520,2.0,ondemand,1.734,0.867,instances.vantage.sh (AWS Price List mirror)
2026-07-30,AWS,us-east-2,g4ad.8xlarge,V520,2.0,spot,0.3597,0.17985,instances.vantage.sh (AWS Price List mirror)
2026-07-30,AWS,us-east-2,g4ad.xlarge,V520,1.0,ondemand,0.37853,0.37853,instances.vantage.sh (AWS Price List mirror)
2026-07-30,AWS,us-east-2,g4ad.xlarge,V520,1.0,spot,0.099733,0.099733,instances.vantage.sh (AWS Price List mirror)
2026-07-30,AWS,us-east-2,g4dn.12xlarge,T4,4.0,ondemand,3.912,0.978,instances.vantage.sh (AWS Price List mirror)
2026-07-30,AWS,us-east-2,g4dn.12xlarge,T4,4.0,spot,1.369567,0.34239175,instances.vantage.sh (AWS Price List mirror)
2026-07-30,AWS,us-east-2,g4dn.16xlarge,T4,1.0,ondemand,4.352,4.352,instances.vantage.sh (AWS Price List mirror)
2026-07-30,AWS,us-east-2,g4dn.16xlarge,T4,1.0,spot,0.9568,0.9568,instances.vantage.sh (AWS Price List mirror)
2026-07-30,AWS,us-east-2,g4dn.2xlarge,T4,1.0,ondemand,0.752,0.752,instances.vantage.sh (AWS Price List mirror)
2026-07-30,AWS,us-east-2,g4dn.2xlarge,T4,1.0,spot,0.250667,0.250667,instances.vantage.sh (AWS Price List mirror)
2026-07-30,AWS,us-east-2,g4dn.4xlarge,T4,1.0,ondemand,1.204,1.204,instances.vantage.sh (AWS Price List mirror)
2026-07-30,AWS,us-east-2,g4dn.4xlarge,T4,1.0,spot,0.4243,0.4243,instances.vantage.sh (AWS Price List mirror)
2026-07-30,AWS,us-east-2,g4dn.8xlarge,T4,1.0,ondemand,2.176,2.176,instances.vantage.sh (AWS Price List mirror)
2026-07-30,AWS,us-east-2,g4dn.8xlarge,T4,1.0,spot,0.5654,0.5654,instances.vantage.sh (AWS Price List mirror)
2026-07-30,AWS,us-east-2,g4dn.metal,T4,8.0,ondemand,7.824,0.978,instances.vantage.sh (AWS Price List mirror)
2026-07-30,AWS,us-east-2,g4dn.metal,T4,8.0,spot,3.472167,0.434020875,instances.vantage.sh (AWS Price List mirror)
2026-07-30,AWS,us-east-2,g4dn.xlarge,T4,1.0,ondemand,0.526,0.526,instances.vantage.sh (AWS Price List mirror)
2026-07-30,AWS,us-east-2,g4dn.xlarge,T4,1.0,spot,0.200067,0.200067,instances.vantage.sh (AWS Price List mirror)
2026-07-30,AWS,us-east-2,g5.12xlarge,A10G,4.0,ondemand,5.672,1.418,instances.vantage.sh (AWS Price List mirror)
2026-07-30,AWS,us-east-2,g5.12xlarge,A10G,4.0,spot,3.3662,0.84155,instances.vantage.sh (AWS Price List mirror)
2026-07-30,AWS,us-east-2,g5.16xlarge,A10G,1.0,ondemand,4.096,4.096,instances.vantage.sh (AWS Price List mirror)
2026-07-30,AWS,us-east-2,g5.16xlarge,A10G,1.0,spot,1.2787,1.2787,instances.vantage.sh (AWS Price List mirror)
2026-07-30,AWS,us-east-2,g5.24xlarge,A10G,4.0,ondemand,8.144,2.036,instances.vantage.sh (AWS Price List mirror)
2026-07-30,AWS,us-east-2,g5.24xlarge,A10G,4.0,spot,2.736133,0.68403325,instances.vantage.sh (AWS Price List mirror)
2026-07-30,AWS,us-east-2,g5.2xlarge,A10G,1.0,ondemand,1.212,1.212,instances.vantage.sh (AWS Price List mirror)
2026-07-30,AWS,us-east-2,g5.2xlarge,A10G,1.0,spot,0.6416,0.6416,instances.vantage.sh (AWS Price List mirror)
2026-07-30,AWS,us-east-2,g5.48xlarge,A10G,8.0,ondemand,16.288,2.036,instances.vantage.sh (AWS Price List mirror)
2026-07-30,AWS,us-east-2,g5.48xlarge,A10G,8.0,spot,9.364767,1.170595875,instances.vantage.sh (AWS Price List mirror)
2026-07-30,AWS,us-east-2,g5.4xlarge,A10G,1.0,ondemand,1.624,1.624,instances.vantage.sh (AWS Price List mirror)
2026-07-30,AWS,us-east-2,g5.4xlarge,A10G,1.0,spot,0.904333,0.904333,instances.vantage.sh (AWS Price List mirror)
2026-07-30,AWS,us-east-2,g5.8xlarge,A10G,1.0,ondemand,2.448,2.448,instances.vantage.sh (AWS Price List mirror)
2026-07-30,AWS,us-east-2,g5.8xlarge,A10G,1.0,spot,0.8714,0.8714,instances.vantage.sh (AWS Price List mirror)
2026-07-30,AWS,us-east-2,g5.xlarge,A10G,1.0,ondemand,1.006,1.006,instances.vantage.sh (AWS Price List mirror)
2026-07-30,AWS,us-east-2,g5.xlarge,A10G,1.0,spot,0.4949,0.4949,instances.vantage.sh (AWS Price List mirror)
2026-07-30,AWS,us-east-2,g6.12xlarge,L4,4.0,ondemand,4.6016,1.1504,instances.vantage.sh (AWS Price List mirror)
2026-07-30,AWS,us-east-2,g6.12xlarge,L4,4.0,spot,1.4334,0.35835,instances.vantage.sh (AWS Price List mirror)
2026-07-30,AWS,us-east-2,g6.16xlarge,L4,1.0,ondemand,3.3968,3.3968,instances.vantage.sh (AWS Price List mirror)
2026-07-30,AWS,us-east-2,g6.16xlarge,L4,1.0,spot,1.938133,1.938133,instances.vantage.sh (AWS Price List mirror)
2026-07-30,AWS,us-east-2,g6.24xlarge,L4,4.0,ondemand,6.6752,1.6688,instances.vantage.sh (AWS Price List mirror)
2026-07-30,AWS,us-east-2,g6.24xlarge,L4,4.0,spot,2.3069,0.576725,instances.vantage.sh (AWS Price List mirror)
2026-07-30,AWS,us-east-2,g6.2xlarge,L4,1.0,ondemand,0.9776,0.9776,instances.vantage.sh (AWS Price List mirror)
2026-07-30,AWS,us-east-2,g6.2xlarge,L4,1.0,spot,0.356467,0.356467,instances.vantage.sh (AWS Price List mirror)
2026-07-30,AWS,us-east-2,g6.48xlarge,L4,8.0,ondemand,13.3504,1.6688,instances.vantage.sh (AWS Price List mirror)
2026-07-30,AWS,us-east-2,g6.48xlarge,L4,8.0,spot,5.4383,0.6797875,instances.vantage.sh (AWS Price List mirror)
2026-07-30,AWS,us-east-2,g6.4xlarge,L4,1.0,ondemand,1.3232,1.3232,instances.vantage.sh (AWS Price List mirror)
2026-07-30,AWS,us-east-2,g6.4xlarge,L4,1.0,spot,0.598333,0.598333,instances.vantage.sh (AWS Price List mirror)
2026-07-30,AWS,us-east-2,g6.8xlarge,L4,1.0,ondemand,2.0144,2.0144,instances.vantage.sh (AWS Price List mirror)
2026-07-30,AWS,us-east-2,g6.8xlarge,L4,1.0,spot,0.859567,0.859567,instances.vantage.sh (AWS Price List mirror)
2026-07-30,AWS,us-east-2,g6.xlarge,L4,1.0,ondemand,0.8048,0.8048,instances.vantage.sh (AWS Price List mirror)
2026-07-30,AWS,us-east-2,g6.xlarge,L4,1.0,spot,0.5203,0.5203,instances.vantage.sh (AWS Price List mirror)
2026-07-30,AWS,us-east-2,g6e.12xlarge,L40S,4.0,ondemand,10.49264,2.62316,instances.vantage.sh (AWS Price List mirror)
2026-07-30,AWS,us-east-2,g6e.12xlarge,L40S,4.0,spot,4.1247,1.031175,instances.vantage.sh (AWS Price List mirror)
2026-07-30,AWS,us-east-2,g6e.16xlarge,L40S,1.0,ondemand,7.57719,7.57719,instances.vantage.sh (AWS Price List mirror)
2026-07-30,AWS,us-east-2,g6e.16xlarge,L40S,1.0,spot,3.6128,3.6128,instances.vantage.sh (AWS Price List mirror)
2026-07-30,AWS,us-east-2,g6e.24xlarge,L40S,4.0,ondemand,15.06559,3.7663975,instances.vantage.sh (AWS Price List mirror)
2026-07-30,AWS,us-east-2,g6e.24xlarge,L40S,4.0,spot,3.719767,0.92994175,instances.vantage.sh (AWS Price List mirror)
2026-07-30,AWS,us-east-2,g6e.2xlarge,L40S,1.0,ondemand,2.24208,2.24208,instances.vantage.sh (AWS Price List mirror)
2026-07-30,AWS,us-east-2,g6e.2xlarge,L40S,1.0,spot,1.172833,1.172833,instances.vantage.sh (AWS Price List mirror)
2026-07-30,AWS,us-east-2,g6e.48xlarge,L40S,8.0,ondemand,30.13118,3.7663975,instances.vantage.sh (AWS Price List mirror)
2026-07-30,AWS,us-east-2,g6e.48xlarge,L40S,8.0,spot,9.192933,1.149116625,instances.vantage.sh (AWS Price List mirror)
2026-07-30,AWS,us-east-2,g6e.4xlarge,L40S,1.0,ondemand,3.00424,3.00424,instances.vantage.sh (AWS Price List mirror)
2026-07-30,AWS,us-east-2,g6e.4xlarge,L40S,1.0,spot,1.3895,1.3895,instances.vantage.sh (AWS Price List mirror)
2026-07-30,AWS,us-east-2,g6e.8xlarge,L40S,1.0,ondemand,4.52856,4.52856,instances.vantage.sh (AWS Price List mirror)
2026-07-30,AWS,us-east-2,g6e.8xlarge,L40S,1.0,spot,1.810233,1.810233,instances.vantage.sh (AWS Price List mirror)
2026-07-30,AWS,us-east-2,g6e.xlarge,L40S,1.0,ondemand,1.861,1.861,instances.vantage.sh (AWS Price List mirror)
2026-07-30,AWS,us-east-2,g6e.xlarge,L40S,1.0,spot,0.730767,0.730767,instances.vantage.sh (AWS Price List mirror)
2026-07-30,AWS,us-east-2,g6f.2xlarge,L4,0.25,ondemand,0.475,1.9,instances.vantage.sh (AWS Price List mirror)
2026-07-30,AWS,us-east-2,g6f.2xlarge,L4,0.25,spot,0.113633,0.454532,instances.vantage.sh (AWS Price List mirror)
2026-07-30,AWS,us-east-2,g6f.4xlarge,L4,0.5,ondemand,0.95,1.9,instances.vantage.sh (AWS Price List mirror)
2026-07-30,AWS,us-east-2,g6f.4xlarge,L4,0.5,spot,0.2899,0.5798,instances.vantage.sh (AWS Price List mirror)
2026-07-30,AWS,us-east-2,g6f.large,L4,0.125,ondemand,0.202,1.616,instances.vantage.sh (AWS Price List mirror)
2026-07-30,AWS,us-east-2,g6f.large,L4,0.125,spot,0.032067,0.256536,instances.vantage.sh (AWS Price List mirror)
2026-07-30,AWS,us-east-2,g6f.xlarge,L4,0.125,ondemand,0.2375,1.9,instances.vantage.sh (AWS Price List mirror)
2026-07-30,AWS,us-east-2,g6f.xlarge,L4,0.125,spot,0.090533,0.724264,instances.vantage.sh (AWS Price List mirror)
2026-07-30,AWS,us-east-2,g7.12xlarge,NVIDIA RTX PRO 4500 Blackwell,2.0,ondemand,7.12832,3.56416,instances.vantage.sh (AWS Price List mirror)
2026-07-30,AWS,us-east-2,g7.12xlarge,NVIDIA RTX PRO 4500 Blackwell,2.0,spot,0.7128,0.3564,instances.vantage.sh (AWS Price List mirror)
2026-07-30,AWS,us-east-2,g7.24xlarge,NVIDIA RTX PRO 4500 Blackwell,4.0,ondemand,14.25664,3.56416,instances.vantage.sh (AWS Price List mirror)
2026-07-30,AWS,us-east-2,g7.24xlarge,NVIDIA RTX PRO 4500 Blackwell,4.0,spot,1.429067,0.35726675,instances.vantage.sh (AWS Price List mirror)
2026-07-30,AWS,us-east-2,g7.2xlarge,NVIDIA RTX PRO 4500 Blackwell,1.0,ondemand,2.52,2.52,instances.vantage.sh (AWS Price List mirror)
2026-07-30,AWS,us-east-2,g7.2xlarge,NVIDIA RTX PRO 4500 Blackwell,1.0,spot,0.392233,0.392233,instances.vantage.sh (AWS Price List mirror)
2026-07-30,AWS,us-east-2,g7.48xlarge,NVIDIA RTX PRO 4500 Blackwell,8.0,ondemand,28.51328,3.56416,instances.vantage.sh (AWS Price List mirror)
2026-07-30,AWS,us-east-2,g7.48xlarge,NVIDIA RTX PRO 4500 Blackwell,8.0,spot,3.034267,0.379283375,instances.vantage.sh (AWS Price List mirror)
2026-07-30,AWS,us-east-2,g7.4xlarge,NVIDIA RTX PRO 4500 Blackwell,1.0,ondemand,3.04208,3.04208,instances.vantage.sh (AWS Price List mirror)
2026-07-30,AWS,us-east-2,g7.4xlarge,NVIDIA RTX PRO 4500 Blackwell,1.0,spot,0.557433,0.557433,instances.vantage.sh (AWS Price List mirror)
2026-07-30,AWS,us-east-2,g7.8xlarge,NVIDIA RTX PRO 4500 Blackwell,1.0,ondemand,4.08624,4.08624,instances.vantage.sh (AWS Price List mirror)
2026-07-30,AWS,us-east-2,g7.8xlarge,NVIDIA RTX PRO 4500 Blackwell,1.0,spot,0.4086,0.4086,instances.vantage.sh (AWS Price List mirror)
2026-07-30,AWS,us-east-2,g7e.12xlarge,NVIDIA GB202,2.0,ondemand,8.28608,4.14304,instances.vantage.sh (AWS Price List mirror)
2026-07-30,AWS,us-east-2,g7e.12xlarge,NVIDIA GB202,2.0,spot,2.99105,1.495525,instances.vantage.sh (AWS Price List mirror)
2026-07-30,AWS,us-east-2,g7e.24xlarge,NVIDIA GB202,4.0,ondemand,16.57216,4.14304,instances.vantage.sh (AWS Price List mirror)
2026-07-30,AWS,us-east-2,g7e.24xlarge,NVIDIA GB202,4.0,spot,5.04905,1.2622625,instances.vantage.sh (AWS Price List mirror)
2026-07-30,AWS,us-east-2,g7e.2xlarge,NVIDIA GB202,1.0,ondemand,3.36312,3.36312,instances.vantage.sh (AWS Price List mirror)
2026-07-30,AWS,us-east-2,g7e.2xlarge,NVIDIA GB202,1.0,spot,1.49805,1.49805,instances.vantage.sh (AWS Price List mirror)
2026-07-30,AWS,us-east-2,g7e.48xlarge,NVIDIA GB202,8.0,ondemand,33.14432,4.14304,instances.vantage.sh (AWS Price List mirror)
2026-07-30,AWS,us-east-2,g7e.48xlarge,NVIDIA GB202,8.0,spot,9.67265,1.20908125,instances.vantage.sh (AWS Price List mirror)
2026-07-30,AWS,us-east-2,g7e.4xlarge,NVIDIA GB202,1.0,ondemand,3.99816,3.99816,instances.vantage.sh (AWS Price List mirror)
2026-07-30,AWS,us-east-2,g7e.4xlarge,NVIDIA GB202,1.0,spot,2.0308,2.0308,instances.vantage.sh (AWS Price List mirror)
2026-07-30,AWS,us-east-2,g7e.8xlarge,NVIDIA GB202,1.0,ondemand,5.26824,5.26824,instances.vantage.sh (AWS Price List mirror)
2026-07-30,AWS,us-east-2,g7e.8xlarge,NVIDIA GB202,1.0,spot,1.50465,1.50465,instances.vantage.sh (AWS Price List mirror)
2026-07-30,AWS,us-east-2,gr6.4xlarge,L4,1.0,ondemand,1.5392,1.5392,instances.vantage.sh (AWS Price List mirror)
2026-07-30,AWS,us-east-2,gr6.4xlarge,L4,1.0,spot,0.503633,0.503633,instances.vantage.sh (AWS Price List mirror)
2026-07-30,AWS,us-east-2,gr6.8xlarge,L4,1.0,ondemand,2.4464,2.4464,instances.vantage.sh (AWS Price List mirror)
2026-07-30,AWS,us-east-2,gr6.8xlarge,L4,1.0,spot,0.7128,0.7128,instances.vantage.sh (AWS Price List mirror)
2026-07-30,AWS,us-east-2,gr6f.4xlarge,L4,0.5,ondemand,1.066,2.132,instances.vantage.sh (AWS Price List mirror)
2026-07-30,AWS,us-east-2,gr6f.4xlarge,L4,0.5,spot,0.323767,0.647534,instances.vantage.sh (AWS Price List mirror)
2026-07-30,AWS,us-east-2,p2.16xlarge,K80,16.0,ondemand,14.4,0.9,instances.vantage.sh (AWS Price List mirror)
2026-07-30,AWS,us-east-2,p2.8xlarge,K80,8.0,ondemand,7.2,0.9,instances.vantage.sh (AWS Price List mirror)
2026-07-30,AWS,us-east-2,p2.xlarge,K80,1.0,ondemand,0.9,0.9,instances.vantage.sh (AWS Price List mirror)
2026-07-30,AWS,us-east-2,p3.16xlarge,V100,8.0,ondemand,24.48,3.06,instances.vantage.sh (AWS Price List mirror)
2026-07-30,AWS,us-east-2,p3.16xlarge,V100,8.0,spot,14.1719,1.7714875,instances.vantage.sh (AWS Price List mirror)
2026-07-30,AWS,us-east-2,p3.2xlarge,V100,1.0,ondemand,3.06,3.06,instances.vantage.sh (AWS Price List mirror)
2026-07-30,AWS,us-east-2,p3.2xlarge,V100,1.0,spot,0.7881,0.7881,instances.vantage.sh (AWS Price List mirror)
2026-07-30,AWS,us-east-2,p3.8xlarge,V100,4.0,ondemand,12.24,3.06,instances.vantage.sh (AWS Price List mirror)
2026-07-30,AWS,us-east-2,p3.8xlarge,V100,4.0,spot,3.19885,0.7997125,instances.vantage.sh (AWS Price List mirror)
2026-07-30,AWS,us-east-2,p4d.24xlarge,A100,8.0,ondemand,21.95764,2.744705,instances.vantage.sh (AWS Price List mirror)
2026-07-30,AWS,us-east-2,p4d.24xlarge,A100,8.0,spot,13.5539,1.6942375,instances.vantage.sh (AWS Price List mirror)
2026-07-30,AWS,us-east-2,p5.48xlarge,H100,8.0,ondemand,55.04,6.88,instances.vantage.sh (AWS Price List mirror)
2026-07-30,AWS,us-east-2,p5.48xlarge,H100,8.0,spot,20.6849,2.5856125,instances.vantage.sh (AWS Price List mirror)
2026-07-30,AWS,us-east-2,p5.4xlarge,H100,1.0,ondemand,6.88,6.88,instances.vantage.sh (AWS Price List mirror)
2026-07-30,AWS,us-east-2,p5.4xlarge,H100,1.0,spot,2.6295,2.6295,instances.vantage.sh (AWS Price List mirror)
2026-07-30,AWS,us-east-2,p5en.48xlarge,H200,8.0,ondemand,63.296,7.912,instances.vantage.sh (AWS Price List mirror)
2026-07-30,AWS,us-east-2,p5en.48xlarge,H200,8.0,spot,26.882233,3.360279125,instances.vantage.sh (AWS Price List mirror)
2026-07-30,AWS,us-east-2,p6-b200.48xlarge,B200,8.0,ondemand,113.9328,14.2416,instances.vantage.sh (AWS Price List mirror)
2026-07-30,AWS,us-east-2,p6-b200.48xlarge,B200,8.0,spot,42.1395,5.2674375,instances.vantage.sh (AWS Price List mirror)
2026-07-30,AWS,us-gov-east-1,g4dn.12xlarge,T4,4.0,ondemand,4.931,1.23275,instances.vantage.sh (AWS Price List mirror)
2026-07-30,AWS,us-gov-east-1,g4dn.16xlarge,T4,1.0,ondemand,5.486,5.486,instances.vantage.sh (AWS Price List mirror)
2026-07-30,AWS,us-gov-east-1,g4dn.2xlarge,T4,1.0,ondemand,0.948,0.948,instances.vantage.sh (AWS Price List mirror)
2026-07-30,AWS,us-gov-east-1,g4dn.4xlarge,T4,1.0,ondemand,1.518,1.518,instances.vantage.sh (AWS Price List mirror)
2026-07-30,AWS,us-gov-east-1,g4dn.8xlarge,T4,1.0,ondemand,2.743,2.743,instances.vantage.sh (AWS Price List mirror)
2026-07-30,AWS,us-gov-east-1,g4dn.xlarge,T4,1.0,ondemand,0.663,0.663,instances.vantage.sh (AWS Price List mirror)
2026-07-30,AWS,us-gov-east-1,g6.12xlarge,L4,4.0,ondemand,5.80003,1.4500075,instances.vantage.sh (AWS Price List mirror)
2026-07-30,AWS,us-gov-east-1,g6.16xlarge,L4,1.0,ondemand,4.28145,4.28145,instances.vantage.sh (AWS Price List mirror)
2026-07-30,AWS,us-gov-east-1,g6.24xlarge,L4,4.0,ondemand,8.41367,2.1034175,instances.vantage.sh (AWS Price List mirror)
2026-07-30,AWS,us-gov-east-1,g6.2xlarge,L4,1.0,ondemand,1.2322,1.2322,instances.vantage.sh (AWS Price List mirror)
2026-07-30,AWS,us-gov-east-1,g6.48xlarge,L4,8.0,ondemand,16.82734,2.1034175,instances.vantage.sh (AWS Price List mirror)
2026-07-30,AWS,us-gov-east-1,g6.4xlarge,L4,1.0,ondemand,1.66781,1.66781,instances.vantage.sh (AWS Price List mirror)
2026-07-30,AWS,us-gov-east-1,g6.8xlarge,L4,1.0,ondemand,2.53903,2.53903,instances.vantage.sh (AWS Price List mirror)
2026-07-30,AWS,us-gov-east-1,g6.xlarge,L4,1.0,ondemand,1.0144,1.0144,instances.vantage.sh (AWS Price List mirror)
2026-07-30,AWS,us-gov-east-1,gr6.4xlarge,L4,1.0,ondemand,1.9401,1.9401,instances.vantage.sh (AWS Price List mirror)
2026-07-30,AWS,us-gov-east-1,gr6.8xlarge,L4,1.0,ondemand,3.08359,3.08359,instances.vantage.sh (AWS Price List mirror)
2026-07-30,AWS,us-gov-east-1,p3dn.24xlarge,V100,8.0,ondemand,37.454,4.68175,instances.vantage.sh (AWS Price List mirror)
2026-07-30,AWS,us-gov-east-1,p6-b200.48xlarge,B200,8.0,ondemand,136.71936,17.08992,instances.vantage.sh (AWS Price List mirror)
2026-07-30,AWS,us-gov-east-1,p6-b300.48xlarge,NVIDIA B300,8.0,ondemand,170.9,21.3625,instances.vantage.sh (AWS Price List mirror)
2026-07-30,AWS,us-gov-west-1,g3.16xlarge,M60,4.0,ondemand,5.28,1.32,instances.vantage.sh (AWS Price List mirror)
2026-07-30,AWS,us-gov-west-1,g3.4xlarge,M60,1.0,ondemand,1.32,1.32,instances.vantage.sh (AWS Price List mirror)
2026-07-30,AWS,us-gov-west-1,g3.8xlarge,M60,2.0,ondemand,2.64,1.32,instances.vantage.sh (AWS Price List mirror)
2026-07-30,AWS,us-gov-west-1,g3s.xlarge,M60,1.0,ondemand,0.868,0.868,instances.vantage.sh (AWS Price List mirror)
2026-07-30,AWS,us-gov-west-1,g4dn.12xlarge,T4,4.0,ondemand,4.931,1.23275,instances.vantage.sh (AWS Price List mirror)
2026-07-30,AWS,us-gov-west-1,g4dn.16xlarge,T4,1.0,ondemand,5.486,5.486,instances.vantage.sh (AWS Price List mirror)
2026-07-30,AWS,us-gov-west-1,g4dn.2xlarge,T4,1.0,ondemand,0.948,0.948,instances.vantage.sh (AWS Price List mirror)
2026-07-30,AWS,us-gov-west-1,g4dn.4xlarge,T4,1.0,ondemand,1.518,1.518,instances.vantage.sh (AWS Price List mirror)
2026-07-30,AWS,us-gov-west-1,g4dn.8xlarge,T4,1.0,ondemand,2.743,2.743,instances.vantage.sh (AWS Price List mirror)
2026-07-30,AWS,us-gov-west-1,g4dn.metal,T4,8.0,ondemand,9.862,1.23275,instances.vantage.sh (AWS Price List mirror)
2026-07-30,AWS,us-gov-west-1,g4dn.xlarge,T4,1.0,ondemand,0.663,0.663,instances.vantage.sh (AWS Price List mirror)
2026-07-30,AWS,us-gov-west-1,g6.12xlarge,L4,4.0,ondemand,5.80003,1.4500075,instances.vantage.sh (AWS Price List mirror)
2026-07-30,AWS,us-gov-west-1,g6.16xlarge,L4,1.0,ondemand,4.28145,4.28145,instances.vantage.sh (AWS Price List mirror)
2026-07-30,AWS,us-gov-west-1,g6.24xlarge,L4,4.0,ondemand,8.41367,2.1034175,instances.vantage.sh (AWS Price List mirror)
2026-07-30,AWS,us-gov-west-1,g6.2xlarge,L4,1.0,ondemand,1.2322,1.2322,instances.vantage.sh (AWS Price List mirror)
2026-07-30,AWS,us-gov-west-1,g6.48xlarge,L4,8.0,ondemand,16.82734,2.1034175,instances.vantage.sh (AWS Price List mirror)
2026-07-30,AWS,us-gov-west-1,g6.4xlarge,L4,1.0,ondemand,1.66781,1.66781,instances.vantage.sh (AWS Price List mirror)
2026-07-30,AWS,us-gov-west-1,g6.8xlarge,L4,1.0,ondemand,2.53903,2.53903,instances.vantage.sh (AWS Price List mirror)
2026-07-30,AWS,us-gov-west-1,g6.xlarge,L4,1.0,ondemand,1.0144,1.0144,instances.vantage.sh (AWS Price List mirror)
2026-07-30,AWS,us-gov-west-1,gr6.4xlarge,L4,1.0,ondemand,1.9401,1.9401,instances.vantage.sh (AWS Price List mirror)
2026-07-30,AWS,us-gov-west-1,gr6.8xlarge,L4,1.0,ondemand,3.08359,3.08359,instances.vantage.sh (AWS Price List mirror)
2026-07-30,AWS,us-gov-west-1,p2.16xlarge,K80,16.0,ondemand,17.28,1.08,instances.vantage.sh (AWS Price List mirror)
2026-07-30,AWS,us-gov-west-1,p2.8xlarge,K80,8.0,ondemand,8.64,1.08,instances.vantage.sh (AWS Price List mirror)
2026-07-30,AWS,us-gov-west-1,p2.xlarge,K80,1.0,ondemand,1.08,1.08,instances.vantage.sh (AWS Price List mirror)
2026-07-30,AWS,us-gov-west-1,p3.16xlarge,V100,8.0,ondemand,29.376,3.672,instances.vantage.sh (AWS Price List mirror)
2026-07-30,AWS,us-gov-west-1,p3.2xlarge,V100,1.0,ondemand,3.672,3.672,instances.vantage.sh (AWS Price List mirror)
2026-07-30,AWS,us-gov-west-1,p3.8xlarge,V100,4.0,ondemand,14.688,3.672,instances.vantage.sh (AWS Price List mirror)
2026-07-30,AWS,us-gov-west-1,p3dn.24xlarge,V100,8.0,ondemand,37.454,4.68175,instances.vantage.sh (AWS Price List mirror)
2026-07-30,AWS,us-gov-west-1,p4d.24xlarge,A100,8.0,ondemand,26.3511,3.2938875,instances.vantage.sh (AWS Price List mirror)
2026-07-30,AWS,us-gov-west-1,p5.48xlarge,H100,8.0,ondemand,66.048,8.256,instances.vantage.sh (AWS Price List mirror)
2026-07-30,AWS,us-gov-west-1,p5.4xlarge,H100,1.0,ondemand,8.256,8.256,instances.vantage.sh (AWS Price List mirror)
2026-07-30,AWS,us-gov-west-1,p5en.48xlarge,H200,8.0,ondemand,75.9552,9.4944,instances.vantage.sh (AWS Price List mirror)
2026-07-30,AWS,us-gov-west-1,p6-b200.48xlarge,B200,8.0,ondemand,136.71936,17.08992,instances.vantage.sh (AWS Price List mirror)
2026-07-30,AWS,us-west-1,g2.2xlarge,K520,1.0,ondemand,0.702,0.702,instances.vantage.sh (AWS Price List mirror)
2026-07-30,AWS,us-west-1,g2.8xlarge,K520,4.0,ondemand,2.808,0.702,instances.vantage.sh (AWS Price List mirror)
2026-07-30,AWS,us-west-1,g3.16xlarge,M60,4.0,ondemand,6.136,1.534,instances.vantage.sh (AWS Price List mirror)
2026-07-30,AWS,us-west-1,g3.4xlarge,M60,1.0,ondemand,1.534,1.534,instances.vantage.sh (AWS Price List mirror)
2026-07-30,AWS,us-west-1,g3.8xlarge,M60,2.0,ondemand,3.068,1.534,instances.vantage.sh (AWS Price List mirror)
2026-07-30,AWS,us-west-1,g4dn.12xlarge,T4,4.0,ondemand,4.694,1.1735,instances.vantage.sh (AWS Price List mirror)
2026-07-30,AWS,us-west-1,g4dn.12xlarge,T4,4.0,spot,2.4794,0.61985,instances.vantage.sh (AWS Price List mirror)
2026-07-30,AWS,us-west-1,g4dn.16xlarge,T4,1.0,ondemand,5.222,5.222,instances.vantage.sh (AWS Price List mirror)
2026-07-30,AWS,us-west-1,g4dn.16xlarge,T4,1.0,spot,1.36355,1.36355,instances.vantage.sh (AWS Price List mirror)
2026-07-30,AWS,us-west-1,g4dn.2xlarge,T4,1.0,ondemand,0.902,0.902,instances.vantage.sh (AWS Price List mirror)
2026-07-30,AWS,us-west-1,g4dn.2xlarge,T4,1.0,spot,0.6006,0.6006,instances.vantage.sh (AWS Price List mirror)
2026-07-30,AWS,us-west-1,g4dn.4xlarge,T4,1.0,ondemand,1.445,1.445,instances.vantage.sh (AWS Price List mirror)
2026-07-30,AWS,us-west-1,g4dn.4xlarge,T4,1.0,spot,0.902,0.902,instances.vantage.sh (AWS Price List mirror)
2026-07-30,AWS,us-west-1,g4dn.8xlarge,T4,1.0,ondemand,2.611,2.611,instances.vantage.sh (AWS Price List mirror)
2026-07-30,AWS,us-west-1,g4dn.8xlarge,T4,1.0,spot,1.2707,1.2707,instances.vantage.sh (AWS Price List mirror)
2026-07-30,AWS,us-west-1,g4dn.metal,T4,8.0,ondemand,9.389,1.173625,instances.vantage.sh (AWS Price List mirror)
2026-07-30,AWS,us-west-1,g4dn.metal,T4,8.0,spot,3.59305,0.44913125,instances.vantage.sh (AWS Price List mirror)
2026-07-30,AWS,us-west-1,g4dn.xlarge,T4,1.0,ondemand,0.631,0.631,instances.vantage.sh (AWS Price List mirror)
2026-07-30,AWS,us-west-1,g4dn.xlarge,T4,1.0,spot,0.43785,0.43785,instances.vantage.sh (AWS Price List mirror)
2026-07-30,AWS,us-west-1,p5.48xlarge,H100,8.0,ondemand,68.8,8.6,instances.vantage.sh (AWS Price List mirror)
2026-07-30,AWS,us-west-1,p5.48xlarge,H100,8.0,spot,68.8,8.6,instances.vantage.sh (AWS Price List mirror)
2026-07-30,AWS,us-west-1,p5en.48xlarge,H200,8.0,ondemand,79.12,9.89,instances.vantage.sh (AWS Price List mirror)
2026-07-30,AWS,us-west-1,p5en.48xlarge,H200,8.0,spot,79.12,9.89,instances.vantage.sh (AWS Price List mirror)
2026-07-30,AWS,us-west-2,dl2q.24xlarge,Qualcomm AI 100 Accelerators,8.0,ondemand,8.9194,1.114925,instances.vantage.sh (AWS Price List mirror)
2026-07-30,AWS,us-west-2,dl2q.24xlarge,Qualcomm AI 100 Accelerators,8.0,spot,1.9386,0.242325,instances.vantage.sh (AWS Price List mirror)
2026-07-30,AWS,us-west-2,g2.2xlarge,K520,1.0,ondemand,0.65,0.65,instances.vantage.sh (AWS Price List mirror)
2026-07-30,AWS,us-west-2,g2.8xlarge,K520,4.0,ondemand,2.6,0.65,instances.vantage.sh (AWS Price List mirror)
2026-07-30,AWS,us-west-2,g3.16xlarge,M60,4.0,ondemand,4.56,1.14,instances.vantage.sh (AWS Price List mirror)
2026-07-30,AWS,us-west-2,g3.4xlarge,M60,1.0,ondemand,1.14,1.14,instances.vantage.sh (AWS Price List mirror)
2026-07-30,AWS,us-west-2,g3.8xlarge,M60,2.0,ondemand,2.28,1.14,instances.vantage.sh (AWS Price List mirror)
2026-07-30,AWS,us-west-2,g3s.xlarge,M60,1.0,ondemand,0.75,0.75,instances.vantage.sh (AWS Price List mirror)
2026-07-30,AWS,us-west-2,g4ad.16xlarge,V520,4.0,ondemand,3.468,0.867,instances.vantage.sh (AWS Price List mirror)
2026-07-30,AWS,us-west-2,g4ad.16xlarge,V520,4.0,spot,1.3822,0.34555,instances.vantage.sh (AWS Price List mirror)
2026-07-30,AWS,us-west-2,g4ad.2xlarge,V520,1.0,ondemand,0.54117,0.54117,instances.vantage.sh (AWS Price List mirror)
2026-07-30,AWS,us-west-2,g4ad.2xlarge,V520,1.0,spot,0.261467,0.261467,instances.vantage.sh (AWS Price List mirror)
2026-07-30,AWS,us-west-2,g4ad.4xlarge,V520,1.0,ondemand,0.867,0.867,instances.vantage.sh (AWS Price List mirror)
2026-07-30,AWS,us-west-2,g4ad.4xlarge,V520,1.0,spot,0.3798,0.3798,instances.vantage.sh (AWS Price List mirror)
2026-07-30,AWS,us-west-2,g4ad.8xlarge,V520,2.0,ondemand,1.734,0.867,instances.vantage.sh (AWS Price List mirror)
2026-07-30,AWS,us-west-2,g4ad.8xlarge,V520,2.0,spot,0.612267,0.3061335,instances.vantage.sh (AWS Price List mirror)
2026-07-30,AWS,us-west-2,g4ad.xlarge,V520,1.0,ondemand,0.37853,0.37853,instances.vantage.sh (AWS Price List mirror)
2026-07-30,AWS,us-west-2,g4ad.xlarge,V520,1.0,spot,0.173367,0.173367,instances.vantage.sh (AWS Price List mirror)
2026-07-30,AWS,us-west-2,g4dn.12xlarge,T4,4.0,ondemand,3.912,0.978,instances.vantage.sh (AWS Price List mirror)
2026-07-30,AWS,us-west-2,g4dn.12xlarge,T4,4.0,spot,1.478767,0.36969175,instances.vantage.sh (AWS Price List mirror)
2026-07-30,AWS,us-west-2,g4dn.16xlarge,T4,1.0,ondemand,4.352,4.352,instances.vantage.sh (AWS Price List mirror)
2026-07-30,AWS,us-west-2,g4dn.16xlarge,T4,1.0,spot,1.305333,1.305333,instances.vantage.sh (AWS Price List mirror)
2026-07-30,AWS,us-west-2,g4dn.2xlarge,T4,1.0,ondemand,0.752,0.752,instances.vantage.sh (AWS Price List mirror)
2026-07-30,AWS,us-west-2,g4dn.2xlarge,T4,1.0,spot,0.286333,0.286333,instances.vantage.sh (AWS Price List mirror)
2026-07-30,AWS,us-west-2,g4dn.4xlarge,T4,1.0,ondemand,1.204,1.204,instances.vantage.sh (AWS Price List mirror)
2026-07-30,AWS,us-west-2,g4dn.4xlarge,T4,1.0,spot,0.426467,0.426467,instances.vantage.sh (AWS Price List mirror)
2026-07-30,AWS,us-west-2,g4dn.8xlarge,T4,1.0,ondemand,2.176,2.176,instances.vantage.sh (AWS Price List mirror)
2026-07-30,AWS,us-west-2,g4dn.8xlarge,T4,1.0,spot,0.722633,0.722633,instances.vantage.sh (AWS Price List mirror)
2026-07-30,AWS,us-west-2,g4dn.metal,T4,8.0,ondemand,7.824,0.978,instances.vantage.sh (AWS Price List mirror)
2026-07-30,AWS,us-west-2,g4dn.metal,T4,8.0,spot,4.004367,0.500545875,instances.vantage.sh (AWS Price List mirror)
2026-07-30,AWS,us-west-2,g4dn.xlarge,T4,1.0,ondemand,0.526,0.526,instances.vantage.sh (AWS Price List mirror)
2026-07-30,AWS,us-west-2,g4dn.xlarge,T4,1.0,spot,0.2096,0.2096,instances.vantage.sh (AWS Price List mirror)
2026-07-30,AWS,us-west-2,g5.12xlarge,A10G,4.0,ondemand,5.672,1.418,instances.vantage.sh (AWS Price List mirror)
2026-07-30,AWS,us-west-2,g5.12xlarge,A10G,4.0,spot,3.258733,0.81468325,instances.vantage.sh (AWS Price List mirror)
2026-07-30,AWS,us-west-2,g5.16xlarge,A10G,1.0,ondemand,4.096,4.096,instances.vantage.sh (AWS Price List mirror)
2026-07-30,AWS,us-west-2,g5.16xlarge,A10G,1.0,spot,1.613667,1.613667,instances.vantage.sh (AWS Price List mirror)
2026-07-30,AWS,us-west-2,g5.24xlarge,A10G,4.0,ondemand,8.144,2.036,instances.vantage.sh (AWS Price List mirror)
2026-07-30,AWS,us-west-2,g5.24xlarge,A10G,4.0,spot,4.323733,1.08093325,instances.vantage.sh (AWS Price List mirror)
2026-07-30,AWS,us-west-2,g5.2xlarge,A10G,1.0,ondemand,1.212,1.212,instances.vantage.sh (AWS Price List mirror)
2026-07-30,AWS,us-west-2,g5.2xlarge,A10G,1.0,spot,0.6261,0.6261,instances.vantage.sh (AWS Price List mirror)
2026-07-30,AWS,us-west-2,g5.48xlarge,A10G,8.0,ondemand,16.288,2.036,instances.vantage.sh (AWS Price List mirror)
2026-07-30,AWS,us-west-2,g5.48xlarge,A10G,8.0,spot,5.817267,0.727158375,instances.vantage.sh (AWS Price List mirror)
2026-07-30,AWS,us-west-2,g5.4xlarge,A10G,1.0,ondemand,1.624,1.624,instances.vantage.sh (AWS Price List mirror)
2026-07-30,AWS,us-west-2,g5.4xlarge,A10G,1.0,spot,0.591167,0.591167,instances.vantage.sh (AWS Price List mirror)
2026-07-30,AWS,us-west-2,g5.8xlarge,A10G,1.0,ondemand,2.448,2.448,instances.vantage.sh (AWS Price List mirror)
2026-07-30,AWS,us-west-2,g5.8xlarge,A10G,1.0,spot,0.9495,0.9495,instances.vantage.sh (AWS Price List mirror)
2026-07-30,AWS,us-west-2,g5.xlarge,A10G,1.0,ondemand,1.006,1.006,instances.vantage.sh (AWS Price List mirror)
2026-07-30,AWS,us-west-2,g5.xlarge,A10G,1.0,spot,0.595133,0.595133,instances.vantage.sh (AWS Price List mirror)
2026-07-30,AWS,us-west-2,g5g.16xlarge,T4G,2.0,ondemand,2.744,1.372,instances.vantage.sh (AWS Price List mirror)
2026-07-30,AWS,us-west-2,g5g.16xlarge,T4G,2.0,spot,0.971267,0.4856335,instances.vantage.sh (AWS Price List mirror)
2026-07-30,AWS,us-west-2,g5g.2xlarge,T4G,1.0,ondemand,0.556,0.556,instances.vantage.sh (AWS Price List mirror)
2026-07-30,AWS,us-west-2,g5g.2xlarge,T4G,1.0,spot,0.205033,0.205033,instances.vantage.sh (AWS Price List mirror)
2026-07-30,AWS,us-west-2,g5g.4xlarge,T4G,1.0,ondemand,0.828,0.828,instances.vantage.sh (AWS Price List mirror)
2026-07-30,AWS,us-west-2,g5g.4xlarge,T4G,1.0,spot,0.256767,0.256767,instances.vantage.sh (AWS Price List mirror)
2026-07-30,AWS,us-west-2,g5g.8xlarge,T4G,1.0,ondemand,1.372,1.372,instances.vantage.sh (AWS Price List mirror)
2026-07-30,AWS,us-west-2,g5g.8xlarge,T4G,1.0,spot,0.481133,0.481133,instances.vantage.sh (AWS Price List mirror)
2026-07-30,AWS,us-west-2,g5g.metal,T4G,2.0,ondemand,2.744,1.372,instances.vantage.sh (AWS Price List mirror)
2026-07-30,AWS,us-west-2,g5g.metal,T4G,2.0,spot,0.500233,0.2501165,instances.vantage.sh (AWS Price List mirror)
2026-07-30,AWS,us-west-2,g5g.xlarge,T4G,1.0,ondemand,0.42,0.42,instances.vantage.sh (AWS Price List mirror)
2026-07-30,AWS,us-west-2,g5g.xlarge,T4G,1.0,spot,0.1387,0.1387,instances.vantage.sh (AWS Price List mirror)
2026-07-30,AWS,us-west-2,g6.12xlarge,L4,4.0,ondemand,4.6016,1.1504,instances.vantage.sh (AWS Price List mirror)
2026-07-30,AWS,us-west-2,g6.12xlarge,L4,4.0,spot,1.836075,0.45901875,instances.vantage.sh (AWS Price List mirror)
2026-07-30,AWS,us-west-2,g6.16xlarge,L4,1.0,ondemand,3.3968,3.3968,instances.vantage.sh (AWS Price List mirror)
2026-07-30,AWS,us-west-2,g6.16xlarge,L4,1.0,spot,1.570775,1.570775,instances.vantage.sh (AWS Price List mirror)
2026-07-30,AWS,us-west-2,g6.24xlarge,L4,4.0,ondemand,6.6752,1.6688,instances.vantage.sh (AWS Price List mirror)
2026-07-30,AWS,us-west-2,g6.24xlarge,L4,4.0,spot,2.65745,0.6643625,instances.vantage.sh (AWS Price List mirror)
2026-07-30,AWS,us-west-2,g6.2xlarge,L4,1.0,ondemand,0.9776,0.9776,instances.vantage.sh (AWS Price List mirror)
2026-07-30,AWS,us-west-2,g6.2xlarge,L4,1.0,spot,0.53415,0.53415,instances.vantage.sh (AWS Price List mirror)
2026-07-30,AWS,us-west-2,g6.48xlarge,L4,8.0,ondemand,13.3504,1.6688,instances.vantage.sh (AWS Price List mirror)
2026-07-30,AWS,us-west-2,g6.48xlarge,L4,8.0,spot,6.545775,0.818221875,instances.vantage.sh (AWS Price List mirror)
2026-07-30,AWS,us-west-2,g6.4xlarge,L4,1.0,ondemand,1.3232,1.3232,instances.vantage.sh (AWS Price List mirror)
2026-07-30,AWS,us-west-2,g6.4xlarge,L4,1.0,spot,0.582025,0.582025,instances.vantage.sh (AWS Price List mirror)
2026-07-30,AWS,us-west-2,g6.8xlarge,L4,1.0,ondemand,2.0144,2.0144,instances.vantage.sh (AWS Price List mirror)
2026-07-30,AWS,us-west-2,g6.8xlarge,L4,1.0,spot,0.9689,0.9689,instances.vantage.sh (AWS Price List mirror)
2026-07-30,AWS,us-west-2,g6.xlarge,L4,1.0,ondemand,0.8048,0.8048,instances.vantage.sh (AWS Price List mirror)
2026-07-30,AWS,us-west-2,g6.xlarge,L4,1.0,spot,0.52175,0.52175,instances.vantage.sh (AWS Price List mirror)
2026-07-30,AWS,us-west-2,g6e.12xlarge,L40S,4.0,ondemand,10.49264,2.62316,instances.vantage.sh (AWS Price List mirror)
2026-07-30,AWS,us-west-2,g6e.12xlarge,L40S,4.0,spot,5.138825,1.28470625,instances.vantage.sh (AWS Price List mirror)
2026-07-30,AWS,us-west-2,g6e.16xlarge,L40S,1.0,ondemand,7.57719,7.57719,instances.vantage.sh (AWS Price List mirror)
2026-07-30,AWS,us-west-2,g6e.16xlarge,L40S,1.0,spot,3.66785,3.66785,instances.vantage.sh (AWS Price List mirror)
2026-07-30,AWS,us-west-2,g6e.24xlarge,L40S,4.0,ondemand,15.06559,3.7663975,instances.vantage.sh (AWS Price List mirror)
2026-07-30,AWS,us-west-2,g6e.24xlarge,L40S,4.0,spot,5.1932,1.2983,instances.vantage.sh (AWS Price List mirror)
2026-07-30,AWS,us-west-2,g6e.2xlarge,L40S,1.0,ondemand,2.24208,2.24208,instances.vantage.sh (AWS Price List mirror)
2026-07-30,AWS,us-west-2,g6e.2xlarge,L40S,1.0,spot,1.523575,1.523575,instances.vantage.sh (AWS Price List mirror)
2026-07-30,AWS,us-west-2,g6e.48xlarge,L40S,8.0,ondemand,30.13118,3.7663975,instances.vantage.sh (AWS Price List mirror)
2026-07-30,AWS,us-west-2,g6e.48xlarge,L40S,8.0,spot,11.557575,1.444696875,instances.vantage.sh (AWS Price List mirror)
2026-07-30,AWS,us-west-2,g6e.4xlarge,L40S,1.0,ondemand,3.00424,3.00424,instances.vantage.sh (AWS Price List mirror)
2026-07-30,AWS,us-west-2,g6e.4xlarge,L40S,1.0,spot,1.73005,1.73005,instances.vantage.sh (AWS Price List mirror)
2026-07-30,AWS,us-west-2,g6e.8xlarge,L40S,1.0,ondemand,4.52856,4.52856,instances.vantage.sh (AWS Price List mirror)
2026-07-30,AWS,us-west-2,g6e.8xlarge,L40S,1.0,spot,2.006925,2.006925,instances.vantage.sh (AWS Price List mirror)
2026-07-30,AWS,us-west-2,g6e.xlarge,L40S,1.0,ondemand,1.861,1.861,instances.vantage.sh (AWS Price List mirror)
2026-07-30,AWS,us-west-2,g6e.xlarge,L40S,1.0,spot,1.3279,1.3279,instances.vantage.sh (AWS Price List mirror)
2026-07-30,AWS,us-west-2,g6f.2xlarge,L4,0.25,ondemand,0.475,1.9,instances.vantage.sh (AWS Price List mirror)
2026-07-30,AWS,us-west-2,g6f.2xlarge,L4,0.25,spot,0.1903,0.7612,instances.vantage.sh (AWS Price List mirror)
2026-07-30,AWS,us-west-2,g6f.4xlarge,L4,0.5,ondemand,0.95,1.9,instances.vantage.sh (AWS Price List mirror)
2026-07-30,AWS,us-west-2,g6f.4xlarge,L4,0.5,spot,0.369675,0.73935,instances.vantage.sh (AWS Price List mirror)
2026-07-30,AWS,us-west-2,g6f.large,L4,0.125,ondemand,0.202,1.616,instances.vantage.sh (AWS Price List mirror)
2026-07-30,AWS,us-west-2,g6f.large,L4,0.125,spot,0.050175,0.4014,instances.vantage.sh (AWS Price List mirror)
2026-07-30,AWS,us-west-2,g6f.xlarge,L4,0.125,ondemand,0.2375,1.9,instances.vantage.sh (AWS Price List mirror)
2026-07-30,AWS,us-west-2,g6f.xlarge,L4,0.125,spot,0.085475,0.6838,instances.vantage.sh (AWS Price List mirror)
2026-07-30,AWS,us-west-2,g7.12xlarge,NVIDIA RTX PRO 4500 Blackwell,2.0,ondemand,7.12832,3.56416,instances.vantage.sh (AWS Price List mirror)
2026-07-30,AWS,us-west-2,g7.12xlarge,NVIDIA RTX PRO 4500 Blackwell,2.0,spot,2.0289,1.01445,instances.vantage.sh (AWS Price List mirror)
2026-07-30,AWS,us-west-2,g7.24xlarge,NVIDIA RTX PRO 4500 Blackwell,4.0,ondemand,14.25664,3.56416,instances.vantage.sh (AWS Price List mirror)
2026-07-30,AWS,us-west-2,g7.24xlarge,NVIDIA RTX PRO 4500 Blackwell,4.0,spot,3.185725,0.79643125,instances.vantage.sh (AWS Price List mirror)
2026-07-30,AWS,us-west-2,g7.2xlarge,NVIDIA RTX PRO 4500 Blackwell,1.0,ondemand,2.52,2.52,instances.vantage.sh (AWS Price List mirror)
2026-07-30,AWS,us-west-2,g7.2xlarge,NVIDIA RTX PRO 4500 Blackwell,1.0,spot,0.780425,0.780425,instances.vantage.sh (AWS Price List mirror)
2026-07-30,AWS,us-west-2,g7.48xlarge,NVIDIA RTX PRO 4500 Blackwell,8.0,ondemand,28.51328,3.56416,instances.vantage.sh (AWS Price List mirror)
2026-07-30,AWS,us-west-2,g7.48xlarge,NVIDIA RTX PRO 4500 Blackwell,8.0,spot,6.574225,0.821778125,instances.vantage.sh (AWS Price List mirror)
2026-07-30,AWS,us-west-2,g7.4xlarge,NVIDIA RTX PRO 4500 Blackwell,1.0,ondemand,3.04208,3.04208,instances.vantage.sh (AWS Price List mirror)
2026-07-30,AWS,us-west-2,g7.4xlarge,NVIDIA RTX PRO 4500 Blackwell,1.0,spot,0.8869,0.8869,instances.vantage.sh (AWS Price List mirror)
2026-07-30,AWS,us-west-2,g7.8xlarge,NVIDIA RTX PRO 4500 Blackwell,1.0,ondemand,4.08624,4.08624,instances.vantage.sh (AWS Price List mirror)
2026-07-30,AWS,us-west-2,g7.8xlarge,NVIDIA RTX PRO 4500 Blackwell,1.0,spot,0.99435,0.99435,instances.vantage.sh (AWS Price List mirror)
2026-07-30,AWS,us-west-2,g7e.12xlarge,NVIDIA GB202,2.0,ondemand,8.28608,4.14304,instances.vantage.sh (AWS Price List mirror)
2026-07-30,AWS,us-west-2,g7e.12xlarge,NVIDIA GB202,2.0,spot,4.61415,2.307075,instances.vantage.sh (AWS Price List mirror)
2026-07-30,AWS,us-west-2,g7e.24xlarge,NVIDIA GB202,4.0,ondemand,16.57216,4.14304,instances.vantage.sh (AWS Price List mirror)
2026-07-30,AWS,us-west-2,g7e.24xlarge,NVIDIA GB202,4.0,spot,12.697925,3.17448125,instances.vantage.sh (AWS Price List mirror)
2026-07-30,AWS,us-west-2,g7e.2xlarge,NVIDIA GB202,1.0,ondemand,3.36312,3.36312,instances.vantage.sh (AWS Price List mirror)
2026-07-30,AWS,us-west-2,g7e.2xlarge,NVIDIA GB202,1.0,spot,2.499675,2.499675,instances.vantage.sh (AWS Price List mirror)
2026-07-30,AWS,us-west-2,g7e.48xlarge,NVIDIA GB202,8.0,ondemand,33.14432,4.14304,instances.vantage.sh (AWS Price List mirror)
2026-07-30,AWS,us-west-2,g7e.48xlarge,NVIDIA GB202,8.0,spot,24.36035,3.04504375,instances.vantage.sh (AWS Price List mirror)
2026-07-30,AWS,us-west-2,g7e.4xlarge,NVIDIA GB202,1.0,ondemand,3.99816,3.99816,instances.vantage.sh (AWS Price List mirror)
2026-07-30,AWS,us-west-2,g7e.4xlarge,NVIDIA GB202,1.0,spot,2.536725,2.536725,instances.vantage.sh (AWS Price List mirror)
2026-07-30,AWS,us-west-2,g7e.8xlarge,NVIDIA GB202,1.0,ondemand,5.26824,5.26824,instances.vantage.sh (AWS Price List mirror)
2026-07-30,AWS,us-west-2,g7e.8xlarge,NVIDIA GB202,1.0,spot,3.1201,3.1201,instances.vantage.sh (AWS Price List mirror)
2026-07-30,AWS,us-west-2,gr6.4xlarge,L4,1.0,ondemand,1.5392,1.5392,instances.vantage.sh (AWS Price List mirror)
2026-07-30,AWS,us-west-2,gr6.4xlarge,L4,1.0,spot,0.57885,0.57885,instances.vantage.sh (AWS Price List mirror)
2026-07-30,AWS,us-west-2,gr6.8xlarge,L4,1.0,ondemand,2.4464,2.4464,instances.vantage.sh (AWS Price List mirror)
2026-07-30,AWS,us-west-2,gr6.8xlarge,L4,1.0,spot,0.91575,0.91575,instances.vantage.sh (AWS Price List mirror)
2026-07-30,AWS,us-west-2,gr6f.4xlarge,L4,0.5,ondemand,1.066,2.132,instances.vantage.sh (AWS Price List mirror)
2026-07-30,AWS,us-west-2,gr6f.4xlarge,L4,0.5,spot,0.3775,0.755,instances.vantage.sh (AWS Price List mirror)
2026-07-30,AWS,us-west-2,p2.16xlarge,K80,16.0,ondemand,14.4,0.9,instances.vantage.sh (AWS Price List mirror)
2026-07-30,AWS,us-west-2,p2.8xlarge,K80,8.0,ondemand,7.2,0.9,instances.vantage.sh (AWS Price List mirror)
2026-07-30,AWS,us-west-2,p2.xlarge,K80,1.0,ondemand,0.9,0.9,instances.vantage.sh (AWS Price List mirror)
2026-07-30,AWS,us-west-2,p3.16xlarge,V100,8.0,ondemand,24.48,3.06,instances.vantage.sh (AWS Price List mirror)
2026-07-30,AWS,us-west-2,p3.16xlarge,V100,8.0,spot,13.117033,1.639629125,instances.vantage.sh (AWS Price List mirror)
2026-07-30,AWS,us-west-2,p3.2xlarge,V100,1.0,ondemand,3.06,3.06,instances.vantage.sh (AWS Price List mirror)
2026-07-30,AWS,us-west-2,p3.2xlarge,V100,1.0,spot,0.7914,0.7914,instances.vantage.sh (AWS Price List mirror)
2026-07-30,AWS,us-west-2,p3.8xlarge,V100,4.0,ondemand,12.24,3.06,instances.vantage.sh (AWS Price List mirror)
2026-07-30,AWS,us-west-2,p3.8xlarge,V100,4.0,spot,5.321133,1.33028325,instances.vantage.sh (AWS Price List mirror)
2026-07-30,AWS,us-west-2,p3dn.24xlarge,V100,8.0,ondemand,31.212,3.9015,instances.vantage.sh (AWS Price List mirror)
2026-07-30,AWS,us-west-2,p3dn.24xlarge,V100,8.0,spot,6.2541,0.7817625,instances.vantage.sh (AWS Price List mirror)
2026-07-30,AWS,us-west-2,p4d.24xlarge,A100,8.0,ondemand,21.95764,2.744705,instances.vantage.sh (AWS Price List mirror)
2026-07-30,AWS,us-west-2,p4d.24xlarge,A100,8.0,spot,18.22685,2.27835625,instances.vantage.sh (AWS Price List mirror)
2026-07-30,AWS,us-west-2,p4de.24xlarge,A100,8.0,ondemand,27.44705,3.43088125,instances.vantage.sh (AWS Price List mirror)
2026-07-30,AWS,us-west-2,p4de.24xlarge,A100,8.0,spot,22.834733,2.854341625,instances.vantage.sh (AWS Price List mirror)
2026-07-30,AWS,us-west-2,p5.48xlarge,H100,8.0,ondemand,55.04,6.88,instances.vantage.sh (AWS Price List mirror)
2026-07-30,AWS,us-west-2,p5.48xlarge,H100,8.0,spot,20.6452,2.58065,instances.vantage.sh (AWS Price List mirror)
2026-07-30,AWS,us-west-2,p5.4xlarge,H100,1.0,ondemand,6.88,6.88,instances.vantage.sh (AWS Price List mirror)
2026-07-30,AWS,us-west-2,p5.4xlarge,H100,1.0,spot,2.6295,2.6295,instances.vantage.sh (AWS Price List mirror)
2026-07-30,AWS,us-west-2,p5en.48xlarge,H200,8.0,ondemand,63.296,7.912,instances.vantage.sh (AWS Price List mirror)
2026-07-30,AWS,us-west-2,p5en.48xlarge,H200,8.0,spot,27.0821,3.3852625,instances.vantage.sh (AWS Price List mirror)
2026-07-30,AWS,us-west-2,p6-b200.48xlarge,B200,8.0,ondemand,113.9328,14.2416,instances.vantage.sh (AWS Price List mirror)
2026-07-30,AWS,us-west-2,p6-b200.48xlarge,B200,8.0,spot,40.546367,5.068295875,instances.vantage.sh (AWS Price List mirror)
2026-07-30,AWS,us-west-2,p6-b300.48xlarge,NVIDIA B300,8.0,ondemand,142.416,17.802,instances.vantage.sh (AWS Price List mirror)
2026-07-30,AWS,us-west-2,p6-b300.48xlarge,NVIDIA B300,8.0,spot,44.6977,5.5872125,instances.vantage.sh (AWS Price List mirror)
2026-07-30,AWS,us-west-2-den-1,g4dn.2xlarge,T4,1.0,ondemand,1.015,1.015,instances.vantage.sh (AWS Price List mirror)
2026-07-30,AWS,us-west-2-den-1,g4dn.4xlarge,T4,1.0,ondemand,1.625,1.625,instances.vantage.sh (AWS Price List mirror)
2026-07-30,AWS,us-west-2-hnl-1,g4dn.2xlarge,T4,1.0,ondemand,1.241,1.241,instances.vantage.sh (AWS Price List mirror)
2026-07-30,AWS,us-west-2-hnl-1,g4dn.4xlarge,T4,1.0,ondemand,1.987,1.987,instances.vantage.sh (AWS Price List mirror)
2026-07-30,AWS,us-west-2-las-1,g4dn.2xlarge,T4,1.0,ondemand,1.015,1.015,instances.vantage.sh (AWS Price List mirror)
2026-07-30,AWS,us-west-2-lax-1,g4dn.12xlarge,T4,4.0,ondemand,4.694,1.1735,instances.vantage.sh (AWS Price List mirror)
2026-07-30,AWS,us-west-2-lax-1,g4dn.16xlarge,T4,1.0,ondemand,5.222,5.222,instances.vantage.sh (AWS Price List mirror)
2026-07-30,AWS,us-west-2-lax-1,g4dn.2xlarge,T4,1.0,ondemand,0.902,0.902,instances.vantage.sh (AWS Price List mirror)
2026-07-30,AWS,us-west-2-lax-1,g4dn.4xlarge,T4,1.0,ondemand,1.445,1.445,instances.vantage.sh (AWS Price List mirror)
2026-07-30,AWS,us-west-2-lax-1,g4dn.8xlarge,T4,1.0,ondemand,2.611,2.611,instances.vantage.sh (AWS Price List mirror)
2026-07-30,AWS,us-west-2-lax-1,g4dn.metal,T4,8.0,ondemand,9.389,1.173625,instances.vantage.sh (AWS Price List mirror)
2026-07-30,AWS,us-west-2-lax-1,g4dn.xlarge,T4,1.0,ondemand,0.631,0.631,instances.vantage.sh (AWS Price List mirror)
2026-07-30,AWS,us-west-2-lax-1,g5.4xlarge,A10G,1.0,ondemand,2.23098,2.23098,instances.vantage.sh (AWS Price List mirror)
2026-07-30,AWS,us-west-2-lax-1,g5.8xlarge,A10G,1.0,ondemand,3.36296,3.36296,instances.vantage.sh (AWS Price List mirror)
2026-07-30,AWS,us-west-2-lax-1,g7e.4xlarge,NVIDIA GB202,1.0,ondemand,5.35803,5.35803,instances.vantage.sh (AWS Price List mirror)
2026-07-30,AWS,us-west-2-lax-1,g7e.8xlarge,NVIDIA GB202,1.0,ondemand,7.0601,7.0601,instances.vantage.sh (AWS Price List mirror)
2026-07-30,AWS,us-west-2-pdx-1,g4dn.2xlarge,T4,1.0,ondemand,1.015,1.015,instances.vantage.sh (AWS Price List mirror)
2026-07-30,AWS,us-west-2-phx-1,g4dn.2xlarge,T4,1.0,ondemand,1.015,1.015,instances.vantage.sh (AWS Price List mirror)
2026-07-30,AWS,us-west-2-phx-1,g4dn.4xlarge,T4,1.0,ondemand,1.625,1.625,instances.vantage.sh (AWS Price List mirror)
2026-07-30,AWS,us-west-2-sea-1,g4dn.2xlarge,T4,1.0,ondemand,1.015,1.015,instances.vantage.sh (AWS Price List mirror)
2026-07-30,AWS,us-west-2-wl1,g4dn.2xlarge,T4,1.0,ondemand,1.317,1.317,instances.vantage.sh (AWS Price List mirror)
2026-07-30,AWS,us-west-2-wl1-den1,g4dn.2xlarge,T4,1.0,ondemand,1.317,1.317,instances.vantage.sh (AWS Price List mirror)
2026-07-30,AWS,us-west-2-wl1-las1,g4dn.2xlarge,T4,1.0,ondemand,1.317,1.317,instances.vantage.sh (AWS Price List mirror)
2026-07-30,AWS,us-west-2-wl1-lax1,g4dn.2xlarge,T4,1.0,ondemand,1.317,1.317,instances.vantage.sh (AWS Price List mirror)
2026-07-30,AWS,us-west-2-wl1-phx1,g4dn.2xlarge,T4,1.0,ondemand,1.317,1.317,instances.vantage.sh (AWS Price List mirror)
2026-07-30,AWS,us-west-2-wl1-sea1,g4dn.2xlarge,T4,1.0,ondemand,1.317,1.317,instances.vantage.sh (AWS Price List mirror)
