snapshot_date,provider,region,sku,gpu_model,gpu_count,price_type,price_usd_hour,price_usd_per_gpu_hour,source
2026-07-13,AWS,af-south-1,g4dn.12xlarge,T4,4.0,ondemand,5.19,1.2975,instances.vantage.sh (AWS Price List mirror)
2026-07-13,AWS,af-south-1,g4dn.12xlarge,T4,4.0,spot,0.519,0.12975,instances.vantage.sh (AWS Price List mirror)
2026-07-13,AWS,af-south-1,g4dn.16xlarge,T4,1.0,ondemand,5.774,5.774,instances.vantage.sh (AWS Price List mirror)
2026-07-13,AWS,af-south-1,g4dn.16xlarge,T4,1.0,spot,0.5774,0.5774,instances.vantage.sh (AWS Price List mirror)
2026-07-13,AWS,af-south-1,g4dn.2xlarge,T4,1.0,ondemand,0.998,0.998,instances.vantage.sh (AWS Price List mirror)
2026-07-13,AWS,af-south-1,g4dn.2xlarge,T4,1.0,spot,0.15968,0.15968,instances.vantage.sh (AWS Price List mirror)
2026-07-13,AWS,af-south-1,g4dn.4xlarge,T4,1.0,ondemand,1.597,1.597,instances.vantage.sh (AWS Price List mirror)
2026-07-13,AWS,af-south-1,g4dn.4xlarge,T4,1.0,spot,0.35134,0.35134,instances.vantage.sh (AWS Price List mirror)
2026-07-13,AWS,af-south-1,g4dn.8xlarge,T4,1.0,ondemand,2.887,2.887,instances.vantage.sh (AWS Price List mirror)
2026-07-13,AWS,af-south-1,g4dn.8xlarge,T4,1.0,spot,0.31757,0.31757,instances.vantage.sh (AWS Price List mirror)
2026-07-13,AWS,af-south-1,g4dn.metal,T4,8.0,ondemand,10.381,1.297625,instances.vantage.sh (AWS Price List mirror)
2026-07-13,AWS,af-south-1,g4dn.metal,T4,8.0,spot,9.44671,1.18083875,instances.vantage.sh (AWS Price List mirror)
2026-07-13,AWS,af-south-1,g4dn.xlarge,T4,1.0,ondemand,0.698,0.698,instances.vantage.sh (AWS Price List mirror)
2026-07-13,AWS,af-south-1,g4dn.xlarge,T4,1.0,spot,0.16054,0.16054,instances.vantage.sh (AWS Price List mirror)
2026-07-13,AWS,af-south-1-los-1,g4dn.2xlarge,T4,1.0,ondemand,1.247,1.247,instances.vantage.sh (AWS Price List mirror)
2026-07-13,AWS,ap-east-1,g4dn.12xlarge,T4,4.0,ondemand,6.024,1.506,instances.vantage.sh (AWS Price List mirror)
2026-07-13,AWS,ap-east-1,g4dn.12xlarge,T4,4.0,spot,3.3132,0.8283,instances.vantage.sh (AWS Price List mirror)
2026-07-13,AWS,ap-east-1,g4dn.16xlarge,T4,1.0,ondemand,6.702,6.702,instances.vantage.sh (AWS Price List mirror)
2026-07-13,AWS,ap-east-1,g4dn.16xlarge,T4,1.0,spot,0.6702,0.6702,instances.vantage.sh (AWS Price List mirror)
2026-07-13,AWS,ap-east-1,g4dn.2xlarge,T4,1.0,ondemand,1.158,1.158,instances.vantage.sh (AWS Price List mirror)
2026-07-13,AWS,ap-east-1,g4dn.2xlarge,T4,1.0,spot,0.30108,0.30108,instances.vantage.sh (AWS Price List mirror)
2026-07-13,AWS,ap-east-1,g4dn.4xlarge,T4,1.0,ondemand,1.854,1.854,instances.vantage.sh (AWS Price List mirror)
2026-07-13,AWS,ap-east-1,g4dn.4xlarge,T4,1.0,spot,0.31518,0.31518,instances.vantage.sh (AWS Price List mirror)
2026-07-13,AWS,ap-east-1,g4dn.8xlarge,T4,1.0,ondemand,3.351,3.351,instances.vantage.sh (AWS Price List mirror)
2026-07-13,AWS,ap-east-1,g4dn.8xlarge,T4,1.0,spot,0.40212,0.40212,instances.vantage.sh (AWS Price List mirror)
2026-07-13,AWS,ap-east-1,g4dn.metal,T4,8.0,ondemand,12.048,1.506,instances.vantage.sh (AWS Price List mirror)
2026-07-13,AWS,ap-east-1,g4dn.metal,T4,8.0,spot,7.8312,0.9789,instances.vantage.sh (AWS Price List mirror)
2026-07-13,AWS,ap-east-1,g4dn.xlarge,T4,1.0,ondemand,0.81,0.81,instances.vantage.sh (AWS Price List mirror)
2026-07-13,AWS,ap-east-1,g4dn.xlarge,T4,1.0,spot,0.162,0.162,instances.vantage.sh (AWS Price List mirror)
2026-07-13,AWS,ap-east-1,g5.12xlarge,A10G,4.0,ondemand,8.7324,2.1831,instances.vantage.sh (AWS Price List mirror)
2026-07-13,AWS,ap-east-1,g5.12xlarge,A10G,4.0,spot,1.833804,0.458451,instances.vantage.sh (AWS Price List mirror)
2026-07-13,AWS,ap-east-1,g5.16xlarge,A10G,1.0,ondemand,6.30605,6.30605,instances.vantage.sh (AWS Price List mirror)
2026-07-13,AWS,ap-east-1,g5.16xlarge,A10G,1.0,spot,1.450392,1.450392,instances.vantage.sh (AWS Price List mirror)
2026-07-13,AWS,ap-east-1,g5.24xlarge,A10G,4.0,ondemand,12.5382,3.13455,instances.vantage.sh (AWS Price List mirror)
2026-07-13,AWS,ap-east-1,g5.24xlarge,A10G,4.0,spot,11.409762,2.8524405,instances.vantage.sh (AWS Price List mirror)
2026-07-13,AWS,ap-east-1,g5.2xlarge,A10G,1.0,ondemand,1.86595,1.86595,instances.vantage.sh (AWS Price List mirror)
2026-07-13,AWS,ap-east-1,g5.2xlarge,A10G,1.0,spot,0.410509,0.410509,instances.vantage.sh (AWS Price List mirror)
2026-07-13,AWS,ap-east-1,g5.48xlarge,A10G,8.0,ondemand,25.0764,3.13455,instances.vantage.sh (AWS Price List mirror)
2026-07-13,AWS,ap-east-1,g5.48xlarge,A10G,8.0,spot,12.5382,1.567275,instances.vantage.sh (AWS Price List mirror)
2026-07-13,AWS,ap-east-1,g5.4xlarge,A10G,1.0,ondemand,2.50025,2.50025,instances.vantage.sh (AWS Price List mirror)
2026-07-13,AWS,ap-east-1,g5.4xlarge,A10G,1.0,spot,2.10021,2.10021,instances.vantage.sh (AWS Price List mirror)
2026-07-13,AWS,ap-east-1,g5.8xlarge,A10G,1.0,ondemand,3.76885,3.76885,instances.vantage.sh (AWS Price List mirror)
2026-07-13,AWS,ap-east-1,g5.8xlarge,A10G,1.0,spot,1.055278,1.055278,instances.vantage.sh (AWS Price List mirror)
2026-07-13,AWS,ap-east-1,g5.xlarge,A10G,1.0,ondemand,1.5488,1.5488,instances.vantage.sh (AWS Price List mirror)
2026-07-13,AWS,ap-east-1,g5.xlarge,A10G,1.0,spot,0.3872,0.3872,instances.vantage.sh (AWS Price List mirror)
2026-07-13,AWS,ap-northeast-1,g2.2xlarge,K520,1.0,ondemand,0.898,0.898,instances.vantage.sh (AWS Price List mirror)
2026-07-13,AWS,ap-northeast-1,g2.8xlarge,K520,4.0,ondemand,3.592,0.898,instances.vantage.sh (AWS Price List mirror)
2026-07-13,AWS,ap-northeast-1,g3.16xlarge,M60,4.0,ondemand,6.32,1.58,instances.vantage.sh (AWS Price List mirror)
2026-07-13,AWS,ap-northeast-1,g3.4xlarge,M60,1.0,ondemand,1.58,1.58,instances.vantage.sh (AWS Price List mirror)
2026-07-13,AWS,ap-northeast-1,g3.8xlarge,M60,2.0,ondemand,3.16,1.58,instances.vantage.sh (AWS Price List mirror)
2026-07-13,AWS,ap-northeast-1,g3s.xlarge,M60,1.0,ondemand,1.04,1.04,instances.vantage.sh (AWS Price List mirror)
2026-07-13,AWS,ap-northeast-1,g4ad.16xlarge,V520,4.0,ondemand,4.68,1.17,instances.vantage.sh (AWS Price List mirror)
2026-07-13,AWS,ap-northeast-1,g4ad.16xlarge,V520,4.0,spot,2.418033,0.60450825,instances.vantage.sh (AWS Price List mirror)
2026-07-13,AWS,ap-northeast-1,g4ad.2xlarge,V520,1.0,ondemand,0.7303,0.7303,instances.vantage.sh (AWS Price List mirror)
2026-07-13,AWS,ap-northeast-1,g4ad.2xlarge,V520,1.0,spot,0.3808,0.3808,instances.vantage.sh (AWS Price List mirror)
2026-07-13,AWS,ap-northeast-1,g4ad.4xlarge,V520,1.0,ondemand,1.17,1.17,instances.vantage.sh (AWS Price List mirror)
2026-07-13,AWS,ap-northeast-1,g4ad.4xlarge,V520,1.0,spot,0.647833,0.647833,instances.vantage.sh (AWS Price List mirror)
2026-07-13,AWS,ap-northeast-1,g4ad.8xlarge,V520,2.0,ondemand,2.34,1.17,instances.vantage.sh (AWS Price List mirror)
2026-07-13,AWS,ap-northeast-1,g4ad.8xlarge,V520,2.0,spot,0.648567,0.3242835,instances.vantage.sh (AWS Price List mirror)
2026-07-13,AWS,ap-northeast-1,g4ad.xlarge,V520,1.0,ondemand,0.51082,0.51082,instances.vantage.sh (AWS Price List mirror)
2026-07-13,AWS,ap-northeast-1,g4ad.xlarge,V520,1.0,spot,0.253233,0.253233,instances.vantage.sh (AWS Price List mirror)
2026-07-13,AWS,ap-northeast-1,g4dn.12xlarge,T4,4.0,ondemand,5.281,1.32025,instances.vantage.sh (AWS Price List mirror)
2026-07-13,AWS,ap-northeast-1,g4dn.12xlarge,T4,4.0,spot,2.661833,0.66545825,instances.vantage.sh (AWS Price List mirror)
2026-07-13,AWS,ap-northeast-1,g4dn.16xlarge,T4,1.0,ondemand,5.875,5.875,instances.vantage.sh (AWS Price List mirror)
2026-07-13,AWS,ap-northeast-1,g4dn.16xlarge,T4,1.0,spot,1.175767,1.175767,instances.vantage.sh (AWS Price List mirror)
2026-07-13,AWS,ap-northeast-1,g4dn.2xlarge,T4,1.0,ondemand,1.015,1.015,instances.vantage.sh (AWS Price List mirror)
2026-07-13,AWS,ap-northeast-1,g4dn.2xlarge,T4,1.0,spot,0.4521,0.4521,instances.vantage.sh (AWS Price List mirror)
2026-07-13,AWS,ap-northeast-1,g4dn.4xlarge,T4,1.0,ondemand,1.625,1.625,instances.vantage.sh (AWS Price List mirror)
2026-07-13,AWS,ap-northeast-1,g4dn.4xlarge,T4,1.0,spot,0.589933,0.589933,instances.vantage.sh (AWS Price List mirror)
2026-07-13,AWS,ap-northeast-1,g4dn.8xlarge,T4,1.0,ondemand,2.938,2.938,instances.vantage.sh (AWS Price List mirror)
2026-07-13,AWS,ap-northeast-1,g4dn.8xlarge,T4,1.0,spot,0.978433,0.978433,instances.vantage.sh (AWS Price List mirror)
2026-07-13,AWS,ap-northeast-1,g4dn.metal,T4,8.0,ondemand,10.562,1.32025,instances.vantage.sh (AWS Price List mirror)
2026-07-13,AWS,ap-northeast-1,g4dn.metal,T4,8.0,spot,4.2599,0.5324875,instances.vantage.sh (AWS Price List mirror)
2026-07-13,AWS,ap-northeast-1,g4dn.xlarge,T4,1.0,ondemand,0.71,0.71,instances.vantage.sh (AWS Price List mirror)
2026-07-13,AWS,ap-northeast-1,g4dn.xlarge,T4,1.0,spot,0.283933,0.283933,instances.vantage.sh (AWS Price List mirror)
2026-07-13,AWS,ap-northeast-1,g5.12xlarge,A10G,4.0,ondemand,8.22609,2.0565225,instances.vantage.sh (AWS Price List mirror)
2026-07-13,AWS,ap-northeast-1,g5.12xlarge,A10G,4.0,spot,7.19975,1.7999375,instances.vantage.sh (AWS Price List mirror)
2026-07-13,AWS,ap-northeast-1,g5.16xlarge,A10G,1.0,ondemand,5.94042,5.94042,instances.vantage.sh (AWS Price List mirror)
2026-07-13,AWS,ap-northeast-1,g5.16xlarge,A10G,1.0,spot,1.2021,1.2021,instances.vantage.sh (AWS Price List mirror)
2026-07-13,AWS,ap-northeast-1,g5.24xlarge,A10G,4.0,ondemand,11.81123,2.9528075,instances.vantage.sh (AWS Price List mirror)
2026-07-13,AWS,ap-northeast-1,g5.24xlarge,A10G,4.0,spot,11.8112,2.9528,instances.vantage.sh (AWS Price List mirror)
2026-07-13,AWS,ap-northeast-1,g5.2xlarge,A10G,1.0,ondemand,1.75776,1.75776,instances.vantage.sh (AWS Price List mirror)
2026-07-13,AWS,ap-northeast-1,g5.2xlarge,A10G,1.0,spot,0.78605,0.78605,instances.vantage.sh (AWS Price List mirror)
2026-07-13,AWS,ap-northeast-1,g5.48xlarge,A10G,8.0,ondemand,23.62246,2.9528075,instances.vantage.sh (AWS Price List mirror)
2026-07-13,AWS,ap-northeast-1,g5.48xlarge,A10G,8.0,spot,23.6225,2.9528125,instances.vantage.sh (AWS Price List mirror)
2026-07-13,AWS,ap-northeast-1,g5.4xlarge,A10G,1.0,ondemand,2.35528,2.35528,instances.vantage.sh (AWS Price List mirror)
2026-07-13,AWS,ap-northeast-1,g5.4xlarge,A10G,1.0,spot,1.0259,1.0259,instances.vantage.sh (AWS Price List mirror)
2026-07-13,AWS,ap-northeast-1,g5.8xlarge,A10G,1.0,ondemand,3.55033,3.55033,instances.vantage.sh (AWS Price List mirror)
2026-07-13,AWS,ap-northeast-1,g5.8xlarge,A10G,1.0,spot,1.5272,1.5272,instances.vantage.sh (AWS Price List mirror)
2026-07-13,AWS,ap-northeast-1,g5.xlarge,A10G,1.0,ondemand,1.459,1.459,instances.vantage.sh (AWS Price List mirror)
2026-07-13,AWS,ap-northeast-1,g5.xlarge,A10G,1.0,spot,0.95765,0.95765,instances.vantage.sh (AWS Price List mirror)
2026-07-13,AWS,ap-northeast-1,g5g.16xlarge,T4G,2.0,ondemand,3.7039,1.85195,instances.vantage.sh (AWS Price List mirror)
2026-07-13,AWS,ap-northeast-1,g5g.16xlarge,T4G,2.0,spot,0.6211,0.31055,instances.vantage.sh (AWS Price List mirror)
2026-07-13,AWS,ap-northeast-1,g5g.2xlarge,T4G,1.0,ondemand,0.7505,0.7505,instances.vantage.sh (AWS Price List mirror)
2026-07-13,AWS,ap-northeast-1,g5g.2xlarge,T4G,1.0,spot,0.17455,0.17455,instances.vantage.sh (AWS Price List mirror)
2026-07-13,AWS,ap-northeast-1,g5g.4xlarge,T4G,1.0,ondemand,1.1176,1.1176,instances.vantage.sh (AWS Price List mirror)
2026-07-13,AWS,ap-northeast-1,g5g.4xlarge,T4G,1.0,spot,0.2401,0.2401,instances.vantage.sh (AWS Price List mirror)
2026-07-13,AWS,ap-northeast-1,g5g.8xlarge,T4G,1.0,ondemand,1.8519,1.8519,instances.vantage.sh (AWS Price List mirror)
2026-07-13,AWS,ap-northeast-1,g5g.8xlarge,T4G,1.0,spot,0.3132,0.3132,instances.vantage.sh (AWS Price List mirror)
2026-07-13,AWS,ap-northeast-1,g5g.metal,T4G,2.0,ondemand,3.7039,1.85195,instances.vantage.sh (AWS Price List mirror)
2026-07-13,AWS,ap-northeast-1,g5g.metal,T4G,2.0,spot,0.49565,0.247825,instances.vantage.sh (AWS Price List mirror)
2026-07-13,AWS,ap-northeast-1,g5g.xlarge,T4G,1.0,ondemand,0.5669,0.5669,instances.vantage.sh (AWS Price List mirror)
2026-07-13,AWS,ap-northeast-1,g5g.xlarge,T4G,1.0,spot,0.10215,0.10215,instances.vantage.sh (AWS Price List mirror)
2026-07-13,AWS,ap-northeast-1,g6.12xlarge,L4,4.0,ondemand,6.67369,1.6684225,instances.vantage.sh (AWS Price List mirror)
2026-07-13,AWS,ap-northeast-1,g6.12xlarge,L4,4.0,spot,2.4024,0.6006,instances.vantage.sh (AWS Price List mirror)
2026-07-13,AWS,ap-northeast-1,g6.16xlarge,L4,1.0,ondemand,4.92637,4.92637,instances.vantage.sh (AWS Price List mirror)
2026-07-13,AWS,ap-northeast-1,g6.16xlarge,L4,1.0,spot,1.8007,1.8007,instances.vantage.sh (AWS Price List mirror)
2026-07-13,AWS,ap-northeast-1,g6.24xlarge,L4,4.0,ondemand,9.68103,2.4202575,instances.vantage.sh (AWS Price List mirror)
2026-07-13,AWS,ap-northeast-1,g6.24xlarge,L4,4.0,spot,2.78955,0.6973875,instances.vantage.sh (AWS Price List mirror)
2026-07-13,AWS,ap-northeast-1,g6.2xlarge,L4,1.0,ondemand,1.41781,1.41781,instances.vantage.sh (AWS Price List mirror)
2026-07-13,AWS,ap-northeast-1,g6.2xlarge,L4,1.0,spot,0.5719,0.5719,instances.vantage.sh (AWS Price List mirror)
2026-07-13,AWS,ap-northeast-1,g6.48xlarge,L4,8.0,ondemand,19.36206,2.4202575,instances.vantage.sh (AWS Price List mirror)
2026-07-13,AWS,ap-northeast-1,g6.48xlarge,L4,8.0,spot,4.5197,0.5649625,instances.vantage.sh (AWS Price List mirror)
2026-07-13,AWS,ap-northeast-1,g6.4xlarge,L4,1.0,ondemand,1.91903,1.91903,instances.vantage.sh (AWS Price List mirror)
2026-07-13,AWS,ap-northeast-1,g6.4xlarge,L4,1.0,spot,0.67275,0.67275,instances.vantage.sh (AWS Price List mirror)
2026-07-13,AWS,ap-northeast-1,g6.8xlarge,L4,1.0,ondemand,2.92148,2.92148,instances.vantage.sh (AWS Price List mirror)
2026-07-13,AWS,ap-northeast-1,g6.8xlarge,L4,1.0,spot,1.10785,1.10785,instances.vantage.sh (AWS Price List mirror)
2026-07-13,AWS,ap-northeast-1,g6.xlarge,L4,1.0,ondemand,1.1672,1.1672,instances.vantage.sh (AWS Price List mirror)
2026-07-13,AWS,ap-northeast-1,g6.xlarge,L4,1.0,spot,0.55125,0.55125,instances.vantage.sh (AWS Price List mirror)
2026-07-13,AWS,ap-northeast-1,g6e.12xlarge,L40S,4.0,ondemand,15.21742,3.804355,instances.vantage.sh (AWS Price List mirror)
2026-07-13,AWS,ap-northeast-1,g6e.12xlarge,L40S,4.0,spot,5.3469,1.336725,instances.vantage.sh (AWS Price List mirror)
2026-07-13,AWS,ap-northeast-1,g6e.16xlarge,L40S,1.0,ondemand,10.98917,10.98917,instances.vantage.sh (AWS Price List mirror)
2026-07-13,AWS,ap-northeast-1,g6e.16xlarge,L40S,1.0,spot,2.00005,2.00005,instances.vantage.sh (AWS Price List mirror)
2026-07-13,AWS,ap-northeast-1,g6e.24xlarge,L40S,4.0,ondemand,21.84956,5.46239,instances.vantage.sh (AWS Price List mirror)
2026-07-13,AWS,ap-northeast-1,g6e.24xlarge,L40S,4.0,spot,3.98835,0.9970875,instances.vantage.sh (AWS Price List mirror)
2026-07-13,AWS,ap-northeast-1,g6e.2xlarge,L40S,1.0,ondemand,3.25168,3.25168,instances.vantage.sh (AWS Price List mirror)
2026-07-13,AWS,ap-northeast-1,g6e.2xlarge,L40S,1.0,spot,1.09035,1.09035,instances.vantage.sh (AWS Price List mirror)
2026-07-13,AWS,ap-northeast-1,g6e.48xlarge,L40S,8.0,ondemand,43.69912,5.46239,instances.vantage.sh (AWS Price List mirror)
2026-07-13,AWS,ap-northeast-1,g6e.48xlarge,L40S,8.0,spot,9.53495,1.19186875,instances.vantage.sh (AWS Price List mirror)
2026-07-13,AWS,ap-northeast-1,g6e.4xlarge,L40S,1.0,ondemand,4.35703,4.35703,instances.vantage.sh (AWS Price List mirror)
2026-07-13,AWS,ap-northeast-1,g6e.4xlarge,L40S,1.0,spot,1.5575,1.5575,instances.vantage.sh (AWS Price List mirror)
2026-07-13,AWS,ap-northeast-1,g6e.8xlarge,L40S,1.0,ondemand,6.56775,6.56775,instances.vantage.sh (AWS Price List mirror)
2026-07-13,AWS,ap-northeast-1,g6e.8xlarge,L40S,1.0,spot,2.23305,2.23305,instances.vantage.sh (AWS Price List mirror)
2026-07-13,AWS,ap-northeast-1,g6e.xlarge,L40S,1.0,ondemand,2.699,2.699,instances.vantage.sh (AWS Price List mirror)
2026-07-13,AWS,ap-northeast-1,g6e.xlarge,L40S,1.0,spot,0.98325,0.98325,instances.vantage.sh (AWS Price List mirror)
2026-07-13,AWS,ap-northeast-1,g6f.2xlarge,L4,0.25,ondemand,0.68888,2.75552,instances.vantage.sh (AWS Price List mirror)
2026-07-13,AWS,ap-northeast-1,g6f.2xlarge,L4,0.25,spot,0.2313,0.9252,instances.vantage.sh (AWS Price List mirror)
2026-07-13,AWS,ap-northeast-1,g6f.4xlarge,L4,0.5,ondemand,1.37776,2.75552,instances.vantage.sh (AWS Price List mirror)
2026-07-13,AWS,ap-northeast-1,g6f.4xlarge,L4,0.5,spot,0.43405,0.8681,instances.vantage.sh (AWS Price List mirror)
2026-07-13,AWS,ap-northeast-1,g6f.large,L4,0.125,ondemand,0.29296,2.34368,instances.vantage.sh (AWS Price List mirror)
2026-07-13,AWS,ap-northeast-1,g6f.large,L4,0.125,spot,0.06195,0.4956,instances.vantage.sh (AWS Price List mirror)
2026-07-13,AWS,ap-northeast-1,g6f.xlarge,L4,0.125,ondemand,0.34444,2.75552,instances.vantage.sh (AWS Price List mirror)
2026-07-13,AWS,ap-northeast-1,g6f.xlarge,L4,0.125,spot,0.0956,0.7648,instances.vantage.sh (AWS Price List mirror)
2026-07-13,AWS,ap-northeast-1,g7e.12xlarge,NVIDIA GB202,2.0,ondemand,12.01727,6.008635,instances.vantage.sh (AWS Price List mirror)
2026-07-13,AWS,ap-northeast-1,g7e.12xlarge,NVIDIA GB202,2.0,spot,3.92245,1.961225,instances.vantage.sh (AWS Price List mirror)
2026-07-13,AWS,ap-northeast-1,g7e.24xlarge,NVIDIA GB202,4.0,ondemand,24.03454,6.008635,instances.vantage.sh (AWS Price List mirror)
2026-07-13,AWS,ap-northeast-1,g7e.24xlarge,NVIDIA GB202,4.0,spot,8.6143,2.153575,instances.vantage.sh (AWS Price List mirror)
2026-07-13,AWS,ap-northeast-1,g7e.2xlarge,NVIDIA GB202,1.0,ondemand,4.87752,4.87752,instances.vantage.sh (AWS Price List mirror)
2026-07-13,AWS,ap-northeast-1,g7e.2xlarge,NVIDIA GB202,1.0,spot,1.66615,1.66615,instances.vantage.sh (AWS Price List mirror)
2026-07-13,AWS,ap-northeast-1,g7e.48xlarge,NVIDIA GB202,8.0,ondemand,48.06908,6.008635,instances.vantage.sh (AWS Price List mirror)
2026-07-13,AWS,ap-northeast-1,g7e.48xlarge,NVIDIA GB202,8.0,spot,14.8791,1.8598875,instances.vantage.sh (AWS Price List mirror)
2026-07-13,AWS,ap-northeast-1,g7e.4xlarge,NVIDIA GB202,1.0,ondemand,5.79852,5.79852,instances.vantage.sh (AWS Price List mirror)
2026-07-13,AWS,ap-northeast-1,g7e.4xlarge,NVIDIA GB202,1.0,spot,2.2215,2.2215,instances.vantage.sh (AWS Price List mirror)
2026-07-13,AWS,ap-northeast-1,g7e.8xlarge,NVIDIA GB202,1.0,ondemand,7.64051,7.64051,instances.vantage.sh (AWS Price List mirror)
2026-07-13,AWS,ap-northeast-1,g7e.8xlarge,NVIDIA GB202,1.0,spot,2.3983,2.3983,instances.vantage.sh (AWS Price List mirror)
2026-07-13,AWS,ap-northeast-1,gr6.4xlarge,L4,1.0,ondemand,2.2323,2.2323,instances.vantage.sh (AWS Price List mirror)
2026-07-13,AWS,ap-northeast-1,gr6.4xlarge,L4,1.0,spot,0.4629,0.4629,instances.vantage.sh (AWS Price List mirror)
2026-07-13,AWS,ap-northeast-1,gr6.8xlarge,L4,1.0,ondemand,3.54801,3.54801,instances.vantage.sh (AWS Price List mirror)
2026-07-13,AWS,ap-northeast-1,gr6.8xlarge,L4,1.0,spot,0.6744,0.6744,instances.vantage.sh (AWS Price List mirror)
2026-07-13,AWS,ap-northeast-1,gr6f.4xlarge,L4,0.5,ondemand,1.54602,3.09204,instances.vantage.sh (AWS Price List mirror)
2026-07-13,AWS,ap-northeast-1,gr6f.4xlarge,L4,0.5,spot,0.4922,0.9844,instances.vantage.sh (AWS Price List mirror)
2026-07-13,AWS,ap-northeast-1,p2.16xlarge,K80,16.0,ondemand,24.672,1.542,instances.vantage.sh (AWS Price List mirror)
2026-07-13,AWS,ap-northeast-1,p2.8xlarge,K80,8.0,ondemand,12.336,1.542,instances.vantage.sh (AWS Price List mirror)
2026-07-13,AWS,ap-northeast-1,p2.xlarge,K80,1.0,ondemand,1.542,1.542,instances.vantage.sh (AWS Price List mirror)
2026-07-13,AWS,ap-northeast-1,p3.16xlarge,V100,8.0,ondemand,33.552,4.194,instances.vantage.sh (AWS Price List mirror)
2026-07-13,AWS,ap-northeast-1,p3.16xlarge,V100,8.0,spot,33.552,4.194,instances.vantage.sh (AWS Price List mirror)
2026-07-13,AWS,ap-northeast-1,p3.2xlarge,V100,1.0,ondemand,4.194,4.194,instances.vantage.sh (AWS Price List mirror)
2026-07-13,AWS,ap-northeast-1,p3.2xlarge,V100,1.0,spot,4.194,4.194,instances.vantage.sh (AWS Price List mirror)
2026-07-13,AWS,ap-northeast-1,p3.8xlarge,V100,4.0,ondemand,16.776,4.194,instances.vantage.sh (AWS Price List mirror)
2026-07-13,AWS,ap-northeast-1,p3.8xlarge,V100,4.0,spot,5.8716,1.4679,instances.vantage.sh (AWS Price List mirror)
2026-07-13,AWS,ap-northeast-1,p3dn.24xlarge,V100,8.0,ondemand,42.783,5.347875,instances.vantage.sh (AWS Price List mirror)
2026-07-13,AWS,ap-northeast-1,p3dn.24xlarge,V100,8.0,spot,33.771,4.221375,instances.vantage.sh (AWS Price List mirror)
2026-07-13,AWS,ap-northeast-1,p4d.24xlarge,A100,8.0,ondemand,30.09784,3.76223,instances.vantage.sh (AWS Price List mirror)
2026-07-13,AWS,ap-northeast-1,p4d.24xlarge,A100,8.0,spot,21.3011,2.6626375,instances.vantage.sh (AWS Price List mirror)
2026-07-13,AWS,ap-northeast-1,p4de.24xlarge,A100,8.0,ondemand,37.6223,4.7027875,instances.vantage.sh (AWS Price List mirror)
2026-07-13,AWS,ap-northeast-1,p4de.24xlarge,A100,8.0,spot,22.442,2.80525,instances.vantage.sh (AWS Price List mirror)
2026-07-13,AWS,ap-northeast-1,p5.48xlarge,H100,8.0,ondemand,68.8,8.6,instances.vantage.sh (AWS Price List mirror)
2026-07-13,AWS,ap-northeast-1,p5.48xlarge,H100,8.0,spot,43.4309,5.4288625,instances.vantage.sh (AWS Price List mirror)
2026-07-13,AWS,ap-northeast-1,p5.4xlarge,H100,1.0,ondemand,8.6,8.6,instances.vantage.sh (AWS Price List mirror)
2026-07-13,AWS,ap-northeast-1,p5.4xlarge,H100,1.0,spot,8.6,8.6,instances.vantage.sh (AWS Price List mirror)
2026-07-13,AWS,ap-northeast-1,p5en.48xlarge,H200,8.0,ondemand,79.12,9.89,instances.vantage.sh (AWS Price List mirror)
2026-07-13,AWS,ap-northeast-1,p5en.48xlarge,H200,8.0,spot,49.7741,6.2217625,instances.vantage.sh (AWS Price List mirror)
2026-07-13,AWS,ap-northeast-1-tpe-1,g4dn.2xlarge,T4,1.0,ondemand,1.371,1.371,instances.vantage.sh (AWS Price List mirror)
2026-07-13,AWS,ap-northeast-1-wl1-kix1,g4dn.2xlarge,T4,1.0,ondemand,1.777,1.777,instances.vantage.sh (AWS Price List mirror)
2026-07-13,AWS,ap-northeast-1-wl1-nrt1,g4dn.2xlarge,T4,1.0,ondemand,1.777,1.777,instances.vantage.sh (AWS Price List mirror)
2026-07-13,AWS,ap-northeast-2,g2.2xlarge,K520,1.0,ondemand,0.898,0.898,instances.vantage.sh (AWS Price List mirror)
2026-07-13,AWS,ap-northeast-2,g2.8xlarge,K520,4.0,ondemand,3.592,0.898,instances.vantage.sh (AWS Price List mirror)
2026-07-13,AWS,ap-northeast-2,g3.16xlarge,M60,4.0,ondemand,5.68,1.42,instances.vantage.sh (AWS Price List mirror)
2026-07-13,AWS,ap-northeast-2,g3.4xlarge,M60,1.0,ondemand,1.42,1.42,instances.vantage.sh (AWS Price List mirror)
2026-07-13,AWS,ap-northeast-2,g3.8xlarge,M60,2.0,ondemand,2.84,1.42,instances.vantage.sh (AWS Price List mirror)
2026-07-13,AWS,ap-northeast-2,g3s.xlarge,M60,1.0,ondemand,0.934,0.934,instances.vantage.sh (AWS Price List mirror)
2026-07-13,AWS,ap-northeast-2,g4dn.12xlarge,T4,4.0,ondemand,4.812,1.203,instances.vantage.sh (AWS Price List mirror)
2026-07-13,AWS,ap-northeast-2,g4dn.12xlarge,T4,4.0,spot,2.498033,0.62450825,instances.vantage.sh (AWS Price List mirror)
2026-07-13,AWS,ap-northeast-2,g4dn.16xlarge,T4,1.0,ondemand,5.353,5.353,instances.vantage.sh (AWS Price List mirror)
2026-07-13,AWS,ap-northeast-2,g4dn.16xlarge,T4,1.0,spot,1.0226,1.0226,instances.vantage.sh (AWS Price List mirror)
2026-07-13,AWS,ap-northeast-2,g4dn.2xlarge,T4,1.0,ondemand,0.925,0.925,instances.vantage.sh (AWS Price List mirror)
2026-07-13,AWS,ap-northeast-2,g4dn.2xlarge,T4,1.0,spot,0.291267,0.291267,instances.vantage.sh (AWS Price List mirror)
2026-07-13,AWS,ap-northeast-2,g4dn.4xlarge,T4,1.0,ondemand,1.481,1.481,instances.vantage.sh (AWS Price List mirror)
2026-07-13,AWS,ap-northeast-2,g4dn.4xlarge,T4,1.0,spot,0.492033,0.492033,instances.vantage.sh (AWS Price List mirror)
2026-07-13,AWS,ap-northeast-2,g4dn.8xlarge,T4,1.0,ondemand,2.677,2.677,instances.vantage.sh (AWS Price List mirror)
2026-07-13,AWS,ap-northeast-2,g4dn.8xlarge,T4,1.0,spot,0.4779,0.4779,instances.vantage.sh (AWS Price List mirror)
2026-07-13,AWS,ap-northeast-2,g4dn.metal,T4,8.0,ondemand,9.624,1.203,instances.vantage.sh (AWS Price List mirror)
2026-07-13,AWS,ap-northeast-2,g4dn.metal,T4,8.0,spot,4.3875,0.5484375,instances.vantage.sh (AWS Price List mirror)
2026-07-13,AWS,ap-northeast-2,g4dn.xlarge,T4,1.0,ondemand,0.647,0.647,instances.vantage.sh (AWS Price List mirror)
2026-07-13,AWS,ap-northeast-2,g4dn.xlarge,T4,1.0,spot,0.249433,0.249433,instances.vantage.sh (AWS Price List mirror)
2026-07-13,AWS,ap-northeast-2,g5.12xlarge,A10G,4.0,ondemand,6.97442,1.743605,instances.vantage.sh (AWS Price List mirror)
2026-07-13,AWS,ap-northeast-2,g5.12xlarge,A10G,4.0,spot,3.058567,0.76464175,instances.vantage.sh (AWS Price List mirror)
2026-07-13,AWS,ap-northeast-2,g5.16xlarge,A10G,1.0,ondemand,5.03653,5.03653,instances.vantage.sh (AWS Price List mirror)
2026-07-13,AWS,ap-northeast-2,g5.16xlarge,A10G,1.0,spot,1.4009,1.4009,instances.vantage.sh (AWS Price List mirror)
2026-07-13,AWS,ap-northeast-2,g5.24xlarge,A10G,4.0,ondemand,10.01404,2.50351,instances.vantage.sh (AWS Price List mirror)
2026-07-13,AWS,ap-northeast-2,g5.24xlarge,A10G,4.0,spot,3.802433,0.95060825,instances.vantage.sh (AWS Price List mirror)
2026-07-13,AWS,ap-northeast-2,g5.2xlarge,A10G,1.0,ondemand,1.4903,1.4903,instances.vantage.sh (AWS Price List mirror)
2026-07-13,AWS,ap-northeast-2,g5.2xlarge,A10G,1.0,spot,0.447367,0.447367,instances.vantage.sh (AWS Price List mirror)
2026-07-13,AWS,ap-northeast-2,g5.48xlarge,A10G,8.0,ondemand,20.02809,2.50351125,instances.vantage.sh (AWS Price List mirror)
2026-07-13,AWS,ap-northeast-2,g5.48xlarge,A10G,8.0,spot,8.494933,1.061866625,instances.vantage.sh (AWS Price List mirror)
2026-07-13,AWS,ap-northeast-2,g5.4xlarge,A10G,1.0,ondemand,1.99691,1.99691,instances.vantage.sh (AWS Price List mirror)
2026-07-13,AWS,ap-northeast-2,g5.4xlarge,A10G,1.0,spot,0.660133,0.660133,instances.vantage.sh (AWS Price List mirror)
2026-07-13,AWS,ap-northeast-2,g5.8xlarge,A10G,1.0,ondemand,3.01012,3.01012,instances.vantage.sh (AWS Price List mirror)
2026-07-13,AWS,ap-northeast-2,g5.8xlarge,A10G,1.0,spot,0.9376,0.9376,instances.vantage.sh (AWS Price List mirror)
2026-07-13,AWS,ap-northeast-2,g5.xlarge,A10G,1.0,ondemand,1.237,1.237,instances.vantage.sh (AWS Price List mirror)
2026-07-13,AWS,ap-northeast-2,g5.xlarge,A10G,1.0,spot,0.454467,0.454467,instances.vantage.sh (AWS Price List mirror)
2026-07-13,AWS,ap-northeast-2,g5g.16xlarge,T4G,2.0,ondemand,3.3752,1.6876,instances.vantage.sh (AWS Price List mirror)
2026-07-13,AWS,ap-northeast-2,g5g.16xlarge,T4G,2.0,spot,0.3546,0.1773,instances.vantage.sh (AWS Price List mirror)
2026-07-13,AWS,ap-northeast-2,g5g.2xlarge,T4G,1.0,ondemand,0.6839,0.6839,instances.vantage.sh (AWS Price List mirror)
2026-07-13,AWS,ap-northeast-2,g5g.2xlarge,T4G,1.0,spot,0.1806,0.1806,instances.vantage.sh (AWS Price List mirror)
2026-07-13,AWS,ap-northeast-2,g5g.4xlarge,T4G,1.0,ondemand,1.0185,1.0185,instances.vantage.sh (AWS Price List mirror)
2026-07-13,AWS,ap-northeast-2,g5g.4xlarge,T4G,1.0,spot,0.16885,0.16885,instances.vantage.sh (AWS Price List mirror)
2026-07-13,AWS,ap-northeast-2,g5g.8xlarge,T4G,1.0,ondemand,1.6876,1.6876,instances.vantage.sh (AWS Price List mirror)
2026-07-13,AWS,ap-northeast-2,g5g.8xlarge,T4G,1.0,spot,0.2154,0.2154,instances.vantage.sh (AWS Price List mirror)
2026-07-13,AWS,ap-northeast-2,g5g.metal,T4G,2.0,ondemand,3.3752,1.6876,instances.vantage.sh (AWS Price List mirror)
2026-07-13,AWS,ap-northeast-2,g5g.metal,T4G,2.0,spot,0.3979,0.19895,instances.vantage.sh (AWS Price List mirror)
2026-07-13,AWS,ap-northeast-2,g5g.xlarge,T4G,1.0,ondemand,0.5166,0.5166,instances.vantage.sh (AWS Price List mirror)
2026-07-13,AWS,ap-northeast-2,g5g.xlarge,T4G,1.0,spot,0.0872,0.0872,instances.vantage.sh (AWS Price List mirror)
2026-07-13,AWS,ap-northeast-2,g6.12xlarge,L4,4.0,ondemand,5.65823,1.4145575,instances.vantage.sh (AWS Price List mirror)
2026-07-13,AWS,ap-northeast-2,g6.12xlarge,L4,4.0,spot,1.3455,0.336375,instances.vantage.sh (AWS Price List mirror)
2026-07-13,AWS,ap-northeast-2,g6.16xlarge,L4,1.0,ondemand,4.17678,4.17678,instances.vantage.sh (AWS Price List mirror)
2026-07-13,AWS,ap-northeast-2,g6.16xlarge,L4,1.0,spot,1.1881,1.1881,instances.vantage.sh (AWS Price List mirror)
2026-07-13,AWS,ap-northeast-2,g6.24xlarge,L4,4.0,ondemand,8.20797,2.0519925,instances.vantage.sh (AWS Price List mirror)
2026-07-13,AWS,ap-northeast-2,g6.24xlarge,L4,4.0,spot,2.056,0.514,instances.vantage.sh (AWS Price List mirror)
2026-07-13,AWS,ap-northeast-2,g6.2xlarge,L4,1.0,ondemand,1.20208,1.20208,instances.vantage.sh (AWS Price List mirror)
2026-07-13,AWS,ap-northeast-2,g6.2xlarge,L4,1.0,spot,0.382767,0.382767,instances.vantage.sh (AWS Price List mirror)
2026-07-13,AWS,ap-northeast-2,g6.48xlarge,L4,8.0,ondemand,16.41595,2.05199375,instances.vantage.sh (AWS Price List mirror)
2026-07-13,AWS,ap-northeast-2,g6.48xlarge,L4,8.0,spot,3.8894,0.486175,instances.vantage.sh (AWS Price List mirror)
2026-07-13,AWS,ap-northeast-2,g6.4xlarge,L4,1.0,ondemand,1.62704,1.62704,instances.vantage.sh (AWS Price List mirror)
2026-07-13,AWS,ap-northeast-2,g6.4xlarge,L4,1.0,spot,0.457767,0.457767,instances.vantage.sh (AWS Price List mirror)
2026-07-13,AWS,ap-northeast-2,g6.8xlarge,L4,1.0,ondemand,2.47695,2.47695,instances.vantage.sh (AWS Price List mirror)
2026-07-13,AWS,ap-northeast-2,g6.8xlarge,L4,1.0,spot,0.436633,0.436633,instances.vantage.sh (AWS Price List mirror)
2026-07-13,AWS,ap-northeast-2,g6.xlarge,L4,1.0,ondemand,0.9896,0.9896,instances.vantage.sh (AWS Price List mirror)
2026-07-13,AWS,ap-northeast-2,g6.xlarge,L4,1.0,spot,0.316367,0.316367,instances.vantage.sh (AWS Price List mirror)
2026-07-13,AWS,ap-northeast-2,g6e.12xlarge,L40S,4.0,ondemand,12.90014,3.225035,instances.vantage.sh (AWS Price List mirror)
2026-07-13,AWS,ap-northeast-2,g6e.12xlarge,L40S,4.0,spot,2.5521,0.638025,instances.vantage.sh (AWS Price List mirror)
2026-07-13,AWS,ap-northeast-2,g6e.16xlarge,L40S,1.0,ondemand,9.31575,9.31575,instances.vantage.sh (AWS Price List mirror)
2026-07-13,AWS,ap-northeast-2,g6e.16xlarge,L40S,1.0,spot,1.30605,1.30605,instances.vantage.sh (AWS Price List mirror)
2026-07-13,AWS,ap-northeast-2,g6e.24xlarge,L40S,4.0,ondemand,18.52234,4.630585,instances.vantage.sh (AWS Price List mirror)
2026-07-13,AWS,ap-northeast-2,g6e.24xlarge,L40S,4.0,spot,2.5961,0.649025,instances.vantage.sh (AWS Price List mirror)
2026-07-13,AWS,ap-northeast-2,g6e.2xlarge,L40S,1.0,ondemand,2.75652,2.75652,instances.vantage.sh (AWS Price List mirror)
2026-07-13,AWS,ap-northeast-2,g6e.2xlarge,L40S,1.0,spot,0.88805,0.88805,instances.vantage.sh (AWS Price List mirror)
2026-07-13,AWS,ap-northeast-2,g6e.48xlarge,L40S,8.0,ondemand,37.04468,4.630585,instances.vantage.sh (AWS Price List mirror)
2026-07-13,AWS,ap-northeast-2,g6e.48xlarge,L40S,8.0,spot,5.8681,0.7335125,instances.vantage.sh (AWS Price List mirror)
2026-07-13,AWS,ap-northeast-2,g6e.4xlarge,L40S,1.0,ondemand,3.69355,3.69355,instances.vantage.sh (AWS Price List mirror)
2026-07-13,AWS,ap-northeast-2,g6e.4xlarge,L40S,1.0,spot,1.064,1.064,instances.vantage.sh (AWS Price List mirror)
2026-07-13,AWS,ap-northeast-2,g6e.8xlarge,L40S,1.0,ondemand,5.56762,5.56762,instances.vantage.sh (AWS Price List mirror)
2026-07-13,AWS,ap-northeast-2,g6e.8xlarge,L40S,1.0,spot,1.10325,1.10325,instances.vantage.sh (AWS Price List mirror)
2026-07-13,AWS,ap-northeast-2,g6e.xlarge,L40S,1.0,ondemand,2.288,2.288,instances.vantage.sh (AWS Price List mirror)
2026-07-13,AWS,ap-northeast-2,g6e.xlarge,L40S,1.0,spot,0.6352,0.6352,instances.vantage.sh (AWS Price List mirror)
2026-07-13,AWS,ap-northeast-2,g6f.2xlarge,L4,0.25,ondemand,0.58406,2.33624,instances.vantage.sh (AWS Price List mirror)
2026-07-13,AWS,ap-northeast-2,g6f.2xlarge,L4,0.25,spot,0.182967,0.731868,instances.vantage.sh (AWS Price List mirror)
2026-07-13,AWS,ap-northeast-2,g6f.4xlarge,L4,0.5,ondemand,1.16812,2.33624,instances.vantage.sh (AWS Price List mirror)
2026-07-13,AWS,ap-northeast-2,g6f.4xlarge,L4,0.5,spot,0.331933,0.663866,instances.vantage.sh (AWS Price List mirror)
2026-07-13,AWS,ap-northeast-2,g6f.large,L4,0.125,ondemand,0.24838,1.98704,instances.vantage.sh (AWS Price List mirror)
2026-07-13,AWS,ap-northeast-2,g6f.large,L4,0.125,spot,0.039233,0.313864,instances.vantage.sh (AWS Price List mirror)
2026-07-13,AWS,ap-northeast-2,g6f.xlarge,L4,0.125,ondemand,0.29203,2.33624,instances.vantage.sh (AWS Price List mirror)
2026-07-13,AWS,ap-northeast-2,g6f.xlarge,L4,0.125,spot,0.078567,0.628536,instances.vantage.sh (AWS Price List mirror)
2026-07-13,AWS,ap-northeast-2,g7e.12xlarge,NVIDIA GB202,2.0,ondemand,10.1873,5.09365,instances.vantage.sh (AWS Price List mirror)
2026-07-13,AWS,ap-northeast-2,g7e.12xlarge,NVIDIA GB202,2.0,spot,2.73955,1.369775,instances.vantage.sh (AWS Price List mirror)
2026-07-13,AWS,ap-northeast-2,g7e.24xlarge,NVIDIA GB202,4.0,ondemand,20.3746,5.09365,instances.vantage.sh (AWS Price List mirror)
2026-07-13,AWS,ap-northeast-2,g7e.24xlarge,NVIDIA GB202,4.0,spot,4.3353,1.083825,instances.vantage.sh (AWS Price List mirror)
2026-07-13,AWS,ap-northeast-2,g7e.2xlarge,NVIDIA GB202,1.0,ondemand,4.13478,4.13478,instances.vantage.sh (AWS Price List mirror)
2026-07-13,AWS,ap-northeast-2,g7e.2xlarge,NVIDIA GB202,1.0,spot,1.43835,1.43835,instances.vantage.sh (AWS Price List mirror)
2026-07-13,AWS,ap-northeast-2,g7e.48xlarge,NVIDIA GB202,8.0,ondemand,40.74921,5.09365125,instances.vantage.sh (AWS Price List mirror)
2026-07-13,AWS,ap-northeast-2,g7e.48xlarge,NVIDIA GB202,8.0,spot,8.5313,1.0664125,instances.vantage.sh (AWS Price List mirror)
2026-07-13,AWS,ap-northeast-2,g7e.4xlarge,NVIDIA GB202,1.0,ondemand,4.91553,4.91553,instances.vantage.sh (AWS Price List mirror)
2026-07-13,AWS,ap-northeast-2,g7e.4xlarge,NVIDIA GB202,1.0,spot,1.3438,1.3438,instances.vantage.sh (AWS Price List mirror)
2026-07-13,AWS,ap-northeast-2,g7e.8xlarge,NVIDIA GB202,1.0,ondemand,6.47703,6.47703,instances.vantage.sh (AWS Price List mirror)
2026-07-13,AWS,ap-northeast-2,g7e.8xlarge,NVIDIA GB202,1.0,spot,1.57855,1.57855,instances.vantage.sh (AWS Price List mirror)
2026-07-13,AWS,ap-northeast-2,gr6.4xlarge,L4,1.0,ondemand,1.8926,1.8926,instances.vantage.sh (AWS Price List mirror)
2026-07-13,AWS,ap-northeast-2,gr6.4xlarge,L4,1.0,spot,0.3355,0.3355,instances.vantage.sh (AWS Price List mirror)
2026-07-13,AWS,ap-northeast-2,gr6.8xlarge,L4,1.0,ondemand,3.00809,3.00809,instances.vantage.sh (AWS Price List mirror)
2026-07-13,AWS,ap-northeast-2,gr6.8xlarge,L4,1.0,spot,0.46845,0.46845,instances.vantage.sh (AWS Price List mirror)
2026-07-13,AWS,ap-northeast-2,gr6f.4xlarge,L4,0.5,ondemand,1.31075,2.6215,instances.vantage.sh (AWS Price List mirror)
2026-07-13,AWS,ap-northeast-2,gr6f.4xlarge,L4,0.5,spot,0.384533,0.769066,instances.vantage.sh (AWS Price List mirror)
2026-07-13,AWS,ap-northeast-2,p2.16xlarge,K80,16.0,ondemand,23.44,1.465,instances.vantage.sh (AWS Price List mirror)
2026-07-13,AWS,ap-northeast-2,p2.8xlarge,K80,8.0,ondemand,11.72,1.465,instances.vantage.sh (AWS Price List mirror)
2026-07-13,AWS,ap-northeast-2,p2.xlarge,K80,1.0,ondemand,1.465,1.465,instances.vantage.sh (AWS Price List mirror)
2026-07-13,AWS,ap-northeast-2,p3.16xlarge,V100,8.0,ondemand,33.872,4.234,instances.vantage.sh (AWS Price List mirror)
2026-07-13,AWS,ap-northeast-2,p3.16xlarge,V100,8.0,spot,33.872,4.234,instances.vantage.sh (AWS Price List mirror)
2026-07-13,AWS,ap-northeast-2,p3.2xlarge,V100,1.0,ondemand,4.234,4.234,instances.vantage.sh (AWS Price List mirror)
2026-07-13,AWS,ap-northeast-2,p3.2xlarge,V100,1.0,spot,4.234,4.234,instances.vantage.sh (AWS Price List mirror)
2026-07-13,AWS,ap-northeast-2,p3.8xlarge,V100,4.0,ondemand,16.936,4.234,instances.vantage.sh (AWS Price List mirror)
2026-07-13,AWS,ap-northeast-2,p3.8xlarge,V100,4.0,spot,9.82288,2.45572,instances.vantage.sh (AWS Price List mirror)
2026-07-13,AWS,ap-northeast-2,p4d.24xlarge,A100,8.0,ondemand,30.41028,3.801285,instances.vantage.sh (AWS Price List mirror)
2026-07-13,AWS,ap-northeast-2,p4d.24xlarge,A100,8.0,spot,11.8473,1.4809125,instances.vantage.sh (AWS Price List mirror)
2026-07-13,AWS,ap-northeast-2,p5.48xlarge,H100,8.0,ondemand,75.9552,9.4944,instances.vantage.sh (AWS Price List mirror)
2026-07-13,AWS,ap-northeast-2,p5en.48xlarge,H200,8.0,ondemand,87.34848,10.91856,instances.vantage.sh (AWS Price List mirror)
2026-07-13,AWS,ap-northeast-2,p5en.48xlarge,H200,8.0,spot,20.4411,2.5551375,instances.vantage.sh (AWS Price List mirror)
2026-07-13,AWS,ap-northeast-2-wl1-cjj1,g4dn.2xlarge,T4,1.0,ondemand,1.249,1.249,instances.vantage.sh (AWS Price List mirror)
2026-07-13,AWS,ap-northeast-2-wl1-sel1,g4dn.2xlarge,T4,1.0,ondemand,1.249,1.249,instances.vantage.sh (AWS Price List mirror)
2026-07-13,AWS,ap-northeast-3,g4dn.12xlarge,T4,4.0,ondemand,5.281,1.32025,instances.vantage.sh (AWS Price List mirror)
2026-07-13,AWS,ap-northeast-3,g4dn.12xlarge,T4,4.0,spot,1.503,0.37575,instances.vantage.sh (AWS Price List mirror)
2026-07-13,AWS,ap-northeast-3,g4dn.16xlarge,T4,1.0,ondemand,5.875,5.875,instances.vantage.sh (AWS Price List mirror)
2026-07-13,AWS,ap-northeast-3,g4dn.16xlarge,T4,1.0,spot,1.66665,1.66665,instances.vantage.sh (AWS Price List mirror)
2026-07-13,AWS,ap-northeast-3,g4dn.2xlarge,T4,1.0,ondemand,1.015,1.015,instances.vantage.sh (AWS Price List mirror)
2026-07-13,AWS,ap-northeast-3,g4dn.2xlarge,T4,1.0,spot,0.31515,0.31515,instances.vantage.sh (AWS Price List mirror)
2026-07-13,AWS,ap-northeast-3,g4dn.4xlarge,T4,1.0,ondemand,1.625,1.625,instances.vantage.sh (AWS Price List mirror)
2026-07-13,AWS,ap-northeast-3,g4dn.4xlarge,T4,1.0,spot,0.5186,0.5186,instances.vantage.sh (AWS Price List mirror)
2026-07-13,AWS,ap-northeast-3,g4dn.8xlarge,T4,1.0,ondemand,2.938,2.938,instances.vantage.sh (AWS Price List mirror)
2026-07-13,AWS,ap-northeast-3,g4dn.8xlarge,T4,1.0,spot,0.8322,0.8322,instances.vantage.sh (AWS Price List mirror)
2026-07-13,AWS,ap-northeast-3,g4dn.metal,T4,8.0,ondemand,10.562,1.32025,instances.vantage.sh (AWS Price List mirror)
2026-07-13,AWS,ap-northeast-3,g4dn.metal,T4,8.0,spot,3.8574,0.482175,instances.vantage.sh (AWS Price List mirror)
2026-07-13,AWS,ap-northeast-3,g4dn.xlarge,T4,1.0,ondemand,0.71,0.71,instances.vantage.sh (AWS Price List mirror)
2026-07-13,AWS,ap-northeast-3,g4dn.xlarge,T4,1.0,spot,0.3131,0.3131,instances.vantage.sh (AWS Price List mirror)
2026-07-13,AWS,ap-northeast-3,g6e.12xlarge,L40S,4.0,ondemand,15.21742,3.804355,instances.vantage.sh (AWS Price List mirror)
2026-07-13,AWS,ap-northeast-3,g6e.12xlarge,L40S,4.0,spot,2.9353,0.733825,instances.vantage.sh (AWS Price List mirror)
2026-07-13,AWS,ap-northeast-3,g6e.16xlarge,L40S,1.0,ondemand,10.98917,10.98917,instances.vantage.sh (AWS Price List mirror)
2026-07-13,AWS,ap-northeast-3,g6e.16xlarge,L40S,1.0,spot,1.0989,1.0989,instances.vantage.sh (AWS Price List mirror)
2026-07-13,AWS,ap-northeast-3,g6e.24xlarge,L40S,4.0,ondemand,21.84956,5.46239,instances.vantage.sh (AWS Price List mirror)
2026-07-13,AWS,ap-northeast-3,g6e.24xlarge,L40S,4.0,spot,3.68655,0.9216375,instances.vantage.sh (AWS Price List mirror)
2026-07-13,AWS,ap-northeast-3,g6e.2xlarge,L40S,1.0,ondemand,3.25168,3.25168,instances.vantage.sh (AWS Price List mirror)
2026-07-13,AWS,ap-northeast-3,g6e.2xlarge,L40S,1.0,spot,0.65815,0.65815,instances.vantage.sh (AWS Price List mirror)
2026-07-13,AWS,ap-northeast-3,g6e.48xlarge,L40S,8.0,ondemand,43.69912,5.46239,instances.vantage.sh (AWS Price List mirror)
2026-07-13,AWS,ap-northeast-3,g6e.48xlarge,L40S,8.0,spot,11.0784,1.3848,instances.vantage.sh (AWS Price List mirror)
2026-07-13,AWS,ap-northeast-3,g6e.4xlarge,L40S,1.0,ondemand,4.35703,4.35703,instances.vantage.sh (AWS Price List mirror)
2026-07-13,AWS,ap-northeast-3,g6e.4xlarge,L40S,1.0,spot,1.56865,1.56865,instances.vantage.sh (AWS Price List mirror)
2026-07-13,AWS,ap-northeast-3,g6e.8xlarge,L40S,1.0,ondemand,6.56775,6.56775,instances.vantage.sh (AWS Price List mirror)
2026-07-13,AWS,ap-northeast-3,g6e.8xlarge,L40S,1.0,spot,0.8957,0.8957,instances.vantage.sh (AWS Price List mirror)
2026-07-13,AWS,ap-northeast-3,g6e.xlarge,L40S,1.0,ondemand,2.699,2.699,instances.vantage.sh (AWS Price List mirror)
2026-07-13,AWS,ap-northeast-3,g6e.xlarge,L40S,1.0,spot,1.03785,1.03785,instances.vantage.sh (AWS Price List mirror)
2026-07-13,AWS,ap-south-1,g4dn.12xlarge,T4,4.0,ondemand,4.306,1.0765,instances.vantage.sh (AWS Price List mirror)
2026-07-13,AWS,ap-south-1,g4dn.12xlarge,T4,4.0,spot,1.912933,0.47823325,instances.vantage.sh (AWS Price List mirror)
2026-07-13,AWS,ap-south-1,g4dn.16xlarge,T4,1.0,ondemand,4.791,4.791,instances.vantage.sh (AWS Price List mirror)
2026-07-13,AWS,ap-south-1,g4dn.16xlarge,T4,1.0,spot,0.8142,0.8142,instances.vantage.sh (AWS Price List mirror)
2026-07-13,AWS,ap-south-1,g4dn.2xlarge,T4,1.0,ondemand,0.828,0.828,instances.vantage.sh (AWS Price List mirror)
2026-07-13,AWS,ap-south-1,g4dn.2xlarge,T4,1.0,spot,0.2891,0.2891,instances.vantage.sh (AWS Price List mirror)
2026-07-13,AWS,ap-south-1,g4dn.4xlarge,T4,1.0,ondemand,1.325,1.325,instances.vantage.sh (AWS Price List mirror)
2026-07-13,AWS,ap-south-1,g4dn.4xlarge,T4,1.0,spot,0.3767,0.3767,instances.vantage.sh (AWS Price List mirror)
2026-07-13,AWS,ap-south-1,g4dn.8xlarge,T4,1.0,ondemand,2.395,2.395,instances.vantage.sh (AWS Price List mirror)
2026-07-13,AWS,ap-south-1,g4dn.8xlarge,T4,1.0,spot,0.855733,0.855733,instances.vantage.sh (AWS Price List mirror)
2026-07-13,AWS,ap-south-1,g4dn.metal,T4,8.0,ondemand,8.612,1.0765,instances.vantage.sh (AWS Price List mirror)
2026-07-13,AWS,ap-south-1,g4dn.metal,T4,8.0,spot,2.871633,0.358954125,instances.vantage.sh (AWS Price List mirror)
2026-07-13,AWS,ap-south-1,g4dn.xlarge,T4,1.0,ondemand,0.579,0.579,instances.vantage.sh (AWS Price List mirror)
2026-07-13,AWS,ap-south-1,g4dn.xlarge,T4,1.0,spot,0.204433,0.204433,instances.vantage.sh (AWS Price List mirror)
2026-07-13,AWS,ap-south-1,g5.12xlarge,A10G,4.0,ondemand,6.81091,1.7027275,instances.vantage.sh (AWS Price List mirror)
2026-07-13,AWS,ap-south-1,g5.12xlarge,A10G,4.0,spot,1.9638,0.49095,instances.vantage.sh (AWS Price List mirror)
2026-07-13,AWS,ap-south-1,g5.16xlarge,A10G,1.0,ondemand,4.91846,4.91846,instances.vantage.sh (AWS Price List mirror)
2026-07-13,AWS,ap-south-1,g5.16xlarge,A10G,1.0,spot,1.2177,1.2177,instances.vantage.sh (AWS Price List mirror)
2026-07-13,AWS,ap-south-1,g5.24xlarge,A10G,4.0,ondemand,9.77928,2.44482,instances.vantage.sh (AWS Price List mirror)
2026-07-13,AWS,ap-south-1,g5.24xlarge,A10G,4.0,spot,5.76805,1.4420125,instances.vantage.sh (AWS Price List mirror)
2026-07-13,AWS,ap-south-1,g5.2xlarge,A10G,1.0,ondemand,1.45536,1.45536,instances.vantage.sh (AWS Price List mirror)
2026-07-13,AWS,ap-south-1,g5.2xlarge,A10G,1.0,spot,0.44775,0.44775,instances.vantage.sh (AWS Price List mirror)
2026-07-13,AWS,ap-south-1,g5.48xlarge,A10G,8.0,ondemand,19.55855,2.44481875,instances.vantage.sh (AWS Price List mirror)
2026-07-13,AWS,ap-south-1,g5.48xlarge,A10G,8.0,spot,19.45055,2.43131875,instances.vantage.sh (AWS Price List mirror)
2026-07-13,AWS,ap-south-1,g5.4xlarge,A10G,1.0,ondemand,1.95009,1.95009,instances.vantage.sh (AWS Price List mirror)
2026-07-13,AWS,ap-south-1,g5.4xlarge,A10G,1.0,spot,0.61975,0.61975,instances.vantage.sh (AWS Price List mirror)
2026-07-13,AWS,ap-south-1,g5.8xlarge,A10G,1.0,ondemand,2.93955,2.93955,instances.vantage.sh (AWS Price List mirror)
2026-07-13,AWS,ap-south-1,g5.8xlarge,A10G,1.0,spot,1.03095,1.03095,instances.vantage.sh (AWS Price List mirror)
2026-07-13,AWS,ap-south-1,g5.xlarge,A10G,1.0,ondemand,1.208,1.208,instances.vantage.sh (AWS Price List mirror)
2026-07-13,AWS,ap-south-1,g5.xlarge,A10G,1.0,spot,0.51425,0.51425,instances.vantage.sh (AWS Price List mirror)
2026-07-13,AWS,ap-south-1,g6.12xlarge,L4,4.0,ondemand,5.52558,1.381395,instances.vantage.sh (AWS Price List mirror)
2026-07-13,AWS,ap-south-1,g6.12xlarge,L4,4.0,spot,1.66465,0.4161625,instances.vantage.sh (AWS Price List mirror)
2026-07-13,AWS,ap-south-1,g6.16xlarge,L4,1.0,ondemand,4.07886,4.07886,instances.vantage.sh (AWS Price List mirror)
2026-07-13,AWS,ap-south-1,g6.16xlarge,L4,1.0,spot,0.86435,0.86435,instances.vantage.sh (AWS Price List mirror)
2026-07-13,AWS,ap-south-1,g6.24xlarge,L4,4.0,ondemand,8.01555,2.0038875,instances.vantage.sh (AWS Price List mirror)
2026-07-13,AWS,ap-south-1,g6.24xlarge,L4,4.0,spot,2.3242,0.58105,instances.vantage.sh (AWS Price List mirror)
2026-07-13,AWS,ap-south-1,g6.2xlarge,L4,1.0,ondemand,1.1739,1.1739,instances.vantage.sh (AWS Price List mirror)
2026-07-13,AWS,ap-south-1,g6.2xlarge,L4,1.0,spot,0.54835,0.54835,instances.vantage.sh (AWS Price List mirror)
2026-07-13,AWS,ap-south-1,g6.48xlarge,L4,8.0,ondemand,16.0311,2.0038875,instances.vantage.sh (AWS Price List mirror)
2026-07-13,AWS,ap-south-1,g6.48xlarge,L4,8.0,spot,3.4339,0.4292375,instances.vantage.sh (AWS Price List mirror)
2026-07-13,AWS,ap-south-1,g6.4xlarge,L4,1.0,ondemand,1.58889,1.58889,instances.vantage.sh (AWS Price List mirror)
2026-07-13,AWS,ap-south-1,g6.4xlarge,L4,1.0,spot,0.3117,0.3117,instances.vantage.sh (AWS Price List mirror)
2026-07-13,AWS,ap-south-1,g6.8xlarge,L4,1.0,ondemand,2.41888,2.41888,instances.vantage.sh (AWS Price List mirror)
2026-07-13,AWS,ap-south-1,g6.8xlarge,L4,1.0,spot,0.66275,0.66275,instances.vantage.sh (AWS Price List mirror)
2026-07-13,AWS,ap-south-1,g6.xlarge,L4,1.0,ondemand,0.9664,0.9664,instances.vantage.sh (AWS Price List mirror)
2026-07-13,AWS,ap-south-1,g6.xlarge,L4,1.0,spot,0.4696,0.4696,instances.vantage.sh (AWS Price List mirror)
2026-07-13,AWS,ap-south-1,g6e.12xlarge,L40S,4.0,ondemand,12.60131,3.1503275,instances.vantage.sh (AWS Price List mirror)
2026-07-13,AWS,ap-south-1,g6e.12xlarge,L40S,4.0,spot,7.1832,1.7958,instances.vantage.sh (AWS Price List mirror)
2026-07-13,AWS,ap-south-1,g6e.16xlarge,L40S,1.0,ondemand,9.09996,9.09996,instances.vantage.sh (AWS Price List mirror)
2026-07-13,AWS,ap-south-1,g6e.16xlarge,L40S,1.0,spot,1.50825,1.50825,instances.vantage.sh (AWS Price List mirror)
2026-07-13,AWS,ap-south-1,g6e.24xlarge,L40S,4.0,ondemand,18.09328,4.52332,instances.vantage.sh (AWS Price List mirror)
2026-07-13,AWS,ap-south-1,g6e.24xlarge,L40S,4.0,spot,9.7195,2.429875,instances.vantage.sh (AWS Price List mirror)
2026-07-13,AWS,ap-south-1,g6e.2xlarge,L40S,1.0,ondemand,2.69266,2.69266,instances.vantage.sh (AWS Price List mirror)
2026-07-13,AWS,ap-south-1,g6e.2xlarge,L40S,1.0,spot,0.80395,0.80395,instances.vantage.sh (AWS Price List mirror)
2026-07-13,AWS,ap-south-1,g6e.48xlarge,L40S,8.0,ondemand,36.18656,4.52332,instances.vantage.sh (AWS Price List mirror)
2026-07-13,AWS,ap-south-1,g6e.48xlarge,L40S,8.0,spot,23.0348,2.87935,instances.vantage.sh (AWS Price List mirror)
2026-07-13,AWS,ap-south-1,g6e.4xlarge,L40S,1.0,ondemand,3.60799,3.60799,instances.vantage.sh (AWS Price List mirror)
2026-07-13,AWS,ap-south-1,g6e.4xlarge,L40S,1.0,spot,1.004,1.004,instances.vantage.sh (AWS Price List mirror)
2026-07-13,AWS,ap-south-1,g6e.8xlarge,L40S,1.0,ondemand,5.43865,5.43865,instances.vantage.sh (AWS Price List mirror)
2026-07-13,AWS,ap-south-1,g6e.8xlarge,L40S,1.0,spot,1.2676,1.2676,instances.vantage.sh (AWS Price List mirror)
2026-07-13,AWS,ap-south-1,g6e.xlarge,L40S,1.0,ondemand,2.235,2.235,instances.vantage.sh (AWS Price List mirror)
2026-07-13,AWS,ap-south-1,g6e.xlarge,L40S,1.0,spot,1.08945,1.08945,instances.vantage.sh (AWS Price List mirror)
2026-07-13,AWS,ap-south-1,g6f.2xlarge,L4,0.25,ondemand,0.57038,2.28152,instances.vantage.sh (AWS Price List mirror)
2026-07-13,AWS,ap-south-1,g6f.2xlarge,L4,0.25,spot,0.16255,0.6502,instances.vantage.sh (AWS Price List mirror)
2026-07-13,AWS,ap-south-1,g6f.4xlarge,L4,0.5,ondemand,1.14076,2.28152,instances.vantage.sh (AWS Price List mirror)
2026-07-13,AWS,ap-south-1,g6f.4xlarge,L4,0.5,spot,1.1408,2.2816,instances.vantage.sh (AWS Price List mirror)
2026-07-13,AWS,ap-south-1,g6f.large,L4,0.125,ondemand,0.24256,1.94048,instances.vantage.sh (AWS Price List mirror)
2026-07-13,AWS,ap-south-1,g6f.large,L4,0.125,spot,0.0867,0.6936,instances.vantage.sh (AWS Price List mirror)
2026-07-13,AWS,ap-south-1,g6f.xlarge,L4,0.125,ondemand,0.28519,2.28152,instances.vantage.sh (AWS Price List mirror)
2026-07-13,AWS,ap-south-1,g6f.xlarge,L4,0.125,spot,0.0873,0.6984,instances.vantage.sh (AWS Price List mirror)
2026-07-13,AWS,ap-south-1,gr6.4xlarge,L4,1.0,ondemand,1.8483,1.8483,instances.vantage.sh (AWS Price List mirror)
2026-07-13,AWS,ap-south-1,gr6.4xlarge,L4,1.0,spot,0.3056,0.3056,instances.vantage.sh (AWS Price List mirror)
2026-07-13,AWS,ap-south-1,gr6.8xlarge,L4,1.0,ondemand,2.93768,2.93768,instances.vantage.sh (AWS Price List mirror)
2026-07-13,AWS,ap-south-1,gr6.8xlarge,L4,1.0,spot,0.6768,0.6768,instances.vantage.sh (AWS Price List mirror)
2026-07-13,AWS,ap-south-1,gr6f.4xlarge,L4,0.5,ondemand,1.28007,2.56014,instances.vantage.sh (AWS Price List mirror)
2026-07-13,AWS,ap-south-1,gr6f.4xlarge,L4,0.5,spot,0.8365,1.673,instances.vantage.sh (AWS Price List mirror)
2026-07-13,AWS,ap-south-1,p2.16xlarge,K80,16.0,ondemand,27.488,1.718,instances.vantage.sh (AWS Price List mirror)
2026-07-13,AWS,ap-south-1,p2.8xlarge,K80,8.0,ondemand,13.744,1.718,instances.vantage.sh (AWS Price List mirror)
2026-07-13,AWS,ap-south-1,p2.xlarge,K80,1.0,ondemand,1.718,1.718,instances.vantage.sh (AWS Price List mirror)
2026-07-13,AWS,ap-south-1,p4d.24xlarge,A100,8.0,ondemand,26.3444,3.29305,instances.vantage.sh (AWS Price List mirror)
2026-07-13,AWS,ap-south-1,p4d.24xlarge,A100,8.0,spot,26.3444,3.29305,instances.vantage.sh (AWS Price List mirror)
2026-07-13,AWS,ap-south-1,p5.48xlarge,H100,8.0,ondemand,66.048,8.256,instances.vantage.sh (AWS Price List mirror)
2026-07-13,AWS,ap-south-1,p5.48xlarge,H100,8.0,spot,14.413933,1.801741625,instances.vantage.sh (AWS Price List mirror)
2026-07-13,AWS,ap-south-1,p5.4xlarge,H100,1.0,ondemand,8.256,8.256,instances.vantage.sh (AWS Price List mirror)
2026-07-13,AWS,ap-south-1,p5.4xlarge,H100,1.0,spot,6.99675,6.99675,instances.vantage.sh (AWS Price List mirror)
2026-07-13,AWS,ap-south-1,p5en.48xlarge,H200,8.0,ondemand,75.9552,9.4944,instances.vantage.sh (AWS Price List mirror)
2026-07-13,AWS,ap-south-1,p5en.48xlarge,H200,8.0,spot,49.73785,6.21723125,instances.vantage.sh (AWS Price List mirror)
2026-07-13,AWS,ap-south-1,p6-b200.48xlarge,B200,8.0,ondemand,160.64525,20.08065625,instances.vantage.sh (AWS Price List mirror)
2026-07-13,AWS,ap-south-1,p6-b200.48xlarge,B200,8.0,spot,37.1738,4.646725,instances.vantage.sh (AWS Price List mirror)
2026-07-13,AWS,ap-south-1-ccu-1,g4dn.2xlarge,T4,1.0,ondemand,1.2,1.2,instances.vantage.sh (AWS Price List mirror)
2026-07-13,AWS,ap-south-1-del-1,g4dn.2xlarge,T4,1.0,ondemand,1.2,1.2,instances.vantage.sh (AWS Price List mirror)
2026-07-13,AWS,ap-south-2,g6.12xlarge,L4,4.0,ondemand,5.52558,1.381395,instances.vantage.sh (AWS Price List mirror)
2026-07-13,AWS,ap-south-2,g6.16xlarge,L4,1.0,ondemand,4.07886,4.07886,instances.vantage.sh (AWS Price List mirror)
2026-07-13,AWS,ap-south-2,g6.24xlarge,L4,4.0,ondemand,8.01555,2.0038875,instances.vantage.sh (AWS Price List mirror)
2026-07-13,AWS,ap-south-2,g6.2xlarge,L4,1.0,ondemand,1.1739,1.1739,instances.vantage.sh (AWS Price List mirror)
2026-07-13,AWS,ap-south-2,g6.48xlarge,L4,8.0,ondemand,16.0311,2.0038875,instances.vantage.sh (AWS Price List mirror)
2026-07-13,AWS,ap-south-2,g6.4xlarge,L4,1.0,ondemand,1.58889,1.58889,instances.vantage.sh (AWS Price List mirror)
2026-07-13,AWS,ap-south-2,g6.8xlarge,L4,1.0,ondemand,2.41888,2.41888,instances.vantage.sh (AWS Price List mirror)
2026-07-13,AWS,ap-south-2,g6.xlarge,L4,1.0,ondemand,0.9664,0.9664,instances.vantage.sh (AWS Price List mirror)
2026-07-13,AWS,ap-south-2,g6e.12xlarge,L40S,4.0,ondemand,12.60131,3.1503275,instances.vantage.sh (AWS Price List mirror)
2026-07-13,AWS,ap-south-2,g6e.16xlarge,L40S,1.0,ondemand,9.09996,9.09996,instances.vantage.sh (AWS Price List mirror)
2026-07-13,AWS,ap-south-2,g6e.24xlarge,L40S,4.0,ondemand,18.09328,4.52332,instances.vantage.sh (AWS Price List mirror)
2026-07-13,AWS,ap-south-2,g6e.2xlarge,L40S,1.0,ondemand,2.69266,2.69266,instances.vantage.sh (AWS Price List mirror)
2026-07-13,AWS,ap-south-2,g6e.48xlarge,L40S,8.0,ondemand,36.18656,4.52332,instances.vantage.sh (AWS Price List mirror)
2026-07-13,AWS,ap-south-2,g6e.4xlarge,L40S,1.0,ondemand,3.60799,3.60799,instances.vantage.sh (AWS Price List mirror)
2026-07-13,AWS,ap-south-2,g6e.8xlarge,L40S,1.0,ondemand,5.43865,5.43865,instances.vantage.sh (AWS Price List mirror)
2026-07-13,AWS,ap-south-2,g6e.xlarge,L40S,1.0,ondemand,2.235,2.235,instances.vantage.sh (AWS Price List mirror)
2026-07-13,AWS,ap-southeast-1,g2.2xlarge,K520,1.0,ondemand,1.0,1.0,instances.vantage.sh (AWS Price List mirror)
2026-07-13,AWS,ap-southeast-1,g2.8xlarge,K520,4.0,ondemand,4.0,1.0,instances.vantage.sh (AWS Price List mirror)
2026-07-13,AWS,ap-southeast-1,g3.16xlarge,M60,4.0,ondemand,6.68,1.67,instances.vantage.sh (AWS Price List mirror)
2026-07-13,AWS,ap-southeast-1,g3.4xlarge,M60,1.0,ondemand,1.67,1.67,instances.vantage.sh (AWS Price List mirror)
2026-07-13,AWS,ap-southeast-1,g3.8xlarge,M60,2.0,ondemand,3.34,1.67,instances.vantage.sh (AWS Price List mirror)
2026-07-13,AWS,ap-southeast-1,g4dn.12xlarge,T4,4.0,ondemand,5.474,1.3685,instances.vantage.sh (AWS Price List mirror)
2026-07-13,AWS,ap-southeast-1,g4dn.12xlarge,T4,4.0,spot,2.037433,0.50935825,instances.vantage.sh (AWS Price List mirror)
2026-07-13,AWS,ap-southeast-1,g4dn.16xlarge,T4,1.0,ondemand,6.089,6.089,instances.vantage.sh (AWS Price List mirror)
2026-07-13,AWS,ap-southeast-1,g4dn.16xlarge,T4,1.0,spot,2.1782,2.1782,instances.vantage.sh (AWS Price List mirror)
2026-07-13,AWS,ap-southeast-1,g4dn.2xlarge,T4,1.0,ondemand,1.052,1.052,instances.vantage.sh (AWS Price List mirror)
2026-07-13,AWS,ap-southeast-1,g4dn.2xlarge,T4,1.0,spot,0.493533,0.493533,instances.vantage.sh (AWS Price List mirror)
2026-07-13,AWS,ap-southeast-1,g4dn.4xlarge,T4,1.0,ondemand,1.685,1.685,instances.vantage.sh (AWS Price List mirror)
2026-07-13,AWS,ap-southeast-1,g4dn.4xlarge,T4,1.0,spot,0.7256,0.7256,instances.vantage.sh (AWS Price List mirror)
2026-07-13,AWS,ap-southeast-1,g4dn.8xlarge,T4,1.0,ondemand,3.045,3.045,instances.vantage.sh (AWS Price List mirror)
2026-07-13,AWS,ap-southeast-1,g4dn.8xlarge,T4,1.0,spot,0.976733,0.976733,instances.vantage.sh (AWS Price List mirror)
2026-07-13,AWS,ap-southeast-1,g4dn.metal,T4,8.0,ondemand,10.948,1.3685,instances.vantage.sh (AWS Price List mirror)
2026-07-13,AWS,ap-southeast-1,g4dn.metal,T4,8.0,spot,3.510233,0.438779125,instances.vantage.sh (AWS Price List mirror)
2026-07-13,AWS,ap-southeast-1,g4dn.xlarge,T4,1.0,ondemand,0.736,0.736,instances.vantage.sh (AWS Price List mirror)
2026-07-13,AWS,ap-southeast-1,g4dn.xlarge,T4,1.0,spot,0.3343,0.3343,instances.vantage.sh (AWS Price List mirror)
2026-07-13,AWS,ap-southeast-1,g5g.16xlarge,T4G,2.0,ondemand,3.8395,1.91975,instances.vantage.sh (AWS Price List mirror)
2026-07-13,AWS,ap-southeast-1,g5g.16xlarge,T4G,2.0,spot,0.846,0.423,instances.vantage.sh (AWS Price List mirror)
2026-07-13,AWS,ap-southeast-1,g5g.2xlarge,T4G,1.0,ondemand,0.778,0.778,instances.vantage.sh (AWS Price List mirror)
2026-07-13,AWS,ap-southeast-1,g5g.2xlarge,T4G,1.0,spot,0.334,0.334,instances.vantage.sh (AWS Price List mirror)
2026-07-13,AWS,ap-southeast-1,g5g.4xlarge,T4G,1.0,ondemand,1.1586,1.1586,instances.vantage.sh (AWS Price List mirror)
2026-07-13,AWS,ap-southeast-1,g5g.4xlarge,T4G,1.0,spot,0.407,0.407,instances.vantage.sh (AWS Price List mirror)
2026-07-13,AWS,ap-southeast-1,g5g.8xlarge,T4G,1.0,ondemand,1.9198,1.9198,instances.vantage.sh (AWS Price List mirror)
2026-07-13,AWS,ap-southeast-1,g5g.8xlarge,T4G,1.0,spot,0.76345,0.76345,instances.vantage.sh (AWS Price List mirror)
2026-07-13,AWS,ap-southeast-1,g5g.metal,T4G,2.0,ondemand,3.8395,1.91975,instances.vantage.sh (AWS Price List mirror)
2026-07-13,AWS,ap-southeast-1,g5g.metal,T4G,2.0,spot,0.88975,0.444875,instances.vantage.sh (AWS Price List mirror)
2026-07-13,AWS,ap-southeast-1,g5g.xlarge,T4G,1.0,ondemand,0.5877,0.5877,instances.vantage.sh (AWS Price List mirror)
2026-07-13,AWS,ap-southeast-1,g5g.xlarge,T4G,1.0,spot,0.26155,0.26155,instances.vantage.sh (AWS Price List mirror)
2026-07-13,AWS,ap-southeast-1,p2.16xlarge,K80,16.0,ondemand,27.488,1.718,instances.vantage.sh (AWS Price List mirror)
2026-07-13,AWS,ap-southeast-1,p2.8xlarge,K80,8.0,ondemand,13.744,1.718,instances.vantage.sh (AWS Price List mirror)
2026-07-13,AWS,ap-southeast-1,p2.xlarge,K80,1.0,ondemand,1.718,1.718,instances.vantage.sh (AWS Price List mirror)
2026-07-13,AWS,ap-southeast-1,p3.16xlarge,V100,8.0,ondemand,33.872,4.234,instances.vantage.sh (AWS Price List mirror)
2026-07-13,AWS,ap-southeast-1,p3.16xlarge,V100,8.0,spot,33.19456,4.14932,instances.vantage.sh (AWS Price List mirror)
2026-07-13,AWS,ap-southeast-1,p3.2xlarge,V100,1.0,ondemand,4.234,4.234,instances.vantage.sh (AWS Price List mirror)
2026-07-13,AWS,ap-southeast-1,p3.2xlarge,V100,1.0,spot,2.8282,2.8282,instances.vantage.sh (AWS Price List mirror)
2026-07-13,AWS,ap-southeast-1,p3.8xlarge,V100,4.0,ondemand,16.936,4.234,instances.vantage.sh (AWS Price List mirror)
2026-07-13,AWS,ap-southeast-1,p3.8xlarge,V100,4.0,spot,16.936,4.234,instances.vantage.sh (AWS Price List mirror)
2026-07-13,AWS,ap-southeast-1,p4d.24xlarge,A100,8.0,ondemand,26.34917,3.29364625,instances.vantage.sh (AWS Price List mirror)
2026-07-13,AWS,ap-southeast-1,p4de.24xlarge,A100,8.0,ondemand,32.93646,4.1170575,instances.vantage.sh (AWS Price List mirror)
2026-07-13,AWS,ap-southeast-1,p4de.24xlarge,A100,8.0,spot,32.9365,4.1170625,instances.vantage.sh (AWS Price List mirror)
2026-07-13,AWS,ap-southeast-1-bkk-1,g4dn.2xlarge,T4,1.0,ondemand,1.578,1.578,instances.vantage.sh (AWS Price List mirror)
2026-07-13,AWS,ap-southeast-1-mnl-1,g4dn.2xlarge,T4,1.0,ondemand,1.368,1.368,instances.vantage.sh (AWS Price List mirror)
2026-07-13,AWS,ap-southeast-2,g2.2xlarge,K520,1.0,ondemand,0.898,0.898,instances.vantage.sh (AWS Price List mirror)
2026-07-13,AWS,ap-southeast-2,g2.8xlarge,K520,4.0,ondemand,3.592,0.898,instances.vantage.sh (AWS Price List mirror)
2026-07-13,AWS,ap-southeast-2,g3.16xlarge,M60,4.0,ondemand,7.016,1.754,instances.vantage.sh (AWS Price List mirror)
2026-07-13,AWS,ap-southeast-2,g3.4xlarge,M60,1.0,ondemand,1.754,1.754,instances.vantage.sh (AWS Price List mirror)
2026-07-13,AWS,ap-southeast-2,g3.8xlarge,M60,2.0,ondemand,3.508,1.754,instances.vantage.sh (AWS Price List mirror)
2026-07-13,AWS,ap-southeast-2,g3s.xlarge,M60,1.0,ondemand,1.154,1.154,instances.vantage.sh (AWS Price List mirror)
2026-07-13,AWS,ap-southeast-2,g4dn.12xlarge,T4,4.0,ondemand,5.087,1.27175,instances.vantage.sh (AWS Price List mirror)
2026-07-13,AWS,ap-southeast-2,g4dn.12xlarge,T4,4.0,spot,2.548467,0.63711675,instances.vantage.sh (AWS Price List mirror)
2026-07-13,AWS,ap-southeast-2,g4dn.16xlarge,T4,1.0,ondemand,5.659,5.659,instances.vantage.sh (AWS Price List mirror)
2026-07-13,AWS,ap-southeast-2,g4dn.16xlarge,T4,1.0,spot,1.133767,1.133767,instances.vantage.sh (AWS Price List mirror)
2026-07-13,AWS,ap-southeast-2,g4dn.2xlarge,T4,1.0,ondemand,0.978,0.978,instances.vantage.sh (AWS Price List mirror)
2026-07-13,AWS,ap-southeast-2,g4dn.2xlarge,T4,1.0,spot,0.479533,0.479533,instances.vantage.sh (AWS Price List mirror)
2026-07-13,AWS,ap-southeast-2,g4dn.4xlarge,T4,1.0,ondemand,1.566,1.566,instances.vantage.sh (AWS Price List mirror)
2026-07-13,AWS,ap-southeast-2,g4dn.4xlarge,T4,1.0,spot,0.641633,0.641633,instances.vantage.sh (AWS Price List mirror)
2026-07-13,AWS,ap-southeast-2,g4dn.8xlarge,T4,1.0,ondemand,2.83,2.83,instances.vantage.sh (AWS Price List mirror)
2026-07-13,AWS,ap-southeast-2,g4dn.8xlarge,T4,1.0,spot,0.888567,0.888567,instances.vantage.sh (AWS Price List mirror)
2026-07-13,AWS,ap-southeast-2,g4dn.metal,T4,8.0,ondemand,10.174,1.27175,instances.vantage.sh (AWS Price List mirror)
2026-07-13,AWS,ap-southeast-2,g4dn.metal,T4,8.0,spot,4.387433,0.548429125,instances.vantage.sh (AWS Price List mirror)
2026-07-13,AWS,ap-southeast-2,g4dn.xlarge,T4,1.0,ondemand,0.684,0.684,instances.vantage.sh (AWS Price List mirror)
2026-07-13,AWS,ap-southeast-2,g4dn.xlarge,T4,1.0,spot,0.3453,0.3453,instances.vantage.sh (AWS Price List mirror)
2026-07-13,AWS,ap-southeast-2,g5.12xlarge,A10G,4.0,ondemand,7.37473,1.8436825,instances.vantage.sh (AWS Price List mirror)
2026-07-13,AWS,ap-southeast-2,g5.12xlarge,A10G,4.0,spot,5.0437,1.260925,instances.vantage.sh (AWS Price List mirror)
2026-07-13,AWS,ap-southeast-2,g5.16xlarge,A10G,1.0,ondemand,5.32561,5.32561,instances.vantage.sh (AWS Price List mirror)
2026-07-13,AWS,ap-southeast-2,g5.16xlarge,A10G,1.0,spot,1.471,1.471,instances.vantage.sh (AWS Price List mirror)
2026-07-13,AWS,ap-southeast-2,g5.24xlarge,A10G,4.0,ondemand,10.58882,2.647205,instances.vantage.sh (AWS Price List mirror)
2026-07-13,AWS,ap-southeast-2,g5.24xlarge,A10G,4.0,spot,10.5888,2.6472,instances.vantage.sh (AWS Price List mirror)
2026-07-13,AWS,ap-southeast-2,g5.2xlarge,A10G,1.0,ondemand,1.57584,1.57584,instances.vantage.sh (AWS Price List mirror)
2026-07-13,AWS,ap-southeast-2,g5.2xlarge,A10G,1.0,spot,0.76305,0.76305,instances.vantage.sh (AWS Price List mirror)
2026-07-13,AWS,ap-southeast-2,g5.48xlarge,A10G,8.0,ondemand,21.17764,2.647205,instances.vantage.sh (AWS Price List mirror)
2026-07-13,AWS,ap-southeast-2,g5.48xlarge,A10G,8.0,spot,14.7522,1.844025,instances.vantage.sh (AWS Price List mirror)
2026-07-13,AWS,ap-southeast-2,g5.4xlarge,A10G,1.0,ondemand,2.11152,2.11152,instances.vantage.sh (AWS Price List mirror)
2026-07-13,AWS,ap-southeast-2,g5.4xlarge,A10G,1.0,spot,0.94515,0.94515,instances.vantage.sh (AWS Price List mirror)
2026-07-13,AWS,ap-southeast-2,g5.8xlarge,A10G,1.0,ondemand,3.18289,3.18289,instances.vantage.sh (AWS Price List mirror)
2026-07-13,AWS,ap-southeast-2,g5.8xlarge,A10G,1.0,spot,1.0605,1.0605,instances.vantage.sh (AWS Price List mirror)
2026-07-13,AWS,ap-southeast-2,g5.xlarge,A10G,1.0,ondemand,1.308,1.308,instances.vantage.sh (AWS Price List mirror)
2026-07-13,AWS,ap-southeast-2,g5.xlarge,A10G,1.0,spot,0.84085,0.84085,instances.vantage.sh (AWS Price List mirror)
2026-07-13,AWS,ap-southeast-2,g6.12xlarge,L4,4.0,ondemand,5.98299,1.4957475,instances.vantage.sh (AWS Price List mirror)
2026-07-13,AWS,ap-southeast-2,g6.12xlarge,L4,4.0,spot,3.172733,0.79318325,instances.vantage.sh (AWS Price List mirror)
2026-07-13,AWS,ap-southeast-2,g6.16xlarge,L4,1.0,ondemand,4.41652,4.41652,instances.vantage.sh (AWS Price List mirror)
2026-07-13,AWS,ap-southeast-2,g6.16xlarge,L4,1.0,spot,1.920467,1.920467,instances.vantage.sh (AWS Price List mirror)
2026-07-13,AWS,ap-southeast-2,g6.24xlarge,L4,4.0,ondemand,8.67909,2.1697725,instances.vantage.sh (AWS Price List mirror)
2026-07-13,AWS,ap-southeast-2,g6.24xlarge,L4,4.0,spot,4.033433,1.00835825,instances.vantage.sh (AWS Price List mirror)
2026-07-13,AWS,ap-southeast-2,g6.2xlarge,L4,1.0,ondemand,1.27107,1.27107,instances.vantage.sh (AWS Price List mirror)
2026-07-13,AWS,ap-southeast-2,g6.2xlarge,L4,1.0,spot,0.7579,0.7579,instances.vantage.sh (AWS Price List mirror)
2026-07-13,AWS,ap-southeast-2,g6.48xlarge,L4,8.0,ondemand,17.35817,2.16977125,instances.vantage.sh (AWS Price List mirror)
2026-07-13,AWS,ap-southeast-2,g6.48xlarge,L4,8.0,spot,8.550667,1.068833375,instances.vantage.sh (AWS Price List mirror)
2026-07-13,AWS,ap-southeast-2,g6.4xlarge,L4,1.0,ondemand,1.72042,1.72042,instances.vantage.sh (AWS Price List mirror)
2026-07-13,AWS,ap-southeast-2,g6.4xlarge,L4,1.0,spot,0.784933,0.784933,instances.vantage.sh (AWS Price List mirror)
2026-07-13,AWS,ap-southeast-2,g6.8xlarge,L4,1.0,ondemand,2.61912,2.61912,instances.vantage.sh (AWS Price List mirror)
2026-07-13,AWS,ap-southeast-2,g6.8xlarge,L4,1.0,spot,1.142867,1.142867,instances.vantage.sh (AWS Price List mirror)
2026-07-13,AWS,ap-southeast-2,g6.xlarge,L4,1.0,ondemand,1.0464,1.0464,instances.vantage.sh (AWS Price List mirror)
2026-07-13,AWS,ap-southeast-2,g6.xlarge,L4,1.0,spot,0.623133,0.623133,instances.vantage.sh (AWS Price List mirror)
2026-07-13,AWS,ap-southeast-2,g6f.2xlarge,L4,0.25,ondemand,0.61759,2.47036,instances.vantage.sh (AWS Price List mirror)
2026-07-13,AWS,ap-southeast-2,g6f.2xlarge,L4,0.25,spot,0.15915,0.6366,instances.vantage.sh (AWS Price List mirror)
2026-07-13,AWS,ap-southeast-2,g6f.4xlarge,L4,0.5,ondemand,1.23517,2.47034,instances.vantage.sh (AWS Price List mirror)
2026-07-13,AWS,ap-southeast-2,g6f.4xlarge,L4,0.5,spot,0.48165,0.9633,instances.vantage.sh (AWS Price List mirror)
2026-07-13,AWS,ap-southeast-2,g6f.large,L4,0.125,ondemand,0.26264,2.10112,instances.vantage.sh (AWS Price List mirror)
2026-07-13,AWS,ap-southeast-2,g6f.large,L4,0.125,spot,0.1607,1.2856,instances.vantage.sh (AWS Price List mirror)
2026-07-13,AWS,ap-southeast-2,g6f.xlarge,L4,0.125,ondemand,0.30879,2.47032,instances.vantage.sh (AWS Price List mirror)
2026-07-13,AWS,ap-southeast-2,g6f.xlarge,L4,0.125,spot,0.0858,0.6864,instances.vantage.sh (AWS Price List mirror)
2026-07-13,AWS,ap-southeast-2,gr6.4xlarge,L4,1.0,ondemand,2.0012,2.0012,instances.vantage.sh (AWS Price List mirror)
2026-07-13,AWS,ap-southeast-2,gr6.4xlarge,L4,1.0,spot,0.7032,0.7032,instances.vantage.sh (AWS Price List mirror)
2026-07-13,AWS,ap-southeast-2,gr6.8xlarge,L4,1.0,ondemand,3.1807,3.1807,instances.vantage.sh (AWS Price List mirror)
2026-07-13,AWS,ap-southeast-2,gr6.8xlarge,L4,1.0,spot,1.23935,1.23935,instances.vantage.sh (AWS Price List mirror)
2026-07-13,AWS,ap-southeast-2,gr6f.4xlarge,L4,0.5,ondemand,1.38597,2.77194,instances.vantage.sh (AWS Price List mirror)
2026-07-13,AWS,ap-southeast-2,gr6f.4xlarge,L4,0.5,spot,0.53955,1.0791,instances.vantage.sh (AWS Price List mirror)
2026-07-13,AWS,ap-southeast-2,p2.16xlarge,K80,16.0,ondemand,24.672,1.542,instances.vantage.sh (AWS Price List mirror)
2026-07-13,AWS,ap-southeast-2,p2.8xlarge,K80,8.0,ondemand,12.336,1.542,instances.vantage.sh (AWS Price List mirror)
2026-07-13,AWS,ap-southeast-2,p2.xlarge,K80,1.0,ondemand,1.542,1.542,instances.vantage.sh (AWS Price List mirror)
2026-07-13,AWS,ap-southeast-2,p3.16xlarge,V100,8.0,ondemand,33.872,4.234,instances.vantage.sh (AWS Price List mirror)
2026-07-13,AWS,ap-southeast-2,p3.16xlarge,V100,8.0,spot,33.872,4.234,instances.vantage.sh (AWS Price List mirror)
2026-07-13,AWS,ap-southeast-2,p3.2xlarge,V100,1.0,ondemand,4.234,4.234,instances.vantage.sh (AWS Price List mirror)
2026-07-13,AWS,ap-southeast-2,p3.2xlarge,V100,1.0,spot,4.234,4.234,instances.vantage.sh (AWS Price List mirror)
2026-07-13,AWS,ap-southeast-2,p3.8xlarge,V100,4.0,ondemand,16.936,4.234,instances.vantage.sh (AWS Price List mirror)
2026-07-13,AWS,ap-southeast-2,p3.8xlarge,V100,4.0,spot,9.3148,2.3287,instances.vantage.sh (AWS Price List mirror)
2026-07-13,AWS,ap-southeast-2,p4d.24xlarge,A100,8.0,ondemand,28.54493,3.56811625,instances.vantage.sh (AWS Price List mirror)
2026-07-13,AWS,ap-southeast-2,p4d.24xlarge,A100,8.0,spot,13.87715,1.73464375,instances.vantage.sh (AWS Price List mirror)
2026-07-13,AWS,ap-southeast-2,p5.48xlarge,H100,8.0,ondemand,71.552,8.944,instances.vantage.sh (AWS Price List mirror)
2026-07-13,AWS,ap-southeast-2,p5.48xlarge,H100,8.0,spot,56.131667,7.016458375,instances.vantage.sh (AWS Price List mirror)
2026-07-13,AWS,ap-southeast-2,p5.4xlarge,H100,1.0,ondemand,8.944,8.944,instances.vantage.sh (AWS Price List mirror)
2026-07-13,AWS,ap-southeast-2-akl-1,g4dn.2xlarge,T4,1.0,ondemand,1.418,1.418,instances.vantage.sh (AWS Price List mirror)
2026-07-13,AWS,ap-southeast-2-per-1,g4dn.2xlarge,T4,1.0,ondemand,1.418,1.418,instances.vantage.sh (AWS Price List mirror)
2026-07-13,AWS,ap-southeast-3,g5.12xlarge,A10G,4.0,ondemand,7.93854,1.984635,instances.vantage.sh (AWS Price List mirror)
2026-07-13,AWS,ap-southeast-3,g5.12xlarge,A10G,4.0,spot,2.143406,0.5358515,instances.vantage.sh (AWS Price List mirror)
2026-07-13,AWS,ap-southeast-3,g5.16xlarge,A10G,1.0,ondemand,5.73277,5.73277,instances.vantage.sh (AWS Price List mirror)
2026-07-13,AWS,ap-southeast-3,g5.16xlarge,A10G,1.0,spot,0.74526,0.74526,instances.vantage.sh (AWS Price List mirror)
2026-07-13,AWS,ap-southeast-3,g5.24xlarge,A10G,4.0,ondemand,11.39836,2.84959,instances.vantage.sh (AWS Price List mirror)
2026-07-13,AWS,ap-southeast-3,g5.24xlarge,A10G,4.0,spot,5.129262,1.2823155,instances.vantage.sh (AWS Price List mirror)
2026-07-13,AWS,ap-southeast-3,g5.2xlarge,A10G,1.0,ondemand,1.69632,1.69632,instances.vantage.sh (AWS Price List mirror)
2026-07-13,AWS,ap-southeast-3,g5.2xlarge,A10G,1.0,spot,0.407117,0.407117,instances.vantage.sh (AWS Price List mirror)
2026-07-13,AWS,ap-southeast-3,g5.48xlarge,A10G,8.0,ondemand,22.79672,2.84959,instances.vantage.sh (AWS Price List mirror)
2026-07-13,AWS,ap-southeast-3,g5.48xlarge,A10G,8.0,spot,10.942426,1.36780325,instances.vantage.sh (AWS Price List mirror)
2026-07-13,AWS,ap-southeast-3,g5.4xlarge,A10G,1.0,ondemand,2.27295,2.27295,instances.vantage.sh (AWS Price List mirror)
2026-07-13,AWS,ap-southeast-3,g5.4xlarge,A10G,1.0,spot,0.43186,0.43186,instances.vantage.sh (AWS Price List mirror)
2026-07-13,AWS,ap-southeast-3,g5.8xlarge,A10G,1.0,ondemand,3.42623,3.42623,instances.vantage.sh (AWS Price List mirror)
2026-07-13,AWS,ap-southeast-3,g5.8xlarge,A10G,1.0,spot,0.959344,0.959344,instances.vantage.sh (AWS Price List mirror)
2026-07-13,AWS,ap-southeast-3,g5.xlarge,A10G,1.0,ondemand,1.408,1.408,instances.vantage.sh (AWS Price List mirror)
2026-07-13,AWS,ap-southeast-3,g5.xlarge,A10G,1.0,spot,0.39424,0.39424,instances.vantage.sh (AWS Price List mirror)
2026-07-13,AWS,ap-southeast-3,g5g.metal,T4G,2.0,ondemand,3.8395,1.91975,instances.vantage.sh (AWS Price List mirror)
2026-07-13,AWS,ap-southeast-3,g5g.metal,T4G,2.0,spot,0.883085,0.4415425,instances.vantage.sh (AWS Price List mirror)
2026-07-13,AWS,ap-southeast-3,p5.48xlarge,H100,8.0,ondemand,75.9552,9.4944,instances.vantage.sh (AWS Price List mirror)
2026-07-13,AWS,ap-southeast-3,p5.48xlarge,H100,8.0,spot,75.9552,9.4944,instances.vantage.sh (AWS Price List mirror)
2026-07-13,AWS,ap-southeast-3,p5.4xlarge,H100,1.0,ondemand,9.4944,9.4944,instances.vantage.sh (AWS Price List mirror)
2026-07-13,AWS,ap-southeast-3,p5.4xlarge,H100,1.0,spot,9.4944,9.4944,instances.vantage.sh (AWS Price List mirror)
2026-07-13,AWS,ap-southeast-3,p5en.48xlarge,H200,8.0,ondemand,87.34848,10.91856,instances.vantage.sh (AWS Price List mirror)
2026-07-13,AWS,ap-southeast-3,p5en.48xlarge,H200,8.0,spot,27.951514,3.49393925,instances.vantage.sh (AWS Price List mirror)
2026-07-13,AWS,ap-southeast-5,g6.12xlarge,L4,4.0,ondemand,5.7966,1.44915,instances.vantage.sh (AWS Price List mirror)
2026-07-13,AWS,ap-southeast-5,g6.12xlarge,L4,4.0,spot,4.231518,1.0578795,instances.vantage.sh (AWS Price List mirror)
2026-07-13,AWS,ap-southeast-5,g6.16xlarge,L4,1.0,ondemand,4.27892,4.27892,instances.vantage.sh (AWS Price List mirror)
2026-07-13,AWS,ap-southeast-5,g6.16xlarge,L4,1.0,spot,0.855784,0.855784,instances.vantage.sh (AWS Price List mirror)
2026-07-13,AWS,ap-southeast-5,g6.24xlarge,L4,4.0,ondemand,8.4087,2.102175,instances.vantage.sh (AWS Price List mirror)
2026-07-13,AWS,ap-southeast-5,g6.24xlarge,L4,4.0,spot,3.699828,0.924957,instances.vantage.sh (AWS Price List mirror)
2026-07-13,AWS,ap-southeast-5,g6.2xlarge,L4,1.0,ondemand,1.23147,1.23147,instances.vantage.sh (AWS Price List mirror)
2026-07-13,AWS,ap-southeast-5,g6.2xlarge,L4,1.0,spot,1.083694,1.083694,instances.vantage.sh (AWS Price List mirror)
2026-07-13,AWS,ap-southeast-5,g6.48xlarge,L4,8.0,ondemand,16.81739,2.10217375,instances.vantage.sh (AWS Price List mirror)
2026-07-13,AWS,ap-southeast-5,g6.48xlarge,L4,8.0,spot,13.117564,1.6396955,instances.vantage.sh (AWS Price List mirror)
2026-07-13,AWS,ap-southeast-5,g6.4xlarge,L4,1.0,ondemand,1.66682,1.66682,instances.vantage.sh (AWS Price List mirror)
2026-07-13,AWS,ap-southeast-5,g6.4xlarge,L4,1.0,spot,0.900083,0.900083,instances.vantage.sh (AWS Price List mirror)
2026-07-13,AWS,ap-southeast-5,g6.8xlarge,L4,1.0,ondemand,2.53752,2.53752,instances.vantage.sh (AWS Price List mirror)
2026-07-13,AWS,ap-southeast-5,g6.8xlarge,L4,1.0,spot,0.68513,0.68513,instances.vantage.sh (AWS Price List mirror)
2026-07-13,AWS,ap-southeast-5,g6.xlarge,L4,1.0,ondemand,1.0138,1.0138,instances.vantage.sh (AWS Price List mirror)
2026-07-13,AWS,ap-southeast-5,g6.xlarge,L4,1.0,spot,0.91242,0.91242,instances.vantage.sh (AWS Price List mirror)
2026-07-13,AWS,ap-southeast-5,gr6.4xlarge,L4,1.0,ondemand,1.9388,1.9388,instances.vantage.sh (AWS Price List mirror)
2026-07-13,AWS,ap-southeast-5,gr6.4xlarge,L4,1.0,spot,0.542864,0.542864,instances.vantage.sh (AWS Price List mirror)
2026-07-13,AWS,ap-southeast-5,gr6.8xlarge,L4,1.0,ondemand,3.08152,3.08152,instances.vantage.sh (AWS Price List mirror)
2026-07-13,AWS,ap-southeast-5,gr6.8xlarge,L4,1.0,spot,0.554674,0.554674,instances.vantage.sh (AWS Price List mirror)
2026-07-13,AWS,ca-central-1,g3.16xlarge,M60,4.0,ondemand,5.664,1.416,instances.vantage.sh (AWS Price List mirror)
2026-07-13,AWS,ca-central-1,g3.4xlarge,M60,1.0,ondemand,1.416,1.416,instances.vantage.sh (AWS Price List mirror)
2026-07-13,AWS,ca-central-1,g3.8xlarge,M60,2.0,ondemand,2.832,1.416,instances.vantage.sh (AWS Price List mirror)
2026-07-13,AWS,ca-central-1,g4ad.16xlarge,V520,4.0,ondemand,3.872,0.968,instances.vantage.sh (AWS Price List mirror)
2026-07-13,AWS,ca-central-1,g4ad.16xlarge,V520,4.0,spot,0.73485,0.1837125,instances.vantage.sh (AWS Price List mirror)
2026-07-13,AWS,ca-central-1,g4ad.2xlarge,V520,1.0,ondemand,0.60421,0.60421,instances.vantage.sh (AWS Price List mirror)
2026-07-13,AWS,ca-central-1,g4ad.2xlarge,V520,1.0,spot,0.20955,0.20955,instances.vantage.sh (AWS Price List mirror)
2026-07-13,AWS,ca-central-1,g4ad.4xlarge,V520,1.0,ondemand,0.968,0.968,instances.vantage.sh (AWS Price List mirror)
2026-07-13,AWS,ca-central-1,g4ad.4xlarge,V520,1.0,spot,0.33,0.33,instances.vantage.sh (AWS Price List mirror)
2026-07-13,AWS,ca-central-1,g4ad.8xlarge,V520,2.0,ondemand,1.936,0.968,instances.vantage.sh (AWS Price List mirror)
2026-07-13,AWS,ca-central-1,g4ad.8xlarge,V520,2.0,spot,0.43695,0.218475,instances.vantage.sh (AWS Price List mirror)
2026-07-13,AWS,ca-central-1,g4ad.xlarge,V520,1.0,ondemand,0.42263,0.42263,instances.vantage.sh (AWS Price List mirror)
2026-07-13,AWS,ca-central-1,g4ad.xlarge,V520,1.0,spot,0.1216,0.1216,instances.vantage.sh (AWS Price List mirror)
2026-07-13,AWS,ca-central-1,g4dn.12xlarge,T4,4.0,ondemand,4.343,1.08575,instances.vantage.sh (AWS Price List mirror)
2026-07-13,AWS,ca-central-1,g4dn.12xlarge,T4,4.0,spot,1.4298,0.35745,instances.vantage.sh (AWS Price List mirror)
2026-07-13,AWS,ca-central-1,g4dn.16xlarge,T4,1.0,ondemand,4.832,4.832,instances.vantage.sh (AWS Price List mirror)
2026-07-13,AWS,ca-central-1,g4dn.16xlarge,T4,1.0,spot,0.79245,0.79245,instances.vantage.sh (AWS Price List mirror)
2026-07-13,AWS,ca-central-1,g4dn.2xlarge,T4,1.0,ondemand,0.835,0.835,instances.vantage.sh (AWS Price List mirror)
2026-07-13,AWS,ca-central-1,g4dn.2xlarge,T4,1.0,spot,0.3335,0.3335,instances.vantage.sh (AWS Price List mirror)
2026-07-13,AWS,ca-central-1,g4dn.4xlarge,T4,1.0,ondemand,1.337,1.337,instances.vantage.sh (AWS Price List mirror)
2026-07-13,AWS,ca-central-1,g4dn.4xlarge,T4,1.0,spot,0.60505,0.60505,instances.vantage.sh (AWS Price List mirror)
2026-07-13,AWS,ca-central-1,g4dn.8xlarge,T4,1.0,ondemand,2.416,2.416,instances.vantage.sh (AWS Price List mirror)
2026-07-13,AWS,ca-central-1,g4dn.8xlarge,T4,1.0,spot,0.48535,0.48535,instances.vantage.sh (AWS Price List mirror)
2026-07-13,AWS,ca-central-1,g4dn.metal,T4,8.0,ondemand,8.687,1.085875,instances.vantage.sh (AWS Price List mirror)
2026-07-13,AWS,ca-central-1,g4dn.metal,T4,8.0,spot,3.00085,0.37510625,instances.vantage.sh (AWS Price List mirror)
2026-07-13,AWS,ca-central-1,g4dn.xlarge,T4,1.0,ondemand,0.584,0.584,instances.vantage.sh (AWS Price List mirror)
2026-07-13,AWS,ca-central-1,g4dn.xlarge,T4,1.0,spot,0.22245,0.22245,instances.vantage.sh (AWS Price List mirror)
2026-07-13,AWS,ca-central-1,g5.12xlarge,A10G,4.0,ondemand,6.29784,1.57446,instances.vantage.sh (AWS Price List mirror)
2026-07-13,AWS,ca-central-1,g5.12xlarge,A10G,4.0,spot,4.0379,1.009475,instances.vantage.sh (AWS Price List mirror)
2026-07-13,AWS,ca-central-1,g5.16xlarge,A10G,1.0,ondemand,4.54794,4.54794,instances.vantage.sh (AWS Price List mirror)
2026-07-13,AWS,ca-central-1,g5.16xlarge,A10G,1.0,spot,1.1877,1.1877,instances.vantage.sh (AWS Price List mirror)
2026-07-13,AWS,ca-central-1,g5.24xlarge,A10G,4.0,ondemand,9.04259,2.2606475,instances.vantage.sh (AWS Price List mirror)
2026-07-13,AWS,ca-central-1,g5.24xlarge,A10G,4.0,spot,6.5047,1.626175,instances.vantage.sh (AWS Price List mirror)
2026-07-13,AWS,ca-central-1,g5.2xlarge,A10G,1.0,ondemand,1.34573,1.34573,instances.vantage.sh (AWS Price List mirror)
2026-07-13,AWS,ca-central-1,g5.2xlarge,A10G,1.0,spot,0.6111,0.6111,instances.vantage.sh (AWS Price List mirror)
2026-07-13,AWS,ca-central-1,g5.48xlarge,A10G,8.0,ondemand,18.08518,2.2606475,instances.vantage.sh (AWS Price List mirror)
2026-07-13,AWS,ca-central-1,g5.48xlarge,A10G,8.0,spot,13.2888,1.6611,instances.vantage.sh (AWS Price List mirror)
2026-07-13,AWS,ca-central-1,g5.4xlarge,A10G,1.0,ondemand,1.80319,1.80319,instances.vantage.sh (AWS Price List mirror)
2026-07-13,AWS,ca-central-1,g5.4xlarge,A10G,1.0,spot,0.9751,0.9751,instances.vantage.sh (AWS Price List mirror)
2026-07-13,AWS,ca-central-1,g5.8xlarge,A10G,1.0,ondemand,2.71811,2.71811,instances.vantage.sh (AWS Price List mirror)
2026-07-13,AWS,ca-central-1,g5.8xlarge,A10G,1.0,spot,0.91695,0.91695,instances.vantage.sh (AWS Price List mirror)
2026-07-13,AWS,ca-central-1,g5.xlarge,A10G,1.0,ondemand,1.117,1.117,instances.vantage.sh (AWS Price List mirror)
2026-07-13,AWS,ca-central-1,g5.xlarge,A10G,1.0,spot,0.46465,0.46465,instances.vantage.sh (AWS Price List mirror)
2026-07-13,AWS,ca-central-1,g6.12xlarge,L4,4.0,ondemand,5.10933,1.2773325,instances.vantage.sh (AWS Price List mirror)
2026-07-13,AWS,ca-central-1,g6.12xlarge,L4,4.0,spot,2.656867,0.66421675,instances.vantage.sh (AWS Price List mirror)
2026-07-13,AWS,ca-central-1,g6.16xlarge,L4,1.0,ondemand,3.7716,3.7716,instances.vantage.sh (AWS Price List mirror)
2026-07-13,AWS,ca-central-1,g6.16xlarge,L4,1.0,spot,1.8855,1.8855,instances.vantage.sh (AWS Price List mirror)
2026-07-13,AWS,ca-central-1,g6.24xlarge,L4,4.0,ondemand,7.41173,1.8529325,instances.vantage.sh (AWS Price List mirror)
2026-07-13,AWS,ca-central-1,g6.24xlarge,L4,4.0,spot,3.474633,0.86865825,instances.vantage.sh (AWS Price List mirror)
2026-07-13,AWS,ca-central-1,g6.2xlarge,L4,1.0,ondemand,1.08547,1.08547,instances.vantage.sh (AWS Price List mirror)
2026-07-13,AWS,ca-central-1,g6.2xlarge,L4,1.0,spot,0.463867,0.463867,instances.vantage.sh (AWS Price List mirror)
2026-07-13,AWS,ca-central-1,g6.48xlarge,L4,8.0,ondemand,14.82346,1.8529325,instances.vantage.sh (AWS Price List mirror)
2026-07-13,AWS,ca-central-1,g6.48xlarge,L4,8.0,spot,8.3421,1.0427625,instances.vantage.sh (AWS Price List mirror)
2026-07-13,AWS,ca-central-1,g6.4xlarge,L4,1.0,ondemand,1.4692,1.4692,instances.vantage.sh (AWS Price List mirror)
2026-07-13,AWS,ca-central-1,g6.4xlarge,L4,1.0,spot,0.803233,0.803233,instances.vantage.sh (AWS Price List mirror)
2026-07-13,AWS,ca-central-1,g6.8xlarge,L4,1.0,ondemand,2.23666,2.23666,instances.vantage.sh (AWS Price List mirror)
2026-07-13,AWS,ca-central-1,g6.8xlarge,L4,1.0,spot,0.854733,0.854733,instances.vantage.sh (AWS Price List mirror)
2026-07-13,AWS,ca-central-1,g6.xlarge,L4,1.0,ondemand,0.8936,0.8936,instances.vantage.sh (AWS Price List mirror)
2026-07-13,AWS,ca-central-1,g6.xlarge,L4,1.0,spot,0.617,0.617,instances.vantage.sh (AWS Price List mirror)
2026-07-13,AWS,ca-central-1,g6f.2xlarge,L4,0.25,ondemand,0.52741,2.10964,instances.vantage.sh (AWS Price List mirror)
2026-07-13,AWS,ca-central-1,g6f.2xlarge,L4,0.25,spot,0.5274,2.1096,instances.vantage.sh (AWS Price List mirror)
2026-07-13,AWS,ca-central-1,g6f.4xlarge,L4,0.5,ondemand,1.05482,2.10964,instances.vantage.sh (AWS Price List mirror)
2026-07-13,AWS,ca-central-1,g6f.4xlarge,L4,0.5,spot,0.7521,1.5042,instances.vantage.sh (AWS Price List mirror)
2026-07-13,AWS,ca-central-1,g6f.large,L4,0.125,ondemand,0.22429,1.79432,instances.vantage.sh (AWS Price List mirror)
2026-07-13,AWS,ca-central-1,g6f.large,L4,0.125,spot,0.2243,1.7944,instances.vantage.sh (AWS Price List mirror)
2026-07-13,AWS,ca-central-1,g6f.xlarge,L4,0.125,ondemand,0.26371,2.10968,instances.vantage.sh (AWS Price List mirror)
2026-07-13,AWS,ca-central-1,g6f.xlarge,L4,0.125,spot,0.2637,2.1096,instances.vantage.sh (AWS Price List mirror)
2026-07-13,AWS,ca-central-1,gr6.4xlarge,L4,1.0,ondemand,1.709,1.709,instances.vantage.sh (AWS Price List mirror)
2026-07-13,AWS,ca-central-1,gr6.4xlarge,L4,1.0,spot,0.4488,0.4488,instances.vantage.sh (AWS Price List mirror)
2026-07-13,AWS,ca-central-1,gr6.8xlarge,L4,1.0,ondemand,2.71628,2.71628,instances.vantage.sh (AWS Price List mirror)
2026-07-13,AWS,ca-central-1,gr6.8xlarge,L4,1.0,spot,0.4355,0.4355,instances.vantage.sh (AWS Price List mirror)
2026-07-13,AWS,ca-central-1,gr6f.4xlarge,L4,0.5,ondemand,1.1836,2.3672,instances.vantage.sh (AWS Price List mirror)
2026-07-13,AWS,ca-central-1,gr6f.4xlarge,L4,0.5,spot,1.1131,2.2262,instances.vantage.sh (AWS Price List mirror)
2026-07-13,AWS,ca-central-1,p3.16xlarge,V100,8.0,ondemand,26.928,3.366,instances.vantage.sh (AWS Price List mirror)
2026-07-13,AWS,ca-central-1,p3.16xlarge,V100,8.0,spot,11.84832,1.48104,instances.vantage.sh (AWS Price List mirror)
2026-07-13,AWS,ca-central-1,p3.2xlarge,V100,1.0,ondemand,3.366,3.366,instances.vantage.sh (AWS Price List mirror)
2026-07-13,AWS,ca-central-1,p3.2xlarge,V100,1.0,spot,3.366,3.366,instances.vantage.sh (AWS Price List mirror)
2026-07-13,AWS,ca-central-1,p3.8xlarge,V100,4.0,ondemand,13.464,3.366,instances.vantage.sh (AWS Price List mirror)
2026-07-13,AWS,ca-central-1,p3.8xlarge,V100,4.0,spot,7.13592,1.78398,instances.vantage.sh (AWS Price List mirror)
2026-07-13,AWS,ca-central-1,p4d.24xlarge,A100,8.0,ondemand,25.25174,3.1564675,instances.vantage.sh (AWS Price List mirror)
2026-07-13,AWS,ca-central-1,p4d.24xlarge,A100,8.0,spot,17.76115,2.22014375,instances.vantage.sh (AWS Price List mirror)
2026-07-13,AWS,ca-central-1,p5.48xlarge,H100,8.0,ondemand,63.296,7.912,instances.vantage.sh (AWS Price List mirror)
2026-07-13,AWS,ca-central-1,p5.48xlarge,H100,8.0,spot,63.296,7.912,instances.vantage.sh (AWS Price List mirror)
2026-07-13,AWS,ca-central-1-wl1-yto1,g4dn.2xlarge,T4,1.0,ondemand,1.252,1.252,instances.vantage.sh (AWS Price List mirror)
2026-07-13,AWS,eu-central-1,dl2q.24xlarge,Qualcomm AI 100 Accelerators,8.0,ondemand,11.5952,1.4494,instances.vantage.sh (AWS Price List mirror)
2026-07-13,AWS,eu-central-1,dl2q.24xlarge,Qualcomm AI 100 Accelerators,8.0,spot,3.47856,0.43482,instances.vantage.sh (AWS Price List mirror)
2026-07-13,AWS,eu-central-1,g2.2xlarge,K520,1.0,ondemand,0.772,0.772,instances.vantage.sh (AWS Price List mirror)
2026-07-13,AWS,eu-central-1,g2.8xlarge,K520,4.0,ondemand,3.088,0.772,instances.vantage.sh (AWS Price List mirror)
2026-07-13,AWS,eu-central-1,g3.16xlarge,M60,4.0,ondemand,5.7,1.425,instances.vantage.sh (AWS Price List mirror)
2026-07-13,AWS,eu-central-1,g3.4xlarge,M60,1.0,ondemand,1.425,1.425,instances.vantage.sh (AWS Price List mirror)
2026-07-13,AWS,eu-central-1,g3.8xlarge,M60,2.0,ondemand,2.85,1.425,instances.vantage.sh (AWS Price List mirror)
2026-07-13,AWS,eu-central-1,g3s.xlarge,M60,1.0,ondemand,0.938,0.938,instances.vantage.sh (AWS Price List mirror)
2026-07-13,AWS,eu-central-1,g4ad.16xlarge,V520,4.0,ondemand,4.336,1.084,instances.vantage.sh (AWS Price List mirror)
2026-07-13,AWS,eu-central-1,g4ad.16xlarge,V520,4.0,spot,1.4135,0.353375,instances.vantage.sh (AWS Price List mirror)
2026-07-13,AWS,eu-central-1,g4ad.2xlarge,V520,1.0,ondemand,0.67662,0.67662,instances.vantage.sh (AWS Price List mirror)
2026-07-13,AWS,eu-central-1,g4ad.2xlarge,V520,1.0,spot,0.2941,0.2941,instances.vantage.sh (AWS Price List mirror)
2026-07-13,AWS,eu-central-1,g4ad.4xlarge,V520,1.0,ondemand,1.084,1.084,instances.vantage.sh (AWS Price List mirror)
2026-07-13,AWS,eu-central-1,g4ad.4xlarge,V520,1.0,spot,0.5302,0.5302,instances.vantage.sh (AWS Price List mirror)
2026-07-13,AWS,eu-central-1,g4ad.8xlarge,V520,2.0,ondemand,2.168,1.084,instances.vantage.sh (AWS Price List mirror)
2026-07-13,AWS,eu-central-1,g4ad.8xlarge,V520,2.0,spot,0.7149,0.35745,instances.vantage.sh (AWS Price List mirror)
2026-07-13,AWS,eu-central-1,g4ad.xlarge,V520,1.0,ondemand,0.47327,0.47327,instances.vantage.sh (AWS Price List mirror)
2026-07-13,AWS,eu-central-1,g4ad.xlarge,V520,1.0,spot,0.13775,0.13775,instances.vantage.sh (AWS Price List mirror)
2026-07-13,AWS,eu-central-1,g4dn.12xlarge,T4,4.0,ondemand,4.89,1.2225,instances.vantage.sh (AWS Price List mirror)
2026-07-13,AWS,eu-central-1,g4dn.12xlarge,T4,4.0,spot,1.809367,0.45234175,instances.vantage.sh (AWS Price List mirror)
2026-07-13,AWS,eu-central-1,g4dn.16xlarge,T4,1.0,ondemand,5.44,5.44,instances.vantage.sh (AWS Price List mirror)
2026-07-13,AWS,eu-central-1,g4dn.16xlarge,T4,1.0,spot,1.7275,1.7275,instances.vantage.sh (AWS Price List mirror)
2026-07-13,AWS,eu-central-1,g4dn.2xlarge,T4,1.0,ondemand,0.94,0.94,instances.vantage.sh (AWS Price List mirror)
2026-07-13,AWS,eu-central-1,g4dn.2xlarge,T4,1.0,spot,0.392267,0.392267,instances.vantage.sh (AWS Price List mirror)
2026-07-13,AWS,eu-central-1,g4dn.4xlarge,T4,1.0,ondemand,1.505,1.505,instances.vantage.sh (AWS Price List mirror)
2026-07-13,AWS,eu-central-1,g4dn.4xlarge,T4,1.0,spot,0.538167,0.538167,instances.vantage.sh (AWS Price List mirror)
2026-07-13,AWS,eu-central-1,g4dn.8xlarge,T4,1.0,ondemand,2.72,2.72,instances.vantage.sh (AWS Price List mirror)
2026-07-13,AWS,eu-central-1,g4dn.8xlarge,T4,1.0,spot,1.085333,1.085333,instances.vantage.sh (AWS Price List mirror)
2026-07-13,AWS,eu-central-1,g4dn.metal,T4,8.0,ondemand,9.78,1.2225,instances.vantage.sh (AWS Price List mirror)
2026-07-13,AWS,eu-central-1,g4dn.metal,T4,8.0,spot,3.774133,0.471766625,instances.vantage.sh (AWS Price List mirror)
2026-07-13,AWS,eu-central-1,g4dn.xlarge,T4,1.0,ondemand,0.658,0.658,instances.vantage.sh (AWS Price List mirror)
2026-07-13,AWS,eu-central-1,g4dn.xlarge,T4,1.0,spot,0.253467,0.253467,instances.vantage.sh (AWS Price List mirror)
2026-07-13,AWS,eu-central-1,g5.12xlarge,A10G,4.0,ondemand,7.09282,1.773205,instances.vantage.sh (AWS Price List mirror)
2026-07-13,AWS,eu-central-1,g5.12xlarge,A10G,4.0,spot,4.4664,1.1166,instances.vantage.sh (AWS Price List mirror)
2026-07-13,AWS,eu-central-1,g5.16xlarge,A10G,1.0,ondemand,5.12204,5.12204,instances.vantage.sh (AWS Price List mirror)
2026-07-13,AWS,eu-central-1,g5.16xlarge,A10G,1.0,spot,1.775533,1.775533,instances.vantage.sh (AWS Price List mirror)
2026-07-13,AWS,eu-central-1,g5.24xlarge,A10G,4.0,ondemand,10.18405,2.5460125,instances.vantage.sh (AWS Price List mirror)
2026-07-13,AWS,eu-central-1,g5.24xlarge,A10G,4.0,spot,6.0872,1.5218,instances.vantage.sh (AWS Price List mirror)
2026-07-13,AWS,eu-central-1,g5.2xlarge,A10G,1.0,ondemand,1.5156,1.5156,instances.vantage.sh (AWS Price List mirror)
2026-07-13,AWS,eu-central-1,g5.2xlarge,A10G,1.0,spot,0.672133,0.672133,instances.vantage.sh (AWS Price List mirror)
2026-07-13,AWS,eu-central-1,g5.48xlarge,A10G,8.0,ondemand,20.3681,2.5460125,instances.vantage.sh (AWS Price List mirror)
2026-07-13,AWS,eu-central-1,g5.48xlarge,A10G,8.0,spot,17.0618,2.132725,instances.vantage.sh (AWS Price List mirror)
2026-07-13,AWS,eu-central-1,g5.4xlarge,A10G,1.0,ondemand,2.03081,2.03081,instances.vantage.sh (AWS Price List mirror)
2026-07-13,AWS,eu-central-1,g5.4xlarge,A10G,1.0,spot,0.8355,0.8355,instances.vantage.sh (AWS Price List mirror)
2026-07-13,AWS,eu-central-1,g5.8xlarge,A10G,1.0,ondemand,3.06122,3.06122,instances.vantage.sh (AWS Price List mirror)
2026-07-13,AWS,eu-central-1,g5.8xlarge,A10G,1.0,spot,1.524467,1.524467,instances.vantage.sh (AWS Price List mirror)
2026-07-13,AWS,eu-central-1,g5.xlarge,A10G,1.0,ondemand,1.258,1.258,instances.vantage.sh (AWS Price List mirror)
2026-07-13,AWS,eu-central-1,g5.xlarge,A10G,1.0,spot,0.499333,0.499333,instances.vantage.sh (AWS Price List mirror)
2026-07-13,AWS,eu-central-1,g5g.16xlarge,T4G,2.0,ondemand,3.4326,1.7163,instances.vantage.sh (AWS Price List mirror)
2026-07-13,AWS,eu-central-1,g5g.16xlarge,T4G,2.0,spot,1.8251,0.91255,instances.vantage.sh (AWS Price List mirror)
2026-07-13,AWS,eu-central-1,g5g.2xlarge,T4G,1.0,ondemand,0.6955,0.6955,instances.vantage.sh (AWS Price List mirror)
2026-07-13,AWS,eu-central-1,g5g.2xlarge,T4G,1.0,spot,0.1508,0.1508,instances.vantage.sh (AWS Price List mirror)
2026-07-13,AWS,eu-central-1,g5g.4xlarge,T4G,1.0,ondemand,1.0358,1.0358,instances.vantage.sh (AWS Price List mirror)
2026-07-13,AWS,eu-central-1,g5g.4xlarge,T4G,1.0,spot,0.179,0.179,instances.vantage.sh (AWS Price List mirror)
2026-07-13,AWS,eu-central-1,g5g.8xlarge,T4G,1.0,ondemand,1.7163,1.7163,instances.vantage.sh (AWS Price List mirror)
2026-07-13,AWS,eu-central-1,g5g.8xlarge,T4G,1.0,spot,0.2118,0.2118,instances.vantage.sh (AWS Price List mirror)
2026-07-13,AWS,eu-central-1,g5g.metal,T4G,2.0,ondemand,3.4326,1.7163,instances.vantage.sh (AWS Price List mirror)
2026-07-13,AWS,eu-central-1,g5g.metal,T4G,2.0,spot,0.6218,0.3109,instances.vantage.sh (AWS Price List mirror)
2026-07-13,AWS,eu-central-1,g5g.xlarge,T4G,1.0,ondemand,0.5254,0.5254,instances.vantage.sh (AWS Price List mirror)
2026-07-13,AWS,eu-central-1,g5g.xlarge,T4G,1.0,spot,0.1098,0.1098,instances.vantage.sh (AWS Price List mirror)
2026-07-13,AWS,eu-central-1,g6.12xlarge,L4,4.0,ondemand,5.75429,1.4385725,instances.vantage.sh (AWS Price List mirror)
2026-07-13,AWS,eu-central-1,g6.12xlarge,L4,4.0,spot,2.388367,0.59709175,instances.vantage.sh (AWS Price List mirror)
2026-07-13,AWS,eu-central-1,g6.16xlarge,L4,1.0,ondemand,4.24769,4.24769,instances.vantage.sh (AWS Price List mirror)
2026-07-13,AWS,eu-central-1,g6.16xlarge,L4,1.0,spot,1.621767,1.621767,instances.vantage.sh (AWS Price List mirror)
2026-07-13,AWS,eu-central-1,g6.24xlarge,L4,4.0,ondemand,8.34732,2.08683,instances.vantage.sh (AWS Price List mirror)
2026-07-13,AWS,eu-central-1,g6.24xlarge,L4,4.0,spot,2.7722,0.69305,instances.vantage.sh (AWS Price List mirror)
2026-07-13,AWS,eu-central-1,g6.2xlarge,L4,1.0,ondemand,1.22249,1.22249,instances.vantage.sh (AWS Price List mirror)
2026-07-13,AWS,eu-central-1,g6.2xlarge,L4,1.0,spot,0.492,0.492,instances.vantage.sh (AWS Price List mirror)
2026-07-13,AWS,eu-central-1,g6.48xlarge,L4,8.0,ondemand,16.69464,2.08683,instances.vantage.sh (AWS Price List mirror)
2026-07-13,AWS,eu-central-1,g6.48xlarge,L4,8.0,spot,5.510267,0.688783375,instances.vantage.sh (AWS Price List mirror)
2026-07-13,AWS,eu-central-1,g6.4xlarge,L4,1.0,ondemand,1.65466,1.65466,instances.vantage.sh (AWS Price List mirror)
2026-07-13,AWS,eu-central-1,g6.4xlarge,L4,1.0,spot,0.602567,0.602567,instances.vantage.sh (AWS Price List mirror)
2026-07-13,AWS,eu-central-1,g6.8xlarge,L4,1.0,ondemand,2.519,2.519,instances.vantage.sh (AWS Price List mirror)
2026-07-13,AWS,eu-central-1,g6.8xlarge,L4,1.0,spot,0.9824,0.9824,instances.vantage.sh (AWS Price List mirror)
2026-07-13,AWS,eu-central-1,g6.xlarge,L4,1.0,ondemand,1.0064,1.0064,instances.vantage.sh (AWS Price List mirror)
2026-07-13,AWS,eu-central-1,g6.xlarge,L4,1.0,spot,0.414867,0.414867,instances.vantage.sh (AWS Price List mirror)
2026-07-13,AWS,eu-central-1,g6e.12xlarge,L40S,4.0,ondemand,13.12002,3.280005,instances.vantage.sh (AWS Price List mirror)
2026-07-13,AWS,eu-central-1,g6e.12xlarge,L40S,4.0,spot,4.607667,1.15191675,instances.vantage.sh (AWS Price List mirror)
2026-07-13,AWS,eu-central-1,g6e.16xlarge,L40S,1.0,ondemand,9.47454,9.47454,instances.vantage.sh (AWS Price List mirror)
2026-07-13,AWS,eu-central-1,g6e.16xlarge,L40S,1.0,spot,2.7367,2.7367,instances.vantage.sh (AWS Price List mirror)
2026-07-13,AWS,eu-central-1,g6e.24xlarge,L40S,4.0,ondemand,18.83806,4.709515,instances.vantage.sh (AWS Price List mirror)
2026-07-13,AWS,eu-central-1,g6e.24xlarge,L40S,4.0,spot,10.171367,2.54284175,instances.vantage.sh (AWS Price List mirror)
2026-07-13,AWS,eu-central-1,g6e.2xlarge,L40S,1.0,ondemand,2.8035,2.8035,instances.vantage.sh (AWS Price List mirror)
2026-07-13,AWS,eu-central-1,g6e.2xlarge,L40S,1.0,spot,2.504467,2.504467,instances.vantage.sh (AWS Price List mirror)
2026-07-13,AWS,eu-central-1,g6e.48xlarge,L40S,8.0,ondemand,37.67612,4.709515,instances.vantage.sh (AWS Price List mirror)
2026-07-13,AWS,eu-central-1,g6e.48xlarge,L40S,8.0,spot,25.3283,3.1660375,instances.vantage.sh (AWS Price List mirror)
2026-07-13,AWS,eu-central-1,g6e.4xlarge,L40S,1.0,ondemand,3.75651,3.75651,instances.vantage.sh (AWS Price List mirror)
2026-07-13,AWS,eu-central-1,g6e.4xlarge,L40S,1.0,spot,1.636667,1.636667,instances.vantage.sh (AWS Price List mirror)
2026-07-13,AWS,eu-central-1,g6e.8xlarge,L40S,1.0,ondemand,5.66252,5.66252,instances.vantage.sh (AWS Price List mirror)
2026-07-13,AWS,eu-central-1,g6e.8xlarge,L40S,1.0,spot,1.9058,1.9058,instances.vantage.sh (AWS Price List mirror)
2026-07-13,AWS,eu-central-1,g6e.xlarge,L40S,1.0,ondemand,2.327,2.327,instances.vantage.sh (AWS Price List mirror)
2026-07-13,AWS,eu-central-1,g6e.xlarge,L40S,1.0,spot,2.327,2.327,instances.vantage.sh (AWS Price List mirror)
2026-07-13,AWS,eu-central-1,g6f.2xlarge,L4,0.25,ondemand,0.594,2.376,instances.vantage.sh (AWS Price List mirror)
2026-07-13,AWS,eu-central-1,g6f.2xlarge,L4,0.25,spot,0.2321,0.9284,instances.vantage.sh (AWS Price List mirror)
2026-07-13,AWS,eu-central-1,g6f.4xlarge,L4,0.5,ondemand,1.188,2.376,instances.vantage.sh (AWS Price List mirror)
2026-07-13,AWS,eu-central-1,g6f.4xlarge,L4,0.5,spot,0.5655,1.131,instances.vantage.sh (AWS Price List mirror)
2026-07-13,AWS,eu-central-1,g6f.large,L4,0.125,ondemand,0.25261,2.02088,instances.vantage.sh (AWS Price List mirror)
2026-07-13,AWS,eu-central-1,g6f.large,L4,0.125,spot,0.08675,0.694,instances.vantage.sh (AWS Price List mirror)
2026-07-13,AWS,eu-central-1,g6f.xlarge,L4,0.125,ondemand,0.297,2.376,instances.vantage.sh (AWS Price List mirror)
2026-07-13,AWS,eu-central-1,g6f.xlarge,L4,0.125,spot,0.11935,0.9548,instances.vantage.sh (AWS Price List mirror)
2026-07-13,AWS,eu-central-1,gr6.4xlarge,L4,1.0,ondemand,1.9248,1.9248,instances.vantage.sh (AWS Price List mirror)
2026-07-13,AWS,eu-central-1,gr6.4xlarge,L4,1.0,spot,0.6844,0.6844,instances.vantage.sh (AWS Price List mirror)
2026-07-13,AWS,eu-central-1,gr6.8xlarge,L4,1.0,ondemand,3.05927,3.05927,instances.vantage.sh (AWS Price List mirror)
2026-07-13,AWS,eu-central-1,gr6.8xlarge,L4,1.0,spot,1.13345,1.13345,instances.vantage.sh (AWS Price List mirror)
2026-07-13,AWS,eu-central-1,gr6f.4xlarge,L4,0.5,ondemand,1.33305,2.6661,instances.vantage.sh (AWS Price List mirror)
2026-07-13,AWS,eu-central-1,gr6f.4xlarge,L4,0.5,spot,0.5233,1.0466,instances.vantage.sh (AWS Price List mirror)
2026-07-13,AWS,eu-central-1,p2.16xlarge,K80,16.0,ondemand,21.216,1.326,instances.vantage.sh (AWS Price List mirror)
2026-07-13,AWS,eu-central-1,p2.8xlarge,K80,8.0,ondemand,10.608,1.326,instances.vantage.sh (AWS Price List mirror)
2026-07-13,AWS,eu-central-1,p2.xlarge,K80,1.0,ondemand,1.326,1.326,instances.vantage.sh (AWS Price List mirror)
2026-07-13,AWS,eu-central-1,p3.16xlarge,V100,8.0,ondemand,30.584,3.823,instances.vantage.sh (AWS Price List mirror)
2026-07-13,AWS,eu-central-1,p3.16xlarge,V100,8.0,spot,30.584,3.823,instances.vantage.sh (AWS Price List mirror)
2026-07-13,AWS,eu-central-1,p3.2xlarge,V100,1.0,ondemand,3.823,3.823,instances.vantage.sh (AWS Price List mirror)
2026-07-13,AWS,eu-central-1,p3.2xlarge,V100,1.0,spot,3.823,3.823,instances.vantage.sh (AWS Price List mirror)
2026-07-13,AWS,eu-central-1,p3.8xlarge,V100,4.0,ondemand,15.292,3.823,instances.vantage.sh (AWS Price List mirror)
2026-07-13,AWS,eu-central-1,p3.8xlarge,V100,4.0,spot,10.10075,2.5251875,instances.vantage.sh (AWS Price List mirror)
2026-07-13,AWS,eu-central-1,p4d.24xlarge,A100,8.0,ondemand,27.43298,3.4291225,instances.vantage.sh (AWS Price List mirror)
2026-07-13,AWS,eu-central-1,p4d.24xlarge,A100,8.0,spot,21.478,2.68475,instances.vantage.sh (AWS Price List mirror)
2026-07-13,AWS,eu-central-1,p4de.24xlarge,A100,8.0,ondemand,34.29122,4.2864025,instances.vantage.sh (AWS Price List mirror)
2026-07-13,AWS,eu-central-1,p4de.24xlarge,A100,8.0,spot,13.76495,1.72061875,instances.vantage.sh (AWS Price List mirror)
2026-07-13,AWS,eu-central-1-ham-1,g4dn.2xlarge,T4,1.0,ondemand,1.363,1.363,instances.vantage.sh (AWS Price List mirror)
2026-07-13,AWS,eu-central-1-waw-1,g4dn.2xlarge,T4,1.0,ondemand,1.175,1.175,instances.vantage.sh (AWS Price List mirror)
2026-07-13,AWS,eu-central-1-wl1-ber1,g4dn.2xlarge,T4,1.0,ondemand,1.222,1.222,instances.vantage.sh (AWS Price List mirror)
2026-07-13,AWS,eu-central-1-wl1-dtm1,g4dn.2xlarge,T4,1.0,ondemand,1.222,1.222,instances.vantage.sh (AWS Price List mirror)
2026-07-13,AWS,eu-central-1-wl1-muc1,g4dn.2xlarge,T4,1.0,ondemand,1.222,1.222,instances.vantage.sh (AWS Price List mirror)
2026-07-13,AWS,eu-central-2,g6.12xlarge,L4,4.0,ondemand,6.2037,1.550925,instances.vantage.sh (AWS Price List mirror)
2026-07-13,AWS,eu-central-2,g6.12xlarge,L4,4.0,spot,1.799073,0.44976825,instances.vantage.sh (AWS Price List mirror)
2026-07-13,AWS,eu-central-2,g6.16xlarge,L4,1.0,ondemand,4.57943,4.57943,instances.vantage.sh (AWS Price List mirror)
2026-07-13,AWS,eu-central-2,g6.16xlarge,L4,1.0,spot,0.870092,0.870092,instances.vantage.sh (AWS Price List mirror)
2026-07-13,AWS,eu-central-2,g6.24xlarge,L4,4.0,ondemand,8.99924,2.24981,instances.vantage.sh (AWS Price List mirror)
2026-07-13,AWS,eu-central-2,g6.24xlarge,L4,4.0,spot,1.88984,0.47246,instances.vantage.sh (AWS Price List mirror)
2026-07-13,AWS,eu-central-2,g6.2xlarge,L4,1.0,ondemand,1.31796,1.31796,instances.vantage.sh (AWS Price List mirror)
2026-07-13,AWS,eu-central-2,g6.2xlarge,L4,1.0,spot,0.382208,0.382208,instances.vantage.sh (AWS Price List mirror)
2026-07-13,AWS,eu-central-2,g6.48xlarge,L4,8.0,ondemand,17.99849,2.24981125,instances.vantage.sh (AWS Price List mirror)
2026-07-13,AWS,eu-central-2,g6.48xlarge,L4,8.0,spot,3.599698,0.44996225,instances.vantage.sh (AWS Price List mirror)
2026-07-13,AWS,eu-central-2,g6.4xlarge,L4,1.0,ondemand,1.78389,1.78389,instances.vantage.sh (AWS Price List mirror)
2026-07-13,AWS,eu-central-2,g6.4xlarge,L4,1.0,spot,0.48165,0.48165,instances.vantage.sh (AWS Price List mirror)
2026-07-13,AWS,eu-central-2,g6.8xlarge,L4,1.0,ondemand,2.71574,2.71574,instances.vantage.sh (AWS Price List mirror)
2026-07-13,AWS,eu-central-2,g6.8xlarge,L4,1.0,spot,0.570305,0.570305,instances.vantage.sh (AWS Price List mirror)
2026-07-13,AWS,eu-central-2,g6.xlarge,L4,1.0,ondemand,1.085,1.085,instances.vantage.sh (AWS Price List mirror)
2026-07-13,AWS,eu-central-2,g6.xlarge,L4,1.0,spot,0.22785,0.22785,instances.vantage.sh (AWS Price List mirror)
2026-07-13,AWS,eu-central-2,gr6.4xlarge,L4,1.0,ondemand,2.1649,2.1649,instances.vantage.sh (AWS Price List mirror)
2026-07-13,AWS,eu-central-2,gr6.4xlarge,L4,1.0,spot,0.454629,0.454629,instances.vantage.sh (AWS Price List mirror)
2026-07-13,AWS,eu-central-2,gr6.8xlarge,L4,1.0,ondemand,3.44089,3.44089,instances.vantage.sh (AWS Price List mirror)
2026-07-13,AWS,eu-central-2,gr6.8xlarge,L4,1.0,spot,0.722587,0.722587,instances.vantage.sh (AWS Price List mirror)
2026-07-13,AWS,eu-north-1,g4dn.12xlarge,T4,4.0,ondemand,4.15,1.0375,instances.vantage.sh (AWS Price List mirror)
2026-07-13,AWS,eu-north-1,g4dn.12xlarge,T4,4.0,spot,1.657733,0.41443325,instances.vantage.sh (AWS Price List mirror)
2026-07-13,AWS,eu-north-1,g4dn.16xlarge,T4,1.0,ondemand,4.617,4.617,instances.vantage.sh (AWS Price List mirror)
2026-07-13,AWS,eu-north-1,g4dn.16xlarge,T4,1.0,spot,0.484333,0.484333,instances.vantage.sh (AWS Price List mirror)
2026-07-13,AWS,eu-north-1,g4dn.2xlarge,T4,1.0,ondemand,0.798,0.798,instances.vantage.sh (AWS Price List mirror)
2026-07-13,AWS,eu-north-1,g4dn.2xlarge,T4,1.0,spot,0.177967,0.177967,instances.vantage.sh (AWS Price List mirror)
2026-07-13,AWS,eu-north-1,g4dn.4xlarge,T4,1.0,ondemand,1.277,1.277,instances.vantage.sh (AWS Price List mirror)
2026-07-13,AWS,eu-north-1,g4dn.4xlarge,T4,1.0,spot,0.400333,0.400333,instances.vantage.sh (AWS Price List mirror)
2026-07-13,AWS,eu-north-1,g4dn.8xlarge,T4,1.0,ondemand,2.308,2.308,instances.vantage.sh (AWS Price List mirror)
2026-07-13,AWS,eu-north-1,g4dn.8xlarge,T4,1.0,spot,0.333967,0.333967,instances.vantage.sh (AWS Price List mirror)
2026-07-13,AWS,eu-north-1,g4dn.metal,T4,8.0,ondemand,8.3,1.0375,instances.vantage.sh (AWS Price List mirror)
2026-07-13,AWS,eu-north-1,g4dn.metal,T4,8.0,spot,3.0024,0.3753,instances.vantage.sh (AWS Price List mirror)
2026-07-13,AWS,eu-north-1,g4dn.xlarge,T4,1.0,ondemand,0.558,0.558,instances.vantage.sh (AWS Price List mirror)
2026-07-13,AWS,eu-north-1,g4dn.xlarge,T4,1.0,spot,0.180367,0.180367,instances.vantage.sh (AWS Price List mirror)
2026-07-13,AWS,eu-north-1,g5.12xlarge,A10G,4.0,ondemand,6.01593,1.5039825,instances.vantage.sh (AWS Price List mirror)
2026-07-13,AWS,eu-north-1,g5.12xlarge,A10G,4.0,spot,2.284,0.571,instances.vantage.sh (AWS Price List mirror)
2026-07-13,AWS,eu-north-1,g5.16xlarge,A10G,1.0,ondemand,4.34437,4.34437,instances.vantage.sh (AWS Price List mirror)
2026-07-13,AWS,eu-north-1,g5.16xlarge,A10G,1.0,spot,1.0324,1.0324,instances.vantage.sh (AWS Price List mirror)
2026-07-13,AWS,eu-north-1,g5.24xlarge,A10G,4.0,ondemand,8.63782,2.159455,instances.vantage.sh (AWS Price List mirror)
2026-07-13,AWS,eu-north-1,g5.24xlarge,A10G,4.0,spot,2.86515,0.7162875,instances.vantage.sh (AWS Price List mirror)
2026-07-13,AWS,eu-north-1,g5.2xlarge,A10G,1.0,ondemand,1.28549,1.28549,instances.vantage.sh (AWS Price List mirror)
2026-07-13,AWS,eu-north-1,g5.2xlarge,A10G,1.0,spot,0.44455,0.44455,instances.vantage.sh (AWS Price List mirror)
2026-07-13,AWS,eu-north-1,g5.48xlarge,A10G,8.0,ondemand,17.27564,2.159455,instances.vantage.sh (AWS Price List mirror)
2026-07-13,AWS,eu-north-1,g5.48xlarge,A10G,8.0,spot,6.6498,0.831225,instances.vantage.sh (AWS Price List mirror)
2026-07-13,AWS,eu-north-1,g5.4xlarge,A10G,1.0,ondemand,1.72247,1.72247,instances.vantage.sh (AWS Price List mirror)
2026-07-13,AWS,eu-north-1,g5.4xlarge,A10G,1.0,spot,0.5006,0.5006,instances.vantage.sh (AWS Price List mirror)
2026-07-13,AWS,eu-north-1,g5.8xlarge,A10G,1.0,ondemand,2.59644,2.59644,instances.vantage.sh (AWS Price List mirror)
2026-07-13,AWS,eu-north-1,g5.8xlarge,A10G,1.0,spot,0.83035,0.83035,instances.vantage.sh (AWS Price List mirror)
2026-07-13,AWS,eu-north-1,g5.xlarge,A10G,1.0,ondemand,1.067,1.067,instances.vantage.sh (AWS Price List mirror)
2026-07-13,AWS,eu-north-1,g5.xlarge,A10G,1.0,spot,0.4369,0.4369,instances.vantage.sh (AWS Price List mirror)
2026-07-13,AWS,eu-north-1,g6.12xlarge,L4,4.0,ondemand,4.88062,1.220155,instances.vantage.sh (AWS Price List mirror)
2026-07-13,AWS,eu-north-1,g6.12xlarge,L4,4.0,spot,1.2316,0.3079,instances.vantage.sh (AWS Price List mirror)
2026-07-13,AWS,eu-north-1,g6.16xlarge,L4,1.0,ondemand,3.60277,3.60277,instances.vantage.sh (AWS Price List mirror)
2026-07-13,AWS,eu-north-1,g6.16xlarge,L4,1.0,spot,1.04635,1.04635,instances.vantage.sh (AWS Price List mirror)
2026-07-13,AWS,eu-north-1,g6.24xlarge,L4,4.0,ondemand,7.07996,1.76999,instances.vantage.sh (AWS Price List mirror)
2026-07-13,AWS,eu-north-1,g6.24xlarge,L4,4.0,spot,1.5583,0.389575,instances.vantage.sh (AWS Price List mirror)
2026-07-13,AWS,eu-north-1,g6.2xlarge,L4,1.0,ondemand,1.03688,1.03688,instances.vantage.sh (AWS Price List mirror)
2026-07-13,AWS,eu-north-1,g6.2xlarge,L4,1.0,spot,0.2766,0.2766,instances.vantage.sh (AWS Price List mirror)
2026-07-13,AWS,eu-north-1,g6.48xlarge,L4,8.0,ondemand,14.15992,1.76999,instances.vantage.sh (AWS Price List mirror)
2026-07-13,AWS,eu-north-1,g6.48xlarge,L4,8.0,spot,2.74525,0.34315625,instances.vantage.sh (AWS Price List mirror)
2026-07-13,AWS,eu-north-1,g6.4xlarge,L4,1.0,ondemand,1.40343,1.40343,instances.vantage.sh (AWS Price List mirror)
2026-07-13,AWS,eu-north-1,g6.4xlarge,L4,1.0,spot,0.3297,0.3297,instances.vantage.sh (AWS Price List mirror)
2026-07-13,AWS,eu-north-1,g6.8xlarge,L4,1.0,ondemand,2.13655,2.13655,instances.vantage.sh (AWS Price List mirror)
2026-07-13,AWS,eu-north-1,g6.8xlarge,L4,1.0,spot,0.68385,0.68385,instances.vantage.sh (AWS Price List mirror)
2026-07-13,AWS,eu-north-1,g6.xlarge,L4,1.0,ondemand,0.8536,0.8536,instances.vantage.sh (AWS Price List mirror)
2026-07-13,AWS,eu-north-1,g6.xlarge,L4,1.0,spot,0.32265,0.32265,instances.vantage.sh (AWS Price List mirror)
2026-07-13,AWS,eu-north-1,g6e.12xlarge,L40S,4.0,ondemand,11.12975,2.7824375,instances.vantage.sh (AWS Price List mirror)
2026-07-13,AWS,eu-north-1,g6e.12xlarge,L40S,4.0,spot,5.4313,1.357825,instances.vantage.sh (AWS Price List mirror)
2026-07-13,AWS,eu-north-1,g6e.16xlarge,L40S,1.0,ondemand,8.03728,8.03728,instances.vantage.sh (AWS Price List mirror)
2026-07-13,AWS,eu-north-1,g6e.16xlarge,L40S,1.0,spot,1.9355,1.9355,instances.vantage.sh (AWS Price List mirror)
2026-07-13,AWS,eu-north-1,g6e.24xlarge,L40S,4.0,ondemand,15.98037,3.9950925,instances.vantage.sh (AWS Price List mirror)
2026-07-13,AWS,eu-north-1,g6e.24xlarge,L40S,4.0,spot,10.3396,2.5849,instances.vantage.sh (AWS Price List mirror)
2026-07-13,AWS,eu-north-1,g6e.2xlarge,L40S,1.0,ondemand,2.37822,2.37822,instances.vantage.sh (AWS Price List mirror)
2026-07-13,AWS,eu-north-1,g6e.2xlarge,L40S,1.0,spot,0.7902,0.7902,instances.vantage.sh (AWS Price List mirror)
2026-07-13,AWS,eu-north-1,g6e.48xlarge,L40S,8.0,ondemand,31.96075,3.99509375,instances.vantage.sh (AWS Price List mirror)
2026-07-13,AWS,eu-north-1,g6e.48xlarge,L40S,8.0,spot,19.36855,2.42106875,instances.vantage.sh (AWS Price List mirror)
2026-07-13,AWS,eu-north-1,g6e.4xlarge,L40S,1.0,ondemand,3.18666,3.18666,instances.vantage.sh (AWS Price List mirror)
2026-07-13,AWS,eu-north-1,g6e.4xlarge,L40S,1.0,spot,1.17865,1.17865,instances.vantage.sh (AWS Price List mirror)
2026-07-13,AWS,eu-north-1,g6e.8xlarge,L40S,1.0,ondemand,4.80353,4.80353,instances.vantage.sh (AWS Price List mirror)
2026-07-13,AWS,eu-north-1,g6e.8xlarge,L40S,1.0,spot,1.37685,1.37685,instances.vantage.sh (AWS Price List mirror)
2026-07-13,AWS,eu-north-1,g6e.xlarge,L40S,1.0,ondemand,1.974,1.974,instances.vantage.sh (AWS Price List mirror)
2026-07-13,AWS,eu-north-1,g6e.xlarge,L40S,1.0,spot,0.7124,0.7124,instances.vantage.sh (AWS Price List mirror)
2026-07-13,AWS,eu-north-1,g6f.2xlarge,L4,0.25,ondemand,0.50379,2.01516,instances.vantage.sh (AWS Price List mirror)
2026-07-13,AWS,eu-north-1,g6f.2xlarge,L4,0.25,spot,0.13215,0.5286,instances.vantage.sh (AWS Price List mirror)
2026-07-13,AWS,eu-north-1,g6f.4xlarge,L4,0.5,ondemand,1.00758,2.01516,instances.vantage.sh (AWS Price List mirror)
2026-07-13,AWS,eu-north-1,g6f.4xlarge,L4,0.5,spot,0.28245,0.5649,instances.vantage.sh (AWS Price List mirror)
2026-07-13,AWS,eu-north-1,g6f.large,L4,0.125,ondemand,0.21424,1.71392,instances.vantage.sh (AWS Price List mirror)
2026-07-13,AWS,eu-north-1,g6f.large,L4,0.125,spot,0.0277,0.2216,instances.vantage.sh (AWS Price List mirror)
2026-07-13,AWS,eu-north-1,g6f.xlarge,L4,0.125,ondemand,0.2519,2.0152,instances.vantage.sh (AWS Price List mirror)
2026-07-13,AWS,eu-north-1,g6f.xlarge,L4,0.125,spot,0.07055,0.5644,instances.vantage.sh (AWS Price List mirror)
2026-07-13,AWS,eu-north-1,gr6.4xlarge,L4,1.0,ondemand,1.6326,1.6326,instances.vantage.sh (AWS Price List mirror)
2026-07-13,AWS,eu-north-1,gr6.4xlarge,L4,1.0,spot,0.31,0.31,instances.vantage.sh (AWS Price List mirror)
2026-07-13,AWS,eu-north-1,gr6.8xlarge,L4,1.0,ondemand,2.59485,2.59485,instances.vantage.sh (AWS Price List mirror)
2026-07-13,AWS,eu-north-1,gr6.8xlarge,L4,1.0,spot,0.64415,0.64415,instances.vantage.sh (AWS Price List mirror)
2026-07-13,AWS,eu-north-1,gr6f.4xlarge,L4,0.5,ondemand,1.13069,2.26138,instances.vantage.sh (AWS Price List mirror)
2026-07-13,AWS,eu-north-1,gr6f.4xlarge,L4,0.5,spot,0.3007,0.6014,instances.vantage.sh (AWS Price List mirror)
2026-07-13,AWS,eu-north-1,p4d.24xlarge,A100,8.0,ondemand,23.71569,2.96446125,instances.vantage.sh (AWS Price List mirror)
2026-07-13,AWS,eu-north-1,p4d.24xlarge,A100,8.0,spot,10.7057,1.3382125,instances.vantage.sh (AWS Price List mirror)
2026-07-13,AWS,eu-north-1,p5.48xlarge,H100,8.0,ondemand,58.8928,7.3616,instances.vantage.sh (AWS Price List mirror)
2026-07-13,AWS,eu-north-1,p5.48xlarge,H100,8.0,spot,57.8596,7.23245,instances.vantage.sh (AWS Price List mirror)
2026-07-13,AWS,eu-north-1,p5en.48xlarge,H200,8.0,ondemand,67.72672,8.46584,instances.vantage.sh (AWS Price List mirror)
2026-07-13,AWS,eu-north-1,p5en.48xlarge,H200,8.0,spot,39.07935,4.88491875,instances.vantage.sh (AWS Price List mirror)
2026-07-13,AWS,eu-north-1-cph-1,g4dn.2xlarge,T4,1.0,ondemand,1.157,1.157,instances.vantage.sh (AWS Price List mirror)
2026-07-13,AWS,eu-north-1-hel-1,g4dn.2xlarge,T4,1.0,ondemand,0.997,0.997,instances.vantage.sh (AWS Price List mirror)
2026-07-13,AWS,eu-south-1,g4dn.12xlarge,T4,4.0,ondemand,4.58,1.145,instances.vantage.sh (AWS Price List mirror)
2026-07-13,AWS,eu-south-1,g4dn.12xlarge,T4,4.0,spot,2.1068,0.5267,instances.vantage.sh (AWS Price List mirror)
2026-07-13,AWS,eu-south-1,g4dn.16xlarge,T4,1.0,ondemand,5.095,5.095,instances.vantage.sh (AWS Price List mirror)
2026-07-13,AWS,eu-south-1,g4dn.16xlarge,T4,1.0,spot,0.5095,0.5095,instances.vantage.sh (AWS Price List mirror)
2026-07-13,AWS,eu-south-1,g4dn.2xlarge,T4,1.0,ondemand,0.88,0.88,instances.vantage.sh (AWS Price List mirror)
2026-07-13,AWS,eu-south-1,g4dn.2xlarge,T4,1.0,spot,0.1232,0.1232,instances.vantage.sh (AWS Price List mirror)
2026-07-13,AWS,eu-south-1,g4dn.4xlarge,T4,1.0,ondemand,1.41,1.41,instances.vantage.sh (AWS Price List mirror)
2026-07-13,AWS,eu-south-1,g4dn.4xlarge,T4,1.0,spot,0.3102,0.3102,instances.vantage.sh (AWS Price List mirror)
2026-07-13,AWS,eu-south-1,g4dn.8xlarge,T4,1.0,ondemand,2.547,2.547,instances.vantage.sh (AWS Price List mirror)
2026-07-13,AWS,eu-south-1,g4dn.8xlarge,T4,1.0,spot,0.2547,0.2547,instances.vantage.sh (AWS Price List mirror)
2026-07-13,AWS,eu-south-1,g4dn.metal,T4,8.0,ondemand,9.16,1.145,instances.vantage.sh (AWS Price List mirror)
2026-07-13,AWS,eu-south-1,g4dn.metal,T4,8.0,spot,2.8396,0.35495,instances.vantage.sh (AWS Price List mirror)
2026-07-13,AWS,eu-south-1,g4dn.xlarge,T4,1.0,ondemand,0.616,0.616,instances.vantage.sh (AWS Price List mirror)
2026-07-13,AWS,eu-south-1,g4dn.xlarge,T4,1.0,spot,0.08008,0.08008,instances.vantage.sh (AWS Price List mirror)
2026-07-13,AWS,eu-south-2,g5g.16xlarge,T4G,2.0,ondemand,3.0622,1.5311,instances.vantage.sh (AWS Price List mirror)
2026-07-13,AWS,eu-south-2,g5g.16xlarge,T4G,2.0,spot,0.30622,0.15311,instances.vantage.sh (AWS Price List mirror)
2026-07-13,AWS,eu-south-2,g5g.2xlarge,T4G,1.0,ondemand,0.6205,0.6205,instances.vantage.sh (AWS Price List mirror)
2026-07-13,AWS,eu-south-2,g5g.2xlarge,T4G,1.0,spot,0.093075,0.093075,instances.vantage.sh (AWS Price List mirror)
2026-07-13,AWS,eu-south-2,g5g.4xlarge,T4G,1.0,ondemand,0.924,0.924,instances.vantage.sh (AWS Price List mirror)
2026-07-13,AWS,eu-south-2,g5g.4xlarge,T4G,1.0,spot,0.11088,0.11088,instances.vantage.sh (AWS Price List mirror)
2026-07-13,AWS,eu-south-2,g5g.8xlarge,T4G,1.0,ondemand,1.5311,1.5311,instances.vantage.sh (AWS Price List mirror)
2026-07-13,AWS,eu-south-2,g5g.8xlarge,T4G,1.0,spot,0.168421,0.168421,instances.vantage.sh (AWS Price List mirror)
2026-07-13,AWS,eu-south-2,g5g.metal,T4G,2.0,ondemand,3.0622,1.5311,instances.vantage.sh (AWS Price List mirror)
2026-07-13,AWS,eu-south-2,g5g.metal,T4G,2.0,spot,0.30622,0.15311,instances.vantage.sh (AWS Price List mirror)
2026-07-13,AWS,eu-south-2,g5g.xlarge,T4G,1.0,ondemand,0.4687,0.4687,instances.vantage.sh (AWS Price List mirror)
2026-07-13,AWS,eu-south-2,g5g.xlarge,T4G,1.0,spot,0.14061,0.14061,instances.vantage.sh (AWS Price List mirror)
2026-07-13,AWS,eu-south-2,g6.12xlarge,L4,4.0,ondemand,4.8486,1.21215,instances.vantage.sh (AWS Price List mirror)
2026-07-13,AWS,eu-south-2,g6.12xlarge,L4,4.0,spot,0.824262,0.2060655,instances.vantage.sh (AWS Price List mirror)
2026-07-13,AWS,eu-south-2,g6.16xlarge,L4,1.0,ondemand,3.57913,3.57913,instances.vantage.sh (AWS Price List mirror)
2026-07-13,AWS,eu-south-2,g6.16xlarge,L4,1.0,spot,0.393704,0.393704,instances.vantage.sh (AWS Price List mirror)
2026-07-13,AWS,eu-south-2,g6.24xlarge,L4,4.0,ondemand,7.03351,1.7583775,instances.vantage.sh (AWS Price List mirror)
2026-07-13,AWS,eu-south-2,g6.24xlarge,L4,4.0,spot,1.195697,0.29892425,instances.vantage.sh (AWS Price List mirror)
2026-07-13,AWS,eu-south-2,g6.2xlarge,L4,1.0,ondemand,1.03008,1.03008,instances.vantage.sh (AWS Price List mirror)
2026-07-13,AWS,eu-south-2,g6.2xlarge,L4,1.0,spot,0.13391,0.13391,instances.vantage.sh (AWS Price List mirror)
2026-07-13,AWS,eu-south-2,g6.48xlarge,L4,8.0,ondemand,14.06702,1.7583775,instances.vantage.sh (AWS Price List mirror)
2026-07-13,AWS,eu-south-2,g6.48xlarge,L4,8.0,spot,2.672734,0.33409175,instances.vantage.sh (AWS Price List mirror)
2026-07-13,AWS,eu-south-2,g6.4xlarge,L4,1.0,ondemand,1.39423,1.39423,instances.vantage.sh (AWS Price List mirror)
2026-07-13,AWS,eu-south-2,g6.4xlarge,L4,1.0,spot,0.167308,0.167308,instances.vantage.sh (AWS Price List mirror)
2026-07-13,AWS,eu-south-2,g6.8xlarge,L4,1.0,ondemand,2.12253,2.12253,instances.vantage.sh (AWS Price List mirror)
2026-07-13,AWS,eu-south-2,g6.8xlarge,L4,1.0,spot,0.233478,0.233478,instances.vantage.sh (AWS Price List mirror)
2026-07-13,AWS,eu-south-2,g6.xlarge,L4,1.0,ondemand,0.848,0.848,instances.vantage.sh (AWS Price List mirror)
2026-07-13,AWS,eu-south-2,g6.xlarge,L4,1.0,spot,0.14416,0.14416,instances.vantage.sh (AWS Price List mirror)
2026-07-13,AWS,eu-south-2,g6e.12xlarge,L40S,4.0,ondemand,11.05645,2.7641125,instances.vantage.sh (AWS Price List mirror)
2026-07-13,AWS,eu-south-2,g6e.12xlarge,L40S,4.0,spot,3.095806,0.7739515,instances.vantage.sh (AWS Price List mirror)
2026-07-13,AWS,eu-south-2,g6e.16xlarge,L40S,1.0,ondemand,7.98435,7.98435,instances.vantage.sh (AWS Price List mirror)
2026-07-13,AWS,eu-south-2,g6e.16xlarge,L40S,1.0,spot,0.798435,0.798435,instances.vantage.sh (AWS Price List mirror)
2026-07-13,AWS,eu-south-2,g6e.24xlarge,L40S,4.0,ondemand,15.87513,3.9687825,instances.vantage.sh (AWS Price List mirror)
2026-07-13,AWS,eu-south-2,g6e.24xlarge,L40S,4.0,spot,4.127534,1.0318835,instances.vantage.sh (AWS Price List mirror)
2026-07-13,AWS,eu-south-2,g6e.2xlarge,L40S,1.0,ondemand,2.36256,2.36256,instances.vantage.sh (AWS Price List mirror)
2026-07-13,AWS,eu-south-2,g6e.2xlarge,L40S,1.0,spot,0.567014,0.567014,instances.vantage.sh (AWS Price List mirror)
2026-07-13,AWS,eu-south-2,g6e.48xlarge,L40S,8.0,ondemand,31.75027,3.96878375,instances.vantage.sh (AWS Price List mirror)
2026-07-13,AWS,eu-south-2,g6e.48xlarge,L40S,8.0,spot,15.24013,1.90501625,instances.vantage.sh (AWS Price List mirror)
2026-07-13,AWS,eu-south-2,g6e.4xlarge,L40S,1.0,ondemand,3.16567,3.16567,instances.vantage.sh (AWS Price List mirror)
2026-07-13,AWS,eu-south-2,g6e.4xlarge,L40S,1.0,spot,0.664791,0.664791,instances.vantage.sh (AWS Price List mirror)
2026-07-13,AWS,eu-south-2,g6e.8xlarge,L40S,1.0,ondemand,4.7719,4.7719,instances.vantage.sh (AWS Price List mirror)
2026-07-13,AWS,eu-south-2,g6e.8xlarge,L40S,1.0,spot,0.668066,0.668066,instances.vantage.sh (AWS Price List mirror)
2026-07-13,AWS,eu-south-2,g6e.xlarge,L40S,1.0,ondemand,1.961,1.961,instances.vantage.sh (AWS Price List mirror)
2026-07-13,AWS,eu-south-2,g6e.xlarge,L40S,1.0,spot,0.62752,0.62752,instances.vantage.sh (AWS Price List mirror)
2026-07-13,AWS,eu-south-2,g6f.2xlarge,L4,0.25,ondemand,0.53438,2.13752,instances.vantage.sh (AWS Price List mirror)
2026-07-13,AWS,eu-south-2,g6f.2xlarge,L4,0.25,spot,0.15497,0.61988,instances.vantage.sh (AWS Price List mirror)
2026-07-13,AWS,eu-south-2,g6f.4xlarge,L4,0.5,ondemand,1.06875,2.1375,instances.vantage.sh (AWS Price List mirror)
2026-07-13,AWS,eu-south-2,g6f.4xlarge,L4,0.5,spot,0.309937,0.619874,instances.vantage.sh (AWS Price List mirror)
2026-07-13,AWS,eu-south-2,g6f.large,L4,0.125,ondemand,0.22725,1.818,instances.vantage.sh (AWS Price List mirror)
2026-07-13,AWS,eu-south-2,g6f.large,L4,0.125,spot,0.052268,0.418144,instances.vantage.sh (AWS Price List mirror)
2026-07-13,AWS,eu-south-2,g6f.xlarge,L4,0.125,ondemand,0.26719,2.13752,instances.vantage.sh (AWS Price List mirror)
2026-07-13,AWS,eu-south-2,g6f.xlarge,L4,0.125,spot,0.077485,0.61988,instances.vantage.sh (AWS Price List mirror)
2026-07-13,AWS,eu-south-2,g7e.12xlarge,NVIDIA GB202,2.0,ondemand,8.73134,4.36567,instances.vantage.sh (AWS Price List mirror)
2026-07-13,AWS,eu-south-2,g7e.12xlarge,NVIDIA GB202,2.0,spot,2.532089,1.2660445,instances.vantage.sh (AWS Price List mirror)
2026-07-13,AWS,eu-south-2,g7e.24xlarge,NVIDIA GB202,4.0,ondemand,17.46268,4.36567,instances.vantage.sh (AWS Price List mirror)
2026-07-13,AWS,eu-south-2,g7e.24xlarge,NVIDIA GB202,4.0,spot,5.064177,1.26604425,instances.vantage.sh (AWS Price List mirror)
2026-07-13,AWS,eu-south-2,g7e.2xlarge,NVIDIA GB202,1.0,ondemand,3.54384,3.54384,instances.vantage.sh (AWS Price List mirror)
2026-07-13,AWS,eu-south-2,g7e.2xlarge,NVIDIA GB202,1.0,spot,1.063152,1.063152,instances.vantage.sh (AWS Price List mirror)
2026-07-13,AWS,eu-south-2,g7e.48xlarge,NVIDIA GB202,8.0,ondemand,34.92536,4.36567,instances.vantage.sh (AWS Price List mirror)
2026-07-13,AWS,eu-south-2,g7e.48xlarge,NVIDIA GB202,8.0,spot,10.477608,1.309701,instances.vantage.sh (AWS Price List mirror)
2026-07-13,AWS,eu-south-2,g7e.4xlarge,NVIDIA GB202,1.0,ondemand,4.213,4.213,instances.vantage.sh (AWS Price List mirror)
2026-07-13,AWS,eu-south-2,g7e.4xlarge,NVIDIA GB202,1.0,spot,1.39029,1.39029,instances.vantage.sh (AWS Price List mirror)
2026-07-13,AWS,eu-south-2,g7e.8xlarge,NVIDIA GB202,1.0,ondemand,5.55133,5.55133,instances.vantage.sh (AWS Price List mirror)
2026-07-13,AWS,eu-south-2,g7e.8xlarge,NVIDIA GB202,1.0,spot,1.665399,1.665399,instances.vantage.sh (AWS Price List mirror)
2026-07-13,AWS,eu-south-2,gr6.4xlarge,L4,1.0,ondemand,1.6218,1.6218,instances.vantage.sh (AWS Price List mirror)
2026-07-13,AWS,eu-south-2,gr6.4xlarge,L4,1.0,spot,0.178398,0.178398,instances.vantage.sh (AWS Price List mirror)
2026-07-13,AWS,eu-south-2,gr6.8xlarge,L4,1.0,ondemand,2.57768,2.57768,instances.vantage.sh (AWS Price List mirror)
2026-07-13,AWS,eu-south-2,gr6.8xlarge,L4,1.0,spot,0.283545,0.283545,instances.vantage.sh (AWS Price List mirror)
2026-07-13,AWS,eu-south-2,gr6f.4xlarge,L4,0.5,ondemand,1.19925,2.3985,instances.vantage.sh (AWS Price List mirror)
2026-07-13,AWS,eu-south-2,gr6f.4xlarge,L4,0.5,spot,0.347782,0.695564,instances.vantage.sh (AWS Price List mirror)
2026-07-13,AWS,eu-south-2,p5en.48xlarge,H200,8.0,ondemand,68.35968,8.54496,instances.vantage.sh (AWS Price List mirror)
2026-07-13,AWS,eu-south-2,p5en.48xlarge,H200,8.0,spot,13.671936,1.708992,instances.vantage.sh (AWS Price List mirror)
2026-07-13,AWS,eu-west-1,g2.2xlarge,K520,1.0,ondemand,0.702,0.702,instances.vantage.sh (AWS Price List mirror)
2026-07-13,AWS,eu-west-1,g2.8xlarge,K520,4.0,ondemand,2.808,0.702,instances.vantage.sh (AWS Price List mirror)
2026-07-13,AWS,eu-west-1,g3.16xlarge,M60,4.0,ondemand,4.84,1.21,instances.vantage.sh (AWS Price List mirror)
2026-07-13,AWS,eu-west-1,g3.4xlarge,M60,1.0,ondemand,1.21,1.21,instances.vantage.sh (AWS Price List mirror)
2026-07-13,AWS,eu-west-1,g3.8xlarge,M60,2.0,ondemand,2.42,1.21,instances.vantage.sh (AWS Price List mirror)
2026-07-13,AWS,eu-west-1,g3s.xlarge,M60,1.0,ondemand,0.796,0.796,instances.vantage.sh (AWS Price List mirror)
2026-07-13,AWS,eu-west-1,g4ad.16xlarge,V520,4.0,ondemand,3.872,0.968,instances.vantage.sh (AWS Price List mirror)
2026-07-13,AWS,eu-west-1,g4ad.16xlarge,V520,4.0,spot,1.581467,0.39536675,instances.vantage.sh (AWS Price List mirror)
2026-07-13,AWS,eu-west-1,g4ad.2xlarge,V520,1.0,ondemand,0.60421,0.60421,instances.vantage.sh (AWS Price List mirror)
2026-07-13,AWS,eu-west-1,g4ad.2xlarge,V520,1.0,spot,0.264633,0.264633,instances.vantage.sh (AWS Price List mirror)
2026-07-13,AWS,eu-west-1,g4ad.4xlarge,V520,1.0,ondemand,0.968,0.968,instances.vantage.sh (AWS Price List mirror)
2026-07-13,AWS,eu-west-1,g4ad.4xlarge,V520,1.0,spot,0.435133,0.435133,instances.vantage.sh (AWS Price List mirror)
2026-07-13,AWS,eu-west-1,g4ad.8xlarge,V520,2.0,ondemand,1.936,0.968,instances.vantage.sh (AWS Price List mirror)
2026-07-13,AWS,eu-west-1,g4ad.8xlarge,V520,2.0,spot,0.822533,0.4112665,instances.vantage.sh (AWS Price List mirror)
2026-07-13,AWS,eu-west-1,g4ad.xlarge,V520,1.0,ondemand,0.42263,0.42263,instances.vantage.sh (AWS Price List mirror)
2026-07-13,AWS,eu-west-1,g4ad.xlarge,V520,1.0,spot,0.181967,0.181967,instances.vantage.sh (AWS Price List mirror)
2026-07-13,AWS,eu-west-1,g4dn.12xlarge,T4,4.0,ondemand,4.362,1.0905,instances.vantage.sh (AWS Price List mirror)
2026-07-13,AWS,eu-west-1,g4dn.12xlarge,T4,4.0,spot,2.000967,0.50024175,instances.vantage.sh (AWS Price List mirror)
2026-07-13,AWS,eu-west-1,g4dn.16xlarge,T4,1.0,ondemand,4.853,4.853,instances.vantage.sh (AWS Price List mirror)
2026-07-13,AWS,eu-west-1,g4dn.16xlarge,T4,1.0,spot,1.250067,1.250067,instances.vantage.sh (AWS Price List mirror)
2026-07-13,AWS,eu-west-1,g4dn.2xlarge,T4,1.0,ondemand,0.838,0.838,instances.vantage.sh (AWS Price List mirror)
2026-07-13,AWS,eu-west-1,g4dn.2xlarge,T4,1.0,spot,0.399367,0.399367,instances.vantage.sh (AWS Price List mirror)
2026-07-13,AWS,eu-west-1,g4dn.4xlarge,T4,1.0,ondemand,1.342,1.342,instances.vantage.sh (AWS Price List mirror)
2026-07-13,AWS,eu-west-1,g4dn.4xlarge,T4,1.0,spot,0.5931,0.5931,instances.vantage.sh (AWS Price List mirror)
2026-07-13,AWS,eu-west-1,g4dn.8xlarge,T4,1.0,ondemand,2.426,2.426,instances.vantage.sh (AWS Price List mirror)
2026-07-13,AWS,eu-west-1,g4dn.8xlarge,T4,1.0,spot,1.1294,1.1294,instances.vantage.sh (AWS Price List mirror)
2026-07-13,AWS,eu-west-1,g4dn.metal,T4,8.0,ondemand,8.724,1.0905,instances.vantage.sh (AWS Price List mirror)
2026-07-13,AWS,eu-west-1,g4dn.metal,T4,8.0,spot,4.480333,0.560041625,instances.vantage.sh (AWS Price List mirror)
2026-07-13,AWS,eu-west-1,g4dn.xlarge,T4,1.0,ondemand,0.587,0.587,instances.vantage.sh (AWS Price List mirror)
2026-07-13,AWS,eu-west-1,g4dn.xlarge,T4,1.0,spot,0.322833,0.322833,instances.vantage.sh (AWS Price List mirror)
2026-07-13,AWS,eu-west-1,g5.12xlarge,A10G,4.0,ondemand,6.33167,1.5829175,instances.vantage.sh (AWS Price List mirror)
2026-07-13,AWS,eu-west-1,g5.12xlarge,A10G,4.0,spot,3.0026,0.75065,instances.vantage.sh (AWS Price List mirror)
2026-07-13,AWS,eu-west-1,g5.16xlarge,A10G,1.0,ondemand,4.57237,4.57237,instances.vantage.sh (AWS Price List mirror)
2026-07-13,AWS,eu-west-1,g5.16xlarge,A10G,1.0,spot,1.3209,1.3209,instances.vantage.sh (AWS Price List mirror)
2026-07-13,AWS,eu-west-1,g5.24xlarge,A10G,4.0,ondemand,9.09117,2.2727925,instances.vantage.sh (AWS Price List mirror)
2026-07-13,AWS,eu-west-1,g5.24xlarge,A10G,4.0,spot,3.325033,0.83125825,instances.vantage.sh (AWS Price List mirror)
2026-07-13,AWS,eu-west-1,g5.2xlarge,A10G,1.0,ondemand,1.35296,1.35296,instances.vantage.sh (AWS Price List mirror)
2026-07-13,AWS,eu-west-1,g5.2xlarge,A10G,1.0,spot,1.0081,1.0081,instances.vantage.sh (AWS Price List mirror)
2026-07-13,AWS,eu-west-1,g5.48xlarge,A10G,8.0,ondemand,18.18233,2.27279125,instances.vantage.sh (AWS Price List mirror)
2026-07-13,AWS,eu-west-1,g5.48xlarge,A10G,8.0,spot,8.171967,1.021495875,instances.vantage.sh (AWS Price List mirror)
2026-07-13,AWS,eu-west-1,g5.4xlarge,A10G,1.0,ondemand,1.81287,1.81287,instances.vantage.sh (AWS Price List mirror)
2026-07-13,AWS,eu-west-1,g5.4xlarge,A10G,1.0,spot,1.1317,1.1317,instances.vantage.sh (AWS Price List mirror)
2026-07-13,AWS,eu-west-1,g5.8xlarge,A10G,1.0,ondemand,2.73271,2.73271,instances.vantage.sh (AWS Price List mirror)
2026-07-13,AWS,eu-west-1,g5.8xlarge,A10G,1.0,spot,1.680467,1.680467,instances.vantage.sh (AWS Price List mirror)
2026-07-13,AWS,eu-west-1,g5.xlarge,A10G,1.0,ondemand,1.123,1.123,instances.vantage.sh (AWS Price List mirror)
2026-07-13,AWS,eu-west-1,g5.xlarge,A10G,1.0,spot,0.840233,0.840233,instances.vantage.sh (AWS Price List mirror)
2026-07-13,AWS,eu-west-1,p2.16xlarge,K80,16.0,ondemand,15.552,0.972,instances.vantage.sh (AWS Price List mirror)
2026-07-13,AWS,eu-west-1,p2.8xlarge,K80,8.0,ondemand,7.776,0.972,instances.vantage.sh (AWS Price List mirror)
2026-07-13,AWS,eu-west-1,p2.xlarge,K80,1.0,ondemand,0.972,0.972,instances.vantage.sh (AWS Price List mirror)
2026-07-13,AWS,eu-west-1,p3.16xlarge,V100,8.0,ondemand,26.44,3.305,instances.vantage.sh (AWS Price List mirror)
2026-07-13,AWS,eu-west-1,p3.16xlarge,V100,8.0,spot,26.44,3.305,instances.vantage.sh (AWS Price List mirror)
2026-07-13,AWS,eu-west-1,p3.2xlarge,V100,1.0,ondemand,3.305,3.305,instances.vantage.sh (AWS Price List mirror)
2026-07-13,AWS,eu-west-1,p3.2xlarge,V100,1.0,spot,1.2338,1.2338,instances.vantage.sh (AWS Price List mirror)
2026-07-13,AWS,eu-west-1,p3.8xlarge,V100,4.0,ondemand,13.22,3.305,instances.vantage.sh (AWS Price List mirror)
2026-07-13,AWS,eu-west-1,p3.8xlarge,V100,4.0,spot,4.40865,1.1021625,instances.vantage.sh (AWS Price List mirror)
2026-07-13,AWS,eu-west-1,p3dn.24xlarge,V100,8.0,ondemand,33.711,4.213875,instances.vantage.sh (AWS Price List mirror)
2026-07-13,AWS,eu-west-1,p3dn.24xlarge,V100,8.0,spot,10.3554,1.294425,instances.vantage.sh (AWS Price List mirror)
2026-07-13,AWS,eu-west-1,p4d.24xlarge,A100,8.0,ondemand,23.71569,2.96446125,instances.vantage.sh (AWS Price List mirror)
2026-07-13,AWS,eu-west-1,p4d.24xlarge,A100,8.0,spot,14.422,1.80275,instances.vantage.sh (AWS Price List mirror)
2026-07-13,AWS,eu-west-2,g3.16xlarge,M60,4.0,ondemand,5.716,1.429,instances.vantage.sh (AWS Price List mirror)
2026-07-13,AWS,eu-west-2,g3.4xlarge,M60,1.0,ondemand,1.429,1.429,instances.vantage.sh (AWS Price List mirror)
2026-07-13,AWS,eu-west-2,g3.8xlarge,M60,2.0,ondemand,2.858,1.429,instances.vantage.sh (AWS Price List mirror)
2026-07-13,AWS,eu-west-2,g3s.xlarge,M60,1.0,ondemand,0.94,0.94,instances.vantage.sh (AWS Price List mirror)
2026-07-13,AWS,eu-west-2,g4ad.16xlarge,V520,4.0,ondemand,4.056,1.014,instances.vantage.sh (AWS Price List mirror)
2026-07-13,AWS,eu-west-2,g4ad.16xlarge,V520,4.0,spot,0.79895,0.1997375,instances.vantage.sh (AWS Price List mirror)
2026-07-13,AWS,eu-west-2,g4ad.2xlarge,V520,1.0,ondemand,0.63292,0.63292,instances.vantage.sh (AWS Price List mirror)
2026-07-13,AWS,eu-west-2,g4ad.2xlarge,V520,1.0,spot,0.27275,0.27275,instances.vantage.sh (AWS Price List mirror)
2026-07-13,AWS,eu-west-2,g4ad.4xlarge,V520,1.0,ondemand,1.014,1.014,instances.vantage.sh (AWS Price List mirror)
2026-07-13,AWS,eu-west-2,g4ad.4xlarge,V520,1.0,spot,0.3613,0.3613,instances.vantage.sh (AWS Price List mirror)
2026-07-13,AWS,eu-west-2,g4ad.8xlarge,V520,2.0,ondemand,2.028,1.014,instances.vantage.sh (AWS Price List mirror)
2026-07-13,AWS,eu-west-2,g4ad.8xlarge,V520,2.0,spot,0.50445,0.252225,instances.vantage.sh (AWS Price List mirror)
2026-07-13,AWS,eu-west-2,g4ad.xlarge,V520,1.0,ondemand,0.44271,0.44271,instances.vantage.sh (AWS Price List mirror)
2026-07-13,AWS,eu-west-2,g4ad.xlarge,V520,1.0,spot,0.1061,0.1061,instances.vantage.sh (AWS Price List mirror)
2026-07-13,AWS,eu-west-2,g4dn.12xlarge,T4,4.0,ondemand,4.577,1.14425,instances.vantage.sh (AWS Price List mirror)
2026-07-13,AWS,eu-west-2,g4dn.12xlarge,T4,4.0,spot,1.692533,0.42313325,instances.vantage.sh (AWS Price List mirror)
2026-07-13,AWS,eu-west-2,g4dn.16xlarge,T4,1.0,ondemand,5.092,5.092,instances.vantage.sh (AWS Price List mirror)
2026-07-13,AWS,eu-west-2,g4dn.16xlarge,T4,1.0,spot,1.026133,1.026133,instances.vantage.sh (AWS Price List mirror)
2026-07-13,AWS,eu-west-2,g4dn.2xlarge,T4,1.0,ondemand,0.88,0.88,instances.vantage.sh (AWS Price List mirror)
2026-07-13,AWS,eu-west-2,g4dn.2xlarge,T4,1.0,spot,0.2701,0.2701,instances.vantage.sh (AWS Price List mirror)
2026-07-13,AWS,eu-west-2,g4dn.4xlarge,T4,1.0,ondemand,1.409,1.409,instances.vantage.sh (AWS Price List mirror)
2026-07-13,AWS,eu-west-2,g4dn.4xlarge,T4,1.0,spot,0.448167,0.448167,instances.vantage.sh (AWS Price List mirror)
2026-07-13,AWS,eu-west-2,g4dn.8xlarge,T4,1.0,ondemand,2.546,2.546,instances.vantage.sh (AWS Price List mirror)
2026-07-13,AWS,eu-west-2,g4dn.8xlarge,T4,1.0,spot,0.642233,0.642233,instances.vantage.sh (AWS Price List mirror)
2026-07-13,AWS,eu-west-2,g4dn.metal,T4,8.0,ondemand,9.154,1.14425,instances.vantage.sh (AWS Price List mirror)
2026-07-13,AWS,eu-west-2,g4dn.metal,T4,8.0,spot,2.854333,0.356791625,instances.vantage.sh (AWS Price List mirror)
2026-07-13,AWS,eu-west-2,g4dn.xlarge,T4,1.0,ondemand,0.615,0.615,instances.vantage.sh (AWS Price List mirror)
2026-07-13,AWS,eu-west-2,g4dn.xlarge,T4,1.0,spot,0.2064,0.2064,instances.vantage.sh (AWS Price List mirror)
2026-07-13,AWS,eu-west-2,g5.12xlarge,A10G,4.0,ondemand,7.19994,1.799985,instances.vantage.sh (AWS Price List mirror)
2026-07-13,AWS,eu-west-2,g5.12xlarge,A10G,4.0,spot,7.1999,1.799975,instances.vantage.sh (AWS Price List mirror)
2026-07-13,AWS,eu-west-2,g5.16xlarge,A10G,1.0,ondemand,5.1994,5.1994,instances.vantage.sh (AWS Price List mirror)
2026-07-13,AWS,eu-west-2,g5.16xlarge,A10G,1.0,spot,3.21795,3.21795,instances.vantage.sh (AWS Price List mirror)
2026-07-13,AWS,eu-west-2,g5.24xlarge,A10G,4.0,ondemand,10.33786,2.584465,instances.vantage.sh (AWS Price List mirror)
2026-07-13,AWS,eu-west-2,g5.24xlarge,A10G,4.0,spot,10.3379,2.584475,instances.vantage.sh (AWS Price List mirror)
2026-07-13,AWS,eu-west-2,g5.2xlarge,A10G,1.0,ondemand,1.53849,1.53849,instances.vantage.sh (AWS Price List mirror)
2026-07-13,AWS,eu-west-2,g5.2xlarge,A10G,1.0,spot,0.7106,0.7106,instances.vantage.sh (AWS Price List mirror)
2026-07-13,AWS,eu-west-2,g5.48xlarge,A10G,8.0,ondemand,20.67572,2.584465,instances.vantage.sh (AWS Price List mirror)
2026-07-13,AWS,eu-west-2,g5.48xlarge,A10G,8.0,spot,20.6757,2.5844625,instances.vantage.sh (AWS Price List mirror)
2026-07-13,AWS,eu-west-2,g5.4xlarge,A10G,1.0,ondemand,2.06148,2.06148,instances.vantage.sh (AWS Price List mirror)
2026-07-13,AWS,eu-west-2,g5.4xlarge,A10G,1.0,spot,0.74945,0.74945,instances.vantage.sh (AWS Price List mirror)
2026-07-13,AWS,eu-west-2,g5.8xlarge,A10G,1.0,ondemand,3.10745,3.10745,instances.vantage.sh (AWS Price List mirror)
2026-07-13,AWS,eu-west-2,g5.8xlarge,A10G,1.0,spot,0.86695,0.86695,instances.vantage.sh (AWS Price List mirror)
2026-07-13,AWS,eu-west-2,g5.xlarge,A10G,1.0,ondemand,1.277,1.277,instances.vantage.sh (AWS Price List mirror)
2026-07-13,AWS,eu-west-2,g5.xlarge,A10G,1.0,spot,0.4524,0.4524,instances.vantage.sh (AWS Price List mirror)
2026-07-13,AWS,eu-west-2,g6.12xlarge,L4,4.0,ondemand,5.8412,1.4603,instances.vantage.sh (AWS Price List mirror)
2026-07-13,AWS,eu-west-2,g6.12xlarge,L4,4.0,spot,1.9061,0.476525,instances.vantage.sh (AWS Price List mirror)
2026-07-13,AWS,eu-west-2,g6.16xlarge,L4,1.0,ondemand,4.31184,4.31184,instances.vantage.sh (AWS Price List mirror)
2026-07-13,AWS,eu-west-2,g6.16xlarge,L4,1.0,spot,1.440567,1.440567,instances.vantage.sh (AWS Price List mirror)
2026-07-13,AWS,eu-west-2,g6.24xlarge,L4,4.0,ondemand,8.47339,2.1183475,instances.vantage.sh (AWS Price List mirror)
2026-07-13,AWS,eu-west-2,g6.24xlarge,L4,4.0,spot,2.274967,0.56874175,instances.vantage.sh (AWS Price List mirror)
2026-07-13,AWS,eu-west-2,g6.2xlarge,L4,1.0,ondemand,1.24095,1.24095,instances.vantage.sh (AWS Price List mirror)
2026-07-13,AWS,eu-west-2,g6.2xlarge,L4,1.0,spot,0.454867,0.454867,instances.vantage.sh (AWS Price List mirror)
2026-07-13,AWS,eu-west-2,g6.48xlarge,L4,8.0,ondemand,16.94678,2.1183475,instances.vantage.sh (AWS Price List mirror)
2026-07-13,AWS,eu-west-2,g6.48xlarge,L4,8.0,spot,5.746467,0.718308375,instances.vantage.sh (AWS Price List mirror)
2026-07-13,AWS,eu-west-2,g6.4xlarge,L4,1.0,ondemand,1.67965,1.67965,instances.vantage.sh (AWS Price List mirror)
2026-07-13,AWS,eu-west-2,g6.4xlarge,L4,1.0,spot,0.6622,0.6622,instances.vantage.sh (AWS Price List mirror)
2026-07-13,AWS,eu-west-2,g6.8xlarge,L4,1.0,ondemand,2.55705,2.55705,instances.vantage.sh (AWS Price List mirror)
2026-07-13,AWS,eu-west-2,g6.8xlarge,L4,1.0,spot,0.893267,0.893267,instances.vantage.sh (AWS Price List mirror)
2026-07-13,AWS,eu-west-2,g6.xlarge,L4,1.0,ondemand,1.0216,1.0216,instances.vantage.sh (AWS Price List mirror)
2026-07-13,AWS,eu-west-2,g6.xlarge,L4,1.0,spot,0.3803,0.3803,instances.vantage.sh (AWS Price List mirror)
2026-07-13,AWS,eu-west-2,g6f.2xlarge,L4,0.25,ondemand,0.60298,2.41192,instances.vantage.sh (AWS Price List mirror)
2026-07-13,AWS,eu-west-2,g6f.2xlarge,L4,0.25,spot,0.2287,0.9148,instances.vantage.sh (AWS Price List mirror)
2026-07-13,AWS,eu-west-2,g6f.4xlarge,L4,0.5,ondemand,1.20595,2.4119,instances.vantage.sh (AWS Price List mirror)
2026-07-13,AWS,eu-west-2,g6f.4xlarge,L4,0.5,spot,0.43245,0.8649,instances.vantage.sh (AWS Price List mirror)
2026-07-13,AWS,eu-west-2,g6f.large,L4,0.125,ondemand,0.25642,2.05136,instances.vantage.sh (AWS Price List mirror)
2026-07-13,AWS,eu-west-2,g6f.large,L4,0.125,spot,0.0629,0.5032,instances.vantage.sh (AWS Price List mirror)
2026-07-13,AWS,eu-west-2,g6f.xlarge,L4,0.125,ondemand,0.30149,2.41192,instances.vantage.sh (AWS Price List mirror)
2026-07-13,AWS,eu-west-2,g6f.xlarge,L4,0.125,spot,0.10585,0.8468,instances.vantage.sh (AWS Price List mirror)
2026-07-13,AWS,eu-west-2,g7e.12xlarge,NVIDIA GB202,2.0,ondemand,14.40172,7.20086,instances.vantage.sh (AWS Price List mirror)
2026-07-13,AWS,eu-west-2,g7e.12xlarge,NVIDIA GB202,2.0,spot,4.49595,2.247975,instances.vantage.sh (AWS Price List mirror)
2026-07-13,AWS,eu-west-2,g7e.24xlarge,NVIDIA GB202,4.0,ondemand,28.80344,7.20086,instances.vantage.sh (AWS Price List mirror)
2026-07-13,AWS,eu-west-2,g7e.24xlarge,NVIDIA GB202,4.0,spot,8.60675,2.1516875,instances.vantage.sh (AWS Price List mirror)
2026-07-13,AWS,eu-west-2,g7e.2xlarge,NVIDIA GB202,1.0,ondemand,5.84531,5.84531,instances.vantage.sh (AWS Price List mirror)
2026-07-13,AWS,eu-west-2,g7e.2xlarge,NVIDIA GB202,1.0,spot,1.8825,1.8825,instances.vantage.sh (AWS Price List mirror)
2026-07-13,AWS,eu-west-2,g7e.48xlarge,NVIDIA GB202,8.0,ondemand,57.60687,7.20085875,instances.vantage.sh (AWS Price List mirror)
2026-07-13,AWS,eu-west-2,g7e.48xlarge,NVIDIA GB202,8.0,spot,18.92605,2.36575625,instances.vantage.sh (AWS Price List mirror)
2026-07-13,AWS,eu-west-2,g7e.4xlarge,NVIDIA GB202,1.0,ondemand,6.94905,6.94905,instances.vantage.sh (AWS Price List mirror)
2026-07-13,AWS,eu-west-2,g7e.4xlarge,NVIDIA GB202,1.0,spot,2.4301,2.4301,instances.vantage.sh (AWS Price List mirror)
2026-07-13,AWS,eu-west-2,g7e.8xlarge,NVIDIA GB202,1.0,ondemand,9.15653,9.15653,instances.vantage.sh (AWS Price List mirror)
2026-07-13,AWS,eu-west-2,g7e.8xlarge,NVIDIA GB202,1.0,spot,3.13705,3.13705,instances.vantage.sh (AWS Price List mirror)
2026-07-13,AWS,eu-west-2,gr6.4xlarge,L4,1.0,ondemand,1.9539,1.9539,instances.vantage.sh (AWS Price List mirror)
2026-07-13,AWS,eu-west-2,gr6.4xlarge,L4,1.0,spot,0.5019,0.5019,instances.vantage.sh (AWS Price List mirror)
2026-07-13,AWS,eu-west-2,gr6.8xlarge,L4,1.0,ondemand,3.10552,3.10552,instances.vantage.sh (AWS Price List mirror)
2026-07-13,AWS,eu-west-2,gr6.8xlarge,L4,1.0,spot,0.9535,0.9535,instances.vantage.sh (AWS Price List mirror)
2026-07-13,AWS,eu-west-2,gr6f.4xlarge,L4,0.5,ondemand,1.35321,2.70642,instances.vantage.sh (AWS Price List mirror)
2026-07-13,AWS,eu-west-2,gr6f.4xlarge,L4,0.5,spot,0.44605,0.8921,instances.vantage.sh (AWS Price List mirror)
2026-07-13,AWS,eu-west-2,p3.16xlarge,V100,8.0,ondemand,28.712,3.589,instances.vantage.sh (AWS Price List mirror)
2026-07-13,AWS,eu-west-2,p3.16xlarge,V100,8.0,spot,28.712,3.589,instances.vantage.sh (AWS Price List mirror)
2026-07-13,AWS,eu-west-2,p3.2xlarge,V100,1.0,ondemand,3.589,3.589,instances.vantage.sh (AWS Price List mirror)
2026-07-13,AWS,eu-west-2,p3.2xlarge,V100,1.0,spot,3.589,3.589,instances.vantage.sh (AWS Price List mirror)
2026-07-13,AWS,eu-west-2,p3.8xlarge,V100,4.0,ondemand,14.356,3.589,instances.vantage.sh (AWS Price List mirror)
2026-07-13,AWS,eu-west-2,p3.8xlarge,V100,4.0,spot,5.88596,1.47149,instances.vantage.sh (AWS Price List mirror)
2026-07-13,AWS,eu-west-2,p4d.24xlarge,A100,8.0,ondemand,28.54493,3.56811625,instances.vantage.sh (AWS Price List mirror)
2026-07-13,AWS,eu-west-2,p4d.24xlarge,A100,8.0,spot,18.45835,2.30729375,instances.vantage.sh (AWS Price List mirror)
2026-07-13,AWS,eu-west-2,p5.48xlarge,H100,8.0,ondemand,71.552,8.944,instances.vantage.sh (AWS Price List mirror)
2026-07-13,AWS,eu-west-2,p5.48xlarge,H100,8.0,spot,13.621733,1.702716625,instances.vantage.sh (AWS Price List mirror)
2026-07-13,AWS,eu-west-2,p5.4xlarge,H100,1.0,ondemand,8.944,8.944,instances.vantage.sh (AWS Price List mirror)
2026-07-13,AWS,eu-west-2,p5.4xlarge,H100,1.0,spot,8.944,8.944,instances.vantage.sh (AWS Price List mirror)
2026-07-13,AWS,eu-west-2-wl1-lon1,g4dn.2xlarge,T4,1.0,ondemand,1.144,1.144,instances.vantage.sh (AWS Price List mirror)
2026-07-13,AWS,eu-west-2-wl1-man1,g4dn.2xlarge,T4,1.0,ondemand,1.144,1.144,instances.vantage.sh (AWS Price List mirror)
2026-07-13,AWS,eu-west-2-wl2-man1,g4dn.2xlarge,T4,1.0,ondemand,1.144,1.144,instances.vantage.sh (AWS Price List mirror)
2026-07-13,AWS,eu-west-3,g4dn.12xlarge,T4,4.0,ondemand,4.574,1.1435,instances.vantage.sh (AWS Price List mirror)
2026-07-13,AWS,eu-west-3,g4dn.12xlarge,T4,4.0,spot,1.022667,0.25566675,instances.vantage.sh (AWS Price List mirror)
2026-07-13,AWS,eu-west-3,g4dn.16xlarge,T4,1.0,ondemand,5.088,5.088,instances.vantage.sh (AWS Price List mirror)
2026-07-13,AWS,eu-west-3,g4dn.16xlarge,T4,1.0,spot,1.0425,1.0425,instances.vantage.sh (AWS Price List mirror)
2026-07-13,AWS,eu-west-3,g4dn.2xlarge,T4,1.0,ondemand,0.879,0.879,instances.vantage.sh (AWS Price List mirror)
2026-07-13,AWS,eu-west-3,g4dn.2xlarge,T4,1.0,spot,0.284067,0.284067,instances.vantage.sh (AWS Price List mirror)
2026-07-13,AWS,eu-west-3,g4dn.4xlarge,T4,1.0,ondemand,1.408,1.408,instances.vantage.sh (AWS Price List mirror)
2026-07-13,AWS,eu-west-3,g4dn.4xlarge,T4,1.0,spot,0.434067,0.434067,instances.vantage.sh (AWS Price List mirror)
2026-07-13,AWS,eu-west-3,g4dn.8xlarge,T4,1.0,ondemand,2.544,2.544,instances.vantage.sh (AWS Price List mirror)
2026-07-13,AWS,eu-west-3,g4dn.8xlarge,T4,1.0,spot,0.5144,0.5144,instances.vantage.sh (AWS Price List mirror)
2026-07-13,AWS,eu-west-3,g4dn.metal,T4,8.0,ondemand,9.148,1.1435,instances.vantage.sh (AWS Price List mirror)
2026-07-13,AWS,eu-west-3,g4dn.metal,T4,8.0,spot,2.676733,0.334591625,instances.vantage.sh (AWS Price List mirror)
2026-07-13,AWS,eu-west-3,g4dn.xlarge,T4,1.0,ondemand,0.615,0.615,instances.vantage.sh (AWS Price List mirror)
2026-07-13,AWS,eu-west-3,g4dn.xlarge,T4,1.0,spot,0.216,0.216,instances.vantage.sh (AWS Price List mirror)
2026-07-13,AWS,eu-west-3,g6.12xlarge,L4,4.0,ondemand,5.8412,1.4603,instances.vantage.sh (AWS Price List mirror)
2026-07-13,AWS,eu-west-3,g6.12xlarge,L4,4.0,spot,1.7156,0.4289,instances.vantage.sh (AWS Price List mirror)
2026-07-13,AWS,eu-west-3,g6.16xlarge,L4,1.0,ondemand,4.31184,4.31184,instances.vantage.sh (AWS Price List mirror)
2026-07-13,AWS,eu-west-3,g6.16xlarge,L4,1.0,spot,1.3671,1.3671,instances.vantage.sh (AWS Price List mirror)
2026-07-13,AWS,eu-west-3,g6.24xlarge,L4,4.0,ondemand,8.47339,2.1183475,instances.vantage.sh (AWS Price List mirror)
2026-07-13,AWS,eu-west-3,g6.24xlarge,L4,4.0,spot,2.4715,0.617875,instances.vantage.sh (AWS Price List mirror)
2026-07-13,AWS,eu-west-3,g6.2xlarge,L4,1.0,ondemand,1.24095,1.24095,instances.vantage.sh (AWS Price List mirror)
2026-07-13,AWS,eu-west-3,g6.2xlarge,L4,1.0,spot,0.4023,0.4023,instances.vantage.sh (AWS Price List mirror)
2026-07-13,AWS,eu-west-3,g6.48xlarge,L4,8.0,ondemand,16.94678,2.1183475,instances.vantage.sh (AWS Price List mirror)
2026-07-13,AWS,eu-west-3,g6.48xlarge,L4,8.0,spot,3.8963,0.4870375,instances.vantage.sh (AWS Price List mirror)
2026-07-13,AWS,eu-west-3,g6.4xlarge,L4,1.0,ondemand,1.67965,1.67965,instances.vantage.sh (AWS Price List mirror)
2026-07-13,AWS,eu-west-3,g6.4xlarge,L4,1.0,spot,0.5107,0.5107,instances.vantage.sh (AWS Price List mirror)
2026-07-13,AWS,eu-west-3,g6.8xlarge,L4,1.0,ondemand,2.55705,2.55705,instances.vantage.sh (AWS Price List mirror)
2026-07-13,AWS,eu-west-3,g6.8xlarge,L4,1.0,spot,1.1051,1.1051,instances.vantage.sh (AWS Price List mirror)
2026-07-13,AWS,eu-west-3,g6.xlarge,L4,1.0,ondemand,1.0216,1.0216,instances.vantage.sh (AWS Price List mirror)
2026-07-13,AWS,eu-west-3,g6.xlarge,L4,1.0,spot,0.3564,0.3564,instances.vantage.sh (AWS Price List mirror)
2026-07-13,AWS,eu-west-3,gr6.4xlarge,L4,1.0,ondemand,1.9538,1.9538,instances.vantage.sh (AWS Price List mirror)
2026-07-13,AWS,eu-west-3,gr6.4xlarge,L4,1.0,spot,0.3803,0.3803,instances.vantage.sh (AWS Price List mirror)
2026-07-13,AWS,eu-west-3,gr6.8xlarge,L4,1.0,ondemand,3.10536,3.10536,instances.vantage.sh (AWS Price List mirror)
2026-07-13,AWS,eu-west-3,gr6.8xlarge,L4,1.0,spot,0.55495,0.55495,instances.vantage.sh (AWS Price List mirror)
2026-07-13,AWS,eu-west-3-wl1-cmn1,g4dn.12xlarge,T4,4.0,ondemand,5.234,1.3085,instances.vantage.sh (AWS Price List mirror)
2026-07-13,AWS,eu-west-3-wl1-cmn1,g4dn.2xlarge,T4,1.0,ondemand,1.006,1.006,instances.vantage.sh (AWS Price List mirror)
2026-07-13,AWS,eu-west-3-wl1-dss1,g4dn.12xlarge,T4,4.0,ondemand,5.234,1.3085,instances.vantage.sh (AWS Price List mirror)
2026-07-13,AWS,eu-west-3-wl1-dss1,g4dn.2xlarge,T4,1.0,ondemand,1.006,1.006,instances.vantage.sh (AWS Price List mirror)
2026-07-13,AWS,il-central-1,g5.12xlarge,A10G,4.0,ondemand,6.64825,1.6620625,instances.vantage.sh (AWS Price List mirror)
2026-07-13,AWS,il-central-1,g5.12xlarge,A10G,4.0,spot,2.526335,0.63158375,instances.vantage.sh (AWS Price List mirror)
2026-07-13,AWS,il-central-1,g5.16xlarge,A10G,1.0,ondemand,4.80099,4.80099,instances.vantage.sh (AWS Price List mirror)
2026-07-13,AWS,il-central-1,g5.16xlarge,A10G,1.0,spot,1.056218,1.056218,instances.vantage.sh (AWS Price List mirror)
2026-07-13,AWS,il-central-1,g5.24xlarge,A10G,4.0,ondemand,9.54572,2.38643,instances.vantage.sh (AWS Price List mirror)
2026-07-13,AWS,il-central-1,g5.24xlarge,A10G,4.0,spot,7.15929,1.7898225,instances.vantage.sh (AWS Price List mirror)
2026-07-13,AWS,il-central-1,g5.2xlarge,A10G,1.0,ondemand,1.42061,1.42061,instances.vantage.sh (AWS Price List mirror)
2026-07-13,AWS,il-central-1,g5.2xlarge,A10G,1.0,spot,0.298328,0.298328,instances.vantage.sh (AWS Price List mirror)
2026-07-13,AWS,il-central-1,g5.48xlarge,A10G,8.0,ondemand,19.09145,2.38643125,instances.vantage.sh (AWS Price List mirror)
2026-07-13,AWS,il-central-1,g5.48xlarge,A10G,8.0,spot,12.409442,1.55118025,instances.vantage.sh (AWS Price List mirror)
2026-07-13,AWS,il-central-1,g5.4xlarge,A10G,1.0,ondemand,1.90352,1.90352,instances.vantage.sh (AWS Price List mirror)
2026-07-13,AWS,il-central-1,g5.4xlarge,A10G,1.0,spot,0.799478,0.799478,instances.vantage.sh (AWS Price List mirror)
2026-07-13,AWS,il-central-1,g5.8xlarge,A10G,1.0,ondemand,2.86934,2.86934,instances.vantage.sh (AWS Price List mirror)
2026-07-13,AWS,il-central-1,g5.8xlarge,A10G,1.0,spot,0.803415,0.803415,instances.vantage.sh (AWS Price List mirror)
2026-07-13,AWS,il-central-1,g5.xlarge,A10G,1.0,ondemand,1.17915,1.17915,instances.vantage.sh (AWS Price List mirror)
2026-07-13,AWS,il-central-1,g5.xlarge,A10G,1.0,spot,0.330162,0.330162,instances.vantage.sh (AWS Price List mirror)
2026-07-13,AWS,il-central-1,p4de.24xlarge,A100,8.0,ondemand,35.57346,4.4466825,instances.vantage.sh (AWS Price List mirror)
2026-07-13,AWS,il-central-1,p4de.24xlarge,A100,8.0,spot,5.691754,0.71146925,instances.vantage.sh (AWS Price List mirror)
2026-07-13,AWS,me-central-1,g5.12xlarge,A10G,4.0,ondemand,6.9575,1.739375,instances.vantage.sh (AWS Price List mirror)
2026-07-13,AWS,me-central-1,g5.12xlarge,A10G,4.0,spot,6.6792,1.6698,instances.vantage.sh (AWS Price List mirror)
2026-07-13,AWS,me-central-1,g5.16xlarge,A10G,1.0,ondemand,5.02432,5.02432,instances.vantage.sh (AWS Price List mirror)
2026-07-13,AWS,me-central-1,g5.16xlarge,A10G,1.0,spot,2.009728,2.009728,instances.vantage.sh (AWS Price List mirror)
2026-07-13,AWS,me-central-1,g5.24xlarge,A10G,4.0,ondemand,9.98976,2.49744,instances.vantage.sh (AWS Price List mirror)
2026-07-13,AWS,me-central-1,g5.24xlarge,A10G,4.0,spot,9.59017,2.3975425,instances.vantage.sh (AWS Price List mirror)
2026-07-13,AWS,me-central-1,g5.2xlarge,A10G,1.0,ondemand,1.48669,1.48669,instances.vantage.sh (AWS Price List mirror)
2026-07-13,AWS,me-central-1,g5.2xlarge,A10G,1.0,spot,0.847413,0.847413,instances.vantage.sh (AWS Price List mirror)
2026-07-13,AWS,me-central-1,g5.48xlarge,A10G,8.0,ondemand,19.97951,2.49743875,instances.vantage.sh (AWS Price List mirror)
2026-07-13,AWS,me-central-1,g5.48xlarge,A10G,8.0,spot,19.18033,2.39754125,instances.vantage.sh (AWS Price List mirror)
2026-07-13,AWS,me-central-1,g5.4xlarge,A10G,1.0,ondemand,1.99206,1.99206,instances.vantage.sh (AWS Price List mirror)
2026-07-13,AWS,me-central-1,g5.4xlarge,A10G,1.0,spot,1.095633,1.095633,instances.vantage.sh (AWS Price List mirror)
2026-07-13,AWS,me-central-1,g5.8xlarge,A10G,1.0,ondemand,3.00282,3.00282,instances.vantage.sh (AWS Price List mirror)
2026-07-13,AWS,me-central-1,g5.8xlarge,A10G,1.0,spot,1.561466,1.561466,instances.vantage.sh (AWS Price List mirror)
2026-07-13,AWS,me-central-1,g5.xlarge,A10G,1.0,ondemand,1.234,1.234,instances.vantage.sh (AWS Price List mirror)
2026-07-13,AWS,me-central-1,g5.xlarge,A10G,1.0,spot,0.71572,0.71572,instances.vantage.sh (AWS Price List mirror)
2026-07-13,AWS,me-central-1,g6.12xlarge,L4,4.0,ondemand,5.65045,1.4126125,instances.vantage.sh (AWS Price List mirror)
2026-07-13,AWS,me-central-1,g6.12xlarge,L4,4.0,spot,2.316685,0.57917125,instances.vantage.sh (AWS Price List mirror)
2026-07-13,AWS,me-central-1,g6.16xlarge,L4,1.0,ondemand,4.17104,4.17104,instances.vantage.sh (AWS Price List mirror)
2026-07-13,AWS,me-central-1,g6.16xlarge,L4,1.0,spot,0.667366,0.667366,instances.vantage.sh (AWS Price List mirror)
2026-07-13,AWS,me-central-1,g6.24xlarge,L4,4.0,ondemand,8.19669,2.0491725,instances.vantage.sh (AWS Price List mirror)
2026-07-13,AWS,me-central-1,g6.24xlarge,L4,4.0,spot,7.540955,1.88523875,instances.vantage.sh (AWS Price List mirror)
2026-07-13,AWS,me-central-1,g6.2xlarge,L4,1.0,ondemand,1.20043,1.20043,instances.vantage.sh (AWS Price List mirror)
2026-07-13,AWS,me-central-1,g6.2xlarge,L4,1.0,spot,0.516185,0.516185,instances.vantage.sh (AWS Price List mirror)
2026-07-13,AWS,me-central-1,g6.48xlarge,L4,8.0,ondemand,16.39339,2.04917375,instances.vantage.sh (AWS Price List mirror)
2026-07-13,AWS,me-central-1,g6.48xlarge,L4,8.0,spot,15.901588,1.9876985,instances.vantage.sh (AWS Price List mirror)
2026-07-13,AWS,me-central-1,g6.4xlarge,L4,1.0,ondemand,1.6248,1.6248,instances.vantage.sh (AWS Price List mirror)
2026-07-13,AWS,me-central-1,g6.4xlarge,L4,1.0,spot,0.796152,0.796152,instances.vantage.sh (AWS Price List mirror)
2026-07-13,AWS,me-central-1,g6.8xlarge,L4,1.0,ondemand,2.47355,2.47355,instances.vantage.sh (AWS Price List mirror)
2026-07-13,AWS,me-central-1,g6.8xlarge,L4,1.0,spot,0.519446,0.519446,instances.vantage.sh (AWS Price List mirror)
2026-07-13,AWS,me-central-1,g6.xlarge,L4,1.0,ondemand,0.98824,0.98824,instances.vantage.sh (AWS Price List mirror)
2026-07-13,AWS,me-central-1,g6.xlarge,L4,1.0,spot,0.74118,0.74118,instances.vantage.sh (AWS Price List mirror)
2026-07-13,AWS,me-central-1,g6e.12xlarge,L40S,4.0,ondemand,12.87194,3.217985,instances.vantage.sh (AWS Price List mirror)
2026-07-13,AWS,me-central-1,g6e.12xlarge,L40S,4.0,spot,2.831827,0.70795675,instances.vantage.sh (AWS Price List mirror)
2026-07-13,AWS,me-central-1,g6e.16xlarge,L40S,1.0,ondemand,9.2954,9.2954,instances.vantage.sh (AWS Price List mirror)
2026-07-13,AWS,me-central-1,g6e.16xlarge,L40S,1.0,spot,2.137942,2.137942,instances.vantage.sh (AWS Price List mirror)
2026-07-13,AWS,me-central-1,g6e.24xlarge,L40S,4.0,ondemand,18.48186,4.620465,instances.vantage.sh (AWS Price List mirror)
2026-07-13,AWS,me-central-1,g6e.24xlarge,L40S,4.0,spot,4.066009,1.01650225,instances.vantage.sh (AWS Price List mirror)
2026-07-13,AWS,me-central-1,g6e.2xlarge,L40S,1.0,ondemand,2.75049,2.75049,instances.vantage.sh (AWS Price List mirror)
2026-07-13,AWS,me-central-1,g6e.2xlarge,L40S,1.0,spot,0.715127,0.715127,instances.vantage.sh (AWS Price List mirror)
2026-07-13,AWS,me-central-1,g6e.48xlarge,L40S,8.0,ondemand,36.96372,4.620465,instances.vantage.sh (AWS Price List mirror)
2026-07-13,AWS,me-central-1,g6e.48xlarge,L40S,8.0,spot,20.699683,2.587460375,instances.vantage.sh (AWS Price List mirror)
2026-07-13,AWS,me-central-1,g6e.4xlarge,L40S,1.0,ondemand,3.68548,3.68548,instances.vantage.sh (AWS Price List mirror)
2026-07-13,AWS,me-central-1,g6e.4xlarge,L40S,1.0,spot,0.84766,0.84766,instances.vantage.sh (AWS Price List mirror)
2026-07-13,AWS,me-central-1,g6e.8xlarge,L40S,1.0,ondemand,5.55545,5.55545,instances.vantage.sh (AWS Price List mirror)
2026-07-13,AWS,me-central-1,g6e.8xlarge,L40S,1.0,spot,1.333308,1.333308,instances.vantage.sh (AWS Price List mirror)
2026-07-13,AWS,me-central-1,g6e.xlarge,L40S,1.0,ondemand,2.283,2.283,instances.vantage.sh (AWS Price List mirror)
2026-07-13,AWS,me-central-1,g6e.xlarge,L40S,1.0,spot,0.59358,0.59358,instances.vantage.sh (AWS Price List mirror)
2026-07-13,AWS,me-central-1,p5en.48xlarge,H200,8.0,ondemand,75.9552,9.4944,instances.vantage.sh (AWS Price List mirror)
2026-07-13,AWS,me-south-1,g4dn.12xlarge,T4,4.0,ondemand,4.798,1.1995,instances.vantage.sh (AWS Price List mirror)
2026-07-13,AWS,me-south-1,g4dn.12xlarge,T4,4.0,spot,0.7197,0.179925,instances.vantage.sh (AWS Price List mirror)
2026-07-13,AWS,me-south-1,g4dn.16xlarge,T4,1.0,ondemand,5.338,5.338,instances.vantage.sh (AWS Price List mirror)
2026-07-13,AWS,me-south-1,g4dn.16xlarge,T4,1.0,spot,0.64056,0.64056,instances.vantage.sh (AWS Price List mirror)
2026-07-13,AWS,me-south-1,g4dn.2xlarge,T4,1.0,ondemand,0.922,0.922,instances.vantage.sh (AWS Price List mirror)
2026-07-13,AWS,me-south-1,g4dn.2xlarge,T4,1.0,spot,0.31348,0.31348,instances.vantage.sh (AWS Price List mirror)
2026-07-13,AWS,me-south-1,g4dn.4xlarge,T4,1.0,ondemand,1.477,1.477,instances.vantage.sh (AWS Price List mirror)
2026-07-13,AWS,me-south-1,g4dn.4xlarge,T4,1.0,spot,0.48741,0.48741,instances.vantage.sh (AWS Price List mirror)
2026-07-13,AWS,me-south-1,g4dn.8xlarge,T4,1.0,ondemand,2.669,2.669,instances.vantage.sh (AWS Price List mirror)
2026-07-13,AWS,me-south-1,g4dn.8xlarge,T4,1.0,spot,0.5338,0.5338,instances.vantage.sh (AWS Price List mirror)
2026-07-13,AWS,me-south-1,g4dn.metal,T4,8.0,ondemand,9.596,1.1995,instances.vantage.sh (AWS Price List mirror)
2026-07-13,AWS,me-south-1,g4dn.metal,T4,8.0,spot,0.9596,0.11995,instances.vantage.sh (AWS Price List mirror)
2026-07-13,AWS,me-south-1,g4dn.xlarge,T4,1.0,ondemand,0.645,0.645,instances.vantage.sh (AWS Price List mirror)
2026-07-13,AWS,me-south-1,g4dn.xlarge,T4,1.0,spot,0.129,0.129,instances.vantage.sh (AWS Price List mirror)
2026-07-13,AWS,me-south-1-mct-1,g4dn.2xlarge,T4,1.0,ondemand,1.153,1.153,instances.vantage.sh (AWS Price List mirror)
2026-07-13,AWS,sa-east-1,g4dn.12xlarge,T4,4.0,ondemand,6.649,1.66225,instances.vantage.sh (AWS Price List mirror)
2026-07-13,AWS,sa-east-1,g4dn.12xlarge,T4,4.0,spot,1.748533,0.43713325,instances.vantage.sh (AWS Price List mirror)
2026-07-13,AWS,sa-east-1,g4dn.16xlarge,T4,1.0,ondemand,7.397,7.397,instances.vantage.sh (AWS Price List mirror)
2026-07-13,AWS,sa-east-1,g4dn.16xlarge,T4,1.0,spot,0.7397,0.7397,instances.vantage.sh (AWS Price List mirror)
2026-07-13,AWS,sa-east-1,g4dn.2xlarge,T4,1.0,ondemand,1.278,1.278,instances.vantage.sh (AWS Price List mirror)
2026-07-13,AWS,sa-east-1,g4dn.2xlarge,T4,1.0,spot,0.214333,0.214333,instances.vantage.sh (AWS Price List mirror)
2026-07-13,AWS,sa-east-1,g4dn.4xlarge,T4,1.0,ondemand,2.046,2.046,instances.vantage.sh (AWS Price List mirror)
2026-07-13,AWS,sa-east-1,g4dn.4xlarge,T4,1.0,spot,0.461267,0.461267,instances.vantage.sh (AWS Price List mirror)
2026-07-13,AWS,sa-east-1,g4dn.8xlarge,T4,1.0,ondemand,3.698,3.698,instances.vantage.sh (AWS Price List mirror)
2026-07-13,AWS,sa-east-1,g4dn.8xlarge,T4,1.0,spot,0.578367,0.578367,instances.vantage.sh (AWS Price List mirror)
2026-07-13,AWS,sa-east-1,g4dn.metal,T4,8.0,ondemand,13.298,1.66225,instances.vantage.sh (AWS Price List mirror)
2026-07-13,AWS,sa-east-1,g4dn.metal,T4,8.0,spot,4.264567,0.533070875,instances.vantage.sh (AWS Price List mirror)
2026-07-13,AWS,sa-east-1,g4dn.xlarge,T4,1.0,ondemand,0.894,0.894,instances.vantage.sh (AWS Price List mirror)
2026-07-13,AWS,sa-east-1,g4dn.xlarge,T4,1.0,spot,0.153,0.153,instances.vantage.sh (AWS Price List mirror)
2026-07-13,AWS,sa-east-1,g5.12xlarge,A10G,4.0,ondemand,9.64127,2.4103175,instances.vantage.sh (AWS Price List mirror)
2026-07-13,AWS,sa-east-1,g5.12xlarge,A10G,4.0,spot,7.89895,1.9747375,instances.vantage.sh (AWS Price List mirror)
2026-07-13,AWS,sa-east-1,g5.16xlarge,A10G,1.0,ondemand,6.96239,6.96239,instances.vantage.sh (AWS Price List mirror)
2026-07-13,AWS,sa-east-1,g5.16xlarge,A10G,1.0,spot,5.70415,5.70415,instances.vantage.sh (AWS Price List mirror)
2026-07-13,AWS,sa-east-1,g5.24xlarge,A10G,4.0,ondemand,13.84318,3.460795,instances.vantage.sh (AWS Price List mirror)
2026-07-13,AWS,sa-east-1,g5.24xlarge,A10G,4.0,spot,11.71715,2.9292875,instances.vantage.sh (AWS Price List mirror)
2026-07-13,AWS,sa-east-1,g5.2xlarge,A10G,1.0,ondemand,2.06016,2.06016,instances.vantage.sh (AWS Price List mirror)
2026-07-13,AWS,sa-east-1,g5.2xlarge,A10G,1.0,spot,0.43195,0.43195,instances.vantage.sh (AWS Price List mirror)
2026-07-13,AWS,sa-east-1,g5.48xlarge,A10G,8.0,ondemand,27.68636,3.460795,instances.vantage.sh (AWS Price List mirror)
2026-07-13,AWS,sa-east-1,g5.48xlarge,A10G,8.0,spot,22.6824,2.8353,instances.vantage.sh (AWS Price List mirror)
2026-07-13,AWS,sa-east-1,g5.4xlarge,A10G,1.0,ondemand,2.76048,2.76048,instances.vantage.sh (AWS Price List mirror)
2026-07-13,AWS,sa-east-1,g5.4xlarge,A10G,1.0,spot,1.701,1.701,instances.vantage.sh (AWS Price List mirror)
2026-07-13,AWS,sa-east-1,g5.8xlarge,A10G,1.0,ondemand,4.16111,4.16111,instances.vantage.sh (AWS Price List mirror)
2026-07-13,AWS,sa-east-1,g5.8xlarge,A10G,1.0,spot,2.1163,2.1163,instances.vantage.sh (AWS Price List mirror)
2026-07-13,AWS,sa-east-1,g5.xlarge,A10G,1.0,ondemand,1.71,1.71,instances.vantage.sh (AWS Price List mirror)
2026-07-13,AWS,sa-east-1,g5.xlarge,A10G,1.0,spot,0.4218,0.4218,instances.vantage.sh (AWS Price List mirror)
2026-07-13,AWS,sa-east-1,g6.12xlarge,L4,4.0,ondemand,7.82181,1.9554525,instances.vantage.sh (AWS Price List mirror)
2026-07-13,AWS,sa-east-1,g6.12xlarge,L4,4.0,spot,0.7822,0.19555,instances.vantage.sh (AWS Price List mirror)
2026-07-13,AWS,sa-east-1,g6.16xlarge,L4,1.0,ondemand,5.77388,5.77388,instances.vantage.sh (AWS Price List mirror)
2026-07-13,AWS,sa-east-1,g6.16xlarge,L4,1.0,spot,2.11405,2.11405,instances.vantage.sh (AWS Price List mirror)
2026-07-13,AWS,sa-east-1,g6.24xlarge,L4,4.0,ondemand,11.34651,2.8366275,instances.vantage.sh (AWS Price List mirror)
2026-07-13,AWS,sa-east-1,g6.24xlarge,L4,4.0,spot,4.7276,1.1819,instances.vantage.sh (AWS Price List mirror)
2026-07-13,AWS,sa-east-1,g6.2xlarge,L4,1.0,ondemand,1.66173,1.66173,instances.vantage.sh (AWS Price List mirror)
2026-07-13,AWS,sa-east-1,g6.2xlarge,L4,1.0,spot,0.2682,0.2682,instances.vantage.sh (AWS Price List mirror)
2026-07-13,AWS,sa-east-1,g6.48xlarge,L4,8.0,ondemand,22.69303,2.83662875,instances.vantage.sh (AWS Price List mirror)
2026-07-13,AWS,sa-east-1,g6.48xlarge,L4,8.0,spot,15.82345,1.97793125,instances.vantage.sh (AWS Price List mirror)
2026-07-13,AWS,sa-east-1,g6.4xlarge,L4,1.0,ondemand,2.24918,2.24918,instances.vantage.sh (AWS Price List mirror)
2026-07-13,AWS,sa-east-1,g6.4xlarge,L4,1.0,spot,0.6286,0.6286,instances.vantage.sh (AWS Price List mirror)
2026-07-13,AWS,sa-east-1,g6.8xlarge,L4,1.0,ondemand,3.42408,3.42408,instances.vantage.sh (AWS Price List mirror)
2026-07-13,AWS,sa-east-1,g6.8xlarge,L4,1.0,spot,0.3424,0.3424,instances.vantage.sh (AWS Price List mirror)
2026-07-13,AWS,sa-east-1,g6.xlarge,L4,1.0,ondemand,1.368,1.368,instances.vantage.sh (AWS Price List mirror)
2026-07-13,AWS,sa-east-1,g6.xlarge,L4,1.0,spot,0.47545,0.47545,instances.vantage.sh (AWS Price List mirror)
2026-07-13,AWS,sa-east-1,g6f.2xlarge,L4,0.25,ondemand,0.80742,3.22968,instances.vantage.sh (AWS Price List mirror)
2026-07-13,AWS,sa-east-1,g6f.2xlarge,L4,0.25,spot,0.28335,1.1334,instances.vantage.sh (AWS Price List mirror)
2026-07-13,AWS,sa-east-1,g6f.4xlarge,L4,0.5,ondemand,1.61483,3.22966,instances.vantage.sh (AWS Price List mirror)
2026-07-13,AWS,sa-east-1,g6f.4xlarge,L4,0.5,spot,1.323,2.646,instances.vantage.sh (AWS Price List mirror)
2026-07-13,AWS,sa-east-1,g6f.large,L4,0.125,ondemand,0.34336,2.74688,instances.vantage.sh (AWS Price List mirror)
2026-07-13,AWS,sa-east-1,g6f.large,L4,0.125,spot,0.17735,1.4188,instances.vantage.sh (AWS Price List mirror)
2026-07-13,AWS,sa-east-1,g6f.xlarge,L4,0.125,ondemand,0.40371,3.22968,instances.vantage.sh (AWS Price List mirror)
2026-07-13,AWS,sa-east-1,g6f.xlarge,L4,0.125,spot,0.2714,2.1712,instances.vantage.sh (AWS Price List mirror)
2026-07-13,AWS,sa-east-1,gr6.4xlarge,L4,1.0,ondemand,2.6164,2.6164,instances.vantage.sh (AWS Price List mirror)
2026-07-13,AWS,sa-east-1,gr6.4xlarge,L4,1.0,spot,0.3703,0.3703,instances.vantage.sh (AWS Price List mirror)
2026-07-13,AWS,sa-east-1,gr6.8xlarge,L4,1.0,ondemand,4.1585,4.1585,instances.vantage.sh (AWS Price List mirror)
2026-07-13,AWS,sa-east-1,gr6.8xlarge,L4,1.0,spot,1.73015,1.73015,instances.vantage.sh (AWS Price List mirror)
2026-07-13,AWS,sa-east-1,gr6f.4xlarge,L4,0.5,ondemand,1.81203,3.62406,instances.vantage.sh (AWS Price List mirror)
2026-07-13,AWS,sa-east-1,gr6f.4xlarge,L4,0.5,spot,1.4845,2.969,instances.vantage.sh (AWS Price List mirror)
2026-07-13,AWS,sa-east-1,p4d.24xlarge,A100,8.0,ondemand,35.5569,4.4446125,instances.vantage.sh (AWS Price List mirror)
2026-07-13,AWS,sa-east-1,p4d.24xlarge,A100,8.0,spot,29.132,3.6415,instances.vantage.sh (AWS Price List mirror)
2026-07-13,AWS,sa-east-1,p5.48xlarge,H100,8.0,ondemand,92.4672,11.5584,instances.vantage.sh (AWS Price List mirror)
2026-07-13,AWS,sa-east-1,p5.48xlarge,H100,8.0,spot,75.7591,9.4698875,instances.vantage.sh (AWS Price List mirror)
2026-07-13,AWS,sa-east-1,p5.4xlarge,H100,1.0,ondemand,11.5584,11.5584,instances.vantage.sh (AWS Price List mirror)
2026-07-13,AWS,sa-east-1,p5.4xlarge,H100,1.0,spot,9.4694,9.4694,instances.vantage.sh (AWS Price List mirror)
2026-07-13,AWS,us-east-1,g2.2xlarge,K520,1.0,ondemand,0.65,0.65,instances.vantage.sh (AWS Price List mirror)
2026-07-13,AWS,us-east-1,g2.8xlarge,K520,4.0,ondemand,2.6,0.65,instances.vantage.sh (AWS Price List mirror)
2026-07-13,AWS,us-east-1,g3.16xlarge,M60,4.0,ondemand,4.56,1.14,instances.vantage.sh (AWS Price List mirror)
2026-07-13,AWS,us-east-1,g3.4xlarge,M60,1.0,ondemand,1.14,1.14,instances.vantage.sh (AWS Price List mirror)
2026-07-13,AWS,us-east-1,g3.8xlarge,M60,2.0,ondemand,2.28,1.14,instances.vantage.sh (AWS Price List mirror)
2026-07-13,AWS,us-east-1,g3s.xlarge,M60,1.0,ondemand,0.75,0.75,instances.vantage.sh (AWS Price List mirror)
2026-07-13,AWS,us-east-1,g4ad.16xlarge,V520,4.0,ondemand,3.468,0.867,instances.vantage.sh (AWS Price List mirror)
2026-07-13,AWS,us-east-1,g4ad.16xlarge,V520,4.0,spot,2.275125,0.56878125,instances.vantage.sh (AWS Price List mirror)
2026-07-13,AWS,us-east-1,g4ad.2xlarge,V520,1.0,ondemand,0.54117,0.54117,instances.vantage.sh (AWS Price List mirror)
2026-07-13,AWS,us-east-1,g4ad.2xlarge,V520,1.0,spot,0.24815,0.24815,instances.vantage.sh (AWS Price List mirror)
2026-07-13,AWS,us-east-1,g4ad.4xlarge,V520,1.0,ondemand,0.867,0.867,instances.vantage.sh (AWS Price List mirror)
2026-07-13,AWS,us-east-1,g4ad.4xlarge,V520,1.0,spot,0.363975,0.363975,instances.vantage.sh (AWS Price List mirror)
2026-07-13,AWS,us-east-1,g4ad.8xlarge,V520,2.0,ondemand,1.734,0.867,instances.vantage.sh (AWS Price List mirror)
2026-07-13,AWS,us-east-1,g4ad.8xlarge,V520,2.0,spot,0.73055,0.365275,instances.vantage.sh (AWS Price List mirror)
2026-07-13,AWS,us-east-1,g4ad.xlarge,V520,1.0,ondemand,0.37853,0.37853,instances.vantage.sh (AWS Price List mirror)
2026-07-13,AWS,us-east-1,g4ad.xlarge,V520,1.0,spot,0.127725,0.127725,instances.vantage.sh (AWS Price List mirror)
2026-07-13,AWS,us-east-1,g4dn.12xlarge,T4,4.0,ondemand,3.912,0.978,instances.vantage.sh (AWS Price List mirror)
2026-07-13,AWS,us-east-1,g4dn.12xlarge,T4,4.0,spot,1.43218,0.358045,instances.vantage.sh (AWS Price List mirror)
2026-07-13,AWS,us-east-1,g4dn.16xlarge,T4,1.0,ondemand,4.352,4.352,instances.vantage.sh (AWS Price List mirror)
2026-07-13,AWS,us-east-1,g4dn.16xlarge,T4,1.0,spot,1.29956,1.29956,instances.vantage.sh (AWS Price List mirror)
2026-07-13,AWS,us-east-1,g4dn.2xlarge,T4,1.0,ondemand,0.752,0.752,instances.vantage.sh (AWS Price List mirror)
2026-07-13,AWS,us-east-1,g4dn.2xlarge,T4,1.0,spot,0.26818,0.26818,instances.vantage.sh (AWS Price List mirror)
2026-07-13,AWS,us-east-1,g4dn.4xlarge,T4,1.0,ondemand,1.204,1.204,instances.vantage.sh (AWS Price List mirror)
2026-07-13,AWS,us-east-1,g4dn.4xlarge,T4,1.0,spot,0.4078,0.4078,instances.vantage.sh (AWS Price List mirror)
2026-07-13,AWS,us-east-1,g4dn.8xlarge,T4,1.0,ondemand,2.176,2.176,instances.vantage.sh (AWS Price List mirror)
2026-07-13,AWS,us-east-1,g4dn.8xlarge,T4,1.0,spot,0.75926,0.75926,instances.vantage.sh (AWS Price List mirror)
2026-07-13,AWS,us-east-1,g4dn.metal,T4,8.0,ondemand,7.824,0.978,instances.vantage.sh (AWS Price List mirror)
2026-07-13,AWS,us-east-1,g4dn.metal,T4,8.0,spot,3.89976,0.48747,instances.vantage.sh (AWS Price List mirror)
2026-07-13,AWS,us-east-1,g4dn.xlarge,T4,1.0,ondemand,0.526,0.526,instances.vantage.sh (AWS Price List mirror)
2026-07-13,AWS,us-east-1,g4dn.xlarge,T4,1.0,spot,0.23662,0.23662,instances.vantage.sh (AWS Price List mirror)
2026-07-13,AWS,us-east-1,g5.12xlarge,A10G,4.0,ondemand,5.672,1.418,instances.vantage.sh (AWS Price List mirror)
2026-07-13,AWS,us-east-1,g5.12xlarge,A10G,4.0,spot,4.13166,1.032915,instances.vantage.sh (AWS Price List mirror)
2026-07-13,AWS,us-east-1,g5.16xlarge,A10G,1.0,ondemand,4.096,4.096,instances.vantage.sh (AWS Price List mirror)
2026-07-13,AWS,us-east-1,g5.16xlarge,A10G,1.0,spot,1.61642,1.61642,instances.vantage.sh (AWS Price List mirror)
2026-07-13,AWS,us-east-1,g5.24xlarge,A10G,4.0,ondemand,8.144,2.036,instances.vantage.sh (AWS Price List mirror)
2026-07-13,AWS,us-east-1,g5.24xlarge,A10G,4.0,spot,3.91552,0.97888,instances.vantage.sh (AWS Price List mirror)
2026-07-13,AWS,us-east-1,g5.2xlarge,A10G,1.0,ondemand,1.212,1.212,instances.vantage.sh (AWS Price List mirror)
2026-07-13,AWS,us-east-1,g5.2xlarge,A10G,1.0,spot,0.58426,0.58426,instances.vantage.sh (AWS Price List mirror)
2026-07-13,AWS,us-east-1,g5.48xlarge,A10G,8.0,ondemand,16.288,2.036,instances.vantage.sh (AWS Price List mirror)
2026-07-13,AWS,us-east-1,g5.48xlarge,A10G,8.0,spot,7.73888,0.96736,instances.vantage.sh (AWS Price List mirror)
2026-07-13,AWS,us-east-1,g5.4xlarge,A10G,1.0,ondemand,1.624,1.624,instances.vantage.sh (AWS Price List mirror)
2026-07-13,AWS,us-east-1,g5.4xlarge,A10G,1.0,spot,0.8255,0.8255,instances.vantage.sh (AWS Price List mirror)
2026-07-13,AWS,us-east-1,g5.8xlarge,A10G,1.0,ondemand,2.448,2.448,instances.vantage.sh (AWS Price List mirror)
2026-07-13,AWS,us-east-1,g5.8xlarge,A10G,1.0,spot,1.26584,1.26584,instances.vantage.sh (AWS Price List mirror)
2026-07-13,AWS,us-east-1,g5.xlarge,A10G,1.0,ondemand,1.006,1.006,instances.vantage.sh (AWS Price List mirror)
2026-07-13,AWS,us-east-1,g5.xlarge,A10G,1.0,spot,0.62582,0.62582,instances.vantage.sh (AWS Price List mirror)
2026-07-13,AWS,us-east-1,g5g.16xlarge,T4G,2.0,ondemand,2.744,1.372,instances.vantage.sh (AWS Price List mirror)
2026-07-13,AWS,us-east-1,g5g.16xlarge,T4G,2.0,spot,0.6716,0.3358,instances.vantage.sh (AWS Price List mirror)
2026-07-13,AWS,us-east-1,g5g.2xlarge,T4G,1.0,ondemand,0.556,0.556,instances.vantage.sh (AWS Price List mirror)
2026-07-13,AWS,us-east-1,g5g.2xlarge,T4G,1.0,spot,0.2506,0.2506,instances.vantage.sh (AWS Price List mirror)
2026-07-13,AWS,us-east-1,g5g.4xlarge,T4G,1.0,ondemand,0.828,0.828,instances.vantage.sh (AWS Price List mirror)
2026-07-13,AWS,us-east-1,g5g.4xlarge,T4G,1.0,spot,0.262,0.262,instances.vantage.sh (AWS Price List mirror)
2026-07-13,AWS,us-east-1,g5g.8xlarge,T4G,1.0,ondemand,1.372,1.372,instances.vantage.sh (AWS Price List mirror)
2026-07-13,AWS,us-east-1,g5g.8xlarge,T4G,1.0,spot,0.644475,0.644475,instances.vantage.sh (AWS Price List mirror)
2026-07-13,AWS,us-east-1,g5g.metal,T4G,2.0,ondemand,2.744,1.372,instances.vantage.sh (AWS Price List mirror)
2026-07-13,AWS,us-east-1,g5g.metal,T4G,2.0,spot,0.689025,0.3445125,instances.vantage.sh (AWS Price List mirror)
2026-07-13,AWS,us-east-1,g5g.xlarge,T4G,1.0,ondemand,0.42,0.42,instances.vantage.sh (AWS Price List mirror)
2026-07-13,AWS,us-east-1,g5g.xlarge,T4G,1.0,spot,0.123275,0.123275,instances.vantage.sh (AWS Price List mirror)
2026-07-13,AWS,us-east-1,g6.12xlarge,L4,4.0,ondemand,4.6016,1.1504,instances.vantage.sh (AWS Price List mirror)
2026-07-13,AWS,us-east-1,g6.12xlarge,L4,4.0,spot,3.8869,0.971725,instances.vantage.sh (AWS Price List mirror)
2026-07-13,AWS,us-east-1,g6.16xlarge,L4,1.0,ondemand,3.3968,3.3968,instances.vantage.sh (AWS Price List mirror)
2026-07-13,AWS,us-east-1,g6.16xlarge,L4,1.0,spot,1.592,1.592,instances.vantage.sh (AWS Price List mirror)
2026-07-13,AWS,us-east-1,g6.24xlarge,L4,4.0,ondemand,6.6752,1.6688,instances.vantage.sh (AWS Price List mirror)
2026-07-13,AWS,us-east-1,g6.24xlarge,L4,4.0,spot,4.17564,1.04391,instances.vantage.sh (AWS Price List mirror)
2026-07-13,AWS,us-east-1,g6.2xlarge,L4,1.0,ondemand,0.9776,0.9776,instances.vantage.sh (AWS Price List mirror)
2026-07-13,AWS,us-east-1,g6.2xlarge,L4,1.0,spot,0.8272,0.8272,instances.vantage.sh (AWS Price List mirror)
2026-07-13,AWS,us-east-1,g6.48xlarge,L4,8.0,ondemand,13.3504,1.6688,instances.vantage.sh (AWS Price List mirror)
2026-07-13,AWS,us-east-1,g6.48xlarge,L4,8.0,spot,8.88676,1.110845,instances.vantage.sh (AWS Price List mirror)
2026-07-13,AWS,us-east-1,g6.4xlarge,L4,1.0,ondemand,1.3232,1.3232,instances.vantage.sh (AWS Price List mirror)
2026-07-13,AWS,us-east-1,g6.4xlarge,L4,1.0,spot,0.87782,0.87782,instances.vantage.sh (AWS Price List mirror)
2026-07-13,AWS,us-east-1,g6.8xlarge,L4,1.0,ondemand,2.0144,2.0144,instances.vantage.sh (AWS Price List mirror)
2026-07-13,AWS,us-east-1,g6.8xlarge,L4,1.0,spot,1.12632,1.12632,instances.vantage.sh (AWS Price List mirror)
2026-07-13,AWS,us-east-1,g6.xlarge,L4,1.0,ondemand,0.8048,0.8048,instances.vantage.sh (AWS Price List mirror)
2026-07-13,AWS,us-east-1,g6.xlarge,L4,1.0,spot,0.51724,0.51724,instances.vantage.sh (AWS Price List mirror)
2026-07-13,AWS,us-east-1,g6e.12xlarge,L40S,4.0,ondemand,10.49264,2.62316,instances.vantage.sh (AWS Price List mirror)
2026-07-13,AWS,us-east-1,g6e.12xlarge,L40S,4.0,spot,7.156,1.789,instances.vantage.sh (AWS Price List mirror)
2026-07-13,AWS,us-east-1,g6e.16xlarge,L40S,1.0,ondemand,7.57719,7.57719,instances.vantage.sh (AWS Price List mirror)
2026-07-13,AWS,us-east-1,g6e.16xlarge,L40S,1.0,spot,2.29835,2.29835,instances.vantage.sh (AWS Price List mirror)
2026-07-13,AWS,us-east-1,g6e.24xlarge,L40S,4.0,ondemand,15.06559,3.7663975,instances.vantage.sh (AWS Price List mirror)
2026-07-13,AWS,us-east-1,g6e.24xlarge,L40S,4.0,spot,6.071125,1.51778125,instances.vantage.sh (AWS Price List mirror)
2026-07-13,AWS,us-east-1,g6e.2xlarge,L40S,1.0,ondemand,2.24208,2.24208,instances.vantage.sh (AWS Price List mirror)
2026-07-13,AWS,us-east-1,g6e.2xlarge,L40S,1.0,spot,2.1462,2.1462,instances.vantage.sh (AWS Price List mirror)
2026-07-13,AWS,us-east-1,g6e.48xlarge,L40S,8.0,ondemand,30.13118,3.7663975,instances.vantage.sh (AWS Price List mirror)
2026-07-13,AWS,us-east-1,g6e.48xlarge,L40S,8.0,spot,17.23495,2.15436875,instances.vantage.sh (AWS Price List mirror)
2026-07-13,AWS,us-east-1,g6e.4xlarge,L40S,1.0,ondemand,3.00424,3.00424,instances.vantage.sh (AWS Price List mirror)
2026-07-13,AWS,us-east-1,g6e.4xlarge,L40S,1.0,spot,2.558675,2.558675,instances.vantage.sh (AWS Price List mirror)
2026-07-13,AWS,us-east-1,g6e.8xlarge,L40S,1.0,ondemand,4.52856,4.52856,instances.vantage.sh (AWS Price List mirror)
2026-07-13,AWS,us-east-1,g6e.8xlarge,L40S,1.0,spot,1.51615,1.51615,instances.vantage.sh (AWS Price List mirror)
2026-07-13,AWS,us-east-1,g6e.xlarge,L40S,1.0,ondemand,1.861,1.861,instances.vantage.sh (AWS Price List mirror)
2026-07-13,AWS,us-east-1,g6e.xlarge,L40S,1.0,spot,1.735,1.735,instances.vantage.sh (AWS Price List mirror)
2026-07-13,AWS,us-east-1,g6f.2xlarge,L4,0.25,ondemand,0.475,1.9,instances.vantage.sh (AWS Price List mirror)
2026-07-13,AWS,us-east-1,g6f.2xlarge,L4,0.25,spot,0.230775,0.9231,instances.vantage.sh (AWS Price List mirror)
2026-07-13,AWS,us-east-1,g6f.4xlarge,L4,0.5,ondemand,0.95,1.9,instances.vantage.sh (AWS Price List mirror)
2026-07-13,AWS,us-east-1,g6f.4xlarge,L4,0.5,spot,0.37755,0.7551,instances.vantage.sh (AWS Price List mirror)
2026-07-13,AWS,us-east-1,g6f.large,L4,0.125,ondemand,0.202,1.616,instances.vantage.sh (AWS Price List mirror)
2026-07-13,AWS,us-east-1,g6f.large,L4,0.125,spot,0.06845,0.5476,instances.vantage.sh (AWS Price List mirror)
2026-07-13,AWS,us-east-1,g6f.xlarge,L4,0.125,ondemand,0.2375,1.9,instances.vantage.sh (AWS Price List mirror)
2026-07-13,AWS,us-east-1,g6f.xlarge,L4,0.125,spot,0.107375,0.859,instances.vantage.sh (AWS Price List mirror)
2026-07-13,AWS,us-east-1,g7.12xlarge,NVIDIA RTX PRO 4500 Blackwell,2.0,ondemand,7.12832,3.56416,instances.vantage.sh (AWS Price List mirror)
2026-07-13,AWS,us-east-1,g7.24xlarge,NVIDIA RTX PRO 4500 Blackwell,4.0,ondemand,14.25664,3.56416,instances.vantage.sh (AWS Price List mirror)
2026-07-13,AWS,us-east-1,g7.2xlarge,NVIDIA RTX PRO 4500 Blackwell,1.0,ondemand,2.52,2.52,instances.vantage.sh (AWS Price List mirror)
2026-07-13,AWS,us-east-1,g7.48xlarge,NVIDIA RTX PRO 4500 Blackwell,8.0,ondemand,28.51328,3.56416,instances.vantage.sh (AWS Price List mirror)
2026-07-13,AWS,us-east-1,g7.4xlarge,NVIDIA RTX PRO 4500 Blackwell,1.0,ondemand,3.04208,3.04208,instances.vantage.sh (AWS Price List mirror)
2026-07-13,AWS,us-east-1,g7.8xlarge,NVIDIA RTX PRO 4500 Blackwell,1.0,ondemand,4.08624,4.08624,instances.vantage.sh (AWS Price List mirror)
2026-07-13,AWS,us-east-1,g7e.12xlarge,NVIDIA GB202,2.0,ondemand,8.28608,4.14304,instances.vantage.sh (AWS Price List mirror)
2026-07-13,AWS,us-east-1,g7e.12xlarge,NVIDIA GB202,2.0,spot,3.7054,1.8527,instances.vantage.sh (AWS Price List mirror)
2026-07-13,AWS,us-east-1,g7e.24xlarge,NVIDIA GB202,4.0,ondemand,16.57216,4.14304,instances.vantage.sh (AWS Price List mirror)
2026-07-13,AWS,us-east-1,g7e.24xlarge,NVIDIA GB202,4.0,spot,8.29475,2.0736875,instances.vantage.sh (AWS Price List mirror)
2026-07-13,AWS,us-east-1,g7e.2xlarge,NVIDIA GB202,1.0,ondemand,3.36312,3.36312,instances.vantage.sh (AWS Price List mirror)
2026-07-13,AWS,us-east-1,g7e.2xlarge,NVIDIA GB202,1.0,spot,1.82125,1.82125,instances.vantage.sh (AWS Price List mirror)
2026-07-13,AWS,us-east-1,g7e.48xlarge,NVIDIA GB202,8.0,ondemand,33.14432,4.14304,instances.vantage.sh (AWS Price List mirror)
2026-07-13,AWS,us-east-1,g7e.48xlarge,NVIDIA GB202,8.0,spot,12.49875,1.56234375,instances.vantage.sh (AWS Price List mirror)
2026-07-13,AWS,us-east-1,g7e.4xlarge,NVIDIA GB202,1.0,ondemand,3.99816,3.99816,instances.vantage.sh (AWS Price List mirror)
2026-07-13,AWS,us-east-1,g7e.4xlarge,NVIDIA GB202,1.0,spot,1.7895,1.7895,instances.vantage.sh (AWS Price List mirror)
2026-07-13,AWS,us-east-1,g7e.8xlarge,NVIDIA GB202,1.0,ondemand,5.26824,5.26824,instances.vantage.sh (AWS Price List mirror)
2026-07-13,AWS,us-east-1,g7e.8xlarge,NVIDIA GB202,1.0,spot,2.2477,2.2477,instances.vantage.sh (AWS Price List mirror)
2026-07-13,AWS,us-east-1,gr6.4xlarge,L4,1.0,ondemand,1.5392,1.5392,instances.vantage.sh (AWS Price List mirror)
2026-07-13,AWS,us-east-1,gr6.4xlarge,L4,1.0,spot,0.862425,0.862425,instances.vantage.sh (AWS Price List mirror)
2026-07-13,AWS,us-east-1,gr6.8xlarge,L4,1.0,ondemand,2.4464,2.4464,instances.vantage.sh (AWS Price List mirror)
2026-07-13,AWS,us-east-1,gr6.8xlarge,L4,1.0,spot,1.295,1.295,instances.vantage.sh (AWS Price List mirror)
2026-07-13,AWS,us-east-1,gr6f.4xlarge,L4,0.5,ondemand,1.066,2.132,instances.vantage.sh (AWS Price List mirror)
2026-07-13,AWS,us-east-1,gr6f.4xlarge,L4,0.5,spot,0.493925,0.98785,instances.vantage.sh (AWS Price List mirror)
2026-07-13,AWS,us-east-1,p2.16xlarge,K80,16.0,ondemand,14.4,0.9,instances.vantage.sh (AWS Price List mirror)
2026-07-13,AWS,us-east-1,p2.8xlarge,K80,8.0,ondemand,7.2,0.9,instances.vantage.sh (AWS Price List mirror)
2026-07-13,AWS,us-east-1,p2.xlarge,K80,1.0,ondemand,0.9,0.9,instances.vantage.sh (AWS Price List mirror)
2026-07-13,AWS,us-east-1,p3.16xlarge,V100,8.0,ondemand,24.48,3.06,instances.vantage.sh (AWS Price List mirror)
2026-07-13,AWS,us-east-1,p3.16xlarge,V100,8.0,spot,11.5076,1.43845,instances.vantage.sh (AWS Price List mirror)
2026-07-13,AWS,us-east-1,p3.2xlarge,V100,1.0,ondemand,3.06,3.06,instances.vantage.sh (AWS Price List mirror)
2026-07-13,AWS,us-east-1,p3.2xlarge,V100,1.0,spot,0.890725,0.890725,instances.vantage.sh (AWS Price List mirror)
2026-07-13,AWS,us-east-1,p3.8xlarge,V100,4.0,ondemand,12.24,3.06,instances.vantage.sh (AWS Price List mirror)
2026-07-13,AWS,us-east-1,p3.8xlarge,V100,4.0,spot,3.97955,0.9948875,instances.vantage.sh (AWS Price List mirror)
2026-07-13,AWS,us-east-1,p3dn.24xlarge,V100,8.0,ondemand,31.212,3.9015,instances.vantage.sh (AWS Price List mirror)
2026-07-13,AWS,us-east-1,p3dn.24xlarge,V100,8.0,spot,8.5934,1.074175,instances.vantage.sh (AWS Price List mirror)
2026-07-13,AWS,us-east-1,p4d.24xlarge,A100,8.0,ondemand,21.957642,2.74470525,instances.vantage.sh (AWS Price List mirror)
2026-07-13,AWS,us-east-1,p4d.24xlarge,A100,8.0,spot,14.095,1.761875,instances.vantage.sh (AWS Price List mirror)
2026-07-13,AWS,us-east-1,p4de.24xlarge,A100,8.0,ondemand,27.44705,3.43088125,instances.vantage.sh (AWS Price List mirror)
2026-07-13,AWS,us-east-1,p4de.24xlarge,A100,8.0,spot,16.7835,2.0979375,instances.vantage.sh (AWS Price List mirror)
2026-07-13,AWS,us-east-1,p5.48xlarge,H100,8.0,ondemand,55.04,6.88,instances.vantage.sh (AWS Price List mirror)
2026-07-13,AWS,us-east-1,p5.48xlarge,H100,8.0,spot,19.725783,2.465722875,instances.vantage.sh (AWS Price List mirror)
2026-07-13,AWS,us-east-1,p5.4xlarge,H100,1.0,ondemand,6.88,6.88,instances.vantage.sh (AWS Price List mirror)
2026-07-13,AWS,us-east-1,p5.4xlarge,H100,1.0,spot,2.7774,2.7774,instances.vantage.sh (AWS Price List mirror)
2026-07-13,AWS,us-east-1,p5en.48xlarge,H200,8.0,ondemand,63.296,7.912,instances.vantage.sh (AWS Price List mirror)
2026-07-13,AWS,us-east-1,p5en.48xlarge,H200,8.0,spot,23.3864,2.9233,instances.vantage.sh (AWS Price List mirror)
2026-07-13,AWS,us-east-1,p6-b200.48xlarge,B200,8.0,ondemand,113.9328,14.2416,instances.vantage.sh (AWS Price List mirror)
2026-07-13,AWS,us-east-1,p6-b200.48xlarge,B200,8.0,spot,34.1856,4.2732,instances.vantage.sh (AWS Price List mirror)
2026-07-13,AWS,us-east-1,p6-b300.48xlarge,NVIDIA B300,8.0,ondemand,142.416,17.802,instances.vantage.sh (AWS Price List mirror)
2026-07-13,AWS,us-east-1,p6-b300.48xlarge,NVIDIA B300,8.0,spot,30.95,3.86875,instances.vantage.sh (AWS Price List mirror)
2026-07-13,AWS,us-east-1-atl-1,g4dn.2xlarge,T4,1.0,ondemand,1.015,1.015,instances.vantage.sh (AWS Price List mirror)
2026-07-13,AWS,us-east-1-atl-1,p5.48xlarge,H100,8.0,ondemand,55.04,6.88,instances.vantage.sh (AWS Price List mirror)
2026-07-13,AWS,us-east-1-atl-1,p5en.48xlarge,H200,8.0,ondemand,63.296,7.912,instances.vantage.sh (AWS Price List mirror)
2026-07-13,AWS,us-east-1-atl-1,p6-b200.48xlarge,B200,8.0,ondemand,113.9328,14.2416,instances.vantage.sh (AWS Price List mirror)
2026-07-13,AWS,us-east-1-atl-1,p6-b300.48xlarge,NVIDIA B300,8.0,ondemand,167.3388,20.91735,instances.vantage.sh (AWS Price List mirror)
2026-07-13,AWS,us-east-1-bos-1,g4dn.2xlarge,T4,1.0,ondemand,1.015,1.015,instances.vantage.sh (AWS Price List mirror)
2026-07-13,AWS,us-east-1-bos-1,g4dn.4xlarge,T4,1.0,ondemand,1.625,1.625,instances.vantage.sh (AWS Price List mirror)
2026-07-13,AWS,us-east-1-chi-1,g4dn.2xlarge,T4,1.0,ondemand,1.015,1.015,instances.vantage.sh (AWS Price List mirror)
2026-07-13,AWS,us-east-1-chi-1,g4dn.4xlarge,T4,1.0,ondemand,1.625,1.625,instances.vantage.sh (AWS Price List mirror)
2026-07-13,AWS,us-east-1-dfw-1,g4dn.2xlarge,T4,1.0,ondemand,1.015,1.015,instances.vantage.sh (AWS Price List mirror)
2026-07-13,AWS,us-east-1-dfw-1,g4dn.4xlarge,T4,1.0,ondemand,1.625,1.625,instances.vantage.sh (AWS Price List mirror)
2026-07-13,AWS,us-east-1-iah-1,g4dn.2xlarge,T4,1.0,ondemand,1.015,1.015,instances.vantage.sh (AWS Price List mirror)
2026-07-13,AWS,us-east-1-iah-1,g4dn.4xlarge,T4,1.0,ondemand,1.625,1.625,instances.vantage.sh (AWS Price List mirror)
2026-07-13,AWS,us-east-1-lim-1,g4dn.2xlarge,T4,1.0,ondemand,1.725,1.725,instances.vantage.sh (AWS Price List mirror)
2026-07-13,AWS,us-east-1-mci-1,g4dn.2xlarge,T4,1.0,ondemand,1.015,1.015,instances.vantage.sh (AWS Price List mirror)
2026-07-13,AWS,us-east-1-mia-1,g4dn.2xlarge,T4,1.0,ondemand,1.015,1.015,instances.vantage.sh (AWS Price List mirror)
2026-07-13,AWS,us-east-1-msp-1,g4dn.2xlarge,T4,1.0,ondemand,1.015,1.015,instances.vantage.sh (AWS Price List mirror)
2026-07-13,AWS,us-east-1-nyc-1,g4dn.2xlarge,T4,1.0,ondemand,1.015,1.015,instances.vantage.sh (AWS Price List mirror)
2026-07-13,AWS,us-east-1-nyc-1,g4dn.4xlarge,T4,1.0,ondemand,1.625,1.625,instances.vantage.sh (AWS Price List mirror)
2026-07-13,AWS,us-east-1-phl-1,g4dn.2xlarge,T4,1.0,ondemand,1.015,1.015,instances.vantage.sh (AWS Price List mirror)
2026-07-13,AWS,us-east-1-phl-1,g4dn.4xlarge,T4,1.0,ondemand,1.625,1.625,instances.vantage.sh (AWS Price List mirror)
2026-07-13,AWS,us-east-1-qro-1,g4dn.2xlarge,T4,1.0,ondemand,1.09,1.09,instances.vantage.sh (AWS Price List mirror)
2026-07-13,AWS,us-east-1-qro-1,g4dn.4xlarge,T4,1.0,ondemand,1.746,1.746,instances.vantage.sh (AWS Price List mirror)
2026-07-13,AWS,us-east-1-scl-1,g4dn.2xlarge,T4,1.0,ondemand,1.47,1.47,instances.vantage.sh (AWS Price List mirror)
2026-07-13,AWS,us-east-1-wl1,g4dn.2xlarge,T4,1.0,ondemand,1.317,1.317,instances.vantage.sh (AWS Price List mirror)
2026-07-13,AWS,us-east-1-wl1-atl1,g4dn.2xlarge,T4,1.0,ondemand,1.317,1.317,instances.vantage.sh (AWS Price List mirror)
2026-07-13,AWS,us-east-1-wl1-bna1,g4dn.2xlarge,T4,1.0,ondemand,1.317,1.317,instances.vantage.sh (AWS Price List mirror)
2026-07-13,AWS,us-east-1-wl1-chi1,g4dn.2xlarge,T4,1.0,ondemand,1.317,1.317,instances.vantage.sh (AWS Price List mirror)
2026-07-13,AWS,us-east-1-wl1-clt1,g4dn.2xlarge,T4,1.0,ondemand,1.317,1.317,instances.vantage.sh (AWS Price List mirror)
2026-07-13,AWS,us-east-1-wl1-dfw1,g4dn.2xlarge,T4,1.0,ondemand,1.317,1.317,instances.vantage.sh (AWS Price List mirror)
2026-07-13,AWS,us-east-1-wl1-dtw1,g4dn.2xlarge,T4,1.0,ondemand,1.317,1.317,instances.vantage.sh (AWS Price List mirror)
2026-07-13,AWS,us-east-1-wl1-iah1,g4dn.2xlarge,T4,1.0,ondemand,1.317,1.317,instances.vantage.sh (AWS Price List mirror)
2026-07-13,AWS,us-east-1-wl1-mia1,g4dn.2xlarge,T4,1.0,ondemand,1.317,1.317,instances.vantage.sh (AWS Price List mirror)
2026-07-13,AWS,us-east-1-wl1-msp1,g4dn.2xlarge,T4,1.0,ondemand,1.317,1.317,instances.vantage.sh (AWS Price List mirror)
2026-07-13,AWS,us-east-1-wl1-nyc1,g4dn.2xlarge,T4,1.0,ondemand,1.317,1.317,instances.vantage.sh (AWS Price List mirror)
2026-07-13,AWS,us-east-1-wl1-tpa1,g4dn.2xlarge,T4,1.0,ondemand,1.317,1.317,instances.vantage.sh (AWS Price List mirror)
2026-07-13,AWS,us-east-1-wl1-was1,g4dn.2xlarge,T4,1.0,ondemand,1.317,1.317,instances.vantage.sh (AWS Price List mirror)
2026-07-13,AWS,us-east-2,g3.16xlarge,M60,4.0,ondemand,4.56,1.14,instances.vantage.sh (AWS Price List mirror)
2026-07-13,AWS,us-east-2,g3.4xlarge,M60,1.0,ondemand,1.14,1.14,instances.vantage.sh (AWS Price List mirror)
2026-07-13,AWS,us-east-2,g3.8xlarge,M60,2.0,ondemand,2.28,1.14,instances.vantage.sh (AWS Price List mirror)
2026-07-13,AWS,us-east-2,g3s.xlarge,M60,1.0,ondemand,0.75,0.75,instances.vantage.sh (AWS Price List mirror)
2026-07-13,AWS,us-east-2,g4ad.16xlarge,V520,4.0,ondemand,3.468,0.867,instances.vantage.sh (AWS Price List mirror)
2026-07-13,AWS,us-east-2,g4ad.16xlarge,V520,4.0,spot,0.8328,0.2082,instances.vantage.sh (AWS Price List mirror)
2026-07-13,AWS,us-east-2,g4ad.2xlarge,V520,1.0,ondemand,0.54117,0.54117,instances.vantage.sh (AWS Price List mirror)
2026-07-13,AWS,us-east-2,g4ad.2xlarge,V520,1.0,spot,0.130567,0.130567,instances.vantage.sh (AWS Price List mirror)
2026-07-13,AWS,us-east-2,g4ad.4xlarge,V520,1.0,ondemand,0.867,0.867,instances.vantage.sh (AWS Price List mirror)
2026-07-13,AWS,us-east-2,g4ad.4xlarge,V520,1.0,spot,0.246267,0.246267,instances.vantage.sh (AWS Price List mirror)
2026-07-13,AWS,us-east-2,g4ad.8xlarge,V520,2.0,ondemand,1.734,0.867,instances.vantage.sh (AWS Price List mirror)
2026-07-13,AWS,us-east-2,g4ad.8xlarge,V520,2.0,spot,0.4461,0.22305,instances.vantage.sh (AWS Price List mirror)
2026-07-13,AWS,us-east-2,g4ad.xlarge,V520,1.0,ondemand,0.37853,0.37853,instances.vantage.sh (AWS Price List mirror)
2026-07-13,AWS,us-east-2,g4ad.xlarge,V520,1.0,spot,0.1088,0.1088,instances.vantage.sh (AWS Price List mirror)
2026-07-13,AWS,us-east-2,g4dn.12xlarge,T4,4.0,ondemand,3.912,0.978,instances.vantage.sh (AWS Price List mirror)
2026-07-13,AWS,us-east-2,g4dn.12xlarge,T4,4.0,spot,1.283,0.32075,instances.vantage.sh (AWS Price List mirror)
2026-07-13,AWS,us-east-2,g4dn.16xlarge,T4,1.0,ondemand,4.352,4.352,instances.vantage.sh (AWS Price List mirror)
2026-07-13,AWS,us-east-2,g4dn.16xlarge,T4,1.0,spot,1.051267,1.051267,instances.vantage.sh (AWS Price List mirror)
2026-07-13,AWS,us-east-2,g4dn.2xlarge,T4,1.0,ondemand,0.752,0.752,instances.vantage.sh (AWS Price List mirror)
2026-07-13,AWS,us-east-2,g4dn.2xlarge,T4,1.0,spot,0.2402,0.2402,instances.vantage.sh (AWS Price List mirror)
2026-07-13,AWS,us-east-2,g4dn.4xlarge,T4,1.0,ondemand,1.204,1.204,instances.vantage.sh (AWS Price List mirror)
2026-07-13,AWS,us-east-2,g4dn.4xlarge,T4,1.0,spot,0.4068,0.4068,instances.vantage.sh (AWS Price List mirror)
2026-07-13,AWS,us-east-2,g4dn.8xlarge,T4,1.0,ondemand,2.176,2.176,instances.vantage.sh (AWS Price List mirror)
2026-07-13,AWS,us-east-2,g4dn.8xlarge,T4,1.0,spot,0.607033,0.607033,instances.vantage.sh (AWS Price List mirror)
2026-07-13,AWS,us-east-2,g4dn.metal,T4,8.0,ondemand,7.824,0.978,instances.vantage.sh (AWS Price List mirror)
2026-07-13,AWS,us-east-2,g4dn.metal,T4,8.0,spot,3.086833,0.385854125,instances.vantage.sh (AWS Price List mirror)
2026-07-13,AWS,us-east-2,g4dn.xlarge,T4,1.0,ondemand,0.526,0.526,instances.vantage.sh (AWS Price List mirror)
2026-07-13,AWS,us-east-2,g4dn.xlarge,T4,1.0,spot,0.165167,0.165167,instances.vantage.sh (AWS Price List mirror)
2026-07-13,AWS,us-east-2,g5.12xlarge,A10G,4.0,ondemand,5.672,1.418,instances.vantage.sh (AWS Price List mirror)
2026-07-13,AWS,us-east-2,g5.12xlarge,A10G,4.0,spot,2.750167,0.68754175,instances.vantage.sh (AWS Price List mirror)
2026-07-13,AWS,us-east-2,g5.16xlarge,A10G,1.0,ondemand,4.096,4.096,instances.vantage.sh (AWS Price List mirror)
2026-07-13,AWS,us-east-2,g5.16xlarge,A10G,1.0,spot,1.046333,1.046333,instances.vantage.sh (AWS Price List mirror)
2026-07-13,AWS,us-east-2,g5.24xlarge,A10G,4.0,ondemand,8.144,2.036,instances.vantage.sh (AWS Price List mirror)
2026-07-13,AWS,us-east-2,g5.24xlarge,A10G,4.0,spot,2.616767,0.65419175,instances.vantage.sh (AWS Price List mirror)
2026-07-13,AWS,us-east-2,g5.2xlarge,A10G,1.0,ondemand,1.212,1.212,instances.vantage.sh (AWS Price List mirror)
2026-07-13,AWS,us-east-2,g5.2xlarge,A10G,1.0,spot,0.4664,0.4664,instances.vantage.sh (AWS Price List mirror)
2026-07-13,AWS,us-east-2,g5.48xlarge,A10G,8.0,ondemand,16.288,2.036,instances.vantage.sh (AWS Price List mirror)
2026-07-13,AWS,us-east-2,g5.48xlarge,A10G,8.0,spot,6.655367,0.831920875,instances.vantage.sh (AWS Price List mirror)
2026-07-13,AWS,us-east-2,g5.4xlarge,A10G,1.0,ondemand,1.624,1.624,instances.vantage.sh (AWS Price List mirror)
2026-07-13,AWS,us-east-2,g5.4xlarge,A10G,1.0,spot,0.629033,0.629033,instances.vantage.sh (AWS Price List mirror)
2026-07-13,AWS,us-east-2,g5.8xlarge,A10G,1.0,ondemand,2.448,2.448,instances.vantage.sh (AWS Price List mirror)
2026-07-13,AWS,us-east-2,g5.8xlarge,A10G,1.0,spot,0.8223,0.8223,instances.vantage.sh (AWS Price List mirror)
2026-07-13,AWS,us-east-2,g5.xlarge,A10G,1.0,ondemand,1.006,1.006,instances.vantage.sh (AWS Price List mirror)
2026-07-13,AWS,us-east-2,g5.xlarge,A10G,1.0,spot,0.505933,0.505933,instances.vantage.sh (AWS Price List mirror)
2026-07-13,AWS,us-east-2,g6.12xlarge,L4,4.0,ondemand,4.6016,1.1504,instances.vantage.sh (AWS Price List mirror)
2026-07-13,AWS,us-east-2,g6.12xlarge,L4,4.0,spot,1.4743,0.368575,instances.vantage.sh (AWS Price List mirror)
2026-07-13,AWS,us-east-2,g6.16xlarge,L4,1.0,ondemand,3.3968,3.3968,instances.vantage.sh (AWS Price List mirror)
2026-07-13,AWS,us-east-2,g6.16xlarge,L4,1.0,spot,1.058533,1.058533,instances.vantage.sh (AWS Price List mirror)
2026-07-13,AWS,us-east-2,g6.24xlarge,L4,4.0,ondemand,6.6752,1.6688,instances.vantage.sh (AWS Price List mirror)
2026-07-13,AWS,us-east-2,g6.24xlarge,L4,4.0,spot,2.224467,0.55611675,instances.vantage.sh (AWS Price List mirror)
2026-07-13,AWS,us-east-2,g6.2xlarge,L4,1.0,ondemand,0.9776,0.9776,instances.vantage.sh (AWS Price List mirror)
2026-07-13,AWS,us-east-2,g6.2xlarge,L4,1.0,spot,0.301667,0.301667,instances.vantage.sh (AWS Price List mirror)
2026-07-13,AWS,us-east-2,g6.48xlarge,L4,8.0,ondemand,13.3504,1.6688,instances.vantage.sh (AWS Price List mirror)
2026-07-13,AWS,us-east-2,g6.48xlarge,L4,8.0,spot,4.769567,0.596195875,instances.vantage.sh (AWS Price List mirror)
2026-07-13,AWS,us-east-2,g6.4xlarge,L4,1.0,ondemand,1.3232,1.3232,instances.vantage.sh (AWS Price List mirror)
2026-07-13,AWS,us-east-2,g6.4xlarge,L4,1.0,spot,0.480467,0.480467,instances.vantage.sh (AWS Price List mirror)
2026-07-13,AWS,us-east-2,g6.8xlarge,L4,1.0,ondemand,2.0144,2.0144,instances.vantage.sh (AWS Price List mirror)
2026-07-13,AWS,us-east-2,g6.8xlarge,L4,1.0,spot,0.593733,0.593733,instances.vantage.sh (AWS Price List mirror)
2026-07-13,AWS,us-east-2,g6.xlarge,L4,1.0,ondemand,0.8048,0.8048,instances.vantage.sh (AWS Price List mirror)
2026-07-13,AWS,us-east-2,g6.xlarge,L4,1.0,spot,0.302967,0.302967,instances.vantage.sh (AWS Price List mirror)
2026-07-13,AWS,us-east-2,g6e.12xlarge,L40S,4.0,ondemand,10.49264,2.62316,instances.vantage.sh (AWS Price List mirror)
2026-07-13,AWS,us-east-2,g6e.12xlarge,L40S,4.0,spot,2.5961,0.649025,instances.vantage.sh (AWS Price List mirror)
2026-07-13,AWS,us-east-2,g6e.16xlarge,L40S,1.0,ondemand,7.57719,7.57719,instances.vantage.sh (AWS Price List mirror)
2026-07-13,AWS,us-east-2,g6e.16xlarge,L40S,1.0,spot,2.2133,2.2133,instances.vantage.sh (AWS Price List mirror)
2026-07-13,AWS,us-east-2,g6e.24xlarge,L40S,4.0,ondemand,15.06559,3.7663975,instances.vantage.sh (AWS Price List mirror)
2026-07-13,AWS,us-east-2,g6e.24xlarge,L40S,4.0,spot,3.509567,0.87739175,instances.vantage.sh (AWS Price List mirror)
2026-07-13,AWS,us-east-2,g6e.2xlarge,L40S,1.0,ondemand,2.24208,2.24208,instances.vantage.sh (AWS Price List mirror)
2026-07-13,AWS,us-east-2,g6e.2xlarge,L40S,1.0,spot,0.8853,0.8853,instances.vantage.sh (AWS Price List mirror)
2026-07-13,AWS,us-east-2,g6e.48xlarge,L40S,8.0,ondemand,30.13118,3.7663975,instances.vantage.sh (AWS Price List mirror)
2026-07-13,AWS,us-east-2,g6e.48xlarge,L40S,8.0,spot,8.0329,1.0041125,instances.vantage.sh (AWS Price List mirror)
2026-07-13,AWS,us-east-2,g6e.4xlarge,L40S,1.0,ondemand,3.00424,3.00424,instances.vantage.sh (AWS Price List mirror)
2026-07-13,AWS,us-east-2,g6e.4xlarge,L40S,1.0,spot,1.0844,1.0844,instances.vantage.sh (AWS Price List mirror)
2026-07-13,AWS,us-east-2,g6e.8xlarge,L40S,1.0,ondemand,4.52856,4.52856,instances.vantage.sh (AWS Price List mirror)
2026-07-13,AWS,us-east-2,g6e.8xlarge,L40S,1.0,spot,1.2192,1.2192,instances.vantage.sh (AWS Price List mirror)
2026-07-13,AWS,us-east-2,g6e.xlarge,L40S,1.0,ondemand,1.861,1.861,instances.vantage.sh (AWS Price List mirror)
2026-07-13,AWS,us-east-2,g6e.xlarge,L40S,1.0,spot,0.619733,0.619733,instances.vantage.sh (AWS Price List mirror)
2026-07-13,AWS,us-east-2,g6f.2xlarge,L4,0.25,ondemand,0.475,1.9,instances.vantage.sh (AWS Price List mirror)
2026-07-13,AWS,us-east-2,g6f.2xlarge,L4,0.25,spot,0.1189,0.4756,instances.vantage.sh (AWS Price List mirror)
2026-07-13,AWS,us-east-2,g6f.4xlarge,L4,0.5,ondemand,0.95,1.9,instances.vantage.sh (AWS Price List mirror)
2026-07-13,AWS,us-east-2,g6f.4xlarge,L4,0.5,spot,0.332833,0.665666,instances.vantage.sh (AWS Price List mirror)
2026-07-13,AWS,us-east-2,g6f.large,L4,0.125,ondemand,0.202,1.616,instances.vantage.sh (AWS Price List mirror)
2026-07-13,AWS,us-east-2,g6f.large,L4,0.125,spot,0.037733,0.301864,instances.vantage.sh (AWS Price List mirror)
2026-07-13,AWS,us-east-2,g6f.xlarge,L4,0.125,ondemand,0.2375,1.9,instances.vantage.sh (AWS Price List mirror)
2026-07-13,AWS,us-east-2,g6f.xlarge,L4,0.125,spot,0.085333,0.682664,instances.vantage.sh (AWS Price List mirror)
2026-07-13,AWS,us-east-2,g7.12xlarge,NVIDIA RTX PRO 4500 Blackwell,2.0,ondemand,7.12832,3.56416,instances.vantage.sh (AWS Price List mirror)
2026-07-13,AWS,us-east-2,g7.12xlarge,NVIDIA RTX PRO 4500 Blackwell,2.0,spot,0.9277,0.46385,instances.vantage.sh (AWS Price List mirror)
2026-07-13,AWS,us-east-2,g7.24xlarge,NVIDIA RTX PRO 4500 Blackwell,4.0,ondemand,14.25664,3.56416,instances.vantage.sh (AWS Price List mirror)
2026-07-13,AWS,us-east-2,g7.24xlarge,NVIDIA RTX PRO 4500 Blackwell,4.0,spot,2.185733,0.54643325,instances.vantage.sh (AWS Price List mirror)
2026-07-13,AWS,us-east-2,g7.2xlarge,NVIDIA RTX PRO 4500 Blackwell,1.0,ondemand,2.52,2.52,instances.vantage.sh (AWS Price List mirror)
2026-07-13,AWS,us-east-2,g7.2xlarge,NVIDIA RTX PRO 4500 Blackwell,1.0,spot,0.4721,0.4721,instances.vantage.sh (AWS Price List mirror)
2026-07-13,AWS,us-east-2,g7.48xlarge,NVIDIA RTX PRO 4500 Blackwell,8.0,ondemand,28.51328,3.56416,instances.vantage.sh (AWS Price List mirror)
2026-07-13,AWS,us-east-2,g7.48xlarge,NVIDIA RTX PRO 4500 Blackwell,8.0,spot,3.701967,0.462745875,instances.vantage.sh (AWS Price List mirror)
2026-07-13,AWS,us-east-2,g7.4xlarge,NVIDIA RTX PRO 4500 Blackwell,1.0,ondemand,3.04208,3.04208,instances.vantage.sh (AWS Price List mirror)
2026-07-13,AWS,us-east-2,g7.4xlarge,NVIDIA RTX PRO 4500 Blackwell,1.0,spot,0.4408,0.4408,instances.vantage.sh (AWS Price List mirror)
2026-07-13,AWS,us-east-2,g7.8xlarge,NVIDIA RTX PRO 4500 Blackwell,1.0,ondemand,4.08624,4.08624,instances.vantage.sh (AWS Price List mirror)
2026-07-13,AWS,us-east-2,g7.8xlarge,NVIDIA RTX PRO 4500 Blackwell,1.0,spot,0.474833,0.474833,instances.vantage.sh (AWS Price List mirror)
2026-07-13,AWS,us-east-2,g7e.12xlarge,NVIDIA GB202,2.0,ondemand,8.28608,4.14304,instances.vantage.sh (AWS Price List mirror)
2026-07-13,AWS,us-east-2,g7e.12xlarge,NVIDIA GB202,2.0,spot,2.2032,1.1016,instances.vantage.sh (AWS Price List mirror)
2026-07-13,AWS,us-east-2,g7e.24xlarge,NVIDIA GB202,4.0,ondemand,16.57216,4.14304,instances.vantage.sh (AWS Price List mirror)
2026-07-13,AWS,us-east-2,g7e.24xlarge,NVIDIA GB202,4.0,spot,4.7412,1.1853,instances.vantage.sh (AWS Price List mirror)
2026-07-13,AWS,us-east-2,g7e.2xlarge,NVIDIA GB202,1.0,ondemand,3.36312,3.36312,instances.vantage.sh (AWS Price List mirror)
2026-07-13,AWS,us-east-2,g7e.2xlarge,NVIDIA GB202,1.0,spot,1.3549,1.3549,instances.vantage.sh (AWS Price List mirror)
2026-07-13,AWS,us-east-2,g7e.48xlarge,NVIDIA GB202,8.0,ondemand,33.14432,4.14304,instances.vantage.sh (AWS Price List mirror)
2026-07-13,AWS,us-east-2,g7e.48xlarge,NVIDIA GB202,8.0,spot,8.269,1.033625,instances.vantage.sh (AWS Price List mirror)
2026-07-13,AWS,us-east-2,g7e.4xlarge,NVIDIA GB202,1.0,ondemand,3.99816,3.99816,instances.vantage.sh (AWS Price List mirror)
2026-07-13,AWS,us-east-2,g7e.4xlarge,NVIDIA GB202,1.0,spot,1.4457,1.4457,instances.vantage.sh (AWS Price List mirror)
2026-07-13,AWS,us-east-2,g7e.8xlarge,NVIDIA GB202,1.0,ondemand,5.26824,5.26824,instances.vantage.sh (AWS Price List mirror)
2026-07-13,AWS,us-east-2,g7e.8xlarge,NVIDIA GB202,1.0,spot,1.49495,1.49495,instances.vantage.sh (AWS Price List mirror)
2026-07-13,AWS,us-east-2,gr6.4xlarge,L4,1.0,ondemand,1.5392,1.5392,instances.vantage.sh (AWS Price List mirror)
2026-07-13,AWS,us-east-2,gr6.4xlarge,L4,1.0,spot,0.427267,0.427267,instances.vantage.sh (AWS Price List mirror)
2026-07-13,AWS,us-east-2,gr6.8xlarge,L4,1.0,ondemand,2.4464,2.4464,instances.vantage.sh (AWS Price List mirror)
2026-07-13,AWS,us-east-2,gr6.8xlarge,L4,1.0,spot,0.631767,0.631767,instances.vantage.sh (AWS Price List mirror)
2026-07-13,AWS,us-east-2,gr6f.4xlarge,L4,0.5,ondemand,1.066,2.132,instances.vantage.sh (AWS Price List mirror)
2026-07-13,AWS,us-east-2,gr6f.4xlarge,L4,0.5,spot,0.332033,0.664066,instances.vantage.sh (AWS Price List mirror)
2026-07-13,AWS,us-east-2,p2.16xlarge,K80,16.0,ondemand,14.4,0.9,instances.vantage.sh (AWS Price List mirror)
2026-07-13,AWS,us-east-2,p2.8xlarge,K80,8.0,ondemand,7.2,0.9,instances.vantage.sh (AWS Price List mirror)
2026-07-13,AWS,us-east-2,p2.xlarge,K80,1.0,ondemand,0.9,0.9,instances.vantage.sh (AWS Price List mirror)
2026-07-13,AWS,us-east-2,p3.16xlarge,V100,8.0,ondemand,24.48,3.06,instances.vantage.sh (AWS Price List mirror)
2026-07-13,AWS,us-east-2,p3.16xlarge,V100,8.0,spot,14.1719,1.7714875,instances.vantage.sh (AWS Price List mirror)
2026-07-13,AWS,us-east-2,p3.2xlarge,V100,1.0,ondemand,3.06,3.06,instances.vantage.sh (AWS Price List mirror)
2026-07-13,AWS,us-east-2,p3.2xlarge,V100,1.0,spot,0.7881,0.7881,instances.vantage.sh (AWS Price List mirror)
2026-07-13,AWS,us-east-2,p3.8xlarge,V100,4.0,ondemand,12.24,3.06,instances.vantage.sh (AWS Price List mirror)
2026-07-13,AWS,us-east-2,p3.8xlarge,V100,4.0,spot,3.19885,0.7997125,instances.vantage.sh (AWS Price List mirror)
2026-07-13,AWS,us-east-2,p4d.24xlarge,A100,8.0,ondemand,21.95764,2.744705,instances.vantage.sh (AWS Price List mirror)
2026-07-13,AWS,us-east-2,p4d.24xlarge,A100,8.0,spot,13.676867,1.709608375,instances.vantage.sh (AWS Price List mirror)
2026-07-13,AWS,us-east-2,p5.48xlarge,H100,8.0,ondemand,55.04,6.88,instances.vantage.sh (AWS Price List mirror)
2026-07-13,AWS,us-east-2,p5.48xlarge,H100,8.0,spot,16.911633,2.113954125,instances.vantage.sh (AWS Price List mirror)
2026-07-13,AWS,us-east-2,p5.4xlarge,H100,1.0,ondemand,6.88,6.88,instances.vantage.sh (AWS Price List mirror)
2026-07-13,AWS,us-east-2,p5.4xlarge,H100,1.0,spot,2.5318,2.5318,instances.vantage.sh (AWS Price List mirror)
2026-07-13,AWS,us-east-2,p5en.48xlarge,H200,8.0,ondemand,63.296,7.912,instances.vantage.sh (AWS Price List mirror)
2026-07-13,AWS,us-east-2,p5en.48xlarge,H200,8.0,spot,21.989367,2.748670875,instances.vantage.sh (AWS Price List mirror)
2026-07-13,AWS,us-east-2,p6-b200.48xlarge,B200,8.0,ondemand,113.9328,14.2416,instances.vantage.sh (AWS Price List mirror)
2026-07-13,AWS,us-east-2,p6-b200.48xlarge,B200,8.0,spot,36.890567,4.611320875,instances.vantage.sh (AWS Price List mirror)
2026-07-13,AWS,us-gov-east-1,g4dn.12xlarge,T4,4.0,ondemand,4.931,1.23275,instances.vantage.sh (AWS Price List mirror)
2026-07-13,AWS,us-gov-east-1,g4dn.16xlarge,T4,1.0,ondemand,5.486,5.486,instances.vantage.sh (AWS Price List mirror)
2026-07-13,AWS,us-gov-east-1,g4dn.2xlarge,T4,1.0,ondemand,0.948,0.948,instances.vantage.sh (AWS Price List mirror)
2026-07-13,AWS,us-gov-east-1,g4dn.4xlarge,T4,1.0,ondemand,1.518,1.518,instances.vantage.sh (AWS Price List mirror)
2026-07-13,AWS,us-gov-east-1,g4dn.8xlarge,T4,1.0,ondemand,2.743,2.743,instances.vantage.sh (AWS Price List mirror)
2026-07-13,AWS,us-gov-east-1,g4dn.xlarge,T4,1.0,ondemand,0.663,0.663,instances.vantage.sh (AWS Price List mirror)
2026-07-13,AWS,us-gov-east-1,g6.12xlarge,L4,4.0,ondemand,5.80003,1.4500075,instances.vantage.sh (AWS Price List mirror)
2026-07-13,AWS,us-gov-east-1,g6.16xlarge,L4,1.0,ondemand,4.28145,4.28145,instances.vantage.sh (AWS Price List mirror)
2026-07-13,AWS,us-gov-east-1,g6.24xlarge,L4,4.0,ondemand,8.41367,2.1034175,instances.vantage.sh (AWS Price List mirror)
2026-07-13,AWS,us-gov-east-1,g6.2xlarge,L4,1.0,ondemand,1.2322,1.2322,instances.vantage.sh (AWS Price List mirror)
2026-07-13,AWS,us-gov-east-1,g6.48xlarge,L4,8.0,ondemand,16.82734,2.1034175,instances.vantage.sh (AWS Price List mirror)
2026-07-13,AWS,us-gov-east-1,g6.4xlarge,L4,1.0,ondemand,1.66781,1.66781,instances.vantage.sh (AWS Price List mirror)
2026-07-13,AWS,us-gov-east-1,g6.8xlarge,L4,1.0,ondemand,2.53903,2.53903,instances.vantage.sh (AWS Price List mirror)
2026-07-13,AWS,us-gov-east-1,g6.xlarge,L4,1.0,ondemand,1.0144,1.0144,instances.vantage.sh (AWS Price List mirror)
2026-07-13,AWS,us-gov-east-1,gr6.4xlarge,L4,1.0,ondemand,1.9401,1.9401,instances.vantage.sh (AWS Price List mirror)
2026-07-13,AWS,us-gov-east-1,gr6.8xlarge,L4,1.0,ondemand,3.08359,3.08359,instances.vantage.sh (AWS Price List mirror)
2026-07-13,AWS,us-gov-east-1,p3dn.24xlarge,V100,8.0,ondemand,37.454,4.68175,instances.vantage.sh (AWS Price List mirror)
2026-07-13,AWS,us-gov-east-1,p6-b200.48xlarge,B200,8.0,ondemand,136.71936,17.08992,instances.vantage.sh (AWS Price List mirror)
2026-07-13,AWS,us-gov-east-1,p6-b300.48xlarge,NVIDIA B300,8.0,ondemand,170.9,21.3625,instances.vantage.sh (AWS Price List mirror)
2026-07-13,AWS,us-gov-west-1,g3.16xlarge,M60,4.0,ondemand,5.28,1.32,instances.vantage.sh (AWS Price List mirror)
2026-07-13,AWS,us-gov-west-1,g3.4xlarge,M60,1.0,ondemand,1.32,1.32,instances.vantage.sh (AWS Price List mirror)
2026-07-13,AWS,us-gov-west-1,g3.8xlarge,M60,2.0,ondemand,2.64,1.32,instances.vantage.sh (AWS Price List mirror)
2026-07-13,AWS,us-gov-west-1,g3s.xlarge,M60,1.0,ondemand,0.868,0.868,instances.vantage.sh (AWS Price List mirror)
2026-07-13,AWS,us-gov-west-1,g4dn.12xlarge,T4,4.0,ondemand,4.931,1.23275,instances.vantage.sh (AWS Price List mirror)
2026-07-13,AWS,us-gov-west-1,g4dn.16xlarge,T4,1.0,ondemand,5.486,5.486,instances.vantage.sh (AWS Price List mirror)
2026-07-13,AWS,us-gov-west-1,g4dn.2xlarge,T4,1.0,ondemand,0.948,0.948,instances.vantage.sh (AWS Price List mirror)
2026-07-13,AWS,us-gov-west-1,g4dn.4xlarge,T4,1.0,ondemand,1.518,1.518,instances.vantage.sh (AWS Price List mirror)
2026-07-13,AWS,us-gov-west-1,g4dn.8xlarge,T4,1.0,ondemand,2.743,2.743,instances.vantage.sh (AWS Price List mirror)
2026-07-13,AWS,us-gov-west-1,g4dn.metal,T4,8.0,ondemand,9.862,1.23275,instances.vantage.sh (AWS Price List mirror)
2026-07-13,AWS,us-gov-west-1,g4dn.xlarge,T4,1.0,ondemand,0.663,0.663,instances.vantage.sh (AWS Price List mirror)
2026-07-13,AWS,us-gov-west-1,g6.12xlarge,L4,4.0,ondemand,5.80003,1.4500075,instances.vantage.sh (AWS Price List mirror)
2026-07-13,AWS,us-gov-west-1,g6.16xlarge,L4,1.0,ondemand,4.28145,4.28145,instances.vantage.sh (AWS Price List mirror)
2026-07-13,AWS,us-gov-west-1,g6.24xlarge,L4,4.0,ondemand,8.41367,2.1034175,instances.vantage.sh (AWS Price List mirror)
2026-07-13,AWS,us-gov-west-1,g6.2xlarge,L4,1.0,ondemand,1.2322,1.2322,instances.vantage.sh (AWS Price List mirror)
2026-07-13,AWS,us-gov-west-1,g6.48xlarge,L4,8.0,ondemand,16.82734,2.1034175,instances.vantage.sh (AWS Price List mirror)
2026-07-13,AWS,us-gov-west-1,g6.4xlarge,L4,1.0,ondemand,1.66781,1.66781,instances.vantage.sh (AWS Price List mirror)
2026-07-13,AWS,us-gov-west-1,g6.8xlarge,L4,1.0,ondemand,2.53903,2.53903,instances.vantage.sh (AWS Price List mirror)
2026-07-13,AWS,us-gov-west-1,g6.xlarge,L4,1.0,ondemand,1.0144,1.0144,instances.vantage.sh (AWS Price List mirror)
2026-07-13,AWS,us-gov-west-1,gr6.4xlarge,L4,1.0,ondemand,1.9401,1.9401,instances.vantage.sh (AWS Price List mirror)
2026-07-13,AWS,us-gov-west-1,gr6.8xlarge,L4,1.0,ondemand,3.08359,3.08359,instances.vantage.sh (AWS Price List mirror)
2026-07-13,AWS,us-gov-west-1,p2.16xlarge,K80,16.0,ondemand,17.28,1.08,instances.vantage.sh (AWS Price List mirror)
2026-07-13,AWS,us-gov-west-1,p2.8xlarge,K80,8.0,ondemand,8.64,1.08,instances.vantage.sh (AWS Price List mirror)
2026-07-13,AWS,us-gov-west-1,p2.xlarge,K80,1.0,ondemand,1.08,1.08,instances.vantage.sh (AWS Price List mirror)
2026-07-13,AWS,us-gov-west-1,p3.16xlarge,V100,8.0,ondemand,29.376,3.672,instances.vantage.sh (AWS Price List mirror)
2026-07-13,AWS,us-gov-west-1,p3.2xlarge,V100,1.0,ondemand,3.672,3.672,instances.vantage.sh (AWS Price List mirror)
2026-07-13,AWS,us-gov-west-1,p3.8xlarge,V100,4.0,ondemand,14.688,3.672,instances.vantage.sh (AWS Price List mirror)
2026-07-13,AWS,us-gov-west-1,p3dn.24xlarge,V100,8.0,ondemand,37.454,4.68175,instances.vantage.sh (AWS Price List mirror)
2026-07-13,AWS,us-gov-west-1,p4d.24xlarge,A100,8.0,ondemand,26.3511,3.2938875,instances.vantage.sh (AWS Price List mirror)
2026-07-13,AWS,us-gov-west-1,p5.48xlarge,H100,8.0,ondemand,66.048,8.256,instances.vantage.sh (AWS Price List mirror)
2026-07-13,AWS,us-gov-west-1,p5.4xlarge,H100,1.0,ondemand,8.256,8.256,instances.vantage.sh (AWS Price List mirror)
2026-07-13,AWS,us-gov-west-1,p5en.48xlarge,H200,8.0,ondemand,75.9552,9.4944,instances.vantage.sh (AWS Price List mirror)
2026-07-13,AWS,us-gov-west-1,p6-b200.48xlarge,B200,8.0,ondemand,136.71936,17.08992,instances.vantage.sh (AWS Price List mirror)
2026-07-13,AWS,us-west-1,g2.2xlarge,K520,1.0,ondemand,0.702,0.702,instances.vantage.sh (AWS Price List mirror)
2026-07-13,AWS,us-west-1,g2.8xlarge,K520,4.0,ondemand,2.808,0.702,instances.vantage.sh (AWS Price List mirror)
2026-07-13,AWS,us-west-1,g3.16xlarge,M60,4.0,ondemand,6.136,1.534,instances.vantage.sh (AWS Price List mirror)
2026-07-13,AWS,us-west-1,g3.4xlarge,M60,1.0,ondemand,1.534,1.534,instances.vantage.sh (AWS Price List mirror)
2026-07-13,AWS,us-west-1,g3.8xlarge,M60,2.0,ondemand,3.068,1.534,instances.vantage.sh (AWS Price List mirror)
2026-07-13,AWS,us-west-1,g4dn.12xlarge,T4,4.0,ondemand,4.694,1.1735,instances.vantage.sh (AWS Price List mirror)
2026-07-13,AWS,us-west-1,g4dn.12xlarge,T4,4.0,spot,1.9329,0.483225,instances.vantage.sh (AWS Price List mirror)
2026-07-13,AWS,us-west-1,g4dn.16xlarge,T4,1.0,ondemand,5.222,5.222,instances.vantage.sh (AWS Price List mirror)
2026-07-13,AWS,us-west-1,g4dn.16xlarge,T4,1.0,spot,1.42555,1.42555,instances.vantage.sh (AWS Price List mirror)
2026-07-13,AWS,us-west-1,g4dn.2xlarge,T4,1.0,ondemand,0.902,0.902,instances.vantage.sh (AWS Price List mirror)
2026-07-13,AWS,us-west-1,g4dn.2xlarge,T4,1.0,spot,0.52955,0.52955,instances.vantage.sh (AWS Price List mirror)
2026-07-13,AWS,us-west-1,g4dn.4xlarge,T4,1.0,ondemand,1.445,1.445,instances.vantage.sh (AWS Price List mirror)
2026-07-13,AWS,us-west-1,g4dn.4xlarge,T4,1.0,spot,1.03835,1.03835,instances.vantage.sh (AWS Price List mirror)
2026-07-13,AWS,us-west-1,g4dn.8xlarge,T4,1.0,ondemand,2.611,2.611,instances.vantage.sh (AWS Price List mirror)
2026-07-13,AWS,us-west-1,g4dn.8xlarge,T4,1.0,spot,0.9934,0.9934,instances.vantage.sh (AWS Price List mirror)
2026-07-13,AWS,us-west-1,g4dn.metal,T4,8.0,ondemand,9.389,1.173625,instances.vantage.sh (AWS Price List mirror)
2026-07-13,AWS,us-west-1,g4dn.metal,T4,8.0,spot,3.4064,0.4258,instances.vantage.sh (AWS Price List mirror)
2026-07-13,AWS,us-west-1,g4dn.xlarge,T4,1.0,ondemand,0.631,0.631,instances.vantage.sh (AWS Price List mirror)
2026-07-13,AWS,us-west-1,g4dn.xlarge,T4,1.0,spot,0.3844,0.3844,instances.vantage.sh (AWS Price List mirror)
2026-07-13,AWS,us-west-1,p5.48xlarge,H100,8.0,ondemand,68.8,8.6,instances.vantage.sh (AWS Price List mirror)
2026-07-13,AWS,us-west-1,p5.48xlarge,H100,8.0,spot,68.8,8.6,instances.vantage.sh (AWS Price List mirror)
2026-07-13,AWS,us-west-1,p5en.48xlarge,H200,8.0,ondemand,79.12,9.89,instances.vantage.sh (AWS Price List mirror)
2026-07-13,AWS,us-west-1,p5en.48xlarge,H200,8.0,spot,79.12,9.89,instances.vantage.sh (AWS Price List mirror)
2026-07-13,AWS,us-west-2,dl2q.24xlarge,Qualcomm AI 100 Accelerators,8.0,ondemand,8.9194,1.114925,instances.vantage.sh (AWS Price List mirror)
2026-07-13,AWS,us-west-2,dl2q.24xlarge,Qualcomm AI 100 Accelerators,8.0,spot,1.7651,0.2206375,instances.vantage.sh (AWS Price List mirror)
2026-07-13,AWS,us-west-2,g2.2xlarge,K520,1.0,ondemand,0.65,0.65,instances.vantage.sh (AWS Price List mirror)
2026-07-13,AWS,us-west-2,g2.8xlarge,K520,4.0,ondemand,2.6,0.65,instances.vantage.sh (AWS Price List mirror)
2026-07-13,AWS,us-west-2,g3.16xlarge,M60,4.0,ondemand,4.56,1.14,instances.vantage.sh (AWS Price List mirror)
2026-07-13,AWS,us-west-2,g3.4xlarge,M60,1.0,ondemand,1.14,1.14,instances.vantage.sh (AWS Price List mirror)
2026-07-13,AWS,us-west-2,g3.8xlarge,M60,2.0,ondemand,2.28,1.14,instances.vantage.sh (AWS Price List mirror)
2026-07-13,AWS,us-west-2,g3s.xlarge,M60,1.0,ondemand,0.75,0.75,instances.vantage.sh (AWS Price List mirror)
2026-07-13,AWS,us-west-2,g4ad.16xlarge,V520,4.0,ondemand,3.468,0.867,instances.vantage.sh (AWS Price List mirror)
2026-07-13,AWS,us-west-2,g4ad.16xlarge,V520,4.0,spot,1.314733,0.32868325,instances.vantage.sh (AWS Price List mirror)
2026-07-13,AWS,us-west-2,g4ad.2xlarge,V520,1.0,ondemand,0.54117,0.54117,instances.vantage.sh (AWS Price List mirror)
2026-07-13,AWS,us-west-2,g4ad.2xlarge,V520,1.0,spot,0.252167,0.252167,instances.vantage.sh (AWS Price List mirror)
2026-07-13,AWS,us-west-2,g4ad.4xlarge,V520,1.0,ondemand,0.867,0.867,instances.vantage.sh (AWS Price List mirror)
2026-07-13,AWS,us-west-2,g4ad.4xlarge,V520,1.0,spot,0.350467,0.350467,instances.vantage.sh (AWS Price List mirror)
2026-07-13,AWS,us-west-2,g4ad.8xlarge,V520,2.0,ondemand,1.734,0.867,instances.vantage.sh (AWS Price List mirror)
2026-07-13,AWS,us-west-2,g4ad.8xlarge,V520,2.0,spot,0.650267,0.3251335,instances.vantage.sh (AWS Price List mirror)
2026-07-13,AWS,us-west-2,g4ad.xlarge,V520,1.0,ondemand,0.37853,0.37853,instances.vantage.sh (AWS Price List mirror)
2026-07-13,AWS,us-west-2,g4ad.xlarge,V520,1.0,spot,0.1623,0.1623,instances.vantage.sh (AWS Price List mirror)
2026-07-13,AWS,us-west-2,g4dn.12xlarge,T4,4.0,ondemand,3.912,0.978,instances.vantage.sh (AWS Price List mirror)
2026-07-13,AWS,us-west-2,g4dn.12xlarge,T4,4.0,spot,1.393733,0.34843325,instances.vantage.sh (AWS Price List mirror)
2026-07-13,AWS,us-west-2,g4dn.16xlarge,T4,1.0,ondemand,4.352,4.352,instances.vantage.sh (AWS Price List mirror)
2026-07-13,AWS,us-west-2,g4dn.16xlarge,T4,1.0,spot,1.288967,1.288967,instances.vantage.sh (AWS Price List mirror)
2026-07-13,AWS,us-west-2,g4dn.2xlarge,T4,1.0,ondemand,0.752,0.752,instances.vantage.sh (AWS Price List mirror)
2026-07-13,AWS,us-west-2,g4dn.2xlarge,T4,1.0,spot,0.275067,0.275067,instances.vantage.sh (AWS Price List mirror)
2026-07-13,AWS,us-west-2,g4dn.4xlarge,T4,1.0,ondemand,1.204,1.204,instances.vantage.sh (AWS Price List mirror)
2026-07-13,AWS,us-west-2,g4dn.4xlarge,T4,1.0,spot,0.3999,0.3999,instances.vantage.sh (AWS Price List mirror)
2026-07-13,AWS,us-west-2,g4dn.8xlarge,T4,1.0,ondemand,2.176,2.176,instances.vantage.sh (AWS Price List mirror)
2026-07-13,AWS,us-west-2,g4dn.8xlarge,T4,1.0,spot,0.714033,0.714033,instances.vantage.sh (AWS Price List mirror)
2026-07-13,AWS,us-west-2,g4dn.metal,T4,8.0,ondemand,7.824,0.978,instances.vantage.sh (AWS Price List mirror)
2026-07-13,AWS,us-west-2,g4dn.metal,T4,8.0,spot,3.5884,0.44855,instances.vantage.sh (AWS Price List mirror)
2026-07-13,AWS,us-west-2,g4dn.xlarge,T4,1.0,ondemand,0.526,0.526,instances.vantage.sh (AWS Price List mirror)
2026-07-13,AWS,us-west-2,g4dn.xlarge,T4,1.0,spot,0.1931,0.1931,instances.vantage.sh (AWS Price List mirror)
2026-07-13,AWS,us-west-2,g5.12xlarge,A10G,4.0,ondemand,5.672,1.418,instances.vantage.sh (AWS Price List mirror)
2026-07-13,AWS,us-west-2,g5.12xlarge,A10G,4.0,spot,3.670867,0.91771675,instances.vantage.sh (AWS Price List mirror)
2026-07-13,AWS,us-west-2,g5.16xlarge,A10G,1.0,ondemand,4.096,4.096,instances.vantage.sh (AWS Price List mirror)
2026-07-13,AWS,us-west-2,g5.16xlarge,A10G,1.0,spot,1.3825,1.3825,instances.vantage.sh (AWS Price List mirror)
2026-07-13,AWS,us-west-2,g5.24xlarge,A10G,4.0,ondemand,8.144,2.036,instances.vantage.sh (AWS Price List mirror)
2026-07-13,AWS,us-west-2,g5.24xlarge,A10G,4.0,spot,4.0977,1.024425,instances.vantage.sh (AWS Price List mirror)
2026-07-13,AWS,us-west-2,g5.2xlarge,A10G,1.0,ondemand,1.212,1.212,instances.vantage.sh (AWS Price List mirror)
2026-07-13,AWS,us-west-2,g5.2xlarge,A10G,1.0,spot,0.5767,0.5767,instances.vantage.sh (AWS Price List mirror)
2026-07-13,AWS,us-west-2,g5.48xlarge,A10G,8.0,ondemand,16.288,2.036,instances.vantage.sh (AWS Price List mirror)
2026-07-13,AWS,us-west-2,g5.48xlarge,A10G,8.0,spot,5.5517,0.6939625,instances.vantage.sh (AWS Price List mirror)
2026-07-13,AWS,us-west-2,g5.4xlarge,A10G,1.0,ondemand,1.624,1.624,instances.vantage.sh (AWS Price List mirror)
2026-07-13,AWS,us-west-2,g5.4xlarge,A10G,1.0,spot,0.566633,0.566633,instances.vantage.sh (AWS Price List mirror)
2026-07-13,AWS,us-west-2,g5.8xlarge,A10G,1.0,ondemand,2.448,2.448,instances.vantage.sh (AWS Price List mirror)
2026-07-13,AWS,us-west-2,g5.8xlarge,A10G,1.0,spot,0.9666,0.9666,instances.vantage.sh (AWS Price List mirror)
2026-07-13,AWS,us-west-2,g5.xlarge,A10G,1.0,ondemand,1.006,1.006,instances.vantage.sh (AWS Price List mirror)
2026-07-13,AWS,us-west-2,g5.xlarge,A10G,1.0,spot,0.5777,0.5777,instances.vantage.sh (AWS Price List mirror)
2026-07-13,AWS,us-west-2,g5g.16xlarge,T4G,2.0,ondemand,2.744,1.372,instances.vantage.sh (AWS Price List mirror)
2026-07-13,AWS,us-west-2,g5g.16xlarge,T4G,2.0,spot,0.9818,0.4909,instances.vantage.sh (AWS Price List mirror)
2026-07-13,AWS,us-west-2,g5g.2xlarge,T4G,1.0,ondemand,0.556,0.556,instances.vantage.sh (AWS Price List mirror)
2026-07-13,AWS,us-west-2,g5g.2xlarge,T4G,1.0,spot,0.198467,0.198467,instances.vantage.sh (AWS Price List mirror)
2026-07-13,AWS,us-west-2,g5g.4xlarge,T4G,1.0,ondemand,0.828,0.828,instances.vantage.sh (AWS Price List mirror)
2026-07-13,AWS,us-west-2,g5g.4xlarge,T4G,1.0,spot,0.282667,0.282667,instances.vantage.sh (AWS Price List mirror)
2026-07-13,AWS,us-west-2,g5g.8xlarge,T4G,1.0,ondemand,1.372,1.372,instances.vantage.sh (AWS Price List mirror)
2026-07-13,AWS,us-west-2,g5g.8xlarge,T4G,1.0,spot,0.494567,0.494567,instances.vantage.sh (AWS Price List mirror)
2026-07-13,AWS,us-west-2,g5g.metal,T4G,2.0,ondemand,2.744,1.372,instances.vantage.sh (AWS Price List mirror)
2026-07-13,AWS,us-west-2,g5g.metal,T4G,2.0,spot,0.4881,0.24405,instances.vantage.sh (AWS Price List mirror)
2026-07-13,AWS,us-west-2,g5g.xlarge,T4G,1.0,ondemand,0.42,0.42,instances.vantage.sh (AWS Price List mirror)
2026-07-13,AWS,us-west-2,g5g.xlarge,T4G,1.0,spot,0.1347,0.1347,instances.vantage.sh (AWS Price List mirror)
2026-07-13,AWS,us-west-2,g6.12xlarge,L4,4.0,ondemand,4.6016,1.1504,instances.vantage.sh (AWS Price List mirror)
2026-07-13,AWS,us-west-2,g6.12xlarge,L4,4.0,spot,1.870525,0.46763125,instances.vantage.sh (AWS Price List mirror)
2026-07-13,AWS,us-west-2,g6.16xlarge,L4,1.0,ondemand,3.3968,3.3968,instances.vantage.sh (AWS Price List mirror)
2026-07-13,AWS,us-west-2,g6.16xlarge,L4,1.0,spot,1.64965,1.64965,instances.vantage.sh (AWS Price List mirror)
2026-07-13,AWS,us-west-2,g6.24xlarge,L4,4.0,ondemand,6.6752,1.6688,instances.vantage.sh (AWS Price List mirror)
2026-07-13,AWS,us-west-2,g6.24xlarge,L4,4.0,spot,2.460875,0.61521875,instances.vantage.sh (AWS Price List mirror)
2026-07-13,AWS,us-west-2,g6.2xlarge,L4,1.0,ondemand,0.9776,0.9776,instances.vantage.sh (AWS Price List mirror)
2026-07-13,AWS,us-west-2,g6.2xlarge,L4,1.0,spot,0.47995,0.47995,instances.vantage.sh (AWS Price List mirror)
2026-07-13,AWS,us-west-2,g6.48xlarge,L4,8.0,ondemand,13.3504,1.6688,instances.vantage.sh (AWS Price List mirror)
2026-07-13,AWS,us-west-2,g6.48xlarge,L4,8.0,spot,5.926025,0.740753125,instances.vantage.sh (AWS Price List mirror)
2026-07-13,AWS,us-west-2,g6.4xlarge,L4,1.0,ondemand,1.3232,1.3232,instances.vantage.sh (AWS Price List mirror)
2026-07-13,AWS,us-west-2,g6.4xlarge,L4,1.0,spot,0.5784,0.5784,instances.vantage.sh (AWS Price List mirror)
2026-07-13,AWS,us-west-2,g6.8xlarge,L4,1.0,ondemand,2.0144,2.0144,instances.vantage.sh (AWS Price List mirror)
2026-07-13,AWS,us-west-2,g6.8xlarge,L4,1.0,spot,0.913375,0.913375,instances.vantage.sh (AWS Price List mirror)
2026-07-13,AWS,us-west-2,g6.xlarge,L4,1.0,ondemand,0.8048,0.8048,instances.vantage.sh (AWS Price List mirror)
2026-07-13,AWS,us-west-2,g6.xlarge,L4,1.0,spot,0.4333,0.4333,instances.vantage.sh (AWS Price List mirror)
2026-07-13,AWS,us-west-2,g6e.12xlarge,L40S,4.0,ondemand,10.49264,2.62316,instances.vantage.sh (AWS Price List mirror)
2026-07-13,AWS,us-west-2,g6e.12xlarge,L40S,4.0,spot,5.03695,1.2592375,instances.vantage.sh (AWS Price List mirror)
2026-07-13,AWS,us-west-2,g6e.16xlarge,L40S,1.0,ondemand,7.57719,7.57719,instances.vantage.sh (AWS Price List mirror)
2026-07-13,AWS,us-west-2,g6e.16xlarge,L40S,1.0,spot,2.708775,2.708775,instances.vantage.sh (AWS Price List mirror)
2026-07-13,AWS,us-west-2,g6e.24xlarge,L40S,4.0,ondemand,15.06559,3.7663975,instances.vantage.sh (AWS Price List mirror)
2026-07-13,AWS,us-west-2,g6e.24xlarge,L40S,4.0,spot,4.974625,1.24365625,instances.vantage.sh (AWS Price List mirror)
2026-07-13,AWS,us-west-2,g6e.2xlarge,L40S,1.0,ondemand,2.24208,2.24208,instances.vantage.sh (AWS Price List mirror)
2026-07-13,AWS,us-west-2,g6e.2xlarge,L40S,1.0,spot,1.10525,1.10525,instances.vantage.sh (AWS Price List mirror)
2026-07-13,AWS,us-west-2,g6e.48xlarge,L40S,8.0,ondemand,30.13118,3.7663975,instances.vantage.sh (AWS Price List mirror)
2026-07-13,AWS,us-west-2,g6e.48xlarge,L40S,8.0,spot,11.659275,1.457409375,instances.vantage.sh (AWS Price List mirror)
2026-07-13,AWS,us-west-2,g6e.4xlarge,L40S,1.0,ondemand,3.00424,3.00424,instances.vantage.sh (AWS Price List mirror)
2026-07-13,AWS,us-west-2,g6e.4xlarge,L40S,1.0,spot,1.250675,1.250675,instances.vantage.sh (AWS Price List mirror)
2026-07-13,AWS,us-west-2,g6e.8xlarge,L40S,1.0,ondemand,4.52856,4.52856,instances.vantage.sh (AWS Price List mirror)
2026-07-13,AWS,us-west-2,g6e.8xlarge,L40S,1.0,spot,1.627075,1.627075,instances.vantage.sh (AWS Price List mirror)
2026-07-13,AWS,us-west-2,g6e.xlarge,L40S,1.0,ondemand,1.861,1.861,instances.vantage.sh (AWS Price List mirror)
2026-07-13,AWS,us-west-2,g6e.xlarge,L40S,1.0,spot,0.95775,0.95775,instances.vantage.sh (AWS Price List mirror)
2026-07-13,AWS,us-west-2,g6f.2xlarge,L4,0.25,ondemand,0.475,1.9,instances.vantage.sh (AWS Price List mirror)
2026-07-13,AWS,us-west-2,g6f.2xlarge,L4,0.25,spot,0.1934,0.7736,instances.vantage.sh (AWS Price List mirror)
2026-07-13,AWS,us-west-2,g6f.4xlarge,L4,0.5,ondemand,0.95,1.9,instances.vantage.sh (AWS Price List mirror)
2026-07-13,AWS,us-west-2,g6f.4xlarge,L4,0.5,spot,0.391275,0.78255,instances.vantage.sh (AWS Price List mirror)
2026-07-13,AWS,us-west-2,g6f.large,L4,0.125,ondemand,0.202,1.616,instances.vantage.sh (AWS Price List mirror)
2026-07-13,AWS,us-west-2,g6f.large,L4,0.125,spot,0.049125,0.393,instances.vantage.sh (AWS Price List mirror)
2026-07-13,AWS,us-west-2,g6f.xlarge,L4,0.125,ondemand,0.2375,1.9,instances.vantage.sh (AWS Price List mirror)
2026-07-13,AWS,us-west-2,g6f.xlarge,L4,0.125,spot,0.08575,0.686,instances.vantage.sh (AWS Price List mirror)
2026-07-13,AWS,us-west-2,g7.12xlarge,NVIDIA RTX PRO 4500 Blackwell,2.0,ondemand,7.12832,3.56416,instances.vantage.sh (AWS Price List mirror)
2026-07-13,AWS,us-west-2,g7.12xlarge,NVIDIA RTX PRO 4500 Blackwell,2.0,spot,1.85615,0.928075,instances.vantage.sh (AWS Price List mirror)
2026-07-13,AWS,us-west-2,g7.24xlarge,NVIDIA RTX PRO 4500 Blackwell,4.0,ondemand,14.25664,3.56416,instances.vantage.sh (AWS Price List mirror)
2026-07-13,AWS,us-west-2,g7.24xlarge,NVIDIA RTX PRO 4500 Blackwell,4.0,spot,2.416325,0.60408125,instances.vantage.sh (AWS Price List mirror)
2026-07-13,AWS,us-west-2,g7.2xlarge,NVIDIA RTX PRO 4500 Blackwell,1.0,ondemand,2.52,2.52,instances.vantage.sh (AWS Price List mirror)
2026-07-13,AWS,us-west-2,g7.2xlarge,NVIDIA RTX PRO 4500 Blackwell,1.0,spot,0.837,0.837,instances.vantage.sh (AWS Price List mirror)
2026-07-13,AWS,us-west-2,g7.48xlarge,NVIDIA RTX PRO 4500 Blackwell,8.0,ondemand,28.51328,3.56416,instances.vantage.sh (AWS Price List mirror)
2026-07-13,AWS,us-west-2,g7.48xlarge,NVIDIA RTX PRO 4500 Blackwell,8.0,spot,4.256075,0.532009375,instances.vantage.sh (AWS Price List mirror)
2026-07-13,AWS,us-west-2,g7.4xlarge,NVIDIA RTX PRO 4500 Blackwell,1.0,ondemand,3.04208,3.04208,instances.vantage.sh (AWS Price List mirror)
2026-07-13,AWS,us-west-2,g7.4xlarge,NVIDIA RTX PRO 4500 Blackwell,1.0,spot,0.9624,0.9624,instances.vantage.sh (AWS Price List mirror)
2026-07-13,AWS,us-west-2,g7.8xlarge,NVIDIA RTX PRO 4500 Blackwell,1.0,ondemand,4.08624,4.08624,instances.vantage.sh (AWS Price List mirror)
2026-07-13,AWS,us-west-2,g7.8xlarge,NVIDIA RTX PRO 4500 Blackwell,1.0,spot,0.849775,0.849775,instances.vantage.sh (AWS Price List mirror)
2026-07-13,AWS,us-west-2,g7e.12xlarge,NVIDIA GB202,2.0,ondemand,8.28608,4.14304,instances.vantage.sh (AWS Price List mirror)
2026-07-13,AWS,us-west-2,g7e.12xlarge,NVIDIA GB202,2.0,spot,4.573525,2.2867625,instances.vantage.sh (AWS Price List mirror)
2026-07-13,AWS,us-west-2,g7e.24xlarge,NVIDIA GB202,4.0,ondemand,16.57216,4.14304,instances.vantage.sh (AWS Price List mirror)
2026-07-13,AWS,us-west-2,g7e.24xlarge,NVIDIA GB202,4.0,spot,9.2285,2.307125,instances.vantage.sh (AWS Price List mirror)
2026-07-13,AWS,us-west-2,g7e.2xlarge,NVIDIA GB202,1.0,ondemand,3.36312,3.36312,instances.vantage.sh (AWS Price List mirror)
2026-07-13,AWS,us-west-2,g7e.2xlarge,NVIDIA GB202,1.0,spot,2.4107,2.4107,instances.vantage.sh (AWS Price List mirror)
2026-07-13,AWS,us-west-2,g7e.48xlarge,NVIDIA GB202,8.0,ondemand,33.14432,4.14304,instances.vantage.sh (AWS Price List mirror)
2026-07-13,AWS,us-west-2,g7e.48xlarge,NVIDIA GB202,8.0,spot,23.3798,2.922475,instances.vantage.sh (AWS Price List mirror)
2026-07-13,AWS,us-west-2,g7e.4xlarge,NVIDIA GB202,1.0,ondemand,3.99816,3.99816,instances.vantage.sh (AWS Price List mirror)
2026-07-13,AWS,us-west-2,g7e.4xlarge,NVIDIA GB202,1.0,spot,2.713025,2.713025,instances.vantage.sh (AWS Price List mirror)
2026-07-13,AWS,us-west-2,g7e.8xlarge,NVIDIA GB202,1.0,ondemand,5.26824,5.26824,instances.vantage.sh (AWS Price List mirror)
2026-07-13,AWS,us-west-2,g7e.8xlarge,NVIDIA GB202,1.0,spot,3.0207,3.0207,instances.vantage.sh (AWS Price List mirror)
2026-07-13,AWS,us-west-2,gr6.4xlarge,L4,1.0,ondemand,1.5392,1.5392,instances.vantage.sh (AWS Price List mirror)
2026-07-13,AWS,us-west-2,gr6.4xlarge,L4,1.0,spot,0.5592,0.5592,instances.vantage.sh (AWS Price List mirror)
2026-07-13,AWS,us-west-2,gr6.8xlarge,L4,1.0,ondemand,2.4464,2.4464,instances.vantage.sh (AWS Price List mirror)
2026-07-13,AWS,us-west-2,gr6.8xlarge,L4,1.0,spot,0.810425,0.810425,instances.vantage.sh (AWS Price List mirror)
2026-07-13,AWS,us-west-2,gr6f.4xlarge,L4,0.5,ondemand,1.066,2.132,instances.vantage.sh (AWS Price List mirror)
2026-07-13,AWS,us-west-2,gr6f.4xlarge,L4,0.5,spot,0.38145,0.7629,instances.vantage.sh (AWS Price List mirror)
2026-07-13,AWS,us-west-2,p2.16xlarge,K80,16.0,ondemand,14.4,0.9,instances.vantage.sh (AWS Price List mirror)
2026-07-13,AWS,us-west-2,p2.8xlarge,K80,8.0,ondemand,7.2,0.9,instances.vantage.sh (AWS Price List mirror)
2026-07-13,AWS,us-west-2,p2.xlarge,K80,1.0,ondemand,0.9,0.9,instances.vantage.sh (AWS Price List mirror)
2026-07-13,AWS,us-west-2,p3.16xlarge,V100,8.0,ondemand,24.48,3.06,instances.vantage.sh (AWS Price List mirror)
2026-07-13,AWS,us-west-2,p3.16xlarge,V100,8.0,spot,13.117033,1.639629125,instances.vantage.sh (AWS Price List mirror)
2026-07-13,AWS,us-west-2,p3.2xlarge,V100,1.0,ondemand,3.06,3.06,instances.vantage.sh (AWS Price List mirror)
2026-07-13,AWS,us-west-2,p3.2xlarge,V100,1.0,spot,0.7914,0.7914,instances.vantage.sh (AWS Price List mirror)
2026-07-13,AWS,us-west-2,p3.8xlarge,V100,4.0,ondemand,12.24,3.06,instances.vantage.sh (AWS Price List mirror)
2026-07-13,AWS,us-west-2,p3.8xlarge,V100,4.0,spot,5.321133,1.33028325,instances.vantage.sh (AWS Price List mirror)
2026-07-13,AWS,us-west-2,p3dn.24xlarge,V100,8.0,ondemand,31.212,3.9015,instances.vantage.sh (AWS Price List mirror)
2026-07-13,AWS,us-west-2,p3dn.24xlarge,V100,8.0,spot,6.5704,0.8213,instances.vantage.sh (AWS Price List mirror)
2026-07-13,AWS,us-west-2,p4d.24xlarge,A100,8.0,ondemand,21.95764,2.744705,instances.vantage.sh (AWS Price List mirror)
2026-07-13,AWS,us-west-2,p4d.24xlarge,A100,8.0,spot,14.4658,1.808225,instances.vantage.sh (AWS Price List mirror)
2026-07-13,AWS,us-west-2,p4de.24xlarge,A100,8.0,ondemand,27.44705,3.43088125,instances.vantage.sh (AWS Price List mirror)
2026-07-13,AWS,us-west-2,p4de.24xlarge,A100,8.0,spot,19.248133,2.406016625,instances.vantage.sh (AWS Price List mirror)
2026-07-13,AWS,us-west-2,p5.48xlarge,H100,8.0,ondemand,55.04,6.88,instances.vantage.sh (AWS Price List mirror)
2026-07-13,AWS,us-west-2,p5.48xlarge,H100,8.0,spot,16.680825,2.085103125,instances.vantage.sh (AWS Price List mirror)
2026-07-13,AWS,us-west-2,p5.4xlarge,H100,1.0,ondemand,6.88,6.88,instances.vantage.sh (AWS Price List mirror)
2026-07-13,AWS,us-west-2,p5.4xlarge,H100,1.0,spot,2.5318,2.5318,instances.vantage.sh (AWS Price List mirror)
2026-07-13,AWS,us-west-2,p5en.48xlarge,H200,8.0,ondemand,63.296,7.912,instances.vantage.sh (AWS Price List mirror)
2026-07-13,AWS,us-west-2,p5en.48xlarge,H200,8.0,spot,22.2339,2.7792375,instances.vantage.sh (AWS Price List mirror)
2026-07-13,AWS,us-west-2,p6-b200.48xlarge,B200,8.0,ondemand,113.9328,14.2416,instances.vantage.sh (AWS Price List mirror)
2026-07-13,AWS,us-west-2,p6-b200.48xlarge,B200,8.0,spot,31.042233,3.880279125,instances.vantage.sh (AWS Price List mirror)
2026-07-13,AWS,us-west-2,p6-b300.48xlarge,NVIDIA B300,8.0,ondemand,142.416,17.802,instances.vantage.sh (AWS Price List mirror)
2026-07-13,AWS,us-west-2,p6-b300.48xlarge,NVIDIA B300,8.0,spot,36.1737,4.5217125,instances.vantage.sh (AWS Price List mirror)
2026-07-13,AWS,us-west-2-den-1,g4dn.2xlarge,T4,1.0,ondemand,1.015,1.015,instances.vantage.sh (AWS Price List mirror)
2026-07-13,AWS,us-west-2-den-1,g4dn.4xlarge,T4,1.0,ondemand,1.625,1.625,instances.vantage.sh (AWS Price List mirror)
2026-07-13,AWS,us-west-2-hnl-1,g4dn.2xlarge,T4,1.0,ondemand,1.241,1.241,instances.vantage.sh (AWS Price List mirror)
2026-07-13,AWS,us-west-2-hnl-1,g4dn.4xlarge,T4,1.0,ondemand,1.987,1.987,instances.vantage.sh (AWS Price List mirror)
2026-07-13,AWS,us-west-2-las-1,g4dn.2xlarge,T4,1.0,ondemand,1.015,1.015,instances.vantage.sh (AWS Price List mirror)
2026-07-13,AWS,us-west-2-lax-1,g4dn.12xlarge,T4,4.0,ondemand,4.694,1.1735,instances.vantage.sh (AWS Price List mirror)
2026-07-13,AWS,us-west-2-lax-1,g4dn.16xlarge,T4,1.0,ondemand,5.222,5.222,instances.vantage.sh (AWS Price List mirror)
2026-07-13,AWS,us-west-2-lax-1,g4dn.2xlarge,T4,1.0,ondemand,0.902,0.902,instances.vantage.sh (AWS Price List mirror)
2026-07-13,AWS,us-west-2-lax-1,g4dn.4xlarge,T4,1.0,ondemand,1.445,1.445,instances.vantage.sh (AWS Price List mirror)
2026-07-13,AWS,us-west-2-lax-1,g4dn.8xlarge,T4,1.0,ondemand,2.611,2.611,instances.vantage.sh (AWS Price List mirror)
2026-07-13,AWS,us-west-2-lax-1,g4dn.metal,T4,8.0,ondemand,9.389,1.173625,instances.vantage.sh (AWS Price List mirror)
2026-07-13,AWS,us-west-2-lax-1,g4dn.xlarge,T4,1.0,ondemand,0.631,0.631,instances.vantage.sh (AWS Price List mirror)
2026-07-13,AWS,us-west-2-lax-1,g5.4xlarge,A10G,1.0,ondemand,2.23098,2.23098,instances.vantage.sh (AWS Price List mirror)
2026-07-13,AWS,us-west-2-lax-1,g5.8xlarge,A10G,1.0,ondemand,3.36296,3.36296,instances.vantage.sh (AWS Price List mirror)
2026-07-13,AWS,us-west-2-lax-1,g7e.4xlarge,NVIDIA GB202,1.0,ondemand,5.35803,5.35803,instances.vantage.sh (AWS Price List mirror)
2026-07-13,AWS,us-west-2-lax-1,g7e.8xlarge,NVIDIA GB202,1.0,ondemand,7.0601,7.0601,instances.vantage.sh (AWS Price List mirror)
2026-07-13,AWS,us-west-2-pdx-1,g4dn.2xlarge,T4,1.0,ondemand,1.015,1.015,instances.vantage.sh (AWS Price List mirror)
2026-07-13,AWS,us-west-2-phx-1,g4dn.2xlarge,T4,1.0,ondemand,1.015,1.015,instances.vantage.sh (AWS Price List mirror)
2026-07-13,AWS,us-west-2-phx-1,g4dn.4xlarge,T4,1.0,ondemand,1.625,1.625,instances.vantage.sh (AWS Price List mirror)
2026-07-13,AWS,us-west-2-sea-1,g4dn.2xlarge,T4,1.0,ondemand,1.015,1.015,instances.vantage.sh (AWS Price List mirror)
2026-07-13,AWS,us-west-2-wl1,g4dn.2xlarge,T4,1.0,ondemand,1.317,1.317,instances.vantage.sh (AWS Price List mirror)
2026-07-13,AWS,us-west-2-wl1-den1,g4dn.2xlarge,T4,1.0,ondemand,1.317,1.317,instances.vantage.sh (AWS Price List mirror)
2026-07-13,AWS,us-west-2-wl1-las1,g4dn.2xlarge,T4,1.0,ondemand,1.317,1.317,instances.vantage.sh (AWS Price List mirror)
2026-07-13,AWS,us-west-2-wl1-lax1,g4dn.2xlarge,T4,1.0,ondemand,1.317,1.317,instances.vantage.sh (AWS Price List mirror)
2026-07-13,AWS,us-west-2-wl1-phx1,g4dn.2xlarge,T4,1.0,ondemand,1.317,1.317,instances.vantage.sh (AWS Price List mirror)
2026-07-13,AWS,us-west-2-wl1-sea1,g4dn.2xlarge,T4,1.0,ondemand,1.317,1.317,instances.vantage.sh (AWS Price List mirror)
