snapshot_date,provider,region,sku,gpu_model,gpu_count,price_type,price_usd_hour,price_usd_per_gpu_hour,source
2026-07-20,AWS,af-south-1,g4dn.12xlarge,T4,4.0,ondemand,5.19,1.2975,instances.vantage.sh (AWS Price List mirror)
2026-07-20,AWS,af-south-1,g4dn.12xlarge,T4,4.0,spot,0.519,0.12975,instances.vantage.sh (AWS Price List mirror)
2026-07-20,AWS,af-south-1,g4dn.16xlarge,T4,1.0,ondemand,5.774,5.774,instances.vantage.sh (AWS Price List mirror)
2026-07-20,AWS,af-south-1,g4dn.16xlarge,T4,1.0,spot,0.5774,0.5774,instances.vantage.sh (AWS Price List mirror)
2026-07-20,AWS,af-south-1,g4dn.2xlarge,T4,1.0,ondemand,0.998,0.998,instances.vantage.sh (AWS Price List mirror)
2026-07-20,AWS,af-south-1,g4dn.2xlarge,T4,1.0,spot,0.15968,0.15968,instances.vantage.sh (AWS Price List mirror)
2026-07-20,AWS,af-south-1,g4dn.4xlarge,T4,1.0,ondemand,1.597,1.597,instances.vantage.sh (AWS Price List mirror)
2026-07-20,AWS,af-south-1,g4dn.4xlarge,T4,1.0,spot,0.35134,0.35134,instances.vantage.sh (AWS Price List mirror)
2026-07-20,AWS,af-south-1,g4dn.8xlarge,T4,1.0,ondemand,2.887,2.887,instances.vantage.sh (AWS Price List mirror)
2026-07-20,AWS,af-south-1,g4dn.8xlarge,T4,1.0,spot,0.31757,0.31757,instances.vantage.sh (AWS Price List mirror)
2026-07-20,AWS,af-south-1,g4dn.metal,T4,8.0,ondemand,10.381,1.297625,instances.vantage.sh (AWS Price List mirror)
2026-07-20,AWS,af-south-1,g4dn.metal,T4,8.0,spot,9.44671,1.18083875,instances.vantage.sh (AWS Price List mirror)
2026-07-20,AWS,af-south-1,g4dn.xlarge,T4,1.0,ondemand,0.698,0.698,instances.vantage.sh (AWS Price List mirror)
2026-07-20,AWS,af-south-1,g4dn.xlarge,T4,1.0,spot,0.16054,0.16054,instances.vantage.sh (AWS Price List mirror)
2026-07-20,AWS,af-south-1-los-1,g4dn.2xlarge,T4,1.0,ondemand,1.247,1.247,instances.vantage.sh (AWS Price List mirror)
2026-07-20,AWS,ap-east-1,g4dn.12xlarge,T4,4.0,ondemand,6.024,1.506,instances.vantage.sh (AWS Price List mirror)
2026-07-20,AWS,ap-east-1,g4dn.12xlarge,T4,4.0,spot,3.3132,0.8283,instances.vantage.sh (AWS Price List mirror)
2026-07-20,AWS,ap-east-1,g4dn.16xlarge,T4,1.0,ondemand,6.702,6.702,instances.vantage.sh (AWS Price List mirror)
2026-07-20,AWS,ap-east-1,g4dn.16xlarge,T4,1.0,spot,0.6702,0.6702,instances.vantage.sh (AWS Price List mirror)
2026-07-20,AWS,ap-east-1,g4dn.2xlarge,T4,1.0,ondemand,1.158,1.158,instances.vantage.sh (AWS Price List mirror)
2026-07-20,AWS,ap-east-1,g4dn.2xlarge,T4,1.0,spot,0.30108,0.30108,instances.vantage.sh (AWS Price List mirror)
2026-07-20,AWS,ap-east-1,g4dn.4xlarge,T4,1.0,ondemand,1.854,1.854,instances.vantage.sh (AWS Price List mirror)
2026-07-20,AWS,ap-east-1,g4dn.4xlarge,T4,1.0,spot,0.31518,0.31518,instances.vantage.sh (AWS Price List mirror)
2026-07-20,AWS,ap-east-1,g4dn.8xlarge,T4,1.0,ondemand,3.351,3.351,instances.vantage.sh (AWS Price List mirror)
2026-07-20,AWS,ap-east-1,g4dn.8xlarge,T4,1.0,spot,0.40212,0.40212,instances.vantage.sh (AWS Price List mirror)
2026-07-20,AWS,ap-east-1,g4dn.metal,T4,8.0,ondemand,12.048,1.506,instances.vantage.sh (AWS Price List mirror)
2026-07-20,AWS,ap-east-1,g4dn.metal,T4,8.0,spot,7.8312,0.9789,instances.vantage.sh (AWS Price List mirror)
2026-07-20,AWS,ap-east-1,g4dn.xlarge,T4,1.0,ondemand,0.81,0.81,instances.vantage.sh (AWS Price List mirror)
2026-07-20,AWS,ap-east-1,g4dn.xlarge,T4,1.0,spot,0.162,0.162,instances.vantage.sh (AWS Price List mirror)
2026-07-20,AWS,ap-east-1,g5.12xlarge,A10G,4.0,ondemand,8.7324,2.1831,instances.vantage.sh (AWS Price List mirror)
2026-07-20,AWS,ap-east-1,g5.12xlarge,A10G,4.0,spot,1.833804,0.458451,instances.vantage.sh (AWS Price List mirror)
2026-07-20,AWS,ap-east-1,g5.16xlarge,A10G,1.0,ondemand,6.30605,6.30605,instances.vantage.sh (AWS Price List mirror)
2026-07-20,AWS,ap-east-1,g5.16xlarge,A10G,1.0,spot,1.450392,1.450392,instances.vantage.sh (AWS Price List mirror)
2026-07-20,AWS,ap-east-1,g5.24xlarge,A10G,4.0,ondemand,12.5382,3.13455,instances.vantage.sh (AWS Price List mirror)
2026-07-20,AWS,ap-east-1,g5.24xlarge,A10G,4.0,spot,11.409762,2.8524405,instances.vantage.sh (AWS Price List mirror)
2026-07-20,AWS,ap-east-1,g5.2xlarge,A10G,1.0,ondemand,1.86595,1.86595,instances.vantage.sh (AWS Price List mirror)
2026-07-20,AWS,ap-east-1,g5.2xlarge,A10G,1.0,spot,0.410509,0.410509,instances.vantage.sh (AWS Price List mirror)
2026-07-20,AWS,ap-east-1,g5.48xlarge,A10G,8.0,ondemand,25.0764,3.13455,instances.vantage.sh (AWS Price List mirror)
2026-07-20,AWS,ap-east-1,g5.48xlarge,A10G,8.0,spot,12.5382,1.567275,instances.vantage.sh (AWS Price List mirror)
2026-07-20,AWS,ap-east-1,g5.4xlarge,A10G,1.0,ondemand,2.50025,2.50025,instances.vantage.sh (AWS Price List mirror)
2026-07-20,AWS,ap-east-1,g5.4xlarge,A10G,1.0,spot,2.10021,2.10021,instances.vantage.sh (AWS Price List mirror)
2026-07-20,AWS,ap-east-1,g5.8xlarge,A10G,1.0,ondemand,3.76885,3.76885,instances.vantage.sh (AWS Price List mirror)
2026-07-20,AWS,ap-east-1,g5.8xlarge,A10G,1.0,spot,1.055278,1.055278,instances.vantage.sh (AWS Price List mirror)
2026-07-20,AWS,ap-east-1,g5.xlarge,A10G,1.0,ondemand,1.5488,1.5488,instances.vantage.sh (AWS Price List mirror)
2026-07-20,AWS,ap-east-1,g5.xlarge,A10G,1.0,spot,0.3872,0.3872,instances.vantage.sh (AWS Price List mirror)
2026-07-20,AWS,ap-northeast-1,g2.2xlarge,K520,1.0,ondemand,0.898,0.898,instances.vantage.sh (AWS Price List mirror)
2026-07-20,AWS,ap-northeast-1,g2.8xlarge,K520,4.0,ondemand,3.592,0.898,instances.vantage.sh (AWS Price List mirror)
2026-07-20,AWS,ap-northeast-1,g3.16xlarge,M60,4.0,ondemand,6.32,1.58,instances.vantage.sh (AWS Price List mirror)
2026-07-20,AWS,ap-northeast-1,g3.4xlarge,M60,1.0,ondemand,1.58,1.58,instances.vantage.sh (AWS Price List mirror)
2026-07-20,AWS,ap-northeast-1,g3.8xlarge,M60,2.0,ondemand,3.16,1.58,instances.vantage.sh (AWS Price List mirror)
2026-07-20,AWS,ap-northeast-1,g3s.xlarge,M60,1.0,ondemand,1.04,1.04,instances.vantage.sh (AWS Price List mirror)
2026-07-20,AWS,ap-northeast-1,g4ad.16xlarge,V520,4.0,ondemand,4.68,1.17,instances.vantage.sh (AWS Price List mirror)
2026-07-20,AWS,ap-northeast-1,g4ad.16xlarge,V520,4.0,spot,2.426133,0.60653325,instances.vantage.sh (AWS Price List mirror)
2026-07-20,AWS,ap-northeast-1,g4ad.2xlarge,V520,1.0,ondemand,0.7303,0.7303,instances.vantage.sh (AWS Price List mirror)
2026-07-20,AWS,ap-northeast-1,g4ad.2xlarge,V520,1.0,spot,0.4027,0.4027,instances.vantage.sh (AWS Price List mirror)
2026-07-20,AWS,ap-northeast-1,g4ad.4xlarge,V520,1.0,ondemand,1.17,1.17,instances.vantage.sh (AWS Price List mirror)
2026-07-20,AWS,ap-northeast-1,g4ad.4xlarge,V520,1.0,spot,0.6359,0.6359,instances.vantage.sh (AWS Price List mirror)
2026-07-20,AWS,ap-northeast-1,g4ad.8xlarge,V520,2.0,ondemand,2.34,1.17,instances.vantage.sh (AWS Price List mirror)
2026-07-20,AWS,ap-northeast-1,g4ad.8xlarge,V520,2.0,spot,0.6401,0.32005,instances.vantage.sh (AWS Price List mirror)
2026-07-20,AWS,ap-northeast-1,g4ad.xlarge,V520,1.0,ondemand,0.51082,0.51082,instances.vantage.sh (AWS Price List mirror)
2026-07-20,AWS,ap-northeast-1,g4ad.xlarge,V520,1.0,spot,0.2473,0.2473,instances.vantage.sh (AWS Price List mirror)
2026-07-20,AWS,ap-northeast-1,g4dn.12xlarge,T4,4.0,ondemand,5.281,1.32025,instances.vantage.sh (AWS Price List mirror)
2026-07-20,AWS,ap-northeast-1,g4dn.12xlarge,T4,4.0,spot,2.6088,0.6522,instances.vantage.sh (AWS Price List mirror)
2026-07-20,AWS,ap-northeast-1,g4dn.16xlarge,T4,1.0,ondemand,5.875,5.875,instances.vantage.sh (AWS Price List mirror)
2026-07-20,AWS,ap-northeast-1,g4dn.16xlarge,T4,1.0,spot,1.5111,1.5111,instances.vantage.sh (AWS Price List mirror)
2026-07-20,AWS,ap-northeast-1,g4dn.2xlarge,T4,1.0,ondemand,1.015,1.015,instances.vantage.sh (AWS Price List mirror)
2026-07-20,AWS,ap-northeast-1,g4dn.2xlarge,T4,1.0,spot,0.450433,0.450433,instances.vantage.sh (AWS Price List mirror)
2026-07-20,AWS,ap-northeast-1,g4dn.4xlarge,T4,1.0,ondemand,1.625,1.625,instances.vantage.sh (AWS Price List mirror)
2026-07-20,AWS,ap-northeast-1,g4dn.4xlarge,T4,1.0,spot,0.5464,0.5464,instances.vantage.sh (AWS Price List mirror)
2026-07-20,AWS,ap-northeast-1,g4dn.8xlarge,T4,1.0,ondemand,2.938,2.938,instances.vantage.sh (AWS Price List mirror)
2026-07-20,AWS,ap-northeast-1,g4dn.8xlarge,T4,1.0,spot,1.0725,1.0725,instances.vantage.sh (AWS Price List mirror)
2026-07-20,AWS,ap-northeast-1,g4dn.metal,T4,8.0,ondemand,10.562,1.32025,instances.vantage.sh (AWS Price List mirror)
2026-07-20,AWS,ap-northeast-1,g4dn.metal,T4,8.0,spot,4.279067,0.534883375,instances.vantage.sh (AWS Price List mirror)
2026-07-20,AWS,ap-northeast-1,g4dn.xlarge,T4,1.0,ondemand,0.71,0.71,instances.vantage.sh (AWS Price List mirror)
2026-07-20,AWS,ap-northeast-1,g4dn.xlarge,T4,1.0,spot,0.300033,0.300033,instances.vantage.sh (AWS Price List mirror)
2026-07-20,AWS,ap-northeast-1,g5.12xlarge,A10G,4.0,ondemand,8.22609,2.0565225,instances.vantage.sh (AWS Price List mirror)
2026-07-20,AWS,ap-northeast-1,g5.12xlarge,A10G,4.0,spot,5.9496,1.4874,instances.vantage.sh (AWS Price List mirror)
2026-07-20,AWS,ap-northeast-1,g5.16xlarge,A10G,1.0,ondemand,5.94042,5.94042,instances.vantage.sh (AWS Price List mirror)
2026-07-20,AWS,ap-northeast-1,g5.16xlarge,A10G,1.0,spot,1.0813,1.0813,instances.vantage.sh (AWS Price List mirror)
2026-07-20,AWS,ap-northeast-1,g5.24xlarge,A10G,4.0,ondemand,11.81123,2.9528075,instances.vantage.sh (AWS Price List mirror)
2026-07-20,AWS,ap-northeast-1,g5.24xlarge,A10G,4.0,spot,11.8112,2.9528,instances.vantage.sh (AWS Price List mirror)
2026-07-20,AWS,ap-northeast-1,g5.2xlarge,A10G,1.0,ondemand,1.75776,1.75776,instances.vantage.sh (AWS Price List mirror)
2026-07-20,AWS,ap-northeast-1,g5.2xlarge,A10G,1.0,spot,0.793,0.793,instances.vantage.sh (AWS Price List mirror)
2026-07-20,AWS,ap-northeast-1,g5.48xlarge,A10G,8.0,ondemand,23.62246,2.9528075,instances.vantage.sh (AWS Price List mirror)
2026-07-20,AWS,ap-northeast-1,g5.48xlarge,A10G,8.0,spot,20.73665,2.59208125,instances.vantage.sh (AWS Price List mirror)
2026-07-20,AWS,ap-northeast-1,g5.4xlarge,A10G,1.0,ondemand,2.35528,2.35528,instances.vantage.sh (AWS Price List mirror)
2026-07-20,AWS,ap-northeast-1,g5.4xlarge,A10G,1.0,spot,0.98695,0.98695,instances.vantage.sh (AWS Price List mirror)
2026-07-20,AWS,ap-northeast-1,g5.8xlarge,A10G,1.0,ondemand,3.55033,3.55033,instances.vantage.sh (AWS Price List mirror)
2026-07-20,AWS,ap-northeast-1,g5.8xlarge,A10G,1.0,spot,1.5175,1.5175,instances.vantage.sh (AWS Price List mirror)
2026-07-20,AWS,ap-northeast-1,g5.xlarge,A10G,1.0,ondemand,1.459,1.459,instances.vantage.sh (AWS Price List mirror)
2026-07-20,AWS,ap-northeast-1,g5.xlarge,A10G,1.0,spot,1.08725,1.08725,instances.vantage.sh (AWS Price List mirror)
2026-07-20,AWS,ap-northeast-1,g5g.16xlarge,T4G,2.0,ondemand,3.7039,1.85195,instances.vantage.sh (AWS Price List mirror)
2026-07-20,AWS,ap-northeast-1,g5g.16xlarge,T4G,2.0,spot,0.60435,0.302175,instances.vantage.sh (AWS Price List mirror)
2026-07-20,AWS,ap-northeast-1,g5g.2xlarge,T4G,1.0,ondemand,0.7505,0.7505,instances.vantage.sh (AWS Price List mirror)
2026-07-20,AWS,ap-northeast-1,g5g.2xlarge,T4G,1.0,spot,0.17705,0.17705,instances.vantage.sh (AWS Price List mirror)
2026-07-20,AWS,ap-northeast-1,g5g.4xlarge,T4G,1.0,ondemand,1.1176,1.1176,instances.vantage.sh (AWS Price List mirror)
2026-07-20,AWS,ap-northeast-1,g5g.4xlarge,T4G,1.0,spot,0.2275,0.2275,instances.vantage.sh (AWS Price List mirror)
2026-07-20,AWS,ap-northeast-1,g5g.8xlarge,T4G,1.0,ondemand,1.8519,1.8519,instances.vantage.sh (AWS Price List mirror)
2026-07-20,AWS,ap-northeast-1,g5g.8xlarge,T4G,1.0,spot,0.3034,0.3034,instances.vantage.sh (AWS Price List mirror)
2026-07-20,AWS,ap-northeast-1,g5g.metal,T4G,2.0,ondemand,3.7039,1.85195,instances.vantage.sh (AWS Price List mirror)
2026-07-20,AWS,ap-northeast-1,g5g.metal,T4G,2.0,spot,0.49055,0.245275,instances.vantage.sh (AWS Price List mirror)
2026-07-20,AWS,ap-northeast-1,g5g.xlarge,T4G,1.0,ondemand,0.5669,0.5669,instances.vantage.sh (AWS Price List mirror)
2026-07-20,AWS,ap-northeast-1,g5g.xlarge,T4G,1.0,spot,0.09935,0.09935,instances.vantage.sh (AWS Price List mirror)
2026-07-20,AWS,ap-northeast-1,g6.12xlarge,L4,4.0,ondemand,6.67369,1.6684225,instances.vantage.sh (AWS Price List mirror)
2026-07-20,AWS,ap-northeast-1,g6.12xlarge,L4,4.0,spot,2.3146,0.57865,instances.vantage.sh (AWS Price List mirror)
2026-07-20,AWS,ap-northeast-1,g6.16xlarge,L4,1.0,ondemand,4.92637,4.92637,instances.vantage.sh (AWS Price List mirror)
2026-07-20,AWS,ap-northeast-1,g6.16xlarge,L4,1.0,spot,1.84305,1.84305,instances.vantage.sh (AWS Price List mirror)
2026-07-20,AWS,ap-northeast-1,g6.24xlarge,L4,4.0,ondemand,9.68103,2.4202575,instances.vantage.sh (AWS Price List mirror)
2026-07-20,AWS,ap-northeast-1,g6.24xlarge,L4,4.0,spot,2.92055,0.7301375,instances.vantage.sh (AWS Price List mirror)
2026-07-20,AWS,ap-northeast-1,g6.2xlarge,L4,1.0,ondemand,1.41781,1.41781,instances.vantage.sh (AWS Price List mirror)
2026-07-20,AWS,ap-northeast-1,g6.2xlarge,L4,1.0,spot,0.5844,0.5844,instances.vantage.sh (AWS Price List mirror)
2026-07-20,AWS,ap-northeast-1,g6.48xlarge,L4,8.0,ondemand,19.36206,2.4202575,instances.vantage.sh (AWS Price List mirror)
2026-07-20,AWS,ap-northeast-1,g6.48xlarge,L4,8.0,spot,5.5473,0.6934125,instances.vantage.sh (AWS Price List mirror)
2026-07-20,AWS,ap-northeast-1,g6.4xlarge,L4,1.0,ondemand,1.91903,1.91903,instances.vantage.sh (AWS Price List mirror)
2026-07-20,AWS,ap-northeast-1,g6.4xlarge,L4,1.0,spot,0.73635,0.73635,instances.vantage.sh (AWS Price List mirror)
2026-07-20,AWS,ap-northeast-1,g6.8xlarge,L4,1.0,ondemand,2.92148,2.92148,instances.vantage.sh (AWS Price List mirror)
2026-07-20,AWS,ap-northeast-1,g6.8xlarge,L4,1.0,spot,1.1298,1.1298,instances.vantage.sh (AWS Price List mirror)
2026-07-20,AWS,ap-northeast-1,g6.xlarge,L4,1.0,ondemand,1.1672,1.1672,instances.vantage.sh (AWS Price List mirror)
2026-07-20,AWS,ap-northeast-1,g6.xlarge,L4,1.0,spot,0.5668,0.5668,instances.vantage.sh (AWS Price List mirror)
2026-07-20,AWS,ap-northeast-1,g6e.12xlarge,L40S,4.0,ondemand,15.21742,3.804355,instances.vantage.sh (AWS Price List mirror)
2026-07-20,AWS,ap-northeast-1,g6e.12xlarge,L40S,4.0,spot,5.1343,1.283575,instances.vantage.sh (AWS Price List mirror)
2026-07-20,AWS,ap-northeast-1,g6e.16xlarge,L40S,1.0,ondemand,10.98917,10.98917,instances.vantage.sh (AWS Price List mirror)
2026-07-20,AWS,ap-northeast-1,g6e.16xlarge,L40S,1.0,spot,1.9563,1.9563,instances.vantage.sh (AWS Price List mirror)
2026-07-20,AWS,ap-northeast-1,g6e.24xlarge,L40S,4.0,ondemand,21.84956,5.46239,instances.vantage.sh (AWS Price List mirror)
2026-07-20,AWS,ap-northeast-1,g6e.24xlarge,L40S,4.0,spot,3.8954,0.97385,instances.vantage.sh (AWS Price List mirror)
2026-07-20,AWS,ap-northeast-1,g6e.2xlarge,L40S,1.0,ondemand,3.25168,3.25168,instances.vantage.sh (AWS Price List mirror)
2026-07-20,AWS,ap-northeast-1,g6e.2xlarge,L40S,1.0,spot,1.09895,1.09895,instances.vantage.sh (AWS Price List mirror)
2026-07-20,AWS,ap-northeast-1,g6e.48xlarge,L40S,8.0,ondemand,43.69912,5.46239,instances.vantage.sh (AWS Price List mirror)
2026-07-20,AWS,ap-northeast-1,g6e.48xlarge,L40S,8.0,spot,9.74845,1.21855625,instances.vantage.sh (AWS Price List mirror)
2026-07-20,AWS,ap-northeast-1,g6e.4xlarge,L40S,1.0,ondemand,4.35703,4.35703,instances.vantage.sh (AWS Price List mirror)
2026-07-20,AWS,ap-northeast-1,g6e.4xlarge,L40S,1.0,spot,1.6667,1.6667,instances.vantage.sh (AWS Price List mirror)
2026-07-20,AWS,ap-northeast-1,g6e.8xlarge,L40S,1.0,ondemand,6.56775,6.56775,instances.vantage.sh (AWS Price List mirror)
2026-07-20,AWS,ap-northeast-1,g6e.8xlarge,L40S,1.0,spot,2.1021,2.1021,instances.vantage.sh (AWS Price List mirror)
2026-07-20,AWS,ap-northeast-1,g6e.xlarge,L40S,1.0,ondemand,2.699,2.699,instances.vantage.sh (AWS Price List mirror)
2026-07-20,AWS,ap-northeast-1,g6e.xlarge,L40S,1.0,spot,1.14255,1.14255,instances.vantage.sh (AWS Price List mirror)
2026-07-20,AWS,ap-northeast-1,g6f.2xlarge,L4,0.25,ondemand,0.68888,2.75552,instances.vantage.sh (AWS Price List mirror)
2026-07-20,AWS,ap-northeast-1,g6f.2xlarge,L4,0.25,spot,0.2201,0.8804,instances.vantage.sh (AWS Price List mirror)
2026-07-20,AWS,ap-northeast-1,g6f.4xlarge,L4,0.5,ondemand,1.37776,2.75552,instances.vantage.sh (AWS Price List mirror)
2026-07-20,AWS,ap-northeast-1,g6f.4xlarge,L4,0.5,spot,0.43275,0.8655,instances.vantage.sh (AWS Price List mirror)
2026-07-20,AWS,ap-northeast-1,g6f.large,L4,0.125,ondemand,0.29296,2.34368,instances.vantage.sh (AWS Price List mirror)
2026-07-20,AWS,ap-northeast-1,g6f.large,L4,0.125,spot,0.06115,0.4892,instances.vantage.sh (AWS Price List mirror)
2026-07-20,AWS,ap-northeast-1,g6f.xlarge,L4,0.125,ondemand,0.34444,2.75552,instances.vantage.sh (AWS Price List mirror)
2026-07-20,AWS,ap-northeast-1,g6f.xlarge,L4,0.125,spot,0.1099,0.8792,instances.vantage.sh (AWS Price List mirror)
2026-07-20,AWS,ap-northeast-1,g7e.12xlarge,NVIDIA GB202,2.0,ondemand,12.01727,6.008635,instances.vantage.sh (AWS Price List mirror)
2026-07-20,AWS,ap-northeast-1,g7e.12xlarge,NVIDIA GB202,2.0,spot,4.2934,2.1467,instances.vantage.sh (AWS Price List mirror)
2026-07-20,AWS,ap-northeast-1,g7e.24xlarge,NVIDIA GB202,4.0,ondemand,24.03454,6.008635,instances.vantage.sh (AWS Price List mirror)
2026-07-20,AWS,ap-northeast-1,g7e.24xlarge,NVIDIA GB202,4.0,spot,8.1609,2.040225,instances.vantage.sh (AWS Price List mirror)
2026-07-20,AWS,ap-northeast-1,g7e.2xlarge,NVIDIA GB202,1.0,ondemand,4.87752,4.87752,instances.vantage.sh (AWS Price List mirror)
2026-07-20,AWS,ap-northeast-1,g7e.2xlarge,NVIDIA GB202,1.0,spot,1.9669,1.9669,instances.vantage.sh (AWS Price List mirror)
2026-07-20,AWS,ap-northeast-1,g7e.48xlarge,NVIDIA GB202,8.0,ondemand,48.06908,6.008635,instances.vantage.sh (AWS Price List mirror)
2026-07-20,AWS,ap-northeast-1,g7e.48xlarge,NVIDIA GB202,8.0,spot,14.57715,1.82214375,instances.vantage.sh (AWS Price List mirror)
2026-07-20,AWS,ap-northeast-1,g7e.4xlarge,NVIDIA GB202,1.0,ondemand,5.79852,5.79852,instances.vantage.sh (AWS Price List mirror)
2026-07-20,AWS,ap-northeast-1,g7e.4xlarge,NVIDIA GB202,1.0,spot,2.18685,2.18685,instances.vantage.sh (AWS Price List mirror)
2026-07-20,AWS,ap-northeast-1,g7e.8xlarge,NVIDIA GB202,1.0,ondemand,7.64051,7.64051,instances.vantage.sh (AWS Price List mirror)
2026-07-20,AWS,ap-northeast-1,g7e.8xlarge,NVIDIA GB202,1.0,spot,2.7638,2.7638,instances.vantage.sh (AWS Price List mirror)
2026-07-20,AWS,ap-northeast-1,gr6.4xlarge,L4,1.0,ondemand,2.2323,2.2323,instances.vantage.sh (AWS Price List mirror)
2026-07-20,AWS,ap-northeast-1,gr6.4xlarge,L4,1.0,spot,0.45835,0.45835,instances.vantage.sh (AWS Price List mirror)
2026-07-20,AWS,ap-northeast-1,gr6.8xlarge,L4,1.0,ondemand,3.54801,3.54801,instances.vantage.sh (AWS Price List mirror)
2026-07-20,AWS,ap-northeast-1,gr6.8xlarge,L4,1.0,spot,0.64865,0.64865,instances.vantage.sh (AWS Price List mirror)
2026-07-20,AWS,ap-northeast-1,gr6f.4xlarge,L4,0.5,ondemand,1.54602,3.09204,instances.vantage.sh (AWS Price List mirror)
2026-07-20,AWS,ap-northeast-1,gr6f.4xlarge,L4,0.5,spot,0.48745,0.9749,instances.vantage.sh (AWS Price List mirror)
2026-07-20,AWS,ap-northeast-1,p2.16xlarge,K80,16.0,ondemand,24.672,1.542,instances.vantage.sh (AWS Price List mirror)
2026-07-20,AWS,ap-northeast-1,p2.8xlarge,K80,8.0,ondemand,12.336,1.542,instances.vantage.sh (AWS Price List mirror)
2026-07-20,AWS,ap-northeast-1,p2.xlarge,K80,1.0,ondemand,1.542,1.542,instances.vantage.sh (AWS Price List mirror)
2026-07-20,AWS,ap-northeast-1,p3.16xlarge,V100,8.0,ondemand,33.552,4.194,instances.vantage.sh (AWS Price List mirror)
2026-07-20,AWS,ap-northeast-1,p3.16xlarge,V100,8.0,spot,18.4536,2.3067,instances.vantage.sh (AWS Price List mirror)
2026-07-20,AWS,ap-northeast-1,p3.2xlarge,V100,1.0,ondemand,4.194,4.194,instances.vantage.sh (AWS Price List mirror)
2026-07-20,AWS,ap-northeast-1,p3.2xlarge,V100,1.0,spot,4.194,4.194,instances.vantage.sh (AWS Price List mirror)
2026-07-20,AWS,ap-northeast-1,p3.8xlarge,V100,4.0,ondemand,16.776,4.194,instances.vantage.sh (AWS Price List mirror)
2026-07-20,AWS,ap-northeast-1,p3.8xlarge,V100,4.0,spot,5.8716,1.4679,instances.vantage.sh (AWS Price List mirror)
2026-07-20,AWS,ap-northeast-1,p3dn.24xlarge,V100,8.0,ondemand,42.783,5.347875,instances.vantage.sh (AWS Price List mirror)
2026-07-20,AWS,ap-northeast-1,p3dn.24xlarge,V100,8.0,spot,26.3071,3.2883875,instances.vantage.sh (AWS Price List mirror)
2026-07-20,AWS,ap-northeast-1,p4d.24xlarge,A100,8.0,ondemand,30.09784,3.76223,instances.vantage.sh (AWS Price List mirror)
2026-07-20,AWS,ap-northeast-1,p4d.24xlarge,A100,8.0,spot,21.0844,2.63555,instances.vantage.sh (AWS Price List mirror)
2026-07-20,AWS,ap-northeast-1,p4de.24xlarge,A100,8.0,ondemand,37.6223,4.7027875,instances.vantage.sh (AWS Price List mirror)
2026-07-20,AWS,ap-northeast-1,p4de.24xlarge,A100,8.0,spot,22.222,2.77775,instances.vantage.sh (AWS Price List mirror)
2026-07-20,AWS,ap-northeast-1,p5.48xlarge,H100,8.0,ondemand,68.8,8.6,instances.vantage.sh (AWS Price List mirror)
2026-07-20,AWS,ap-northeast-1,p5.48xlarge,H100,8.0,spot,35.30865,4.41358125,instances.vantage.sh (AWS Price List mirror)
2026-07-20,AWS,ap-northeast-1,p5.4xlarge,H100,1.0,ondemand,8.6,8.6,instances.vantage.sh (AWS Price List mirror)
2026-07-20,AWS,ap-northeast-1,p5.4xlarge,H100,1.0,spot,8.6,8.6,instances.vantage.sh (AWS Price List mirror)
2026-07-20,AWS,ap-northeast-1,p5en.48xlarge,H200,8.0,ondemand,79.12,9.89,instances.vantage.sh (AWS Price List mirror)
2026-07-20,AWS,ap-northeast-1,p5en.48xlarge,H200,8.0,spot,75.5521,9.4440125,instances.vantage.sh (AWS Price List mirror)
2026-07-20,AWS,ap-northeast-1-tpe-1,g4dn.2xlarge,T4,1.0,ondemand,1.371,1.371,instances.vantage.sh (AWS Price List mirror)
2026-07-20,AWS,ap-northeast-1-wl1-kix1,g4dn.2xlarge,T4,1.0,ondemand,1.777,1.777,instances.vantage.sh (AWS Price List mirror)
2026-07-20,AWS,ap-northeast-1-wl1-nrt1,g4dn.2xlarge,T4,1.0,ondemand,1.777,1.777,instances.vantage.sh (AWS Price List mirror)
2026-07-20,AWS,ap-northeast-2,g2.2xlarge,K520,1.0,ondemand,0.898,0.898,instances.vantage.sh (AWS Price List mirror)
2026-07-20,AWS,ap-northeast-2,g2.8xlarge,K520,4.0,ondemand,3.592,0.898,instances.vantage.sh (AWS Price List mirror)
2026-07-20,AWS,ap-northeast-2,g3.16xlarge,M60,4.0,ondemand,5.68,1.42,instances.vantage.sh (AWS Price List mirror)
2026-07-20,AWS,ap-northeast-2,g3.4xlarge,M60,1.0,ondemand,1.42,1.42,instances.vantage.sh (AWS Price List mirror)
2026-07-20,AWS,ap-northeast-2,g3.8xlarge,M60,2.0,ondemand,2.84,1.42,instances.vantage.sh (AWS Price List mirror)
2026-07-20,AWS,ap-northeast-2,g3s.xlarge,M60,1.0,ondemand,0.934,0.934,instances.vantage.sh (AWS Price List mirror)
2026-07-20,AWS,ap-northeast-2,g4dn.12xlarge,T4,4.0,ondemand,4.812,1.203,instances.vantage.sh (AWS Price List mirror)
2026-07-20,AWS,ap-northeast-2,g4dn.12xlarge,T4,4.0,spot,2.5358,0.63395,instances.vantage.sh (AWS Price List mirror)
2026-07-20,AWS,ap-northeast-2,g4dn.16xlarge,T4,1.0,ondemand,5.353,5.353,instances.vantage.sh (AWS Price List mirror)
2026-07-20,AWS,ap-northeast-2,g4dn.16xlarge,T4,1.0,spot,0.902767,0.902767,instances.vantage.sh (AWS Price List mirror)
2026-07-20,AWS,ap-northeast-2,g4dn.2xlarge,T4,1.0,ondemand,0.925,0.925,instances.vantage.sh (AWS Price List mirror)
2026-07-20,AWS,ap-northeast-2,g4dn.2xlarge,T4,1.0,spot,0.297167,0.297167,instances.vantage.sh (AWS Price List mirror)
2026-07-20,AWS,ap-northeast-2,g4dn.4xlarge,T4,1.0,ondemand,1.481,1.481,instances.vantage.sh (AWS Price List mirror)
2026-07-20,AWS,ap-northeast-2,g4dn.4xlarge,T4,1.0,spot,0.5049,0.5049,instances.vantage.sh (AWS Price List mirror)
2026-07-20,AWS,ap-northeast-2,g4dn.8xlarge,T4,1.0,ondemand,2.677,2.677,instances.vantage.sh (AWS Price List mirror)
2026-07-20,AWS,ap-northeast-2,g4dn.8xlarge,T4,1.0,spot,0.517167,0.517167,instances.vantage.sh (AWS Price List mirror)
2026-07-20,AWS,ap-northeast-2,g4dn.metal,T4,8.0,ondemand,9.624,1.203,instances.vantage.sh (AWS Price List mirror)
2026-07-20,AWS,ap-northeast-2,g4dn.metal,T4,8.0,spot,4.0901,0.5112625,instances.vantage.sh (AWS Price List mirror)
2026-07-20,AWS,ap-northeast-2,g4dn.xlarge,T4,1.0,ondemand,0.647,0.647,instances.vantage.sh (AWS Price List mirror)
2026-07-20,AWS,ap-northeast-2,g4dn.xlarge,T4,1.0,spot,0.274333,0.274333,instances.vantage.sh (AWS Price List mirror)
2026-07-20,AWS,ap-northeast-2,g5.12xlarge,A10G,4.0,ondemand,6.97442,1.743605,instances.vantage.sh (AWS Price List mirror)
2026-07-20,AWS,ap-northeast-2,g5.12xlarge,A10G,4.0,spot,3.132633,0.78315825,instances.vantage.sh (AWS Price List mirror)
2026-07-20,AWS,ap-northeast-2,g5.16xlarge,A10G,1.0,ondemand,5.03653,5.03653,instances.vantage.sh (AWS Price List mirror)
2026-07-20,AWS,ap-northeast-2,g5.16xlarge,A10G,1.0,spot,1.344767,1.344767,instances.vantage.sh (AWS Price List mirror)
2026-07-20,AWS,ap-northeast-2,g5.24xlarge,A10G,4.0,ondemand,10.01404,2.50351,instances.vantage.sh (AWS Price List mirror)
2026-07-20,AWS,ap-northeast-2,g5.24xlarge,A10G,4.0,spot,3.5024,0.8756,instances.vantage.sh (AWS Price List mirror)
2026-07-20,AWS,ap-northeast-2,g5.2xlarge,A10G,1.0,ondemand,1.4903,1.4903,instances.vantage.sh (AWS Price List mirror)
2026-07-20,AWS,ap-northeast-2,g5.2xlarge,A10G,1.0,spot,0.4982,0.4982,instances.vantage.sh (AWS Price List mirror)
2026-07-20,AWS,ap-northeast-2,g5.48xlarge,A10G,8.0,ondemand,20.02809,2.50351125,instances.vantage.sh (AWS Price List mirror)
2026-07-20,AWS,ap-northeast-2,g5.48xlarge,A10G,8.0,spot,8.263567,1.032945875,instances.vantage.sh (AWS Price List mirror)
2026-07-20,AWS,ap-northeast-2,g5.4xlarge,A10G,1.0,ondemand,1.99691,1.99691,instances.vantage.sh (AWS Price List mirror)
2026-07-20,AWS,ap-northeast-2,g5.4xlarge,A10G,1.0,spot,0.762833,0.762833,instances.vantage.sh (AWS Price List mirror)
2026-07-20,AWS,ap-northeast-2,g5.8xlarge,A10G,1.0,ondemand,3.01012,3.01012,instances.vantage.sh (AWS Price List mirror)
2026-07-20,AWS,ap-northeast-2,g5.8xlarge,A10G,1.0,spot,0.883033,0.883033,instances.vantage.sh (AWS Price List mirror)
2026-07-20,AWS,ap-northeast-2,g5.xlarge,A10G,1.0,ondemand,1.237,1.237,instances.vantage.sh (AWS Price List mirror)
2026-07-20,AWS,ap-northeast-2,g5.xlarge,A10G,1.0,spot,0.440067,0.440067,instances.vantage.sh (AWS Price List mirror)
2026-07-20,AWS,ap-northeast-2,g5g.16xlarge,T4G,2.0,ondemand,3.3752,1.6876,instances.vantage.sh (AWS Price List mirror)
2026-07-20,AWS,ap-northeast-2,g5g.16xlarge,T4G,2.0,spot,0.46185,0.230925,instances.vantage.sh (AWS Price List mirror)
2026-07-20,AWS,ap-northeast-2,g5g.2xlarge,T4G,1.0,ondemand,0.6839,0.6839,instances.vantage.sh (AWS Price List mirror)
2026-07-20,AWS,ap-northeast-2,g5g.2xlarge,T4G,1.0,spot,0.14825,0.14825,instances.vantage.sh (AWS Price List mirror)
2026-07-20,AWS,ap-northeast-2,g5g.4xlarge,T4G,1.0,ondemand,1.0185,1.0185,instances.vantage.sh (AWS Price List mirror)
2026-07-20,AWS,ap-northeast-2,g5g.4xlarge,T4G,1.0,spot,0.1754,0.1754,instances.vantage.sh (AWS Price List mirror)
2026-07-20,AWS,ap-northeast-2,g5g.8xlarge,T4G,1.0,ondemand,1.6876,1.6876,instances.vantage.sh (AWS Price List mirror)
2026-07-20,AWS,ap-northeast-2,g5g.8xlarge,T4G,1.0,spot,0.23245,0.23245,instances.vantage.sh (AWS Price List mirror)
2026-07-20,AWS,ap-northeast-2,g5g.metal,T4G,2.0,ondemand,3.3752,1.6876,instances.vantage.sh (AWS Price List mirror)
2026-07-20,AWS,ap-northeast-2,g5g.metal,T4G,2.0,spot,0.3862,0.1931,instances.vantage.sh (AWS Price List mirror)
2026-07-20,AWS,ap-northeast-2,g5g.xlarge,T4G,1.0,ondemand,0.5166,0.5166,instances.vantage.sh (AWS Price List mirror)
2026-07-20,AWS,ap-northeast-2,g5g.xlarge,T4G,1.0,spot,0.08825,0.08825,instances.vantage.sh (AWS Price List mirror)
2026-07-20,AWS,ap-northeast-2,g6.12xlarge,L4,4.0,ondemand,5.65823,1.4145575,instances.vantage.sh (AWS Price List mirror)
2026-07-20,AWS,ap-northeast-2,g6.12xlarge,L4,4.0,spot,1.562067,0.39051675,instances.vantage.sh (AWS Price List mirror)
2026-07-20,AWS,ap-northeast-2,g6.16xlarge,L4,1.0,ondemand,4.17678,4.17678,instances.vantage.sh (AWS Price List mirror)
2026-07-20,AWS,ap-northeast-2,g6.16xlarge,L4,1.0,spot,1.093033,1.093033,instances.vantage.sh (AWS Price List mirror)
2026-07-20,AWS,ap-northeast-2,g6.24xlarge,L4,4.0,ondemand,8.20797,2.0519925,instances.vantage.sh (AWS Price List mirror)
2026-07-20,AWS,ap-northeast-2,g6.24xlarge,L4,4.0,spot,2.1441,0.536025,instances.vantage.sh (AWS Price List mirror)
2026-07-20,AWS,ap-northeast-2,g6.2xlarge,L4,1.0,ondemand,1.20208,1.20208,instances.vantage.sh (AWS Price List mirror)
2026-07-20,AWS,ap-northeast-2,g6.2xlarge,L4,1.0,spot,0.424067,0.424067,instances.vantage.sh (AWS Price List mirror)
2026-07-20,AWS,ap-northeast-2,g6.48xlarge,L4,8.0,ondemand,16.41595,2.05199375,instances.vantage.sh (AWS Price List mirror)
2026-07-20,AWS,ap-northeast-2,g6.48xlarge,L4,8.0,spot,4.865533,0.608191625,instances.vantage.sh (AWS Price List mirror)
2026-07-20,AWS,ap-northeast-2,g6.4xlarge,L4,1.0,ondemand,1.62704,1.62704,instances.vantage.sh (AWS Price List mirror)
2026-07-20,AWS,ap-northeast-2,g6.4xlarge,L4,1.0,spot,0.563167,0.563167,instances.vantage.sh (AWS Price List mirror)
2026-07-20,AWS,ap-northeast-2,g6.8xlarge,L4,1.0,ondemand,2.47695,2.47695,instances.vantage.sh (AWS Price List mirror)
2026-07-20,AWS,ap-northeast-2,g6.8xlarge,L4,1.0,spot,0.384067,0.384067,instances.vantage.sh (AWS Price List mirror)
2026-07-20,AWS,ap-northeast-2,g6.xlarge,L4,1.0,ondemand,0.9896,0.9896,instances.vantage.sh (AWS Price List mirror)
2026-07-20,AWS,ap-northeast-2,g6.xlarge,L4,1.0,spot,0.336467,0.336467,instances.vantage.sh (AWS Price List mirror)
2026-07-20,AWS,ap-northeast-2,g6e.12xlarge,L40S,4.0,ondemand,12.90014,3.225035,instances.vantage.sh (AWS Price List mirror)
2026-07-20,AWS,ap-northeast-2,g6e.12xlarge,L40S,4.0,spot,2.7726,0.69315,instances.vantage.sh (AWS Price List mirror)
2026-07-20,AWS,ap-northeast-2,g6e.16xlarge,L40S,1.0,ondemand,9.31575,9.31575,instances.vantage.sh (AWS Price List mirror)
2026-07-20,AWS,ap-northeast-2,g6e.16xlarge,L40S,1.0,spot,1.64785,1.64785,instances.vantage.sh (AWS Price List mirror)
2026-07-20,AWS,ap-northeast-2,g6e.24xlarge,L40S,4.0,ondemand,18.52234,4.630585,instances.vantage.sh (AWS Price List mirror)
2026-07-20,AWS,ap-northeast-2,g6e.24xlarge,L40S,4.0,spot,3.22105,0.8052625,instances.vantage.sh (AWS Price List mirror)
2026-07-20,AWS,ap-northeast-2,g6e.2xlarge,L40S,1.0,ondemand,2.75652,2.75652,instances.vantage.sh (AWS Price List mirror)
2026-07-20,AWS,ap-northeast-2,g6e.2xlarge,L40S,1.0,spot,1.07435,1.07435,instances.vantage.sh (AWS Price List mirror)
2026-07-20,AWS,ap-northeast-2,g6e.48xlarge,L40S,8.0,ondemand,37.04468,4.630585,instances.vantage.sh (AWS Price List mirror)
2026-07-20,AWS,ap-northeast-2,g6e.48xlarge,L40S,8.0,spot,7.7564,0.96955,instances.vantage.sh (AWS Price List mirror)
2026-07-20,AWS,ap-northeast-2,g6e.4xlarge,L40S,1.0,ondemand,3.69355,3.69355,instances.vantage.sh (AWS Price List mirror)
2026-07-20,AWS,ap-northeast-2,g6e.4xlarge,L40S,1.0,spot,1.39345,1.39345,instances.vantage.sh (AWS Price List mirror)
2026-07-20,AWS,ap-northeast-2,g6e.8xlarge,L40S,1.0,ondemand,5.56762,5.56762,instances.vantage.sh (AWS Price List mirror)
2026-07-20,AWS,ap-northeast-2,g6e.8xlarge,L40S,1.0,spot,1.5829,1.5829,instances.vantage.sh (AWS Price List mirror)
2026-07-20,AWS,ap-northeast-2,g6e.xlarge,L40S,1.0,ondemand,2.288,2.288,instances.vantage.sh (AWS Price List mirror)
2026-07-20,AWS,ap-northeast-2,g6e.xlarge,L40S,1.0,spot,0.6756,0.6756,instances.vantage.sh (AWS Price List mirror)
2026-07-20,AWS,ap-northeast-2,g6f.2xlarge,L4,0.25,ondemand,0.58406,2.33624,instances.vantage.sh (AWS Price List mirror)
2026-07-20,AWS,ap-northeast-2,g6f.2xlarge,L4,0.25,spot,0.162967,0.651868,instances.vantage.sh (AWS Price List mirror)
2026-07-20,AWS,ap-northeast-2,g6f.4xlarge,L4,0.5,ondemand,1.16812,2.33624,instances.vantage.sh (AWS Price List mirror)
2026-07-20,AWS,ap-northeast-2,g6f.4xlarge,L4,0.5,spot,0.3385,0.677,instances.vantage.sh (AWS Price List mirror)
2026-07-20,AWS,ap-northeast-2,g6f.large,L4,0.125,ondemand,0.24838,1.98704,instances.vantage.sh (AWS Price List mirror)
2026-07-20,AWS,ap-northeast-2,g6f.large,L4,0.125,spot,0.037133,0.297064,instances.vantage.sh (AWS Price List mirror)
2026-07-20,AWS,ap-northeast-2,g6f.xlarge,L4,0.125,ondemand,0.29203,2.33624,instances.vantage.sh (AWS Price List mirror)
2026-07-20,AWS,ap-northeast-2,g6f.xlarge,L4,0.125,spot,0.0754,0.6032,instances.vantage.sh (AWS Price List mirror)
2026-07-20,AWS,ap-northeast-2,g7e.12xlarge,NVIDIA GB202,2.0,ondemand,10.1873,5.09365,instances.vantage.sh (AWS Price List mirror)
2026-07-20,AWS,ap-northeast-2,g7e.12xlarge,NVIDIA GB202,2.0,spot,2.70285,1.351425,instances.vantage.sh (AWS Price List mirror)
2026-07-20,AWS,ap-northeast-2,g7e.24xlarge,NVIDIA GB202,4.0,ondemand,20.3746,5.09365,instances.vantage.sh (AWS Price List mirror)
2026-07-20,AWS,ap-northeast-2,g7e.24xlarge,NVIDIA GB202,4.0,spot,5.5013,1.375325,instances.vantage.sh (AWS Price List mirror)
2026-07-20,AWS,ap-northeast-2,g7e.2xlarge,NVIDIA GB202,1.0,ondemand,4.13478,4.13478,instances.vantage.sh (AWS Price List mirror)
2026-07-20,AWS,ap-northeast-2,g7e.2xlarge,NVIDIA GB202,1.0,spot,1.47005,1.47005,instances.vantage.sh (AWS Price List mirror)
2026-07-20,AWS,ap-northeast-2,g7e.48xlarge,NVIDIA GB202,8.0,ondemand,40.74921,5.09365125,instances.vantage.sh (AWS Price List mirror)
2026-07-20,AWS,ap-northeast-2,g7e.48xlarge,NVIDIA GB202,8.0,spot,10.26915,1.28364375,instances.vantage.sh (AWS Price List mirror)
2026-07-20,AWS,ap-northeast-2,g7e.4xlarge,NVIDIA GB202,1.0,ondemand,4.91553,4.91553,instances.vantage.sh (AWS Price List mirror)
2026-07-20,AWS,ap-northeast-2,g7e.4xlarge,NVIDIA GB202,1.0,spot,1.6517,1.6517,instances.vantage.sh (AWS Price List mirror)
2026-07-20,AWS,ap-northeast-2,g7e.8xlarge,NVIDIA GB202,1.0,ondemand,6.47703,6.47703,instances.vantage.sh (AWS Price List mirror)
2026-07-20,AWS,ap-northeast-2,g7e.8xlarge,NVIDIA GB202,1.0,spot,1.98045,1.98045,instances.vantage.sh (AWS Price List mirror)
2026-07-20,AWS,ap-northeast-2,gr6.4xlarge,L4,1.0,ondemand,1.8926,1.8926,instances.vantage.sh (AWS Price List mirror)
2026-07-20,AWS,ap-northeast-2,gr6.4xlarge,L4,1.0,spot,0.30425,0.30425,instances.vantage.sh (AWS Price List mirror)
2026-07-20,AWS,ap-northeast-2,gr6.8xlarge,L4,1.0,ondemand,3.00809,3.00809,instances.vantage.sh (AWS Price List mirror)
2026-07-20,AWS,ap-northeast-2,gr6.8xlarge,L4,1.0,spot,0.40945,0.40945,instances.vantage.sh (AWS Price List mirror)
2026-07-20,AWS,ap-northeast-2,gr6f.4xlarge,L4,0.5,ondemand,1.31075,2.6215,instances.vantage.sh (AWS Price List mirror)
2026-07-20,AWS,ap-northeast-2,gr6f.4xlarge,L4,0.5,spot,0.332333,0.664666,instances.vantage.sh (AWS Price List mirror)
2026-07-20,AWS,ap-northeast-2,p2.16xlarge,K80,16.0,ondemand,23.44,1.465,instances.vantage.sh (AWS Price List mirror)
2026-07-20,AWS,ap-northeast-2,p2.8xlarge,K80,8.0,ondemand,11.72,1.465,instances.vantage.sh (AWS Price List mirror)
2026-07-20,AWS,ap-northeast-2,p2.xlarge,K80,1.0,ondemand,1.465,1.465,instances.vantage.sh (AWS Price List mirror)
2026-07-20,AWS,ap-northeast-2,p3.16xlarge,V100,8.0,ondemand,33.872,4.234,instances.vantage.sh (AWS Price List mirror)
2026-07-20,AWS,ap-northeast-2,p3.16xlarge,V100,8.0,spot,33.872,4.234,instances.vantage.sh (AWS Price List mirror)
2026-07-20,AWS,ap-northeast-2,p3.2xlarge,V100,1.0,ondemand,4.234,4.234,instances.vantage.sh (AWS Price List mirror)
2026-07-20,AWS,ap-northeast-2,p3.2xlarge,V100,1.0,spot,4.234,4.234,instances.vantage.sh (AWS Price List mirror)
2026-07-20,AWS,ap-northeast-2,p3.8xlarge,V100,4.0,ondemand,16.936,4.234,instances.vantage.sh (AWS Price List mirror)
2026-07-20,AWS,ap-northeast-2,p3.8xlarge,V100,4.0,spot,9.82288,2.45572,instances.vantage.sh (AWS Price List mirror)
2026-07-20,AWS,ap-northeast-2,p4d.24xlarge,A100,8.0,ondemand,30.41028,3.801285,instances.vantage.sh (AWS Price List mirror)
2026-07-20,AWS,ap-northeast-2,p4d.24xlarge,A100,8.0,spot,12.4644,1.55805,instances.vantage.sh (AWS Price List mirror)
2026-07-20,AWS,ap-northeast-2,p5.48xlarge,H100,8.0,ondemand,75.9552,9.4944,instances.vantage.sh (AWS Price List mirror)
2026-07-20,AWS,ap-northeast-2,p5en.48xlarge,H200,8.0,ondemand,87.34848,10.91856,instances.vantage.sh (AWS Price List mirror)
2026-07-20,AWS,ap-northeast-2,p5en.48xlarge,H200,8.0,spot,21.2362,2.654525,instances.vantage.sh (AWS Price List mirror)
2026-07-20,AWS,ap-northeast-2-wl1-cjj1,g4dn.2xlarge,T4,1.0,ondemand,1.249,1.249,instances.vantage.sh (AWS Price List mirror)
2026-07-20,AWS,ap-northeast-2-wl1-sel1,g4dn.2xlarge,T4,1.0,ondemand,1.249,1.249,instances.vantage.sh (AWS Price List mirror)
2026-07-20,AWS,ap-northeast-3,g4dn.12xlarge,T4,4.0,ondemand,5.281,1.32025,instances.vantage.sh (AWS Price List mirror)
2026-07-20,AWS,ap-northeast-3,g4dn.12xlarge,T4,4.0,spot,1.45345,0.3633625,instances.vantage.sh (AWS Price List mirror)
2026-07-20,AWS,ap-northeast-3,g4dn.16xlarge,T4,1.0,ondemand,5.875,5.875,instances.vantage.sh (AWS Price List mirror)
2026-07-20,AWS,ap-northeast-3,g4dn.16xlarge,T4,1.0,spot,1.77445,1.77445,instances.vantage.sh (AWS Price List mirror)
2026-07-20,AWS,ap-northeast-3,g4dn.2xlarge,T4,1.0,ondemand,1.015,1.015,instances.vantage.sh (AWS Price List mirror)
2026-07-20,AWS,ap-northeast-3,g4dn.2xlarge,T4,1.0,spot,0.33775,0.33775,instances.vantage.sh (AWS Price List mirror)
2026-07-20,AWS,ap-northeast-3,g4dn.4xlarge,T4,1.0,ondemand,1.625,1.625,instances.vantage.sh (AWS Price List mirror)
2026-07-20,AWS,ap-northeast-3,g4dn.4xlarge,T4,1.0,spot,0.50535,0.50535,instances.vantage.sh (AWS Price List mirror)
2026-07-20,AWS,ap-northeast-3,g4dn.8xlarge,T4,1.0,ondemand,2.938,2.938,instances.vantage.sh (AWS Price List mirror)
2026-07-20,AWS,ap-northeast-3,g4dn.8xlarge,T4,1.0,spot,0.8012,0.8012,instances.vantage.sh (AWS Price List mirror)
2026-07-20,AWS,ap-northeast-3,g4dn.metal,T4,8.0,ondemand,10.562,1.32025,instances.vantage.sh (AWS Price List mirror)
2026-07-20,AWS,ap-northeast-3,g4dn.metal,T4,8.0,spot,4.32745,0.54093125,instances.vantage.sh (AWS Price List mirror)
2026-07-20,AWS,ap-northeast-3,g4dn.xlarge,T4,1.0,ondemand,0.71,0.71,instances.vantage.sh (AWS Price List mirror)
2026-07-20,AWS,ap-northeast-3,g4dn.xlarge,T4,1.0,spot,0.31,0.31,instances.vantage.sh (AWS Price List mirror)
2026-07-20,AWS,ap-northeast-3,g6e.12xlarge,L40S,4.0,ondemand,15.21742,3.804355,instances.vantage.sh (AWS Price List mirror)
2026-07-20,AWS,ap-northeast-3,g6e.12xlarge,L40S,4.0,spot,3.49495,0.8737375,instances.vantage.sh (AWS Price List mirror)
2026-07-20,AWS,ap-northeast-3,g6e.16xlarge,L40S,1.0,ondemand,10.98917,10.98917,instances.vantage.sh (AWS Price List mirror)
2026-07-20,AWS,ap-northeast-3,g6e.16xlarge,L40S,1.0,spot,1.2992,1.2992,instances.vantage.sh (AWS Price List mirror)
2026-07-20,AWS,ap-northeast-3,g6e.24xlarge,L40S,4.0,ondemand,21.84956,5.46239,instances.vantage.sh (AWS Price List mirror)
2026-07-20,AWS,ap-northeast-3,g6e.24xlarge,L40S,4.0,spot,4.22165,1.0554125,instances.vantage.sh (AWS Price List mirror)
2026-07-20,AWS,ap-northeast-3,g6e.2xlarge,L40S,1.0,ondemand,3.25168,3.25168,instances.vantage.sh (AWS Price List mirror)
2026-07-20,AWS,ap-northeast-3,g6e.2xlarge,L40S,1.0,spot,0.67945,0.67945,instances.vantage.sh (AWS Price List mirror)
2026-07-20,AWS,ap-northeast-3,g6e.48xlarge,L40S,8.0,ondemand,43.69912,5.46239,instances.vantage.sh (AWS Price List mirror)
2026-07-20,AWS,ap-northeast-3,g6e.48xlarge,L40S,8.0,spot,10.75835,1.34479375,instances.vantage.sh (AWS Price List mirror)
2026-07-20,AWS,ap-northeast-3,g6e.4xlarge,L40S,1.0,ondemand,4.35703,4.35703,instances.vantage.sh (AWS Price List mirror)
2026-07-20,AWS,ap-northeast-3,g6e.4xlarge,L40S,1.0,spot,1.63735,1.63735,instances.vantage.sh (AWS Price List mirror)
2026-07-20,AWS,ap-northeast-3,g6e.8xlarge,L40S,1.0,ondemand,6.56775,6.56775,instances.vantage.sh (AWS Price List mirror)
2026-07-20,AWS,ap-northeast-3,g6e.8xlarge,L40S,1.0,spot,1.3421,1.3421,instances.vantage.sh (AWS Price List mirror)
2026-07-20,AWS,ap-northeast-3,g6e.xlarge,L40S,1.0,ondemand,2.699,2.699,instances.vantage.sh (AWS Price List mirror)
2026-07-20,AWS,ap-northeast-3,g6e.xlarge,L40S,1.0,spot,1.0923,1.0923,instances.vantage.sh (AWS Price List mirror)
2026-07-20,AWS,ap-south-1,g4dn.12xlarge,T4,4.0,ondemand,4.306,1.0765,instances.vantage.sh (AWS Price List mirror)
2026-07-20,AWS,ap-south-1,g4dn.12xlarge,T4,4.0,spot,1.808967,0.45224175,instances.vantage.sh (AWS Price List mirror)
2026-07-20,AWS,ap-south-1,g4dn.16xlarge,T4,1.0,ondemand,4.791,4.791,instances.vantage.sh (AWS Price List mirror)
2026-07-20,AWS,ap-south-1,g4dn.16xlarge,T4,1.0,spot,0.7063,0.7063,instances.vantage.sh (AWS Price List mirror)
2026-07-20,AWS,ap-south-1,g4dn.2xlarge,T4,1.0,ondemand,0.828,0.828,instances.vantage.sh (AWS Price List mirror)
2026-07-20,AWS,ap-south-1,g4dn.2xlarge,T4,1.0,spot,0.2751,0.2751,instances.vantage.sh (AWS Price List mirror)
2026-07-20,AWS,ap-south-1,g4dn.4xlarge,T4,1.0,ondemand,1.325,1.325,instances.vantage.sh (AWS Price List mirror)
2026-07-20,AWS,ap-south-1,g4dn.4xlarge,T4,1.0,spot,0.3487,0.3487,instances.vantage.sh (AWS Price List mirror)
2026-07-20,AWS,ap-south-1,g4dn.8xlarge,T4,1.0,ondemand,2.395,2.395,instances.vantage.sh (AWS Price List mirror)
2026-07-20,AWS,ap-south-1,g4dn.8xlarge,T4,1.0,spot,0.811867,0.811867,instances.vantage.sh (AWS Price List mirror)
2026-07-20,AWS,ap-south-1,g4dn.metal,T4,8.0,ondemand,8.612,1.0765,instances.vantage.sh (AWS Price List mirror)
2026-07-20,AWS,ap-south-1,g4dn.metal,T4,8.0,spot,2.725233,0.340654125,instances.vantage.sh (AWS Price List mirror)
2026-07-20,AWS,ap-south-1,g4dn.xlarge,T4,1.0,ondemand,0.579,0.579,instances.vantage.sh (AWS Price List mirror)
2026-07-20,AWS,ap-south-1,g4dn.xlarge,T4,1.0,spot,0.1972,0.1972,instances.vantage.sh (AWS Price List mirror)
2026-07-20,AWS,ap-south-1,g5.12xlarge,A10G,4.0,ondemand,6.81091,1.7027275,instances.vantage.sh (AWS Price List mirror)
2026-07-20,AWS,ap-south-1,g5.12xlarge,A10G,4.0,spot,2.0039,0.500975,instances.vantage.sh (AWS Price List mirror)
2026-07-20,AWS,ap-south-1,g5.16xlarge,A10G,1.0,ondemand,4.91846,4.91846,instances.vantage.sh (AWS Price List mirror)
2026-07-20,AWS,ap-south-1,g5.16xlarge,A10G,1.0,spot,1.32465,1.32465,instances.vantage.sh (AWS Price List mirror)
2026-07-20,AWS,ap-south-1,g5.24xlarge,A10G,4.0,ondemand,9.77928,2.44482,instances.vantage.sh (AWS Price List mirror)
2026-07-20,AWS,ap-south-1,g5.24xlarge,A10G,4.0,spot,4.6064,1.1516,instances.vantage.sh (AWS Price List mirror)
2026-07-20,AWS,ap-south-1,g5.2xlarge,A10G,1.0,ondemand,1.45536,1.45536,instances.vantage.sh (AWS Price List mirror)
2026-07-20,AWS,ap-south-1,g5.2xlarge,A10G,1.0,spot,0.40725,0.40725,instances.vantage.sh (AWS Price List mirror)
2026-07-20,AWS,ap-south-1,g5.48xlarge,A10G,8.0,ondemand,19.55855,2.44481875,instances.vantage.sh (AWS Price List mirror)
2026-07-20,AWS,ap-south-1,g5.48xlarge,A10G,8.0,spot,19.4174,2.427175,instances.vantage.sh (AWS Price List mirror)
2026-07-20,AWS,ap-south-1,g5.4xlarge,A10G,1.0,ondemand,1.95009,1.95009,instances.vantage.sh (AWS Price List mirror)
2026-07-20,AWS,ap-south-1,g5.4xlarge,A10G,1.0,spot,0.5782,0.5782,instances.vantage.sh (AWS Price List mirror)
2026-07-20,AWS,ap-south-1,g5.8xlarge,A10G,1.0,ondemand,2.93955,2.93955,instances.vantage.sh (AWS Price List mirror)
2026-07-20,AWS,ap-south-1,g5.8xlarge,A10G,1.0,spot,1.0139,1.0139,instances.vantage.sh (AWS Price List mirror)
2026-07-20,AWS,ap-south-1,g5.xlarge,A10G,1.0,ondemand,1.208,1.208,instances.vantage.sh (AWS Price List mirror)
2026-07-20,AWS,ap-south-1,g5.xlarge,A10G,1.0,spot,0.45635,0.45635,instances.vantage.sh (AWS Price List mirror)
2026-07-20,AWS,ap-south-1,g6.12xlarge,L4,4.0,ondemand,5.52558,1.381395,instances.vantage.sh (AWS Price List mirror)
2026-07-20,AWS,ap-south-1,g6.12xlarge,L4,4.0,spot,1.34905,0.3372625,instances.vantage.sh (AWS Price List mirror)
2026-07-20,AWS,ap-south-1,g6.16xlarge,L4,1.0,ondemand,4.07886,4.07886,instances.vantage.sh (AWS Price List mirror)
2026-07-20,AWS,ap-south-1,g6.16xlarge,L4,1.0,spot,0.91475,0.91475,instances.vantage.sh (AWS Price List mirror)
2026-07-20,AWS,ap-south-1,g6.24xlarge,L4,4.0,ondemand,8.01555,2.0038875,instances.vantage.sh (AWS Price List mirror)
2026-07-20,AWS,ap-south-1,g6.24xlarge,L4,4.0,spot,1.87645,0.4691125,instances.vantage.sh (AWS Price List mirror)
2026-07-20,AWS,ap-south-1,g6.2xlarge,L4,1.0,ondemand,1.1739,1.1739,instances.vantage.sh (AWS Price List mirror)
2026-07-20,AWS,ap-south-1,g6.2xlarge,L4,1.0,spot,0.5205,0.5205,instances.vantage.sh (AWS Price List mirror)
2026-07-20,AWS,ap-south-1,g6.48xlarge,L4,8.0,ondemand,16.0311,2.0038875,instances.vantage.sh (AWS Price List mirror)
2026-07-20,AWS,ap-south-1,g6.48xlarge,L4,8.0,spot,5.7637,0.7204625,instances.vantage.sh (AWS Price List mirror)
2026-07-20,AWS,ap-south-1,g6.4xlarge,L4,1.0,ondemand,1.58889,1.58889,instances.vantage.sh (AWS Price List mirror)
2026-07-20,AWS,ap-south-1,g6.4xlarge,L4,1.0,spot,0.3885,0.3885,instances.vantage.sh (AWS Price List mirror)
2026-07-20,AWS,ap-south-1,g6.8xlarge,L4,1.0,ondemand,2.41888,2.41888,instances.vantage.sh (AWS Price List mirror)
2026-07-20,AWS,ap-south-1,g6.8xlarge,L4,1.0,spot,0.58365,0.58365,instances.vantage.sh (AWS Price List mirror)
2026-07-20,AWS,ap-south-1,g6.xlarge,L4,1.0,ondemand,0.9664,0.9664,instances.vantage.sh (AWS Price List mirror)
2026-07-20,AWS,ap-south-1,g6.xlarge,L4,1.0,spot,0.4839,0.4839,instances.vantage.sh (AWS Price List mirror)
2026-07-20,AWS,ap-south-1,g6e.12xlarge,L40S,4.0,ondemand,12.60131,3.1503275,instances.vantage.sh (AWS Price List mirror)
2026-07-20,AWS,ap-south-1,g6e.12xlarge,L40S,4.0,spot,8.0609,2.015225,instances.vantage.sh (AWS Price List mirror)
2026-07-20,AWS,ap-south-1,g6e.16xlarge,L40S,1.0,ondemand,9.09996,9.09996,instances.vantage.sh (AWS Price List mirror)
2026-07-20,AWS,ap-south-1,g6e.16xlarge,L40S,1.0,spot,1.50825,1.50825,instances.vantage.sh (AWS Price List mirror)
2026-07-20,AWS,ap-south-1,g6e.24xlarge,L40S,4.0,ondemand,18.09328,4.52332,instances.vantage.sh (AWS Price List mirror)
2026-07-20,AWS,ap-south-1,g6e.24xlarge,L40S,4.0,spot,13.5327,3.383175,instances.vantage.sh (AWS Price List mirror)
2026-07-20,AWS,ap-south-1,g6e.2xlarge,L40S,1.0,ondemand,2.69266,2.69266,instances.vantage.sh (AWS Price List mirror)
2026-07-20,AWS,ap-south-1,g6e.2xlarge,L40S,1.0,spot,0.79125,0.79125,instances.vantage.sh (AWS Price List mirror)
2026-07-20,AWS,ap-south-1,g6e.48xlarge,L40S,8.0,ondemand,36.18656,4.52332,instances.vantage.sh (AWS Price List mirror)
2026-07-20,AWS,ap-south-1,g6e.48xlarge,L40S,8.0,spot,33.24375,4.15546875,instances.vantage.sh (AWS Price List mirror)
2026-07-20,AWS,ap-south-1,g6e.4xlarge,L40S,1.0,ondemand,3.60799,3.60799,instances.vantage.sh (AWS Price List mirror)
2026-07-20,AWS,ap-south-1,g6e.4xlarge,L40S,1.0,spot,0.9002,0.9002,instances.vantage.sh (AWS Price List mirror)
2026-07-20,AWS,ap-south-1,g6e.8xlarge,L40S,1.0,ondemand,5.43865,5.43865,instances.vantage.sh (AWS Price List mirror)
2026-07-20,AWS,ap-south-1,g6e.8xlarge,L40S,1.0,spot,1.22545,1.22545,instances.vantage.sh (AWS Price List mirror)
2026-07-20,AWS,ap-south-1,g6e.xlarge,L40S,1.0,ondemand,2.235,2.235,instances.vantage.sh (AWS Price List mirror)
2026-07-20,AWS,ap-south-1,g6e.xlarge,L40S,1.0,spot,1.3786,1.3786,instances.vantage.sh (AWS Price List mirror)
2026-07-20,AWS,ap-south-1,g6f.2xlarge,L4,0.25,ondemand,0.57038,2.28152,instances.vantage.sh (AWS Price List mirror)
2026-07-20,AWS,ap-south-1,g6f.2xlarge,L4,0.25,spot,0.2169,0.8676,instances.vantage.sh (AWS Price List mirror)
2026-07-20,AWS,ap-south-1,g6f.4xlarge,L4,0.5,ondemand,1.14076,2.28152,instances.vantage.sh (AWS Price List mirror)
2026-07-20,AWS,ap-south-1,g6f.4xlarge,L4,0.5,spot,1.1325,2.265,instances.vantage.sh (AWS Price List mirror)
2026-07-20,AWS,ap-south-1,g6f.large,L4,0.125,ondemand,0.24256,1.94048,instances.vantage.sh (AWS Price List mirror)
2026-07-20,AWS,ap-south-1,g6f.large,L4,0.125,spot,0.1232,0.9856,instances.vantage.sh (AWS Price List mirror)
2026-07-20,AWS,ap-south-1,g6f.xlarge,L4,0.125,ondemand,0.28519,2.28152,instances.vantage.sh (AWS Price List mirror)
2026-07-20,AWS,ap-south-1,g6f.xlarge,L4,0.125,spot,0.1343,1.0744,instances.vantage.sh (AWS Price List mirror)
2026-07-20,AWS,ap-south-1,g7e.12xlarge,NVIDIA GB202,2.0,ondemand,13.53377,6.766885,instances.vantage.sh (AWS Price List mirror)
2026-07-20,AWS,ap-south-1,g7e.24xlarge,NVIDIA GB202,4.0,ondemand,27.06754,6.766885,instances.vantage.sh (AWS Price List mirror)
2026-07-20,AWS,ap-south-1,g7e.2xlarge,NVIDIA GB202,1.0,ondemand,5.49303,5.49303,instances.vantage.sh (AWS Price List mirror)
2026-07-20,AWS,ap-south-1,g7e.48xlarge,NVIDIA GB202,8.0,ondemand,54.13507,6.76688375,instances.vantage.sh (AWS Price List mirror)
2026-07-20,AWS,ap-south-1,g7e.4xlarge,NVIDIA GB202,1.0,ondemand,6.53025,6.53025,instances.vantage.sh (AWS Price List mirror)
2026-07-20,AWS,ap-south-1,g7e.8xlarge,NVIDIA GB202,1.0,ondemand,8.60469,8.60469,instances.vantage.sh (AWS Price List mirror)
2026-07-20,AWS,ap-south-1,gr6.4xlarge,L4,1.0,ondemand,1.8483,1.8483,instances.vantage.sh (AWS Price List mirror)
2026-07-20,AWS,ap-south-1,gr6.4xlarge,L4,1.0,spot,0.2914,0.2914,instances.vantage.sh (AWS Price List mirror)
2026-07-20,AWS,ap-south-1,gr6.8xlarge,L4,1.0,ondemand,2.93768,2.93768,instances.vantage.sh (AWS Price List mirror)
2026-07-20,AWS,ap-south-1,gr6.8xlarge,L4,1.0,spot,0.49365,0.49365,instances.vantage.sh (AWS Price List mirror)
2026-07-20,AWS,ap-south-1,gr6f.4xlarge,L4,0.5,ondemand,1.28007,2.56014,instances.vantage.sh (AWS Price List mirror)
2026-07-20,AWS,ap-south-1,gr6f.4xlarge,L4,0.5,spot,0.9454,1.8908,instances.vantage.sh (AWS Price List mirror)
2026-07-20,AWS,ap-south-1,p2.16xlarge,K80,16.0,ondemand,27.488,1.718,instances.vantage.sh (AWS Price List mirror)
2026-07-20,AWS,ap-south-1,p2.8xlarge,K80,8.0,ondemand,13.744,1.718,instances.vantage.sh (AWS Price List mirror)
2026-07-20,AWS,ap-south-1,p2.xlarge,K80,1.0,ondemand,1.718,1.718,instances.vantage.sh (AWS Price List mirror)
2026-07-20,AWS,ap-south-1,p4d.24xlarge,A100,8.0,ondemand,26.3444,3.29305,instances.vantage.sh (AWS Price List mirror)
2026-07-20,AWS,ap-south-1,p4d.24xlarge,A100,8.0,spot,26.161233,3.270154125,instances.vantage.sh (AWS Price List mirror)
2026-07-20,AWS,ap-south-1,p5.48xlarge,H100,8.0,ondemand,66.048,8.256,instances.vantage.sh (AWS Price List mirror)
2026-07-20,AWS,ap-south-1,p5.48xlarge,H100,8.0,spot,14.036367,1.754545875,instances.vantage.sh (AWS Price List mirror)
2026-07-20,AWS,ap-south-1,p5.4xlarge,H100,1.0,ondemand,8.256,8.256,instances.vantage.sh (AWS Price List mirror)
2026-07-20,AWS,ap-south-1,p5.4xlarge,H100,1.0,spot,8.1997,8.1997,instances.vantage.sh (AWS Price List mirror)
2026-07-20,AWS,ap-south-1,p5en.48xlarge,H200,8.0,ondemand,75.9552,9.4944,instances.vantage.sh (AWS Price List mirror)
2026-07-20,AWS,ap-south-1,p5en.48xlarge,H200,8.0,spot,38.0079,4.7509875,instances.vantage.sh (AWS Price List mirror)
2026-07-20,AWS,ap-south-1,p6-b200.48xlarge,B200,8.0,ondemand,160.64525,20.08065625,instances.vantage.sh (AWS Price List mirror)
2026-07-20,AWS,ap-south-1,p6-b200.48xlarge,B200,8.0,spot,47.4024,5.9253,instances.vantage.sh (AWS Price List mirror)
2026-07-20,AWS,ap-south-1-ccu-1,g4dn.2xlarge,T4,1.0,ondemand,1.2,1.2,instances.vantage.sh (AWS Price List mirror)
2026-07-20,AWS,ap-south-1-del-1,g4dn.2xlarge,T4,1.0,ondemand,1.2,1.2,instances.vantage.sh (AWS Price List mirror)
2026-07-20,AWS,ap-south-2,g6.12xlarge,L4,4.0,ondemand,5.52558,1.381395,instances.vantage.sh (AWS Price List mirror)
2026-07-20,AWS,ap-south-2,g6.16xlarge,L4,1.0,ondemand,4.07886,4.07886,instances.vantage.sh (AWS Price List mirror)
2026-07-20,AWS,ap-south-2,g6.24xlarge,L4,4.0,ondemand,8.01555,2.0038875,instances.vantage.sh (AWS Price List mirror)
2026-07-20,AWS,ap-south-2,g6.2xlarge,L4,1.0,ondemand,1.1739,1.1739,instances.vantage.sh (AWS Price List mirror)
2026-07-20,AWS,ap-south-2,g6.48xlarge,L4,8.0,ondemand,16.0311,2.0038875,instances.vantage.sh (AWS Price List mirror)
2026-07-20,AWS,ap-south-2,g6.4xlarge,L4,1.0,ondemand,1.58889,1.58889,instances.vantage.sh (AWS Price List mirror)
2026-07-20,AWS,ap-south-2,g6.8xlarge,L4,1.0,ondemand,2.41888,2.41888,instances.vantage.sh (AWS Price List mirror)
2026-07-20,AWS,ap-south-2,g6.xlarge,L4,1.0,ondemand,0.9664,0.9664,instances.vantage.sh (AWS Price List mirror)
2026-07-20,AWS,ap-south-2,g6e.12xlarge,L40S,4.0,ondemand,12.60131,3.1503275,instances.vantage.sh (AWS Price List mirror)
2026-07-20,AWS,ap-south-2,g6e.16xlarge,L40S,1.0,ondemand,9.09996,9.09996,instances.vantage.sh (AWS Price List mirror)
2026-07-20,AWS,ap-south-2,g6e.24xlarge,L40S,4.0,ondemand,18.09328,4.52332,instances.vantage.sh (AWS Price List mirror)
2026-07-20,AWS,ap-south-2,g6e.2xlarge,L40S,1.0,ondemand,2.69266,2.69266,instances.vantage.sh (AWS Price List mirror)
2026-07-20,AWS,ap-south-2,g6e.48xlarge,L40S,8.0,ondemand,36.18656,4.52332,instances.vantage.sh (AWS Price List mirror)
2026-07-20,AWS,ap-south-2,g6e.4xlarge,L40S,1.0,ondemand,3.60799,3.60799,instances.vantage.sh (AWS Price List mirror)
2026-07-20,AWS,ap-south-2,g6e.8xlarge,L40S,1.0,ondemand,5.43865,5.43865,instances.vantage.sh (AWS Price List mirror)
2026-07-20,AWS,ap-south-2,g6e.xlarge,L40S,1.0,ondemand,2.235,2.235,instances.vantage.sh (AWS Price List mirror)
2026-07-20,AWS,ap-southeast-1,g2.2xlarge,K520,1.0,ondemand,1.0,1.0,instances.vantage.sh (AWS Price List mirror)
2026-07-20,AWS,ap-southeast-1,g2.8xlarge,K520,4.0,ondemand,4.0,1.0,instances.vantage.sh (AWS Price List mirror)
2026-07-20,AWS,ap-southeast-1,g3.16xlarge,M60,4.0,ondemand,6.68,1.67,instances.vantage.sh (AWS Price List mirror)
2026-07-20,AWS,ap-southeast-1,g3.4xlarge,M60,1.0,ondemand,1.67,1.67,instances.vantage.sh (AWS Price List mirror)
2026-07-20,AWS,ap-southeast-1,g3.8xlarge,M60,2.0,ondemand,3.34,1.67,instances.vantage.sh (AWS Price List mirror)
2026-07-20,AWS,ap-southeast-1,g4dn.12xlarge,T4,4.0,ondemand,5.474,1.3685,instances.vantage.sh (AWS Price List mirror)
2026-07-20,AWS,ap-southeast-1,g4dn.12xlarge,T4,4.0,spot,2.047667,0.51191675,instances.vantage.sh (AWS Price List mirror)
2026-07-20,AWS,ap-southeast-1,g4dn.16xlarge,T4,1.0,ondemand,6.089,6.089,instances.vantage.sh (AWS Price List mirror)
2026-07-20,AWS,ap-southeast-1,g4dn.16xlarge,T4,1.0,spot,1.8946,1.8946,instances.vantage.sh (AWS Price List mirror)
2026-07-20,AWS,ap-southeast-1,g4dn.2xlarge,T4,1.0,ondemand,1.052,1.052,instances.vantage.sh (AWS Price List mirror)
2026-07-20,AWS,ap-southeast-1,g4dn.2xlarge,T4,1.0,spot,0.487067,0.487067,instances.vantage.sh (AWS Price List mirror)
2026-07-20,AWS,ap-southeast-1,g4dn.4xlarge,T4,1.0,ondemand,1.685,1.685,instances.vantage.sh (AWS Price List mirror)
2026-07-20,AWS,ap-southeast-1,g4dn.4xlarge,T4,1.0,spot,0.716533,0.716533,instances.vantage.sh (AWS Price List mirror)
2026-07-20,AWS,ap-southeast-1,g4dn.8xlarge,T4,1.0,ondemand,3.045,3.045,instances.vantage.sh (AWS Price List mirror)
2026-07-20,AWS,ap-southeast-1,g4dn.8xlarge,T4,1.0,spot,0.9038,0.9038,instances.vantage.sh (AWS Price List mirror)
2026-07-20,AWS,ap-southeast-1,g4dn.metal,T4,8.0,ondemand,10.948,1.3685,instances.vantage.sh (AWS Price List mirror)
2026-07-20,AWS,ap-southeast-1,g4dn.metal,T4,8.0,spot,3.826767,0.478345875,instances.vantage.sh (AWS Price List mirror)
2026-07-20,AWS,ap-southeast-1,g4dn.xlarge,T4,1.0,ondemand,0.736,0.736,instances.vantage.sh (AWS Price List mirror)
2026-07-20,AWS,ap-southeast-1,g4dn.xlarge,T4,1.0,spot,0.342033,0.342033,instances.vantage.sh (AWS Price List mirror)
2026-07-20,AWS,ap-southeast-1,g5g.16xlarge,T4G,2.0,ondemand,3.8395,1.91975,instances.vantage.sh (AWS Price List mirror)
2026-07-20,AWS,ap-southeast-1,g5g.16xlarge,T4G,2.0,spot,0.8415,0.42075,instances.vantage.sh (AWS Price List mirror)
2026-07-20,AWS,ap-southeast-1,g5g.2xlarge,T4G,1.0,ondemand,0.778,0.778,instances.vantage.sh (AWS Price List mirror)
2026-07-20,AWS,ap-southeast-1,g5g.2xlarge,T4G,1.0,spot,0.3329,0.3329,instances.vantage.sh (AWS Price List mirror)
2026-07-20,AWS,ap-southeast-1,g5g.4xlarge,T4G,1.0,ondemand,1.1586,1.1586,instances.vantage.sh (AWS Price List mirror)
2026-07-20,AWS,ap-southeast-1,g5g.4xlarge,T4G,1.0,spot,0.39515,0.39515,instances.vantage.sh (AWS Price List mirror)
2026-07-20,AWS,ap-southeast-1,g5g.8xlarge,T4G,1.0,ondemand,1.9198,1.9198,instances.vantage.sh (AWS Price List mirror)
2026-07-20,AWS,ap-southeast-1,g5g.8xlarge,T4G,1.0,spot,0.79165,0.79165,instances.vantage.sh (AWS Price List mirror)
2026-07-20,AWS,ap-southeast-1,g5g.metal,T4G,2.0,ondemand,3.8395,1.91975,instances.vantage.sh (AWS Price List mirror)
2026-07-20,AWS,ap-southeast-1,g5g.metal,T4G,2.0,spot,0.87565,0.437825,instances.vantage.sh (AWS Price List mirror)
2026-07-20,AWS,ap-southeast-1,g5g.xlarge,T4G,1.0,ondemand,0.5877,0.5877,instances.vantage.sh (AWS Price List mirror)
2026-07-20,AWS,ap-southeast-1,g5g.xlarge,T4G,1.0,spot,0.24445,0.24445,instances.vantage.sh (AWS Price List mirror)
2026-07-20,AWS,ap-southeast-1,p2.16xlarge,K80,16.0,ondemand,27.488,1.718,instances.vantage.sh (AWS Price List mirror)
2026-07-20,AWS,ap-southeast-1,p2.8xlarge,K80,8.0,ondemand,13.744,1.718,instances.vantage.sh (AWS Price List mirror)
2026-07-20,AWS,ap-southeast-1,p2.xlarge,K80,1.0,ondemand,1.718,1.718,instances.vantage.sh (AWS Price List mirror)
2026-07-20,AWS,ap-southeast-1,p3.16xlarge,V100,8.0,ondemand,33.872,4.234,instances.vantage.sh (AWS Price List mirror)
2026-07-20,AWS,ap-southeast-1,p3.16xlarge,V100,8.0,spot,33.19456,4.14932,instances.vantage.sh (AWS Price List mirror)
2026-07-20,AWS,ap-southeast-1,p3.2xlarge,V100,1.0,ondemand,4.234,4.234,instances.vantage.sh (AWS Price List mirror)
2026-07-20,AWS,ap-southeast-1,p3.2xlarge,V100,1.0,spot,2.8282,2.8282,instances.vantage.sh (AWS Price List mirror)
2026-07-20,AWS,ap-southeast-1,p3.8xlarge,V100,4.0,ondemand,16.936,4.234,instances.vantage.sh (AWS Price List mirror)
2026-07-20,AWS,ap-southeast-1,p3.8xlarge,V100,4.0,spot,16.936,4.234,instances.vantage.sh (AWS Price List mirror)
2026-07-20,AWS,ap-southeast-1,p4d.24xlarge,A100,8.0,ondemand,26.34917,3.29364625,instances.vantage.sh (AWS Price List mirror)
2026-07-20,AWS,ap-southeast-1,p4de.24xlarge,A100,8.0,ondemand,32.93646,4.1170575,instances.vantage.sh (AWS Price List mirror)
2026-07-20,AWS,ap-southeast-1,p4de.24xlarge,A100,8.0,spot,32.9365,4.1170625,instances.vantage.sh (AWS Price List mirror)
2026-07-20,AWS,ap-southeast-1-bkk-1,g4dn.2xlarge,T4,1.0,ondemand,1.578,1.578,instances.vantage.sh (AWS Price List mirror)
2026-07-20,AWS,ap-southeast-1-mnl-1,g4dn.2xlarge,T4,1.0,ondemand,1.368,1.368,instances.vantage.sh (AWS Price List mirror)
2026-07-20,AWS,ap-southeast-2,g2.2xlarge,K520,1.0,ondemand,0.898,0.898,instances.vantage.sh (AWS Price List mirror)
2026-07-20,AWS,ap-southeast-2,g2.8xlarge,K520,4.0,ondemand,3.592,0.898,instances.vantage.sh (AWS Price List mirror)
2026-07-20,AWS,ap-southeast-2,g3.16xlarge,M60,4.0,ondemand,7.016,1.754,instances.vantage.sh (AWS Price List mirror)
2026-07-20,AWS,ap-southeast-2,g3.4xlarge,M60,1.0,ondemand,1.754,1.754,instances.vantage.sh (AWS Price List mirror)
2026-07-20,AWS,ap-southeast-2,g3.8xlarge,M60,2.0,ondemand,3.508,1.754,instances.vantage.sh (AWS Price List mirror)
2026-07-20,AWS,ap-southeast-2,g3s.xlarge,M60,1.0,ondemand,1.154,1.154,instances.vantage.sh (AWS Price List mirror)
2026-07-20,AWS,ap-southeast-2,g4dn.12xlarge,T4,4.0,ondemand,5.087,1.27175,instances.vantage.sh (AWS Price List mirror)
2026-07-20,AWS,ap-southeast-2,g4dn.12xlarge,T4,4.0,spot,2.512,0.628,instances.vantage.sh (AWS Price List mirror)
2026-07-20,AWS,ap-southeast-2,g4dn.16xlarge,T4,1.0,ondemand,5.659,5.659,instances.vantage.sh (AWS Price List mirror)
2026-07-20,AWS,ap-southeast-2,g4dn.16xlarge,T4,1.0,spot,1.121467,1.121467,instances.vantage.sh (AWS Price List mirror)
2026-07-20,AWS,ap-southeast-2,g4dn.2xlarge,T4,1.0,ondemand,0.978,0.978,instances.vantage.sh (AWS Price List mirror)
2026-07-20,AWS,ap-southeast-2,g4dn.2xlarge,T4,1.0,spot,0.4966,0.4966,instances.vantage.sh (AWS Price List mirror)
2026-07-20,AWS,ap-southeast-2,g4dn.4xlarge,T4,1.0,ondemand,1.566,1.566,instances.vantage.sh (AWS Price List mirror)
2026-07-20,AWS,ap-southeast-2,g4dn.4xlarge,T4,1.0,spot,0.627367,0.627367,instances.vantage.sh (AWS Price List mirror)
2026-07-20,AWS,ap-southeast-2,g4dn.8xlarge,T4,1.0,ondemand,2.83,2.83,instances.vantage.sh (AWS Price List mirror)
2026-07-20,AWS,ap-southeast-2,g4dn.8xlarge,T4,1.0,spot,0.933633,0.933633,instances.vantage.sh (AWS Price List mirror)
2026-07-20,AWS,ap-southeast-2,g4dn.metal,T4,8.0,ondemand,10.174,1.27175,instances.vantage.sh (AWS Price List mirror)
2026-07-20,AWS,ap-southeast-2,g4dn.metal,T4,8.0,spot,4.3998,0.549975,instances.vantage.sh (AWS Price List mirror)
2026-07-20,AWS,ap-southeast-2,g4dn.xlarge,T4,1.0,ondemand,0.684,0.684,instances.vantage.sh (AWS Price List mirror)
2026-07-20,AWS,ap-southeast-2,g4dn.xlarge,T4,1.0,spot,0.357633,0.357633,instances.vantage.sh (AWS Price List mirror)
2026-07-20,AWS,ap-southeast-2,g5.12xlarge,A10G,4.0,ondemand,7.37473,1.8436825,instances.vantage.sh (AWS Price List mirror)
2026-07-20,AWS,ap-southeast-2,g5.12xlarge,A10G,4.0,spot,5.04445,1.2611125,instances.vantage.sh (AWS Price List mirror)
2026-07-20,AWS,ap-southeast-2,g5.16xlarge,A10G,1.0,ondemand,5.32561,5.32561,instances.vantage.sh (AWS Price List mirror)
2026-07-20,AWS,ap-southeast-2,g5.16xlarge,A10G,1.0,spot,1.53665,1.53665,instances.vantage.sh (AWS Price List mirror)
2026-07-20,AWS,ap-southeast-2,g5.24xlarge,A10G,4.0,ondemand,10.58882,2.647205,instances.vantage.sh (AWS Price List mirror)
2026-07-20,AWS,ap-southeast-2,g5.24xlarge,A10G,4.0,spot,10.5888,2.6472,instances.vantage.sh (AWS Price List mirror)
2026-07-20,AWS,ap-southeast-2,g5.2xlarge,A10G,1.0,ondemand,1.57584,1.57584,instances.vantage.sh (AWS Price List mirror)
2026-07-20,AWS,ap-southeast-2,g5.2xlarge,A10G,1.0,spot,0.71525,0.71525,instances.vantage.sh (AWS Price List mirror)
2026-07-20,AWS,ap-southeast-2,g5.48xlarge,A10G,8.0,ondemand,21.17764,2.647205,instances.vantage.sh (AWS Price List mirror)
2026-07-20,AWS,ap-southeast-2,g5.48xlarge,A10G,8.0,spot,16.5266,2.065825,instances.vantage.sh (AWS Price List mirror)
2026-07-20,AWS,ap-southeast-2,g5.4xlarge,A10G,1.0,ondemand,2.11152,2.11152,instances.vantage.sh (AWS Price List mirror)
2026-07-20,AWS,ap-southeast-2,g5.4xlarge,A10G,1.0,spot,1.02585,1.02585,instances.vantage.sh (AWS Price List mirror)
2026-07-20,AWS,ap-southeast-2,g5.8xlarge,A10G,1.0,ondemand,3.18289,3.18289,instances.vantage.sh (AWS Price List mirror)
2026-07-20,AWS,ap-southeast-2,g5.8xlarge,A10G,1.0,spot,1.17215,1.17215,instances.vantage.sh (AWS Price List mirror)
2026-07-20,AWS,ap-southeast-2,g5.xlarge,A10G,1.0,ondemand,1.308,1.308,instances.vantage.sh (AWS Price List mirror)
2026-07-20,AWS,ap-southeast-2,g5.xlarge,A10G,1.0,spot,0.7889,0.7889,instances.vantage.sh (AWS Price List mirror)
2026-07-20,AWS,ap-southeast-2,g6.12xlarge,L4,4.0,ondemand,5.98299,1.4957475,instances.vantage.sh (AWS Price List mirror)
2026-07-20,AWS,ap-southeast-2,g6.12xlarge,L4,4.0,spot,4.156833,1.03920825,instances.vantage.sh (AWS Price List mirror)
2026-07-20,AWS,ap-southeast-2,g6.16xlarge,L4,1.0,ondemand,4.41652,4.41652,instances.vantage.sh (AWS Price List mirror)
2026-07-20,AWS,ap-southeast-2,g6.16xlarge,L4,1.0,spot,1.854267,1.854267,instances.vantage.sh (AWS Price List mirror)
2026-07-20,AWS,ap-southeast-2,g6.24xlarge,L4,4.0,ondemand,8.67909,2.1697725,instances.vantage.sh (AWS Price List mirror)
2026-07-20,AWS,ap-southeast-2,g6.24xlarge,L4,4.0,spot,3.922733,0.98068325,instances.vantage.sh (AWS Price List mirror)
2026-07-20,AWS,ap-southeast-2,g6.2xlarge,L4,1.0,ondemand,1.27107,1.27107,instances.vantage.sh (AWS Price List mirror)
2026-07-20,AWS,ap-southeast-2,g6.2xlarge,L4,1.0,spot,0.800367,0.800367,instances.vantage.sh (AWS Price List mirror)
2026-07-20,AWS,ap-southeast-2,g6.48xlarge,L4,8.0,ondemand,17.35817,2.16977125,instances.vantage.sh (AWS Price List mirror)
2026-07-20,AWS,ap-southeast-2,g6.48xlarge,L4,8.0,spot,10.0863,1.2607875,instances.vantage.sh (AWS Price List mirror)
2026-07-20,AWS,ap-southeast-2,g6.4xlarge,L4,1.0,ondemand,1.72042,1.72042,instances.vantage.sh (AWS Price List mirror)
2026-07-20,AWS,ap-southeast-2,g6.4xlarge,L4,1.0,spot,0.841667,0.841667,instances.vantage.sh (AWS Price List mirror)
2026-07-20,AWS,ap-southeast-2,g6.8xlarge,L4,1.0,ondemand,2.61912,2.61912,instances.vantage.sh (AWS Price List mirror)
2026-07-20,AWS,ap-southeast-2,g6.8xlarge,L4,1.0,spot,1.0984,1.0984,instances.vantage.sh (AWS Price List mirror)
2026-07-20,AWS,ap-southeast-2,g6.xlarge,L4,1.0,ondemand,1.0464,1.0464,instances.vantage.sh (AWS Price List mirror)
2026-07-20,AWS,ap-southeast-2,g6.xlarge,L4,1.0,spot,0.622633,0.622633,instances.vantage.sh (AWS Price List mirror)
2026-07-20,AWS,ap-southeast-2,g6f.2xlarge,L4,0.25,ondemand,0.61759,2.47036,instances.vantage.sh (AWS Price List mirror)
2026-07-20,AWS,ap-southeast-2,g6f.2xlarge,L4,0.25,spot,0.18785,0.7514,instances.vantage.sh (AWS Price List mirror)
2026-07-20,AWS,ap-southeast-2,g6f.4xlarge,L4,0.5,ondemand,1.23517,2.47034,instances.vantage.sh (AWS Price List mirror)
2026-07-20,AWS,ap-southeast-2,g6f.4xlarge,L4,0.5,spot,0.5649,1.1298,instances.vantage.sh (AWS Price List mirror)
2026-07-20,AWS,ap-southeast-2,g6f.large,L4,0.125,ondemand,0.26264,2.10112,instances.vantage.sh (AWS Price List mirror)
2026-07-20,AWS,ap-southeast-2,g6f.large,L4,0.125,spot,0.1545,1.236,instances.vantage.sh (AWS Price List mirror)
2026-07-20,AWS,ap-southeast-2,g6f.xlarge,L4,0.125,ondemand,0.30879,2.47032,instances.vantage.sh (AWS Price List mirror)
2026-07-20,AWS,ap-southeast-2,g6f.xlarge,L4,0.125,spot,0.12,0.96,instances.vantage.sh (AWS Price List mirror)
2026-07-20,AWS,ap-southeast-2,gr6.4xlarge,L4,1.0,ondemand,2.0012,2.0012,instances.vantage.sh (AWS Price List mirror)
2026-07-20,AWS,ap-southeast-2,gr6.4xlarge,L4,1.0,spot,0.6039,0.6039,instances.vantage.sh (AWS Price List mirror)
2026-07-20,AWS,ap-southeast-2,gr6.8xlarge,L4,1.0,ondemand,3.1807,3.1807,instances.vantage.sh (AWS Price List mirror)
2026-07-20,AWS,ap-southeast-2,gr6.8xlarge,L4,1.0,spot,1.16035,1.16035,instances.vantage.sh (AWS Price List mirror)
2026-07-20,AWS,ap-southeast-2,gr6f.4xlarge,L4,0.5,ondemand,1.38597,2.77194,instances.vantage.sh (AWS Price List mirror)
2026-07-20,AWS,ap-southeast-2,gr6f.4xlarge,L4,0.5,spot,0.62585,1.2517,instances.vantage.sh (AWS Price List mirror)
2026-07-20,AWS,ap-southeast-2,p2.16xlarge,K80,16.0,ondemand,24.672,1.542,instances.vantage.sh (AWS Price List mirror)
2026-07-20,AWS,ap-southeast-2,p2.8xlarge,K80,8.0,ondemand,12.336,1.542,instances.vantage.sh (AWS Price List mirror)
2026-07-20,AWS,ap-southeast-2,p2.xlarge,K80,1.0,ondemand,1.542,1.542,instances.vantage.sh (AWS Price List mirror)
2026-07-20,AWS,ap-southeast-2,p3.16xlarge,V100,8.0,ondemand,33.872,4.234,instances.vantage.sh (AWS Price List mirror)
2026-07-20,AWS,ap-southeast-2,p3.16xlarge,V100,8.0,spot,33.872,4.234,instances.vantage.sh (AWS Price List mirror)
2026-07-20,AWS,ap-southeast-2,p3.2xlarge,V100,1.0,ondemand,4.234,4.234,instances.vantage.sh (AWS Price List mirror)
2026-07-20,AWS,ap-southeast-2,p3.2xlarge,V100,1.0,spot,4.234,4.234,instances.vantage.sh (AWS Price List mirror)
2026-07-20,AWS,ap-southeast-2,p3.8xlarge,V100,4.0,ondemand,16.936,4.234,instances.vantage.sh (AWS Price List mirror)
2026-07-20,AWS,ap-southeast-2,p3.8xlarge,V100,4.0,spot,9.3148,2.3287,instances.vantage.sh (AWS Price List mirror)
2026-07-20,AWS,ap-southeast-2,p4d.24xlarge,A100,8.0,ondemand,28.54493,3.56811625,instances.vantage.sh (AWS Price List mirror)
2026-07-20,AWS,ap-southeast-2,p4d.24xlarge,A100,8.0,spot,12.144,1.518,instances.vantage.sh (AWS Price List mirror)
2026-07-20,AWS,ap-southeast-2,p5.48xlarge,H100,8.0,ondemand,71.552,8.944,instances.vantage.sh (AWS Price List mirror)
2026-07-20,AWS,ap-southeast-2,p5.48xlarge,H100,8.0,spot,55.705833,6.963229125,instances.vantage.sh (AWS Price List mirror)
2026-07-20,AWS,ap-southeast-2,p5.4xlarge,H100,1.0,ondemand,8.944,8.944,instances.vantage.sh (AWS Price List mirror)
2026-07-20,AWS,ap-southeast-2-akl-1,g4dn.2xlarge,T4,1.0,ondemand,1.418,1.418,instances.vantage.sh (AWS Price List mirror)
2026-07-20,AWS,ap-southeast-2-per-1,g4dn.2xlarge,T4,1.0,ondemand,1.418,1.418,instances.vantage.sh (AWS Price List mirror)
2026-07-20,AWS,ap-southeast-3,g5.12xlarge,A10G,4.0,ondemand,7.93854,1.984635,instances.vantage.sh (AWS Price List mirror)
2026-07-20,AWS,ap-southeast-3,g5.12xlarge,A10G,4.0,spot,2.143406,0.5358515,instances.vantage.sh (AWS Price List mirror)
2026-07-20,AWS,ap-southeast-3,g5.16xlarge,A10G,1.0,ondemand,5.73277,5.73277,instances.vantage.sh (AWS Price List mirror)
2026-07-20,AWS,ap-southeast-3,g5.16xlarge,A10G,1.0,spot,0.74526,0.74526,instances.vantage.sh (AWS Price List mirror)
2026-07-20,AWS,ap-southeast-3,g5.24xlarge,A10G,4.0,ondemand,11.39836,2.84959,instances.vantage.sh (AWS Price List mirror)
2026-07-20,AWS,ap-southeast-3,g5.24xlarge,A10G,4.0,spot,5.129262,1.2823155,instances.vantage.sh (AWS Price List mirror)
2026-07-20,AWS,ap-southeast-3,g5.2xlarge,A10G,1.0,ondemand,1.69632,1.69632,instances.vantage.sh (AWS Price List mirror)
2026-07-20,AWS,ap-southeast-3,g5.2xlarge,A10G,1.0,spot,0.407117,0.407117,instances.vantage.sh (AWS Price List mirror)
2026-07-20,AWS,ap-southeast-3,g5.48xlarge,A10G,8.0,ondemand,22.79672,2.84959,instances.vantage.sh (AWS Price List mirror)
2026-07-20,AWS,ap-southeast-3,g5.48xlarge,A10G,8.0,spot,10.942426,1.36780325,instances.vantage.sh (AWS Price List mirror)
2026-07-20,AWS,ap-southeast-3,g5.4xlarge,A10G,1.0,ondemand,2.27295,2.27295,instances.vantage.sh (AWS Price List mirror)
2026-07-20,AWS,ap-southeast-3,g5.4xlarge,A10G,1.0,spot,0.43186,0.43186,instances.vantage.sh (AWS Price List mirror)
2026-07-20,AWS,ap-southeast-3,g5.8xlarge,A10G,1.0,ondemand,3.42623,3.42623,instances.vantage.sh (AWS Price List mirror)
2026-07-20,AWS,ap-southeast-3,g5.8xlarge,A10G,1.0,spot,0.959344,0.959344,instances.vantage.sh (AWS Price List mirror)
2026-07-20,AWS,ap-southeast-3,g5.xlarge,A10G,1.0,ondemand,1.408,1.408,instances.vantage.sh (AWS Price List mirror)
2026-07-20,AWS,ap-southeast-3,g5.xlarge,A10G,1.0,spot,0.39424,0.39424,instances.vantage.sh (AWS Price List mirror)
2026-07-20,AWS,ap-southeast-3,g5g.metal,T4G,2.0,ondemand,3.8395,1.91975,instances.vantage.sh (AWS Price List mirror)
2026-07-20,AWS,ap-southeast-3,g5g.metal,T4G,2.0,spot,0.883085,0.4415425,instances.vantage.sh (AWS Price List mirror)
2026-07-20,AWS,ap-southeast-3,p5.48xlarge,H100,8.0,ondemand,75.9552,9.4944,instances.vantage.sh (AWS Price List mirror)
2026-07-20,AWS,ap-southeast-3,p5.48xlarge,H100,8.0,spot,75.9552,9.4944,instances.vantage.sh (AWS Price List mirror)
2026-07-20,AWS,ap-southeast-3,p5.4xlarge,H100,1.0,ondemand,9.4944,9.4944,instances.vantage.sh (AWS Price List mirror)
2026-07-20,AWS,ap-southeast-3,p5.4xlarge,H100,1.0,spot,9.4944,9.4944,instances.vantage.sh (AWS Price List mirror)
2026-07-20,AWS,ap-southeast-3,p5en.48xlarge,H200,8.0,ondemand,87.34848,10.91856,instances.vantage.sh (AWS Price List mirror)
2026-07-20,AWS,ap-southeast-3,p5en.48xlarge,H200,8.0,spot,27.951514,3.49393925,instances.vantage.sh (AWS Price List mirror)
2026-07-20,AWS,ap-southeast-5,g6.12xlarge,L4,4.0,ondemand,5.7966,1.44915,instances.vantage.sh (AWS Price List mirror)
2026-07-20,AWS,ap-southeast-5,g6.12xlarge,L4,4.0,spot,4.231518,1.0578795,instances.vantage.sh (AWS Price List mirror)
2026-07-20,AWS,ap-southeast-5,g6.16xlarge,L4,1.0,ondemand,4.27892,4.27892,instances.vantage.sh (AWS Price List mirror)
2026-07-20,AWS,ap-southeast-5,g6.16xlarge,L4,1.0,spot,0.855784,0.855784,instances.vantage.sh (AWS Price List mirror)
2026-07-20,AWS,ap-southeast-5,g6.24xlarge,L4,4.0,ondemand,8.4087,2.102175,instances.vantage.sh (AWS Price List mirror)
2026-07-20,AWS,ap-southeast-5,g6.24xlarge,L4,4.0,spot,3.699828,0.924957,instances.vantage.sh (AWS Price List mirror)
2026-07-20,AWS,ap-southeast-5,g6.2xlarge,L4,1.0,ondemand,1.23147,1.23147,instances.vantage.sh (AWS Price List mirror)
2026-07-20,AWS,ap-southeast-5,g6.2xlarge,L4,1.0,spot,1.083694,1.083694,instances.vantage.sh (AWS Price List mirror)
2026-07-20,AWS,ap-southeast-5,g6.48xlarge,L4,8.0,ondemand,16.81739,2.10217375,instances.vantage.sh (AWS Price List mirror)
2026-07-20,AWS,ap-southeast-5,g6.48xlarge,L4,8.0,spot,13.117564,1.6396955,instances.vantage.sh (AWS Price List mirror)
2026-07-20,AWS,ap-southeast-5,g6.4xlarge,L4,1.0,ondemand,1.66682,1.66682,instances.vantage.sh (AWS Price List mirror)
2026-07-20,AWS,ap-southeast-5,g6.4xlarge,L4,1.0,spot,0.900083,0.900083,instances.vantage.sh (AWS Price List mirror)
2026-07-20,AWS,ap-southeast-5,g6.8xlarge,L4,1.0,ondemand,2.53752,2.53752,instances.vantage.sh (AWS Price List mirror)
2026-07-20,AWS,ap-southeast-5,g6.8xlarge,L4,1.0,spot,0.68513,0.68513,instances.vantage.sh (AWS Price List mirror)
2026-07-20,AWS,ap-southeast-5,g6.xlarge,L4,1.0,ondemand,1.0138,1.0138,instances.vantage.sh (AWS Price List mirror)
2026-07-20,AWS,ap-southeast-5,g6.xlarge,L4,1.0,spot,0.91242,0.91242,instances.vantage.sh (AWS Price List mirror)
2026-07-20,AWS,ap-southeast-5,gr6.4xlarge,L4,1.0,ondemand,1.9388,1.9388,instances.vantage.sh (AWS Price List mirror)
2026-07-20,AWS,ap-southeast-5,gr6.4xlarge,L4,1.0,spot,0.542864,0.542864,instances.vantage.sh (AWS Price List mirror)
2026-07-20,AWS,ap-southeast-5,gr6.8xlarge,L4,1.0,ondemand,3.08152,3.08152,instances.vantage.sh (AWS Price List mirror)
2026-07-20,AWS,ap-southeast-5,gr6.8xlarge,L4,1.0,spot,0.554674,0.554674,instances.vantage.sh (AWS Price List mirror)
2026-07-20,AWS,ca-central-1,g3.16xlarge,M60,4.0,ondemand,5.664,1.416,instances.vantage.sh (AWS Price List mirror)
2026-07-20,AWS,ca-central-1,g3.4xlarge,M60,1.0,ondemand,1.416,1.416,instances.vantage.sh (AWS Price List mirror)
2026-07-20,AWS,ca-central-1,g3.8xlarge,M60,2.0,ondemand,2.832,1.416,instances.vantage.sh (AWS Price List mirror)
2026-07-20,AWS,ca-central-1,g4ad.16xlarge,V520,4.0,ondemand,3.872,0.968,instances.vantage.sh (AWS Price List mirror)
2026-07-20,AWS,ca-central-1,g4ad.16xlarge,V520,4.0,spot,0.71945,0.1798625,instances.vantage.sh (AWS Price List mirror)
2026-07-20,AWS,ca-central-1,g4ad.2xlarge,V520,1.0,ondemand,0.60421,0.60421,instances.vantage.sh (AWS Price List mirror)
2026-07-20,AWS,ca-central-1,g4ad.2xlarge,V520,1.0,spot,0.21695,0.21695,instances.vantage.sh (AWS Price List mirror)
2026-07-20,AWS,ca-central-1,g4ad.4xlarge,V520,1.0,ondemand,0.968,0.968,instances.vantage.sh (AWS Price List mirror)
2026-07-20,AWS,ca-central-1,g4ad.4xlarge,V520,1.0,spot,0.3375,0.3375,instances.vantage.sh (AWS Price List mirror)
2026-07-20,AWS,ca-central-1,g4ad.8xlarge,V520,2.0,ondemand,1.936,0.968,instances.vantage.sh (AWS Price List mirror)
2026-07-20,AWS,ca-central-1,g4ad.8xlarge,V520,2.0,spot,0.47895,0.239475,instances.vantage.sh (AWS Price List mirror)
2026-07-20,AWS,ca-central-1,g4ad.xlarge,V520,1.0,ondemand,0.42263,0.42263,instances.vantage.sh (AWS Price List mirror)
2026-07-20,AWS,ca-central-1,g4ad.xlarge,V520,1.0,spot,0.11675,0.11675,instances.vantage.sh (AWS Price List mirror)
2026-07-20,AWS,ca-central-1,g4dn.12xlarge,T4,4.0,ondemand,4.343,1.08575,instances.vantage.sh (AWS Price List mirror)
2026-07-20,AWS,ca-central-1,g4dn.12xlarge,T4,4.0,spot,1.60775,0.4019375,instances.vantage.sh (AWS Price List mirror)
2026-07-20,AWS,ca-central-1,g4dn.16xlarge,T4,1.0,ondemand,4.832,4.832,instances.vantage.sh (AWS Price List mirror)
2026-07-20,AWS,ca-central-1,g4dn.16xlarge,T4,1.0,spot,1.0631,1.0631,instances.vantage.sh (AWS Price List mirror)
2026-07-20,AWS,ca-central-1,g4dn.2xlarge,T4,1.0,ondemand,0.835,0.835,instances.vantage.sh (AWS Price List mirror)
2026-07-20,AWS,ca-central-1,g4dn.2xlarge,T4,1.0,spot,0.3282,0.3282,instances.vantage.sh (AWS Price List mirror)
2026-07-20,AWS,ca-central-1,g4dn.4xlarge,T4,1.0,ondemand,1.337,1.337,instances.vantage.sh (AWS Price List mirror)
2026-07-20,AWS,ca-central-1,g4dn.4xlarge,T4,1.0,spot,0.6711,0.6711,instances.vantage.sh (AWS Price List mirror)
2026-07-20,AWS,ca-central-1,g4dn.8xlarge,T4,1.0,ondemand,2.416,2.416,instances.vantage.sh (AWS Price List mirror)
2026-07-20,AWS,ca-central-1,g4dn.8xlarge,T4,1.0,spot,0.4404,0.4404,instances.vantage.sh (AWS Price List mirror)
2026-07-20,AWS,ca-central-1,g4dn.metal,T4,8.0,ondemand,8.687,1.085875,instances.vantage.sh (AWS Price List mirror)
2026-07-20,AWS,ca-central-1,g4dn.metal,T4,8.0,spot,3.83855,0.47981875,instances.vantage.sh (AWS Price List mirror)
2026-07-20,AWS,ca-central-1,g4dn.xlarge,T4,1.0,ondemand,0.584,0.584,instances.vantage.sh (AWS Price List mirror)
2026-07-20,AWS,ca-central-1,g4dn.xlarge,T4,1.0,spot,0.22705,0.22705,instances.vantage.sh (AWS Price List mirror)
2026-07-20,AWS,ca-central-1,g5.12xlarge,A10G,4.0,ondemand,6.29784,1.57446,instances.vantage.sh (AWS Price List mirror)
2026-07-20,AWS,ca-central-1,g5.12xlarge,A10G,4.0,spot,4.58925,1.1473125,instances.vantage.sh (AWS Price List mirror)
2026-07-20,AWS,ca-central-1,g5.16xlarge,A10G,1.0,ondemand,4.54794,4.54794,instances.vantage.sh (AWS Price List mirror)
2026-07-20,AWS,ca-central-1,g5.16xlarge,A10G,1.0,spot,1.2079,1.2079,instances.vantage.sh (AWS Price List mirror)
2026-07-20,AWS,ca-central-1,g5.24xlarge,A10G,4.0,ondemand,9.04259,2.2606475,instances.vantage.sh (AWS Price List mirror)
2026-07-20,AWS,ca-central-1,g5.24xlarge,A10G,4.0,spot,6.62355,1.6558875,instances.vantage.sh (AWS Price List mirror)
2026-07-20,AWS,ca-central-1,g5.2xlarge,A10G,1.0,ondemand,1.34573,1.34573,instances.vantage.sh (AWS Price List mirror)
2026-07-20,AWS,ca-central-1,g5.2xlarge,A10G,1.0,spot,0.6299,0.6299,instances.vantage.sh (AWS Price List mirror)
2026-07-20,AWS,ca-central-1,g5.48xlarge,A10G,8.0,ondemand,18.08518,2.2606475,instances.vantage.sh (AWS Price List mirror)
2026-07-20,AWS,ca-central-1,g5.48xlarge,A10G,8.0,spot,13.1829,1.6478625,instances.vantage.sh (AWS Price List mirror)
2026-07-20,AWS,ca-central-1,g5.4xlarge,A10G,1.0,ondemand,1.80319,1.80319,instances.vantage.sh (AWS Price List mirror)
2026-07-20,AWS,ca-central-1,g5.4xlarge,A10G,1.0,spot,0.94155,0.94155,instances.vantage.sh (AWS Price List mirror)
2026-07-20,AWS,ca-central-1,g5.8xlarge,A10G,1.0,ondemand,2.71811,2.71811,instances.vantage.sh (AWS Price List mirror)
2026-07-20,AWS,ca-central-1,g5.8xlarge,A10G,1.0,spot,0.9061,0.9061,instances.vantage.sh (AWS Price List mirror)
2026-07-20,AWS,ca-central-1,g5.xlarge,A10G,1.0,ondemand,1.117,1.117,instances.vantage.sh (AWS Price List mirror)
2026-07-20,AWS,ca-central-1,g5.xlarge,A10G,1.0,spot,0.4749,0.4749,instances.vantage.sh (AWS Price List mirror)
2026-07-20,AWS,ca-central-1,g6.12xlarge,L4,4.0,ondemand,5.10933,1.2773325,instances.vantage.sh (AWS Price List mirror)
2026-07-20,AWS,ca-central-1,g6.12xlarge,L4,4.0,spot,2.712433,0.67810825,instances.vantage.sh (AWS Price List mirror)
2026-07-20,AWS,ca-central-1,g6.16xlarge,L4,1.0,ondemand,3.7716,3.7716,instances.vantage.sh (AWS Price List mirror)
2026-07-20,AWS,ca-central-1,g6.16xlarge,L4,1.0,spot,1.6586,1.6586,instances.vantage.sh (AWS Price List mirror)
2026-07-20,AWS,ca-central-1,g6.24xlarge,L4,4.0,ondemand,7.41173,1.8529325,instances.vantage.sh (AWS Price List mirror)
2026-07-20,AWS,ca-central-1,g6.24xlarge,L4,4.0,spot,4.6027,1.150675,instances.vantage.sh (AWS Price List mirror)
2026-07-20,AWS,ca-central-1,g6.2xlarge,L4,1.0,ondemand,1.08547,1.08547,instances.vantage.sh (AWS Price List mirror)
2026-07-20,AWS,ca-central-1,g6.2xlarge,L4,1.0,spot,0.455233,0.455233,instances.vantage.sh (AWS Price List mirror)
2026-07-20,AWS,ca-central-1,g6.48xlarge,L4,8.0,ondemand,14.82346,1.8529325,instances.vantage.sh (AWS Price List mirror)
2026-07-20,AWS,ca-central-1,g6.48xlarge,L4,8.0,spot,9.505833,1.188229125,instances.vantage.sh (AWS Price List mirror)
2026-07-20,AWS,ca-central-1,g6.4xlarge,L4,1.0,ondemand,1.4692,1.4692,instances.vantage.sh (AWS Price List mirror)
2026-07-20,AWS,ca-central-1,g6.4xlarge,L4,1.0,spot,0.829467,0.829467,instances.vantage.sh (AWS Price List mirror)
2026-07-20,AWS,ca-central-1,g6.8xlarge,L4,1.0,ondemand,2.23666,2.23666,instances.vantage.sh (AWS Price List mirror)
2026-07-20,AWS,ca-central-1,g6.8xlarge,L4,1.0,spot,0.814567,0.814567,instances.vantage.sh (AWS Price List mirror)
2026-07-20,AWS,ca-central-1,g6.xlarge,L4,1.0,ondemand,0.8936,0.8936,instances.vantage.sh (AWS Price List mirror)
2026-07-20,AWS,ca-central-1,g6.xlarge,L4,1.0,spot,0.614667,0.614667,instances.vantage.sh (AWS Price List mirror)
2026-07-20,AWS,ca-central-1,g6f.2xlarge,L4,0.25,ondemand,0.52741,2.10964,instances.vantage.sh (AWS Price List mirror)
2026-07-20,AWS,ca-central-1,g6f.2xlarge,L4,0.25,spot,0.5274,2.1096,instances.vantage.sh (AWS Price List mirror)
2026-07-20,AWS,ca-central-1,g6f.4xlarge,L4,0.5,ondemand,1.05482,2.10964,instances.vantage.sh (AWS Price List mirror)
2026-07-20,AWS,ca-central-1,g6f.4xlarge,L4,0.5,spot,0.85375,1.7075,instances.vantage.sh (AWS Price List mirror)
2026-07-20,AWS,ca-central-1,g6f.large,L4,0.125,ondemand,0.22429,1.79432,instances.vantage.sh (AWS Price List mirror)
2026-07-20,AWS,ca-central-1,g6f.large,L4,0.125,spot,0.2243,1.7944,instances.vantage.sh (AWS Price List mirror)
2026-07-20,AWS,ca-central-1,g6f.xlarge,L4,0.125,ondemand,0.26371,2.10968,instances.vantage.sh (AWS Price List mirror)
2026-07-20,AWS,ca-central-1,g6f.xlarge,L4,0.125,spot,0.2637,2.1096,instances.vantage.sh (AWS Price List mirror)
2026-07-20,AWS,ca-central-1,gr6.4xlarge,L4,1.0,ondemand,1.709,1.709,instances.vantage.sh (AWS Price List mirror)
2026-07-20,AWS,ca-central-1,gr6.4xlarge,L4,1.0,spot,0.4831,0.4831,instances.vantage.sh (AWS Price List mirror)
2026-07-20,AWS,ca-central-1,gr6.8xlarge,L4,1.0,ondemand,2.71628,2.71628,instances.vantage.sh (AWS Price List mirror)
2026-07-20,AWS,ca-central-1,gr6.8xlarge,L4,1.0,spot,0.5028,0.5028,instances.vantage.sh (AWS Price List mirror)
2026-07-20,AWS,ca-central-1,gr6f.4xlarge,L4,0.5,ondemand,1.1836,2.3672,instances.vantage.sh (AWS Price List mirror)
2026-07-20,AWS,ca-central-1,gr6f.4xlarge,L4,0.5,spot,0.94775,1.8955,instances.vantage.sh (AWS Price List mirror)
2026-07-20,AWS,ca-central-1,p3.16xlarge,V100,8.0,ondemand,26.928,3.366,instances.vantage.sh (AWS Price List mirror)
2026-07-20,AWS,ca-central-1,p3.16xlarge,V100,8.0,spot,11.84832,1.48104,instances.vantage.sh (AWS Price List mirror)
2026-07-20,AWS,ca-central-1,p3.2xlarge,V100,1.0,ondemand,3.366,3.366,instances.vantage.sh (AWS Price List mirror)
2026-07-20,AWS,ca-central-1,p3.2xlarge,V100,1.0,spot,3.366,3.366,instances.vantage.sh (AWS Price List mirror)
2026-07-20,AWS,ca-central-1,p3.8xlarge,V100,4.0,ondemand,13.464,3.366,instances.vantage.sh (AWS Price List mirror)
2026-07-20,AWS,ca-central-1,p3.8xlarge,V100,4.0,spot,7.13592,1.78398,instances.vantage.sh (AWS Price List mirror)
2026-07-20,AWS,ca-central-1,p4d.24xlarge,A100,8.0,ondemand,25.25174,3.1564675,instances.vantage.sh (AWS Price List mirror)
2026-07-20,AWS,ca-central-1,p4d.24xlarge,A100,8.0,spot,19.3095,2.4136875,instances.vantage.sh (AWS Price List mirror)
2026-07-20,AWS,ca-central-1,p5.48xlarge,H100,8.0,ondemand,63.296,7.912,instances.vantage.sh (AWS Price List mirror)
2026-07-20,AWS,ca-central-1,p5.48xlarge,H100,8.0,spot,63.296,7.912,instances.vantage.sh (AWS Price List mirror)
2026-07-20,AWS,ca-central-1-wl1-yto1,g4dn.2xlarge,T4,1.0,ondemand,1.252,1.252,instances.vantage.sh (AWS Price List mirror)
2026-07-20,AWS,eu-central-1,dl2q.24xlarge,Qualcomm AI 100 Accelerators,8.0,ondemand,11.5952,1.4494,instances.vantage.sh (AWS Price List mirror)
2026-07-20,AWS,eu-central-1,dl2q.24xlarge,Qualcomm AI 100 Accelerators,8.0,spot,3.47856,0.43482,instances.vantage.sh (AWS Price List mirror)
2026-07-20,AWS,eu-central-1,g2.2xlarge,K520,1.0,ondemand,0.772,0.772,instances.vantage.sh (AWS Price List mirror)
2026-07-20,AWS,eu-central-1,g2.8xlarge,K520,4.0,ondemand,3.088,0.772,instances.vantage.sh (AWS Price List mirror)
2026-07-20,AWS,eu-central-1,g3.16xlarge,M60,4.0,ondemand,5.7,1.425,instances.vantage.sh (AWS Price List mirror)
2026-07-20,AWS,eu-central-1,g3.4xlarge,M60,1.0,ondemand,1.425,1.425,instances.vantage.sh (AWS Price List mirror)
2026-07-20,AWS,eu-central-1,g3.8xlarge,M60,2.0,ondemand,2.85,1.425,instances.vantage.sh (AWS Price List mirror)
2026-07-20,AWS,eu-central-1,g3s.xlarge,M60,1.0,ondemand,0.938,0.938,instances.vantage.sh (AWS Price List mirror)
2026-07-20,AWS,eu-central-1,g4ad.16xlarge,V520,4.0,ondemand,4.336,1.084,instances.vantage.sh (AWS Price List mirror)
2026-07-20,AWS,eu-central-1,g4ad.16xlarge,V520,4.0,spot,1.04515,0.2612875,instances.vantage.sh (AWS Price List mirror)
2026-07-20,AWS,eu-central-1,g4ad.2xlarge,V520,1.0,ondemand,0.67662,0.67662,instances.vantage.sh (AWS Price List mirror)
2026-07-20,AWS,eu-central-1,g4ad.2xlarge,V520,1.0,spot,0.28485,0.28485,instances.vantage.sh (AWS Price List mirror)
2026-07-20,AWS,eu-central-1,g4ad.4xlarge,V520,1.0,ondemand,1.084,1.084,instances.vantage.sh (AWS Price List mirror)
2026-07-20,AWS,eu-central-1,g4ad.4xlarge,V520,1.0,spot,0.5435,0.5435,instances.vantage.sh (AWS Price List mirror)
2026-07-20,AWS,eu-central-1,g4ad.8xlarge,V520,2.0,ondemand,2.168,1.084,instances.vantage.sh (AWS Price List mirror)
2026-07-20,AWS,eu-central-1,g4ad.8xlarge,V520,2.0,spot,0.8398,0.4199,instances.vantage.sh (AWS Price List mirror)
2026-07-20,AWS,eu-central-1,g4ad.xlarge,V520,1.0,ondemand,0.47327,0.47327,instances.vantage.sh (AWS Price List mirror)
2026-07-20,AWS,eu-central-1,g4ad.xlarge,V520,1.0,spot,0.12645,0.12645,instances.vantage.sh (AWS Price List mirror)
2026-07-20,AWS,eu-central-1,g4dn.12xlarge,T4,4.0,ondemand,4.89,1.2225,instances.vantage.sh (AWS Price List mirror)
2026-07-20,AWS,eu-central-1,g4dn.12xlarge,T4,4.0,spot,1.842567,0.46064175,instances.vantage.sh (AWS Price List mirror)
2026-07-20,AWS,eu-central-1,g4dn.16xlarge,T4,1.0,ondemand,5.44,5.44,instances.vantage.sh (AWS Price List mirror)
2026-07-20,AWS,eu-central-1,g4dn.16xlarge,T4,1.0,spot,1.662633,1.662633,instances.vantage.sh (AWS Price List mirror)
2026-07-20,AWS,eu-central-1,g4dn.2xlarge,T4,1.0,ondemand,0.94,0.94,instances.vantage.sh (AWS Price List mirror)
2026-07-20,AWS,eu-central-1,g4dn.2xlarge,T4,1.0,spot,0.402233,0.402233,instances.vantage.sh (AWS Price List mirror)
2026-07-20,AWS,eu-central-1,g4dn.4xlarge,T4,1.0,ondemand,1.505,1.505,instances.vantage.sh (AWS Price List mirror)
2026-07-20,AWS,eu-central-1,g4dn.4xlarge,T4,1.0,spot,0.553733,0.553733,instances.vantage.sh (AWS Price List mirror)
2026-07-20,AWS,eu-central-1,g4dn.8xlarge,T4,1.0,ondemand,2.72,2.72,instances.vantage.sh (AWS Price List mirror)
2026-07-20,AWS,eu-central-1,g4dn.8xlarge,T4,1.0,spot,1.0715,1.0715,instances.vantage.sh (AWS Price List mirror)
2026-07-20,AWS,eu-central-1,g4dn.metal,T4,8.0,ondemand,9.78,1.2225,instances.vantage.sh (AWS Price List mirror)
2026-07-20,AWS,eu-central-1,g4dn.metal,T4,8.0,spot,3.9654,0.495675,instances.vantage.sh (AWS Price List mirror)
2026-07-20,AWS,eu-central-1,g4dn.xlarge,T4,1.0,ondemand,0.658,0.658,instances.vantage.sh (AWS Price List mirror)
2026-07-20,AWS,eu-central-1,g4dn.xlarge,T4,1.0,spot,0.2674,0.2674,instances.vantage.sh (AWS Price List mirror)
2026-07-20,AWS,eu-central-1,g5.12xlarge,A10G,4.0,ondemand,7.09282,1.773205,instances.vantage.sh (AWS Price List mirror)
2026-07-20,AWS,eu-central-1,g5.12xlarge,A10G,4.0,spot,4.0564,1.0141,instances.vantage.sh (AWS Price List mirror)
2026-07-20,AWS,eu-central-1,g5.16xlarge,A10G,1.0,ondemand,5.12204,5.12204,instances.vantage.sh (AWS Price List mirror)
2026-07-20,AWS,eu-central-1,g5.16xlarge,A10G,1.0,spot,1.832333,1.832333,instances.vantage.sh (AWS Price List mirror)
2026-07-20,AWS,eu-central-1,g5.24xlarge,A10G,4.0,ondemand,10.18405,2.5460125,instances.vantage.sh (AWS Price List mirror)
2026-07-20,AWS,eu-central-1,g5.24xlarge,A10G,4.0,spot,6.096533,1.52413325,instances.vantage.sh (AWS Price List mirror)
2026-07-20,AWS,eu-central-1,g5.2xlarge,A10G,1.0,ondemand,1.5156,1.5156,instances.vantage.sh (AWS Price List mirror)
2026-07-20,AWS,eu-central-1,g5.2xlarge,A10G,1.0,spot,0.845067,0.845067,instances.vantage.sh (AWS Price List mirror)
2026-07-20,AWS,eu-central-1,g5.48xlarge,A10G,8.0,ondemand,20.3681,2.5460125,instances.vantage.sh (AWS Price List mirror)
2026-07-20,AWS,eu-central-1,g5.48xlarge,A10G,8.0,spot,15.753467,1.969183375,instances.vantage.sh (AWS Price List mirror)
2026-07-20,AWS,eu-central-1,g5.4xlarge,A10G,1.0,ondemand,2.03081,2.03081,instances.vantage.sh (AWS Price List mirror)
2026-07-20,AWS,eu-central-1,g5.4xlarge,A10G,1.0,spot,1.049133,1.049133,instances.vantage.sh (AWS Price List mirror)
2026-07-20,AWS,eu-central-1,g5.8xlarge,A10G,1.0,ondemand,3.06122,3.06122,instances.vantage.sh (AWS Price List mirror)
2026-07-20,AWS,eu-central-1,g5.8xlarge,A10G,1.0,spot,1.460833,1.460833,instances.vantage.sh (AWS Price List mirror)
2026-07-20,AWS,eu-central-1,g5.xlarge,A10G,1.0,ondemand,1.258,1.258,instances.vantage.sh (AWS Price List mirror)
2026-07-20,AWS,eu-central-1,g5.xlarge,A10G,1.0,spot,0.517833,0.517833,instances.vantage.sh (AWS Price List mirror)
2026-07-20,AWS,eu-central-1,g5g.16xlarge,T4G,2.0,ondemand,3.4326,1.7163,instances.vantage.sh (AWS Price List mirror)
2026-07-20,AWS,eu-central-1,g5g.16xlarge,T4G,2.0,spot,1.2919,0.64595,instances.vantage.sh (AWS Price List mirror)
2026-07-20,AWS,eu-central-1,g5g.2xlarge,T4G,1.0,ondemand,0.6955,0.6955,instances.vantage.sh (AWS Price List mirror)
2026-07-20,AWS,eu-central-1,g5g.2xlarge,T4G,1.0,spot,0.14,0.14,instances.vantage.sh (AWS Price List mirror)
2026-07-20,AWS,eu-central-1,g5g.4xlarge,T4G,1.0,ondemand,1.0358,1.0358,instances.vantage.sh (AWS Price List mirror)
2026-07-20,AWS,eu-central-1,g5g.4xlarge,T4G,1.0,spot,0.2655,0.2655,instances.vantage.sh (AWS Price List mirror)
2026-07-20,AWS,eu-central-1,g5g.8xlarge,T4G,1.0,ondemand,1.7163,1.7163,instances.vantage.sh (AWS Price List mirror)
2026-07-20,AWS,eu-central-1,g5g.8xlarge,T4G,1.0,spot,0.2607,0.2607,instances.vantage.sh (AWS Price List mirror)
2026-07-20,AWS,eu-central-1,g5g.metal,T4G,2.0,ondemand,3.4326,1.7163,instances.vantage.sh (AWS Price List mirror)
2026-07-20,AWS,eu-central-1,g5g.metal,T4G,2.0,spot,0.5769,0.28845,instances.vantage.sh (AWS Price List mirror)
2026-07-20,AWS,eu-central-1,g5g.xlarge,T4G,1.0,ondemand,0.5254,0.5254,instances.vantage.sh (AWS Price List mirror)
2026-07-20,AWS,eu-central-1,g5g.xlarge,T4G,1.0,spot,0.108,0.108,instances.vantage.sh (AWS Price List mirror)
2026-07-20,AWS,eu-central-1,g6.12xlarge,L4,4.0,ondemand,5.75429,1.4385725,instances.vantage.sh (AWS Price List mirror)
2026-07-20,AWS,eu-central-1,g6.12xlarge,L4,4.0,spot,2.367,0.59175,instances.vantage.sh (AWS Price List mirror)
2026-07-20,AWS,eu-central-1,g6.16xlarge,L4,1.0,ondemand,4.24769,4.24769,instances.vantage.sh (AWS Price List mirror)
2026-07-20,AWS,eu-central-1,g6.16xlarge,L4,1.0,spot,1.5165,1.5165,instances.vantage.sh (AWS Price List mirror)
2026-07-20,AWS,eu-central-1,g6.24xlarge,L4,4.0,ondemand,8.34732,2.08683,instances.vantage.sh (AWS Price List mirror)
2026-07-20,AWS,eu-central-1,g6.24xlarge,L4,4.0,spot,2.8878,0.72195,instances.vantage.sh (AWS Price List mirror)
2026-07-20,AWS,eu-central-1,g6.2xlarge,L4,1.0,ondemand,1.22249,1.22249,instances.vantage.sh (AWS Price List mirror)
2026-07-20,AWS,eu-central-1,g6.2xlarge,L4,1.0,spot,0.497167,0.497167,instances.vantage.sh (AWS Price List mirror)
2026-07-20,AWS,eu-central-1,g6.48xlarge,L4,8.0,ondemand,16.69464,2.08683,instances.vantage.sh (AWS Price List mirror)
2026-07-20,AWS,eu-central-1,g6.48xlarge,L4,8.0,spot,5.745,0.718125,instances.vantage.sh (AWS Price List mirror)
2026-07-20,AWS,eu-central-1,g6.4xlarge,L4,1.0,ondemand,1.65466,1.65466,instances.vantage.sh (AWS Price List mirror)
2026-07-20,AWS,eu-central-1,g6.4xlarge,L4,1.0,spot,0.640067,0.640067,instances.vantage.sh (AWS Price List mirror)
2026-07-20,AWS,eu-central-1,g6.8xlarge,L4,1.0,ondemand,2.519,2.519,instances.vantage.sh (AWS Price List mirror)
2026-07-20,AWS,eu-central-1,g6.8xlarge,L4,1.0,spot,0.989867,0.989867,instances.vantage.sh (AWS Price List mirror)
2026-07-20,AWS,eu-central-1,g6.xlarge,L4,1.0,ondemand,1.0064,1.0064,instances.vantage.sh (AWS Price List mirror)
2026-07-20,AWS,eu-central-1,g6.xlarge,L4,1.0,spot,0.430733,0.430733,instances.vantage.sh (AWS Price List mirror)
2026-07-20,AWS,eu-central-1,g6e.12xlarge,L40S,4.0,ondemand,13.12002,3.280005,instances.vantage.sh (AWS Price List mirror)
2026-07-20,AWS,eu-central-1,g6e.12xlarge,L40S,4.0,spot,4.670633,1.16765825,instances.vantage.sh (AWS Price List mirror)
2026-07-20,AWS,eu-central-1,g6e.16xlarge,L40S,1.0,ondemand,9.47454,9.47454,instances.vantage.sh (AWS Price List mirror)
2026-07-20,AWS,eu-central-1,g6e.16xlarge,L40S,1.0,spot,3.091633,3.091633,instances.vantage.sh (AWS Price List mirror)
2026-07-20,AWS,eu-central-1,g6e.24xlarge,L40S,4.0,ondemand,18.83806,4.709515,instances.vantage.sh (AWS Price List mirror)
2026-07-20,AWS,eu-central-1,g6e.24xlarge,L40S,4.0,spot,9.369633,2.34240825,instances.vantage.sh (AWS Price List mirror)
2026-07-20,AWS,eu-central-1,g6e.2xlarge,L40S,1.0,ondemand,2.8035,2.8035,instances.vantage.sh (AWS Price List mirror)
2026-07-20,AWS,eu-central-1,g6e.2xlarge,L40S,1.0,spot,2.4221,2.4221,instances.vantage.sh (AWS Price List mirror)
2026-07-20,AWS,eu-central-1,g6e.48xlarge,L40S,8.0,ondemand,37.67612,4.709515,instances.vantage.sh (AWS Price List mirror)
2026-07-20,AWS,eu-central-1,g6e.48xlarge,L40S,8.0,spot,28.367033,3.545879125,instances.vantage.sh (AWS Price List mirror)
2026-07-20,AWS,eu-central-1,g6e.4xlarge,L40S,1.0,ondemand,3.75651,3.75651,instances.vantage.sh (AWS Price List mirror)
2026-07-20,AWS,eu-central-1,g6e.4xlarge,L40S,1.0,spot,1.9703,1.9703,instances.vantage.sh (AWS Price List mirror)
2026-07-20,AWS,eu-central-1,g6e.8xlarge,L40S,1.0,ondemand,5.66252,5.66252,instances.vantage.sh (AWS Price List mirror)
2026-07-20,AWS,eu-central-1,g6e.8xlarge,L40S,1.0,spot,2.1113,2.1113,instances.vantage.sh (AWS Price List mirror)
2026-07-20,AWS,eu-central-1,g6e.xlarge,L40S,1.0,ondemand,2.327,2.327,instances.vantage.sh (AWS Price List mirror)
2026-07-20,AWS,eu-central-1,g6e.xlarge,L40S,1.0,spot,2.327,2.327,instances.vantage.sh (AWS Price List mirror)
2026-07-20,AWS,eu-central-1,g6f.2xlarge,L4,0.25,ondemand,0.594,2.376,instances.vantage.sh (AWS Price List mirror)
2026-07-20,AWS,eu-central-1,g6f.2xlarge,L4,0.25,spot,0.23645,0.9458,instances.vantage.sh (AWS Price List mirror)
2026-07-20,AWS,eu-central-1,g6f.4xlarge,L4,0.5,ondemand,1.188,2.376,instances.vantage.sh (AWS Price List mirror)
2026-07-20,AWS,eu-central-1,g6f.4xlarge,L4,0.5,spot,0.522,1.044,instances.vantage.sh (AWS Price List mirror)
2026-07-20,AWS,eu-central-1,g6f.large,L4,0.125,ondemand,0.25261,2.02088,instances.vantage.sh (AWS Price List mirror)
2026-07-20,AWS,eu-central-1,g6f.large,L4,0.125,spot,0.0874,0.6992,instances.vantage.sh (AWS Price List mirror)
2026-07-20,AWS,eu-central-1,g6f.xlarge,L4,0.125,ondemand,0.297,2.376,instances.vantage.sh (AWS Price List mirror)
2026-07-20,AWS,eu-central-1,g6f.xlarge,L4,0.125,spot,0.1142,0.9136,instances.vantage.sh (AWS Price List mirror)
2026-07-20,AWS,eu-central-1,g7e.12xlarge,NVIDIA GB202,2.0,ondemand,14.09088,7.04544,instances.vantage.sh (AWS Price List mirror)
2026-07-20,AWS,eu-central-1,g7e.12xlarge,NVIDIA GB202,2.0,spot,5.3028,2.6514,instances.vantage.sh (AWS Price List mirror)
2026-07-20,AWS,eu-central-1,g7e.24xlarge,NVIDIA GB202,4.0,ondemand,28.18177,7.0454425,instances.vantage.sh (AWS Price List mirror)
2026-07-20,AWS,eu-central-1,g7e.24xlarge,NVIDIA GB202,4.0,spot,12.21395,3.0534875,instances.vantage.sh (AWS Price List mirror)
2026-07-20,AWS,eu-central-1,g7e.2xlarge,NVIDIA GB202,1.0,ondemand,5.71915,5.71915,instances.vantage.sh (AWS Price List mirror)
2026-07-20,AWS,eu-central-1,g7e.2xlarge,NVIDIA GB202,1.0,spot,2.03435,2.03435,instances.vantage.sh (AWS Price List mirror)
2026-07-20,AWS,eu-central-1,g7e.48xlarge,NVIDIA GB202,8.0,ondemand,56.36354,7.0454425,instances.vantage.sh (AWS Price List mirror)
2026-07-20,AWS,eu-central-1,g7e.48xlarge,NVIDIA GB202,8.0,spot,20.7486,2.593575,instances.vantage.sh (AWS Price List mirror)
2026-07-20,AWS,eu-central-1,g7e.4xlarge,NVIDIA GB202,1.0,ondemand,6.79907,6.79907,instances.vantage.sh (AWS Price List mirror)
2026-07-20,AWS,eu-central-1,g7e.4xlarge,NVIDIA GB202,1.0,spot,2.5249,2.5249,instances.vantage.sh (AWS Price List mirror)
2026-07-20,AWS,eu-central-1,g7e.8xlarge,NVIDIA GB202,1.0,ondemand,8.9589,8.9589,instances.vantage.sh (AWS Price List mirror)
2026-07-20,AWS,eu-central-1,g7e.8xlarge,NVIDIA GB202,1.0,spot,3.28855,3.28855,instances.vantage.sh (AWS Price List mirror)
2026-07-20,AWS,eu-central-1,gr6.4xlarge,L4,1.0,ondemand,1.9248,1.9248,instances.vantage.sh (AWS Price List mirror)
2026-07-20,AWS,eu-central-1,gr6.4xlarge,L4,1.0,spot,0.7084,0.7084,instances.vantage.sh (AWS Price List mirror)
2026-07-20,AWS,eu-central-1,gr6.8xlarge,L4,1.0,ondemand,3.05927,3.05927,instances.vantage.sh (AWS Price List mirror)
2026-07-20,AWS,eu-central-1,gr6.8xlarge,L4,1.0,spot,1.1373,1.1373,instances.vantage.sh (AWS Price List mirror)
2026-07-20,AWS,eu-central-1,gr6f.4xlarge,L4,0.5,ondemand,1.33305,2.6661,instances.vantage.sh (AWS Price List mirror)
2026-07-20,AWS,eu-central-1,gr6f.4xlarge,L4,0.5,spot,0.50845,1.0169,instances.vantage.sh (AWS Price List mirror)
2026-07-20,AWS,eu-central-1,p2.16xlarge,K80,16.0,ondemand,21.216,1.326,instances.vantage.sh (AWS Price List mirror)
2026-07-20,AWS,eu-central-1,p2.8xlarge,K80,8.0,ondemand,10.608,1.326,instances.vantage.sh (AWS Price List mirror)
2026-07-20,AWS,eu-central-1,p2.xlarge,K80,1.0,ondemand,1.326,1.326,instances.vantage.sh (AWS Price List mirror)
2026-07-20,AWS,eu-central-1,p3.16xlarge,V100,8.0,ondemand,30.584,3.823,instances.vantage.sh (AWS Price List mirror)
2026-07-20,AWS,eu-central-1,p3.16xlarge,V100,8.0,spot,30.584,3.823,instances.vantage.sh (AWS Price List mirror)
2026-07-20,AWS,eu-central-1,p3.2xlarge,V100,1.0,ondemand,3.823,3.823,instances.vantage.sh (AWS Price List mirror)
2026-07-20,AWS,eu-central-1,p3.2xlarge,V100,1.0,spot,3.823,3.823,instances.vantage.sh (AWS Price List mirror)
2026-07-20,AWS,eu-central-1,p3.8xlarge,V100,4.0,ondemand,15.292,3.823,instances.vantage.sh (AWS Price List mirror)
2026-07-20,AWS,eu-central-1,p3.8xlarge,V100,4.0,spot,10.10075,2.5251875,instances.vantage.sh (AWS Price List mirror)
2026-07-20,AWS,eu-central-1,p4d.24xlarge,A100,8.0,ondemand,27.43298,3.4291225,instances.vantage.sh (AWS Price List mirror)
2026-07-20,AWS,eu-central-1,p4d.24xlarge,A100,8.0,spot,21.934567,2.741820875,instances.vantage.sh (AWS Price List mirror)
2026-07-20,AWS,eu-central-1,p4de.24xlarge,A100,8.0,ondemand,34.29122,4.2864025,instances.vantage.sh (AWS Price List mirror)
2026-07-20,AWS,eu-central-1,p4de.24xlarge,A100,8.0,spot,11.97525,1.49690625,instances.vantage.sh (AWS Price List mirror)
2026-07-20,AWS,eu-central-1-ham-1,g4dn.2xlarge,T4,1.0,ondemand,1.363,1.363,instances.vantage.sh (AWS Price List mirror)
2026-07-20,AWS,eu-central-1-waw-1,g4dn.2xlarge,T4,1.0,ondemand,1.175,1.175,instances.vantage.sh (AWS Price List mirror)
2026-07-20,AWS,eu-central-1-wl1-ber1,g4dn.2xlarge,T4,1.0,ondemand,1.222,1.222,instances.vantage.sh (AWS Price List mirror)
2026-07-20,AWS,eu-central-1-wl1-dtm1,g4dn.2xlarge,T4,1.0,ondemand,1.222,1.222,instances.vantage.sh (AWS Price List mirror)
2026-07-20,AWS,eu-central-1-wl1-muc1,g4dn.2xlarge,T4,1.0,ondemand,1.222,1.222,instances.vantage.sh (AWS Price List mirror)
2026-07-20,AWS,eu-central-2,g6.12xlarge,L4,4.0,ondemand,6.2037,1.550925,instances.vantage.sh (AWS Price List mirror)
2026-07-20,AWS,eu-central-2,g6.12xlarge,L4,4.0,spot,1.799073,0.44976825,instances.vantage.sh (AWS Price List mirror)
2026-07-20,AWS,eu-central-2,g6.16xlarge,L4,1.0,ondemand,4.57943,4.57943,instances.vantage.sh (AWS Price List mirror)
2026-07-20,AWS,eu-central-2,g6.16xlarge,L4,1.0,spot,0.870092,0.870092,instances.vantage.sh (AWS Price List mirror)
2026-07-20,AWS,eu-central-2,g6.24xlarge,L4,4.0,ondemand,8.99924,2.24981,instances.vantage.sh (AWS Price List mirror)
2026-07-20,AWS,eu-central-2,g6.24xlarge,L4,4.0,spot,1.88984,0.47246,instances.vantage.sh (AWS Price List mirror)
2026-07-20,AWS,eu-central-2,g6.2xlarge,L4,1.0,ondemand,1.31796,1.31796,instances.vantage.sh (AWS Price List mirror)
2026-07-20,AWS,eu-central-2,g6.2xlarge,L4,1.0,spot,0.382208,0.382208,instances.vantage.sh (AWS Price List mirror)
2026-07-20,AWS,eu-central-2,g6.48xlarge,L4,8.0,ondemand,17.99849,2.24981125,instances.vantage.sh (AWS Price List mirror)
2026-07-20,AWS,eu-central-2,g6.48xlarge,L4,8.0,spot,3.599698,0.44996225,instances.vantage.sh (AWS Price List mirror)
2026-07-20,AWS,eu-central-2,g6.4xlarge,L4,1.0,ondemand,1.78389,1.78389,instances.vantage.sh (AWS Price List mirror)
2026-07-20,AWS,eu-central-2,g6.4xlarge,L4,1.0,spot,0.48165,0.48165,instances.vantage.sh (AWS Price List mirror)
2026-07-20,AWS,eu-central-2,g6.8xlarge,L4,1.0,ondemand,2.71574,2.71574,instances.vantage.sh (AWS Price List mirror)
2026-07-20,AWS,eu-central-2,g6.8xlarge,L4,1.0,spot,0.570305,0.570305,instances.vantage.sh (AWS Price List mirror)
2026-07-20,AWS,eu-central-2,g6.xlarge,L4,1.0,ondemand,1.085,1.085,instances.vantage.sh (AWS Price List mirror)
2026-07-20,AWS,eu-central-2,g6.xlarge,L4,1.0,spot,0.22785,0.22785,instances.vantage.sh (AWS Price List mirror)
2026-07-20,AWS,eu-central-2,gr6.4xlarge,L4,1.0,ondemand,2.1649,2.1649,instances.vantage.sh (AWS Price List mirror)
2026-07-20,AWS,eu-central-2,gr6.4xlarge,L4,1.0,spot,0.454629,0.454629,instances.vantage.sh (AWS Price List mirror)
2026-07-20,AWS,eu-central-2,gr6.8xlarge,L4,1.0,ondemand,3.44089,3.44089,instances.vantage.sh (AWS Price List mirror)
2026-07-20,AWS,eu-central-2,gr6.8xlarge,L4,1.0,spot,0.722587,0.722587,instances.vantage.sh (AWS Price List mirror)
2026-07-20,AWS,eu-north-1,g4dn.12xlarge,T4,4.0,ondemand,4.15,1.0375,instances.vantage.sh (AWS Price List mirror)
2026-07-20,AWS,eu-north-1,g4dn.12xlarge,T4,4.0,spot,1.740533,0.43513325,instances.vantage.sh (AWS Price List mirror)
2026-07-20,AWS,eu-north-1,g4dn.16xlarge,T4,1.0,ondemand,4.617,4.617,instances.vantage.sh (AWS Price List mirror)
2026-07-20,AWS,eu-north-1,g4dn.16xlarge,T4,1.0,spot,0.521533,0.521533,instances.vantage.sh (AWS Price List mirror)
2026-07-20,AWS,eu-north-1,g4dn.2xlarge,T4,1.0,ondemand,0.798,0.798,instances.vantage.sh (AWS Price List mirror)
2026-07-20,AWS,eu-north-1,g4dn.2xlarge,T4,1.0,spot,0.1823,0.1823,instances.vantage.sh (AWS Price List mirror)
2026-07-20,AWS,eu-north-1,g4dn.4xlarge,T4,1.0,ondemand,1.277,1.277,instances.vantage.sh (AWS Price List mirror)
2026-07-20,AWS,eu-north-1,g4dn.4xlarge,T4,1.0,spot,0.398267,0.398267,instances.vantage.sh (AWS Price List mirror)
2026-07-20,AWS,eu-north-1,g4dn.8xlarge,T4,1.0,ondemand,2.308,2.308,instances.vantage.sh (AWS Price List mirror)
2026-07-20,AWS,eu-north-1,g4dn.8xlarge,T4,1.0,spot,0.3333,0.3333,instances.vantage.sh (AWS Price List mirror)
2026-07-20,AWS,eu-north-1,g4dn.metal,T4,8.0,ondemand,8.3,1.0375,instances.vantage.sh (AWS Price List mirror)
2026-07-20,AWS,eu-north-1,g4dn.metal,T4,8.0,spot,2.7935,0.3491875,instances.vantage.sh (AWS Price List mirror)
2026-07-20,AWS,eu-north-1,g4dn.xlarge,T4,1.0,ondemand,0.558,0.558,instances.vantage.sh (AWS Price List mirror)
2026-07-20,AWS,eu-north-1,g4dn.xlarge,T4,1.0,spot,0.185567,0.185567,instances.vantage.sh (AWS Price List mirror)
2026-07-20,AWS,eu-north-1,g5.12xlarge,A10G,4.0,ondemand,6.01593,1.5039825,instances.vantage.sh (AWS Price List mirror)
2026-07-20,AWS,eu-north-1,g5.12xlarge,A10G,4.0,spot,2.6393,0.659825,instances.vantage.sh (AWS Price List mirror)
2026-07-20,AWS,eu-north-1,g5.16xlarge,A10G,1.0,ondemand,4.34437,4.34437,instances.vantage.sh (AWS Price List mirror)
2026-07-20,AWS,eu-north-1,g5.16xlarge,A10G,1.0,spot,1.0984,1.0984,instances.vantage.sh (AWS Price List mirror)
2026-07-20,AWS,eu-north-1,g5.24xlarge,A10G,4.0,ondemand,8.63782,2.159455,instances.vantage.sh (AWS Price List mirror)
2026-07-20,AWS,eu-north-1,g5.24xlarge,A10G,4.0,spot,3.1016,0.7754,instances.vantage.sh (AWS Price List mirror)
2026-07-20,AWS,eu-north-1,g5.2xlarge,A10G,1.0,ondemand,1.28549,1.28549,instances.vantage.sh (AWS Price List mirror)
2026-07-20,AWS,eu-north-1,g5.2xlarge,A10G,1.0,spot,0.4707,0.4707,instances.vantage.sh (AWS Price List mirror)
2026-07-20,AWS,eu-north-1,g5.48xlarge,A10G,8.0,ondemand,17.27564,2.159455,instances.vantage.sh (AWS Price List mirror)
2026-07-20,AWS,eu-north-1,g5.48xlarge,A10G,8.0,spot,6.71195,0.83899375,instances.vantage.sh (AWS Price List mirror)
2026-07-20,AWS,eu-north-1,g5.4xlarge,A10G,1.0,ondemand,1.72247,1.72247,instances.vantage.sh (AWS Price List mirror)
2026-07-20,AWS,eu-north-1,g5.4xlarge,A10G,1.0,spot,0.5359,0.5359,instances.vantage.sh (AWS Price List mirror)
2026-07-20,AWS,eu-north-1,g5.8xlarge,A10G,1.0,ondemand,2.59644,2.59644,instances.vantage.sh (AWS Price List mirror)
2026-07-20,AWS,eu-north-1,g5.8xlarge,A10G,1.0,spot,0.811,0.811,instances.vantage.sh (AWS Price List mirror)
2026-07-20,AWS,eu-north-1,g5.xlarge,A10G,1.0,ondemand,1.067,1.067,instances.vantage.sh (AWS Price List mirror)
2026-07-20,AWS,eu-north-1,g5.xlarge,A10G,1.0,spot,0.44995,0.44995,instances.vantage.sh (AWS Price List mirror)
2026-07-20,AWS,eu-north-1,g6.12xlarge,L4,4.0,ondemand,4.88062,1.220155,instances.vantage.sh (AWS Price List mirror)
2026-07-20,AWS,eu-north-1,g6.12xlarge,L4,4.0,spot,1.26865,0.3171625,instances.vantage.sh (AWS Price List mirror)
2026-07-20,AWS,eu-north-1,g6.16xlarge,L4,1.0,ondemand,3.60277,3.60277,instances.vantage.sh (AWS Price List mirror)
2026-07-20,AWS,eu-north-1,g6.16xlarge,L4,1.0,spot,1.0951,1.0951,instances.vantage.sh (AWS Price List mirror)
2026-07-20,AWS,eu-north-1,g6.24xlarge,L4,4.0,ondemand,7.07996,1.76999,instances.vantage.sh (AWS Price List mirror)
2026-07-20,AWS,eu-north-1,g6.24xlarge,L4,4.0,spot,1.7357,0.433925,instances.vantage.sh (AWS Price List mirror)
2026-07-20,AWS,eu-north-1,g6.2xlarge,L4,1.0,ondemand,1.03688,1.03688,instances.vantage.sh (AWS Price List mirror)
2026-07-20,AWS,eu-north-1,g6.2xlarge,L4,1.0,spot,0.2819,0.2819,instances.vantage.sh (AWS Price List mirror)
2026-07-20,AWS,eu-north-1,g6.48xlarge,L4,8.0,ondemand,14.15992,1.76999,instances.vantage.sh (AWS Price List mirror)
2026-07-20,AWS,eu-north-1,g6.48xlarge,L4,8.0,spot,3.8873,0.4859125,instances.vantage.sh (AWS Price List mirror)
2026-07-20,AWS,eu-north-1,g6.4xlarge,L4,1.0,ondemand,1.40343,1.40343,instances.vantage.sh (AWS Price List mirror)
2026-07-20,AWS,eu-north-1,g6.4xlarge,L4,1.0,spot,0.35755,0.35755,instances.vantage.sh (AWS Price List mirror)
2026-07-20,AWS,eu-north-1,g6.8xlarge,L4,1.0,ondemand,2.13655,2.13655,instances.vantage.sh (AWS Price List mirror)
2026-07-20,AWS,eu-north-1,g6.8xlarge,L4,1.0,spot,0.6572,0.6572,instances.vantage.sh (AWS Price List mirror)
2026-07-20,AWS,eu-north-1,g6.xlarge,L4,1.0,ondemand,0.8536,0.8536,instances.vantage.sh (AWS Price List mirror)
2026-07-20,AWS,eu-north-1,g6.xlarge,L4,1.0,spot,0.34875,0.34875,instances.vantage.sh (AWS Price List mirror)
2026-07-20,AWS,eu-north-1,g6e.12xlarge,L40S,4.0,ondemand,11.12975,2.7824375,instances.vantage.sh (AWS Price List mirror)
2026-07-20,AWS,eu-north-1,g6e.12xlarge,L40S,4.0,spot,7.24795,1.8119875,instances.vantage.sh (AWS Price List mirror)
2026-07-20,AWS,eu-north-1,g6e.16xlarge,L40S,1.0,ondemand,8.03728,8.03728,instances.vantage.sh (AWS Price List mirror)
2026-07-20,AWS,eu-north-1,g6e.16xlarge,L40S,1.0,spot,1.8845,1.8845,instances.vantage.sh (AWS Price List mirror)
2026-07-20,AWS,eu-north-1,g6e.24xlarge,L40S,4.0,ondemand,15.98037,3.9950925,instances.vantage.sh (AWS Price List mirror)
2026-07-20,AWS,eu-north-1,g6e.24xlarge,L40S,4.0,spot,10.71685,2.6792125,instances.vantage.sh (AWS Price List mirror)
2026-07-20,AWS,eu-north-1,g6e.2xlarge,L40S,1.0,ondemand,2.37822,2.37822,instances.vantage.sh (AWS Price List mirror)
2026-07-20,AWS,eu-north-1,g6e.2xlarge,L40S,1.0,spot,0.9329,0.9329,instances.vantage.sh (AWS Price List mirror)
2026-07-20,AWS,eu-north-1,g6e.48xlarge,L40S,8.0,ondemand,31.96075,3.99509375,instances.vantage.sh (AWS Price List mirror)
2026-07-20,AWS,eu-north-1,g6e.48xlarge,L40S,8.0,spot,18.8706,2.358825,instances.vantage.sh (AWS Price List mirror)
2026-07-20,AWS,eu-north-1,g6e.4xlarge,L40S,1.0,ondemand,3.18666,3.18666,instances.vantage.sh (AWS Price List mirror)
2026-07-20,AWS,eu-north-1,g6e.4xlarge,L40S,1.0,spot,1.16865,1.16865,instances.vantage.sh (AWS Price List mirror)
2026-07-20,AWS,eu-north-1,g6e.8xlarge,L40S,1.0,ondemand,4.80353,4.80353,instances.vantage.sh (AWS Price List mirror)
2026-07-20,AWS,eu-north-1,g6e.8xlarge,L40S,1.0,spot,1.3854,1.3854,instances.vantage.sh (AWS Price List mirror)
2026-07-20,AWS,eu-north-1,g6e.xlarge,L40S,1.0,ondemand,1.974,1.974,instances.vantage.sh (AWS Price List mirror)
2026-07-20,AWS,eu-north-1,g6e.xlarge,L40S,1.0,spot,0.77635,0.77635,instances.vantage.sh (AWS Price List mirror)
2026-07-20,AWS,eu-north-1,g6f.2xlarge,L4,0.25,ondemand,0.50379,2.01516,instances.vantage.sh (AWS Price List mirror)
2026-07-20,AWS,eu-north-1,g6f.2xlarge,L4,0.25,spot,0.1327,0.5308,instances.vantage.sh (AWS Price List mirror)
2026-07-20,AWS,eu-north-1,g6f.4xlarge,L4,0.5,ondemand,1.00758,2.01516,instances.vantage.sh (AWS Price List mirror)
2026-07-20,AWS,eu-north-1,g6f.4xlarge,L4,0.5,spot,0.3114,0.6228,instances.vantage.sh (AWS Price List mirror)
2026-07-20,AWS,eu-north-1,g6f.large,L4,0.125,ondemand,0.21424,1.71392,instances.vantage.sh (AWS Price List mirror)
2026-07-20,AWS,eu-north-1,g6f.large,L4,0.125,spot,0.0309,0.2472,instances.vantage.sh (AWS Price List mirror)
2026-07-20,AWS,eu-north-1,g6f.xlarge,L4,0.125,ondemand,0.2519,2.0152,instances.vantage.sh (AWS Price List mirror)
2026-07-20,AWS,eu-north-1,g6f.xlarge,L4,0.125,spot,0.0654,0.5232,instances.vantage.sh (AWS Price List mirror)
2026-07-20,AWS,eu-north-1,g7e.12xlarge,NVIDIA GB202,2.0,ondemand,11.95333,5.976665,instances.vantage.sh (AWS Price List mirror)
2026-07-20,AWS,eu-north-1,g7e.12xlarge,NVIDIA GB202,2.0,spot,4.64085,2.320425,instances.vantage.sh (AWS Price List mirror)
2026-07-20,AWS,eu-north-1,g7e.24xlarge,NVIDIA GB202,4.0,ondemand,23.90667,5.9766675,instances.vantage.sh (AWS Price List mirror)
2026-07-20,AWS,eu-north-1,g7e.24xlarge,NVIDIA GB202,4.0,spot,9.807,2.45175,instances.vantage.sh (AWS Price List mirror)
2026-07-20,AWS,eu-north-1,g7e.2xlarge,NVIDIA GB202,1.0,ondemand,4.85157,4.85157,instances.vantage.sh (AWS Price List mirror)
2026-07-20,AWS,eu-north-1,g7e.2xlarge,NVIDIA GB202,1.0,spot,1.6587,1.6587,instances.vantage.sh (AWS Price List mirror)
2026-07-20,AWS,eu-north-1,g7e.48xlarge,NVIDIA GB202,8.0,ondemand,47.81334,5.9766675,instances.vantage.sh (AWS Price List mirror)
2026-07-20,AWS,eu-north-1,g7e.48xlarge,NVIDIA GB202,8.0,spot,14.117,1.764625,instances.vantage.sh (AWS Price List mirror)
2026-07-20,AWS,eu-north-1,g7e.4xlarge,NVIDIA GB202,1.0,ondemand,5.76767,5.76767,instances.vantage.sh (AWS Price List mirror)
2026-07-20,AWS,eu-north-1,g7e.4xlarge,NVIDIA GB202,1.0,spot,1.96735,1.96735,instances.vantage.sh (AWS Price List mirror)
2026-07-20,AWS,eu-north-1,g7e.8xlarge,NVIDIA GB202,1.0,ondemand,7.59986,7.59986,instances.vantage.sh (AWS Price List mirror)
2026-07-20,AWS,eu-north-1,g7e.8xlarge,NVIDIA GB202,1.0,spot,2.1325,2.1325,instances.vantage.sh (AWS Price List mirror)
2026-07-20,AWS,eu-north-1,gr6.4xlarge,L4,1.0,ondemand,1.6326,1.6326,instances.vantage.sh (AWS Price List mirror)
2026-07-20,AWS,eu-north-1,gr6.4xlarge,L4,1.0,spot,0.30645,0.30645,instances.vantage.sh (AWS Price List mirror)
2026-07-20,AWS,eu-north-1,gr6.8xlarge,L4,1.0,ondemand,2.59485,2.59485,instances.vantage.sh (AWS Price List mirror)
2026-07-20,AWS,eu-north-1,gr6.8xlarge,L4,1.0,spot,0.6719,0.6719,instances.vantage.sh (AWS Price List mirror)
2026-07-20,AWS,eu-north-1,gr6f.4xlarge,L4,0.5,ondemand,1.13069,2.26138,instances.vantage.sh (AWS Price List mirror)
2026-07-20,AWS,eu-north-1,gr6f.4xlarge,L4,0.5,spot,0.282,0.564,instances.vantage.sh (AWS Price List mirror)
2026-07-20,AWS,eu-north-1,p4d.24xlarge,A100,8.0,ondemand,23.71569,2.96446125,instances.vantage.sh (AWS Price List mirror)
2026-07-20,AWS,eu-north-1,p4d.24xlarge,A100,8.0,spot,11.344,1.418,instances.vantage.sh (AWS Price List mirror)
2026-07-20,AWS,eu-north-1,p5.48xlarge,H100,8.0,ondemand,58.8928,7.3616,instances.vantage.sh (AWS Price List mirror)
2026-07-20,AWS,eu-north-1,p5.48xlarge,H100,8.0,spot,42.0171,5.2521375,instances.vantage.sh (AWS Price List mirror)
2026-07-20,AWS,eu-north-1,p5en.48xlarge,H200,8.0,ondemand,67.72672,8.46584,instances.vantage.sh (AWS Price List mirror)
2026-07-20,AWS,eu-north-1,p5en.48xlarge,H200,8.0,spot,46.022,5.75275,instances.vantage.sh (AWS Price List mirror)
2026-07-20,AWS,eu-north-1-cph-1,g4dn.2xlarge,T4,1.0,ondemand,1.157,1.157,instances.vantage.sh (AWS Price List mirror)
2026-07-20,AWS,eu-north-1-hel-1,g4dn.2xlarge,T4,1.0,ondemand,0.997,0.997,instances.vantage.sh (AWS Price List mirror)
2026-07-20,AWS,eu-south-1,g4dn.12xlarge,T4,4.0,ondemand,4.58,1.145,instances.vantage.sh (AWS Price List mirror)
2026-07-20,AWS,eu-south-1,g4dn.12xlarge,T4,4.0,spot,2.1068,0.5267,instances.vantage.sh (AWS Price List mirror)
2026-07-20,AWS,eu-south-1,g4dn.16xlarge,T4,1.0,ondemand,5.095,5.095,instances.vantage.sh (AWS Price List mirror)
2026-07-20,AWS,eu-south-1,g4dn.16xlarge,T4,1.0,spot,0.5095,0.5095,instances.vantage.sh (AWS Price List mirror)
2026-07-20,AWS,eu-south-1,g4dn.2xlarge,T4,1.0,ondemand,0.88,0.88,instances.vantage.sh (AWS Price List mirror)
2026-07-20,AWS,eu-south-1,g4dn.2xlarge,T4,1.0,spot,0.1232,0.1232,instances.vantage.sh (AWS Price List mirror)
2026-07-20,AWS,eu-south-1,g4dn.4xlarge,T4,1.0,ondemand,1.41,1.41,instances.vantage.sh (AWS Price List mirror)
2026-07-20,AWS,eu-south-1,g4dn.4xlarge,T4,1.0,spot,0.3102,0.3102,instances.vantage.sh (AWS Price List mirror)
2026-07-20,AWS,eu-south-1,g4dn.8xlarge,T4,1.0,ondemand,2.547,2.547,instances.vantage.sh (AWS Price List mirror)
2026-07-20,AWS,eu-south-1,g4dn.8xlarge,T4,1.0,spot,0.2547,0.2547,instances.vantage.sh (AWS Price List mirror)
2026-07-20,AWS,eu-south-1,g4dn.metal,T4,8.0,ondemand,9.16,1.145,instances.vantage.sh (AWS Price List mirror)
2026-07-20,AWS,eu-south-1,g4dn.metal,T4,8.0,spot,2.8396,0.35495,instances.vantage.sh (AWS Price List mirror)
2026-07-20,AWS,eu-south-1,g4dn.xlarge,T4,1.0,ondemand,0.616,0.616,instances.vantage.sh (AWS Price List mirror)
2026-07-20,AWS,eu-south-1,g4dn.xlarge,T4,1.0,spot,0.08008,0.08008,instances.vantage.sh (AWS Price List mirror)
2026-07-20,AWS,eu-south-2,g5g.16xlarge,T4G,2.0,ondemand,3.0622,1.5311,instances.vantage.sh (AWS Price List mirror)
2026-07-20,AWS,eu-south-2,g5g.16xlarge,T4G,2.0,spot,0.30622,0.15311,instances.vantage.sh (AWS Price List mirror)
2026-07-20,AWS,eu-south-2,g5g.2xlarge,T4G,1.0,ondemand,0.6205,0.6205,instances.vantage.sh (AWS Price List mirror)
2026-07-20,AWS,eu-south-2,g5g.2xlarge,T4G,1.0,spot,0.093075,0.093075,instances.vantage.sh (AWS Price List mirror)
2026-07-20,AWS,eu-south-2,g5g.4xlarge,T4G,1.0,ondemand,0.924,0.924,instances.vantage.sh (AWS Price List mirror)
2026-07-20,AWS,eu-south-2,g5g.4xlarge,T4G,1.0,spot,0.11088,0.11088,instances.vantage.sh (AWS Price List mirror)
2026-07-20,AWS,eu-south-2,g5g.8xlarge,T4G,1.0,ondemand,1.5311,1.5311,instances.vantage.sh (AWS Price List mirror)
2026-07-20,AWS,eu-south-2,g5g.8xlarge,T4G,1.0,spot,0.168421,0.168421,instances.vantage.sh (AWS Price List mirror)
2026-07-20,AWS,eu-south-2,g5g.metal,T4G,2.0,ondemand,3.0622,1.5311,instances.vantage.sh (AWS Price List mirror)
2026-07-20,AWS,eu-south-2,g5g.metal,T4G,2.0,spot,0.30622,0.15311,instances.vantage.sh (AWS Price List mirror)
2026-07-20,AWS,eu-south-2,g5g.xlarge,T4G,1.0,ondemand,0.4687,0.4687,instances.vantage.sh (AWS Price List mirror)
2026-07-20,AWS,eu-south-2,g5g.xlarge,T4G,1.0,spot,0.14061,0.14061,instances.vantage.sh (AWS Price List mirror)
2026-07-20,AWS,eu-south-2,g6.12xlarge,L4,4.0,ondemand,4.8486,1.21215,instances.vantage.sh (AWS Price List mirror)
2026-07-20,AWS,eu-south-2,g6.12xlarge,L4,4.0,spot,0.824262,0.2060655,instances.vantage.sh (AWS Price List mirror)
2026-07-20,AWS,eu-south-2,g6.16xlarge,L4,1.0,ondemand,3.57913,3.57913,instances.vantage.sh (AWS Price List mirror)
2026-07-20,AWS,eu-south-2,g6.16xlarge,L4,1.0,spot,0.393704,0.393704,instances.vantage.sh (AWS Price List mirror)
2026-07-20,AWS,eu-south-2,g6.24xlarge,L4,4.0,ondemand,7.03351,1.7583775,instances.vantage.sh (AWS Price List mirror)
2026-07-20,AWS,eu-south-2,g6.24xlarge,L4,4.0,spot,1.195697,0.29892425,instances.vantage.sh (AWS Price List mirror)
2026-07-20,AWS,eu-south-2,g6.2xlarge,L4,1.0,ondemand,1.03008,1.03008,instances.vantage.sh (AWS Price List mirror)
2026-07-20,AWS,eu-south-2,g6.2xlarge,L4,1.0,spot,0.13391,0.13391,instances.vantage.sh (AWS Price List mirror)
2026-07-20,AWS,eu-south-2,g6.48xlarge,L4,8.0,ondemand,14.06702,1.7583775,instances.vantage.sh (AWS Price List mirror)
2026-07-20,AWS,eu-south-2,g6.48xlarge,L4,8.0,spot,2.672734,0.33409175,instances.vantage.sh (AWS Price List mirror)
2026-07-20,AWS,eu-south-2,g6.4xlarge,L4,1.0,ondemand,1.39423,1.39423,instances.vantage.sh (AWS Price List mirror)
2026-07-20,AWS,eu-south-2,g6.4xlarge,L4,1.0,spot,0.167308,0.167308,instances.vantage.sh (AWS Price List mirror)
2026-07-20,AWS,eu-south-2,g6.8xlarge,L4,1.0,ondemand,2.12253,2.12253,instances.vantage.sh (AWS Price List mirror)
2026-07-20,AWS,eu-south-2,g6.8xlarge,L4,1.0,spot,0.233478,0.233478,instances.vantage.sh (AWS Price List mirror)
2026-07-20,AWS,eu-south-2,g6.xlarge,L4,1.0,ondemand,0.848,0.848,instances.vantage.sh (AWS Price List mirror)
2026-07-20,AWS,eu-south-2,g6.xlarge,L4,1.0,spot,0.14416,0.14416,instances.vantage.sh (AWS Price List mirror)
2026-07-20,AWS,eu-south-2,g6e.12xlarge,L40S,4.0,ondemand,11.05645,2.7641125,instances.vantage.sh (AWS Price List mirror)
2026-07-20,AWS,eu-south-2,g6e.12xlarge,L40S,4.0,spot,3.095806,0.7739515,instances.vantage.sh (AWS Price List mirror)
2026-07-20,AWS,eu-south-2,g6e.16xlarge,L40S,1.0,ondemand,7.98435,7.98435,instances.vantage.sh (AWS Price List mirror)
2026-07-20,AWS,eu-south-2,g6e.16xlarge,L40S,1.0,spot,0.798435,0.798435,instances.vantage.sh (AWS Price List mirror)
2026-07-20,AWS,eu-south-2,g6e.24xlarge,L40S,4.0,ondemand,15.87513,3.9687825,instances.vantage.sh (AWS Price List mirror)
2026-07-20,AWS,eu-south-2,g6e.24xlarge,L40S,4.0,spot,4.127534,1.0318835,instances.vantage.sh (AWS Price List mirror)
2026-07-20,AWS,eu-south-2,g6e.2xlarge,L40S,1.0,ondemand,2.36256,2.36256,instances.vantage.sh (AWS Price List mirror)
2026-07-20,AWS,eu-south-2,g6e.2xlarge,L40S,1.0,spot,0.567014,0.567014,instances.vantage.sh (AWS Price List mirror)
2026-07-20,AWS,eu-south-2,g6e.48xlarge,L40S,8.0,ondemand,31.75027,3.96878375,instances.vantage.sh (AWS Price List mirror)
2026-07-20,AWS,eu-south-2,g6e.48xlarge,L40S,8.0,spot,15.24013,1.90501625,instances.vantage.sh (AWS Price List mirror)
2026-07-20,AWS,eu-south-2,g6e.4xlarge,L40S,1.0,ondemand,3.16567,3.16567,instances.vantage.sh (AWS Price List mirror)
2026-07-20,AWS,eu-south-2,g6e.4xlarge,L40S,1.0,spot,0.664791,0.664791,instances.vantage.sh (AWS Price List mirror)
2026-07-20,AWS,eu-south-2,g6e.8xlarge,L40S,1.0,ondemand,4.7719,4.7719,instances.vantage.sh (AWS Price List mirror)
2026-07-20,AWS,eu-south-2,g6e.8xlarge,L40S,1.0,spot,0.668066,0.668066,instances.vantage.sh (AWS Price List mirror)
2026-07-20,AWS,eu-south-2,g6e.xlarge,L40S,1.0,ondemand,1.961,1.961,instances.vantage.sh (AWS Price List mirror)
2026-07-20,AWS,eu-south-2,g6e.xlarge,L40S,1.0,spot,0.62752,0.62752,instances.vantage.sh (AWS Price List mirror)
2026-07-20,AWS,eu-south-2,g6f.2xlarge,L4,0.25,ondemand,0.53438,2.13752,instances.vantage.sh (AWS Price List mirror)
2026-07-20,AWS,eu-south-2,g6f.2xlarge,L4,0.25,spot,0.15497,0.61988,instances.vantage.sh (AWS Price List mirror)
2026-07-20,AWS,eu-south-2,g6f.4xlarge,L4,0.5,ondemand,1.06875,2.1375,instances.vantage.sh (AWS Price List mirror)
2026-07-20,AWS,eu-south-2,g6f.4xlarge,L4,0.5,spot,0.309937,0.619874,instances.vantage.sh (AWS Price List mirror)
2026-07-20,AWS,eu-south-2,g6f.large,L4,0.125,ondemand,0.22725,1.818,instances.vantage.sh (AWS Price List mirror)
2026-07-20,AWS,eu-south-2,g6f.large,L4,0.125,spot,0.052268,0.418144,instances.vantage.sh (AWS Price List mirror)
2026-07-20,AWS,eu-south-2,g6f.xlarge,L4,0.125,ondemand,0.26719,2.13752,instances.vantage.sh (AWS Price List mirror)
2026-07-20,AWS,eu-south-2,g6f.xlarge,L4,0.125,spot,0.077485,0.61988,instances.vantage.sh (AWS Price List mirror)
2026-07-20,AWS,eu-south-2,g7e.12xlarge,NVIDIA GB202,2.0,ondemand,8.73134,4.36567,instances.vantage.sh (AWS Price List mirror)
2026-07-20,AWS,eu-south-2,g7e.12xlarge,NVIDIA GB202,2.0,spot,2.532089,1.2660445,instances.vantage.sh (AWS Price List mirror)
2026-07-20,AWS,eu-south-2,g7e.24xlarge,NVIDIA GB202,4.0,ondemand,17.46268,4.36567,instances.vantage.sh (AWS Price List mirror)
2026-07-20,AWS,eu-south-2,g7e.24xlarge,NVIDIA GB202,4.0,spot,5.064177,1.26604425,instances.vantage.sh (AWS Price List mirror)
2026-07-20,AWS,eu-south-2,g7e.2xlarge,NVIDIA GB202,1.0,ondemand,3.54384,3.54384,instances.vantage.sh (AWS Price List mirror)
2026-07-20,AWS,eu-south-2,g7e.2xlarge,NVIDIA GB202,1.0,spot,1.063152,1.063152,instances.vantage.sh (AWS Price List mirror)
2026-07-20,AWS,eu-south-2,g7e.48xlarge,NVIDIA GB202,8.0,ondemand,34.92536,4.36567,instances.vantage.sh (AWS Price List mirror)
2026-07-20,AWS,eu-south-2,g7e.48xlarge,NVIDIA GB202,8.0,spot,10.477608,1.309701,instances.vantage.sh (AWS Price List mirror)
2026-07-20,AWS,eu-south-2,g7e.4xlarge,NVIDIA GB202,1.0,ondemand,4.213,4.213,instances.vantage.sh (AWS Price List mirror)
2026-07-20,AWS,eu-south-2,g7e.4xlarge,NVIDIA GB202,1.0,spot,1.39029,1.39029,instances.vantage.sh (AWS Price List mirror)
2026-07-20,AWS,eu-south-2,g7e.8xlarge,NVIDIA GB202,1.0,ondemand,5.55133,5.55133,instances.vantage.sh (AWS Price List mirror)
2026-07-20,AWS,eu-south-2,g7e.8xlarge,NVIDIA GB202,1.0,spot,1.665399,1.665399,instances.vantage.sh (AWS Price List mirror)
2026-07-20,AWS,eu-south-2,gr6.4xlarge,L4,1.0,ondemand,1.6218,1.6218,instances.vantage.sh (AWS Price List mirror)
2026-07-20,AWS,eu-south-2,gr6.4xlarge,L4,1.0,spot,0.178398,0.178398,instances.vantage.sh (AWS Price List mirror)
2026-07-20,AWS,eu-south-2,gr6.8xlarge,L4,1.0,ondemand,2.57768,2.57768,instances.vantage.sh (AWS Price List mirror)
2026-07-20,AWS,eu-south-2,gr6.8xlarge,L4,1.0,spot,0.283545,0.283545,instances.vantage.sh (AWS Price List mirror)
2026-07-20,AWS,eu-south-2,gr6f.4xlarge,L4,0.5,ondemand,1.19925,2.3985,instances.vantage.sh (AWS Price List mirror)
2026-07-20,AWS,eu-south-2,gr6f.4xlarge,L4,0.5,spot,0.347782,0.695564,instances.vantage.sh (AWS Price List mirror)
2026-07-20,AWS,eu-south-2,p5en.48xlarge,H200,8.0,ondemand,68.35968,8.54496,instances.vantage.sh (AWS Price List mirror)
2026-07-20,AWS,eu-south-2,p5en.48xlarge,H200,8.0,spot,13.671936,1.708992,instances.vantage.sh (AWS Price List mirror)
2026-07-20,AWS,eu-west-1,g2.2xlarge,K520,1.0,ondemand,0.702,0.702,instances.vantage.sh (AWS Price List mirror)
2026-07-20,AWS,eu-west-1,g2.8xlarge,K520,4.0,ondemand,2.808,0.702,instances.vantage.sh (AWS Price List mirror)
2026-07-20,AWS,eu-west-1,g3.16xlarge,M60,4.0,ondemand,4.84,1.21,instances.vantage.sh (AWS Price List mirror)
2026-07-20,AWS,eu-west-1,g3.4xlarge,M60,1.0,ondemand,1.21,1.21,instances.vantage.sh (AWS Price List mirror)
2026-07-20,AWS,eu-west-1,g3.8xlarge,M60,2.0,ondemand,2.42,1.21,instances.vantage.sh (AWS Price List mirror)
2026-07-20,AWS,eu-west-1,g3s.xlarge,M60,1.0,ondemand,0.796,0.796,instances.vantage.sh (AWS Price List mirror)
2026-07-20,AWS,eu-west-1,g4ad.16xlarge,V520,4.0,ondemand,3.872,0.968,instances.vantage.sh (AWS Price List mirror)
2026-07-20,AWS,eu-west-1,g4ad.16xlarge,V520,4.0,spot,1.599933,0.39998325,instances.vantage.sh (AWS Price List mirror)
2026-07-20,AWS,eu-west-1,g4ad.2xlarge,V520,1.0,ondemand,0.60421,0.60421,instances.vantage.sh (AWS Price List mirror)
2026-07-20,AWS,eu-west-1,g4ad.2xlarge,V520,1.0,spot,0.264,0.264,instances.vantage.sh (AWS Price List mirror)
2026-07-20,AWS,eu-west-1,g4ad.4xlarge,V520,1.0,ondemand,0.968,0.968,instances.vantage.sh (AWS Price List mirror)
2026-07-20,AWS,eu-west-1,g4ad.4xlarge,V520,1.0,spot,0.4469,0.4469,instances.vantage.sh (AWS Price List mirror)
2026-07-20,AWS,eu-west-1,g4ad.8xlarge,V520,2.0,ondemand,1.936,0.968,instances.vantage.sh (AWS Price List mirror)
2026-07-20,AWS,eu-west-1,g4ad.8xlarge,V520,2.0,spot,0.846567,0.4232835,instances.vantage.sh (AWS Price List mirror)
2026-07-20,AWS,eu-west-1,g4ad.xlarge,V520,1.0,ondemand,0.42263,0.42263,instances.vantage.sh (AWS Price List mirror)
2026-07-20,AWS,eu-west-1,g4ad.xlarge,V520,1.0,spot,0.187567,0.187567,instances.vantage.sh (AWS Price List mirror)
2026-07-20,AWS,eu-west-1,g4dn.12xlarge,T4,4.0,ondemand,4.362,1.0905,instances.vantage.sh (AWS Price List mirror)
2026-07-20,AWS,eu-west-1,g4dn.12xlarge,T4,4.0,spot,2.008733,0.50218325,instances.vantage.sh (AWS Price List mirror)
2026-07-20,AWS,eu-west-1,g4dn.16xlarge,T4,1.0,ondemand,4.853,4.853,instances.vantage.sh (AWS Price List mirror)
2026-07-20,AWS,eu-west-1,g4dn.16xlarge,T4,1.0,spot,1.274833,1.274833,instances.vantage.sh (AWS Price List mirror)
2026-07-20,AWS,eu-west-1,g4dn.2xlarge,T4,1.0,ondemand,0.838,0.838,instances.vantage.sh (AWS Price List mirror)
2026-07-20,AWS,eu-west-1,g4dn.2xlarge,T4,1.0,spot,0.3952,0.3952,instances.vantage.sh (AWS Price List mirror)
2026-07-20,AWS,eu-west-1,g4dn.4xlarge,T4,1.0,ondemand,1.342,1.342,instances.vantage.sh (AWS Price List mirror)
2026-07-20,AWS,eu-west-1,g4dn.4xlarge,T4,1.0,spot,0.5891,0.5891,instances.vantage.sh (AWS Price List mirror)
2026-07-20,AWS,eu-west-1,g4dn.8xlarge,T4,1.0,ondemand,2.426,2.426,instances.vantage.sh (AWS Price List mirror)
2026-07-20,AWS,eu-west-1,g4dn.8xlarge,T4,1.0,spot,1.059433,1.059433,instances.vantage.sh (AWS Price List mirror)
2026-07-20,AWS,eu-west-1,g4dn.metal,T4,8.0,ondemand,8.724,1.0905,instances.vantage.sh (AWS Price List mirror)
2026-07-20,AWS,eu-west-1,g4dn.metal,T4,8.0,spot,4.4224,0.5528,instances.vantage.sh (AWS Price List mirror)
2026-07-20,AWS,eu-west-1,g4dn.xlarge,T4,1.0,ondemand,0.587,0.587,instances.vantage.sh (AWS Price List mirror)
2026-07-20,AWS,eu-west-1,g4dn.xlarge,T4,1.0,spot,0.3256,0.3256,instances.vantage.sh (AWS Price List mirror)
2026-07-20,AWS,eu-west-1,g5.12xlarge,A10G,4.0,ondemand,6.33167,1.5829175,instances.vantage.sh (AWS Price List mirror)
2026-07-20,AWS,eu-west-1,g5.12xlarge,A10G,4.0,spot,3.2546,0.81365,instances.vantage.sh (AWS Price List mirror)
2026-07-20,AWS,eu-west-1,g5.16xlarge,A10G,1.0,ondemand,4.57237,4.57237,instances.vantage.sh (AWS Price List mirror)
2026-07-20,AWS,eu-west-1,g5.16xlarge,A10G,1.0,spot,1.1831,1.1831,instances.vantage.sh (AWS Price List mirror)
2026-07-20,AWS,eu-west-1,g5.24xlarge,A10G,4.0,ondemand,9.09117,2.2727925,instances.vantage.sh (AWS Price List mirror)
2026-07-20,AWS,eu-west-1,g5.24xlarge,A10G,4.0,spot,2.786633,0.69665825,instances.vantage.sh (AWS Price List mirror)
2026-07-20,AWS,eu-west-1,g5.2xlarge,A10G,1.0,ondemand,1.35296,1.35296,instances.vantage.sh (AWS Price List mirror)
2026-07-20,AWS,eu-west-1,g5.2xlarge,A10G,1.0,spot,0.961067,0.961067,instances.vantage.sh (AWS Price List mirror)
2026-07-20,AWS,eu-west-1,g5.48xlarge,A10G,8.0,ondemand,18.18233,2.27279125,instances.vantage.sh (AWS Price List mirror)
2026-07-20,AWS,eu-west-1,g5.48xlarge,A10G,8.0,spot,8.249233,1.031154125,instances.vantage.sh (AWS Price List mirror)
2026-07-20,AWS,eu-west-1,g5.4xlarge,A10G,1.0,ondemand,1.81287,1.81287,instances.vantage.sh (AWS Price List mirror)
2026-07-20,AWS,eu-west-1,g5.4xlarge,A10G,1.0,spot,1.1008,1.1008,instances.vantage.sh (AWS Price List mirror)
2026-07-20,AWS,eu-west-1,g5.8xlarge,A10G,1.0,ondemand,2.73271,2.73271,instances.vantage.sh (AWS Price List mirror)
2026-07-20,AWS,eu-west-1,g5.8xlarge,A10G,1.0,spot,1.681367,1.681367,instances.vantage.sh (AWS Price List mirror)
2026-07-20,AWS,eu-west-1,g5.xlarge,A10G,1.0,ondemand,1.123,1.123,instances.vantage.sh (AWS Price List mirror)
2026-07-20,AWS,eu-west-1,g5.xlarge,A10G,1.0,spot,0.792733,0.792733,instances.vantage.sh (AWS Price List mirror)
2026-07-20,AWS,eu-west-1,p2.16xlarge,K80,16.0,ondemand,15.552,0.972,instances.vantage.sh (AWS Price List mirror)
2026-07-20,AWS,eu-west-1,p2.8xlarge,K80,8.0,ondemand,7.776,0.972,instances.vantage.sh (AWS Price List mirror)
2026-07-20,AWS,eu-west-1,p2.xlarge,K80,1.0,ondemand,0.972,0.972,instances.vantage.sh (AWS Price List mirror)
2026-07-20,AWS,eu-west-1,p3.16xlarge,V100,8.0,ondemand,26.44,3.305,instances.vantage.sh (AWS Price List mirror)
2026-07-20,AWS,eu-west-1,p3.16xlarge,V100,8.0,spot,26.44,3.305,instances.vantage.sh (AWS Price List mirror)
2026-07-20,AWS,eu-west-1,p3.2xlarge,V100,1.0,ondemand,3.305,3.305,instances.vantage.sh (AWS Price List mirror)
2026-07-20,AWS,eu-west-1,p3.2xlarge,V100,1.0,spot,1.2338,1.2338,instances.vantage.sh (AWS Price List mirror)
2026-07-20,AWS,eu-west-1,p3.8xlarge,V100,4.0,ondemand,13.22,3.305,instances.vantage.sh (AWS Price List mirror)
2026-07-20,AWS,eu-west-1,p3.8xlarge,V100,4.0,spot,4.40865,1.1021625,instances.vantage.sh (AWS Price List mirror)
2026-07-20,AWS,eu-west-1,p3dn.24xlarge,V100,8.0,ondemand,33.711,4.213875,instances.vantage.sh (AWS Price List mirror)
2026-07-20,AWS,eu-west-1,p3dn.24xlarge,V100,8.0,spot,8.91265,1.11408125,instances.vantage.sh (AWS Price List mirror)
2026-07-20,AWS,eu-west-1,p4d.24xlarge,A100,8.0,ondemand,23.71569,2.96446125,instances.vantage.sh (AWS Price List mirror)
2026-07-20,AWS,eu-west-1,p4d.24xlarge,A100,8.0,spot,15.0721,1.8840125,instances.vantage.sh (AWS Price List mirror)
2026-07-20,AWS,eu-west-2,g3.16xlarge,M60,4.0,ondemand,5.716,1.429,instances.vantage.sh (AWS Price List mirror)
2026-07-20,AWS,eu-west-2,g3.4xlarge,M60,1.0,ondemand,1.429,1.429,instances.vantage.sh (AWS Price List mirror)
2026-07-20,AWS,eu-west-2,g3.8xlarge,M60,2.0,ondemand,2.858,1.429,instances.vantage.sh (AWS Price List mirror)
2026-07-20,AWS,eu-west-2,g3s.xlarge,M60,1.0,ondemand,0.94,0.94,instances.vantage.sh (AWS Price List mirror)
2026-07-20,AWS,eu-west-2,g4ad.16xlarge,V520,4.0,ondemand,4.056,1.014,instances.vantage.sh (AWS Price List mirror)
2026-07-20,AWS,eu-west-2,g4ad.16xlarge,V520,4.0,spot,0.80595,0.2014875,instances.vantage.sh (AWS Price List mirror)
2026-07-20,AWS,eu-west-2,g4ad.2xlarge,V520,1.0,ondemand,0.63292,0.63292,instances.vantage.sh (AWS Price List mirror)
2026-07-20,AWS,eu-west-2,g4ad.2xlarge,V520,1.0,spot,0.2676,0.2676,instances.vantage.sh (AWS Price List mirror)
2026-07-20,AWS,eu-west-2,g4ad.4xlarge,V520,1.0,ondemand,1.014,1.014,instances.vantage.sh (AWS Price List mirror)
2026-07-20,AWS,eu-west-2,g4ad.4xlarge,V520,1.0,spot,0.3679,0.3679,instances.vantage.sh (AWS Price List mirror)
2026-07-20,AWS,eu-west-2,g4ad.8xlarge,V520,2.0,ondemand,2.028,1.014,instances.vantage.sh (AWS Price List mirror)
2026-07-20,AWS,eu-west-2,g4ad.8xlarge,V520,2.0,spot,0.5484,0.2742,instances.vantage.sh (AWS Price List mirror)
2026-07-20,AWS,eu-west-2,g4ad.xlarge,V520,1.0,ondemand,0.44271,0.44271,instances.vantage.sh (AWS Price List mirror)
2026-07-20,AWS,eu-west-2,g4ad.xlarge,V520,1.0,spot,0.1041,0.1041,instances.vantage.sh (AWS Price List mirror)
2026-07-20,AWS,eu-west-2,g4dn.12xlarge,T4,4.0,ondemand,4.577,1.14425,instances.vantage.sh (AWS Price List mirror)
2026-07-20,AWS,eu-west-2,g4dn.12xlarge,T4,4.0,spot,1.655367,0.41384175,instances.vantage.sh (AWS Price List mirror)
2026-07-20,AWS,eu-west-2,g4dn.16xlarge,T4,1.0,ondemand,5.092,5.092,instances.vantage.sh (AWS Price List mirror)
2026-07-20,AWS,eu-west-2,g4dn.16xlarge,T4,1.0,spot,1.060267,1.060267,instances.vantage.sh (AWS Price List mirror)
2026-07-20,AWS,eu-west-2,g4dn.2xlarge,T4,1.0,ondemand,0.88,0.88,instances.vantage.sh (AWS Price List mirror)
2026-07-20,AWS,eu-west-2,g4dn.2xlarge,T4,1.0,spot,0.279233,0.279233,instances.vantage.sh (AWS Price List mirror)
2026-07-20,AWS,eu-west-2,g4dn.4xlarge,T4,1.0,ondemand,1.409,1.409,instances.vantage.sh (AWS Price List mirror)
2026-07-20,AWS,eu-west-2,g4dn.4xlarge,T4,1.0,spot,0.457167,0.457167,instances.vantage.sh (AWS Price List mirror)
2026-07-20,AWS,eu-west-2,g4dn.8xlarge,T4,1.0,ondemand,2.546,2.546,instances.vantage.sh (AWS Price List mirror)
2026-07-20,AWS,eu-west-2,g4dn.8xlarge,T4,1.0,spot,0.665433,0.665433,instances.vantage.sh (AWS Price List mirror)
2026-07-20,AWS,eu-west-2,g4dn.metal,T4,8.0,ondemand,9.154,1.14425,instances.vantage.sh (AWS Price List mirror)
2026-07-20,AWS,eu-west-2,g4dn.metal,T4,8.0,spot,2.780767,0.347595875,instances.vantage.sh (AWS Price List mirror)
2026-07-20,AWS,eu-west-2,g4dn.xlarge,T4,1.0,ondemand,0.615,0.615,instances.vantage.sh (AWS Price List mirror)
2026-07-20,AWS,eu-west-2,g4dn.xlarge,T4,1.0,spot,0.210333,0.210333,instances.vantage.sh (AWS Price List mirror)
2026-07-20,AWS,eu-west-2,g5.12xlarge,A10G,4.0,ondemand,7.19994,1.799985,instances.vantage.sh (AWS Price List mirror)
2026-07-20,AWS,eu-west-2,g5.12xlarge,A10G,4.0,spot,7.1999,1.799975,instances.vantage.sh (AWS Price List mirror)
2026-07-20,AWS,eu-west-2,g5.16xlarge,A10G,1.0,ondemand,5.1994,5.1994,instances.vantage.sh (AWS Price List mirror)
2026-07-20,AWS,eu-west-2,g5.16xlarge,A10G,1.0,spot,2.7074,2.7074,instances.vantage.sh (AWS Price List mirror)
2026-07-20,AWS,eu-west-2,g5.24xlarge,A10G,4.0,ondemand,10.33786,2.584465,instances.vantage.sh (AWS Price List mirror)
2026-07-20,AWS,eu-west-2,g5.24xlarge,A10G,4.0,spot,10.3379,2.584475,instances.vantage.sh (AWS Price List mirror)
2026-07-20,AWS,eu-west-2,g5.2xlarge,A10G,1.0,ondemand,1.53849,1.53849,instances.vantage.sh (AWS Price List mirror)
2026-07-20,AWS,eu-west-2,g5.2xlarge,A10G,1.0,spot,0.7082,0.7082,instances.vantage.sh (AWS Price List mirror)
2026-07-20,AWS,eu-west-2,g5.48xlarge,A10G,8.0,ondemand,20.67572,2.584465,instances.vantage.sh (AWS Price List mirror)
2026-07-20,AWS,eu-west-2,g5.48xlarge,A10G,8.0,spot,20.6757,2.5844625,instances.vantage.sh (AWS Price List mirror)
2026-07-20,AWS,eu-west-2,g5.4xlarge,A10G,1.0,ondemand,2.06148,2.06148,instances.vantage.sh (AWS Price List mirror)
2026-07-20,AWS,eu-west-2,g5.4xlarge,A10G,1.0,spot,0.76395,0.76395,instances.vantage.sh (AWS Price List mirror)
2026-07-20,AWS,eu-west-2,g5.8xlarge,A10G,1.0,ondemand,3.10745,3.10745,instances.vantage.sh (AWS Price List mirror)
2026-07-20,AWS,eu-west-2,g5.8xlarge,A10G,1.0,spot,0.835,0.835,instances.vantage.sh (AWS Price List mirror)
2026-07-20,AWS,eu-west-2,g5.xlarge,A10G,1.0,ondemand,1.277,1.277,instances.vantage.sh (AWS Price List mirror)
2026-07-20,AWS,eu-west-2,g5.xlarge,A10G,1.0,spot,0.47815,0.47815,instances.vantage.sh (AWS Price List mirror)
2026-07-20,AWS,eu-west-2,g6.12xlarge,L4,4.0,ondemand,5.8412,1.4603,instances.vantage.sh (AWS Price List mirror)
2026-07-20,AWS,eu-west-2,g6.12xlarge,L4,4.0,spot,1.852467,0.46311675,instances.vantage.sh (AWS Price List mirror)
2026-07-20,AWS,eu-west-2,g6.16xlarge,L4,1.0,ondemand,4.31184,4.31184,instances.vantage.sh (AWS Price List mirror)
2026-07-20,AWS,eu-west-2,g6.16xlarge,L4,1.0,spot,1.4498,1.4498,instances.vantage.sh (AWS Price List mirror)
2026-07-20,AWS,eu-west-2,g6.24xlarge,L4,4.0,ondemand,8.47339,2.1183475,instances.vantage.sh (AWS Price List mirror)
2026-07-20,AWS,eu-west-2,g6.24xlarge,L4,4.0,spot,2.268167,0.56704175,instances.vantage.sh (AWS Price List mirror)
2026-07-20,AWS,eu-west-2,g6.2xlarge,L4,1.0,ondemand,1.24095,1.24095,instances.vantage.sh (AWS Price List mirror)
2026-07-20,AWS,eu-west-2,g6.2xlarge,L4,1.0,spot,0.456567,0.456567,instances.vantage.sh (AWS Price List mirror)
2026-07-20,AWS,eu-west-2,g6.48xlarge,L4,8.0,ondemand,16.94678,2.1183475,instances.vantage.sh (AWS Price List mirror)
2026-07-20,AWS,eu-west-2,g6.48xlarge,L4,8.0,spot,6.242967,0.780370875,instances.vantage.sh (AWS Price List mirror)
2026-07-20,AWS,eu-west-2,g6.4xlarge,L4,1.0,ondemand,1.67965,1.67965,instances.vantage.sh (AWS Price List mirror)
2026-07-20,AWS,eu-west-2,g6.4xlarge,L4,1.0,spot,0.700267,0.700267,instances.vantage.sh (AWS Price List mirror)
2026-07-20,AWS,eu-west-2,g6.8xlarge,L4,1.0,ondemand,2.55705,2.55705,instances.vantage.sh (AWS Price List mirror)
2026-07-20,AWS,eu-west-2,g6.8xlarge,L4,1.0,spot,0.910667,0.910667,instances.vantage.sh (AWS Price List mirror)
2026-07-20,AWS,eu-west-2,g6.xlarge,L4,1.0,ondemand,1.0216,1.0216,instances.vantage.sh (AWS Price List mirror)
2026-07-20,AWS,eu-west-2,g6.xlarge,L4,1.0,spot,0.418833,0.418833,instances.vantage.sh (AWS Price List mirror)
2026-07-20,AWS,eu-west-2,g6f.2xlarge,L4,0.25,ondemand,0.60298,2.41192,instances.vantage.sh (AWS Price List mirror)
2026-07-20,AWS,eu-west-2,g6f.2xlarge,L4,0.25,spot,0.21685,0.8674,instances.vantage.sh (AWS Price List mirror)
2026-07-20,AWS,eu-west-2,g6f.4xlarge,L4,0.5,ondemand,1.20595,2.4119,instances.vantage.sh (AWS Price List mirror)
2026-07-20,AWS,eu-west-2,g6f.4xlarge,L4,0.5,spot,0.43275,0.8655,instances.vantage.sh (AWS Price List mirror)
2026-07-20,AWS,eu-west-2,g6f.large,L4,0.125,ondemand,0.25642,2.05136,instances.vantage.sh (AWS Price List mirror)
2026-07-20,AWS,eu-west-2,g6f.large,L4,0.125,spot,0.04865,0.3892,instances.vantage.sh (AWS Price List mirror)
2026-07-20,AWS,eu-west-2,g6f.xlarge,L4,0.125,ondemand,0.30149,2.41192,instances.vantage.sh (AWS Price List mirror)
2026-07-20,AWS,eu-west-2,g6f.xlarge,L4,0.125,spot,0.1031,0.8248,instances.vantage.sh (AWS Price List mirror)
2026-07-20,AWS,eu-west-2,g7e.12xlarge,NVIDIA GB202,2.0,ondemand,14.40172,7.20086,instances.vantage.sh (AWS Price List mirror)
2026-07-20,AWS,eu-west-2,g7e.12xlarge,NVIDIA GB202,2.0,spot,4.508,2.254,instances.vantage.sh (AWS Price List mirror)
2026-07-20,AWS,eu-west-2,g7e.24xlarge,NVIDIA GB202,4.0,ondemand,28.80344,7.20086,instances.vantage.sh (AWS Price List mirror)
2026-07-20,AWS,eu-west-2,g7e.24xlarge,NVIDIA GB202,4.0,spot,8.4139,2.103475,instances.vantage.sh (AWS Price List mirror)
2026-07-20,AWS,eu-west-2,g7e.2xlarge,NVIDIA GB202,1.0,ondemand,5.84531,5.84531,instances.vantage.sh (AWS Price List mirror)
2026-07-20,AWS,eu-west-2,g7e.2xlarge,NVIDIA GB202,1.0,spot,1.9192,1.9192,instances.vantage.sh (AWS Price List mirror)
2026-07-20,AWS,eu-west-2,g7e.48xlarge,NVIDIA GB202,8.0,ondemand,57.60687,7.20085875,instances.vantage.sh (AWS Price List mirror)
2026-07-20,AWS,eu-west-2,g7e.48xlarge,NVIDIA GB202,8.0,spot,14.4468,1.80585,instances.vantage.sh (AWS Price List mirror)
2026-07-20,AWS,eu-west-2,g7e.4xlarge,NVIDIA GB202,1.0,ondemand,6.94905,6.94905,instances.vantage.sh (AWS Price List mirror)
2026-07-20,AWS,eu-west-2,g7e.4xlarge,NVIDIA GB202,1.0,spot,2.16945,2.16945,instances.vantage.sh (AWS Price List mirror)
2026-07-20,AWS,eu-west-2,g7e.8xlarge,NVIDIA GB202,1.0,ondemand,9.15653,9.15653,instances.vantage.sh (AWS Price List mirror)
2026-07-20,AWS,eu-west-2,g7e.8xlarge,NVIDIA GB202,1.0,spot,2.93815,2.93815,instances.vantage.sh (AWS Price List mirror)
2026-07-20,AWS,eu-west-2,gr6.4xlarge,L4,1.0,ondemand,1.9539,1.9539,instances.vantage.sh (AWS Price List mirror)
2026-07-20,AWS,eu-west-2,gr6.4xlarge,L4,1.0,spot,0.5441,0.5441,instances.vantage.sh (AWS Price List mirror)
2026-07-20,AWS,eu-west-2,gr6.8xlarge,L4,1.0,ondemand,3.10552,3.10552,instances.vantage.sh (AWS Price List mirror)
2026-07-20,AWS,eu-west-2,gr6.8xlarge,L4,1.0,spot,0.9853,0.9853,instances.vantage.sh (AWS Price List mirror)
2026-07-20,AWS,eu-west-2,gr6f.4xlarge,L4,0.5,ondemand,1.35321,2.70642,instances.vantage.sh (AWS Price List mirror)
2026-07-20,AWS,eu-west-2,gr6f.4xlarge,L4,0.5,spot,0.459,0.918,instances.vantage.sh (AWS Price List mirror)
2026-07-20,AWS,eu-west-2,p3.16xlarge,V100,8.0,ondemand,28.712,3.589,instances.vantage.sh (AWS Price List mirror)
2026-07-20,AWS,eu-west-2,p3.16xlarge,V100,8.0,spot,28.712,3.589,instances.vantage.sh (AWS Price List mirror)
2026-07-20,AWS,eu-west-2,p3.2xlarge,V100,1.0,ondemand,3.589,3.589,instances.vantage.sh (AWS Price List mirror)
2026-07-20,AWS,eu-west-2,p3.2xlarge,V100,1.0,spot,3.589,3.589,instances.vantage.sh (AWS Price List mirror)
2026-07-20,AWS,eu-west-2,p3.8xlarge,V100,4.0,ondemand,14.356,3.589,instances.vantage.sh (AWS Price List mirror)
2026-07-20,AWS,eu-west-2,p3.8xlarge,V100,4.0,spot,5.88596,1.47149,instances.vantage.sh (AWS Price List mirror)
2026-07-20,AWS,eu-west-2,p4d.24xlarge,A100,8.0,ondemand,28.54493,3.56811625,instances.vantage.sh (AWS Price List mirror)
2026-07-20,AWS,eu-west-2,p4d.24xlarge,A100,8.0,spot,17.9804,2.24755,instances.vantage.sh (AWS Price List mirror)
2026-07-20,AWS,eu-west-2,p5.48xlarge,H100,8.0,ondemand,71.552,8.944,instances.vantage.sh (AWS Price List mirror)
2026-07-20,AWS,eu-west-2,p5.48xlarge,H100,8.0,spot,14.540767,1.817595875,instances.vantage.sh (AWS Price List mirror)
2026-07-20,AWS,eu-west-2,p5.4xlarge,H100,1.0,ondemand,8.944,8.944,instances.vantage.sh (AWS Price List mirror)
2026-07-20,AWS,eu-west-2,p5.4xlarge,H100,1.0,spot,8.944,8.944,instances.vantage.sh (AWS Price List mirror)
2026-07-20,AWS,eu-west-2-wl1-lon1,g4dn.2xlarge,T4,1.0,ondemand,1.144,1.144,instances.vantage.sh (AWS Price List mirror)
2026-07-20,AWS,eu-west-2-wl1-man1,g4dn.2xlarge,T4,1.0,ondemand,1.144,1.144,instances.vantage.sh (AWS Price List mirror)
2026-07-20,AWS,eu-west-2-wl2-man1,g4dn.2xlarge,T4,1.0,ondemand,1.144,1.144,instances.vantage.sh (AWS Price List mirror)
2026-07-20,AWS,eu-west-3,g4dn.12xlarge,T4,4.0,ondemand,4.574,1.1435,instances.vantage.sh (AWS Price List mirror)
2026-07-20,AWS,eu-west-3,g4dn.12xlarge,T4,4.0,spot,1.3064,0.3266,instances.vantage.sh (AWS Price List mirror)
2026-07-20,AWS,eu-west-3,g4dn.16xlarge,T4,1.0,ondemand,5.088,5.088,instances.vantage.sh (AWS Price List mirror)
2026-07-20,AWS,eu-west-3,g4dn.16xlarge,T4,1.0,spot,1.075933,1.075933,instances.vantage.sh (AWS Price List mirror)
2026-07-20,AWS,eu-west-3,g4dn.2xlarge,T4,1.0,ondemand,0.879,0.879,instances.vantage.sh (AWS Price List mirror)
2026-07-20,AWS,eu-west-3,g4dn.2xlarge,T4,1.0,spot,0.3,0.3,instances.vantage.sh (AWS Price List mirror)
2026-07-20,AWS,eu-west-3,g4dn.4xlarge,T4,1.0,ondemand,1.408,1.408,instances.vantage.sh (AWS Price List mirror)
2026-07-20,AWS,eu-west-3,g4dn.4xlarge,T4,1.0,spot,0.4601,0.4601,instances.vantage.sh (AWS Price List mirror)
2026-07-20,AWS,eu-west-3,g4dn.8xlarge,T4,1.0,ondemand,2.544,2.544,instances.vantage.sh (AWS Price List mirror)
2026-07-20,AWS,eu-west-3,g4dn.8xlarge,T4,1.0,spot,0.5657,0.5657,instances.vantage.sh (AWS Price List mirror)
2026-07-20,AWS,eu-west-3,g4dn.metal,T4,8.0,ondemand,9.148,1.1435,instances.vantage.sh (AWS Price List mirror)
2026-07-20,AWS,eu-west-3,g4dn.metal,T4,8.0,spot,2.454,0.30675,instances.vantage.sh (AWS Price List mirror)
2026-07-20,AWS,eu-west-3,g4dn.xlarge,T4,1.0,ondemand,0.615,0.615,instances.vantage.sh (AWS Price List mirror)
2026-07-20,AWS,eu-west-3,g4dn.xlarge,T4,1.0,spot,0.227133,0.227133,instances.vantage.sh (AWS Price List mirror)
2026-07-20,AWS,eu-west-3,g6.12xlarge,L4,4.0,ondemand,5.8412,1.4603,instances.vantage.sh (AWS Price List mirror)
2026-07-20,AWS,eu-west-3,g6.12xlarge,L4,4.0,spot,1.7987,0.449675,instances.vantage.sh (AWS Price List mirror)
2026-07-20,AWS,eu-west-3,g6.16xlarge,L4,1.0,ondemand,4.31184,4.31184,instances.vantage.sh (AWS Price List mirror)
2026-07-20,AWS,eu-west-3,g6.16xlarge,L4,1.0,spot,1.4003,1.4003,instances.vantage.sh (AWS Price List mirror)
2026-07-20,AWS,eu-west-3,g6.24xlarge,L4,4.0,ondemand,8.47339,2.1183475,instances.vantage.sh (AWS Price List mirror)
2026-07-20,AWS,eu-west-3,g6.24xlarge,L4,4.0,spot,2.0233,0.505825,instances.vantage.sh (AWS Price List mirror)
2026-07-20,AWS,eu-west-3,g6.2xlarge,L4,1.0,ondemand,1.24095,1.24095,instances.vantage.sh (AWS Price List mirror)
2026-07-20,AWS,eu-west-3,g6.2xlarge,L4,1.0,spot,0.405,0.405,instances.vantage.sh (AWS Price List mirror)
2026-07-20,AWS,eu-west-3,g6.48xlarge,L4,8.0,ondemand,16.94678,2.1183475,instances.vantage.sh (AWS Price List mirror)
2026-07-20,AWS,eu-west-3,g6.48xlarge,L4,8.0,spot,3.87175,0.48396875,instances.vantage.sh (AWS Price List mirror)
2026-07-20,AWS,eu-west-3,g6.4xlarge,L4,1.0,ondemand,1.67965,1.67965,instances.vantage.sh (AWS Price List mirror)
2026-07-20,AWS,eu-west-3,g6.4xlarge,L4,1.0,spot,0.57805,0.57805,instances.vantage.sh (AWS Price List mirror)
2026-07-20,AWS,eu-west-3,g6.8xlarge,L4,1.0,ondemand,2.55705,2.55705,instances.vantage.sh (AWS Price List mirror)
2026-07-20,AWS,eu-west-3,g6.8xlarge,L4,1.0,spot,1.25785,1.25785,instances.vantage.sh (AWS Price List mirror)
2026-07-20,AWS,eu-west-3,g6.xlarge,L4,1.0,ondemand,1.0216,1.0216,instances.vantage.sh (AWS Price List mirror)
2026-07-20,AWS,eu-west-3,g6.xlarge,L4,1.0,spot,0.39285,0.39285,instances.vantage.sh (AWS Price List mirror)
2026-07-20,AWS,eu-west-3,gr6.4xlarge,L4,1.0,ondemand,1.9538,1.9538,instances.vantage.sh (AWS Price List mirror)
2026-07-20,AWS,eu-west-3,gr6.4xlarge,L4,1.0,spot,0.48155,0.48155,instances.vantage.sh (AWS Price List mirror)
2026-07-20,AWS,eu-west-3,gr6.8xlarge,L4,1.0,ondemand,3.10536,3.10536,instances.vantage.sh (AWS Price List mirror)
2026-07-20,AWS,eu-west-3,gr6.8xlarge,L4,1.0,spot,0.5767,0.5767,instances.vantage.sh (AWS Price List mirror)
2026-07-20,AWS,eu-west-3-wl1-cmn1,g4dn.12xlarge,T4,4.0,ondemand,5.234,1.3085,instances.vantage.sh (AWS Price List mirror)
2026-07-20,AWS,eu-west-3-wl1-cmn1,g4dn.2xlarge,T4,1.0,ondemand,1.006,1.006,instances.vantage.sh (AWS Price List mirror)
2026-07-20,AWS,eu-west-3-wl1-dss1,g4dn.12xlarge,T4,4.0,ondemand,5.234,1.3085,instances.vantage.sh (AWS Price List mirror)
2026-07-20,AWS,eu-west-3-wl1-dss1,g4dn.2xlarge,T4,1.0,ondemand,1.006,1.006,instances.vantage.sh (AWS Price List mirror)
2026-07-20,AWS,il-central-1,g5.12xlarge,A10G,4.0,ondemand,6.64825,1.6620625,instances.vantage.sh (AWS Price List mirror)
2026-07-20,AWS,il-central-1,g5.12xlarge,A10G,4.0,spot,2.526335,0.63158375,instances.vantage.sh (AWS Price List mirror)
2026-07-20,AWS,il-central-1,g5.16xlarge,A10G,1.0,ondemand,4.80099,4.80099,instances.vantage.sh (AWS Price List mirror)
2026-07-20,AWS,il-central-1,g5.16xlarge,A10G,1.0,spot,1.056218,1.056218,instances.vantage.sh (AWS Price List mirror)
2026-07-20,AWS,il-central-1,g5.24xlarge,A10G,4.0,ondemand,9.54572,2.38643,instances.vantage.sh (AWS Price List mirror)
2026-07-20,AWS,il-central-1,g5.24xlarge,A10G,4.0,spot,7.15929,1.7898225,instances.vantage.sh (AWS Price List mirror)
2026-07-20,AWS,il-central-1,g5.2xlarge,A10G,1.0,ondemand,1.42061,1.42061,instances.vantage.sh (AWS Price List mirror)
2026-07-20,AWS,il-central-1,g5.2xlarge,A10G,1.0,spot,0.298328,0.298328,instances.vantage.sh (AWS Price List mirror)
2026-07-20,AWS,il-central-1,g5.48xlarge,A10G,8.0,ondemand,19.09145,2.38643125,instances.vantage.sh (AWS Price List mirror)
2026-07-20,AWS,il-central-1,g5.48xlarge,A10G,8.0,spot,12.409442,1.55118025,instances.vantage.sh (AWS Price List mirror)
2026-07-20,AWS,il-central-1,g5.4xlarge,A10G,1.0,ondemand,1.90352,1.90352,instances.vantage.sh (AWS Price List mirror)
2026-07-20,AWS,il-central-1,g5.4xlarge,A10G,1.0,spot,0.799478,0.799478,instances.vantage.sh (AWS Price List mirror)
2026-07-20,AWS,il-central-1,g5.8xlarge,A10G,1.0,ondemand,2.86934,2.86934,instances.vantage.sh (AWS Price List mirror)
2026-07-20,AWS,il-central-1,g5.8xlarge,A10G,1.0,spot,0.803415,0.803415,instances.vantage.sh (AWS Price List mirror)
2026-07-20,AWS,il-central-1,g5.xlarge,A10G,1.0,ondemand,1.17915,1.17915,instances.vantage.sh (AWS Price List mirror)
2026-07-20,AWS,il-central-1,g5.xlarge,A10G,1.0,spot,0.330162,0.330162,instances.vantage.sh (AWS Price List mirror)
2026-07-20,AWS,il-central-1,p4de.24xlarge,A100,8.0,ondemand,35.57346,4.4466825,instances.vantage.sh (AWS Price List mirror)
2026-07-20,AWS,il-central-1,p4de.24xlarge,A100,8.0,spot,5.691754,0.71146925,instances.vantage.sh (AWS Price List mirror)
2026-07-20,AWS,me-central-1,g5.12xlarge,A10G,4.0,ondemand,6.9575,1.739375,instances.vantage.sh (AWS Price List mirror)
2026-07-20,AWS,me-central-1,g5.12xlarge,A10G,4.0,spot,6.6792,1.6698,instances.vantage.sh (AWS Price List mirror)
2026-07-20,AWS,me-central-1,g5.16xlarge,A10G,1.0,ondemand,5.02432,5.02432,instances.vantage.sh (AWS Price List mirror)
2026-07-20,AWS,me-central-1,g5.16xlarge,A10G,1.0,spot,2.009728,2.009728,instances.vantage.sh (AWS Price List mirror)
2026-07-20,AWS,me-central-1,g5.24xlarge,A10G,4.0,ondemand,9.98976,2.49744,instances.vantage.sh (AWS Price List mirror)
2026-07-20,AWS,me-central-1,g5.24xlarge,A10G,4.0,spot,9.59017,2.3975425,instances.vantage.sh (AWS Price List mirror)
2026-07-20,AWS,me-central-1,g5.2xlarge,A10G,1.0,ondemand,1.48669,1.48669,instances.vantage.sh (AWS Price List mirror)
2026-07-20,AWS,me-central-1,g5.2xlarge,A10G,1.0,spot,0.847413,0.847413,instances.vantage.sh (AWS Price List mirror)
2026-07-20,AWS,me-central-1,g5.48xlarge,A10G,8.0,ondemand,19.97951,2.49743875,instances.vantage.sh (AWS Price List mirror)
2026-07-20,AWS,me-central-1,g5.48xlarge,A10G,8.0,spot,19.18033,2.39754125,instances.vantage.sh (AWS Price List mirror)
2026-07-20,AWS,me-central-1,g5.4xlarge,A10G,1.0,ondemand,1.99206,1.99206,instances.vantage.sh (AWS Price List mirror)
2026-07-20,AWS,me-central-1,g5.4xlarge,A10G,1.0,spot,1.095633,1.095633,instances.vantage.sh (AWS Price List mirror)
2026-07-20,AWS,me-central-1,g5.8xlarge,A10G,1.0,ondemand,3.00282,3.00282,instances.vantage.sh (AWS Price List mirror)
2026-07-20,AWS,me-central-1,g5.8xlarge,A10G,1.0,spot,1.561466,1.561466,instances.vantage.sh (AWS Price List mirror)
2026-07-20,AWS,me-central-1,g5.xlarge,A10G,1.0,ondemand,1.234,1.234,instances.vantage.sh (AWS Price List mirror)
2026-07-20,AWS,me-central-1,g5.xlarge,A10G,1.0,spot,0.71572,0.71572,instances.vantage.sh (AWS Price List mirror)
2026-07-20,AWS,me-central-1,g6.12xlarge,L4,4.0,ondemand,5.65045,1.4126125,instances.vantage.sh (AWS Price List mirror)
2026-07-20,AWS,me-central-1,g6.12xlarge,L4,4.0,spot,2.316685,0.57917125,instances.vantage.sh (AWS Price List mirror)
2026-07-20,AWS,me-central-1,g6.16xlarge,L4,1.0,ondemand,4.17104,4.17104,instances.vantage.sh (AWS Price List mirror)
2026-07-20,AWS,me-central-1,g6.16xlarge,L4,1.0,spot,0.667366,0.667366,instances.vantage.sh (AWS Price List mirror)
2026-07-20,AWS,me-central-1,g6.24xlarge,L4,4.0,ondemand,8.19669,2.0491725,instances.vantage.sh (AWS Price List mirror)
2026-07-20,AWS,me-central-1,g6.24xlarge,L4,4.0,spot,7.540955,1.88523875,instances.vantage.sh (AWS Price List mirror)
2026-07-20,AWS,me-central-1,g6.2xlarge,L4,1.0,ondemand,1.20043,1.20043,instances.vantage.sh (AWS Price List mirror)
2026-07-20,AWS,me-central-1,g6.2xlarge,L4,1.0,spot,0.516185,0.516185,instances.vantage.sh (AWS Price List mirror)
2026-07-20,AWS,me-central-1,g6.48xlarge,L4,8.0,ondemand,16.39339,2.04917375,instances.vantage.sh (AWS Price List mirror)
2026-07-20,AWS,me-central-1,g6.48xlarge,L4,8.0,spot,15.901588,1.9876985,instances.vantage.sh (AWS Price List mirror)
2026-07-20,AWS,me-central-1,g6.4xlarge,L4,1.0,ondemand,1.6248,1.6248,instances.vantage.sh (AWS Price List mirror)
2026-07-20,AWS,me-central-1,g6.4xlarge,L4,1.0,spot,0.796152,0.796152,instances.vantage.sh (AWS Price List mirror)
2026-07-20,AWS,me-central-1,g6.8xlarge,L4,1.0,ondemand,2.47355,2.47355,instances.vantage.sh (AWS Price List mirror)
2026-07-20,AWS,me-central-1,g6.8xlarge,L4,1.0,spot,0.519446,0.519446,instances.vantage.sh (AWS Price List mirror)
2026-07-20,AWS,me-central-1,g6.xlarge,L4,1.0,ondemand,0.98824,0.98824,instances.vantage.sh (AWS Price List mirror)
2026-07-20,AWS,me-central-1,g6.xlarge,L4,1.0,spot,0.74118,0.74118,instances.vantage.sh (AWS Price List mirror)
2026-07-20,AWS,me-central-1,g6e.12xlarge,L40S,4.0,ondemand,12.87194,3.217985,instances.vantage.sh (AWS Price List mirror)
2026-07-20,AWS,me-central-1,g6e.12xlarge,L40S,4.0,spot,2.831827,0.70795675,instances.vantage.sh (AWS Price List mirror)
2026-07-20,AWS,me-central-1,g6e.16xlarge,L40S,1.0,ondemand,9.2954,9.2954,instances.vantage.sh (AWS Price List mirror)
2026-07-20,AWS,me-central-1,g6e.16xlarge,L40S,1.0,spot,2.137942,2.137942,instances.vantage.sh (AWS Price List mirror)
2026-07-20,AWS,me-central-1,g6e.24xlarge,L40S,4.0,ondemand,18.48186,4.620465,instances.vantage.sh (AWS Price List mirror)
2026-07-20,AWS,me-central-1,g6e.24xlarge,L40S,4.0,spot,4.066009,1.01650225,instances.vantage.sh (AWS Price List mirror)
2026-07-20,AWS,me-central-1,g6e.2xlarge,L40S,1.0,ondemand,2.75049,2.75049,instances.vantage.sh (AWS Price List mirror)
2026-07-20,AWS,me-central-1,g6e.2xlarge,L40S,1.0,spot,0.715127,0.715127,instances.vantage.sh (AWS Price List mirror)
2026-07-20,AWS,me-central-1,g6e.48xlarge,L40S,8.0,ondemand,36.96372,4.620465,instances.vantage.sh (AWS Price List mirror)
2026-07-20,AWS,me-central-1,g6e.48xlarge,L40S,8.0,spot,20.699683,2.587460375,instances.vantage.sh (AWS Price List mirror)
2026-07-20,AWS,me-central-1,g6e.4xlarge,L40S,1.0,ondemand,3.68548,3.68548,instances.vantage.sh (AWS Price List mirror)
2026-07-20,AWS,me-central-1,g6e.4xlarge,L40S,1.0,spot,0.84766,0.84766,instances.vantage.sh (AWS Price List mirror)
2026-07-20,AWS,me-central-1,g6e.8xlarge,L40S,1.0,ondemand,5.55545,5.55545,instances.vantage.sh (AWS Price List mirror)
2026-07-20,AWS,me-central-1,g6e.8xlarge,L40S,1.0,spot,1.333308,1.333308,instances.vantage.sh (AWS Price List mirror)
2026-07-20,AWS,me-central-1,g6e.xlarge,L40S,1.0,ondemand,2.283,2.283,instances.vantage.sh (AWS Price List mirror)
2026-07-20,AWS,me-central-1,g6e.xlarge,L40S,1.0,spot,0.59358,0.59358,instances.vantage.sh (AWS Price List mirror)
2026-07-20,AWS,me-central-1,p5en.48xlarge,H200,8.0,ondemand,75.9552,9.4944,instances.vantage.sh (AWS Price List mirror)
2026-07-20,AWS,me-south-1,g4dn.12xlarge,T4,4.0,ondemand,4.798,1.1995,instances.vantage.sh (AWS Price List mirror)
2026-07-20,AWS,me-south-1,g4dn.12xlarge,T4,4.0,spot,0.7197,0.179925,instances.vantage.sh (AWS Price List mirror)
2026-07-20,AWS,me-south-1,g4dn.16xlarge,T4,1.0,ondemand,5.338,5.338,instances.vantage.sh (AWS Price List mirror)
2026-07-20,AWS,me-south-1,g4dn.16xlarge,T4,1.0,spot,0.64056,0.64056,instances.vantage.sh (AWS Price List mirror)
2026-07-20,AWS,me-south-1,g4dn.2xlarge,T4,1.0,ondemand,0.922,0.922,instances.vantage.sh (AWS Price List mirror)
2026-07-20,AWS,me-south-1,g4dn.2xlarge,T4,1.0,spot,0.31348,0.31348,instances.vantage.sh (AWS Price List mirror)
2026-07-20,AWS,me-south-1,g4dn.4xlarge,T4,1.0,ondemand,1.477,1.477,instances.vantage.sh (AWS Price List mirror)
2026-07-20,AWS,me-south-1,g4dn.4xlarge,T4,1.0,spot,0.48741,0.48741,instances.vantage.sh (AWS Price List mirror)
2026-07-20,AWS,me-south-1,g4dn.8xlarge,T4,1.0,ondemand,2.669,2.669,instances.vantage.sh (AWS Price List mirror)
2026-07-20,AWS,me-south-1,g4dn.8xlarge,T4,1.0,spot,0.5338,0.5338,instances.vantage.sh (AWS Price List mirror)
2026-07-20,AWS,me-south-1,g4dn.metal,T4,8.0,ondemand,9.596,1.1995,instances.vantage.sh (AWS Price List mirror)
2026-07-20,AWS,me-south-1,g4dn.metal,T4,8.0,spot,0.9596,0.11995,instances.vantage.sh (AWS Price List mirror)
2026-07-20,AWS,me-south-1,g4dn.xlarge,T4,1.0,ondemand,0.645,0.645,instances.vantage.sh (AWS Price List mirror)
2026-07-20,AWS,me-south-1,g4dn.xlarge,T4,1.0,spot,0.129,0.129,instances.vantage.sh (AWS Price List mirror)
2026-07-20,AWS,me-south-1-mct-1,g4dn.2xlarge,T4,1.0,ondemand,1.153,1.153,instances.vantage.sh (AWS Price List mirror)
2026-07-20,AWS,sa-east-1,g4dn.12xlarge,T4,4.0,ondemand,6.649,1.66225,instances.vantage.sh (AWS Price List mirror)
2026-07-20,AWS,sa-east-1,g4dn.12xlarge,T4,4.0,spot,1.758167,0.43954175,instances.vantage.sh (AWS Price List mirror)
2026-07-20,AWS,sa-east-1,g4dn.16xlarge,T4,1.0,ondemand,7.397,7.397,instances.vantage.sh (AWS Price List mirror)
2026-07-20,AWS,sa-east-1,g4dn.16xlarge,T4,1.0,spot,0.7397,0.7397,instances.vantage.sh (AWS Price List mirror)
2026-07-20,AWS,sa-east-1,g4dn.2xlarge,T4,1.0,ondemand,1.278,1.278,instances.vantage.sh (AWS Price List mirror)
2026-07-20,AWS,sa-east-1,g4dn.2xlarge,T4,1.0,spot,0.224667,0.224667,instances.vantage.sh (AWS Price List mirror)
2026-07-20,AWS,sa-east-1,g4dn.4xlarge,T4,1.0,ondemand,2.046,2.046,instances.vantage.sh (AWS Price List mirror)
2026-07-20,AWS,sa-east-1,g4dn.4xlarge,T4,1.0,spot,0.522333,0.522333,instances.vantage.sh (AWS Price List mirror)
2026-07-20,AWS,sa-east-1,g4dn.8xlarge,T4,1.0,ondemand,3.698,3.698,instances.vantage.sh (AWS Price List mirror)
2026-07-20,AWS,sa-east-1,g4dn.8xlarge,T4,1.0,spot,0.463933,0.463933,instances.vantage.sh (AWS Price List mirror)
2026-07-20,AWS,sa-east-1,g4dn.metal,T4,8.0,ondemand,13.298,1.66225,instances.vantage.sh (AWS Price List mirror)
2026-07-20,AWS,sa-east-1,g4dn.metal,T4,8.0,spot,5.753133,0.719141625,instances.vantage.sh (AWS Price List mirror)
2026-07-20,AWS,sa-east-1,g4dn.xlarge,T4,1.0,ondemand,0.894,0.894,instances.vantage.sh (AWS Price List mirror)
2026-07-20,AWS,sa-east-1,g4dn.xlarge,T4,1.0,spot,0.159733,0.159733,instances.vantage.sh (AWS Price List mirror)
2026-07-20,AWS,sa-east-1,g5.12xlarge,A10G,4.0,ondemand,9.64127,2.4103175,instances.vantage.sh (AWS Price List mirror)
2026-07-20,AWS,sa-east-1,g5.12xlarge,A10G,4.0,spot,7.9083,1.977075,instances.vantage.sh (AWS Price List mirror)
2026-07-20,AWS,sa-east-1,g5.16xlarge,A10G,1.0,ondemand,6.96239,6.96239,instances.vantage.sh (AWS Price List mirror)
2026-07-20,AWS,sa-east-1,g5.16xlarge,A10G,1.0,spot,5.7112,5.7112,instances.vantage.sh (AWS Price List mirror)
2026-07-20,AWS,sa-east-1,g5.24xlarge,A10G,4.0,ondemand,13.84318,3.460795,instances.vantage.sh (AWS Price List mirror)
2026-07-20,AWS,sa-east-1,g5.24xlarge,A10G,4.0,spot,11.72375,2.9309375,instances.vantage.sh (AWS Price List mirror)
2026-07-20,AWS,sa-east-1,g5.2xlarge,A10G,1.0,ondemand,2.06016,2.06016,instances.vantage.sh (AWS Price List mirror)
2026-07-20,AWS,sa-east-1,g5.2xlarge,A10G,1.0,spot,0.4431,0.4431,instances.vantage.sh (AWS Price List mirror)
2026-07-20,AWS,sa-east-1,g5.48xlarge,A10G,8.0,ondemand,27.68636,3.460795,instances.vantage.sh (AWS Price List mirror)
2026-07-20,AWS,sa-east-1,g5.48xlarge,A10G,8.0,spot,22.7098,2.838725,instances.vantage.sh (AWS Price List mirror)
2026-07-20,AWS,sa-east-1,g5.4xlarge,A10G,1.0,ondemand,2.76048,2.76048,instances.vantage.sh (AWS Price List mirror)
2026-07-20,AWS,sa-east-1,g5.4xlarge,A10G,1.0,spot,2.2281,2.2281,instances.vantage.sh (AWS Price List mirror)
2026-07-20,AWS,sa-east-1,g5.8xlarge,A10G,1.0,ondemand,4.16111,4.16111,instances.vantage.sh (AWS Price List mirror)
2026-07-20,AWS,sa-east-1,g5.8xlarge,A10G,1.0,spot,2.14535,2.14535,instances.vantage.sh (AWS Price List mirror)
2026-07-20,AWS,sa-east-1,g5.xlarge,A10G,1.0,ondemand,1.71,1.71,instances.vantage.sh (AWS Price List mirror)
2026-07-20,AWS,sa-east-1,g5.xlarge,A10G,1.0,spot,0.40255,0.40255,instances.vantage.sh (AWS Price List mirror)
2026-07-20,AWS,sa-east-1,g6.12xlarge,L4,4.0,ondemand,7.82181,1.9554525,instances.vantage.sh (AWS Price List mirror)
2026-07-20,AWS,sa-east-1,g6.12xlarge,L4,4.0,spot,0.78475,0.1961875,instances.vantage.sh (AWS Price List mirror)
2026-07-20,AWS,sa-east-1,g6.16xlarge,L4,1.0,ondemand,5.77388,5.77388,instances.vantage.sh (AWS Price List mirror)
2026-07-20,AWS,sa-east-1,g6.16xlarge,L4,1.0,spot,2.68215,2.68215,instances.vantage.sh (AWS Price List mirror)
2026-07-20,AWS,sa-east-1,g6.24xlarge,L4,4.0,ondemand,11.34651,2.8366275,instances.vantage.sh (AWS Price List mirror)
2026-07-20,AWS,sa-east-1,g6.24xlarge,L4,4.0,spot,5.9597,1.489925,instances.vantage.sh (AWS Price List mirror)
2026-07-20,AWS,sa-east-1,g6.2xlarge,L4,1.0,ondemand,1.66173,1.66173,instances.vantage.sh (AWS Price List mirror)
2026-07-20,AWS,sa-east-1,g6.2xlarge,L4,1.0,spot,0.27255,0.27255,instances.vantage.sh (AWS Price List mirror)
2026-07-20,AWS,sa-east-1,g6.48xlarge,L4,8.0,ondemand,22.69303,2.83662875,instances.vantage.sh (AWS Price List mirror)
2026-07-20,AWS,sa-east-1,g6.48xlarge,L4,8.0,spot,18.58885,2.32360625,instances.vantage.sh (AWS Price List mirror)
2026-07-20,AWS,sa-east-1,g6.4xlarge,L4,1.0,ondemand,2.24918,2.24918,instances.vantage.sh (AWS Price List mirror)
2026-07-20,AWS,sa-east-1,g6.4xlarge,L4,1.0,spot,0.654,0.654,instances.vantage.sh (AWS Price List mirror)
2026-07-20,AWS,sa-east-1,g6.8xlarge,L4,1.0,ondemand,3.42408,3.42408,instances.vantage.sh (AWS Price List mirror)
2026-07-20,AWS,sa-east-1,g6.8xlarge,L4,1.0,spot,0.3424,0.3424,instances.vantage.sh (AWS Price List mirror)
2026-07-20,AWS,sa-east-1,g6.xlarge,L4,1.0,ondemand,1.368,1.368,instances.vantage.sh (AWS Price List mirror)
2026-07-20,AWS,sa-east-1,g6.xlarge,L4,1.0,spot,0.3801,0.3801,instances.vantage.sh (AWS Price List mirror)
2026-07-20,AWS,sa-east-1,g6f.2xlarge,L4,0.25,ondemand,0.80742,3.22968,instances.vantage.sh (AWS Price List mirror)
2026-07-20,AWS,sa-east-1,g6f.2xlarge,L4,0.25,spot,0.2824,1.1296,instances.vantage.sh (AWS Price List mirror)
2026-07-20,AWS,sa-east-1,g6f.4xlarge,L4,0.5,ondemand,1.61483,3.22966,instances.vantage.sh (AWS Price List mirror)
2026-07-20,AWS,sa-east-1,g6f.4xlarge,L4,0.5,spot,1.3245,2.649,instances.vantage.sh (AWS Price List mirror)
2026-07-20,AWS,sa-east-1,g6f.large,L4,0.125,ondemand,0.34336,2.74688,instances.vantage.sh (AWS Price List mirror)
2026-07-20,AWS,sa-east-1,g6f.large,L4,0.125,spot,0.17545,1.4036,instances.vantage.sh (AWS Price List mirror)
2026-07-20,AWS,sa-east-1,g6f.xlarge,L4,0.125,ondemand,0.40371,3.22968,instances.vantage.sh (AWS Price List mirror)
2026-07-20,AWS,sa-east-1,g6f.xlarge,L4,0.125,spot,0.33115,2.6492,instances.vantage.sh (AWS Price List mirror)
2026-07-20,AWS,sa-east-1,gr6.4xlarge,L4,1.0,ondemand,2.6164,2.6164,instances.vantage.sh (AWS Price List mirror)
2026-07-20,AWS,sa-east-1,gr6.4xlarge,L4,1.0,spot,0.3404,0.3404,instances.vantage.sh (AWS Price List mirror)
2026-07-20,AWS,sa-east-1,gr6.8xlarge,L4,1.0,ondemand,4.1585,4.1585,instances.vantage.sh (AWS Price List mirror)
2026-07-20,AWS,sa-east-1,gr6.8xlarge,L4,1.0,spot,2.15055,2.15055,instances.vantage.sh (AWS Price List mirror)
2026-07-20,AWS,sa-east-1,gr6f.4xlarge,L4,0.5,ondemand,1.81203,3.62406,instances.vantage.sh (AWS Price List mirror)
2026-07-20,AWS,sa-east-1,gr6f.4xlarge,L4,0.5,spot,1.48635,2.9727,instances.vantage.sh (AWS Price List mirror)
2026-07-20,AWS,sa-east-1,p4d.24xlarge,A100,8.0,ondemand,35.5569,4.4446125,instances.vantage.sh (AWS Price List mirror)
2026-07-20,AWS,sa-east-1,p4d.24xlarge,A100,8.0,spot,29.1671,3.6458875,instances.vantage.sh (AWS Price List mirror)
2026-07-20,AWS,sa-east-1,p5.48xlarge,H100,8.0,ondemand,92.4672,11.5584,instances.vantage.sh (AWS Price List mirror)
2026-07-20,AWS,sa-east-1,p5.48xlarge,H100,8.0,spot,75.8502,9.481275,instances.vantage.sh (AWS Price List mirror)
2026-07-20,AWS,sa-east-1,p5.4xlarge,H100,1.0,ondemand,11.5584,11.5584,instances.vantage.sh (AWS Price List mirror)
2026-07-20,AWS,sa-east-1,p5.4xlarge,H100,1.0,spot,9.4813,9.4813,instances.vantage.sh (AWS Price List mirror)
2026-07-20,AWS,us-east-1,g2.2xlarge,K520,1.0,ondemand,0.65,0.65,instances.vantage.sh (AWS Price List mirror)
2026-07-20,AWS,us-east-1,g2.8xlarge,K520,4.0,ondemand,2.6,0.65,instances.vantage.sh (AWS Price List mirror)
2026-07-20,AWS,us-east-1,g3.16xlarge,M60,4.0,ondemand,4.56,1.14,instances.vantage.sh (AWS Price List mirror)
2026-07-20,AWS,us-east-1,g3.4xlarge,M60,1.0,ondemand,1.14,1.14,instances.vantage.sh (AWS Price List mirror)
2026-07-20,AWS,us-east-1,g3.8xlarge,M60,2.0,ondemand,2.28,1.14,instances.vantage.sh (AWS Price List mirror)
2026-07-20,AWS,us-east-1,g3s.xlarge,M60,1.0,ondemand,0.75,0.75,instances.vantage.sh (AWS Price List mirror)
2026-07-20,AWS,us-east-1,g4ad.16xlarge,V520,4.0,ondemand,3.468,0.867,instances.vantage.sh (AWS Price List mirror)
2026-07-20,AWS,us-east-1,g4ad.16xlarge,V520,4.0,spot,2.444225,0.61105625,instances.vantage.sh (AWS Price List mirror)
2026-07-20,AWS,us-east-1,g4ad.2xlarge,V520,1.0,ondemand,0.54117,0.54117,instances.vantage.sh (AWS Price List mirror)
2026-07-20,AWS,us-east-1,g4ad.2xlarge,V520,1.0,spot,0.2512,0.2512,instances.vantage.sh (AWS Price List mirror)
2026-07-20,AWS,us-east-1,g4ad.4xlarge,V520,1.0,ondemand,0.867,0.867,instances.vantage.sh (AWS Price List mirror)
2026-07-20,AWS,us-east-1,g4ad.4xlarge,V520,1.0,spot,0.38355,0.38355,instances.vantage.sh (AWS Price List mirror)
2026-07-20,AWS,us-east-1,g4ad.8xlarge,V520,2.0,ondemand,1.734,0.867,instances.vantage.sh (AWS Price List mirror)
2026-07-20,AWS,us-east-1,g4ad.8xlarge,V520,2.0,spot,0.73525,0.367625,instances.vantage.sh (AWS Price List mirror)
2026-07-20,AWS,us-east-1,g4ad.xlarge,V520,1.0,ondemand,0.37853,0.37853,instances.vantage.sh (AWS Price List mirror)
2026-07-20,AWS,us-east-1,g4ad.xlarge,V520,1.0,spot,0.129725,0.129725,instances.vantage.sh (AWS Price List mirror)
2026-07-20,AWS,us-east-1,g4dn.12xlarge,T4,4.0,ondemand,3.912,0.978,instances.vantage.sh (AWS Price List mirror)
2026-07-20,AWS,us-east-1,g4dn.12xlarge,T4,4.0,spot,1.49794,0.374485,instances.vantage.sh (AWS Price List mirror)
2026-07-20,AWS,us-east-1,g4dn.16xlarge,T4,1.0,ondemand,4.352,4.352,instances.vantage.sh (AWS Price List mirror)
2026-07-20,AWS,us-east-1,g4dn.16xlarge,T4,1.0,spot,1.46094,1.46094,instances.vantage.sh (AWS Price List mirror)
2026-07-20,AWS,us-east-1,g4dn.2xlarge,T4,1.0,ondemand,0.752,0.752,instances.vantage.sh (AWS Price List mirror)
2026-07-20,AWS,us-east-1,g4dn.2xlarge,T4,1.0,spot,0.28282,0.28282,instances.vantage.sh (AWS Price List mirror)
2026-07-20,AWS,us-east-1,g4dn.4xlarge,T4,1.0,ondemand,1.204,1.204,instances.vantage.sh (AWS Price List mirror)
2026-07-20,AWS,us-east-1,g4dn.4xlarge,T4,1.0,spot,0.41854,0.41854,instances.vantage.sh (AWS Price List mirror)
2026-07-20,AWS,us-east-1,g4dn.8xlarge,T4,1.0,ondemand,2.176,2.176,instances.vantage.sh (AWS Price List mirror)
2026-07-20,AWS,us-east-1,g4dn.8xlarge,T4,1.0,spot,0.80994,0.80994,instances.vantage.sh (AWS Price List mirror)
2026-07-20,AWS,us-east-1,g4dn.metal,T4,8.0,ondemand,7.824,0.978,instances.vantage.sh (AWS Price List mirror)
2026-07-20,AWS,us-east-1,g4dn.metal,T4,8.0,spot,4.15564,0.519455,instances.vantage.sh (AWS Price List mirror)
2026-07-20,AWS,us-east-1,g4dn.xlarge,T4,1.0,ondemand,0.526,0.526,instances.vantage.sh (AWS Price List mirror)
2026-07-20,AWS,us-east-1,g4dn.xlarge,T4,1.0,spot,0.26036,0.26036,instances.vantage.sh (AWS Price List mirror)
2026-07-20,AWS,us-east-1,g5.12xlarge,A10G,4.0,ondemand,5.672,1.418,instances.vantage.sh (AWS Price List mirror)
2026-07-20,AWS,us-east-1,g5.12xlarge,A10G,4.0,spot,4.25022,1.062555,instances.vantage.sh (AWS Price List mirror)
2026-07-20,AWS,us-east-1,g5.16xlarge,A10G,1.0,ondemand,4.096,4.096,instances.vantage.sh (AWS Price List mirror)
2026-07-20,AWS,us-east-1,g5.16xlarge,A10G,1.0,spot,1.8016,1.8016,instances.vantage.sh (AWS Price List mirror)
2026-07-20,AWS,us-east-1,g5.24xlarge,A10G,4.0,ondemand,8.144,2.036,instances.vantage.sh (AWS Price List mirror)
2026-07-20,AWS,us-east-1,g5.24xlarge,A10G,4.0,spot,4.03054,1.007635,instances.vantage.sh (AWS Price List mirror)
2026-07-20,AWS,us-east-1,g5.2xlarge,A10G,1.0,ondemand,1.212,1.212,instances.vantage.sh (AWS Price List mirror)
2026-07-20,AWS,us-east-1,g5.2xlarge,A10G,1.0,spot,0.74324,0.74324,instances.vantage.sh (AWS Price List mirror)
2026-07-20,AWS,us-east-1,g5.48xlarge,A10G,8.0,ondemand,16.288,2.036,instances.vantage.sh (AWS Price List mirror)
2026-07-20,AWS,us-east-1,g5.48xlarge,A10G,8.0,spot,8.37184,1.04648,instances.vantage.sh (AWS Price List mirror)
2026-07-20,AWS,us-east-1,g5.4xlarge,A10G,1.0,ondemand,1.624,1.624,instances.vantage.sh (AWS Price List mirror)
2026-07-20,AWS,us-east-1,g5.4xlarge,A10G,1.0,spot,0.93154,0.93154,instances.vantage.sh (AWS Price List mirror)
2026-07-20,AWS,us-east-1,g5.8xlarge,A10G,1.0,ondemand,2.448,2.448,instances.vantage.sh (AWS Price List mirror)
2026-07-20,AWS,us-east-1,g5.8xlarge,A10G,1.0,spot,1.26482,1.26482,instances.vantage.sh (AWS Price List mirror)
2026-07-20,AWS,us-east-1,g5.xlarge,A10G,1.0,ondemand,1.006,1.006,instances.vantage.sh (AWS Price List mirror)
2026-07-20,AWS,us-east-1,g5.xlarge,A10G,1.0,spot,0.60058,0.60058,instances.vantage.sh (AWS Price List mirror)
2026-07-20,AWS,us-east-1,g5g.16xlarge,T4G,2.0,ondemand,2.744,1.372,instances.vantage.sh (AWS Price List mirror)
2026-07-20,AWS,us-east-1,g5g.16xlarge,T4G,2.0,spot,0.69,0.345,instances.vantage.sh (AWS Price List mirror)
2026-07-20,AWS,us-east-1,g5g.2xlarge,T4G,1.0,ondemand,0.556,0.556,instances.vantage.sh (AWS Price List mirror)
2026-07-20,AWS,us-east-1,g5g.2xlarge,T4G,1.0,spot,0.256375,0.256375,instances.vantage.sh (AWS Price List mirror)
2026-07-20,AWS,us-east-1,g5g.4xlarge,T4G,1.0,ondemand,0.828,0.828,instances.vantage.sh (AWS Price List mirror)
2026-07-20,AWS,us-east-1,g5g.4xlarge,T4G,1.0,spot,0.2647,0.2647,instances.vantage.sh (AWS Price List mirror)
2026-07-20,AWS,us-east-1,g5g.8xlarge,T4G,1.0,ondemand,1.372,1.372,instances.vantage.sh (AWS Price List mirror)
2026-07-20,AWS,us-east-1,g5g.8xlarge,T4G,1.0,spot,0.7072,0.7072,instances.vantage.sh (AWS Price List mirror)
2026-07-20,AWS,us-east-1,g5g.metal,T4G,2.0,ondemand,2.744,1.372,instances.vantage.sh (AWS Price List mirror)
2026-07-20,AWS,us-east-1,g5g.metal,T4G,2.0,spot,0.617225,0.3086125,instances.vantage.sh (AWS Price List mirror)
2026-07-20,AWS,us-east-1,g5g.xlarge,T4G,1.0,ondemand,0.42,0.42,instances.vantage.sh (AWS Price List mirror)
2026-07-20,AWS,us-east-1,g5g.xlarge,T4G,1.0,spot,0.1282,0.1282,instances.vantage.sh (AWS Price List mirror)
2026-07-20,AWS,us-east-1,g6.12xlarge,L4,4.0,ondemand,4.6016,1.1504,instances.vantage.sh (AWS Price List mirror)
2026-07-20,AWS,us-east-1,g6.12xlarge,L4,4.0,spot,3.9265,0.981625,instances.vantage.sh (AWS Price List mirror)
2026-07-20,AWS,us-east-1,g6.16xlarge,L4,1.0,ondemand,3.3968,3.3968,instances.vantage.sh (AWS Price List mirror)
2026-07-20,AWS,us-east-1,g6.16xlarge,L4,1.0,spot,1.66272,1.66272,instances.vantage.sh (AWS Price List mirror)
2026-07-20,AWS,us-east-1,g6.24xlarge,L4,4.0,ondemand,6.6752,1.6688,instances.vantage.sh (AWS Price List mirror)
2026-07-20,AWS,us-east-1,g6.24xlarge,L4,4.0,spot,3.84632,0.96158,instances.vantage.sh (AWS Price List mirror)
2026-07-20,AWS,us-east-1,g6.2xlarge,L4,1.0,ondemand,0.9776,0.9776,instances.vantage.sh (AWS Price List mirror)
2026-07-20,AWS,us-east-1,g6.2xlarge,L4,1.0,spot,0.87248,0.87248,instances.vantage.sh (AWS Price List mirror)
2026-07-20,AWS,us-east-1,g6.48xlarge,L4,8.0,ondemand,13.3504,1.6688,instances.vantage.sh (AWS Price List mirror)
2026-07-20,AWS,us-east-1,g6.48xlarge,L4,8.0,spot,8.99378,1.1242225,instances.vantage.sh (AWS Price List mirror)
2026-07-20,AWS,us-east-1,g6.4xlarge,L4,1.0,ondemand,1.3232,1.3232,instances.vantage.sh (AWS Price List mirror)
2026-07-20,AWS,us-east-1,g6.4xlarge,L4,1.0,spot,0.9281,0.9281,instances.vantage.sh (AWS Price List mirror)
2026-07-20,AWS,us-east-1,g6.8xlarge,L4,1.0,ondemand,2.0144,2.0144,instances.vantage.sh (AWS Price List mirror)
2026-07-20,AWS,us-east-1,g6.8xlarge,L4,1.0,spot,1.21976,1.21976,instances.vantage.sh (AWS Price List mirror)
2026-07-20,AWS,us-east-1,g6.xlarge,L4,1.0,ondemand,0.8048,0.8048,instances.vantage.sh (AWS Price List mirror)
2026-07-20,AWS,us-east-1,g6.xlarge,L4,1.0,spot,0.58378,0.58378,instances.vantage.sh (AWS Price List mirror)
2026-07-20,AWS,us-east-1,g6e.12xlarge,L40S,4.0,ondemand,10.49264,2.62316,instances.vantage.sh (AWS Price List mirror)
2026-07-20,AWS,us-east-1,g6e.12xlarge,L40S,4.0,spot,7.572425,1.89310625,instances.vantage.sh (AWS Price List mirror)
2026-07-20,AWS,us-east-1,g6e.16xlarge,L40S,1.0,ondemand,7.57719,7.57719,instances.vantage.sh (AWS Price List mirror)
2026-07-20,AWS,us-east-1,g6e.16xlarge,L40S,1.0,spot,2.476825,2.476825,instances.vantage.sh (AWS Price List mirror)
2026-07-20,AWS,us-east-1,g6e.24xlarge,L40S,4.0,ondemand,15.06559,3.7663975,instances.vantage.sh (AWS Price List mirror)
2026-07-20,AWS,us-east-1,g6e.24xlarge,L40S,4.0,spot,5.796325,1.44908125,instances.vantage.sh (AWS Price List mirror)
2026-07-20,AWS,us-east-1,g6e.2xlarge,L40S,1.0,ondemand,2.24208,2.24208,instances.vantage.sh (AWS Price List mirror)
2026-07-20,AWS,us-east-1,g6e.2xlarge,L40S,1.0,spot,2.180475,2.180475,instances.vantage.sh (AWS Price List mirror)
2026-07-20,AWS,us-east-1,g6e.48xlarge,L40S,8.0,ondemand,30.13118,3.7663975,instances.vantage.sh (AWS Price List mirror)
2026-07-20,AWS,us-east-1,g6e.48xlarge,L40S,8.0,spot,17.8482,2.231025,instances.vantage.sh (AWS Price List mirror)
2026-07-20,AWS,us-east-1,g6e.4xlarge,L40S,1.0,ondemand,3.00424,3.00424,instances.vantage.sh (AWS Price List mirror)
2026-07-20,AWS,us-east-1,g6e.4xlarge,L40S,1.0,spot,2.796875,2.796875,instances.vantage.sh (AWS Price List mirror)
2026-07-20,AWS,us-east-1,g6e.8xlarge,L40S,1.0,ondemand,4.52856,4.52856,instances.vantage.sh (AWS Price List mirror)
2026-07-20,AWS,us-east-1,g6e.8xlarge,L40S,1.0,spot,1.596625,1.596625,instances.vantage.sh (AWS Price List mirror)
2026-07-20,AWS,us-east-1,g6e.xlarge,L40S,1.0,ondemand,1.861,1.861,instances.vantage.sh (AWS Price List mirror)
2026-07-20,AWS,us-east-1,g6e.xlarge,L40S,1.0,spot,1.8184,1.8184,instances.vantage.sh (AWS Price List mirror)
2026-07-20,AWS,us-east-1,g6f.2xlarge,L4,0.25,ondemand,0.475,1.9,instances.vantage.sh (AWS Price List mirror)
2026-07-20,AWS,us-east-1,g6f.2xlarge,L4,0.25,spot,0.238075,0.9523,instances.vantage.sh (AWS Price List mirror)
2026-07-20,AWS,us-east-1,g6f.4xlarge,L4,0.5,ondemand,0.95,1.9,instances.vantage.sh (AWS Price List mirror)
2026-07-20,AWS,us-east-1,g6f.4xlarge,L4,0.5,spot,0.37175,0.7435,instances.vantage.sh (AWS Price List mirror)
2026-07-20,AWS,us-east-1,g6f.large,L4,0.125,ondemand,0.202,1.616,instances.vantage.sh (AWS Price List mirror)
2026-07-20,AWS,us-east-1,g6f.large,L4,0.125,spot,0.065575,0.5246,instances.vantage.sh (AWS Price List mirror)
2026-07-20,AWS,us-east-1,g6f.xlarge,L4,0.125,ondemand,0.2375,1.9,instances.vantage.sh (AWS Price List mirror)
2026-07-20,AWS,us-east-1,g6f.xlarge,L4,0.125,spot,0.11095,0.8876,instances.vantage.sh (AWS Price List mirror)
2026-07-20,AWS,us-east-1,g7.12xlarge,NVIDIA RTX PRO 4500 Blackwell,2.0,ondemand,7.12832,3.56416,instances.vantage.sh (AWS Price List mirror)
2026-07-20,AWS,us-east-1,g7.24xlarge,NVIDIA RTX PRO 4500 Blackwell,4.0,ondemand,14.25664,3.56416,instances.vantage.sh (AWS Price List mirror)
2026-07-20,AWS,us-east-1,g7.2xlarge,NVIDIA RTX PRO 4500 Blackwell,1.0,ondemand,2.52,2.52,instances.vantage.sh (AWS Price List mirror)
2026-07-20,AWS,us-east-1,g7.48xlarge,NVIDIA RTX PRO 4500 Blackwell,8.0,ondemand,28.51328,3.56416,instances.vantage.sh (AWS Price List mirror)
2026-07-20,AWS,us-east-1,g7.4xlarge,NVIDIA RTX PRO 4500 Blackwell,1.0,ondemand,3.04208,3.04208,instances.vantage.sh (AWS Price List mirror)
2026-07-20,AWS,us-east-1,g7.8xlarge,NVIDIA RTX PRO 4500 Blackwell,1.0,ondemand,4.08624,4.08624,instances.vantage.sh (AWS Price List mirror)
2026-07-20,AWS,us-east-1,g7e.12xlarge,NVIDIA GB202,2.0,ondemand,8.28608,4.14304,instances.vantage.sh (AWS Price List mirror)
2026-07-20,AWS,us-east-1,g7e.12xlarge,NVIDIA GB202,2.0,spot,3.61665,1.808325,instances.vantage.sh (AWS Price List mirror)
2026-07-20,AWS,us-east-1,g7e.24xlarge,NVIDIA GB202,4.0,ondemand,16.57216,4.14304,instances.vantage.sh (AWS Price List mirror)
2026-07-20,AWS,us-east-1,g7e.24xlarge,NVIDIA GB202,4.0,spot,7.8711,1.967775,instances.vantage.sh (AWS Price List mirror)
2026-07-20,AWS,us-east-1,g7e.2xlarge,NVIDIA GB202,1.0,ondemand,3.36312,3.36312,instances.vantage.sh (AWS Price List mirror)
2026-07-20,AWS,us-east-1,g7e.2xlarge,NVIDIA GB202,1.0,spot,1.6665,1.6665,instances.vantage.sh (AWS Price List mirror)
2026-07-20,AWS,us-east-1,g7e.48xlarge,NVIDIA GB202,8.0,ondemand,33.14432,4.14304,instances.vantage.sh (AWS Price List mirror)
2026-07-20,AWS,us-east-1,g7e.48xlarge,NVIDIA GB202,8.0,spot,14.7691,1.8461375,instances.vantage.sh (AWS Price List mirror)
2026-07-20,AWS,us-east-1,g7e.4xlarge,NVIDIA GB202,1.0,ondemand,3.99816,3.99816,instances.vantage.sh (AWS Price List mirror)
2026-07-20,AWS,us-east-1,g7e.4xlarge,NVIDIA GB202,1.0,spot,1.62605,1.62605,instances.vantage.sh (AWS Price List mirror)
2026-07-20,AWS,us-east-1,g7e.8xlarge,NVIDIA GB202,1.0,ondemand,5.26824,5.26824,instances.vantage.sh (AWS Price List mirror)
2026-07-20,AWS,us-east-1,g7e.8xlarge,NVIDIA GB202,1.0,spot,2.3881,2.3881,instances.vantage.sh (AWS Price List mirror)
2026-07-20,AWS,us-east-1,gr6.4xlarge,L4,1.0,ondemand,1.5392,1.5392,instances.vantage.sh (AWS Price List mirror)
2026-07-20,AWS,us-east-1,gr6.4xlarge,L4,1.0,spot,0.880275,0.880275,instances.vantage.sh (AWS Price List mirror)
2026-07-20,AWS,us-east-1,gr6.8xlarge,L4,1.0,ondemand,2.4464,2.4464,instances.vantage.sh (AWS Price List mirror)
2026-07-20,AWS,us-east-1,gr6.8xlarge,L4,1.0,spot,1.41685,1.41685,instances.vantage.sh (AWS Price List mirror)
2026-07-20,AWS,us-east-1,gr6f.4xlarge,L4,0.5,ondemand,1.066,2.132,instances.vantage.sh (AWS Price List mirror)
2026-07-20,AWS,us-east-1,gr6f.4xlarge,L4,0.5,spot,0.58295,1.1659,instances.vantage.sh (AWS Price List mirror)
2026-07-20,AWS,us-east-1,p2.16xlarge,K80,16.0,ondemand,14.4,0.9,instances.vantage.sh (AWS Price List mirror)
2026-07-20,AWS,us-east-1,p2.8xlarge,K80,8.0,ondemand,7.2,0.9,instances.vantage.sh (AWS Price List mirror)
2026-07-20,AWS,us-east-1,p2.xlarge,K80,1.0,ondemand,0.9,0.9,instances.vantage.sh (AWS Price List mirror)
2026-07-20,AWS,us-east-1,p3.16xlarge,V100,8.0,ondemand,24.48,3.06,instances.vantage.sh (AWS Price List mirror)
2026-07-20,AWS,us-east-1,p3.16xlarge,V100,8.0,spot,11.5076,1.43845,instances.vantage.sh (AWS Price List mirror)
2026-07-20,AWS,us-east-1,p3.2xlarge,V100,1.0,ondemand,3.06,3.06,instances.vantage.sh (AWS Price List mirror)
2026-07-20,AWS,us-east-1,p3.2xlarge,V100,1.0,spot,0.890725,0.890725,instances.vantage.sh (AWS Price List mirror)
2026-07-20,AWS,us-east-1,p3.8xlarge,V100,4.0,ondemand,12.24,3.06,instances.vantage.sh (AWS Price List mirror)
2026-07-20,AWS,us-east-1,p3.8xlarge,V100,4.0,spot,3.97955,0.9948875,instances.vantage.sh (AWS Price List mirror)
2026-07-20,AWS,us-east-1,p3dn.24xlarge,V100,8.0,ondemand,31.212,3.9015,instances.vantage.sh (AWS Price List mirror)
2026-07-20,AWS,us-east-1,p3dn.24xlarge,V100,8.0,spot,6.41265,0.80158125,instances.vantage.sh (AWS Price List mirror)
2026-07-20,AWS,us-east-1,p4d.24xlarge,A100,8.0,ondemand,21.957642,2.74470525,instances.vantage.sh (AWS Price List mirror)
2026-07-20,AWS,us-east-1,p4d.24xlarge,A100,8.0,spot,14.786125,1.848265625,instances.vantage.sh (AWS Price List mirror)
2026-07-20,AWS,us-east-1,p4de.24xlarge,A100,8.0,ondemand,27.44705,3.43088125,instances.vantage.sh (AWS Price List mirror)
2026-07-20,AWS,us-east-1,p4de.24xlarge,A100,8.0,spot,20.0311,2.5038875,instances.vantage.sh (AWS Price List mirror)
2026-07-20,AWS,us-east-1,p5.48xlarge,H100,8.0,ondemand,55.04,6.88,instances.vantage.sh (AWS Price List mirror)
2026-07-20,AWS,us-east-1,p5.48xlarge,H100,8.0,spot,20.960217,2.620027125,instances.vantage.sh (AWS Price List mirror)
2026-07-20,AWS,us-east-1,p5.4xlarge,H100,1.0,ondemand,6.88,6.88,instances.vantage.sh (AWS Price List mirror)
2026-07-20,AWS,us-east-1,p5.4xlarge,H100,1.0,spot,2.85556,2.85556,instances.vantage.sh (AWS Price List mirror)
2026-07-20,AWS,us-east-1,p5en.48xlarge,H200,8.0,ondemand,63.296,7.912,instances.vantage.sh (AWS Price List mirror)
2026-07-20,AWS,us-east-1,p5en.48xlarge,H200,8.0,spot,27.07435,3.38429375,instances.vantage.sh (AWS Price List mirror)
2026-07-20,AWS,us-east-1,p6-b200.48xlarge,B200,8.0,ondemand,113.9328,14.2416,instances.vantage.sh (AWS Price List mirror)
2026-07-20,AWS,us-east-1,p6-b200.48xlarge,B200,8.0,spot,40.6894,5.086175,instances.vantage.sh (AWS Price List mirror)
2026-07-20,AWS,us-east-1,p6-b300.48xlarge,NVIDIA B300,8.0,ondemand,142.416,17.802,instances.vantage.sh (AWS Price List mirror)
2026-07-20,AWS,us-east-1,p6-b300.48xlarge,NVIDIA B300,8.0,spot,35.3078,4.413475,instances.vantage.sh (AWS Price List mirror)
2026-07-20,AWS,us-east-1-atl-1,g4dn.2xlarge,T4,1.0,ondemand,1.015,1.015,instances.vantage.sh (AWS Price List mirror)
2026-07-20,AWS,us-east-1-atl-1,p5.48xlarge,H100,8.0,ondemand,55.04,6.88,instances.vantage.sh (AWS Price List mirror)
2026-07-20,AWS,us-east-1-atl-1,p5en.48xlarge,H200,8.0,ondemand,63.296,7.912,instances.vantage.sh (AWS Price List mirror)
2026-07-20,AWS,us-east-1-atl-1,p6-b200.48xlarge,B200,8.0,ondemand,113.9328,14.2416,instances.vantage.sh (AWS Price List mirror)
2026-07-20,AWS,us-east-1-atl-1,p6-b300.48xlarge,NVIDIA B300,8.0,ondemand,142.416,17.802,instances.vantage.sh (AWS Price List mirror)
2026-07-20,AWS,us-east-1-bos-1,g4dn.2xlarge,T4,1.0,ondemand,1.015,1.015,instances.vantage.sh (AWS Price List mirror)
2026-07-20,AWS,us-east-1-bos-1,g4dn.4xlarge,T4,1.0,ondemand,1.625,1.625,instances.vantage.sh (AWS Price List mirror)
2026-07-20,AWS,us-east-1-chi-1,g4dn.2xlarge,T4,1.0,ondemand,1.015,1.015,instances.vantage.sh (AWS Price List mirror)
2026-07-20,AWS,us-east-1-chi-1,g4dn.4xlarge,T4,1.0,ondemand,1.625,1.625,instances.vantage.sh (AWS Price List mirror)
2026-07-20,AWS,us-east-1-dfw-1,g4dn.2xlarge,T4,1.0,ondemand,1.015,1.015,instances.vantage.sh (AWS Price List mirror)
2026-07-20,AWS,us-east-1-dfw-1,g4dn.4xlarge,T4,1.0,ondemand,1.625,1.625,instances.vantage.sh (AWS Price List mirror)
2026-07-20,AWS,us-east-1-iah-1,g4dn.2xlarge,T4,1.0,ondemand,1.015,1.015,instances.vantage.sh (AWS Price List mirror)
2026-07-20,AWS,us-east-1-iah-1,g4dn.4xlarge,T4,1.0,ondemand,1.625,1.625,instances.vantage.sh (AWS Price List mirror)
2026-07-20,AWS,us-east-1-lim-1,g4dn.2xlarge,T4,1.0,ondemand,1.725,1.725,instances.vantage.sh (AWS Price List mirror)
2026-07-20,AWS,us-east-1-mci-1,g4dn.2xlarge,T4,1.0,ondemand,1.015,1.015,instances.vantage.sh (AWS Price List mirror)
2026-07-20,AWS,us-east-1-mia-1,g4dn.2xlarge,T4,1.0,ondemand,1.015,1.015,instances.vantage.sh (AWS Price List mirror)
2026-07-20,AWS,us-east-1-msp-1,g4dn.2xlarge,T4,1.0,ondemand,1.015,1.015,instances.vantage.sh (AWS Price List mirror)
2026-07-20,AWS,us-east-1-nyc-1,g4dn.2xlarge,T4,1.0,ondemand,1.015,1.015,instances.vantage.sh (AWS Price List mirror)
2026-07-20,AWS,us-east-1-nyc-1,g4dn.4xlarge,T4,1.0,ondemand,1.625,1.625,instances.vantage.sh (AWS Price List mirror)
2026-07-20,AWS,us-east-1-phl-1,g4dn.2xlarge,T4,1.0,ondemand,1.015,1.015,instances.vantage.sh (AWS Price List mirror)
2026-07-20,AWS,us-east-1-phl-1,g4dn.4xlarge,T4,1.0,ondemand,1.625,1.625,instances.vantage.sh (AWS Price List mirror)
2026-07-20,AWS,us-east-1-qro-1,g4dn.2xlarge,T4,1.0,ondemand,1.09,1.09,instances.vantage.sh (AWS Price List mirror)
2026-07-20,AWS,us-east-1-qro-1,g4dn.4xlarge,T4,1.0,ondemand,1.746,1.746,instances.vantage.sh (AWS Price List mirror)
2026-07-20,AWS,us-east-1-scl-1,g4dn.2xlarge,T4,1.0,ondemand,1.47,1.47,instances.vantage.sh (AWS Price List mirror)
2026-07-20,AWS,us-east-1-wl1,g4dn.2xlarge,T4,1.0,ondemand,1.317,1.317,instances.vantage.sh (AWS Price List mirror)
2026-07-20,AWS,us-east-1-wl1-atl1,g4dn.2xlarge,T4,1.0,ondemand,1.317,1.317,instances.vantage.sh (AWS Price List mirror)
2026-07-20,AWS,us-east-1-wl1-bna1,g4dn.2xlarge,T4,1.0,ondemand,1.317,1.317,instances.vantage.sh (AWS Price List mirror)
2026-07-20,AWS,us-east-1-wl1-chi1,g4dn.2xlarge,T4,1.0,ondemand,1.317,1.317,instances.vantage.sh (AWS Price List mirror)
2026-07-20,AWS,us-east-1-wl1-clt1,g4dn.2xlarge,T4,1.0,ondemand,1.317,1.317,instances.vantage.sh (AWS Price List mirror)
2026-07-20,AWS,us-east-1-wl1-dfw1,g4dn.2xlarge,T4,1.0,ondemand,1.317,1.317,instances.vantage.sh (AWS Price List mirror)
2026-07-20,AWS,us-east-1-wl1-dtw1,g4dn.2xlarge,T4,1.0,ondemand,1.317,1.317,instances.vantage.sh (AWS Price List mirror)
2026-07-20,AWS,us-east-1-wl1-iah1,g4dn.2xlarge,T4,1.0,ondemand,1.317,1.317,instances.vantage.sh (AWS Price List mirror)
2026-07-20,AWS,us-east-1-wl1-mia1,g4dn.2xlarge,T4,1.0,ondemand,1.317,1.317,instances.vantage.sh (AWS Price List mirror)
2026-07-20,AWS,us-east-1-wl1-msp1,g4dn.2xlarge,T4,1.0,ondemand,1.317,1.317,instances.vantage.sh (AWS Price List mirror)
2026-07-20,AWS,us-east-1-wl1-nyc1,g4dn.2xlarge,T4,1.0,ondemand,1.317,1.317,instances.vantage.sh (AWS Price List mirror)
2026-07-20,AWS,us-east-1-wl1-tpa1,g4dn.2xlarge,T4,1.0,ondemand,1.317,1.317,instances.vantage.sh (AWS Price List mirror)
2026-07-20,AWS,us-east-1-wl1-was1,g4dn.2xlarge,T4,1.0,ondemand,1.317,1.317,instances.vantage.sh (AWS Price List mirror)
2026-07-20,AWS,us-east-2,g3.16xlarge,M60,4.0,ondemand,4.56,1.14,instances.vantage.sh (AWS Price List mirror)
2026-07-20,AWS,us-east-2,g3.4xlarge,M60,1.0,ondemand,1.14,1.14,instances.vantage.sh (AWS Price List mirror)
2026-07-20,AWS,us-east-2,g3.8xlarge,M60,2.0,ondemand,2.28,1.14,instances.vantage.sh (AWS Price List mirror)
2026-07-20,AWS,us-east-2,g3s.xlarge,M60,1.0,ondemand,0.75,0.75,instances.vantage.sh (AWS Price List mirror)
2026-07-20,AWS,us-east-2,g4ad.16xlarge,V520,4.0,ondemand,3.468,0.867,instances.vantage.sh (AWS Price List mirror)
2026-07-20,AWS,us-east-2,g4ad.16xlarge,V520,4.0,spot,0.7747,0.193675,instances.vantage.sh (AWS Price List mirror)
2026-07-20,AWS,us-east-2,g4ad.2xlarge,V520,1.0,ondemand,0.54117,0.54117,instances.vantage.sh (AWS Price List mirror)
2026-07-20,AWS,us-east-2,g4ad.2xlarge,V520,1.0,spot,0.122967,0.122967,instances.vantage.sh (AWS Price List mirror)
2026-07-20,AWS,us-east-2,g4ad.4xlarge,V520,1.0,ondemand,0.867,0.867,instances.vantage.sh (AWS Price List mirror)
2026-07-20,AWS,us-east-2,g4ad.4xlarge,V520,1.0,spot,0.2304,0.2304,instances.vantage.sh (AWS Price List mirror)
2026-07-20,AWS,us-east-2,g4ad.8xlarge,V520,2.0,ondemand,1.734,0.867,instances.vantage.sh (AWS Price List mirror)
2026-07-20,AWS,us-east-2,g4ad.8xlarge,V520,2.0,spot,0.3974,0.1987,instances.vantage.sh (AWS Price List mirror)
2026-07-20,AWS,us-east-2,g4ad.xlarge,V520,1.0,ondemand,0.37853,0.37853,instances.vantage.sh (AWS Price List mirror)
2026-07-20,AWS,us-east-2,g4ad.xlarge,V520,1.0,spot,0.099667,0.099667,instances.vantage.sh (AWS Price List mirror)
2026-07-20,AWS,us-east-2,g4dn.12xlarge,T4,4.0,ondemand,3.912,0.978,instances.vantage.sh (AWS Price List mirror)
2026-07-20,AWS,us-east-2,g4dn.12xlarge,T4,4.0,spot,1.256333,0.31408325,instances.vantage.sh (AWS Price List mirror)
2026-07-20,AWS,us-east-2,g4dn.16xlarge,T4,1.0,ondemand,4.352,4.352,instances.vantage.sh (AWS Price List mirror)
2026-07-20,AWS,us-east-2,g4dn.16xlarge,T4,1.0,spot,1.120067,1.120067,instances.vantage.sh (AWS Price List mirror)
2026-07-20,AWS,us-east-2,g4dn.2xlarge,T4,1.0,ondemand,0.752,0.752,instances.vantage.sh (AWS Price List mirror)
2026-07-20,AWS,us-east-2,g4dn.2xlarge,T4,1.0,spot,0.2281,0.2281,instances.vantage.sh (AWS Price List mirror)
2026-07-20,AWS,us-east-2,g4dn.4xlarge,T4,1.0,ondemand,1.204,1.204,instances.vantage.sh (AWS Price List mirror)
2026-07-20,AWS,us-east-2,g4dn.4xlarge,T4,1.0,spot,0.382467,0.382467,instances.vantage.sh (AWS Price List mirror)
2026-07-20,AWS,us-east-2,g4dn.8xlarge,T4,1.0,ondemand,2.176,2.176,instances.vantage.sh (AWS Price List mirror)
2026-07-20,AWS,us-east-2,g4dn.8xlarge,T4,1.0,spot,0.5616,0.5616,instances.vantage.sh (AWS Price List mirror)
2026-07-20,AWS,us-east-2,g4dn.metal,T4,8.0,ondemand,7.824,0.978,instances.vantage.sh (AWS Price List mirror)
2026-07-20,AWS,us-east-2,g4dn.metal,T4,8.0,spot,3.203333,0.400416625,instances.vantage.sh (AWS Price List mirror)
2026-07-20,AWS,us-east-2,g4dn.xlarge,T4,1.0,ondemand,0.526,0.526,instances.vantage.sh (AWS Price List mirror)
2026-07-20,AWS,us-east-2,g4dn.xlarge,T4,1.0,spot,0.1657,0.1657,instances.vantage.sh (AWS Price List mirror)
2026-07-20,AWS,us-east-2,g5.12xlarge,A10G,4.0,ondemand,5.672,1.418,instances.vantage.sh (AWS Price List mirror)
2026-07-20,AWS,us-east-2,g5.12xlarge,A10G,4.0,spot,3.025867,0.75646675,instances.vantage.sh (AWS Price List mirror)
2026-07-20,AWS,us-east-2,g5.16xlarge,A10G,1.0,ondemand,4.096,4.096,instances.vantage.sh (AWS Price List mirror)
2026-07-20,AWS,us-east-2,g5.16xlarge,A10G,1.0,spot,1.092,1.092,instances.vantage.sh (AWS Price List mirror)
2026-07-20,AWS,us-east-2,g5.24xlarge,A10G,4.0,ondemand,8.144,2.036,instances.vantage.sh (AWS Price List mirror)
2026-07-20,AWS,us-east-2,g5.24xlarge,A10G,4.0,spot,2.830533,0.70763325,instances.vantage.sh (AWS Price List mirror)
2026-07-20,AWS,us-east-2,g5.2xlarge,A10G,1.0,ondemand,1.212,1.212,instances.vantage.sh (AWS Price List mirror)
2026-07-20,AWS,us-east-2,g5.2xlarge,A10G,1.0,spot,0.522133,0.522133,instances.vantage.sh (AWS Price List mirror)
2026-07-20,AWS,us-east-2,g5.48xlarge,A10G,8.0,ondemand,16.288,2.036,instances.vantage.sh (AWS Price List mirror)
2026-07-20,AWS,us-east-2,g5.48xlarge,A10G,8.0,spot,7.593533,0.949191625,instances.vantage.sh (AWS Price List mirror)
2026-07-20,AWS,us-east-2,g5.4xlarge,A10G,1.0,ondemand,1.624,1.624,instances.vantage.sh (AWS Price List mirror)
2026-07-20,AWS,us-east-2,g5.4xlarge,A10G,1.0,spot,0.7786,0.7786,instances.vantage.sh (AWS Price List mirror)
2026-07-20,AWS,us-east-2,g5.8xlarge,A10G,1.0,ondemand,2.448,2.448,instances.vantage.sh (AWS Price List mirror)
2026-07-20,AWS,us-east-2,g5.8xlarge,A10G,1.0,spot,0.851967,0.851967,instances.vantage.sh (AWS Price List mirror)
2026-07-20,AWS,us-east-2,g5.xlarge,A10G,1.0,ondemand,1.006,1.006,instances.vantage.sh (AWS Price List mirror)
2026-07-20,AWS,us-east-2,g5.xlarge,A10G,1.0,spot,0.427433,0.427433,instances.vantage.sh (AWS Price List mirror)
2026-07-20,AWS,us-east-2,g6.12xlarge,L4,4.0,ondemand,4.6016,1.1504,instances.vantage.sh (AWS Price List mirror)
2026-07-20,AWS,us-east-2,g6.12xlarge,L4,4.0,spot,1.436933,0.35923325,instances.vantage.sh (AWS Price List mirror)
2026-07-20,AWS,us-east-2,g6.16xlarge,L4,1.0,ondemand,3.3968,3.3968,instances.vantage.sh (AWS Price List mirror)
2026-07-20,AWS,us-east-2,g6.16xlarge,L4,1.0,spot,1.264433,1.264433,instances.vantage.sh (AWS Price List mirror)
2026-07-20,AWS,us-east-2,g6.24xlarge,L4,4.0,ondemand,6.6752,1.6688,instances.vantage.sh (AWS Price List mirror)
2026-07-20,AWS,us-east-2,g6.24xlarge,L4,4.0,spot,2.183933,0.54598325,instances.vantage.sh (AWS Price List mirror)
2026-07-20,AWS,us-east-2,g6.2xlarge,L4,1.0,ondemand,0.9776,0.9776,instances.vantage.sh (AWS Price List mirror)
2026-07-20,AWS,us-east-2,g6.2xlarge,L4,1.0,spot,0.2991,0.2991,instances.vantage.sh (AWS Price List mirror)
2026-07-20,AWS,us-east-2,g6.48xlarge,L4,8.0,ondemand,13.3504,1.6688,instances.vantage.sh (AWS Price List mirror)
2026-07-20,AWS,us-east-2,g6.48xlarge,L4,8.0,spot,4.530533,0.566316625,instances.vantage.sh (AWS Price List mirror)
2026-07-20,AWS,us-east-2,g6.4xlarge,L4,1.0,ondemand,1.3232,1.3232,instances.vantage.sh (AWS Price List mirror)
2026-07-20,AWS,us-east-2,g6.4xlarge,L4,1.0,spot,0.471133,0.471133,instances.vantage.sh (AWS Price List mirror)
2026-07-20,AWS,us-east-2,g6.8xlarge,L4,1.0,ondemand,2.0144,2.0144,instances.vantage.sh (AWS Price List mirror)
2026-07-20,AWS,us-east-2,g6.8xlarge,L4,1.0,spot,0.734367,0.734367,instances.vantage.sh (AWS Price List mirror)
2026-07-20,AWS,us-east-2,g6.xlarge,L4,1.0,ondemand,0.8048,0.8048,instances.vantage.sh (AWS Price List mirror)
2026-07-20,AWS,us-east-2,g6.xlarge,L4,1.0,spot,0.363233,0.363233,instances.vantage.sh (AWS Price List mirror)
2026-07-20,AWS,us-east-2,g6e.12xlarge,L40S,4.0,ondemand,10.49264,2.62316,instances.vantage.sh (AWS Price List mirror)
2026-07-20,AWS,us-east-2,g6e.12xlarge,L40S,4.0,spot,2.9986,0.74965,instances.vantage.sh (AWS Price List mirror)
2026-07-20,AWS,us-east-2,g6e.16xlarge,L40S,1.0,ondemand,7.57719,7.57719,instances.vantage.sh (AWS Price List mirror)
2026-07-20,AWS,us-east-2,g6e.16xlarge,L40S,1.0,spot,2.9647,2.9647,instances.vantage.sh (AWS Price List mirror)
2026-07-20,AWS,us-east-2,g6e.24xlarge,L40S,4.0,ondemand,15.06559,3.7663975,instances.vantage.sh (AWS Price List mirror)
2026-07-20,AWS,us-east-2,g6e.24xlarge,L40S,4.0,spot,3.405967,0.85149175,instances.vantage.sh (AWS Price List mirror)
2026-07-20,AWS,us-east-2,g6e.2xlarge,L40S,1.0,ondemand,2.24208,2.24208,instances.vantage.sh (AWS Price List mirror)
2026-07-20,AWS,us-east-2,g6e.2xlarge,L40S,1.0,spot,0.906767,0.906767,instances.vantage.sh (AWS Price List mirror)
2026-07-20,AWS,us-east-2,g6e.48xlarge,L40S,8.0,ondemand,30.13118,3.7663975,instances.vantage.sh (AWS Price List mirror)
2026-07-20,AWS,us-east-2,g6e.48xlarge,L40S,8.0,spot,7.806,0.97575,instances.vantage.sh (AWS Price List mirror)
2026-07-20,AWS,us-east-2,g6e.4xlarge,L40S,1.0,ondemand,3.00424,3.00424,instances.vantage.sh (AWS Price List mirror)
2026-07-20,AWS,us-east-2,g6e.4xlarge,L40S,1.0,spot,1.102567,1.102567,instances.vantage.sh (AWS Price List mirror)
2026-07-20,AWS,us-east-2,g6e.8xlarge,L40S,1.0,ondemand,4.52856,4.52856,instances.vantage.sh (AWS Price List mirror)
2026-07-20,AWS,us-east-2,g6e.8xlarge,L40S,1.0,spot,1.3719,1.3719,instances.vantage.sh (AWS Price List mirror)
2026-07-20,AWS,us-east-2,g6e.xlarge,L40S,1.0,ondemand,1.861,1.861,instances.vantage.sh (AWS Price List mirror)
2026-07-20,AWS,us-east-2,g6e.xlarge,L40S,1.0,spot,0.6324,0.6324,instances.vantage.sh (AWS Price List mirror)
2026-07-20,AWS,us-east-2,g6f.2xlarge,L4,0.25,ondemand,0.475,1.9,instances.vantage.sh (AWS Price List mirror)
2026-07-20,AWS,us-east-2,g6f.2xlarge,L4,0.25,spot,0.108633,0.434532,instances.vantage.sh (AWS Price List mirror)
2026-07-20,AWS,us-east-2,g6f.4xlarge,L4,0.5,ondemand,0.95,1.9,instances.vantage.sh (AWS Price List mirror)
2026-07-20,AWS,us-east-2,g6f.4xlarge,L4,0.5,spot,0.321267,0.642534,instances.vantage.sh (AWS Price List mirror)
2026-07-20,AWS,us-east-2,g6f.large,L4,0.125,ondemand,0.202,1.616,instances.vantage.sh (AWS Price List mirror)
2026-07-20,AWS,us-east-2,g6f.large,L4,0.125,spot,0.034967,0.279736,instances.vantage.sh (AWS Price List mirror)
2026-07-20,AWS,us-east-2,g6f.xlarge,L4,0.125,ondemand,0.2375,1.9,instances.vantage.sh (AWS Price List mirror)
2026-07-20,AWS,us-east-2,g6f.xlarge,L4,0.125,spot,0.091833,0.734664,instances.vantage.sh (AWS Price List mirror)
2026-07-20,AWS,us-east-2,g7.12xlarge,NVIDIA RTX PRO 4500 Blackwell,2.0,ondemand,7.12832,3.56416,instances.vantage.sh (AWS Price List mirror)
2026-07-20,AWS,us-east-2,g7.12xlarge,NVIDIA RTX PRO 4500 Blackwell,2.0,spot,0.7622,0.3811,instances.vantage.sh (AWS Price List mirror)
2026-07-20,AWS,us-east-2,g7.24xlarge,NVIDIA RTX PRO 4500 Blackwell,4.0,ondemand,14.25664,3.56416,instances.vantage.sh (AWS Price List mirror)
2026-07-20,AWS,us-east-2,g7.24xlarge,NVIDIA RTX PRO 4500 Blackwell,4.0,spot,1.9058,0.47645,instances.vantage.sh (AWS Price List mirror)
2026-07-20,AWS,us-east-2,g7.2xlarge,NVIDIA RTX PRO 4500 Blackwell,1.0,ondemand,2.52,2.52,instances.vantage.sh (AWS Price List mirror)
2026-07-20,AWS,us-east-2,g7.2xlarge,NVIDIA RTX PRO 4500 Blackwell,1.0,spot,0.455233,0.455233,instances.vantage.sh (AWS Price List mirror)
2026-07-20,AWS,us-east-2,g7.48xlarge,NVIDIA RTX PRO 4500 Blackwell,8.0,ondemand,28.51328,3.56416,instances.vantage.sh (AWS Price List mirror)
2026-07-20,AWS,us-east-2,g7.48xlarge,NVIDIA RTX PRO 4500 Blackwell,8.0,spot,3.169467,0.396183375,instances.vantage.sh (AWS Price List mirror)
2026-07-20,AWS,us-east-2,g7.4xlarge,NVIDIA RTX PRO 4500 Blackwell,1.0,ondemand,3.04208,3.04208,instances.vantage.sh (AWS Price List mirror)
2026-07-20,AWS,us-east-2,g7.4xlarge,NVIDIA RTX PRO 4500 Blackwell,1.0,spot,0.497433,0.497433,instances.vantage.sh (AWS Price List mirror)
2026-07-20,AWS,us-east-2,g7.8xlarge,NVIDIA RTX PRO 4500 Blackwell,1.0,ondemand,4.08624,4.08624,instances.vantage.sh (AWS Price List mirror)
2026-07-20,AWS,us-east-2,g7.8xlarge,NVIDIA RTX PRO 4500 Blackwell,1.0,spot,0.488267,0.488267,instances.vantage.sh (AWS Price List mirror)
2026-07-20,AWS,us-east-2,g7e.12xlarge,NVIDIA GB202,2.0,ondemand,8.28608,4.14304,instances.vantage.sh (AWS Price List mirror)
2026-07-20,AWS,us-east-2,g7e.12xlarge,NVIDIA GB202,2.0,spot,2.3839,1.19195,instances.vantage.sh (AWS Price List mirror)
2026-07-20,AWS,us-east-2,g7e.24xlarge,NVIDIA GB202,4.0,ondemand,16.57216,4.14304,instances.vantage.sh (AWS Price List mirror)
2026-07-20,AWS,us-east-2,g7e.24xlarge,NVIDIA GB202,4.0,spot,4.80685,1.2017125,instances.vantage.sh (AWS Price List mirror)
2026-07-20,AWS,us-east-2,g7e.2xlarge,NVIDIA GB202,1.0,ondemand,3.36312,3.36312,instances.vantage.sh (AWS Price List mirror)
2026-07-20,AWS,us-east-2,g7e.2xlarge,NVIDIA GB202,1.0,spot,1.38695,1.38695,instances.vantage.sh (AWS Price List mirror)
2026-07-20,AWS,us-east-2,g7e.48xlarge,NVIDIA GB202,8.0,ondemand,33.14432,4.14304,instances.vantage.sh (AWS Price List mirror)
2026-07-20,AWS,us-east-2,g7e.48xlarge,NVIDIA GB202,8.0,spot,9.0747,1.1343375,instances.vantage.sh (AWS Price List mirror)
2026-07-20,AWS,us-east-2,g7e.4xlarge,NVIDIA GB202,1.0,ondemand,3.99816,3.99816,instances.vantage.sh (AWS Price List mirror)
2026-07-20,AWS,us-east-2,g7e.4xlarge,NVIDIA GB202,1.0,spot,1.45795,1.45795,instances.vantage.sh (AWS Price List mirror)
2026-07-20,AWS,us-east-2,g7e.8xlarge,NVIDIA GB202,1.0,ondemand,5.26824,5.26824,instances.vantage.sh (AWS Price List mirror)
2026-07-20,AWS,us-east-2,g7e.8xlarge,NVIDIA GB202,1.0,spot,1.3965,1.3965,instances.vantage.sh (AWS Price List mirror)
2026-07-20,AWS,us-east-2,gr6.4xlarge,L4,1.0,ondemand,1.5392,1.5392,instances.vantage.sh (AWS Price List mirror)
2026-07-20,AWS,us-east-2,gr6.4xlarge,L4,1.0,spot,0.459667,0.459667,instances.vantage.sh (AWS Price List mirror)
2026-07-20,AWS,us-east-2,gr6.8xlarge,L4,1.0,ondemand,2.4464,2.4464,instances.vantage.sh (AWS Price List mirror)
2026-07-20,AWS,us-east-2,gr6.8xlarge,L4,1.0,spot,0.602867,0.602867,instances.vantage.sh (AWS Price List mirror)
2026-07-20,AWS,us-east-2,gr6f.4xlarge,L4,0.5,ondemand,1.066,2.132,instances.vantage.sh (AWS Price List mirror)
2026-07-20,AWS,us-east-2,gr6f.4xlarge,L4,0.5,spot,0.3301,0.6602,instances.vantage.sh (AWS Price List mirror)
2026-07-20,AWS,us-east-2,p2.16xlarge,K80,16.0,ondemand,14.4,0.9,instances.vantage.sh (AWS Price List mirror)
2026-07-20,AWS,us-east-2,p2.8xlarge,K80,8.0,ondemand,7.2,0.9,instances.vantage.sh (AWS Price List mirror)
2026-07-20,AWS,us-east-2,p2.xlarge,K80,1.0,ondemand,0.9,0.9,instances.vantage.sh (AWS Price List mirror)
2026-07-20,AWS,us-east-2,p3.16xlarge,V100,8.0,ondemand,24.48,3.06,instances.vantage.sh (AWS Price List mirror)
2026-07-20,AWS,us-east-2,p3.16xlarge,V100,8.0,spot,14.1719,1.7714875,instances.vantage.sh (AWS Price List mirror)
2026-07-20,AWS,us-east-2,p3.2xlarge,V100,1.0,ondemand,3.06,3.06,instances.vantage.sh (AWS Price List mirror)
2026-07-20,AWS,us-east-2,p3.2xlarge,V100,1.0,spot,0.7881,0.7881,instances.vantage.sh (AWS Price List mirror)
2026-07-20,AWS,us-east-2,p3.8xlarge,V100,4.0,ondemand,12.24,3.06,instances.vantage.sh (AWS Price List mirror)
2026-07-20,AWS,us-east-2,p3.8xlarge,V100,4.0,spot,3.19885,0.7997125,instances.vantage.sh (AWS Price List mirror)
2026-07-20,AWS,us-east-2,p4d.24xlarge,A100,8.0,ondemand,21.95764,2.744705,instances.vantage.sh (AWS Price List mirror)
2026-07-20,AWS,us-east-2,p4d.24xlarge,A100,8.0,spot,14.283167,1.785395875,instances.vantage.sh (AWS Price List mirror)
2026-07-20,AWS,us-east-2,p5.48xlarge,H100,8.0,ondemand,55.04,6.88,instances.vantage.sh (AWS Price List mirror)
2026-07-20,AWS,us-east-2,p5.48xlarge,H100,8.0,spot,19.817667,2.477208375,instances.vantage.sh (AWS Price List mirror)
2026-07-20,AWS,us-east-2,p5.4xlarge,H100,1.0,ondemand,6.88,6.88,instances.vantage.sh (AWS Price List mirror)
2026-07-20,AWS,us-east-2,p5.4xlarge,H100,1.0,spot,2.6295,2.6295,instances.vantage.sh (AWS Price List mirror)
2026-07-20,AWS,us-east-2,p5en.48xlarge,H200,8.0,ondemand,63.296,7.912,instances.vantage.sh (AWS Price List mirror)
2026-07-20,AWS,us-east-2,p5en.48xlarge,H200,8.0,spot,25.869767,3.233720875,instances.vantage.sh (AWS Price List mirror)
2026-07-20,AWS,us-east-2,p6-b200.48xlarge,B200,8.0,ondemand,113.9328,14.2416,instances.vantage.sh (AWS Price List mirror)
2026-07-20,AWS,us-east-2,p6-b200.48xlarge,B200,8.0,spot,40.8527,5.1065875,instances.vantage.sh (AWS Price List mirror)
2026-07-20,AWS,us-gov-east-1,g4dn.12xlarge,T4,4.0,ondemand,4.931,1.23275,instances.vantage.sh (AWS Price List mirror)
2026-07-20,AWS,us-gov-east-1,g4dn.16xlarge,T4,1.0,ondemand,5.486,5.486,instances.vantage.sh (AWS Price List mirror)
2026-07-20,AWS,us-gov-east-1,g4dn.2xlarge,T4,1.0,ondemand,0.948,0.948,instances.vantage.sh (AWS Price List mirror)
2026-07-20,AWS,us-gov-east-1,g4dn.4xlarge,T4,1.0,ondemand,1.518,1.518,instances.vantage.sh (AWS Price List mirror)
2026-07-20,AWS,us-gov-east-1,g4dn.8xlarge,T4,1.0,ondemand,2.743,2.743,instances.vantage.sh (AWS Price List mirror)
2026-07-20,AWS,us-gov-east-1,g4dn.xlarge,T4,1.0,ondemand,0.663,0.663,instances.vantage.sh (AWS Price List mirror)
2026-07-20,AWS,us-gov-east-1,g6.12xlarge,L4,4.0,ondemand,5.80003,1.4500075,instances.vantage.sh (AWS Price List mirror)
2026-07-20,AWS,us-gov-east-1,g6.16xlarge,L4,1.0,ondemand,4.28145,4.28145,instances.vantage.sh (AWS Price List mirror)
2026-07-20,AWS,us-gov-east-1,g6.24xlarge,L4,4.0,ondemand,8.41367,2.1034175,instances.vantage.sh (AWS Price List mirror)
2026-07-20,AWS,us-gov-east-1,g6.2xlarge,L4,1.0,ondemand,1.2322,1.2322,instances.vantage.sh (AWS Price List mirror)
2026-07-20,AWS,us-gov-east-1,g6.48xlarge,L4,8.0,ondemand,16.82734,2.1034175,instances.vantage.sh (AWS Price List mirror)
2026-07-20,AWS,us-gov-east-1,g6.4xlarge,L4,1.0,ondemand,1.66781,1.66781,instances.vantage.sh (AWS Price List mirror)
2026-07-20,AWS,us-gov-east-1,g6.8xlarge,L4,1.0,ondemand,2.53903,2.53903,instances.vantage.sh (AWS Price List mirror)
2026-07-20,AWS,us-gov-east-1,g6.xlarge,L4,1.0,ondemand,1.0144,1.0144,instances.vantage.sh (AWS Price List mirror)
2026-07-20,AWS,us-gov-east-1,gr6.4xlarge,L4,1.0,ondemand,1.9401,1.9401,instances.vantage.sh (AWS Price List mirror)
2026-07-20,AWS,us-gov-east-1,gr6.8xlarge,L4,1.0,ondemand,3.08359,3.08359,instances.vantage.sh (AWS Price List mirror)
2026-07-20,AWS,us-gov-east-1,p3dn.24xlarge,V100,8.0,ondemand,37.454,4.68175,instances.vantage.sh (AWS Price List mirror)
2026-07-20,AWS,us-gov-east-1,p6-b200.48xlarge,B200,8.0,ondemand,136.71936,17.08992,instances.vantage.sh (AWS Price List mirror)
2026-07-20,AWS,us-gov-east-1,p6-b300.48xlarge,NVIDIA B300,8.0,ondemand,170.9,21.3625,instances.vantage.sh (AWS Price List mirror)
2026-07-20,AWS,us-gov-west-1,g3.16xlarge,M60,4.0,ondemand,5.28,1.32,instances.vantage.sh (AWS Price List mirror)
2026-07-20,AWS,us-gov-west-1,g3.4xlarge,M60,1.0,ondemand,1.32,1.32,instances.vantage.sh (AWS Price List mirror)
2026-07-20,AWS,us-gov-west-1,g3.8xlarge,M60,2.0,ondemand,2.64,1.32,instances.vantage.sh (AWS Price List mirror)
2026-07-20,AWS,us-gov-west-1,g3s.xlarge,M60,1.0,ondemand,0.868,0.868,instances.vantage.sh (AWS Price List mirror)
2026-07-20,AWS,us-gov-west-1,g4dn.12xlarge,T4,4.0,ondemand,4.931,1.23275,instances.vantage.sh (AWS Price List mirror)
2026-07-20,AWS,us-gov-west-1,g4dn.16xlarge,T4,1.0,ondemand,5.486,5.486,instances.vantage.sh (AWS Price List mirror)
2026-07-20,AWS,us-gov-west-1,g4dn.2xlarge,T4,1.0,ondemand,0.948,0.948,instances.vantage.sh (AWS Price List mirror)
2026-07-20,AWS,us-gov-west-1,g4dn.4xlarge,T4,1.0,ondemand,1.518,1.518,instances.vantage.sh (AWS Price List mirror)
2026-07-20,AWS,us-gov-west-1,g4dn.8xlarge,T4,1.0,ondemand,2.743,2.743,instances.vantage.sh (AWS Price List mirror)
2026-07-20,AWS,us-gov-west-1,g4dn.metal,T4,8.0,ondemand,9.862,1.23275,instances.vantage.sh (AWS Price List mirror)
2026-07-20,AWS,us-gov-west-1,g4dn.xlarge,T4,1.0,ondemand,0.663,0.663,instances.vantage.sh (AWS Price List mirror)
2026-07-20,AWS,us-gov-west-1,g6.12xlarge,L4,4.0,ondemand,5.80003,1.4500075,instances.vantage.sh (AWS Price List mirror)
2026-07-20,AWS,us-gov-west-1,g6.16xlarge,L4,1.0,ondemand,4.28145,4.28145,instances.vantage.sh (AWS Price List mirror)
2026-07-20,AWS,us-gov-west-1,g6.24xlarge,L4,4.0,ondemand,8.41367,2.1034175,instances.vantage.sh (AWS Price List mirror)
2026-07-20,AWS,us-gov-west-1,g6.2xlarge,L4,1.0,ondemand,1.2322,1.2322,instances.vantage.sh (AWS Price List mirror)
2026-07-20,AWS,us-gov-west-1,g6.48xlarge,L4,8.0,ondemand,16.82734,2.1034175,instances.vantage.sh (AWS Price List mirror)
2026-07-20,AWS,us-gov-west-1,g6.4xlarge,L4,1.0,ondemand,1.66781,1.66781,instances.vantage.sh (AWS Price List mirror)
2026-07-20,AWS,us-gov-west-1,g6.8xlarge,L4,1.0,ondemand,2.53903,2.53903,instances.vantage.sh (AWS Price List mirror)
2026-07-20,AWS,us-gov-west-1,g6.xlarge,L4,1.0,ondemand,1.0144,1.0144,instances.vantage.sh (AWS Price List mirror)
2026-07-20,AWS,us-gov-west-1,gr6.4xlarge,L4,1.0,ondemand,1.9401,1.9401,instances.vantage.sh (AWS Price List mirror)
2026-07-20,AWS,us-gov-west-1,gr6.8xlarge,L4,1.0,ondemand,3.08359,3.08359,instances.vantage.sh (AWS Price List mirror)
2026-07-20,AWS,us-gov-west-1,p2.16xlarge,K80,16.0,ondemand,17.28,1.08,instances.vantage.sh (AWS Price List mirror)
2026-07-20,AWS,us-gov-west-1,p2.8xlarge,K80,8.0,ondemand,8.64,1.08,instances.vantage.sh (AWS Price List mirror)
2026-07-20,AWS,us-gov-west-1,p2.xlarge,K80,1.0,ondemand,1.08,1.08,instances.vantage.sh (AWS Price List mirror)
2026-07-20,AWS,us-gov-west-1,p3.16xlarge,V100,8.0,ondemand,29.376,3.672,instances.vantage.sh (AWS Price List mirror)
2026-07-20,AWS,us-gov-west-1,p3.2xlarge,V100,1.0,ondemand,3.672,3.672,instances.vantage.sh (AWS Price List mirror)
2026-07-20,AWS,us-gov-west-1,p3.8xlarge,V100,4.0,ondemand,14.688,3.672,instances.vantage.sh (AWS Price List mirror)
2026-07-20,AWS,us-gov-west-1,p3dn.24xlarge,V100,8.0,ondemand,37.454,4.68175,instances.vantage.sh (AWS Price List mirror)
2026-07-20,AWS,us-gov-west-1,p4d.24xlarge,A100,8.0,ondemand,26.3511,3.2938875,instances.vantage.sh (AWS Price List mirror)
2026-07-20,AWS,us-gov-west-1,p5.48xlarge,H100,8.0,ondemand,66.048,8.256,instances.vantage.sh (AWS Price List mirror)
2026-07-20,AWS,us-gov-west-1,p5.4xlarge,H100,1.0,ondemand,8.256,8.256,instances.vantage.sh (AWS Price List mirror)
2026-07-20,AWS,us-gov-west-1,p5en.48xlarge,H200,8.0,ondemand,75.9552,9.4944,instances.vantage.sh (AWS Price List mirror)
2026-07-20,AWS,us-gov-west-1,p6-b200.48xlarge,B200,8.0,ondemand,136.71936,17.08992,instances.vantage.sh (AWS Price List mirror)
2026-07-20,AWS,us-west-1,g2.2xlarge,K520,1.0,ondemand,0.702,0.702,instances.vantage.sh (AWS Price List mirror)
2026-07-20,AWS,us-west-1,g2.8xlarge,K520,4.0,ondemand,2.808,0.702,instances.vantage.sh (AWS Price List mirror)
2026-07-20,AWS,us-west-1,g3.16xlarge,M60,4.0,ondemand,6.136,1.534,instances.vantage.sh (AWS Price List mirror)
2026-07-20,AWS,us-west-1,g3.4xlarge,M60,1.0,ondemand,1.534,1.534,instances.vantage.sh (AWS Price List mirror)
2026-07-20,AWS,us-west-1,g3.8xlarge,M60,2.0,ondemand,3.068,1.534,instances.vantage.sh (AWS Price List mirror)
2026-07-20,AWS,us-west-1,g4dn.12xlarge,T4,4.0,ondemand,4.694,1.1735,instances.vantage.sh (AWS Price List mirror)
2026-07-20,AWS,us-west-1,g4dn.12xlarge,T4,4.0,spot,2.1387,0.534675,instances.vantage.sh (AWS Price List mirror)
2026-07-20,AWS,us-west-1,g4dn.16xlarge,T4,1.0,ondemand,5.222,5.222,instances.vantage.sh (AWS Price List mirror)
2026-07-20,AWS,us-west-1,g4dn.16xlarge,T4,1.0,spot,1.47735,1.47735,instances.vantage.sh (AWS Price List mirror)
2026-07-20,AWS,us-west-1,g4dn.2xlarge,T4,1.0,ondemand,0.902,0.902,instances.vantage.sh (AWS Price List mirror)
2026-07-20,AWS,us-west-1,g4dn.2xlarge,T4,1.0,spot,0.55335,0.55335,instances.vantage.sh (AWS Price List mirror)
2026-07-20,AWS,us-west-1,g4dn.4xlarge,T4,1.0,ondemand,1.445,1.445,instances.vantage.sh (AWS Price List mirror)
2026-07-20,AWS,us-west-1,g4dn.4xlarge,T4,1.0,spot,1.0321,1.0321,instances.vantage.sh (AWS Price List mirror)
2026-07-20,AWS,us-west-1,g4dn.8xlarge,T4,1.0,ondemand,2.611,2.611,instances.vantage.sh (AWS Price List mirror)
2026-07-20,AWS,us-west-1,g4dn.8xlarge,T4,1.0,spot,1.0637,1.0637,instances.vantage.sh (AWS Price List mirror)
2026-07-20,AWS,us-west-1,g4dn.metal,T4,8.0,ondemand,9.389,1.173625,instances.vantage.sh (AWS Price List mirror)
2026-07-20,AWS,us-west-1,g4dn.metal,T4,8.0,spot,3.52235,0.44029375,instances.vantage.sh (AWS Price List mirror)
2026-07-20,AWS,us-west-1,g4dn.xlarge,T4,1.0,ondemand,0.631,0.631,instances.vantage.sh (AWS Price List mirror)
2026-07-20,AWS,us-west-1,g4dn.xlarge,T4,1.0,spot,0.45935,0.45935,instances.vantage.sh (AWS Price List mirror)
2026-07-20,AWS,us-west-1,p5.48xlarge,H100,8.0,ondemand,68.8,8.6,instances.vantage.sh (AWS Price List mirror)
2026-07-20,AWS,us-west-1,p5.48xlarge,H100,8.0,spot,68.8,8.6,instances.vantage.sh (AWS Price List mirror)
2026-07-20,AWS,us-west-1,p5en.48xlarge,H200,8.0,ondemand,79.12,9.89,instances.vantage.sh (AWS Price List mirror)
2026-07-20,AWS,us-west-1,p5en.48xlarge,H200,8.0,spot,79.12,9.89,instances.vantage.sh (AWS Price List mirror)
2026-07-20,AWS,us-west-2,dl2q.24xlarge,Qualcomm AI 100 Accelerators,8.0,ondemand,8.9194,1.114925,instances.vantage.sh (AWS Price List mirror)
2026-07-20,AWS,us-west-2,dl2q.24xlarge,Qualcomm AI 100 Accelerators,8.0,spot,1.9348,0.24185,instances.vantage.sh (AWS Price List mirror)
2026-07-20,AWS,us-west-2,g2.2xlarge,K520,1.0,ondemand,0.65,0.65,instances.vantage.sh (AWS Price List mirror)
2026-07-20,AWS,us-west-2,g2.8xlarge,K520,4.0,ondemand,2.6,0.65,instances.vantage.sh (AWS Price List mirror)
2026-07-20,AWS,us-west-2,g3.16xlarge,M60,4.0,ondemand,4.56,1.14,instances.vantage.sh (AWS Price List mirror)
2026-07-20,AWS,us-west-2,g3.4xlarge,M60,1.0,ondemand,1.14,1.14,instances.vantage.sh (AWS Price List mirror)
2026-07-20,AWS,us-west-2,g3.8xlarge,M60,2.0,ondemand,2.28,1.14,instances.vantage.sh (AWS Price List mirror)
2026-07-20,AWS,us-west-2,g3s.xlarge,M60,1.0,ondemand,0.75,0.75,instances.vantage.sh (AWS Price List mirror)
2026-07-20,AWS,us-west-2,g4ad.16xlarge,V520,4.0,ondemand,3.468,0.867,instances.vantage.sh (AWS Price List mirror)
2026-07-20,AWS,us-west-2,g4ad.16xlarge,V520,4.0,spot,1.314033,0.32850825,instances.vantage.sh (AWS Price List mirror)
2026-07-20,AWS,us-west-2,g4ad.2xlarge,V520,1.0,ondemand,0.54117,0.54117,instances.vantage.sh (AWS Price List mirror)
2026-07-20,AWS,us-west-2,g4ad.2xlarge,V520,1.0,spot,0.2578,0.2578,instances.vantage.sh (AWS Price List mirror)
2026-07-20,AWS,us-west-2,g4ad.4xlarge,V520,1.0,ondemand,0.867,0.867,instances.vantage.sh (AWS Price List mirror)
2026-07-20,AWS,us-west-2,g4ad.4xlarge,V520,1.0,spot,0.370533,0.370533,instances.vantage.sh (AWS Price List mirror)
2026-07-20,AWS,us-west-2,g4ad.8xlarge,V520,2.0,ondemand,1.734,0.867,instances.vantage.sh (AWS Price List mirror)
2026-07-20,AWS,us-west-2,g4ad.8xlarge,V520,2.0,spot,0.610767,0.3053835,instances.vantage.sh (AWS Price List mirror)
2026-07-20,AWS,us-west-2,g4ad.xlarge,V520,1.0,ondemand,0.37853,0.37853,instances.vantage.sh (AWS Price List mirror)
2026-07-20,AWS,us-west-2,g4ad.xlarge,V520,1.0,spot,0.173367,0.173367,instances.vantage.sh (AWS Price List mirror)
2026-07-20,AWS,us-west-2,g4dn.12xlarge,T4,4.0,ondemand,3.912,0.978,instances.vantage.sh (AWS Price List mirror)
2026-07-20,AWS,us-west-2,g4dn.12xlarge,T4,4.0,spot,1.452533,0.36313325,instances.vantage.sh (AWS Price List mirror)
2026-07-20,AWS,us-west-2,g4dn.16xlarge,T4,1.0,ondemand,4.352,4.352,instances.vantage.sh (AWS Price List mirror)
2026-07-20,AWS,us-west-2,g4dn.16xlarge,T4,1.0,spot,1.335067,1.335067,instances.vantage.sh (AWS Price List mirror)
2026-07-20,AWS,us-west-2,g4dn.2xlarge,T4,1.0,ondemand,0.752,0.752,instances.vantage.sh (AWS Price List mirror)
2026-07-20,AWS,us-west-2,g4dn.2xlarge,T4,1.0,spot,0.278,0.278,instances.vantage.sh (AWS Price List mirror)
2026-07-20,AWS,us-west-2,g4dn.4xlarge,T4,1.0,ondemand,1.204,1.204,instances.vantage.sh (AWS Price List mirror)
2026-07-20,AWS,us-west-2,g4dn.4xlarge,T4,1.0,spot,0.401233,0.401233,instances.vantage.sh (AWS Price List mirror)
2026-07-20,AWS,us-west-2,g4dn.8xlarge,T4,1.0,ondemand,2.176,2.176,instances.vantage.sh (AWS Price List mirror)
2026-07-20,AWS,us-west-2,g4dn.8xlarge,T4,1.0,spot,0.709533,0.709533,instances.vantage.sh (AWS Price List mirror)
2026-07-20,AWS,us-west-2,g4dn.metal,T4,8.0,ondemand,7.824,0.978,instances.vantage.sh (AWS Price List mirror)
2026-07-20,AWS,us-west-2,g4dn.metal,T4,8.0,spot,3.758067,0.469758375,instances.vantage.sh (AWS Price List mirror)
2026-07-20,AWS,us-west-2,g4dn.xlarge,T4,1.0,ondemand,0.526,0.526,instances.vantage.sh (AWS Price List mirror)
2026-07-20,AWS,us-west-2,g4dn.xlarge,T4,1.0,spot,0.195833,0.195833,instances.vantage.sh (AWS Price List mirror)
2026-07-20,AWS,us-west-2,g5.12xlarge,A10G,4.0,ondemand,5.672,1.418,instances.vantage.sh (AWS Price List mirror)
2026-07-20,AWS,us-west-2,g5.12xlarge,A10G,4.0,spot,3.242133,0.81053325,instances.vantage.sh (AWS Price List mirror)
2026-07-20,AWS,us-west-2,g5.16xlarge,A10G,1.0,ondemand,4.096,4.096,instances.vantage.sh (AWS Price List mirror)
2026-07-20,AWS,us-west-2,g5.16xlarge,A10G,1.0,spot,1.4281,1.4281,instances.vantage.sh (AWS Price List mirror)
2026-07-20,AWS,us-west-2,g5.24xlarge,A10G,4.0,ondemand,8.144,2.036,instances.vantage.sh (AWS Price List mirror)
2026-07-20,AWS,us-west-2,g5.24xlarge,A10G,4.0,spot,4.680433,1.17010825,instances.vantage.sh (AWS Price List mirror)
2026-07-20,AWS,us-west-2,g5.2xlarge,A10G,1.0,ondemand,1.212,1.212,instances.vantage.sh (AWS Price List mirror)
2026-07-20,AWS,us-west-2,g5.2xlarge,A10G,1.0,spot,0.636633,0.636633,instances.vantage.sh (AWS Price List mirror)
2026-07-20,AWS,us-west-2,g5.48xlarge,A10G,8.0,ondemand,16.288,2.036,instances.vantage.sh (AWS Price List mirror)
2026-07-20,AWS,us-west-2,g5.48xlarge,A10G,8.0,spot,4.910067,0.613758375,instances.vantage.sh (AWS Price List mirror)
2026-07-20,AWS,us-west-2,g5.4xlarge,A10G,1.0,ondemand,1.624,1.624,instances.vantage.sh (AWS Price List mirror)
2026-07-20,AWS,us-west-2,g5.4xlarge,A10G,1.0,spot,0.615767,0.615767,instances.vantage.sh (AWS Price List mirror)
2026-07-20,AWS,us-west-2,g5.8xlarge,A10G,1.0,ondemand,2.448,2.448,instances.vantage.sh (AWS Price List mirror)
2026-07-20,AWS,us-west-2,g5.8xlarge,A10G,1.0,spot,0.929233,0.929233,instances.vantage.sh (AWS Price List mirror)
2026-07-20,AWS,us-west-2,g5.xlarge,A10G,1.0,ondemand,1.006,1.006,instances.vantage.sh (AWS Price List mirror)
2026-07-20,AWS,us-west-2,g5.xlarge,A10G,1.0,spot,0.6624,0.6624,instances.vantage.sh (AWS Price List mirror)
2026-07-20,AWS,us-west-2,g5g.16xlarge,T4G,2.0,ondemand,2.744,1.372,instances.vantage.sh (AWS Price List mirror)
2026-07-20,AWS,us-west-2,g5g.16xlarge,T4G,2.0,spot,0.935633,0.4678165,instances.vantage.sh (AWS Price List mirror)
2026-07-20,AWS,us-west-2,g5g.2xlarge,T4G,1.0,ondemand,0.556,0.556,instances.vantage.sh (AWS Price List mirror)
2026-07-20,AWS,us-west-2,g5g.2xlarge,T4G,1.0,spot,0.1933,0.1933,instances.vantage.sh (AWS Price List mirror)
2026-07-20,AWS,us-west-2,g5g.4xlarge,T4G,1.0,ondemand,0.828,0.828,instances.vantage.sh (AWS Price List mirror)
2026-07-20,AWS,us-west-2,g5g.4xlarge,T4G,1.0,spot,0.260133,0.260133,instances.vantage.sh (AWS Price List mirror)
2026-07-20,AWS,us-west-2,g5g.8xlarge,T4G,1.0,ondemand,1.372,1.372,instances.vantage.sh (AWS Price List mirror)
2026-07-20,AWS,us-west-2,g5g.8xlarge,T4G,1.0,spot,0.467567,0.467567,instances.vantage.sh (AWS Price List mirror)
2026-07-20,AWS,us-west-2,g5g.metal,T4G,2.0,ondemand,2.744,1.372,instances.vantage.sh (AWS Price List mirror)
2026-07-20,AWS,us-west-2,g5g.metal,T4G,2.0,spot,0.5094,0.2547,instances.vantage.sh (AWS Price List mirror)
2026-07-20,AWS,us-west-2,g5g.xlarge,T4G,1.0,ondemand,0.42,0.42,instances.vantage.sh (AWS Price List mirror)
2026-07-20,AWS,us-west-2,g5g.xlarge,T4G,1.0,spot,0.1328,0.1328,instances.vantage.sh (AWS Price List mirror)
2026-07-20,AWS,us-west-2,g6.12xlarge,L4,4.0,ondemand,4.6016,1.1504,instances.vantage.sh (AWS Price List mirror)
2026-07-20,AWS,us-west-2,g6.12xlarge,L4,4.0,spot,1.861475,0.46536875,instances.vantage.sh (AWS Price List mirror)
2026-07-20,AWS,us-west-2,g6.16xlarge,L4,1.0,ondemand,3.3968,3.3968,instances.vantage.sh (AWS Price List mirror)
2026-07-20,AWS,us-west-2,g6.16xlarge,L4,1.0,spot,1.6934,1.6934,instances.vantage.sh (AWS Price List mirror)
2026-07-20,AWS,us-west-2,g6.24xlarge,L4,4.0,ondemand,6.6752,1.6688,instances.vantage.sh (AWS Price List mirror)
2026-07-20,AWS,us-west-2,g6.24xlarge,L4,4.0,spot,2.6356,0.6589,instances.vantage.sh (AWS Price List mirror)
2026-07-20,AWS,us-west-2,g6.2xlarge,L4,1.0,ondemand,0.9776,0.9776,instances.vantage.sh (AWS Price List mirror)
2026-07-20,AWS,us-west-2,g6.2xlarge,L4,1.0,spot,0.5191,0.5191,instances.vantage.sh (AWS Price List mirror)
2026-07-20,AWS,us-west-2,g6.48xlarge,L4,8.0,ondemand,13.3504,1.6688,instances.vantage.sh (AWS Price List mirror)
2026-07-20,AWS,us-west-2,g6.48xlarge,L4,8.0,spot,6.109975,0.763746875,instances.vantage.sh (AWS Price List mirror)
2026-07-20,AWS,us-west-2,g6.4xlarge,L4,1.0,ondemand,1.3232,1.3232,instances.vantage.sh (AWS Price List mirror)
2026-07-20,AWS,us-west-2,g6.4xlarge,L4,1.0,spot,0.633975,0.633975,instances.vantage.sh (AWS Price List mirror)
2026-07-20,AWS,us-west-2,g6.8xlarge,L4,1.0,ondemand,2.0144,2.0144,instances.vantage.sh (AWS Price List mirror)
2026-07-20,AWS,us-west-2,g6.8xlarge,L4,1.0,spot,0.94055,0.94055,instances.vantage.sh (AWS Price List mirror)
2026-07-20,AWS,us-west-2,g6.xlarge,L4,1.0,ondemand,0.8048,0.8048,instances.vantage.sh (AWS Price List mirror)
2026-07-20,AWS,us-west-2,g6.xlarge,L4,1.0,spot,0.4556,0.4556,instances.vantage.sh (AWS Price List mirror)
2026-07-20,AWS,us-west-2,g6e.12xlarge,L40S,4.0,ondemand,10.49264,2.62316,instances.vantage.sh (AWS Price List mirror)
2026-07-20,AWS,us-west-2,g6e.12xlarge,L40S,4.0,spot,4.890275,1.22256875,instances.vantage.sh (AWS Price List mirror)
2026-07-20,AWS,us-west-2,g6e.16xlarge,L40S,1.0,ondemand,7.57719,7.57719,instances.vantage.sh (AWS Price List mirror)
2026-07-20,AWS,us-west-2,g6e.16xlarge,L40S,1.0,spot,2.984425,2.984425,instances.vantage.sh (AWS Price List mirror)
2026-07-20,AWS,us-west-2,g6e.24xlarge,L40S,4.0,ondemand,15.06559,3.7663975,instances.vantage.sh (AWS Price List mirror)
2026-07-20,AWS,us-west-2,g6e.24xlarge,L40S,4.0,spot,4.8723,1.218075,instances.vantage.sh (AWS Price List mirror)
2026-07-20,AWS,us-west-2,g6e.2xlarge,L40S,1.0,ondemand,2.24208,2.24208,instances.vantage.sh (AWS Price List mirror)
2026-07-20,AWS,us-west-2,g6e.2xlarge,L40S,1.0,spot,1.10155,1.10155,instances.vantage.sh (AWS Price List mirror)
2026-07-20,AWS,us-west-2,g6e.48xlarge,L40S,8.0,ondemand,30.13118,3.7663975,instances.vantage.sh (AWS Price List mirror)
2026-07-20,AWS,us-west-2,g6e.48xlarge,L40S,8.0,spot,10.52665,1.31583125,instances.vantage.sh (AWS Price List mirror)
2026-07-20,AWS,us-west-2,g6e.4xlarge,L40S,1.0,ondemand,3.00424,3.00424,instances.vantage.sh (AWS Price List mirror)
2026-07-20,AWS,us-west-2,g6e.4xlarge,L40S,1.0,spot,1.325225,1.325225,instances.vantage.sh (AWS Price List mirror)
2026-07-20,AWS,us-west-2,g6e.8xlarge,L40S,1.0,ondemand,4.52856,4.52856,instances.vantage.sh (AWS Price List mirror)
2026-07-20,AWS,us-west-2,g6e.8xlarge,L40S,1.0,spot,1.670925,1.670925,instances.vantage.sh (AWS Price List mirror)
2026-07-20,AWS,us-west-2,g6e.xlarge,L40S,1.0,ondemand,1.861,1.861,instances.vantage.sh (AWS Price List mirror)
2026-07-20,AWS,us-west-2,g6e.xlarge,L40S,1.0,spot,1.033675,1.033675,instances.vantage.sh (AWS Price List mirror)
2026-07-20,AWS,us-west-2,g6f.2xlarge,L4,0.25,ondemand,0.475,1.9,instances.vantage.sh (AWS Price List mirror)
2026-07-20,AWS,us-west-2,g6f.2xlarge,L4,0.25,spot,0.19175,0.767,instances.vantage.sh (AWS Price List mirror)
2026-07-20,AWS,us-west-2,g6f.4xlarge,L4,0.5,ondemand,0.95,1.9,instances.vantage.sh (AWS Price List mirror)
2026-07-20,AWS,us-west-2,g6f.4xlarge,L4,0.5,spot,0.3845,0.769,instances.vantage.sh (AWS Price List mirror)
2026-07-20,AWS,us-west-2,g6f.large,L4,0.125,ondemand,0.202,1.616,instances.vantage.sh (AWS Price List mirror)
2026-07-20,AWS,us-west-2,g6f.large,L4,0.125,spot,0.0524,0.4192,instances.vantage.sh (AWS Price List mirror)
2026-07-20,AWS,us-west-2,g6f.xlarge,L4,0.125,ondemand,0.2375,1.9,instances.vantage.sh (AWS Price List mirror)
2026-07-20,AWS,us-west-2,g6f.xlarge,L4,0.125,spot,0.085225,0.6818,instances.vantage.sh (AWS Price List mirror)
2026-07-20,AWS,us-west-2,g7.12xlarge,NVIDIA RTX PRO 4500 Blackwell,2.0,ondemand,7.12832,3.56416,instances.vantage.sh (AWS Price List mirror)
2026-07-20,AWS,us-west-2,g7.12xlarge,NVIDIA RTX PRO 4500 Blackwell,2.0,spot,2.41545,1.207725,instances.vantage.sh (AWS Price List mirror)
2026-07-20,AWS,us-west-2,g7.24xlarge,NVIDIA RTX PRO 4500 Blackwell,4.0,ondemand,14.25664,3.56416,instances.vantage.sh (AWS Price List mirror)
2026-07-20,AWS,us-west-2,g7.24xlarge,NVIDIA RTX PRO 4500 Blackwell,4.0,spot,2.910675,0.72766875,instances.vantage.sh (AWS Price List mirror)
2026-07-20,AWS,us-west-2,g7.2xlarge,NVIDIA RTX PRO 4500 Blackwell,1.0,ondemand,2.52,2.52,instances.vantage.sh (AWS Price List mirror)
2026-07-20,AWS,us-west-2,g7.2xlarge,NVIDIA RTX PRO 4500 Blackwell,1.0,spot,0.796175,0.796175,instances.vantage.sh (AWS Price List mirror)
2026-07-20,AWS,us-west-2,g7.48xlarge,NVIDIA RTX PRO 4500 Blackwell,8.0,ondemand,28.51328,3.56416,instances.vantage.sh (AWS Price List mirror)
2026-07-20,AWS,us-west-2,g7.48xlarge,NVIDIA RTX PRO 4500 Blackwell,8.0,spot,4.199875,0.524984375,instances.vantage.sh (AWS Price List mirror)
2026-07-20,AWS,us-west-2,g7.4xlarge,NVIDIA RTX PRO 4500 Blackwell,1.0,ondemand,3.04208,3.04208,instances.vantage.sh (AWS Price List mirror)
2026-07-20,AWS,us-west-2,g7.4xlarge,NVIDIA RTX PRO 4500 Blackwell,1.0,spot,0.9301,0.9301,instances.vantage.sh (AWS Price List mirror)
2026-07-20,AWS,us-west-2,g7.8xlarge,NVIDIA RTX PRO 4500 Blackwell,1.0,ondemand,4.08624,4.08624,instances.vantage.sh (AWS Price List mirror)
2026-07-20,AWS,us-west-2,g7.8xlarge,NVIDIA RTX PRO 4500 Blackwell,1.0,spot,0.977975,0.977975,instances.vantage.sh (AWS Price List mirror)
2026-07-20,AWS,us-west-2,g7e.12xlarge,NVIDIA GB202,2.0,ondemand,8.28608,4.14304,instances.vantage.sh (AWS Price List mirror)
2026-07-20,AWS,us-west-2,g7e.12xlarge,NVIDIA GB202,2.0,spot,4.576375,2.2881875,instances.vantage.sh (AWS Price List mirror)
2026-07-20,AWS,us-west-2,g7e.24xlarge,NVIDIA GB202,4.0,ondemand,16.57216,4.14304,instances.vantage.sh (AWS Price List mirror)
2026-07-20,AWS,us-west-2,g7e.24xlarge,NVIDIA GB202,4.0,spot,11.2025,2.800625,instances.vantage.sh (AWS Price List mirror)
2026-07-20,AWS,us-west-2,g7e.2xlarge,NVIDIA GB202,1.0,ondemand,3.36312,3.36312,instances.vantage.sh (AWS Price List mirror)
2026-07-20,AWS,us-west-2,g7e.2xlarge,NVIDIA GB202,1.0,spot,2.42355,2.42355,instances.vantage.sh (AWS Price List mirror)
2026-07-20,AWS,us-west-2,g7e.48xlarge,NVIDIA GB202,8.0,ondemand,33.14432,4.14304,instances.vantage.sh (AWS Price List mirror)
2026-07-20,AWS,us-west-2,g7e.48xlarge,NVIDIA GB202,8.0,spot,23.786,2.97325,instances.vantage.sh (AWS Price List mirror)
2026-07-20,AWS,us-west-2,g7e.4xlarge,NVIDIA GB202,1.0,ondemand,3.99816,3.99816,instances.vantage.sh (AWS Price List mirror)
2026-07-20,AWS,us-west-2,g7e.4xlarge,NVIDIA GB202,1.0,spot,2.558925,2.558925,instances.vantage.sh (AWS Price List mirror)
2026-07-20,AWS,us-west-2,g7e.8xlarge,NVIDIA GB202,1.0,ondemand,5.26824,5.26824,instances.vantage.sh (AWS Price List mirror)
2026-07-20,AWS,us-west-2,g7e.8xlarge,NVIDIA GB202,1.0,spot,3.05845,3.05845,instances.vantage.sh (AWS Price List mirror)
2026-07-20,AWS,us-west-2,gr6.4xlarge,L4,1.0,ondemand,1.5392,1.5392,instances.vantage.sh (AWS Price List mirror)
2026-07-20,AWS,us-west-2,gr6.4xlarge,L4,1.0,spot,0.57015,0.57015,instances.vantage.sh (AWS Price List mirror)
2026-07-20,AWS,us-west-2,gr6.8xlarge,L4,1.0,ondemand,2.4464,2.4464,instances.vantage.sh (AWS Price List mirror)
2026-07-20,AWS,us-west-2,gr6.8xlarge,L4,1.0,spot,0.885925,0.885925,instances.vantage.sh (AWS Price List mirror)
2026-07-20,AWS,us-west-2,gr6f.4xlarge,L4,0.5,ondemand,1.066,2.132,instances.vantage.sh (AWS Price List mirror)
2026-07-20,AWS,us-west-2,gr6f.4xlarge,L4,0.5,spot,0.368075,0.73615,instances.vantage.sh (AWS Price List mirror)
2026-07-20,AWS,us-west-2,p2.16xlarge,K80,16.0,ondemand,14.4,0.9,instances.vantage.sh (AWS Price List mirror)
2026-07-20,AWS,us-west-2,p2.8xlarge,K80,8.0,ondemand,7.2,0.9,instances.vantage.sh (AWS Price List mirror)
2026-07-20,AWS,us-west-2,p2.xlarge,K80,1.0,ondemand,0.9,0.9,instances.vantage.sh (AWS Price List mirror)
2026-07-20,AWS,us-west-2,p3.16xlarge,V100,8.0,ondemand,24.48,3.06,instances.vantage.sh (AWS Price List mirror)
2026-07-20,AWS,us-west-2,p3.16xlarge,V100,8.0,spot,13.117033,1.639629125,instances.vantage.sh (AWS Price List mirror)
2026-07-20,AWS,us-west-2,p3.2xlarge,V100,1.0,ondemand,3.06,3.06,instances.vantage.sh (AWS Price List mirror)
2026-07-20,AWS,us-west-2,p3.2xlarge,V100,1.0,spot,0.7914,0.7914,instances.vantage.sh (AWS Price List mirror)
2026-07-20,AWS,us-west-2,p3.8xlarge,V100,4.0,ondemand,12.24,3.06,instances.vantage.sh (AWS Price List mirror)
2026-07-20,AWS,us-west-2,p3.8xlarge,V100,4.0,spot,5.321133,1.33028325,instances.vantage.sh (AWS Price List mirror)
2026-07-20,AWS,us-west-2,p3dn.24xlarge,V100,8.0,ondemand,31.212,3.9015,instances.vantage.sh (AWS Price List mirror)
2026-07-20,AWS,us-west-2,p3dn.24xlarge,V100,8.0,spot,6.30565,0.78820625,instances.vantage.sh (AWS Price List mirror)
2026-07-20,AWS,us-west-2,p4d.24xlarge,A100,8.0,ondemand,21.95764,2.744705,instances.vantage.sh (AWS Price List mirror)
2026-07-20,AWS,us-west-2,p4d.24xlarge,A100,8.0,spot,16.65135,2.08141875,instances.vantage.sh (AWS Price List mirror)
2026-07-20,AWS,us-west-2,p4de.24xlarge,A100,8.0,ondemand,27.44705,3.43088125,instances.vantage.sh (AWS Price List mirror)
2026-07-20,AWS,us-west-2,p4de.24xlarge,A100,8.0,spot,20.7618,2.595225,instances.vantage.sh (AWS Price List mirror)
2026-07-20,AWS,us-west-2,p5.48xlarge,H100,8.0,ondemand,55.04,6.88,instances.vantage.sh (AWS Price List mirror)
2026-07-20,AWS,us-west-2,p5.48xlarge,H100,8.0,spot,20.307375,2.538421875,instances.vantage.sh (AWS Price List mirror)
2026-07-20,AWS,us-west-2,p5.4xlarge,H100,1.0,ondemand,6.88,6.88,instances.vantage.sh (AWS Price List mirror)
2026-07-20,AWS,us-west-2,p5.4xlarge,H100,1.0,spot,2.6295,2.6295,instances.vantage.sh (AWS Price List mirror)
2026-07-20,AWS,us-west-2,p5en.48xlarge,H200,8.0,ondemand,63.296,7.912,instances.vantage.sh (AWS Price List mirror)
2026-07-20,AWS,us-west-2,p5en.48xlarge,H200,8.0,spot,26.3099,3.2887375,instances.vantage.sh (AWS Price List mirror)
2026-07-20,AWS,us-west-2,p6-b200.48xlarge,B200,8.0,ondemand,113.9328,14.2416,instances.vantage.sh (AWS Price List mirror)
2026-07-20,AWS,us-west-2,p6-b200.48xlarge,B200,8.0,spot,40.3122,5.039025,instances.vantage.sh (AWS Price List mirror)
2026-07-20,AWS,us-west-2,p6-b300.48xlarge,NVIDIA B300,8.0,ondemand,142.416,17.802,instances.vantage.sh (AWS Price List mirror)
2026-07-20,AWS,us-west-2,p6-b300.48xlarge,NVIDIA B300,8.0,spot,43.4369,5.4296125,instances.vantage.sh (AWS Price List mirror)
2026-07-20,AWS,us-west-2-den-1,g4dn.2xlarge,T4,1.0,ondemand,1.015,1.015,instances.vantage.sh (AWS Price List mirror)
2026-07-20,AWS,us-west-2-den-1,g4dn.4xlarge,T4,1.0,ondemand,1.625,1.625,instances.vantage.sh (AWS Price List mirror)
2026-07-20,AWS,us-west-2-hnl-1,g4dn.2xlarge,T4,1.0,ondemand,1.241,1.241,instances.vantage.sh (AWS Price List mirror)
2026-07-20,AWS,us-west-2-hnl-1,g4dn.4xlarge,T4,1.0,ondemand,1.987,1.987,instances.vantage.sh (AWS Price List mirror)
2026-07-20,AWS,us-west-2-las-1,g4dn.2xlarge,T4,1.0,ondemand,1.015,1.015,instances.vantage.sh (AWS Price List mirror)
2026-07-20,AWS,us-west-2-lax-1,g4dn.12xlarge,T4,4.0,ondemand,4.694,1.1735,instances.vantage.sh (AWS Price List mirror)
2026-07-20,AWS,us-west-2-lax-1,g4dn.16xlarge,T4,1.0,ondemand,5.222,5.222,instances.vantage.sh (AWS Price List mirror)
2026-07-20,AWS,us-west-2-lax-1,g4dn.2xlarge,T4,1.0,ondemand,0.902,0.902,instances.vantage.sh (AWS Price List mirror)
2026-07-20,AWS,us-west-2-lax-1,g4dn.4xlarge,T4,1.0,ondemand,1.445,1.445,instances.vantage.sh (AWS Price List mirror)
2026-07-20,AWS,us-west-2-lax-1,g4dn.8xlarge,T4,1.0,ondemand,2.611,2.611,instances.vantage.sh (AWS Price List mirror)
2026-07-20,AWS,us-west-2-lax-1,g4dn.metal,T4,8.0,ondemand,9.389,1.173625,instances.vantage.sh (AWS Price List mirror)
2026-07-20,AWS,us-west-2-lax-1,g4dn.xlarge,T4,1.0,ondemand,0.631,0.631,instances.vantage.sh (AWS Price List mirror)
2026-07-20,AWS,us-west-2-lax-1,g5.4xlarge,A10G,1.0,ondemand,2.23098,2.23098,instances.vantage.sh (AWS Price List mirror)
2026-07-20,AWS,us-west-2-lax-1,g5.8xlarge,A10G,1.0,ondemand,3.36296,3.36296,instances.vantage.sh (AWS Price List mirror)
2026-07-20,AWS,us-west-2-lax-1,g7e.4xlarge,NVIDIA GB202,1.0,ondemand,5.35803,5.35803,instances.vantage.sh (AWS Price List mirror)
2026-07-20,AWS,us-west-2-lax-1,g7e.8xlarge,NVIDIA GB202,1.0,ondemand,7.0601,7.0601,instances.vantage.sh (AWS Price List mirror)
2026-07-20,AWS,us-west-2-pdx-1,g4dn.2xlarge,T4,1.0,ondemand,1.015,1.015,instances.vantage.sh (AWS Price List mirror)
2026-07-20,AWS,us-west-2-phx-1,g4dn.2xlarge,T4,1.0,ondemand,1.015,1.015,instances.vantage.sh (AWS Price List mirror)
2026-07-20,AWS,us-west-2-phx-1,g4dn.4xlarge,T4,1.0,ondemand,1.625,1.625,instances.vantage.sh (AWS Price List mirror)
2026-07-20,AWS,us-west-2-sea-1,g4dn.2xlarge,T4,1.0,ondemand,1.015,1.015,instances.vantage.sh (AWS Price List mirror)
2026-07-20,AWS,us-west-2-wl1,g4dn.2xlarge,T4,1.0,ondemand,1.317,1.317,instances.vantage.sh (AWS Price List mirror)
2026-07-20,AWS,us-west-2-wl1-den1,g4dn.2xlarge,T4,1.0,ondemand,1.317,1.317,instances.vantage.sh (AWS Price List mirror)
2026-07-20,AWS,us-west-2-wl1-las1,g4dn.2xlarge,T4,1.0,ondemand,1.317,1.317,instances.vantage.sh (AWS Price List mirror)
2026-07-20,AWS,us-west-2-wl1-lax1,g4dn.2xlarge,T4,1.0,ondemand,1.317,1.317,instances.vantage.sh (AWS Price List mirror)
2026-07-20,AWS,us-west-2-wl1-phx1,g4dn.2xlarge,T4,1.0,ondemand,1.317,1.317,instances.vantage.sh (AWS Price List mirror)
2026-07-20,AWS,us-west-2-wl1-sea1,g4dn.2xlarge,T4,1.0,ondemand,1.317,1.317,instances.vantage.sh (AWS Price List mirror)
